Hora_decimal,P_3f,Q_3f
0.0,1.901,-0.1879
0.25,1.812,-0.305
0.5,1.759,-0.3379999999999999
0.75,1.822,-0.313
1.0,1.741,-0.352
1.25,1.814,-0.3161
1.5,1.826,-0.2515
1.75,1.823,-0.299
2.0,1.82,-0.294
2.25,1.756,-0.35
2.5,1.84,-0.2892
2.75,1.72,-0.39
3.0,1.91,-0.2093
3.25,1.731,-0.38
3.5,1.78,-0.359
3.75,1.836,-0.288
4.0,1.77,-0.35
4.25,1.858,-0.27
4.5,1.787,-0.314
4.75,1.894,-0.2224
5.0,1.681,-0.42
5.25,1.745,-0.358
5.5,1.778,-0.329
5.75,1.736,-0.369
6.0,1.868,-0.2629
6.25,1.821,-0.2496
6.5,1.833,-0.2978
6.75,1.72,-0.378
7.0,1.781,-0.342
7.25,1.802,-0.316
7.5,1.759,-0.3379999999999999
7.75,1.881,-0.2301
8.0,1.813,-0.249
8.25,1.818,-0.3189
8.5,1.717,-0.395
8.75,1.79,-0.3485
9.0,1.7959999999999998,-0.332
9.25,1.766,-0.3349999999999999
9.5,1.955,-0.126
9.75,1.759,-0.3289999999999999
10.0,1.84,-0.2906
10.25,1.702,-0.4
10.5,1.792,-0.3268
10.75,1.815,-0.3092
11.0,1.826,-0.263
11.25,1.886,-0.2157
11.5,1.747,-0.35
11.75,1.848,-0.2885
12.0,1.704,-0.4
12.25,1.772,-0.345
12.5,1.764,-0.323
12.75,1.803,-0.288
13.0,1.849,-0.28
13.25,1.747,-0.35
13.5,1.861,-0.2714
13.75,1.726,-0.38
14.0,1.8010000000000002,-0.3236
14.25,1.803,-0.281
14.5,1.716,-0.393
14.75,1.827,-0.3
15.0,1.73,-0.36
15.25,1.832,-0.285
15.5,1.752,-0.3299999999999999
15.75,1.866,-0.2784999999999999
16.0,1.717,-0.387
16.25,1.731,-0.382
16.5,1.714,-0.39
16.75,1.747,-0.36
17.0,1.905,-0.202
17.25,1.786,-0.291
17.5,1.812,-0.30379
17.75,1.691,-0.396
18.0,1.6880000000000002,-0.397
18.25,1.737,-0.363
18.5,1.751,-0.322
18.75,1.878,-0.2241
19.0,1.726,-0.35
19.25,1.804,-0.29
19.5,1.715,-0.361
19.75,1.713,-0.384
20.0,1.793,-0.288
20.25,1.722,-0.3409999999999999
20.5,1.794,-0.33
20.75,1.722,-0.37
21.0,1.809,-0.306
21.25,1.735,-0.34
21.5,1.796,-0.287
21.75,1.835,-0.27353
22.0,1.717,-0.38
22.25,1.848,-0.3
22.5,1.734,-0.37
22.75,1.853,-0.2757
23.0,1.792,-0.302
23.25,1.873,-0.228
23.5,1.816,-0.339643
23.75,1.7639999999999998,-0.43
24.0,1.878,-0.233
24.25,1.727,-0.379
24.5,1.957,-0.1898
24.75,1.846,-0.246
25.0,1.797,-0.312
25.25,1.831,-0.2843
25.5,1.739,-0.38
25.75,1.819,-0.3154
26.0,1.757,-0.331
26.25,1.851,-0.2644
26.5,1.775,-0.346
26.75,1.807,-0.3
27.0,1.82,-0.297
27.25,1.759,-0.35
27.5,1.865,-0.2589
27.75,1.738,-0.347
28.0,1.783,-0.34625
28.25,1.721,-0.399
28.5,1.802,-0.322
28.75,1.838,-0.27792
29.0,1.774,-0.3199999999999999
29.25,1.965,-0.1341
29.5,1.767,-0.3259999999999999
29.75,1.817,-0.3131
30.0,1.737,-0.37
30.25,1.744,-0.367
30.5,1.826,-0.3115799999999999
30.75,2.705,0.1822
31.0,2.019,-0.2918
31.25,2.1,-0.41
31.5,2.203,-0.3468
31.75,3.850000000000001,-0.52
32.0,5.37,-0.0182
32.25,5.74,0.4543999999999999
32.5,5.34,-0.0204
32.75,5.460000000000001,0.088
33.0,5.51,0.176
33.25,5.01,-0.235
33.5,5.25,-0.4838
33.75,6.550000000000001,-0.27
34.0,6.7,0.038
34.25,6.24,-0.148
34.5,6.159999999999999,-0.0509999999999999
34.75,5.739999999999999,-0.6000000000000001
35.0,6.25,-0.555
35.25,7.18,-0.62
35.5,7.15,-0.7
35.75,7.17,-0.7
36.0,8.01,-0.252
36.25,7.689999999999999,-0.51
36.5,6.369999999999999,-0.41
36.75,5.69,-0.72
37.0,5.15,-0.74
37.25,4.38,-0.74
37.5,3.4690000000000003,-0.5800000000000001
37.75,2.549,-0.532
38.0,2.636,-0.433
38.25,2.578,-0.49
38.5,2.531,-0.53
38.75,2.676,-0.434
39.0,3.129,-0.73
39.25,4.609999999999999,-1.04
39.5,4.49,-1.17
39.75,4.4,-1.26
40.0,4.550000000000001,-1.14
40.25,3.4,-0.72
40.5,2.667,-0.446
40.75,2.708,-0.436
41.0,2.587,-0.52
41.25,2.644,-0.49
41.5,2.591,-0.54
41.75,2.699,-0.438
42.0,2.708,-0.455
42.25,2.618,-0.52
42.5,2.662,-0.49
42.75,2.722,-0.4419999999999999
43.0,2.682,-0.431
43.25,2.728,-0.418
43.5,2.611,-0.53
43.75,2.553,-0.5700000000000001
44.0,2.672,-0.487
44.25,2.6,-0.52
44.5,2.652,-0.445
44.75,2.675,-0.472
45.0,2.5780000000000003,-0.54
45.25,2.678,-0.48
45.5,2.683,-0.49
45.75,2.682,-0.47
46.0,2.86,-0.368
46.25,2.587,-0.54
46.5,1.521,-0.344
46.75,1.593,-0.25
47.0,1.483,-0.3299999999999999
47.25,1.7039999999999995,-0.1463
47.5,1.5619999999999998,-0.263
47.75,1.436,-0.4
48.0,1.557,-0.305
48.25,1.4420000000000002,-0.384
48.5,1.525,-0.327
48.75,1.6749999999999998,-0.151
49.0,1.511,-0.318
49.25,1.617,-0.235
49.5,1.517,-0.311
49.75,1.5100000000000002,-0.325
50.0,1.577,-0.276565
50.25,1.564,-0.238
50.5,1.633,-0.21
50.75,1.5219999999999998,-0.309
51.0,1.501,-0.3249999999999999
51.25,1.636,-0.30769
51.5,1.519,-0.284
51.75,1.661,-0.1531
52.0,1.498,-0.3369999999999999
52.25,1.4380000000000002,-0.398
52.5,1.575,-0.2885999999999999
52.75,1.507,-0.316
53.0,1.549,-0.283
53.25,1.642,-0.1695
53.5,1.503,-0.297
53.75,1.618,-0.2342
54.0,1.4620000000000002,-0.351
54.25,1.478,-0.336
54.5,1.5710000000000002,-0.27752
54.75,2.121,-0.0957
55.0,1.944,-0.2529
55.25,1.801,-0.378
55.5,2.741,0.1052
55.75,6.66,0.542
56.0,5.859999999999999,0.115
56.25,6.13,0.3807
56.5,5.95,0.2288
56.75,6.8100000000000005,0.449
57.0,8.42,0.7889999999999999
57.25,6.08,0.1096999999999999
57.5,6.470000000000001,0.3797999999999999
57.75,6.01,0.0619299999999999
58.0,6.35,0.3399999999999999
58.25,6.029999999999999,0.05129
58.5,6.42,0.1872
58.75,7.49,0.4276
59.0,6.38,0.213
59.25,6.91,0.4853
59.5,7.870000000000001,0.5524
59.75,8.649999999999999,0.589
60.0,6.800000000000001,0.1348
60.25,6.27,0.175
60.5,6.879999999999999,1.041
60.75,6.33,0.492
61.0,6.62,0.736
61.25,5.9,0.2445
61.5,4.3100000000000005,0.1682
61.75,2.109,-0.49
62.0,1.869,-0.3419999999999999
62.25,1.817,-0.386
62.5,1.888,-0.288
62.75,2.0460000000000003,-0.145
63.0,1.915,-0.2263
63.25,3.015,-0.308
63.5,4.08,-0.505
63.75,3.968,-0.56
64.0,2.508,-0.252
64.25,1.883,-0.26538
64.5,1.971,-0.2171
64.75,1.866,-0.3359999999999999
65.0,1.819,-0.355
65.25,1.946,-0.2653
65.5,1.811,-0.36
65.75,1.89,-0.3124
66.0,1.824,-0.372
66.25,1.77,-0.41
66.5,1.7600000000000002,-0.266
66.75,1.529,-0.3269999999999999
67.0,1.6110000000000002,-0.257
67.25,1.626,-0.236
67.5,1.542,-0.3
67.75,1.664,-0.215
68.0,1.493,-0.354
68.25,1.507,-0.3429999999999999
68.5,1.583,-0.2944
68.75,1.482,-0.367
69.0,1.632,-0.2515
69.25,1.59,-0.263
69.5,1.544,-0.309
69.75,1.6670000000000005,-0.2193
70.0,1.53,-0.317
70.25,1.592,-0.28178
70.5,1.558,-0.302
70.75,1.508,-0.341
71.0,1.687,-0.205
71.25,1.627,-0.197
71.5,1.621,-0.256
71.75,1.6030000000000002,-0.258
72.0,1.534,-0.325
72.25,1.67,-0.2459
72.5,1.599,-0.2423
72.75,1.586,-0.298
73.0,1.667,-0.2318
73.25,1.538,-0.3199999999999999
73.5,1.7240000000000002,-0.1639999999999999
73.75,1.642,-0.2339999999999999
74.0,1.61,-0.263
74.25,1.629,-0.27152
74.5,1.522,-0.334
74.75,1.658,-0.2294
75.0,1.654,-0.246
75.25,1.703,-0.1409
75.5,1.689,-0.1863
75.75,1.589,-0.268
76.0,1.663,-0.225
76.25,1.553,-0.31
76.5,1.574,-0.295
76.75,1.749,-0.109
77.0,1.593,-0.271
77.25,1.68,-0.21
77.5,1.5739999999999998,-0.282
77.75,1.575,-0.293
78.0,1.622,-0.2563
78.25,1.522,-0.333
78.5,1.723,-0.124
78.75,1.6880000000000002,-0.249
79.0,1.597,-0.249
79.25,1.636,-0.21
79.5,1.581,-0.265
79.75,1.632,-0.242
80.0,1.531,-0.322
80.25,1.543,-0.309
80.5,1.749,-0.0924
80.75,1.605,-0.249
81.0,1.702,-0.1825
81.25,1.573,-0.269
81.5,1.616,-0.245
81.75,1.597,-0.276
82.0,1.528,-0.329
82.25,1.7439999999999998,-0.1115
82.5,1.561,-0.3
82.75,1.653,-0.217
83.0,1.625,-0.233
83.25,1.574,-0.272
83.5,1.653,-0.2263
83.75,1.566,-0.28
84.0,1.705,-0.1592
84.25,1.565,-0.3
84.5,1.612,-0.269
84.75,1.7040000000000002,-0.1810999999999999
85.0,1.556,-0.302
85.25,1.6990000000000005,-0.1744
85.5,1.603,-0.2271
85.75,1.6110000000000002,-0.2566
86.0,1.5910000000000002,-0.274
86.25,1.5510000000000002,-0.307
86.5,1.685,-0.187
86.75,1.557,-0.296
87.0,1.694,-0.1685
87.25,1.625,-0.2239999999999999
87.5,1.5,-0.349
87.75,1.633,-0.258
88.0,1.502,-0.362
88.25,1.6070000000000002,-0.2764999999999999
88.5,1.592,-0.255
88.75,1.633,-0.1866
89.0,1.616,-0.2428
89.25,1.507,-0.322
89.5,1.594,-0.2759
89.75,1.479,-0.35
90.0,1.491,-0.346
90.25,1.628,-0.1887
90.5,1.552,-0.304
90.75,1.661,-0.2203
91.0,1.54,-0.314
91.25,1.631,-0.255
91.5,1.561,-0.289
91.75,1.5749999999999995,-0.24886
92.0,1.576,-0.292
92.25,1.534,-0.328
92.5,1.67,-0.2183
92.75,1.548,-0.302
93.0,1.661,-0.21439
93.25,1.6109999999999998,-0.2251
93.5,1.5510000000000002,-0.316
93.75,1.598,-0.28441
94.0,1.508,-0.353
94.25,1.659,-0.243
94.5,1.55,-0.308
94.75,1.753,-0.1017
95.0,1.554,-0.302
95.25,1.624,-0.256
95.5,1.549,-0.314
95.75,1.532,-0.344
96.0,1.5510000000000002,-0.32
96.25,1.701,-0.1520999999999999
96.5,1.577,-0.269
96.75,1.634,-0.241
97.0,1.58,-0.284
97.25,1.608,-0.28
97.5,1.5379999999999998,-0.328
97.75,1.669,-0.1847
98.0,1.554,-0.313
98.25,1.667,-0.215
98.5,1.57,-0.281
98.75,1.657,-0.2221999999999999
99.0,1.53,-0.325
99.25,1.646,-0.23017
99.5,1.585,-0.26036
99.75,1.618,-0.2884
100.0,1.58,-0.297
100.25,1.67,-0.2212
100.5,1.574,-0.287
100.75,1.629,-0.248
101.0,1.603,-0.2299999999999999
101.25,1.652,-0.2228
101.5,1.5550000000000002,-0.284
101.75,1.662,-0.22
102.0,1.56,-0.284
102.25,1.65,-0.187
102.5,1.554,-0.297
102.75,1.701,-0.1476
103.0,1.538,-0.329
103.25,1.614,-0.2698
103.5,1.531,-0.327
103.75,1.6700000000000002,-0.2148
104.0,1.572,-0.282
104.25,1.7110000000000003,-0.1532
104.5,1.577,-0.275
104.75,1.618,-0.26476
105.0,1.5459999999999998,-0.316
105.25,1.61,-0.268
105.5,1.622,-0.261
105.75,1.6869999999999998,-0.206
106.0,1.69,-0.1533
106.25,1.568,-0.309
106.5,1.6310000000000002,-0.338
106.75,1.549,-0.307
107.0,1.668,-0.1924
107.25,1.624,-0.2219999999999999
107.5,1.744,-0.1041999999999999
107.75,1.561,-0.286
108.0,1.5830000000000002,-0.288
108.25,1.519,-0.342
108.5,1.624,-0.2546
108.75,1.531,-0.322
109.0,1.753,-0.0871999999999999
109.25,1.618,-0.2289999999999999
109.5,1.62,-0.244
109.75,1.598,-0.261
110.0,1.56,-0.303
110.25,1.577,-0.295
110.5,1.5710000000000002,-0.268
110.75,1.6860000000000002,-0.1848
111.0,1.5670000000000002,-0.279
111.25,1.682,-0.2047999999999999
111.5,1.5510000000000002,-0.299
111.75,1.638,-0.2475
112.0,1.542,-0.309
112.25,1.661,-0.1984999999999999
112.5,1.5219999999999998,-0.3429999999999999
112.75,1.553,-0.322
113.0,1.602,-0.259
113.25,1.522,-0.312
113.5,1.6309999999999998,-0.222
113.75,1.523,-0.306
114.0,1.593,-0.2809999999999999
114.25,1.488,-0.344
114.5,1.5659999999999998,-0.2949299999999999
114.75,1.548,-0.295
115.0,1.708,-0.12848
115.25,1.646,-0.1791
115.5,1.513,-0.316
115.75,1.5699999999999998,-0.294
116.0,1.442,-0.38
116.25,1.5499999999999998,-0.2952
116.5,1.463,-0.352
116.75,1.6999999999999995,-0.1292
117.0,1.535,-0.29
117.25,1.5470000000000002,-0.287
117.5,1.573,-0.2692
117.75,1.467,-0.358
118.0,1.581,-0.2855999999999999
118.25,1.536,-0.2616699999999999
118.5,1.5630000000000002,-0.3
118.75,1.521,-0.32
119.0,1.586,-0.272
119.25,1.533,-0.315
119.5,1.564,-0.278
119.75,1.626,-0.21137
120.0,1.535,-0.292
120.25,1.605,-0.275
120.5,1.522,-0.3389999999999999
120.75,1.711,-0.1824
121.0,1.54,-0.311
121.25,1.6550000000000002,-0.209
121.5,1.593,-0.243
121.75,1.5259999999999998,-0.3389999999999999
122.0,1.581,-0.304
122.25,1.501,-0.351
122.5,1.652,-0.2465999999999999
122.75,1.576,-0.285
123.0,1.7320000000000002,-0.1464
123.25,1.5670000000000002,-0.286
123.5,1.549,-0.311
123.75,1.5339999999999998,-0.3279999999999999
124.0,1.483,-0.361
124.25,1.5779999999999998,-0.2885
124.5,1.61,-0.21238
124.75,1.657,-0.2289
125.0,1.527,-0.319
125.25,1.536,-0.31
125.5,1.529,-0.3329999999999999
125.75,1.525,-0.3329999999999999
126.0,1.628,-0.236
126.25,1.633,-0.1846999999999999
126.5,1.653,-0.2275
126.75,1.963,-0.3
127.0,1.73,-0.2406
127.25,1.813,-0.41
127.5,1.916,-0.344
127.75,3.66,-0.2478
128.0,5.220000000000001,-0.161
128.25,5.55,0.071
128.5,6.55,0.3353699999999999
128.75,7.41,0.8875500000000001
129.0,8.73,1.0287
129.25,8.31,0.7751
129.5,8.25,0.279
129.75,8.71,0.07
130.0,8.66,0.6053999999999999
130.25,9.39,0.6
130.5,9.56,0.85
130.75,8.84,0.837
131.0,10.36,1.6270000000000002
131.25,8.41,0.114
131.5,8.99,1.293
131.75,7.49,0.1409
132.0,8.14,0.5543
132.25,6.35,-0.218
132.5,7.21,0.6319999999999999
132.75,6.5,0.00458
133.0,7.18,0.2309999999999999
133.25,7.56,0.2024
133.5,7.51,0.239
133.75,5.5,-0.144
134.0,6.14,-0.104
134.25,8.01,-0.0511
134.5,10.45,-0.145
134.75,10.59,-0.029
135.0,8.72,-0.266
135.25,8.2,-0.095
135.5,7.83,-0.0279999999999999
135.75,6.74,0.142
136.0,5.049,-0.02
136.25,4.883,0.098
136.5,5.175,-0.0469999999999999
136.75,5.845000000000001,0.1047
137.0,4.114,0.0092999999999999
137.25,2.396,-0.2773
137.5,2.435,-0.2122
137.75,2.476,-0.1935
138.0,2.759,-0.2012
138.25,3.348,-0.0409999999999999
138.5,2.516,-0.2843
138.75,2.295,-0.3572
139.0,2.373,-0.1061
139.25,2.141,-0.2646
139.5,2.303,-0.145
139.75,2.176,-0.22
140.0,2.204,-0.205
140.25,2.204,-0.2029999999999999
140.5,2.1630000000000003,-0.203
140.75,2.237,-0.174
141.0,2.0890000000000004,-0.2867
141.25,2.246,-0.179
141.5,2.188,-0.2041
141.75,2.148,-0.245
142.0,2.287,-0.092
142.25,2.125,-0.2452
142.5,2.212,-0.188
142.75,2.09,-0.29
143.0,2.165,-0.2318
143.25,2.194,-0.2037999999999999
143.5,2.306,-0.0968199999999999
143.75,2.302,-0.0699999999999999
144.0,2.105,-0.26
144.25,2.043,-0.2337
144.5,1.9690000000000003,-0.2875
144.75,2.135,-0.245
145.0,2.006,-0.2326
145.25,2.041,-0.1383
145.5,2.256,-0.1379999999999999
145.75,1.874,-0.27696
146.0,2.137,-0.181
146.25,2.128,-0.2385
146.5,1.743,-0.29259
146.75,2.273,-0.085
147.0,1.899,-0.23062
147.25,2.063,-0.1636
147.5,2.094,-0.2154
147.75,1.857,-0.2477
148.0,2.114,-0.2471
148.25,1.655,-0.319
148.5,2.184,-0.1609999999999999
148.75,1.719,-0.289
149.0,2.272,-0.123
149.25,1.798,-0.273
149.5,2.097,-0.1872
149.75,1.869,-0.2757
150.0,1.891,-0.2518
150.25,2.039,-0.152
150.5,1.754,-0.304
150.75,3.193,0.2737
151.0,1.839,-0.33
151.25,2.625,-0.2668
151.5,2.4570000000000003,-0.409
151.75,6.05,0.0175
152.0,6.65,0.1054
152.25,6.93,0.2193
152.5,7.77,-0.035
152.75,8.76,0.2061
153.0,8.52,0.7168
153.25,7.08,-0.162
153.5,8.44,0.6851
153.75,8.45,0.736
154.0,8.260000000000002,0.624
154.25,8.39,0.5158
154.5,10.05,1.199
154.75,9.02,0.3547999999999999
155.0,10.31,0.1087
155.25,10.96,0.4179999999999999
155.5,10.64,0.284
155.75,7.79,-0.49
156.0,6.67,-0.46
156.25,6.89,-0.209
156.5,6.63,0.1864
156.75,6.359999999999999,0.016
157.0,6.119999999999999,-0.2031
157.25,7.03,-0.1247
157.5,4.449999999999999,-0.1979
157.75,3.883,-0.186
158.0,4.286,-0.1535
158.25,4.25,-0.295
158.5,4.9,-0.0844
158.75,4.33,-0.35
159.0,4.52,-0.3309999999999999
159.25,4.699999999999999,-0.42
159.5,4.65,-0.369
159.75,4.53,-0.347
160.0,5.0,-0.1813999999999999
160.25,5.55,-0.118
160.5,4.607,-0.35333
160.75,4.244,-0.294
161.0,4.397,-0.3057999999999999
161.25,3.65,-0.369
161.5,2.763,-0.42
161.75,2.707,-0.396
162.0,2.764,-0.38
162.25,2.851,-0.42
162.5,3.839,-0.0716
162.75,2.753,-0.39
163.0,2.686,-0.303
163.25,2.172,-0.47
163.5,2.14,-0.367
163.75,2.106,-0.386
164.0,2.0860000000000003,-0.417
164.25,2.13,-0.389
164.5,1.993,-0.48
164.75,2.133,-0.404
165.0,2.092,-0.3493
165.25,2.178,-0.345
165.5,2.112,-0.398
165.75,2.162,-0.3429999999999999
166.0,2.145,-0.373
166.25,2.025,-0.433
166.5,1.775,-0.1703
166.75,1.5759999999999998,-0.354
167.0,1.6840000000000002,-0.277
167.25,1.66,-0.293
167.5,1.676,-0.283
167.75,1.79,-0.18233
168.0,1.655,-0.2835999999999999
168.25,1.713,-0.269
168.5,1.605,-0.336
168.75,1.681,-0.283
169.0,1.658,-0.304
169.25,1.753,-0.1727
169.5,1.785,-0.198
169.75,1.674,-0.283
170.0,1.712,-0.253
170.25,1.618,-0.345
170.5,1.69,-0.29
170.75,1.811,-0.128
171.0,1.686,-0.284
171.25,1.754,-0.214
171.5,1.689,-0.255
171.75,1.736,-0.249
172.0,1.641,-0.314
172.25,1.7759999999999998,-0.1636
172.5,1.6889999999999998,-0.288
172.75,1.6760000000000002,-0.2739999999999999
173.0,1.752,-0.21
173.25,1.673,-0.2729999999999999
173.5,1.7280000000000002,-0.252
173.75,1.69,-0.2335
174.0,1.69,-0.2416
174.25,1.658,-0.289
174.5,1.646,-0.286
174.75,2.891,0.2326
175.0,1.693,-0.287
175.25,1.86,-0.262
175.5,2.31,0.1101
175.75,4.23,-0.59
176.0,5.699999999999999,0.05437
176.25,4.96,-0.64
176.5,8.07,-0.8200000000000001
176.75,11.66,-0.69
177.0,9.43,-0.7858999999999999
177.25,11.11,-0.309
177.5,13.05,0.886
177.75,11.82,0.603
178.0,13.48,0.58
178.25,11.5,0.645
178.5,11.8,0.8834
178.75,10.54,0.622
179.0,9.97,0.263
179.25,9.84,0.1369
179.5,9.28,-0.0519
179.75,9.13,0.6439999999999999
180.0,9.57,1.13
180.25,8.93,0.2368
180.5,22.28,6.7
180.75,32.5,11.58
181.0,27.83,9.51
181.25,25.71,8.08
181.5,27.34,9.26
181.75,27.39,9.27
182.0,30.03,10.76
182.25,26.01,8.21
182.5,26.51,8.920000000000002
182.75,25.51,8.16
183.0,27.950000000000003,9.42
183.25,28.46,9.28
183.5,29.24,8.92
183.75,28.75,8.8
184.0,16.9,4.64
184.25,6.609999999999999,0.6960000000000001
184.5,6.521,0.068
184.75,5.484,-0.0572
185.0,4.694,-0.229
185.25,5.48,0.0489999999999999
185.5,5.029999999999999,0.019
185.75,3.499,-0.2739
186.0,3.5650000000000004,-0.27
186.25,5.96,-0.404
186.5,3.697,-0.1891999999999999
186.75,3.443,-0.01
187.0,2.79,-0.143
187.25,2.736,-0.067
187.5,2.649,-0.06
187.75,2.712,0.001
188.0,2.502,-0.1669999999999999
188.25,2.635,-0.0839999999999999
188.5,2.606,-0.1139999999999999
188.75,2.471,-0.158
189.0,2.51,-0.088
189.25,2.502,-0.1506
189.5,2.59,-0.0569999999999999
189.75,2.565,-0.133
190.0,2.649,-0.097
190.25,2.728,-0.0429999999999999
190.5,2.5340000000000003,-0.1
190.75,2.6100000000000003,-0.0439999999999999
191.0,2.6499999999999995,-0.044
191.25,2.634,0.0139999999999999
191.5,2.617,0.0695999999999999
191.75,2.578,-0.0259999999999999
192.0,2.519,-0.076
192.25,2.447,-0.062
192.5,2.498,-0.052
192.75,2.583,-0.0209999999999999
193.0,2.6100000000000003,0.096
193.25,2.609,-0.0139999999999999
193.5,2.56,-0.006
193.75,2.422,-0.075
194.0,2.587,0.003
194.25,2.477,-0.0619999999999999
194.5,2.531,0.049
194.75,2.398,-0.123
195.0,2.543,-0.065
195.25,2.551,-0.059
195.5,2.417,-0.123
195.75,2.4719999999999995,-0.068
196.0,2.47,-0.0203
196.25,2.42,-0.0279999999999999
196.5,2.4080000000000004,-0.085
196.75,2.576,0.0079999999999999
197.0,2.365,-0.103
197.25,2.279,-0.149
197.5,2.452,-0.0125
197.75,2.243,-0.10683
198.0,2.481,-0.0259999999999999
198.25,2.323,-0.1065
198.5,2.282,-0.0819999999999999
198.75,3.155,0.2826
199.0,2.887,0.3809999999999999
199.25,2.578,-0.0356
199.5,2.379,-0.2381
199.75,5.93,0.1549
200.0,8.44,0.4105
200.25,7.84,-0.43
200.5,7.23,-0.64
200.75,7.699999999999999,-0.233
201.0,9.74,1.64
201.25,11.22,2.4316
201.5,11.31,1.2306
201.75,9.93,0.5993000000000002
202.0,11.44,1.3162
202.25,11.91,1.461
202.5,9.8,0.565
202.75,9.42,0.3712
203.0,9.04,0.4723
203.25,10.21,1.599
203.5,9.32,0.7409999999999999
203.75,9.04,0.6476999999999999
204.0,9.2,0.8009999999999999
204.25,9.86,1.3210000000000002
204.5,10.11,1.732
204.75,8.58,0.761
205.0,9.32,0.9129
205.25,11.58,1.106
205.5,9.35,1.6172
205.75,8.299999999999999,0.26656
206.0,9.24,0.449
206.25,9.91,1.141
206.5,11.1,1.4556
206.75,9.22,0.54
207.0,9.67,0.6559999999999999
207.25,9.81,0.69662
207.5,10.05,1.4050000000000002
207.75,9.04,0.596
208.0,7.98,0.309
208.25,7.890000000000001,0.1929999999999999
208.5,5.93,-0.356
208.75,6.01,-0.273
209.0,5.52,-0.3205
209.25,5.84,-0.196
209.5,4.344,-0.41
209.75,3.3000000000000003,-0.208
210.0,2.708,-0.16
210.25,2.664,-0.161
210.5,2.797,-0.09
210.75,2.6910000000000003,-0.1338
211.0,2.761,-0.0469999999999999
211.25,2.638,-0.1375
211.5,2.771,-0.09
211.75,2.845,-0.12
212.0,2.5730000000000004,-0.1921
212.25,2.687,-0.135
212.5,2.6970000000000005,-0.167
212.75,2.814,0.0325999999999999
213.0,2.631,-0.1292
213.25,3.007,0.0988999999999999
213.5,2.78,-0.0579999999999999
213.75,2.9,-0.0012
214.0,2.88,0.0052999999999999
214.25,2.79,-0.0088999999999999
214.5,2.857,0.1130999999999999
214.75,2.603,0.0512999999999999
215.0,2.568,-0.019
215.25,2.434,-0.096
215.5,2.571,-0.012
215.75,2.484,-0.0569999999999999
216.0,2.449,-0.0439999999999999
216.25,2.563,0.0269999999999999
216.5,2.6260000000000003,0.047
216.75,2.5500000000000003,0.062
217.0,2.484,-0.0289999999999999
217.25,2.416,-0.0399999999999999
217.5,2.376,-0.109
217.75,2.609,-0.011
218.0,2.553,0.0753499999999999
218.25,2.4450000000000003,0.0619999999999999
218.5,2.566,0.069
218.75,2.428,-0.0079999999999999
219.0,2.486,0.032
219.25,2.388,-0.0459999999999999
219.5,2.542,0.046
219.75,2.475,-0.0409999999999999
220.0,2.435,-0.0149999999999999
220.25,2.442,0.0660999999999999
220.5,2.167,-0.122
220.75,2.313,-0.086
221.0,2.123,-0.1469
221.25,2.257,-0.079
221.5,2.131,-0.1335
221.75,2.385,0.0709
222.0,2.321,-0.037
222.25,2.255,-0.0945
222.5,2.298,-0.054
222.75,3.11,0.2041
223.0,2.148,-0.1428
223.25,2.579,-0.0543
223.5,2.88,-0.335
223.75,6.3500000000000005,-0.1154
224.0,6.63,0.2288
224.25,6.33,-0.1526
224.5,6.31,-0.34543
224.75,6.379999999999999,-0.2126
225.0,7.43,0.3748999999999999
225.25,6.83,-0.1552
225.5,7.31,0.0209999999999999
225.75,7.479999999999999,0.1571
226.0,8.89,0.5670999999999999
226.25,8.07,0.0163
226.5,9.76,0.6688000000000001
226.75,9.27,0.4509999999999999
227.0,11.19,0.8300000000000001
227.25,10.87,0.3108
227.5,9.75,0.1132
227.75,9.45,0.1765
228.0,8.190000000000001,0.0814
228.25,7.42,0.244
228.5,7.970000000000001,0.5242
228.75,7.439999999999999,0.3208
229.0,8.34,0.29254
229.25,8.31,0.4232
229.5,5.24,-0.0379
229.75,4.742,-0.062
230.0,6.93,0.1663
230.25,6.82,0.1979
230.5,8.86,0.293
230.75,8.08,0.128
231.0,7.449999999999999,0.1059999999999999
231.25,6.84,-0.0269999999999999
231.5,7.27,0.157
231.75,8.84,0.2339999999999999
232.0,7.64,0.1536
232.25,5.98,-0.1479
232.5,7.010000000000001,0.059
232.75,6.29,0.3032
233.0,5.43,-0.207
233.25,5.19,-0.168
233.5,3.91,-0.35846
233.75,4.5600000000000005,-0.187
234.0,3.178,-0.2123
234.25,3.286,-0.092
234.5,3.24,-0.061
234.75,3.072,-0.0219999999999999
235.0,3.013,-0.0049999999999999
235.25,2.963,-0.0259999999999999
235.5,3.22,0.096
235.75,2.885,-0.083
236.0,3.035,0.003
236.25,2.866,-0.06
236.5,2.96,-0.004
236.75,2.962,-0.0289999999999999
237.0,2.821,-0.0809999999999999
237.25,2.999,-0.0119999999999999
237.5,2.922,-0.0559999999999999
237.75,2.813,-0.0279999999999999
238.0,2.778,-0.076
238.25,3.104,0.0549999999999999
238.5,2.396,-0.0419999999999999
238.75,2.415,0.076
239.0,2.238,0.0219999999999999
239.25,2.273,0.0279999999999999
239.5,2.4650000000000003,0.256
239.75,2.307,0.033
240.0,2.474,0.115
240.25,2.328,0.0169999999999999
240.5,2.481,0.121
240.75,2.33,0.06
241.0,2.4640000000000004,0.2269999999999999
241.25,2.377,0.119
241.5,2.2840000000000003,0.057
241.75,2.36,0.092
242.0,2.205,-0.0279999999999999
242.25,2.393,0.096
242.5,2.318,0.1286
242.75,2.194,0.017
243.0,2.324,0.081
243.25,2.06,-0.026
243.5,2.351,0.109
243.75,2.1220000000000003,0.0062
244.0,2.373,0.1723
244.25,2.203,0.016
244.5,2.166,-0.005
244.75,2.038,-0.00167
245.0,2.307,0.087
245.25,2.209,0.033
245.5,2.098,-0.0296
245.75,2.116,0.037
246.0,2.011,-0.049
246.25,2.146,-0.0199999999999999
246.5,2.151,0.046
246.75,1.981,-0.0399
247.0,2.091,0.124
247.25,2.439,-0.2233
247.5,2.4410000000000003,-0.185
247.75,2.5580000000000003,-0.148
248.0,2.617,-0.154
248.25,2.349,-0.2521
248.5,2.906,-0.1273
248.75,3.272,-0.2339999999999999
249.0,3.246,-0.2883
249.25,3.239,-0.2448
249.5,3.205,-0.2596
249.75,3.12,-0.2813
250.0,3.455,-0.038
250.25,3.35,-0.2153
250.5,3.4730000000000003,-0.123
250.75,3.122,-0.3345
251.0,3.63,-0.261
251.25,3.47,-0.3025
251.5,12.11,-0.2559999999999999
251.75,22.81,-0.5199999999999999
252.0,25.22,-0.2149999999999999
252.25,25.63,0.02
252.5,25.65,0.0399999999999998
252.75,25.92,0.1713000000000002
253.0,26.33,0.2460000000000001
253.25,28.25,0.47
253.5,30.5,1.613
253.75,30.47,0.7639
254.0,30.56,0.7262
254.25,29.98,0.0679999999999999
254.5,30.1,0.0259999999999999
254.75,30.45,0.128
255.0,31.04,0.0499999999999999
255.25,31.03,0.009
255.5,31.1,-0.037
255.75,31.73,0.48
256.0,31.16,-0.0239999999999999
256.25,29.55,-0.065
256.5,10.62,0.1059999999999999
256.75,5.42,0.6125999999999999
257.0,4.9,0.3211
257.25,4.452,-0.113
257.5,4.414,-0.137
257.75,5.27,0.64671
258.0,3.841,-0.0229999999999999
258.25,3.856,0.065
258.5,3.726,-0.021
258.75,3.8,0.05
259.0,3.751,0.008
259.25,3.647,-0.059
259.5,3.746,0.005
259.75,3.583,-0.129
260.0,3.648,-0.0839999999999999
260.25,3.607,-0.117
260.5,3.567,-0.13
260.75,3.656,-0.054
261.0,3.616,-0.0669999999999999
261.25,3.735,0.065
261.5,3.683,0.075
261.75,3.657,0.0239999999999999
262.0,3.686,0.044
262.25,3.5860000000000003,-0.0279999999999999
262.5,3.638,-0.003
262.75,3.579,0.006
263.0,3.635,0.004
263.25,3.54,-0.044
263.5,3.519,-0.0469999999999999
263.75,3.649,0.063
264.0,3.56,0.015
264.25,3.769,0.239
264.5,3.568,0.0289999999999999
264.75,3.5980000000000003,0.056
265.0,3.604,0.069
265.25,3.526,0.016
265.5,3.605,0.062
265.75,3.609,0.147
266.0,3.611,0.082
266.25,3.515,0.017
266.5,3.563,0.062
266.75,3.657,0.145
267.0,3.585,0.076
267.25,3.786,0.3129999999999999
267.5,3.547,0.093
267.75,3.642,0.1679999999999999
268.0,3.58,0.1259999999999999
268.25,3.516,0.084
268.5,3.6020000000000003,0.1549999999999999
268.75,3.2869999999999995,0.092
269.0,3.624,0.1679999999999999
269.25,3.538,0.0459999999999999
269.5,4.131,0.0
269.75,4.933,-0.1689999999999999
270.0,5.37,-0.338
270.25,9.94,-0.673
270.5,17.75,-1.051
270.75,21.27,-1.0714
271.0,23.58,-0.58
271.25,22.59,-0.4590000000000001
271.5,22.94,-0.38
271.75,23.33,-0.472
272.0,23.27,-0.378
272.25,22.77,-0.309
272.5,23.200000000000003,-0.169
272.75,23.5,-0.249
273.0,23.92,-0.311
273.25,23.35,0.0419999999999999
273.5,22.31,-0.41
273.75,22.17,-0.279
274.0,23.85,0.4313999999999999
274.25,23.34,-0.371
274.5,23.42,-0.287
274.75,23.4,0.202
275.0,15.78,-1.1433
275.25,14.95,-0.283
275.5,15.439999999999998,-1.2167
275.75,15.65,-1.264
276.0,19.66,-1.033
276.25,24.200000000000003,-0.629
276.5,25.61,-0.659
276.75,28.05,-0.2289999999999999
277.0,29.9,0.2319999999999999
277.25,31.85,-0.3309999999999999
277.5,32.07,-0.3419999999999999
277.75,31.77,-0.3159999999999999
278.0,32.1,0.135
278.25,32.78,0.624
278.5,32.67,0.3029999999999999
278.75,31.92,-0.252
279.0,29.95,-0.191
279.25,29.93,-0.163
279.5,30.75,0.4782
279.75,30.34,-0.252
280.0,30.1,-0.308
280.25,29.6,-0.328
280.5,29.43,-0.3380000000000001
280.75,29.57,-0.017
281.0,29.03,-0.124
281.25,28.05,-0.0869999999999999
281.5,27.89,-0.065
281.75,28.1,0.022
282.0,28.26,0.2299999999999999
282.25,25.97,-0.284
282.5,3.705,-0.65
282.75,3.282,-0.56
283.0,2.82,-0.0472
283.25,2.454,-0.44
283.5,2.5780000000000003,-0.36
283.75,2.521,-0.39
284.0,2.585,-0.339
284.25,2.5340000000000003,-0.367
284.5,2.493,-0.4
284.75,2.604,-0.32
285.0,2.511,-0.38
285.25,2.579,-0.36
285.5,2.503,-0.413
285.75,2.488,-0.435
286.0,2.583,-0.366
286.25,2.476,-0.44
286.5,2.6130000000000004,-0.3369999999999999
286.75,2.525,-0.395
287.0,2.565,-0.352
287.25,2.576,-0.3399999999999999
287.5,2.549,-0.36
287.75,2.666,-0.306
288.0,2.55,-0.36
288.25,2.675,-0.286
288.5,2.55,-0.389
288.75,2.49,-0.44
289.0,2.599,-0.364
289.25,2.49,-0.44
289.5,2.609,-0.353
289.75,2.697,-0.204
290.0,2.578,-0.3399999999999999
290.25,2.6620000000000004,-0.307
290.5,2.555,-0.38
290.75,2.6370000000000005,-0.317
291.0,2.552,-0.402
291.25,2.577,-0.3409999999999999
291.5,2.667,-0.313
291.75,2.528,-0.42
292.0,2.643,-0.356
292.25,2.561,-0.405
292.5,2.599,-0.368
292.75,2.693,-0.297
293.0,2.629,-0.3299999999999999
293.25,2.697,-0.291
293.5,2.576,-0.39
293.75,2.607,-0.383
294.0,2.646,-0.365
294.25,2.542,-0.42
294.5,2.732,-0.22
294.75,2.6140000000000003,-0.355
295.0,2.117,-0.235
295.25,2.18,-0.3349999999999999
295.5,2.517,-0.343
295.75,5.43,0.18574
296.0,6.34,-0.537
296.25,6.779999999999999,-0.522
296.5,8.7,-0.0673999999999999
296.75,10.54,0.1849999999999999
297.0,11.579999999999998,0.1367999999999999
297.25,12.03,-0.051
297.5,10.27,0.1653
297.75,10.37,0.6196
298.0,10.23,0.5840000000000001
298.25,9.69,0.291
298.5,9.64,0.184
298.75,9.46,0.006
299.0,8.99,0.058
299.25,9.829999999999998,0.301
299.5,9.55,0.2519999999999999
299.75,9.37,0.26
300.0,8.76,0.192
300.25,9.2,0.2989999999999999
300.5,9.12,0.556
300.75,7.91,0.1589999999999999
301.0,7.63,0.047
301.25,7.58,0.1019999999999999
301.5,6.12,0.1549999999999999
301.75,6.669999999999999,0.2619999999999999
302.0,6.6,0.7027399999999999
302.25,8.129999999999999,0.5543
302.5,8.19,0.538
302.75,9.15,0.7525
303.0,9.1,0.625
303.25,8.389999999999999,0.5579999999999999
303.5,7.92,0.411
303.75,8.07,0.4593
304.0,8.16,0.354
304.25,8.219999999999999,0.2638799999999999
304.5,6.5,0.0989999999999999
304.75,7.300000000000001,0.272
305.0,6.78,0.173
305.25,6.880000000000001,0.2996
305.5,6.32,0.197
305.75,3.4570000000000003,-0.1379999999999999
306.0,2.089,-0.352
306.25,2.118,-0.351
306.5,2.093,-0.3399999999999999
306.75,2.052,-0.381
307.0,2.064,-0.36
307.25,1.861,-0.363
307.5,1.922,-0.311
307.75,1.874,-0.338
308.0,1.902,-0.335
308.25,1.895,-0.3399999999999999
308.5,1.958,-0.298
308.75,1.992,-0.208
309.0,1.942,-0.29
309.25,1.86,-0.349
309.5,1.916,-0.3239999999999999
309.75,1.859,-0.379
310.0,1.976,-0.299
310.25,1.939,-0.2619
310.5,1.936,-0.309
310.75,1.653,-0.353
311.0,1.805,-0.235
311.25,1.728,-0.272
311.5,1.819,-0.2269999999999999
311.75,1.803,-0.1621
312.0,1.801,-0.238
312.25,1.693,-0.3309999999999999
312.5,1.7800000000000002,-0.283
312.75,1.664,-0.345
313.0,1.757,-0.273
313.25,1.758,-0.2075
313.5,1.782,-0.254
313.75,1.727,-0.278
314.0,1.8,-0.221
314.25,1.724,-0.275
314.5,1.819,-0.212
314.75,1.745,-0.2380999999999999
315.0,1.815,-0.20885
315.25,1.677,-0.3369999999999999
315.5,1.769,-0.266
315.75,1.6549999999999998,-0.363
316.0,1.778,-0.266
316.25,1.731,-0.277
316.5,1.917,-0.0693
316.75,1.6989999999999998,-0.303
317.0,1.771,-0.244
317.25,1.664,-0.334
317.5,1.721,-0.293
317.75,1.666,-0.331
318.0,1.733,-0.284
318.25,1.763,-0.2185
318.5,1.791,-0.256
318.75,2.837,0.1946
319.0,1.798,-0.253
319.25,3.7,0.0375
319.5,3.89,-0.0404
319.75,6.460000000000001,-0.53
320.0,6.77,-0.33
320.25,9.07,0.488
320.5,9.82,0.4805999999999999
320.75,12.29,-0.1250000000000001
321.0,13.68,-0.1529999999999999
321.25,12.84,-0.0909999999999999
321.5,14.5,-0.0189999999999999
321.75,15.62,0.287
322.0,15.330000000000002,0.562
322.25,15.670000000000002,0.5549999999999999
322.5,14.189999999999998,0.2315999999999999
322.75,13.55,0.1429999999999999
323.0,14.91,0.5740000000000001
323.25,15.09,0.843
323.5,13.93,0.8659999999999999
323.75,13.03,0.6890000000000002
324.0,13.02,0.442
324.25,13.12,0.592
324.5,13.45,1.011
324.75,12.85,0.839
325.0,11.83,0.7010000000000001
325.25,10.73,0.373
325.5,8.17,0.5126
325.75,8.5,0.7050000000000001
326.0,8.870000000000001,0.415
326.25,8.639999999999999,0.1709999999999999
326.5,8.120000000000001,0.327
326.75,8.37,0.3757999999999999
327.0,8.52,0.384
327.25,9.11,0.243
327.5,9.08,0.58
327.75,9.14,0.4613
328.0,9.72,0.4262
328.25,7.42,-0.17653
328.5,6.08,-0.491
328.75,5.21,-0.391
329.0,5.52,0.117
329.25,5.45,-0.169
329.5,3.83,-0.42
329.75,4.5200000000000005,-0.1812
330.0,3.348,-0.41
330.25,3.213,-0.369
330.5,2.516,-0.508
330.75,2.393,-0.387
331.0,2.264,-0.375
331.25,2.243,-0.277
331.5,2.152,-0.334
331.75,2.273,-0.2314
332.0,2.203,-0.2531
332.25,2.196,-0.3379999999999999
332.5,2.099,-0.395
332.75,2.19,-0.3299999999999999
333.0,2.0700000000000003,-0.421
333.25,2.232,-0.2599599999999999
333.5,2.151,-0.318
333.75,2.247,-0.27
334.0,2.14,-0.36
334.25,2.214,-0.306
334.5,2.114,-0.338
334.75,1.627,-0.0823
335.0,1.467,-0.244
335.25,1.512,-0.227
335.5,1.513,-0.214
335.75,1.488,-0.234
336.0,1.499,-0.236
336.25,1.575,-0.1066
336.5,1.6230000000000002,-0.10819
336.75,1.486,-0.221
337.0,1.617,-0.1495
337.25,1.484,-0.229
337.5,1.591,-0.14779
337.75,1.524,-0.1667
338.0,1.5319999999999998,-0.1846
338.25,1.463,-0.263
338.5,1.46,-0.2441
338.75,1.549,-0.19967
339.0,1.448,-0.269
339.25,1.64,-0.11957
339.5,1.575,-0.132
339.75,1.59,-0.1619999999999999
340.0,1.531,-0.193
340.25,1.485,-0.206
340.5,1.543,-0.19438
340.75,1.457,-0.262
341.0,1.593,-0.1167
341.25,1.452,-0.257
341.5,1.493,-0.226
341.75,1.4900000000000002,-0.236
342.0,1.489,-0.212
342.25,1.594,-0.1275
342.5,1.483,-0.222
342.75,2.161,-0.0421
343.0,2.217,0.1559
343.25,1.97,-0.3215
343.5,3.572,0.1841
343.75,7.27,-0.0278
344.0,7.91,0.264
344.25,10.86,1.995
344.5,13.03,-0.3510999999999999
344.75,16.400000000000002,-0.409
345.0,17.979999999999997,-0.0189999999999999
345.25,16.7,0.4409
345.5,16.5,-0.187
345.75,14.079999999999998,-0.189
346.0,13.12,-0.5529999999999999
346.25,11.73,-0.0438
346.5,11.45,-0.273
346.75,11.57,0.1794
347.0,11.22,0.0448499999999999
347.25,26.64,7.82
347.5,36.4,13.330000000000002
347.75,31.4,12.73
348.0,30.12,12.21
348.25,27.35,10.56
348.5,28.39,10.91
348.75,33.5,13.16
349.0,32.480000000000004,12.07
349.25,28.36,10.82
349.5,26.5,10.93
349.75,29.43,12.52
350.0,27.39,10.97
350.25,28.15,10.82
350.5,12.320000000000002,2.6630000000000003
350.75,6.414000000000001,-0.0839999999999999
351.0,6.21,-0.089
351.25,6.299,-0.08
351.5,6.365,0.018
351.75,6.273000000000001,-0.06
352.0,5.702,-0.0369999999999999
352.25,6.648,0.0718
352.5,6.216,0.1245
352.75,6.605,0.001
353.0,6.452,0.0729999999999999
353.25,6.326999999999999,0.1144
353.5,5.356999999999999,-0.0214
353.75,4.527,0.0736
354.0,3.451,0.0799
354.25,3.502,0.1481
354.5,3.382,0.0672
354.75,3.33,-0.0289999999999999
355.0,3.316,-0.052
355.25,3.29,-0.12
355.5,3.267,-0.088
355.75,2.654,-0.2289
356.0,2.71,-0.205
356.25,2.643,-0.2451
356.5,2.678,-0.2095
356.75,2.693,-0.1966
357.0,2.609,-0.2503
357.25,2.698,-0.2
357.5,2.426,-0.28
357.75,2.483,-0.1792
358.0,2.416,-0.2189
358.25,2.427,-0.2093
358.5,2.431,-0.1149999999999999
358.75,2.127,-0.125
359.0,2.25,-0.0219999999999999
359.25,2.188,-0.0476
359.5,2.2190000000000003,-0.0358
359.75,2.231,-0.0174
360.0,2.136,-0.1531
360.25,2.1980000000000004,-0.072
360.5,2.098,-0.152
360.75,2.261,-0.028
361.0,2.232,0.0022
361.25,2.142,-0.0722199999999999
361.5,2.174,-0.0689999999999999
361.75,2.103,-0.157
362.0,2.204,-0.047
362.25,2.085,-0.144
362.5,2.2590000000000003,0.04
362.75,2.13,-0.1183
363.0,2.139,-0.1158
363.25,2.248,-0.0259999999999999
363.5,2.139,-0.0969999999999999
363.75,2.266,0.0204999999999999
364.0,2.194,-0.0022999999999999
364.25,2.177,-0.0666
364.5,2.111,-0.1204
364.75,2.123,-0.1165
365.0,2.172,-0.079
365.25,1.852,-0.187
365.5,2.322,0.0946
365.75,2.112,-0.0998
366.0,1.923,-0.0958
366.25,2.1300000000000003,-0.0896999999999999
366.5,2.121,-0.1085
366.75,2.835,0.4175
367.0,2.146,-0.0408999999999999
367.25,2.299,-0.1478
367.5,2.443,-0.1760999999999999
367.75,2.536,-0.2412
368.0,6.19,0.1277
368.25,7.880000000000001,1.5590000000000002
368.5,10.35,1.09
368.75,11.64,1.036
369.0,11.12,0.929
369.25,11.71,0.728
369.5,12.05,0.3747
369.75,12.63,1.262
370.0,12.88,0.7748
370.25,12.67,1.068
370.5,13.21,0.8199000000000001
370.75,12.39,0.582
371.0,12.66,0.6246
371.25,13.92,0.5252
371.5,11.72,0.632
371.75,11.14,0.564
372.0,10.920000000000002,0.4882000000000001
372.25,11.03,0.563
372.5,10.33,1.068
372.75,8.43,0.2508
373.0,8.07,0.2213
373.25,7.92,0.4025999999999999
373.5,6.279999999999999,0.5096
373.75,5.411,0.0077699999999999
374.0,4.88,-0.1591
374.25,5.385000000000001,-0.1707
374.5,6.432,-0.49615
374.75,6.519,-0.368
375.0,5.968999999999999,-0.2792
375.25,5.777000000000001,-0.28
375.5,5.558,-0.415
375.75,5.745,-0.287
376.0,4.76,-0.413
376.25,4.565,-0.357
376.5,3.719,-0.4
376.75,3.416,-0.0374
377.0,3.129,-0.090615
377.25,3.679,-0.0399
377.5,3.04,-0.237
377.75,3.0490000000000004,-0.238
378.0,3.133,-0.0885
378.25,2.458,-0.2258
378.5,1.6889999999999998,-0.1714999999999999
378.75,1.576,-0.281
379.0,1.747,-0.1324
379.25,1.628,-0.22
379.5,1.6960000000000002,-0.165
379.75,1.645,-0.218
380.0,1.619,-0.246
380.25,1.6860000000000002,-0.237
380.5,1.64,-0.2267
380.75,1.707,-0.1984
381.0,1.594,-0.277
381.25,1.747,-0.1335
381.5,1.645,-0.211
381.75,1.737,-0.1452
382.0,1.615,-0.246
382.25,1.648,-0.2309999999999999
382.5,1.612,-0.22
382.75,1.433,-0.252
383.0,1.533,-0.185
383.25,1.454,-0.1779
383.5,1.549,-0.11679
383.75,1.461,-0.182
384.0,1.501,-0.145
384.25,1.553,-0.0599999999999999
384.5,1.41,-0.2289999999999999
384.75,1.484,-0.1725
385.0,1.393,-0.244
385.25,1.517,-0.1613
385.5,1.477,-0.149
385.75,1.556,-0.0637
386.0,1.4840000000000002,-0.161
386.25,1.429,-0.203
386.5,1.535,-0.1649
386.75,1.384,-0.262
387.0,1.551,-0.0952
387.25,1.413,-0.21993
387.5,1.405,-0.24
387.75,1.4840000000000002,-0.173
388.0,1.4289999999999998,-0.206
388.25,1.542,-0.119
388.5,1.515,-0.074
388.75,1.487,-0.1742
389.0,1.416,-0.225
389.25,1.398,-0.249
389.5,1.4580000000000002,-0.2061
389.75,1.378,-0.262
390.0,1.668,0.027
390.25,1.4300000000000002,-0.202
390.5,1.492,-0.163
390.75,2.302,0.20176
391.0,1.994,-0.318
391.25,2.605,-0.42
391.5,3.1190000000000007,0.0455
391.75,3.006,-0.376
392.0,5.32,-0.8
392.25,5.64,-0.551
392.5,7.82,-0.3809
392.75,10.32,-0.35271
393.0,9.93,-0.1588999999999999
393.25,10.31,-0.13008
393.5,10.39,-0.231
393.75,10.94,0.0317
394.0,10.32,-0.3985
394.25,13.11,-0.76
394.5,13.27,-1.0
394.75,13.23,-0.299
395.0,12.07,-0.3259999999999999
395.25,12.27,-0.435
395.5,10.25,-0.65
395.75,10.86,-0.623
396.0,11.73,-0.0659999999999999
396.25,10.72,-0.6699999999999999
396.5,9.99,-0.434
396.75,8.04,-0.537
397.0,8.09,-0.477
397.25,9.4,-0.2463
397.5,6.209999999999999,-0.1707
397.75,6.79,-0.1376
398.0,6.75,-0.49
398.25,7.02,-0.47
398.5,6.76,-0.48
398.75,6.53,-0.347
399.0,4.998,-0.5
399.25,4.76,-0.3152
399.5,4.968,-0.184
399.75,4.935,-0.292
400.0,5.072,-0.253
400.25,4.22,-0.3406
400.5,3.77,-0.2864
400.75,2.99,-0.339643
401.0,3.1000000000000005,-0.24378
401.25,2.915,-0.413
401.5,2.743,-0.353
401.75,2.264,-0.4499999999999999
402.0,2.293,-0.344
402.25,2.0780000000000003,-0.369
402.5,2.101,-0.355
402.75,2.095,-0.355
403.0,2.079,-0.364
403.25,2.18,-0.279
403.5,2.115,-0.3137
403.75,2.227,-0.241
404.0,2.035,-0.384
404.25,2.116,-0.32333
404.5,2.1910000000000003,-0.227
404.75,2.155,-0.2608
405.0,2.261,-0.1896
405.25,2.169,-0.24
405.5,2.319,-0.122
405.75,2.144,-0.29
406.0,2.1740000000000004,-0.291
406.25,2.143,-0.3349999999999999
406.5,1.6720000000000002,-0.292
406.75,1.65,-0.178
407.0,1.534,-0.264
407.25,1.649,-0.1728
407.5,1.53,-0.269
407.75,1.622,-0.1973
408.0,1.635,-0.176
408.25,1.559,-0.226
408.5,1.687,-0.135
408.75,1.536,-0.266
409.0,1.625,-0.211
409.25,1.567,-0.241
409.5,1.552,-0.265
409.75,1.6050000000000002,-0.224
410.0,1.5539999999999998,-0.2579
410.25,1.6829999999999998,-0.141
410.5,1.721,-0.124
410.75,1.673,-0.1314
411.0,1.65,-0.1457
411.25,1.5559999999999998,-0.272
411.5,1.638,-0.191
411.75,1.551,-0.2443
412.0,1.711,-0.0991999999999999
412.25,1.529,-0.283
412.5,1.578,-0.2342
412.75,1.608,-0.206
413.0,1.5670000000000002,-0.232
413.25,1.772,-0.0250999999999999
413.5,1.585,-0.2025
413.75,1.6170000000000002,-0.204
414.0,1.56,-0.241
414.25,1.556,-0.25
414.5,1.643,-0.1774
414.75,1.621,-0.145
415.0,1.708,-0.1318
415.25,1.591,-0.203375
415.5,1.649,-0.1623
415.75,1.636,-0.1678
416.0,1.626,-0.1424
416.25,1.6780000000000002,-0.1474
416.5,3.354,-0.55
416.75,2.828,-0.424
417.0,3.326,-0.39
417.25,2.793,-0.313
417.5,2.826,-0.219
417.75,2.665,-0.269
418.0,2.776,-0.195
418.25,2.669,-0.272
418.5,2.643,-0.363
418.75,3.137,-0.382
419.0,3.959,-0.3085
419.25,3.341,-0.0824
419.5,3.214,-0.16985
419.75,2.386,-0.151
420.0,1.789,-0.283
420.25,1.89,-0.195
420.5,2.765,-0.422
420.75,2.86,-0.4529999999999999
421.0,2.862,-0.4499999999999999
421.25,2.808,-0.5
421.5,2.6819999999999995,-0.39
421.75,1.722,-0.312
422.0,1.832,-0.23
422.25,2.4280000000000004,-0.43
422.5,2.016,-0.235
422.75,1.826,-0.24
423.0,1.859,-0.2309999999999999
423.25,2.916,-0.423
423.5,2.427,-0.274
423.75,2.061,-0.224615
424.0,2.89,-0.51
424.25,2.975,-0.428
424.5,2.854,-0.52
424.75,2.968,-0.42
425.0,2.981,-0.38
425.25,2.197,-0.251
425.5,1.797,-0.257
425.75,1.938,-0.149
426.0,1.7679999999999998,-0.266
426.25,1.839,-0.1967
426.5,1.761,-0.284
426.75,1.662,-0.3
427.0,1.54,-0.246
427.25,1.466,-0.306
427.5,1.666,-0.141
427.75,1.582,-0.1537
428.0,1.592,-0.203
428.25,1.571,-0.2209999999999999
428.5,1.525,-0.255
428.75,1.58,-0.219
429.0,1.539,-0.2128
429.25,1.616,-0.198
429.5,1.47,-0.307
429.75,1.587,-0.264
430.0,1.594,-0.221
430.25,1.5419999999999998,-0.251
430.5,1.748,-0.0447
430.75,1.539,-0.243
431.0,1.605,-0.195
431.25,1.5419999999999998,-0.253
431.5,1.501,-0.281
431.75,1.662,-0.139
432.0,1.555,-0.2031
432.25,1.598,-0.216
432.5,1.514,-0.293
432.75,1.582,-0.2269999999999999
433.0,1.683,-0.1323
433.25,1.617,-0.1526
433.5,1.684,-0.15
433.75,1.521,-0.285
434.0,1.5610000000000002,-0.261
434.25,1.6070000000000002,-0.218
434.5,1.6309999999999998,-0.139
434.75,1.7679999999999998,-0.0375
435.0,1.665,-0.114
435.25,1.7520000000000002,-0.032
435.5,1.61,-0.18635
435.75,1.601,-0.201
436.0,1.712,-0.147
436.25,1.532,-0.274
436.5,1.618,-0.2
436.75,1.545,-0.254
437.0,1.561,-0.254
437.25,1.604,-0.222
437.5,1.554,-0.253
437.75,1.81,-0.1254
438.0,1.6150000000000002,-0.169
438.25,1.66,-0.137
438.5,1.653,-0.161
438.75,1.5239999999999998,-0.266
439.0,1.648,-0.177
439.25,1.548,-0.2388
439.5,1.7020000000000002,-0.0829999999999999
439.75,1.569,-0.236
440.0,1.5490000000000002,-0.251
440.25,1.7159999999999995,-0.1094
440.5,1.589,-0.20231
440.75,1.791,0.016
441.0,1.59,-0.2
441.25,1.622,-0.17411
441.5,1.621,-0.209
441.75,1.519,-0.283
442.0,1.738,-0.11248
442.25,1.598,-0.1996
442.5,1.561,-0.249
442.75,1.591,-0.209
443.0,1.5459999999999998,-0.248
443.25,1.678,-0.1429
443.5,1.629,-0.1205
443.75,1.653,-0.1516
444.0,1.5670000000000002,-0.229
444.25,1.528,-0.2506
444.5,1.606,-0.195
444.75,1.545,-0.2134
445.0,1.641,-0.1579
445.25,1.506,-0.282
445.5,1.581,-0.219
445.75,1.664,-0.148
446.0,1.559,-0.2022
446.25,1.757,-0.0289999999999999
446.5,1.624,-0.121
446.75,1.628,-0.126
447.0,1.675,-0.0839999999999999
447.25,1.508,-0.26417
447.5,1.616,-0.202
447.75,1.491,-0.289
448.0,1.532,-0.259
448.25,1.61,-0.209
448.5,1.542,-0.269
448.75,1.652,-0.1659999999999999
449.0,1.498,-0.28
449.25,1.598,-0.186
449.5,1.624,-0.17135
449.75,1.5359999999999998,-0.2406
450.0,1.6760000000000002,-0.168
450.25,1.506,-0.2693
450.5,1.582,-0.2192
450.75,1.616,-0.192
451.0,1.5990000000000002,-0.1827
451.25,1.806,0.0257999999999999
451.5,1.5519999999999998,-0.2195
451.75,1.586,-0.209
452.0,1.6050000000000002,-0.194
452.25,1.477,-0.3
452.5,1.627,-0.1664
452.75,1.495,-0.293
453.0,1.512,-0.278
453.25,1.5930000000000002,-0.221
453.5,1.541,-0.26
453.75,1.739,-0.0592
454.0,1.662,-0.089
454.25,1.704,-0.059
454.5,1.78,-0.015
454.75,1.638,-0.1199999999999999
455.0,1.599,-0.224
455.25,1.512,-0.28
455.5,1.498,-0.303
455.75,1.5930000000000002,-0.211
456.0,1.501,-0.292
456.25,1.694,-0.145
456.5,1.5730000000000002,-0.2339999999999999
456.75,1.599,-0.1965
457.0,1.675,-0.14
457.25,1.577,-0.2148
457.5,1.675,-0.1392
457.75,1.536,-0.269
458.0,1.527,-0.2613
458.25,1.606,-0.1921
458.5,1.519,-0.287
458.75,1.6249999999999998,-0.204
459.0,1.6840000000000002,-0.096
459.25,1.7000000000000002,-0.069
459.5,1.808,0.0197999999999999
459.75,1.658,-0.091
460.0,1.757,-0.0139999999999999
460.25,1.723,-0.0459999999999999
460.5,1.548,-0.262
460.75,1.665,-0.197
461.0,1.518,-0.29
461.25,1.584,-0.21513
461.5,1.556,-0.2424
461.75,1.5699999999999998,-0.225
462.0,1.661,-0.148
462.25,1.556,-0.231
462.5,1.661,-0.151
462.75,2.524,0.17109
463.0,1.65,-0.244
463.25,2.167,0.1041999999999999
463.5,1.943,-0.262
463.75,7.199999999999999,0.5800000000000001
464.0,9.83,1.412
464.25,10.61,1.432
464.5,12.11,1.346
464.75,13.51,1.7439999999999998
465.0,15.259999999999998,0.825
465.25,17.05,0.987
465.5,19.87,1.476
465.75,23.89,4.008
466.0,22.48,2.295
466.25,22.17,2.527
466.5,23.99,2.52
466.75,21.82,1.944
467.0,23.25,2.66
467.25,22.8,2.7010000000000005
467.5,21.32,1.15
467.75,20.19,0.2654999999999999
468.0,16.0,0.3283999999999999
468.25,15.35,1.186
468.5,11.63,1.163
468.75,9.58,1.1303
469.0,9.23,0.6945
469.25,11.27,1.2596
469.5,10.16,0.9928
469.75,7.619999999999999,0.431
470.0,7.967,0.649
470.25,10.09,1.4579
470.5,12.33,1.2799999999999998
470.75,11.85,0.575
471.0,9.77,0.25689
471.25,12.2,1.1142
471.5,8.5,-0.171
471.75,7.19,-0.3269999999999999
472.0,6.32,-0.4615
472.25,8.629999999999999,0.0437
472.5,9.5,0.2019999999999999
472.75,8.42,0.003
473.0,7.43,-0.187
473.25,8.02,-0.103
473.5,6.15,-0.35449
473.75,5.3,-0.5142
474.0,3.953,-0.594
474.25,2.39,-0.438
474.5,1.958,-0.271
474.75,1.859,-0.19271
475.0,1.745,-0.248
475.25,1.831,-0.198286
475.5,1.749,-0.247
475.75,1.758,-0.251
476.0,1.816,-0.21
476.25,1.711,-0.28
476.5,1.806,-0.2187
476.75,1.6599999999999997,-0.326
477.0,1.706,-0.291
477.25,1.81,-0.2077
477.5,1.6799999999999995,-0.316
477.75,1.85,-0.2067999999999999
478.0,1.778,-0.241
478.25,1.811,-0.211
478.5,1.791,-0.1676
478.75,1.459,-0.1327
479.0,1.5570000000000002,-0.074
479.25,1.438,-0.204
479.5,1.449,-0.207
479.75,1.461,-0.181231
480.0,1.393,-0.23
480.25,1.519,-0.1304
480.5,1.456,-0.1709999999999999
480.75,1.503,-0.1214
481.0,1.518,-0.1044
481.25,1.4389999999999998,-0.163
481.5,1.533,-0.1074
481.75,1.404,-0.205
482.0,1.4680000000000002,-0.166
482.25,1.4560000000000002,-0.1688
482.5,1.385,-0.225
482.75,1.533,-0.1104
483.0,1.423,-0.204
483.25,1.5359999999999998,-0.0951
483.5,1.463,-0.154
483.75,1.4520000000000002,-0.161
484.0,1.476,-0.1655
484.25,1.389,-0.215
484.5,1.52,-0.126
484.75,1.403,-0.207
485.0,1.443,-0.1848
485.25,1.517,-0.122
485.5,1.479,-0.174
485.75,1.593,-0.0403899999999999
486.0,1.4600000000000002,-0.12983
486.25,1.497,-0.11276
486.5,1.465,-0.14889
486.75,1.7880000000000005,-0.1508
487.0,2.253,-0.1286
487.25,2.167,-0.312
487.5,3.3870000000000005,0.0892999999999999
487.75,4.98,0.0345999999999999
488.0,10.58,1.329
488.25,10.86,1.602
488.5,16.41,3.644
488.75,16.82,3.344
489.0,16.76,2.415
489.25,19.0,2.367
489.5,20.1,2.083
489.75,23.91,3.329
490.0,26.91,2.416
490.25,26.89,2.377
490.5,26.4,2.43
490.75,24.73,2.4634
491.0,24.52,2.765
491.25,24.07,1.944
491.5,23.8,1.6488
491.75,21.36,1.6886
492.0,20.19,2.1619999999999995
492.25,13.03,1.794
492.5,13.07,2.1
492.75,13.64,2.345
493.0,14.83,2.503
493.25,14.05,1.627
493.5,10.4,1.1202
493.75,8.02,0.5008
494.0,8.228000000000002,0.8999999999999998
494.25,7.31,-0.326
494.5,9.11,-0.3368
494.75,9.31,-0.3076
495.0,9.65,0.125
495.25,9.66,0.063
495.5,8.440000000000001,-0.104
495.75,7.25,-0.045
496.0,6.69,0.1688
496.25,7.461,0.309
496.5,6.933,0.1719
496.75,5.235,0.0039999999999999
497.0,3.78,-0.1675
497.25,4.27,-0.11
497.5,3.831,-0.07571
497.75,2.974,-0.24
498.0,1.817,-0.35
498.25,1.838,-0.259
498.5,1.569,-0.307
498.75,1.666,-0.235
499.0,1.626,-0.263
499.25,1.578,-0.303
499.5,1.7559999999999998,-0.1947
499.75,1.53,-0.3359999999999999
500.0,1.496,-0.356
500.25,1.585,-0.299
500.5,1.599,-0.372
500.75,1.713,-0.26597
501.0,1.561,-0.314
501.25,1.666,-0.293
501.5,1.739,-0.2223
501.75,1.67,-0.255
502.0,1.665,-0.264
502.25,1.585,-0.31
502.5,1.554,-0.324
502.75,1.701,-0.2228
503.0,1.634,-0.2693
503.25,1.705,-0.218
503.5,1.689,-0.2339999999999999
503.75,2.439,0.5296
504.0,1.744,-0.2438
504.25,1.575,-0.321
504.5,1.65,-0.255
504.75,1.627,-0.265
505.0,1.613,-0.2769
505.25,1.761,-0.1507
505.5,1.627,-0.2611
505.75,1.713,-0.1654
506.0,1.6090000000000002,-0.276
506.25,1.597,-0.324
506.5,1.675,-0.236
506.75,1.556,-0.312
507.0,1.6430000000000002,-0.2338
507.25,1.65,-0.232
507.5,1.557,-0.32
507.75,1.71,-0.18538
508.0,1.5830000000000002,-0.284
508.25,1.646,-0.245
508.5,1.574,-0.288
508.75,1.567,-0.2985
509.0,1.6760000000000002,-0.21969
509.25,1.5799999999999998,-0.295
509.5,1.7080000000000002,-0.1923
509.75,1.615,-0.2341
510.0,1.609,-0.239
510.25,1.7200000000000002,-0.19
510.5,1.544,-0.313
510.75,2.697,0.46085
511.0,2.252,0.173
511.25,2.7,-0.486
511.5,2.877,-0.48
511.75,8.03,1.006
512.0,10.79,0.5492
512.25,13.27,1.236
512.5,14.77,0.974
512.75,16.97,2.056
513.0,17.92,0.5499999999999999
513.25,20.02,1.1390000000000002
513.5,23.28,3.388
513.75,22.49,3.239
514.0,21.45,3.011
514.25,19.97,2.652
514.5,19.33,2.184
514.75,21.05,2.965
515.0,19.36,2.254
515.25,21.66,2.5540000000000003
515.5,18.65,1.694
515.75,19.6,2.2050000000000005
516.0,16.060000000000002,2.316
516.25,13.53,1.5571000000000002
516.5,11.82,1.2722000000000002
516.75,10.71,1.0733
517.0,11.22,1.8616
517.25,10.09,0.929
517.5,7.0,0.4300000000000001
517.75,5.993,0.2049999999999999
518.0,6.680000000000001,0.67
518.25,7.427999999999999,0.8030000000000002
518.5,6.063000000000001,0.27
518.75,5.919,0.1799999999999999
519.0,6.220000000000001,0.5259999999999999
519.25,6.658,0.8899999999999999
519.5,7.19,0.4099999999999999
519.75,4.774,-0.266
520.0,4.224,-0.375
520.25,3.474,-0.396
520.5,3.38,-0.4619999999999999
520.75,3.599,-0.501
521.0,4.218,0.1349
521.25,1.767,-0.357
521.5,1.5240000000000002,-0.211
521.75,1.521,-0.192
522.0,1.474,-0.231
522.25,1.623,-0.1236
522.5,1.486,-0.24
522.75,1.521,-0.194
523.0,1.566,-0.162
523.25,1.46,-0.242
523.5,1.556,-0.191
523.75,1.459,-0.263
524.0,1.457,-0.261
524.25,1.62,-0.14065
524.5,1.495,-0.231
524.75,1.56,-0.176
525.0,1.51,-0.203
525.25,1.5,-0.209
525.5,1.622,-0.1166
525.75,1.456,-0.261
526.0,1.57,-0.202
526.25,1.5450000000000002,-0.191
526.5,1.4699999999999998,-0.2343
526.75,1.659,-0.0928
527.0,1.497,-0.213
527.25,1.5530000000000002,-0.166
527.5,1.576,-0.145
527.75,1.498,-0.206
528.0,1.635,-0.1042
528.25,1.4899999999999998,-0.216
528.5,1.5479999999999998,-0.206
528.75,1.573,-0.193
529.0,1.522,-0.233
529.25,1.606,-0.1516
529.5,1.528,-0.203
529.75,1.5850000000000002,-0.15
530.0,1.5570000000000002,-0.16
530.25,1.484,-0.2269999999999999
530.5,1.574,-0.1717
530.75,1.428,-0.294
531.0,1.505,-0.234
531.25,1.506,-0.24
531.5,1.488,-0.227
531.75,1.604,-0.1431
532.0,1.482,-0.233
532.25,1.4900000000000002,-0.238
532.5,1.464,-0.268
532.75,1.4289999999999998,-0.292
533.0,1.597,-0.1644
533.25,1.4449999999999998,-0.276
533.5,1.581,-0.163
533.75,1.502,-0.206
534.0,1.486,-0.215
534.25,1.5450000000000002,-0.188
534.5,1.4429999999999998,-0.271
534.75,2.04,-0.2074
535.0,2.256,0.0425
535.25,2.696,-0.423
535.5,3.122,0.0319
535.75,6.5,0.4559999999999999
536.0,13.45,0.393
536.25,17.56,1.456
536.5,18.32,2.0330000000000004
536.75,17.89,0.8567
537.0,40.5,9.68
537.25,53.1,16.15
537.5,52.4,15.04
537.75,49.0,12.78
538.0,50.5,12.33
538.25,49.5,11.12
538.5,49.6,11.38
538.75,45.900000000000006,9.34
539.0,47.0,9.57
539.25,52.2,11.27
539.5,50.1,11.95
539.75,46.6,11.44
540.0,46.5,11.99
540.25,43.2,11.75
540.5,37.3,10.8
540.75,35.95,11.14
541.0,32.53,9.51
541.25,36.28,10.61
541.5,34.8,9.43
541.75,35.8,10.41
542.0,33.73,10.41
542.25,33.790000000000006,11.239999999999998
542.5,28.61,7.209999999999999
542.75,31.35,8.32
543.0,28.1,7.67
543.25,29.28,8.62
543.5,30.1,8.56
543.75,33.84,10.4
544.0,29.0,8.77
544.25,14.46,4.022
544.5,7.372999999999999,1.0339
544.75,6.841,0.6616
545.0,4.262,0.0412
545.25,4.001,0.1033
545.5,4.926,0.2246999999999999
545.75,4.33,0.0828999999999999
546.0,3.983,0.178
546.25,2.666,-0.0735
546.5,1.896,-0.0037
546.75,1.7000000000000002,-0.0259999999999999
547.0,1.652,-0.0735
547.25,1.836,0.0674
547.5,1.685,-0.0388
547.75,1.746,0.0149999999999999
548.0,1.717,-0.0376
548.25,1.639,-0.0789
548.5,1.784,0.0252
548.75,1.648,-0.078
549.0,1.6789999999999998,-0.0583999999999999
549.25,1.773,0.0207
549.5,1.674,-0.03
549.75,1.794,0.043
550.0,1.6190000000000002,-0.0846
550.25,1.672,-0.045
550.5,1.722,-0.0204
550.75,1.646,-0.0712
551.0,1.775,0.0264
551.25,1.663,-0.0583
551.5,1.718,-0.00442
551.75,1.767,0.0094999999999999
552.0,1.641,-0.0812
552.25,1.775,0.0236
552.5,1.66,-0.0620999999999999
552.75,1.7119999999999995,-0.0224
553.0,1.814,0.0728
553.25,1.702,-0.0253999999999999
553.5,1.83,0.0686
553.75,1.654,-0.0479999999999999
554.0,1.689,-0.0461
554.25,1.761,0.0070999999999999
554.5,1.655,-0.0726
554.75,1.7920000000000005,0.0341999999999999
555.0,1.726,0.0030999999999999
555.25,1.702,-0.021
555.5,1.764,0.005
555.75,1.65,-0.0705
556.0,1.7120000000000002,-0.0279999999999999
556.25,1.711,-0.0263999999999999
556.5,1.664,-0.048
556.75,1.861,0.101
557.0,1.6920000000000002,-0.0213
557.25,1.749,0.0256999999999999
557.5,1.698,-0.0304
557.75,1.642,-0.0665999999999999
558.0,1.788,0.0608
558.25,1.623,-0.0678
558.5,1.754,0.0247
558.75,2.365,0.1667
559.0,3.164,0.4867
559.25,3.865,0.374
559.5,3.458,-0.0194
559.75,4.761,0.0451
560.0,9.69,0.7759999999999999
560.25,10.46,1.1991
560.5,9.73,0.5169999999999999
560.75,40.8,13.7
561.0,40.1,11.66
561.25,16.79,0.4233
561.5,20.92,1.985
561.75,19.88,0.942
562.0,20.98,1.392
562.25,20.4,1.068
562.5,20.27,0.8899999999999999
562.75,22.12,1.086
563.0,23.06,1.356
563.25,22.3,1.14
563.5,21.1,1.124
563.75,18.26,0.9699
564.0,14.45,0.6818
564.25,15.24,1.499
564.5,11.8,0.96
564.75,9.2,0.5098
565.0,8.9,0.908
565.25,8.42,0.4953999999999999
565.5,8.61,0.8089999999999999
565.75,5.760000000000001,-0.1114
566.0,3.596,-0.3419999999999999
566.25,3.629,-0.1954
566.5,6.16,0.031
566.75,6.74,0.0569999999999999
567.0,6.58,0.0369999999999999
567.25,6.550000000000001,-0.0129999999999999
567.5,6.749999999999999,0.1459999999999999
567.75,6.56,0.035
568.0,6.67,0.085
568.25,6.799999999999999,0.1579999999999999
568.5,6.85,0.1059999999999999
568.75,7.94,0.421
569.0,6.74,0.196
569.25,5.85,0.0609999999999999
569.5,4.24,0.0166
569.75,4.14,-0.0419999999999999
570.0,2.672,-0.1997
570.25,1.793,-0.1351
570.5,1.6490000000000002,-0.1874
570.75,1.801,-0.0781999999999999
571.0,1.6840000000000002,-0.1554299999999999
571.25,1.6900000000000002,-0.16024
571.5,1.752,-0.1217
571.75,1.642,-0.2219999999999999
572.0,1.758,-0.135
572.25,1.644,-0.261
572.5,1.712,-0.141
572.75,1.743,-0.1407999999999999
573.0,1.649,-0.195
573.25,1.751,-0.1289
573.5,1.713,-0.1495
573.75,1.6820000000000002,-0.186
574.0,1.791,-0.1083
574.25,1.653,-0.192
574.5,1.751,-0.1148
574.75,1.739,-0.1371
575.0,1.725,-0.1279
575.25,1.867,-0.0251999999999999
575.5,1.72,-0.132
575.75,1.745,-0.1131
576.0,1.75,-0.1245
576.25,1.652,-0.1999
576.5,1.756,-0.128
576.75,1.694,-0.1845
577.0,1.648,-0.203
577.25,1.806,-0.094
577.5,1.661,-0.191
577.75,1.713,-0.1375
578.0,1.735,-0.1447
578.25,1.655,-0.192
578.5,1.79,-0.0947
578.75,1.672,-0.181
579.0,1.709,-0.14779
579.25,1.747,-0.121
579.5,1.651,-0.2
579.75,1.818,-0.0747
580.0,1.689,-0.162
580.25,1.691,-0.1656
580.5,1.77,-0.1138
580.75,1.657,-0.186
581.0,1.789,-0.1026
581.25,1.7600000000000002,-0.10643
581.5,1.753,-0.126
581.75,1.841,-0.0504
582.0,1.66,-0.181
582.25,1.738,-0.115959
582.5,1.861,-0.0091
582.75,1.653,-0.186
583.0,1.845,-0.0635
583.25,1.715,-0.16646
583.5,1.6230000000000002,-0.24
583.75,1.729,-0.1384999999999999
584.0,1.68,-0.182
584.25,1.807,-0.0648
584.5,1.679,-0.158
584.75,1.668,-0.1779
585.0,1.736,-0.1299
585.25,1.7140000000000002,-0.1253
585.5,1.77,-0.0973
585.75,1.665,-0.174
586.0,1.671,-0.1749
586.25,1.785,-0.088
586.5,1.653,-0.1792
586.75,1.754,-0.1187
587.0,1.761,-0.1014
587.25,1.69,-0.15
587.5,1.757,-0.1197999999999999
587.75,1.6450000000000002,-0.197
588.0,1.693,-0.1659
588.25,1.765,-0.1032
588.5,1.6410000000000002,-0.19
588.75,1.755,-0.1182
589.0,1.6250000000000002,-0.217
589.25,1.766,-0.10308
589.5,1.763,-0.1011
589.75,1.617,-0.215
590.0,1.759,-0.12
590.25,1.654,-0.204
590.5,1.64,-0.196
590.75,1.698,-0.1616
591.0,1.615,-0.207
591.25,1.769,-0.0997
591.5,1.6840000000000002,-0.154
591.75,1.621,-0.211
592.0,1.705,-0.16
592.25,1.606,-0.225
592.5,1.689,-0.166
592.75,1.6509999999999998,-0.1941
593.0,1.593,-0.232
593.25,2.751,0.0117
593.5,2.504,-0.122
593.75,1.703,-0.1492
594.0,1.767,-0.1004999999999999
594.25,1.599,-0.242
594.5,1.74,-0.1294
594.75,1.626,-0.203
595.0,1.793,-0.066
595.25,1.678,-0.1725
595.5,1.6090000000000002,-0.218
595.75,1.716,-0.1526
596.0,1.6070000000000002,-0.2319999999999999
596.25,1.622,-0.23
596.5,1.835,-0.0535
596.75,1.605,-0.239
597.0,1.685,-0.1764
597.25,1.679,-0.173
597.5,1.628,-0.218
597.75,1.779,-0.1032
598.0,1.6790000000000005,-0.162
598.25,1.723,-0.1192
598.5,1.718,-0.1481
598.75,1.654,-0.193
599.0,1.797,-0.1616999999999999
599.25,1.713,-0.1316
599.5,1.7159999999999995,-0.137
599.75,1.858,-0.0341999999999999
600.0,1.662,-0.1864
600.25,1.759,-0.1204
600.5,1.718,-0.143
600.75,1.691,-0.1567
601.0,1.8000000000000005,-0.0789
601.25,1.715,-0.142
601.5,1.789,-0.0962
601.75,1.705,-0.1545
602.0,1.656,-0.186
602.25,1.826,-0.05837
602.5,1.686,-0.185
602.75,1.721,-0.143
603.0,1.785,-0.0828
603.25,1.659,-0.19
603.5,1.784,-0.0915
603.75,1.6630000000000005,-0.182
604.0,1.6769999999999998,-0.1782
604.25,1.801,-0.09
604.5,1.696,-0.155
604.75,1.834,-0.0654
605.0,1.6490000000000002,-0.2029999999999999
605.25,1.6450000000000002,-0.203
605.5,1.797,-0.0948999999999999
605.75,1.645,-0.1914
606.0,1.7440000000000002,-0.1164
606.25,1.786,-0.0952
606.5,1.705,-0.13318
606.75,1.807,-0.07
607.0,1.6710000000000005,-0.176
607.25,1.695,-0.1525
607.5,1.758,-0.09848
607.75,1.6860000000000002,-0.1557
608.0,1.846,-0.0216999999999999
608.25,1.703,-0.1442
608.5,1.738,-0.14255
608.75,1.769,-0.1149999999999999
609.0,1.643,-0.1844
609.25,1.76,-0.1111
609.5,1.664,-0.179
609.75,1.718,-0.1243
610.0,1.802,-0.0745
610.25,1.651,-0.193
610.5,1.729,-0.1324
610.75,1.688,-0.15831
611.0,1.666,-0.175
611.25,1.835,-0.0388
611.5,1.698,-0.161
611.75,1.754,-0.0960589999999999
612.0,1.806,-0.06503
612.25,1.647,-0.1896
612.5,1.773,-0.0982
612.75,1.642,-0.19
613.0,1.661,-0.185
613.25,1.755,-0.1134
613.5,1.702,-0.141
613.75,1.7970000000000002,-0.0783
614.0,1.66,-0.166
614.25,1.65,-0.178
614.5,1.774,-0.1086
614.75,1.677,-0.187
615.0,1.711,-0.1490999999999999
615.25,1.753,-0.10475
615.5,1.6760000000000002,-0.157
615.75,1.777,-0.103
616.0,1.611,-0.221
616.25,1.6849999999999998,-0.172
616.5,1.72,-0.1407
616.75,1.5810000000000002,-0.24
617.0,1.713,-0.1416
617.25,1.7000000000000002,-0.145
617.5,1.673,-0.197
617.75,1.7020000000000002,-0.1722999999999999
618.0,1.594,-0.2269999999999999
618.25,1.676,-0.1699999999999999
618.5,1.661,-0.17357
618.75,1.6429999999999998,-0.191
619.0,1.813,-0.0667
619.25,1.628,-0.181
619.5,1.641,-0.195
619.75,1.6989999999999998,-0.1477
620.0,1.596,-0.237
620.25,1.753,-0.1167999999999999
620.5,1.6720000000000002,-0.1748
620.75,1.681,-0.165
621.0,1.817,-0.0932
621.25,1.618,-0.219
621.5,1.669,-0.1805
621.75,1.683,-0.16715
622.0,1.625,-0.216
622.25,1.754,-0.1193999999999999
622.5,1.676,-0.168
622.75,1.677,-0.158
623.0,1.675,-0.193
623.25,1.632,-0.199
623.5,1.7660000000000002,-0.1214
623.75,1.669,-0.166
624.0,1.655,-0.182
624.25,1.8040000000000005,-0.0827
624.5,1.719,-0.1255
624.75,1.762,-0.1076
625.0,1.723,-0.1356
625.25,1.6550000000000002,-0.186
625.5,1.798,-0.0819
625.75,1.6820000000000002,-0.236
626.0,1.753,-0.09368
626.25,1.809,-0.0619999999999999
626.5,1.7480000000000002,-0.1099
626.75,1.798,-0.0756
627.0,1.6960000000000002,-0.176
627.25,1.655,-0.184
627.5,1.786,-0.0899
627.75,1.663,-0.179
628.0,1.735,-0.1303
628.25,1.714,-0.13818
628.5,1.718,-0.137
628.75,1.8200000000000005,-0.0493749999999999
629.0,1.647,-0.191
629.25,1.739,-0.12185
629.5,1.73,-0.1351
629.75,1.6590000000000005,-0.185
630.0,1.7800000000000002,-0.0918
630.25,1.679,-0.168
630.5,1.742,-0.118
630.75,2.148,-0.1162
631.0,1.942,-0.251
631.25,3.564,0.5031
631.5,2.862,0.0802
631.75,4.640000000000001,-0.6
632.0,6.76,-0.0014
632.25,9.83,0.5637
632.5,12.31,0.794
632.75,15.9,2.007
633.0,17.22,2.534
633.25,20.47,2.797
633.5,27.68,4.396999999999999
633.75,27.72,3.823
634.0,26.17,2.403
634.25,24.94,2.364
634.5,25.84,2.942
634.75,25.87,2.47
635.0,25.770000000000003,2.482
635.25,24.91,1.8412
635.5,24.94,2.659
635.75,22.99,2.623
636.0,20.49,2.0418
636.25,19.44,1.992
636.5,15.46,2.055
636.75,14.91,2.638
637.0,14.27,2.802
637.25,13.77,2.035
637.5,13.61,1.983
637.75,13.79,2.214
638.0,15.39,2.732
638.25,11.59,1.2970000000000002
638.5,11.78,1.18
638.75,9.36,0.509
639.0,7.66,0.15
639.25,7.7,0.301
639.5,7.22,0.2465999999999999
639.75,6.720000000000001,0.0299999999999999
640.0,7.19,0.5332
640.25,4.753,-0.0579999999999999
640.5,5.097,0.0179999999999999
640.75,5.58,0.0837999999999999
641.0,5.52,0.0459999999999999
641.25,5.15,-0.0081999999999999
641.5,4.239,-0.0822999999999999
641.75,3.3120000000000003,-0.105
642.0,3.2030000000000003,-0.0259
642.25,2.249,-0.12983
642.5,2.289,-0.1276
642.75,1.856,-0.0663
643.0,1.5559999999999998,-0.1128
643.25,1.668,-0.0455999999999999
643.5,1.583,-0.0849
643.75,1.49,-0.1709999999999999
644.0,1.606,-0.1235
644.25,1.481,-0.205
644.5,1.583,-0.1168
644.75,1.548,-0.1445
645.0,1.451,-0.222
645.25,1.5749999999999995,-0.1393
645.5,1.519,-0.182
645.75,1.5510000000000002,-0.1383
646.0,1.512,-0.197
646.25,1.48,-0.2
646.5,1.604,-0.0946
646.75,1.5419999999999998,-0.138
647.0,1.484,-0.2
647.25,1.618,-0.1021
647.5,1.549,-0.14
647.75,1.6569999999999998,-0.0504
648.0,1.539,-0.1568
648.25,1.543,-0.16038
648.5,1.6700000000000002,-0.0463
648.75,1.584,-0.1101999999999999
649.0,1.6149999999999998,-0.1032
649.25,1.53,-0.1659999999999999
649.5,1.525,-0.159
649.75,1.688,-0.0187999999999999
650.0,1.509,-0.1695
650.25,1.6100000000000003,-0.12
650.5,1.603,-0.1088
650.75,1.529,-0.142
651.0,1.62,-0.1058
651.25,1.475,-0.205
651.5,1.564,-0.12743
651.75,1.648,-0.0783
652.0,1.487,-0.206
652.25,1.5829999999999995,-0.1245999999999999
652.5,1.5339999999999998,-0.151
652.75,1.579,-0.1709999999999999
653.0,1.65,-0.0666
653.25,1.524,-0.151
653.5,1.6729999999999998,-0.0581
653.75,1.566,-0.1096
654.0,1.506,-0.176
654.25,1.602,-0.09308
654.5,1.505,-0.1628
654.75,1.96,-0.0833
655.0,1.815,-0.216
655.25,2.7750000000000004,-0.2
655.5,3.833,-0.021
655.75,4.027,0.021
656.0,13.97,2.0980000000000003
656.25,18.52,1.127
656.5,18.09,0.6319999999999999
656.75,31.25,7.01
657.0,50.5,17.02
657.25,41.2,12.59
657.5,36.5,9.26
657.75,42.1,11.260000000000002
658.0,39.7,10.1
658.25,25.93,3.4530000000000003
658.5,22.43,1.726
658.75,23.62,2.434
659.0,24.15,2.953
659.25,22.08,2.3550000000000004
659.5,20.92,1.6821
659.75,19.73,1.754
660.0,18.69,1.9146
660.25,16.77,2.148
660.5,12.69,1.418
660.75,12.09,1.587
661.0,12.57,2.062
661.25,13.02,1.832
661.5,13.89,1.66
661.75,13.99,1.23
662.0,15.4,1.6689999999999998
662.25,16.95,2.928
662.5,12.34,1.233
662.75,11.27,0.971
663.0,6.67,-0.2905
663.25,5.547,-0.31333
663.5,5.204,-0.154
663.75,4.464,-0.514
664.0,4.77,-0.49
664.25,6.708,0.0729999999999999
664.5,6.879999999999999,0.63
664.75,5.746,-0.015
665.0,6.408,0.243
665.25,6.92,0.3369999999999999
665.5,6.475,1.314
665.75,6.142,0.9702
666.0,6.4,0.6751
666.25,5.943,0.8352499999999999
666.5,6.299,1.3503
666.75,5.752000000000001,1.2494
667.0,2.435,0.1354
667.25,1.529,-0.20389
667.5,1.599,-0.17412
667.75,1.54,-0.2269999999999999
668.0,1.517,-0.232
668.25,1.626,-0.1539
668.5,1.468,-0.275
668.75,1.504,-0.267
669.0,1.529,-0.237
669.25,1.497,-0.2329999999999999
669.5,1.6270000000000002,-0.1625
669.75,1.503,-0.262
670.0,1.5670000000000002,-0.21
670.25,1.669,-0.12854
670.5,1.543,-0.2219999999999999
670.75,1.6509999999999998,-0.1441
671.0,1.545,-0.21309
671.25,1.567,-0.194
671.5,1.6920000000000002,-0.1076
671.75,1.488,-0.275
672.0,1.601,-0.1943
672.25,1.563,-0.2029999999999999
672.5,1.584,-0.1754
672.75,1.645,-0.1416
673.0,1.489,-0.26
673.25,1.617,-0.17038
673.5,1.587,-0.173
673.75,1.532,-0.2227
674.0,1.653,-0.1383
674.25,1.5379999999999998,-0.2332
674.5,1.661,-0.1245999999999999
674.75,1.5799999999999998,-0.1829
675.0,1.501,-0.255
675.25,1.638,-0.15
675.5,1.552,-0.212
675.75,1.6210000000000002,-0.146
676.0,1.602,-0.1795
676.25,1.5510000000000002,-0.22805
676.5,1.652,-0.14619
676.75,1.59,-0.17878
677.0,1.616,-0.15238
677.25,1.593,-0.192
677.5,1.532,-0.2266
677.75,1.7,-0.10194
678.0,1.568,-0.1858
678.25,1.576,-0.1735
678.5,1.588,-0.1756
678.75,2.539,0.28973
679.0,2.085,-0.1719
679.25,2.585,-0.42
679.5,2.676,-0.358
679.75,3.54,-0.61
680.0,9.41,1.421
680.25,12.239999999999998,2.1500000000000004
680.5,12.25,1.0739999999999998
680.75,15.64,1.279
681.0,19.21,1.2839999999999998
681.25,17.18,0.6060000000000001
681.5,21.19,2.11
681.75,20.26,2.1661
682.0,19.3,1.5405
682.25,18.91,1.2369
682.5,17.9,1.2396
682.75,18.51,2.139
683.0,18.84,2.16
683.25,18.21,1.644
683.5,17.64,1.7029999999999998
683.75,17.12,1.5508
684.0,17.86,2.557
684.25,14.87,1.2569
684.5,13.65,2.011
684.75,12.14,1.452
685.0,14.07,2.461
685.25,13.16,1.665
685.5,13.9,1.901
685.75,13.31,1.722
686.0,15.57,2.27
686.25,17.29,3.135
686.5,17.95,2.4290000000000003
686.75,16.43,2.2110000000000003
687.0,15.57,2.5
687.25,15.36,2.8629999999999995
687.5,14.33,2.219
687.75,10.48,0.868
688.0,11.96,1.123
688.25,12.45,1.662
688.5,12.38,1.233
688.75,9.7,0.8420000000000001
689.0,8.48,0.67457
689.25,7.68,1.1786
689.5,6.550000000000001,1.3017
689.75,5.009,0.5129999999999999
690.0,4.492,0.6381000000000001
690.25,4.34,0.9310000000000002
690.5,2.3520000000000003,-0.17807
690.75,2.2430000000000003,-0.2232
691.0,2.0050000000000003,-0.294
691.25,1.8,-0.2167
691.5,1.535,-0.203
691.75,1.557,-0.203
692.0,1.552,-0.22
692.25,1.46,-0.275
692.5,1.666,-0.1315
692.75,1.503,-0.237
693.0,1.5459999999999998,-0.222
693.25,1.495,-0.24
693.5,1.4819999999999998,-0.255
693.75,1.618,-0.1642
694.0,1.492,-0.256
694.25,1.556,-0.225
694.5,1.543,-0.23
694.75,1.56,-0.213
695.0,1.64,-0.14345
695.25,1.476,-0.273
695.5,1.509,-0.243
695.75,1.5750000000000002,-0.188
696.0,1.519,-0.217
696.25,1.623,-0.1596
696.5,1.49,-0.251
696.75,1.586,-0.182
697.0,1.601,-0.161
697.25,1.498,-0.234
697.5,1.632,-0.1545
697.75,1.505,-0.24
698.0,1.63,-0.17015
698.25,1.602,-0.1649999999999999
698.5,1.511,-0.242
698.75,1.634,-0.1494
699.0,1.488,-0.256
699.25,1.602,-0.157
699.5,1.627,-0.139
699.75,1.4899999999999998,-0.256
700.0,1.604,-0.17162
700.25,1.541,-0.213
700.5,1.5750000000000002,-0.18
700.75,1.5510000000000002,-0.214
701.0,1.505,-0.257
701.25,1.608,-0.1703299999999999
701.5,1.5319999999999998,-0.212
701.75,1.5639999999999998,-0.191
702.0,1.552,-0.208
702.25,1.471,-0.256
702.5,1.672,-0.1148
702.75,2.4530000000000003,0.1962
703.0,2.476,0.1581999999999999
703.25,2.719,-0.438
703.5,2.659,-0.4599999999999999
703.75,4.59,-0.59
704.0,7.6,-0.0491999999999999
704.25,12.56,1.158
704.5,15.04,0.8743000000000001
704.75,14.7,0.955
705.0,14.14,0.4489999999999999
705.25,15.54,0.75089
705.5,15.45,0.533
705.75,15.18,0.715
706.0,15.7,0.6011
706.25,15.29,0.5840000000000001
706.5,16.23,0.7248
706.75,16.490000000000002,0.892
707.0,17.3,1.0126
707.25,17.24,1.08592
707.5,15.739999999999998,0.777
707.75,15.46,1.1715
708.0,13.78,0.7379
708.25,11.93,0.5749
708.5,9.33,1.11
708.75,7.71,0.4819
709.0,9.66,1.716
709.25,10.59,2.29
709.5,10.19,2.095
709.75,9.49,1.654
710.0,11.11,1.803
710.25,11.51,1.87
710.5,12.54,2.4880000000000004
710.75,11.73,1.91
711.0,11.18,1.764
711.25,11.09,1.83
711.5,10.45,1.9176
711.75,7.35,1.061
712.0,6.869,0.732
712.25,5.98,0.482
712.5,6.068,1.0592
712.75,6.14,1.0458
713.0,5.35,0.5680000000000001
713.25,4.621,0.4988999999999999
713.5,4.882,0.836
713.75,5.29,1.309
714.0,4.13,0.6408
714.25,3.939,0.6301
714.5,4.021,0.8584700000000001
714.75,4.567,1.342
715.0,3.952,0.6449999999999999
715.25,4.065,0.6103
715.5,3.68,0.751
715.75,4.397,1.419
716.0,3.4530000000000003,0.509
716.25,2.648,-0.064
716.5,2.106,-0.261
716.75,2.015,-0.34
717.0,2.047,-0.321
717.25,1.995,-0.365
717.5,2.027,-0.328
717.75,2.151,-0.221
718.0,1.996,-0.353
718.25,2.077,-0.311
718.5,2.038,-0.337
718.75,2.034,-0.3359999999999999
719.0,2.17,-0.222
719.25,2.009,-0.36
719.5,2.058,-0.317
719.75,2.125,-0.2789999999999999
720.0,2.077,-0.298
720.25,2.108,-0.275
720.5,2.006,-0.355
720.75,2.026,-0.346
721.0,2.198,-0.242
721.25,2.041,-0.323
721.5,2.104,-0.283
721.75,2.031,-0.345
722.0,2.024,-0.359
722.25,2.199,-0.217
722.5,2.072,-0.311
722.75,2.104,-0.289
723.0,2.131,-0.274
723.25,2.0460000000000003,-0.328
723.5,2.2110000000000003,-0.192
723.75,2.099,-0.283
724.0,2.073,-0.303
724.25,2.115,-0.27
724.5,2.061,-0.321
724.75,2.1870000000000003,-0.215
725.0,2.059,-0.306
725.25,2.054,-0.322
725.5,2.192,-0.235
725.75,2.119,-0.319
726.0,2.177,-0.2249999999999999
726.25,2.089,-0.29
726.5,2.034,-0.323
726.75,2.947,0.2271
727.0,2.878,0.1354
727.25,3.519,-0.267
727.5,3.333,-0.338
727.75,5.99,-0.0429
728.0,9.06,1.025
728.25,10.42,1.209
728.5,12.03,0.202
728.75,12.43,0.1939999999999999
729.0,14.41,0.7259
729.25,15.19,1.23
729.5,13.02,0.435
729.75,13.73,0.858
730.0,13.16,0.959
730.25,13.13,0.60587
730.5,13.55,0.5309999999999999
730.75,14.88,1.0529000000000002
731.0,15.03,0.8597
731.25,15.669999999999998,0.6266
731.5,13.56,0.14393
731.75,15.02,1.569
732.0,13.12,0.3918999999999999
732.25,12.23,0.3482
732.5,9.61,0.3141
732.75,10.27,0.7300000000000001
733.0,10.11,0.7869999999999999
733.25,9.67,0.694
733.5,5.836,-0.146
733.75,5.829000000000001,-0.448
734.0,7.56,-0.3394
734.25,8.540000000000001,-0.1828999999999999
734.5,8.4,-0.007
734.75,7.609999999999999,-0.087
735.0,7.54,-0.1008
735.25,5.73,-0.2676
735.5,6.38,-0.198
735.75,6.24,-0.195
736.0,6.143,-0.267
736.25,6.116,-0.269
736.5,5.301,-0.1762
736.75,4.692,-0.1246999999999999
737.0,4.890000000000001,0.0
737.25,4.619,-0.14474
737.5,3.173,-0.312
737.75,3.387,-0.1528
738.0,3.044,-0.1999999999999999
738.25,2.076,-0.196
738.5,1.7479999999999998,-0.282
738.75,1.693,-0.314
739.0,1.785,-0.254
739.25,1.718,-0.276
739.5,1.7440000000000002,-0.272
739.75,1.745,-0.282
740.0,1.646,-0.358
740.25,1.781,-0.25
740.5,1.772,-0.254
740.75,1.673,-0.3279999999999999
741.0,1.767,-0.26
741.25,1.649,-0.35
741.5,1.7879999999999998,-0.2279999999999999
741.75,1.752,-0.259
742.0,1.6869999999999998,-0.327
742.25,1.7859999999999998,-0.259
742.5,1.711,-0.312
742.75,1.776,-0.243
743.0,1.804,-0.21
743.25,1.693,-0.325
743.5,1.839,-0.227
743.75,1.707,-0.301
744.0,1.781,-0.238
744.25,1.836,-0.2279999999999999
744.5,1.7009999999999998,-0.307
744.75,1.811,-0.225
745.0,1.744,-0.266
745.25,1.775,-0.241
745.5,1.875,-0.17114
745.75,1.721,-0.295
746.0,1.835,-0.233
746.25,1.765,-0.265
746.5,1.751,-0.266
746.75,1.865,-0.17979
747.0,1.7009999999999998,-0.304
747.25,1.753,-0.267
747.5,1.807,-0.2279999999999999
747.75,1.782,-0.237
748.0,1.864,-0.1766
748.25,1.711,-0.3
748.5,1.745,-0.274
748.75,1.85,-0.209
749.0,1.765,-0.241
749.25,1.813,-0.217
749.5,1.7009999999999998,-0.303
749.75,1.7049999999999998,-0.301
750.0,1.857,-0.1891
750.25,1.756,-0.242
750.5,1.804,-0.245
750.75,1.731,-0.275
751.0,1.6849999999999998,-0.314
751.25,1.861,-0.1811
751.5,1.7520000000000002,-0.25
751.75,1.798,-0.2339999999999999
752.0,1.791,-0.243
752.25,1.7049999999999998,-0.293
752.5,1.852,-0.184
752.75,1.7520000000000002,-0.248
753.0,1.708,-0.288
753.25,1.801,-0.223
753.5,1.6980000000000002,-0.302
753.75,1.828,-0.211
754.0,1.806,-0.243
754.25,1.763,-0.3269999999999999
754.5,1.903,-0.2265
754.75,1.688,-0.321
755.0,1.82,-0.209
755.25,1.783,-0.2239999999999999
755.5,1.695,-0.305
755.75,1.826,-0.2281
756.0,1.694,-0.32
756.25,1.7679999999999998,-0.249
756.5,1.83,-0.201
756.75,1.7400000000000002,-0.305
757.0,1.8,-0.239
757.25,1.684,-0.32
757.5,1.731,-0.281
757.75,1.824,-0.199
758.0,1.687,-0.308
758.25,1.758,-0.262
758.5,1.732,-0.29
758.75,1.72,-0.285
759.0,1.869,-0.1776
759.25,1.832,-0.2348
759.5,1.744,-0.273
759.75,1.761,-0.267
760.0,1.716,-0.286
760.25,1.895,-0.1315299999999999
760.5,1.691,-0.29
760.75,1.681,-0.32
761.0,1.776,-0.257
761.25,1.662,-0.322
761.5,1.7959999999999998,-0.219
761.75,1.73,-0.279
762.0,1.734,-0.3399999999999999
762.25,1.83,-0.2231
762.5,1.637,-0.2417
762.75,1.655,-0.21
763.0,1.652,-0.202
763.25,1.559,-0.3
763.5,1.65,-0.2249999999999999
763.75,1.564,-0.279
764.0,1.593,-0.252
764.25,1.703,-0.1699999999999999
764.5,1.554,-0.303
764.75,1.634,-0.252
765.0,1.5910000000000002,-0.275
765.25,1.602,-0.246
765.5,1.778,-0.1284
765.75,1.5810000000000002,-0.273
766.0,1.6780000000000002,-0.199
766.25,1.6309999999999998,-0.242
766.5,1.627,-0.2329999999999999
766.75,1.738,-0.14733
767.0,1.6,-0.243
767.25,1.6010000000000002,-0.268
767.5,1.6469999999999998,-0.23
767.75,1.593,-0.262
768.0,1.7239999999999998,-0.154
768.25,1.605,-0.26
768.5,1.5830000000000002,-0.282
768.75,1.617,-0.255
769.0,1.609,-0.27
769.25,1.723,-0.1521
769.5,1.617,-0.226
769.75,1.559,-0.302
770.0,1.671,-0.212
770.25,1.586,-0.269
770.5,1.706,-0.1649999999999999
770.75,1.639,-0.216
771.0,1.614,-0.28
771.25,1.6820000000000002,-0.2086
771.5,1.59,-0.274
771.75,1.714,-0.175
772.0,1.6749999999999998,-0.202
772.25,1.6090000000000002,-0.271
772.5,1.695,-0.185
772.75,1.63,-0.221
773.0,1.782,-0.10033
773.25,1.696,-0.175
773.5,1.5770000000000002,-0.279
773.75,1.681,-0.202
774.0,1.6090000000000002,-0.252
774.25,1.673,-0.195
774.5,1.7280000000000002,-0.153
774.75,1.591,-0.265
775.0,1.705,-0.2005
775.25,1.681,-0.224
775.5,1.657,-0.194
775.75,1.7439999999999998,-0.1304
776.0,1.586,-0.254
776.25,1.712,-0.183
776.5,1.623,-0.2279999999999999
776.75,1.6469999999999998,-0.208
777.0,1.7480000000000002,-0.12885
777.25,1.567,-0.279
777.5,1.608,-0.26
777.75,1.607,-0.246
778.0,1.59,-0.242
778.25,1.6789999999999998,-0.183
778.5,1.544,-0.306
778.75,1.563,-0.282
779.0,1.691,-0.19367
779.25,1.625,-0.213
779.5,1.6709999999999998,-0.184
779.75,1.597,-0.24
780.0,1.517,-0.318
780.25,1.644,-0.2309999999999999
780.5,1.5319999999999998,-0.311
780.75,1.6719999999999997,-0.181
781.0,1.654,-0.204
781.25,1.5759999999999998,-0.299
781.5,1.655,-0.2329999999999999
781.75,1.549,-0.299
782.0,1.6010000000000002,-0.262
782.25,1.6840000000000002,-0.181
782.5,1.576,-0.266
782.75,1.632,-0.253
783.0,1.578,-0.28
783.25,1.5539999999999998,-0.292
783.5,1.73,-0.15678
783.75,1.576,-0.261
784.0,1.621,-0.233
784.25,1.5930000000000002,-0.266
784.5,1.556,-0.293
784.75,1.73,-0.1671
785.0,1.54,-0.282
785.25,1.6189999999999998,-0.2289999999999999
785.5,1.614,-0.25
785.75,1.553,-0.297
786.0,1.654,-0.2219999999999999
786.25,1.611,-0.236
786.5,1.597,-0.245
786.75,1.695,-0.185
787.0,1.536,-0.305
787.25,1.62,-0.248
787.5,1.626,-0.268
787.75,1.58,-0.26
788.0,1.727,-0.1686
788.25,1.528,-0.304
788.5,1.595,-0.27
788.75,1.61,-0.26
789.0,1.586,-0.274
789.25,1.672,-0.207
789.5,1.606,-0.306
789.75,1.592,-0.286
790.0,1.713,-0.17
790.25,1.5530000000000002,-0.314
790.5,1.674,-0.206
790.75,1.661,-0.209
791.0,1.611,-0.25
791.25,1.701,-0.1916
791.5,1.558,-0.302
791.75,1.633,-0.244
792.0,1.709,-0.173
792.25,1.628,-0.226
792.5,1.722,-0.17352
792.75,1.571,-0.294
793.0,1.597,-0.27
793.25,1.692,-0.2
793.5,1.6309999999999998,-0.233
793.75,1.711,-0.18
794.0,1.6070000000000002,-0.262
794.25,1.578,-0.288
794.5,1.698,-0.20038
794.75,1.608,-0.251
795.0,1.709,-0.189
795.25,1.681,-0.208
795.5,1.578,-0.301
795.75,1.684,-0.214
796.0,1.617,-0.252
796.25,1.669,-0.213
796.5,1.811,-0.0825999999999999
796.75,1.567,-0.309
797.0,1.662,-0.211
797.25,1.605,-0.261
797.5,1.602,-0.241
797.75,1.738,-0.1339
798.0,1.614,-0.223
798.25,1.638,-0.241
798.5,1.63,-0.245
798.75,2.272,-0.1496
799.0,1.979,-0.146
799.25,1.922,-0.285
799.5,1.946,-0.304
799.75,7.309999999999999,0.7849999999999999
800.0,10.260000000000002,1.814
800.25,10.48,1.4309999999999998
800.5,13.32,0.993
800.75,14.54,0.7743
801.0,18.8,2.368
801.25,18.5,1.2205
801.5,19.06,1.259
801.75,22.97,2.561
802.0,24.6,3.035
802.25,25.39,2.796
802.5,23.47,1.5832
802.75,25.02,1.815
803.0,24.62,2.129
803.25,23.01,2.379
803.5,21.52,1.979
803.75,21.270000000000003,2.099
804.0,17.869999999999997,1.65
804.25,18.4,2.495
804.5,16.05,2.837
804.75,15.13,2.234
805.0,16.75,2.457
805.25,18.58,2.656
805.5,15.92,2.691
805.75,12.7,1.256
806.0,12.64,0.768
806.25,12.079,0.976
806.5,14.38,1.56
806.75,15.260000000000002,1.7760000000000002
807.0,13.66,0.97
807.25,12.81,0.8649999999999999
807.5,11.9,0.989
807.75,13.17,1.878
808.0,10.897,1.011
808.25,11.043,0.97
808.5,10.611,0.858
808.75,11.023,1.43
809.0,9.868,1.2979999999999998
809.25,9.855,0.96
809.5,10.97,1.23
809.75,7.939999999999999,1.189
810.0,6.789,1.462
810.25,5.155,0.6246
810.5,4.231999999999999,0.4800000000000001
810.75,4.186,0.7833999999999999
811.0,3.006,0.446
811.25,1.62,-0.267
811.5,1.673,-0.242
811.75,1.595,-0.29
812.0,1.698,-0.213
812.25,1.682,-0.238
812.5,1.611,-0.3
812.75,1.815,-0.1626
813.0,1.662,-0.2279999999999999
813.25,1.5890000000000002,-0.3
813.5,1.707,-0.2121
813.75,1.6470000000000002,-0.256
814.0,1.782,-0.14729
814.25,1.687,-0.2239999999999999
814.5,1.612,-0.289
814.75,1.802,-0.1462
815.0,1.645,-0.248
815.25,1.621,-0.281
815.5,1.75,-0.181
815.75,1.658,-0.245
816.0,1.6789999999999998,-0.2309999999999999
816.25,1.671,-0.255
816.5,1.631,-0.305
816.75,1.806,-0.1631699999999999
817.0,1.6960000000000002,-0.20142
817.25,1.656,-0.258
817.5,1.753,-0.1811
817.75,1.7150000000000003,-0.212
818.0,1.727,-0.207
818.25,1.709,-0.238
818.5,1.64,-0.26
818.75,1.758,-0.157
819.0,1.652,-0.248
819.25,1.6350000000000002,-0.271
819.5,1.778,-0.1651
819.75,1.659,-0.247
820.0,1.713,-0.208
820.25,1.686,-0.2299999999999999
820.5,1.63,-0.269
820.75,1.793,-0.1298
821.0,1.662,-0.24
821.25,1.64,-0.267
821.5,1.7480000000000002,-0.1831
821.75,1.68,-0.22
822.0,1.706,-0.206
822.25,1.696,-0.219
822.5,1.631,-0.273
822.75,3.12,1.181
823.0,2.388,0.0346
823.25,2.456,-0.49
823.5,4.0200000000000005,0.1875
823.75,9.09,0.8999999999999999
824.0,11.73,1.354
824.25,12.61,1.356
824.5,17.509999999999998,1.294
824.75,17.62,1.3410000000000002
825.0,18.11,1.939
825.25,20.25,1.586
825.5,24.11,2.725
825.75,27.94,3.696
826.0,28.64,3.174
826.25,28.37,2.669
826.5,29.270000000000003,2.877
826.75,29.43,3.06
827.0,30.15,3.533
827.25,26.9,2.763
827.5,24.65,2.48
827.75,23.21,2.24
828.0,22.14,2.623
828.25,21.73,2.931
828.5,17.88,2.574
828.75,18.46,2.68
829.0,21.99,3.209
829.25,25.34,4.573
829.5,18.42,2.6
829.75,15.54,2.084
830.0,14.44,1.3889999999999998
830.25,14.93,1.768
830.5,15.220000000000002,2.082
830.75,14.44,1.405
831.0,15.06,1.386
831.25,14.11,1.215
831.5,12.55,1.893
831.75,10.25,0.9479999999999996
832.0,11.85,0.968
832.25,10.15,0.7485999999999999
832.5,8.03,0.93
832.75,7.359999999999999,0.994
833.0,6.6240000000000006,0.4910000000000001
833.25,6.6690000000000005,0.508
833.5,6.702,0.452
833.75,7.414,1.14
834.0,5.859,0.5850000000000001
834.25,4.593,0.5947
834.5,4.562,0.618
834.75,2.8120000000000003,0.015326
835.0,2.482,-0.08263
835.25,2.2110000000000003,-0.105
835.5,1.5379999999999998,-0.183
835.75,1.591,-0.242
836.0,1.617,-0.204
836.25,1.585,-0.205
836.5,1.543,-0.241
836.75,1.5590000000000002,-0.265
837.0,1.5719999999999998,-0.254
837.25,1.57,-0.208
837.5,1.598,-0.202
837.75,1.552,-0.248
838.0,1.542,-0.238
838.25,1.581,-0.2
838.5,1.562,-0.22
838.75,1.572,-0.2321
839.0,1.5570000000000002,-0.244
839.25,1.621,-0.178
839.5,1.5710000000000002,-0.22
839.75,1.58,-0.2219999999999999
840.0,1.592,-0.2269999999999999
840.25,1.653,-0.185
840.5,1.6549999999999998,-0.149
840.75,1.5799999999999998,-0.235
841.0,1.598,-0.218
841.25,1.625,-0.176
841.5,1.649,-0.149
841.75,1.5750000000000002,-0.24
842.0,1.582,-0.2269999999999999
842.25,1.6709999999999998,-0.1672
842.5,1.654,-0.154
842.75,1.679,-0.1336999999999999
843.0,1.633,-0.268
843.25,1.645,-0.185
843.5,1.676,-0.113
843.75,1.531,-0.253
844.0,1.5530000000000002,-0.246
844.25,1.54,-0.247
844.5,1.608,-0.184
844.75,1.5659999999999998,-0.224
845.0,1.542,-0.252
845.25,1.566,-0.2289999999999999
845.5,1.5830000000000002,-0.2
845.75,1.5690000000000002,-0.207
846.0,1.5579999999999998,-0.2279999999999999
846.25,1.58,-0.194
846.5,1.588,-0.195
846.75,2.357,0.3141
847.0,2.842,0.2014999999999999
847.25,2.62,-0.414
847.5,2.655,-0.399
847.75,6.119999999999999,0.3233
848.0,11.15,2.016
848.25,15.5,2.013
848.5,14.31,0.858
848.75,18.44,1.938
849.0,22.4,2.023
849.25,24.59,2.997
849.5,23.76,2.538
849.75,23.200000000000003,1.986
850.0,23.38,2.0700000000000003
850.25,25.9,2.539
850.5,26.86,3.014
850.75,25.95,2.325
851.0,26.95,2.287
851.25,27.48,2.739
851.5,26.72,3.235
851.75,25.64,2.783
852.0,24.72,2.519
852.25,25.11,2.642
852.5,22.15,3.41
852.75,20.87,3.559
853.0,19.22,2.899
853.25,20.53,3.011
853.5,20.34,2.851
853.75,22.68,3.454
854.0,28.26,3.805
854.25,26.74,3.211
854.5,26.12,3.148
854.75,28.54,3.603
855.0,27.73,4.262
855.25,26.85,3.713
855.5,26.09,3.501
855.75,25.21,3.487
856.0,23.61,3.68
856.25,23.33,3.515
856.5,22.87,3.0340000000000003
856.75,19.87,2.772
857.0,13.69,0.781
857.25,13.87,1.495
857.5,12.02,0.6699999999999999
857.75,10.531,0.633
858.0,8.292,0.4659999999999999
858.25,7.384,1.5904
858.5,6.49,0.951
858.75,5.747999999999999,0.473
859.0,3.18,-0.106
859.25,2.369,-0.073
859.5,2.31,-0.109
859.75,2.28,-0.144
860.0,2.447,-0.1153
860.25,2.307,-0.096
860.5,2.293,-0.114
860.75,2.325,-0.088
861.0,2.316,-0.0833
861.25,2.263,-0.135
861.5,2.2430000000000003,-0.152
861.75,2.289,-0.0829999999999999
862.0,2.271,-0.1129999999999999
862.25,2.241,-0.1159999999999999
862.5,2.245,-0.093
862.75,2.27,-0.075
863.0,2.248,-0.0969
863.25,2.238,-0.1049999999999999
863.5,2.277,-0.06796
863.75,2.221,-0.12
864.0,2.087,-0.1589999999999999
864.25,2.0970000000000004,-0.127
864.5,2.216,-0.102
864.75,2.0330000000000004,-0.16
865.0,2.119,-0.123
865.25,2.107,-0.1159999999999999
865.5,1.963,-0.1626
865.75,2.12,-0.133
866.0,2.252,-0.055
866.25,1.903,-0.1689999999999999
866.5,2.096,-0.173
866.75,1.863,-0.176
867.0,2.087,-0.1023999999999999
867.25,2.001,-0.162
867.5,1.995,-0.151
867.75,2.153,-0.0823
868.0,1.881,-0.1559
868.25,2.065,-0.129
868.5,1.865,-0.1548
868.75,1.982,-0.1122
869.0,1.926,-0.213
869.25,1.813,-0.217
869.5,2.183,-0.0664
869.75,1.858,-0.105
870.0,1.867,-0.172
870.25,1.849,-0.1597
870.5,1.98,-0.1232999999999999
870.75,2.71,0.325
871.0,1.8010000000000002,-0.1916
871.25,2.104,-0.103
871.5,1.617,-0.255
871.75,2.8150000000000004,-0.0933
872.0,5.12,-0.41
872.25,5.48,-0.425
872.5,8.059999999999999,1.149
872.75,14.32,2.286
873.0,17.26,2.364
873.25,17.909999999999997,2.197
873.5,17.21,2.5330000000000004
873.75,23.28,5.23
874.0,18.28,2.6020000000000003
874.25,18.79,2.578
874.5,20.0,3.427
874.75,19.22,2.571
875.0,21.57,3.1690000000000005
875.25,20.92,2.818
875.5,20.11,2.796
875.75,18.97,2.986
876.0,17.92,2.896
876.25,17.85,2.72
876.5,16.189999999999998,2.257
876.75,14.89,1.758
877.0,15.47,2.234
877.25,14.13,1.416
877.5,13.45,1.428
877.75,14.71,2.205
878.0,12.989999999999998,1.326
878.25,10.919999999999998,1.939
878.5,9.489999999999998,1.063
878.75,8.46,0.688
879.0,9.26,1.109
879.25,10.46,1.755
879.5,11.15,2.5940000000000003
879.75,10.66,1.827
880.0,11.239999999999998,1.947
880.25,10.5,1.883
880.5,9.51,1.375
880.75,12.010000000000002,2.211
881.0,11.88,2.164
881.25,10.18,1.294
881.5,8.66,1.197
881.75,5.147,0.0894999999999999
882.0,4.36,-0.0189999999999999
882.25,4.288,-0.2608
882.5,3.689,-0.353
882.75,3.101,-0.472
883.0,1.829,-0.262
883.25,1.719,-0.2165
883.5,2.911,-0.517
883.75,2.984,-0.499
884.0,2.025,-0.312
884.25,1.558,-0.282
884.5,1.5910000000000002,-0.247
884.75,1.652,-0.215
885.0,1.603,-0.237
885.25,1.596,-0.243
885.5,1.648,-0.1991
885.75,1.656,-0.18
886.0,1.585,-0.284
886.25,1.593,-0.25
886.5,1.622,-0.21
886.75,1.612,-0.2161
887.0,1.557,-0.272
887.25,1.619,-0.2192
887.5,1.645,-0.179
887.75,1.583,-0.25
888.0,1.641,-0.2284
888.25,1.654,-0.184615
888.5,1.631,-0.212
888.75,1.595,-0.237
889.0,1.61,-0.246
889.25,1.607,-0.217
889.5,1.614,-0.239
889.75,1.565,-0.267
890.0,1.612,-0.2189999999999999
890.25,1.616,-0.216
890.5,1.574,-0.264
890.75,1.561,-0.265
891.0,1.635,-0.197
891.25,1.605,-0.228
891.5,1.564,-0.27
891.75,1.576,-0.265
892.0,1.623,-0.206
892.25,1.616,-0.241
892.5,1.586,-0.256
892.75,1.639,-0.187
893.0,1.6070000000000002,-0.215
893.25,1.592,-0.2458
893.5,1.564,-0.27
893.75,1.697,-0.179
894.0,1.616,-0.2115
894.25,1.584,-0.24
894.5,1.594,-0.225
894.75,1.779,-0.17
895.0,1.629,-0.258
895.25,2.301,-0.432
895.5,2.867,0.0387999999999999
895.75,2.546,-0.407
896.0,4.74,-0.73
896.25,10.19,1.49
896.5,17.98,3.031
896.75,17.61,2.148
897.0,13.22,1.583
897.25,13.7,1.416
897.5,15.27,1.953
897.75,16.6,1.5615
898.0,17.310000000000002,1.812
898.25,16.27,1.3608
898.5,18.7,1.634
898.75,20.83,1.083
899.0,20.69,1.023
899.25,19.95,0.987
899.5,20.77,1.4545
899.75,17.02,0.758
900.0,16.64,0.972
900.25,15.82,0.3913
900.5,14.81,1.122
900.75,15.4,1.643
901.0,14.48,1.221
901.25,15.41,1.58
901.5,15.09,1.615
901.75,14.63,1.759
902.0,14.03,1.837
902.25,12.85,1.236
902.5,16.009999999999998,2.2670000000000003
902.75,16.38,2.52
903.0,15.14,2.296
903.25,15.94,2.512
903.5,13.87,1.998
903.75,14.66,2.313
904.0,11.93,1.497
904.25,13.16,2.009
904.5,12.51,1.956
904.75,12.81,1.889
905.0,9.58,0.896
905.25,7.601,0.38927
905.5,7.382,0.3839999999999999
905.75,4.718,-0.09
906.0,3.118,-0.2809999999999999
906.25,3.879,0.3294
906.5,2.237,-0.147
906.75,1.903,-0.192
907.0,1.548,-0.238
907.25,1.576,-0.208
907.5,1.582,-0.214
907.75,1.556,-0.219
908.0,1.529,-0.253
908.25,1.513,-0.284
908.5,1.495,-0.292
908.75,1.537,-0.259
909.0,1.544,-0.246
909.25,1.5589999999999995,-0.213
909.5,1.555,-0.229
909.75,1.5930000000000002,-0.19963
910.0,1.564,-0.227
910.25,1.6070000000000002,-0.179
910.5,1.598,-0.179
910.75,1.599,-0.215
911.0,1.5450000000000002,-0.234
911.25,1.575,-0.2137
911.5,1.574,-0.2029999999999999
911.75,1.5790000000000002,-0.198
912.0,1.549,-0.2299999999999999
912.25,1.565,-0.22
912.5,1.5619999999999998,-0.229
912.75,1.525,-0.263
913.0,1.558,-0.219
913.25,1.6,-0.1696
913.5,1.548,-0.2319999999999999
913.75,1.527,-0.241
914.0,1.553,-0.224
914.25,1.5950000000000002,-0.191
914.5,1.59,-0.189
914.75,1.586,-0.19
915.0,1.551,-0.235
915.25,1.566,-0.22095
915.5,1.5810000000000002,-0.199
915.75,1.588,-0.199
916.0,1.576,-0.197
916.25,1.568,-0.213
916.5,1.578,-0.203615
916.75,1.534,-0.269
917.0,1.5619999999999998,-0.223
917.25,1.607,-0.181
917.5,1.6,-0.1725
917.75,1.528,-0.242
918.0,1.539,-0.237
918.25,1.549,-0.219
918.5,1.57,-0.237
918.75,1.5470000000000002,-0.221
919.0,1.548,-0.216
919.25,1.516,-0.26
919.5,1.4760000000000002,-0.281
919.75,1.467,-0.29
920.0,1.508,-0.258
920.25,1.539,-0.222
920.5,1.5299999999999998,-0.234
920.75,1.519,-0.251
921.0,1.503,-0.257
921.25,1.485,-0.276
921.5,1.536,-0.226
921.75,1.544,-0.219
922.0,1.543,-0.2269999999999999
922.25,1.524,-0.254
922.5,1.503,-0.268
922.75,1.5,-0.27
923.0,1.5659999999999998,-0.226
923.25,1.58,-0.236
923.5,1.6,-0.2793
923.75,1.563,-0.2111299999999999
924.0,1.526,-0.26
924.25,1.563,-0.215
924.5,1.5619999999999998,-0.197
924.75,1.5719999999999998,-0.195
925.0,1.522,-0.252
925.25,1.518,-0.255
925.5,1.5279999999999998,-0.255
925.75,1.5619999999999998,-0.22
926.0,1.543,-0.242
926.25,1.51,-0.26
926.5,1.507,-0.266
926.75,1.495,-0.282
927.0,1.4979999999999998,-0.279
927.25,1.602,-0.204
927.5,1.5459999999999998,-0.221
927.75,1.5419999999999998,-0.239
928.0,1.53,-0.251
928.25,1.521,-0.258
928.5,1.514,-0.253
928.75,1.581,-0.189
929.0,1.571,-0.197
929.25,1.581,-0.24
929.5,1.543,-0.237
929.75,1.532,-0.252
930.0,1.5559999999999998,-0.235
930.25,1.5670000000000002,-0.215
930.5,1.5579999999999998,-0.22
930.75,1.5239999999999998,-0.257
931.0,1.5439999999999998,-0.245
931.25,1.544,-0.262
931.5,1.5450000000000002,-0.227
931.75,1.5480000000000005,-0.206
932.0,1.5470000000000002,-0.2249999999999999
932.25,1.5179999999999998,-0.259
932.5,1.5619999999999998,-0.2145
932.75,1.51,-0.263
933.0,1.571,-0.201
933.25,1.586,-0.1914
933.5,1.5679999999999998,-0.224
933.75,1.562,-0.2357999999999999
934.0,1.557,-0.247
934.25,1.567,-0.22
934.5,1.604,-0.178
934.75,1.595,-0.177
935.0,1.598,-0.183231
935.25,1.568,-0.2537
935.5,1.576,-0.228
935.75,1.5799999999999998,-0.207
936.0,1.609,-0.179
936.25,1.604,-0.198
936.5,1.5519999999999998,-0.2435999999999999
936.75,1.553,-0.248
937.0,1.533,-0.252
937.25,1.601,-0.1944
937.5,1.633,-0.143
937.75,1.592,-0.189
938.0,1.512,-0.281
938.25,1.548,-0.246
938.5,1.531,-0.266
938.75,1.5629999999999995,-0.208
939.0,1.545,-0.229
939.25,1.5279999999999998,-0.245
939.5,1.524,-0.256
939.75,1.544,-0.243
940.0,1.5219999999999998,-0.259
940.25,1.576,-0.198
940.5,1.5779999999999998,-0.193
940.75,1.561,-0.2289999999999999
941.0,1.545,-0.248
941.25,1.593,-0.22427
941.5,1.573,-0.239
941.75,1.597,-0.179
942.0,1.596,-0.174
942.25,1.536,-0.232
942.5,1.541,-0.232
942.75,1.517,-0.259
943.0,1.593,-0.1770999999999999
943.25,1.5699999999999998,-0.196
943.5,1.5659999999999998,-0.199
943.75,1.593,-0.181
944.0,1.5590000000000002,-0.2299999999999999
944.25,1.548,-0.239
944.5,1.602,-0.189
944.75,1.596,-0.181
945.0,1.582,-0.191
945.25,1.562,-0.225
945.5,1.582,-0.23
945.75,1.566,-0.215
946.0,1.599,-0.182
946.25,1.601,-0.181
946.5,1.59,-0.1835
946.75,1.535,-0.254
947.0,1.54,-0.239
947.25,1.572,-0.2156
947.5,1.618,-0.1779
947.75,1.6030000000000002,-0.192
948.0,1.56,-0.221
948.25,1.5779999999999998,-0.2154
948.5,1.5730000000000002,-0.208
948.75,1.5810000000000002,-0.199
949.0,1.604,-0.173
949.25,1.5909999999999995,-0.176
949.5,1.603,-0.1762
949.75,1.547,-0.242
950.0,1.549,-0.287
950.25,1.5830000000000002,-0.2309999999999999
950.5,1.6319999999999997,-0.1383599999999999
950.75,1.658,-0.15215
951.0,1.541,-0.255
951.25,1.517,-0.27
951.5,1.5590000000000002,-0.241
951.75,1.57,-0.22
952.0,1.5779999999999998,-0.19
952.25,1.561,-0.221
952.5,1.5040000000000002,-0.247
952.75,1.522,-0.258
953.0,1.5450000000000002,-0.246
953.25,1.557,-0.2289999999999999
953.5,1.56,-0.219
953.75,1.5830000000000002,-0.207
954.0,1.523,-0.265
954.25,1.494,-0.282
954.5,1.452,-0.325
954.75,1.548,-0.232
955.0,1.608,-0.1777
955.25,1.5570000000000002,-0.212
955.5,1.526,-0.257
955.75,1.511,-0.262
956.0,1.502,-0.272
956.25,1.555,-0.218
956.5,1.569,-0.207
956.75,1.543,-0.2339999999999999
957.0,1.527,-0.249
957.25,1.537,-0.256
957.5,1.526,-0.257
957.75,1.58,-0.198
958.0,1.597,-0.182
958.25,1.555,-0.224
958.5,1.542,-0.244
958.75,1.545,-0.253
959.0,1.5559999999999998,-0.2321
959.25,1.616,-0.173
959.5,1.601,-0.188
959.75,1.568,-0.223
960.0,1.582,-0.2289999999999999
960.25,1.582,-0.2101
960.5,1.585,-0.2012
960.75,1.593,-0.2075
961.0,1.607,-0.1689999999999999
961.25,1.552,-0.229
961.5,1.526,-0.252
961.75,1.557,-0.224
962.0,1.579,-0.207
962.25,1.614,-0.1699999999999999
962.5,1.59,-0.186
962.75,1.5570000000000002,-0.2342
963.0,1.5630000000000002,-0.2195
963.25,1.5599999999999998,-0.2278
963.5,1.571,-0.218
963.75,1.619,-0.1767
964.0,1.618,-0.1732
964.25,1.557,-0.2276
964.5,1.568,-0.216
964.75,1.57,-0.219
965.0,1.604,-0.175
965.25,1.589,-0.185
965.5,1.5739999999999998,-0.189
965.75,1.591,-0.2235
966.0,1.5440000000000005,-0.2155
966.25,1.567,-0.229
966.5,1.572,-0.2183999999999999
966.75,1.969,-0.19
967.0,1.633,-0.174
967.25,4.131,-0.149
967.5,5.177,-0.179
967.75,4.436,-0.1957
968.0,7.720000000000001,0.4390799999999999
968.25,9.9,0.839
968.5,12.57,1.384
968.75,17.71,1.404
969.0,18.88,1.225
969.25,18.86,1.3090000000000002
969.5,19.06,1.043
969.75,22.200000000000003,1.5957
970.0,23.31,0.989
970.25,25.55,1.866
970.5,25.58,1.5418
970.75,26.18,1.7273
971.0,24.86,1.249
971.25,24.04,1.127
971.5,23.49,1.3698
971.75,22.770000000000003,1.2240000000000002
972.0,23.23,1.4167999999999998
972.25,18.68,0.602
972.5,16.52,1.279
972.75,14.49,1.38
973.0,15.1,1.303
973.25,15.68,1.337
973.5,13.86,1.582
973.75,13.41,1.915
974.0,12.14,1.502
974.25,13.44,1.851
974.5,15.46,1.943
974.75,15.32,1.75
975.0,15.490000000000002,1.949
975.25,15.92,2.29
975.5,14.64,1.975
975.75,11.169999999999998,0.991
976.0,9.3,0.3553
976.25,10.82,0.4864
976.5,8.879999999999999,0.3111
976.75,9.02,0.3433
977.0,7.998,0.2228
977.25,8.244,0.351
977.5,6.177,-0.0894
977.75,5.964,-0.0525
978.0,4.536,-0.238
978.25,5.051,-0.1307999999999999
978.5,5.4030000000000005,-0.069
978.75,2.46,-0.185
979.0,2.188,-0.246
979.25,2.818,-0.218
979.5,2.997,-0.185
979.75,2.367,-0.196
980.0,1.794,-0.188
980.25,1.609,-0.193
980.5,1.5499999999999998,-0.248
980.75,1.523,-0.27
981.0,1.537,-0.256
981.25,1.6020000000000003,-0.192
981.5,1.5910000000000002,-0.206
981.75,1.544,-0.243
982.0,1.525,-0.263
982.25,1.5570000000000002,-0.236
982.5,1.5510000000000002,-0.2259999999999999
982.75,1.541,-0.197
983.0,1.518,-0.193
983.25,1.469,-0.247
983.5,1.451,-0.3
983.75,1.4460000000000002,-0.277
984.0,1.49,-0.253
984.25,1.518,-0.222
984.5,1.5260000000000002,-0.193
984.75,1.552,-0.198
985.0,1.508,-0.225
985.25,1.51,-0.2263
985.5,1.521,-0.2204
985.75,1.533,-0.207
986.0,1.537,-0.191
986.25,1.539,-0.184
986.5,1.527,-0.226
986.75,1.465,-0.273
987.0,1.461,-0.271
987.25,1.487,-0.239
987.5,1.532,-0.199
987.75,1.545,-0.187
988.0,1.482,-0.24
988.25,1.481,-0.249
988.5,1.491,-0.255
988.75,1.465,-0.278
989.0,1.524,-0.204
989.25,1.5510000000000002,-0.18
989.5,1.5160000000000002,-0.211
989.75,1.479,-0.259
990.0,1.4880000000000002,-0.239
990.25,1.505,-0.2153
990.5,1.531,-0.2
990.75,2.276,0.308
991.0,1.564,-0.21
991.25,4.01,-0.1416
991.5,6.414,-0.0227999999999999
991.75,7.549999999999999,0.349
992.0,16.169999999999998,2.308
992.25,17.95,2.057
992.5,20.94,2.745
992.75,26.91,2.443
993.0,30.75,2.8200000000000003
993.25,32.09,3.458
993.5,31.35,2.608
993.75,31.96,2.5540000000000003
994.0,32.27,2.857
994.25,33.59,3.533
994.5,33.0,3.133
994.75,32.099999999999994,2.758
995.0,34.260000000000005,2.936
995.25,34.42,2.9190000000000005
995.5,32.0,3.238
995.75,31.11,2.9210000000000003
996.0,28.27,2.124
996.25,25.83,2.442
996.5,27.129999999999995,3.122
996.75,28.35,4.372
997.0,27.65,3.5500000000000003
997.25,29.54,3.852
997.5,26.77,2.6020000000000003
997.75,25.97,2.731
998.0,24.48,2.704
998.25,24.61,2.25
998.5,24.95,1.945
998.75,25.23,2.896
999.0,23.91,2.268
999.25,21.43,2.115
999.5,17.39,1.1789999999999998
999.75,15.35,0.6135999999999999
1000.0,13.39,0.48
1000.25,10.98,0.3881
1000.5,11.21,0.2315
1000.75,9.9,0.1008999999999999
1001.0,10.16,0.0901
1001.25,9.15,-0.0485
1001.5,7.609999999999999,0.661
1001.75,6.66,0.332
1002.0,5.21,0.1871
1002.25,3.455,-0.0186
1002.5,1.992,-0.1709999999999999
1002.75,1.645,-0.221
1003.0,1.635,-0.229
1003.25,1.571,-0.19
1003.5,1.493,-0.286
1003.75,1.5700000000000005,-0.2329999999999999
1004.0,1.591,-0.202
1004.25,1.613,-0.1639999999999999
1004.5,1.52,-0.277
1004.75,1.5180000000000002,-0.278
1005.0,1.5100000000000002,-0.284
1005.25,1.556,-0.24
1005.5,1.5730000000000002,-0.23
1005.75,1.5630000000000002,-0.225
1006.0,1.527,-0.258
1006.25,1.497,-0.28
1006.5,1.566,-0.24
1006.75,1.604,-0.215
1007.0,1.561,-0.243
1007.25,1.569,-0.241
1007.5,1.535,-0.256
1007.75,1.582,-0.202
1008.0,1.585,-0.2
1008.25,1.539,-0.24
1008.5,1.52,-0.259
1008.75,1.539,-0.245
1009.0,1.602,-0.186
1009.25,1.596,-0.188
1009.5,1.537,-0.246
1009.75,1.532,-0.245
1010.0,1.5470000000000002,-0.239
1010.25,1.568,-0.222
1010.5,1.57,-0.207
1010.75,1.549,-0.22
1011.0,1.5510000000000002,-0.2279999999999999
1011.25,1.548,-0.2289999999999999
1011.5,1.588,-0.194
1011.75,1.607,-0.16
1012.0,1.584,-0.2027
1012.25,1.535,-0.244
1012.5,1.5340000000000005,-0.247
1012.75,1.629,-0.1703
1013.0,1.614,-0.1667
1013.25,1.568,-0.206
1013.5,1.5580000000000005,-0.254
1013.75,1.5460000000000005,-0.244
1014.0,1.615,-0.198
1014.25,1.598,-0.172
1014.5,1.605,-0.201
1014.75,2.314,0.221
1015.0,1.606,-0.2299999999999999
1015.25,2.836,-0.1715
1015.5,5.29,0.7928
1015.75,5.748,0.18
1016.0,14.41,2.241
1016.25,17.04,3.096
1016.5,16.740000000000002,2.285
1016.75,19.76,1.99
1017.0,21.25,1.917
1017.25,25.39,3.992
1017.5,23.0,2.2503
1017.75,23.52,2.2263
1018.0,24.48,2.408
1018.25,25.22,2.9172
1018.5,23.67,2.3106
1018.75,23.4,1.8584
1019.0,26.01,2.5845
1019.25,24.43,2.355
1019.5,24.82,2.5798
1019.75,21.2,1.7328
1020.0,20.79,1.5416
1020.25,18.12,1.2004
1020.5,20.48,2.351
1020.75,19.36,1.98
1021.0,16.8,1.386
1021.25,15.31,1.043
1021.5,14.27,1.114
1021.75,15.13,1.3689999999999998
1022.0,15.4,1.314
1022.25,17.59,1.6880000000000002
1022.5,19.0,2.087
1022.75,17.33,1.532
1023.0,17.02,1.368
1023.25,18.62,2.208
1023.5,17.67,2.0810000000000004
1023.75,18.200000000000003,1.4489999999999998
1024.0,18.46,1.4779999999999998
1024.25,13.46,0.4454
1024.5,13.27,0.2628
1024.75,12.13,0.2270999999999999
1025.0,11.09,0.0957
1025.25,11.49,0.209
1025.5,7.58,-0.2117
1025.75,5.63,0.4444
1026.0,3.791,-0.3409999999999999
1026.25,3.045,-0.345
1026.5,2.89,-0.262
1026.75,2.757,-0.285
1027.0,2.715,-0.314
1027.25,2.7830000000000004,-0.289
1027.5,2.442,-0.252
1027.75,1.861,-0.311
1028.0,1.83,-0.3329999999999999
1028.25,1.86,-0.312
1028.5,1.773,-0.384
1028.75,1.886,-0.296
1029.0,1.877,-0.294
1029.25,1.853,-0.332
1029.5,1.845,-0.324
1029.75,1.863,-0.343
1030.0,1.894,-0.3279999999999999
1030.25,1.922,-0.236
1030.5,1.818,-0.347
1030.75,1.747,-0.315
1031.0,1.804,-0.256
1031.25,1.7859999999999998,-0.261
1031.5,1.782,-0.262
1031.75,1.777,-0.282
1032.0,1.734,-0.304
1032.25,1.781,-0.275
1032.5,1.807,-0.237
1032.75,1.753,-0.276
1033.0,1.763,-0.287
1033.25,1.754,-0.29
1033.5,1.769,-0.272
1033.75,1.854,-0.235
1034.0,1.851,-0.1972
1034.25,1.7720000000000002,-0.272
1034.5,1.779,-0.27
1034.75,1.766,-0.282
1035.0,1.816,-0.234
1035.25,1.754,-0.285
1035.5,1.7799999999999998,-0.268
1035.75,1.774,-0.271
1036.0,1.783,-0.269
1036.25,1.833,-0.214
1036.5,1.771,-0.273
1036.75,1.751,-0.291
1037.0,1.76,-0.294
1037.25,1.741,-0.306
1037.5,1.804,-0.244
1037.75,1.79,-0.27
1038.0,1.739,-0.306
1038.25,1.762,-0.29
1038.5,1.78,-0.271
1038.75,2.122,-0.251
1039.0,1.87,-0.272
1039.25,4.151,0.519
1039.5,4.547000000000001,-0.186
1039.75,4.316,-0.1659999999999999
1040.0,7.11,-0.595
1040.25,7.640000000000001,-0.2249999999999999
1040.5,9.32,-0.2225
1040.75,12.84,0.087
1041.0,17.44,1.08
1041.25,18.79,1.0099999999999998
1041.5,21.54,0.3999999999999999
1041.75,20.69,0.3479999999999999
1042.0,22.91,0.6901999999999999
1042.25,25.58,2.17
1042.5,24.86,1.345
1042.75,25.11,1.7600000000000002
1043.0,23.32,0.542
1043.25,22.29,0.7921
1043.5,21.72,0.97
1043.75,21.52,0.642
1044.0,18.35,0.5816
1044.25,15.48,-0.3086
1044.5,13.82,0.2168
1044.75,12.94,-0.006
1045.0,13.65,-0.0766
1045.25,14.89,-0.173
1045.5,14.8,0.1569999999999999
1045.75,19.23,0.892
1046.0,20.31,1.717
1046.25,22.79,2.491
1046.5,22.45,2.51
1046.75,21.39,2.274
1047.0,23.26,3.4450000000000003
1047.25,20.51,2.484
1047.5,19.31,2.938
1047.75,17.78,1.79
1048.0,18.5,1.424
1048.25,18.62,1.2879999999999998
1048.5,19.54,1.727
1048.75,13.23,0.4467
1049.0,7.97,-0.089
1049.25,6.535,-0.1591999999999999
1049.5,4.824,-0.238
1049.75,4.929,-0.154
1050.0,4.589,0.3866
1050.25,4.151,-0.004
1050.5,4.173,0.0002999999999999
1050.75,3.359,-0.073
1051.0,2.641,-0.095
1051.25,2.5860000000000003,-0.096
1051.5,2.357,-0.196
1051.75,1.711,-0.268
1052.0,1.652,-0.289
1052.25,1.675,-0.271
1052.5,1.753,-0.2309999999999999
1052.75,1.675,-0.265
1053.0,1.671,-0.272
1053.25,1.6689999999999998,-0.294
1053.5,1.6529999999999998,-0.299
1053.75,1.701,-0.248
1054.0,1.7040000000000002,-0.259
1054.25,1.679,-0.279
1054.5,1.5699999999999998,-0.317
1054.75,1.647,-0.249
1055.0,1.666,-0.243
1055.25,1.651,-0.228
1055.5,1.6629999999999998,-0.242
1055.75,1.652,-0.257
1056.0,1.661,-0.24
1056.25,1.701,-0.212
1056.5,1.708,-0.229
1056.75,1.6269999999999998,-0.322
1057.0,1.677,-0.208
1057.25,1.653,-0.263
1057.5,1.677,-0.212
1057.75,1.699,-0.176
1058.0,1.6589999999999998,-0.246
1058.25,1.69,-0.215
1058.5,1.593,-0.275
1058.75,1.73,-0.222
1059.0,1.67,-0.209
1059.25,1.614,-0.265
1059.5,1.645,-0.268
1059.75,1.609,-0.284
1060.0,1.654,-0.229
1060.25,1.676,-0.223
1060.5,1.645,-0.25
1060.75,1.605,-0.274
1061.0,1.6720000000000002,-0.243
1061.25,1.691,-0.237
1061.5,1.68,-0.201
1061.75,1.6189999999999998,-0.276
1062.0,1.64,-0.262
1062.25,1.613,-0.276
1062.5,1.677,-0.234
1062.75,2.8280000000000003,0.738
1063.0,2.291,0.0946
1063.25,4.018,-0.0509999999999999
1063.5,4.459,0.2529
1063.75,4.417,0.354
1064.0,7.31,-0.5076
1064.25,8.4,-0.4257
1064.5,11.7,-0.235
1064.75,13.14,0.0374
1065.0,17.85,-0.1563
1065.25,22.02,1.669
1065.5,23.71,1.781
1065.75,23.64,1.251
1066.0,23.87,1.612
1066.25,24.13,1.186
1066.5,23.09,1.3570000000000002
1066.75,23.62,1.061
1067.0,22.33,1.3159999999999998
1067.25,20.35,1.0510000000000002
1067.5,22.33,1.29
1067.75,18.91,1.07
1068.0,16.23,0.98
1068.25,16.23,1.277
1068.5,14.43,0.8519999999999999
1068.75,13.65,1.488
1069.0,12.37,0.7492
1069.25,13.37,1.121
1069.5,13.79,1.239
1069.75,8.51,-0.0659999999999999
1070.0,9.35,0.007
1070.25,9.84,0.4894
1070.5,8.41,-0.0479999999999999
1070.75,8.86,0.15
1071.0,8.76,0.071
1071.25,9.11,0.1545
1071.5,7.720000000000001,-0.0363
1071.75,7.79,-0.0380999999999999
1072.0,8.18,0.0479999999999999
1072.25,7.569999999999999,-0.1961999999999999
1072.5,7.01,-0.2572
1072.75,6.39,-0.1411
1073.0,4.949999999999999,-0.2589
1073.25,4.86,0.0605199999999999
1073.5,4.14,-0.254
1073.75,4.27,0.642
1074.0,2.413,-0.176
1074.25,2.409,-0.1579999999999999
1074.5,2.375,-0.1557
1074.75,2.384,-0.1649
1075.0,2.412,-0.1501
1075.25,2.428,-0.094
1075.5,2.301,-0.1968
1075.75,2.515,-0.1972
1076.0,2.027,-0.251
1076.25,1.827,-0.303
1076.5,1.7970000000000002,-0.329
1076.75,1.837,-0.296
1077.0,1.82,-0.304
1077.25,1.789,-0.334
1077.5,1.866,-0.272
1077.75,1.834,-0.288
1078.0,1.856,-0.285
1078.25,1.771,-0.3429999999999999
1078.5,1.887,-0.246
1078.75,1.695,-0.269
1079.0,1.563,-0.266
1079.25,1.568,-0.26
1079.5,1.64,-0.2
1079.75,1.571,-0.266
1080.0,1.618,-0.224
1080.25,1.626,-0.215
1080.5,1.619,-0.2269999999999999
1080.75,1.537,-0.296
1081.0,1.6,-0.252
1081.25,1.604,-0.235
1081.5,1.593,-0.248
1081.75,1.5259999999999998,-0.307
1082.0,1.6430000000000002,-0.212
1082.25,1.592,-0.246
1082.5,1.607,-0.239
1082.75,1.5950000000000002,-0.254
1083.0,1.688,-0.1624
1083.25,1.589,-0.244
1083.5,1.5950000000000002,-0.278
1083.75,1.6260000000000003,-0.267
1084.0,1.6349999999999998,-0.1951
1084.25,1.593,-0.243
1084.5,1.561,-0.269
1084.75,1.64,-0.208
1085.0,1.578,-0.255
1085.25,1.618,-0.2239
1085.5,1.549,-0.289
1085.75,1.594,-0.2339999999999999
1086.0,1.5710000000000002,-0.265
1086.25,1.599,-0.2385
1086.5,1.598,-0.241
1086.75,1.616,-0.225
1087.0,1.568,-0.266
1087.25,1.6070000000000002,-0.241
1087.5,1.603,-0.22
1087.75,1.588,-0.247
1088.0,1.557,-0.263
1088.25,1.578,-0.247
1088.5,1.634,-0.221
1088.75,1.5750000000000002,-0.255
1089.0,1.545,-0.275
1089.25,1.656,-0.216
1089.5,1.565,-0.267
1089.75,1.571,-0.255
1090.0,1.5590000000000002,-0.261
1090.25,1.623,-0.22
1090.5,1.577,-0.245
1090.75,1.629,-0.2285
1091.0,1.5950000000000002,-0.22
1091.25,1.6070000000000002,-0.219
1091.5,1.5790000000000002,-0.246
1091.75,1.574,-0.264
1092.0,1.633,-0.206
1092.25,1.5870000000000002,-0.243
1092.5,1.555,-0.273
1092.75,1.622,-0.225
1093.0,1.597,-0.235
1093.25,1.568,-0.265
1093.5,1.539,-0.287
1093.75,1.606,-0.2289999999999999
1094.0,1.552,-0.273
1094.25,1.581,-0.254
1094.5,1.55,-0.285
1094.75,1.6269999999999998,-0.2219999999999999
1095.0,1.548,-0.27
1095.25,1.601,-0.245
1095.5,1.617,-0.227
1095.75,1.634,-0.208
1096.0,1.572,-0.269
1096.25,1.596,-0.251
1096.5,1.617,-0.217
1096.75,1.597,-0.235
1097.0,1.532,-0.293
1097.25,1.613,-0.2342
1097.5,1.572,-0.255
1097.75,1.581,-0.25
1098.0,1.5510000000000002,-0.27
1098.25,1.6309999999999998,-0.217
1098.5,1.5700000000000005,-0.249
1098.75,1.5779999999999998,-0.249
1099.0,1.564,-0.253
1099.25,1.6140000000000003,-0.222
1099.5,1.53,-0.294
1099.75,1.564,-0.276
1100.0,1.589,-0.26
1100.25,1.5870000000000002,-0.255
1100.5,1.5460000000000005,-0.285
1100.75,1.5510000000000002,-0.285
1101.0,1.6110000000000002,-0.239
1101.25,1.546,-0.291
1101.5,1.565,-0.277
1101.75,1.572,-0.271
1102.0,1.5750000000000002,-0.258
1102.25,1.521,-0.323
1102.5,1.5630000000000002,-0.275
1102.75,1.642,-0.261
1103.0,1.606,-0.238
1103.25,1.573,-0.268
1103.5,1.578,-0.259
1103.75,1.6210000000000002,-0.223
1104.0,1.593,-0.248
1104.25,1.569,-0.268
1104.5,1.6210000000000002,-0.224
1104.75,1.632,-0.2289999999999999
1105.0,1.61,-0.255
1105.25,1.5790000000000002,-0.263
1105.5,1.651,-0.203
1105.75,1.607,-0.245
1106.0,1.601,-0.246
1106.25,1.6030000000000002,-0.246
1106.5,1.63,-0.216
1106.75,1.5499999999999998,-0.288
1107.0,1.5989999999999998,-0.248
1107.25,1.631,-0.221
1107.5,1.602,-0.248
1107.75,1.5300000000000002,-0.306
1108.0,1.654,-0.237
1108.25,1.6350000000000002,-0.206
1108.5,1.6550000000000002,-0.22106
1108.75,1.6020000000000003,-0.254
1109.0,1.6590000000000005,-0.201
1109.25,1.625,-0.239
1109.5,1.634,-0.232
1109.75,1.605,-0.249
1110.0,1.679,-0.175
1110.25,1.596,-0.245
1110.5,1.5830000000000002,-0.257
1110.75,1.626,-0.249
1111.0,1.674,-0.217
1111.25,1.618,-0.204
1111.5,1.6070000000000002,-0.239
1111.75,1.627,-0.213
1112.0,1.624,-0.22
1112.25,1.5860000000000003,-0.262
1112.5,1.6150000000000002,-0.247
1112.75,1.66,-0.184
1113.0,1.612,-0.245
1113.25,1.6110000000000002,-0.253
1113.5,1.5730000000000002,-0.273
1113.75,1.6720000000000002,-0.205
1114.0,1.5790000000000002,-0.266
1114.25,1.608,-0.245
1114.5,1.633,-0.203
1114.75,1.553,-0.285
1115.0,1.582,-0.253
1115.25,1.646,-0.207
1115.5,1.6110000000000002,-0.225
1115.75,1.588,-0.24
1116.0,1.548,-0.272
1116.25,1.633,-0.211
1116.5,1.592,-0.245
1116.75,1.592,-0.245
1117.0,1.557,-0.278
1117.25,1.636,-0.211
1117.5,1.563,-0.271
1117.75,1.598,-0.245
1118.0,1.602,-0.247
1118.25,1.586,-0.26
1118.5,1.539,-0.289
1118.75,1.556,-0.27
1119.0,1.609,-0.237
1119.25,1.599,-0.24
1119.5,1.539,-0.291
1119.75,1.61,-0.251
1120.0,1.555,-0.282
1120.25,1.56,-0.292
1120.5,1.613,-0.2299999999999999
1120.75,1.654,-0.197
1121.0,1.5459999999999998,-0.294
1121.25,1.573,-0.261
1121.5,1.6069999999999998,-0.244
1121.75,1.597,-0.249
1122.0,1.5740000000000005,-0.266
1122.25,1.56,-0.278
1122.5,1.6509999999999998,-0.215
1122.75,1.57,-0.273
1123.0,1.5910000000000002,-0.256
1123.25,1.58,-0.268
1123.5,1.642,-0.218
1123.75,1.552,-0.287
1124.0,1.568,-0.279
1124.25,1.6230000000000002,-0.236
1124.5,1.5750000000000002,-0.272
1124.75,1.5950000000000002,-0.26
1125.0,1.6030000000000002,-0.255
1125.25,1.631,-0.24
1125.5,1.549,-0.303
1125.75,1.59,-0.264
1126.0,1.605,-0.257
1126.25,1.561,-0.294
1126.5,1.5580000000000005,-0.285
1126.75,1.604,-0.248
1127.0,1.633,-0.229
1127.25,1.577,-0.269
1127.5,1.61,-0.246
1127.75,1.618,-0.2299999999999999
1128.0,1.5420000000000005,-0.303
1128.25,1.5750000000000002,-0.272
1128.5,1.612,-0.248
1128.75,1.622,-0.235
1129.0,1.589,-0.264
1129.25,1.6109999999999998,-0.253
1129.5,1.648,-0.22
1129.75,1.6630000000000005,-0.2193
1130.0,1.579,-0.274
1130.25,1.6290000000000002,-0.232
1130.5,1.648,-0.208
1130.75,1.605,-0.265
1131.0,1.6070000000000002,-0.258
1131.25,1.723,-0.174
1131.5,1.61,-0.253
1131.75,1.59,-0.265
1132.0,1.643,-0.218
1132.25,1.667,-0.218
1132.5,1.6069999999999998,-0.251
1132.75,1.5659999999999998,-0.283
1133.0,1.652,-0.209
1133.25,1.5660000000000005,-0.281
1133.5,1.592,-0.258
1133.75,1.5950000000000002,-0.249
1134.0,1.638,-0.2339999999999999
1134.25,1.5779999999999998,-0.269
1134.5,1.5949999999999998,-0.258
1134.75,2.434,0.1526999999999999
1135.0,2.212,0.1126999999999999
1135.25,2.865,-0.0010999999999999
1135.5,2.8600000000000003,-0.426
1135.75,7.26,-0.4359999999999999
1136.0,10.53,-0.077
1136.25,12.16,-0.3385
1136.5,17.53,0.423
1136.75,17.23,-0.1561
1137.0,17.32,-0.2479
1137.25,18.06,0.189
1137.5,18.48,-0.0959
1137.75,19.02,0.702
1138.0,18.26,-0.0562999999999999
1138.25,17.619999999999997,0.1129999999999999
1138.5,15.24,-0.3249999999999999
1138.75,17.59,0.2
1139.0,18.62,0.1349999999999999
1139.25,17.07,-0.722
1139.5,15.490000000000002,-0.688
1139.75,16.39,-0.30911
1140.0,15.44,-0.487
1140.25,14.42,-0.421
1140.5,12.239999999999998,-0.46
1140.75,11.53,-0.294
1141.0,13.54,0.4575399999999999
1141.25,13.86,0.206
1141.5,9.96,-0.5175
1141.75,11.55,-0.478
1142.0,12.42,0.147
1142.25,12.55,0.4620000000000001
1142.5,10.62,-0.303
1142.75,9.81,-0.259
1143.0,13.57,0.4055000000000001
1143.25,14.27,0.7143
1143.5,11.93,-0.1251
1143.75,12.57,-0.0683999999999999
1144.0,12.03,0.2832
1144.25,13.07,0.695
1144.5,10.25,-0.1786
1144.75,10.27,-0.2424
1145.0,9.88,0.119
1145.25,8.95,-0.064
1145.5,7.67,-0.184
1145.75,6.78,-0.34
1146.0,7.470000000000001,-0.118
1146.25,6.87,-0.1859999999999999
1146.5,6.73,0.074
1146.75,5.720000000000001,-0.061
1147.0,5.92,0.3816
1147.25,3.677,-0.222
1147.5,3.3200000000000003,-0.2313
1147.75,2.284,-0.32
1148.0,2.4290000000000003,-0.2341
1148.25,2.046,-0.325
1148.5,2.385,-0.2632
1148.75,2.006,-0.275
1149.0,1.958,-0.2297
1149.25,1.7000000000000002,-0.301
1149.5,1.672,-0.245
1149.75,2.124,0.2312
1150.0,1.5710000000000002,-0.249
1150.25,1.58,-0.24
1150.5,1.595,-0.229
1150.75,1.605,-0.219
1151.0,1.585,-0.249
1151.25,1.56,-0.271
1151.5,1.596,-0.2279999999999999
1151.75,1.615,-0.232
1152.0,1.565,-0.26
1152.25,1.636,-0.2225
1152.5,1.6010000000000002,-0.226
1152.75,1.536,-0.289
1153.0,1.584,-0.249
1153.25,1.569,-0.2393
1153.5,1.61,-0.221
1153.75,1.589,-0.246
1154.0,1.561,-0.24767
1154.25,1.5739999999999998,-0.252
1154.5,1.64,-0.189
1154.75,1.564,-0.27
1155.0,1.614,-0.197
1155.25,1.614,-0.2259999999999999
1155.5,1.5970000000000002,-0.242
1155.75,1.576,-0.269
1156.0,1.598,-0.244
1156.25,1.5930000000000002,-0.239
1156.5,1.574,-0.256
1156.75,1.601,-0.244
1157.0,1.558,-0.276
1157.25,1.615,-0.223
1157.5,1.603,-0.234
1157.75,1.56,-0.275
1158.0,1.5510000000000002,-0.279
1158.25,1.653,-0.18
1158.5,1.568,-0.261
1158.75,2.394,0.1293
1159.0,1.7340000000000002,-0.20067
1159.25,3.079,0.1347
1159.5,4.704,-0.126
1159.75,10.47,0.3609999999999999
1160.0,23.49,5.8
1160.25,29.61,8.27
1160.5,27.880000000000003,6.96
1160.75,32.68,8.89
1161.0,31.4,6.92
1161.25,27.050000000000004,3.09
1161.5,27.71,3.829
1161.75,29.97,5.282
1162.0,31.64,5.82
1162.25,28.410000000000004,4.02
1162.5,30.309999999999995,5.01
1162.75,32.93,5.84
1163.0,36.3,7.41
1163.25,33.47,5.25
1163.5,34.2,6.08
1163.75,31.19,4.071999999999999
1164.0,30.17,5.69
1164.25,26.78,4.76
1164.5,24.84,4.9
1164.75,24.98,5.05
1165.0,26.28,5.29
1165.25,28.53,6.18
1165.5,27.07,6.27
1165.75,30.32,6.45
1166.0,30.61,6.199999999999999
1166.25,31.24,6.21
1166.5,33.43,6.380000000000001
1166.75,32.379999999999995,6.22
1167.0,33.8,6.280000000000001
1167.25,31.05,5.56
1167.5,28.43,5.029999999999999
1167.75,27.52,5.05
1168.0,26.31,4.5
1168.25,13.94,-0.15
1168.5,12.49,0.092
1168.75,11.02,-0.0304
1169.0,10.62,0.0996
1169.25,10.76,-0.0232
1169.5,8.120000000000001,-0.292
1169.75,7.59,-0.215
1170.0,7.609999999999999,0.6126
1170.25,5.64,-0.0752299999999999
1170.5,3.224,-0.3118
1170.75,3.128,-0.2675
1171.0,3.0490000000000004,-0.269
1171.25,2.951,-0.298
1171.5,2.542,-0.33
1171.75,2.349,-0.37
1172.0,2.405,-0.3369999999999999
1172.25,2.137,-0.365
1172.5,2.349,-0.36
1172.75,2.337,-0.351
1173.0,2.181,-0.3369999999999999
1173.25,2.342,-0.339
1173.5,2.341,-0.336
1173.75,2.361,-0.3419999999999999
1174.0,2.335,-0.292
1174.25,1.823,-0.3309999999999999
1174.5,2.081,-0.278
1174.75,2.116,-0.277
1175.0,1.937,-0.258
1175.25,1.96,-0.294
1175.5,2.056,-0.29
1175.75,1.918,-0.308
1176.0,1.969,-0.268
1176.25,2.075,-0.248
1176.5,1.793,-0.3319999999999999
1176.75,2.281,-0.2014
1177.0,2.202,-0.1887
1177.25,1.826,-0.291
1177.5,2.056,-0.25
1177.75,1.813,-0.3279999999999999
1178.0,1.96,-0.24
1178.25,1.862,-0.276
1178.5,2.13,-0.2286
1178.75,1.791,-0.317
1179.0,1.824,-0.306
1179.25,2.139,-0.197
1179.5,1.786,-0.307
1179.75,2.11,-0.243
1180.0,1.778,-0.344
1180.25,1.838,-0.284
1180.5,2.084,-0.24
1180.75,1.827,-0.308
1181.0,1.841,-0.298
1181.25,1.83,-0.285
1181.5,2.078,-0.243
1181.75,1.764,-0.364
1182.0,1.808,-0.32
1182.25,1.834,-0.283
1182.5,2.182,-0.179
1182.75,2.5440000000000005,0.1714999999999999
1183.0,2.846,-0.0319
1183.25,3.35,-0.52
1183.5,3.274,-0.5
1183.75,5.79,-1.0
1184.0,7.1,-0.42
1184.25,8.03,-0.63
1184.5,11.67,0.345
1184.75,12.58,1.19
1185.0,14.65,1.1689999999999998
1185.25,16.97,1.06
1185.5,17.009999999999998,0.68
1185.75,21.14,0.7930000000000001
1186.0,22.21,-0.5269999999999999
1186.25,24.020000000000003,0.0699999999999999
1186.5,23.84,-0.0599999999999999
1186.75,21.57,-0.836
1187.0,19.96,0.494
1187.25,20.7,0.462
1187.5,21.49,0.456
1187.75,20.630000000000003,0.0313999999999999
1188.0,18.9,-0.1149999999999999
1188.25,14.56,-0.8799999999999999
1188.5,12.22,-0.86
1188.75,11.47,-0.97
1189.0,12.47,-0.57893
1189.25,10.84,-0.97
1189.5,9.03,-0.55
1189.75,12.02,0.236
1190.0,9.48,-0.474
1190.25,13.08,0.998
1190.5,14.77,1.1248
1190.75,14.499999999999998,0.7036
1191.0,13.91,0.2967999999999999
1191.25,12.0,-0.0555
1191.5,11.31,0.14
1191.75,11.01,0.06
1192.0,9.55,-0.0932
1192.25,8.64,-0.163
1192.5,8.530000000000001,-0.1763
1192.75,8.29,-0.1256
1193.0,8.68,-0.20575
1193.25,5.35,-0.51
1193.5,5.27,-0.53
1193.75,5.359999999999999,-0.2219
1194.0,4.013,-0.33
1194.25,3.284,-0.4
1194.5,3.123,-0.366
1194.75,3.169,-0.312
1195.0,3.133,-0.342
1195.25,1.895,-0.411
1195.5,1.905,-0.384
1195.75,1.895,-0.381
1196.0,1.869,-0.401
1196.25,1.883,-0.399
1196.5,1.873,-0.412
1196.75,1.887,-0.398
1197.0,1.898,-0.367
1197.25,1.841,-0.423
1197.5,1.876,-0.382
1197.75,1.886,-0.395
1198.0,1.908,-0.357
1198.25,1.863,-0.399
1198.5,1.775,-0.353
1198.75,1.807,-0.301
1199.0,1.821,-0.277
1199.25,1.773,-0.3309999999999999
1199.5,1.774,-0.349
1199.75,1.774,-0.33
1200.0,1.822,-0.299
1200.25,1.81,-0.309
1200.5,1.712,-0.381
1200.75,1.75,-0.35
1201.0,1.781,-0.316
1201.25,1.819,-0.3
1201.5,1.784,-0.324
1201.75,1.757,-0.35
1202.0,1.7839999999999998,-0.3339999999999999
1202.25,1.833,-0.287
1202.5,1.7899999999999998,-0.319
1202.75,1.791,-0.327
1203.0,1.7970000000000002,-0.315
1203.25,1.834,-0.277
1203.5,1.775,-0.3319999999999999
1203.75,1.752,-0.352
1204.0,1.754,-0.353
1204.25,1.7759999999999998,-0.3319999999999999
1204.5,1.756,-0.319
1204.75,1.769,-0.3379999999999999
1205.0,1.751,-0.349
1205.25,1.765,-0.328
1205.5,1.801,-0.3
1205.75,1.762,-0.3319999999999999
1206.0,1.745,-0.352
1206.25,1.773,-0.327
1206.5,1.7919999999999998,-0.3
1206.75,2.69,-0.0631
1207.0,2.424,-0.51
1207.25,2.605,-0.51
1207.5,2.699,-0.383
1207.75,10.46,1.733
1208.0,11.13,1.038
1208.25,16.009999999999998,1.613
1208.5,20.43,1.494
1208.75,24.29,2.185
1209.0,28.01,2.973
1209.25,28.75,2.451
1209.5,29.69,2.573
1209.75,29.03,2.247
1210.0,27.760000000000005,2.135
1210.25,29.3,4.04
1210.5,28.62,2.974
1210.75,31.1,3.388
1211.0,32.06,3.194
1211.25,28.0,2.989
1211.5,18.71,-0.5188999999999999
1211.75,14.91,-0.648
1212.0,14.48,-0.61
1212.25,12.83,-0.92
1212.5,11.99,-0.5
1212.75,11.7,-0.682
1213.0,13.52,-0.4473
1213.25,13.14,-0.509643
1213.5,10.38,-0.305
1213.75,11.93,-0.1195
1214.0,13.61,0.108
1214.25,13.920000000000002,0.5915
1214.5,13.14,0.1147
1214.75,13.95,0.03014
1215.0,16.27,0.442
1215.25,15.16,0.3000799999999999
1215.5,15.06,0.2728
1215.75,14.75,0.26645
1216.0,11.63,-0.0414
1216.25,10.68,-0.025
1216.5,10.37,-0.0911
1216.75,8.76,-0.356
1217.0,9.79,-0.1833
1217.25,9.71,-0.1822
1217.5,9.26,-0.3673
1217.75,8.52,-0.2192
1218.0,5.859999999999999,-0.2137
1218.25,4.8950000000000005,-0.1312
1218.5,3.916,-0.1635899999999999
1218.75,2.776,-0.264
1219.0,2.345,-0.28
1219.25,1.94,-0.313
1219.5,1.874,-0.382
1219.75,1.869,-0.385
1220.0,1.89,-0.371
1220.25,1.922,-0.328
1220.5,1.876,-0.379
1220.75,1.882,-0.374
1221.0,1.914,-0.388
1221.25,1.934,-0.364
1221.5,1.952,-0.283
1221.75,1.931,-0.315
1222.0,1.949,-0.297
1222.25,1.817,-0.282
1222.5,1.825,-0.247
1222.75,1.7849999999999997,-0.3
1223.0,1.806,-0.29
1223.25,1.778,-0.314
1223.5,1.837,-0.25
1223.75,1.813,-0.282
1224.0,1.827,-0.268
1224.25,1.754,-0.332
1224.5,1.821,-0.264
1224.75,1.829,-0.26
1225.0,1.797,-0.306
1225.25,1.812,-0.3
1225.5,1.809,-0.292
1225.75,1.826,-0.269
1226.0,1.762,-0.331
1226.25,1.802,-0.303
1226.5,1.779,-0.315
1226.75,1.834,-0.264
1227.0,1.79,-0.308
1227.25,1.765,-0.32
1227.5,1.791,-0.318
1227.75,1.83,-0.275
1228.0,1.837,-0.283
1228.25,1.782,-0.302
1228.5,1.802,-0.309
1228.75,1.808,-0.297
1229.0,1.811,-0.28
1229.25,1.7769999999999997,-0.31
1229.5,1.7889999999999997,-0.313
1229.75,1.804,-0.307
1230.0,1.903,-0.192
1230.25,1.783,-0.31
1230.5,1.782,-0.32
1230.75,2.787,0.1198
1231.0,2.449,0.1792
1231.25,2.516,-0.434
1231.5,3.65,0.6509999999999999
1231.75,2.617,-0.5
1232.0,2.715,-0.51
1232.25,9.419999999999998,-0.1815
1232.5,14.27,-0.8960000000000001
1232.75,13.93,-0.93
1233.0,14.36,-0.5612
1233.25,14.03,-0.1576999999999999
1233.5,15.87,-1.16
1233.75,15.9,0.833
1234.0,17.66,-0.0249999999999999
1234.25,17.19,-0.63
1234.5,18.54,0.468
1234.75,17.94,-0.6285
1235.0,19.22,-0.51179
1235.25,20.56,0.565
1235.5,17.26,-0.284
1235.75,17.03,-0.501
1236.0,14.27,-0.626
1236.25,12.84,-0.593
1236.5,11.97,-0.3458
1236.75,10.53,-0.41
1237.0,10.31,-0.374
1237.25,11.03,-0.1588
1237.5,8.600000000000001,0.1573999999999999
1237.75,9.3,0.47148
1238.0,12.11,0.976
1238.25,12.8,0.44
1238.5,12.24,0.449
1238.75,12.5,0.7833
1239.0,15.14,1.432
1239.25,14.9,0.605
1239.5,12.92,0.404
1239.75,11.54,0.4268
1240.0,9.55,0.2406999999999999
1240.25,9.1,0.1651999999999999
1240.5,8.95,0.1399999999999999
1240.75,5.12,-0.1383
1241.0,4.800000000000001,-0.166
1241.25,4.41,-0.1836
1241.5,4.859999999999999,-0.156
1241.75,5.33,0.4672
1242.0,3.972,-0.073
1242.25,3.249,-0.2072
1242.5,3.1580000000000004,-0.1003
1242.75,3.321,-0.0766999999999999
1243.0,2.908,-0.138
1243.25,2.8520000000000003,-0.175
1243.5,3.0250000000000004,-0.166
1243.75,1.946,-0.319
1244.0,1.887,-0.292
1244.25,1.884,-0.314
1244.5,1.887,-0.31
1244.75,1.866,-0.322
1245.0,1.913,-0.287
1245.25,1.918,-0.265
1245.5,1.79,-0.293
1245.75,1.677,-0.292
1246.0,1.734,-0.243
1246.25,1.7970000000000002,-0.18
1246.5,1.723,-0.262
1246.75,1.7160000000000002,-0.266
1247.0,1.725,-0.255
1247.25,1.778,-0.212
1247.5,1.739,-0.235
1247.75,1.737,-0.243
1248.0,1.702,-0.276
1248.25,1.7919999999999998,-0.196
1248.5,1.763,-0.215
1248.75,1.753,-0.254
1249.0,1.759,-0.278
1249.25,1.789,-0.1782
1249.5,1.8010000000000002,-0.1709999999999999
1249.75,1.734,-0.247
1250.0,1.746,-0.241
1250.25,1.786,-0.221
1250.5,1.806,-0.178
1250.75,1.756,-0.214
1251.0,1.787,-0.205
1251.25,1.73,-0.248
1251.5,1.766,-0.223
1251.75,1.793,-0.182
1252.0,1.726,-0.261
1252.25,1.714,-0.263
1252.5,1.725,-0.257
1252.75,1.807,-0.175
1253.0,1.784,-0.191
1253.25,1.7080000000000002,-0.267
1253.5,1.73,-0.244
1253.75,1.761,-0.221
1254.0,1.785,-0.193
1254.25,1.747,-0.2269999999999999
1254.5,1.729,-0.248
1254.75,1.7720000000000002,-0.234
1255.0,1.776,-0.204
1255.25,1.7439999999999998,-0.241
1255.5,1.746,-0.242
1255.75,1.727,-0.256
1256.0,1.768,-0.212
1256.25,1.7720000000000002,-0.207
1256.5,1.717,-0.277
1256.75,1.6969999999999998,-0.284
1257.0,1.723,-0.258
1257.25,3.56,0.7209999999999999
1257.5,5.071000000000001,1.3230000000000002
1257.75,4.549,1.131
1258.0,3.875,0.4679999999999999
1258.25,3.909,0.5
1258.5,4.333,1.088
1258.75,4.607,1.211
1259.0,3.87,0.4619999999999999
1259.25,3.916,0.485
1259.5,4.59,1.18
1259.75,4.357,0.92
1260.0,3.881,0.4549999999999999
1260.25,3.804,0.4639999999999999
1260.5,4.305,0.976
1260.75,4.22,0.8779999999999999
1261.0,4.397,0.4069999999999999
1261.25,3.765,0.428
1261.5,3.922,0.831
1261.75,4.376,1.2279999999999998
1262.0,3.525,0.464
1262.25,3.743,0.503
1262.5,4.157,0.709
1262.75,4.879,1.398
1263.0,3.935,0.484
1263.25,3.975,0.4549999999999999
1263.5,3.986,0.505
1263.75,4.823,1.3310000000000002
1264.0,4.142,0.656
1264.25,3.886,0.393
1264.5,3.932,0.4169999999999999
1264.75,4.699000000000001,1.16
1265.0,4.036,0.665
1265.25,3.783,0.3339999999999999
1265.5,3.635,0.378
1265.75,2.127,-0.113
1266.0,1.731,-0.248
1266.25,1.7319999999999998,-0.232
1266.5,1.7,-0.275
1266.75,1.702,-0.266
1267.0,1.7199999999999998,-0.2648
1267.25,1.746,-0.219
1267.5,1.738,-0.24
1267.75,1.703,-0.274
1268.0,1.671,-0.28
1268.25,1.7519999999999998,-0.242
1268.5,1.764,-0.21
1268.75,1.718,-0.26
1269.0,1.7240000000000002,-0.256
1269.25,1.723,-0.251
1269.5,1.7920000000000005,-0.18
1269.75,1.749,-0.229
1270.0,1.737,-0.249
1270.25,1.752,-0.24
1270.5,1.7559999999999998,-0.213
1270.75,1.769,-0.2
1271.0,1.722,-0.242
1271.25,1.7440000000000002,-0.2239999999999999
1271.5,1.778,-0.2009999999999999
1271.75,1.79,-0.19
1272.0,1.755,-0.207
1272.25,1.735,-0.2279999999999999
1272.5,1.742,-0.243
1272.75,1.775,-0.208
1273.0,1.782,-0.186
1273.25,1.747,-0.2199999999999999
1273.5,1.722,-0.242
1273.75,1.785,-0.18
1274.0,1.785,-0.185
1274.25,1.745,-0.22
1274.5,1.773,-0.243
1274.75,1.763,-0.2223
1275.0,1.783,-0.197
1275.25,1.775,-0.188
1275.5,1.7399999999999998,-0.236
1275.75,1.72,-0.25
1276.0,1.7520000000000002,-0.2269999999999999
1276.25,1.809,-0.199
1276.5,1.787,-0.243
1276.75,1.824,-0.159
1277.0,1.741,-0.2299999999999999
1277.25,1.818,-0.1679199999999999
1277.5,1.802,-0.1679999999999999
1277.75,1.747,-0.2309999999999999
1278.0,1.737,-0.243
1278.25,1.7720000000000002,-0.211
1278.5,1.811,-0.1669999999999999
1278.75,1.7800000000000002,-0.1903
1279.0,1.73,-0.251
1279.25,1.741,-0.2289999999999999
1279.5,1.729,-0.222
1279.75,1.791,-0.1709999999999999
1280.0,1.768,-0.21463
1280.25,1.741,-0.242
1280.5,1.727,-0.24
1280.75,1.767,-0.198
1281.0,1.726,-0.2339999999999999
1281.25,1.745,-0.2259999999999999
1281.5,1.743,-0.235
1281.75,1.755,-0.223
1282.0,1.786,-0.1659999999999999
1282.25,1.739,-0.243
1282.5,1.733,-0.244
1282.75,1.758,-0.22
1283.0,1.779,-0.189
1283.25,1.763,-0.197
1283.5,1.723,-0.244
1283.75,1.738,-0.238
1284.0,1.784,-0.205286
1284.25,1.798,-0.179
1284.5,1.7680000000000002,-0.224
1284.75,1.718,-0.247
1285.0,1.7480000000000002,-0.2199999999999999
1285.25,1.796,-0.186
1285.5,1.7559999999999998,-0.213
1285.75,1.7240000000000002,-0.254
1286.0,1.714,-0.263
1286.25,1.7599999999999998,-0.2298
1286.5,1.781,-0.193
1286.75,1.746,-0.222
1287.0,1.721,-0.262
1287.25,1.72,-0.258
1287.5,1.765,-0.219
1287.75,1.6869999999999998,-0.272
1288.0,1.7049999999999998,-0.258
1288.25,1.721,-0.254
1288.5,1.6940000000000002,-0.275
1288.75,1.735,-0.232
1289.0,1.721,-0.239
1289.25,1.7040000000000002,-0.263
1289.5,1.688,-0.276
1289.75,1.734,-0.253
1290.0,1.738,-0.233
1290.25,1.743,-0.228
1290.5,1.699,-0.275
1290.75,1.73,-0.277
1291.0,1.712,-0.248
1291.25,1.79,-0.192
1291.5,1.722,-0.255
1291.75,1.707,-0.275
1292.0,1.7029999999999998,-0.285
1292.25,1.789,-0.2036
1292.5,1.7200000000000002,-0.258
1292.75,1.701,-0.271
1293.0,1.6920000000000002,-0.28
1293.25,1.781,-0.211
1293.5,1.689,-0.282
1293.75,1.699,-0.28
1294.0,1.726,-0.264
1294.25,1.733,-0.256
1294.5,1.775,-0.215
1294.75,1.753,-0.217
1295.0,1.758,-0.2363
1295.25,1.743,-0.245
1295.5,1.745,-0.246
1295.75,1.787,-0.203
1296.0,1.77,-0.2208
1296.25,1.738,-0.252
1296.5,1.693,-0.272
1296.75,1.7559999999999998,-0.219
1297.0,1.826,-0.15923
1297.25,1.733,-0.259
1297.5,1.733,-0.242
1297.75,1.7280000000000002,-0.261
1298.0,1.822,-0.17
1298.25,1.809,-0.193
1298.5,1.7440000000000002,-0.248
1298.75,1.717,-0.258
1299.0,1.7990000000000002,-0.1939
1299.25,1.802,-0.1861999999999999
1299.5,1.77,-0.208
1299.75,1.737,-0.236
1300.0,1.839,-0.18548
1300.25,1.8,-0.1934
1300.5,1.782,-0.191
1300.75,1.737,-0.239
1301.0,1.707,-0.240286
1301.25,1.754,-0.2279999999999999
1301.5,1.859,-0.15838
1301.75,1.791,-0.2009999999999999
1302.0,1.727,-0.258
1302.25,1.725,-0.248
1302.5,1.7479999999999998,-0.232
1302.75,1.961,-0.16387
1303.0,2.779,-0.072
1303.25,3.5930000000000004,0.0489999999999999
1303.5,3.985,0.465
1303.75,9.08,0.7371
1304.0,9.75,0.0089999999999999
1304.25,10.81,0.0369999999999999
1304.5,14.32,0.1679999999999999
1304.75,15.95,-0.1188
1305.0,17.3,1.372
1305.25,21.04,2.155
1305.5,25.12,2.497
1305.75,26.980000000000004,2.6750000000000003
1306.0,27.3,3.271
1306.25,23.42,1.717
1306.5,22.56,1.4300000000000002
1306.75,22.92,1.534
1307.0,22.76,1.19
1307.25,22.77,1.5579999999999998
1307.5,22.43,1.701
1307.75,21.31,1.533
1308.0,19.74,1.44
1308.25,15.25,0.3
1308.5,10.64,-0.4659999999999999
1308.75,9.7,-0.5208999999999999
1309.0,12.65,-0.5476
1309.25,14.88,-0.252
1309.5,11.44,-0.0200999999999999
1309.75,14.91,0.9246
1310.0,18.29,1.304
1310.25,19.05,1.367
1310.5,17.619999999999997,1.0493
1310.75,19.08,1.05
1311.0,22.01,1.793
1311.25,21.3,1.836
1311.5,21.24,1.385
1311.75,20.63,1.0825
1312.0,20.89,1.267
1312.25,20.09,1.532
1312.5,18.72,1.8272
1312.75,15.4,1.1331
1313.0,14.14,1.2437
1313.25,12.72,1.4488
1313.5,12.760000000000002,2.1741
1313.75,10.06,1.3057999999999998
1314.0,9.66,1.6070000000000002
1314.25,7.52,0.99416
1314.5,6.63,1.5539999999999998
1314.75,4.316,0.2388
1315.0,3.643,-0.103
1315.25,2.975,-0.176
1315.5,3.603,0.463
1315.75,2.9930000000000003,0.09
1316.0,1.996,-0.32
1316.25,1.982,-0.3379999999999999
1316.5,2.25,-0.138
1316.75,2.428,0.089
1317.0,1.883,-0.32
1317.25,1.826,-0.379
1317.5,1.816,-0.382
1317.75,1.891,-0.306
1318.0,1.7800000000000002,-0.26
1318.25,1.7120000000000002,-0.3399999999999999
1318.5,1.738,-0.313
1318.75,1.7760000000000002,-0.283
1319.0,1.7950000000000002,-0.255
1319.25,1.771,-0.245
1319.5,1.7720000000000002,-0.277
1319.75,1.781,-0.279
1320.0,1.757,-0.3
1320.25,1.808,-0.254
1320.5,1.817,-0.25
1320.75,1.7560000000000002,-0.293
1321.0,1.766,-0.306
1321.25,1.771,-0.282
1321.5,1.82,-0.241
1321.75,1.751,-0.297
1322.0,1.795,-0.297
1322.25,1.754,-0.28
1322.5,1.83,-0.2309999999999999
1322.75,1.774,-0.272
1323.0,1.7160000000000002,-0.33
1323.25,1.7200000000000002,-0.318
1323.5,1.787,-0.271
1323.75,1.803,-0.264
1324.0,1.7399999999999998,-0.329
1324.25,1.749,-0.315
1324.5,1.773,-0.299
1324.75,1.77,-0.287
1325.0,1.744,-0.2783299999999999
1325.25,1.738,-0.321
1325.5,1.755,-0.31
1325.75,1.751,-0.313
1326.0,1.773,-0.283
1326.25,1.7920000000000005,-0.264
1326.5,1.762,-0.296
1326.75,2.649,0.0980999999999999
1327.0,2.885,-0.137
1327.25,5.53,0.258
1327.5,5.8,0.1722
1327.75,9.27,-0.012
1328.0,10.13,-0.004
1328.25,13.239999999999998,0.0129999999999999
1328.5,20.06,1.679
1328.75,23.3,3.052
1329.0,26.17,2.1870000000000003
1329.25,26.66,2.053
1329.5,25.62,2.018
1329.75,26.23,2.439
1330.0,26.58,2.175
1330.25,25.06,1.875
1330.5,25.54,2.405
1330.75,24.53,1.92
1331.0,25.89,1.989
1331.25,25.69,1.7040000000000002
1331.5,26.380000000000003,2.324
1331.75,24.97,1.943
1332.0,23.4,1.844
1332.25,22.85,1.922
1332.5,22.02,2.074
1332.75,35.5,6.91
1333.0,52.6,13.84
1333.25,44.7,10.55
1333.5,43.8,11.15
1333.75,43.900000000000006,10.49
1334.0,43.2,9.72
1334.25,41.1,9.32
1334.5,40.0,9.93
1334.75,39.5,9.87
1335.0,39.6,9.97
1335.25,0.0,0.0
1335.5,0.0,0.0
1335.75,0.0,0.0
1336.0,0.0,0.0
1336.25,0.0,0.0
1336.5,0.0,0.0
1336.75,0.0,0.0
1337.0,0.0,0.0
1337.25,0.0,0.0
1337.5,0.0,0.0
1337.75,0.0,0.0
1338.0,0.0,0.0
1338.25,0.0,0.0
1338.5,0.0,0.0
1338.75,0.0,0.0
1339.0,0.0,0.0
1339.25,0.0,0.0
1339.5,14.38,0.596
1339.75,15.76,0.715
1340.0,14.17,0.5760000000000001
1340.25,14.06,0.655
1340.5,13.61,0.613
1340.75,13.26,0.5830000000000001
1341.0,12.82,0.5459999999999999
1341.25,12.96,0.4883
1341.5,12.8,0.607
1341.75,13.07,0.825
1342.0,12.81,0.891
1342.25,13.13,0.89457
1342.5,12.85,0.9598
1342.75,12.32,0.6579999999999999
1343.0,12.27,0.5980000000000001
1343.25,12.41,0.702
1343.5,12.650000000000002,0.8803
1343.75,12.15,0.90535
1344.0,12.12,0.83929
1344.25,11.739999999999998,0.766
1344.5,11.18,0.75
1344.75,12.13,1.07275
1345.0,12.75,0.9309
1345.25,11.38,0.4669999999999999
1345.5,11.96,0.537
1345.75,11.94,0.611
1346.0,11.41,0.49
1346.25,12.38,0.7071000000000001
1346.5,10.88,0.457
1346.75,12.19,0.7751000000000001
1347.0,11.14,0.6389999999999999
1347.25,11.07,0.542
1347.5,11.24,0.574
1347.75,11.94,0.7769999999999999
1348.0,10.760000000000002,0.478
1348.25,11.25,0.626
1348.5,11.72,0.7410000000000001
1348.75,10.82,0.593
1349.0,11.76,0.7323999999999999
1349.25,10.59,0.5
1349.5,10.31,0.4679999999999999
1349.75,11.409999999999998,0.738
1350.0,10.87,0.597
1350.25,11.29,0.6950000000000001
1350.5,10.89,0.64727
1350.75,10.59,0.898
1351.0,11.56,1.658
1351.25,11.06,0.915
1351.5,10.66,0.5700000000000001
1351.75,13.46,0.2599999999999999
1352.0,18.71,-0.0662
1352.25,22.1,0.313
1352.5,23.1,0.3444
1352.75,23.19,-0.134
1353.0,29.72,2.628
1353.25,32.34,3.395
1353.5,33.7,3.535
1353.75,33.79,3.097
1354.0,34.8,3.3120000000000003
1354.25,35.07,3.369
1354.5,34.7,3.731
1354.75,33.89,3.337
1355.0,35.03,4.0600000000000005
1355.25,33.13,3.2220000000000004
1355.5,33.24,3.967
1355.75,29.660000000000004,3.059
1356.0,25.46,2.842
1356.25,24.91,2.475
1356.5,22.65,2.72
1356.75,20.92,2.535
1357.0,20.46,2.4210000000000003
1357.25,22.08,3.155
1357.5,18.07,2.2960000000000003
1357.75,18.35,1.485
1358.0,16.169999999999998,1.1849999999999998
1358.25,17.17,1.263
1358.5,17.38,1.992
1358.75,17.07,1.799
1359.0,16.88,1.581
1359.25,16.78,1.483
1359.5,19.47,2.328
1359.75,19.48,2.165
1360.0,18.37,1.896
1360.25,17.29,1.811
1360.5,16.23,2.0895
1360.75,17.17,3.021
1361.0,12.53,1.239
1361.25,11.66,1.3775
1361.5,11.650000000000002,1.8387
1361.75,12.0,2.41
1362.0,9.46,1.056
1362.25,7.34,0.479
1362.5,6.579000000000001,0.476
1362.75,6.323,0.5810000000000001
1363.0,6.192,0.515
1363.25,5.904999999999999,0.406
1363.5,5.388,0.3009999999999999
1363.75,5.569999999999999,0.398
1364.0,5.3260000000000005,0.287
1364.25,5.46,0.391
1364.5,5.334,0.396
1364.75,5.392,0.442
1365.0,5.338,0.374
1365.25,5.172,0.288
1365.5,5.103,0.318
1365.75,5.226,0.375
1366.0,5.154,0.39
1366.25,5.184,0.4299999999999999
1366.5,5.245,0.523
1366.75,4.441,0.204
1367.0,5.268000000000001,0.504
1367.25,5.049,0.362
1367.5,4.898,0.349
1367.75,5.753,0.702
1368.0,5.067,0.412
1368.25,4.9190000000000005,0.362
1368.5,5.111,0.436
1368.75,5.224,0.371
1369.0,4.98,0.284
1369.25,4.908,0.272
1369.5,5.065,0.367
1369.75,4.962999999999999,0.31
1370.0,4.82,0.236
1370.25,5.1850000000000005,0.386
1370.5,5.120000000000001,0.36
1370.75,4.968999999999999,0.251
1371.0,4.977,0.279
1371.25,4.914,0.257
1371.5,4.894,0.289
1371.75,4.703,0.196
1372.0,5.232,0.377
1372.25,5.0600000000000005,0.3389999999999999
1372.5,4.952,0.267
1372.75,4.715,0.207
1373.0,4.926,0.282
1373.25,4.965,0.303
1373.5,5.179,0.422
1373.75,4.846,0.2269999999999999
1374.0,4.952999999999999,0.261
1374.25,4.945,0.308
1374.5,4.914,0.35
1374.75,5.634,0.6874
1375.0,5.95,0.413
1375.25,7.129999999999999,0.5640000000000001
1375.5,7.47,1.021
1375.75,8.09,0.4813
1376.0,9.95,0.3530999999999999
1376.25,12.5,-0.0136099999999999
1376.5,14.35,-0.0269999999999999
1376.75,17.259999999999998,0.7637
1377.0,20.45,1.266
1377.25,22.37,1.4162
1377.5,21.51,0.608
1377.75,24.68,1.105
1378.0,23.51,0.5613
1378.25,24.57,1.0205
1378.5,28.33,3.019
1378.75,26.82,2.405
1379.0,27.58,2.65
1379.25,27.65,3.71
1379.5,26.55,3.4170000000000003
1379.75,26.57,3.385
1380.0,25.96,3.335
1380.25,22.08,2.823
1380.5,21.0,3.5860000000000003
1380.75,18.84,2.6010000000000004
1381.0,19.76,2.659
1381.25,20.020000000000003,2.1870000000000003
1381.5,16.93,1.885
1381.75,17.66,2.144
1382.0,16.82,1.749
1382.25,16.91,1.597
1382.5,16.369999999999997,1.4660000000000002
1382.75,17.57,1.922
1383.0,17.64,2.002
1383.25,15.79,1.3770000000000002
1383.5,15.72,1.411
1383.75,15.9,1.6
1384.0,13.18,1.7105
1384.25,13.88,1.2708000000000002
1384.5,13.94,1.255
1384.75,12.77,1.2692
1385.0,13.9,1.9801
1385.25,12.65,1.4848
1385.5,11.42,1.129
1385.75,10.44,1.24
1386.0,10.42,2.37
1386.25,9.57,2.125
1386.5,7.85,1.29
1386.75,7.59,1.375
1387.0,7.430000000000001,1.502
1387.25,7.880000000000001,1.939
1387.5,6.58,0.945
1387.75,6.92,1.074
1388.0,7.140000000000001,1.338
1388.25,7.619999999999999,1.834
1388.5,7.09,1.253
1388.75,6.8,1.084
1389.0,6.609999999999999,1.027
1389.25,7.39,1.719
1389.5,7.01,1.286
1389.75,6.279999999999999,0.819
1390.0,6.66,1.01
1390.25,7.229999999999999,1.552
1390.5,7.300000000000001,1.678
1390.75,6.4,1.008
1391.0,6.5600000000000005,1.146
1391.25,7.15,1.623
1391.5,7.359999999999999,1.94
1391.75,6.42,1.135
1392.0,6.42,1.235
1392.25,6.67,1.577
1392.5,6.9,1.895
1392.75,6.619999999999999,1.304
1393.0,6.790000000000001,1.4409999999999998
1393.25,6.83,1.806
1393.5,7.649999999999999,2.364
1393.75,6.53,1.28
1394.0,6.01,1.0770000000000002
1394.25,7.130000000000001,1.802
1394.5,7.31,2.043
1394.75,6.159999999999999,1.152
1395.0,6.78,1.445
1395.25,7.19,1.995
1395.5,6.220000000000001,1.5
1395.75,6.61,1.461
1396.0,6.56,1.366
1396.25,7.56,1.907
1396.5,7.200000000000001,1.796
1396.75,6.23,1.097
1397.0,6.29,1.128
1397.25,7.1,1.901
1397.5,6.69,1.562
1397.75,6.3,1.129
1398.0,6.16,1.027
1398.25,7.19,1.809
1398.5,6.779999999999999,1.6629999999999998
1398.75,7.27,1.636
1399.0,7.38,1.32
1399.25,9.3,1.7470000000000003
1399.5,9.98,2.1100000000000003
1399.75,11.12,0.7495999999999999
1400.0,14.119999999999996,1.423
1400.25,12.8,0.834
1400.5,14.62,1.3090000000000002
1400.75,16.42,1.067
1401.0,16.43,0.3226
1401.25,17.86,0.3647
1401.5,19.24,0.9773000000000002
1401.75,20.1,1.2922
1402.0,19.71,0.635
1402.25,22.55,1.377
1402.5,21.91,1.729
1402.75,20.47,1.2433
1403.0,18.79,0.788
1403.25,21.04,1.024
1403.5,26.97,2.776
1403.75,35.1,7.58
1404.0,36.7,8.350000000000001
1404.25,27.87,2.65
1404.5,23.9,2.213
1404.75,17.38,1.6230000000000002
1405.0,14.89,1.32
1405.25,15.68,1.3893
1405.5,13.13,1.1871
1405.75,13.78,1.9727
1406.0,12.87,1.729
1406.25,12.76,1.491
1406.5,12.24,1.5670000000000002
1406.75,14.07,2.583
1407.0,15.44,2.7960000000000003
1407.25,13.85,1.726
1407.5,14.54,1.724
1407.75,14.14,2.2270000000000003
1408.0,13.6,1.993
1408.25,13.63,1.527
1408.5,12.17,1.017
1408.75,11.45,1.63
1409.0,10.6,1.5530000000000002
1409.25,10.41,1.07
1409.5,9.43,1.082
1409.75,10.48,1.908
1410.0,7.85,1.595
1410.25,8.09,1.5990000000000002
1410.5,7.6,1.267
1410.75,7.47,1.626
1411.0,7.67,1.798
1411.25,6.44,0.998
1411.5,5.94,0.776
1411.75,6.68,1.44
1412.0,6.53,1.3550000000000002
1412.25,6.16,0.908
1412.5,6.539999999999999,1.012
1412.75,6.510000000000001,1.181
1413.0,7.0600000000000005,1.594
1413.25,6.75,0.6687
1413.5,6.130000000000001,0.581
1413.75,4.340999999999999,0.198
1414.0,4.538,0.325
1414.25,4.343,0.266
1414.5,4.379,0.272
1414.75,4.332,0.262
1415.0,4.412,0.299
1415.25,4.295,0.301
1415.5,4.3580000000000005,0.317
1415.75,4.361000000000001,0.316
1416.0,4.449,0.3319999999999999
1416.25,4.409,0.3349999999999999
1416.5,4.2940000000000005,0.2279999999999999
1416.75,4.156,0.206
1417.0,4.3020000000000005,0.262
1417.25,4.437,0.361
1417.5,4.412,0.354
1417.75,4.382,0.356
1418.0,4.275,0.335
1418.25,4.404999999999999,0.395
1418.5,4.378,0.418
1418.75,4.295999999999999,0.3919999999999999
1419.0,4.156000000000001,0.3299999999999999
1419.25,4.568,0.476
1419.5,4.577,0.5050000000000001
1419.75,4.2620000000000005,0.363
1420.0,4.299,0.388
1420.25,4.293,0.326
1420.5,4.491999999999999,0.472
1420.75,4.366,0.361
1421.0,4.382,0.349
1421.25,4.275,0.3329999999999999
1421.5,4.303,0.374
1421.75,4.259,0.35
1422.0,4.285,0.331
1422.25,4.356999999999999,0.374
1422.5,4.396,0.397
1422.75,4.445,0.425
1423.0,4.331,0.366
1423.25,4.189,0.317
1423.5,4.351,0.3869999999999999
1423.75,4.497,0.439
1424.0,4.377000000000001,0.3429999999999999
1424.25,4.276,0.332
1424.5,4.225,0.258
1424.75,4.334,0.3339999999999999
1425.0,4.513,0.391
1425.25,4.428000000000001,0.3249999999999999
1425.5,4.539,0.391
1425.75,4.545,0.346
1426.0,4.392,0.31
1426.25,4.5760000000000005,0.322
1426.5,4.493,0.324
1426.75,4.634,0.331
1427.0,4.6850000000000005,0.386
1427.25,4.614000000000001,0.33
1427.5,4.567,0.296
1427.75,4.517,0.3239999999999999
1428.0,4.4670000000000005,0.294
1428.25,4.638,0.312
1428.5,4.627000000000001,0.2759999999999999
1428.75,4.797000000000001,0.302
1429.0,4.825,0.2809999999999999
1429.25,4.662000000000001,0.264
1429.5,4.727,0.2699999999999999
1429.75,4.642,0.24
1430.0,4.843999999999999,0.205
1430.25,4.678000000000001,0.2054
1430.5,4.884,0.217
1430.75,4.7010000000000005,0.194
1431.0,4.538,0.172
1431.25,4.516,0.1848
1431.5,4.869999999999999,0.291
1431.75,4.73,0.219
1432.0,4.752,0.223
1432.25,4.772,0.213
1432.5,4.732,0.238
1432.75,4.577999999999999,0.189
1433.0,4.652,0.2289999999999999
1433.25,4.682,0.26
1433.5,4.697,0.3189999999999999
1433.75,4.593,0.291
1434.0,4.248,0.1753
1434.25,4.447,0.231
1434.5,4.392,0.304
1434.75,4.513,0.345
1435.0,4.409000000000001,0.258
1435.25,4.362,0.216
1435.5,4.448,0.244
1435.75,4.295,0.257
1436.0,4.414,0.27
1436.25,4.281000000000001,0.221
1436.5,4.167,0.207
1436.75,4.231,0.261
1437.0,4.462,0.3339999999999999
1437.25,4.433,0.31
1437.5,4.357,0.252
1437.75,4.306,0.263
1438.0,4.284000000000001,0.285
1438.25,4.323,0.264
1438.5,4.245,0.239
1438.75,4.358,0.301
1439.0,4.26,0.306
1439.25,4.3740000000000006,0.315
1439.5,4.338,0.271
1439.75,4.378,0.379
1440.0,4.159,0.309
1440.25,4.371,0.402
1440.5,4.365,0.364
1440.75,4.3100000000000005,0.353
1441.0,4.455,0.387
1441.25,4.337,0.384
1441.5,4.414,0.345
1441.75,4.303,0.275
1442.0,4.344,0.347
1442.25,4.364,0.3979999999999999
1442.5,4.378,0.407
1442.75,4.25,0.353
1443.0,4.315,0.381
1443.25,4.239,0.373
1443.5,4.361000000000001,0.446
1443.75,4.264,0.391
1444.0,4.306,0.41
1444.25,4.319,0.448
1444.5,4.302,0.4569999999999999
1444.75,4.247,0.348
1445.0,4.38,0.345
1445.25,4.257,0.309
1445.5,4.364,0.3419999999999999
1445.75,4.246,0.303
1446.0,4.218,0.313
1446.25,4.092,0.286
1446.5,4.336,0.401
1446.75,4.304,0.421
1447.0,4.288,0.3889999999999999
1447.25,4.243,0.33
1447.5,4.202,0.375
1447.75,4.251,0.398
1448.0,4.237,0.39
1448.25,4.365,0.3969999999999999
1448.5,4.256,0.402
1448.75,4.352,0.44
1449.0,4.463,0.472
1449.25,4.324,0.404
1449.5,4.367,0.42
1449.75,4.339,0.423
1450.0,4.465,0.4659999999999999
1450.25,4.587,0.492
1450.5,4.4990000000000006,0.444
1450.75,4.356,0.392
1451.0,4.406000000000001,0.387
1451.25,4.434,0.423
1451.5,4.705,0.458
1451.75,4.507,0.357
1452.0,4.574,0.411
1452.25,4.798,0.481
1452.5,4.65,0.392
1452.75,4.418,0.3
1453.0,4.604,0.363
1453.25,4.735,0.37
1453.5,4.825,0.435
1453.75,4.84,0.366
1454.0,4.4670000000000005,0.274
1454.25,4.65,0.282
1454.5,4.521,0.2545
1454.75,4.856999999999999,0.3429999999999999
1455.0,4.795,0.3289999999999999
1455.25,4.91,0.403
1455.5,4.640000000000001,0.282
1455.75,4.648,0.239
1456.0,4.646,0.235
1456.25,4.614,0.2249999999999999
1456.5,4.427,0.1761999999999999
1456.75,4.599,0.257
1457.0,4.559,0.257
1457.25,4.455,0.2079999999999999
1457.5,4.367,0.196
1457.75,4.58,0.301
1458.0,4.218,0.221
1458.25,4.353,0.204
1458.5,4.356999999999999,0.213
1458.75,4.416,0.2329999999999999
1459.0,4.297,0.1669999999999999
1459.25,4.272,0.169
1459.5,4.287,0.188
1459.75,4.392,0.1989999999999999
1460.0,4.459,0.253
1460.25,4.196,0.1518
1460.5,4.276,0.165
1460.75,4.206,0.1502
1461.0,4.152,0.1527
1461.25,4.3100000000000005,0.199
1461.5,4.316,0.173
1461.75,4.362,0.195
1462.0,4.284,0.189
1462.25,4.217,0.1802
1462.5,4.233,0.169
1462.75,4.206,0.184
1463.0,4.273,0.2249999999999999
1463.25,4.315,0.27
1463.5,4.372,0.24
1463.75,4.381,0.306
1464.0,4.216,0.205
1464.25,4.3100000000000005,0.2309999999999999
1464.5,4.468999999999999,0.302
1464.75,4.7940000000000005,0.39
1465.0,4.433,0.301
1465.25,4.417,0.3169999999999999
1465.5,4.323,0.32
1465.75,4.4030000000000005,0.295
1466.0,4.2170000000000005,0.217
1466.25,4.345,0.349
1466.5,4.371,0.353
1466.75,4.3870000000000005,0.358
1467.0,4.369,0.358
1467.25,4.352,0.3399999999999999
1467.5,4.312,0.398
1467.75,4.361000000000001,0.399
1468.0,4.322,0.364
1468.25,4.386,0.386
1468.5,4.43,0.448
1468.75,4.496,0.379
1469.0,4.207,0.264
1469.25,4.208,0.278
1469.5,4.287,0.298
1469.75,4.477,0.394
1470.0,4.33,0.294
1470.25,4.323,0.305
1470.5,4.4510000000000005,0.373
1470.75,5.174,0.7511000000000001
1471.0,4.381,0.33
1471.25,4.8100000000000005,0.6673
1471.5,5.88,0.5369999999999999
1471.75,6.42,0.571
1472.0,6.84,1.049
1472.25,10.84,2.882
1472.5,11.37,2.2073
1472.75,10.69,1.389
1473.0,10.57,1.7862999999999998
1473.25,12.37,2.477
1473.5,13.23,2.3676
1473.75,11.329999999999998,1.6733
1474.0,10.93,0.8508
1474.25,10.47,0.5892000000000001
1474.5,12.5,1.2655
1474.75,12.739999999999998,1.3984
1475.0,11.8,0.7787000000000001
1475.25,11.73,0.7475
1475.5,11.47,0.9616
1475.75,11.46,1.1661
1476.0,10.81,0.5331999999999999
1476.25,10.27,0.4331
1476.5,9.32,0.8644
1476.75,9.67,1.788
1477.0,8.65,1.184
1477.25,8.98,1.121
1477.5,8.780000000000001,1.114
1477.75,9.39,1.612
1478.0,10.01,1.789
1478.25,7.279999999999999,0.932
1478.5,7.04,0.902
1478.75,7.7,1.048
1479.0,8.05,1.63
1479.25,7.33,1.017
1479.5,7.49,0.987
1479.75,6.950000000000001,0.875
1480.0,7.6,1.37
1480.25,7.89,1.352
1480.5,7.83,0.979
1480.75,7.0200000000000005,0.833
1481.0,7.15,1.152
1481.25,7.56,1.59
1481.5,6.96,1.0450000000000002
1481.75,7.050000000000001,1.1589999999999998
1482.0,7.029999999999999,1.181
1482.25,7.81,1.922
1482.5,6.94,1.235
1482.75,6.8,1.064
1483.0,6.85,1.0450000000000002
1483.25,7.42,1.585
1483.5,7.050000000000001,1.2260000000000002
1483.75,6.87,0.965
1484.0,6.79,0.934
1484.25,7.31,1.4549999999999998
1484.5,7.219999999999999,1.385
1484.75,6.77,0.963
1485.0,6.57,0.8400000000000001
1485.25,7.029999999999999,1.183
1485.5,7.84,1.2769
1485.75,5.279999999999999,0.2878
1486.0,4.686,0.23
1486.25,4.265000000000001,0.127
1486.5,4.539,0.26
1486.75,4.536,0.306
1487.0,4.65,0.391
1487.25,4.553,0.367
1487.5,4.427,0.327
1487.75,4.558,0.349
1488.0,4.747,0.42
1488.25,4.425,0.357
1488.5,4.484999999999999,0.344
1488.75,4.356999999999999,0.349
1489.0,4.459,0.3919999999999999
1489.25,4.372,0.415
1489.5,4.468,0.36
1489.75,4.268,0.27
1490.0,4.326,0.3119999999999999
1490.25,4.372,0.287
1490.5,4.335,0.278
1490.75,4.3260000000000005,0.24
1491.0,4.371,0.245
1491.25,4.304,0.247
1491.5,4.424,0.303
1491.75,4.333,0.263
1492.0,4.2940000000000005,0.283
1492.25,4.152,0.214
1492.5,4.455,0.433
1492.75,4.43,0.345
1493.0,4.236,0.281
1493.25,4.301,0.349
1493.5,4.3870000000000005,0.413
1493.75,4.58,0.444
1494.0,4.193,0.303
1494.25,4.224,0.326
1494.5,4.338,0.416
1494.75,5.43,1.394
1495.0,4.926,0.507
1495.25,4.683999999999999,0.402
1495.5,4.449999999999999,0.406
1495.75,4.521,0.481
1496.0,4.473,0.4529999999999999
1496.25,4.958,0.8815
1496.5,4.392,0.3199999999999999
1496.75,4.824,0.312
1497.0,6.74,0.351
1497.25,6.3100000000000005,-0.059
1497.5,5.95,-0.1624
1497.75,6.379999999999999,-0.08
1498.0,6.33,-0.061
1498.25,6.85,0.308
1498.5,6.19,-0.1244
1498.75,6.539999999999999,-0.058
1499.0,6.58,-0.0279999999999999
1499.25,6.300000000000001,-0.1389999999999999
1499.5,6.72,0.357
1499.75,5.013,0.563
1500.0,4.593,0.217
1500.25,4.847,0.235
1500.5,5.239000000000001,0.7435
1500.75,4.756,0.239
1501.0,4.712,0.215
1501.25,4.709,0.2329999999999999
1501.5,4.683999999999999,0.174
1501.75,4.6850000000000005,0.1699999999999999
1502.0,4.7330000000000005,0.208
1502.25,4.9190000000000005,0.272
1502.5,4.7940000000000005,0.226
1502.75,4.651,0.1775
1503.0,4.714,0.212
1503.25,4.943,0.245
1503.5,4.956,0.211
1503.75,5.602,0.371
1504.0,4.838,0.197
1504.25,5.306,0.298
1504.5,5.196,0.249
1504.75,4.771,0.182
1505.0,4.991999999999999,0.212
1505.25,5.103,0.333
1505.5,4.807,0.24
1505.75,4.686999999999999,0.186
1506.0,4.509,0.1742
1506.25,4.602,0.211
1506.5,4.656,0.226
1506.75,4.779,0.24
1507.0,4.571,0.201
1507.25,4.473000000000001,0.1249
1507.5,4.579,0.193
1507.75,4.561,0.183
1508.0,4.492,0.199
1508.25,4.657,0.208
1508.5,4.611000000000001,0.217
1508.75,4.462,0.145
1509.0,4.458,0.1085
1509.25,4.388,0.129
1509.5,4.5,0.186
1509.75,4.509,0.175
1510.0,4.557,0.175
1510.25,4.623,0.185
1510.5,4.299,0.1399
1510.75,4.369999999999999,0.1949999999999999
1511.0,4.429,0.19
1511.25,4.457,0.242
1511.5,4.385,0.287
1511.75,4.581,0.368
1512.0,4.252,0.244
1512.25,4.425,0.3
1512.5,4.428000000000001,0.346
1512.75,4.382,0.316
1513.0,4.465,0.32
1513.25,4.312,0.301
1513.5,4.309,0.29
1513.75,4.441,0.381
1514.0,4.427,0.391
1514.25,4.321,0.336
1514.5,4.271,0.3249999999999999
1514.75,4.593,0.5229999999999999
1515.0,4.325,0.364
1515.25,4.376,0.323
1515.5,4.321,0.3359999999999999
1515.75,4.603,0.435
1516.0,4.517,0.449
1516.25,4.392,0.356
1516.5,4.558,0.396
1516.75,4.423,0.4059999999999999
1517.0,4.564,0.499
1517.25,4.481999999999999,0.424
1517.5,4.352,0.39
1517.75,4.19,0.339
1518.0,4.4510000000000005,0.396
1518.25,4.596,0.506
1518.5,4.506,0.366
1518.75,5.69,0.9214
1519.0,4.634,0.356
1519.25,10.12,0.948
1519.5,10.06,0.627
1519.75,17.400000000000002,3.53
1520.0,44.900000000000006,15.04
1520.25,40.3,12.9
1520.5,38.0,11.32
1520.75,38.5,11.35
1521.0,38.2,10.94
1521.25,39.2,11.49
1521.5,38.8,11.05
1521.75,41.6,11.6
1522.0,42.2,11.84
1522.25,39.5,10.86
1522.5,41.7,12.05
1522.75,42.9,11.69
1523.0,45.9,12.41
1523.25,46.3,11.36
1523.5,48.99999999999999,13.31
1523.75,41.8,11.17
1524.0,17.3,1.506
1524.25,12.68,0.0345999999999999
1524.5,13.74,1.1988
1524.75,15.15,1.6864
1525.0,15.28,1.781
1525.25,14.28,1.064
1525.5,11.76,0.7472000000000001
1525.75,12.02,0.6868
1526.0,12.3,0.8049
1526.25,12.27,0.755
1526.5,14.06,0.9991
1526.75,14.59,0.9595
1527.0,15.470000000000002,1.238
1527.25,15.11,0.857
1527.5,15.29,1.017
1527.75,16.150000000000002,1.087
1528.0,14.4,1.0146
1528.25,14.529999999999998,0.949
1528.5,12.849999999999998,0.881
1528.75,11.8,0.812
1529.0,12.48,0.8480000000000001
1529.25,10.57,0.7484999999999999
1529.5,9.89,0.6527000000000001
1529.75,9.23,0.5321
1530.0,9.67,0.552
1530.25,8.57,0.512
1530.5,8.23,0.444
1530.75,6.93,0.279
1531.0,6.239,0.255
1531.25,5.906,0.1916999999999999
1531.5,6.249,0.303
1531.75,6.206,0.2109999999999999
1532.0,5.76,0.3369999999999999
1532.25,6.050000000000001,0.298
1532.5,5.773,0.3329999999999999
1532.75,4.769,0.2299
1533.0,4.722,0.1972
1533.25,4.6690000000000005,0.237
1533.5,4.671,0.295
1533.75,4.629,0.289
1534.0,4.507,0.248
1534.25,4.583,0.291
1534.5,4.674,0.325
1534.75,4.643,0.357
1535.0,4.57,0.327
1535.25,4.631,0.353
1535.5,4.654,0.362
1535.75,4.558999999999999,0.368
1536.0,4.515000000000001,0.285
1536.25,4.463,0.249
1536.5,4.513,0.2309999999999999
1536.75,4.465,0.204
1537.0,4.487,0.259
1537.25,4.278,0.1564
1537.5,4.42,0.214
1537.75,4.319,0.24
1538.0,4.537,0.314
1538.25,4.568,0.351
1538.5,4.519,0.317
1538.75,4.529999999999999,0.299
1539.0,4.531000000000001,0.321
1539.25,4.6240000000000006,0.4179999999999999
1539.5,4.399,0.323
1539.75,4.604,0.386
1540.0,4.311,0.31
1540.25,4.359,0.3399999999999999
1540.5,4.542,0.429
1540.75,4.5600000000000005,0.393
1541.0,4.463,0.3409999999999999
1541.25,4.478,0.37
1541.5,4.349,0.368
1541.75,4.487,0.401
1542.0,4.424,0.319
1542.25,4.518000000000001,0.277
1542.5,4.465,0.319
1542.75,6.02,1.075
1543.0,6.04,1.37
1543.25,6.550000000000001,0.5689
1543.5,11.37,1.183
1543.75,12.75,1.581
1544.0,15.6,1.2795
1544.25,17.66,0.968
1544.5,27.18,2.742
1544.75,27.28,4.045
1545.0,29.01,4.45
1545.25,32.78,2.89
1545.5,31.5,3.001
1545.75,31.69,2.731
1546.0,33.58,4.453
1546.25,32.96,3.274
1546.5,30.67,2.729
1546.75,32.7,3.028
1547.0,33.47,3.053
1547.25,32.47,2.943
1547.5,29.05,2.233
1547.75,29.0,2.361
1548.0,28.82,2.858
1548.25,29.89,2.748
1548.5,29.37,3.316
1548.75,26.99,3.072
1549.0,23.61,2.948
1549.25,21.61,2.724
1549.5,21.62,2.926
1549.75,18.09,1.291
1550.0,20.09,1.419
1550.25,21.200000000000003,1.729
1550.5,23.08,1.963
1550.75,22.89,1.879
1551.0,23.29,2.0490000000000004
1551.25,21.52,1.894
1551.5,19.84,1.7
1551.75,18.950000000000003,1.651
1552.0,21.64,1.765
1552.25,19.82,1.295
1552.5,20.8,1.6720000000000002
1552.75,18.87,1.439
1553.0,15.49,1.326
1553.25,12.43,0.529
1553.5,11.67,0.723
1553.75,11.73,0.7956000000000001
1554.0,10.75,0.18509
1554.25,8.82,0.1815999999999999
1554.5,7.76,0.0658
1554.75,7.43,0.04
1555.0,7.140000000000001,-0.0119999999999999
1555.25,7.180000000000001,-0.082
1555.5,6.9,-0.073
1555.75,6.99,-0.06
1556.0,6.93,-0.11
1556.25,7.02,-0.0839999999999999
1556.5,7.12,-0.0819999999999999
1556.75,6.99,-0.094
1557.0,6.693,-0.153
1557.25,6.06,-0.201
1557.5,6.07,-0.187
1557.75,6.130000000000001,-0.1558
1558.0,6.074,-0.095
1558.25,6.073,-0.0419999999999999
1558.5,6.023,-0.0409999999999999
1558.75,5.934,0.022
1559.0,5.744,-0.018
1559.25,5.907,-0.002
1559.5,5.859999999999999,-0.0359999999999999
1559.75,5.931,0.033
1560.0,6.139,0.112
1560.25,5.449,-0.1713
1560.5,5.706,-0.0883999999999999
1560.75,5.751,-0.0389999999999999
1561.0,5.958,0.083
1561.25,6.147,0.15
1561.5,5.883,0.015
1561.75,5.7330000000000005,-0.0379999999999999
1562.0,5.907,0.0589999999999999
1562.25,5.914,0.08
1562.5,5.691,0.016
1562.75,5.68,-0.071
1563.0,5.652,-0.1277999999999999
1563.25,5.6610000000000005,-0.1459
1563.5,5.642,-0.15
1563.75,5.675000000000001,-0.117
1564.0,5.668,-0.104
1564.25,5.54,-0.1135
1564.5,5.6370000000000005,-0.143
1564.75,5.63,-0.127
1565.0,5.727,-0.069
1565.25,5.746,-0.043
1565.5,5.726,-0.097
1565.75,5.670999999999999,-0.119
1566.0,5.667,-0.08
1566.25,5.597,-0.0897
1566.5,5.742,-0.041
1566.75,6.766,0.3374
1567.0,6.016,-0.053
1567.25,5.89,-0.126
1567.5,6.53,0.2653999999999999
1567.75,9.32,0.2881
1568.0,12.99,0.851
1568.25,16.52,1.1975
1568.5,27.67,2.781
1568.75,32.89,4.051
1569.0,30.65,3.0200000000000005
1569.25,31.78,1.836
1569.5,33.84,2.776
1569.75,35.08,2.715
1570.0,34.3,2.994
1570.25,33.0,2.786
1570.5,32.59,2.702
1570.75,35.0,3.852
1571.0,33.6,3.649
1571.25,33.51,2.685
1571.5,31.86,2.87
1571.75,29.59,2.344
1572.0,23.99,1.5666
1572.25,21.36,1.3882
1572.5,16.14,0.0929999999999999
1572.75,13.09,-0.374091
1573.0,15.57,-0.5832
1573.25,16.599999999999998,-0.672
1573.5,13.68,0.35
1573.75,11.9,-0.0426
1574.0,12.580000000000002,0.0217999999999999
1574.25,13.77,0.3231
1574.5,13.23,0.874
1574.75,14.31,0.598
1575.0,13.93,0.7883
1575.25,13.25,0.749
1575.5,13.23,0.7293299999999999
1575.75,12.49,0.66
1576.0,13.079999999999998,0.65246
1576.25,13.53,0.743
1576.5,15.53,0.478
1576.75,13.33,0.4626
1577.0,11.81,0.4871999999999999
1577.25,5.16,-0.1478
1577.5,4.76,-0.1328
1577.75,4.104,-0.254
1578.0,4.111,0.307
1578.25,2.547,-0.17433
1578.5,2.067,-0.1804
1578.75,1.941,-0.1064
1579.0,1.932,-0.1018
1579.25,1.745,-0.28296
1579.5,1.736,-0.2954
1579.75,1.808,-0.2559
1580.0,1.873,-0.2171
1580.25,1.97,-0.2679
1580.5,2.582,-0.3236
1580.75,2.061,0.1553999999999999
1581.0,1.84,-0.2445
1581.25,1.847,-0.2004
1581.5,1.766,-0.273
1581.75,1.749,-0.28103
1582.0,1.83,-0.2441
1582.25,1.827,-0.2233
1582.5,1.844,-0.2048
1582.75,1.766,-0.27
1583.0,1.784,-0.2611
1583.25,1.838,-0.2231
1583.5,1.875,-0.182
1583.75,1.82,-0.2262
1584.0,1.756,-0.27143
1584.25,1.834,-0.2278
1584.5,1.823,-0.2383
1584.75,1.867,-0.2071
1585.0,1.822,-0.2241
1585.25,1.804,-0.2485
1585.5,1.8240000000000005,-0.2383
1585.75,1.824,-0.2369
1586.0,1.808,-0.2388
1586.25,1.779,-0.26577
1586.5,1.833,-0.2115
1586.75,1.928,-0.1061
1587.0,1.917,-0.1234
1587.25,1.935,-0.098
1587.5,1.956,-0.0696
1587.75,1.817,-0.247
1588.0,1.789,-0.2546
1588.25,1.754,-0.29273
1588.5,1.814,-0.2375
1588.75,1.826,-0.2296
1589.0,1.7959999999999998,-0.2667
1589.25,1.751,-0.30333
1589.5,1.787,-0.2707
1589.75,1.872,-0.1917
1590.0,1.879,-0.1965
1590.25,1.79,-0.2534
1590.5,1.798,-0.2612
1590.75,1.827,-0.2183
1591.0,1.857,-0.1819
1591.25,1.797,-0.2416
1591.5,1.767,-0.2711
1591.75,1.809,-0.2371
1592.0,1.794,-0.2387
1592.25,1.834,-0.202
1592.5,1.768,-0.2758
1592.75,1.829,-0.226
1593.0,1.802,-0.2567
1593.25,1.799,-0.2444
1593.5,1.821,-0.2104
1593.75,1.84,-0.2066
1594.0,1.868,-0.205
1594.25,2.578,0.0459999999999999
1594.5,2.607,0.0889
1594.75,2.8520000000000003,0.1135999999999999
1595.0,2.583,0.0002299999999999
1595.25,2.713,0.074
1595.5,2.653,-0.0163
1595.75,2.662,-0.055
1596.0,2.6710000000000003,-0.0689999999999999
1596.25,2.6,-0.125
1596.5,2.585,-0.13
1596.75,2.62,-0.075
1597.0,2.597,-0.058
1597.25,2.532,-0.12
1597.5,2.1950000000000003,-0.196
1597.75,1.775,-0.2581
1598.0,1.809,-0.2339
1598.25,1.791,-0.25769
1598.5,1.793,-0.2586
1598.75,1.7760000000000002,-0.2655
1599.0,1.763,-0.2738
1599.25,1.776,-0.26
1599.5,1.828,-0.2266999999999999
1599.75,1.805,-0.2516
1600.0,1.821,-0.2867
1600.25,1.7599999999999998,-0.2855
1600.5,1.864,-0.2016
1600.75,1.7120000000000002,-0.316
1601.0,1.774,-0.27
1601.25,1.743,-0.2925
1601.5,1.813,-0.2326
1601.75,1.847,-0.1972999999999999
1602.0,1.719,-0.3012
1602.25,1.7600000000000002,-0.28
1602.5,1.795,-0.2571
1602.75,1.839,-0.2319
1603.0,1.88,-0.12563
1603.25,1.882,-0.1427999999999999
1603.5,1.916,-0.1191
1603.75,1.867,-0.1578999999999999
1604.0,1.918,-0.1072
1604.25,1.942,-0.0974
1604.5,1.809,-0.2511
1604.75,1.754,-0.2915999999999999
1605.0,1.84,-0.2478
1605.25,1.855,-0.2057
1605.5,1.844,-0.2208
1605.75,1.738,-0.3011
1606.0,1.787,-0.2645
1606.25,1.848,-0.2228
1606.5,1.819,-0.2203
1606.75,1.742,-0.2925999999999999
1607.0,1.823,-0.2442
1607.25,1.824,-0.2462
1607.5,1.862,-0.1862
1607.75,1.815,-0.2321
1608.0,1.832,-0.2354
1608.25,1.782,-0.2695
1608.5,1.811,-0.2381
1608.75,1.909,-0.16
1609.0,1.836,-0.2256
1609.25,1.811,-0.2525
1609.5,1.775,-0.2817
1609.75,1.87,-0.1935
1610.0,1.872,-0.1967
1610.25,1.7639999999999998,-0.28286
1610.5,1.785,-0.2772
1610.75,1.841,-0.2252
1611.0,1.876,-0.1931
1611.25,1.767,-0.3157
1611.5,1.8280000000000003,-0.2419
1611.75,1.84,-0.2065
1612.0,1.882,-0.120948
1612.25,2.014,-0.0288
1612.5,1.972,-0.06
1612.75,1.931,-0.1085
1613.0,1.885,-0.14694
1613.25,1.891,-0.1818
1613.5,1.885,-0.1758
1613.75,1.817,-0.2488
1614.0,1.802,-0.2568
1614.25,1.828,-0.2427
1614.5,1.87,-0.2046
1614.75,1.821,-0.2268
1615.0,1.803,-0.2523
1615.25,1.8240000000000005,-0.2357
1615.5,1.81,-0.251
1615.75,1.809,-0.2304999999999999
1616.0,1.907,-0.1656
1616.25,1.834,-0.2188999999999999
1616.5,1.803,-0.2459
1616.75,1.822,-0.2360999999999999
1617.0,1.899,-0.1573
1617.25,1.843,-0.211
1617.5,1.783,-0.2621
1617.75,1.825,-0.2188999999999999
1618.0,1.834,-0.2163
1618.25,1.938,-0.1235999999999999
1618.5,1.802,-0.2251999999999999
1618.75,1.801,-0.2458
1619.0,1.78,-0.2727
1619.25,1.769,-0.2914799999999999
1619.5,1.833,-0.2246
1619.75,1.82,-0.2329999999999999
1620.0,1.787,-0.2661
1620.25,1.733,-0.3028
1620.5,1.891,-0.2354
1620.75,1.898,-0.1886999999999999
1621.0,1.8080000000000005,-0.2182
1621.25,1.881,-0.1341
1621.5,1.908,-0.1126
1621.75,1.982,-0.0427
1622.0,1.887,-0.1259
1622.25,1.938,-0.1076
1622.5,1.7840000000000005,-0.245286
1622.75,1.773,-0.2717
1623.0,1.825,-0.213
1623.25,1.816,-0.2329
1623.5,1.798,-0.2577
1623.75,1.762,-0.29187
1624.0,1.795,-0.2531
1624.25,1.871,-0.1843
1624.5,1.79,-0.2556
1624.75,1.7480000000000002,-0.3079
1625.0,1.793,-0.2646
1625.25,1.793,-0.2681
1625.5,1.777,-0.263
1625.75,1.777,-0.2635
1626.0,1.7839999999999998,-0.2603
1626.25,1.734,-0.295
1626.5,1.771,-0.2738
1626.75,1.834,-0.2174
1627.0,1.763,-0.2746
1627.25,1.715,-0.306
1627.5,1.7759999999999998,-0.2704
1627.75,1.787,-0.2744
1628.0,1.783,-0.254
1628.25,1.7639999999999998,-0.27847
1628.5,1.761,-0.2812
1628.75,1.744,-0.2944
1629.0,1.764,-0.26185
1629.25,1.783,-0.2542
1629.5,1.763,-0.27505
1629.75,1.692,-0.341
1630.0,1.798,-0.2668
1630.25,1.833,-0.2214
1630.5,1.841,-0.172
1630.75,1.891,-0.1246
1631.0,1.911,-0.1126
1631.25,1.865,-0.15167
1631.5,1.92,-0.1033999999999999
1631.75,1.93,-0.0962
1632.0,1.787,-0.2747
1632.25,1.741,-0.299231
1632.5,1.783,-0.2734999999999999
1632.75,1.83,-0.2233
1633.0,1.768,-0.272
1633.25,1.7959999999999998,-0.2459
1633.5,1.819,-0.2341
1633.75,1.772,-0.278
1634.0,1.803,-0.24304
1634.25,1.83,-0.2074
1634.5,1.774,-0.2588
1634.75,1.766,-0.2688
1635.0,1.818,-0.2209
1635.25,1.814,-0.2289
1635.5,1.812,-0.2249
1635.75,1.817,-0.2377999999999999
1636.0,1.793,-0.2527
1636.25,1.748,-0.2918
1636.5,1.848,-0.1939
1636.75,1.828,-0.2235
1637.0,1.737,-0.3023
1637.25,1.807,-0.245
1637.5,1.807,-0.237
1637.75,1.769,-0.243
1638.0,1.7970000000000002,-0.2338
1638.25,1.778,-0.2589
1638.5,1.7319999999999998,-0.2861
1638.75,1.871,-0.231
1639.0,3.545,0.207
1639.25,4.16,0.0994
1639.5,5.69,0.2953699999999999
1639.75,8.78,1.531
1640.0,11.58,0.9318
1640.25,16.59,1.328
1640.5,17.560000000000002,0.9804
1640.75,21.26,2.1174
1641.0,29.6,4.622999999999999
1641.25,24.57,2.0318
1641.5,29.07,2.731
1641.75,31.6,2.822
1642.0,32.510000000000005,2.3464
1642.25,33.5,3.2750000000000004
1642.5,39.6,4.23
1642.75,42.5,3.618
1643.0,45.3,4.441000000000001
1643.25,39.15,3.205
1643.5,38.83,2.171
1643.75,38.33,3.138
1644.0,35.06,3.852
1644.25,31.53,2.363
1644.5,32.59,2.878
1644.75,32.730000000000004,3.489
1645.0,33.52,3.651
1645.25,36.49,4.853
1645.5,42.1,5.664
1645.75,60.8,11.48
1646.0,59.89999999999999,11.55
1646.25,56.7,10.25
1646.5,64.9,9.74
1646.75,67.1,9.57
1647.0,42.6,3.631
1647.25,37.94,2.865
1647.5,42.0,1.7500000000000004
1647.75,43.1,1.725
1648.0,42.6,2.28
1648.25,41.4,2.08
1648.5,35.7,0.901
1648.75,35.540000000000006,1.3870000000000002
1649.0,25.56,2.509
1649.25,15.7,1.733
1649.5,12.32,0.15
1649.75,9.97,0.0009999999999999
1650.0,9.32,0.78
1650.25,8.05,0.97
1650.5,6.66,0.31
1650.75,5.51,0.3199999999999999
1651.0,2.88,-0.5569999999999999
1651.25,2.891,-0.52
1651.5,2.956,-0.488
1651.75,2.9520000000000004,-0.491
1652.0,2.8960000000000004,-0.55
1652.25,2.902,-0.523
1652.5,2.874,-0.576
1652.75,2.833,-0.5700000000000001
1653.0,2.89,-0.55
1653.25,2.814,-0.61
1653.5,2.526,-0.57
1653.75,1.94,-0.43
1654.0,1.944,-0.43
1654.25,1.954,-0.41
1654.5,1.963,-0.416
1654.75,1.969,-0.425
1655.0,1.905,-0.4609999999999999
1655.25,1.987,-0.406
1655.5,2.026,-0.372
1655.75,1.918,-0.4599999999999999
1656.0,1.983,-0.415
1656.25,2.0,-0.397
1656.5,1.886,-0.51
1656.75,2.0460000000000003,-0.363
1657.0,1.989,-0.42
1657.25,1.938,-0.46
1657.5,2.011,-0.41
1657.75,2.005,-0.406
1658.0,2.103,-0.292
1658.25,2.091,-0.3271
1658.5,2.114,-0.3379999999999999
1658.75,2.066,-0.3379999999999999
1659.0,2.103,-0.35
1659.25,2.023,-0.372
1659.5,1.983,-0.42
1659.75,2.001,-0.417
1660.0,1.948,-0.46
1660.25,2.024,-0.394
1660.5,2.064,-0.353
1660.75,1.96,-0.46
1661.0,2.014,-0.405
1661.25,2.041,-0.368
1661.5,2.049,-0.3171
1661.75,2.165,-0.2063
1662.0,2.105,-0.2648
1662.25,1.935,-0.458
1662.5,1.988,-0.421
1662.75,2.238,-0.43
1663.0,2.442,-0.48
1663.25,3.957,0.2165
1663.5,5.98,0.5067999999999999
1663.75,6.43,0.0779999999999999
1664.0,7.84,0.321
1664.25,12.239999999999998,0.0659999999999999
1664.5,22.51,2.152
1664.75,25.66,1.813
1665.0,26.550000000000004,1.071
1665.25,25.76,0.597
1665.5,26.61,1.651
1665.75,26.13,1.7237
1666.0,28.32,1.491
1666.25,29.21,1.9102
1666.5,30.99,2.4304
1666.75,31.700000000000003,1.7179999999999995
1667.0,31.8,1.013
1667.25,28.42,1.1919999999999995
1667.5,26.43,1.794
1667.75,25.6,1.79
1668.0,18.72,0.0559999999999999
1668.25,17.59,0.0609999999999999
1668.5,19.64,0.8160000000000001
1668.75,19.26,1.5008
1669.0,19.79,0.6120000000000001
1669.25,24.42,2.204
1669.5,36.27,1.962
1669.75,40.96,1.7070000000000003
1670.0,41.8,0.0819999999999998
1670.25,41.9,0.264
1670.5,40.7,0.145
1670.75,40.4,1.79
1671.0,32.66,1.262
1671.25,28.47,1.271
1671.5,32.64,1.6462
1671.75,33.22,2.6020000000000003
1672.0,32.14,2.124
1672.25,32.45,1.843
1672.5,28.43,1.23
1672.75,31.42,2.1759
1673.0,26.290000000000003,1.879
1673.25,22.86,1.006
1673.5,16.77,-0.0723
1673.75,13.72,-0.0771999999999999
1674.0,12.29,-0.188
1674.25,8.899999999999999,0.1606
1674.5,7.949999999999999,-0.1667
1674.75,7.199999999999999,-0.27833
1675.0,6.34,-0.476
1675.25,6.014,-0.53
1675.5,4.383,-0.475
1675.75,4.309,-0.51
1676.0,4.970000000000001,-0.07
1676.25,3.3020000000000005,-0.1754
1676.5,3.7,0.4867
1676.75,2.99,-0.1473
1677.0,3.091,-0.1195
1677.25,3.2219999999999995,-0.117
1677.5,2.696,-0.2377
1677.75,2.7270000000000003,-0.1557
1678.0,2.016,-0.2304
1678.25,2.577,-0.0384999999999999
1678.5,2.172,-0.16
1678.75,2.548,-0.066
1679.0,2.175,-0.163
1679.25,2.483,-0.068
1679.5,2.158,-0.1178
1679.75,2.449,-0.027
1680.0,2.487,-0.053
1680.25,2.351,-0.086
1680.5,2.395,-0.0914
1680.75,2.3120000000000003,-0.08
1681.0,2.3240000000000003,-0.08
1681.25,2.332,-0.122
1681.5,2.271,-0.15
1681.75,2.483,-0.048
1682.0,2.221,-0.111
1682.25,2.442,-0.032
1682.5,2.263,-0.125
1682.75,2.5170000000000003,-0.049
1683.0,2.191,-0.1452
1683.25,2.478,0.0139999999999999
1683.5,2.351,0.07
1683.75,2.552,0.162
1684.0,2.326,0.063
1684.25,2.874,0.25633
1684.5,2.312,-0.029
1684.75,2.246,-0.096
1685.0,2.233,-0.0679999999999999
1685.25,2.3360000000000003,-0.077
1685.5,2.087,-0.1844
1685.75,2.693,0.0529999999999999
1686.0,2.12,-0.1681
1686.25,2.347,-0.1009999999999999
1686.5,2.167,-0.1449
1686.75,3.293,0.3581
1687.0,2.857,-0.195
1687.25,3.912,-0.5700000000000001
1687.5,5.58,-0.61
1687.75,8.81,0.2179999999999999
1688.0,9.82,-0.034
1688.25,15.1,-0.1089999999999999
1688.5,22.87,1.885
1688.75,26.08,2.165
1689.0,26.42,1.488
1689.25,27.44,1.455
1689.5,26.28,1.554
1689.75,26.7,1.7340000000000002
1690.0,25.18,1.628
1690.25,26.62,1.3220000000000005
1690.5,32.43,1.831
1690.75,30.43,0.5499999999999999
1691.0,33.53,1.243
1691.25,31.55,0.4189999999999999
1691.5,30.09,0.6890000000000001
1691.75,27.27,0.6819000000000001
1692.0,22.93,1.4052000000000002
1692.25,20.05,0.1089999999999999
1692.5,19.65,0.7569999999999999
1692.75,24.14,2.874
1693.0,23.64,1.934
1693.25,27.46,3.94
1693.5,43.9,4.398
1693.75,46.7,3.732
1694.0,46.8,2.701
1694.25,48.7,2.383
1694.5,52.9,3.52
1694.75,48.0,2.444
1695.0,43.2,1.8139
1695.25,41.1,1.597
1695.5,44.6,2.1980000000000004
1695.75,43.7,2.0650000000000004
1696.0,39.3,0.7650000000000001
1696.25,38.2,0.449
1696.5,35.6,1.6259
1696.75,32.6,2.031
1697.0,26.06,1.481
1697.25,21.26,1.702
1697.5,15.41,0.8523
1697.75,14.59,0.904
1698.0,12.96,0.7000000000000001
1698.25,10.18,-0.149
1698.5,9.43,0.4715
1698.75,8.3,-0.542
1699.0,7.49,0.1075999999999999
1699.25,6.130999999999999,-0.448
1699.5,6.57,0.0534999999999999
1699.75,5.877,-0.52
1700.0,5.822,-0.47857
1700.25,4.865,-0.4
1700.5,4.479,-0.269
1700.75,4.016,-0.3001
1701.0,2.954,-0.294
1701.25,2.872,-0.365
1701.5,3.629,-0.467
1701.75,3.695,-0.444
1702.0,3.661,-0.43
1702.25,2.904,-0.251
1702.5,1.984,-0.2299999999999999
1702.75,1.967,-0.272
1703.0,2.099,-0.184
1703.25,2.052,-0.1631
1703.5,2.025,-0.21043
1703.75,1.96,-0.24037
1704.0,1.897,-0.30345
1704.25,1.96,-0.23667
1704.5,1.975,-0.258
1704.75,1.93,-0.26238
1705.0,2.032,-0.1835999999999999
1705.25,1.97,-0.22
1705.5,1.921,-0.2724
1705.75,2.003,-0.205
1706.0,1.895,-0.3083
1706.25,1.946,-0.2561
1706.5,1.935,-0.25583
1706.75,1.905,-0.277
1707.0,1.985,-0.21852
1707.25,1.986,-0.22
1707.5,2.004,-0.202
1707.75,2.085,-0.1387
1708.0,2.0170000000000003,-0.177
1708.25,2.0700000000000003,-0.1578
1708.5,1.963,-0.24778
1708.75,1.891,-0.308
1709.0,1.955,-0.2555
1709.25,1.968,-0.2379
1709.5,1.946,-0.2726
1709.75,1.966,-0.261
1710.0,1.87,-0.3157
1710.25,1.999,-0.2289999999999999
1710.5,1.934,-0.236
1710.75,2.267,-0.2982
1711.0,2.906,-0.019
1711.25,4.535,-0.163
1711.5,8.629999999999999,1.085
1711.75,11.55,1.5299999999999998
1712.0,14.55,1.0
1712.25,17.240000000000002,0.7040000000000001
1712.5,17.84,-0.124
1712.75,17.84,-0.07
1713.0,19.34,1.497
1713.25,17.57,-0.2519999999999999
1713.5,22.05,-1.38
1713.75,22.63,-1.187
1714.0,23.57,-1.217
1714.25,23.18,-1.2617
1714.5,27.83,-0.8089999999999999
1714.75,24.52,-1.411
1715.0,23.5,-1.095
1715.25,26.09,-0.721
1715.5,24.67,-0.082
1715.75,23.11,0.6299999999999998
1716.0,18.31,-0.0406
1716.25,19.46,0.289
1716.5,22.64,0.742
1716.75,23.94,1.219
1717.0,27.64,2.715
1717.25,28.950000000000003,3.317
1717.5,31.36,2.401
1717.75,33.5,2.301
1718.0,37.2,3.653
1718.25,35.870000000000005,3.081
1718.5,33.93,2.117
1718.75,34.239999999999995,2.446
1719.0,42.2,6.07
1719.25,38.97,6.34
1719.5,39.0,5.44
1719.75,30.35,2.22
1720.0,30.81,2.818
1720.25,29.93,2.7270000000000003
1720.5,27.020000000000003,2.184
1720.75,25.270000000000003,0.8925299999999999
1721.0,22.43,1.6015
1721.25,18.97,0.8199999999999998
1721.5,16.439999999999998,0.0319999999999999
1721.75,15.79,0.169
1722.0,9.56,0.0002999999999999
1722.25,7.88,-0.2741
1722.5,8.99,-0.5539999999999999
1722.75,8.08,-0.6909
1723.0,7.71,-0.7595000000000001
1723.25,6.59,-0.7961499999999999
1723.5,5.913,-0.7190000000000001
1723.75,5.561,-0.79
1724.0,5.502,-0.85
1724.25,5.501,-0.96
1724.5,5.456,-0.96
1724.75,3.882,-0.76
1725.0,3.822,-0.6910000000000001
1725.25,3.73,-0.75
1725.5,3.835,-0.6890000000000001
1725.75,3.784,-0.71
1726.0,3.806,-0.69
1726.25,3.815,-0.6890000000000001
1726.5,3.765,-0.73
1726.75,3.6,-0.594
1727.0,3.178,-0.538
1727.25,3.131,-0.5700000000000001
1727.5,3.18,-0.531
1727.75,3.162,-0.53
1728.0,3.197,-0.495
1728.25,3.182,-0.544
1728.5,3.135,-0.59
1728.75,3.137,-0.543
1729.0,3.104,-0.57
1729.25,3.133,-0.55
1729.5,3.159,-0.581
1729.75,3.088,-0.66
1730.0,3.251,-0.448
1730.25,3.166,-0.49
1730.5,3.107,-0.56
1730.75,3.113,-0.557
1731.0,3.0330000000000004,-0.62
1731.25,3.125,-0.5289999999999999
1731.5,3.104,-0.56
1731.75,3.108,-0.54
1732.0,3.082,-0.5630000000000001
1732.25,3.022,-0.62
1732.5,3.131,-0.531
1732.75,3.1659999999999995,-0.494
1733.0,3.194,-0.4772
1733.25,3.114,-0.521
1733.5,3.036,-0.5900000000000001
1733.75,3.1339999999999995,-0.538
1734.0,3.059,-0.57
1734.25,3.0780000000000003,-0.5690000000000001
1734.5,3.052,-0.5900000000000001
1734.75,3.468,-0.5780000000000001
1735.0,4.884,0.402
1735.25,7.212,-0.1696
1735.5,7.841,0.166
1735.75,5.956,-0.8600000000000001
1736.0,8.33,-1.21
1736.25,24.64,4.73
1736.5,27.15,2.251
1736.75,28.59,0.7537
1737.0,32.5,2.688
1737.25,37.3,6.21
1737.5,36.1,4.699
1737.75,37.5,5.15
1738.0,35.5,4.67
1738.25,36.7,5.76
1738.5,35.29,3.699
1738.75,35.7,4.134
1739.0,33.59,3.1950000000000003
1739.25,35.13,4.773
1739.5,30.59,3.617
1739.75,23.14,2.178
1740.0,15.55,-0.364
1740.25,15.44,0.91
1740.5,18.15,1.7599999999999998
1740.75,18.16,0.497
1741.0,19.11,1.0678
1741.25,20.72,2.169
1741.5,25.93,1.89
1741.75,25.73,0.515
1742.0,27.82,0.2049999999999999
1742.25,27.05,0.967
1742.5,23.66,0.1620000000000001
1742.75,17.900000000000002,-0.3369999999999999
1743.0,18.74,0.5423
1743.25,16.56,0.4699999999999999
1743.5,16.490000000000002,-0.0809999999999999
1743.75,16.88,0.0072
1744.0,16.44,-0.195
1744.25,18.21,0.7379999999999998
1744.5,16.85,0.4169999999999999
1744.75,14.27,-0.1109999999999999
1745.0,9.79,-0.4019999999999999
1745.25,8.399999999999999,0.18
1745.5,8.48,0.3380000000000001
1745.75,7.52,-0.4449999999999999
1746.0,7.75,0.157
1746.25,9.63,0.76
1746.5,9.58,0.7699999999999999
1746.75,7.091,0.02
1747.0,5.837,-0.192
1747.25,4.634,-0.422
1747.5,3.555,-0.5900000000000001
1747.75,3.5700000000000003,-0.56
1748.0,3.58,-0.55
1748.25,3.639,-0.5
1748.5,3.108,-0.424
1748.75,2.5460000000000003,-0.3922
1749.0,2.607,-0.3308
1749.25,2.58,-0.3614
1749.5,2.654,-0.2788
1749.75,2.582,-0.3454
1750.0,2.604,-0.3238
1750.25,2.643,-0.2992
1750.5,2.548,-0.3673999999999999
1750.75,2.6790000000000003,-0.256
1751.0,2.564,-0.3583
1751.25,2.643,-0.2978
1751.5,2.592,-0.3269
1751.75,2.555,-0.3627
1752.0,2.6790000000000003,-0.2676699999999999
1752.25,2.666,-0.2425
1752.5,2.7110000000000003,-0.2183
1752.75,2.637,-0.2823
1753.0,2.684,-0.252
1753.25,2.773,-0.2347
1753.5,2.654,-0.2969
1753.75,2.582,-0.3308
1754.0,2.527,-0.37
1754.25,2.62,-0.312
1754.5,2.576,-0.3232
1754.75,2.611,-0.3067
1755.0,2.56,-0.3611
1755.25,2.561,-0.345
1755.5,2.568,-0.3424
1755.75,2.552,-0.3543
1756.0,2.615,-0.2972
1756.25,2.535,-0.3723999999999999
1756.5,2.571,-0.358
1756.75,2.547,-0.3711
1757.0,2.581,-0.3256
1757.25,2.616,-0.2985
1757.5,2.537,-0.411
1757.75,2.576,-0.3299999999999999
1758.0,2.519,-0.3268
1758.25,2.568,-0.3207
1758.5,2.605,-0.2501
1758.75,2.668,-0.2186
1759.0,2.639,-0.2435999999999999
1759.25,2.584,-0.3059
1759.5,2.589,-0.3149
1759.75,2.553,-0.35115
1760.0,2.556,-0.3356
1760.25,2.516,-0.3729
1760.5,2.603,-0.3192
1760.75,2.551,-0.3538
1761.0,2.6630000000000003,-0.2719
1761.25,2.601,-0.3222
1761.5,2.513,-0.3562
1761.75,2.767,-0.2781
1762.0,3.75,-0.074
1762.25,6.6,1.518
1762.5,6.45,1.348
1762.75,5.34,0.335
1763.0,5.43,0.1789999999999998
1763.25,5.71,0.42
1763.5,3.729,-0.335
1763.75,3.704,-0.399
1764.0,3.743,-0.365
1764.25,3.933,-0.4639999999999999
1764.5,4.172,-0.43267
1764.75,4.125,-0.4669999999999999
1765.0,4.231,-0.3805
1765.25,4.23,-0.3704
1765.5,4.248,-0.3693
1765.75,5.59,-0.5481
1766.0,5.99,-0.643
1766.25,5.869999999999999,-0.6040000000000001
1766.5,5.890000000000001,-0.7050000000000001
1766.75,5.9,-0.659
1767.0,5.5,-0.5860000000000001
1767.25,5.91,-0.619
1767.5,5.9,-0.637
1767.75,5.79,-0.6088
1768.0,5.8100000000000005,-0.61
1768.25,5.26,-0.524
1768.5,5.09,-0.448
1768.75,4.9,-0.533
1769.0,4.387,-0.651
1769.25,3.562,-0.402
1769.5,4.46,1.075
1769.75,2.8,-0.2385
1770.0,2.718,-0.2935
1770.25,2.631,-0.431
1770.5,2.489,-0.5
1770.75,2.561,-0.45
1771.0,2.502,-0.49
1771.25,2.601,-0.41
1771.5,2.555,-0.447
1771.75,2.468,-0.52
1772.0,2.53,-0.48
1772.25,2.488,-0.52
1772.5,2.566,-0.41
1772.75,2.5380000000000003,-0.4599999999999999
1773.0,2.47,-0.49
1773.25,2.503,-0.4599999999999999
1773.5,2.555,-0.46
1773.75,2.521,-0.46
1774.0,2.456,-0.48
1774.25,2.504,-0.4599999999999999
1774.5,2.509,-0.47
1774.75,2.478,-0.49
1775.0,2.5620000000000003,-0.43
1775.25,2.455,-0.48
1775.5,2.5,-0.48
1775.75,2.482,-0.4519999999999999
1776.0,2.474,-0.49
1776.25,2.557,-0.4
1776.5,2.505,-0.45
1776.75,2.557,-0.403
1777.0,2.633,-0.348
1777.25,2.56,-0.404
1777.5,2.636,-0.354
1777.75,2.524,-0.44
1778.0,2.485,-0.47
1778.25,2.511,-0.48
1778.5,2.473,-0.481
1778.75,2.622,-0.2959
1779.0,2.647,-0.277
1779.25,2.526,-0.3712
1779.5,2.574,-0.3467
1779.75,2.45,-0.49
1780.0,2.496,-0.4599999999999999
1780.25,2.552,-0.41
1780.5,2.405,-0.53
1780.75,2.497,-0.439
1781.0,2.369,-0.49
1781.25,2.464,-0.432
1781.5,2.52,-0.345
1781.75,2.395,-0.47
1782.0,2.417,-0.4599999999999999
1782.25,2.355,-0.5
1782.5,2.398,-0.456
1782.75,2.449,-0.43
1783.0,2.53,-0.378
1783.25,2.522,-0.371
1783.5,2.455,-0.424
1783.75,2.537,-0.379
1784.0,2.466,-0.44
1784.25,2.498,-0.415
1784.5,2.409,-0.48
1784.75,2.536,-0.4599999999999999
1785.0,2.5410000000000004,-0.44
1785.25,2.52,-0.47
1785.5,2.6180000000000003,-0.43
1785.75,2.577,-0.412
1786.0,2.608,-0.42
1786.25,2.622,-0.429
1786.5,2.5940000000000003,-0.44
1786.75,2.659,-0.39
1787.0,2.56,-0.49
1787.25,2.645,-0.409
1787.5,2.544,-0.5
1787.75,2.648,-0.43
1788.0,2.621,-0.4
1788.25,2.559,-0.48
1788.5,2.661,-0.388
1788.75,2.748,-0.3374
1789.0,2.8440000000000003,-0.2519
1789.25,2.8150000000000004,-0.2617
1789.5,2.87,-0.245
1789.75,2.769,-0.361
1790.0,2.761,-0.385
1790.25,2.918,-0.293
1790.5,2.735,-0.39
1790.75,2.732,-0.41
1791.0,2.689,-0.48
1791.25,2.709,-0.413
1791.5,2.709,-0.41
1791.75,2.724,-0.42
1792.0,2.724,-0.417
1792.25,2.645,-0.48
1792.5,2.699,-0.43
1792.75,2.62,-0.47
1793.0,2.778,-0.38
1793.25,2.664,-0.4499999999999999
1793.5,2.603,-0.48
1793.75,2.6500000000000004,-0.446
1794.0,2.563,-0.5
1794.25,2.684,-0.388
1794.5,2.5700000000000003,-0.47
1794.75,2.583,-0.45
1795.0,2.553,-0.47
1795.25,2.535,-0.48
1795.5,2.6340000000000003,-0.41
1795.75,2.55,-0.47
1796.0,2.578,-0.43
1796.25,2.626,-0.405
1796.5,2.658,-0.375
1796.75,2.713,-0.33
1797.0,2.607,-0.405
1797.25,2.648,-0.414
1797.5,2.58,-0.49
1797.75,2.677,-0.32833
1798.0,2.662,-0.3183
1798.25,2.6980000000000004,-0.298
1798.5,2.664,-0.2929
1798.75,2.539,-0.441
1799.0,2.561,-0.447
1799.25,2.512,-0.47
1799.5,2.6180000000000003,-0.394
1799.75,2.518,-0.48
1800.0,2.514,-0.48
1800.25,2.56,-0.45
1800.5,2.506,-0.48
1800.75,2.596,-0.42
1801.0,2.481,-0.51
1801.25,2.54,-0.4599999999999999
1801.5,2.478,-0.51
1801.75,2.556,-0.4599999999999999
1802.0,2.595,-0.41
1802.25,2.496,-0.49
1802.5,2.552,-0.44
1802.75,2.4210000000000003,-0.5
1803.0,2.558,-0.372
1803.25,2.54,-0.374
1803.5,2.59,-0.38
1803.75,2.486,-0.427
1804.0,2.418,-0.48
1804.25,2.516,-0.397
1804.5,2.446,-0.47
1804.75,2.473,-0.43
1805.0,2.375,-0.51
1805.25,2.462,-0.4619999999999999
1805.5,2.372,-0.54
1805.75,2.463,-0.44
1806.0,2.435,-0.4599999999999999
1806.25,2.388,-0.52
1806.5,2.451,-0.47
1806.75,3.146,-0.14959
1807.0,3.178,-0.1148
1807.25,4.827999999999999,-0.6000000000000001
1807.5,4.93,0.0388999999999999
1807.75,7.12,0.391
1808.0,11.2,0.941
1808.25,16.869999999999997,1.7595
1808.5,16.44,-0.128
1808.75,16.17,-0.398
1809.0,18.200000000000003,1.0996
1809.25,17.169999999999998,0.3399999999999999
1809.5,17.85,-0.8720000000000001
1809.75,19.66,-0.6729999999999999
1810.0,20.57,-0.282
1810.25,22.92,1.0086
1810.5,26.27,-0.538
1810.75,26.69,-0.692
1811.0,26.49,-0.1549999999999999
1811.25,25.82,-0.3099999999999999
1811.5,25.84,0.2099999999999999
1811.75,23.42,-0.447
1812.0,21.37,-0.626
1812.25,21.02,0.5200000000000002
1812.5,19.72,0.998
1812.75,19.92,-0.282
1813.0,21.99,-0.554
1813.25,23.12,1.794
1813.5,26.37,1.248
1813.75,28.1,0.0376999999999999
1814.0,32.29,0.552
1814.25,34.24,0.6199999999999999
1814.5,37.6,1.114
1814.75,38.0,-0.0377
1815.0,37.8,0.289
1815.25,32.16,0.392
1815.5,32.7,0.6910000000000001
1815.75,34.129999999999995,-0.0639999999999999
1816.0,36.18,0.2169999999999999
1816.25,39.6,-0.182
1816.5,35.92,-0.1999999999999999
1816.75,34.29,-0.502
1817.0,29.4,-0.298
1817.25,22.61,-0.128
1817.5,17.98,-0.18
1817.75,17.0,0.0
1818.0,12.86,0.0589999999999999
1818.25,11.3,-0.3329999999999999
1818.5,10.55,0.765
1818.75,8.92,0.7657000000000002
1819.0,5.65,-0.571
1819.25,4.633,-0.73
1819.5,4.01,-0.694
1819.75,3.487,-0.71
1820.0,3.515,-0.7200000000000001
1820.25,3.5250000000000004,-0.7170000000000001
1820.5,3.45,-0.78
1820.75,3.55,-0.77
1821.0,3.354,-0.78
1821.25,3.256,-0.77
1821.5,3.21,-0.8200000000000001
1821.75,3.256,-0.79
1822.0,3.23,-0.8
1822.25,3.389,-0.7
1822.5,2.5380000000000003,-0.6
1822.75,2.295,-0.61
1823.0,2.3920000000000003,-0.55
1823.25,2.306,-0.63
1823.5,2.426,-0.51
1823.75,2.277,-0.63
1824.0,2.351,-0.5700000000000001
1824.25,2.279,-0.63
1824.5,2.328,-0.59
1824.75,2.434,-0.457
1825.0,2.411,-0.4669999999999999
1825.25,2.448,-0.449
1825.5,2.352,-0.502
1825.75,2.376,-0.59
1826.0,2.309,-0.61
1826.25,2.363,-0.5800000000000001
1826.5,2.414,-0.5700000000000001
1826.75,2.4290000000000003,-0.502
1827.0,2.34,-0.6
1827.25,2.435,-0.489
1827.5,2.405,-0.51
1827.75,2.341,-0.55
1828.0,2.405,-0.522
1828.25,2.39,-0.52
1828.5,2.49,-0.4569999999999999
1828.75,2.389,-0.54
1829.0,2.373,-0.55
1829.25,2.249,-0.64
1829.5,2.353,-0.5700000000000001
1829.75,2.39,-0.58
1830.0,2.35,-0.61
1830.25,2.294,-0.6
1830.5,2.274,-0.61
1830.75,2.685,-0.431
1831.0,5.57,-0.003
1831.25,6.99,-0.348
1831.5,13.0,1.4570999999999998
1831.75,15.54,1.465
1832.0,17.02,1.362
1832.25,22.3,1.52
1832.5,31.6,0.436
1832.75,33.6,0.0949999999999999
1833.0,32.2,-0.9983
1833.25,32.1,0.3409999999999999
1833.5,32.2,-0.354
1833.75,34.0,0.0265
1834.0,31.29,0.742
1834.25,34.2,1.857
1834.5,35.9,0.0
1834.75,43.2,2.805
1835.0,48.7,5.5280000000000005
1835.25,47.900000000000006,4.998
1835.5,46.1,4.800000000000001
1835.75,42.2,4.322
1836.0,34.78,0.577
1836.25,23.01,0.2053
1836.5,20.77,-0.416
1836.75,21.03,-0.2813
1837.0,27.68,0.3069999999999999
1837.25,34.79,1.972
1837.5,47.6,3.94
1837.75,43.4,1.858
1838.0,45.5,2.568
1838.25,46.900000000000006,2.331
1838.5,49.7,3.04
1838.75,50.8,2.492
1839.0,49.2,2.119
1839.25,46.7,2.71
1839.5,50.5,2.72
1839.75,51.0,2.79
1840.0,46.5,1.931
1840.25,45.4,1.645
1840.5,42.3,2.22
1840.75,39.5,2.11
1841.0,30.230000000000004,0.773
1841.25,25.58,0.4459999999999999
1841.5,22.47,0.1649999999999999
1841.75,17.08,0.3369999999999999
1842.0,12.3,0.3487
1842.25,8.83,-0.235
1842.5,8.65,-0.0829999999999999
1842.75,9.9,0.416
1843.0,10.3,0.528
1843.25,7.741,-0.287
1843.5,7.649000000000001,-0.302
1843.75,7.758000000000001,0.022
1844.0,8.398,0.726
1844.25,7.289999999999999,-0.1489999999999999
1844.5,7.093,-0.2019999999999999
1844.75,6.062,-0.4009
1845.0,3.957,-0.6699999999999999
1845.25,3.893,-0.62
1845.5,3.604,-0.71
1845.75,3.698,-0.65
1846.0,3.678,-0.69
1846.25,3.745,-0.64
1846.5,3.737,-0.66
1846.75,3.665,-0.7
1847.0,3.62,-0.63
1847.25,3.553,-0.6799999999999999
1847.5,3.647,-0.63
1847.75,3.614,-0.67
1848.0,3.674,-0.66
1848.25,3.51,-0.69
1848.5,3.561,-0.62
1848.75,3.456,-0.6900000000000001
1849.0,3.643,-0.62
1849.25,3.447,-0.6499999999999999
1849.5,3.407,-0.69
1849.75,3.555,-0.547
1850.0,3.353,-0.7
1850.25,3.4730000000000003,-0.6
1850.5,3.367,-0.69
1850.75,3.417,-0.66
1851.0,3.3600000000000003,-0.72
1851.25,3.483,-0.604
1851.5,3.478,-0.589
1851.75,3.567,-0.511
1852.0,3.474,-0.602
1852.25,3.4650000000000003,-0.609
1852.5,3.387,-0.67
1852.75,3.389,-0.6400000000000001
1853.0,3.434,-0.59
1853.25,3.333,-0.69
1853.5,3.394,-0.63
1853.75,3.315,-0.71
1854.0,3.202,-0.43
1854.25,3.063,-0.47
1854.5,3.063,-0.5
1854.75,5.57,0.648
1855.0,4.85,-0.62
1855.25,5.77,-0.1257
1855.5,8.26,0.418
1855.75,11.28,-0.578
1856.0,20.4,0.2950799999999999
1856.25,19.46,0.084
1856.5,21.1,1.246
1856.75,27.01,0.93714
1857.0,28.48,0.4209999999999999
1857.25,29.88,1.18
1857.5,31.67,0.946
1857.75,30.12,1.518
1858.0,29.46,1.818
1858.25,25.13,0.0309999999999999
1858.5,27.21,0.74
1858.75,30.99,0.073
1859.0,33.21,1.453
1859.25,34.93,1.565
1859.5,34.84,1.272
1859.75,31.02,2.499
1860.0,23.78,0.2829999999999999
1860.25,19.39,0.2119999999999999
1860.5,19.99,1.0389
1860.75,22.73,2.228
1861.0,24.59,2.677
1861.25,28.85,3.434
1861.5,40.5,3.407
1861.75,42.2,4.332
1862.0,42.7,3.667
1862.25,41.3,2.902
1862.5,39.2,2.567
1862.75,39.3,2.86
1863.0,35.84,2.862
1863.25,33.87,2.108
1863.5,39.6,2.47
1863.75,42.2,3.1100000000000003
1864.0,41.9,3.1
1864.25,36.8,2.4
1864.5,33.33,2.09179
1864.75,32.74,1.814
1865.0,27.55,1.533
1865.25,21.82,1.372
1865.5,13.579999999999998,0.0662999999999999
1865.75,12.89,0.1442
1866.0,10.7,0.138
1866.25,8.95,0.42
1866.5,8.21,-0.0469999999999999
1866.75,6.35,-0.252
1867.0,5.67,-0.206
1867.25,6.119999999999999,0.299
1867.5,5.720000000000001,0.1189999999999998
1867.75,5.659,-0.14
1868.0,5.3100000000000005,-0.1169999999999999
1868.25,5.085,0.55
1868.5,4.939,0.456
1868.75,4.54,-0.046
1869.0,4.363,-0.233
1869.25,4.34,0.1199999999999999
1869.5,2.528,-0.58
1869.75,1.945,-0.36
1870.0,1.477,-0.395
1870.25,1.5510000000000002,-0.333
1870.5,1.468,-0.39
1870.75,1.564,-0.322
1871.0,1.569,-0.3199999999999999
1871.25,1.5700000000000005,-0.329
1871.5,1.5630000000000002,-0.35
1871.75,1.513,-0.378
1872.0,1.6109999999999998,-0.305
1872.25,1.546,-0.37
1872.5,1.693,-0.251
1872.75,1.576,-0.3389999999999999
1873.0,1.686,-0.25
1873.25,1.6390000000000002,-0.347
1873.5,1.6669999999999998,-0.268
1873.75,1.559,-0.336
1874.0,1.5780000000000003,-0.328
1874.25,1.537,-0.357
1874.5,1.523,-0.359
1874.75,1.517,-0.382
1875.0,1.6849999999999998,-0.1958
1875.25,1.701,-0.1736
1875.5,1.59,-0.2604
1875.75,1.5910000000000002,-0.301
1876.0,1.712,-0.293
1876.25,1.5970000000000002,-0.318
1876.5,1.512,-0.369
1876.75,1.5699999999999998,-0.333
1877.0,1.488,-0.393
1877.25,1.5510000000000002,-0.346
1877.5,1.482,-0.4039999999999999
1877.75,1.503,-0.39
1878.0,1.505,-0.378
1878.25,1.516,-0.383
1878.5,1.5219999999999998,-0.349
1878.75,2.5170000000000003,0.0859
1879.0,3.267,-0.181
1879.25,5.08,0.0729999999999999
1879.5,6.8,0.9359999999999998
1879.75,7.31,0.7600000000000001
1880.0,9.65,0.7399
1880.25,14.64,1.284
1880.5,21.65,1.941
1880.75,25.12,0.8499999999999999
1881.0,23.55,-0.697
1881.25,24.0,0.161
1881.5,23.08,0.084
1881.75,25.17,-0.727
1882.0,23.29,-0.717
1882.25,24.11,0.0649999999999999
1882.5,30.06,0.912
1882.75,30.2,0.6800000000000002
1883.0,28.87,-0.777
1883.25,28.07,-0.7190000000000001
1883.5,26.82,-0.2790000000000001
1883.75,21.51,-0.624
1884.0,20.23,0.7899999999999999
1884.25,20.76,1.7018
1884.5,18.06,0.0879999999999999
1884.75,18.87,-0.553
1885.0,39.25,8.52
1885.25,42.7,9.01
1885.5,52.00000000000001,9.42
1885.75,54.5,9.85
1886.0,55.6,9.84
1886.25,55.7,10.4
1886.5,57.0,9.760000000000002
1886.75,57.9,9.55
1887.0,56.2,7.71
1887.25,53.5,7.71
1887.5,48.3,7.27
1887.75,48.3,8.120000000000001
1888.0,47.5,6.71
1888.25,50.900000000000006,7.15
1888.5,50.2,7.26
1888.75,43.0,4.579
1889.0,25.86,-0.1369999999999999
1889.25,24.37,-0.024
1889.5,25.41,0.8560000000000001
1889.75,21.22,0.2
1890.0,18.31,-0.0759999999999999
1890.25,11.01,-0.288
1890.5,10.02,-0.4364
1890.75,9.13,-0.5275
1891.0,8.100000000000001,-0.3197
1891.25,7.829,-0.602
1891.5,7.047000000000001,-0.1783
1891.75,6.734999999999999,-0.72
1892.0,6.699,-0.4419999999999999
1892.25,6.192,-0.628
1892.5,6.799,-0.3916
1892.75,6.2330000000000005,-0.5529999999999999
1893.0,5.884,-0.585
1893.25,5.057,-0.54
1893.5,4.845000000000001,-0.76
1893.75,5.057,-0.6699999999999999
1894.0,4.801,-0.56
1894.25,5.105,-0.745
1894.5,4.532,-0.66
1894.75,4.234,-0.51
1895.0,3.659,-0.56
1895.25,4.838,-0.5700000000000001
1895.5,4.349,-0.5700000000000001
1895.75,4.113,-0.54
1896.0,3.515,-0.5700000000000001
1896.25,3.983,-0.52
1896.5,4.489,-0.3582
1896.75,4.083,-0.5800000000000001
1897.0,4.015000000000001,-0.52
1897.25,3.614,-0.55
1897.5,3.879,-0.54
1897.75,3.611,-0.65
1898.0,3.896,-0.497
1898.25,3.573,-0.61
1898.5,3.99,-0.5700000000000001
1898.75,3.5570000000000004,-0.64
1899.0,3.943,-0.5700000000000001
1899.25,4.018000000000001,-0.42
1899.5,3.666,-0.501
1899.75,3.672,-0.483
1900.0,3.614,-0.421
1900.25,3.858,-0.372
1900.5,3.99,-0.427
1900.75,3.913,-0.42
1901.0,3.244,-0.65
1901.25,3.51,-0.54
1901.5,3.5730000000000004,-0.6200000000000001
1901.75,3.688,-0.51
1902.0,3.5340000000000003,-0.5700000000000001
1902.25,3.285,-0.5800000000000001
1902.5,3.604,-0.58
1902.75,4.06,-0.57
1903.0,4.015,-0.5559999999999999
1903.25,5.65,0.2892
1903.5,8.079999999999998,0.9600000000000002
1903.75,9.98,1.197
1904.0,10.09,1.245
1904.25,14.89,0.827
1904.5,17.509999999999998,-0.29
1904.75,19.68,0.209
1905.0,19.97,0.135
1905.25,21.91,-1.67
1905.5,22.78,-0.428
1905.75,22.68,-0.082
1906.0,24.05,1.3070000000000002
1906.25,23.14,0.4479999999999999
1906.5,24.83,0.588
1906.75,27.4,1.0990000000000002
1907.0,25.840000000000003,0.978
1907.25,27.75,1.894
1907.5,24.98,0.4659999999999998
1907.75,20.79,0.675
1908.0,19.51,0.4700000000000002
1908.25,18.26,0.4
1908.5,18.59,1.212
1908.75,20.49,1.186
1909.0,23.21,3.851
1909.25,23.9,2.5432
1909.5,26.19,2.24
1909.75,27.72,2.398
1910.0,31.66,3.04
1910.25,32.27,2.9
1910.5,31.800000000000004,2.4800000000000004
1910.75,29.62,1.7839999999999998
1911.0,28.83,2.6257
1911.25,23.270000000000003,1.932
1911.5,24.54,2.054
1911.75,24.11,1.6809999999999998
1912.0,24.25,2.429
1912.25,22.48,1.8184
1912.5,21.23,1.8249
1912.75,20.46,1.389
1913.0,16.56,0.637
1913.25,13.28,0.3309999999999999
1913.5,11.27,0.92
1913.75,10.72,0.4499999999999999
1914.0,8.950000000000001,0.206
1914.25,8.44,0.381
1914.5,7.32,0.8400000000000001
1914.75,5.880000000000001,0.041
1915.0,5.122999999999999,-0.216
1915.25,3.511,-0.554
1915.5,3.338,-0.63
1915.75,3.687,-0.486
1916.0,3.674,-0.61
1916.25,3.493,-0.5900000000000001
1916.5,3.566,-0.61
1916.75,3.515,-0.6
1917.0,3.583,-0.53
1917.25,3.569,-0.5800000000000001
1917.5,3.5700000000000003,-0.5700000000000001
1917.75,3.38,-0.64
1918.0,3.464,-0.557
1918.25,3.561,-0.58
1918.5,3.747,-0.444
1918.75,3.399,-0.536
1919.0,3.606,-0.46
1919.25,3.3760000000000003,-0.503
1919.5,3.435,-0.488
1919.75,2.921,-0.53
1920.0,2.998,-0.53
1920.25,2.924,-0.5800000000000001
1920.5,3.274,-0.526
1920.75,3.2920000000000003,-0.62
1921.0,3.635,-0.5589999999999999
1921.25,3.297,-0.55
1921.5,2.956,-0.526
1921.75,3.004,-0.5800000000000001
1922.0,3.196,-0.5800000000000001
1922.25,2.922,-0.59
1922.5,2.86,-0.53
1922.75,3.023,-0.56
1923.0,2.995,-0.5900000000000001
1923.25,3.2960000000000003,-0.5900000000000001
1923.5,3.114,-0.6
1923.75,2.806,-0.504
1924.0,2.902,-0.61
1924.25,2.912,-0.499
1924.5,2.957,-0.555
1924.75,3.0889999999999995,-0.397
1925.0,3.072,-0.2616
1925.25,3.194,-0.297
1925.5,2.791,-0.479
1925.75,3.021,-0.512
1926.0,2.662,-0.65
1926.25,2.989,-0.534
1926.5,2.729,-0.5599999999999999
1926.75,2.957,-0.539
1927.0,2.688,-0.61
1927.25,2.833,-0.547
1927.5,2.822,-0.61
1927.75,3.04,-0.509
1928.0,3.036,-0.506
1928.25,3.53,-0.3946
1928.5,2.671,-0.6000000000000001
1928.75,3.289,-0.603
1929.0,3.305,-0.6399999999999999
1929.25,3.683,-0.64
1929.5,4.035,-0.78
1929.75,3.998,-0.71
1930.0,3.84,-0.64
1930.25,3.826,-0.601
1930.5,4.268,-0.5680000000000001
1930.75,4.246,-0.6579999999999999
1931.0,4.338,-0.624
1931.25,3.927,-0.6659999999999999
1931.5,4.227,-0.679
1931.75,4.063,-0.65
1932.0,4.2780000000000005,-0.2157
1932.25,3.525,-0.6399999999999999
1932.5,3.53,-0.589
1932.75,3.641,-0.6399999999999999
1933.0,4.216,-0.522
1933.25,3.826,-0.62
1933.5,4.3740000000000006,-0.0449999999999999
1933.75,6.48,0.94
1934.0,6.8100000000000005,1.068
1934.25,5.99,0.318
1934.5,6.2,0.421
1934.75,6.29,0.5800000000000001
1935.0,6.1,0.8330000000000001
1935.25,5.76,0.24
1935.5,5.96,0.269
1935.75,4.23,-0.422
1936.0,4.21,-0.4006699999999999
1936.25,4.05,-0.49692
1936.5,4.31,-0.4475
1936.75,3.707,-0.4994999999999999
1937.0,3.392,-0.33185
1937.25,3.381,-0.3394
1937.5,3.3920000000000003,-0.3253
1937.75,3.5,-0.3288
1938.0,3.33,0.263
1938.25,2.194,-0.2477
1938.5,2.242,-0.236
1938.75,2.31,-0.2508
1939.0,2.499,-0.3023
1939.25,2.177,-0.249
1939.5,2.346,-0.2931
1939.75,2.551,-0.1849
1940.0,2.19,-0.2755
1940.25,2.444,-0.2236
1940.5,2.373,-0.2811
1940.75,2.368,-0.2163
1941.0,2.366,-0.2486
1941.25,2.479,-0.1746
1941.5,2.214,-0.2933
1941.75,2.47,-0.2319999999999999
1942.0,2.309,-0.2812
1942.25,2.16,-0.2123999999999999
1942.5,2.157,-0.1774
1942.75,1.89,-0.246
1943.0,2.093,-0.243
1943.25,1.992,-0.155
1943.5,2.117,-0.2109
1943.75,1.943,-0.1985
1944.0,2.137,-0.2085
1944.25,1.883,-0.2511
1944.5,2.18,-0.2099
1944.75,1.953,-0.1892
1945.0,2.24,-0.12967
1945.25,1.996,-0.1326
1945.5,2.262,-0.1159
1945.75,1.847,-0.2733
1946.0,2.091,-0.2032
1946.25,1.859,-0.2711
1946.5,2.184,-0.1442
1946.75,1.846,-0.2619
1947.0,2.16,-0.1987
1947.25,1.857,-0.2667
1947.5,2.168,-0.187
1947.75,1.888,-0.2342
1948.0,2.2030000000000003,-0.1649999999999999
1948.25,1.885,-0.2359
1948.5,1.925,-0.2186
1948.75,2.0380000000000003,-0.2425999999999999
1949.0,2.029,-0.1361
1949.25,2.282,-0.1798
1949.5,1.923,-0.2057
1949.75,1.867,-0.246
1950.0,2.147,-0.2168999999999999
1950.25,1.9130000000000005,-0.2176
1950.5,1.921,-0.1968
1950.75,2.227,-0.1616
1951.0,1.959,-0.1696
1951.25,2.21,-0.1258
1951.5,1.934,-0.1928
1951.75,2.162,-0.16
1952.0,1.894,-0.2263
1952.25,2.082,-0.2217
1952.5,2.012,-0.2772
1952.75,2.249,-0.13
1953.0,1.85,-0.255
1953.25,2.263,-0.1424
1953.5,2.066,-0.277
1953.75,1.964,-0.2104
1954.0,2.217,-0.3237
1954.25,2.6460000000000004,-0.238
1954.5,2.25,-0.2518
1954.75,2.968,-0.0938
1955.0,2.548,-0.3
1955.25,2.677,-0.2376
1955.5,2.476,-0.2748
1955.75,2.605,-0.2093999999999999
1956.0,2.614,-0.203
1956.25,2.647,-0.2339
1956.5,2.802,-0.2493
1956.75,2.758,-0.2513
1957.0,2.829,-0.18
1957.25,2.847,-0.1556
1957.5,2.8880000000000003,-0.1212999999999999
1957.75,2.971,-0.2005
1958.0,2.903,-0.1691
1958.25,2.834,-0.2139
1958.5,2.937,-0.209
1958.75,2.52,-0.259
1959.0,2.959,-0.2678
1959.25,2.762,-0.3152
1959.5,2.895,-0.2882
1959.75,2.683,-0.286
1960.0,3.05,-0.2729
1960.25,3.022,-0.2886999999999999
1960.5,3.16,-0.339
1960.75,2.741,-0.2501
1961.0,2.893,-0.3618
1961.25,2.898,-0.2813
1961.5,2.863,-0.3176
1961.75,2.881,-0.31681
1962.0,2.778,-0.34621
1962.25,2.767,-0.290643
1962.5,2.506,-0.34
1962.75,2.8720000000000003,-0.2465999999999999
1963.0,2.729,-0.3389999999999999
1963.25,2.5210000000000004,-0.3076
1963.5,2.548,-0.322643
1963.75,2.7070000000000003,-0.2751
1964.0,2.6950000000000003,-0.1838
1964.25,2.391,-0.1964
1964.5,2.6460000000000004,-0.1713
1964.75,2.673,-0.2232
1965.0,2.528,-0.2123
1965.25,2.313,-0.3165
1965.5,2.943,-0.207
1965.75,2.332,-0.3173
1966.0,2.5980000000000003,-0.2772
1966.25,2.688,-0.3124
1966.5,2.26,-0.3294
1966.75,2.66,-0.2587
1967.0,2.6000000000000005,-0.2823
1967.25,2.297,-0.2813
1967.5,2.702,-0.274
1967.75,2.33,-0.2587
1968.0,2.556,-0.2836
1968.25,2.461,-0.217
1968.5,2.46,-0.3137999999999999
1968.75,2.601,-0.2378
1969.0,2.252,-0.3016999999999999
1969.25,2.672,-0.2284
1969.5,2.3630000000000004,-0.2109
1969.75,2.635,-0.2435
1970.0,2.342,-0.2508
1970.25,2.612,-0.2357
1970.5,2.457,-0.1186
1970.75,2.721,-0.1456
1971.0,2.492,-0.0724
1971.25,2.011,-0.1884
1971.5,2.295,-0.1043
1971.75,1.915,-0.2232
1972.0,2.217,-0.2135
1972.25,2.277,-0.1646999999999999
1972.5,2.482,-0.2576
1972.75,2.302,-0.2387
1973.0,2.403,-0.3043
1973.25,1.935,-0.2257
1973.5,2.144,-0.2229
1973.75,1.927,-0.2087999999999999
1974.0,2.0620000000000003,-0.2977
1974.25,1.916,-0.2226
1974.5,2.036,-0.2677
1974.75,3.096,0.2787
1975.0,3.28,-0.238
1975.25,6.963,0.236
1975.5,10.97,1.5592899999999998
1975.75,10.84,1.7820999999999998
1976.0,15.91,1.896
1976.25,23.14,0.35
1976.5,27.79,1.1310000000000002
1976.75,29.64,1.14
1977.0,27.82,0.5700000000000001
1977.25,26.38,-0.02
1977.5,27.04,-0.0248999999999999
1977.75,26.5,-0.019
1978.0,23.78,-0.65
1978.25,23.92,0.4632
1978.5,28.83,-0.8300000000000001
1978.75,29.14,-0.209
1979.0,29.520000000000003,-0.026
1979.25,28.45,-0.492
1979.5,28.62,0.289
1979.75,24.15,-0.2259999999999999
1980.0,20.08,1.2089
1980.25,21.31,0.16
1980.5,21.15,0.54
1980.75,25.87,1.592
1981.0,28.24,1.801
1981.25,29.08,2.847
1981.5,38.8,4.0120000000000005
1981.75,41.900000000000006,2.2611
1982.0,43.3,2.772
1982.25,45.7,3.1140000000000003
1982.5,54.8,3.206
1982.75,51.2,2.292
1983.0,49.2,2.686
1983.25,41.5,3.794
1983.5,45.4,3.939
1983.75,46.0,3.232
1984.0,47.0,2.29
1984.25,48.400000000000006,2.091
1984.5,44.8,1.985
1984.75,42.400000000000006,2.3240000000000003
1985.0,29.56,-0.26
1985.25,24.13,0.154
1985.5,15.169999999999998,0.1019999999999999
1985.75,17.43,0.7100000000000001
1986.0,15.12,0.026
1986.25,13.51,-0.4467
1986.5,13.419999999999998,-0.266
1986.75,7.59,-0.278
1987.0,8.11,0.856
1987.25,8.24,0.8484
1987.5,7.46,0.1599999999999999
1987.75,7.460000000000001,0.1946
1988.0,7.090000000000001,0.195
1988.25,7.59,1.0459999999999998
1988.5,5.640000000000001,0.3566
1988.75,6.01,0.4958000000000001
1989.0,5.32,0.3096
1989.25,3.94,-0.2479
1989.5,3.77,-0.269
1989.75,3.039,-0.411
1990.0,2.96,-0.355
1990.25,2.905,-0.419
1990.5,3.016,-0.3409999999999999
1990.75,2.927,-0.403
1991.0,3.03,-0.307
1991.25,2.922,-0.39
1991.5,2.971,-0.356
1991.75,2.93,-0.408
1992.0,2.981,-0.374
1992.25,3.104,-0.247
1992.5,3.02,-0.308
1992.75,2.939,-0.379
1993.0,2.885,-0.422
1993.25,2.97,-0.371
1993.5,2.9400000000000004,-0.401
1993.75,2.935,-0.4
1994.0,2.892,-0.428
1994.25,2.97,-0.379
1994.5,2.893,-0.439
1994.75,3.063,-0.29
1995.0,3.022,-0.307
1995.25,3.06,-0.27
1995.5,2.999,-0.335
1995.75,3.0580000000000003,-0.306
1996.0,2.885,-0.428
1996.25,3.089,-0.293
1996.5,2.9370000000000003,-0.382
1996.75,2.995,-0.348
1997.0,2.901,-0.427
1997.25,2.987,-0.365
1997.5,2.96,-0.38
1997.75,2.984,-0.354
1998.0,2.947,-0.395
1998.25,2.946,-0.412
1998.5,2.922,-0.395
1998.75,4.28,0.419
1999.0,3.49,-0.3309999999999999
1999.25,5.22,0.4591
1999.5,9.8,0.4
1999.75,14.1,1.0413
2000.0,21.700000000000003,1.0615
2000.25,24.29,0.7979999999999999
2000.5,36.900000000000006,3.017
2000.75,37.9,-0.0369999999999999
2001.0,42.5,2.1443
2001.25,38.4,-0.7096
2001.5,40.8,-0.0959999999999999
2001.75,35.6,0.006
2002.0,32.650000000000006,1.292
2002.25,33.0,1.441
2002.5,38.0,0.1979999999999999
2002.75,38.1,-0.4269999999999999
2003.0,35.2,-0.831
2003.25,35.2,-0.428
2003.5,32.53,-1.1949999999999998
2003.75,32.8,-0.847
2004.0,34.5,1.335
2004.25,29.130000000000003,0.8800000000000001
2004.5,23.480000000000004,0.3965000000000001
2004.75,25.54,0.865
2005.0,26.71,0.6
2005.25,29.15,0.58
2005.5,38.38,0.132
2005.75,37.77,-0.6921999999999999
2006.0,38.67,-0.1200000000000001
2006.25,40.78,0.0929999999999999
2006.5,39.2,-0.668
2006.75,41.1,0.3960000000000001
2007.0,36.42,-0.1440000000000001
2007.25,35.39,0.5650000000000001
2007.5,42.9,0.255
2007.75,42.1,-0.2118
2008.0,39.86,-0.5366000000000001
2008.25,38.400000000000006,0.631
2008.5,38.82,1.6949999999999998
2008.75,30.6,0.4559999999999999
2009.0,24.75,1.05
2009.25,19.36,0.2860000000000001
2009.5,17.67,0.2239999999999999
2009.75,15.47,-0.139
2010.0,12.52,-0.434
2010.25,11.1,0.285
2010.5,11.16,0.70286
2010.75,9.71,-0.7657
2011.0,8.42,-0.987
2011.25,7.057,-1.05
2011.5,7.640000000000001,-1.035
2011.75,7.640000000000001,-1.21
2012.0,7.65,-1.0870000000000002
2012.25,7.539999999999999,-1.07
2012.5,7.87,-0.934
2012.75,6.923,-1.02
2013.0,7.0600000000000005,-0.943
2013.25,6.935,-1.05
2013.5,5.281000000000001,-0.764
2013.75,5.448,-0.8400000000000001
2014.0,5.367000000000001,-0.79
2014.25,5.323,-0.8300000000000001
2014.5,5.147,-0.83
2014.75,5.117999999999999,-0.86
2015.0,5.41,-0.81
2015.25,5.297,-0.83
2015.5,5.1,-0.77
2015.75,5.382,-0.78
2016.0,5.273999999999999,-0.8
2016.25,5.057,-0.8200000000000001
2016.5,5.511000000000001,-0.73
2016.75,5.454000000000001,-0.736
2017.0,5.09,-0.8
2017.25,5.233,-0.8
2017.5,5.364,-0.8
2017.75,4.966,-0.8
2018.0,5.378,-0.8
2018.25,5.195,-0.78
2018.5,4.897,-0.86
2018.75,5.407,-0.78
2019.0,4.994999999999999,-0.85
2019.25,5.241,-0.78
2019.5,5.294,-0.78
2019.75,5.029,-0.78
2020.0,5.122,-0.84
2020.25,5.104,-0.744
2020.5,5.406,-0.6900000000000001
2020.75,5.417,-0.58
2021.0,5.199,-0.5700000000000001
2021.25,5.510999999999999,-0.529
2021.5,5.054,-0.7510000000000001
2021.75,5.356999999999999,-0.678
2022.0,4.8870000000000005,-0.84
2022.25,5.029,-0.82
2022.5,4.93,-0.86
2022.75,5.95,-0.3423
2023.0,6.134,-0.4689
2023.25,6.46,-0.543
2023.5,12.07,0.4022
2023.75,16.59,1.0928999999999998
2024.0,18.64,0.007
2024.25,18.44,-1.06
2024.5,22.73,0.0499999999999999
2024.75,26.06,1.7819999999999998
2025.0,25.16,0.3909999999999999
2025.25,26.49,-0.2324999999999999
2025.5,27.92,0.608
2025.75,25.08,1.4250000000000005
2026.0,26.72,0.966
2026.25,27.65,0.481
2026.5,31.380000000000003,1.565
2026.75,31.84,1.567
2027.0,32.230000000000004,0.5319999999999999
2027.25,30.44,-0.0829999999999999
2027.5,31.71,0.2889999999999999
2027.75,29.16,0.2349999999999998
2028.0,23.62,0.51
2028.25,22.28,0.127
2028.5,21.81,0.964
2028.75,21.85,1.584
2029.0,24.76,2.219
2029.25,25.54,0.7669999999999999
2029.5,32.629999999999995,2.715
2029.75,42.400000000000006,1.083
2030.0,44.0,1.316
2030.25,45.9,0.6539999999999999
2030.5,49.7,0.4526999999999999
2030.75,47.7,-0.1049999999999999
2031.0,49.4,3.535
2031.25,44.2,2.87
2031.5,41.6,2.188
2031.75,46.3,1.011
2032.0,45.0,0.957
2032.25,43.1,1.4
2032.5,42.6,0.999
2032.75,37.07,0.694
2033.0,25.11,-0.313
2033.25,22.62,0.4228
2033.5,21.96,0.3540000000000001
2033.75,13.81,0.004
2034.0,11.72,0.598
2034.25,10.84,0.2509999999999999
2034.5,11.57,0.6050000000000002
2034.75,8.98,-0.2346999999999999
2035.0,7.96,-0.34
2035.25,7.85,0.1879999999999999
2035.5,8.38,0.647
2035.75,7.64,0.1258
2036.0,7.54,-0.052
2036.25,6.970000000000001,0.316
2036.5,6.640000000000001,0.98375
2036.75,5.83,0.238
2037.0,5.656,0.0979999999999999
2037.25,5.429,0.382
2037.5,3.281,-0.6000000000000001
2037.75,3.347,-0.55
2038.0,3.257,-0.62
2038.25,3.324,-0.56
2038.5,3.282,-0.5900000000000001
2038.75,3.362,-0.53
2039.0,3.324,-0.5900000000000001
2039.25,3.27,-0.6000000000000001
2039.5,3.339,-0.56
2039.75,3.301,-0.6
2040.0,3.3680000000000003,-0.51
2040.25,3.2350000000000003,-0.6299999999999999
2040.5,3.363,-0.556
2040.75,3.25,-0.63
2041.0,3.42,-0.4639999999999999
2041.25,3.4,-0.495
2041.5,3.4239999999999995,-0.476
2041.75,3.366,-0.534
2042.0,3.433,-0.505
2042.25,3.317,-0.5900000000000001
2042.5,3.293,-0.6
2042.75,3.372,-0.52
2043.0,3.255,-0.63
2043.25,3.3070000000000004,-0.5700000000000001
2043.5,3.2100000000000004,-0.6499999999999999
2043.75,3.3120000000000003,-0.5800000000000001
2044.0,3.35,-0.54
2044.25,3.286,-0.5900000000000001
2044.5,3.3390000000000004,-0.5700000000000001
2044.75,3.255,-0.63
2045.0,3.3070000000000004,-0.5900000000000001
2045.25,3.252,-0.63
2045.5,3.466,-0.438
2045.75,3.3599999999999994,-0.5800000000000001
2046.0,3.255,-0.62
2046.25,3.306,-0.6000000000000001
2046.5,3.25,-0.62
2046.75,3.66,-0.53
2047.0,5.792,-0.365
2047.25,10.52,0.96
2047.5,11.0,1.4255
2047.75,13.13,2.284
2048.0,13.3,0.324
2048.25,22.42,0.875
2048.5,30.55,0.9000000000000001
2048.75,29.59,-0.2259999999999999
2049.0,28.29,-0.831
2049.25,27.53,-0.2279999999999999
2049.5,26.23,-0.5750000000000001
2049.75,33.2,-0.0713599999999999
2050.0,31.27,-0.84
2050.25,30.39,0.914
2050.5,31.06,0.131
2050.75,30.500000000000004,0.24
2051.0,27.51,-0.631
2051.25,26.38,-1.205
2051.5,25.730000000000004,-1.123
2051.75,22.13,0.32
2052.0,20.61,-0.1089999999999999
2052.25,17.97,-0.247
2052.5,17.91,-0.184
2052.75,19.29,1.05
2053.0,17.85,-0.374
2053.25,18.76,0.067
2053.5,18.87,0.068
2053.75,20.4,0.5242
2054.0,21.75,0.5519999999999999
2054.25,22.29,-0.2911000000000001
2054.5,21.72,-0.295
2054.75,23.22,0.908
2055.0,21.56,0.943
2055.25,24.12,1.392
2055.5,24.89,0.8260000000000002
2055.75,26.34,2.164
2056.0,24.67,1.495
2056.25,22.89,0.305
2056.5,27.130000000000003,0.8454
2056.75,23.56,1.075
2057.0,19.94,0.754
2057.25,15.03,-0.7100000000000001
2057.5,12.13,-0.4518
2057.75,8.629999999999999,-0.183
2058.0,8.84,-0.49
2058.25,9.79,-0.912
2058.5,9.28,-0.5820000000000001
2058.75,8.52,-0.563
2059.0,7.4,-0.8340000000000001
2059.25,7.58,-1.0344
2059.5,7.9,-1.0711
2059.75,6.789999999999999,-0.9887
2060.0,7.04,-0.822
2060.25,6.72,-0.999
2060.5,7.04,-0.8934
2060.75,6.39,-0.8538
2061.0,5.279999999999999,-0.6414
2061.25,5.390000000000001,-0.257
2061.5,3.890000000000001,-0.356
2061.75,3.79,-0.386
2062.0,3.74,-0.4543999999999999
2062.25,3.8,-0.4
2062.5,3.75,-0.4633
2062.75,3.71,-0.44
2063.0,3.76,-0.4656
2063.25,3.84,-0.4313
2063.5,3.83,-0.41786
2063.75,3.86,-0.3168
2064.0,3.69,-0.4566
2064.25,3.81,-0.4023
2064.5,3.73,-0.48
2064.75,3.82,-0.3843
2065.0,3.68,-0.45542
2065.25,3.76,-0.4396
2065.5,3.68,-0.48185
2065.75,3.84,-0.4277
2066.0,3.71,-0.48769
2066.25,3.84,-0.3673
2066.5,3.74,-0.33172
2066.75,3.88,-0.2871
2067.0,3.86,-0.3056
2067.25,3.84,-0.3193
2067.5,3.66,-0.52
2067.75,3.73,-0.4211
2068.0,3.78,-0.4548
2068.25,3.66,-0.4578
2068.5,3.69,-0.4837
2068.75,3.71,-0.46
2069.0,3.87,-0.38
2069.25,3.83,-0.363
2069.5,3.81,-0.382
2069.75,3.72,-0.408
2070.0,3.7,-0.4539
2070.25,3.71,-0.4682
2070.5,3.7,-0.4214
2070.75,3.72,-0.517
2071.0,5.62,-0.5555
2071.25,6.960000000000001,-0.262
2071.5,7.68,-0.142
2071.75,10.75,0.01
2072.0,13.03,0.595
2072.25,20.42,1.432
2072.5,31.66,3.241
2072.75,29.34,1.0099999999999998
2073.0,28.65,0.615
2073.25,28.83,0.8190000000000001
2073.5,32.5,1.673
2073.75,30.99,0.629
2074.0,27.01,1.3233
2074.25,26.78,1.5530000000000002
2074.5,20.91,1.13
2074.75,19.13,0.825
2075.0,16.830000000000002,0.2736999999999999
2075.25,15.79,-0.3356
2075.5,17.53,0.515
2075.75,18.83,1.3139999999999998
2076.0,16.25,0.025
2076.25,14.78,0.7100000000000001
2076.5,14.96,0.2849
2076.75,16.75,1.1353
2077.0,24.44,3.993
2077.25,25.52,3.742
2077.5,30.15,2.489
2077.75,41.2,7.67
2078.0,42.4,7.69
2078.25,39.400000000000006,5.98
2078.5,37.0,5.2940000000000005
2078.75,34.15,4.812999999999999
2079.0,37.6,8.71
2079.25,19.57,1.973
2079.5,14.7,0.3959999999999999
2079.75,13.599999999999998,-0.639
2080.0,15.38,0.51
2080.25,15.0,0.3299999999999999
2080.5,13.28,-0.1529999999999999
2080.75,13.04,-0.583
2081.0,11.74,-0.536
2081.25,10.68,-0.569
2081.5,8.98,-0.904
2081.75,8.42,-0.6160000000000001
2082.0,8.18,-0.8760000000000001
2082.25,8.15,-0.74
2082.5,6.72,-0.93
2082.75,4.042,-0.92
2083.0,3.672,-0.94
2083.25,3.23,-0.6699999999999999
2083.5,3.141,-0.77
2083.75,3.2379999999999995,-0.71
2084.0,3.006,-0.78
2084.25,2.9000000000000004,-0.69
2084.5,2.877,-0.71
2084.75,2.906,-0.66
2085.0,2.847,-0.76
2085.25,2.93,-0.69
2085.5,2.848,-0.75
2085.75,2.39,-0.54
2086.0,1.536,-0.42
2086.25,1.5860000000000003,-0.373
2086.5,1.4489999999999998,-0.4600000000000001
2086.75,1.5900000000000003,-0.363
2087.0,1.487,-0.44
2087.25,1.5620000000000005,-0.38
2087.5,1.574,-0.36
2087.75,1.557,-0.384
2088.0,1.556,-0.362
2088.25,1.644,-0.307
2088.5,1.598,-0.3319999999999999
2088.75,1.619,-0.315
2089.0,1.515,-0.42
2089.25,1.562,-0.38
2089.5,1.5,-0.43
2089.75,1.525,-0.4
2090.0,1.542,-0.4
2090.25,1.67,-0.266
2090.5,1.5830000000000002,-0.3113
2090.75,1.653,-0.2579
2091.0,1.632,-0.327
2091.25,1.5659999999999998,-0.41
2091.5,1.597,-0.307
2091.75,1.568,-0.38
2092.0,1.517,-0.42
2092.25,1.513,-0.41
2092.5,1.485,-0.44
2092.75,1.572,-0.37
2093.0,1.504,-0.43
2093.25,1.628,-0.339
2093.5,1.614,-0.345
2093.75,1.592,-0.35
2094.0,1.624,-0.343
2094.25,1.5940000000000003,-0.38
2094.5,1.473,-0.45
2094.75,1.5260000000000002,-0.4
2095.0,1.492,-0.44
2095.25,1.528,-0.43
2095.5,1.528,-0.41
2095.75,1.5470000000000002,-0.39
2096.0,5.78,1.36
2096.25,16.14,5.57
2096.5,18.57,6.5
2096.75,17.89,6.24
2097.0,18.38,6.27
2097.25,17.89,5.489999999999999
2097.5,19.09,6.470000000000001
2097.75,19.52,6.92
2098.0,18.08,5.77
2098.25,19.34,6.5600000000000005
2098.5,19.46,6.379999999999999
2098.75,20.82,7.619999999999999
2099.0,19.13,6.029999999999999
2099.25,20.58,6.93
2099.5,10.14,2.3240000000000003
2099.75,4.729,0.8299999999999998
2100.0,4.114,0.1659999999999999
2100.25,3.671,0.0489999999999999
2100.5,4.3580000000000005,0.59
2100.75,4.988,0.66
2101.0,2.972,-0.7000000000000001
2101.25,3.0380000000000003,-0.64
2101.5,2.9410000000000003,-0.7400000000000001
2101.75,2.6870000000000003,-0.5900000000000001
2102.0,2.449,-0.4700000000000001
2102.25,2.569,-0.38
2102.5,2.373,-0.43
2102.75,2.281,-0.47
2103.0,1.99,-0.51
2103.25,1.968,-0.5
2103.5,1.941,-0.53
2103.75,2.0460000000000003,-0.43
2104.0,1.923,-0.54
2104.25,2.0460000000000003,-0.48
2104.5,2.005,-0.5
2104.75,1.786,-0.48
2105.0,1.785,-0.43
2105.25,1.783,-0.44
2105.5,1.946,-0.391
2105.75,1.4940000000000002,-0.44
2106.0,1.49,-0.43
2106.25,1.6,-0.347
2106.5,1.656,-0.297
2106.75,1.6,-0.35
2107.0,1.636,-0.336
2107.25,1.529,-0.4
2107.5,1.505,-0.42
2107.75,1.5510000000000002,-0.38
2108.0,1.5990000000000002,-0.35
2108.25,1.472,-0.45
2108.5,1.576,-0.36
2108.75,1.496,-0.43
2109.0,1.565,-0.369
2109.25,1.616,-0.292
2109.5,1.687,-0.2229
2109.75,1.612,-0.2769
2110.0,1.67,-0.234
2110.25,1.5749999999999995,-0.35
2110.5,1.6720000000000002,-0.328
2110.75,1.648,-0.346
2111.0,1.528,-0.42
2111.25,1.648,-0.321
2111.5,1.5670000000000002,-0.353
2111.75,1.679,-0.287
2112.0,1.645,-0.294
2112.25,1.629,-0.344
2112.5,1.4700000000000002,-0.45
2112.75,1.5739999999999998,-0.38
2113.0,1.509,-0.405
2113.25,1.582,-0.37
2113.5,1.6230000000000002,-0.329
2113.75,1.526,-0.43
2114.0,1.5619999999999998,-0.39
2114.25,1.4820000000000002,-0.44
2114.5,1.632,-0.3399999999999999
2114.75,1.5510000000000002,-0.39
2115.0,1.5619999999999998,-0.38
2115.25,1.517,-0.43
2115.5,1.597,-0.367
2115.75,1.505,-0.45
2116.0,1.6769999999999998,-0.333
2116.25,1.5599999999999998,-0.4
2116.5,1.476,-0.45
2116.75,1.6309999999999998,-0.383
2117.0,1.6429999999999998,-0.324
2117.25,1.6909999999999998,-0.283
2117.5,1.6630000000000005,-0.289
2117.75,1.64,-0.3319999999999999
2118.0,1.52,-0.43
2118.25,1.6630000000000005,-0.2518
2118.5,1.645,-0.2653999999999999
2118.75,1.804,-0.195
2119.0,1.621,-0.3359999999999999
2119.25,1.6549999999999998,-0.28
2119.5,1.533,-0.41
2119.75,1.56,-0.39
2120.0,1.548,-0.39
2120.25,1.6310000000000002,-0.3279999999999999
2120.5,1.4980000000000002,-0.43
2120.75,1.5730000000000002,-0.378
2121.0,1.52,-0.41
2121.25,1.5779999999999998,-0.39
2121.5,1.565,-0.38
2121.75,1.5540000000000005,-0.39
2122.0,1.541,-0.41
2122.25,1.544,-0.402
2122.5,1.6700000000000002,-0.316
2122.75,1.673,-0.295
2123.0,1.734,-0.26
2123.25,1.486,-0.45
2123.5,1.557,-0.38
2123.75,1.498,-0.44
2124.0,1.587,-0.366
2124.25,1.5590000000000002,-0.39
2124.5,1.558,-0.41
2124.75,1.492,-0.45
2125.0,1.5780000000000003,-0.379
2125.25,1.539,-0.41
2125.5,1.553,-0.38
2125.75,1.591,-0.35
2126.0,1.5180000000000002,-0.41
2126.25,1.512,-0.41
2126.5,1.461,-0.45
2126.75,1.6840000000000002,-0.2365
2127.0,1.655,-0.258
2127.25,1.731,-0.195
2127.5,1.713,-0.2373
2127.75,1.75,-0.2303
2128.0,1.548,-0.403
2128.25,1.713,-0.283
2128.5,1.65,-0.324
2128.75,1.5870000000000002,-0.367
2129.0,1.4979999999999998,-0.43
2129.25,1.5950000000000002,-0.382
2129.5,1.538,-0.41
2129.75,1.553,-0.37
2130.0,1.523,-0.41
2130.25,1.4980000000000002,-0.43
2130.5,1.5500000000000005,-0.41
2130.75,1.475,-0.45
2131.0,1.578,-0.383
2131.25,1.512,-0.41
2131.5,1.537,-0.41
2131.75,1.4700000000000002,-0.48
2132.0,1.5790000000000002,-0.373
2132.25,1.481,-0.45
2132.5,1.5860000000000003,-0.37
2132.75,1.5550000000000002,-0.39
2133.0,1.6070000000000002,-0.349
2133.25,1.65,-0.333
2133.5,1.617,-0.355
2133.75,1.6649999999999998,-0.291
2134.0,1.5790000000000002,-0.37
2134.25,1.58,-0.39
2134.5,1.515,-0.45
2134.75,1.581,-0.365
2135.0,1.634,-0.283
2135.25,1.773,-0.1731
2135.5,1.678,-0.2782
2135.75,1.746,-0.217
2136.0,1.569,-0.375
2136.25,1.5630000000000002,-0.389
2136.5,1.561,-0.4
2136.75,1.589,-0.37
2137.0,1.5909999999999995,-0.379
2137.25,1.516,-0.43
2137.5,1.592,-0.386
2137.75,1.546,-0.42
2138.0,1.6649999999999998,-0.312
2138.25,1.5639999999999998,-0.39
2138.5,1.705,-0.28034
2138.75,1.618,-0.35
2139.0,1.685,-0.315
2139.25,1.6729999999999998,-0.316
2139.5,1.76,-0.268
2139.75,1.545,-0.41
2140.0,1.5339999999999998,-0.43
2140.25,1.537,-0.43
2140.5,1.553,-0.41
2140.75,1.572,-0.39
2141.0,1.485,-0.4600000000000001
2141.25,1.5590000000000002,-0.4
2141.5,1.483,-0.48
2141.75,1.5580000000000005,-0.4
2142.0,1.5180000000000002,-0.43
2142.25,1.5820000000000003,-0.379
2142.5,1.447,-0.4700000000000001
2142.75,2.191,-0.0356
2143.0,2.697,-0.55
2143.25,6.29,-0.3754
2143.5,11.87,0.93
2143.75,18.5,1.3190000000000002
2144.0,19.64,1.694
2144.25,28.880000000000003,0.8279999999999998
2144.5,40.5,2.951
2144.75,42.0,1.995
2145.0,45.0,3.341
2145.25,44.5,2.4080000000000004
2145.5,47.8,2.0508
2145.75,51.0,2.8520000000000003
2146.0,47.7,2.162
2146.25,44.900000000000006,4.58
2146.5,46.7,4.038
2146.75,45.5,2.682
2147.0,45.6,3.2630000000000003
2147.25,44.5,2.721
2147.5,43.2,3.176
2147.75,41.6,2.301
2148.0,38.3,3.61
2148.25,38.89,3.152
2148.5,33.86,3.975
2148.75,29.65,2.845
2149.0,28.31,2.826
2149.25,28.65,2.321
2149.5,27.42,1.7679999999999998
2149.75,30.06,-0.0309999999999999
2150.0,33.39,0.2673999999999999
2150.25,33.6,0.474
2150.5,35.2,1.1090000000000002
2150.75,34.900000000000006,0.8500000000000001
2151.0,33.96,1.799
2151.25,30.94,1.902
2151.5,33.099999999999994,2.838
2151.75,33.0,2.0050000000000003
2152.0,32.5,1.5912000000000002
2152.25,33.3,1.997
2152.5,29.06,1.859
2152.75,27.16,1.007
2153.0,20.13,0.614
2153.25,16.8,1.2873
2153.5,13.43,0.7100000000000001
2153.75,10.3,-0.379
2154.0,10.05,-0.2679999999999999
2154.25,8.74,0.4100000000000001
2154.5,8.812000000000001,0.79
2154.75,7.734,-0.118
2155.0,7.620999999999999,-0.072
2155.25,8.1,0.6299999999999999
2155.5,7.768000000000001,0.7000000000000002
2155.75,6.837000000000001,-0.0929999999999999
2156.0,6.773000000000001,-0.1619999999999999
2156.25,7.13,0.2789999999999999
2156.5,7.686,0.7
2156.75,5.359,-0.8
2157.0,3.226,-0.72
2157.25,3.22,-0.71
2157.5,3.487,-0.597
2157.75,3.096,-0.83
2158.0,3.1739999999999995,-0.74
2158.25,1.727,-0.49
2158.5,1.616,-0.361
2158.75,1.481,-0.49
2159.0,1.5990000000000002,-0.404
2159.25,1.483,-0.49
2159.5,1.641,-0.345
2159.75,1.589,-0.4
2160.0,1.632,-0.37
2160.25,1.469,-0.49
2160.5,1.601,-0.42
2160.75,1.497,-0.48
2161.0,1.535,-0.45
2161.25,1.537,-0.43
2161.5,1.5459999999999998,-0.44
2161.75,1.5750000000000002,-0.413
2162.0,1.652,-0.318
2162.25,1.735,-0.2402999999999999
2162.5,1.726,-0.2211
2162.75,1.662,-0.2831
2163.0,1.54,-0.45
2163.25,1.598,-0.45
2163.5,1.492,-0.5
2163.75,1.5779999999999998,-0.44
2164.0,1.559,-0.44
2164.25,1.626,-0.389
2164.5,1.4779999999999998,-0.5
2164.75,1.585,-0.44
2165.0,1.472,-0.5
2165.25,1.553,-0.41
2165.5,1.538,-0.45
2165.75,1.5589999999999995,-0.44
2166.0,1.4659999999999995,-0.5
2166.25,1.5590000000000002,-0.44
2166.5,1.529,-0.46
2166.75,2.085,-0.0181
2167.0,4.42,0.2758
2167.25,6.32,0.291
2167.5,8.95,1.90087
2167.75,7.700000000000001,0.2049999999999999
2168.0,9.65,0.5587
2168.25,13.56,0.0051999999999999
2168.5,17.029999999999998,-0.536
2168.75,20.54,0.483
2169.0,21.83,-1.4295
2169.25,24.1,-0.7908
2169.5,22.9,-1.7000000000000002
2169.75,26.14,-0.0199999999999999
2170.0,22.84,-1.2
2170.25,20.54,-1.246
2170.5,22.61,-0.943
2170.75,23.01,-0.6789999999999999
2171.0,22.29,-0.8390000000000001
2171.25,20.69,-1.77
2171.5,20.92,-1.428
2171.75,20.6,0.1129999999999999
2172.0,17.84,0.7400000000000001
2172.25,13.54,-0.9531
2172.5,16.18,0.7689999999999999
2172.75,14.68,-0.765
2173.0,18.96,0.3799999999999999
2173.25,18.78,-0.827
2173.5,21.75,-0.571
2173.75,25.62,0.175
2174.0,27.910000000000004,-0.18
2174.25,26.21,-0.5053
2174.5,27.67,-0.6828
2174.75,26.58,-0.887
2175.0,28.06,0.3455
2175.25,26.22,-0.8742000000000001
2175.5,27.28,-0.4653
2175.75,30.06,-0.456
2176.0,29.65,0.271
2176.25,28.39,-0.485
2176.5,27.450000000000003,0.164
2176.75,25.0,0.0706
2177.0,19.75,1.0990000000000002
2177.25,16.3,-0.19
2177.5,12.37,-0.516
2177.75,13.35,0.1273
2178.0,10.02,0.425
2178.25,8.29,-0.239
2178.5,5.901,-0.3109999999999999
2178.75,5.94,0.192
2179.0,5.884,0.1159999999999999
2179.25,5.378,-0.331
2179.5,5.18,-0.392
2179.75,4.075,-0.55
2180.0,3.649,-0.58
2180.25,3.344,-0.4489999999999999
2180.5,3.214,-0.53
2180.75,3.258,-0.434
2181.0,2.867,-0.494
2181.25,2.9130000000000003,-0.44
2181.5,2.914,-0.453
2181.75,2.951,-0.437
2182.0,2.15,-0.3514
2182.25,1.569,-0.175
2182.5,1.5099999999999998,-0.209
2182.75,1.599,-0.15
2183.0,1.5579999999999998,-0.183
2183.25,1.582,-0.168
2183.5,1.465,-0.246
2183.75,1.5629999999999995,-0.18
2184.0,1.54,-0.198
2184.25,1.606,-0.142
2184.5,1.524,-0.208
2184.75,1.564,-0.187
2185.0,1.479,-0.236
2185.25,1.573,-0.176
2185.5,1.597,-0.186
2185.75,1.517,-0.216
2186.0,1.612,-0.116
2186.25,1.649,-0.094
2186.5,1.586,-0.141
2186.75,1.711,-0.053
2187.0,1.613,-0.136
2187.25,1.587,-0.147
2187.5,1.5499999999999998,-0.203
2187.75,1.5749999999999995,-0.1639999999999999
2188.0,1.483,-0.2259999999999999
2188.25,1.607,-0.135
2188.5,1.565,-0.1639999999999999
2188.75,1.578,-0.148
2189.0,1.503,-0.214
2189.25,1.588,-0.17
2189.5,1.4859999999999998,-0.245
2189.75,1.649,-0.138
2190.0,1.544,-0.186
2190.25,1.532,-0.185
2190.5,1.4899999999999998,-0.243
2190.75,2.412,0.2402
2191.0,3.605,0.1329999999999999
2191.25,4.325,-0.3174
2191.5,5.5,-0.888
2191.75,10.75,0.103
2192.0,16.68,1.035
2192.25,17.43,0.1876999999999999
2192.5,21.95,2.337
2192.75,26.35,1.7600000000000002
2193.0,25.68,1.179
2193.25,24.6,0.2077999999999999
2193.5,25.96,-0.0449999999999999
2193.75,26.03,0.284
2194.0,26.37,1.077
2194.25,20.97,-0.55308
2194.5,23.82,0.601
2194.75,24.5,0.2119999999999999
2195.0,22.79,-0.082
2195.25,22.58,-0.6459000000000001
2195.5,22.61,-0.182
2195.75,19.43,-0.6646
2196.0,17.61,0.0829999999999999
2196.25,16.34,0.3139999999999999
2196.5,16.37,0.2049999999999999
2196.75,16.52,-0.317
2197.0,18.45,1.636
2197.25,23.16,3.196
2197.5,23.520000000000003,1.006
2197.75,26.61,-0.0629999999999999
2198.0,28.4,0.4684
2198.25,31.82,0.8639999999999999
2198.5,31.57,0.3259999999999999
2198.75,31.24,0.1488
2199.0,27.8,0.0170000000000001
2199.25,25.89,1.244
2199.5,25.9,-0.031
2199.75,26.8,-0.517
2200.0,24.51,-1.064
2200.25,21.73,-0.369
2200.5,21.27,-0.07
2200.75,18.73,-0.93
2201.0,17.64,-0.202
2201.25,12.46,0.004
2201.5,10.2,1.183
2201.75,9.88,0.957
2202.0,8.09,-0.6136
2202.25,9.5,0.4562
2202.5,8.35,0.1996000000000001
2202.75,8.700000000000001,0.1137999999999999
2203.0,6.4,-0.4123
2203.25,7.48,0.3624
2203.5,7.23,0.445
2203.75,7.119999999999999,0.0271
2204.0,6.470000000000001,-0.1983
2204.25,6.800000000000001,0.2114000000000001
2204.5,4.94,-0.1995999999999999
2204.75,3.572,-0.352
2205.0,3.371,-0.489
2205.25,3.491,-0.4183
2205.5,3.422,-0.475
2205.75,3.5250000000000004,-0.383
2206.0,3.99,0.02
2206.25,2.7030000000000003,0.1773999999999999
2206.5,2.079,-0.24478
2206.75,2.1790000000000003,-0.1714
2207.0,2.131,-0.2
2207.25,2.189,-0.1319
2207.5,2.135,-0.2169
2207.75,2.168,-0.1867
2208.0,2.072,-0.22877
2208.25,2.133,-0.1956
2208.5,2.1,-0.1841999999999999
2208.75,2.073,-0.2084
2209.0,2.102,-0.2059
2209.25,2.058,-0.2329
2209.5,2.075,-0.2309
2209.75,2.051,-0.25583
2210.0,2.184,-0.1394
2210.25,2.062,-0.23033
2210.5,2.154,-0.1758
2210.75,2.066,-0.24
2211.0,2.101,-0.2032999999999999
2211.25,2.068,-0.23608
2211.5,2.186,-0.1456
2211.75,2.043,-0.236
2212.0,2.15,-0.1858
2212.25,2.061,-0.246
2212.5,2.119,-0.1979999999999999
2212.75,2.158,-0.1517
2213.0,2.265,-0.075
2213.25,2.125,-0.1818
2213.5,2.178,-0.154
2213.75,2.202,-0.148
2214.0,2.1540000000000004,-0.1563999999999999
2214.25,2.244,-0.093
2214.5,2.191,-0.127
2214.75,2.709,-0.0635
2215.0,2.959,-0.1224
2215.25,3.28,-0.2672
2215.5,6.42,-0.3279999999999999
2215.75,8.82,1.3310000000000002
2216.0,9.48,0.5249
2216.25,11.62,-0.4206999999999999
2216.5,18.14,0.1909999999999999
2216.75,19.3,-0.627
2217.0,21.82,0.3720000000000001
2217.25,23.16,-0.039
2217.5,25.05,-1.65
2217.75,29.78,-0.913
2218.0,25.980000000000004,-0.176
2218.25,27.21,0.6369999999999999
2218.5,29.01,-0.141
2218.75,27.05,-0.923
2219.0,27.49,-0.518
2219.25,26.25,-0.426
2219.5,24.32,-1.124
2219.75,23.18,-0.957
2220.0,18.21,-0.1619999999999999
2220.25,17.35,0.0099999999999998
2220.5,18.11,0.125
2220.75,17.64,-0.881
2221.0,22.81,0.739
2221.25,42.3,10.48
2221.5,41.3,6.79
2221.75,41.1,5.58
2222.0,40.5,5.08
2222.25,40.6,6.4
2222.5,39.2,6.12
2222.75,36.7,4.81
2223.0,34.870000000000005,3.810000000000001
2223.25,36.3,5.34
2223.5,35.28,5.17
2223.75,38.1,5.460000000000001
2224.0,36.36,4.92
2224.25,34.8,5.48
2224.5,31.790000000000003,4.317
2224.75,24.76,0.442
2225.0,21.84,1.2313
2225.25,23.26,1.887
2225.5,20.72,3.099
2225.75,17.75,1.125
2226.0,16.8,0.277
2226.25,16.240000000000002,1.565
2226.5,12.670000000000002,0.7899999999999999
2226.75,8.51,0.1175
2227.0,5.640000000000001,-0.8300000000000001
2227.25,5.43,-0.762
2227.5,4.818,-0.89
2227.75,4.615,-0.87
2228.0,4.553999999999999,-0.8099999999999999
2228.25,4.465,-0.89
2228.5,4.629,-0.76
2228.75,4.531,-0.8300000000000001
2229.0,4.553,-0.82
2229.25,4.548,-0.82
2229.5,3.638,-0.76
2229.75,3.332,-0.7100000000000001
2230.0,2.439,-0.53
2230.25,1.6960000000000002,-0.411
2230.5,1.604,-0.3824999999999999
2230.75,1.69,-0.352
2231.0,1.624,-0.382
2231.25,1.6,-0.406
2231.5,1.73,-0.305
2231.75,1.584,-0.406
2232.0,1.652,-0.366
2232.25,1.589,-0.421
2232.5,1.637,-0.366
2232.75,1.642,-0.363
2233.0,1.697,-0.323
2233.25,1.6709999999999998,-0.359
2233.5,1.61,-0.396
2233.75,1.6749999999999998,-0.338
2234.0,1.576,-0.426
2234.25,1.6869999999999998,-0.333
2234.5,1.648,-0.349
2234.75,1.632,-0.391
2235.0,1.648,-0.362
2235.25,1.617,-0.411
2235.5,1.629,-0.396
2235.75,1.634,-0.376
2236.0,1.73,-0.286
2236.25,1.6799999999999995,-0.325
2236.5,1.7560000000000002,-0.269
2236.75,1.674,-0.3389999999999999
2237.0,1.6559999999999997,-0.374
2237.25,1.6969999999999998,-0.3249999999999999
2237.5,1.63,-0.37
2237.75,1.6919999999999995,-0.334
2238.0,1.5579999999999998,-0.442
2238.25,1.64,-0.362
2238.5,1.573,-0.413
2238.75,2.449,0.0331699999999999
2239.0,2.795,-0.4579
2239.25,3.594,-0.163
2239.5,3.747,-0.0646
2239.75,5.622,0.3700000000000001
2240.0,7.449999999999999,1.2
2240.25,14.79,0.7866999999999998
2240.5,15.7,-1.6869999999999998
2240.75,15.57,-2.13
2241.0,15.96,-1.409
2241.25,16.26,-0.51
2241.5,15.6,-1.4696
2241.75,17.11,-0.879
2242.0,16.669999999999998,-0.1300000000000001
2242.25,14.45,-1.084
2242.5,15.89,0.5957
2242.75,13.53,-0.93
2243.0,13.98,-0.0599999999999999
2243.25,14.24,-0.594
2243.5,12.79,-0.923
2243.75,11.85,-0.8069999999999999
2244.0,11.4,-0.126
2244.25,11.36,-0.535
2244.5,11.66,-0.07
2244.75,11.86,-1.03
2245.0,12.45,-0.729
2245.25,12.7,-0.2329999999999999
2245.5,12.409999999999998,-0.841
2245.75,10.02,-0.5229999999999999
2246.0,7.71,0.0599999999999999
2246.25,8.64,0.6400000000000001
2246.5,9.24,0.9837
2246.75,7.729999999999999,-0.443
2247.0,8.97,0.1429999999999999
2247.25,9.5,0.4600000000000001
2247.5,9.34,-0.088
2247.75,9.55,-0.121
2248.0,8.700000000000001,0.0549999999999999
2248.25,8.469999999999999,0.8900000000000001
2248.5,6.699999999999999,-0.178
2248.75,6.37,-0.3330000000000001
2249.0,6.5600000000000005,-2.775557561562892e-17
2249.25,6.43,0.49
2249.5,3.657,-0.561
2249.75,2.934,-0.65
2250.0,2.8360000000000003,-0.6799999999999999
2250.25,2.633,-0.56
2250.5,2.167,-0.5800000000000001
2250.75,2.111,-0.56
2251.0,2.0570000000000004,-0.59
2251.25,2.113,-0.57
2251.5,2.119,-0.5599999999999999
2251.75,2.112,-0.56
2252.0,2.519,-0.1058
2252.25,1.529,-0.462
2252.5,1.613,-0.414
2252.75,1.55,-0.4649999999999999
2253.0,1.564,-0.429
2253.25,1.609,-0.409
2253.5,1.553,-0.413
2253.75,1.4489999999999998,-0.412
2254.0,1.473,-0.413
2254.25,1.4549999999999998,-0.395
2254.5,1.435,-0.421
2254.75,1.52,-0.347
2255.0,1.466,-0.363
2255.25,1.557,-0.304
2255.5,1.485,-0.362
2255.75,1.609,-0.278
2256.0,1.479,-0.373
2256.25,1.501,-0.355
2256.5,1.432,-0.41
2256.75,1.459,-0.405
2257.0,1.423,-0.424
2257.25,1.471,-0.402
2257.5,1.444,-0.413
2257.75,1.501,-0.369
2258.0,1.527,-0.43
2258.25,1.4329999999999998,-0.3892
2258.5,1.528,-0.3412
2258.75,1.388,-0.457
2259.0,1.48,-0.388
2259.25,1.4460000000000002,-0.415
2259.5,1.452,-0.414
2259.75,1.409,-0.459
2260.0,1.4420000000000002,-0.431
2260.25,1.435,-0.44
2260.5,1.491,-0.394
2260.75,1.476,-0.385
2261.0,1.458,-0.4039999999999999
2261.25,1.427,-0.442
2261.5,1.439,-0.426
2261.75,1.467,-0.419
2262.0,1.463,-0.373
2262.25,1.625,-0.257
2262.5,1.473,-0.383
2262.75,1.521,-0.357
2263.0,1.406,-0.448
2263.25,1.472,-0.404
2263.5,1.411,-0.447
2263.75,1.505,-0.356
2264.0,1.421,-0.432
2264.25,1.4340000000000002,-0.432
2264.5,1.557,-0.493
2264.75,1.636,-0.419
2265.0,1.532,-0.5
2265.25,1.6710000000000005,-0.403
2265.5,1.5699999999999998,-0.4589999999999999
2265.75,1.628,-0.432
2266.0,1.55,-0.499
2266.25,1.6429999999999998,-0.43
2266.5,1.597,-0.2979
2266.75,1.588,-0.2482
2267.0,1.556,-0.259
2267.25,1.541,-0.2889
2267.5,1.41,-0.434
2267.75,1.468,-0.404
2268.0,1.41,-0.444
2268.25,1.5219999999999998,-0.352
2268.5,1.458,-0.418
2268.75,1.461,-0.41
2269.0,1.5419999999999998,-0.3419999999999999
2269.25,1.486,-0.387
2269.5,1.603,-0.367
2269.75,1.48,-0.3636
2270.0,1.5459999999999998,-0.31
2270.25,1.428,-0.43
2270.5,1.468,-0.398
2270.75,2.274,0.1859999999999999
2271.0,1.475,-0.386
2271.25,1.477,-0.363
2271.5,1.4780000000000002,-0.392
2271.75,1.401,-0.4243
2272.0,1.49,-0.4
2272.25,1.375,-0.472
2272.5,1.484,-0.381
2272.75,1.484,-0.409
2273.0,1.408,-0.445
2273.25,1.42,-0.427
2273.5,1.375,-0.4529999999999999
2273.75,1.426,-0.42
2274.0,1.419,-0.426
2274.25,1.4340000000000002,-0.413
2274.5,1.413,-0.424
2274.75,1.509,-0.351
2275.0,1.463,-0.395
2275.25,1.544,-0.3399999999999999
2275.5,1.475,-0.374
2275.75,1.4820000000000002,-0.384
2276.0,1.384,-0.4529999999999999
2276.25,1.434,-0.422
2276.5,1.405,-0.451
2276.75,1.4459999999999995,-0.415
2277.0,1.455,-0.386
2277.25,1.504,-0.35
2277.5,1.499,-0.304
2277.75,1.528,-0.245
2278.0,1.491,-0.31
2278.25,1.511,-0.3440999999999999
2278.5,1.47,-0.393
2278.75,1.4619999999999995,-0.403
2279.0,1.427,-0.4629999999999999
2279.25,1.445,-0.408
2279.5,1.412,-0.431
2279.75,1.503,-0.377
2280.0,1.417,-0.422
2280.25,1.523,-0.384
2280.5,1.361,-0.485
2280.75,1.4580000000000002,-0.411
2281.0,1.378,-0.48
2281.25,1.4460000000000002,-0.412
2281.5,1.4540000000000002,-0.403
2281.75,1.527,-0.339
2282.0,1.492,-0.37
2282.25,1.5470000000000002,-0.334
2282.5,1.423,-0.433
2282.75,1.495,-0.383
2283.0,1.414,-0.43
2283.25,1.457,-0.417
2283.5,1.382,-0.4559999999999999
2283.75,1.401,-0.4539999999999999
2284.0,1.433,-0.445
2284.25,1.432,-0.41
2284.5,1.4860000000000002,-0.371
2284.75,1.394,-0.4529999999999999
2285.0,1.407,-0.47
2285.25,1.411,-0.492
2285.5,1.429,-0.4519999999999999
2285.75,1.418,-0.435
2286.0,1.471,-0.411
2286.25,1.351,-0.5
2286.5,1.454,-0.429
2286.75,1.379,-0.471
2287.0,1.459,-0.422
2287.25,1.414,-0.45
2287.5,1.441,-0.416
2287.75,1.437,-0.452
2288.0,1.435,-0.442
2288.25,1.378,-0.484
2288.5,1.579,-0.2741
2288.75,1.653,-0.19
2289.0,1.699,-0.1407
2289.25,1.592,-0.2636
2289.5,1.364,-0.51
2289.75,1.439,-0.446
2290.0,1.425,-0.458
2290.25,1.423,-0.439
2290.5,1.4740000000000002,-0.38
2290.75,1.4560000000000002,-0.42
2291.0,1.402,-0.4559999999999999
2291.25,1.452,-0.422
2291.5,1.386,-0.496
2291.75,1.48,-0.383
2292.0,1.431,-0.415
2292.25,1.455,-0.414
2292.5,1.406,-0.4449999999999999
2292.75,1.449,-0.415
2293.0,1.399,-0.469
2293.25,1.479,-0.396
2293.5,1.424,-0.424
2293.75,1.463,-0.415
2294.0,1.389,-0.4629999999999999
2294.25,1.4460000000000002,-0.428
2294.5,1.406,-0.4549999999999999
2294.75,1.523,-0.344
2295.0,1.536,-0.3309999999999999
2295.25,1.5259999999999998,-0.351
2295.5,1.485,-0.387
2295.75,1.545,-0.346
2296.0,1.469,-0.396
2296.25,1.536,-0.356
2296.5,1.424,-0.416
2296.75,1.443,-0.422
2297.0,1.389,-0.4659999999999999
2297.25,1.41,-0.4429999999999999
2297.5,1.413,-0.498
2297.75,1.554,-0.3207
2298.0,1.493,-0.3381
2298.25,1.4549999999999998,-0.405
2298.5,1.37,-0.454
2298.75,1.545,-0.3066
2299.0,1.496,-0.32
2299.25,1.577,-0.2639
2299.5,1.552,-0.2815
2299.75,1.421,-0.428
2300.0,1.412,-0.4449999999999999
2300.25,1.44,-0.422
2300.5,1.402,-0.438
2300.75,1.516,-0.345
2301.0,1.434,-0.389
2301.25,1.459,-0.417
2301.5,1.421,-0.438
2301.75,1.433,-0.421
2302.0,1.4509999999999998,-0.413
2302.25,1.528,-0.36
2302.5,1.48,-0.384
2302.75,1.442,-0.427
2303.0,1.442,-0.422
2303.25,1.417,-0.4429999999999999
2303.5,1.511,-0.361
2303.75,1.541,-0.322
2304.0,1.629,-0.282
2304.25,1.475,-0.387
2304.5,1.584,-0.305
2304.75,1.505,-0.364
2305.0,1.4509999999999998,-0.418
2305.25,1.476,-0.4
2305.5,1.491,-0.389
2305.75,1.42,-0.4489999999999999
2306.0,1.474,-0.397
2306.25,1.4509999999999998,-0.418
2306.5,1.444,-0.43
2306.75,1.5300000000000002,-0.366
2307.0,1.417,-0.443
2307.25,1.504,-0.383
2307.5,1.3929999999999998,-0.4639999999999999
2307.75,1.488,-0.395
2308.0,1.4329999999999998,-0.44
2308.25,1.5139999999999998,-0.353
2308.5,1.435,-0.437
2308.75,1.501,-0.35
2309.0,1.57,-0.264
2309.25,1.555,-0.281
2309.5,1.572,-0.27
2309.75,1.497,-0.3464
2310.0,1.489,-0.428
2310.25,1.424,-0.4619999999999999
2310.5,1.453,-0.421
2310.75,2.282,0.0169999999999999
2311.0,3.149,-0.56
2311.25,3.488,-0.73
2311.5,5.24,-0.754
2311.75,6.33,0.751
2312.0,11.23,0.408
2312.25,12.07,-0.392
2312.5,15.279999999999998,-0.6521
2312.75,14.6,-0.69
2313.0,14.909999999999998,-0.2539999999999999
2313.25,15.739999999999998,-0.279
2313.5,15.35,-1.42
2313.75,15.52,-1.5500000000000005
2314.0,15.64,-0.5499999999999999
2314.25,14.54,-0.544
2314.5,15.18,-1.39
2314.75,14.37,-1.4900000000000002
2315.0,13.85,-0.6539999999999999
2315.25,14.41,-0.3389999999999999
2315.5,13.4,-0.97
2315.75,12.93,-1.6800000000000002
2316.0,15.9,0.522
2316.25,13.77,-0.994
2316.5,14.13,-0.478
2316.75,13.04,-0.8604
2317.0,13.56,-0.1799999999999999
2317.25,12.16,-0.7649999999999999
2317.5,13.12,-0.76
2317.75,14.250000000000002,-0.8014999999999999
2318.0,13.35,-1.108
2318.25,15.29,-0.446
2318.5,14.990000000000002,-2.23
2318.75,14.580000000000002,-1.88
2319.0,16.63,-0.641
2319.25,16.47,-0.526
2319.5,15.37,-0.873
2319.75,16.36,-1.218
2320.0,16.439999999999998,-0.668
2320.25,14.849999999999998,-1.6989999999999998
2320.5,13.64,-1.569
2320.75,13.54,-1.059
2321.0,10.29,0.52
2321.25,8.02,-0.41
2321.5,7.46,-0.5349999999999999
2321.75,7.83,-0.273
2322.0,7.98,0.187
2322.25,5.97,-0.5579000000000001
2322.5,5.92,-0.408
2322.75,6.27,-0.13
2323.0,4.73,-0.491
2323.25,3.373,-0.8600000000000001
2323.5,3.428,-0.76
2323.75,3.1060000000000003,-0.8400000000000001
2324.0,2.33,-0.6
2324.25,1.452,-0.435
2324.5,1.474,-0.433
2324.75,1.491,-0.488
2325.0,1.75,-0.432
2325.25,1.753,-0.472
2325.5,1.727,-0.479
2325.75,1.566,-0.29655
2326.0,1.497,-0.33207
2326.25,1.468,-0.393
2326.5,1.436,-0.421
2326.75,1.469,-0.384
2327.0,1.431,-0.417
2327.25,1.496,-0.36
2327.5,1.476,-0.379
2327.75,1.499,-0.367
2328.0,1.409,-0.439
2328.25,1.488,-0.378
2328.5,1.409,-0.437
2328.75,1.5,-0.381
2329.0,1.536,-0.345
2329.25,1.427,-0.436
2329.5,1.466,-0.404
2329.75,1.428,-0.413
2330.0,1.473,-0.396
2330.25,1.485,-0.419
2330.5,1.509,-0.349
2330.75,1.438,-0.423
2331.0,1.456,-0.407
2331.25,1.413,-0.444
2331.5,1.474,-0.394
2331.75,1.373,-0.477
2332.0,1.517,-0.39
2332.25,1.4,-0.431
2332.5,1.4760000000000002,-0.39
2332.75,1.404,-0.447
2333.0,1.455,-0.396
2333.25,1.4700000000000002,-0.408
2333.5,1.617,-0.236
2333.75,1.664,-0.1784
2334.0,1.632,-0.2063
2334.25,1.509,-0.3078
2334.5,1.4360000000000002,-0.416
2334.75,2.383,-0.0992
2335.0,2.41,-0.56
2335.25,3.86,0.3168
2335.5,5.460000000000001,0.1379999999999999
2335.75,7.93,0.6599999999999999
2336.0,9.1,0.3
2336.25,12.1,-1.436
2336.5,15.45,-0.106
2336.75,14.420000000000002,-1.661
2337.0,15.28,-1.1989999999999998
2337.25,15.09,-1.459
2337.5,15.93,-1.1856
2337.75,15.79,-1.614
2338.0,16.76,-0.508
2338.25,17.83,-0.175
2338.5,16.82,-1.88
2338.75,16.33,-2.28
2339.0,16.130000000000003,-1.43
2339.25,15.43,-2.02
2339.5,16.29,-1.5
2339.75,16.009999999999998,-1.29
2340.0,15.41,-1.49
2340.25,13.739999999999998,-0.53
2340.5,15.0,1.03
2340.75,14.15,0.352
2341.0,14.510000000000002,0.0539999999999999
2341.25,17.48,1.329
2341.5,23.62,1.004
2341.75,25.81,0.8859999999999999
2342.0,22.380000000000003,-1.3199999999999998
2342.25,24.91,0.2039999999999999
2342.5,22.87,-0.4219999999999999
2342.75,22.28,-0.486
2343.0,22.74,-0.4922
2343.25,20.96,0.089
2343.5,22.97,0.1549999999999999
2343.75,22.79,-1.015
2344.0,22.96,-1.058
2344.25,21.5,-0.235
2344.5,17.55,-1.45
2344.75,16.11,-1.21
2345.0,9.97,-1.12
2345.25,9.09,-1.1
2345.5,8.13,-1.13
2345.75,6.6,-1.02
2346.0,5.97,-0.96
2346.25,5.88,-0.92
2346.5,4.988,-0.85
2346.75,4.952,-0.92
2347.0,5.238,-0.97
2347.25,5.0120000000000005,-0.96
2347.5,5.208,-0.84
2347.75,5.391,-0.8200000000000001
2348.0,5.526,-0.8400000000000001
2348.25,5.101000000000001,-0.79
2348.5,5.031,-0.8999999999999999
2348.75,5.111,-0.96
2349.0,5.12,-0.88
2349.25,4.436,-0.8700000000000001
2349.5,3.7,-0.7000000000000001
2349.75,3.103,-0.6699999999999999
2350.0,2.757,-0.0989
2350.25,1.327,-0.413
2350.5,1.396,-0.354
2350.75,1.425,-0.361
2351.0,1.478,-0.303
2351.25,1.397,-0.359
2351.5,1.523,-0.271
2351.75,1.385,-0.351
2352.0,1.402,-0.35
2352.25,1.431,-0.327
2352.5,1.399,-0.344
2352.75,1.928,-0.0716999999999999
2353.0,1.421,-0.329
2353.25,1.452,-0.313
2353.5,1.359,-0.395
2353.75,1.38,-0.368
2354.0,1.405,-0.366
2354.25,1.53,-0.236
2354.5,1.488,-0.265
2354.75,1.5499999999999998,-0.224
2355.0,1.376,-0.369
2355.25,1.398,-0.37
2355.5,1.374,-0.366
2355.75,1.472,-0.32
2356.0,1.442,-0.32
2356.25,1.374,-0.373
2356.5,1.454,-0.306
2356.75,1.306,-0.419
2357.0,1.411,-0.346
2357.25,1.374,-0.383
2357.5,1.456,-0.302
2357.75,1.383,-0.41
2358.0,1.4,-0.35
2358.25,1.3170000000000002,-0.43
2358.5,1.398,-0.4
2358.75,2.287,0.0147
2359.0,2.542,-0.56
2359.25,4.37,0.0036999999999999
2359.5,6.81,0.412
2359.75,7.58,-0.088
2360.0,11.04,-0.67
2360.25,13.93,-0.56
2360.5,15.52,0.31032
2360.75,17.77,0.3350000000000001
2361.0,16.23,-0.341
2361.25,16.48,-0.71
2361.5,16.79,-0.516
2361.75,16.049999999999997,-0.8500000000000001
2362.0,15.64,-0.128
2362.25,16.27,0.5800000000000001
2362.5,14.43,-0.8849999999999999
2362.75,14.71,-0.8933
2363.0,16.25,0.2279999999999999
2363.25,15.4,-0.647
2363.5,14.3,-1.4
2363.75,14.75,-1.116
2364.0,14.13,-0.175
2364.25,13.37,-0.1789999999999999
2364.5,13.08,-0.1169999999999999
2364.75,14.02,-0.027
2365.0,15.68,1.072
2365.25,17.04,0.6200000000000001
2365.5,18.68,0.344
2365.75,20.12,-0.2772
2366.0,20.14,-0.503
2366.25,23.01,-0.541
2366.5,25.3,-0.1618
2366.75,25.79,0.7709999999999999
2367.0,23.05,0.0574999999999999
2367.25,21.0,0.3965
2367.5,18.59,-0.309
2367.75,19.05,-1.75
2368.0,18.81,-1.255
2368.25,17.65,-0.979
2368.5,16.08,-1.56
2368.75,15.5,-1.45
2369.0,10.81,-0.7630000000000001
2369.25,9.3,-0.262
2369.5,8.6,-0.8009999999999999
2369.75,8.379999999999999,-0.6376999999999999
2370.0,7.91,-0.604
2370.25,7.702,-0.126
2370.5,7.130000000000001,-0.147
2370.75,6.284000000000001,-0.631
2371.0,6.119999999999999,-0.6902999999999999
2371.25,4.2700000000000005,-0.75
2371.5,5.15,-0.8600000000000001
2371.75,5.27,-0.8500000000000001
2372.0,4.815,-0.8700000000000001
2372.25,3.365,-0.481
2372.5,3.193,-0.6599999999999999
2372.75,3.165,-0.63
2373.0,3.062,-0.6799999999999999
2373.25,3.193,-0.63
2373.5,2.99,-0.65
2373.75,2.907,-0.62
2374.0,2.7910000000000004,-0.6
2374.25,1.905,-0.264
2374.5,1.644,-0.403
2374.75,1.532,-0.392
2375.0,1.63,-0.394
2375.25,1.609,-0.414
2375.5,1.553,-0.39
2375.75,1.644,-0.354
2376.0,1.796,-0.34
2376.25,1.479,-0.441
2376.5,1.532,-0.422
2376.75,1.474,-0.431
2377.0,1.51,-0.411
2377.25,1.452,-0.458
2377.5,1.569,-0.356
2377.75,1.475,-0.416
2378.0,1.529,-0.393
2378.25,1.444,-0.446
2378.5,1.52,-0.4
2378.75,1.481,-0.428
2379.0,1.481,-0.423
2379.25,1.674,-0.2187
2379.5,1.595,-0.255
2379.75,1.643,-0.235
2380.0,1.597,-0.2671
2380.25,1.505,-0.404
2380.5,1.5219999999999998,-0.381
2380.75,1.582,-0.313
2381.0,1.622,-0.299
2381.25,1.593,-0.319
2381.5,1.479,-0.415
2381.75,1.537,-0.388
2382.0,1.443,-0.435
2382.25,1.502,-0.41
2382.5,1.417,-0.46
2382.75,2.492,0.0253
2383.0,3.111,-0.52
2383.25,3.556,-0.2948
2383.5,7.563000000000001,1.025
2383.75,6.890000000000001,0.2699999999999999
2384.0,8.629999999999999,0.018
2384.25,13.44,0.078
2384.5,17.689999999999998,0.2719999999999999
2384.75,15.5,-0.5960000000000001
2385.0,15.47,-0.411
2385.25,16.62,-0.388
2385.5,16.29,-1.0489000000000002
2385.75,17.82,-0.545
2386.0,16.65,-0.784
2386.25,15.86,-0.777
2386.5,18.12,0.6280000000000001
2386.75,16.54,-1.34
2387.0,16.78,-1.74
2387.25,18.04,-0.0179999999999999
2387.5,15.63,-1.564
2387.75,14.4,-0.625
2388.0,14.57,-0.513
2388.25,14.11,0.35
2388.5,12.98,-0.065
2388.75,12.69,-0.763
2389.0,15.91,-0.213
2389.25,15.55,0.14
2389.5,16.77,-0.448
2389.75,19.04,-0.3330000000000001
2390.0,19.24,-0.408
2390.25,22.98,0.799
2390.5,21.68,-0.0599999999999999
2390.75,20.98,0.1799999999999999
2391.0,19.41,-0.548
2391.25,20.17,0.4748
2391.5,24.57,0.594
2391.75,23.16,-0.03
2392.0,24.53,0.8243
2392.25,22.96,0.8308000000000001
2392.5,22.450000000000003,0.586
2392.75,18.62,-0.402
2393.0,16.37,-0.281
2393.25,11.989999999999998,0.559
2393.5,10.0,0.57
2393.75,8.55,-0.4549999999999999
2394.0,8.370000000000001,-0.243
2394.25,6.912,-0.266
2394.5,7.649999999999999,0.8200000000000001
2394.75,5.425000000000001,-0.6579999999999999
2395.0,4.546,-0.72
2395.25,4.68,-0.74
2395.5,5.638,-0.1159999999999999
2395.75,5.59,0.1989999999999999
2396.0,4.906,-0.0119999999999999
2396.25,3.1830000000000003,-0.119
2396.5,2.455,-0.3205
2396.75,2.101,-0.3452
2397.0,1.918,-0.3875
2397.25,2.012,-0.3319
2397.5,1.97,-0.3545
2397.75,1.996,-0.3272
2398.0,2.168,-0.0649999999999999
2398.25,1.534,-0.2854
2398.5,1.629,-0.152
2398.75,1.478,-0.2957
2399.0,1.531,-0.251
2399.25,1.517,-0.27
2399.5,1.535,-0.253
2399.75,1.5699999999999998,-0.2603999999999999
2400.0,1.553,-0.2562
2400.25,1.516,-0.2811
2400.5,1.594,-0.2163999999999999
2400.75,1.592,-0.2136
2401.0,1.5929999999999995,-0.2077
2401.25,1.577,-0.2458
2401.5,1.535,-0.2975
2401.75,1.594,-0.2407
2402.0,1.467,-0.3321
2402.25,1.5519999999999998,-0.2657
2402.5,1.5719999999999998,-0.2632
2402.75,1.5239999999999998,-0.2973
2403.0,1.559,-0.2603999999999999
2403.25,1.547,-0.2423
2403.5,1.559,-0.2479
2403.75,1.495,-0.3119
2404.0,1.539,-0.264
2404.25,1.4999999999999998,-0.3111
2404.5,1.571,-0.257
2404.75,1.52,-0.2958
2405.0,1.598,-0.2114
2405.25,1.538,-0.2568
2405.5,1.508,-0.2948
2405.75,1.5590000000000002,-0.2452
2406.0,1.5629999999999995,-0.2414
2406.25,1.62,-0.1989
2406.5,1.546,-0.2517
2406.75,2.639,0.1367999999999999
2407.0,3.2270000000000003,0.0089999999999999
2407.25,5.96,1.72
2407.5,5.68,0.43
2407.75,6.5,-0.292
2408.0,6.54,-0.092
2408.25,10.329999999999998,-1.05
2408.5,18.41,-0.435
2408.75,17.21,-1.35
2409.0,18.45,-0.7755000000000001
2409.25,20.16,-0.379
2409.5,21.93,-0.786
2409.75,21.18,-0.775
2410.0,20.64,-0.93
2410.25,20.020000000000003,-0.7488
2410.5,16.0,-1.61
2410.75,15.989999999999998,-1.743
2411.0,15.86,-1.06
2411.25,15.510000000000002,-1.116
2411.5,12.44,-1.72
2411.75,12.25,-1.13
2412.0,12.28,-0.76
2412.25,14.4,0.16
2412.5,16.18,0.2700000000000001
2412.75,14.94,-0.285
2413.0,15.29,-0.697
2413.25,14.02,-0.353
2413.5,19.88,1.198
2413.75,19.6,-0.258
2414.0,20.2,-0.939
2414.25,22.83,-0.5295000000000001
2414.5,20.75,-0.38
2414.75,19.4,0.1170000000000001
2415.0,17.5,-0.4549999999999999
2415.25,16.69,-0.45
2415.5,17.700000000000003,-0.043
2415.75,19.3,0.232
2416.0,17.37,-0.476
2416.25,14.25,-0.6539999999999999
2416.5,14.8,0.064
2416.75,13.22,0.2499999999999999
2417.0,10.53,0.0229999999999999
2417.25,6.79,-0.6100000000000001
2417.5,6.359999999999999,-0.5800000000000001
2417.75,5.949999999999999,-0.67
2418.0,5.9,-0.69
2418.25,4.619999999999999,-0.7
2418.5,4.234,-0.5399999999999999
2418.75,4.04,-0.41
2419.0,3.4399999999999995,-0.48
2419.25,3.47,-0.4569999999999999
2419.5,3.41,-0.486
2419.75,3.31,-0.521
2420.0,3.35,-0.2011
2420.25,2.514,-0.4469
2420.5,2.5860000000000003,-0.399
2420.75,2.523,-0.4077
2421.0,2.523,-0.42
2421.25,2.455,-0.4642
2421.5,2.5420000000000003,-0.414
2421.75,2.414,-0.4325
2422.0,1.6780000000000002,-0.272
2422.25,1.669,-0.1811
2422.5,1.541,-0.2718
2422.75,1.612,-0.2257
2423.0,1.539,-0.2935999999999999
2423.25,1.589,-0.24
2423.5,1.603,-0.2593
2423.75,1.629,-0.2278
2424.0,1.665,-0.1874
2424.25,1.605,-0.2443
2424.5,1.611,-0.2384
2424.75,1.577,-0.2589
2425.0,1.7280000000000002,-0.142
2425.25,1.651,-0.1972
2425.5,1.721,-0.1465
2425.75,1.753,-0.1281999999999999
2426.0,1.55,-0.2762
2426.25,1.635,-0.2362
2426.5,1.568,-0.2907
2426.75,1.6269999999999998,-0.2496
2427.0,1.612,-0.2717
2427.25,1.635,-0.2299999999999999
2427.5,1.665,-0.193
2427.75,1.564,-0.2986
2428.0,1.617,-0.2459
2428.25,1.595,-0.2609
2428.5,1.6479999999999997,-0.2368
2428.75,1.554,-0.2841
2429.0,1.664,-0.2044
2429.25,1.662,-0.1967
2429.5,1.582,-0.2719
2429.75,1.634,-0.2419
2430.0,1.537,-0.3084
2430.25,1.612,-0.2428
2430.5,1.565,-0.2932
2430.75,1.7360000000000002,-0.0559999999999999
2431.0,1.654,-0.205
2431.25,1.6829999999999998,-0.1677
2431.5,1.688,-0.1669999999999999
2431.75,1.634,-0.2092
2432.0,1.7029999999999998,-0.1553
2432.25,1.505,-0.3243
2432.5,1.656,-0.212
2432.75,1.5980000000000003,-0.2264
2433.0,1.642,-0.2586
2433.25,1.903,-0.2862
2433.5,1.816,-0.3446
2433.75,1.898,-0.2771
2434.0,1.826,-0.3162
2434.25,1.91,-0.2617
2434.5,1.882,-0.235
2434.75,1.874,-0.2628
2435.0,1.912,-0.2781
2435.25,1.855,-0.3022
2435.5,1.868,-0.2792
2435.75,1.821,-0.3087
2436.0,1.778,-0.2227
2436.25,1.5630000000000002,-0.249
2436.5,1.643,-0.2273
2436.75,1.599,-0.3125
2437.0,1.607,-0.1999999999999999
2437.25,1.6229999999999998,-0.2122
2437.5,1.563,-0.2609
2437.75,1.782,-0.1063
2438.0,1.677,-0.1700999999999999
2438.25,1.666,-0.1812
2438.5,1.616,-0.2574
2438.75,1.5830000000000002,-0.267
2439.0,1.54,-0.2848
2439.25,1.565,-0.2808
2439.5,1.69,-0.2004999999999999
2439.75,1.567,-0.2652
2440.0,1.613,-0.2407
2440.25,1.501,-0.335
2440.5,1.591,-0.2504
2440.75,1.576,-0.2716
2441.0,1.533,-0.2942
2441.25,1.6949999999999998,-0.195
2441.5,1.587,-0.2555
2441.75,1.54,-0.2867
2442.0,1.524,-0.3224
2442.25,1.575,-0.2726
2442.5,1.501,-0.3306
2442.75,0.0,0.0
2443.0,0.0,0.0
2443.25,0.0,0.0
2443.5,0.0,0.0
2443.75,0.0,0.0
2444.0,0.0,0.0
2444.25,0.0,0.0
2444.5,0.0,0.0
2444.75,0.0,0.0
2445.0,0.0,0.0
2445.25,0.0,0.0
2445.5,0.0,0.0
2445.75,0.0,0.0
2446.0,0.0,0.0
2446.25,0.0,0.0
2446.5,0.0,0.0
2446.75,0.0,0.0
2447.0,0.0,0.0
2447.25,0.0,0.0
2447.5,0.0,0.0
2447.75,0.0,0.0
2448.0,0.0,0.0
2448.25,0.0,0.0
2448.5,0.0,0.0
2448.75,0.0,0.0
2449.0,0.0,0.0
2449.25,0.0,0.0
2449.5,0.0,0.0
2449.75,0.0,0.0
2450.0,0.0,0.0
2450.25,0.0,0.0
2450.5,0.0,0.0
2450.75,0.0,0.0
2451.0,0.0,0.0
2451.25,0.0,0.0
2451.5,0.0,0.0
2451.75,0.0,0.0
2452.0,0.0,0.0
2452.25,0.0,0.0
2452.5,0.0,0.0
2452.75,0.0,0.0
2453.0,0.0,0.0
2453.25,0.0,0.0
2453.5,0.0,0.0
2453.75,0.0,0.0
2454.0,0.0,0.0
2454.25,0.0,0.0
2454.5,0.0,0.0
2454.75,0.0,0.0
2455.0,0.0,0.0
2455.25,0.0,0.0
2455.5,0.0,0.0
2455.75,0.0,0.0
2456.0,0.0,0.0
2456.25,0.0,0.0
2456.5,0.0,0.0
2456.75,0.0,0.0
2457.0,0.0,0.0
2457.25,0.0,0.0
2457.5,0.0,0.0
2457.75,0.0,0.0
2458.0,0.0,0.0
2458.25,0.0,0.0
2458.5,0.0,0.0
2458.75,0.0,0.0
2459.0,0.0,0.0
2459.25,0.0,0.0
2459.5,0.0,0.0
2459.75,0.0,0.0
2460.0,0.0,0.0
2460.25,0.0,0.0
2460.5,0.0,0.0
2460.75,0.0,0.0
2461.0,0.0,0.0
2461.25,0.0,0.0
2461.5,0.0,0.0
2461.75,0.0,0.0
2462.0,0.0,0.0
2462.25,0.0,0.0
2462.5,0.0,0.0
2462.75,0.0,0.0
2463.0,0.0,0.0
2463.25,0.0,0.0
2463.5,0.0,0.0
2463.75,0.0,0.0
2464.0,0.0,0.0
2464.25,0.0,0.0
2464.5,0.0,0.0
2464.75,0.0,0.0
2465.0,0.0,0.0
2465.25,0.0,0.0
2465.5,0.0,0.0
2465.75,0.0,0.0
2466.0,0.0,0.0
2466.25,0.0,0.0
2466.5,0.0,0.0
2466.75,0.0,0.0
2467.0,0.0,0.0
2467.25,0.0,0.0
2467.5,0.0,0.0
2467.75,0.0,0.0
2468.0,0.0,0.0
2468.25,0.0,0.0
2468.5,0.0,0.0
2468.75,0.0,0.0
2469.0,0.0,0.0
2469.25,0.0,0.0
2469.5,0.0,0.0
2469.75,0.0,0.0
2470.0,0.0,0.0
2470.25,0.0,0.0
2470.5,0.0,0.0
2470.75,0.0,0.0
2471.0,0.0,0.0
2471.25,0.0,0.0
2471.5,0.0,0.0
2471.75,0.0,0.0
2472.0,0.0,0.0
2472.25,0.0,0.0
2472.5,0.0,0.0
2472.75,0.0,0.0
2473.0,0.0,0.0
2473.25,0.0,0.0
2473.5,0.0,0.0
2473.75,0.0,0.0
2474.0,0.0,0.0
2474.25,0.0,0.0
2474.5,0.0,0.0
2474.75,0.0,0.0
2475.0,0.0,0.0
2475.25,0.0,0.0
2475.5,0.0,0.0
2475.75,0.0,0.0
2476.0,0.0,0.0
2476.25,0.0,0.0
2476.5,0.0,0.0
2476.75,0.0,0.0
2477.0,0.0,0.0
2477.25,0.0,0.0
2477.5,0.0,0.0
2477.75,0.0,0.0
2478.0,0.0,0.0
2478.25,0.0,0.0
2478.5,0.0,0.0
2478.75,0.0,0.0
2479.0,0.0,0.0
2479.25,0.0,0.0
2479.5,0.0,0.0
2479.75,0.0,0.0
2480.0,0.0,0.0
2480.25,0.0,0.0
2480.5,12.760000000000002,-0.513
2480.75,13.46,-0.623
2481.0,14.85,0.21
2481.25,14.51,0.008
2481.5,16.93,0.377
2481.75,17.09,0.3569000000000001
2482.0,16.919999999999998,0.54
2482.25,15.59,-0.609
2482.5,16.25,-0.261
2482.75,18.1,0.902
2483.0,17.22,0.1789999999999999
2483.25,15.73,-0.418
2483.5,14.81,-0.089
2483.75,14.81,0.6200000000000001
2484.0,15.95,1.2187
2484.25,16.55,0.7010000000000001
2484.5,18.04,1.2160000000000002
2484.75,19.0,1.276
2485.0,18.03,0.1769999999999999
2485.25,18.52,0.0559999999999999
2485.5,20.43,0.958
2485.75,24.180000000000003,1.977
2486.0,24.74,1.568
2486.25,23.96,0.6579999999999999
2486.5,26.9,0.966
2486.75,28.33,1.2020000000000002
2487.0,26.95,0.578
2487.25,30.75,2.1710000000000003
2487.5,33.599999999999994,1.531
2487.75,31.37,1.592
2488.0,28.01,1.102
2488.25,27.29,-0.414
2488.5,26.26,-0.472
2488.75,24.86,0.0999999999999998
2489.0,20.43,-0.0199999999999999
2489.25,16.310000000000002,-0.2419999999999999
2489.5,14.010000000000002,-0.0569999999999998
2489.75,12.69,0.56
2490.0,9.989999999999998,-0.029
2490.25,8.18,-0.4459999999999999
2490.5,7.05,-0.354
2490.75,6.499,-0.4639999999999999
2491.0,6.880000000000001,0.196
2491.25,7.02,0.68
2491.5,6.389999999999999,0.05
2491.75,6.15,-0.019
2492.0,6.14,0.2440000000000001
2492.25,5.731999999999999,1.156
2492.5,4.923,0.3739999999999999
2492.75,3.69,-0.094
2493.0,3.196,-0.2319999999999999
2493.25,3.233,-0.2726
2493.5,3.251,-0.1432
2493.75,2.851,-0.2072999999999999
2494.0,2.891,-0.1172
2494.25,2.4270000000000005,-0.1578999999999999
2494.5,2.611,-0.1149
2494.75,2.81,-0.0259999999999999
2495.0,2.552,-0.1195
2495.25,2.595,-0.1573
2495.5,2.557,-0.0914
2495.75,2.604,-0.159
2496.0,2.567,-0.127
2496.25,2.652,-0.081
2496.5,2.177,-0.064
2496.75,2.278,-0.0997
2497.0,2.099,0.0373999999999999
2497.25,2.656,0.037
2497.5,2.672,0.064
2497.75,2.165,-0.086
2498.0,1.936,-0.1776
2498.25,1.977,-0.2107
2498.5,2.047,-0.1462999999999999
2498.75,1.821,-0.2247
2499.0,2.468,-0.107
2499.25,1.739,-0.17867
2499.5,2.02,-0.139
2499.75,1.843,-0.2047
2500.0,2.334,-0.1132
2500.25,1.515,-0.2542
2500.5,2.048,-0.1381
2500.75,1.874,-0.2112
2501.0,1.967,-0.1573
2501.25,1.827,-0.1845
2501.5,1.938,-0.1829
2501.75,1.723,-0.2345
2502.0,1.815,-0.1959
2502.25,1.732,-0.26733
2502.5,1.933,-0.1905
2502.75,1.6350000000000002,-0.2555
2503.0,2.2700000000000005,-0.2438
2503.25,4.859999999999999,0.7407
2503.5,6.36,0.889
2503.75,5.77,-0.99
2504.0,6.75,-0.74
2504.25,11.68,-0.92
2504.5,13.75,-0.3552999999999999
2504.75,14.37,-1.0341
2505.0,16.5,0.1
2505.25,16.43,0.55
2505.5,15.7,-1.403
2505.75,15.96,-1.4419
2506.0,15.669999999999998,-0.188
2506.25,14.95,-0.7829999999999999
2506.5,17.7,-0.93
2506.75,17.34,-1.25
2507.0,17.22,-0.94
2507.25,16.77,-1.07
2507.5,17.59,-0.1139999999999999
2507.75,13.25,-1.64
2508.0,15.91,-0.2259999999999999
2508.25,14.27,-0.424
2508.5,14.57,0.358
2508.75,18.43,1.83
2509.0,18.8,0.7200000000000002
2509.25,18.97,0.4600000000000001
2509.5,21.71,0.836
2509.75,25.52,1.7759999999999998
2510.0,26.98,1.232
2510.25,29.31,0.414
2510.5,30.94,0.7720000000000002
2510.75,29.8,0.979
2511.0,30.72,2.09
2511.25,28.26,0.934
2511.5,28.72,0.617
2511.75,29.32,0.7200000000000001
2512.0,28.4,1.062
2512.25,24.44,-0.0489999999999999
2512.5,23.32,0.0594
2512.75,19.630000000000003,-0.4229999999999999
2513.0,15.01,0.3429999999999999
2513.25,10.73,-0.2348999999999999
2513.5,9.12,-0.361
2513.75,7.8,-0.6562
2514.0,5.32,-0.76
2514.25,4.29,-0.7
2514.5,3.735,-0.6100000000000001
2514.75,4.196,-0.385
2515.0,5.556,0.386
2515.25,4.2940000000000005,-0.6447
2515.5,4.5600000000000005,-0.55233
2515.75,3.757,-0.81
2516.0,3.94,-0.401
2516.25,3.142,-0.73
2516.5,2.991,-0.74
2516.75,3.006,-0.7
2517.0,2.69,-0.71
2517.25,2.778,-0.61
2517.5,2.724,-0.66
2517.75,2.742,-0.6599999999999999
2518.0,2.449,-0.6699999999999999
2518.25,2.045,-0.485
2518.5,2.03,-0.498
2518.75,1.946,-0.54
2519.0,2.081,-0.4599999999999999
2519.25,2.067,-0.45
2519.5,2.114,-0.414
2519.75,2.08,-0.449
2520.0,2.1500000000000004,-0.439
2520.25,2.081,-0.49
2520.5,2.147,-0.367
2520.75,2.041,-0.477
2521.0,2.083,-0.4449999999999999
2521.25,2.069,-0.489
2521.5,1.985,-0.548
2521.75,2.043,-0.49
2522.0,1.98,-0.54
2522.25,2.022,-0.51
2522.5,2.03,-0.51
2522.75,2.079,-0.45
2523.0,1.979,-0.55
2523.25,2.024,-0.517
2523.5,2.084,-0.4021
2523.75,2.075,-0.3923
2524.0,2.103,-0.3717
2524.25,2.019,-0.452
2524.5,2.143,-0.44
2524.75,1.886,-0.5700000000000001
2525.0,1.837,-0.5
2525.25,1.838,-0.53
2525.5,1.835,-0.51
2525.75,1.759,-0.56
2526.0,1.881,-0.48
2526.25,1.843,-0.5
2526.5,1.836,-0.51
2526.75,2.369,-0.54
2527.0,3.254,-0.3389999999999999
2527.25,3.289,-0.79
2527.5,6.57,-0.87
2527.75,7.98,-0.10607
2528.0,11.8,-0.59033
2528.25,13.64,-1.38
2528.5,17.560000000000002,-0.4226999999999999
2528.75,18.49,-0.8300000000000001
2529.0,20.09,-0.3199999999999999
2529.25,19.89,-0.676
2529.5,19.53,-1.1764
2529.75,18.32,-1.416
2530.0,19.3,0.417
2530.25,17.05,0.19
2530.5,17.98,-0.264
2530.75,15.22,-2.26
2531.0,17.48,-0.378
2531.25,15.86,-1.66
2531.5,14.740000000000002,-1.25
2531.75,13.15,-1.37
2532.0,13.46,-0.671
2532.25,12.9,-0.738
2532.5,13.25,-1.112
2532.75,14.57,-1.134
2533.0,17.63,0.322
2533.25,18.84,1.3299999999999998
2533.5,25.12,2.182
2533.75,25.27,0.846
2534.0,26.47,0.1629999999999999
2534.25,27.49,0.8689999999999999
2534.5,26.610000000000003,0.8135999999999999
2534.75,25.02,-0.3359999999999999
2535.0,24.06,0.1829999999999999
2535.25,21.31,1.2678999999999998
2535.5,19.27,0.3699999999999999
2535.75,21.85,0.4919999999999999
2536.0,20.84,0.0057
2536.25,19.36,0.1599999999999999
2536.5,18.46,0.8400000000000001
2536.75,16.48,-0.081
2537.0,13.56,0.3157
2537.25,11.87,0.5910000000000002
2537.5,10.89,0.64
2537.75,10.28,-0.0929999999999998
2538.0,8.99,-0.332
2538.25,8.64,-0.0469999999999999
2538.5,8.440000000000001,0.47
2538.75,7.975,-0.5548
2539.0,8.76,-0.5660000000000001
2539.25,9.11,-0.08
2539.5,8.83,-0.0259999999999999
2539.75,8.19,-0.64
2540.0,7.97,-0.667
2540.25,8.47,0.204
2540.5,8.219999999999999,-0.1209999999999999
2540.75,6.687,-0.258
2541.0,6.663,-0.011
2541.25,7.606000000000001,1.257
2541.5,5.0760000000000005,0.487
2541.75,4.577999999999999,-0.117
2542.0,3.329,0.6649
2542.25,3.4449999999999994,1.0
2542.5,2.388,-0.0699999999999999
2542.75,2.681,0.083
2543.0,2.824,0.456
2543.25,3.143,0.76
2543.5,2.525,-0.0009999999999999
2543.75,2.277,-0.162
2544.0,3.342,0.947
2544.25,2.704,0.4679999999999999
2544.5,2.0620000000000003,-0.127
2544.75,2.191,0.072
2545.0,3.026,0.96
2545.25,2.046,-0.155
2545.5,1.926,-0.2279
2545.75,2.459,0.386
2546.0,3.227,1.1693
2546.25,2.036,-0.1493
2546.5,1.992,-0.1941
2546.75,2.785,0.6319999999999999
2547.0,2.576,0.4879999999999999
2547.25,1.925,-0.24
2547.5,1.876,-0.27
2547.75,2.646,0.59
2548.0,2.404,0.2649999999999999
2548.25,1.97,-0.1689999999999999
2548.5,1.98,-0.221
2548.75,2.811,0.7390000000000001
2549.0,2.244,0.1249999999999999
2549.25,1.931,-0.2323
2549.5,2.067,-0.06
2549.75,2.689,0.6799999999999999
2550.0,2.095,-0.001
2550.25,1.915,-0.2547
2550.5,2.072,-0.0199999999999999
2550.75,3.303,0.5980000000000001
2551.0,3.4210000000000003,0.1999999999999999
2551.25,4.136,-0.17326
2551.5,6.046,-0.255
2551.75,7.140000000000001,0.3000000000000001
2552.0,9.18,1.185
2552.25,9.34,0.6990000000000001
2552.5,12.88,-0.517
2552.75,15.8,0.94
2553.0,15.6,-0.815
2553.25,16.240000000000002,-0.4179999999999999
2553.5,16.96,-0.202
2553.75,16.509999999999998,-0.3470000000000001
2554.0,17.0,-0.3879999999999999
2554.25,18.36,-0.124
2554.5,19.87,0.3399999999999998
2554.75,19.58,-0.0599999999999999
2555.0,18.1,-1.14
2555.25,17.779999999999998,-1.293
2555.5,16.75,-1.106
2555.75,15.44,-0.941
2556.0,15.1,-0.175
2556.25,13.46,-0.0839999999999999
2556.5,13.96,1.09
2556.75,14.760000000000002,0.1119999999999999
2557.0,13.35,0.3589999999999999
2557.25,16.939999999999998,0.3600000000000001
2557.5,18.91,0.9586
2557.75,19.76,-0.377
2558.0,22.25,-0.282
2558.25,22.79,0.1939999999999999
2558.5,21.65,-0.585
2558.75,23.63,-0.068
2559.0,23.24,-0.8109999999999999
2559.25,23.78,-0.161
2559.5,21.42,0.235
2559.75,22.14,0.263
2560.0,19.69,-0.1817
2560.25,16.57,-1.27
2560.5,15.08,-0.9400000000000002
2560.75,14.05,-1.7199999999999998
2561.0,10.89,-1.34
2561.25,8.93,-1.38
2561.5,7.939999999999999,-0.8240000000000001
2561.75,7.93,-0.0659999999999999
2562.0,6.89,-0.0939999999999999
2562.25,6.05,-0.5
2562.5,4.864,-0.81
2562.75,4.136,-0.3019999999999999
2563.0,3.813,-0.3299999999999999
2563.25,3.155,-0.8400000000000001
2563.5,3.3600000000000003,-0.79
2563.75,3.347,-0.8
2564.0,3.142,-0.6799999999999999
2564.25,2.529,-0.53
2564.5,1.766,-0.445
2564.75,1.669,-0.49
2565.0,1.71,-0.453
2565.25,1.5750000000000002,-0.47
2565.5,1.711,-0.367
2565.75,1.552,-0.47
2566.0,1.632,-0.414
2566.25,1.553,-0.47
2566.5,1.5779999999999998,-0.44
2566.75,1.549,-0.47
2567.0,1.604,-0.427
2567.25,1.6030000000000002,-0.41
2567.5,1.681,-0.352
2567.75,1.528,-0.47
2568.0,1.628,-0.404
2568.25,1.533,-0.47
2568.5,1.609,-0.42
2568.75,1.539,-0.47
2569.0,1.58,-0.42
2569.25,1.585,-0.43
2569.5,1.608,-0.416
2569.75,1.525,-0.48
2570.0,1.599,-0.431
2570.25,1.545,-0.48
2570.5,1.587,-0.437
2570.75,1.585,-0.4499999999999999
2571.0,1.707,-0.372
2571.25,1.565,-0.4599999999999999
2571.5,1.613,-0.44
2571.75,1.58,-0.48
2572.0,1.634,-0.41
2572.25,1.675,-0.376
2572.5,1.67,-0.376
2572.75,1.706,-0.353
2573.0,1.675,-0.345
2573.25,1.654,-0.3211
2573.5,1.6629999999999998,-0.3203
2573.75,1.6749999999999998,-0.3014
2574.0,1.576,-0.458
2574.25,1.6350000000000002,-0.423
2574.5,1.581,-0.45
2574.75,1.654,-0.4
2575.0,1.533,-0.49
2575.25,1.605,-0.433
2575.5,1.546,-0.49
2575.75,1.6749999999999998,-0.486
2576.0,1.59,-0.421
2576.25,1.693,-0.3349999999999999
2576.5,1.572,-0.45
2576.75,1.598,-0.43
2577.0,1.519,-0.49
2577.25,1.5790000000000002,-0.45
2577.5,1.557,-0.4599999999999999
2577.75,1.644,-0.381
2578.0,1.779,-0.3071
2578.25,1.6960000000000002,-0.355
2578.5,1.574,-0.477
2578.75,1.515,-0.53
2579.0,1.596,-0.458
2579.25,1.52,-0.51
2579.5,1.602,-0.45
2579.75,1.519,-0.5
2580.0,1.632,-0.406
2580.25,1.535,-0.48
2580.5,1.548,-0.48
2580.75,1.557,-0.4599999999999999
2581.0,1.539,-0.48
2581.25,1.568,-0.457
2581.5,1.5590000000000002,-0.4599999999999999
2581.75,1.5990000000000002,-0.41
2582.0,1.549,-0.4599999999999999
2582.25,1.702,-0.2891
2582.5,1.603,-0.359
2582.75,1.709,-0.2833
2583.0,1.718,-0.2561
2583.25,1.6750000000000005,-0.352
2583.5,1.7040000000000002,-0.3309999999999999
2583.75,1.582,-0.418
2584.0,1.558,-0.4519999999999999
2584.25,1.513,-0.5
2584.5,1.5510000000000002,-0.45
2584.75,1.488,-0.51
2585.0,1.62,-0.419
2585.25,1.543,-0.47
2585.5,1.613,-0.412
2585.75,1.594,-0.47
2586.0,1.577,-0.446
2586.25,1.654,-0.335
2586.5,1.536,-0.429
2586.75,1.614,-0.399
2587.0,1.578,-0.416
2587.25,1.573,-0.43
2587.5,1.505,-0.49
2587.75,1.601,-0.43
2588.0,1.5699999999999998,-0.44
2588.25,1.681,-0.359
2588.5,1.769,-0.3114
2588.75,1.66,-0.352
2589.0,1.674,-0.377
2589.25,1.594,-0.445
2589.5,1.622,-0.425
2589.75,1.5510000000000002,-0.47
2590.0,1.585,-0.43
2590.25,1.594,-0.42
2590.5,1.6509999999999998,-0.39
2590.75,1.665,-0.358
2591.0,1.676,-0.311
2591.25,1.762,-0.2627
2591.5,1.661,-0.3244
2591.75,1.71,-0.329
2592.0,1.625,-0.42
2592.25,1.653,-0.38
2592.5,1.5710000000000002,-0.44
2592.75,1.601,-0.421
2593.0,1.536,-0.46
2593.25,1.563,-0.45
2593.5,1.614,-0.401
2593.75,1.6749999999999998,-0.36
2594.0,1.7970000000000002,-0.2661
2594.25,1.647,-0.39
2594.5,1.644,-0.406
2594.75,1.565,-0.47
2595.0,1.603,-0.435
2595.25,1.56,-0.47
2595.5,1.67,-0.372
2595.75,1.57,-0.44
2596.0,1.606,-0.428
2596.25,1.5739999999999998,-0.47
2596.5,1.6,-0.434
2596.75,1.569,-0.47
2597.0,1.624,-0.425
2597.25,1.576,-0.44
2597.5,1.668,-0.367
2597.75,1.513,-0.49
2598.0,1.5830000000000002,-0.452
2598.25,1.55,-0.47
2598.5,1.552,-0.45
2598.75,1.5379999999999998,-0.48
2599.0,1.622,-0.405
2599.25,1.614,-0.386
2599.5,1.666,-0.368
2599.75,1.705,-0.354
2600.0,1.719,-0.26067
2600.25,1.681,-0.298
2600.5,1.641,-0.3333
2600.75,1.71,-0.2603
2601.0,1.63,-0.371
2601.25,1.56,-0.4569999999999999
2601.5,1.523,-0.47
2601.75,1.598,-0.42
2602.0,1.503,-0.48
2602.25,1.591,-0.426
2602.5,1.5750000000000002,-0.419
2602.75,1.627,-0.38
2603.0,1.545,-0.47
2603.25,1.621,-0.427
2603.5,1.519,-0.47
2603.75,1.625,-0.407
2604.0,1.542,-0.47
2604.25,1.661,-0.38
2604.5,1.586,-0.42
2604.75,1.5950000000000002,-0.421
2605.0,1.549,-0.46
2605.25,1.629,-0.399
2605.5,1.6,-0.392
2605.75,1.722,-0.31103
2606.0,1.7020000000000002,-0.316
2606.25,1.757,-0.316
2606.5,1.577,-0.45
2606.75,1.64,-0.402
2607.0,1.534,-0.47
2607.25,1.63,-0.397
2607.5,1.549,-0.449
2607.75,1.657,-0.368
2608.0,1.573,-0.43
2608.25,1.602,-0.414
2608.5,1.507,-0.48
2608.75,1.597,-0.409
2609.0,1.508,-0.47
2609.25,1.5739999999999998,-0.42
2609.5,1.599,-0.44
2609.75,1.618,-0.399
2610.0,1.537,-0.425
2610.25,1.673,-0.2847
2610.5,1.6999999999999995,-0.2917
2610.75,1.63,-0.3176
2611.0,1.6869999999999998,-0.2976
2611.25,1.612,-0.39
2611.5,1.6590000000000005,-0.3349999999999999
2611.75,1.665,-0.348
2612.0,1.7240000000000002,-0.31367
2612.25,1.59,-0.408
2612.5,1.628,-0.4
2612.75,1.573,-0.43
2613.0,1.652,-0.344
2613.25,1.578,-0.43
2613.5,1.624,-0.392
2613.75,1.598,-0.5
2614.0,1.666,-0.38
2614.25,1.599,-0.379
2614.5,1.658,-0.351
2614.75,1.621,-0.374
2615.0,1.643,-0.382
2615.25,1.576,-0.45
2615.5,1.6700000000000002,-0.389
2615.75,1.582,-0.47
2616.0,1.652,-0.392
2616.25,1.5790000000000002,-0.426
2616.5,1.6310000000000002,-0.381
2616.75,1.556,-0.45
2617.0,1.609,-0.417
2617.25,1.515,-0.48
2617.5,1.632,-0.407
2617.75,1.586,-0.4599999999999999
2618.0,1.646,-0.392
2618.25,1.621,-0.4
2618.5,1.7230000000000003,-0.30963
2618.75,1.6629999999999998,-0.364
2619.0,1.733,-0.3167
2619.25,1.5790000000000002,-0.43
2619.5,1.648,-0.396
2619.75,1.586,-0.427
2620.0,1.645,-0.368
2620.25,1.597,-0.42
2620.5,1.6150000000000002,-0.402
2620.75,1.53,-0.47
2621.0,1.62,-0.409
2621.25,1.552,-0.4599999999999999
2621.5,1.596,-0.42
2621.75,1.6270000000000002,-0.389
2622.0,1.673,-0.383
2622.25,1.571,-0.47
2622.5,1.65,-0.394
2622.75,1.548,-0.45
2623.0,1.6070000000000002,-0.417
2623.25,1.53,-0.48
2623.5,1.739,-0.2428
2623.75,1.6869999999999998,-0.2745
2624.0,1.709,-0.272
2624.25,1.615,-0.3338
2624.5,1.612,-0.409
2624.75,1.539,-0.468
2625.0,1.576,-0.435
2625.25,1.552,-0.46
2625.5,1.624,-0.416
2625.75,1.52,-0.5
2626.0,1.7029999999999998,-0.3371
2626.25,1.6230000000000002,-0.394
2626.5,1.681,-0.3597
2626.75,1.617,-0.417
2627.0,1.591,-0.424
2627.25,1.5950000000000002,-0.43
2627.5,1.643,-0.391
2627.75,1.513,-0.5
2628.0,1.622,-0.429
2628.25,1.532,-0.49
2628.5,1.5950000000000002,-0.453
2628.75,1.539,-0.47
2629.0,1.634,-0.397
2629.25,1.577,-0.45
2629.5,1.625,-0.421
2629.75,1.52,-0.51
2630.0,1.63,-0.408
2630.25,1.535,-0.5
2630.5,1.606,-0.427
2630.75,1.589,-0.43
2631.0,1.629,-0.426
2631.25,1.529,-0.48
2631.5,1.621,-0.44
2631.75,1.541,-0.48
2632.0,1.568,-0.45
2632.25,1.514,-0.48
2632.5,1.626,-0.393
2632.75,1.564,-0.47
2633.0,1.6709999999999998,-0.387
2633.25,1.573,-0.434
2633.5,1.702,-0.3459
2633.75,1.594,-0.428
2634.0,1.592,-0.425
2634.25,1.57,-0.45
2634.5,1.634,-0.408
2634.75,1.55,-0.5
2635.0,1.561,-0.4599999999999999
2635.25,1.572,-0.446
2635.5,1.51,-0.5
2635.75,1.6509999999999998,-0.379
2636.0,1.644,-0.308
2636.25,1.735,-0.2329
2636.5,1.617,-0.3372
2636.75,1.6469999999999998,-0.3063
2637.0,1.528,-0.48
2637.25,1.601,-0.416
2637.5,1.515,-0.49
2637.75,1.635,-0.392
2638.0,1.625,-0.4
2638.25,1.561,-0.44
2638.5,1.6270000000000002,-0.426
2638.75,1.513,-0.48
2639.0,1.59,-0.421
2639.25,1.542,-0.4499999999999999
2639.5,1.601,-0.41
2639.75,1.578,-0.42
2640.0,1.619,-0.42
2640.25,1.534,-0.48
2640.5,1.622,-0.409
2640.75,1.595,-0.4599999999999999
2641.0,1.702,-0.345
2641.25,1.737,-0.369
2641.5,1.7159999999999995,-0.279
2641.75,1.7240000000000002,-0.276
2642.0,1.604,-0.379
2642.25,1.576,-0.43
2642.5,1.566,-0.434
2642.75,1.592,-0.419
2643.0,1.558,-0.44
2643.25,1.662,-0.356
2643.5,1.546,-0.459
2643.75,1.634,-0.4
2644.0,1.562,-0.446
2644.25,1.5990000000000002,-0.413
2644.5,1.562,-0.436
2644.75,1.625,-0.394
2645.0,1.6070000000000002,-0.399
2645.25,1.633,-0.376
2645.5,1.601,-0.44
2645.75,1.5870000000000002,-0.42
2646.0,1.604,-0.43
2646.25,1.55,-0.47
2646.5,1.642,-0.397
2646.75,1.601,-0.42
2647.0,1.648,-0.37
2647.25,1.575,-0.4599999999999999
2647.5,1.618,-0.416
2647.75,1.572,-0.448
2648.0,1.606,-0.42
2648.25,1.561,-0.46
2648.5,1.649,-0.391
2648.75,1.565,-0.43
2649.0,1.633,-0.387
2649.25,1.5630000000000002,-0.44
2649.5,1.689,-0.3248
2649.75,1.642,-0.364
2650.0,1.673,-0.334
2650.25,1.596,-0.406
2650.5,1.6900000000000002,-0.349
2650.75,1.543,-0.44
2651.0,1.664,-0.3349999999999999
2651.25,1.634,-0.3204
2651.5,1.727,-0.2579
2651.75,1.6989999999999998,-0.3107
2652.0,1.685,-0.3177
2652.25,1.646,-0.39
2652.5,1.6390000000000002,-0.378
2652.75,1.5470000000000002,-0.449
2653.0,1.631,-0.391
2653.25,1.57,-0.45
2653.5,1.646,-0.417
2653.75,1.61,-0.43
2654.0,1.648,-0.4
2654.25,1.65,-0.38
2654.5,1.564,-0.448
2654.75,1.606,-0.412
2655.0,1.568,-0.45
2655.25,1.638,-0.408
2655.5,1.556,-0.46
2655.75,1.665,-0.374
2656.0,1.593,-0.43
2656.25,1.612,-0.422
2656.5,1.498,-0.48
2656.75,1.577,-0.433
2657.0,1.556,-0.442
2657.25,1.654,-0.3440999999999999
2657.5,1.636,-0.373
2657.75,1.694,-0.313
2658.0,1.496,-0.47
2658.25,1.564,-0.431
2658.5,1.484,-0.48
2658.75,1.605,-0.407
2659.0,1.545,-0.4499999999999999
2659.25,1.65,-0.362
2659.5,1.598,-0.39
2659.75,1.5750000000000002,-0.43
2660.0,1.558,-0.45
2660.25,1.563,-0.43
2660.5,1.549,-0.44
2660.75,1.5619999999999998,-0.43
2661.0,1.634,-0.394
2661.25,1.5910000000000002,-0.41
2661.5,1.738,-0.349
2661.75,1.537,-0.4599999999999999
2662.0,1.639,-0.394
2662.25,1.549,-0.44
2662.5,1.59,-0.416
2662.75,1.592,-0.41
2663.0,1.678,-0.348
2663.25,1.52,-0.48
2663.5,1.729,-0.2748
2663.75,1.619,-0.3343
2664.0,1.6720000000000002,-0.323
2664.25,1.6150000000000002,-0.3537
2664.5,1.5870000000000002,-0.422
2664.75,1.554,-0.45
2665.0,1.649,-0.374
2665.25,1.587,-0.421
2665.5,1.679,-0.378
2665.75,1.5579999999999998,-0.4459999999999999
2666.0,1.584,-0.4569999999999999
2666.25,1.602,-0.47
2666.5,1.5950000000000002,-0.41
2666.75,1.576,-0.4399999999999999
2667.0,1.519,-0.47
2667.25,1.528,-0.5
2667.5,1.517,-0.48
2667.75,1.5219999999999998,-0.48
2668.0,1.492,-0.51
2668.25,1.5830000000000002,-0.44
2668.5,1.543,-0.46
2668.75,1.5619999999999998,-0.458
2669.0,1.464,-0.51
2669.25,1.638,-0.4679999999999999
2669.5,1.503,-0.51
2669.75,1.602,-0.371
2670.0,1.5550000000000002,-0.428
2670.25,1.594,-0.393
2670.5,1.486,-0.48
2670.75,2.165,-0.473
2671.0,2.347,-0.6699999999999999
2671.25,4.23,-0.659
2671.5,7.43,0.4739
2671.75,6.25,-0.92
2672.0,7.460000000000001,-0.657
2672.25,9.68,-0.95
2672.5,14.82,-0.631
2672.75,14.84,-2.03
2673.0,15.17,-1.78
2673.25,16.46,-0.916
2673.5,17.169999999999998,-1.04
2673.75,17.44,-0.8959999999999999
2674.0,15.670000000000002,-2.39
2674.25,16.85,-0.7090000000000001
2674.5,16.869999999999997,-1.38
2674.75,19.3,-1.21207
2675.0,18.78,-1.7999999999999998
2675.25,18.87,-1.63
2675.5,19.950000000000003,-0.0299999999999999
2675.75,16.41,-1.9
2676.0,14.74,-1.47
2676.25,14.72,-0.939
2676.5,14.09,-1.52
2676.75,18.72,0.7229999999999999
2677.0,17.490000000000002,0.6789999999999999
2677.25,18.57,0.2230000000000001
2677.5,21.29,-0.82
2677.75,23.03,0.2214
2678.0,23.73,0.672
2678.25,22.840000000000003,-0.4780000000000001
2678.5,23.82,-0.195
2678.75,25.370000000000005,-0.4760000000000001
2679.0,27.94,0.603
2679.25,26.9,0.2829999999999999
2679.5,28.47,1.117
2679.75,29.33,0.1649999999999999
2680.0,27.93,0.4349999999999999
2680.25,24.3,-0.5565
2680.5,22.06,-0.1502
2680.75,17.82,-0.9246
2681.0,12.83,-0.802
2681.25,9.72,-0.6819999999999999
2681.5,9.56,-0.8329
2681.75,7.870000000000001,-0.6543000000000001
2682.0,7.24,-0.412
2682.25,5.84,-0.694
2682.5,5.711,-0.5664
2682.75,5.243,-0.732
2683.0,4.985,-0.262
2683.25,5.574,0.0519999999999999
2683.5,6.033,0.056
2683.75,4.609999999999999,-0.992
2684.0,5.45,-0.5361
2684.25,4.035,-0.6900000000000001
2684.5,3.959,-0.656
2684.75,3.786,-0.595
2685.0,3.5700000000000003,-0.6
2685.25,3.296,-0.562
2685.5,2.947,-0.4559999999999999
2685.75,2.87,-0.507
2686.0,2.858,-0.4559999999999999
2686.25,1.72,-0.481
2686.5,1.779,-0.367
2686.75,1.729,-0.411
2687.0,1.742,-0.428
2687.25,1.707,-0.469
2687.5,1.781,-0.424
2687.75,1.7,-0.455
2688.0,1.771,-0.423
2688.25,1.706,-0.4579999999999999
2688.5,1.766,-0.376
2688.75,1.648,-0.489
2689.0,1.699,-0.461
2689.25,1.641,-0.486
2689.5,1.735,-0.4369999999999999
2689.75,1.644,-0.49
2690.0,1.735,-0.427
2690.25,1.706,-0.4509999999999999
2690.5,1.6840000000000002,-0.443
2690.75,1.67,-0.463
2691.0,1.697,-0.456
2691.25,1.632,-0.499
2691.5,1.7559999999999998,-0.4649999999999999
2691.75,1.601,-0.51
2692.0,1.737,-0.413
2692.25,1.636,-0.51
2692.5,1.673,-0.494
2692.75,1.629,-0.532
2693.0,1.662,-0.487
2693.25,1.637,-0.516
2693.5,1.766,-0.412
2693.75,1.723,-0.433
2694.0,1.818,-0.3651999999999999
2694.25,1.617,-0.494
2694.5,1.674,-0.488
2694.75,2.155,-0.56
2695.0,2.592,-0.672
2695.25,3.0,-0.67
2695.5,3.64,-0.88
2695.75,7.04,0.4096
2696.0,5.66,-1.19
2696.25,11.02,-0.74
2696.5,13.0,-1.09
2696.75,14.11,-2.38
2697.0,16.66,-0.208
2697.25,16.3,-1.118
2697.5,15.16,-1.2154
2697.75,13.99,-1.54
2698.0,13.48,-0.6032000000000001
2698.25,15.54,0.6469
2698.5,15.92,-0.97
2698.75,14.330000000000002,-1.65
2699.0,14.28,-1.334
2699.25,14.32,-1.495
2699.5,13.84,-1.7
2699.75,12.33,-0.95
2700.0,12.58,-0.177
2700.25,12.03,-0.9389
2700.5,11.55,-1.41
2700.75,13.9,-0.924
2701.0,16.39,0.06
2701.25,17.27,0.9360000000000002
2701.5,20.79,0.52
2701.75,22.79,-0.02
2702.0,23.6,1.097
2702.25,22.08,-0.246
2702.5,23.880000000000003,0.196
2702.75,22.3,-0.282
2703.0,21.28,0.4583
2703.25,19.41,0.3129999999999999
2703.5,20.5,-0.902
2703.75,23.93,-0.512
2704.0,22.16,-0.598
2704.25,20.75,-0.461
2704.5,20.2,-1.008
2704.75,19.27,-1.083
2705.0,15.18,-0.258
2705.25,13.19,0.5399999999999999
2705.5,10.1,0.3392
2705.75,7.095000000000001,-0.4679999999999999
2706.0,6.065,-0.6629
2706.25,6.519,-0.1160000000000001
2706.5,5.556,-0.94
2706.75,5.62,-0.88
2707.0,5.837,-0.6926100000000001
2707.25,6.382,-0.1159999999999999
2707.5,5.756,-0.89
2707.75,5.67,-0.92
2708.0,5.663,-0.0849999999999999
2708.25,4.238,0.303
2708.5,3.33,-0.5777
2708.75,3.375,-0.5349999999999999
2709.0,3.4929999999999994,-0.226
2709.25,2.529,-0.506
2709.5,2.514,-0.4993
2709.75,2.516,-0.472
2710.0,2.118,-0.4722
2710.25,1.77,-0.2946999999999999
2710.5,1.748,-0.2774
2710.75,1.718,-0.265
2711.0,1.6030000000000002,-0.308
2711.25,1.597,-0.3574
2711.5,1.637,-0.3055
2711.75,1.665,-0.2845
2712.0,1.645,-0.3041
2712.25,1.694,-0.2715
2712.5,1.676,-0.2707
2712.75,1.658,-0.29
2713.0,1.62,-0.3235
2713.25,1.645,-0.3004
2713.5,1.644,-0.3117
2713.75,1.6180000000000003,-0.3362
2714.0,1.713,-0.2382
2714.25,1.6350000000000002,-0.3023
2714.5,1.847,-0.1904199999999999
2714.75,1.782,-0.2624
2715.0,1.808,-0.2345
2715.25,1.651,-0.3329
2715.5,1.649,-0.2932
2715.75,1.621,-0.3019
2716.0,1.759,-0.2153
2716.25,1.614,-0.3167
2716.5,1.69,-0.2781
2716.75,1.568,-0.3769
2717.0,1.671,-0.2695
2717.25,1.593,-0.3321
2717.5,1.616,-0.3086
2717.75,1.645,-0.2793
2718.0,1.668,-0.2738
2718.25,1.568,-0.3731
2718.5,1.694,-0.2827
2718.75,3.1700000000000004,0.1603
2719.0,3.456,-0.0928999999999999
2719.25,3.401,-0.6739999999999999
2719.5,7.62,1.4130000000000005
2719.75,8.16,0.6519999999999999
2720.0,8.879999999999999,-0.001
2720.25,13.63,0.196
2720.5,14.8,-0.5717000000000001
2720.75,14.78,-1.24
2721.0,16.45,-0.7789999999999999
2721.25,15.98,-0.96385
2721.5,16.21,-1.74
2721.75,16.38,-1.39
2722.0,17.020000000000003,-0.737
2722.25,15.7,-0.8099999999999999
2722.5,15.89,-1.42
2722.75,17.05,-1.31
2723.0,16.65,-1.74
2723.25,18.39,-0.2247
2723.5,16.34,-1.31
2723.75,13.96,-1.261
2724.0,13.470000000000002,-0.9807
2724.25,14.25,-1.62
2724.5,14.88,0.442
2724.75,14.82,0.519
2725.0,14.48,-1.14
2725.25,15.9,-0.5296
2725.5,16.47,-1.458
2725.75,20.5,0.0699999999999999
2726.0,19.5,-0.673
2726.25,18.1,-1.241
2726.5,18.51,-0.375
2726.75,18.19,-0.1099999999999998
2727.0,17.66,-0.876
2727.25,19.76,-0.279
2727.5,23.22,-0.25823
2727.75,24.3,0.788
2728.0,21.39,-0.179
2728.25,22.79,0.4063
2728.5,21.79,0.1442
2728.75,18.8,-0.097
2729.0,15.71,0.1069999999999999
2729.25,14.33,-0.0669999999999999
2729.5,12.93,-0.447
2729.75,10.95,0.2699999999999999
2730.0,9.12,0.4800000000000001
2730.25,7.842,-0.261
2730.5,6.922000000000001,-0.548
2730.75,7.81,0.1620000000000001
2731.0,7.667,0.205
2731.25,6.316,-0.6513
2731.5,6.4,-0.5309999999999999
2731.75,6.9350000000000005,0.075
2732.0,6.83,0.4685500000000001
2732.25,4.578,-0.152
2732.5,4.34,-0.3632
2732.75,5.152,0.53
2733.0,4.3740000000000006,0.091
2733.25,3.1790000000000003,-0.6
2733.5,3.268,-0.55
2733.75,2.012,-0.54
2734.0,1.946,-0.43
2734.25,1.542,-0.39
2734.5,1.613,-0.3399999999999999
2734.75,1.5470000000000002,-0.38
2735.0,1.521,-0.415
2735.25,1.5830000000000002,-0.37
2735.5,1.532,-0.42
2735.75,1.569,-0.37
2736.0,1.556,-0.378
2736.25,1.622,-0.31
2736.5,1.529,-0.397
2736.75,1.596,-0.351
2737.0,1.485,-0.417
2737.25,1.6,-0.347
2737.5,1.498,-0.42
2737.75,1.5420000000000005,-0.38
2738.0,1.587,-0.37
2738.25,1.521,-0.4
2738.5,1.596,-0.38
2738.75,1.489,-0.43
2739.0,1.503,-0.41
2739.25,1.503,-0.44
2739.5,1.542,-0.39
2739.75,1.554,-0.38
2740.0,1.614,-0.34
2740.25,1.476,-0.45
2740.5,1.5700000000000005,-0.373
2740.75,1.459,-0.4599999999999999
2741.0,1.531,-0.4
2741.25,1.585,-0.356
2741.5,1.591,-0.3309999999999999
2741.75,1.717,-0.259
2742.0,1.5179999999999998,-0.41
2742.25,1.537,-0.39
2742.5,1.457,-0.46
2742.75,2.36,-0.007
2743.0,2.312,-0.66
2743.25,3.247,-0.1832
2743.5,6.180000000000001,1.4677
2743.75,8.1,0.694
2744.0,9.07,0.5189999999999999
2744.25,12.32,-0.025
2744.5,13.82,-1.1485
2744.75,14.63,-1.134
2745.0,15.73,-0.049
2745.25,15.82,-0.804
2745.5,15.88,-0.618
2745.75,14.96,-1.3358
2746.0,16.720000000000002,-0.7909999999999999
2746.25,15.25,-1.17
2746.5,13.94,-1.56
2746.75,14.11,-1.0755
2747.0,15.32,-0.412
2747.25,13.6,-1.16
2747.5,13.760000000000002,-1.2
2747.75,11.09,-1.52
2748.0,10.8,-1.33
2748.25,11.16,-0.3809999999999999
2748.5,11.83,-1.24
2748.75,11.33,-0.91
2749.0,12.73,-0.194
2749.25,11.79,-0.2499999999999999
2749.5,11.9,-1.44
2749.75,12.7,-1.5
2750.0,13.86,-1.51
2750.25,15.64,-0.571
2750.5,14.4,-1.1883
2750.75,14.62,-1.37
2751.0,14.12,-1.1979
2751.25,13.13,-0.577
2751.5,13.5,-0.523
2751.75,12.88,-1.44
2752.0,12.33,-1.52
2752.25,12.89,-0.8340000000000001
2752.5,12.52,-0.628
2752.75,11.36,-1.34
2753.0,8.66,-1.13
2753.25,8.34,-0.6199999999999999
2753.5,7.390000000000001,-0.0339999999999999
2753.75,5.85,-0.748
2754.0,5.66,-1.26
2754.25,5.49,-1.29
2754.5,5.62,-1.15
2754.75,4.640000000000001,-1.08
2755.0,4.26,-0.93
2755.25,3.97,-0.97
2755.5,3.97,-0.93
2755.75,3.798,-0.92
2756.0,3.808,-0.83
2756.25,2.454,-0.66
2756.5,2.567,-0.6799999999999999
2756.75,2.365,-0.73
2757.0,2.003,-0.56
2757.25,2.021,-0.61
2757.5,1.913,-0.5700000000000001
2757.75,2.013,-0.5
2758.0,1.734,-0.455
2758.25,1.6989999999999998,-0.23333
2758.5,1.5100000000000002,-0.41
2758.75,1.5779999999999998,-0.358
2759.0,1.505,-0.41
2759.25,1.5629999999999995,-0.362
2759.5,1.515,-0.41
2759.75,1.541,-0.4
2760.0,1.392,-0.51
2760.25,1.487,-0.45
2760.5,1.431,-0.51
2760.75,1.468,-0.49
2761.0,1.4489999999999998,-0.48
2761.25,1.438,-0.49
2761.5,1.52,-0.42
2761.75,1.4489999999999998,-0.48
2762.0,1.4580000000000002,-0.4599999999999999
2762.25,1.42,-0.5
2762.5,1.4740000000000002,-0.4600000000000001
2762.75,1.443,-0.4589999999999999
2763.0,1.6,-0.3067
2763.25,1.461,-0.45
2763.5,1.532,-0.43
2763.75,1.414,-0.51
2764.0,1.4780000000000002,-0.45
2764.25,1.429,-0.5
2764.5,1.4460000000000002,-0.47
2764.75,1.4489999999999998,-0.48
2765.0,1.481,-0.46
2765.25,1.499,-0.42
2765.5,1.4340000000000002,-0.48
2765.75,1.491,-0.44
2766.0,1.495,-0.41
2766.25,1.5779999999999998,-0.366
2766.5,1.4939999999999998,-0.43
2766.75,1.5550000000000002,-0.41
2767.0,1.444,-0.47
2767.25,1.488,-0.44
2767.5,1.4089999999999998,-0.51
2767.75,1.432,-0.5
2768.0,1.5710000000000002,-0.31
2768.25,1.4529999999999998,-0.451
2768.5,1.4899999999999998,-0.44
2768.75,1.49,-0.44
2769.0,1.533,-0.4
2769.25,1.436,-0.49
2769.5,1.7160000000000002,-0.4599999999999999
2769.75,1.685,-0.53
2770.0,1.787,-0.45
2770.25,1.737,-0.54
2770.5,1.874,-0.44
2770.75,1.858,-0.394
2771.0,1.856,-0.3821
2771.25,1.762,-0.49
2771.5,1.6599999999999997,-0.54
2771.75,1.857,-0.376
2772.0,1.778,-0.44
2772.25,1.869,-0.356
2772.5,1.85,-0.38
2772.75,1.605,-0.312
2773.0,1.512,-0.45
2773.25,1.507,-0.42
2773.5,1.399,-0.5
2773.75,1.535,-0.41
2774.0,1.4489999999999998,-0.5
2774.25,1.557,-0.43
2774.5,1.521,-0.4599999999999999
2774.75,1.4449999999999998,-0.51
2775.0,1.516,-0.387
2775.25,1.56,-0.3664
2775.5,1.444,-0.44
2775.75,1.392,-0.49
2776.0,1.517,-0.38
2776.25,1.419,-0.47
2776.5,1.476,-0.44
2776.75,1.365,-0.51
2777.0,1.463,-0.45
2777.25,1.4049999999999998,-0.49
2777.5,1.926,-0.09063
2777.75,1.435,-0.45
2778.0,1.505,-0.4
2778.25,1.362,-0.5
2778.5,1.517,-0.39
2778.75,1.549,-0.355
2779.0,1.519,-0.39
2779.25,1.719,-0.2139
2779.5,1.611,-0.296
2779.75,1.626,-0.297
2780.0,1.503,-0.41
2780.25,1.4740000000000002,-0.44
2780.5,1.426,-0.48
2780.75,1.525,-0.4
2781.0,1.4540000000000002,-0.55
2781.25,1.604,-0.3429999999999999
2781.5,1.533,-0.372
2781.75,1.497,-0.44
2782.0,1.482,-0.47
2782.25,1.479,-0.44
2782.5,1.468,-0.47
2782.75,1.501,-0.43
2783.0,1.473,-0.43
2783.25,1.592,-0.313
2783.5,1.555,-0.351
2783.75,1.431,-0.48
2784.0,1.484,-0.44
2784.25,1.4049999999999998,-0.5
2784.5,1.484,-0.43
2784.75,1.46,-0.47
2785.0,1.505,-0.4
2785.25,1.472,-0.4599999999999999
2785.5,1.502,-0.45
2785.75,1.4089999999999998,-0.49
2786.0,1.5,-0.43
2786.25,1.4,-0.5
2786.5,1.624,-0.323
2786.75,1.578,-0.36
2787.0,1.572,-0.354
2787.25,1.5299999999999998,-0.39
2787.5,1.65,-0.2577
2787.75,1.584,-0.3269999999999999
2788.0,1.483,-0.45
2788.25,1.4820000000000002,-0.44
2788.5,1.483,-0.43
2788.75,1.531,-0.4
2789.0,1.396,-0.52
2789.25,1.514,-0.42
2789.5,1.4249999999999998,-0.48
2789.75,1.479,-0.44
2790.0,1.431,-0.48
2790.25,1.5319999999999998,-0.4
2790.5,1.4409999999999998,-0.47
2790.75,1.498,-0.43
2791.0,1.396,-0.51
2791.25,1.497,-0.43
2791.5,1.448,-0.48
2791.75,1.469,-0.49
2792.0,1.607,-0.3059
2792.25,1.528,-0.377
2792.5,1.4489999999999998,-0.4599999999999999
2792.75,1.432,-0.48
2793.0,1.451,-0.47
2793.25,1.4260000000000002,-0.49
2793.5,1.512,-0.42
2793.75,1.4,-0.5
2794.0,1.521,-0.4
2794.25,1.41,-0.5
2794.5,1.471,-0.45
2794.75,1.4579999999999995,-0.4600000000000001
2795.0,1.5339999999999998,-0.381
2795.25,1.483,-0.43
2795.5,1.532,-0.406
2795.75,1.528,-0.38
2796.0,1.5579999999999998,-0.37
2796.25,1.5490000000000002,-0.338
2796.5,1.461,-0.421
2796.75,1.4579999999999995,-0.4600000000000001
2797.0,1.368,-0.52
2797.25,1.4699999999999998,-0.4600000000000001
2797.5,1.407,-0.5
2797.75,1.495,-0.42
2798.0,1.431,-0.49
2798.25,1.461,-0.45
2798.5,1.3729999999999998,-0.53
2798.75,1.473,-0.44
2799.0,1.357,-0.53
2799.25,1.494,-0.44
2799.5,1.46,-0.43
2799.75,1.442,-0.46
2800.0,1.4249999999999998,-0.48
2800.25,1.4220000000000002,-0.4669999999999999
2800.5,1.5589999999999995,-0.3085
2800.75,1.421,-0.48
2801.0,1.447,-0.4700000000000001
2801.25,1.454,-0.45
2801.5,1.494,-0.43
2801.75,1.3769999999999998,-0.51
2802.0,1.501,-0.45
2802.25,1.3809999999999998,-0.51
2802.5,1.4509999999999998,-0.45
2802.75,1.405,-0.51
2803.0,1.537,-0.38
2803.25,1.539,-0.38
2803.5,1.5299999999999998,-0.387
2803.75,1.476,-0.43
2804.0,1.5219999999999998,-0.394
2804.25,1.545,-0.399
2804.5,1.4449999999999998,-0.437
2804.75,1.61,-0.2838
2805.0,1.417,-0.47
2805.25,1.473,-0.45
2805.5,1.378,-0.52
2805.75,1.453,-0.45
2806.0,1.4089999999999998,-0.51
2806.25,1.4620000000000002,-0.45
2806.5,1.412,-0.5
2806.75,1.52,-0.4
2807.0,1.4249999999999998,-0.4599999999999999
2807.25,1.443,-0.4600000000000001
2807.5,1.4329999999999998,-0.47
2807.75,1.408,-0.5
2808.0,1.483,-0.45
2808.25,1.3889999999999998,-0.51
2808.5,1.52,-0.41
2808.75,1.878,-0.03887
2809.0,1.499,-0.44
2809.25,1.4740000000000002,-0.396
2809.5,1.581,-0.285
2809.75,1.432,-0.455
2810.0,1.404,-0.52
2810.25,1.477,-0.5
2810.5,1.532,-0.49
2810.75,1.53,-0.47
2811.0,1.459,-0.54
2811.25,1.535,-0.4700000000000001
2811.5,1.4420000000000002,-0.54
2811.75,1.544,-0.4600000000000001
2812.0,1.436,-0.55
2812.25,1.595,-0.44
2812.5,1.57,-0.42
2812.75,1.541,-0.44
2813.0,1.6069999999999998,-0.408
2813.25,1.544,-0.44
2813.5,1.5550000000000002,-0.45
2813.75,1.452,-0.55
2814.0,1.507,-0.49
2814.25,1.513,-0.48
2814.5,1.469,-0.51
2814.75,2.503,-0.1679999999999999
2815.0,2.9430000000000005,-0.299
2815.25,4.03,-0.51
2815.5,6.130000000000001,-0.8300000000000001
2815.75,6.52,-1.31
2816.0,8.11,0.407
2816.25,10.5,-0.516
2816.5,12.93,0.1149999999999999
2816.75,11.15,-1.98
2817.0,12.48,-0.884
2817.25,13.66,-0.6890000000000001
2817.5,15.6,-0.828
2817.75,15.11,-1.69
2818.0,15.51,-1.048
2818.25,14.67,-0.919
2818.5,16.87,0.569
2818.75,14.3,-1.77
2819.0,14.72,-1.91
2819.25,17.13,-0.562
2819.5,17.03,-0.796
2819.75,15.4,-1.48
2820.0,14.71,-1.55
2820.25,15.82,0.255
2820.5,15.5,-0.336
2820.75,15.67,-0.7333000000000001
2821.0,15.5,-0.8720000000000001
2821.25,16.69,0.51
2821.5,17.64,0.0985
2821.75,17.71,-1.9
2822.0,19.44,-1.18
2822.25,21.46,-0.218
2822.5,20.32,-1.62
2822.75,20.13,-1.99
2823.0,20.0,-0.6839999999999999
2823.25,18.15,-0.591
2823.5,17.349999999999998,-0.58
2823.75,15.13,-2.1
2824.0,16.23,-0.754
2824.25,16.63,-0.5940000000000001
2824.5,14.91,-1.1
2824.75,13.18,-1.55
2825.0,11.44,-0.269
2825.25,9.13,-0.264
2825.5,7.449999999999999,-0.92
2825.75,7.17,-0.92
2826.0,7.02,-0.621
2826.25,6.74,-0.356
2826.5,5.92,-0.8800000000000001
2826.75,5.308999999999999,-0.8200000000000001
2827.0,5.175,-0.209
2827.25,6.021000000000001,-0.083
2827.5,5.2620000000000005,-0.92
2827.75,5.505,-0.85
2828.0,5.421,-0.2289999999999999
2828.25,4.584,0.491
2828.5,3.026,-0.4921
2828.75,2.713,-0.64
2829.0,2.183,-0.5800000000000001
2829.25,2.279,-0.5
2829.5,1.9370000000000005,-0.51
2829.75,1.927,-0.52
2830.0,1.636,-0.51
2830.25,1.6,-0.419
2830.5,1.502,-0.48
2830.75,1.554,-0.4509999999999999
2831.0,1.599,-0.429
2831.25,1.565,-0.403
2831.5,1.665,-0.38
2831.75,1.4959999999999998,-0.4649999999999999
2832.0,1.628,-0.408
2832.25,1.462,-0.491
2832.5,1.579,-0.438
2832.75,1.53,-0.4469999999999999
2833.0,1.543,-0.432
2833.25,1.617,-0.37
2833.5,1.511,-0.484
2833.75,1.6109999999999998,-0.42
2834.0,1.608,-0.3659
2834.25,1.631,-0.36533
2834.5,1.5439999999999998,-0.441
2834.75,1.5039999999999998,-0.477
2835.0,1.652,-0.3339999999999999
2835.25,1.662,-0.347
2835.5,1.6629999999999998,-0.349
2835.75,1.627,-0.393
2836.0,1.488,-0.479
2836.25,1.587,-0.451
2836.5,1.505,-0.485
2836.75,1.602,-0.407
2837.0,1.541,-0.43
2837.25,1.612,-0.423
2837.5,1.503,-0.478
2837.75,1.522,-0.472
2838.0,1.548,-0.449
2838.25,1.486,-0.482
2838.5,1.513,-0.48
2838.75,2.69,-0.1301
2839.0,2.806,-0.227
2839.25,4.98,0.225
2839.5,7.23,0.03353
2839.75,5.880000000000001,-1.23
2840.0,6.91,-1.09
2840.25,10.6,0.6143
2840.5,12.72,-1.89
2840.75,14.9,-2.09
2841.0,13.73,-1.99
2841.25,14.85,-0.59
2841.5,14.3,-1.59
2841.75,14.51,-2.26
2842.0,15.34,-0.95
2842.25,14.62,-1.65
2842.5,15.760000000000002,-2.92
2842.75,15.87,-2.45
2843.0,16.29,-2.3200000000000003
2843.25,15.81,-2.38
2843.5,15.39,-2.67
2843.75,14.599999999999998,-2.36
2844.0,14.330000000000002,-1.4300000000000002
2844.25,11.47,-1.74
2844.5,10.69,-1.39
2844.75,11.72,-1.21
2845.0,13.59,-0.64
2845.25,14.500000000000002,-0.6859999999999999
2845.5,17.76,-1.39
2845.75,17.82,-1.92
2846.0,17.79,-1.54
2846.25,17.97,-1.95
2846.5,18.38,-2.15
2846.75,18.24,-1.75
2847.0,18.59,-0.829
2847.25,19.97,-0.502
2847.5,24.5,0.5516
2847.75,23.17,-1.22
2848.0,22.74,-1.5699999999999998
2848.25,22.17,-0.815
2848.5,20.98,-0.293
2848.75,16.77,-1.7000000000000002
2849.0,14.92,-1.15
2849.25,10.77,-0.8054
2849.5,8.559999999999999,-0.948
2849.75,7.1,-1.44
2850.0,5.77,-1.29
2850.25,6.09,-0.475
2850.5,5.91,-0.3399999999999999
2850.75,5.02,-1.02
2851.0,4.8100000000000005,-1.06
2851.25,5.19,-0.495
2851.5,5.23,-0.3399999999999999
2851.75,3.941,-0.75
2852.0,3.776,-0.8300000000000001
2852.25,4.04,0.1981
2852.5,2.962,-0.5700000000000001
2852.75,2.411,-0.64
2853.0,2.222,-0.6200000000000001
2853.25,2.233,-0.5900000000000001
2853.5,2.131,-0.6100000000000001
2853.75,2.174,-0.5700000000000001
2854.0,1.934,-0.55
2854.25,1.6189999999999998,-0.372
2854.5,1.505,-0.487
2854.75,1.586,-0.443
2855.0,1.486,-0.487
2855.25,1.483,-0.502
2855.5,1.549,-0.45
2855.75,1.47,-0.516
2856.0,1.617,-0.377
2856.25,1.491,-0.479
2856.5,1.56,-0.436
2856.75,1.461,-0.519
2857.0,1.513,-0.477
2857.25,1.527,-0.47
2857.5,1.488,-0.501
2857.75,1.5789999999999995,-0.422
2858.0,1.512,-0.458
2858.25,1.646,-0.354
2858.5,1.543,-0.431
2858.75,1.604,-0.381
2859.0,1.592,-0.413
2859.25,1.507,-0.4669999999999999
2859.5,1.6829999999999998,-0.2982
2859.75,1.5019999999999998,-0.474
2860.0,1.613,-0.382
2860.25,1.482,-0.5
2860.5,1.492,-0.499
2860.75,1.548,-0.48
2861.0,1.436,-0.56
2861.25,1.544,-0.47
2861.5,1.436,-0.55
2861.75,1.571,-0.44
2862.0,1.512,-0.4599999999999999
2862.25,1.443,-0.54
2862.5,1.528,-0.47
2862.75,2.513,-0.1006
2863.0,2.512,-0.65
2863.25,4.42,0.2972999999999999
2863.5,4.3100000000000005,-1.1
2863.75,6.5,-1.05
2864.0,9.97,-0.556
2864.25,13.83,-0.885
2864.5,13.5,-2.3
2864.75,14.64,-2.39
2865.0,14.75,-2.42
2865.25,14.46,-2.34
2865.5,15.099999999999998,-2.25
2865.75,17.43,-1.2
2866.0,15.97,-0.95
2866.25,15.259999999999998,-1.09
2866.5,15.29,-1.87
2866.75,15.34,-2.06
2867.0,16.63,-1.37
2867.25,15.21,-1.88
2867.5,15.16,-1.2100000000000002
2867.75,13.61,-1.27
2868.0,13.33,-1.1
2868.25,12.54,-1.23
2868.5,12.36,-0.85
2868.75,11.43,-1.69
2869.0,13.19,0.125
2869.25,14.05,0.29
2869.5,16.66,0.0279999999999999
2869.75,16.87,-1.54
2870.0,16.5,-2.25
2870.25,15.96,-2.45
2870.5,16.87,-1.89
2870.75,16.19,-2.36
2871.0,14.77,-1.88
2871.25,14.64,-1.9
2871.5,13.86,-1.64
2871.75,12.489999999999998,-2.0700000000000003
2872.0,13.19,-1.082
2872.25,12.98,-1.157
2872.5,11.14,-1.4300000000000002
2872.75,10.32,-1.59
2873.0,8.74,-1.11
2873.25,7.96,-0.187
2873.5,6.58,-1.2
2873.75,5.37,-0.92
2874.0,4.390000000000001,-0.6799999999999999
2874.25,3.3870000000000005,-0.72
2874.5,5.67,0.53
2874.75,5.863,0.3239999999999999
2875.0,4.614999999999999,-0.174
2875.25,3.983,-0.5258
2875.5,6.16,-0.296
2875.75,6.3100000000000005,-0.082
2876.0,5.659999999999999,-0.218
2876.25,4.13,-0.63
2876.5,4.989,-0.0079999999999999
2876.75,5.086,0.279
2877.0,4.142,-0.59
2877.25,4.171,-0.59
2877.5,3.407,-0.62
2877.75,3.16,-0.77
2878.0,1.713,-0.48
2878.25,1.459,-0.5
2878.5,1.503,-0.45
2878.75,1.489,-0.47
2879.0,1.556,-0.3999999999999999
2879.25,1.507,-0.47
2879.5,1.481,-0.49
2879.75,1.511,-0.4499999999999999
2880.0,1.459,-0.5
2880.25,1.52,-0.45
2880.5,1.427,-0.51
2880.75,1.549,-0.43
2881.0,1.558,-0.374
2881.25,1.555,-0.36433
2881.5,1.5060000000000002,-0.4499999999999999
2881.75,1.4660000000000002,-0.5
2882.0,1.528,-0.44
2882.25,1.472,-0.5
2882.5,1.481,-0.48
2882.75,1.536,-0.43
2883.0,1.487,-0.49
2883.25,1.488,-0.48
2883.5,1.44,-0.53
2883.75,1.493,-0.48
2884.0,1.447,-0.54
2884.25,1.444,-0.53
2884.5,1.508,-0.48
2884.75,1.507,-0.48
2885.0,1.559,-0.42
2885.25,1.471,-0.51
2885.5,1.489,-0.5
2885.75,1.623,-0.364
2886.0,1.523,-0.43
2886.25,1.658,-0.363
2886.5,1.477,-0.49
2886.75,1.481,-0.48
2887.0,1.5579999999999998,-0.42
2887.25,1.448,-0.5
2887.5,1.532,-0.47
2887.75,1.4269999999999998,-0.53
2888.0,1.4619999999999995,-0.51
2888.25,1.521,-0.47
2888.5,1.487,-0.51
2888.75,1.571,-0.41
2889.0,1.4700000000000002,-0.5
2889.25,1.472,-0.5
2889.5,1.516,-0.47
2889.75,1.455,-0.52
2890.0,1.521,-0.4499999999999999
2890.25,1.476,-0.5
2890.5,1.46,-0.5
2890.75,2.015,-0.48
2891.0,1.575,-0.389
2891.25,2.514,-0.31
2891.5,2.162,-0.52
2891.75,2.361,-0.5509999999999999
2892.0,2.383,-0.542
2892.25,2.33,-0.558
2892.5,2.48,-0.4649999999999999
2892.75,2.387,-0.53
2893.0,2.443,-0.52
2893.25,2.412,-0.55
2893.5,2.4370000000000003,-0.51
2893.75,2.557,-0.437
2894.0,2.47,-0.51
2894.25,2.519,-0.51
2894.5,2.465,-0.54
2894.75,2.4530000000000003,-0.54
2895.0,2.458,-0.54
2895.25,2.384,-0.5800000000000001
2895.5,2.441,-0.54
2895.75,2.357,-0.5900000000000001
2896.0,2.431,-0.54
2896.25,2.403,-0.54
2896.5,2.405,-0.54
2896.75,2.379,-0.55
2897.0,2.313,-0.5900000000000001
2897.25,2.419,-0.499
2897.5,2.067,-0.405
2897.75,1.5299999999999998,-0.47
2898.0,1.839,-0.51
2898.25,2.332,-0.5599999999999999
2898.5,2.366,-0.54
2898.75,1.67,-0.5
2899.0,1.604,-0.429
2899.25,1.469,-0.49
2899.5,1.523,-0.48
2899.75,1.492,-0.51
2900.0,1.5889999999999995,-0.41
2900.25,1.678,-0.323
2900.5,1.5789999999999995,-0.43
2900.75,1.67,-0.369
2901.0,1.4620000000000002,-0.48
2901.25,1.487,-0.49
2901.5,1.491,-0.48
2901.75,1.509,-0.47
2902.0,1.5699999999999998,-0.3999999999999999
2902.25,1.456,-0.52
2902.5,1.5059999999999998,-0.4700000000000001
2902.75,1.4460000000000002,-0.51
2903.0,1.4540000000000002,-0.51
2903.25,1.532,-0.422
2903.5,1.63,-0.3359
2903.75,1.559,-0.42
2904.0,1.516,-0.48
2904.25,1.484,-0.49
2904.5,1.502,-0.48
2904.75,1.481,-0.51
2905.0,1.5299999999999998,-0.47
2905.25,1.4859999999999998,-0.5
2905.5,1.551,-0.43
2905.75,1.537,-0.4399999999999999
2906.0,1.517,-0.55
2906.25,1.59,-0.378
2906.5,1.5299999999999998,-0.42
2906.75,1.569,-0.427
2907.0,1.6749999999999998,-0.365
2907.25,1.61,-0.369
2907.5,1.681,-0.291
2907.75,1.5739999999999998,-0.389
2908.0,1.6069999999999998,-0.41
2908.25,1.461,-0.5
2908.5,1.5469999999999997,-0.44
2908.75,1.483,-0.49
2909.0,1.459,-0.5
2909.25,1.592,-0.4
2909.5,1.495,-0.4599999999999999
2909.75,1.548,-0.43
2910.0,1.428,-0.51
2910.25,1.5950000000000002,-0.371
2910.5,1.565,-0.371
2910.75,1.934,-0.52
2911.0,3.537,-0.2319999999999999
2911.25,3.591,-0.8200000000000001
2911.5,3.86,-0.3349999999999999
2911.75,3.03,-0.8200000000000001
2912.0,3.1820000000000004,-0.74
2912.25,3.986,-0.0588
2912.5,4.44,0.04193
2912.75,5.116,-0.96
2913.0,5.390000000000001,-1.08
2913.25,4.73,-0.52
2913.5,4.390000000000001,-0.91
2913.75,4.57,-0.71
2914.0,6.59,-0.57
2914.25,6.16,-0.847
2914.5,6.539999999999999,-0.666
2914.75,5.58,-1.22
2915.0,6.0600000000000005,-1.25
2915.25,6.0600000000000005,-0.86
2915.5,5.92,-0.8300000000000001
2915.75,4.49,-0.357
2916.0,3.293,-0.76
2916.25,3.69,-0.424
2916.5,3.355,-0.528
2916.75,4.6530000000000005,0.4600000000000001
2917.0,5.349,0.6599999999999999
2917.25,4.255,-0.5919
2917.5,4.214,-0.648
2917.75,4.999,0.134
2918.0,5.4830000000000005,0.1269999999999999
2918.25,5.321,-0.529
2918.5,4.664,-1.01
2918.75,5.65,0.3359999999999999
2919.0,4.8,-0.358
2919.25,5.69,-0.544
2919.5,5.98,-0.386
2919.75,6.263,0.2219999999999999
2920.0,4.677,-0.6739
2920.25,4.63,-0.5977
2920.5,4.979,-0.1459999999999999
2920.75,5.011,-0.105
2921.0,4.512,-0.5935999999999999
2921.25,4.62,-0.471
2921.5,5.3500000000000005,0.2939999999999999
2921.75,4.934,-0.123
2922.0,4.21,-0.595
2922.25,4.157,-0.575
2922.5,4.72,0.4469999999999999
2922.75,3.855,-0.288
2923.0,3.1630000000000003,-0.5780000000000001
2923.25,2.404,-0.68
2923.5,2.359,-0.7
2923.75,2.467,-0.64
2924.0,2.373,-0.72
2924.25,2.436,-0.69
2924.5,2.445,-0.6599999999999999
2924.75,2.409,-0.69
2925.0,2.439,-0.66
2925.25,2.385,-0.6799999999999999
2925.5,2.5330000000000004,-0.61
2925.75,2.402,-0.75
2926.0,1.856,-0.55
2926.25,1.525,-0.34
2926.5,1.4819999999999998,-0.428
2926.75,1.538,-0.354
2927.0,1.477,-0.3581
2927.25,1.41,-0.467
2927.5,1.403,-0.477
2927.75,1.4049999999999998,-0.48
2928.0,1.4409999999999998,-0.447
2928.25,1.436,-0.438
2928.5,1.4460000000000002,-0.43
2928.75,1.4369999999999998,-0.45
2929.0,1.473,-0.42
2929.25,1.505,-0.38
2929.5,1.462,-0.43
2929.75,1.4260000000000002,-0.46
2930.0,1.414,-0.5
2930.25,1.404,-0.47
2930.5,1.4779999999999998,-0.43
2930.75,1.342,-0.53
2931.0,1.415,-0.49
2931.25,1.312,-0.5700000000000001
2931.5,1.365,-0.53
2931.75,1.419,-0.48
2932.0,1.362,-0.51
2932.25,1.4940000000000002,-0.42
2932.5,1.348,-0.53
2932.75,1.352,-0.53
2933.0,1.505,-0.439
2933.25,1.484,-0.3678
2933.5,1.4289999999999998,-0.453
2933.75,1.3769999999999998,-0.5
2934.0,1.421,-0.49
2934.25,1.4650000000000003,-0.44
2934.5,1.3450000000000002,-0.54
2934.75,1.412,-0.48
2935.0,1.3770000000000002,-0.51
2935.25,1.4460000000000002,-0.45
2935.5,1.497,-0.403
2935.75,1.519,-0.45
2936.0,1.577,-0.31
2936.25,1.4540000000000002,-0.4
2936.5,1.423,-0.46
2936.75,1.419,-0.474
2937.0,1.408,-0.48
2937.25,1.428,-0.465
2937.5,1.396,-0.494
2937.75,1.412,-0.473
2938.0,1.494,-0.403
2938.25,1.4009999999999998,-0.47
2938.5,1.4540000000000002,-0.44
2938.75,1.385,-0.51
2939.0,1.364,-0.51
2939.25,1.4220000000000002,-0.48
2939.5,1.319,-0.5700000000000001
2939.75,1.556,-0.3399999999999999
2940.0,1.475,-0.373
2940.25,1.399,-0.49
2940.5,1.4009999999999998,-0.48
2940.75,1.372,-0.52
2941.0,1.505,-0.412
2941.25,1.46,-0.44
2941.5,1.48,-0.44
2941.75,1.523,-0.37
2942.0,1.5000000000000002,-0.39
2942.25,1.585,-0.51
2942.5,1.64,-0.51
2942.75,1.656,-0.51
2943.0,1.674,-0.5
2943.25,1.5910000000000002,-0.54
2943.5,1.709,-0.4599999999999999
2943.75,1.677,-0.5
2944.0,1.6829999999999998,-0.47
2944.25,1.634,-0.52
2944.5,1.593,-0.56
2944.75,1.731,-0.44
2945.0,1.435,-0.47
2945.25,1.536,-0.3212
2945.5,1.418,-0.46
2945.75,1.382,-0.48
2946.0,1.396,-0.48
2946.25,1.394,-0.54
2946.5,1.445,-0.404
2946.75,1.4220000000000002,-0.42
2947.0,1.3889999999999998,-0.478
2947.25,1.481,-0.416
2947.5,1.536,-0.38
2947.75,1.5539999999999998,-0.35
2948.0,1.4540000000000002,-0.41
2948.25,1.5510000000000002,-0.358
2948.5,1.477,-0.43
2948.75,1.374,-0.496
2949.0,1.5099999999999998,-0.42
2949.25,1.43,-0.4599999999999999
2949.5,1.479,-0.43
2949.75,1.451,-0.48
2950.0,1.4420000000000002,-0.48
2950.25,1.499,-0.373
2950.5,1.465,-0.406
2950.75,1.464,-0.44
2951.0,1.411,-0.47
2951.25,1.5539999999999998,-0.37
2951.5,1.3649999999999998,-0.51
2951.75,1.3929999999999998,-0.5
2952.0,1.447,-0.45
2952.25,1.3929999999999998,-0.485
2952.5,1.463,-0.44
2952.75,1.399,-0.49
2953.0,1.466,-0.411
2953.25,1.4489999999999998,-0.444
2953.5,1.384,-0.51
2953.75,1.496,-0.44
2954.0,1.373,-0.51
2954.25,1.492,-0.42
2954.5,1.489,-0.41
2954.75,1.538,-0.348
2955.0,1.599,-0.319
2955.25,1.4660000000000002,-0.44
2955.5,1.4780000000000002,-0.45
2955.75,1.386,-0.51
2956.0,1.432,-0.49
2956.25,1.464,-0.48
2956.5,1.4420000000000002,-0.443
2956.75,1.625,-0.266
2957.0,1.39,-0.5
2957.25,1.471,-0.45
2957.5,1.371,-0.52
2957.75,1.396,-0.5
2958.0,1.4620000000000002,-0.46
2958.25,1.374,-0.53
2958.5,1.513,-0.42
2958.75,1.415,-0.4599999999999999
2959.0,1.459,-0.45
2959.25,1.4,-0.5
2959.5,1.409,-0.49
2959.75,1.4620000000000002,-0.46
2960.0,1.409,-0.53
2960.25,1.439,-0.48
2960.5,1.436,-0.459
2960.75,1.452,-0.45
2961.0,1.507,-0.49
2961.25,1.532,-0.353
2961.5,1.61,-0.263
2961.75,1.504,-0.395
2962.0,1.512,-0.375
2962.25,1.489,-0.41
2962.5,1.495,-0.395
2962.75,1.487,-0.401
2963.0,1.402,-0.479
2963.25,1.383,-0.5
2963.5,1.504,-0.414
2963.75,1.5,-0.3421999999999999
2964.0,1.4900000000000002,-0.415
2964.25,1.431,-0.45
2964.5,1.466,-0.42
2964.75,1.43,-0.4590000000000001
2965.0,1.371,-0.499
2965.25,1.468,-0.43
2965.5,1.38,-0.496
2965.75,1.468,-0.416
2966.0,1.3569999999999998,-0.52
2966.25,1.487,-0.43
2966.5,1.495,-0.399
2966.75,1.376,-0.493
2967.0,1.512,-0.398
2967.25,1.4620000000000002,-0.43
2967.5,1.545,-0.361
2967.75,1.497,-0.398
2968.0,1.491,-0.4
2968.25,1.589,-0.318
2968.5,1.515,-0.4
2968.75,1.645,-0.228
2969.0,1.491,-0.394
2969.25,1.4540000000000002,-0.43
2969.5,1.406,-0.49
2969.75,1.4089999999999998,-0.49
2970.0,1.476,-0.4
2970.25,1.427,-0.448
2970.5,1.453,-0.45
2970.75,1.35,-0.51
2971.0,1.425,-0.46
2971.25,1.373,-0.488
2971.5,1.39,-0.51
2971.75,1.533,-0.4
2972.0,1.407,-0.47
2972.25,1.455,-0.49
2972.5,1.3889999999999998,-0.54
2972.75,1.4220000000000002,-0.48
2973.0,1.3769999999999998,-0.52
2973.25,1.346,-0.55
2973.5,1.6,-0.2762
2973.75,1.434,-0.43
2974.0,1.4600000000000002,-0.45
2974.25,1.364,-0.52
2974.5,1.4379999999999995,-0.46
2974.75,1.416,-0.52
2975.0,1.4089999999999998,-0.51
2975.25,1.426,-0.48
2975.5,1.4449999999999998,-0.47
2975.75,1.471,-0.43
2976.0,1.423,-0.49
2976.25,1.488,-0.43
2976.5,1.359,-0.55
2976.75,1.424,-0.49
2977.0,1.399,-0.51
2977.25,1.432,-0.49
2977.5,1.533,-0.38
2977.75,1.396,-0.52
2978.0,1.548,-0.382
2978.25,1.485,-0.406
2978.5,1.6949999999999998,-0.2373
2978.75,1.5750000000000002,-0.381
2979.0,1.389,-0.53
2979.25,1.538,-0.38
2979.5,1.42,-0.48
2979.75,1.439,-0.5
2980.0,1.39,-0.5
2980.25,1.4409999999999998,-0.49
2980.5,1.4,-0.52
2980.75,1.394,-0.52
2981.0,1.523,-0.41
2981.25,1.423,-0.46
2981.5,1.479,-0.44
2981.75,1.34,-0.55
2982.0,1.457,-0.444
2982.25,1.3970000000000002,-0.5
2982.5,1.41,-0.56
2982.75,2.721,-0.0028999999999999
2983.0,2.6670000000000003,-0.1186
2983.25,3.63,-0.14019
2983.5,3.686,-0.8200000000000001
2983.75,7.800000000000001,0.9000000000000001
2984.0,8.2,1.4364
2984.25,9.34,0.3410000000000001
2984.5,10.5,-0.757
2984.75,11.36,-0.6519999999999999
2985.0,12.45,-0.214
2985.25,12.37,-0.288
2985.5,11.86,-1.1044
2985.75,13.89,0.094
2986.0,14.02,-0.0199999999999999
2986.25,14.07,0.3119999999999999
2986.5,11.8,-1.28
2986.75,11.49,-1.4700000000000002
2987.0,11.54,-1.64
2987.25,12.14,-1.0
2987.5,15.12,2.015
2987.75,11.51,-1.3199999999999998
2988.0,13.39,-0.2656
2988.25,14.07,-0.075
2988.5,14.64,0.3139999999999999
2988.75,11.82,-0.6900000000000001
2989.0,13.47,0.6449999999999999
2989.25,14.5,-0.013
2989.5,21.52,1.793
2989.75,21.94,0.122
2990.0,22.31,0.1639999999999999
2990.25,24.05,1.023
2990.5,26.71,1.1374000000000002
2990.75,30.230000000000004,1.936
2991.0,28.58,1.075
2991.25,22.56,0.8660000000000001
2991.5,23.64,1.96
2991.75,20.41,0.087
2992.0,19.46,0.2722
2992.25,19.75,0.7963
2992.5,18.47,0.6269999999999999
2992.75,15.6,-0.29
2993.0,12.89,-0.886
2993.25,10.93,-0.5089999999999999
2993.5,10.04,-0.93
2993.75,8.09,-1.2000000000000002
2994.0,7.42,-1.0
2994.25,6.969,-0.744
2994.5,4.76,-0.93
2994.75,3.955,-1.03
2995.0,3.65,-0.97
2995.25,3.794000000000001,-0.8200000000000001
2995.5,4.699999999999999,-1.08
2995.75,5.162,-1.0
2996.0,5.115,-0.96
2996.25,3.68,-0.6890000000000001
2996.5,3.011,-0.8400000000000001
2996.75,3.103,-0.75
2997.0,2.267,-0.6699999999999999
2997.25,1.981,-0.62
2997.5,1.958,-0.6
2997.75,1.952,-0.6
2998.0,2.095,-0.483
2998.25,1.352,-0.552
2998.5,1.486,-0.447
2998.75,1.385,-0.533
2999.0,1.4939999999999998,-0.427
2999.25,1.48,-0.451
2999.5,1.59,-0.345
2999.75,1.6110000000000002,-0.2789
3000.0,1.548,-0.373
3000.25,1.42,-0.509
3000.5,1.4289999999999998,-0.5
3000.75,1.474,-0.48
3001.0,1.379,-0.526
3001.25,1.511,-0.439
3001.5,1.446,-0.4629999999999999
3001.75,1.494,-0.45
3002.0,1.404,-0.532
3002.25,1.468,-0.472
3002.5,1.404,-0.526
3002.75,1.466,-0.474
3003.0,1.4049999999999998,-0.514
3003.25,1.497,-0.433
3003.5,1.513,-0.441
3003.75,1.459,-0.4569999999999999
3004.0,1.605,-0.307
3004.25,1.382,-0.535
3004.5,1.513,-0.4509999999999999
3004.75,1.4009999999999998,-0.526
3005.0,1.489,-0.444
3005.25,1.504,-0.432
3005.5,1.542,-0.383
3005.75,1.511,-0.43
3006.0,1.511,-0.42
3006.25,1.478,-0.449
3006.5,1.394,-0.522
3006.75,2.862,0.30203
3007.0,2.669,-0.2055
3007.25,4.979,0.0839999999999999
3007.5,10.55,2.012
3007.75,8.86,0.7300000000000001
3008.0,11.69,-0.6960000000000001
3008.25,15.75,0.555
3008.5,20.67,1.2990000000000002
3008.75,20.12,0.4249999999999999
3009.0,19.48,-0.94
3009.25,23.01,1.379
3009.5,22.25,-0.3859999999999999
3009.75,21.65,0.4499999999999999
3010.0,19.51,-0.9959
3010.25,23.59,2.127
3010.5,23.19,-0.4863
3010.75,23.06,-0.9193
3011.0,23.19,-1.2
3011.25,23.4,-1.37
3011.5,23.700000000000003,-0.225
3011.75,21.42,-0.71
3012.0,17.89,0.51
3012.25,14.54,-0.439
3012.5,18.7,1.6752000000000002
3012.75,20.5,0.5799999999999998
3013.0,20.8,0.8725
3013.25,23.08,0.781
3013.5,30.25,1.5179999999999998
3013.75,31.58,1.6069999999999998
3014.0,31.78,0.2500000000000001
3014.25,32.7,0.798
3014.5,32.4,0.867
3014.75,30.66,0.5482
3015.0,30.16,0.8600000000000001
3015.25,30.21,1.864
3015.5,29.23,0.74
3015.75,27.92,0.6940000000000001
3016.0,25.41,-0.0559999999999999
3016.25,25.7,0.3536999999999999
3016.5,23.01,-0.374
3016.75,22.43,-0.112
3017.0,15.13,-0.6
3017.25,10.87,-1.23
3017.5,10.48,-0.90536
3017.75,9.55,-0.085
3018.0,7.06,-0.653
3018.25,6.12,-0.77
3018.5,7.413,-0.12
3018.75,8.561,0.92
3019.0,7.784000000000001,0.3259999999999999
3019.25,7.798999999999999,0.048
3019.5,5.308,-0.38
3019.75,5.69,0.54
3020.0,5.3180000000000005,0.0289999999999999
3020.25,4.473,0.165
3020.5,3.832,-0.034
3020.75,4.808,1.04
3021.0,3.675,-0.096
3021.25,4.009,0.1169999999999999
3021.5,3.5540000000000003,0.0289999999999999
3021.75,3.553,0.491
3022.0,2.458,-0.236
3022.25,2.456,-0.1925
3022.5,2.928,0.444
3022.75,2.692,0.1989999999999999
3023.0,2.306,-0.2728
3023.25,2.448,-0.1402999999999999
3023.5,3.354,0.894
3023.75,2.645,0.0639999999999999
3024.0,2.452,-0.098
3024.25,2.7880000000000003,0.134
3024.5,3.256,0.626
3024.75,2.353,-0.2293
3025.0,2.353,-0.2731
3025.25,2.28,-0.193
3025.5,3.146,0.566
3025.75,2.228,-0.359667
3026.0,2.263,-0.281
3026.25,2.717,0.184
3026.5,2.897,0.48
3026.75,2.071,-0.345
3027.0,1.84,-0.53
3027.25,2.733,0.3049999999999999
3027.5,2.648,0.308
3027.75,2.286,-0.143
3028.0,1.857,-0.4499999999999999
3028.25,2.942,0.507
3028.5,2.6009999999999995,0.156
3028.75,2.075,-0.324
3029.0,1.882,-0.47
3029.25,2.959,0.567
3029.5,2.422,-0.003
3029.75,1.854,-0.4499999999999999
3030.0,2.388,-0.077
3030.25,2.975,0.604
3030.5,2.422,0.0139999999999999
3030.75,2.764,-0.0866
3031.0,4.585,-0.284
3031.25,6.054,0.8429999999999999
3031.5,5.71,-0.4570000000000001
3031.75,10.27,-0.145
3032.0,16.060000000000002,0.2694
3032.25,18.65,1.219
3032.5,22.91,0.6133000000000001
3032.75,25.92,-0.783
3033.0,25.91,-0.8913
3033.25,28.880000000000003,1.9981
3033.5,23.71,0.3571999999999999
3033.75,23.95,-0.11
3034.0,23.05,0.43
3034.25,18.49,-0.282
3034.5,19.91,-0.036
3034.75,18.72,-0.482
3035.0,17.52,-0.931
3035.25,18.51,-0.4750000000000001
3035.5,17.47,-1.21
3035.75,16.02,-1.08
3036.0,14.76,-0.94
3036.25,14.07,-0.767
3036.5,14.11,-0.0719999999999999
3036.75,15.42,-1.14
3037.0,17.310000000000002,-0.373
3037.25,19.86,0.7110000000000001
3037.5,25.55,0.4600000000000001
3037.75,28.05,-0.4600000000000001
3038.0,25.27,-1.703
3038.25,27.75,0.038
3038.5,25.04,-1.8943
3038.75,24.02,-2.1
3039.0,25.29,-0.6295
3039.25,23.91,-0.0129999999999999
3039.5,21.51,-1.106
3039.75,20.69,-2.04
3040.0,19.92,-1.92
3040.25,20.62,-0.872
3040.5,18.37,-1.2959999999999998
3040.75,16.43,-1.93
3041.0,11.95,-1.156
3041.25,10.95,-0.0699999999999999
3041.5,9.23,-0.494
3041.75,7.244,-0.6707000000000001
3042.0,7.476999999999999,0.1609999999999999
3042.25,6.462,-0.081
3042.5,5.383,-0.77
3042.75,4.871,-0.87
3043.0,4.694,-0.5743
3043.25,5.036,-0.17
3043.5,4.265000000000001,-1.09
3043.75,4.83,-1.08
3044.0,4.554,-1.16
3044.25,3.609,-0.414
3044.5,1.668,-0.6000000000000001
3044.75,1.796,-0.41
3045.0,1.787,-0.381
3045.25,1.648,-0.5700000000000001
3045.5,1.666,-0.55
3045.75,1.634,-0.5900000000000001
3046.0,1.661,-0.49
3046.25,1.448,-0.55
3046.5,1.573,-0.45
3046.75,1.506,-0.5
3047.0,1.5259999999999998,-0.5
3047.25,1.486,-0.52
3047.5,1.4529999999999998,-0.55
3047.75,1.4979999999999998,-0.51
3048.0,1.4380000000000002,-0.56
3048.25,1.507,-0.5
3048.5,1.462,-0.53
3048.75,1.633,-0.362
3049.0,1.519,-0.447
3049.25,1.537,-0.47
3049.5,1.5590000000000002,-0.452
3049.75,1.493,-0.5
3050.0,1.4700000000000002,-0.53
3050.25,1.419,-0.56
3050.5,1.552,-0.4600000000000001
3050.75,1.452,-0.54
3051.0,1.447,-0.54
3051.25,1.458,-0.53
3051.5,1.407,-0.5700000000000001
3051.75,1.495,-0.5
3052.0,1.4369999999999998,-0.55
3052.25,1.5339999999999998,-0.47
3052.5,1.468,-0.51
3052.75,1.608,-0.378
3053.0,1.468,-0.51
3053.25,1.461,-0.5700000000000001
3053.5,1.524,-0.49
3053.75,1.399,-0.5800000000000001
3054.0,1.536,-0.47
3054.25,1.5,-0.5
3054.5,1.506,-0.48
3054.75,2.624,-0.1371
3055.0,3.557,-0.425
3055.25,5.48,-0.24997
3055.5,8.600000000000001,-0.139
3055.75,9.16,-0.516
3056.0,14.39,-0.425
3056.25,18.98,-0.5680000000000001
3056.5,25.04,0.4424
3056.75,32.66,1.863
3057.0,30.97,0.7719999999999999
3057.25,31.4,1.4152999999999998
3057.5,30.22,0.7
3057.75,30.180000000000003,0.3339999999999999
3058.0,26.96,0.4213
3058.25,31.85,3.096
3058.5,39.3,3.905
3058.75,36.5,2.0820000000000003
3059.0,34.5,1.2645
3059.25,35.7,2.2721
3059.5,34.0,3.0700000000000003
3059.75,27.42,1.277
3060.0,23.55,1.917
3060.25,21.26,1.108
3060.5,20.96,2.191
3060.75,20.97,1.911
3061.0,21.7,1.4667
3061.25,24.46,1.7400000000000002
3061.5,27.700000000000003,3.961
3061.75,26.500000000000004,2.486
3062.0,25.82,1.613
3062.25,27.62,2.2270000000000003
3062.5,29.09,3.0660000000000003
3062.75,26.380000000000003,1.554
3063.0,27.08,1.599
3063.25,27.82,3.289
3063.5,30.5,4.028
3063.75,29.380000000000003,2.641
3064.0,28.39,2.31
3064.25,30.57,3.667
3064.5,27.79,2.216
3064.75,25.95,2.544
3065.0,20.23,1.6644
3065.25,18.14,2.1375
3065.5,17.45,2.298
3065.75,12.73,0.2366999999999999
3066.0,11.61,0.441
3066.25,10.69,0.2321
3066.5,9.63,0.1011
3066.75,9.02,0.0529999999999999
3067.0,8.76,0.19628
3067.25,8.09,-0.21357
3067.5,7.779999999999999,-0.089
3067.75,8.290000000000001,0.2256
3068.0,8.36,0.496
3068.25,6.609999999999999,0.599
3068.5,5.880000000000001,0.1816999999999999
3068.75,6.170000000000001,0.311
3069.0,5.85,0.1475
3069.25,5.880000000000001,0.2387999999999999
3069.5,6.050000000000001,0.2933
3069.75,6.22,0.4172
3070.0,5.800000000000001,0.2479
3070.25,5.39,0.439
3070.5,4.978,0.179
3070.75,5.076,0.2389999999999999
3071.0,5.279999999999999,0.344
3071.25,4.6080000000000005,-0.0514
3071.5,4.881,0.1697
3071.75,4.65,0.0095999999999999
3072.0,4.8420000000000005,0.1148
3072.25,4.604,-0.00733
3072.5,4.431,-0.1268
3072.75,4.727,0.0398999999999999
3073.0,4.473,-0.1013999999999999
3073.25,4.117,-0.2539
3073.5,4.678,0.0069499999999999
3073.75,4.970000000000001,0.2197
3074.0,4.436,-0.07724
3074.25,4.774,0.1379999999999999
3074.5,4.593999999999999,-0.0172599999999999
3074.75,4.1,-0.26667
3075.0,4.329,-0.2029999999999999
3075.25,4.449999999999999,-0.153
3075.5,4.44,-0.0993
3075.75,4.053,-0.362
3076.0,4.251,-0.2269
3076.25,4.223,-0.2619
3076.5,3.833,-0.416
3076.75,4.364999999999999,-0.1518999999999999
3077.0,3.979,-0.401
3077.25,4.237,-0.23367
3077.5,4.12,-0.287
3077.75,3.794,-0.497
3078.0,3.964,-0.372
3078.25,3.939,-0.426
3078.5,4.098,-0.231
3078.75,3.333,-0.8
3079.0,5.23,-0.4486
3079.25,5.790000000000001,-0.232
3079.5,9.02,-0.0804
3079.75,11.0,-0.7164
3080.0,10.22,-0.9117
3080.25,15.56,-1.04
3080.5,17.439999999999998,-1.88
3080.75,15.95,-1.54
3081.0,14.96,-2.26
3081.25,16.759999999999998,-1.38
3081.5,16.12,-2.27
3081.75,16.28,-1.5
3082.0,17.52,-2.11
3082.25,15.68,-1.66
3082.5,15.65,-1.85
3082.75,14.95,-1.8200000000000005
3083.0,14.66,-2.18
3083.25,14.34,-2.31
3083.5,15.23,-2.1500000000000004
3083.75,14.35,-1.7000000000000002
3084.0,13.45,-1.26
3084.25,12.5,-1.75
3084.5,14.13,-0.942
3084.75,13.45,-1.4500000000000002
3085.0,14.34,-1.49
3085.25,12.98,-1.56
3085.5,15.01,-0.624
3085.75,15.55,-1.088
3086.0,14.580000000000002,-1.331
3086.25,14.99,-1.56
3086.5,14.169999999999998,-1.66
3086.75,13.78,-1.319
3087.0,14.22,-0.5740000000000001
3087.25,12.159999999999998,-1.69
3087.5,12.76,-1.66
3087.75,13.47,-0.951
3088.0,13.14,-1.19
3088.25,12.34,-1.7999999999999998
3088.5,11.69,-1.76
3088.75,12.650000000000002,-0.8839999999999999
3089.0,11.68,-0.288
3089.25,8.879999999999999,-0.5549999999999999
3089.5,8.16,-0.542
3089.75,8.530000000000001,-0.1129999999999999
3090.0,8.87,0.43
3090.25,6.45,-0.5129999999999999
3090.5,5.35,-0.282
3090.75,4.82,-0.74
3091.0,4.379,-0.63
3091.25,4.431,-0.5900000000000001
3091.5,4.337,-0.65
3091.75,4.444,-0.5700000000000001
3092.0,3.794,-0.5589999999999999
3092.25,2.11,-0.263
3092.5,2.2910000000000004,-0.044
3092.75,2.167,-0.206
3093.0,2.0580000000000003,-0.253
3093.25,2.228,-0.23
3093.5,2.03,-0.2888
3093.75,2.213,-0.191
3094.0,2.054,-0.3268
3094.25,1.983,-0.184
3094.5,2.07,-0.1169999999999999
3094.75,2.136,-0.113
3095.0,2.396,0.028
3095.25,2.12,-0.1379999999999999
3095.5,2.061,-0.1485
3095.75,2.135,-0.119
3096.0,2.009,-0.179
3096.25,2.0460000000000003,-0.1629999999999999
3096.5,2.052,-0.148
3096.75,2.0,-0.168
3097.0,2.1870000000000003,-0.059
3097.25,1.911,-0.212
3097.5,2.01,-0.179
3097.75,1.853,-0.304
3098.0,2.123,-0.099
3098.25,2.032,-0.182
3098.5,1.942,-0.205
3098.75,1.951,-0.202
3099.0,1.846,-0.271
3099.25,2.0170000000000003,-0.163
3099.5,1.868,-0.2724
3099.75,1.821,-0.3019
3100.0,2.153,-0.0979999999999999
3100.25,1.91,-0.2289999999999999
3100.5,1.984,-0.1727
3100.75,1.848,-0.2532
3101.0,1.842,-0.2931
3101.25,2.013,-0.1649999999999999
3101.5,1.92,-0.1699999999999999
3101.75,1.949,-0.1851999999999999
3102.0,2.068,-0.014
3102.25,2.008,-0.1109999999999999
3102.5,1.922,-0.2134
3102.75,1.896,-0.265
3103.0,1.873,-0.2683
3103.25,4.106,-1.01
3103.5,4.609999999999999,-1.09
3103.75,5.04,-1.11
3104.0,5.67,-1.27
3104.25,5.19,-0.96
3104.5,6.06,-1.17
3104.75,6.63,-0.95
3105.0,6.08,-1.3
3105.25,6.0600000000000005,-1.34
3105.5,6.29,-1.05
3105.75,6.19,-1.22
3106.0,9.08,0.488
3106.25,6.85,-0.99
3106.5,9.71,0.875
3106.75,10.08,1.04
3107.0,10.83,1.623
3107.25,10.33,1.282
3107.5,11.95,2.479
3107.75,12.56,2.908
3108.0,9.4,1.256
3108.25,6.6000000000000005,-0.3319999999999999
3108.5,7.029999999999999,0.0097999999999999
3108.75,8.14,0.988
3109.0,7.63,0.2998
3109.25,9.1,1.038
3109.5,10.46,1.85
3109.75,12.12,2.818
3110.0,12.03,2.794
3110.25,12.61,3.1
3110.5,12.79,3.281
3110.75,12.04,2.799
3111.0,13.05,3.1350000000000007
3111.25,12.73,3.272
3111.5,12.510000000000002,3.3710000000000004
3111.75,11.36,2.548
3112.0,11.9,2.367
3112.25,12.13,2.493
3112.5,11.93,2.459
3112.75,11.87,2.719
3113.0,11.32,2.693
3113.25,10.62,2.343
3113.5,6.06,0.1586
3113.75,3.2510000000000003,-0.441
3114.0,3.205,-0.4063
3114.25,2.8310000000000004,-0.3337
3114.5,2.052,-0.259
3114.75,2.02,-0.208
3115.0,2.092,-0.1139999999999999
3115.25,2.037,-0.213
3115.5,1.965,-0.245
3115.75,1.986,-0.2296
3116.0,2.048,-0.174
3116.25,2.02,-0.2339999999999999
3116.5,2.022,-0.2
3116.75,1.943,-0.253
3117.0,1.91,-0.2556
3117.25,2.085,-0.18
3117.5,1.906,-0.211
3117.75,1.998,-0.1528
3118.0,1.938,-0.246
3118.25,2.013,-0.195
3118.5,1.975,-0.217
3118.75,1.824,-0.2903
3119.0,1.985,-0.1815
3119.25,2.067,-0.163
3119.5,2.083,-0.0689999999999999
3119.75,2.029,-0.107
3120.0,2.075,-0.104
3120.25,2.097,-0.11
3120.5,1.975,-0.181
3120.75,1.959,-0.175
3121.0,1.88,-0.2714
3121.25,2.083,-0.165
3121.5,1.899,-0.202
3121.75,1.905,-0.254
3122.0,1.971,-0.243
3122.25,1.874,-0.263
3122.5,1.863,-0.2762
3122.75,1.901,-0.2253
3123.0,1.883,-0.252
3123.25,2.018,-0.152
3123.5,1.899,-0.205
3123.75,1.959,-0.2309999999999999
3124.0,1.984,-0.194
3124.25,1.903,-0.246
3124.5,1.83,-0.2654999999999999
3124.75,1.9250000000000005,-0.2219999999999999
3125.0,1.845,-0.249
3125.25,2.05,-0.117
3125.5,2.025,-0.141
3125.75,1.984,-0.157
3126.0,1.97,-0.1653
3126.25,1.863,-0.2517
3126.5,1.652,-0.35
3126.75,1.818,-0.3004
3127.0,1.815,-0.2582
3127.25,1.823,-0.175
3127.5,1.884,-0.189
3127.75,1.884,-0.24
3128.0,1.842,-0.2807
3128.25,1.877,-0.2671
3128.5,1.85,-0.27
3128.75,1.81,-0.2932
3129.0,1.954,-0.1877
3129.25,1.951,-0.18
3129.5,1.9170000000000005,-0.2249999999999999
3129.75,1.96,-0.238
3130.0,2.111,-0.144
3130.25,1.9610000000000003,-0.2145
3130.5,1.968,-0.247
3130.75,1.978,-0.2339999999999999
3131.0,2.135,-0.149
3131.25,1.967,-0.213
3131.5,2.317,-0.0329999999999999
3131.75,2.015,-0.189
3132.0,2.297,-0.118
3132.25,2.097,-0.095
3132.5,2.164,-0.124
3132.75,2.053,-0.181
3133.0,2.118,-0.149
3133.25,2.084,-0.1766
3133.5,2.126,-0.089
3133.75,1.973,-0.227
3134.0,2.13,-0.168
3134.25,1.985,-0.227
3134.5,2.201,-0.158
3134.75,1.965,-0.2517
3135.0,2.17,-0.1679999999999999
3135.25,1.973,-0.2404
3135.5,1.998,-0.26
3135.75,2.016,-0.2228
3136.0,2.043,-0.242
3136.25,1.9530000000000003,-0.2643
3136.5,2.144,-0.18
3136.75,1.967,-0.223
3137.0,2.204,-0.118
3137.25,1.877,-0.2939
3137.5,2.226,-0.1199999999999999
3137.75,1.906,-0.237
3138.0,2.113,-0.176
3138.25,2.028,-0.2064
3138.5,1.925,-0.2941
3138.75,2.25,-0.033
3139.0,1.843,-0.3056
3139.25,1.87,-0.3087999999999999
3139.5,2.017,-0.2581
3139.75,1.863,-0.3144
3140.0,1.832,-0.2977
3140.25,1.908,-0.2932
3140.5,1.872,-0.2528
3140.75,1.981,-0.2562
3141.0,1.853,-0.3033
3141.25,1.999,-0.21
3141.5,1.7619999999999998,-0.3522
3141.75,1.9930000000000003,-0.2209
3142.0,1.898,-0.2789
3142.25,1.968,-0.2438
3142.5,1.864,-0.2508
3142.75,1.923,-0.2614
3143.0,2.104,-0.202
3143.25,1.9,-0.2009999999999999
3143.5,1.886,-0.207
3143.75,1.966,-0.184
3144.0,1.719,-0.2774999999999999
3144.25,2.0890000000000004,-0.072
3144.5,1.984,-0.107
3144.75,1.869,-0.197
3145.0,2.021,-0.074
3145.25,1.895,-0.223
3145.5,1.7920000000000005,-0.2604
3145.75,1.88,-0.257
3146.0,1.6949999999999998,-0.299
3146.25,1.945,-0.189
3146.5,1.866,-0.237
3146.75,2.018,-0.133
3147.0,1.92,-0.254
3147.25,1.881,-0.217
3147.5,1.838,-0.256
3147.75,1.885,-0.224
3148.0,1.983,-0.192
3148.25,1.956,-0.185
3148.5,1.953,-0.18
3148.75,1.867,-0.24
3149.0,1.79,-0.2718
3149.25,1.963,-0.176
3149.5,1.652,-0.3533
3149.75,1.873,-0.209
3150.0,1.697,-0.3222
3150.25,1.777,-0.2424
3150.5,1.77,-0.25337
3150.75,2.883,-0.125
3151.0,3.277,-0.38508
3151.25,3.566,-0.53786
3151.5,4.07,-0.4608
3151.75,8.85,1.0299999999999998
3152.0,8.17,0.926
3152.25,9.24,0.8335
3152.5,12.17,0.5309999999999999
3152.75,13.27,-1.02
3153.0,15.18,-0.977
3153.25,14.589999999999998,-0.8600000000000001
3153.5,14.23,-1.127
3153.75,12.72,-1.2759999999999998
3154.0,14.05,-0.3459999999999999
3154.25,13.36,-1.0
3154.5,13.69,-1.57
3154.75,15.61,0.6300000000000001
3155.0,14.68,-0.57
3155.25,13.79,-0.255
3155.5,13.1,-1.27
3155.75,11.81,-0.266
3156.0,10.17,-0.914
3156.25,11.83,-0.549
3156.5,13.61,-0.14
3156.75,12.05,-0.219
3157.0,11.09,-1.1469999999999998
3157.25,11.94,-0.246
3157.5,13.65,0.362
3157.75,13.61,-0.542
3158.0,17.23,-0.5650000000000001
3158.25,16.27,-1.087
3158.5,17.95,-1.5583
3158.75,21.52,-0.002
3159.0,19.3,-0.439
3159.25,19.52,-0.321
3159.5,20.7,0.1267
3159.75,19.35,-0.4914
3160.0,18.79,-0.24
3160.25,19.31,0.073
3160.5,16.81,-0.91
3160.75,14.8,-0.74
3161.0,10.71,-1.05
3161.25,9.76,-1.12
3161.5,8.41,-0.464
3161.75,7.6,-0.92
3162.0,8.23,0.2299999999999999
3162.25,6.47,-0.8400000000000001
3162.5,6.07,-0.84
3162.75,6.52,-0.8999999999999999
3163.0,6.13,-1.14
3163.25,6.38,-0.94
3163.5,6.09,-1.02
3163.75,6.130000000000001,-0.9
3164.0,5.859999999999999,-0.92
3164.25,6.24,0.2137
3164.5,5.62,-0.336
3164.75,4.966,-0.75
3165.0,4.426,-0.6900000000000001
3165.25,4.368,-0.5900000000000001
3165.5,4.307,-0.6299999999999999
3165.75,3.202,-0.26
3166.0,2.579,-0.3671
3166.25,2.263,-0.067
3166.5,2.049,-0.22
3166.75,2.063,-0.225
3167.0,2.134,-0.1289999999999999
3167.25,2.297,-0.0529999999999999
3167.5,2.0900000000000003,-0.139
3167.75,2.008,-0.228
3168.0,2.015,-0.222
3168.25,2.1870000000000003,-0.15
3168.5,1.947,-0.3128
3168.75,1.902,-0.2843
3169.0,1.983,-0.254
3169.25,1.906,-0.2859
3169.5,1.899,-0.2388
3169.75,1.818,-0.339
3170.0,2.087,-0.196
3170.25,1.9090000000000005,-0.2937
3170.5,1.836,-0.3489
3170.75,1.911,-0.2877
3171.0,1.932,-0.243
3171.25,2.048,-0.118
3171.5,1.975,-0.199
3171.75,1.963,-0.262
3172.0,2.019,-0.239
3172.25,1.854,-0.2978
3172.5,2.08,-0.191
3172.75,1.714,-0.3706899999999999
3173.0,2.027,-0.095
3173.25,2.0610000000000004,-0.143
3173.5,1.815,-0.3424
3173.75,1.943,-0.2796
3174.0,1.9570000000000003,-0.2883
3174.25,1.6759999999999995,-0.3827
3174.5,1.888,-0.323
3174.75,3.0530000000000004,0.435
3175.0,3.016,-0.44
3175.25,4.640000000000001,0.367
3175.5,7.26,0.6838
3175.75,7.89,0.168
3176.0,10.84,0.934
3176.25,12.85,0.5890000000000001
3176.5,16.09,0.0489999999999999
3176.75,17.15,-0.243
3177.0,17.41,-0.0519999999999999
3177.25,17.56,-1.69
3177.5,17.85,-1.62
3177.75,18.009999999999998,-1.264
3178.0,18.86,-0.6219999999999999
3178.25,17.34,-1.94
3178.5,18.74,-1.4
3178.75,18.28,-1.58
3179.0,18.75,-1.513
3179.25,16.63,-2.16
3179.5,16.91,-1.88
3179.75,16.39,-1.68
3180.0,16.439999999999998,-0.6709999999999999
3180.25,15.420000000000002,-0.7910000000000001
3180.5,15.439999999999998,-0.175
3180.75,14.73,-1.17
3181.0,18.19,1.4800000000000002
3181.25,18.15,-0.627
3181.5,24.08,0.965
3181.75,22.81,0.24
3182.0,23.24,0.0500000000000001
3182.25,21.19,-1.186
3182.5,20.81,-1.56
3182.75,22.090000000000003,-1.5699999999999998
3183.0,24.2,-0.621
3183.25,24.82,-0.259
3183.5,20.75,-0.99
3183.75,21.6,-1.8
3184.0,23.54,-1.6646
3184.25,22.94,-0.549
3184.5,22.23,-0.149
3184.75,20.130000000000003,-1.26
3185.0,16.490000000000002,-0.963
3185.25,13.87,-1.01
3185.5,10.57,-1.21
3185.75,10.64,-1.16
3186.0,10.4,-0.881
3186.25,10.15,-0.6591
3186.5,10.66,0.202
3186.75,9.5,0.2325799999999999
3187.0,10.3,0.3400000000000001
3187.25,13.38,1.308
3187.5,14.57,1.5379999999999998
3187.75,13.419999999999998,-0.244
3188.0,14.240000000000002,0.304
3188.25,12.72,0.231
3188.5,10.52,-1.56
3188.75,11.58,-0.437
3189.0,9.77,-0.419
3189.25,9.56,-0.212
3189.5,7.41,-0.6878
3189.75,4.776,-0.86
3190.0,4.695,-0.82
3190.25,1.842,-0.381
3190.5,1.51,-0.356
3190.75,1.544,-0.32
3191.0,1.4660000000000002,-0.4039999999999999
3191.25,1.5020000000000002,-0.361
3191.5,1.4449999999999998,-0.402
3191.75,1.5020000000000002,-0.374
3192.0,1.4820000000000002,-0.369
3192.25,1.5990000000000002,-0.195
3192.5,1.59,-0.253
3192.75,1.4449999999999998,-0.395
3193.0,1.502,-0.35
3193.25,1.4509999999999998,-0.387
3193.5,1.529,-0.363
3193.75,1.471,-0.379
3194.0,1.442,-0.404
3194.25,1.592,-0.259
3194.5,1.481,-0.352
3194.75,1.493,-0.36
3195.0,1.4660000000000002,-0.391
3195.25,1.451,-0.375
3195.5,1.503,-0.36
3195.75,1.432,-0.409
3196.0,1.543,-0.3089999999999999
3196.25,1.515,-0.3389999999999999
3196.5,1.5579999999999998,-0.3359999999999999
3196.75,1.475,-0.382
3197.0,1.488,-0.358
3197.25,1.628,-0.1969
3197.5,1.445,-0.386
3197.75,1.5459999999999998,-0.3279999999999999
3198.0,1.536,-0.281
3198.25,1.637,-0.221
3198.5,1.533,-0.308
3198.75,1.497,-0.34
3199.0,4.44,-0.212
3199.25,4.37,-0.8200000000000001
3199.5,7.35,0.211
3199.75,8.49,-0.7333
3200.0,12.19,0.385
3200.25,15.170000000000002,-0.886
3200.5,16.53,-0.4735
3200.75,17.46,-1.56
3201.0,17.13,-1.94
3201.25,17.880000000000003,-1.55
3201.5,19.93,-0.75
3201.75,18.54,-1.19
3202.0,16.04,-1.44
3202.25,16.23,-1.3
3202.5,17.49,-1.6
3202.75,18.45,-0.624
3203.0,17.48,-1.34
3203.25,17.58,-1.409
3203.5,17.54,-0.5
3203.75,15.56,-1.4
3204.0,16.14,-0.743
3204.25,14.52,-0.69
3204.5,14.28,-0.921
3204.75,14.61,-0.989
3205.0,18.42,1.6065
3205.25,22.96,1.966
3205.5,30.12,1.781
3205.75,30.26,-0.69
3206.0,33.58,-0.92
3206.25,33.72,0.637
3206.5,36.5,-0.66308
3206.75,32.8,-0.2644
3207.0,26.21,0.179
3207.25,23.23,0.0833999999999999
3207.5,20.11,0.0129999999999999
3207.75,20.39,-1.75
3208.0,22.56,0.766
3208.25,22.95,1.9090000000000005
3208.5,21.93,1.5504
3208.75,19.61,-0.002
3209.0,18.54,0.555
3209.25,17.5,1.213
3209.5,15.45,1.235
3209.75,13.75,0.8388
3210.0,13.18,1.502
3210.25,13.669999999999998,1.414
3210.5,12.37,0.8576
3210.75,12.38,1.041
3211.0,10.87,0.053
3211.25,13.63,0.677
3211.5,14.72,0.533
3211.75,14.85,-0.27
3212.0,14.75,0.1221999999999999
3212.25,13.05,1.033
3212.5,12.51,0.733
3212.75,11.78,-0.088
3213.0,12.76,0.495
3213.25,11.3,0.988
3213.5,10.52,0.38
3213.75,10.15,0.3299999999999999
3214.0,4.64,0.4902999999999999
3214.25,1.519,-0.265
3214.5,1.399,-0.399
3214.75,1.396,-0.41
3215.0,1.423,-0.38
3215.25,1.497,-0.327
3215.5,1.414,-0.418
3215.75,1.4260000000000002,-0.396
3216.0,1.349,-0.446
3216.25,1.382,-0.43
3216.5,1.391,-0.412
3216.75,1.38,-0.423
3217.0,1.48,-0.331
3217.25,1.464,-0.3359999999999999
3217.5,1.529,-0.303
3217.75,1.4290000000000005,-0.361
3218.0,1.4429999999999998,-0.37
3218.25,1.419,-0.365
3218.5,1.4659999999999995,-0.3129
3218.75,1.489,-0.3359999999999999
3219.0,1.418,-0.382
3219.25,1.431,-0.378
3219.5,1.3290000000000002,-0.453
3219.75,1.4289999999999998,-0.391
3220.0,1.367,-0.432
3220.25,1.37,-0.432
3220.5,1.44,-0.387
3220.75,1.378,-0.44
3221.0,1.491,-0.3429999999999999
3221.25,1.411,-0.424
3221.5,1.457,-0.38
3221.75,1.355,-0.45
3222.0,1.374,-0.413
3222.25,1.411,-0.39
3222.5,1.36,-0.409
3222.75,1.902,-0.237
3223.0,3.064,-0.106
3223.25,4.87,0.054
3223.5,7.81,-1.22
3223.75,8.3,-1.32
3224.0,9.9,-1.95
3224.25,13.85,-1.54
3224.5,16.17,-1.5
3224.75,17.79,-2.49
3225.0,20.57,-0.075
3225.25,19.79,0.2179999999999999
3225.5,20.29,-0.618
3225.75,20.61,-1.7
3226.0,21.17,-1.08
3226.25,23.71,0.1189999999999999
3226.5,23.07,-0.891
3226.75,22.32,-1.62
3227.0,26.44,-0.45
3227.25,22.9,-0.27
3227.5,25.25,2.276
3227.75,22.2,-0.2271999999999999
3228.0,20.14,-0.8350000000000001
3228.25,19.78,-0.285
3228.5,20.9,1.5499999999999998
3228.75,20.43,0.1789999999999999
3229.0,20.6,0.466
3229.25,21.68,-0.0999999999999999
3229.5,27.82,1.7341000000000002
3229.75,26.42,0.8372999999999999
3230.0,28.410000000000004,1.3049
3230.25,29.14,0.737
3230.5,31.51,1.39525
3230.75,30.66,1.055
3231.0,30.57,1.253
3231.25,27.95,1.8334
3231.5,30.06,2.149
3231.75,28.14,1.836
3232.0,30.46,2.692
3232.25,30.03,2.2310000000000003
3232.5,29.58,1.6452
3232.75,24.11,0.185
3233.0,20.07,-0.0270000000000001
3233.25,17.97,0.531
3233.5,15.35,-0.1899999999999999
3233.75,13.55,0.1789999999999999
3234.0,10.14,-0.386
3234.25,7.24,-0.75
3234.5,5.87,-0.93
3234.75,5.24,-1.0299999999999998
3235.0,5.130000000000001,-1.02
3235.25,5.34,-1.04
3235.5,5.3,-1.06
3235.75,5.41,-0.94
3236.0,5.32,-1.05
3236.25,4.545999999999999,-0.3322
3236.5,3.252,-0.71
3236.75,3.29,-0.6799999999999999
3237.0,3.222,-0.636
3237.25,2.958,-0.4499999999999999
3237.5,2.834,-0.52
3237.75,2.818,-0.533
3238.0,2.5200000000000005,-0.5
3238.25,2.362,-0.5700000000000001
3238.5,2.491,-0.49
3238.75,2.367,-0.5700000000000001
3239.0,2.487,-0.47
3239.25,2.403,-0.5700000000000001
3239.5,2.497,-0.47
3239.75,2.425,-0.53
3240.0,2.39,-0.548
3240.25,2.5010000000000003,-0.49
3240.5,2.53,-0.445
3240.75,2.498,-0.486
3241.0,2.492,-0.49
3241.25,2.4930000000000003,-0.47
3241.5,2.494,-0.4224099999999999
3241.75,2.521,-0.439
3242.0,2.389,-0.5800000000000001
3242.25,2.422,-0.55
3242.5,2.435,-0.52
3242.75,2.386,-0.5800000000000001
3243.0,2.529,-0.45
3243.25,2.409,-0.53
3243.5,2.475,-0.52
3243.75,2.362,-0.5900000000000001
3244.0,2.4610000000000003,-0.5
3244.25,2.394,-0.56
3244.5,2.404,-0.55
3244.75,2.49,-0.47
3245.0,2.415,-0.518
3245.25,2.428,-0.52
3245.5,2.356,-0.5700000000000001
3245.75,2.408,-0.53
3246.0,2.447,-0.4407
3246.25,2.5,-0.407
3246.5,2.532,-0.433
3246.75,4.03,0.3189999999999999
3247.0,3.943,-0.33
3247.25,4.82,-0.051
3247.5,7.66,1.145
3247.75,8.4,-0.3579999999999999
3248.0,7.72,0.4019999999999999
3248.25,12.4,-0.439
3248.5,16.06,-0.529
3248.75,20.25,1.4640000000000002
3249.0,23.23,0.223
3249.25,21.52,-1.2999999999999998
3249.5,20.2,-0.64
3249.75,18.64,-0.201
3250.0,18.26,0.1716
3250.25,17.94,0.0970999999999999
3250.5,17.34,0.667
3250.75,15.45,-0.801
3251.0,13.75,-1.93
3251.25,14.86,-0.8573000000000001
3251.5,17.59,-0.033
3251.75,21.380000000000003,-0.27
3252.0,21.11,-0.2029999999999999
3252.25,20.29,0.29
3252.5,18.85,0.0479999999999999
3252.75,19.01,0.91
3253.0,19.1,0.0989999999999999
3253.25,18.72,-0.3999999999999999
3253.5,22.17,-0.6119999999999999
3253.75,23.75,-0.1199999999999998
3254.0,24.24,-1.1207
3254.25,24.28,-0.317
3254.5,23.4,-0.54
3254.75,22.06,-0.304
3255.0,22.55,-0.36
3255.25,20.32,-0.4989
3255.5,19.79,-0.372
3255.75,15.11,-0.47
3256.0,12.920000000000002,-1.053
3256.25,12.27,-1.305
3256.5,12.06,-1.03
3256.75,12.17,-0.4939999999999999
3257.0,10.95,-1.24
3257.25,10.59,-1.21
3257.5,10.45,-1.52
3257.75,8.75,-1.58
3258.0,8.41,-1.61
3258.25,8.0,-1.53
3258.5,7.950000000000001,-1.55
3258.75,7.970000000000001,-1.43
3259.0,7.51,-1.4
3259.25,7.56,-0.5489999999999999
3259.5,5.57,0.029
3259.75,5.42,-0.383
3260.0,4.220000000000001,-0.414
3260.25,2.552,-0.55
3260.5,2.181,-0.52
3260.75,2.22,-0.4599999999999999
3261.0,1.809,-0.4700000000000001
3261.25,1.7380000000000002,-0.38
3261.5,1.722,-0.42
3261.75,1.726,-0.371
3262.0,1.667,-0.37
3262.25,1.616,-0.242
3262.5,1.528,-0.3399999999999999
3262.75,1.635,-0.268
3263.0,1.479,-0.348
3263.25,1.598,-0.186
3263.5,1.578,-0.2589
3263.75,1.6270000000000002,-0.242
3264.0,1.634,-0.2329999999999999
3264.25,1.636,-0.26643
3264.5,1.592,-0.3289999999999999
3264.75,1.604,-0.239
3265.0,1.541,-0.3409999999999999
3265.25,1.596,-0.279
3265.5,1.53,-0.333
3265.75,1.664,-0.227
3266.0,1.487,-0.366
3266.25,1.562,-0.313
3266.5,1.509,-0.348
3266.75,1.517,-0.364
3267.0,1.4940000000000002,-0.365
3267.25,1.572,-0.311
3267.5,1.519,-0.358
3267.75,1.5790000000000002,-0.293
3268.0,1.568,-0.2636
3268.25,1.5500000000000005,-0.3379999999999999
3268.5,1.457,-0.4
3268.75,1.556,-0.348
3269.0,1.532,-0.348
3269.25,1.63,-0.2421
3269.5,1.564,-0.304
3269.75,1.618,-0.2704
3270.0,1.491,-0.37
3270.25,1.552,-0.324
3270.5,1.476,-0.39
3270.75,1.6010000000000002,-0.283
3271.0,1.463,-0.391
3271.25,1.543,-0.367
3271.5,1.447,-0.407
3271.75,1.5950000000000002,-0.3279999999999999
3272.0,1.473,-0.392
3272.25,1.533,-0.3359999999999999
3272.5,1.6,-0.2623
3272.75,1.596,-0.264
3273.0,1.4580000000000002,-0.405
3273.25,1.532,-0.353
3273.5,1.45,-0.404
3273.75,1.541,-0.354
3274.0,1.468,-0.399
3274.25,1.618,-0.267
3274.5,1.529,-0.328
3274.75,1.581,-0.283
3275.0,1.5679999999999998,-0.305
3275.25,1.5470000000000002,-0.319
3275.5,1.463,-0.398
3275.75,1.5750000000000002,-0.306
3276.0,1.508,-0.361
3276.25,1.548,-0.3409999999999999
3276.5,1.441,-0.403
3276.75,1.668,-0.2078999999999999
3277.0,1.48,-0.366
3277.25,1.521,-0.366
3277.5,1.559,-0.344
3277.75,1.515,-0.3399999999999999
3278.0,1.499,-0.372
3278.25,1.464,-0.392
3278.5,1.512,-0.364
3278.75,1.468,-0.397
3279.0,1.505,-0.359
3279.25,1.5260000000000002,-0.335
3279.5,1.5890000000000002,-0.281
3279.75,1.5570000000000002,-0.31
3280.0,1.621,-0.2579
3280.25,1.527,-0.321
3280.5,1.587,-0.288
3280.75,1.589,-0.29276
3281.0,1.5950000000000002,-0.274
3281.25,1.495,-0.356
3281.5,1.5019999999999998,-0.348
3281.75,1.476,-0.382
3282.0,1.533,-0.316
3282.25,1.432,-0.41
3282.5,1.5770000000000002,-0.3119999999999999
3282.75,1.49,-0.357
3283.0,1.555,-0.3369999999999999
3283.25,1.44,-0.43
3283.5,1.539,-0.355
3283.75,1.527,-0.37
3284.0,1.505,-0.368
3284.25,1.617,-0.253
3284.5,1.724,-0.1524
3284.75,1.5539999999999998,-0.354
3285.0,1.6309999999999998,-0.25093
3285.25,1.5710000000000002,-0.277
3285.5,1.63,-0.25455
3285.75,1.607,-0.292
3286.0,1.56,-0.3
3286.25,1.642,-0.223
3286.5,1.5,-0.349
3286.75,1.5220000000000002,-0.3419999999999999
3287.0,1.527,-0.3369999999999999
3287.25,1.501,-0.373
3287.5,1.572,-0.302
3287.75,1.58,-0.291
3288.0,1.5220000000000002,-0.344
3288.25,1.71,-0.1709
3288.5,1.4699999999999998,-0.378
3288.75,1.569,-0.346
3289.0,1.462,-0.402
3289.25,1.5780000000000003,-0.311
3289.5,1.5100000000000002,-0.369
3289.75,1.5420000000000005,-0.356
3290.0,1.528,-0.36
3290.25,1.644,-0.257
3290.5,1.542,-0.3199999999999999
3290.75,1.664,-0.2417
3291.0,1.516,-0.347
3291.25,1.597,-0.294
3291.5,1.463,-0.403
3291.75,1.511,-0.367
3292.0,1.558,-0.306
3292.25,1.629,-0.345
3292.5,1.517,-0.3339999999999999
3292.75,1.649,-0.2319999999999999
3293.0,1.479,-0.381
3293.25,1.5380000000000005,-0.359
3293.5,1.4660000000000002,-0.402
3293.75,1.54,-0.354
3294.0,1.476,-0.39
3294.25,1.5260000000000002,-0.347
3294.5,1.592,-0.271
3294.75,1.5739999999999998,-0.326
3295.0,1.489,-0.385
3295.25,1.543,-0.3349999999999999
3295.5,1.5380000000000005,-0.3279999999999999
3295.75,1.706,-0.1456
3296.0,1.712,-0.2079
3296.25,1.656,-0.209
3296.5,1.553,-0.3369999999999999
3296.75,1.52,-0.347
3297.0,1.5260000000000002,-0.353
3297.25,1.5060000000000002,-0.368
3297.5,1.485,-0.368
3297.75,1.538,-0.347
3298.0,1.5710000000000002,-0.31
3298.25,1.45,-0.398
3298.5,1.548,-0.3369999999999999
3298.75,1.444,-0.401
3299.0,1.5459999999999998,-0.3399999999999999
3299.25,1.489,-0.37
3299.5,1.693,-0.1557
3299.75,1.514,-0.346
3300.0,1.528,-0.33
3300.25,1.452,-0.399
3300.5,1.565,-0.308
3300.75,1.443,-0.398
3301.0,1.569,-0.318
3301.25,1.584,-0.27
3301.5,1.591,-0.2789
3301.75,1.5750000000000002,-0.296
3302.0,1.594,-0.302
3302.25,1.493,-0.397
3302.5,1.5550000000000002,-0.3369999999999999
3302.75,1.477,-0.373
3303.0,1.6110000000000002,-0.268
3303.25,1.5629999999999995,-0.285
3303.5,1.5539999999999998,-0.2845999999999999
3303.75,1.514,-0.375
3304.0,1.553,-0.355
3304.25,1.4540000000000002,-0.399
3304.5,1.584,-0.308
3304.75,1.513,-0.343
3305.0,1.54,-0.346
3305.25,1.487,-0.374
3305.5,1.48,-0.375
3305.75,1.54,-0.3369999999999999
3306.0,1.448,-0.42
3306.25,1.5670000000000002,-0.3179999999999999
3306.5,1.526,-0.35
3306.75,1.6,-0.283
3307.0,1.552,-0.335
3307.25,1.6549999999999998,-0.2168199999999999
3307.5,1.597,-0.2355
3307.75,1.529,-0.349
3308.0,1.4900000000000002,-0.369
3308.25,1.592,-0.307
3308.5,1.459,-0.42
3308.75,1.5459999999999998,-0.3429999999999999
3309.0,1.457,-0.398
3309.25,1.512,-0.3419999999999999
3309.5,1.465,-0.41
3309.75,1.568,-0.299
3310.0,1.511,-0.36
3310.25,1.54,-0.3409999999999999
3310.5,1.48,-0.41
3310.75,1.5490000000000002,-0.347
3311.0,1.468,-0.387
3311.25,1.522,-0.364
3311.5,1.572,-0.294
3311.75,1.641,-0.2153999999999999
3312.0,1.561,-0.322
3312.25,1.515,-0.3389999999999999
3312.5,1.62,-0.27308
3312.75,1.556,-0.318
3313.0,1.618,-0.2822
3313.25,1.523,-0.345
3313.5,1.544,-0.3319999999999999
3313.75,1.472,-0.405
3314.0,1.526,-0.359
3314.25,1.443,-0.418
3314.5,1.562,-0.3429999999999999
3314.75,1.467,-0.416
3315.0,1.566,-0.326
3315.25,1.457,-0.42
3315.5,1.554,-0.3399999999999999
3315.75,1.459,-0.42
3316.0,1.4939999999999998,-0.374
3316.25,1.601,-0.2529
3316.5,1.499,-0.376
3316.75,1.562,-0.326
3317.0,1.524,-0.355
3317.25,1.477,-0.4
3317.5,1.472,-0.389
3317.75,1.516,-0.374
3318.0,1.442,-0.43
3318.25,1.546,-0.34
3318.5,1.5690000000000002,-0.298
3318.75,2.738,0.1301999999999999
3319.0,3.075,-0.097
3319.25,3.258,-0.599
3319.5,4.293,-0.8300000000000001
3319.75,6.81,-0.3158
3320.0,7.11,-0.42391
3320.25,10.2,-0.5499999999999999
3320.5,14.05,-1.07
3320.75,14.489999999999998,-1.59
3321.0,15.36,-1.67
3321.25,15.8,-1.06
3321.5,15.78,-2.62
3321.75,17.119999999999997,-1.0699999999999998
3322.0,15.32,-1.45
3322.25,14.56,-1.57
3322.5,15.32,-1.48
3322.75,15.03,-2.09
3323.0,16.47,0.22
3323.25,15.04,-0.8719999999999999
3323.5,13.04,-2.03
3323.75,12.85,-1.6999999999999995
3324.0,12.829999999999998,-1.94
3324.25,10.94,-1.7700000000000002
3324.5,11.51,-1.41
3324.75,11.12,-1.46
3325.0,12.330000000000002,-0.431
3325.25,12.87,-0.0039999999999999
3325.5,16.77,0.926
3325.75,17.84,-1.037
3326.0,17.74,-1.0863
3326.25,17.080000000000002,-1.124
3326.5,18.77,-1.67
3326.75,19.59,-1.54
3327.0,19.18,-1.4247999999999998
3327.25,18.68,-1.038
3327.5,17.26,-1.608
3327.75,17.25,-1.149
3328.0,16.69,-1.356
3328.25,17.27,-0.9340000000000002
3328.5,17.89,-0.3279999999999999
3328.75,14.03,-1.166
3329.0,11.01,-1.2599999999999998
3329.25,9.22,-0.221
3329.5,8.66,0.129
3329.75,6.96,-0.473
3330.0,5.99,-1.01
3330.25,5.63,-0.89
3330.5,6.880000000000001,0.216
3330.75,4.94,-0.5341
3331.0,4.13,-1.0499999999999998
3331.25,4.55,-0.71
3331.5,4.88,-0.13
3331.75,4.43,-0.66
3332.0,4.39,-0.307
3332.25,2.356,-0.54
3332.5,3.043,0.2669999999999999
3332.75,2.502,-0.373
3333.0,1.945,-0.49
3333.25,1.7219999999999998,-0.6000000000000001
3333.5,1.783,-0.526
3333.75,1.715,-0.5700000000000001
3334.0,1.883,-0.446
3334.25,1.489,-0.52
3334.5,1.5100000000000002,-0.458
3334.75,1.461,-0.5
3335.0,1.496,-0.46
3335.25,1.4349999999999998,-0.52
3335.5,1.481,-0.47
3335.75,1.5739999999999998,-0.395
3336.0,1.515,-0.422
3336.25,1.597,-0.36815
3336.5,1.516,-0.435
3336.75,1.4740000000000002,-0.48
3337.0,1.444,-0.52
3337.25,1.521,-0.47
3337.5,1.488,-0.47
3337.75,1.611,-0.332
3338.0,1.5260000000000002,-0.43
3338.25,1.485,-0.47
3338.5,1.4900000000000002,-0.47
3338.75,1.447,-0.51
3339.0,1.512,-0.47
3339.25,1.502,-0.45
3339.5,1.518,-0.49
3339.75,1.4420000000000002,-0.53
3340.0,1.56,-0.408
3340.25,1.444,-0.52
3340.5,1.4500000000000002,-0.52
3340.75,1.484,-0.47
3341.0,1.531,-0.45
3341.25,1.488,-0.49
3341.5,1.4329999999999998,-0.54
3341.75,1.594,-0.382
3342.0,1.493,-0.461
3342.25,1.534,-0.433
3342.5,1.489,-0.43
3342.75,3.618,0.781
3343.0,2.766,-0.73
3343.25,3.3670000000000004,-0.464
3343.5,5.25,-0.31
3343.75,5.66,-1.32
3344.0,6.970000000000001,-1.56
3344.25,10.53,-1.16
3344.5,14.67,0.0829999999999999
3344.75,16.33,1.12
3345.0,14.14,-0.628
3345.25,14.81,-0.687
3345.5,14.75,-1.1147
3345.75,15.27,-0.98
3346.0,16.419999999999998,0.9936
3346.25,16.64,-0.15248
3346.5,17.12,-1.285
3346.75,17.97,-0.6279999999999999
3347.0,17.74,-1.59
3347.25,16.95,-1.6
3347.5,15.14,-2.65
3347.75,16.66,-1.3199999999999998
3348.0,13.33,-1.84
3348.25,12.27,-1.66
3348.5,11.4,-1.35
3348.75,12.39,-0.78
3349.0,11.69,-2.01
3349.25,14.91,-0.6
3349.5,17.66,-2.35
3349.75,17.63,-2.2
3350.0,16.59,-3.0500000000000003
3350.25,17.240000000000002,-2.66
3350.5,16.89,-2.72
3350.75,16.72,-2.39
3351.0,16.43,-2.19
3351.25,18.06,-0.98
3351.5,18.96,-1.78
3351.75,19.14,-2.02
3352.0,20.48,0.17659
3352.25,19.8,0.40256
3352.5,16.89,-1.06
3352.75,14.47,-1.485
3353.0,10.98,-0.5880000000000001
3353.25,9.67,-0.2059999999999999
3353.5,9.73,0.034
3353.75,7.83,-0.734
3354.0,6.130000000000001,-1.21
3354.25,6.44,-0.8400000000000001
3354.5,5.19,-1.06
3354.75,5.114,-1.14
3355.0,4.915,-1.0699999999999998
3355.25,4.2940000000000005,-0.9000000000000001
3355.5,3.679,-0.98
3355.75,3.752,-0.94
3356.0,3.398,-0.387
3356.25,2.861,-0.0269999999999999
3356.5,4.569,1.091
3356.75,3.982,0.6200000000000001
3357.0,2.798,-0.298
3357.25,2.1,-0.437
3357.5,1.815,-0.5329999999999999
3357.75,1.743,-0.5800000000000001
3358.0,1.689,-0.54
3358.25,1.442,-0.5
3358.5,1.398,-0.51
3358.75,1.502,-0.429
3359.0,1.444,-0.4600000000000001
3359.25,1.44,-0.484
3359.5,1.423,-0.5
3359.75,1.378,-0.53
3360.0,1.483,-0.4549999999999999
3360.25,1.4129999999999998,-0.51
3360.5,1.5699999999999998,-0.404
3360.75,1.466,-0.45
3361.0,1.492,-0.384
3361.25,1.4209999999999998,-0.5
3361.5,1.391,-0.52
3361.75,1.508,-0.431
3362.0,1.4,-0.51
3362.25,1.484,-0.439
3362.5,1.526,-0.368
3362.75,1.538,-0.371
3363.0,1.51,-0.42
3363.25,1.366,-0.54
3363.5,1.487,-0.445
3363.75,1.3689999999999998,-0.53
3364.0,1.483,-0.4519999999999999
3364.25,1.418,-0.4700000000000001
3364.5,1.488,-0.445
3364.75,1.4049999999999998,-0.5
3365.0,1.375,-0.53
3365.25,1.444,-0.479
3365.5,1.419,-0.5
3365.75,1.431,-0.484
3366.0,1.395,-0.49
3366.25,1.416,-0.48
3366.5,1.443,-0.443
3366.75,3.261,0.6629999999999999
3367.0,1.895,-0.546
3367.25,2.485,-0.78
3367.5,4.15,-0.605
3367.75,5.97,-1.26
3368.0,10.49,-1.28
3368.25,12.12,-1.38
3368.5,15.169999999999998,-1.02
3368.75,17.12,-0.8869
3369.0,16.92,-0.503
3369.25,16.43,-0.8560000000000001
3369.5,15.16,-1.299
3369.75,14.1,-1.69
3370.0,12.79,-1.3543
3370.25,13.62,-0.993
3370.5,17.1,-0.368
3370.75,16.33,-1.04
3371.0,14.759999999999998,-1.832
3371.25,14.88,-0.8170000000000001
3371.5,12.94,-1.5
3371.75,13.68,-0.205
3372.0,11.38,-0.655
3372.25,12.15,-0.6920000000000002
3372.5,11.34,-1.31
3372.75,10.32,-1.6
3373.0,12.010000000000002,-0.1169999999999999
3373.25,12.71,0.1009999999999999
3373.5,13.71,-0.6000000000000001
3373.75,13.7,-1.87
3374.0,14.26,-1.313
3374.25,14.38,-1.149
3374.5,13.849999999999998,-2.35
3374.75,13.8,-2.31
3375.0,14.43,-1.1840000000000002
3375.25,13.71,-0.375
3375.5,14.02,-1.13
3375.75,14.51,-1.0799999999999998
3376.0,14.62,-0.998
3376.25,13.91,-1.3458
3376.5,12.760000000000002,-2.1300000000000003
3376.75,11.87,-1.43
3377.0,9.66,-0.544
3377.25,8.2,-0.484
3377.5,6.46,-1.19
3377.75,4.712,-1.14
3378.0,4.867,-1.12
3378.25,4.631,-1.1800000000000002
3378.5,5.346,-0.463
3378.75,5.369,-0.252
3379.0,4.446,-0.72
3379.25,4.053,-0.99
3379.5,4.156000000000001,-0.8400000000000001
3379.75,5.052,0.0539999999999999
3380.0,4.1240000000000006,-0.91
3380.25,3.418,-0.36
3380.5,2.837,-0.104
3380.75,3.061,0.3229999999999999
3381.0,2.366,-0.47
3381.25,2.194,-0.68
3381.5,1.964,-0.5700000000000001
3381.75,1.6349999999999998,-0.53
3382.0,1.534,-0.56
3382.25,1.457,-0.49
3382.5,1.443,-0.5
3382.75,1.452,-0.48
3383.0,1.447,-0.51
3383.25,1.412,-0.55
3383.5,1.4979999999999998,-0.47
3383.75,1.399,-0.54
3384.0,1.492,-0.49
3384.25,1.499,-0.418
3384.5,1.565,-0.349
3384.75,1.481,-0.5
3385.0,1.4249999999999998,-0.56
3385.25,1.439,-0.53
3385.5,1.398,-0.56
3385.75,1.399,-0.56
3386.0,1.433,-0.53
3386.25,1.464,-0.5
3386.5,1.495,-0.46
3386.75,1.42,-0.55
3387.0,1.436,-0.54
3387.25,1.468,-0.51
3387.5,1.374,-0.5800000000000001
3387.75,1.472,-0.51
3388.0,1.389,-0.5700000000000001
3388.25,1.544,-0.43
3388.5,1.412,-0.54
3388.75,1.3889999999999998,-0.5700000000000001
3389.0,1.4489999999999998,-0.51
3389.25,1.424,-0.53
3389.5,1.491,-0.51
3389.75,1.4859999999999998,-0.466
3390.0,1.5670000000000002,-0.4559999999999999
3390.25,1.6609999999999998,-0.371
3390.5,1.465,-0.454
3390.75,2.71,-0.07057
3391.0,1.977,-0.74
3391.25,3.962,-0.0375999999999999
3391.5,3.881,-0.99
3391.75,6.539999999999999,-0.3078
3392.0,5.970000000000001,-0.5720000000000001
3392.25,5.72,-1.33
3392.5,9.54,-0.85
3392.75,8.77,-1.27
3393.0,9.09,-1.23
3393.25,8.739999999999998,-1.79
3393.5,10.58,-0.72
3393.75,10.06,-1.53
3394.0,9.85,-1.25
3394.25,9.99,-0.7639999999999999
3394.5,9.97,-0.774
3394.75,11.1,0.164
3395.0,10.05,-0.99
3395.25,10.16,-0.96
3395.5,11.15,-0.41
3395.75,9.37,-1.4
3396.0,8.45,-1.09
3396.25,8.71,-0.45
3396.5,8.87,0.1139999999999999
3396.75,7.05,-1.4
3397.0,8.24,-1.5
3397.25,10.61,-0.3519999999999999
3397.5,10.38,-0.883
3397.75,10.65,-1.73
3398.0,10.089999999999998,-1.75
3398.25,11.8,-0.2369999999999999
3398.5,11.25,-1.55
3398.75,12.14,-1.37
3399.0,11.19,-1.256
3399.25,12.22,0.598
3399.5,13.04,-0.3045
3399.75,12.249999999999998,-0.8459000000000001
3400.0,12.63,0.082
3400.25,11.68,-0.086
3400.5,8.7,-1.29
3400.75,8.42,-0.9
3401.0,8.82,0.63
3401.25,7.879999999999999,-0.284
3401.5,6.12,-1.04
3401.75,6.31,-0.7490000000000001
3402.0,6.65,-0.144
3402.25,5.549,-0.78
3402.5,4.6370000000000005,-1.03
3402.75,5.189,-0.67
3403.0,4.581,-0.8300000000000001
3403.25,5.033,-0.89
3403.5,4.875,-0.96
3403.75,5.855,-0.0339999999999999
3404.0,5.683,-0.247
3404.25,3.835,-0.473
3404.5,2.381,-0.61
3404.75,2.371,-0.69
3405.0,2.307,-0.66
3405.25,2.346,-0.6
3405.5,2.147,-0.5700000000000001
3405.75,2.13,-0.5700000000000001
3406.0,2.096,-0.6000000000000001
3406.25,1.425,-0.52
3406.5,1.469,-0.46
3406.75,1.4899999999999998,-0.407
3407.0,1.573,-0.387
3407.25,1.505,-0.43
3407.5,1.57,-0.386
3407.75,1.504,-0.455
3408.0,1.404,-0.5700000000000001
3408.25,1.467,-0.54
3408.5,1.406,-0.55
3408.75,1.417,-0.53
3409.0,1.487,-0.48
3409.25,1.436,-0.5
3409.5,1.4900000000000002,-0.49
3409.75,1.384,-0.56
3410.0,1.4489999999999998,-0.51
3410.25,1.419,-0.53
3410.5,1.4260000000000002,-0.53
3410.75,1.4449999999999998,-0.51
3411.0,1.461,-0.49
3411.25,1.44,-0.51
3411.5,1.504,-0.52
3411.75,1.413,-0.52
3412.0,1.5539999999999998,-0.379
3412.25,1.493,-0.44
3412.5,1.537,-0.423
3412.75,1.5260000000000002,-0.436
3413.0,1.48,-0.47
3413.25,1.481,-0.4600000000000001
3413.5,1.428,-0.52
3413.75,1.3809999999999998,-0.56
3414.0,1.471,-0.51
3414.25,1.372,-0.5700000000000001
3414.5,1.4420000000000002,-0.55
3414.75,2.683,-0.251
3415.0,2.625,-0.232
3415.25,3.706,-0.347
3415.5,4.678,-0.417
3415.75,5.15,-0.645
3416.0,5.5600000000000005,-0.88
3416.25,7.300000000000001,-1.01
3416.5,8.87,0.4059999999999999
3416.75,8.950000000000001,-1.63
3417.0,12.13,-0.8641
3417.25,12.63,-1.51
3417.5,13.38,-1.101
3417.75,12.94,-0.5019
3418.0,11.51,-1.14
3418.25,10.32,-1.17
3418.5,10.239999999999998,-0.92
3418.75,11.4,-0.217
3419.0,10.93,-0.851
3419.25,11.25,-0.67
3419.5,11.04,-1.14
3419.75,11.16,-0.7031000000000001
3420.0,10.22,-0.732
3420.25,11.28,-0.121
3420.5,9.34,-0.58433
3420.75,9.94,0.1089999999999999
3421.0,9.87,-0.615
3421.25,10.62,0.021
3421.5,10.99,-0.817
3421.75,11.37,-0.957
3422.0,12.91,-1.1557
3422.25,12.98,-0.4659999999999999
3422.5,12.95,0.165
3422.75,11.52,-0.813
3423.0,11.39,-0.651
3423.25,10.86,-0.733
3423.5,10.86,-1.08
3423.75,10.39,-0.8238000000000001
3424.0,9.92,-0.7726
3424.25,9.92,-1.02
3424.5,9.57,-0.9574
3424.75,9.06,-1.03
3425.0,8.79,-0.7942
3425.25,8.55,-0.8386
3425.5,8.58,-0.742
3425.75,7.81,-0.914
3426.0,8.780000000000001,-0.7449999999999999
3426.25,8.21,-0.8519
3426.5,7.549999999999999,-0.833
3426.75,7.1,-0.669
3427.0,4.264,-0.8400000000000001
3427.25,2.795,-0.78
3427.5,2.637,-0.72
3427.75,2.56,-0.77
3428.0,2.975,-0.3473299999999999
3428.25,1.329,-0.54
3428.5,1.727,-0.118
3428.75,1.4249999999999998,-0.47
3429.0,1.375,-0.53
3429.25,1.383,-0.5389999999999999
3429.5,1.411,-0.53
3429.75,1.343,-0.55
3430.0,1.4289999999999998,-0.489
3430.25,1.292,-0.53
3430.5,1.4089999999999998,-0.463
3430.75,1.336,-0.5
3431.0,1.4009999999999998,-0.44
3431.25,1.374,-0.48
3431.5,1.34,-0.52
3431.75,1.382,-0.486
3432.0,1.368,-0.52
3432.25,1.36,-0.54
3432.5,1.4900000000000002,-0.365
3432.75,1.368,-0.46
3433.0,1.408,-0.46
3433.25,1.4349999999999998,-0.44
3433.5,1.375,-0.51
3433.75,1.495,-0.348
3434.0,1.419,-0.432
3434.25,1.4220000000000002,-0.439
3434.5,1.483,-0.393
3434.75,1.394,-0.4649999999999999
3435.0,1.424,-0.452
3435.25,1.334,-0.52
3435.5,1.341,-0.51
3435.75,1.467,-0.428
3436.0,1.327,-0.52
3436.25,1.416,-0.467
3436.5,1.3849999999999998,-0.52
3436.75,1.344,-0.52
3437.0,1.383,-0.49
3437.25,1.375,-0.51
3437.5,1.318,-0.53
3437.75,1.407,-0.481
3438.0,1.348,-0.51
3438.25,1.473,-0.413
3438.5,1.312,-0.55
3438.75,1.348,-0.53
3439.0,1.386,-0.49
3439.25,1.371,-0.52
3439.5,1.496,-0.5499999999999999
3439.75,2.011,-0.6040000000000001
3440.0,1.944,-0.67
3440.25,2.068,-0.5900000000000001
3440.5,1.986,-0.62
3440.75,2.034,-0.59
3441.0,2.011,-0.61
3441.25,2.021,-0.63
3441.5,2.882,-0.54
3441.75,2.161,-0.438
3442.0,2.021,-0.5900000000000001
3442.25,2.098,-0.563
3442.5,2.053,-0.6
3442.75,2.044,-0.5900000000000001
3443.0,2.35,-0.46069
3443.25,2.327,-0.483
3443.5,2.235,-0.499
3443.75,1.837,-0.61
3444.0,1.994,-0.6
3444.25,2.209,-0.579
3444.5,2.311,-0.63
3444.75,2.17,-0.52
3445.0,2.323,-0.445
3445.25,2.166,-0.59
3445.5,1.992,-0.498
3445.75,1.948,-0.5499999999999999
3446.0,2.036,-0.5900000000000001
3446.25,2.019,-0.5700000000000001
3446.5,2.27,-0.55
3446.75,2.338,-0.461
3447.0,2.287,-0.56
3447.25,2.234,-0.6000000000000001
3447.5,2.28,-0.575
3447.75,2.298,-0.63
3448.0,2.664,-0.65
3448.25,2.367,-0.529
3448.5,2.317,-0.64
3448.75,2.398,-0.65
3449.0,2.006,-0.55
3449.25,1.903,-0.54
3449.5,1.928,-0.51
3449.75,1.825,-0.56
3450.0,1.769,-0.56
3450.25,1.859,-0.51
3450.5,1.911,-0.5800000000000001
3450.75,1.621,-0.52
3451.0,1.445,-0.436
3451.25,1.396,-0.46
3451.5,1.529,-0.38167
3451.75,1.4010000000000002,-0.461
3452.0,1.3969999999999998,-0.51
3452.25,1.383,-0.49
3452.5,1.352,-0.52
3452.75,1.314,-0.54
3453.0,1.505,-0.337
3453.25,1.418,-0.41
3453.5,1.464,-0.45
3453.75,1.329,-0.54
3454.0,1.336,-0.54
3454.25,1.414,-0.467
3454.5,1.334,-0.54
3454.75,1.3570000000000002,-0.53
3455.0,1.398,-0.5
3455.25,1.372,-0.51
3455.5,1.416,-0.47
3455.75,1.458,-0.47
3456.0,1.385,-0.51
3456.25,1.496,-0.367
3456.5,1.379,-0.46
3456.75,1.3729999999999998,-0.5
3457.0,1.414,-0.479
3457.25,1.34,-0.51
3457.5,1.4249999999999998,-0.469
3457.75,1.3529999999999998,-0.51
3458.0,1.404,-0.48
3458.25,1.4879999999999998,-0.43
3458.5,1.3730000000000002,-0.53
3458.75,1.338,-0.55
3459.0,1.469,-0.41
3459.25,1.4500000000000002,-0.4029999999999999
3459.5,1.3849999999999998,-0.5
3459.75,1.485,-0.42
3460.0,1.4260000000000002,-0.46
3460.25,1.5299999999999998,-0.38821
3460.5,1.375,-0.51
3460.75,1.448,-0.44
3461.0,1.434,-0.4600000000000001
3461.25,1.363,-0.52
3461.5,1.3649999999999998,-0.52
3461.75,1.423,-0.489
3462.0,1.35,-0.53
3462.25,1.4369999999999998,-0.462
3462.5,1.362,-0.53
3462.75,1.347,-0.55
3463.0,1.469,-0.4549999999999999
3463.25,1.4089999999999998,-0.47
3463.5,1.394,-0.49
3463.75,1.3949999999999998,-0.51
3464.0,1.362,-0.54
3464.25,1.362,-0.51
3464.5,1.389,-0.51
3464.75,1.354,-0.54
3465.0,1.419,-0.453
3465.25,1.454,-0.391
3465.5,1.359,-0.49
3465.75,1.4660000000000002,-0.425
3466.0,1.311,-0.54
3466.25,1.35,-0.52
3466.5,1.3530000000000002,-0.51
3466.75,1.302,-0.54
3467.0,1.403,-0.477
3467.25,1.29,-0.54
3467.5,1.324,-0.53
3467.75,1.379,-0.5
3468.0,1.424,-0.51
3468.25,1.5220000000000002,-0.31
3468.5,1.564,-0.2996
3468.75,1.427,-0.407
3469.0,1.502,-0.385
3469.25,1.317,-0.53
3469.5,1.336,-0.52
3469.75,1.396,-0.48
3470.0,1.342,-0.52
3470.25,1.324,-0.53
3470.5,1.452,-0.437
3470.75,1.532,-0.339
3471.0,1.432,-0.43
3471.25,1.311,-0.56
3471.5,1.283,-0.56
3471.75,1.386,-0.488
3472.0,1.286,-0.55
3472.25,1.329,-0.52
3472.5,1.3570000000000002,-0.5
3472.75,1.312,-0.54
3473.0,1.362,-0.49
3473.25,1.375,-0.49
3473.5,1.288,-0.55
3473.75,1.3949999999999998,-0.468
3474.0,1.278,-0.55
3474.25,1.288,-0.56
3474.5,1.356,-0.5
3474.75,1.292,-0.55
3475.0,1.354,-0.5
3475.25,1.356,-0.52
3475.5,1.379,-0.5
3475.75,1.4509999999999998,-0.409
3476.0,1.459,-0.365
3476.25,1.384,-0.468
3476.5,1.527,-0.38
3476.75,1.386,-0.474
3477.0,1.449,-0.458
3477.25,1.3370000000000002,-0.53
3477.5,1.334,-0.54
3477.75,1.419,-0.4620000000000001
3478.0,1.402,-0.47
3478.25,1.3259999999999998,-0.55
3478.5,1.4340000000000002,-0.469
3478.75,1.3239999999999998,-0.54
3479.0,1.396,-0.5
3479.25,1.394,-0.55
3479.5,1.4,-0.5
3479.75,1.459,-0.4
3480.0,1.389,-0.47
3480.25,1.398,-0.47
3480.5,1.4620000000000002,-0.43
3480.75,1.38,-0.48
3481.0,1.539,-0.349
3481.25,1.374,-0.5
3481.5,1.353,-0.54
3481.75,1.5,-0.433
3482.0,1.312,-0.56
3482.25,1.364,-0.53
3482.5,1.4019999999999997,-0.5
3482.75,1.399,-0.5
3483.0,1.421,-0.47
3483.25,1.378,-0.55
3483.5,1.33,-0.56
3483.75,1.453,-0.489
3484.0,1.3899999999999997,-0.491
3484.25,1.414,-0.461
3484.5,1.517,-0.3869
3484.75,1.3889999999999998,-0.492
3485.0,1.426,-0.49
3485.25,1.384,-0.51
3485.5,1.404,-0.47
3485.75,1.4240000000000002,-0.45
3486.0,1.4520000000000002,-0.394
3486.25,1.3370000000000002,-0.53
3486.5,1.367,-0.51
3486.75,2.703,-0.302
3487.0,2.956,-0.57
3487.25,3.552,-0.484
3487.5,3.776,-0.98
3487.75,6.598,-0.4720999999999999
3488.0,6.29,-0.887
3488.25,7.299999999999999,-1.21
3488.5,9.77,-0.3209999999999999
3488.75,13.27,-0.5569999999999999
3489.0,13.46,-1.09
3489.25,13.54,-1.35
3489.5,14.86,-1.7200000000000002
3489.75,16.17,-1.43
3490.0,14.79,-1.58
3490.25,13.88,-1.15
3490.5,12.68,-2.31
3490.75,13.37,-1.65
3491.0,14.2,-1.09
3491.25,14.2,-1.5399999999999998
3491.5,15.55,-0.2823
3491.75,13.03,-1.4700000000000002
3492.0,12.28,-1.2799999999999998
3492.25,12.18,-1.46
3492.5,11.739999999999998,-1.55
3492.75,11.2,-1.93
3493.0,13.02,-1.06
3493.25,11.16,-1.38
3493.5,12.010000000000002,-1.97
3493.75,12.81,-2.01
3494.0,14.23,-2.38
3494.25,14.91,-1.4699999999999998
3494.5,13.65,-2.51
3494.75,13.91,-2.16
3495.0,13.93,-2.03
3495.25,12.87,-2.17
3495.5,14.36,-0.69
3495.75,14.19,-1.57
3496.0,14.259999999999998,-1.4200000000000002
3496.25,13.13,-2.37
3496.5,12.98,-2.45
3496.75,12.66,-2.35
3497.0,10.1,-1.87
3497.25,7.039999999999999,-1.32
3497.5,7.09,-1.43
3497.75,6.34,-1.29
3498.0,6.15,-1.35
3498.25,5.890000000000001,-1.31
3498.5,5.739999999999999,-0.8
3498.75,4.99,-1.13
3499.0,5.458,-0.75
3499.25,5.287,-1.2
3499.5,5.361,-1.17
3499.75,5.300000000000001,-1.13
3500.0,5.093,-0.74
3500.25,3.298,-0.91
3500.5,2.697,-0.74
3500.75,2.419,-0.79
3501.0,2.49,-0.74
3501.25,2.276,-0.74
3501.5,2.11,-0.64
3501.75,1.841,-0.45
3502.0,1.881,-0.336
3502.25,1.468,-0.45
3502.5,1.4760000000000002,-0.47
3502.75,1.417,-0.53
3503.0,1.487,-0.48
3503.25,1.4009999999999998,-0.54
3503.5,1.4369999999999998,-0.52
3503.75,1.4619999999999995,-0.49
3504.0,1.431,-0.53
3504.25,1.4169999999999998,-0.51
3504.5,1.528,-0.42
3504.75,1.387,-0.56
3505.0,1.452,-0.53
3505.25,1.4129999999999998,-0.56
3505.5,1.376,-0.5800000000000001
3505.75,1.536,-0.459
3506.0,1.4660000000000002,-0.489
3506.25,1.531,-0.447
3506.5,1.529,-0.442
3506.75,1.491,-0.47
3507.0,1.499,-0.46
3507.25,1.454,-0.5
3507.5,1.487,-0.424
3507.75,1.5060000000000002,-0.48
3508.0,1.4009999999999998,-0.55
3508.25,1.473,-0.52
3508.5,1.432,-0.55
3508.75,1.4289999999999998,-0.56
3509.0,1.469,-0.5
3509.25,1.465,-0.5
3509.5,1.431,-0.51
3509.75,1.492,-0.49
3510.0,1.398,-0.54
3510.25,1.4129999999999998,-0.53
3510.5,1.431,-0.52
3510.75,2.4,-0.203
3511.0,2.695,-0.73
3511.25,3.274,-0.8899999999999999
3511.5,7.42,0.6079
3511.75,7.01,-1.37
3512.0,7.68,-1.03
3512.25,11.37,-1.41
3512.5,14.849999999999998,-0.457
3512.75,13.790000000000004,-1.97
3513.0,13.839999999999998,-2.1
3513.25,14.27,-2.66
3513.5,15.28,-1.84
3513.75,14.56,-2.1500000000000004
3514.0,16.599999999999998,-1.4
3514.25,16.15,-0.861
3514.5,16.98,-2.67
3514.75,16.41,-2.62
3515.0,16.46,-3.03
3515.25,16.35,-2.84
3515.5,15.43,-2.32
3515.75,13.5,-2.06
3516.0,13.76,-1.4
3516.25,13.29,-1.59
3516.5,11.63,-1.78
3516.75,13.1,-0.87
3517.0,13.31,-1.23
3517.25,13.78,-1.87
3517.5,15.19,-1.31
3517.75,14.47,-2.35
3518.0,14.94,-2.53
3518.25,14.68,-2.29
3518.5,14.650000000000002,-2.54
3518.75,15.09,-2.32
3519.0,15.25,-2.14
3519.25,16.77,-1.2
3519.5,17.71,-1.72
3519.75,16.64,-2.5700000000000003
3520.0,15.7,-2.82
3520.25,15.69,-2.3400000000000003
3520.5,13.25,-2.46
3520.75,12.41,-2.08
3521.0,11.74,-1.34
3521.25,10.46,-1.57
3521.5,9.65,-1.65
3521.75,9.26,-1.19
3522.0,8.120000000000001,-1.53
3522.25,8.33,-0.5737000000000001
3522.5,6.859999999999999,-0.8700000000000001
3522.75,5.989999999999999,-1.25
3523.0,5.6,-1.1800000000000002
3523.25,4.96,-1.18
3523.5,5.1,-1.02
3523.75,5.23,-0.98
3524.0,5.0600000000000005,-1.14
3524.25,3.45,-0.76
3524.5,2.85,-0.76
3524.75,2.307,-0.65
3525.0,2.242,-0.57
3525.25,2.254,-0.57
3525.5,2.082,-0.59
3525.75,2.172,-0.5399999999999999
3526.0,2.27,-0.55
3526.25,1.721,-0.433
3526.5,1.585,-0.53
3526.75,1.608,-0.425
3527.0,1.618,-0.47
3527.25,1.729,-0.55
3527.5,1.606,-0.53
3527.75,1.569,-0.55
3528.0,1.538,-0.54
3528.25,1.791,-0.45
3528.5,1.582,-0.49
3528.75,1.546,-0.5599999999999999
3529.0,1.617,-0.489
3529.25,1.555,-0.57
3529.5,1.616,-0.5
3529.75,1.706,-0.51
3530.0,1.598,-0.55
3530.25,1.626,-0.51
3530.5,1.563,-0.54
3530.75,1.576,-0.54
3531.0,1.86,-0.42
3531.25,1.53,-0.5599999999999999
3531.5,1.616,-0.48
3531.75,1.629,-0.51
3532.0,1.567,-0.5
3532.25,1.759,-0.347
3532.5,1.527,-0.53
3532.75,1.638,-0.4599999999999999
3533.0,1.659,-0.425
3533.25,1.73,-0.407
3533.5,1.837,-0.41
3533.75,1.625,-0.51
3534.0,1.509,-0.57
3534.25,1.656,-0.52
3534.5,1.568,-0.481
3534.75,2.637,-0.0837
3535.0,2.821,-0.1810999999999999
3535.25,3.148,-0.324
3535.5,4.42,-0.2121
3535.75,6.9,-0.42
3536.0,8.14,-0.4943
3536.25,11.23,-1.6800000000000002
3536.5,14.760000000000002,-0.1758
3536.75,16.4,0.0016999999999999
3537.0,13.98,-2.12
3537.25,14.83,-1.68
3537.5,15.16,-1.57
3537.75,14.48,-2.56
3538.0,15.2,-1.94
3538.25,14.140000000000002,-1.63
3538.5,14.24,-1.97
3538.75,15.18,-2.1
3539.0,14.499999999999998,-2.47
3539.25,12.59,-2.36
3539.5,13.01,-1.66
3539.75,14.0,-2.32
3540.0,15.489999999999998,-1.6800000000000002
3540.25,15.739999999999998,-1.13
3540.5,14.35,-1.62
3540.75,14.56,-1.55
3541.0,14.25,-1.63
3541.25,15.88,-0.8499999999999999
3541.5,16.310000000000002,-2.19
3541.75,18.19,-2.05
3542.0,18.48,-2.51
3542.25,18.05,-2.79
3542.5,17.990000000000002,-3.28
3542.75,17.82,-3.2
3543.0,17.060000000000002,-2.66
3543.25,16.119999999999997,-2.21
3543.5,15.32,-2.83
3543.75,15.94,-2.59
3544.0,15.38,-2.85
3544.25,15.45,-2.41
3544.5,14.66,-2.7
3544.75,14.13,-2.43
3545.0,12.29,-1.6800000000000002
3545.25,9.35,-1.71
3545.5,8.09,-1.6
3545.75,7.88,-1.4
3546.0,5.29,-1.14
3546.25,5.11,-1.19
3546.5,5.35,-0.772
3546.75,5.16,-1.06
3547.0,4.8500000000000005,-1.09
3547.25,4.8100000000000005,-1.14
3547.5,4.67,-0.79
3547.75,4.22,-1.17
3548.0,4.45,-1.06
3548.25,2.524,-0.268
3548.5,1.876,-0.56
3548.75,1.861,-0.5489999999999999
3549.0,1.7680000000000002,-0.62
3549.25,1.838,-0.5569999999999999
3549.5,1.897,-0.4499999999999999
3549.75,1.737,-0.59
3550.0,1.563,-0.519
3550.25,1.539,-0.55
3550.5,1.537,-0.54
3550.75,1.5659999999999998,-0.518
3551.0,1.5659999999999998,-0.53
3551.25,1.555,-0.53
3551.5,1.658,-0.429
3551.75,1.6070000000000002,-0.421
3552.0,1.48,-0.57
3552.25,1.58,-0.519
3552.5,1.459,-0.58
3552.75,1.481,-0.57
3553.0,1.517,-0.54
3553.25,1.464,-0.58
3553.5,1.493,-0.5499999999999999
3553.75,1.5799999999999998,-0.49
3554.0,1.62,-0.43
3554.25,1.5579999999999998,-0.47
3554.5,1.5500000000000005,-0.525
3554.75,1.503,-0.5499999999999999
3555.0,1.503,-0.5499999999999999
3555.25,1.5460000000000005,-0.53
3555.5,1.4620000000000002,-0.59
3555.75,1.509,-0.5599999999999999
3556.0,1.586,-0.516
3556.25,1.5670000000000002,-0.499
3556.5,1.862,-0.3196
3556.75,1.767,-0.232
3557.0,1.5479999999999998,-0.48
3557.25,1.56,-0.505
3557.5,1.4899999999999998,-0.54
3557.75,1.4779999999999998,-0.59
3558.0,1.501,-0.55
3558.25,1.492,-0.57
3558.5,1.475,-0.58
3558.75,2.664,-0.1588999999999999
3559.0,2.858,-0.2062
3559.25,2.89,-0.68
3559.5,4.892,-0.98
3559.75,5.736000000000001,-0.893
3560.0,5.241,-1.3199999999999998
3560.25,10.91,-1.14
3560.5,15.3,-1.14
3560.75,12.92,-1.9
3561.0,12.89,-1.58
3561.25,14.02,-2.1
3561.5,14.44,-2.21
3561.75,13.989999999999998,-2.66
3562.0,14.16,-2.26
3562.25,15.4,-1.46
3562.5,17.44,-0.65
3562.75,16.03,-2.41
3563.0,17.82,-2.4
3563.25,16.0,-2.87
3563.5,13.51,-1.77
3563.75,13.93,-1.64
3564.0,11.25,-1.78
3564.25,12.52,-1.61
3564.5,11.86,-0.79
3564.75,12.08,-1.08
3565.0,11.07,-1.54
3565.25,12.08,-1.7399999999999998
3565.5,15.72,-1.19
3565.75,15.95,-2.5700000000000003
3566.0,16.41,-2.11
3566.25,17.330000000000002,-2.21
3566.5,18.12,-1.83
3566.75,17.66,-2.25
3567.0,15.989999999999998,-2.0700000000000003
3567.25,15.87,-1.65
3567.5,18.39,-0.179
3567.75,18.8,-0.0929999999999999
3568.0,15.88,-1.13
3568.25,15.580000000000002,-1.1
3568.5,14.64,-1.14
3568.75,13.81,-1.45
3569.0,13.03,-1.1840000000000002
3569.25,13.51,0.105
3569.5,9.45,-1.52
3569.75,8.540000000000001,-1.74
3570.0,7.09,-1.36
3570.25,5.604,-1.08
3570.5,4.322,-1.07
3570.75,4.382,-1.1
3571.0,5.744,-1.23
3571.25,5.6,-1.13
3571.5,5.3950000000000005,-1.14
3571.75,5.198,-1.09
3572.0,5.488,-0.589655
3572.25,3.594,-0.648
3572.5,4.015,-0.173
3572.75,3.515,-0.175
3573.0,2.9400000000000004,-0.2531
3573.25,2.868,-0.321
3573.5,2.887,-0.3212
3573.75,2.663,-0.3399999999999999
3574.0,2.156,-0.51
3574.25,1.602,-0.5700000000000001
3574.5,1.604,-0.458
3574.75,1.46,-0.53
3575.0,1.54,-0.47
3575.25,1.596,-0.426
3575.5,1.464,-0.53
3575.75,1.491,-0.52
3576.0,1.533,-0.498
3576.25,1.493,-0.52
3576.5,1.472,-0.52
3576.75,1.5340000000000005,-0.5
3577.0,1.498,-0.53
3577.25,1.4700000000000002,-0.55
3577.5,1.5550000000000002,-0.484
3577.75,1.542,-0.48
3578.0,1.5,-0.5
3578.25,1.531,-0.5
3578.5,1.497,-0.51
3578.75,1.496,-0.51
3579.0,1.5539999999999998,-0.453
3579.25,1.6050000000000002,-0.419
3579.5,1.557,-0.459
3579.75,1.463,-0.54
3580.0,1.549,-0.49
3580.25,1.492,-0.53
3580.5,1.516,-0.49
3580.75,1.6110000000000002,-0.439
3581.0,1.504,-0.5700000000000001
3581.25,1.491,-0.51
3581.5,1.632,-0.381
3581.75,1.48,-0.51
3582.0,1.497,-0.5
3582.25,1.497,-0.53
3582.5,1.471,-0.54
3582.75,2.569,-0.1971
3583.0,2.375,-0.5700000000000001
3583.25,2.83,-0.69
3583.5,3.598,-0.8400000000000001
3583.75,9.02,-0.436
3584.0,9.09,-1.11
3584.25,9.46,-1.1
3584.5,14.77,-0.5289999999999999
3584.75,15.35,-2.17
3585.0,16.04,-2.4
3585.25,16.64,-1.7000000000000002
3585.5,19.77,-1.549
3585.75,17.47,-2.72
3586.0,18.3,-1.07172
3586.25,17.669999999999998,-1.1385
3586.5,16.61,-2.46
3586.75,19.05,-1.75
3587.0,17.22,-2.27
3587.25,17.91,-1.7
3587.5,15.47,-2.27
3587.75,15.44,-1.23
3588.0,13.23,-2.08
3588.25,13.59,-1.6
3588.5,15.27,-1.4300000000000002
3588.75,14.13,-1.99
3589.0,14.6,-1.7799999999999998
3589.25,15.0,-1.06
3589.5,12.68,-2.04
3589.75,12.51,-1.84
3590.0,13.45,-3.0
3590.25,13.829999999999998,-3.21
3590.5,15.19,-2.52
3590.75,13.61,-2.18
3591.0,12.36,-2.47
3591.25,13.02,-1.87
3591.5,13.259999999999998,-1.13
3591.75,12.07,-2.31
3592.0,11.95,-2.0
3592.25,12.0,-2.12
3592.5,11.36,-2.24
3592.75,11.44,-1.86
3593.0,10.58,-2.18
3593.25,11.35,-1.06
3593.5,10.74,-1.32
3593.75,11.05,-1.21
3594.0,10.51,-0.291
3594.25,7.0200000000000005,-0.5481999999999999
3594.5,6.0200000000000005,-1.07
3594.75,5.82,-1.14
3595.0,5.0600000000000005,-1.2000000000000002
3595.25,4.783,-1.25
3595.5,4.686,-1.2000000000000002
3595.75,4.539,-1.11
3596.0,4.535,-1.11
3596.25,2.045,-0.617
3596.5,1.759,-0.423
3596.75,1.8000000000000005,-0.361
3597.0,1.605,-0.5499999999999999
3597.25,1.643,-0.5720000000000001
3597.5,1.5619999999999998,-0.63
3597.75,1.546,-0.64
3598.0,1.5499999999999998,-0.512
3598.25,1.28,-0.5599999999999999
3598.5,1.29,-0.55
3598.75,1.3889999999999998,-0.488
3599.0,1.33,-0.55
3599.25,1.361,-0.49
3599.5,1.364,-0.489
3599.75,1.276,-0.57
3600.0,1.3210000000000002,-0.54
3600.25,1.367,-0.524
3600.5,1.293,-0.57
3600.75,1.294,-0.55
3601.0,1.327,-0.52
3601.25,1.289,-0.5599999999999999
3601.5,1.258,-0.57
3601.75,1.305,-0.5399999999999999
3602.0,1.363,-0.5
3602.25,1.295,-0.53
3602.5,1.325,-0.53
3602.75,1.294,-0.55
3603.0,1.258,-0.57
3603.25,1.321,-0.5499999999999999
3603.5,1.322,-0.53
3603.75,1.263,-0.58
3604.0,1.364,-0.48
3604.25,1.418,-0.434
3604.5,1.399,-0.47
3604.75,1.347,-0.5
3605.0,1.386,-0.49
3605.25,1.314,-0.5499999999999999
3605.5,1.271,-0.57
3605.75,1.388,-0.54
3606.0,1.343,-0.52
3606.25,1.326,-0.47
3606.5,1.404,-0.4609999999999999
3606.75,1.326,-0.53
3607.0,1.244,-0.59
3607.25,1.46,-0.541
3607.5,1.401,-0.5900000000000001
3607.75,1.444,-0.55
3608.0,4.19,-1.3
3608.25,21.89,7.65
3608.5,21.36,7.529999999999999
3608.75,22.380000000000003,8.02
3609.0,20.66,7.13
3609.25,19.16,6.27
3609.5,19.34,6.42
3609.75,18.82,6.109999999999999
3610.0,19.94,6.81
3610.25,18.72,6.1
3610.5,20.03,6.89
3610.75,20.23,6.96
3611.0,18.81,6.18
3611.25,17.62,5.53
3611.5,17.689999999999998,5.449999999999999
3611.75,19.13,6.44
3612.0,14.36,4.640000000000001
3612.25,1.2959999999999998,-0.49
3612.5,1.247,-0.52
3612.75,1.303,-0.5
3613.0,1.326,-0.48
3613.25,1.255,-0.53
3613.5,1.343,-0.45
3613.75,1.435,-0.3419999999999999
3614.0,1.477,-0.269
3614.25,1.382,-0.374
3614.5,1.352,-0.436
3614.75,2.0650000000000004,0.05503
3615.0,1.237,-0.52
3615.25,1.31,-0.476
3615.5,1.25,-0.51
3615.75,1.225,-0.53
3616.0,1.342,-0.448
3616.25,1.278,-0.48
3616.5,1.282,-0.47
3616.75,1.338,-0.452
3617.0,1.226,-0.53
3617.25,1.264,-0.51
3617.5,1.3070000000000002,-0.46
3617.75,1.231,-0.52
3618.0,1.284,-0.5
3618.25,1.344,-0.5
3618.5,1.3130000000000002,-0.41
3618.75,1.3130000000000002,-0.42
3619.0,1.378,-0.41
3619.25,1.385,-0.42
3619.5,1.241,-0.51
3619.75,1.316,-0.45
3620.0,1.247,-0.53
3620.25,1.227,-0.53
3620.5,1.306,-0.5
3620.75,1.274,-0.51
3621.0,1.252,-0.52
3621.25,1.329,-0.47
3621.5,1.291,-0.5
3621.75,1.336,-0.45
3622.0,1.323,-0.47
3622.25,1.306,-0.48
3622.5,1.295,-0.5
3622.75,1.26,-0.51
3623.0,1.3279999999999998,-0.463
3623.25,1.282,-0.51
3623.5,1.257,-0.51
3623.75,1.337,-0.469
3624.0,1.325,-0.46
3624.25,1.364,-0.433
3624.5,1.48,-0.334
3624.75,1.3370000000000002,-0.45
3625.0,1.2839999999999998,-0.52
3625.25,1.348,-0.47
3625.5,1.3130000000000002,-0.51
3625.75,1.268,-0.53
3626.0,1.306,-0.51
3626.25,1.2879999999999998,-0.51
3626.5,1.249,-0.54
3626.75,1.322,-0.48
3627.0,1.294,-0.5
3627.25,1.284,-0.49
3627.5,1.372,-0.44
3627.75,1.418,-0.359
3628.0,1.299,-0.47
3628.25,1.289,-0.51
3628.5,1.326,-0.48
3628.75,1.257,-0.54
3629.0,1.3039999999999998,-0.5
3629.25,1.342,-0.47
3629.5,1.266,-0.53
3629.75,1.278,-0.52
3630.0,1.315,-0.48
3630.25,1.307,-0.49
3630.5,1.375,-0.49
3630.75,1.375,-0.4
3631.0,1.3529999999999998,-0.405
3631.25,1.276,-0.49
3631.5,1.3079999999999998,-0.49
3631.75,1.3530000000000002,-0.508
3632.0,0.0,0.0
3632.25,0.0,0.0
3632.5,0.0,0.0
3632.75,0.0,0.0
3633.0,0.0,0.0
3633.25,0.0,0.0
3633.5,0.0,0.0
3633.75,0.0,0.0
3634.0,0.0,0.0
3634.25,0.0,0.0
3634.5,0.0,0.0
3634.75,0.0,0.0
3635.0,0.0,0.0
3635.25,0.0,0.0
3635.5,0.0,0.0
3635.75,0.0,0.0
3636.0,0.0,0.0
3636.25,0.0,0.0
3636.5,0.0,0.0
3636.75,0.0,0.0
3637.0,0.0,0.0
3637.25,0.0,0.0
3637.5,0.0,0.0
3637.75,0.0,0.0
3638.0,0.0,0.0
3638.25,0.0,0.0
3638.5,0.0,0.0
3638.75,0.0,0.0
3639.0,0.0,0.0
3639.25,0.0,0.0
3639.5,0.0,0.0
3639.75,0.0,0.0
3640.0,0.0,0.0
3640.25,0.0,0.0
3640.5,0.0,0.0
3640.75,0.0,0.0
3641.0,0.0,0.0
3641.25,0.0,0.0
3641.5,2.31,0.04
3641.75,2.226,0.0184999999999999
3642.0,1.944,-0.1704999999999999
3642.25,1.831,-0.2449
3642.5,1.7,-0.3409999999999999
3642.75,1.581,-0.43
3643.0,1.532,-0.51
3643.25,1.593,-0.46
3643.5,1.529,-0.51
3643.75,1.6450000000000002,-0.43
3644.0,1.555,-0.51
3644.25,1.5340000000000005,-0.52
3644.5,1.608,-0.46
3644.75,1.523,-0.54
3645.0,1.529,-0.54
3645.25,1.601,-0.48
3645.5,1.558,-0.52
3645.75,1.577,-0.49
3646.0,1.585,-0.5
3646.25,1.524,-0.53
3646.5,1.574,-0.5
3646.75,1.537,-0.53
3647.0,1.525,-0.54
3647.25,1.578,-0.5
3647.5,1.577,-0.49
3647.75,1.541,-0.54
3648.0,1.61,-0.47
3648.25,1.519,-0.55
3648.5,1.507,-0.56
3648.75,1.552,-0.54
3649.0,1.561,-0.52
3649.25,1.508,-0.5700000000000001
3649.5,1.556,-0.51
3649.75,1.637,-0.44
3650.0,1.5,-0.56
3650.25,1.513,-0.55
3650.5,1.585,-0.49
3650.75,1.51,-0.56
3651.0,1.496,-0.5800000000000001
3651.25,1.569,-0.51
3651.5,1.5339999999999998,-0.52
3651.75,1.706,-0.408
3652.0,1.633,-0.433
3652.25,1.6720000000000002,-0.405
3652.5,1.517,-0.54
3652.75,1.492,-0.5700000000000001
3653.0,1.56,-0.52
3653.25,1.519,-0.54
3653.5,1.504,-0.56
3653.75,1.5530000000000002,-0.51
3654.0,1.594,-0.47
3654.25,1.512,-0.53
3654.5,1.487,-0.5700000000000001
3654.75,2.9610000000000003,-0.0824
3655.0,2.007,-0.63
3655.25,3.3200000000000003,-0.365
3655.5,5.61,-0.78
3655.75,7.42,-0.4336
3656.0,8.15,-0.683
3656.25,12.87,-0.599
3656.5,24.1,3.053
3656.75,25.49,2.365
3657.0,25.54,2.806
3657.25,24.950000000000003,1.523
3657.5,27.56,1.361
3657.75,28.7,1.011
3658.0,29.130000000000003,2.375
3658.25,29.57,1.941
3658.5,27.130000000000003,-1.01
3658.75,26.56,-1.5299999999999998
3659.0,28.63,-0.622
3659.25,28.54,0.3467
3659.5,21.08,-0.8896999999999999
3659.75,18.22,-1.247
3660.0,17.8,-1.05
3660.25,19.48,-0.79
3660.5,19.97,-1.29
3660.75,19.08,-1.7
3661.0,18.93,-1.25
3661.25,18.1,-0.92
3661.5,19.18,-0.0591
3661.75,18.62,-1.61
3662.0,21.64,-1.2200000000000002
3662.25,20.73,-0.71571
3662.5,21.9,-0.489
3662.75,23.15,-0.87
3663.0,24.5,-0.4884
3663.25,23.48,-0.48807
3663.5,27.31,0.3999999999999999
3663.75,28.1,-0.611
3664.0,26.77,-1.008
3664.25,26.0,-0.5314
3664.5,23.55,-0.897
3664.75,23.02,-0.7649999999999999
3665.0,21.03,-0.881
3665.25,14.62,-2.06
3665.5,12.12,-1.093
3665.75,10.49,-1.48
3666.0,8.059999999999999,-1.5699999999999998
3666.25,7.119999999999999,-1.39
3666.5,5.53,-1.17
3666.75,6.890000000000001,-0.8700000000000001
3667.0,5.23,-1.19
3667.25,4.699999999999999,-1.06
3667.5,4.413,-1.1
3667.75,4.357,-1.1
3668.0,4.347,-1.14
3668.25,3.918,-0.467
3668.5,2.765,-0.8
3668.75,2.046,-0.56
3669.0,2.032,-0.5700000000000001
3669.25,2.079,-0.5700000000000001
3669.5,2.049,-0.6100000000000001
3669.75,1.995,-0.67
3670.0,1.847,-0.61
3670.25,1.549,-0.54
3670.5,1.524,-0.56
3670.75,1.501,-0.55
3671.0,1.5870000000000002,-0.502
3671.25,1.495,-0.5700000000000001
3671.5,1.492,-0.5800000000000001
3671.75,1.532,-0.55
3672.0,1.6350000000000002,-0.4619999999999999
3672.25,1.462,-0.5800000000000001
3672.5,1.475,-0.5700000000000001
3672.75,1.4800000000000002,-0.5700000000000001
3673.0,1.543,-0.52
3673.25,1.4720000000000002,-0.5800000000000001
3673.5,1.47,-0.5900000000000001
3673.75,1.519,-0.55
3674.0,1.529,-0.53
3674.25,1.581,-0.51
3674.5,1.5499999999999998,-0.51
3674.75,1.665,-0.366
3675.0,1.491,-0.56
3675.25,1.486,-0.5800000000000001
3675.5,1.497,-0.5900000000000001
3675.75,1.57,-0.51
3676.0,1.495,-0.5800000000000001
3676.25,1.4900000000000002,-0.5700000000000001
3676.5,1.543,-0.55
3676.75,1.6830000000000005,-0.4549999999999999
3677.0,1.487,-0.5800000000000001
3677.25,1.47,-0.5900000000000001
3677.5,1.582,-0.496
3677.75,1.502,-0.55
3678.0,1.475,-0.5800000000000001
3678.25,1.4440000000000002,-0.5900000000000001
3678.5,1.601,-0.457
3678.75,1.5560000000000005,-0.472
3679.0,2.477,-0.49
3679.25,5.335,-0.371
3679.5,5.25,-0.77
3679.75,6.96,-1.24
3680.0,7.04,-1.65
3680.25,15.720000000000002,-0.303
3680.5,16.5,-0.6200000000000001
3680.75,15.36,-2.24
3681.0,18.11,-1.28
3681.25,18.48,-2.45
3681.5,22.73,-1.6
3681.75,21.56,-2.44
3682.0,21.72,-2.0700000000000003
3682.25,21.41,-1.9
3682.5,22.79,-2.35
3682.75,23.68,-3.03
3683.0,23.82,-3.0700000000000003
3683.25,23.12,-3.3
3683.5,22.130000000000003,-3.5
3683.75,22.28,-2.56
3684.0,19.58,-2.45
3684.25,16.13,-2.06
3684.5,16.84,-1.61
3684.75,18.71,-0.98
3685.0,18.14,-1.66
3685.25,19.68,-1.1
3685.5,20.11,-2.19
3685.75,19.130000000000003,-2.03
3686.0,18.24,-2.19
3686.25,18.71,-1.46
3686.5,18.16,-2.02
3686.75,19.380000000000003,-2.16
3687.0,18.12,-1.7199999999999998
3687.25,22.26,0.3553
3687.5,21.77,-0.8900000000000001
3687.75,20.35,-1.86
3688.0,17.98,-2.0700000000000003
3688.25,22.6,0.011
3688.5,22.89,0.5811
3688.75,19.93,-0.3224
3689.0,14.170000000000002,-2.3200000000000003
3689.25,13.46,-0.8086199999999999
3689.5,14.05,-0.8800000000000001
3689.75,11.84,-1.0
3690.0,10.94,-0.8600000000000001
3690.25,10.06,-0.47
3690.5,8.47,-1.01
3690.75,8.61,-1.21
3691.0,8.41,-1.2
3691.25,8.48,-1.13
3691.5,8.16,-1.15
3691.75,8.379999999999999,-1.04
3692.0,6.91,-0.9
3692.25,5.406000000000001,-0.6000000000000001
3692.5,5.673,-0.524
3692.75,5.641,-0.436
3693.0,3.276,-0.5700000000000001
3693.25,2.839,-0.58
3693.5,2.818,-0.58
3693.75,2.836,-0.5599999999999999
3694.0,2.777,-0.49
3694.25,2.532,-0.55
3694.5,2.48,-0.453
3694.75,2.628,-0.3399999999999999
3695.0,2.7030000000000003,-0.2662
3695.25,2.504,-0.44
3695.5,2.427,-0.5499999999999999
3695.75,2.513,-0.49
3696.0,2.42,-0.54
3696.25,2.448,-0.52
3696.5,2.456,-0.52
3696.75,2.496,-0.49
3697.0,2.452,-0.52
3697.25,2.457,-0.51
3697.5,2.555,-0.44
3697.75,2.448,-0.53
3698.0,2.443,-0.54
3698.25,2.426,-0.5499999999999999
3698.5,2.563,-0.431
3698.75,2.521,-0.4539999999999999
3699.0,2.516,-0.4549999999999999
3699.25,2.563,-0.425
3699.5,2.474,-0.5
3699.75,2.471,-0.51
3700.0,2.49,-0.5
3700.25,2.591,-0.454
3700.5,2.432,-0.5599999999999999
3700.75,2.427,-0.5499999999999999
3701.0,2.469,-0.52
3701.25,2.488,-0.5
3701.5,2.42,-0.54
3701.75,2.439,-0.52
3702.0,2.506,-0.48
3702.25,2.476,-0.49
3702.5,2.47,-0.5
3702.75,2.569,-0.375
3703.0,3.58,-0.0061999999999999
3703.25,3.272,-0.64
3703.5,3.736,-0.76
3703.75,5.5,-0.67
3704.0,8.39,-0.3958
3704.25,11.61,-1.24
3704.5,14.22,-0.981
3704.75,14.85,-1.95
3705.0,14.94,-1.48
3705.25,15.85,-1.26
3705.5,15.02,-1.95
3705.75,15.23,-1.9
3706.0,13.44,-2.34
3706.25,13.92,-1.29
3706.5,17.07,-0.365
3706.75,16.33,-1.71
3707.0,16.72,-0.546
3707.25,17.299999999999997,-1.04
3707.5,15.81,-1.44
3707.75,13.990000000000002,-1.35
3708.0,13.23,-1.09
3708.25,11.08,-1.17
3708.5,11.82,-0.81
3708.75,12.81,-0.558
3709.0,15.2,-0.41
3709.25,15.25,0.251
3709.5,15.96,-0.502
3709.75,18.71,-1.291
3710.0,18.18,-1.65
3710.25,17.549999999999997,-2.17
3710.5,17.700000000000003,-2.02
3710.75,19.55,-1.27
3711.0,18.77,-1.05
3711.25,22.73,1.621
3711.5,31.6,5.27
3711.75,25.0,2.599
3712.0,24.08,2.355
3712.25,23.62,2.116
3712.5,24.53,2.7880000000000003
3712.75,24.020000000000003,2.78
3713.0,15.759999999999998,0.2289999999999999
3713.25,8.11,-1.5
3713.5,7.19,-1.58
3713.75,5.5,-1.37
3714.0,5.23,-1.21
3714.25,4.52,-1.08
3714.5,4.550000000000001,-1.07
3714.75,5.34,-0.73
3715.0,7.02,-1.19
3715.25,6.91,-1.26
3715.5,6.84,-1.22
3715.75,5.33,-1.1
3716.0,6.449999999999999,-1.24
3716.25,4.85,-0.64
3716.5,4.29,-0.98
3716.75,4.86,-0.81
3717.0,4.57,-0.96
3717.25,4.38,-0.96
3717.5,4.17,-0.79
3717.75,3.104,-0.68
3718.0,2.9130000000000003,-0.6799999999999999
3718.25,2.488,-0.5900000000000001
3718.5,1.917,-0.5
3718.75,1.737,-0.56
3719.0,1.818,-0.56
3719.25,1.849,-0.404
3719.5,1.782,-0.4599999999999999
3719.75,1.817,-0.469
3720.0,1.87,-0.429
3720.25,1.74,-0.53
3720.5,1.7420000000000002,-0.53
3720.75,1.7440000000000002,-0.53
3721.0,1.807,-0.49
3721.25,1.7400000000000002,-0.55
3721.5,1.7520000000000002,-0.54
3721.75,1.845,-0.469
3722.0,1.879,-0.426
3722.25,1.891,-0.413
3722.5,1.963,-0.2939
3722.75,1.852,-0.424
3723.0,1.747,-0.56
3723.25,1.764,-0.54
3723.5,1.824,-0.48
3723.75,1.772,-0.53
3724.0,1.793,-0.53
3724.25,1.869,-0.47
3724.5,1.802,-0.5
3724.75,1.771,-0.54
3725.0,1.771,-0.53
3725.25,1.811,-0.5
3725.5,1.771,-0.52
3725.75,1.752,-0.56
3726.0,1.81,-0.49
3726.25,1.749,-0.54
3726.5,1.767,-0.52
3726.75,2.952,-0.108
3727.0,2.069,-0.6200000000000001
3727.25,2.098,-0.62
3727.5,4.314,-0.8400000000000001
3727.75,7.0,-0.38
3728.0,6.470000000000001,-0.87
3728.25,8.9,-1.0499999999999998
3728.5,27.64,4.04
3728.75,20.47,0.728
3729.0,15.22,-1.6599999999999997
3729.25,15.67,-2.08
3729.5,16.54,-1.7000000000000002
3729.75,16.14,-2.55
3730.0,15.919999999999998,-2.42
3730.25,21.98,1.01
3730.5,22.23,0.3749
3730.75,22.27,0.129
3731.0,22.96,0.296
3731.25,25.78,1.338
3731.5,22.33,0.03657
3731.75,20.700000000000003,0.796
3732.0,15.98,-0.0432
3732.25,12.9,-1.8
3732.5,14.97,-0.42
3732.75,14.46,-1.34
3733.0,13.99,-1.69
3733.25,14.08,-1.86
3733.5,15.04,-1.51
3733.75,18.48,-1.05
3734.0,21.71,0.4124
3734.25,16.88,-2.03
3734.5,17.66,-1.152
3734.75,15.760000000000002,-2.0261500000000003
3735.0,15.35,-1.94
3735.25,15.44,-2.2
3735.5,17.72,-1.09
3735.75,17.65,-1.1268
3736.0,16.97,-1.48
3736.25,20.74,0.3476
3736.5,22.55,1.265
3736.75,15.81,-1.3715
3737.0,10.88,-1.82
3737.25,8.82,-1.78
3737.5,8.030000000000001,-1.152
3737.75,8.209999999999999,-0.901
3738.0,6.380000000000001,-1.24
3738.25,5.84,-1.03
3738.5,6.39,-0.6715
3738.75,6.13,-0.353
3739.0,5.15,-1.0
3739.25,4.7700000000000005,-1.16
3739.5,5.04,-0.8500000000000001
3739.75,6.120000000000001,-0.036
3740.0,4.83,-1.08
3740.25,3.632,-0.404
3740.5,3.709,-0.131
3740.75,3.796,0.1009999999999999
3741.0,2.915,-0.74
3741.25,2.974,-0.685
3741.5,3.66,0.149
3741.75,3.353,-0.1269999999999999
3742.0,3.105,-0.432
3742.25,2.092,-0.32352
3742.5,1.83,-0.5900000000000001
3742.75,2.092,-0.524
3743.0,2.222,-0.47
3743.25,1.827,-0.6000000000000001
3743.5,2.329,-0.512
3743.75,1.984,-0.454
3744.0,1.917,-0.5
3744.25,1.942,-0.48
3744.5,2.377,-0.411
3744.75,1.877,-0.56
3745.0,1.873,-0.56
3745.25,1.992,-0.51
3745.5,2.242,-0.478
3745.75,2.03,-0.535
3746.0,2.217,-0.503
3746.25,1.923,-0.54
3746.5,1.886,-0.57
3746.75,2.2860000000000005,-0.498
3747.0,1.903,-0.55
3747.25,2.286,-0.524
3747.5,1.861,-0.5800000000000001
3747.75,1.994,-0.457
3748.0,2.059,-0.479
3748.25,2.1630000000000003,-0.471
3748.5,2.229,-0.437
3748.75,2.177,-0.407
3749.0,2.1020000000000003,-0.358
3749.25,2.149,-0.379
3749.5,2.286,-0.423
3749.75,1.832,-0.6
3750.0,2.149,-0.498
3750.25,1.831,-0.5
3750.5,1.746,-0.5700000000000001
3750.75,2.9930000000000003,-0.541
3751.0,2.87,-0.7
3751.25,4.634,-0.447
3751.5,5.77,-0.6679999999999999
3751.75,5.98,-1.241
3752.0,6.0,-1.38
3752.25,9.13,-0.4783
3752.5,18.67,1.123
3752.75,20.22,1.4540000000000002
3753.0,20.45,1.4420000000000002
3753.25,16.68,-1.03
3753.5,14.19,-1.49
3753.75,13.59,-1.25
3754.0,13.71,-1.34
3754.25,14.44,-1.88
3754.5,13.82,-0.445
3754.75,13.83,-0.51
3755.0,15.65,-0.58
3755.25,19.85,1.7960000000000005
3755.5,20.42,2.089
3755.75,18.74,2.494
3756.0,18.82,3.253
3756.25,15.82,1.279
3756.5,15.13,1.034
3756.75,17.03,1.212
3757.0,19.14,2.583
3757.25,19.95,2.54
3757.5,20.02,1.662
3757.75,19.25,1.0827999999999998
3758.0,18.32,0.969
3758.25,21.23,1.795
3758.5,18.3,0.5837
3758.75,17.33,1.3784
3759.0,17.93,1.78
3759.25,16.439999999999998,0.6956
3759.5,16.14,1.0577
3759.75,16.02,1.5887
3760.0,15.91,1.2471
3760.25,15.2,0.66957
3760.5,14.87,0.7313000000000001
3760.75,16.14,1.338
3761.0,9.97,-0.2996
3761.25,6.6,-1.28
3761.5,6.58,-1.23
3761.75,6.51,-1.19
3762.0,6.3100000000000005,-1.1
3762.25,6.94,0.0829999999999999
3762.5,6.25,0.013
3762.75,5.299999999999999,-0.302
3763.0,4.52,-0.76
3763.25,4.028,-0.6699999999999999
3763.5,5.44,0.0905
3763.75,4.249,-0.84
3764.0,4.408,-0.85
3764.25,3.797,-0.015
3764.5,2.976,-0.515
3764.75,2.866,-0.4469999999999999
3765.0,2.504,-0.454
3765.25,2.519,-0.451
3765.5,2.605,-0.43
3765.75,2.52,-0.474
3766.0,2.432,-0.415
3766.25,2.255,-0.2615
3766.5,1.952,-0.3159
3766.75,2.121,-0.236
3767.0,2.203,-0.246
3767.25,2.189,-0.2416
3767.5,2.007,-0.3379
3767.75,2.009,-0.3657
3768.0,2.037,-0.3428
3768.25,2.194,-0.3196
3768.5,2.03,-0.382
3768.75,1.9130000000000005,-0.388
3769.0,2.631,-0.192
3769.25,2.276,-0.3
3769.5,2.139,-0.2972
3769.75,1.911,-0.3533
3770.0,2.165,-0.332
3770.25,2.166,-0.3172
3770.5,2.023,-0.3574
3770.75,1.9090000000000005,-0.3836
3771.0,2.102,-0.3117999999999999
3771.25,2.0290000000000004,-0.2881
3771.5,2.2,-0.2484
3771.75,2.147,-0.2563
3772.0,1.904,-0.3733999999999999
3772.25,2.0,-0.3212
3772.5,2.025,-0.3625
3772.75,2.115,-0.35
3773.0,2.093,-0.3337
3773.25,1.9330000000000005,-0.38407
3773.5,1.85,-0.394
3773.75,2.011,-0.3732
3774.0,2.062,-0.36
3774.25,2.109,-0.3192
3774.5,1.986,-0.37667
3774.75,1.952,-0.3352
3775.0,2.07,-0.197
3775.25,2.153,-0.26
3775.5,2.002,-0.3559
3775.75,1.797,-0.413
3776.0,2.327,-0.3396
3776.25,2.605,-0.508
3776.5,3.217,-0.579
3776.75,4.098,-0.75
3777.0,3.642,-0.69
3777.25,3.638,-0.6699999999999999
3777.5,3.535,-0.69
3777.75,3.309,-0.78
3778.0,3.396,-0.72
3778.25,3.0,-0.73
3778.5,3.36,-0.61
3778.75,3.314,-0.577
3779.0,3.043,-0.63
3779.25,3.405,-0.65
3779.5,3.463,-0.6020000000000001
3779.75,2.641,-0.439
3780.0,2.556,-0.377
3780.25,2.792,-0.545
3780.5,2.988,-0.515
3780.75,2.665,-0.378
3781.0,2.546,-0.429
3781.25,2.605,-0.431
3781.5,3.577,0.0234
3781.75,3.381,-0.509
3782.0,3.298,-0.553
3782.25,3.059,-0.5509999999999999
3782.5,3.682,-0.3924
3782.75,3.253,-0.591
3783.0,3.342,-0.6100000000000001
3783.25,3.342,-0.67
3783.5,3.44,-0.6699999999999999
3783.75,3.322,-0.621
3784.0,3.3440000000000003,-0.6699999999999999
3784.25,3.19,-0.69
3784.5,3.34,-0.6799999999999999
3784.75,3.254,-0.64
3785.0,3.289,-0.588
3785.25,3.271,-0.72
3785.5,3.553,-0.71
3785.75,2.918,-0.61
3786.0,2.622,-0.449
3786.25,2.5700000000000003,-0.48
3786.5,3.719,0.773
3786.75,2.4770000000000003,-0.4038
3787.0,2.321,-0.4393
3787.25,2.401,-0.3867
3787.5,2.4320000000000004,-0.3734
3787.75,2.406,-0.4131
3788.0,2.571,-0.3931
3788.25,2.141,-0.41115
3788.5,2.249,-0.3208
3788.75,1.904,-0.4052
3789.0,2.008,-0.36615
3789.25,2.188,-0.3083
3789.5,2.189,-0.3096
3789.75,2.298,-0.2793
3790.0,2.197,-0.2653
3790.25,2.26,-0.18
3790.5,2.167,-0.1679999999999999
3790.75,2.083,-0.2503
3791.0,2.285,-0.2082
3791.25,2.197,-0.2989
3791.5,2.051,-0.3311
3791.75,2.068,-0.3553
3792.0,2.151,-0.3332
3792.25,2.325,-0.2525
3792.5,1.979,-0.36
3792.75,2.1670000000000003,-0.3186
3793.0,2.216,-0.3293
3793.25,2.139,-0.2914
3793.5,2.281,-0.188
3793.75,2.253,-0.3039
3794.0,2.068,-0.3404
3794.25,2.087,-0.3515
3794.5,2.154,-0.2991
3794.75,2.2230000000000003,-0.3196
3795.0,2.011,-0.345
3795.25,2.327,-0.2927
3795.5,2.375,-0.2956
3795.75,2.026,-0.3615
3796.0,1.819,-0.426
3796.25,2.192,-0.3341
3796.5,2.256,-0.3335
3796.75,1.974,-0.369615
3797.0,2.062,-0.3838
3797.25,2.167,-0.32
3797.5,2.31,-0.2643
3797.75,2.02,-0.3405
3798.0,2.968,-0.095
3798.25,2.024,-0.3842
3798.5,2.282,-0.3256
3798.75,2.162,-0.3607
3799.0,2.379,-0.2826
3799.25,1.995,-0.3796
3799.5,2.32,-0.281
3799.75,2.387,-0.3056
3800.0,2.352,-0.3004
3800.25,2.266,-0.2854
3800.5,2.057,-0.3519
3800.75,2.175,-0.3473
3801.0,2.283,-0.3237
3801.25,2.272,-0.318
3801.5,2.079,-0.3744
3801.75,2.041,-0.3548
3802.0,2.215,-0.3173
3802.25,2.268,-0.2661
3802.5,2.124,-0.2158
3802.75,2.328,-0.138
3803.0,2.239,-0.1971
3803.25,2.021,-0.3404
3803.5,2.018,-0.3462
3803.75,1.978,-0.3509
3804.0,2.04,-0.3543
3804.25,1.983,-0.3765
3804.5,1.979,-0.3689
3804.75,2.016,-0.3817
3805.0,1.871,-0.404
3805.25,1.936,-0.3838
3805.5,1.781,-0.409
3805.75,1.86,-0.386
3806.0,1.715,-0.415
3806.25,1.927,-0.2732
3806.5,1.594,-0.485
3806.75,1.934,-0.392
3807.0,1.601,-0.487
3807.25,2.017,-0.3768
3807.5,1.605,-0.473
3807.75,1.957,-0.37138
3808.0,1.976,-0.363
3808.25,2.156,-0.3567
3808.5,2.182,-0.3552
3808.75,2.044,-0.3926
3809.0,2.015,-0.38636
3809.25,2.2110000000000003,-0.3448
3809.5,2.577,-0.3343
3809.75,2.222,-0.3352
3810.0,2.012,-0.39414
3810.25,2.28,-0.3026
3810.5,2.302,-0.3022
3810.75,2.122,-0.3719
3811.0,2.29,-0.315
3811.25,1.897,-0.419
3811.5,2.294,-0.3325
3811.75,1.927,-0.425
3812.0,2.232,-0.2954
3812.25,2.152,-0.2694
3812.5,2.458,-0.2119
3812.75,2.241,-0.211
3813.0,2.31,-0.2632
3813.25,2.168,-0.3231
3813.5,2.154,-0.3768
3813.75,2.413,-0.213
3814.0,2.0860000000000003,-0.2605
3814.25,1.948,-0.3285
3814.5,2.268,-0.28
3814.75,2.112,-0.3488
3815.0,2.384,-0.2532
3815.25,2.2,-0.2885999999999999
3815.5,2.258,-0.2828
3815.75,2.233,-0.3331
3816.0,2.112,-0.3718
3816.25,2.263,-0.3228
3816.5,2.082,-0.375
3816.75,2.303,-0.3226
3817.0,2.301,-0.257
3817.25,2.332,-0.185
3817.5,2.285,-0.3417
3817.75,2.417,-0.2372
3818.0,2.457,-0.217
3818.25,2.306,-0.3056
3818.5,2.0460000000000003,-0.38571
3818.75,2.367,-0.3089
3819.0,2.029,-0.3823
3819.25,2.22,-0.3196
3819.5,2.347,-0.288
3819.75,2.201,-0.3551999999999999
3820.0,1.993,-0.386
3820.25,2.0860000000000003,-0.3663
3820.5,2.312,-0.2912
3820.75,2.22,-0.3341
3821.0,1.873,-0.3975
3821.25,2.203,-0.3629
3821.5,2.143,-0.3708
3821.75,2.284,-0.3337
3822.0,1.946,-0.394
3822.25,2.054,-0.3732
3822.5,2.202,-0.3668
3822.75,3.511,0.031
3823.0,2.533,-0.409
3823.25,3.616,-0.5800000000000001
3823.5,3.968,-0.77
3823.75,4.714,-0.99
3824.0,5.649,-1.19
3824.25,9.19,-1.99
3824.5,34.2,7.18
3824.75,46.9,12.35
3825.0,48.9,11.7
3825.25,39.6,7.42
3825.5,39.2,6.77
3825.75,41.7,7.51
3826.0,38.9,6.26
3826.25,39.5,7.81
3826.5,42.8,8.14
3826.75,49.1,10.68
3827.0,42.1,8.69
3827.25,38.2,7.140000000000001
3827.5,37.4,5.71
3827.75,38.2,7.61
3828.0,27.17,3.348
3828.25,18.97,0.4235
3828.5,18.2,0.234
3828.75,21.83,1.166
3829.0,20.9,0.6039
3829.25,22.07,1.659
3829.5,22.31,1.585
3829.75,22.46,0.2593
3830.0,23.49,0.0249999999999999
3830.25,27.85,2.1660000000000004
3830.5,24.08,0.1389999999999999
3830.75,23.6,-0.2386999999999999
3831.0,24.11,0.843
3831.25,22.26,0.615
3831.5,21.61,1.472
3831.75,20.87,0.323
3832.0,20.42,-0.1790999999999999
3832.25,24.3,1.875
3832.5,20.61,-0.412
3832.75,23.02,0.3359999999999999
3833.0,17.97,-1.2009999999999998
3833.25,13.77,-2.35
3833.5,13.14,-1.7299999999999998
3833.75,10.93,-1.84
3834.0,9.26,-1.98
3834.25,8.84,-2.01
3834.5,8.73,-1.99
3834.75,8.31,-1.85
3835.0,8.46,-1.77
3835.25,8.7,-1.99
3835.5,9.09,-2.01
3835.75,8.89,-2.13
3836.0,9.04,-2.1500000000000004
3836.25,8.2,-1.94
3836.5,7.36,-1.7600000000000002
3836.75,7.5,-1.8
3837.0,7.470000000000001,-1.76
3837.25,7.18,-1.7000000000000002
3837.5,7.22,-1.79
3837.75,7.4,-1.7999999999999998
3838.0,7.03,-1.66
3838.25,6.52,-0.0525
3838.5,3.115,-0.575
3838.75,2.2590000000000003,-0.491
3839.0,2.197,-0.515
3839.25,2.206,-0.499
3839.5,2.051,-0.497
3839.75,2.181,-0.55
3840.0,2.182,-0.55
3840.25,2.215,-0.53
3840.5,2.232,-0.5
3840.75,2.26,-0.49
3841.0,2.2220000000000004,-0.52
3841.25,2.165,-0.54
3841.5,2.159,-0.56
3841.75,2.168,-0.55
3842.0,2.147,-0.56
3842.25,2.22,-0.53
3842.5,2.216,-0.48
3842.75,2.264,-0.439
3843.0,2.2270000000000003,-0.457
3843.25,2.216,-0.5
3843.5,2.23,-0.49
3843.75,2.216,-0.51
3844.0,2.209,-0.52
3844.25,2.17,-0.55
3844.5,2.205,-0.525
3844.75,2.225,-0.547
3845.0,2.274,-0.55
3845.25,2.261,-0.56
3845.5,2.264,-0.55
3845.75,2.237,-0.56
3846.0,2.276,-0.55
3846.25,2.318,-0.539
3846.5,2.328,-0.52
3846.75,3.034,-0.39
3847.0,3.588,-0.269
3847.25,6.3100000000000005,0.871
3847.5,7.04,-0.94
3847.75,12.18,-1.29
3848.0,12.02,-1.84
3848.25,14.64,-1.71
3848.5,30.090000000000003,3.636
3848.75,30.03,1.535
3849.0,32.91,3.0460000000000003
3849.25,32.3,2.222
3849.5,35.02,2.987
3849.75,33.64,2.216
3850.0,28.68,0.483
3850.25,27.78,0.0539999999999999
3850.5,27.24,-0.2637
3850.75,26.07,-0.6504000000000001
3851.0,26.44,-0.0519999999999999
3851.25,24.34,-0.3278
3851.5,24.16,0.37
3851.75,27.69,2.49
3852.0,37.1,7.130000000000001
3852.25,26.95,3.3919999999999995
3852.5,28.58,4.59
3852.75,27.71,4.050000000000001
3853.0,29.4,4.21
3853.25,29.69,4.01
3853.5,34.94,4.74
3853.75,37.35,5.57
3854.0,35.129999999999995,3.369
3854.25,31.54,1.853
3854.5,29.950000000000003,1.1791
3854.75,30.81,2.131
3855.0,30.41,2.498
3855.25,30.53,2.402
3855.5,32.32,3.003
3855.75,34.18,2.685
3856.0,34.44,3.928
3856.25,30.55,2.123
3856.5,29.62,1.7160000000000002
3856.75,30.879999999999995,2.998
3857.0,25.87,2.915
3857.25,18.47,1.224
3857.5,16.23,1.116
3857.75,17.67,2.196
3858.0,16.78,1.898
3858.25,15.46,1.062
3858.5,16.02,1.465
3858.75,14.240000000000002,1.269
3859.0,14.19,1.382
3859.25,12.400000000000002,0.896
3859.5,11.36,1.412
3859.75,12.12,1.769
3860.0,10.2,0.4895799999999999
3860.25,10.9,0.7940999999999999
3860.5,11.47,1.037
3860.75,9.86,0.35
3861.0,10.97,0.847
3861.25,9.52,0.2579999999999999
3861.5,8.45,-0.148
3861.75,8.26,-0.094
3862.0,4.76,-0.6799999999999999
3862.25,2.624,-0.69
3862.5,2.71,-0.74
3862.75,2.768,-0.86
3863.0,2.722,-0.8200000000000001
3863.25,2.742,-0.88
3863.5,2.713,-0.93
3863.75,2.116,-0.8799999999999999
3864.0,1.817,-0.8200000000000001
3864.25,1.757,-0.77
3864.5,1.905,-0.85
3864.75,1.752,-0.79
3865.0,1.945,-0.67
3865.25,1.78,-0.8400000000000001
3865.5,1.934,-0.8200000000000001
3865.75,1.843,-0.79
3866.0,1.7939999999999998,-0.75
3866.25,1.767,-0.79
3866.5,1.919,-0.83
3866.75,1.918,-0.84
3867.0,1.955,-0.84
3867.25,1.905,-0.8400000000000001
3867.5,1.7659999999999998,-0.8
3867.75,1.7240000000000002,-0.79
3868.0,1.805,-0.81
3868.25,1.937,-0.84
3868.5,1.896,-0.8300000000000001
3868.75,1.831,-0.73
3869.0,1.7820000000000005,-0.81
3869.25,1.766,-0.77
3869.5,2.017,-0.8500000000000001
3869.75,2.479,-0.91
3870.0,2.193,-0.8600000000000001
3870.25,3.8400000000000007,0.4600000000000001
3870.5,3.2070000000000003,-0.29
3870.75,3.5280000000000005,-0.4311
3871.0,3.129,-0.75
3871.25,3.6350000000000007,-0.38
3871.5,6.65,-1.14
3871.75,22.21,5.35
3872.0,35.0,9.73
3872.25,41.0,10.95
3872.5,53.7,14.670000000000002
3872.75,51.3,12.8
3873.0,48.6,11.77
3873.25,49.400000000000006,11.8
3873.5,48.9,10.18
3873.75,48.1,9.92
3874.0,46.0,8.86
3874.25,42.0,8.149999999999999
3874.5,43.5,6.3
3874.75,44.0,6.44
3875.0,43.9,6.540000000000001
3875.25,38.56,5.8
3875.5,35.67,6.05
3875.75,39.290000000000006,7.930000000000001
3876.0,37.21,7.23
3876.25,33.879999999999995,6.96
3876.5,33.67,6.3500000000000005
3876.75,39.2,9.37
3877.0,40.0,9.09
3877.25,45.2,12.07
3877.5,48.2,11.51
3877.75,43.7,9.3
3878.0,44.1,9.78
3878.25,41.4,7.869999999999999
3878.5,42.9,8.370000000000001
3878.75,39.1,7.75
3879.0,36.9,6.26
3879.25,32.2,3.86
3879.5,31.880000000000003,3.317
3879.75,32.620000000000005,3.568
3880.0,34.94,5.15
3880.25,32.3,4.81
3880.5,32.2,5.51
3880.75,30.44,4.43
3881.0,26.5,4.57
3881.25,17.52,2.7219999999999995
3881.5,16.9,3.1710000000000003
3881.75,12.63,1.487
3882.0,12.53,1.5790000000000002
3882.25,11.939999999999998,1.597
3882.5,14.7,1.7799999999999998
3882.75,14.21,0.956
3883.0,12.17,1.274
3883.25,11.77,1.123
3883.5,11.66,1.023
3883.75,12.54,1.513
3884.0,11.15,0.7664
3884.25,12.16,1.549
3884.5,10.239999999999998,1.648
3884.75,9.82,1.455
3885.0,9.62,1.376
3885.25,9.63,1.3062
3885.5,8.89,1.702
3885.75,9.21,1.963
3886.0,8.07,1.443
3886.25,7.09,1.9210000000000005
3886.5,7.12,2.207
3886.75,6.18,1.808
3887.0,7.17,2.268
3887.25,6.17,1.7160000000000002
3887.5,7.35,2.357
3887.75,6.380000000000001,1.921
3888.0,7.34,2.443
3888.25,6.05,1.714
3888.5,7.27,2.285
3888.75,7.17,2.327
3889.0,7.140000000000001,2.306
3889.25,7.02,2.215
3889.5,7.15,2.248
3889.75,6.970000000000001,2.233
3890.0,6.89,2.252
3890.25,5.550000000000001,2.008
3890.5,7.19,2.27
3890.75,7.08,2.2430000000000003
3891.0,7.18,2.273
3891.25,7.42,2.3040000000000003
3891.5,7.079999999999999,2.225
3891.75,7.11,2.258
3892.0,7.19,2.259
3892.25,7.220000000000001,2.227
3892.5,7.0,2.167
3892.75,7.21,2.173
3893.0,7.199999999999999,2.165
3893.25,7.260000000000001,2.103
3893.5,4.85,1.711
3893.75,7.07,2.177
3894.0,7.24,2.204
3894.25,7.1,2.18
3894.5,7.12,2.198
3894.75,8.42,2.566
3895.0,8.67,2.44
3895.25,8.45,1.959
3895.5,10.02,1.705
3895.75,13.15,2.968
3896.0,15.36,2.566
3896.25,16.65,2.888
3896.5,19.67,2.6530000000000005
3896.75,21.82,4.04
3897.0,23.99,2.37
3897.25,21.81,1.217
3897.5,23.48,1.3684
3897.75,23.41,1.21
3898.0,21.410000000000004,1.286
3898.25,20.71,2.14
3898.5,18.5,1.954
3898.75,19.08,1.144
3899.0,18.84,1.519
3899.25,18.73,1.2656
3899.5,20.28,3.218
3899.75,15.88,1.755
3900.0,15.46,1.7340000000000002
3900.25,15.88,2.75
3900.5,15.42,1.915
3900.75,14.97,1.5039999999999998
3901.0,14.64,0.6622
3901.25,16.830000000000002,3.123
3901.5,16.21,1.91
3901.75,20.86,1.01
3902.0,19.19,0.743
3902.25,21.200000000000003,2.417
3902.5,20.62,2.24
3902.75,17.9,1.1851
3903.0,17.279999999999998,1.5739999999999998
3903.25,17.38,2.817
3903.5,18.3,2.8760000000000003
3903.75,16.77,1.15
3904.0,17.009999999999998,1.576
3904.25,17.76,2.1020000000000003
3904.5,17.59,2.306
3904.75,15.2,0.827
3905.0,16.27,1.823
3905.25,13.58,0.8923000000000001
3905.5,14.62,2.3070000000000004
3905.75,12.5,1.761
3906.0,11.67,1.743
3906.25,11.31,1.7760000000000002
3906.5,10.5,1.521
3906.75,11.06,2.18
3907.0,8.82,1.227
3907.25,8.87,1.2839999999999998
3907.5,8.29,1.173
3907.75,9.23,1.6989999999999998
3908.0,8.64,1.464
3908.25,9.04,2.608
3908.5,6.43,1.726
3908.75,6.58,1.706
3909.0,6.5600000000000005,1.658
3909.25,6.49,1.652
3909.5,7.140000000000001,2.027
3909.75,6.779999999999999,1.841
3910.0,6.61,1.686
3910.25,6.109999999999999,1.719
3910.5,6.130000000000001,1.768
3910.75,7.229999999999999,2.295
3911.0,5.88,1.5989999999999998
3911.25,6.729999999999999,2.095
3911.5,6.65,1.994
3911.75,6.32,1.757
3912.0,6.859999999999999,2.139
3912.25,6.33,1.773
3912.5,7.17,2.35
3912.75,6.11,1.75
3913.0,7.17,2.286
3913.25,5.989999999999999,1.654
3913.5,7.08,2.279
3913.75,7.23,2.297
3914.0,6.02,1.6589999999999998
3914.25,7.19,2.24
3914.5,6.77,2.067
3914.75,6.529999999999999,1.944
3915.0,7.210000000000001,2.2510000000000003
3915.25,6.15,1.7039999999999995
3915.5,7.13,2.22
3915.75,7.109999999999999,2.225
3916.0,7.01,2.191
3916.25,7.109999999999999,2.2030000000000003
3916.5,6.959999999999999,2.181
3916.75,7.109999999999999,2.2110000000000003
3917.0,6.04,2.066
3917.25,7.35,2.346
3917.5,6.17,1.762
3917.75,7.26,2.234
3918.0,7.25,2.267
3918.25,7.210000000000001,2.247
3918.5,7.08,2.156
3918.75,7.8,2.111
3919.0,8.54,2.306
3919.25,9.56,2.525
3919.5,11.35,2.731
3919.75,10.05,2.688
3920.0,15.32,1.4666
3920.25,19.67,2.9640000000000004
3920.5,26.31,3.773
3920.75,26.49,2.754
3921.0,26.59,2.694
3921.25,28.95,3.861
3921.5,29.49,3.771
3921.75,31.06,3.4770000000000003
3922.0,30.86,3.452
3922.25,29.96,3.836
3922.5,27.35,3.791
3922.75,25.48,3.0250000000000004
3923.0,22.66,3.115
3923.25,23.17,2.9530000000000003
3923.5,25.33,3.733
3923.75,21.83,2.2430000000000003
3924.0,22.26,3.238
3924.25,27.83,5.59
3924.5,17.11,1.297
3924.75,23.8,4.06
3925.0,25.33,4.3500000000000005
3925.25,24.33,3.48
3925.5,24.5,3.84
3925.75,24.81,3.6
3926.0,21.54,2.071
3926.25,21.35,1.888
3926.5,15.44,-0.661
3926.75,15.81,-0.0071999999999999
3927.0,19.64,1.494
3927.25,19.71,2.032
3927.5,14.12,0.1486
3927.75,13.96,-0.0856
3928.0,10.63,-1.25
3928.25,14.54,0.5226999999999999
3928.5,14.93,0.6196999999999999
3928.75,9.4,-1.71
3929.0,9.18,-1.52
3929.25,7.029999999999999,-1.2
3929.5,7.1,-0.74
3929.75,6.1,-1.04
3930.0,5.833,-0.93
3930.25,5.697,-0.94
3930.5,4.449999999999999,-0.8500000000000001
3930.75,3.733,-0.74
3931.0,3.757,-0.7
3931.25,3.728,-0.72
3931.5,3.731,-0.71
3931.75,3.9,-0.8300000000000001
3932.0,4.074999999999999,-0.8200000000000001
3932.25,3.456,0.2481
3932.5,2.196,-0.4599999999999999
3932.75,2.001,-0.373
3933.0,1.939,-0.383
3933.25,1.944,-0.43
3933.5,1.911,-0.4269999999999999
3933.75,2.23,-0.303
3934.0,1.966,-0.433
3934.25,1.896,-0.377
3934.5,1.765,-0.434
3934.75,1.87,-0.305
3935.0,1.7929999999999997,-0.363
3935.25,1.922,-0.3389999999999999
3935.5,1.909,-0.333
3935.75,1.859,-0.373
3936.0,1.8360000000000003,-0.41
3936.25,1.6840000000000002,-0.407
3936.5,1.8280000000000003,-0.386
3936.75,1.923,-0.3999999999999999
3937.0,1.961,-0.2714
3937.25,1.816,-0.3119
3937.5,1.826,-0.354
3937.75,1.86,-0.355
3938.0,1.931,-0.312
3938.25,1.845,-0.354
3938.5,1.755,-0.4
3938.75,1.795,-0.384
3939.0,1.941,-0.378
3939.25,1.88,-0.392
3939.5,1.747,-0.428
3939.75,1.886,-0.313
3940.0,1.973,-0.316
3940.25,1.982,-0.292
3940.5,1.7719999999999998,-0.384
3940.75,1.826,-0.352
3941.0,1.895,-0.371
3941.25,1.846,-0.397
3941.5,1.798,-0.392
3941.75,1.782,-0.413
3942.0,1.939,-0.368
3942.25,1.886,-0.412
3942.5,1.75,-0.406
3942.75,1.813,-0.421
3943.0,2.153,-0.327
3943.25,4.45,0.2894
3943.5,17.13,5.18
3943.75,10.27,1.431
3944.0,10.21,1.337
3944.25,10.32,1.321
3944.5,10.05,1.1989999999999998
3944.75,10.8,1.409
3945.0,10.66,1.288
3945.25,10.51,1.291
3945.5,8.86,1.038
3945.75,9.19,1.05
3946.0,9.89,1.472
3946.25,9.96,1.48
3946.5,9.99,1.48
3946.75,10.03,1.378
3947.0,9.87,1.486
3947.25,9.76,1.48
3947.5,9.63,1.474
3947.75,9.41,1.444
3948.0,9.12,1.1335
3948.25,9.97,1.644
3948.5,9.08,1.14
3948.75,10.04,1.622
3949.0,10.57,1.5670000000000002
3949.25,9.89,1.379
3949.5,10.09,1.627
3949.75,9.09,1.086
3950.0,8.299999999999999,0.5579000000000001
3950.25,8.96,1.0550000000000002
3950.5,8.97,0.6759999999999999
3950.75,10.1,0.288
3951.0,11.46,0.665
3951.25,11.63,0.6990000000000001
3951.5,11.45,0.206
3951.75,11.51,0.0819999999999999
3952.0,11.07,0.306
3952.25,11.52,0.5920000000000001
3952.5,11.51,0.75
3952.75,11.68,1.012
3953.0,12.21,1.113
3953.25,11.55,0.683
3953.5,11.23,0.75
3953.75,12.14,1.11
3954.0,12.76,1.733
3954.25,11.26,1.3873
3954.5,8.520000000000001,-0.2324
3954.75,3.289,-0.536
3955.0,1.774,-0.3819999999999999
3955.25,1.9450000000000005,-0.351
3955.5,1.861,-0.394
3955.75,1.781,-0.417
3956.0,1.9490000000000005,-0.361
3956.25,1.726,-0.4369999999999999
3956.5,1.87,-0.386
3956.75,1.923,-0.358
3957.0,1.781,-0.4
3957.25,1.943,-0.361
3957.5,1.927,-0.309
3957.75,1.947,-0.26
3958.0,2.082,-0.247
3958.25,1.855,-0.35
3958.5,1.9,-0.396
3958.75,1.89,-0.4039999999999999
3959.0,1.765,-0.4359999999999999
3959.25,1.989,-0.334
3959.5,1.9330000000000005,-0.2709999999999999
3959.75,1.895,-0.351
3960.0,1.908,-0.4019999999999999
3960.25,1.737,-0.4479999999999999
3960.5,2.051,-0.315
3960.75,1.913,-0.365
3961.0,1.907,-0.396
3961.25,1.965,-0.421
3961.5,1.8010000000000002,-0.425
3961.75,2.024,-0.2639
3962.0,1.857,-0.349
3962.25,1.85,-0.383
3962.5,1.948,-0.37
3962.75,1.785,-0.415
3963.0,1.898,-0.4039999999999999
3963.25,1.9210000000000005,-0.3969999999999999
3963.5,1.831,-0.388
3963.75,1.984,-0.366
3964.0,1.781,-0.421
3964.25,1.861,-0.417
3964.5,1.903,-0.3939999999999999
3964.75,1.772,-0.455
3965.0,1.93,-0.399
3965.25,1.8010000000000002,-0.434
3965.5,1.896,-0.42
3965.75,1.934,-0.362
3966.0,1.7839999999999998,-0.43
3966.25,2.02,-0.3357
3966.5,1.85,-0.361
3966.75,1.976,-0.336
3967.0,1.981,-0.312
3967.25,2.003,-0.196
3967.5,2.065,-0.27
3967.75,1.791,-0.43
3968.0,1.948,-0.379
3968.25,1.852,-0.42
3968.5,1.8080000000000005,-0.439
3968.75,2.02,-0.363
3969.0,1.746,-0.436
3969.25,1.98,-0.346
3969.5,1.853,-0.375
3969.75,1.869,-0.407
3970.0,1.952,-0.3929999999999999
3970.25,1.6940000000000002,-0.4499999999999999
3970.5,1.972,-0.371
3970.75,1.8080000000000005,-0.427
3971.0,1.869,-0.3999999999999999
3971.25,1.872,-0.409
3971.5,1.786,-0.421
3971.75,1.964,-0.3889999999999999
3972.0,1.753,-0.435
3972.25,2.22,-0.372
3972.5,2.202,-0.429
3972.75,2.0,-0.49
3973.0,2.241,-0.407
3973.25,2.055,-0.464
3973.5,2.209,-0.431
3973.75,1.981,-0.428
3974.0,1.843,-0.3289999999999999
3974.25,1.975,-0.305
3974.5,1.883,-0.359
3974.75,1.8010000000000002,-0.385
3975.0,2.036,-0.288
3975.25,2.008,-0.2003
3975.5,1.793,-0.425
3975.75,1.904,-0.427
3976.0,1.729,-0.43
3976.25,1.929,-0.352
3976.5,1.932,-0.328
3976.75,1.849,-0.35
3977.0,1.983,-0.349
3977.25,1.761,-0.4279999999999999
3977.5,1.881,-0.4029999999999999
3977.75,1.893,-0.385
3978.0,1.822,-0.392
3978.25,1.989,-0.3426999999999999
3978.5,1.79,-0.424
3978.75,1.879,-0.411
3979.0,1.911,-0.394
3979.25,1.813,-0.397
3979.5,1.966,-0.364
3979.75,1.765,-0.4499999999999999
3980.0,1.937,-0.3979999999999999
3980.25,1.891,-0.3979999999999999
3980.5,1.806,-0.436
3980.75,2.01,-0.345
3981.0,1.836,-0.35
3981.25,1.996,-0.362
3981.5,1.837,-0.414
3981.75,1.877,-0.4039999999999999
3982.0,1.955,-0.3899999999999999
3982.25,1.716,-0.4439999999999999
3982.5,2.021,-0.347
3982.75,1.767,-0.415
3983.0,1.935,-0.3989999999999999
3983.25,1.925,-0.37
3983.5,2.01,-0.2446
3983.75,1.989,-0.325
3984.0,1.865,-0.366
3984.25,1.983,-0.37
3984.5,1.755,-0.419
3984.75,1.969,-0.385
3985.0,1.7970000000000002,-0.42
3985.25,1.982,-0.336
3985.5,1.945,-0.33
3985.75,1.98,-0.311
3986.0,2.05,-0.321
3986.25,1.912,-0.385
3986.5,2.04,-0.267
3986.75,1.857,-0.326
3987.0,2.065,-0.299
3987.25,1.7439999999999998,-0.4589999999999999
3987.5,2.01,-0.3819999999999999
3987.75,1.781,-0.435
3988.0,2.012,-0.357
3988.25,1.878,-0.398
3988.5,1.931,-0.4029999999999999
3988.75,1.888,-0.393
3989.0,1.913,-0.4
3989.25,1.841,-0.423
3989.5,1.966,-0.342
3989.75,1.982,-0.3448099999999999
3990.0,1.905,-0.3869999999999999
3990.25,1.896,-0.401
3990.5,1.828,-0.42
3990.75,3.225,0.0361299999999999
3991.0,2.998,-0.378
3991.25,3.611,-0.249
3991.5,5.51,-0.2521
3991.75,5.84,-0.67
3992.0,10.39,0.1209999999999999
3992.25,13.13,-0.363
3992.5,18.19,-0.5009999999999999
3992.75,19.380000000000003,-0.6528999999999999
3993.0,19.3,-1.0099999999999998
3993.25,19.07,-0.421
3993.5,20.91,-1.06
3993.75,22.97,-1.69
3994.0,22.11,-1.71
3994.25,22.98,-0.72
3994.5,24.87,-0.071
3994.75,24.26,-1.41
3995.0,30.16,1.253
3995.25,29.35,1.647
3995.5,27.69,1.095
3995.75,23.37,0.0654
3996.0,22.26,0.1977
3996.25,21.75,1.473
3996.5,19.88,0.0959999999999999
3996.75,17.71,-1.4500000000000002
3997.0,21.09,0.021
3997.25,17.89,0.1909999999999999
3997.5,17.67,-1.25
3997.75,17.03,-2.13
3998.0,17.89,-1.83
3998.25,18.62,-1.434
3998.5,18.97,-2.58
3998.75,19.22,-2.2
3999.0,19.0,-1.88
3999.25,19.08,-1.303
3999.5,19.04,-2.03
3999.75,18.93,-2.3
4000.0,19.73,-1.78
4000.25,17.65,-2.02
4000.5,17.009999999999998,-1.51
4000.75,15.09,-2.18
4001.0,12.98,-1.93
4001.25,12.08,-1.194
4001.5,9.39,-1.54
4001.75,8.03,-0.617
4002.0,7.19,-0.507
4002.25,7.58,-0.084
4002.5,6.720000000000001,-0.84
4002.75,6.44,-0.7
4003.0,6.353,-0.181
4003.25,6.457000000000001,0.235
4003.5,4.562,-0.8500000000000001
4003.75,4.475,-0.77
4004.0,4.597,-0.74
4004.25,4.058,-0.294
4004.5,2.468,0.0523999999999999
4004.75,1.984,-0.43
4005.0,2.036,-0.45
4005.25,2.074,-0.42
4005.5,2.011,-0.44
4005.75,1.991,-0.43
4006.0,1.974,-0.39
4006.25,1.968,-0.407
4006.5,2.346,-0.328
4006.75,1.872,-0.46
4007.0,1.962,-0.41
4007.25,2.05,-0.4
4007.5,2.022,-0.43
4007.75,1.895,-0.45
4008.0,1.909,-0.46
4008.25,2.06,-0.4
4008.5,2.024,-0.388
4008.75,1.949,-0.393
4009.0,1.916,-0.45
4009.25,1.985,-0.45
4009.5,1.961,-0.42
4009.75,1.881,-0.43
4010.0,1.987,-0.4499999999999999
4010.25,2.004,-0.44
4010.5,1.907,-0.43
4010.75,2.08,-0.3086
4011.0,2.17,-0.303
4011.25,2.167,-0.264
4011.5,1.956,-0.375
4011.75,1.959,-0.415
4012.0,2.055,-0.389
4012.25,1.955,-0.41
4012.5,1.927,-0.42
4012.75,1.99,-0.41
4013.0,2.118,-0.356
4013.25,1.945,-0.372
4013.5,2.007,-0.37
4013.75,2.096,-0.349
4014.0,1.999,-0.372
4014.25,1.935,-0.41
4014.5,2.036,-0.423
4014.75,2.741,-0.47
4015.0,3.261,-0.254
4015.25,4.174,-0.6000000000000001
4015.5,6.75,-0.298
4015.75,8.28,-0.345
4016.0,8.16,-1.12
4016.25,13.45,-2.44
4016.5,18.19,-1.49
4016.75,18.04,-1.46
4017.0,17.35,-2.33
4017.25,17.68,-2.2300000000000004
4017.5,18.2,-1.96
4017.75,19.28,-1.02
4018.0,16.63,-1.75
4018.25,16.94,-2.02
4018.5,21.08,-0.2458999999999999
4018.75,23.130000000000003,-0.4837000000000001
4019.0,17.48,-2.87
4019.25,14.48,-2.41
4019.5,13.87,-1.96
4019.75,19.51,0.636
4020.0,20.0,1.0550000000000002
4020.25,11.19,-2.08
4020.5,13.04,-2.0
4020.75,13.340000000000002,-1.74
4021.0,17.86,-0.52
4021.25,19.52,-0.308
4021.5,17.58,-2.69
4021.75,17.73,-2.25
4022.0,16.740000000000002,-2.75
4022.25,19.33,-1.64
4022.5,16.060000000000002,-3.4
4022.75,15.66,-3.3200000000000003
4023.0,18.7,-1.63
4023.25,22.3,-0.269
4023.5,19.1,-1.12
4023.75,17.92,-2.59
4024.0,17.630000000000003,-2.29
4024.25,22.43,1.592
4024.5,17.009999999999998,-1.36
4024.75,13.78,-2.16
4025.0,9.89,-0.99
4025.25,7.24,-1.55
4025.5,7.140000000000001,-1.46
4025.75,6.82,-1.37
4026.0,5.68,-1.21
4026.25,5.7,-1.12
4026.5,6.11,-0.357
4026.75,5.779999999999999,-1.16
4027.0,5.61,-1.0699999999999998
4027.25,5.4,-1.1
4027.5,5.369999999999999,-1.09
4027.75,5.44,-1.03
4028.0,5.62,-0.97
4028.25,4.95,-0.8699999999999999
4028.5,4.091,-0.89
4028.75,3.913,-0.8899999999999999
4029.0,3.47,-0.73
4029.25,3.41,-0.6799999999999999
4029.5,3.051,-0.6699999999999999
4029.75,3.197,-0.62
4030.0,2.7430000000000003,-0.5700000000000001
4030.25,2.069,-0.47
4030.5,1.967,-0.48
4030.75,1.969,-0.49
4031.0,2.134,-0.4599999999999999
4031.25,2.06,-0.49
4031.5,1.995,-0.4700000000000001
4031.75,1.926,-0.51
4032.0,2.024,-0.51
4032.25,2.145,-0.4399999999999999
4032.5,2.045,-0.4499999999999999
4032.75,1.985,-0.46
4033.0,2.018,-0.49
4033.25,2.12,-0.47
4033.5,2.102,-0.394
4033.75,2.017,-0.396
4034.0,1.988,-0.5
4034.25,2.058,-0.54
4034.5,2.132,-0.46
4034.75,2.007,-0.4
4035.0,2.0010000000000003,-0.43
4035.25,2.121,-0.4
4035.5,2.234,-0.35
4035.75,2.117,-0.382
4036.0,1.991,-0.41
4036.25,2.118,-0.39
4036.5,2.12,-0.45
4036.75,2.018,-0.46
4037.0,1.96,-0.51
4037.25,1.911,-0.55
4037.5,2.093,-0.47
4037.75,2.137,-0.419
4038.0,1.934,-0.5
4038.25,1.942,-0.49
4038.5,2.057,-0.47
4038.75,2.109,-0.407
4039.0,2.908,-0.031
4039.25,3.83,-0.367
4039.5,3.16,-0.69
4039.75,3.523,-0.35
4040.0,3.2700000000000005,-0.69
4040.25,3.101,-0.67
4040.5,5.35,0.21459
4040.75,5.604,-0.69
4041.0,5.92,-0.72
4041.25,6.81,-0.698
4041.5,6.34,-0.3311
4041.75,5.63,-0.81
4042.0,5.21,-0.77
4042.25,5.15,-0.8600000000000001
4042.5,5.397,-0.84
4042.75,6.51,-0.174
4043.0,5.43,-0.8999999999999999
4043.25,6.21,0.2773
4043.5,5.32,-0.8800000000000001
4043.75,5.295,-0.78
4044.0,4.332,-0.8600000000000001
4044.25,4.256,-0.8400000000000001
4044.5,3.94,-0.371
4044.75,3.613,-0.57
4045.0,3.465,-0.79
4045.25,3.889,-0.9
4045.5,3.947,-0.96
4045.75,4.203,-1.01
4046.0,5.54,0.0053999999999999
4046.25,4.9430000000000005,-1.11
4046.5,4.779,-1.01
4046.75,4.805,-1.0
4047.0,4.879,-1.01
4047.25,5.114,-0.98
4047.5,4.809,-1.01
4047.75,4.335,-0.93
4048.0,4.213,-0.95
4048.25,4.015,-0.8600000000000001
4048.5,4.004,-0.8400000000000001
4048.75,3.728,-0.86
4049.0,3.479,-0.8
4049.25,3.01,-0.7100000000000001
4049.5,2.967,-0.7000000000000001
4049.75,2.88,-0.71
4050.0,2.811,-0.75
4050.25,2.909,-0.6900000000000001
4050.5,2.941,-0.68
4050.75,2.928,-0.7000000000000001
4051.0,2.81,-0.73
4051.25,2.907,-0.67
4051.5,3.039,-0.62
4051.75,2.961,-0.68
4052.0,2.9570000000000003,-0.6
4052.25,3.33,-0.222
4052.5,2.1830000000000003,-0.39
4052.75,2.053,-0.41
4053.0,1.913,-0.43
4053.25,1.923,-0.44
4053.5,1.94,-0.49
4053.75,2.031,-0.46
4054.0,1.879,-0.49
4054.25,1.899,-0.4439999999999999
4054.5,1.978,-0.411
4054.75,1.93,-0.47
4055.0,1.859,-0.5
4055.25,1.757,-0.53
4055.5,1.95,-0.46
4055.75,1.935,-0.4599999999999999
4056.0,1.774,-0.52
4056.25,1.734,-0.52
4056.5,1.942,-0.48
4056.75,1.932,-0.47
4057.0,1.864,-0.4499999999999999
4057.25,1.809,-0.49
4057.5,1.972,-0.46
4057.75,1.925,-0.5
4058.0,1.862,-0.52
4058.25,1.938,-0.3216
4058.5,1.994,-0.372
4058.75,1.885,-0.4599999999999999
4059.0,1.7839999999999998,-0.5
4059.25,1.94,-0.45
4059.5,1.9330000000000005,-0.47
4059.75,1.818,-0.47
4060.0,1.873,-0.4499999999999999
4060.25,1.96,-0.4499999999999999
4060.5,1.911,-0.46
4060.75,1.741,-0.55
4061.0,1.893,-0.51
4061.25,1.977,-0.49
4061.5,1.858,-0.429
4061.75,1.931,-0.425
4062.0,1.994,-0.42
4062.25,1.899,-0.4600000000000001
4062.5,1.813,-0.47
4062.75,1.971,-0.444
4063.0,1.868,-0.47
4063.25,1.739,-0.52
4063.5,1.99,-0.45
4063.75,1.81,-0.52
4064.0,1.811,-0.51
4064.25,1.903,-0.49
4064.5,1.875,-0.5
4064.75,1.823,-0.47
4065.0,1.845,-0.48
4065.25,1.941,-0.48
4065.5,1.842,-0.4599999999999999
4065.75,1.875,-0.4599999999999999
4066.0,1.974,-0.41
4066.25,1.845,-0.399
4066.5,1.811,-0.5
4066.75,1.96,-0.47
4067.0,1.7879999999999998,-0.5
4067.25,1.825,-0.48
4067.5,1.949,-0.48
4067.75,1.809,-0.5
4068.0,1.774,-0.51
4068.25,1.993,-0.421
4068.5,1.941,-0.426
4068.75,1.786,-0.49
4069.0,1.878,-0.48
4069.25,1.938,-0.48
4069.5,1.75,-0.51
4069.75,1.821,-0.48
4070.0,1.91,-0.51
4070.25,1.855,-0.52
4070.5,1.837,-0.4
4070.75,2.0,-0.369
4071.0,1.996,-0.34
4071.25,1.884,-0.36
4071.5,2.027,-0.36
4071.75,1.97,-0.39
4072.0,1.774,-0.5
4072.25,1.949,-0.44
4072.5,1.857,-0.51
4072.75,1.761,-0.52
4073.0,1.879,-0.48
4073.25,1.927,-0.4599999999999999
4073.5,1.784,-0.49
4073.75,2.019,-0.333
4074.0,1.986,-0.419
4074.25,1.756,-0.52
4074.5,1.892,-0.48
4074.75,1.96,-0.45
4075.0,1.783,-0.49
4075.25,1.842,-0.5
4075.5,1.931,-0.48
4075.75,1.7880000000000005,-0.5
4076.0,1.882,-0.48
4076.25,1.915,-0.47
4076.5,1.845,-0.4499999999999999
4076.75,1.905,-0.4399999999999999
4077.0,1.921,-0.48
4077.25,1.812,-0.5
4077.5,1.853,-0.5
4077.75,1.98,-0.45
4078.0,1.786,-0.5
4078.25,1.878,-0.49
4078.5,1.962,-0.4599999999999999
4078.75,1.759,-0.52
4079.0,2.058,-0.42
4079.25,1.989,-0.369
4079.5,1.826,-0.4599999999999999
4079.75,2.012,-0.44
4080.0,2.011,-0.41
4080.25,1.894,-0.43
4080.5,2.042,-0.364
4080.75,1.985,-0.44
4081.0,1.834,-0.5
4081.25,2.0380000000000003,-0.396
4081.5,1.904,-0.44
4081.75,1.884,-0.47
4082.0,1.994,-0.4459999999999999
4082.25,1.963,-0.421
4082.5,1.927,-0.49
4082.75,2.009,-0.42
4083.0,1.937,-0.381
4083.25,1.9,-0.48
4083.5,2.062,-0.43
4083.75,1.817,-0.48
4084.0,1.944,-0.45
4084.25,1.98,-0.43
4084.5,1.811,-0.49
4084.75,2.004,-0.47
4085.0,1.922,-0.464
4085.25,1.875,-0.49
4085.5,2.015,-0.46
4085.75,1.81,-0.5
4086.0,1.923,-0.48
4086.25,2.013,-0.48
4086.5,1.766,-0.52
4086.75,2.915,-0.064
4087.0,1.978,-0.48
4087.25,1.823,-0.52
4087.5,2.006,-0.56
4087.75,2.84,0.198
4088.0,1.836,-0.67
4088.25,1.87,-0.7100000000000001
4088.5,1.698,-0.76
4088.75,3.457,0.5121
4089.0,2.329,-0.67
4089.25,2.13,-0.65
4089.5,2.148,-0.62
4089.75,2.077,-0.63
4090.0,3.134,0.0989999999999999
4090.25,1.834,-0.6900000000000001
4090.5,1.7679999999999998,-0.66
4090.75,2.338,-0.2008
4091.0,1.848,-0.67
4091.25,2.493,-0.2706
4091.5,2.676,-0.187
4091.75,2.747,0.0954
4092.0,1.665,-0.7400000000000001
4092.25,1.866,-0.68
4092.5,2.343,-0.2451
4092.75,1.685,-0.7200000000000001
4093.0,1.821,-0.67
4093.25,1.697,-0.68
4093.5,1.747,-0.654
4093.75,1.973,-0.5960000000000001
4094.0,1.64,-0.7200000000000001
4094.25,1.704,-0.7000000000000001
4094.5,1.8320000000000003,-0.66
4094.75,1.659,-0.7200000000000001
4095.0,1.788,-0.68
4095.25,1.848,-0.5900000000000001
4095.5,1.673,-0.65
4095.75,1.782,-0.62
4096.0,1.89,-0.55
4096.25,1.6860000000000002,-0.64
4096.5,1.799,-0.615
4096.75,1.76,-0.68
4097.0,1.66,-0.7100000000000001
4097.25,1.737,-0.7200000000000001
4097.5,1.797,-0.7000000000000001
4097.75,1.637,-0.7100000000000001
4098.0,1.756,-0.7000000000000001
4098.25,1.742,-0.7000000000000001
4098.5,1.617,-0.76
4098.75,1.85,-0.68
4099.0,1.829,-0.601
4099.25,1.879,-0.568
4099.5,2.0490000000000004,-0.528
4099.75,1.709,-0.68
4100.0,1.74,-0.7000000000000001
4100.25,1.867,-0.67
4100.5,1.693,-0.7200000000000001
4100.75,1.823,-0.68
4101.0,1.795,-0.68
4101.25,1.616,-0.7400000000000001
4101.5,1.869,-0.6900000000000001
4101.75,1.716,-0.7300000000000001
4102.0,1.769,-0.67
4102.25,1.914,-0.615
4102.5,1.678,-0.7200000000000001
4102.75,1.734,-0.7100000000000001
4103.0,1.805,-0.7100000000000001
4103.25,1.7020000000000002,-0.67
4103.5,1.991,-0.5700000000000001
4103.75,1.762,-0.7200000000000001
4104.0,1.69,-0.7300000000000001
4104.25,1.851,-0.7000000000000001
4104.5,1.709,-0.7400000000000001
4104.75,1.825,-0.68
4105.0,1.894,-0.653
4105.25,1.622,-0.7200000000000001
4105.5,1.83,-0.6900000000000001
4105.75,1.676,-0.76
4106.0,1.761,-0.7100000000000001
4106.25,1.832,-0.73
4106.5,1.648,-0.76
4106.75,1.845,-0.68
4107.0,1.782,-0.7300000000000001
4107.25,1.737,-0.77
4107.5,1.895,-0.62
4107.75,1.7999999999999998,-0.59
4108.0,1.878,-0.611
4108.25,1.905,-0.62
4108.5,1.778,-0.64
4108.75,1.981,-0.585
4109.0,1.739,-0.72
4109.25,1.807,-0.7100000000000001
4109.5,1.79,-0.75
4109.75,1.629,-0.77
4110.0,1.888,-0.68
4110.25,1.694,-0.76
4110.5,1.7990000000000002,-0.7000000000000001
4110.75,1.856,-0.662
4111.0,1.709,-0.7300000000000001
4111.25,1.885,-0.67
4111.5,1.68,-0.7300000000000001
4111.75,1.737,-0.7200000000000001
4112.0,1.827,-0.6900000000000001
4112.25,1.755,-0.63
4112.5,1.867,-0.65
4112.75,1.672,-0.7300000000000001
4113.0,1.75,-0.7200000000000001
4113.25,1.7950000000000002,-0.7000000000000001
4113.5,1.723,-0.6900000000000001
4113.75,1.869,-0.656
4114.0,1.681,-0.7200000000000001
4114.25,1.741,-0.7100000000000001
4114.5,1.777,-0.7100000000000001
4114.75,1.706,-0.7100000000000001
4115.0,1.7919999999999998,-0.7100000000000001
4115.25,1.703,-0.7000000000000001
4115.5,1.721,-0.7000000000000001
4115.75,1.787,-0.7100000000000001
4116.0,1.7039999999999995,-0.7100000000000001
4116.25,1.665,-0.7000000000000001
4116.5,1.7159999999999995,-0.68
4116.75,1.729,-0.7000000000000001
4117.0,1.737,-0.7200000000000001
4117.25,1.7799999999999998,-0.7000000000000001
4117.5,1.493,-0.77
4117.75,1.697,-0.7300000000000001
4118.0,1.6960000000000002,-0.7000000000000001
4118.25,1.614,-0.7
4118.5,1.843,-0.599
4118.75,1.7240000000000002,-0.65
4119.0,1.7280000000000002,-0.64
4119.25,1.71,-0.67
4119.5,1.677,-0.76
4119.75,1.671,-0.66
4120.0,1.775,-0.52
4120.25,1.6509999999999998,-0.6900000000000001
4120.5,1.7360000000000002,-0.67
4120.75,1.669,-0.7000000000000001
4121.0,1.763,-0.6900000000000001
4121.25,1.76,-0.6900000000000001
4121.5,1.624,-0.7100000000000001
4121.75,1.695,-0.6799999999999999
4122.0,1.791,-0.669
4122.25,1.767,-0.7100000000000001
4122.5,1.681,-0.7200000000000001
4122.75,1.713,-0.7200000000000001
4123.0,1.818,-0.6900000000000001
4123.25,1.794,-0.7100000000000001
4123.5,1.668,-0.7400000000000001
4123.75,1.652,-0.7200000000000001
4124.0,1.771,-0.7100000000000001
4124.25,1.754,-0.7000000000000001
4124.5,1.6800000000000002,-0.66
4124.75,1.7999999999999998,-0.664
4125.0,1.896,-0.66
4125.25,1.661,-0.7300000000000001
4125.5,1.678,-0.7300000000000001
4125.75,1.857,-0.68
4126.0,1.767,-0.6900000000000001
4126.25,1.606,-0.7300000000000001
4126.5,1.752,-0.7000000000000001
4126.75,1.785,-0.7000000000000001
4127.0,1.721,-0.7100000000000001
4127.25,1.838,-0.661
4127.5,1.921,-0.617
4127.75,1.6509999999999998,-0.7400000000000001
4128.0,1.803,-0.6900000000000001
4128.25,1.858,-0.66
4128.5,1.7639999999999998,-0.65
4128.75,1.891,-0.619
4129.0,1.892,-0.601
4129.25,1.705,-0.7200000000000001
4129.5,1.893,-0.68
4129.75,1.802,-0.73
4130.0,1.74,-0.7100000000000001
4130.25,1.984,-0.5489999999999999
4130.5,1.73,-0.64
4130.75,1.791,-0.7100000000000001
4131.0,1.833,-0.7000000000000001
4131.25,1.669,-0.7500000000000001
4131.5,1.834,-0.67
4131.75,1.726,-0.7200000000000001
4132.0,1.781,-0.68
4132.25,1.818,-0.5900000000000001
4132.5,1.859,-0.62
4132.75,1.724,-0.67
4133.0,1.942,-0.613
4133.25,1.748,-0.641
4133.5,1.904,-0.627
4133.75,1.68,-0.74
4134.0,1.826,-0.6900000000000001
4134.25,1.756,-0.7000000000000001
4134.5,1.747,-0.7000000000000001
4134.75,1.834,-0.67
4135.0,1.721,-0.7100000000000001
4135.25,1.881,-0.66
4135.5,1.76,-0.6900000000000001
4135.75,1.806,-0.68
4136.0,1.839,-0.68
4136.25,1.795,-0.648
4136.5,1.867,-0.654
4136.75,1.751,-0.6900000000000001
4137.0,1.846,-0.66
4137.25,1.721,-0.7100000000000001
4137.5,1.815,-0.6900000000000001
4137.75,1.6709999999999998,-0.7100000000000001
4138.0,1.774,-0.68
4138.25,1.694,-0.7100000000000001
4138.5,1.6829999999999998,-0.7200000000000001
4138.75,1.834,-0.68
4139.0,1.65,-0.7000000000000001
4139.25,1.77,-0.657
4139.5,1.882,-0.618
4139.75,1.599,-0.7200000000000001
4140.0,1.744,-0.7000000000000001
4140.25,1.774,-0.7000000000000001
4140.5,1.639,-0.7000000000000001
4140.75,1.868,-0.63
4141.0,1.822,-0.599
4141.25,1.8,-0.619
4141.5,1.971,-0.5730000000000001
4141.75,1.726,-0.66
4142.0,1.807,-0.654
4142.25,1.884,-0.615
4142.5,1.722,-0.67
4142.75,1.805,-0.7000000000000001
4143.0,1.69,-0.7000000000000001
4143.25,1.708,-0.7100000000000001
4143.5,1.787,-0.6900000000000001
4143.75,1.654,-0.7200000000000001
4144.0,1.828,-0.68
4144.25,1.769,-0.7000000000000001
4144.5,1.803,-0.6000000000000001
4144.75,1.873,-0.56
4145.0,1.824,-0.508
4145.25,1.852,-0.642
4145.5,1.6910000000000005,-0.7100000000000001
4145.75,1.823,-0.6900000000000001
4146.0,1.7029999999999998,-0.7100000000000001
4146.25,1.767,-0.67
4146.5,1.888,-0.665
4146.75,1.615,-0.7300000000000001
4147.0,1.834,-0.67
4147.25,1.653,-0.7200000000000001
4147.5,1.815,-0.67
4147.75,1.833,-0.6180000000000001
4148.0,1.742,-0.655
4148.25,1.886,-0.67
4148.5,1.658,-0.7100000000000001
4148.75,1.852,-0.68
4149.0,1.746,-0.6900000000000001
4149.25,1.791,-0.7000000000000001
4149.5,1.7970000000000002,-0.68
4149.75,1.737,-0.7100000000000001
4150.0,1.863,-0.68
4150.25,1.7120000000000002,-0.7100000000000001
4150.5,1.86,-0.668
4150.75,1.726,-0.68
4151.0,1.864,-0.66
4151.25,1.778,-0.68
4151.5,1.77,-0.7100000000000001
4151.75,1.813,-0.68
4152.0,1.6989999999999998,-0.7200000000000001
4152.25,1.888,-0.68
4152.5,1.6949999999999998,-0.7200000000000001
4152.75,1.827,-0.68
4153.0,1.7280000000000002,-0.6900000000000001
4153.25,1.868,-0.671
4153.5,1.744,-0.669
4153.75,1.973,-0.569
4154.0,1.807,-0.64
4154.25,1.906,-0.61
4154.5,1.782,-0.635
4154.75,1.813,-0.7100000000000001
4155.0,1.751,-0.7
4155.25,1.75,-0.7100000000000001
4155.5,1.816,-0.7000000000000001
4155.75,1.809,-0.6900000000000001
4156.0,1.833,-0.64
4156.25,1.884,-0.56
4156.5,1.973,-0.645
4156.75,1.813,-0.61
4157.0,1.941,-0.56
4157.25,1.811,-0.65
4157.5,1.845,-0.66
4157.75,1.762,-0.67
4158.0,1.858,-0.65
4158.25,1.759,-0.72
4158.5,1.777,-0.71
4158.75,3.467,0.0726999999999999
4159.0,3.261,-0.453
4159.25,3.5760000000000005,-0.8699999999999999
4159.5,4.329,-0.77
4159.75,8.58,0.149
4160.0,7.2,-0.51
4160.25,17.98,2.399
4160.5,24.880000000000003,4.859999999999999
4160.75,23.450000000000003,3.701
4161.0,21.2,1.82
4161.25,21.93,2.137
4161.5,21.9,1.425
4161.75,21.51,1.3951000000000002
4162.0,19.27,1.221
4162.25,15.669999999999998,-0.482
4162.5,19.3,0.311
4162.75,23.48,1.166
4163.0,19.37,-0.2259999999999999
4163.25,18.46,0.1626
4163.5,19.63,0.711
4163.75,16.91,0.5253
4164.0,15.38,0.1699999999999998
4164.25,18.98,1.703
4164.5,14.28,-0.6599999999999999
4164.75,15.23,0.077
4165.0,17.330000000000002,1.0470000000000002
4165.25,12.62,-1.18
4165.5,15.59,0.139
4165.75,20.9,1.945
4166.0,16.92,-0.827
4166.25,19.26,-1.06
4166.5,20.51,-0.706
4166.75,20.44,-0.972
4167.0,20.56,-0.533
4167.25,20.26,-0.474
4167.5,19.32,-1.25
4167.75,22.25,0.649
4168.0,19.77,0.107
4168.25,16.89,-1.44
4168.5,16.919999999999998,-1.38
4168.75,19.77,0.9408
4169.0,12.2,-1.0750000000000002
4169.25,9.31,-1.11
4169.5,8.76,-0.72
4169.75,7.119999999999999,-0.8600000000000001
4170.0,7.49,-0.491
4170.25,6.459999999999999,-0.678
4170.5,6.68,-0.658
4170.75,7.08,-0.641
4171.0,6.61,-0.624
4171.25,6.2,-0.642
4171.5,6.19,-0.601
4171.75,5.710000000000001,-0.6013999999999999
4172.0,5.4,-0.55393
4172.25,5.042,-0.435
4172.5,3.965,-0.183
4172.75,3.815,-0.228
4173.0,3.617,-0.22
4173.25,3.775,-0.161
4173.5,3.782,-0.132
4173.75,3.64,-0.149
4174.0,3.326,-0.165
4174.25,3.711,-0.141
4174.5,3.611,-0.094
4174.75,3.566,-0.0769999999999999
4175.0,3.513,-0.093
4175.25,3.428,-0.123
4175.5,3.491,-0.0819999999999999
4175.75,3.556,-0.09
4176.0,3.569,-0.1139999999999999
4176.25,3.551,-0.105
4176.5,3.574,-0.081
4176.75,3.637,-0.0159999999999999
4177.0,3.4879999999999995,-0.094
4177.25,3.524,-0.125
4177.5,3.598,-0.093
4177.75,3.261,-0.092
4178.0,3.424,-0.0979999999999999
4178.25,3.5809999999999995,-0.089
4178.5,3.525,-0.0969999999999999
4178.75,3.553,-0.09
4179.0,3.601,-0.073
4179.25,3.575,-0.072
4179.5,3.603,-0.065
4179.75,3.665,-0.012
4180.0,3.583,-0.0559999999999999
4180.25,3.485,-0.11
4180.5,3.579,-0.076
4180.75,3.59,-0.074
4181.0,3.597,-0.072
4181.25,3.66,-0.087
4181.5,3.648,-0.0149999999999999
4181.75,3.73,0.026
4182.0,3.575,-0.0499999999999999
4182.25,3.205,-0.129
4182.5,3.546,-0.156
4182.75,4.268000000000001,-0.198
4183.0,5.284,0.0661399999999999
4183.25,7.870000000000001,1.4719999999999998
4183.5,7.729999999999999,0.659
4183.75,10.13,0.786
4184.0,11.63,-0.556
4184.25,24.75,2.989
4184.5,30.59,5.32
4184.75,26.57,2.763
4185.0,45.0,9.7
4185.25,50.400000000000006,13.16
4185.5,48.2,12.24
4185.75,50.8,13.13
4186.0,46.7,10.91
4186.25,46.4,10.99
4186.5,49.0,11.67
4186.75,48.1,10.25
4187.0,47.400000000000006,10.18
4187.25,44.1,8.43
4187.5,43.5,9.42
4187.75,39.5,8.71
4188.0,33.06,6.41
4188.25,25.55,4.78
4188.5,26.1,5.21
4188.75,25.01,4.042
4189.0,25.69,4.096
4189.25,25.77,3.876
4189.5,36.9,6.79
4189.75,35.68,4.99
4190.0,29.86,3.641
4190.25,30.15,3.817
4190.5,31.94,4.053000000000001
4190.75,31.630000000000003,4.464
4191.0,31.770000000000003,4.396
4191.25,29.93,4.1690000000000005
4191.5,29.950000000000003,3.915000000000001
4191.75,28.59,4.251
4192.0,26.92,3.024
4192.25,25.35,3.191
4192.5,22.31,4.001
4192.75,23.09,4.001
4193.0,22.94,3.24
4193.25,17.78,0.9243
4193.5,18.84,1.774
4193.75,15.58,2.459
4194.0,13.95,2.444
4194.25,14.69,3.178
4194.5,15.170000000000002,3.672
4194.75,13.97,3.525
4195.0,12.95,2.6
4195.25,11.01,2.101
4195.5,10.47,1.833
4195.75,10.78,2.184
4196.0,10.44,1.89
4196.25,8.68,2.222
4196.5,6.630000000000001,2.106
4196.75,6.94,2.377
4197.0,6.579999999999999,2.083
4197.25,6.3100000000000005,2.038
4197.5,6.81,2.251
4197.75,6.73,2.235
4198.0,6.29,2.018
4198.25,6.33,2.065
4198.5,6.71,2.269
4198.75,6.3,1.989
4199.0,6.54,2.148
4199.25,5.859999999999999,2.057
4199.5,6.529999999999999,2.146
4199.75,6.750000000000001,2.3040000000000003
4200.0,6.83,2.3520000000000003
4200.25,6.220000000000001,1.96
4200.5,6.58,2.16
4200.75,6.760000000000001,2.231
4201.0,6.0,2.124
4201.25,6.55,2.19
4201.5,6.32,2.013
4201.75,6.26,1.953
4202.0,6.31,1.983
4202.25,6.260000000000001,1.972
4202.5,6.94,2.339
4202.75,5.84,1.896
4203.0,6.23,1.96
4203.25,6.470000000000001,2.135
4203.5,6.59,2.165
4203.75,6.67,2.3040000000000003
4204.0,6.28,1.989
4204.25,6.28,1.963
4204.5,6.34,2.043
4204.75,6.28,2.005
4205.0,6.25,1.97
4205.25,6.28,1.967
4205.5,6.55,2.159
4205.75,6.01,1.922
4206.0,6.41,1.974
4206.25,6.529999999999999,2.228
4206.5,6.36,2.014
4206.75,7.56,2.318
4207.0,7.37,1.872
4207.25,8.379999999999999,2.159
4207.5,10.97,2.009
4207.75,16.25,3.119
4208.0,17.15,2.547
4208.25,32.17,6.56
4208.5,39.5,8.07
4208.75,38.0,6.14
4209.0,32.5,3.292
4209.25,34.7,3.052
4209.5,35.099999999999994,2.652
4209.75,39.1,4.390000000000001
4210.0,34.56,3.915
4210.25,30.65,4.131
4210.5,32.400000000000006,4.53
4210.75,36.2,5.03
4211.0,37.400000000000006,5.72
4211.25,35.14,5.35
4211.5,32.52,4.01
4211.75,29.5,4.75
4212.0,24.86,4.23
4212.25,23.14,4.109999999999999
4212.5,22.16,4.140000000000001
4212.75,21.43,3.62
4213.0,22.8,3.97
4213.25,23.0,4.77
4213.5,25.37,4.18
4213.75,27.34,3.51
4214.0,29.04,3.443
4214.25,26.82,2.742
4214.5,26.08,2.779
4214.75,24.75,2.935
4215.0,23.880000000000003,2.786
4215.25,23.87,3.46
4215.5,22.99,2.816
4215.75,24.47,2.489
4216.0,24.01,2.938
4216.25,22.85,2.403
4216.5,22.22,2.503
4216.75,24.87,5.09
4217.0,20.83,4.519
4217.25,19.86,4.746
4217.5,15.56,2.197
4217.75,13.62,2.011
4218.0,13.53,2.647
4218.25,14.14,3.147
4218.5,12.18,2.149
4218.75,11.15,1.939
4219.0,10.7,1.795
4219.25,10.59,1.724
4219.5,10.79,1.891
4219.75,10.81,1.807
4220.0,10.7,1.832
4220.25,10.78,2.31
4220.5,9.34,2.344
4220.75,8.649999999999999,2.015
4221.0,9.18,2.239
4221.25,9.45,2.483
4221.5,8.469999999999999,1.968
4221.75,8.98,2.257
4222.0,8.56,2.064
4222.25,8.809999999999999,2.355
4222.5,7.699999999999999,2.196
4222.75,8.0,2.553
4223.0,7.41,2.266
4223.25,7.57,2.294
4223.5,8.35,2.769
4223.75,8.19,2.564
4224.0,7.56,2.331
4224.25,7.74,2.377
4224.5,7.609999999999999,2.368
4224.75,8.16,2.68
4225.0,7.28,2.165
4225.25,5.529999999999999,1.999
4225.5,7.659999999999999,2.297
4225.75,7.67,2.283
4226.0,7.94,2.419
4226.25,7.61,2.278
4226.5,8.12,2.575
4226.75,7.81,2.286
4227.0,7.439999999999999,2.2070000000000003
4227.25,7.64,2.269
4227.5,7.71,2.278
4227.75,7.64,2.255
4228.0,8.08,2.49
4228.25,7.15,2.132
4228.5,7.85,2.414
4228.75,7.939999999999999,2.449
4229.0,7.53,2.2310000000000003
4229.25,8.07,2.55
4229.5,7.59,2.265
4229.75,5.5200000000000005,1.831
4230.0,7.57,2.233
4230.25,7.95,2.374
4230.5,7.69,2.144
4230.75,9.58,3.058
4231.0,9.19,2.639
4231.25,10.7,2.9850000000000003
4231.5,9.69,1.975
4231.75,13.08,2.741
4232.0,12.98,2.876
4232.25,15.14,3.491
4232.5,18.06,3.83
4232.75,16.240000000000002,1.425
4233.0,19.16,2.137
4233.25,17.72,1.323
4233.5,17.95,1.784
4233.75,18.79,2.007
4234.0,18.39,1.382
4234.25,18.98,2.027
4234.5,18.12,1.396
4234.75,18.08,1.099
4235.0,17.35,0.4527
4235.25,18.47,2.199
4235.5,19.49,1.202
4235.75,15.5,0.948
4236.0,17.9,2.458
4236.25,15.61,1.362
4236.5,15.43,2.184
4236.75,16.8,2.411
4237.0,14.19,1.267
4237.25,20.08,3.307
4237.5,20.99,2.774
4237.75,23.25,1.644
4238.0,23.19,1.122
4238.25,21.39,1.138
4238.5,22.84,1.4260000000000002
4238.75,22.89,1.1549999999999998
4239.0,21.26,-0.181
4239.25,21.59,0.2885000000000001
4239.5,22.62,0.208
4239.75,22.3,-0.353
4240.0,22.58,0.4219999999999999
4240.25,21.09,-0.2049999999999999
4240.5,20.34,0.0429999999999999
4240.75,18.09,-0.2458
4241.0,15.14,-0.555
4241.25,12.81,-0.692
4241.5,10.19,-1.02
4241.75,10.04,-0.7170000000000001
4242.0,8.88,-0.655
4242.25,7.77,-0.659
4242.5,5.722,-0.6283
4242.75,5.859,-0.4743
4243.0,5.459,-0.637
4243.25,7.389,0.7399999999999999
4243.5,7.580000000000001,0.7699999999999999
4243.75,8.469999999999999,0.8599999999999999
4244.0,7.772,-0.138
4244.25,5.032,-0.261
4244.5,4.533,-0.216
4244.75,4.921,-0.192
4245.0,4.746,-0.314
4245.25,4.702,-0.329
4245.5,5.061,-0.192
4245.75,4.977,-0.17
4246.0,3.783,-0.174
4246.25,3.1,-0.138
4246.5,3.067,-0.1619999999999999
4246.75,3.576,0.14
4247.0,3.361,-0.122
4247.25,3.556,0.0829999999999999
4247.5,3.1090000000000004,-0.063
4247.75,3.036,-0.0929999999999999
4248.0,3.354,-0.0059999999999999
4248.25,3.635,0.041
4248.5,3.5420000000000003,0.055
4248.75,3.2030000000000003,0.1129999999999999
4249.0,3.209,-0.077
4249.25,3.377,-0.096
4249.5,3.314,-0.087
4249.75,3.187,-0.09
4250.0,2.82,-0.068
4250.25,3.676,0.075
4250.5,3.855,0.216
4250.75,4.059,0.445
4251.0,2.964,-0.0719999999999999
4251.25,3.41,-0.005
4251.5,3.339,-0.146
4251.75,3.518,0.0219999999999999
4252.0,3.197,-0.105
4252.25,2.9520000000000004,-0.022
4252.5,3.511,-0.0289999999999999
4252.75,3.3660000000000005,-0.129
4253.0,3.3480000000000003,-0.096
4253.25,3.5410000000000004,0.1149999999999999
4253.5,3.255,0.0749999999999999
4253.75,3.634,0.034
4254.0,3.383,-0.111
4254.25,3.381,-0.134
4254.5,3.272,-0.172
4254.75,4.106,0.0249999999999999
4255.0,3.581,-0.244
4255.25,5.454,-0.5687
4255.5,6.872,-0.258
4255.75,8.977,-0.2933
4256.0,9.7,0.031
4256.25,11.09,-0.0824
4256.5,22.69,1.932
4256.75,24.81,2.229
4257.0,23.37,1.163
4257.25,23.15,1.026
4257.5,23.84,1.009
4257.75,22.09,-1.91
4258.0,27.39,-1.62
4258.25,24.31,-2.48
4258.5,26.99,0.129
4258.75,28.6,0.315
4259.0,23.62,-0.637
4259.25,23.43,0.4273
4259.5,21.2,-0.487
4259.75,21.35,0.5900000000000001
4260.0,21.66,1.5783
4260.25,17.05,0.6576
4260.5,22.81,3.127
4260.75,25.18,3.507
4261.0,24.55,2.082
4261.25,24.52,1.951
4261.5,23.67,0.16869
4261.75,25.99,2.206
4262.0,42.1,10.94
4262.25,43.7,11.13
4262.5,43.1,11.49
4262.75,42.1,11.06
4263.0,42.2,11.16
4263.25,37.4,8.77
4263.5,38.3,10.74
4263.75,35.9,10.54
4264.0,35.2,9.99
4264.25,36.1,10.21
4264.5,37.6,11.15
4264.75,34.06,9.61
4265.0,31.06,9.31
4265.25,32.6,10.33
4265.5,32.3,10.81
4265.75,30.87,10.24
4266.0,28.34,9.329999999999998
4266.25,25.53,7.979999999999999
4266.5,22.63,7.09
4266.75,22.8,7.24
4267.0,23.64,7.5
4267.25,23.45,7.649999999999999
4267.5,21.95,7.07
4267.75,20.83,6.35
4268.0,20.3,6.13
4268.25,19.73,5.5
4268.5,22.4,7.19
4268.75,20.65,6.33
4269.0,19.73,5.48
4269.25,20.35,6.109999999999999
4269.5,20.46,7.66
4269.75,16.9,6.3500000000000005
4270.0,17.37,6.879999999999999
4270.25,16.94,6.48
4270.5,17.11,6.5600000000000005
4270.75,17.54,7.25
4271.0,17.07,7.48
4271.25,15.76,6.720000000000001
4271.5,17.33,7.82
4271.75,16.29,7.02
4272.0,16.04,6.92
4272.25,18.0,7.76
4272.5,16.2,6.8500000000000005
4272.75,16.16,6.77
4273.0,17.69,7.59
4273.25,15.78,6.64
4273.5,17.51,7.57
4273.75,17.24,7.51
4274.0,16.439999999999998,7.01
4274.25,17.29,7.51
4274.5,16.71,7.210000000000001
4274.75,17.22,7.52
4275.0,17.04,7.38
4275.25,16.92,7.39
4275.5,17.86,7.939999999999999
4275.75,16.9,7.38
4276.0,18.02,8.04
4276.25,18.72,8.25
4276.5,15.97,7.35
4276.75,17.04,7.470000000000001
4277.0,17.7,7.83
4277.25,17.9,7.899999999999999
4277.5,16.07,6.880000000000001
4277.75,17.729999999999997,7.81
4278.0,16.91,7.449999999999999
4278.25,18.15,8.04
4278.5,15.88,6.82
4278.75,18.43,8.21
4279.0,17.6,7.76
4279.25,18.06,7.92
4279.5,17.07,7.210000000000001
4279.75,17.71,7.470000000000001
4280.0,17.310000000000002,7.08
4280.25,19.98,7.15
4280.5,9.9,1.698
4280.75,11.54,2.379
4281.0,11.27,2.23
4281.25,11.34,2.1300000000000003
4281.5,11.31,2.071
4281.75,11.36,2.0780000000000003
4282.0,10.91,1.88
4282.25,12.04,2.48
4282.5,12.09,2.893
4282.75,11.86,2.456
4283.0,11.69,2.199
4283.25,11.23,2.28
4283.5,5.609999999999999,-0.613
4283.75,4.299,-1.36
4284.0,3.81,-0.54
4284.25,2.056,-0.6399999999999999
4284.5,2.016,-0.6699999999999999
4284.75,1.991,-0.69
4285.0,2.022,-0.6599999999999999
4285.25,1.896,-0.65
4285.5,1.978,-0.6699999999999999
4285.75,3.045,-0.74
4286.0,3.638,-0.77
4286.25,4.453,-0.91
4286.5,6.001,-1.13
4286.75,5.983,-1.1
4287.0,6.057,-1.14
4287.25,6.139,-1.19
4287.5,6.298,-1.16
4287.75,5.68,-1.15
4288.0,4.074,-0.87
4288.25,4.132000000000001,-0.85
4288.5,4.157,-0.86
4288.75,4.205,-0.88
4289.0,3.519,-0.79
4289.25,2.197,-0.198
4289.5,1.261,-0.55
4289.75,1.249,-0.58
4290.0,1.324,-0.54
4290.25,1.336,-0.5
4290.5,1.327,-0.5
4290.75,1.31,-0.54
4291.0,1.28,-0.55
4291.25,1.264,-0.56
4291.5,1.2979999999999998,-0.55
4291.75,1.268,-0.56
4292.0,1.293,-0.54
4292.25,1.368,-0.55
4292.5,1.418,-0.53
4292.75,1.332,-0.45
4293.0,1.342,-0.464
4293.25,1.354,-0.501
4293.5,1.287,-0.5800000000000001
4293.75,1.311,-0.53
4294.0,1.481,-0.375
4294.25,1.394,-0.447
4294.5,1.34,-0.49
4294.75,1.3030000000000002,-0.54
4295.0,1.2999999999999998,-0.56
4295.25,1.291,-0.55
4295.5,1.263,-0.58
4295.75,1.345,-0.53
4296.0,1.3,-0.56
4296.25,1.293,-0.55
4296.5,1.314,-0.55
4296.75,1.302,-0.5700000000000001
4297.0,1.2970000000000002,-0.56
4297.25,1.3370000000000002,-0.53
4297.5,1.339,-0.52
4297.75,1.321,-0.53
4298.0,1.285,-0.56
4298.25,1.32,-0.55
4298.5,1.288,-0.6
4298.75,1.285,-0.56
4299.0,1.3230000000000002,-0.54
4299.25,1.254,-0.58
4299.5,1.286,-0.55
4299.75,1.32,-0.56
4300.0,1.327,-0.54
4300.25,1.268,-0.5700000000000001
4300.5,1.3,-0.55
4300.75,1.347,-0.52
4301.0,1.3450000000000002,-0.51
4301.25,1.327,-0.52
4301.5,1.344,-0.51
4301.75,1.32,-0.54
4302.0,1.273,-0.5700000000000001
4302.25,1.295,-0.55
4302.5,1.365,-0.52
4302.75,1.2999999999999998,-0.55
4303.0,1.37,-0.4353
4303.25,1.412,-0.482
4303.5,1.282,-0.55
4303.75,1.274,-0.56
4304.0,1.251,-0.5700000000000001
4304.25,1.311,-0.53
4304.5,1.324,-0.52
4304.75,1.404,-0.54
4305.0,1.386,-0.426
4305.25,1.3330000000000002,-0.45
4305.5,1.296,-0.519
4305.75,1.261,-0.58
4306.0,1.275,-0.56
4306.25,1.286,-0.56
4306.5,1.272,-0.56
4306.75,1.276,-0.56
4307.0,1.258,-0.5700000000000001
4307.25,1.255,-0.5700000000000001
4307.5,1.279,-0.56
4307.75,1.263,-0.5700000000000001
4308.0,1.382,-0.4245
4308.25,1.346,-0.49
4308.5,1.333,-0.52
4308.75,1.287,-0.55
4309.0,1.275,-0.55
4309.25,1.329,-0.52
4309.5,1.329,-0.5
4309.75,1.378,-0.454
4310.0,1.386,-0.4589999999999999
4310.25,1.2950000000000002,-0.54
4310.5,1.284,-0.54
4310.75,1.298,-0.54
4311.0,1.358,-0.53
4311.25,1.253,-0.58
4311.5,1.33,-0.51
4311.75,1.366,-0.48
4312.0,1.357,-0.4609999999999999
4312.25,1.314,-0.491
4312.5,1.276,-0.55
4312.75,1.308,-0.54
4313.0,1.239,-0.58
4313.25,1.267,-0.56
4313.5,1.302,-0.54
4313.75,1.274,-0.56
4314.0,1.239,-0.58
4314.25,1.282,-0.55
4314.5,1.37,-0.52
4314.75,1.263,-0.5700000000000001
4315.0,1.299,-0.53
4315.25,1.375,-0.49
4315.5,1.312,-0.52
4315.75,1.242,-0.6
4316.0,1.3370000000000002,-0.496
4316.25,1.387,-0.451
4316.5,1.273,-0.55
4316.75,1.273,-0.56
4317.0,1.389,-0.55
4317.25,1.344,-0.527
4317.5,1.3219999999999998,-0.475
4317.75,1.335,-0.49
4318.0,1.339,-0.501
4318.25,1.278,-0.5800000000000001
4318.5,1.281,-0.5599999999999999
4318.75,1.3889999999999998,-0.49
4319.0,1.33,-0.52
4319.25,1.264,-0.58
4319.5,1.318,-0.55
4319.75,1.328,-0.53
4320.0,1.289,-0.56
4320.25,1.352,-0.4548299999999999
4320.5,1.373,-0.489
4320.75,1.305,-0.54
4321.0,1.266,-0.5700000000000001
4321.25,1.3170000000000002,-0.54
4321.5,1.314,-0.528
4321.75,1.3,-0.54
4322.0,1.279,-0.55
4322.25,1.395,-0.49
4322.5,1.331,-0.52
4322.75,1.273,-0.5700000000000001
4323.0,1.299,-0.54
4323.25,1.34,-0.54
4323.5,1.312,-0.55
4323.75,1.266,-0.5700000000000001
4324.0,1.3430000000000002,-0.53
4324.25,1.283,-0.56
4324.5,1.265,-0.5700000000000001
4324.75,1.3010000000000002,-0.54
4325.0,1.4240000000000002,-0.413
4325.25,1.288,-0.56
4325.5,1.257,-0.58
4325.75,1.439,-0.4499999999999999
4326.0,1.4209999999999998,-0.43
4326.25,1.353,-0.48
4326.5,1.352,-0.49
4326.75,1.828,-0.56
4327.0,2.168,-0.5980000000000001
4327.25,4.477,-0.431
4327.5,6.604,-0.501
4327.75,8.148,-0.0448
4328.0,10.34,0.225
4328.25,27.29,7.13
4328.5,26.68,5.069
4328.75,29.3,4.176
4329.0,26.12,1.487
4329.25,25.79,2.373
4329.5,27.17,2.97
4329.75,30.54,4.28
4330.0,31.69,2.3200000000000003
4330.25,34.27,3.693
4330.5,37.400000000000006,3.674
4330.75,38.5,3.3000000000000003
4331.0,41.3,4.6
4331.25,38.8,4.470000000000001
4331.5,35.6,2.673
4331.75,33.7,2.843
4332.0,24.44,2.672
4332.25,22.12,2.991
4332.5,19.82,1.4693000000000005
4332.75,20.64,1.727
4333.0,24.2,3.382
4333.25,21.05,2.28
4333.5,19.01,1.655
4333.75,20.39,2.116
4334.0,22.84,3.009
4334.25,23.43,2.169
4334.5,23.61,1.544
4334.75,22.82,1.331
4335.0,23.17,2.305
4335.25,23.02,2.637
4335.5,21.72,0.665
4335.75,27.380000000000003,2.452
4336.0,27.02,1.917
4336.25,24.36,1.057
4336.5,22.25,1.2313
4336.75,23.25,1.7617
4337.0,20.26,2.489
4337.25,15.63,1.916
4337.5,14.2,2.1
4337.75,13.61,2.596
4338.0,10.62,1.3407
4338.25,6.017,-0.78
4338.5,5.303,-0.699
4338.75,6.0600000000000005,-0.39538
4339.0,5.68,-0.81
4339.25,5.026,-0.626
4339.5,4.66,-0.563
4339.75,4.382,-0.525
4340.0,4.409,-0.524
4340.25,4.994,0.277
4340.5,2.753,-0.257
4340.75,2.947,-0.207
4341.0,2.622,-0.287
4341.25,2.849,-0.223
4341.5,2.911,-0.207
4341.75,3.003,-0.1999999999999999
4342.0,2.9889999999999994,-0.126
4342.25,2.9919999999999995,-0.0879999999999999
4342.5,2.958,-0.111
4342.75,3.005,-0.0509999999999999
4343.0,2.9400000000000004,-0.22
4343.25,3.12,-0.206
4343.5,3.0620000000000003,-0.219
4343.75,3.123,-0.189
4344.0,3.108,-0.1989999999999999
4344.25,3.0620000000000003,-0.2309999999999999
4344.5,3.055,-0.205
4344.75,3.1,-0.166
4345.0,3.084,-0.18
4345.25,3.048,-0.216
4345.5,3.079,-0.178
4345.75,3.131,-0.158
4346.0,3.0860000000000003,-0.171
4346.25,3.176,-0.122
4346.5,3.1710000000000003,-0.157
4346.75,3.1170000000000004,-0.18
4347.0,3.147,-0.186
4347.25,3.191,-0.16
4347.5,3.169,-0.168
4347.75,2.912,-0.186
4348.0,2.906,-0.135
4348.25,3.139,-0.159
4348.5,3.039,-0.207
4348.75,3.067,-0.2
4349.0,3.1290000000000004,-0.165
4349.25,3.063,-0.202
4349.5,3.161,-0.139
4349.75,3.117,-0.166
4350.0,3.1210000000000004,-0.202
4350.25,3.161,-0.188
4350.5,3.192,-0.197
4350.75,4.083,0.0839999999999999
4351.0,3.861,-0.0789999999999999
4351.25,7.07,-0.024
4351.5,8.01,-0.157
4351.75,10.62,0.974
4352.0,16.38,1.271
4352.25,31.49,5.65
4352.5,38.4,7.67
4352.75,35.6,4.33
4353.0,37.27,4.93
4353.25,37.2,5.46
4353.5,42.1,5.92
4353.75,44.8,4.84
4354.0,47.900000000000006,4.065
4354.25,48.2,5.46
4354.5,47.1,6.640000000000001
4354.75,43.8,5.72
4355.0,43.8,5.61
4355.25,42.9,5.17
4355.5,43.3,5.59
4355.75,39.9,5.7700000000000005
4356.0,36.79,4.84
4356.25,30.47,3.709
4356.5,28.21,4.55
4356.75,29.21,4.72
4357.0,27.93,4.088
4357.25,30.01,4.890000000000001
4357.5,35.900000000000006,3.0700000000000003
4357.75,36.71,3.7
4358.0,37.33,2.982
4358.25,35.99,2.692
4358.5,33.37,2.569
4358.75,30.65,3.026
4359.0,32.28,3.579
4359.25,34.910000000000004,4.16
4359.5,31.28,2.243
4359.75,34.33,3.411
4360.0,35.35,3.966
4360.25,32.79,3.273
4360.5,33.67,3.213
4360.75,32.4,4.399
4361.0,21.79,1.25
4361.25,18.130000000000003,-0.1679999999999999
4361.5,14.989999999999998,0.7316999999999999
4361.75,12.11,0.8399999999999999
4362.0,8.62,0.309
4362.25,8.33,-0.47655
4362.5,6.64,-1.13
4362.75,5.443,-1.38
4363.0,5.385,-1.4
4363.25,5.5440000000000005,-1.31
4363.5,7.904,-0.157
4363.75,7.737,-0.256
4364.0,7.159,-0.6857
4364.25,5.054,-0.284
4364.5,3.815,0.182
4364.75,4.194,0.62
4365.0,3.371,-0.232
4365.25,3.541,-0.171
4365.5,4.355,0.67
4365.75,2.809,-0.1239999999999999
4366.0,1.719,-0.6799999999999999
4366.25,1.586,-0.6699999999999999
4366.5,1.592,-0.6599999999999999
4366.75,2.301,-0.0899
4367.0,1.661,-0.6
4367.25,1.632,-0.552
4367.5,1.626,-0.616
4367.75,1.609,-0.6399999999999999
4368.0,1.584,-0.69
4368.25,1.5579999999999998,-0.71
4368.5,1.6629999999999998,-0.61
4368.75,1.599,-0.6799999999999999
4369.0,1.555,-0.75
4369.25,1.575,-0.78
4369.5,1.4449999999999998,-0.8899999999999999
4369.75,1.43,-0.8999999999999999
4370.0,1.469,-0.8800000000000001
4370.25,1.442,-0.92
4370.5,1.469,-0.89
4370.75,1.509,-0.85
4371.0,1.506,-0.85
4371.25,1.457,-0.8899999999999999
4371.5,1.471,-0.8999999999999999
4371.75,1.466,-0.8999999999999999
4372.0,1.476,-0.8700000000000001
4372.25,1.4249999999999998,-0.92
4372.5,1.483,-0.8999999999999999
4372.75,1.497,-0.8600000000000001
4373.0,1.426,-0.91
4373.25,1.446,-0.8999999999999999
4373.5,1.438,-0.92
4373.75,1.472,-0.8800000000000001
4374.0,1.4549999999999998,-0.8799999999999999
4374.25,1.4109999999999998,-0.92
4374.5,1.529,-0.8200000000000001
4374.75,2.086,-0.6
4375.0,2.968,-0.6499999999999999
4375.25,5.68,0.3087
4375.5,14.38,0.957
4375.75,16.439999999999998,1.269
4376.0,20.48,1.891
4376.25,31.06,4.72
4376.5,37.4,6.43
4376.75,38.6,5.449999999999999
4377.0,41.1,5.36
4377.25,42.5,4.73
4377.5,43.0,6.14
4377.75,40.78,6.59
4378.0,37.35,6.05
4378.25,36.7,5.959999999999999
4378.5,31.9,3.88
4378.75,35.230000000000004,4.07
4379.0,38.2,5.0
4379.25,35.87,3.91
4379.5,33.09,4.492
4379.75,29.95,4.138999999999999
4380.0,28.56,4.513999999999999
4380.25,26.98,3.761
4380.5,29.14,3.923
4380.75,29.26,4.299
4381.0,29.25,5.39
4381.25,28.77,4.03
4381.5,28.450000000000003,3.788
4381.75,31.82,5.3
4382.0,30.8,3.55
4382.25,30.520000000000003,3.451
4382.5,29.67,2.906
4382.75,26.61,4.104
4383.0,25.64,4.43
4383.25,24.08,3.79
4383.5,26.99,3.6
4383.75,28.78,4.085
4384.0,26.9,3.721
4384.25,26.43,3.71
4384.5,24.99,3.199
4384.75,25.57,3.817
4385.0,18.200000000000003,1.076
4385.25,11.990000000000002,-0.684
4385.5,11.47,-0.489
4385.75,12.189999999999998,0.43
4386.0,10.83,-0.394
4386.25,9.26,-0.8210000000000001
4386.5,10.47,-0.803
4386.75,10.07,-0.035
4387.0,5.800000000000001,-1.12
4387.25,5.707,-1.25
4387.5,5.768,-1.2
4387.75,4.617,-0.91
4388.0,3.529,-0.97
4388.25,4.165,-0.423
4388.5,2.199,-0.75
4388.75,2.179,-0.72
4389.0,2.011,-0.6799999999999999
4389.25,1.921,-0.69
4389.5,2.058,-0.65
4389.75,2.146,-0.67
4390.0,2.141,-0.72
4390.25,2.003,-0.72
4390.5,1.88,-0.6799999999999999
4390.75,2.02,-0.7
4391.0,2.158,-0.71
4391.25,2.094,-0.73
4391.5,2.012,-0.69
4391.75,1.934,-0.6799999999999999
4392.0,2.01,-0.643
4392.25,2.088,-0.666
4392.5,2.107,-0.69
4392.75,1.841,-0.74
4393.0,1.876,-0.6799999999999999
4393.25,2.125,-0.69
4393.5,2.149,-0.71
4393.75,2.039,-0.73
4394.0,1.924,-0.6799999999999999
4394.25,1.872,-0.7
4394.5,2.025,-0.72
4394.75,2.088,-0.73
4395.0,2.182,-0.76
4395.25,1.928,-0.6799999999999999
4395.5,1.853,-0.71
4395.75,2.035,-0.71
4396.0,2.17,-0.68
4396.25,2.0940000000000003,-0.66
4396.5,2.011,-0.5700000000000001
4396.75,2.036,-0.6000000000000001
4397.0,2.0540000000000003,-0.71
4397.25,2.074,-0.71
4397.5,2.079,-0.73
4397.75,1.941,-0.69
4398.0,1.85,-0.6699999999999999
4398.25,2.032,-0.75
4398.5,2.111,-0.7100000000000001
4398.75,3.017,-0.2951
4399.0,2.91,-0.93
4399.25,4.61,-1.18
4399.5,9.69,-0.782
4399.75,10.09,-1.52
4400.0,16.5,-1.32
4400.25,23.84,0.1552
4400.5,36.3,5.039999999999999
4400.75,29.71,1.698
4401.0,34.84,2.1367
4401.25,33.5,2.897
4401.5,30.03,1.5173
4401.75,31.2,0.743
4402.0,34.900000000000006,2.296
4402.25,34.7,3.131
4402.5,32.53,2.2234000000000003
4402.75,30.1,0.843
4403.0,34.1,2.005
4403.25,35.8,2.14
4403.5,34.14,1.9945
4403.75,31.15,1.761
4404.0,27.340000000000003,2.272
4404.25,20.72,1.379
4404.5,17.89,2.717
4404.75,22.880000000000003,3.569
4405.0,23.99,2.109
4405.25,21.58,1.539
4405.5,22.62,1.959
4405.75,23.58,1.793
4406.0,23.9,2.154
4406.25,25.6,1.652
4406.5,23.17,1.013
4406.75,22.94,0.7898999999999999
4407.0,24.48,1.2040000000000002
4407.25,26.1,2.334
4407.5,30.77,3.638
4407.75,32.5,4.114
4408.0,29.97,3.2
4408.25,29.16,2.5053
4408.5,29.47,2.6241000000000003
4408.75,29.16,3.329
4409.0,23.63,3.36
4409.25,17.89,0.4309999999999999
4409.5,16.94,1.122
4409.75,14.170000000000002,1.3099999999999998
4410.0,12.5,0.7699999999999999
4410.25,8.559000000000001,-0.1989999999999999
4410.5,7.417000000000001,-0.4359999999999999
4410.75,7.822999999999999,0.0679999999999999
4411.0,7.045999999999999,0.4000000000000001
4411.25,6.071,-0.363
4411.5,5.9910000000000005,-0.381
4411.75,6.661,0.2139999999999999
4412.0,6.746,0.3999999999999999
4412.25,3.808,-0.1179999999999999
4412.5,2.465,-0.63
4412.75,2.58,-0.597
4413.0,2.492,-0.668
4413.25,2.459,-0.7
4413.5,2.472,-0.69
4413.75,2.45,-0.74
4414.0,2.444,-0.7
4414.25,2.52,-0.6499999999999999
4414.5,2.3680000000000003,-0.62
4414.75,2.1050000000000004,-0.6300000000000001
4415.0,2.158,-0.64
4415.25,2.18,-0.62
4415.5,2.004,-0.66
4415.75,2.122,-0.63
4416.0,2.132,-0.61
4416.25,2.139,-0.6799999999999999
4416.5,2.26,-0.618
4416.75,2.226,-0.5289999999999999
4417.0,2.151,-0.606
4417.25,2.102,-0.636
4417.5,2.03,-0.6599999999999999
4417.75,2.165,-0.6100000000000001
4418.0,2.123,-0.6100000000000001
4418.25,2.051,-0.64
4418.5,2.087,-0.66
4418.75,2.069,-0.68
4419.0,2.079,-0.67
4419.25,2.119,-0.66
4419.5,2.02,-0.6000000000000001
4419.75,2.124,-0.563
4420.0,2.128,-0.563
4420.25,2.131,-0.5640000000000001
4420.5,2.09,-0.6
4420.75,2.045,-0.65
4421.0,2.036,-0.6300000000000001
4421.25,2.094,-0.5800000000000001
4421.5,2.049,-0.6200000000000001
4421.75,2.02,-0.69
4422.0,2.069,-0.63
4422.25,2.024,-0.65
4422.5,1.995,-0.6699999999999999
4422.75,3.0970000000000004,-0.6499999999999999
4423.0,3.116,-0.258
4423.25,5.782,-0.289
4423.5,6.164000000000001,-1.04
4423.75,8.444,-0.8407
4424.0,10.1,-0.016
4424.25,18.19,1.363
4424.5,25.96,1.757
4424.75,28.26,1.133
4425.0,25.32,0.88
4425.25,26.03,1.775
4425.5,26.37,1.492
4425.75,25.07,1.215
4426.0,23.32,1.19
4426.25,24.47,2.035
4426.5,22.53,1.59
4426.75,21.54,0.814
4427.0,23.05,1.471
4427.25,28.61,3.2
4427.5,23.47,1.264
4427.75,22.3,1.329
4428.0,23.9,1.942
4428.25,24.57,2.513
4428.5,22.53,3.228
4428.75,22.95,1.789
4429.0,21.34,1.876
4429.25,20.51,1.281
4429.5,24.0,1.402
4429.75,27.39,1.96
4430.0,24.12,0.4182999999999999
4430.25,24.54,0.6182
4430.5,21.93,0.699
4430.75,21.6,0.6348
4431.0,22.78,1.061
4431.25,21.48,0.556
4431.5,25.91,2.406
4431.75,26.18,1.6424
4432.0,25.67,1.281
4432.25,25.340000000000003,1.351
4432.5,21.24,0.642
4432.75,21.700000000000003,1.3453
4433.0,16.490000000000002,0.58
4433.25,10.68,-0.7347
4433.5,10.76,-0.5562
4433.75,10.94,0.125
4434.0,10.48,-0.0189999999999999
4434.25,7.550000000000001,-0.5766
4434.5,5.343999999999999,-0.6799999999999999
4434.75,3.963,-0.86
4435.0,3.998,-0.81
4435.25,4.425,-0.91
4435.5,4.641,-0.95
4435.75,4.634,-0.94
4436.0,5.0760000000000005,-0.507
4436.25,3.236,-0.61
4436.5,3.225,-0.63
4436.75,3.226,-0.62
4437.0,3.272,-0.63
4437.25,2.852,-0.49
4437.5,2.318,-0.353
4437.75,2.139,-0.39
4438.0,2.141,-0.39
4438.25,2.191,-0.36
4438.5,2.137,-0.39
4438.75,2.129,-0.39
4439.0,2.164,-0.36
4439.25,2.1630000000000003,-0.38
4439.5,2.123,-0.387
4439.75,2.165,-0.4
4440.0,2.144,-0.4
4440.25,2.148,-0.42
4440.5,2.205,-0.334
4440.75,2.22,-0.32
4441.0,2.217,-0.39
4441.25,2.183,-0.324
4441.5,2.221,-0.28
4441.75,2.206,-0.346
4442.0,2.169,-0.344
4442.25,2.167,-0.38
4442.5,2.139,-0.4
4442.75,2.145,-0.39
4443.0,2.202,-0.36
4443.25,2.1020000000000003,-0.42
4443.5,2.154,-0.38
4443.75,2.253,-0.314
4444.0,2.151,-0.37
4444.25,2.1180000000000003,-0.42
4444.5,2.189,-0.36
4444.75,2.213,-0.315
4445.0,2.188,-0.329
4445.25,2.226,-0.32
4445.5,2.162,-0.38
4445.75,2.1260000000000003,-0.42
4446.0,2.138,-0.4
4446.25,2.1950000000000003,-0.38
4446.5,2.152,-0.42
4446.75,2.125,-0.42
4447.0,2.229,-0.328
4447.25,2.159,-0.39
4447.5,2.105,-0.43
4447.75,2.2830000000000004,-0.4
4448.0,1.946,-0.54
4448.25,1.656,-0.63
4448.5,1.79,-0.6399999999999999
4448.75,1.77,-0.6499999999999999
4449.0,1.767,-0.6499999999999999
4449.25,1.685,-0.6399999999999999
4449.5,1.911,-0.63
4449.75,3.514,-1.27
4450.0,3.636,-1.35
4450.25,3.74,-1.27
4450.5,3.75,-1.27
4450.75,3.682,-1.34
4451.0,3.78,-1.31
4451.25,21.94,7.68
4451.5,31.8,13.68
4451.75,28.89,12.52
4452.0,27.82,11.94
4452.25,27.53,11.69
4452.5,25.79,10.91
4452.75,23.61,9.27
4453.0,23.08,9.33
4453.25,22.13,9.17
4453.5,23.37,9.57
4453.75,22.18,8.64
4454.0,21.21,8.35
4454.25,22.57,9.27
4454.5,22.94,9.35
4454.75,23.42,9.27
4455.0,22.29,8.73
4455.25,20.9,7.93
4455.5,19.89,7.630000000000001
4455.75,15.14,5.279999999999999
4456.0,3.022,-1.0499999999999998
4456.25,2.275,-0.8500000000000001
4456.5,2.202,-0.73
4456.75,1.876,-0.61
4457.0,1.938,-0.57
4457.25,1.942,-0.5900000000000001
4457.5,1.613,-0.64
4457.75,1.517,-0.61
4458.0,1.564,-0.5700000000000001
4458.25,1.95,-0.403
4458.5,2.678,0.4463
4458.75,1.34,-0.421
4459.0,1.317,-0.469
4459.25,1.205,-0.54
4459.5,1.223,-0.54
4459.75,1.223,-0.54
4460.0,1.279,-0.48
4460.25,1.303,-0.4599999999999999
4460.5,1.189,-0.55
4460.75,1.214,-0.52
4461.0,1.273,-0.473
4461.25,1.219,-0.52
4461.5,1.201,-0.53
4461.75,1.235,-0.52
4462.0,1.233,-0.51
4462.25,1.238,-0.51
4462.5,1.269,-0.5
4462.75,1.203,-0.54
4463.0,1.279,-0.4589999999999999
4463.25,1.327,-0.43
4463.5,1.237,-0.51
4463.75,1.189,-0.56
4464.0,1.275,-0.49
4464.25,1.238,-0.51
4464.5,1.233,-0.51
4464.75,1.244,-0.52
4465.0,1.26,-0.5
4465.25,1.261,-0.52
4465.5,1.256,-0.49
4465.75,1.281,-0.56
4466.0,1.257,-0.452
4466.25,1.409,-0.3399999999999999
4466.5,1.291,-0.436
4466.75,1.251,-0.475
4467.0,1.243,-0.53
4467.25,1.239,-0.54
4467.5,1.204,-0.55
4467.75,1.239,-0.51
4468.0,1.249,-0.51
4468.25,1.231,-0.51
4468.5,1.215,-0.53
4468.75,1.262,-0.49
4469.0,1.23,-0.52
4469.25,1.241,-0.5
4469.5,1.289,-0.49
4469.75,1.266,-0.48
4470.0,1.245,-0.51
4470.25,1.236,-0.52
4470.5,1.23,-0.53
4470.75,1.217,-0.52
4471.0,1.265,-0.48
4471.25,1.182,-0.55
4471.5,1.217,-0.55
4471.75,1.248,-0.51
4472.0,1.241,-0.49
4472.25,1.277,-0.455
4472.5,1.326,-0.434
4472.75,1.288,-0.4599999999999999
4473.0,1.234,-0.49
4473.25,1.239,-0.5
4473.5,1.229,-0.51
4473.75,1.202,-0.53
4474.0,1.1900000000000002,-0.55
4474.25,1.227,-0.52
4474.5,1.22,-0.51
4474.75,1.1840000000000002,-0.55
4475.0,1.248,-0.52
4475.25,1.205,-0.53
4475.5,1.209,-0.52
4475.75,1.227,-0.518
4476.0,1.27,-0.49
4476.25,1.28,-0.48
4476.5,1.236,-0.51
4476.75,1.2040000000000002,-0.54
4477.0,1.246,-0.493
4477.25,1.269,-0.484
4477.5,1.219,-0.52
4477.75,1.227,-0.53
4478.0,1.308,-0.53
4478.25,1.278,-0.503
4478.5,1.277,-0.43
4478.75,1.288,-0.437
4479.0,1.248,-0.485
4479.25,1.293,-0.4539999999999999
4479.5,1.322,-0.441
4479.75,1.273,-0.445
4480.0,1.261,-0.468
4480.25,1.259,-0.51
4480.5,1.2,-0.54
4480.75,1.168,-0.5700000000000001
4481.0,1.264,-0.51
4481.25,1.185,-0.5700000000000001
4481.5,1.205,-0.54
4481.75,1.226,-0.54
4482.0,1.212,-0.54
4482.25,1.316,-0.49
4482.5,1.295,-0.48
4482.75,1.177,-0.5700000000000001
4483.0,1.212,-0.54
4483.25,1.258,-0.51
4483.5,1.205,-0.55
4483.75,1.248,-0.49
4484.0,1.361,-0.419
4484.25,1.377,-0.426
4484.5,1.264,-0.47
4484.75,1.222,-0.54
4485.0,1.225,-0.51
4485.25,1.259,-0.5
4485.5,1.332,-0.4599999999999999
4485.75,1.269,-0.52
4486.0,1.2040000000000002,-0.54
4486.25,1.258,-0.51
4486.5,1.223,-0.51
4486.75,1.255,-0.532
4487.0,1.252,-0.52
4487.25,1.224,-0.52
4487.5,1.233,-0.51
4487.75,1.241,-0.53
4488.0,1.235,-0.53
4488.25,1.237,-0.507
4488.5,1.275,-0.49
4488.75,1.249,-0.5
4489.0,1.27,-0.49
4489.25,1.264,-0.51
4489.5,1.23,-0.52
4489.75,1.2080000000000002,-0.53
4490.0,1.271,-0.52
4490.25,1.254,-0.53
4490.5,1.288,-0.55
4490.75,1.291,-0.428
4491.0,1.318,-0.4
4491.25,1.254,-0.498
4491.5,1.23,-0.505
4491.75,1.27,-0.51
4492.0,1.277,-0.49
4492.25,1.266,-0.51
4492.5,1.233,-0.53
4492.75,1.226,-0.54
4493.0,1.232,-0.54
4493.25,1.266,-0.52
4493.5,1.2020000000000002,-0.56
4493.75,1.229,-0.54
4494.0,1.257,-0.52
4494.25,1.1860000000000002,-0.5700000000000001
4494.5,1.222,-0.54
4494.75,2.476,-0.12
4495.0,1.813,-0.378
4495.25,5.976999999999999,0.189
4495.5,6.431,-0.368
4495.75,7.677,-0.845
4496.0,11.6,-0.74
4496.25,30.35,3.765
4496.5,30.7,1.836
4496.75,30.19,1.958
4497.0,50.8,14.19
4497.25,49.8,13.499999999999998
4497.5,58.0,14.66
4497.75,35.7,3.343
4498.0,34.2,2.879
4498.25,33.0,2.904
4498.5,36.8,1.952
4498.75,36.2,1.64
4499.0,35.099999999999994,1.226
4499.25,36.0,2.674
4499.5,31.020000000000003,2.167
4499.75,30.13,2.474
4500.0,28.36,2.424
4500.25,28.08,3.12
4500.5,27.83,2.8070000000000004
4500.75,27.82,2.954
4501.0,26.57,1.903
4501.25,30.84,3.212
4501.5,34.900000000000006,3.254
4501.75,34.8,3.26
4502.0,31.090000000000003,1.99
4502.25,33.43000000000001,2.791
4502.5,33.9,1.974
4502.75,32.9,1.327
4503.0,32.17,1.393
4503.25,30.17,2.7270000000000003
4503.5,28.07,1.934
4503.75,25.87,0.502
4504.0,27.800000000000004,1.981
4504.25,27.520000000000003,2.3559
4504.5,25.5,1.5438
4504.75,24.54,1.659
4505.0,23.200000000000003,2.118
4505.25,45.1,13.59
4505.5,29.83,5.89
4505.75,29.020000000000003,6.21
4506.0,16.86,2.442
4506.25,20.73,5.02
4506.5,17.619999999999997,3.153
4506.75,10.56,-0.367
4507.0,13.27,0.356
4507.25,12.53,0.165
4507.5,11.44,-1.0297
4507.75,12.04,-1.0754
4508.0,11.38,-0.2999999999999999
4508.25,11.4,-0.472
4508.5,8.69,-0.78
4508.75,7.88,-0.959
4509.0,8.6,0.354
4509.25,7.75,0.3279999999999999
4509.5,6.170000000000001,-0.65
4509.75,4.89,-1.29
4510.0,5.66,-1.36
4510.25,4.78,-1.18
4510.5,1.856,-0.515
4510.75,1.7959999999999998,-0.52
4511.0,1.805,-0.53
4511.25,1.7990000000000002,-0.53
4511.5,1.779,-0.54
4511.75,1.835,-0.51
4512.0,1.7799999999999998,-0.54
4512.25,1.884,-0.43
4512.5,1.926,-0.412
4512.75,1.861,-0.452
4513.0,1.809,-0.509
4513.25,1.896,-0.45
4513.5,1.816,-0.51
4513.75,1.767,-0.56
4514.0,1.833,-0.5
4514.25,1.781,-0.52
4514.5,1.783,-0.52
4514.75,1.781,-0.53
4515.0,1.799,-0.52
4515.25,1.88,-0.54
4515.5,1.846,-0.446
4515.75,1.811,-0.44
4516.0,1.808,-0.476
4516.25,1.895,-0.419
4516.5,1.72,-0.467
4516.75,1.6669999999999998,-0.54
4517.0,1.709,-0.51
4517.25,1.6880000000000002,-0.51
4517.5,1.644,-0.54
4517.75,1.748,-0.49
4518.0,1.695,-0.5
4518.25,1.654,-0.53
4518.5,1.682,-0.51
4518.75,3.095,-0.04697
4519.0,2.713,-0.71
4519.25,4.02,-0.8900000000000001
4519.5,5.79,-0.131
4519.75,4.779999999999999,-1.04
4520.0,14.94,2.386
4520.25,23.93,5.03
4520.5,19.84,0.88648
4520.75,20.130000000000003,-0.0789999999999999
4521.0,21.96,-0.268
4521.25,30.27,3.342
4521.5,37.900000000000006,6.69
4521.75,32.54,4.032
4522.0,32.59,4.96
4522.25,32.730000000000004,4.436
4522.5,31.02,4.062
4522.75,33.05,4.66
4523.0,33.77,5.26
4523.25,31.79,5.029999999999999
4523.5,31.62,5.890000000000001
4523.75,29.03,4.182
4524.0,25.47,3.2030000000000003
4524.25,18.270000000000003,2.032
4524.5,18.31,2.356
4524.75,21.09,2.702
4525.0,18.46,0.539
4525.25,20.23,1.404
4525.5,21.95,1.562
4525.75,21.13,0.2907
4526.0,23.06,0.993
4526.25,22.88,1.103
4526.5,20.13,1.04
4526.75,19.65,0.6739999999999999
4527.0,19.99,1.648
4527.25,18.89,1.185
4527.5,17.990000000000002,0.942
4527.75,15.599999999999998,0.1942999999999999
4528.0,16.43,1.148
4528.25,16.4,1.12
4528.5,21.31,3.87
4528.75,17.15,1.6799999999999995
4529.0,7.75,-1.58
4529.25,5.9,-1.39
4529.5,5.86,-1.25
4529.75,5.5,-0.63214
4530.0,4.4,-1.03
4530.25,4.41,-0.99
4530.5,4.38,-0.939
4530.75,4.28,-0.98
4531.0,4.49,-0.886
4531.25,3.87,-0.8680000000000001
4531.5,3.402,-0.751
4531.75,3.390000000000001,-0.78
4532.0,3.686,-0.758
4532.25,3.0340000000000003,-0.2203
4532.5,2.499,-0.5152
4532.75,2.4170000000000003,-0.533
4533.0,2.32,-0.486
4533.25,2.131,-0.419
4533.5,2.074,-0.427
4533.75,2.239,-0.413
4534.0,2.1060000000000003,-0.418
4534.25,2.039,-0.3636999999999999
4534.5,1.855,-0.412
4534.75,2.068,-0.38621
4535.0,1.81,-0.472
4535.25,1.996,-0.429
4535.5,1.647,-0.53
4535.75,2.113,-0.3723999999999999
4536.0,1.921,-0.411
4536.25,2.098,-0.3253
4536.5,1.967,-0.368
4536.75,2.1220000000000003,-0.366
4537.0,1.859,-0.415
4537.25,2.096,-0.3091
4537.5,2.005,-0.3119
4537.75,2.163,-0.257
4538.0,1.916,-0.393
4538.25,2.093,-0.3595
4538.5,1.895,-0.395
4538.75,2.05,-0.35655
4539.0,1.949,-0.388
4539.25,2.056,-0.347
4539.5,2.029,-0.332
4539.75,1.984,-0.3831
4540.0,2.102,-0.3869
4540.25,1.943,-0.326
4540.5,2.151,-0.25138
4540.75,1.966,-0.342
4541.0,2.04,-0.3323
4541.25,1.94,-0.412
4541.5,1.905,-0.431
4541.75,2.049,-0.386
4542.0,2.019,-0.367
4542.25,1.991,-0.371
4542.5,1.968,-0.381
4542.75,2.914,-0.071
4543.0,3.055,-0.2903
4543.25,5.58,-0.3179999999999999
4543.5,6.23,-0.13
4543.75,5.99,-0.7
4544.0,7.02,-0.533
4544.25,14.91,1.03
4544.5,18.27,2.08
4544.75,22.37,2.106
4545.0,21.79,2.284
4545.25,19.43,1.047
4545.5,18.33,1.0539999999999998
4545.75,17.27,-0.37
4546.0,22.17,1.697
4546.25,20.76,1.4449999999999998
4546.5,25.91,3.574
4546.75,25.07,2.624
4547.0,26.76,3.52
4547.25,28.020000000000003,3.636
4547.5,26.59,2.84
4547.75,23.12,2.838
4548.0,20.99,2.371
4548.25,20.55,2.28
4548.5,19.65,1.826
4548.75,21.46,2.603
4549.0,23.82,3.388
4549.25,22.78,1.559
4549.5,37.3,8.18
4549.75,42.0,10.31
4550.0,42.6,10.91
4550.25,38.8,9.6
4550.5,38.4,8.06
4550.75,36.9,7.1
4551.0,42.3,9.72
4551.25,43.3,10.58
4551.5,39.6,8.3
4551.75,41.0,9.35
4552.0,42.3,9.6
4552.25,41.400000000000006,9.52
4552.5,36.8,8.07
4552.75,33.7,6.5200000000000005
4553.0,11.39,-0.8
4553.25,9.04,-0.8500000000000001
4553.5,10.19,-0.7000000000000001
4553.75,10.8,-1.2
4554.0,9.78,-1.2600000000000002
4554.25,7.6,-0.94
4554.5,6.64,-0.8600000000000001
4554.75,6.16,-0.74
4555.0,5.189,-0.75
4555.25,5.093,-0.76
4555.5,5.420999999999999,-0.74
4555.75,5.436,-0.77
4556.0,5.4,-0.8
4556.25,4.936,-0.76
4556.5,3.853,-0.56
4556.75,4.034,-0.512
4557.0,4.018000000000001,-0.54
4557.25,3.848,-0.533
4557.5,3.673,-0.373
4557.75,3.657,-0.3249999999999999
4558.0,3.394,-0.45
4558.25,3.427,-0.358
4558.5,3.483,-0.32
4558.75,3.396,-0.394
4559.0,3.441,-0.36
4559.25,3.497,-0.323
4559.5,3.3,-0.379
4559.75,3.236,-0.418
4560.0,3.385,-0.355
4560.25,3.35,-0.359
4560.5,3.476,-0.322
4560.75,3.636,-0.2575
4561.0,3.425,-0.3536
4561.25,3.365,-0.373
4561.5,3.261,-0.378
4561.75,3.41,-0.369
4562.0,3.3520000000000003,-0.391
4562.25,3.46,-0.341
4562.5,3.41,-0.354
4562.75,3.439,-0.363
4563.0,3.266,-0.398
4563.25,3.281,-0.381
4563.5,3.4610000000000003,-0.318
4563.75,3.436,-0.3389999999999999
4564.0,3.386,-0.3367
4564.25,3.426,-0.364
4564.5,3.412,-0.37
4564.75,3.282,-0.452
4565.0,3.364,-0.2924
4565.25,3.446,-0.2624
4565.5,3.455,-0.3455
4565.75,3.297,-0.403
4566.0,3.405,-0.38
4566.25,3.3040000000000003,-0.4
4566.5,3.22,-0.387
4566.75,4.156000000000001,-0.371
4567.0,5.214,-0.1044
4567.25,4.702999999999999,-0.72
4567.5,4.824999999999999,-0.7
4567.75,6.3,-0.1483
4568.0,8.71,-0.362
4568.25,12.91,0.927
4568.5,26.65,3.72
4568.75,27.28,3.606
4569.0,24.06,2.463
4569.25,26.29,3.516
4569.5,25.87,2.556
4569.75,24.72,1.292
4570.0,24.24,1.331
4570.25,26.17,1.968
4570.5,26.87,1.962
4570.75,28.44,2.24
4571.0,26.81,1.742
4571.25,27.23,2.576
4571.5,24.58,1.776
4571.75,25.21,1.879
4572.0,22.85,1.362
4572.25,17.72,1.513
4572.5,19.03,2.6830000000000003
4572.75,22.78,3.5
4573.0,21.1,2.676
4573.25,23.62,2.7510000000000003
4573.5,20.85,1.617
4573.75,21.380000000000003,2.203
4574.0,19.85,1.307
4574.25,19.11,0.853
4574.5,20.27,1.695
4574.75,20.75,1.279
4575.0,19.19,1.181
4575.25,19.61,1.536
4575.5,17.85,0.833
4575.75,19.02,1.146
4576.0,20.25,1.467
4576.25,19.25,1.384
4576.5,17.22,0.3115
4576.75,15.16,-0.094
4577.0,11.81,0.086
4577.25,7.15,-1.17
4577.5,6.890000000000001,-1.2999999999999998
4577.75,6.51,-1.21
4578.0,5.949999999999999,-0.7
4578.25,5.6,-0.86
4578.5,4.273,-1.1
4578.75,4.165,-1.05
4579.0,3.737,-0.95
4579.25,3.728,-1.01
4579.5,4.091,-0.903
4579.75,4.0120000000000005,-0.847
4580.0,3.733,-0.8069999999999999
4580.25,3.54,-0.706
4580.5,1.904,-0.402
4580.75,1.673,-0.52
4581.0,1.714,-0.49
4581.25,2.06,-0.286
4581.5,1.743,-0.46
4581.75,1.717,-0.51
4582.0,1.648,-0.5
4582.25,1.6210000000000002,-0.51
4582.5,1.622,-0.51
4582.75,1.627,-0.51
4583.0,1.634,-0.51
4583.25,1.751,-0.391
4583.5,1.715,-0.3675
4583.75,1.7180000000000002,-0.3642999999999999
4584.0,1.806,-0.3319999999999999
4584.25,1.637,-0.5
4584.5,1.674,-0.47
4584.75,1.673,-0.5
4585.0,1.594,-0.55
4585.25,1.612,-0.54
4585.5,1.672,-0.49
4585.75,1.65,-0.54
4586.0,1.623,-0.52
4586.25,1.677,-0.48
4586.5,1.6889999999999998,-0.431
4586.75,1.683,-0.407
4587.0,1.769,-0.3489
4587.25,1.767,-0.36444
4587.5,1.643,-0.5
4587.75,1.715,-0.47
4588.0,1.6330000000000002,-0.53
4588.25,1.59,-0.54
4588.5,1.659,-0.51
4588.75,1.608,-0.53
4589.0,1.602,-0.54
4589.25,1.6470000000000002,-0.54
4589.5,1.661,-0.54
4589.75,1.728,-0.382
4590.0,1.784,-0.2925999999999999
4590.25,1.718,-0.3646999999999999
4590.5,1.713,-0.379
4590.75,4.44,0.7060000000000001
4591.0,2.088,-0.62
4591.25,3.651,-0.445
4591.5,4.265000000000001,-1.04
4591.75,5.37,-0.7509999999999999
4592.0,7.01,-0.318
4592.25,11.96,-0.4578
4592.5,16.09,1.261
4592.75,16.79,1.0315
4593.0,19.18,1.415
4593.25,17.33,0.6633
4593.5,16.520000000000003,0.6839999999999999
4593.75,19.14,1.696
4594.0,20.68,0.6192
4594.25,19.92,0.1279999999999999
4594.5,23.05,1.8937
4594.75,22.13,1.6524800000000002
4595.0,19.34,0.8555999999999999
4595.25,19.42,1.228
4595.5,19.91,1.1916
4595.75,18.53,1.5059999999999998
4596.0,16.94,1.07
4596.25,14.87,0.4447
4596.5,15.71,1.13
4596.75,16.049999999999997,1.232
4597.0,15.68,1.241
4597.25,17.06,0.865
4597.5,19.01,0.689
4597.75,19.93,0.6900000000000001
4598.0,17.93,-0.4629999999999999
4598.25,18.57,-0.0636
4598.5,18.130000000000003,-0.376
4598.75,17.32,-0.233
4599.0,15.89,-0.0349999999999999
4599.25,15.05,-0.0904
4599.5,14.34,-0.472
4599.75,14.11,-0.2964
4600.0,14.21,-0.012
4600.25,14.04,0.0667
4600.5,12.93,-0.236
4600.75,12.49,-0.1963
4601.0,9.37,0.067
4601.25,5.25,-0.81
4601.5,4.084,-1.14
4601.75,3.99,-1.1
4602.0,3.641,-0.92
4602.25,4.38,-0.5900000000000001
4602.5,3.84,-1.02
4602.75,3.95,-0.95
4603.0,3.98,-1.03
4603.25,3.78,-1.01
4603.5,3.76,-0.95
4603.75,3.282,-0.8800000000000001
4604.0,3.153,-0.355
4604.25,1.569,-0.49
4604.5,1.557,-0.5
4604.75,1.569,-0.5
4605.0,1.551,-0.5
4605.25,1.552,-0.49
4605.5,1.5639999999999998,-0.48
4605.75,1.54,-0.51
4606.0,1.563,-0.48
4606.25,1.5719999999999998,-0.47
4606.5,1.554,-0.49
4606.75,1.602,-0.44
4607.0,1.594,-0.45
4607.25,1.567,-0.48
4607.5,1.543,-0.51
4607.75,1.606,-0.47
4608.0,1.561,-0.48
4608.25,1.5159999999999998,-0.51
4608.5,1.5799999999999998,-0.4599999999999999
4608.75,1.555,-0.49
4609.0,1.509,-0.52
4609.25,1.586,-0.47
4609.5,1.5679999999999998,-0.49
4609.75,1.563,-0.48
4610.0,1.612,-0.44
4610.25,1.63,-0.403
4610.5,1.643,-0.36407
4610.75,1.643,-0.378
4611.0,1.582,-0.49
4611.25,1.543,-0.5
4611.5,1.524,-0.52
4611.75,1.512,-0.53
4612.0,1.511,-0.52
4612.25,1.511,-0.52
4612.5,1.6150000000000002,-0.3723
4612.75,1.512,-0.52
4613.0,1.536,-0.49
4613.25,1.555,-0.47
4613.5,1.535,-0.49
4613.75,1.541,-0.49
4614.0,1.5450000000000002,-0.54
4614.25,1.556,-0.52
4614.5,1.6020000000000003,-0.391
4614.75,1.5619999999999998,-0.429
4615.0,1.527,-0.48
4615.25,1.526,-0.49
4615.5,1.488,-0.54
4615.75,1.519,-0.5
4616.0,1.532,-0.5
4616.25,1.522,-0.51
4616.5,1.591,-0.44
4616.75,1.588,-0.44
4617.0,1.54,-0.49
4617.25,1.612,-0.5
4617.5,1.782,-0.53
4617.75,1.772,-0.56
4618.0,1.757,-0.57
4618.25,1.777,-0.5599999999999999
4618.5,1.791,-0.56
4618.75,1.757,-0.57
4619.0,1.878,-0.56
4619.25,3.96,0.199
4619.5,4.767,0.7
4619.75,4.104,0.66
4620.0,3.2670000000000003,-0.1069999999999999
4620.25,3.149,-0.188
4620.5,3.484,0.313
4620.75,4.582,0.6137000000000001
4621.0,3.832,-0.2
4621.25,4.537,0.066
4621.5,4.666,0.7350000000000001
4621.75,4.688000000000001,0.22
4622.0,3.737,-0.252
4622.25,4.398,0.3299999999999999
4622.5,4.791,0.4899999999999999
4622.75,4.246,-0.0159999999999999
4623.0,3.803,-0.159
4623.25,5.005,0.7090000000000001
4623.5,4.630000000000001,0.4349999999999999
4623.75,4.488,-0.051
4624.0,3.852,-0.213
4624.25,3.647,0.2766699999999999
4624.5,1.7959999999999998,-0.407
4624.75,1.707,-0.52
4625.0,1.535,-0.5
4625.25,1.528,-0.48
4625.5,1.5280000000000002,-0.48
4625.75,1.514,-0.49
4626.0,1.577,-0.42
4626.25,1.596,-0.43
4626.5,1.605,-0.51
4626.75,1.564,-0.419
4627.0,1.597,-0.4
4627.25,1.5599999999999998,-0.442
4627.5,1.545,-0.45
4627.75,1.494,-0.52
4628.0,1.477,-0.54
4628.25,1.4940000000000002,-0.5
4628.5,1.503,-0.5
4628.75,1.507,-0.5
4629.0,1.54,-0.49
4629.25,1.5470000000000002,-0.4700000000000001
4629.5,1.577,-0.45
4629.75,1.536,-0.51
4630.0,1.501,-0.51
4630.25,1.531,-0.49
4630.5,1.514,-0.5
4630.75,1.496,-0.51
4631.0,1.544,-0.48
4631.25,1.528,-0.5
4631.5,1.49,-0.53
4631.75,1.555,-0.48
4632.0,1.528,-0.49
4632.25,1.518,-0.5
4632.5,1.628,-0.42
4632.75,1.52,-0.49
4633.0,1.4800000000000002,-0.52
4633.25,1.553,-0.47
4633.5,1.523,-0.49
4633.75,1.4700000000000002,-0.54
4634.0,1.548,-0.49
4634.25,1.509,-0.51
4634.5,1.497,-0.52
4634.75,1.561,-0.48
4635.0,1.513,-0.5
4635.25,1.594,-0.3867
4635.5,1.627,-0.42
4635.75,1.55,-0.48
4636.0,1.525,-0.53
4636.25,1.54,-0.49
4636.5,1.513,-0.51
4636.75,1.515,-0.52
4637.0,1.515,-0.51
4637.25,1.5100000000000002,-0.51
4637.5,1.514,-0.51
4637.75,1.5180000000000002,-0.52
4638.0,1.517,-0.52
4638.25,1.52,-0.51
4638.5,1.657,-0.365
4638.75,1.735,-0.321
4639.0,1.642,-0.381
4639.25,1.5630000000000002,-0.42
4639.5,1.558,-0.437
4639.75,1.5180000000000002,-0.5
4640.0,1.499,-0.53
4640.25,1.484,-0.55
4640.5,1.5299999999999998,-0.51
4640.75,1.5459999999999998,-0.53
4641.0,1.521,-0.51
4641.25,1.529,-0.51
4641.5,1.467,-0.55
4641.75,1.5339999999999998,-0.48
4642.0,1.62,-0.41
4642.25,1.532,-0.51
4642.5,1.521,-0.51
4642.75,1.557,-0.48
4643.0,1.477,-0.53
4643.25,1.505,-0.52
4643.5,1.5379999999999998,-0.51
4643.75,1.469,-0.54
4644.0,1.5060000000000002,-0.51
4644.25,1.543,-0.49
4644.5,1.489,-0.52
4644.75,1.509,-0.51
4645.0,1.533,-0.49
4645.25,1.562,-0.45
4645.5,1.474,-0.54
4645.75,1.497,-0.52
4646.0,1.569,-0.48
4646.25,1.5419999999999998,-0.49
4646.5,1.491,-0.55
4646.75,1.556,-0.49
4647.0,1.5210000000000004,-0.5
4647.25,1.484,-0.52
4647.5,1.589,-0.48
4647.75,1.513,-0.5
4648.0,1.492,-0.51
4648.25,1.605,-0.43
4648.5,1.577,-0.48
4648.75,1.473,-0.54
4649.0,1.519,-0.5
4649.25,1.5100000000000002,-0.49
4649.5,1.483,-0.51
4649.75,1.538,-0.5
4650.0,1.5,-0.53
4650.25,1.485,-0.52
4650.5,1.505,-0.51
4650.75,1.529,-0.5
4651.0,1.523,-0.51
4651.25,1.58,-0.52
4651.5,1.651,-0.353
4651.75,1.634,-0.34
4652.0,1.5659999999999998,-0.435
4652.25,1.581,-0.427
4652.5,1.63,-0.354
4652.75,1.62,-0.36345
4653.0,1.5179999999999998,-0.51
4653.25,1.608,-0.409
4653.5,1.56,-0.4439999999999999
4653.75,1.507,-0.51
4654.0,1.566,-0.48
4654.25,1.488,-0.54
4654.5,1.522,-0.51
4654.75,1.587,-0.46
4655.0,1.538,-0.49
4655.25,1.533,-0.49
4655.5,1.565,-0.48
4655.75,1.47,-0.54
4656.0,1.513,-0.51
4656.25,1.545,-0.49
4656.5,1.483,-0.53
4656.75,1.524,-0.51
4657.0,1.537,-0.51
4657.25,1.545,-0.5
4657.5,1.537,-0.49
4657.75,1.4879999999999998,-0.54
4658.0,1.584,-0.47
4658.25,1.594,-0.44
4658.5,1.529,-0.5
4658.75,1.567,-0.48
4659.0,1.537,-0.5
4659.25,1.4999999999999998,-0.53
4659.5,1.5669999999999995,-0.47
4659.75,1.539,-0.49
4660.0,1.489,-0.55
4660.25,1.551,-0.48
4660.5,1.515,-0.52
4660.75,1.5239999999999998,-0.5
4661.0,1.547,-0.51
4661.25,1.537,-0.52
4661.5,1.611,-0.44
4661.75,1.576,-0.45
4662.0,1.589,-0.48
4662.25,1.501,-0.52
4662.5,1.507,-0.52
4662.75,2.1990000000000003,-0.5700000000000001
4663.0,2.686,-0.49
4663.25,2.963,-0.5900000000000001
4663.5,3.406,-0.424
4663.75,4.2700000000000005,-0.3948
4664.0,6.02,-0.4714
4664.25,9.47,-0.94
4664.5,13.18,-0.354
4664.75,15.28,0.2779999999999999
4665.0,15.84,-0.376
4665.25,23.77,2.883
4665.5,24.94,3.640000000000001
4665.75,23.56,2.932
4666.0,22.49,2.867
4666.25,21.24,1.33
4666.5,22.950000000000003,2.363
4666.75,28.660000000000004,5.140000000000001
4667.0,28.94,5.07
4667.25,21.28,2.086
4667.5,20.25,1.6150000000000002
4667.75,21.22,1.974
4668.0,22.13,2.57
4668.25,26.020000000000003,4.95
4668.5,23.410000000000004,3.97
4668.75,19.47,2.353
4669.0,20.78,2.129
4669.25,20.5,1.869
4669.5,29.53,5.01
4669.75,26.85,4.26
4670.0,23.0,2.711
4670.25,22.59,1.846
4670.5,22.76,1.834
4670.75,29.44,4.86
4671.0,29.270000000000003,4.96
4671.25,23.36,2.221
4671.5,20.59,0.9985
4671.75,20.73,1.6334
4672.0,22.85,3.265
4672.25,21.74,2.253
4672.5,21.16,1.036
4672.75,15.94,0.32
4673.0,9.02,-0.962
4673.25,7.369999999999999,-1.084
4673.5,6.892,-0.6900000000000001
4673.75,6.897,-0.2049999999999999
4674.0,6.744,-0.514
4674.25,5.644,-0.8560000000000001
4674.5,3.778,-0.597
4674.75,4.716,0.1339999999999999
4675.0,3.83,-0.767
4675.25,3.797,-0.753
4675.5,4.289,-0.315
4675.75,4.1530000000000005,-0.246
4676.0,2.249,-0.62
4676.25,1.893,-0.51
4676.5,2.684,0.3860000000000001
4676.75,2.261,-0.0719999999999999
4677.0,1.85,-0.52
4677.25,1.895,-0.484
4677.5,2.655,0.356
4677.75,1.855,-0.506
4678.0,1.782,-0.61
4678.25,2.16,-0.033
4678.5,2.266,0.1209999999999999
4678.75,1.622,-0.55
4679.0,1.675,-0.472
4679.25,2.466,0.4020000000000001
4679.5,1.87,-0.3083
4679.75,1.705,-0.5
4680.0,2.041,-0.0899999999999999
4680.25,2.469,0.376
4680.5,1.7760000000000002,-0.367
4680.75,1.65,-0.47
4681.0,2.353,0.237
4681.25,2.164,-0.006
4681.5,1.585,-0.5499999999999999
4681.75,1.7779999999999998,-0.38
4682.0,2.5580000000000003,0.4559999999999999
4682.25,1.743,-0.41571
4682.5,1.615,-0.54
4682.75,2.065,-0.072
4683.0,2.33,0.259
4683.25,1.624,-0.54
4683.5,1.6729999999999998,-0.53
4683.75,2.412,0.389
4684.0,1.846,-0.299
4684.25,1.632,-0.54
4684.5,2.117,0.0769999999999999
4684.75,2.309,0.1999999999999999
4685.0,1.6150000000000002,-0.55
4685.25,1.606,-0.54
4685.5,2.457,0.365
4685.75,1.983,-0.157
4686.0,1.735,-0.42
4686.25,1.982,-0.128
4686.5,2.589,0.5
4686.75,3.077,-0.00965
4687.0,2.372,-0.49
4687.25,3.115,-0.387
4687.5,4.495,0.1539999999999999
4687.75,3.402,-0.92
4688.0,4.52,-1.01
4688.25,9.43,1.0865
4688.5,13.09,0.483
4688.75,11.95,-0.2607
4689.0,12.88,-0.1821999999999999
4689.25,13.55,-0.008
4689.5,14.04,-0.184
4689.75,15.21,-0.546
4690.0,15.329999999999998,-0.519
4690.25,14.77,-0.19
4690.5,13.810000000000002,-0.4469999999999999
4690.75,12.22,-0.92
4691.0,11.73,-1.0499999999999998
4691.25,11.56,-0.5189999999999999
4691.5,11.18,-0.184
4691.75,8.54,-1.25
4692.0,8.02,-0.99
4692.25,7.57,-0.5167
4692.5,6.106,-0.86
4692.75,6.31,-1.13
4693.0,7.359999999999999,-0.879
4693.25,8.26,-0.497
4693.5,8.41,-1.3
4693.75,9.45,-0.98
4694.0,8.899999999999999,-1.44
4694.25,8.21,-1.33
4694.5,8.08,-1.14
4694.75,7.66,-1.29
4695.0,8.18,-1.13
4695.25,7.699999999999999,-1.4
4695.5,6.609999999999999,-1.54
4695.75,6.84,-1.53
4696.0,6.73,-1.47
4696.25,6.1,-1.4
4696.5,6.43,-1.31
4696.75,6.91,-0.345
4697.0,6.43,-0.94
4697.25,5.630000000000001,-1.02
4697.5,4.94,-1.0
4697.75,4.4,-1.14
4698.0,3.89,-1.03
4698.25,3.88,-1.0
4698.5,3.4650000000000003,-0.85
4698.75,3.6020000000000003,-0.86
4699.0,3.73,-0.9400000000000002
4699.25,3.62,-0.94
4699.5,3.516,-0.94
4699.75,3.5130000000000003,-0.94
4700.0,3.952,-0.503
4700.25,2.294,-0.6799999999999999
4700.5,2.224,-0.66
4700.75,2.285,-0.6900000000000001
4701.0,2.255,-0.5900000000000001
4701.25,2.316,-0.54
4701.5,2.147,-0.57
4701.75,1.828,-0.51
4702.0,1.668,-0.47
4702.25,1.54,-0.54
4702.5,1.531,-0.57
4702.75,1.569,-0.5599999999999999
4703.0,1.5059999999999998,-0.59
4703.25,1.536,-0.5599999999999999
4703.5,1.584,-0.53
4703.75,1.517,-0.58
4704.0,1.557,-0.5499999999999999
4704.25,1.6069999999999998,-0.51
4704.5,1.628,-0.4589999999999999
4704.75,1.67,-0.418
4705.0,1.617,-0.5399999999999999
4705.25,1.547,-0.5599999999999999
4705.5,1.55,-0.56
4705.75,1.602,-0.5399999999999999
4706.0,1.5699999999999998,-0.5499999999999999
4706.25,1.531,-0.57
4706.5,1.607,-0.52
4706.75,1.5559999999999998,-0.54
4707.0,1.5259999999999998,-0.58
4707.25,1.5990000000000002,-0.5399999999999999
4707.5,1.613,-0.5
4707.75,1.5750000000000002,-0.53
4708.0,1.61,-0.52
4708.25,1.661,-0.426
4708.5,1.639,-0.427
4708.75,1.6869999999999998,-0.419
4709.0,1.5659999999999998,-0.5499999999999999
4709.25,1.54,-0.57
4709.5,1.582,-0.5399999999999999
4709.75,1.5629999999999995,-0.54
4710.0,1.5539999999999998,-0.54
4710.25,1.5470000000000002,-0.57
4710.5,1.596,-0.51
4710.75,3.236,0.2233
4711.0,3.0490000000000004,-0.6
4711.25,2.748,-0.78
4711.5,2.862,-0.8500000000000001
4711.75,3.68,-0.53
4712.0,4.19,-0.66
4712.25,6.8,-0.599
4712.5,8.03,-1.1
4712.75,8.86,-1.16
4713.0,9.07,-1.86
4713.25,8.98,-1.62
4713.5,9.22,-1.2200000000000002
4713.75,8.54,-2.0700000000000003
4714.0,9.08,-2.1500000000000004
4714.25,9.51,-1.7799999999999998
4714.5,8.860000000000001,-2.03
4714.75,9.11,-1.92
4715.0,9.51,-1.39
4715.25,7.439999999999999,-1.69
4715.5,7.120000000000001,-1.54
4715.75,6.2,-1.54
4716.0,6.0600000000000005,-0.91
4716.25,4.82,-1.1900000000000002
4716.5,5.12,-0.8200000000000001
4716.75,5.6,-0.675
4717.0,5.7,-1.25
4717.25,5.38,-1.25
4717.5,6.8100000000000005,-1.27
4717.75,7.25,-1.34
4718.0,6.82,-0.94
4718.25,6.5,-1.23
4718.5,6.34,-1.24
4718.75,6.25,-1.4
4719.0,6.17,-1.4
4719.25,5.609999999999999,-1.36
4719.5,5.970000000000001,-0.77
4719.75,5.42,-1.3199999999999998
4720.0,5.42,-1.34
4720.25,5.17,-1.29
4720.5,5.2,-1.28
4720.75,5.319999999999999,-1.24
4721.0,5.39,-1.26
4721.25,4.99,-1.17
4721.5,4.57,-0.94
4721.75,4.51,-0.94
4722.0,4.42,-0.936
4722.25,4.523,-1.09
4722.5,4.597,-1.1
4722.75,4.457,-1.1
4723.0,4.233,-1.06
4723.25,3.903,-0.97
4723.5,3.484,-0.94
4723.75,3.439,-0.9000000000000001
4724.0,3.35,-0.94
4724.25,3.417,-0.8999999999999999
4724.5,2.329,-0.67
4724.75,1.743,-0.52
4725.0,1.795,-0.469
4725.25,1.738,-0.58
4725.5,1.805,-0.52
4725.75,1.901,-0.361
4726.0,1.895,-0.3399999999999999
4726.25,1.864,-0.381
4726.5,1.896,-0.374
4726.75,1.721,-0.52
4727.0,1.701,-0.5499999999999999
4727.25,1.746,-0.52
4727.5,1.632,-0.6
4727.75,1.634,-0.61
4728.0,1.714,-0.57
4728.25,1.6509999999999998,-0.6
4728.5,1.653,-0.5900000000000001
4728.75,1.713,-0.52
4729.0,1.6740000000000002,-0.55
4729.25,1.686,-0.57
4729.5,1.6230000000000002,-0.6
4729.75,1.666,-0.58
4730.0,1.816,-0.4499999999999999
4730.25,1.7400000000000002,-0.4599999999999999
4730.5,1.759,-0.439
4730.75,1.909,-0.284
4731.0,1.693,-0.53
4731.25,1.624,-0.59
4731.5,1.705,-0.5499999999999999
4731.75,1.73,-0.53
4732.0,1.715,-0.51
4732.25,1.718,-0.55
4732.5,1.6829999999999998,-0.5599999999999999
4732.75,1.702,-0.57
4733.0,1.686,-0.5599999999999999
4733.25,1.667,-0.57
4733.5,1.723,-0.53
4733.75,1.691,-0.57
4734.0,1.634,-0.59
4734.25,1.7039999999999995,-0.55
4734.5,1.787,-0.396
4734.75,2.961,-0.0967
4735.0,3.113,0.0559999999999999
4735.25,3.389,-0.376
4735.5,2.926,-0.78
4735.75,3.651,-0.76
4736.0,4.33,-0.63
4736.25,4.869999999999999,-0.402
4736.5,5.98,-0.2885
4736.75,5.13,-1.24
4737.0,5.640000000000001,-1.35
4737.25,4.94,-1.3299999999999998
4737.5,8.5,-1.37
4737.75,8.65,-1.79
4738.0,8.59,-1.77
4738.25,9.4,-1.82
4738.5,10.01,-1.38
4738.75,9.35,-1.33
4739.0,8.65,-1.71
4739.25,9.13,-1.73
4739.5,8.89,-1.83
4739.75,8.55,-1.68
4740.0,8.120000000000001,-1.82
4740.25,8.16,-1.7
4740.5,9.79,-2.21
4740.75,9.54,-2.35
4741.0,10.5,-2.02
4741.25,15.78,0.394
4741.5,16.080000000000002,0.4679999999999999
4741.75,15.27,-0.617
4742.0,16.06,0.2319999999999999
4742.25,14.63,-0.5486
4742.5,15.59,-0.354
4742.75,15.29,-0.402
4743.0,15.88,-0.3129999999999999
4743.25,15.58,0.1901
4743.5,14.09,-1.06
4743.75,15.15,0.1699
4744.0,15.31,1.535
4744.25,15.98,2.016
4744.5,14.85,1.3983
4744.75,14.18,1.005
4745.0,11.39,1.3969999999999998
4745.25,11.02,2.239
4745.5,10.07,1.493
4745.75,9.5,1.281
4746.0,7.789999999999999,0.6809999999999999
4746.25,7.16,0.195
4746.5,6.91,-0.532
4746.75,7.789999999999999,-0.869
4747.0,8.309999999999999,-0.003
4747.25,8.2,-0.3419999999999999
4747.5,5.619,-1.49
4747.75,5.609999999999999,-1.51
4748.0,5.548,-1.53
4748.25,5.48,-1.07
4748.5,5.26,-1.0299999999999998
4748.75,4.54,-1.22
4749.0,3.334,-0.99
4749.25,3.314,-0.99
4749.5,3.3040000000000003,-0.98
4749.75,3.35,-1.01
4750.0,3.387,-0.99
4750.25,2.503,-0.76
4750.5,2.381,-0.69
4750.75,2.369,-0.73
4751.0,2.279,-0.8300000000000001
4751.25,2.331,-0.8
4751.5,2.298,-0.8
4751.75,2.3070000000000004,-0.79
4752.0,2.482,-0.538
4752.25,2.392,-0.6799999999999999
4752.5,2.231,-0.85
4752.75,2.297,-0.82
4753.0,2.261,-0.85
4753.25,2.237,-0.87
4753.5,2.302,-0.8099999999999999
4753.75,2.26,-0.85
4754.0,2.2990000000000004,-0.8
4754.25,2.329,-0.77
4754.5,2.24,-0.86
4754.75,2.29,-0.84
4755.0,2.306,-0.83
4755.25,2.2430000000000003,-0.88
4755.5,2.269,-0.83
4755.75,2.28,-0.82
4756.0,2.214,-0.88
4756.25,2.285,-0.83
4756.5,2.354,-0.76
4756.75,2.343,-0.7
4757.0,2.368,-0.6799999999999999
4757.25,2.384,-0.71
4757.5,2.28,-0.81
4757.75,2.301,-0.8099999999999999
4758.0,2.287,-0.83
4758.25,2.235,-0.84
4758.5,2.235,-0.83
4758.75,4.148,-0.193
4759.0,3.144,-1.02
4759.25,3.6,-1.12
4759.5,5.699999999999999,-0.87
4759.75,6.67,-1.79
4760.0,8.48,-2.0
4760.25,11.66,-0.626
4760.5,12.5,-0.4629999999999999
4760.75,14.2,-0.3490000000000001
4761.0,14.19,-1.171
4761.25,14.31,-1.39
4761.5,14.79,-1.022
4761.75,15.419999999999998,-0.641
4762.0,14.98,-0.93
4762.25,14.76,-1.15
4762.5,15.759999999999998,-0.789
4762.75,15.99,-0.2199999999999999
4763.0,14.87,-1.42
4763.25,13.28,-1.27
4763.5,18.34,2.444
4763.75,17.95,2.24
4764.0,15.81,1.863
4764.25,14.09,1.511
4764.5,15.05,2.478
4764.75,14.28,1.849
4765.0,14.49,1.633
4765.25,13.64,1.59
4765.5,10.27,1.6773
4765.75,6.34,-0.92
4766.0,6.140000000000001,-0.7763
4766.25,6.66,-0.0979999999999999
4766.5,6.71,-0.0510000000000001
4766.75,6.140000000000001,-0.766
4767.0,6.26,-0.79
4767.25,7.13,-0.008
4767.5,6.54,-0.576
4767.75,6.96,-0.798
4768.0,6.5,-0.62
4768.25,7.53,0.0339999999999999
4768.5,6.04,-0.7137
4768.75,5.94,-0.7777000000000001
4769.0,6.300000000000001,-0.2059999999999999
4769.25,6.78,0.1639999999999999
4769.5,5.29,-0.74
4769.75,5.3,-0.537
4770.0,5.24,0.031
4770.25,5.0,0.053
4770.5,4.042,-0.6059
4770.75,4.331,-0.494
4771.0,4.64,0.067
4771.25,3.82,-0.301
4771.5,2.916,-0.78
4771.75,2.839,-0.6300000000000001
4772.0,3.26,-0.2563
4772.25,2.05,-0.1377
4772.5,1.613,-0.5800000000000001
4772.75,1.566,-0.6000000000000001
4773.0,1.605,-0.5700000000000001
4773.25,1.643,-0.55
4773.5,1.582,-0.5800000000000001
4773.75,1.605,-0.5800000000000001
4774.0,1.61,-0.56
4774.25,1.5279999999999998,-0.6100000000000001
4774.5,1.5889999999999995,-0.56
4774.75,1.654,-0.52
4775.0,1.6470000000000002,-0.44
4775.25,1.615,-0.48
4775.5,1.554,-0.57
4775.75,1.539,-0.61
4776.0,1.5559999999999998,-0.5900000000000001
4776.25,1.5599999999999998,-0.5900000000000001
4776.5,1.545,-0.59
4776.75,1.533,-0.6
4777.0,1.5639999999999998,-0.5900000000000001
4777.25,1.559,-0.59
4777.5,1.594,-0.51
4777.75,1.7059999999999995,-0.4018
4778.0,1.658,-0.434
4778.25,1.5619999999999998,-0.5900000000000001
4778.5,1.647,-0.51
4778.75,1.592,-0.54
4779.0,1.522,-0.6
4779.25,1.5779999999999998,-0.5599999999999999
4779.5,1.531,-0.61
4779.75,1.571,-0.5599999999999999
4780.0,1.658,-0.442
4780.25,1.5679999999999998,-0.6
4780.5,1.5729999999999995,-0.59
4780.75,1.5449999999999997,-0.59
4781.0,1.5779999999999998,-0.5599999999999999
4781.25,1.5479999999999998,-0.58
4781.5,1.514,-0.62
4781.75,1.602,-0.55
4782.0,1.59,-0.53
4782.25,1.535,-0.5800000000000001
4782.5,1.582,-0.5599999999999999
4782.75,1.492,-0.62
4783.0,1.5499999999999998,-0.57
4783.25,1.568,-0.57
4783.5,1.5020000000000002,-0.6
4783.75,1.6390000000000002,-0.426
4784.0,1.6800000000000002,-0.4065999999999999
4784.25,1.542,-0.55
4784.5,1.527,-0.59
4784.75,1.533,-0.59
4785.0,1.5509999999999995,-0.5599999999999999
4785.25,1.5219999999999998,-0.59
4785.5,1.55,-0.56
4785.75,1.608,-0.52
4786.0,1.517,-0.5900000000000001
4786.25,1.529,-0.6
4786.5,1.5739999999999998,-0.57
4786.75,1.519,-0.62
4787.0,1.5699999999999998,-0.6
4787.25,1.594,-0.49
4787.5,1.568,-0.49
4787.75,1.5629999999999995,-0.54
4788.0,1.5500000000000005,-0.5599999999999999
4788.25,1.527,-0.5900000000000001
4788.5,1.519,-0.6000000000000001
4788.75,1.851,-0.63
4789.0,1.903,-0.66
4789.25,1.9130000000000005,-0.63
4789.5,1.953,-0.59
4789.75,1.986,-0.503
4790.0,1.958,-0.5149999999999999
4790.25,1.666,-0.495
4790.5,1.887,-0.6599999999999999
4790.75,1.834,-0.68
4791.0,1.899,-0.6499999999999999
4791.25,1.867,-0.6699999999999999
4791.5,1.83,-0.6799999999999999
4791.75,1.922,-0.6299999999999999
4792.0,1.789,-0.65
4792.25,2.1180000000000003,-0.134
4792.5,1.622,-0.52
4792.75,1.576,-0.52
4793.0,1.499,-0.62
4793.25,1.5659999999999998,-0.5499999999999999
4793.5,1.613,-0.472
4793.75,1.506,-0.6
4794.0,1.562,-0.5599999999999999
4794.25,1.5420000000000005,-0.57
4794.5,1.5299999999999998,-0.6
4794.75,1.557,-0.58
4795.0,1.593,-0.509
4795.25,1.723,-0.375
4795.5,1.761,-0.33083
4795.75,1.533,-0.5800000000000001
4796.0,1.5679999999999998,-0.5700000000000001
4796.25,1.5779999999999998,-0.56
4796.5,1.53,-0.5900000000000001
4796.75,1.5629999999999995,-0.56
4797.0,1.5729999999999995,-0.56
4797.25,1.527,-0.5900000000000001
4797.5,1.5699999999999998,-0.5700000000000001
4797.75,1.541,-0.58
4798.0,1.503,-0.61
4798.25,1.557,-0.58
4798.5,1.594,-0.55
4798.75,1.63,-0.54
4799.0,1.578,-0.56
4799.25,1.639,-0.59
4799.5,1.571,-0.5700000000000001
4799.75,1.611,-0.494
4800.0,1.5989999999999998,-0.53
4800.25,1.5739999999999998,-0.54
4800.5,1.5639999999999998,-0.56
4800.75,1.64,-0.47
4801.0,1.664,-0.423
4801.25,1.62,-0.477
4801.5,1.585,-0.54
4801.75,1.592,-0.54
4802.0,1.571,-0.5700000000000001
4802.25,1.5719999999999998,-0.57
4802.5,1.5479999999999998,-0.6
4802.75,1.529,-0.61
4803.0,1.571,-0.56
4803.25,1.535,-0.6
4803.5,1.534,-0.6
4803.75,1.5719999999999998,-0.5700000000000001
4804.0,1.539,-0.5900000000000001
4804.25,1.515,-0.62
4804.5,1.602,-0.54
4804.75,1.6109999999999998,-0.53
4805.0,1.537,-0.5800000000000001
4805.25,1.596,-0.55
4805.5,1.5599999999999998,-0.5900000000000001
4805.75,1.518,-0.6100000000000001
4806.0,1.593,-0.55
4806.25,1.5499999999999998,-0.5900000000000001
4806.5,1.529,-0.6
4806.75,1.557,-0.57
4807.0,1.6289999999999998,-0.4619999999999999
4807.25,1.641,-0.446
4807.5,1.672,-0.434
4807.75,1.517,-0.61
4808.0,1.516,-0.61
4808.25,1.614,-0.54
4808.5,1.542,-0.5800000000000001
4808.75,1.555,-0.54
4809.0,1.568,-0.5599999999999999
4809.25,1.483,-0.6
4809.5,1.4780000000000002,-0.61
4809.75,1.537,-0.58
4810.0,1.488,-0.6
4810.25,1.541,-0.58
4810.5,1.527,-0.59
4810.75,1.517,-0.59
4811.0,1.507,-0.58
4811.25,1.4980000000000002,-0.6
4811.5,1.545,-0.59
4811.75,1.634,-0.55
4812.0,1.612,-0.452
4812.25,1.592,-0.48
4812.5,1.537,-0.57
4812.75,1.5180000000000002,-0.6
4813.0,1.588,-0.54
4813.25,1.589,-0.53
4813.5,1.612,-0.482
4813.75,1.685,-0.443
4814.0,1.5809999999999995,-0.55
4814.25,1.552,-0.5900000000000001
4814.5,1.5719999999999998,-0.58
4814.75,1.561,-0.5700000000000001
4815.0,1.614,-0.55
4815.25,1.595,-0.54
4815.5,1.533,-0.59
4815.75,1.557,-0.58
4816.0,1.535,-0.58
4816.25,1.53,-0.59
4816.5,1.5739999999999998,-0.57
4816.75,1.5709999999999995,-0.58
4817.0,1.511,-0.61
4817.25,1.5460000000000005,-0.6
4817.5,1.528,-0.58
4817.75,1.612,-0.478
4818.0,1.6609999999999998,-0.48
4818.25,1.536,-0.5900000000000001
4818.5,1.505,-0.61
4818.75,1.662,-0.448
4819.0,1.646,-0.443
4819.25,1.642,-0.446
4819.5,1.521,-0.6
4819.75,1.528,-0.6
4820.0,1.5740000000000005,-0.58
4820.25,1.511,-0.62
4820.5,1.56,-0.59
4820.75,1.577,-0.57
4821.0,1.587,-0.56
4821.25,1.594,-0.55
4821.5,1.636,-0.57
4821.75,1.536,-0.6000000000000001
4822.0,1.6209999999999998,-0.57
4822.25,1.583,-0.57
4822.5,1.5419999999999998,-0.5900000000000001
4822.75,1.5949999999999998,-0.57
4823.0,1.5279999999999998,-0.6
4823.25,1.531,-0.62
4823.5,1.61,-0.5599999999999999
4823.75,1.555,-0.59
4824.0,1.629,-0.6300000000000001
4824.25,1.733,-0.44
4824.5,1.6940000000000002,-0.39
4824.75,1.6549999999999998,-0.427
4825.0,1.707,-0.388
4825.25,1.542,-0.59
4825.5,1.52,-0.63
4825.75,1.598,-0.58
4826.0,1.5139999999999998,-0.63
4826.25,1.5439999999999998,-0.6
4826.5,1.6,-0.57
4826.75,1.518,-0.62
4827.0,1.5599999999999998,-0.59
4827.25,1.658,-0.51
4827.5,1.5759999999999998,-0.5700000000000001
4827.75,1.5659999999999998,-0.58
4828.0,1.602,-0.57
4828.25,1.523,-0.62
4828.5,1.5579999999999998,-0.59
4828.75,1.5759999999999998,-0.59
4829.0,1.519,-0.62
4829.25,1.5499999999999998,-0.59
4829.5,1.612,-0.5399999999999999
4829.75,1.523,-0.61
4830.0,1.5279999999999998,-0.6
4830.25,1.6249999999999998,-0.53
4830.5,1.632,-0.49
4830.75,3.0530000000000004,-0.0219999999999999
4831.0,2.015,-0.505
4831.25,2.666,-0.78
4831.5,2.962,-0.73
4831.75,5.19,-0.262
4832.0,13.58,2.572
4832.25,12.14,1.519
4832.5,11.21,1.09
4832.75,11.69,0.965
4833.0,13.16,1.6909999999999998
4833.25,13.24,1.101
4833.5,17.3,2.7470000000000003
4833.75,15.14,2.165
4834.0,15.32,1.756
4834.25,14.31,1.14
4834.5,14.61,1.302
4834.75,15.75,2.26
4835.0,15.8,1.724
4835.25,15.31,1.816
4835.5,14.57,1.655
4835.75,14.73,2.05
4836.0,12.46,0.4396
4836.25,13.310000000000002,0.6859
4836.5,13.79,1.527
4836.75,13.82,1.547
4837.0,13.39,0.926
4837.25,14.45,1.289
4837.5,12.35,1.793
4837.75,8.5,0.2209999999999999
4838.0,6.83,-0.81
4838.25,7.279999999999999,-0.6461
4838.5,8.53,-0.364
4838.75,8.61,-0.2429999999999999
4839.0,7.12,-0.97
4839.25,7.479999999999999,-0.819
4839.5,7.71,-0.26
4839.75,7.83,-0.403
4840.0,7.029999999999999,-1.01
4840.25,7.300000000000001,-0.9
4840.5,7.550000000000001,0.11
4840.75,6.64,-0.4479999999999999
4841.0,5.88,-0.85
4841.25,5.98,-0.6083000000000001
4841.5,6.33,0.075
4841.75,6.078,-0.187
4842.0,5.307,-0.8300000000000001
4842.25,5.376,-0.618
4842.5,5.261,0.129
4842.75,5.87,0.068
4843.0,4.244,-0.6379999999999999
4843.25,3.015,-0.8300000000000001
4843.5,2.828,-0.8400000000000001
4843.75,2.815,-0.8400000000000001
4844.0,2.6020000000000003,-0.299
4844.25,1.627,-0.57
4844.5,1.606,-0.59
4844.75,1.6390000000000002,-0.5599999999999999
4845.0,1.663,-0.54
4845.25,1.669,-0.53
4845.5,1.65,-0.5599999999999999
4845.75,1.657,-0.5599999999999999
4846.0,1.5710000000000002,-0.57
4846.25,1.579,-0.55
4846.5,1.647,-0.473
4846.75,1.621,-0.451
4847.0,1.707,-0.3857
4847.25,1.56,-0.58
4847.5,1.564,-0.58
4847.75,1.572,-0.57
4848.0,1.5970000000000002,-0.54
4848.25,1.62,-0.53
4848.5,1.6170000000000002,-0.55
4848.75,1.5699999999999998,-0.58
4849.0,1.615,-0.4659999999999999
4849.25,1.6629999999999998,-0.48
4849.5,1.531,-0.58
4849.75,1.5490000000000002,-0.56
4850.0,1.6,-0.54
4850.25,1.5539999999999998,-0.56
4850.5,1.5510000000000002,-0.57
4850.75,1.579,-0.5599999999999999
4851.0,1.5260000000000002,-0.6
4851.25,1.596,-0.55
4851.5,1.616,-0.53
4851.75,1.56,-0.55
4852.0,1.696,-0.4078
4852.25,1.673,-0.385
4852.5,1.63,-0.47
4852.75,1.586,-0.56
4853.0,1.506,-0.61
4853.25,1.541,-0.5700000000000001
4853.5,1.551,-0.59
4853.75,1.525,-0.59
4854.0,1.5139999999999998,-0.6
4854.25,1.615,-0.52
4854.5,1.538,-0.5599999999999999
4854.75,3.4930000000000003,0.2709
4855.0,2.592,-0.77
4855.25,2.6140000000000003,-0.8200000000000001
4855.5,2.631,-0.81
4855.75,2.651,-0.77
4856.0,5.55,-0.6
4856.25,6.1,-1.27
4856.5,7.809999999999999,-0.53
4856.75,7.190000000000001,-1.5099999999999998
4857.0,10.49,-0.0717999999999999
4857.25,13.3,1.256
4857.5,13.510000000000002,0.5443
4857.75,13.6,0.658
4858.0,13.1,0.3141
4858.25,13.41,0.3430999999999999
4858.5,13.830000000000002,0.3498
4858.75,13.29,0.636
4859.0,13.38,0.5499999999999999
4859.25,13.13,0.4317999999999999
4859.5,12.45,-0.0179
4859.75,12.75,0.2064
4860.0,12.93,0.3646999999999999
4860.25,12.3,0.1873
4860.5,11.5,0.48
4860.75,10.85,0.4115
4861.0,10.19,-0.0938
4861.25,11.25,0.55
4861.5,6.6,-0.847
4861.75,5.0,-1.2
4862.0,5.23,-1.25
4862.25,5.181,-1.26
4862.5,6.16,-0.433
4862.75,5.542,-1.23
4863.0,5.33,-1.21
4863.25,5.07,-1.15
4863.5,4.984,-1.22
4863.75,4.877,-1.27
4864.0,4.93,-1.21
4864.25,4.796,-1.19
4864.5,4.549,-1.14
4864.75,4.3,-1.13
4865.0,4.49,-1.13
4865.25,5.396,-1.25
4865.5,5.288,-1.34
4865.75,5.36,-1.21
4866.0,4.269,-0.87
4866.25,3.846,-0.84
4866.5,3.3070000000000004,-0.78
4866.75,2.9850000000000003,-0.87
4867.0,2.608,-0.8600000000000001
4867.25,2.702,-0.8200000000000001
4867.5,2.66,-0.8300000000000001
4867.75,2.741,-0.8
4868.0,2.68,-0.8400000000000001
4868.25,3.026,-0.5
4868.5,1.497,-0.57
4868.75,1.471,-0.58
4869.0,1.528,-0.54
4869.25,1.5020000000000002,-0.54
4869.5,1.407,-0.62
4869.75,1.473,-0.57
4870.0,1.396,-0.59
4870.25,1.41,-0.58
4870.5,1.443,-0.57
4870.75,1.483,-0.4679999999999999
4871.0,1.544,-0.421
4871.25,1.481,-0.508
4871.5,1.412,-0.6
4871.75,1.4570000000000003,-0.5700000000000001
4872.0,1.491,-0.54
4872.25,1.468,-0.5900000000000001
4872.5,1.5379999999999998,-0.47
4872.75,1.476,-0.51
4873.0,1.475,-0.5599999999999999
4873.25,1.4500000000000002,-0.57
4873.5,1.436,-0.58
4873.75,1.4859999999999998,-0.5499999999999999
4874.0,1.414,-0.6
4874.25,1.411,-0.61
4874.5,1.459,-0.59
4874.75,1.4740000000000002,-0.53
4875.0,1.497,-0.53
4875.25,1.404,-0.63
4875.5,1.4300000000000002,-0.58
4875.75,1.5550000000000002,-0.4459999999999999
4876.0,1.499,-0.469
4876.25,1.455,-0.54
4876.5,1.431,-0.59
4876.75,1.414,-0.6
4877.0,1.4210000000000005,-0.59
4877.25,1.439,-0.59
4877.5,1.399,-0.59
4877.75,1.498,-0.53
4878.0,1.4640000000000002,-0.55
4878.25,1.4,-0.59
4878.5,1.428,-0.58
4878.75,2.5860000000000003,-0.283
4879.0,2.417,-0.58
4879.25,2.539,-0.8
4879.5,2.488,-0.81
4879.75,2.974,-0.424
4880.0,2.814,-0.81
4880.25,3.49,-1.2
4880.5,4.63,-1.54
4880.75,3.148,-0.86
4881.0,0.0,0.027
4881.25,0.0,0.0
4881.5,0.0,0.0
4881.75,0.0,0.0
4882.0,0.0,0.0
4882.25,0.0,0.0
4882.5,0.0,0.0
4882.75,0.0,0.0
4883.0,0.0,0.0
4883.25,0.526,-0.106
4883.5,3.53,-0.5840000000000001
4883.75,3.84,-0.0554
4884.0,3.3760000000000003,-0.5559999999999999
4884.25,3.58,-0.2286
4884.5,3.218,-0.38
4884.75,2.741,-0.73
4885.0,2.971,-0.76
4885.25,3.4960000000000004,-0.7
4885.5,3.846,-0.6900000000000001
4885.75,5.0,-1.06
4886.0,5.102,-1.06
4886.25,6.59,-1.04
4886.5,6.319999999999999,-1.01
4886.75,14.150000000000002,-0.28
4887.0,9.75,-0.033
4887.25,10.93,-0.2029999999999999
4887.5,9.01,-0.755
4887.75,9.21,-1.36
4888.0,8.639999999999999,-1.17
4888.25,7.92,-0.546
4888.5,8.36,-0.193
4888.75,6.91,-0.635
4889.0,6.43,-0.78
4889.25,6.909999999999999,-0.557
4889.5,6.3500000000000005,-0.113
4889.75,5.95,-0.0399999999999999
4890.0,4.783,-0.65
4890.25,4.9510000000000005,-0.512
4890.5,4.015000000000001,-0.63
4890.75,3.359,-0.83
4891.0,3.485,-0.8200000000000001
4891.25,3.354,-0.8899999999999999
4891.5,3.4319999999999995,-0.84
4891.75,3.437,-0.84
4892.0,3.713,-0.387
4892.25,2.276,-0.1234
4892.5,1.797,-0.53
4892.75,1.767,-0.54
4893.0,1.768,-0.55
4893.25,1.77,-0.54
4893.5,1.81,-0.51
4893.75,1.827,-0.49
4894.0,1.723,-0.48
4894.25,1.628,-0.51
4894.5,1.564,-0.55
4894.75,1.714,-0.3692
4895.0,1.7049999999999998,-0.3762
4895.25,1.636,-0.472
4895.5,1.5690000000000002,-0.55
4895.75,1.568,-0.55
4896.0,1.616,-0.51
4896.25,1.551,-0.5800000000000001
4896.5,1.584,-0.54
4896.75,1.6349999999999998,-0.52
4897.0,1.598,-0.52
4897.25,1.6430000000000002,-0.49
4897.5,1.5710000000000002,-0.56
4897.75,1.535,-0.5900000000000001
4898.0,1.586,-0.54
4898.25,1.581,-0.54
4898.5,1.5659999999999998,-0.5700000000000001
4898.75,1.5659999999999998,-0.56
4899.0,1.569,-0.56
4899.25,1.608,-0.6000000000000001
4899.5,1.6109999999999998,-0.48
4899.75,1.654,-0.45
4900.0,1.549,-0.55
4900.25,1.663,-0.4599999999999999
4900.5,1.77,-0.329
4900.75,1.648,-0.417
4901.0,1.634,-0.511
4901.25,1.5670000000000002,-0.5800000000000001
4901.5,1.528,-0.6100000000000001
4901.75,1.5910000000000002,-0.55
4902.0,1.539,-0.5700000000000001
4902.25,1.5539999999999998,-0.56
4902.5,1.572,-0.55
4902.75,2.717,-0.17364
4903.0,3.109,-0.24542
4903.25,2.624,-0.81
4903.5,3.271,-0.387
4903.75,3.96,-0.91
4904.0,14.43,3.014
4904.25,12.259999999999998,1.612
4904.5,14.98,2.92
4904.75,15.4,2.779
4905.0,14.67,2.284
4905.25,14.79,1.737
4905.5,14.85,2.019
4905.75,15.76,2.287
4906.0,14.93,2.042
4906.25,14.54,1.552
4906.5,14.33,1.497
4906.75,15.56,2.503
4907.0,15.68,2.532
4907.25,14.54,1.242
4907.5,13.56,0.985
4907.75,15.44,2.203
4908.0,13.46,1.207
4908.25,12.97,1.086
4908.5,13.93,2.201
4908.75,13.57,1.647
4909.0,12.81,1.368
4909.25,12.41,0.882
4909.5,11.259999999999998,1.834
4909.75,6.470000000000001,0.26
4910.0,6.35,-0.218
4910.25,5.47,-0.68
4910.5,6.3,0.0099999999999999
4910.75,6.19,-0.347
4911.0,6.43,-0.6970000000000001
4911.25,6.17,-0.5640000000000001
4911.5,7.069999999999999,0.3759999999999999
4911.75,6.56,-0.258
4912.0,6.12,-0.5969
4912.25,5.92,-0.6279
4912.5,7.0600000000000005,0.237
4912.75,6.130000000000001,-0.34
4913.0,5.43,-0.629
4913.25,5.267,-0.539
4913.5,5.94,0.1659999999999999
4913.75,5.567,-0.145
4914.0,4.53,-0.5589999999999999
4914.25,4.666,-0.4214
4914.5,4.831,0.134
4914.75,4.949999999999999,-0.134
4915.0,3.051,-0.8700000000000001
4915.25,3.121,-0.8300000000000001
4915.5,2.989,-0.7030000000000001
4915.75,2.855,-0.79
4916.0,3.012,-0.68
4916.25,2.945,-0.1283
4916.5,1.7049999999999998,-0.48
4916.75,1.815,-0.38536
4917.0,1.824,-0.3348
4917.25,1.823,-0.3493
4917.5,1.717,-0.49
4917.75,1.698,-0.51
4918.0,1.673,-0.52
4918.25,1.6389999999999998,-0.51
4918.5,1.674,-0.456
4918.75,1.5829999999999995,-0.54
4919.0,1.6350000000000002,-0.5
4919.25,1.6639999999999997,-0.5
4919.5,1.62,-0.52
4919.75,1.6749999999999998,-0.49
4920.0,1.605,-0.54
4920.25,1.634,-0.51
4920.5,1.6829999999999998,-0.486
4920.75,1.607,-0.53
4921.0,1.668,-0.49
4921.25,1.6589999999999998,-0.51
4921.5,1.613,-0.54
4921.75,1.6889999999999998,-0.495
4922.0,1.6720000000000002,-0.49
4922.25,1.624,-0.53
4922.5,1.7880000000000005,-0.353
4922.75,1.726,-0.38
4923.0,1.712,-0.436
4923.25,1.6509999999999998,-0.51
4923.5,1.666,-0.5900000000000001
4923.75,1.729,-0.41
4924.0,1.703,-0.44
4924.25,1.6550000000000002,-0.51
4924.5,1.6720000000000002,-0.49
4924.75,1.668,-0.49
4925.0,1.664,-0.5
4925.25,1.614,-0.56
4925.5,1.618,-0.55
4925.75,1.621,-0.55
4926.0,1.638,-0.51
4926.25,1.644,-0.51
4926.5,1.625,-0.51
4926.75,2.628,-0.2846999999999999
4927.0,2.652,-0.0778
4927.25,2.739,-0.74
4927.5,3.37,-0.3475
4927.75,2.864,-0.75
4928.0,5.23,-0.97
4928.25,6.35,-1.13
4928.5,6.800000000000001,-1.19
4928.75,7.74,-0.5900000000000001
4929.0,9.13,-1.11
4929.25,8.79,-0.8500000000000001
4929.5,8.399999999999999,-1.17
4929.75,8.8,-1.08
4930.0,8.3,-1.64
4930.25,8.25,-1.56
4930.5,8.34,-1.26
4930.75,8.64,-0.92
4931.0,8.34,-1.46
4931.25,7.69,-1.57
4931.5,7.82,-1.62
4931.75,7.87,-1.61
4932.0,7.74,-1.51
4932.25,7.21,-1.54
4932.5,7.77,-1.0299999999999998
4932.75,8.209999999999999,-0.92
4933.0,6.94,-1.38
4933.25,7.6,-1.27
4933.5,5.95,-0.77
4933.75,4.46,-0.8
4934.0,4.359999999999999,-0.781
4934.25,4.58,-0.5529999999999999
4934.5,4.13,-1.0
4934.75,4.15,-0.96
4935.0,5.13,-0.95
4935.25,4.529999999999999,-1.0699999999999998
4935.5,4.550000000000001,-1.08
4935.75,4.79,-1.14
4936.0,4.47,-0.99
4936.25,4.49,-0.93
4936.5,4.14,-0.95
4936.75,4.03,-1.02
4937.0,4.0600000000000005,-0.95
4937.25,3.56,-0.78
4937.5,3.193,-0.76
4937.75,2.791,-0.71
4938.0,2.682,-0.75
4938.25,2.6790000000000003,-0.76
4938.5,2.708,-0.74
4938.75,2.887,-0.5499999999999999
4939.0,2.793,-0.603
4939.25,2.846,-0.579
4939.5,2.815,-0.64
4939.75,2.695,-0.77
4940.0,3.303,-0.24615
4940.25,1.813,-0.4599999999999999
4940.5,1.678,-0.53
4940.75,1.692,-0.52
4941.0,1.6789999999999998,-0.53
4941.25,1.6849999999999998,-0.54
4941.5,1.691,-0.49
4941.75,1.701,-0.45
4942.0,1.593,-0.55
4942.25,1.632,-0.51
4942.5,1.6909999999999998,-0.47
4942.75,1.581,-0.56
4943.0,1.745,-0.383
4943.25,1.701,-0.44
4943.5,1.608,-0.51
4943.75,1.662,-0.51
4944.0,1.625,-0.52
4944.25,1.6029999999999998,-0.55
4944.5,1.663,-0.48
4944.75,1.753,-0.353
4945.0,1.753,-0.3568
4945.25,1.6869999999999998,-0.432
4945.5,1.637,-0.5
4945.75,1.617,-0.55
4946.0,1.625,-0.53
4946.25,1.6709999999999998,-0.51
4946.5,1.6409999999999998,-0.48
4946.75,1.652,-0.52
4947.0,1.6389999999999998,-0.52
4947.25,1.5789999999999995,-0.56
4947.5,1.674,-0.5
4947.75,1.684,-0.54
4948.0,1.722,-0.39
4948.25,1.681,-0.44
4948.5,1.65,-0.49
4948.75,1.643,-0.51
4949.0,1.6389999999999998,-0.5
4949.25,1.662,-0.5
4949.5,1.629,-0.51
4949.75,1.72,-0.399
4950.0,1.808,-0.3464
4950.25,1.691,-0.403
4950.5,1.686,-0.464
4950.75,1.618,-0.53
4951.0,1.589,-0.54
4951.25,1.678,-0.46
4951.5,1.633,-0.49
4951.75,1.6190000000000002,-0.51
4952.0,1.65,-0.49
4952.25,1.608,-0.52
4952.5,1.639,-0.51
4952.75,1.625,-0.5
4953.0,1.6430000000000002,-0.49
4953.25,1.69,-0.44
4953.5,1.614,-0.52
4953.75,1.615,-0.53
4954.0,1.596,-0.53
4954.25,1.652,-0.48
4954.5,1.572,-0.54
4954.75,1.665,-0.47
4955.0,1.7879999999999998,-0.3272
4955.25,1.6880000000000002,-0.401
4955.5,1.72,-0.4
4955.75,1.6390000000000002,-0.48
4956.0,1.618,-0.49
4956.25,1.658,-0.49
4956.5,1.655,-0.48
4956.75,1.612,-0.52
4957.0,1.5779999999999998,-0.55
4957.25,1.617,-0.51
4957.5,1.569,-0.56
4957.75,1.593,-0.53
4958.0,1.642,-0.49
4958.25,1.624,-0.47
4958.5,1.625,-0.49
4958.75,1.646,-0.5
4959.0,1.582,-0.52
4959.25,1.661,-0.48
4959.5,1.647,-0.49
4959.75,1.746,-0.3349999999999999
4960.0,1.919,-0.1714999999999999
4960.25,1.769,-0.29276
4960.5,1.69,-0.45
4960.75,1.631,-0.48
4961.0,1.64,-0.4600000000000001
4961.25,1.629,-0.48
4961.5,1.628,-0.48
4961.75,1.708,-0.42
4962.0,1.61,-0.5
4962.25,1.569,-0.5700000000000001
4962.5,1.63,-0.51
4962.75,1.601,-0.52
4963.0,1.592,-0.53
4963.25,1.6329999999999998,-0.51
4963.5,1.67,-0.4499999999999999
4963.75,1.636,-0.5
4964.0,1.619,-0.51
4964.25,1.635,-0.5
4964.5,1.654,-0.4600000000000001
4964.75,1.815,-0.23818
4965.0,1.7729999999999997,-0.3286
4965.25,1.717,-0.379
4965.5,1.6309999999999998,-0.5
4965.75,1.665,-0.49
4966.0,1.596,-0.53
4966.25,1.6709999999999998,-0.48
4966.5,1.633,-0.52
4966.75,1.613,-0.52
4967.0,1.697,-0.44
4967.25,1.66,-0.49
4967.5,1.619,-0.53
4967.75,1.608,-0.51
4968.0,1.602,-0.53
4968.25,1.593,-0.56
4968.5,1.6,-0.55
4968.75,1.664,-0.5
4969.0,1.6489999999999998,-0.48
4969.25,1.632,-0.52
4969.5,1.669,-0.52
4969.75,1.584,-0.56
4970.0,1.6839999999999995,-0.47
4970.25,1.7320000000000002,-0.38077
4970.5,1.718,-0.407
4970.75,1.707,-0.417
4971.0,1.664,-0.48
4971.25,1.654,-0.56
4971.5,1.6749999999999998,-0.53
4971.75,1.7200000000000002,-0.42
4972.0,1.659,-0.47
4972.25,1.6949999999999998,-0.49
4972.5,1.639,-0.51
4972.75,1.711,-0.45
4973.0,1.631,-0.5
4973.25,1.596,-0.52
4973.5,1.682,-0.47
4973.75,1.5989999999999998,-0.54
4974.0,1.632,-0.52
4974.25,1.587,-0.53
4974.5,1.653,-0.48
4974.75,1.6390000000000002,-0.5
4975.0,1.61,-0.51
4975.25,1.658,-0.455
4975.5,1.7029999999999998,-0.3887
4975.75,1.693,-0.384
4976.0,1.642,-0.48
4976.25,1.598,-0.52
4976.5,1.6429999999999998,-0.48
4976.75,1.646,-0.5
4977.0,1.556,-0.5700000000000001
4977.25,1.636,-0.5
4977.5,1.647,-0.49
4977.75,1.557,-0.56
4978.0,1.614,-0.52
4978.25,1.602,-0.52
4978.5,1.63,-0.46
4978.75,1.645,-0.5
4979.0,1.564,-0.55
4979.25,1.625,-0.52
4979.5,1.616,-0.52
4979.75,1.585,-0.54
4980.0,1.617,-0.52
4980.25,1.629,-0.5
4980.5,1.661,-0.49
4980.75,1.734,-0.35067
4981.0,1.7240000000000002,-0.36767
4981.25,1.709,-0.401
4981.5,1.614,-0.51
4981.75,1.702,-0.411
4982.0,1.656,-0.47
4982.25,1.651,-0.48
4982.5,1.6789999999999998,-0.46
4982.75,1.5869999999999995,-0.55
4983.0,1.619,-0.51
4983.25,1.611,-0.51
4983.5,1.6189999999999998,-0.54
4983.75,1.677,-0.5
4984.0,1.629,-0.44
4984.25,1.676,-0.41
4984.5,1.6999999999999995,-0.42
4984.75,1.574,-0.52
4985.0,1.617,-0.48
4985.25,1.625,-0.5
4985.5,1.529,-0.5800000000000001
4985.75,1.6030000000000002,-0.53
4986.0,1.577,-0.55
4986.25,1.624,-0.51
4986.5,1.748,-0.38
4986.75,1.662,-0.407
4987.0,1.71,-0.369333
4987.25,1.6629999999999998,-0.454
4987.5,1.556,-0.55
4987.75,1.642,-0.48
4988.0,1.627,-0.5
4988.25,1.587,-0.53
4988.5,1.697,-0.43
4988.75,1.595,-0.53
4989.0,1.576,-0.54
4989.25,1.668,-0.47
4989.5,1.5699999999999998,-0.54
4989.75,1.616,-0.53
4990.0,1.645,-0.5
4990.25,1.6070000000000002,-0.51
4990.5,1.726,-0.41
4990.75,1.6349999999999998,-0.49
4991.0,1.581,-0.54
4991.25,1.646,-0.5
4991.5,1.586,-0.53
4991.75,1.621,-0.5
4992.0,1.6629999999999998,-0.48
4992.25,1.694,-0.384
4992.5,1.805,-0.2922
4992.75,1.6909999999999998,-0.431
4993.0,1.594,-0.52
4993.25,1.658,-0.5
4993.5,1.612,-0.51
4993.75,1.589,-0.54
4994.0,1.655,-0.5
4994.25,1.589,-0.54
4994.5,1.689,-0.46
4994.75,1.67,-0.47
4995.0,1.578,-0.55
4995.25,1.6679999999999997,-0.49
4995.5,1.617,-0.53
4995.75,1.6189999999999998,-0.53
4996.0,1.722,-0.52
4996.25,1.654,-0.44
4996.5,1.797,-0.28
4996.75,1.724,-0.42
4997.0,1.5949999999999998,-0.53
4997.25,1.6509999999999998,-0.49
4997.5,1.6749999999999998,-0.46
4997.75,1.6760000000000002,-0.418
4998.0,1.751,-0.3606899999999999
4998.25,1.6189999999999998,-0.49
4998.5,1.619,-0.52
4998.75,3.335,0.4196999999999999
4999.0,2.657,-0.7
4999.25,2.623,-0.73
4999.5,2.673,-0.6900000000000001
4999.75,3.035,-0.8200000000000001
5000.0,5.19,-1.1800000000000002
5000.25,6.74,-1.34
5000.5,7.42,-1.06
5000.75,6.98,-1.4500000000000002
5001.0,7.33,-1.44
5001.25,7.229999999999999,-1.5
5001.5,7.58,-1.2200000000000002
5001.75,7.78,-0.62
5002.0,7.47,-1.17
5002.25,8.059999999999999,-1.19
5002.5,7.15,-1.46
5002.75,7.140000000000001,-1.45
5003.0,7.0600000000000005,-1.36
5003.25,7.51,-1.2600000000000002
5003.5,7.07,-1.3099999999999998
5003.75,7.27,-1.26
5004.0,7.25,-1.39
5004.25,7.16,-1.4900000000000002
5004.5,8.08,-0.99
5004.75,7.140000000000001,-1.42
5005.0,7.17,-1.43
5005.25,6.949999999999999,-1.36
5005.5,6.93,-1.43
5005.75,4.720000000000001,-1.11
5006.0,4.47,-1.0499999999999998
5006.25,4.46,-0.599
5006.5,3.82,-1.01
5006.75,3.81,-1.0
5007.0,3.91,-0.99
5007.25,4.13,-1.02
5007.5,3.87,-0.94
5007.75,4.46,-0.577
5008.0,3.79,-0.97
5008.25,3.813,-1.0
5008.5,3.783,-0.8900000000000001
5008.75,3.84,-0.8400000000000001
5009.0,3.89,-0.762
5009.25,3.92,-0.778
5009.5,3.84,-0.782
5009.75,3.567,-0.8899999999999999
5010.0,3.287,-0.9
5010.25,3.333,-0.89
5010.5,3.391,-0.9
5010.75,3.398,-0.9
5011.0,3.41,-0.87
5011.25,3.535,-0.91
5011.5,3.65,-0.8700000000000001
5011.75,3.669,-0.8400000000000001
5012.0,3.252,-0.8400000000000001
5012.25,3.663,-0.32679
5012.5,1.7799999999999998,-0.51
5012.75,1.778,-0.53
5013.0,1.841,-0.46
5013.25,1.7799999999999998,-0.52
5013.5,1.81,-0.5
5013.75,1.839,-0.46
5014.0,1.756,-0.4599999999999999
5014.25,1.638,-0.44
5014.5,1.6429999999999998,-0.415
5014.75,1.677,-0.34333
5015.0,1.754,-0.3008
5015.25,1.623,-0.4600000000000001
5015.5,1.561,-0.52
5015.75,1.64,-0.4600000000000001
5016.0,1.598,-0.47
5016.25,1.631,-0.45
5016.5,1.633,-0.47
5016.75,1.5570000000000002,-0.53
5017.0,1.5950000000000002,-0.51
5017.25,1.642,-0.46
5017.5,1.567,-0.52
5017.75,1.616,-0.49
5018.0,1.584,-0.52
5018.25,1.614,-0.48
5018.5,1.696,-0.42
5018.75,1.593,-0.5
5019.0,1.604,-0.49
5019.25,1.622,-0.52
5019.5,1.6030000000000002,-0.49
5019.75,1.5779999999999998,-0.51
5020.0,1.6,-0.5
5020.25,1.588,-0.5
5020.5,1.601,-0.54
5020.75,1.826,-0.2440999999999999
5021.0,1.756,-0.251
5021.25,1.674,-0.375
5021.5,1.69,-0.423
5021.75,1.5699999999999998,-0.51
5022.0,1.5739999999999998,-0.52
5022.25,1.595,-0.49
5022.5,1.5900000000000003,-0.48
5022.75,2.225,-0.48
5023.0,2.325,-0.6200000000000001
5023.25,2.743,-0.67
5023.5,2.804,-0.8
5023.75,3.003,-0.81
5024.0,3.93,-0.378
5024.25,3.58,-0.619
5024.5,4.5,-0.99
5024.75,4.47,-0.7500000000000001
5025.0,5.859999999999999,-1.58
5025.25,6.75,-1.4700000000000002
5025.5,6.44,-1.44
5025.75,6.42,-1.46
5026.0,6.32,-1.4700000000000002
5026.25,5.93,-1.65
5026.5,7.16,-1.0
5026.75,7.56,-0.96
5027.0,8.08,-0.7050000000000001
5027.25,6.74,-1.5
5027.5,8.129999999999999,-0.816
5027.75,6.99,-1.31
5028.0,7.57,-1.29
5028.25,7.07,-1.4900000000000002
5028.5,6.56,-1.09
5028.75,6.0,-1.33
5029.0,5.92,-1.32
5029.25,6.51,-0.92
5029.5,7.909999999999999,-0.432
5029.75,9.7,0.362
5030.0,9.02,-0.374
5030.25,8.129999999999999,-1.16
5030.5,8.72,-0.6080000000000001
5030.75,9.56,-0.366
5031.0,8.68,-0.779
5031.25,8.88,-0.667
5031.5,8.040000000000001,-0.8200000000000001
5031.75,7.33,-0.129
5032.0,5.84,-0.483
5032.25,6.14,-0.2458
5032.5,5.72,-0.449
5032.75,7.119999999999999,0.595
5033.0,5.510000000000001,-0.66
5033.25,5.6000000000000005,-0.5186
5033.5,5.473,-0.253
5033.75,6.46,0.5326000000000001
5034.0,4.903,-0.481
5034.25,5.134,-0.254
5034.5,5.123,0.1379999999999999
5034.75,5.149,0.3559999999999999
5035.0,3.912,-0.3733
5035.25,4.161,-0.3879
5035.5,4.39,0.211
5035.75,5.018000000000001,0.2109999999999999
5036.0,3.956,-0.585
5036.25,3.617,-0.219
5036.5,4.019,0.66
5036.75,2.71,-0.0629999999999999
5037.0,1.781,-0.54
5037.25,2.045,-0.57
5037.5,1.799,-0.52
5037.75,1.773,-0.5800000000000001
5038.0,1.878,-0.49
5038.25,1.802,-0.54
5038.5,1.759,-0.47
5038.75,1.735,-0.42
5039.0,1.608,-0.53
5039.25,1.656,-0.49
5039.5,1.669,-0.4800000000000001
5039.75,1.6670000000000005,-0.48
5040.0,1.619,-0.53
5040.25,1.6960000000000002,-0.49
5040.5,1.669,-0.47
5040.75,1.685,-0.49
5041.0,1.701,-0.43
5041.25,1.621,-0.53
5041.5,1.687,-0.4599999999999999
5041.75,1.616,-0.51
5042.0,1.6590000000000005,-0.49
5042.25,1.6720000000000002,-0.49
5042.5,1.64,-0.49
5042.75,1.798,-0.3266
5043.0,1.798,-0.3299999999999999
5043.25,1.741,-0.41
5043.5,1.636,-0.51
5043.75,1.735,-0.465
5044.0,1.637,-0.52
5044.25,1.6670000000000005,-0.49
5044.5,1.708,-0.4600000000000001
5044.75,1.65,-0.49
5045.0,1.648,-0.49
5045.25,1.77,-0.49
5045.5,1.721,-0.369
5045.75,1.678,-0.419
5046.0,1.698,-0.43
5046.25,1.6109999999999998,-0.49
5046.5,1.649,-0.5
5046.75,2.833,-0.1195
5047.0,2.358,-0.64
5047.25,3.76,0.3351
5047.5,2.778,-0.7100000000000001
5047.75,2.7670000000000003,-0.7
5048.0,3.3160000000000003,-0.306
5048.25,3.79,0.04993
5048.5,3.343,-0.87
5048.75,5.81,-0.75
5049.0,7.539999999999999,-1.0499999999999998
5049.25,7.390000000000001,-1.52
5049.5,7.92,-1.38
5049.75,9.59,-0.53
5050.0,9.39,-1.28
5050.25,8.719999999999999,-0.98
5050.5,8.04,-1.23
5050.75,6.160000000000001,-0.5880000000000001
5051.0,6.43,-0.9
5051.25,5.822,-0.99
5051.5,6.19,-0.95
5051.75,5.97,-0.93
5052.0,4.97,-1.0
5052.25,3.755,-1.03
5052.5,3.398,-0.85
5052.75,3.553,-0.8699999999999999
5053.0,4.3740000000000006,-0.9
5053.25,4.956,-0.79
5053.5,5.178,-0.97
5053.75,4.933,-0.98
5054.0,7.84,-0.95
5054.25,6.68,-1.6
5054.5,6.42,-1.65
5054.75,6.62,-1.51
5055.0,6.6,-0.415
5055.25,5.38,-0.2028
5055.5,4.745,-0.73
5055.75,5.315,-0.624
5056.0,4.923,-0.76
5056.25,5.68,-0.631
5056.5,4.76,-0.76
5056.75,4.19,-0.88
5057.0,4.08,-0.663
5057.25,3.98,-0.665
5057.5,4.05,-0.719
5057.75,3.69,-0.74
5058.0,3.3500000000000005,-0.62
5058.25,3.1300000000000003,-0.6
5058.5,2.992,-0.65
5058.75,3.068,-0.62
5059.0,3.2140000000000004,-0.69
5059.25,3.221,-0.71
5059.5,3.245,-0.69
5059.75,3.253,-0.71
5060.0,2.979,-0.6499999999999999
5060.25,2.464,0.0104
5060.5,1.814,-0.388
5060.75,1.767,-0.42
5061.0,1.872,-0.3309999999999999
5061.25,1.803,-0.39
5061.5,1.797,-0.4
5061.75,1.918,-0.3
5062.0,1.693,-0.392
5062.25,1.638,-0.357
5062.5,1.652,-0.3399999999999999
5062.75,1.643,-0.34
5063.0,1.654,-0.35
5063.25,1.627,-0.362
5063.5,1.654,-0.3359999999999999
5063.75,1.636,-0.372
5064.0,1.6890000000000005,-0.294
5064.25,1.635,-0.36
5064.5,1.662,-0.353
5064.75,1.639,-0.37
5065.0,1.594,-0.407
5065.25,1.685,-0.3419999999999999
5065.5,1.606,-0.388
5065.75,1.639,-0.373
5066.0,1.6529999999999998,-0.37
5066.25,1.659,-0.344
5066.5,1.685,-0.318
5066.75,1.657,-0.354
5067.0,1.65,-0.364
5067.25,1.603,-0.395
5067.5,1.728,-0.3359999999999999
5067.75,1.636,-0.37
5068.0,1.6,-0.399
5068.25,1.686,-0.3339999999999999
5068.5,1.61,-0.398
5068.75,1.7,-0.301
5069.0,1.6740000000000002,-0.3369999999999999
5069.25,1.62,-0.379
5069.5,1.626,-0.376
5069.75,1.6589999999999998,-0.39
5070.0,1.654,-0.353
5070.25,1.653,-0.31
5070.5,1.65,-0.3359999999999999
5070.75,2.348,-0.355
5071.0,2.862,-0.0796
5071.25,2.76,-0.5800000000000001
5071.5,3.186,-0.19434
5071.75,2.882,-0.46448
5072.0,5.66,-0.69
5072.25,6.609999999999999,-1.22
5072.5,6.65,-1.18
5072.75,6.569999999999999,-1.21
5073.0,9.14,-1.36
5073.25,7.96,-0.6
5073.5,7.73,-0.97
5073.75,8.370000000000001,-1.11
5074.0,8.29,-1.53
5074.25,8.89,-0.8500000000000001
5074.5,8.02,-1.63
5074.75,8.2,-1.66
5075.0,9.12,-0.859
5075.25,10.56,-0.2219999999999999
5075.5,10.38,-0.001
5075.75,12.84,0.6577999999999999
5076.0,14.48,1.233
5076.25,14.849999999999998,1.875
5076.5,14.47,2.293
5076.75,13.73,1.198
5077.0,13.62,1.254
5077.25,15.13,2.337
5077.5,12.72,2.222
5077.75,10.68,1.672
5078.0,8.61,0.7438999999999999
5078.25,6.58,-0.3869999999999999
5078.5,6.68,-0.132
5078.75,6.3500000000000005,-0.43286
5079.0,6.640000000000001,-0.79
5079.25,6.609999999999999,-0.22
5079.5,7.1,0.24
5079.75,6.62,-0.3483
5080.0,6.130000000000001,-0.8600000000000001
5080.25,7.02,-0.333
5080.5,6.295999999999999,-0.1149999999999999
5080.75,6.064,-0.643
5081.0,5.85,-0.711
5081.25,6.348,-0.0559999999999999
5081.5,5.718,-0.194
5081.75,5.680000000000001,-0.589
5082.0,4.847,-0.71
5082.25,5.796,0.131
5082.5,5.254,-0.006
5082.75,4.69,-0.1591
5083.0,3.399,-0.86
5083.25,3.267,-0.8300000000000001
5083.5,3.172,-0.81
5083.75,3.143,-0.8400000000000001
5084.0,2.591,-0.1341
5084.25,2.242,-0.59
5084.5,1.976,-0.451
5084.75,1.822,-0.509
5085.0,1.77,-0.53
5085.25,1.804,-0.5
5085.5,1.738,-0.5
5085.75,1.661,-0.5599999999999999
5086.0,1.693,-0.52
5086.25,1.674,-0.54
5086.5,1.629,-0.5599999999999999
5086.75,1.719,-0.52
5087.0,1.637,-0.5599999999999999
5087.25,1.687,-0.54
5087.5,1.7859999999999998,-0.4599999999999999
5087.75,1.675,-0.53
5088.0,1.685,-0.57
5088.25,1.7299999999999998,-0.54
5088.5,1.642,-0.57
5088.75,1.693,-0.54
5089.0,1.735,-0.51
5089.25,1.654,-0.58
5089.5,1.729,-0.51
5089.75,1.756,-0.47
5090.0,1.665,-0.54
5090.25,1.75,-0.51
5090.5,1.705,-0.53
5090.75,1.658,-0.57
5091.0,1.733,-0.5
5091.25,1.683,-0.54
5091.5,1.686,-0.53
5091.75,1.74,-0.51
5092.0,1.6829999999999998,-0.55
5092.25,1.767,-0.48
5092.5,1.755,-0.48
5092.75,1.7260000000000002,-0.5399999999999999
5093.0,1.715,-0.53
5093.25,1.747,-0.5
5093.5,1.716,-0.52
5093.75,1.706,-0.51
5094.0,1.776,-0.3885699999999999
5094.25,1.876,-0.3683
5094.5,1.875,-0.3429999999999999
5094.75,2.505,-0.48
5095.0,2.82,-0.71
5095.25,2.89,-0.69
5095.5,3.2380000000000004,-0.372
5095.75,4.43,-0.98
5096.0,6.94,-0.49
5096.25,6.31,-1.38
5096.5,8.23,-1.18
5096.75,8.620000000000001,-1.98
5097.0,9.41,-1.41
5097.25,8.0,-0.97
5097.5,8.56,-1.31
5097.75,8.719999999999999,-1.45
5098.0,9.87,-1.35
5098.25,8.76,-1.41
5098.5,10.25,-0.89
5098.75,10.87,-0.8900000000000001
5099.0,13.779999999999998,0.952
5099.25,14.07,1.097
5099.5,13.19,1.092
5099.75,12.95,0.999
5100.0,12.24,0.653
5100.25,12.38,0.906
5100.5,12.35,1.2639999999999998
5100.75,10.95,0.4818
5101.0,11.59,0.325
5101.25,11.69,0.941
5101.5,10.760000000000002,0.3082999999999999
5101.75,8.8,0.8320000000000001
5102.0,9.03,1.093
5102.25,8.989999999999998,0.788
5102.5,7.85,-0.5764
5102.75,7.0,-1.89
5103.0,5.2,-1.17
5103.25,5.18,-1.24
5103.5,5.46,-1.18
5103.75,5.33,-1.19
5104.0,5.390000000000001,-1.21
5104.25,5.15,-1.17
5104.5,5.24,-1.048
5104.75,5.6,-1.0590000000000002
5105.0,5.28,-1.099
5105.25,5.164000000000001,-1.22
5105.5,5.075,-1.21
5105.75,5.1,-1.08
5106.0,4.702,-1.1
5106.25,3.724,-0.8900000000000001
5106.5,3.199,-0.8699999999999999
5106.75,3.034,-0.8200000000000001
5107.0,3.037,-0.72
5107.25,3.084,-0.73
5107.5,3.065,-0.74
5107.75,2.987,-0.79
5108.0,3.013,-0.78
5108.25,3.032,-0.0751
5108.5,1.5910000000000002,-0.49
5108.75,1.6429999999999998,-0.45
5109.0,1.636,-0.45
5109.25,1.586,-0.48
5109.5,1.64,-0.484
5109.75,1.601,-0.51
5110.0,1.572,-0.51
5110.25,1.667,-0.441
5110.5,1.598,-0.4399999999999999
5110.75,1.5630000000000002,-0.49
5111.0,1.5689999999999995,-0.469
5111.25,1.5579999999999998,-0.48
5111.5,1.549,-0.48
5111.75,1.5619999999999998,-0.48
5112.0,1.5559999999999998,-0.47
5112.25,1.632,-0.39
5112.5,1.626,-0.42
5112.75,1.632,-0.42
5113.0,1.548,-0.5
5113.25,1.553,-0.48
5113.5,1.6369999999999998,-0.408
5113.75,1.6329999999999998,-0.3659
5114.0,1.673,-0.3375
5114.25,1.713,-0.3563
5114.5,1.526,-0.51
5114.75,1.587,-0.46
5115.0,1.6389999999999998,-0.43
5115.25,1.5619999999999998,-0.47
5115.5,1.5679999999999998,-0.49
5115.75,1.557,-0.49
5116.0,1.7040000000000002,-0.445
5116.25,1.533,-0.52
5116.5,1.5689999999999995,-0.47
5116.75,1.5599999999999998,-0.48
5117.0,1.557,-0.47
5117.25,1.629,-0.44
5117.5,1.5639999999999998,-0.47
5117.75,1.5969999999999998,-0.4599999999999999
5118.0,1.64,-0.423
5118.25,1.622,-0.389
5118.5,1.662,-0.365
5118.75,1.537,-0.48
5119.0,1.561,-0.47
5119.25,1.5459999999999998,-0.46
5119.5,1.598,-0.41
5119.75,1.661,-0.47
5120.0,1.812,-0.53
5120.25,1.831,-0.52
5120.5,1.804,-0.54
5120.75,1.747,-0.474
5121.0,1.62,-0.4359999999999999
5121.25,1.62,-0.4599999999999999
5121.5,1.5519999999999998,-0.48
5121.75,1.613,-0.442
5122.0,1.5420000000000005,-0.49
5122.25,1.5519999999999998,-0.49
5122.5,1.533,-0.49
5122.75,1.536,-0.5
5123.0,1.692,-0.361
5123.25,1.713,-0.2224
5123.5,1.6719999999999997,-0.3287
5123.75,1.614,-0.393
5124.0,1.5650000000000002,-0.4600000000000001
5124.25,1.588,-0.45
5124.5,1.5539999999999998,-0.5
5124.75,1.5719999999999998,-0.477
5125.0,1.539,-0.47
5125.25,1.5569999999999995,-0.47
5125.5,1.594,-0.457
5125.75,1.5579999999999998,-0.46
5126.0,1.541,-0.49
5126.25,1.633,-0.407
5126.5,1.603,-0.42
5126.75,1.558,-0.48
5127.0,1.5179999999999998,-0.5
5127.25,1.621,-0.427
5127.5,1.565,-0.466
5127.75,1.556,-0.48
5128.0,1.581,-0.446
5128.25,1.6069999999999998,-0.48
5128.5,1.764,-0.259
5128.75,1.648,-0.36
5129.0,1.565,-0.44
5129.25,1.6409999999999998,-0.411
5129.5,1.5719999999999998,-0.44
5129.75,1.569,-0.45
5130.0,1.53,-0.47
5130.25,1.5679999999999998,-0.4599999999999999
5130.5,1.624,-0.418
5130.75,1.59,-0.43
5131.0,1.5869999999999995,-0.45
5131.25,1.642,-0.428
5131.5,1.651,-0.3467
5131.75,1.703,-0.3204
5132.0,1.637,-0.3417
5132.25,1.632,-0.407
5132.5,1.532,-0.49
5132.75,1.5759999999999998,-0.44
5133.0,1.605,-0.42
5133.25,1.565,-0.44
5133.5,1.6229999999999998,-0.404
5133.75,1.601,-0.382
5134.0,1.511,-0.48
5134.25,1.577,-0.4599999999999999
5134.5,1.512,-0.49
5134.75,1.564,-0.4599999999999999
5135.0,1.5639999999999998,-0.45
5135.25,1.5180000000000002,-0.52
5135.5,1.528,-0.5
5135.75,1.4930000000000003,-0.54
5136.0,1.557,-0.49
5136.25,1.531,-0.48
5136.5,1.499,-0.53
5136.75,1.577,-0.5
5137.0,1.575,-0.4600000000000001
5137.25,1.614,-0.44
5137.5,1.519,-0.51
5137.75,1.5180000000000002,-0.51
5138.0,1.559,-0.48
5138.25,1.499,-0.52
5138.5,1.624,-0.407
5138.75,1.5659999999999998,-0.4499999999999999
5139.0,1.532,-0.51
5139.25,1.595,-0.4600000000000001
5139.5,1.599,-0.44
5139.75,1.6390000000000002,-0.376
5140.0,1.6,-0.391
5140.25,1.666,-0.3211
5140.5,1.65,-0.3293
5140.75,1.633,-0.364
5141.0,1.591,-0.45
5141.25,1.557,-0.47
5141.5,1.632,-0.4
5141.75,1.5450000000000002,-0.48
5142.0,1.548,-0.47
5142.25,1.5759999999999998,-0.47
5142.5,1.537,-0.48
5142.75,1.5619999999999998,-0.48
5143.0,1.515,-0.5
5143.25,1.5539999999999998,-0.48
5143.5,1.62,-0.423
5143.75,1.653,-0.342
5144.0,1.5699999999999998,-0.4599999999999999
5144.25,1.535,-0.5
5144.5,1.538,-0.51
5144.75,1.549,-0.49
5145.0,1.524,-0.5
5145.25,1.519,-0.51
5145.5,1.515,-0.51
5145.75,1.5739999999999998,-0.46
5146.0,1.592,-0.42
5146.25,1.507,-0.5
5146.5,1.54,-0.5
5146.75,1.531,-0.5
5147.0,1.5779999999999998,-0.4589999999999999
5147.25,1.5380000000000005,-0.48
5147.5,1.4820000000000002,-0.53
5147.75,1.5799999999999998,-0.4589999999999999
5148.0,1.5719999999999998,-0.47
5148.25,1.621,-0.429
5148.5,1.549,-0.47
5148.75,1.5630000000000002,-0.5
5149.0,1.7240000000000002,-0.3096
5149.25,1.741,-0.2153999999999999
5149.5,1.754,-0.215
5149.75,1.56,-0.4599999999999999
5150.0,1.5739999999999998,-0.4499999999999999
5150.25,1.662,-0.395
5150.5,1.608,-0.4
5150.75,1.574,-0.4599999999999999
5151.0,1.532,-0.48
5151.25,1.553,-0.47
5151.5,1.597,-0.4429999999999999
5151.75,1.557,-0.48
5152.0,1.564,-0.49
5152.25,1.5499999999999998,-0.47
5152.5,1.5659999999999998,-0.46
5152.75,1.647,-0.401
5153.0,1.5259999999999998,-0.48
5153.25,1.545,-0.51
5153.5,1.532,-0.49
5153.75,1.5140000000000002,-0.49
5154.0,1.5490000000000002,-0.484
5154.25,1.463,-0.5399999999999999
5154.5,1.5499999999999998,-0.49
5154.75,1.529,-0.5
5155.0,1.5750000000000002,-0.44
5155.25,1.544,-0.5
5155.5,1.515,-0.5
5155.75,1.5659999999999998,-0.48
5156.0,1.5020000000000002,-0.53
5156.25,1.541,-0.47
5156.5,1.6,-0.42
5156.75,1.515,-0.51
5157.0,1.584,-0.49
5157.25,1.651,-0.402
5157.5,1.642,-0.3476
5157.75,1.681,-0.3321
5158.0,1.524,-0.51
5158.25,1.566,-0.4599999999999999
5158.5,1.496,-0.5499999999999999
5158.75,1.5869999999999995,-0.5
5159.0,1.601,-0.43
5159.25,1.586,-0.408
5159.5,1.559,-0.48
5159.75,1.628,-0.41
5160.0,1.5739999999999998,-0.45
5160.25,1.593,-0.45
5160.5,1.506,-0.52
5160.75,1.551,-0.48
5161.0,1.588,-0.4579999999999999
5161.25,1.535,-0.5
5161.5,1.537,-0.51
5161.75,1.54,-0.48
5162.0,1.5849999999999995,-0.44
5162.25,1.611,-0.44
5162.5,1.52,-0.52
5162.75,1.563,-0.52
5163.0,1.539,-0.52
5163.25,1.508,-0.54
5163.5,1.5730000000000002,-0.5
5163.75,1.537,-0.52
5164.0,1.5599999999999998,-0.52
5164.25,1.52,-0.5499999999999999
5164.5,1.5890000000000002,-0.4599999999999999
5164.75,1.616,-0.44
5165.0,1.525,-0.53
5165.25,1.5160000000000002,-0.54
5165.5,1.5750000000000002,-0.48
5165.75,1.539,-0.49
5166.0,1.545,-0.52
5166.25,1.521,-0.51
5166.5,1.62,-0.379
5166.75,3.144,0.089
5167.0,2.827,-0.052
5167.25,3.566,-0.593
5167.5,4.733,-0.95
5167.75,4.782,-1.16
5168.0,8.84,-1.25
5168.25,10.84,-1.22
5168.5,13.1,-0.4770000000000001
5168.75,14.53,-1.102
5169.0,15.1,-1.67
5169.25,14.98,-1.195
5169.5,14.34,-0.2429
5169.75,13.04,-1.2043
5170.0,12.66,-2.31
5170.25,14.13,-1.09
5170.5,15.45,-1.67
5170.75,15.78,-1.65
5171.0,14.02,-2.68
5171.25,12.93,-2.37
5171.5,13.39,-0.993
5171.75,11.44,-1.89
5172.0,10.95,-2.11
5172.25,12.39,-1.64
5172.5,12.55,-2.27
5172.75,13.42,-1.73
5173.0,11.91,-1.64
5173.25,11.47,-1.42
5173.5,12.77,-1.44
5173.75,13.25,-2.43
5174.0,13.1,-2.48
5174.25,13.28,-2.6900000000000004
5174.5,13.65,-2.58
5174.75,13.260000000000002,-2.6
5175.0,12.56,-2.55
5175.25,13.28,-1.46
5175.5,11.78,-2.27
5175.75,11.48,-2.1500000000000004
5176.0,11.25,-2.15
5176.25,11.06,-2.02
5176.5,10.27,-2.06
5176.75,10.24,-1.57
5177.0,7.05,-1.67
5177.25,7.210000000000001,-0.7669999999999999
5177.5,5.2010000000000005,-1.38
5177.75,4.76,-1.1800000000000002
5178.0,4.335,-1.06
5178.25,3.904,-1.06
5178.5,4.316,-1.13
5178.75,4.342,-1.07
5179.0,4.244,-1.12
5179.25,4.186,-1.11
5179.5,4.282,-1.11
5179.75,4.231999999999999,-1.14
5180.0,4.677999999999999,-0.4379
5180.25,2.54,-0.77
5180.5,2.48,-0.69
5180.75,2.373,-0.71
5181.0,2.8500000000000005,-0.161
5181.25,2.53,-0.5644
5181.5,2.505,-0.5155000000000001
5181.75,2.104,-0.618
5182.0,1.5679999999999998,-0.54
5182.25,1.607,-0.52
5182.5,1.584,-0.55
5182.75,1.542,-0.58
5183.0,1.571,-0.5499999999999999
5183.25,1.582,-0.5599999999999999
5183.5,1.543,-0.58
5183.75,1.624,-0.53
5184.0,1.685,-0.5
5184.25,1.56,-0.5599999999999999
5184.5,1.588,-0.55
5184.75,1.599,-0.5599999999999999
5185.0,1.541,-0.59
5185.25,1.606,-0.55
5185.5,1.558,-0.58
5185.75,1.594,-0.55
5186.0,1.7280000000000002,-0.3888999999999999
5186.25,1.6569999999999998,-0.41517
5186.5,1.6869999999999998,-0.43
5186.75,1.632,-0.53
5187.0,1.534,-0.59
5187.25,1.5699999999999998,-0.57
5187.5,1.629,-0.5389999999999999
5187.75,1.532,-0.62
5188.0,1.595,-0.56
5188.25,1.622,-0.54
5188.5,1.534,-0.59
5188.75,1.598,-0.55
5189.0,2.314,0.0807
5189.25,1.651,-0.49
5189.5,1.5730000000000002,-0.58
5189.75,1.587,-0.59
5190.0,1.543,-0.58
5190.25,1.61,-0.53
5190.5,1.516,-0.57
5190.75,2.138,-0.6
5191.0,2.633,-0.7030000000000001
5191.25,3.3310000000000004,-0.27
5191.5,4.72,0.11
5191.75,7.6,-0.4408
5192.0,16.82,2.028
5192.25,18.79,2.882
5192.5,17.44,1.091
5192.75,17.43,0.4639999999999999
5193.0,18.39,0.996
5193.25,18.87,1.052
5193.5,17.1,-0.2562299999999999
5193.75,16.4,-0.1010999999999999
5194.0,15.69,0.1924999999999999
5194.25,17.380000000000003,1.327
5194.5,15.69,1.15
5194.75,15.7,0.4559999999999999
5195.0,17.27,1.25
5195.25,17.42,0.928
5195.5,15.55,0.789
5195.75,13.86,0.674
5196.0,13.69,0.3455
5196.25,12.89,0.2211
5196.5,14.25,1.326
5196.75,14.35,0.70004
5197.0,14.18,0.937
5197.25,17.84,1.095
5197.5,17.91,-0.4181
5197.75,17.58,-0.74
5198.0,18.44,-0.12
5198.25,17.12,-0.393
5198.5,19.2,-0.0997
5198.75,17.16,-0.852
5199.0,17.38,-0.192
5199.25,15.94,-0.533
5199.5,16.91,0.518
5199.75,16.84,0.6507000000000001
5200.0,12.99,-1.01
5200.25,14.330000000000002,-0.3279
5200.5,14.03,-0.41318
5200.75,14.54,-0.144
5201.0,9.54,-0.6727000000000001
5201.25,6.59,-1.58
5201.5,5.7,-1.47
5201.75,5.22,-1.38
5202.0,4.864,-1.24
5202.25,4.692,-1.29
5202.5,4.572,-1.2
5202.75,4.356,-1.2
5203.0,4.086,-1.1800000000000002
5203.25,4.09,-1.04
5203.5,3.913,-1.05
5203.75,3.881,-1.03
5204.0,3.901,-1.01
5204.25,3.8,-1.07
5204.5,2.96,-0.34481
5204.75,2.0780000000000003,-0.38654
5205.0,1.938,-0.513
5205.25,1.949,-0.493
5205.5,1.705,-0.56
5205.75,1.662,-0.62
5206.0,1.659,-0.65
5206.25,1.613,-0.66
5206.5,1.584,-0.65
5206.75,1.586,-0.66
5207.0,1.633,-0.62
5207.25,1.681,-0.5700000000000001
5207.5,1.61,-0.65
5207.75,1.627,-0.63
5208.0,1.6070000000000002,-0.65
5208.25,1.629,-0.65
5208.5,1.642,-0.6
5208.75,1.6609999999999998,-0.54
5209.0,1.762,-0.46069
5209.25,1.734,-0.478
5209.5,1.6,-0.63
5209.75,1.681,-0.6000000000000001
5210.0,1.617,-0.6399999999999999
5210.25,1.609,-0.6599999999999999
5210.5,1.66,-0.63
5210.75,1.571,-0.69
5211.0,1.601,-0.6699999999999999
5211.25,1.613,-0.6699999999999999
5211.5,1.607,-0.66
5211.75,1.634,-0.64
5212.0,1.612,-0.6799999999999999
5212.25,1.679,-0.563
5212.5,1.743,-0.487
5212.75,1.812,-0.4248
5213.0,1.727,-0.494
5213.25,1.556,-0.71
5213.5,1.647,-0.62
5213.75,1.565,-0.6799999999999999
5214.0,1.613,-0.63
5214.25,1.641,-0.62
5214.5,1.576,-0.66
5214.75,2.994,-0.228
5215.0,2.568,-0.64
5215.25,4.04,-1.1
5215.5,5.68,-0.8600000000000001
5215.75,6.8,-1.69
5216.0,9.24,-1.64
5216.25,11.05,-1.94
5216.5,14.04,-1.44
5216.75,13.41,-2.32
5217.0,13.8,-2.23
5217.25,14.010000000000002,-2.73
5217.5,15.3,-1.61
5217.75,13.890000000000002,-2.6900000000000004
5218.0,14.21,-2.54
5218.25,13.94,-2.06
5218.5,18.009999999999998,-0.377
5218.75,20.59,0.4167
5219.0,17.65,-1.05
5219.25,17.490000000000002,0.2281999999999999
5219.5,16.619999999999997,-0.63
5219.75,16.12,0.619
5220.0,15.25,0.2007
5220.25,13.53,-0.0619999999999999
5220.5,13.47,0.1458
5220.75,13.29,0.63719
5221.0,13.35,0.5560700000000001
5221.25,14.53,0.4984999999999999
5221.5,18.73,0.1648
5221.75,18.72,-0.97
5222.0,18.47,-1.02
5222.25,17.48,-1.154
5222.5,17.72,-1.035
5222.75,18.67,-0.6980000000000001
5223.0,17.27,-1.28
5223.25,17.69,-0.37
5223.5,16.28,-0.887
5223.75,15.73,-1.21
5224.0,16.009999999999998,-0.6890000000000001
5224.25,15.43,-0.92
5224.5,14.48,-0.3831
5224.75,13.38,-0.6319
5225.0,12.25,0.104
5225.25,8.16,-0.5556
5225.5,7.539999999999999,-0.632
5225.75,6.5600000000000005,-0.97
5226.0,5.41,-0.7719
5226.25,4.79,-0.7452000000000001
5226.5,5.16,-0.837
5226.75,5.6,-0.835
5227.0,5.859999999999999,-0.8676
5227.25,5.720000000000001,-0.95
5227.5,6.04,-0.7889999999999999
5227.75,5.94,-0.765
5228.0,5.75,-0.834
5228.25,6.0600000000000005,-0.5880000000000001
5228.5,4.9,0.1089999999999999
5228.75,3.345,-0.32
5229.0,3.656,-0.174
5229.25,3.461,-0.23
5229.5,3.023,-0.284
5229.75,3.02,-0.262
5230.0,3.0,-0.236
5230.25,2.784,-0.235
5230.5,2.985,-0.185
5230.75,2.786,-0.247
5231.0,2.717,-0.302
5231.25,2.642,-0.276
5231.5,2.636,-0.293
5231.75,2.73,-0.327
5232.0,2.772,-0.26
5232.25,2.743,-0.241
5232.5,2.704,-0.183
5232.75,2.843,-0.101
5233.0,2.672,-0.179
5233.25,2.959,-0.0999999999999999
5233.5,2.894,-0.1159999999999999
5233.75,2.803,-0.1599999999999999
5234.0,2.803,-0.144
5234.25,2.707,-0.193
5234.5,2.665,-0.295
5234.75,2.633,-0.31
5235.0,2.729,-0.246
5235.25,2.828,-0.248
5235.5,2.399,-0.3546
5235.75,2.586,-0.3279999999999999
5236.0,2.602,-0.3445
5236.25,2.723,-0.265
5236.5,2.609,-0.321
5236.75,2.545,-0.3519
5237.0,2.596,-0.311
5237.25,2.656,-0.293
5237.5,2.646,-0.3353
5237.75,2.83,-0.155
5238.0,2.738,-0.101
5238.25,2.741,-0.151
5238.5,2.645,-0.189
5238.75,4.178,0.318
5239.0,4.37,-0.0379999999999999
5239.25,5.68,0.7846000000000001
5239.5,6.17,0.301
5239.75,6.75,0.3075
5240.0,10.16,-0.76
5240.25,10.58,-1.59
5240.5,13.96,-0.399
5240.75,12.53,-2.46
5241.0,14.02,-2.17
5241.25,13.66,-1.78
5241.5,14.61,-1.74
5241.75,14.13,-2.4000000000000004
5242.0,15.27,-2.48
5242.25,15.76,-1.7
5242.5,17.86,-1.85
5242.75,17.060000000000002,-2.75
5243.0,16.09,-1.79
5243.25,15.01,-1.94
5243.5,15.31,-1.5599999999999998
5243.75,14.04,-1.81
5244.0,12.37,-1.57
5244.25,10.46,-1.51
5244.5,11.05,-1.46
5244.75,11.510000000000002,-1.56
5245.0,12.58,-0.73
5245.25,13.99,-0.1735999999999999
5245.5,13.919999999999998,-1.12
5245.75,14.98,-2.5
5246.0,15.310000000000002,-2.27
5246.25,15.84,-2.53
5246.5,15.290000000000004,-2.62
5246.75,14.51,-2.45
5247.0,13.64,-2.79
5247.25,15.02,-1.48
5247.5,14.34,-1.7999999999999998
5247.75,14.04,-2.23
5248.0,14.33,-1.9
5248.25,13.63,-2.38
5248.5,13.56,-2.33
5248.75,12.4,-2.6
5249.0,8.379999999999999,-1.78
5249.25,6.58,-1.31
5249.5,6.209999999999999,-1.48
5249.75,5.760000000000001,-1.38
5250.0,4.516,-1.13
5250.25,4.159,-1.07
5250.5,4.01,-0.92
5250.75,4.0600000000000005,-1.01
5251.0,4.07,-1.08
5251.25,4.45,-1.1
5251.5,4.398,-1.13
5251.75,4.375,-1.13
5252.0,4.45,-1.07
5252.25,4.26,-0.5680000000000001
5252.5,2.644,-0.81
5252.75,2.693,-0.66
5253.0,2.747,-0.69
5253.25,2.578,-0.7
5253.5,2.294,-0.68
5253.75,2.039,-0.62
5254.0,2.056,-0.62
5254.25,2.068,-0.61
5254.5,1.903,-0.6000000000000001
5254.75,1.77,-0.5900000000000001
5255.0,1.734,-0.6100000000000001
5255.25,1.759,-0.5800000000000001
5255.5,1.808,-0.53
5255.75,1.804,-0.55
5256.0,1.707,-0.6100000000000001
5256.25,1.75,-0.6000000000000001
5256.5,1.753,-0.5900000000000001
5256.75,1.71,-0.6300000000000001
5257.0,1.752,-0.5800000000000001
5257.25,1.7539999999999998,-0.5900000000000001
5257.5,1.754,-0.5800000000000001
5257.75,1.812,-0.54
5258.0,1.7680000000000002,-0.56
5258.25,1.783,-0.5800000000000001
5258.5,1.859,-0.55
5258.75,1.729,-0.5800000000000001
5259.0,1.7719999999999998,-0.56
5259.25,1.793,-0.54
5259.5,1.7040000000000002,-0.6000000000000001
5259.75,1.878,-0.416
5260.0,1.762,-0.56
5260.25,1.731,-0.5800000000000001
5260.5,1.831,-0.51
5260.75,1.805,-0.54
5261.0,1.7879999999999998,-0.55
5261.25,1.783,-0.56
5261.5,1.6789999999999998,-0.6100000000000001
5261.75,1.7320000000000002,-0.5800000000000001
5262.0,1.794,-0.53
5262.25,1.706,-0.5800000000000001
5262.5,1.708,-0.5700000000000001
5262.75,4.181,0.833
5263.0,3.422,0.0474
5263.25,4.19,-0.8699999999999999
5263.5,4.79,-0.453
5263.75,4.866,-0.79
5264.0,9.09,-0.71
5264.25,14.68,-0.252
5264.5,20.26,0.48
5264.75,17.009999999999998,-1.63
5265.0,15.54,-2.34
5265.25,15.79,-2.41
5265.5,16.39,-2.1
5265.75,16.27,-1.91
5266.0,17.55,-1.2000000000000002
5266.25,12.94,-2.08
5266.5,14.57,-1.95
5266.75,17.5,-0.62
5267.0,16.54,-1.05
5267.25,18.1,-0.386
5267.5,16.810000000000002,0.3994
5267.75,15.93,-0.02
5268.0,14.420000000000002,-0.037
5268.25,16.25,2.066
5268.5,13.9,1.116
5268.75,12.82,-0.1656699999999999
5269.0,16.509999999999998,1.295
5269.25,15.59,0.4616
5269.5,16.060000000000002,1.06
5269.75,14.55,-0.82
5270.0,16.869999999999997,0.0891
5270.25,16.29,-0.007
5270.5,16.97,0.283
5270.75,16.66,0.507
5271.0,15.28,0.503
5271.25,16.8,0.884
5271.5,16.6,0.5710999999999999
5271.75,14.82,-0.1893
5272.0,13.71,0.15507
5272.25,13.84,0.169
5272.5,14.12,0.5537000000000001
5272.75,13.52,0.476
5273.0,6.76,-0.7300000000000001
5273.25,3.842,-1.05
5273.5,3.59,-1.04
5273.75,3.583,-1.06
5274.0,3.467,-0.8800000000000001
5274.25,3.486,-0.779
5274.5,3.434,-0.831
5274.75,3.332,-0.99
5275.0,3.271,-1.03
5275.25,3.284,-0.96
5275.5,3.19,-0.8900000000000001
5275.75,3.135,-0.98
5276.0,3.341,-0.95
5276.25,3.415,-0.87
5276.5,2.458,-0.65
5276.75,1.988,-0.6
5277.0,1.778,-0.54
5277.25,1.676,-0.48
5277.5,1.612,-0.55
5277.75,1.657,-0.52
5278.0,1.577,-0.6
5278.25,1.663,-0.504
5278.5,1.743,-0.4039
5278.75,1.664,-0.447
5279.0,1.611,-0.57
5279.25,1.632,-0.57
5279.5,1.651,-0.5599999999999999
5279.75,1.669,-0.53
5280.0,1.66,-0.54
5280.25,1.666,-0.52
5280.5,1.5799999999999998,-0.58
5280.75,1.635,-0.55
5281.0,1.592,-0.58
5281.25,1.5679999999999998,-0.59
5281.5,1.675,-0.53
5281.75,1.562,-0.61
5282.0,1.5969999999999998,-0.59
5282.25,1.6469999999999998,-0.56
5282.5,1.569,-0.61
5282.75,1.693,-0.453
5283.0,1.7759999999999998,-0.3686
5283.25,1.736,-0.407
5283.5,1.632,-0.5499999999999999
5283.75,1.5969999999999998,-0.6
5284.0,1.6049999999999998,-0.58
5284.25,1.5599999999999998,-0.61
5284.5,1.643,-0.55
5284.75,1.556,-0.62
5285.0,1.598,-0.5599999999999999
5285.25,1.644,-0.56
5285.5,1.5830000000000002,-0.61
5285.75,1.65,-0.53
5286.0,1.65,-0.51
5286.25,1.6029999999999998,-0.59
5286.5,1.5929999999999995,-0.58
5286.75,1.614,-0.5599999999999999
5287.0,1.588,-0.58
5287.25,1.5699999999999998,-0.57
5287.5,1.7950000000000002,-0.3688
5287.75,1.688,-0.427
5288.0,1.614,-0.53
5288.25,1.658,-0.58
5288.5,1.642,-0.5
5288.75,1.69,-0.43
5289.0,1.621,-0.49
5289.25,1.67,-0.5
5289.5,1.553,-0.58
5289.75,1.579,-0.58
5290.0,1.6109999999999998,-0.57
5290.25,1.567,-0.59
5290.5,1.6,-0.5599999999999999
5290.75,1.5889999999999995,-0.5599999999999999
5291.0,1.5929999999999995,-0.57
5291.25,1.563,-0.59
5291.5,1.6769999999999998,-0.52
5291.75,1.645,-0.53
5292.0,1.661,-0.48
5292.25,1.787,-0.3548
5292.5,1.99,-0.518
5292.75,1.998,-0.56
5293.0,1.959,-0.6299999999999999
5293.25,1.953,-0.6399999999999999
5293.5,1.921,-0.6699999999999999
5293.75,2.271,-0.64
5294.0,2.414,-0.69
5294.25,2.5,-0.7
5294.5,2.9250000000000003,-0.63
5294.75,2.5010000000000003,-0.71
5295.0,2.587,-0.6799999999999999
5295.25,2.595,-0.63
5295.5,2.469,-0.75
5295.75,2.534,-0.72
5296.0,2.818,-0.69
5296.25,5.1930000000000005,1.12
5296.5,5.165,1.02
5296.75,4.912,0.7410000000000001
5297.0,4.422,0.247
5297.25,4.009,0.0299999999999999
5297.5,5.167,0.93
5297.75,4.158,0.24
5298.0,2.863,-0.3639
5298.25,3.4030000000000005,0.503
5298.5,2.02,-0.64
5298.75,1.6130000000000002,-0.51
5299.0,1.517,-0.5499999999999999
5299.25,1.6,-0.52
5299.5,1.5159999999999998,-0.6000000000000001
5299.75,1.625,-0.49
5300.0,1.631,-0.5
5300.25,1.506,-0.57
5300.5,1.535,-0.59
5300.75,1.58,-0.5599999999999999
5301.0,1.6070000000000002,-0.451
5301.25,1.664,-0.363
5301.5,1.709,-0.3615
5301.75,1.607,-0.4649999999999999
5302.0,1.524,-0.56
5302.25,1.664,-0.46
5302.5,1.5339999999999998,-0.5700000000000001
5302.75,1.542,-0.58
5303.0,1.587,-0.54
5303.25,1.5399999999999998,-0.57
5303.5,1.5279999999999998,-0.59
5303.75,1.551,-0.58
5304.0,1.573,-0.56
5304.25,1.542,-0.61
5304.5,1.575,-0.5599999999999999
5304.75,1.561,-0.5599999999999999
5305.0,1.576,-0.55
5305.25,1.632,-0.51
5305.5,1.566,-0.55
5305.75,1.603,-0.501
5306.0,1.631,-0.438
5306.25,1.681,-0.40462
5306.5,1.545,-0.55
5306.75,1.5699999999999998,-0.55
5307.0,1.582,-0.55
5307.25,1.53,-0.57
5307.5,1.565,-0.54
5307.75,1.563,-0.57
5308.0,1.572,-0.55
5308.25,1.565,-0.54
5308.5,1.6,-0.54
5308.75,1.51,-0.6
5309.0,1.535,-0.57
5309.25,1.539,-0.57
5309.5,1.57,-0.54
5309.75,1.5439999999999998,-0.57
5310.0,1.527,-0.59
5310.25,1.624,-0.52
5310.5,1.523,-0.61
5310.75,1.563,-0.54
5311.0,1.725,-0.33
5311.25,1.724,-0.34526
5311.5,1.561,-0.53
5311.75,1.609,-0.51
5312.0,1.516,-0.59
5312.25,1.566,-0.56
5312.5,1.561,-0.5499999999999999
5312.75,1.574,-0.5599999999999999
5313.0,1.558,-0.59
5313.25,1.61,-0.4619999999999999
5313.5,1.622,-0.4579999999999999
5313.75,1.5519999999999998,-0.53
5314.0,1.582,-0.54
5314.25,1.572,-0.54
5314.5,1.561,-0.54
5314.75,1.511,-0.59
5315.0,1.598,-0.53
5315.25,1.518,-0.57
5315.5,1.563,-0.55
5315.75,1.5510000000000002,-0.57
5316.0,1.661,-0.409615
5316.25,1.633,-0.42
5316.5,1.644,-0.453
5316.75,1.582,-0.54
5317.0,3.224,-1.17
5317.25,3.285,-1.1700000000000002
5317.5,3.249,-1.21
5317.75,3.53,-1.3
5318.0,3.508,-1.36
5318.25,3.9,-1.32
5318.5,3.82,-1.4
5318.75,3.8,-1.36
5319.0,3.82,-1.34
5319.25,3.64,-1.35
5319.5,3.109,-0.41
5319.75,1.755,-0.5599999999999999
5320.0,1.803,-0.51
5320.25,1.695,-0.6000000000000001
5320.5,1.756,-0.58
5320.75,1.67,-0.62
5321.0,1.707,-0.58
5321.25,1.82,-0.5700000000000001
5321.5,1.726,-0.6
5321.75,1.7339999999999998,-0.58
5322.0,1.6860000000000002,-0.62
5322.25,1.749,-0.57
5322.5,1.772,-0.59
5322.75,1.825,-0.54
5323.0,1.804,-0.55
5323.25,1.711,-0.6
5323.5,1.785,-0.5599999999999999
5323.75,1.7060000000000002,-0.6
5324.0,1.7419999999999998,-0.58
5324.25,1.731,-0.61
5324.5,1.737,-0.6
5324.75,1.734,-0.6
5325.0,1.7619999999999998,-0.57
5325.25,1.816,-0.61
5325.5,1.761,-0.52
5325.75,1.896,-0.421
5326.0,1.736,-0.55
5326.25,1.726,-0.57
5326.5,1.727,-0.57
5326.75,1.757,-0.5599999999999999
5327.0,1.7259999999999998,-0.59
5327.25,1.692,-0.61
5327.5,1.7699999999999998,-0.57
5327.75,1.6809999999999998,-0.64
5328.0,1.7739999999999998,-0.57
5328.25,1.702,-0.6200000000000001
5328.5,1.77,-0.55
5328.75,1.7759999999999998,-0.5700000000000001
5329.0,1.737,-0.6
5329.25,1.712,-0.59
5329.5,1.711,-0.59
5329.75,1.707,-0.59
5330.0,1.753,-0.508
5330.25,1.833,-0.45
5330.5,1.725,-0.54
5330.75,1.713,-0.59
5331.0,1.698,-0.6
5331.25,1.755,-0.55
5331.5,1.774,-0.53
5331.75,1.676,-0.61
5332.0,1.756,-0.57
5332.25,1.663,-0.63
5332.5,1.715,-0.58
5332.75,1.723,-0.59
5333.0,1.711,-0.6
5333.25,1.691,-0.6
5333.5,4.46,-0.0316
5333.75,4.38,-1.2
5334.0,5.7,-0.1632
5334.25,5.5,-0.392
5334.5,4.19,-1.37
5334.75,5.59,-0.6900000000000001
5335.0,5.510000000000001,-1.22
5335.25,6.08,-1.4899999999999998
5335.5,7.08,-1.49
5335.75,10.61,-0.487
5336.0,12.14,-2.42
5336.25,19.93,-2.37
5336.5,19.42,-2.4
5336.75,19.99,-2.9800000000000004
5337.0,23.72,-1.21
5337.25,24.19,-1.41
5337.5,25.81,-0.579
5337.75,25.83,-0.6224000000000001
5338.0,25.96,-0.6997
5338.25,29.58,1.347
5338.5,35.1,0.8200000000000001
5338.75,30.87,-1.45
5339.0,30.35,-1.1
5339.25,27.66,-1.27
5339.5,25.04,-0.477
5339.75,22.0,-1.18
5340.0,21.07,-1.26
5340.25,21.35,-0.6799999999999999
5340.5,19.6,0.122
5340.75,19.08,0.229
5341.0,18.84,1.444
5341.25,17.549999999999997,0.47
5341.5,17.92,1.011
5341.75,18.35,0.2613
5342.0,18.56,-0.4175
5342.25,18.03,-0.4513999999999999
5342.5,19.62,0.2358
5342.75,18.56,-0.3115
5343.0,20.4,0.738
5343.25,18.62,-0.0239999999999999
5343.5,17.14,-0.115
5343.75,16.67,0.106
5344.0,16.240000000000002,-0.1607
5344.25,15.08,-0.0669999999999999
5344.5,15.02,0.0187999999999999
5344.75,16.049999999999997,0.3517
5345.0,10.39,-0.635
5345.25,8.899999999999999,-1.32
5345.5,9.45,-0.93
5345.75,8.05,-1.11
5346.0,8.76,-0.742
5346.25,6.869999999999999,-1.0
5346.5,5.19,-1.28
5346.75,6.07,-0.937
5347.0,4.861,-1.14
5347.25,5.2,-0.753
5347.5,3.923,-0.98
5347.75,4.32,-0.881
5348.0,5.22,-0.685
5348.25,3.2,-0.56517
5348.5,1.76,-0.54
5348.75,2.363,-0.37368
5349.0,2.623,-0.29
5349.25,1.602,-0.55
5349.5,1.94,-0.447
5349.75,2.403,-0.346
5350.0,3.186,-0.103
5350.25,1.701,-0.39
5350.5,3.08,-0.0872
5350.75,2.782,-0.245
5351.0,1.5639999999999998,-0.52
5351.25,1.603,-0.53
5351.5,3.03,-0.118
5351.75,2.073,-0.43
5352.0,2.843,-0.198
5352.25,2.571,-0.327
5352.5,1.548,-0.58
5352.75,3.355,0.001
5353.0,1.612,-0.54
5353.25,2.809,-0.208
5353.5,2.0580000000000003,-0.436
5353.75,1.948,-0.4609999999999999
5354.0,2.885,-0.2339999999999999
5354.25,2.722,-0.232
5354.5,3.1950000000000003,-0.105
5354.75,3.58,0.0169
5355.0,2.735,-0.246
5355.25,2.635,-0.293
5355.5,2.723,-0.275
5355.75,2.9000000000000004,-0.178
5356.0,2.8720000000000003,-0.157
5356.25,3.555,0.0015
5356.5,3.106,-0.147
5356.75,3.49,-0.0353
5357.0,2.708,-0.242
5357.25,2.6620000000000004,-0.24
5357.5,2.963,-0.216
5357.75,2.6130000000000004,-0.308
5358.0,2.801,-0.24
5358.25,3.658,0.071
5358.5,3.458,-0.0159999999999999
5358.75,4.366,0.0619999999999999
5359.0,5.67,0.7811
5359.25,5.17,-0.002
5359.5,5.35,0.035
5359.75,6.66,0.5539000000000001
5360.0,7.26,-1.51
5360.25,13.51,1.061
5360.5,19.79,-1.33
5360.75,19.68,-2.85
5361.0,21.22,-2.0
5361.25,21.46,-2.21
5361.5,20.09,-3.2
5361.75,21.78,-1.34
5362.0,23.28,-0.2858
5362.25,22.0,0.8312
5362.5,20.16,0.186
5362.75,21.880000000000003,0.049
5363.0,20.58,-0.8400000000000001
5363.25,21.23,-0.69
5363.5,19.29,-0.92
5363.75,17.47,-1.22
5364.0,16.14,0.7064
5364.25,13.89,0.0119999999999999
5364.5,16.3,1.75
5364.75,15.94,0.6787
5365.0,16.24,0.605
5365.25,17.79,1.666
5365.5,18.75,1.009
5365.75,19.0,-0.1099
5366.0,18.74,-1.03
5366.25,19.64,-0.513
5366.5,19.84,-0.401
5366.75,18.79,-0.4639999999999999
5367.0,19.2,0.1972
5367.25,19.31,0.4713299999999999
5367.5,18.1,-0.0879999999999999
5367.75,17.47,-0.273
5368.0,17.28,-0.288
5368.25,16.66,-0.1471
5368.5,15.48,-0.3245
5368.75,16.169999999999998,0.0959999999999999
5369.0,11.73,0.159
5369.25,9.36,-0.7525
5369.5,6.629999999999999,-1.1700000000000002
5369.75,5.41,-1.21
5370.0,5.12,-1.031
5370.25,4.96,-1.11
5370.5,4.92,-1.0499999999999998
5370.75,5.29,-1.27
5371.0,5.27,-1.19
5371.25,4.930000000000001,-1.2
5371.5,3.523,-0.99
5371.75,3.167,-0.86
5372.0,3.064,-0.8600000000000001
5372.25,3.078,-0.8700000000000001
5372.5,3.135,-0.8900000000000001
5372.75,2.981,-0.8400000000000001
5373.0,3.262,-0.79
5373.25,2.8360000000000003,-0.76
5373.5,2.462,-0.73
5373.75,2.433,-0.73
5374.0,2.542,-0.66
5374.25,2.774,-0.221
5374.5,2.202,-0.477
5374.75,2.277,-0.432
5375.0,2.196,-0.48
5375.25,2.151,-0.61
5375.5,2.165,-0.59
5375.75,2.25,-0.45
5376.0,2.244,-0.449
5376.25,2.17,-0.58
5376.5,2.111,-0.62
5376.75,2.106,-0.61
5377.0,2.152,-0.58
5377.25,2.138,-0.59
5377.5,2.127,-0.59
5377.75,2.188,-0.58
5378.0,2.081,-0.66
5378.25,2.155,-0.63
5378.5,2.173,-0.5700000000000001
5378.75,2.221,-0.4600000000000001
5379.0,2.244,-0.45
5379.25,2.215,-0.5
5379.5,2.111,-0.61
5379.75,2.072,-0.63
5380.0,2.167,-0.59
5380.25,2.079,-0.63
5380.5,2.095,-0.63
5380.75,2.139,-0.59
5381.0,2.075,-0.63
5381.25,2.1710000000000003,-0.56
5381.5,2.153,-0.5900000000000001
5381.75,2.121,-0.59
5382.0,2.095,-0.6
5382.25,2.131,-0.59
5382.5,2.07,-0.64
5382.75,3.648,-0.225
5383.0,4.3100000000000005,0.0978
5383.25,6.15,0.024
5383.5,6.84,-0.3634
5383.75,8.059999999999999,-1.42
5384.0,12.4,-0.98
5384.25,24.25,2.723
5384.5,20.44,0.714
5384.75,20.03,1.898
5385.0,20.04,1.195
5385.25,22.58,1.853
5385.5,19.06,0.09305
5385.75,18.49,-0.3657
5386.0,21.35,1.2
5386.25,18.71,1.05
5386.5,20.44,0.2310999999999999
5386.75,19.23,-0.136
5387.0,20.51,0.222
5387.25,20.29,0.1709999999999999
5387.5,18.25,-0.4961
5387.75,18.17,0.173
5388.0,16.77,1.024
5388.25,15.419999999999998,0.6249
5388.5,14.85,-0.0491999999999999
5388.75,14.85,-0.312
5389.0,15.55,-0.421
5389.25,17.98,1.17
5389.5,19.84,0.1
5389.75,19.93,-0.72
5390.0,20.12,-0.465
5390.25,19.08,-1.02
5390.5,18.92,-1.4
5390.75,18.83,-0.915
5391.0,16.78,-1.2000000000000002
5391.25,17.87,-0.453
5391.5,18.79,0.1066999999999999
5391.75,17.58,-0.4316
5392.0,16.35,-1.08
5392.25,16.22,-0.92
5392.5,15.43,-0.217
5392.75,14.47,-0.4548
5393.0,8.19,-1.25
5393.25,6.96,-0.96
5393.5,6.39,-1.25
5393.75,5.85,-1.28
5394.0,6.18,-0.6841
5394.25,5.639,-0.8170000000000001
5394.5,4.644,-1.11
5394.75,4.418,-1.09
5395.0,4.299,-1.09
5395.25,4.104,-1.03
5395.5,4.28,-1.01
5395.75,4.220000000000001,-0.94
5396.0,4.12,-0.414
5396.25,2.526,-0.5900000000000001
5396.5,2.638,-0.6000000000000001
5396.75,2.5620000000000003,-0.6699999999999999
5397.0,2.407,-0.5800000000000001
5397.25,2.184,-0.58
5397.5,2.138,-0.61
5397.75,2.184,-0.58
5398.0,2.066,-0.56
5398.25,1.6800000000000002,-0.5
5398.5,1.6709999999999998,-0.49
5398.75,1.659,-0.49
5399.0,1.772,-0.4
5399.25,1.659,-0.48
5399.5,1.6350000000000002,-0.53
5399.75,1.7599999999999998,-0.425
5400.0,1.688,-0.449
5400.25,1.665,-0.4619999999999999
5400.5,1.696,-0.479
5400.75,1.614,-0.515
5401.0,1.739,-0.46
5401.25,1.697,-0.461
5401.5,1.7240000000000002,-0.436
5401.75,1.679,-0.476
5402.0,1.652,-0.53
5402.25,1.628,-0.52
5402.5,1.585,-0.54
5402.75,1.707,-0.49
5403.0,1.65,-0.51
5403.25,1.599,-0.54
5403.5,1.7279999999999998,-0.51
5403.75,1.596,-0.55
5404.0,1.709,-0.47
5404.25,1.783,-0.45
5404.5,1.628,-0.53
5404.75,1.6800000000000002,-0.5
5405.0,1.644,-0.54
5405.25,1.669,-0.51
5405.5,1.6869999999999998,-0.47
5405.75,1.663,-0.505
5406.0,1.667,-0.48
5406.25,1.6829999999999998,-0.5
5406.5,1.6820000000000002,-0.49
5406.75,2.345,-0.53
5407.0,2.906,-0.68
5407.25,3.392,-0.74
5407.5,4.37,0.1243
5407.75,4.779999999999999,-0.079
5408.0,8.229999999999999,-0.3392
5408.25,10.4,-1.33
5408.5,15.28,-0.4599999999999999
5408.75,14.7,-1.84
5409.0,15.07,-2.09
5409.25,14.3,-2.45
5409.5,16.49,-1.08
5409.75,15.920000000000002,-2.36
5410.0,16.36,-1.62
5410.25,18.26,-0.295
5410.5,20.43,0.3399999999999999
5410.75,23.3,0.6337999999999999
5411.0,22.56,-0.0775
5411.25,20.8,-0.7200000000000001
5411.5,20.56,-0.3057999999999999
5411.75,19.6,-0.3490999999999999
5412.0,18.27,0.323
5412.25,14.37,-0.1594
5412.5,18.54,2.385
5412.75,16.48,0.62
5413.0,14.96,0.0614
5413.25,16.14,0.7809999999999999
5413.5,17.31,0.8550000000000001
5413.75,22.62,-0.3833
5414.0,20.51,-0.431
5414.25,20.64,-0.67
5414.5,21.42,0.1227
5414.75,19.39,-0.96
5415.0,22.37,-0.1099999999999999
5415.25,22.93,1.314
5415.5,21.5,0.552
5415.75,20.7,-0.178
5416.0,18.13,-0.8700000000000001
5416.25,17.96,0.395
5416.5,15.88,-0.79
5416.75,17.79,0.1671
5417.0,14.57,-0.95
5417.25,9.53,-1.88
5417.5,7.859999999999999,-1.25
5417.75,7.54,-1.16
5418.0,6.41,-1.41
5418.25,4.478,-1.03
5418.5,3.861,-0.8699999999999999
5418.75,3.862,-0.8799999999999999
5419.0,3.819,-0.93
5419.25,3.834,-0.8599999999999999
5419.5,3.812,-0.91
5419.75,3.841,-0.8799999999999999
5420.0,3.866,-0.86
5420.25,3.913,-0.84
5420.5,3.7,0.25063
5420.75,2.701,-0.0926
5421.0,2.239,-0.6
5421.25,1.996,-0.62
5421.5,1.892,-0.53
5421.75,1.816,-0.62
5422.0,1.842,-0.59
5422.25,1.556,-0.48
5422.5,1.46,-0.55
5422.75,1.503,-0.53
5423.0,1.559,-0.48
5423.25,1.5579999999999998,-0.4600000000000001
5423.5,1.467,-0.57
5423.75,1.585,-0.53
5424.0,1.496,-0.53
5424.25,1.506,-0.452
5424.5,1.5650000000000002,-0.44
5424.75,1.452,-0.53
5425.0,1.491,-0.51
5425.25,1.462,-0.56
5425.5,1.484,-0.53
5425.75,1.433,-0.57
5426.0,1.5679999999999998,-0.48
5426.25,1.534,-0.49
5426.5,1.434,-0.5700000000000001
5426.75,1.5240000000000002,-0.51
5427.0,1.4400000000000002,-0.5700000000000001
5427.25,1.472,-0.53
5427.5,1.473,-0.55
5427.75,1.503,-0.51
5428.0,1.554,-0.402
5428.25,1.614,-0.3725
5428.5,1.495,-0.52
5428.75,1.4489999999999998,-0.56
5429.0,1.521,-0.49
5429.25,1.495,-0.5
5429.5,1.465,-0.54
5429.75,1.438,-0.5700000000000001
5430.0,1.54,-0.51
5430.25,1.438,-0.5700000000000001
5430.5,1.479,-0.54
5430.75,1.502,-0.52
5431.0,1.453,-0.54
5431.25,1.475,-0.54
5431.5,1.497,-0.53
5431.75,1.506,-0.51
5432.0,1.473,-0.54
5432.25,1.595,-0.44
5432.5,1.4540000000000002,-0.54
5432.75,1.4860000000000002,-0.53
5433.0,1.4420000000000002,-0.5700000000000001
5433.25,1.488,-0.52
5433.5,1.4269999999999998,-0.54
5433.75,1.468,-0.55
5434.0,1.478,-0.52
5434.25,1.43,-0.56
5434.5,1.464,-0.52
5434.75,1.467,-0.56
5435.0,1.46,-0.55
5435.25,1.4659999999999995,-0.52
5435.5,1.5670000000000002,-0.46
5435.75,1.444,-0.5700000000000001
5436.0,1.489,-0.55
5436.25,1.548,-0.58
5436.5,1.534,-0.448
5436.75,1.488,-0.49
5437.0,1.519,-0.5
5437.25,1.464,-0.53
5437.5,1.442,-0.59
5437.75,1.49,-0.55
5438.0,1.4740000000000002,-0.56
5438.25,1.508,-0.52
5438.5,1.488,-0.53
5438.75,1.5450000000000002,-0.51
5439.0,1.4420000000000002,-0.5800000000000001
5439.25,1.467,-0.56
5439.5,1.485,-0.55
5439.75,1.481,-0.54
5440.0,1.519,-0.469
5440.25,1.623,-0.3897
5440.5,1.503,-0.49
5440.75,1.4360000000000002,-0.5700000000000001
5441.0,1.503,-0.51
5441.25,1.47,-0.55
5441.5,1.529,-0.48
5441.75,1.503,-0.53
5442.0,1.4980000000000002,-0.52
5442.25,1.427,-0.5700000000000001
5442.5,1.517,-0.54
5442.75,1.4760000000000002,-0.55
5443.0,1.501,-0.51
5443.25,1.459,-0.56
5443.5,1.525,-0.52
5443.75,1.495,-0.54
5444.0,1.462,-0.56
5444.25,1.564,-0.49
5444.5,1.52,-0.52
5444.75,1.5659999999999998,-0.46
5445.0,1.5119999999999998,-0.52
5445.25,1.501,-0.54
5445.5,1.458,-0.56
5445.75,1.497,-0.53
5446.0,1.45,-0.56
5446.25,1.469,-0.54
5446.5,1.459,-0.53
5446.75,1.494,-0.54
5447.0,1.505,-0.53
5447.25,1.495,-0.54
5447.5,1.607,-0.46
5447.75,1.435,-0.57
5448.0,1.471,-0.54
5448.25,1.481,-0.54
5448.5,1.536,-0.57
5448.75,1.507,-0.53
5449.0,1.59,-0.433
5449.25,1.486,-0.52
5449.5,1.485,-0.52
5449.75,1.5510000000000002,-0.51
5450.0,1.451,-0.6
5450.25,1.531,-0.51
5450.5,1.489,-0.55
5450.75,1.5459999999999998,-0.52
5451.0,1.441,-0.6
5451.25,1.498,-0.55
5451.5,1.482,-0.5700000000000001
5451.75,1.481,-0.56
5452.0,1.437,-0.59
5452.25,1.536,-0.54
5452.5,1.545,-0.44
5452.75,1.591,-0.3963
5453.0,1.501,-0.52
5453.25,1.521,-0.52
5453.5,1.528,-0.51
5453.75,1.457,-0.5700000000000001
5454.0,1.519,-0.53
5454.25,1.441,-0.59
5454.5,1.489,-0.54
5454.75,1.489,-0.55
5455.0,1.489,-0.53
5455.25,1.476,-0.56
5455.5,1.5160000000000002,-0.5
5455.75,1.62,-0.6
5456.0,1.703,-0.5599999999999999
5456.25,1.735,-0.54
5456.5,1.742,-0.53
5456.75,1.644,-0.6
5457.0,2.557,-0.6200000000000001
5457.25,2.088,-0.6400000000000001
5457.5,2.091,-0.67
5457.75,2.16,-0.68
5458.0,2.277,-0.69
5458.25,2.282,-0.7
5458.5,2.29,-0.72
5458.75,2.4210000000000003,-0.65
5459.0,3.153,-0.2239999999999999
5459.25,2.308,-0.6299999999999999
5459.5,2.215,-0.7
5459.75,2.18,-0.6400000000000001
5460.0,2.055,-0.71
5460.25,2.182,-0.66
5460.5,2.127,-0.6500000000000001
5460.75,2.117,-0.71
5461.0,2.148,-0.6200000000000001
5461.25,2.176,-0.583
5461.5,2.083,-0.436
5461.75,1.827,-0.5800000000000001
5462.0,1.935,-0.5
5462.25,1.807,-0.6000000000000001
5462.5,1.815,-0.6000000000000001
5462.75,1.839,-0.5900000000000001
5463.0,1.779,-0.63
5463.25,1.792,-0.63
5463.5,1.769,-0.6599999999999999
5463.75,1.832,-0.62
5464.0,1.782,-0.65
5464.25,1.883,-0.4247999999999999
5464.5,1.573,-0.39571
5464.75,1.552,-0.47
5465.0,1.5850000000000002,-0.46
5465.25,1.4940000000000002,-0.55
5465.5,2.081,-0.0728
5465.75,1.49,-0.55
5466.0,1.51,-0.51
5466.25,1.444,-0.55
5466.5,1.493,-0.52
5466.75,1.466,-0.54
5467.0,1.444,-0.56
5467.25,1.533,-0.52
5467.5,1.507,-0.52
5467.75,1.632,-0.44
5468.0,1.4980000000000002,-0.52
5468.25,1.526,-0.52
5468.5,1.461,-0.5700000000000001
5468.75,1.464,-0.56
5469.0,1.52,-0.51
5469.25,1.429,-0.57
5469.5,1.471,-0.55
5469.75,1.484,-0.55
5470.0,1.481,-0.55
5470.25,1.452,-0.56
5470.5,1.569,-0.47
5470.75,1.532,-0.51
5471.0,1.461,-0.57
5471.25,1.537,-0.51
5471.5,1.461,-0.57
5471.75,1.505,-0.54
5472.0,1.481,-0.56
5472.25,1.48,-0.55
5472.5,1.482,-0.55
5472.75,1.489,-0.5700000000000001
5473.0,1.532,-0.54
5473.25,1.505,-0.55
5473.5,1.653,-0.38
5473.75,1.587,-0.458
5474.0,1.545,-0.52
5474.25,1.549,-0.5
5474.5,1.474,-0.5599999999999999
5474.75,1.529,-0.52
5475.0,1.476,-0.58
5475.25,1.56,-0.472
5475.5,1.5640000000000005,-0.44
5475.75,1.612,-0.415
5476.0,1.537,-0.52
5476.25,1.465,-0.58
5476.5,1.58,-0.49
5476.75,1.5869999999999995,-0.5
5477.0,1.528,-0.53
5477.25,1.478,-0.5700000000000001
5477.5,1.521,-0.55
5477.75,1.479,-0.5700000000000001
5478.0,1.521,-0.51
5478.25,1.558,-0.49
5478.5,1.471,-0.57
5478.75,1.526,-0.53
5479.0,1.515,-0.52
5479.25,1.511,-0.54
5479.5,1.5,-0.54
5479.75,1.597,-0.47
5480.0,1.515,-0.5499999999999999
5480.25,1.5,-0.5800000000000001
5480.5,1.549,-0.53
5480.75,1.454,-0.59
5481.0,1.48,-0.55
5481.25,1.53,-0.55
5481.5,1.509,-0.53
5481.75,1.495,-0.56
5482.0,1.618,-0.387
5482.25,1.499,-0.53
5482.5,1.472,-0.5499999999999999
5482.75,1.575,-0.47
5483.0,1.481,-0.54
5483.25,1.471,-0.54
5483.5,1.4500000000000002,-0.5700000000000001
5483.75,1.522,-0.5
5484.0,1.477,-0.54
5484.25,1.447,-0.56
5484.5,1.489,-0.53
5484.75,1.436,-0.57
5485.0,1.494,-0.52
5485.25,1.477,-0.54
5485.5,1.5439999999999998,-0.53
5485.75,1.601,-0.391
5486.0,1.601,-0.37
5486.25,1.618,-0.3574
5486.5,1.587,-0.397
5486.75,1.5339999999999998,-0.5
5487.0,1.489,-0.52
5487.25,1.485,-0.52
5487.5,1.533,-0.5
5487.75,1.455,-0.54
5488.0,1.48,-0.55
5488.25,1.472,-0.54
5488.5,1.495,-0.52
5488.75,1.539,-0.49
5489.0,1.481,-0.56
5489.25,1.4620000000000002,-0.55
5489.5,1.449,-0.56
5489.75,1.5059999999999998,-0.52
5490.0,1.537,-0.51
5490.25,1.471,-0.53
5490.5,1.484,-0.52
5490.75,1.447,-0.55
5491.0,1.542,-0.51
5491.25,1.515,-0.51
5491.5,1.488,-0.51
5491.75,1.52,-0.5
5492.0,1.531,-0.477
5492.25,1.496,-0.51
5492.5,1.548,-0.5
5492.75,1.485,-0.56
5493.0,1.483,-0.54
5493.25,1.525,-0.52
5493.5,1.46,-0.56
5493.75,1.521,-0.51
5494.0,1.506,-0.53
5494.25,1.559,-0.49
5494.5,1.5590000000000002,-0.48
5494.75,1.486,-0.54
5495.0,1.473,-0.54
5495.25,1.584,-0.4048
5495.5,1.588,-0.3913
5495.75,1.4919999999999998,-0.52
5496.0,1.502,-0.53
5496.25,1.501,-0.53
5496.5,1.49,-0.53
5496.75,1.516,-0.52
5497.0,1.575,-0.5
5497.25,1.5419999999999998,-0.51
5497.5,1.605,-0.404
5497.75,1.527,-0.49
5498.0,1.479,-0.54
5498.25,1.557,-0.49
5498.5,1.472,-0.55
5498.75,1.515,-0.52
5499.0,1.597,-0.49
5499.25,1.473,-0.55
5499.5,1.531,-0.51
5499.75,1.534,-0.51
5500.0,1.542,-0.51
5500.25,1.508,-0.55
5500.5,1.492,-0.55
5500.75,1.489,-0.54
5501.0,1.478,-0.56
5501.25,1.522,-0.53
5501.5,1.479,-0.55
5501.75,1.462,-0.56
5502.0,1.54,-0.5
5502.25,1.465,-0.54
5502.5,1.4700000000000002,-0.55
5502.75,2.032,-0.44
5503.0,2.398,-0.65
5503.25,3.73,-0.33
5503.5,5.84,0.138
5503.75,6.529999999999999,-0.8069999999999999
5504.0,6.76,-1.39
5504.25,10.55,-0.97
5504.5,12.65,-0.794
5504.75,13.58,-0.7284999999999999
5505.0,14.87,-1.17
5505.25,15.68,-1.81
5505.5,16.77,-1.36
5505.75,15.51,-1.84
5506.0,16.59,-1.05
5506.25,16.21,-2.22
5506.5,19.61,-0.94
5506.75,16.55,-2.39
5507.0,15.47,-2.74
5507.25,19.11,-0.8300000000000001
5507.5,18.33,-0.385
5507.75,16.94,-0.433
5508.0,16.990000000000002,-0.184
5508.25,14.71,0.4033
5508.5,15.7,-0.144
5508.75,14.95,-0.471
5509.0,15.380000000000004,0.8240000000000001
5509.25,13.59,-0.135
5509.5,17.03,0.898
5509.75,17.57,0.428
5510.0,16.28,-0.79
5510.25,17.65,-0.374
5510.5,16.86,-0.47
5510.75,17.28,0.1242
5511.0,16.7,-1.04
5511.25,16.759999999999998,-0.8300000000000001
5511.5,15.87,-0.1159999999999999
5511.75,14.760000000000002,-0.626
5512.0,16.41,-0.1405
5512.25,15.38,0.11456
5512.5,15.35,-0.1831
5512.75,14.53,-0.257
5513.0,10.23,-0.977
5513.25,7.31,-1.4700000000000002
5513.5,6.640000000000001,-1.42
5513.75,5.62,-1.4
5514.0,5.34,-1.38
5514.25,6.319999999999999,-1.64
5514.5,7.040000000000001,-1.96
5514.75,6.83,-1.91
5515.0,7.27,-1.43
5515.25,6.38,-1.85
5515.5,6.94,-0.911
5515.75,6.43,-1.2
5516.0,7.38,-0.4943999999999999
5516.25,6.11,-1.65
5516.5,5.16,-1.54
5516.75,5.54,-1.4300000000000002
5517.0,5.42,-1.42
5517.25,3.88,-0.92
5517.5,3.049,-0.75
5517.75,3.018,-0.8300000000000001
5518.0,3.096,-0.77
5518.25,2.827,-0.72
5518.5,1.878,-0.56
5518.75,1.851,-0.55
5519.0,1.7900000000000005,-0.63
5519.25,1.832,-0.58
5519.5,1.583,-0.62
5519.75,1.611,-0.62
5520.0,1.661,-0.58
5520.25,1.656,-0.64
5520.5,1.681,-0.53
5520.75,1.728,-0.48
5521.0,1.67,-0.58
5521.25,1.7180000000000002,-0.492
5521.5,1.813,-0.3785
5521.75,1.831,-0.4
5522.0,1.654,-0.6
5522.25,1.6289999999999998,-0.59
5522.5,1.63,-0.6
5522.75,1.5799999999999998,-0.66
5523.0,1.6800000000000002,-0.6
5523.25,1.621,-0.62
5523.5,1.593,-0.64
5523.75,1.675,-0.58
5524.0,1.609,-0.65
5524.25,1.6760000000000002,-0.54
5524.5,1.7319999999999998,-0.51
5524.75,1.6,-0.62
5525.0,1.635,-0.61
5525.25,1.633,-0.61
5525.5,1.62,-0.6
5525.75,1.6609999999999998,-0.538
5526.0,1.6979999999999995,-0.51
5526.25,1.653,-0.56
5526.5,1.594,-0.63
5526.75,2.518,-0.1613
5527.0,3.127,-0.1956999999999999
5527.25,3.568,-0.9
5527.5,5.909999999999999,-0.113
5527.75,6.49,-0.979
5528.0,7.18,-1.44
5528.25,10.73,-1.02
5528.5,12.68,-0.222
5528.75,13.06,-1.09
5529.0,13.6,-1.79
5529.25,13.23,-2.66
5529.5,16.5,-1.28
5529.75,18.39,-0.4735999999999999
5530.0,15.68,-1.86
5530.25,14.53,-1.6800000000000002
5530.5,16.93,-1.02
5530.75,17.549999999999997,-1.03
5531.0,14.97,-2.73
5531.25,15.43,-2.47
5531.5,14.74,-1.5699999999999998
5531.75,13.490000000000002,-2.17
5532.0,16.759999999999998,-0.7200000000000001
5532.25,13.420000000000002,-1.28
5532.5,12.24,-1.81
5532.75,13.62,-0.98
5533.0,14.86,-1.42
5533.25,14.9,-0.357
5533.5,16.71,-0.99
5533.75,16.95,-1.49
5534.0,16.59,-2.26
5534.25,15.53,-2.47
5534.5,14.94,-2.5
5534.75,15.79,-1.7999999999999998
5535.0,17.49,-0.93
5535.25,14.71,-1.89
5535.5,16.08,-1.94
5535.75,14.94,-2.46
5536.0,15.68,-1.65
5536.25,15.249999999999998,-1.77
5536.5,13.919999999999998,-1.26
5536.75,12.7,-2.09
5537.0,11.68,-1.53
5537.25,11.06,-0.137
5537.5,7.979999999999999,-1.43
5537.75,7.180000000000001,-1.38
5538.0,7.03,-1.39
5538.25,6.859999999999999,-1.47
5538.5,5.890000000000001,-1.32
5538.75,5.970000000000001,-1.35
5539.0,6.0,-1.34
5539.25,5.67,-1.29
5539.5,5.62,-1.32
5539.75,5.59,-1.28
5540.0,5.52,-1.28
5540.25,5.41,-1.28
5540.5,4.510000000000001,-0.4911
5540.75,2.874,-0.672
5541.0,2.946,-0.5929
5541.25,2.869,-0.6352
5541.5,2.311,-0.563
5541.75,2.368,-0.4839
5542.0,2.286,-0.528
5542.25,2.203,-0.4948
5542.5,2.201,-0.529
5542.75,2.055,-0.69
5543.0,2.219,-0.65
5543.25,2.162,-0.5800000000000001
5543.5,2.141,-0.54
5543.75,2.177,-0.56
5544.0,2.125,-0.6
5544.25,2.134,-0.6100000000000001
5544.5,2.05,-0.6699999999999999
5544.75,2.136,-0.62
5545.0,2.087,-0.6300000000000001
5545.25,2.194,-0.535
5545.5,2.217,-0.5043
5545.75,2.162,-0.5589999999999999
5546.0,2.18,-0.50786
5546.25,2.254,-0.4681
5546.5,2.225,-0.479
5546.75,2.236,-0.46036
5547.0,2.152,-0.533
5547.25,2.226,-0.50385
5547.5,2.119,-0.573
5547.75,2.144,-0.6200000000000001
5548.0,2.132,-0.63
5548.25,2.157,-0.65
5548.5,2.142,-0.63
5548.75,2.056,-0.6699999999999999
5549.0,2.117,-0.64
5549.25,2.194,-0.5900000000000001
5549.5,2.108,-0.63
5549.75,2.154,-0.63
5550.0,2.056,-0.6699999999999999
5550.25,2.099,-0.64
5550.5,2.638,-0.1714
5550.75,2.6500000000000004,-0.5096
5551.0,4.36,0.5464
5551.25,4.09,-0.3322
5551.5,5.7,0.1273999999999999
5551.75,8.73,-1.2200000000000002
5552.0,12.88,-0.4753
5552.25,12.03,-1.65
5552.5,15.63,-0.1762
5552.75,13.31,-2.53
5553.0,14.3,-2.27
5553.25,14.09,-2.6500000000000004
5553.5,15.52,-1.93
5553.75,15.12,-2.52
5554.0,14.77,-2.49
5554.25,15.7,-1.96
5554.5,15.1,-2.38
5554.75,15.6,-2.33
5555.0,14.29,-2.77
5555.25,15.24,-2.02
5555.5,13.85,-2.5700000000000003
5555.75,12.62,-1.85
5556.0,11.64,-1.28
5556.25,11.65,-1.23
5556.5,11.23,-0.939
5556.75,11.39,-1.86
5557.0,12.86,-1.15
5557.25,11.56,-1.1800000000000002
5557.5,14.19,-0.72
5557.75,13.85,-2.61
5558.0,13.54,-2.57
5558.25,13.3,-2.57
5558.5,14.84,-2.17
5558.75,16.689999999999998,-2.85
5559.0,15.9,-2.76
5559.25,15.64,-1.62
5559.5,16.23,-2.7
5559.75,15.43,-3.28
5560.0,13.54,-2.49
5560.25,13.11,-2.37
5560.5,12.37,-2.3
5560.75,14.01,-1.0
5561.0,9.69,-1.77
5561.25,6.83,-1.54
5561.5,6.390000000000001,-1.36
5561.75,5.949999999999999,-1.39
5562.0,6.26,-1.4500000000000002
5562.25,6.12,-1.34
5562.5,5.66,-1.39
5562.75,6.0600000000000005,-1.4
5563.0,5.88,-1.3199999999999998
5563.25,5.1,-1.06
5563.5,4.88,-1.23
5563.75,4.99,-1.16
5564.0,4.59,-1.02
5564.25,4.39,-0.471
5564.5,3.205,-0.1821
5564.75,2.582,-0.72
5565.0,2.571,-0.6599999999999999
5565.25,2.552,-0.6799999999999999
5565.5,2.56,-0.6699999999999999
5565.75,2.385,-0.6000000000000001
5566.0,2.292,-0.6399999999999999
5566.25,2.262,-0.65
5566.5,2.204,-0.7
5566.75,2.149,-0.5489999999999999
5567.0,2.044,-0.5800000000000001
5567.25,1.981,-0.56
5567.5,2.069,-0.453
5567.75,1.931,-0.5700000000000001
5568.0,2.002,-0.55
5568.25,2.009,-0.56
5568.5,2.053,-0.48
5568.75,2.017,-0.51
5569.0,2.019,-0.55
5569.25,1.968,-0.5800000000000001
5569.5,1.932,-0.62
5569.75,1.972,-0.5800000000000001
5570.0,1.939,-0.6000000000000001
5570.25,2.026,-0.56
5570.5,1.973,-0.5900000000000001
5570.75,1.995,-0.548
5571.0,1.981,-0.5800000000000001
5571.25,2.048,-0.55
5571.5,2.044,-0.53
5571.75,1.974,-0.5800000000000001
5572.0,2.069,-0.54
5572.25,1.968,-0.6000000000000001
5572.5,2.0540000000000003,-0.553
5572.75,1.97,-0.5900000000000001
5573.0,1.983,-0.5900000000000001
5573.25,1.998,-0.56
5573.5,1.972,-0.6000000000000001
5573.75,2.029,-0.519
5574.0,1.965,-0.5900000000000001
5574.25,2.068,-0.528
5574.5,2.024,-0.52
5574.75,2.36,-0.516
5575.0,3.115,-0.2365
5575.25,3.023,-0.8200000000000001
5575.5,3.916,-0.687
5575.75,6.18,-0.4397
5576.0,7.649999999999999,-1.2200000000000002
5576.25,12.82,-1.21
5576.5,14.54,-2.56
5576.75,15.69,-2.76
5577.0,16.009999999999998,-2.52
5577.25,16.73,-2.46
5577.5,16.72,-2.27
5577.75,16.95,-3.0700000000000003
5578.0,16.220000000000002,-3.55
5578.25,16.75,-1.15
5578.5,15.91,-2.8000000000000003
5578.75,15.33,-3.37
5579.0,15.14,-3.28
5579.25,14.920000000000002,-3.1500000000000004
5579.5,15.14,-2.47
5579.75,15.47,-2.28
5580.0,14.37,-2.03
5580.25,11.46,-2.04
5580.5,12.56,-1.09
5580.75,11.77,-1.85
5581.0,12.44,-2.1500000000000004
5581.25,13.78,-0.1869
5581.5,16.6,-1.16
5581.75,16.28,-3.25
5582.0,16.83,-3.1900000000000004
5582.25,16.65,-3.33
5582.5,17.229999999999997,-2.84
5582.75,16.95,-3.27
5583.0,17.05,-2.77
5583.25,16.8,-2.15
5583.5,15.98,-1.79
5583.75,15.4,-2.08
5584.0,14.170000000000002,-3.1
5584.25,14.31,-2.47
5584.5,14.96,-1.82
5584.75,13.39,-2.95
5585.0,14.06,-2.5500000000000003
5585.25,12.02,-2.09
5585.5,7.74,-1.25
5585.75,7.08,-1.52
5586.0,6.79,-1.42
5586.25,5.43,-1.14
5586.5,4.468,-0.993
5586.75,4.244,-0.99
5587.0,4.6080000000000005,-1.12
5587.25,4.724,-1.13
5587.5,4.323,-1.15
5587.75,4.43,-1.24
5588.0,4.582000000000001,-1.13
5588.25,4.626,-0.522
5588.5,2.9450000000000003,-0.8
5588.75,2.874,-0.77
5589.0,2.869,-0.8400000000000001
5589.25,3.0440000000000005,-0.68
5589.5,3.075,-0.8400000000000001
5589.75,2.888,-0.88
5590.0,2.928,-0.521
5590.25,2.5980000000000003,-0.51269
5590.5,2.782,-0.108
5590.75,2.322,-0.4915
5591.0,2.19,-0.4446
5591.25,2.259,-0.4296
5591.5,1.786,-0.5
5591.75,1.79,-0.5700000000000001
5592.0,1.775,-0.5700000000000001
5592.25,1.813,-0.55
5592.5,1.7340000000000002,-0.55
5592.75,1.758,-0.5700000000000001
5593.0,1.791,-0.6
5593.25,1.732,-0.61
5593.5,1.76,-0.56
5593.75,1.7799999999999998,-0.54
5594.0,1.79,-0.53
5594.25,1.793,-0.5
5594.5,1.741,-0.61
5594.75,1.98,-0.2809
5595.0,1.89,-0.4248
5595.25,1.787,-0.457
5595.5,1.97,-0.3817
5595.75,1.7920000000000005,-0.4609999999999999
5596.0,1.809,-0.504
5596.25,1.7480000000000002,-0.5800000000000001
5596.5,1.789,-0.5599999999999999
5596.75,1.908,-0.487
5597.0,1.7440000000000002,-0.6
5597.25,1.789,-0.5800000000000001
5597.5,1.815,-0.54
5597.75,1.714,-0.6
5598.0,1.712,-0.5800000000000001
5598.25,1.759,-0.59
5598.5,1.73,-0.5700000000000001
5598.75,1.834,-0.56
5599.0,2.891,-0.5800000000000001
5599.25,3.344,-0.3969
5599.5,4.068,-0.6133
5599.75,7.36,-1.22
5600.0,7.84,-1.22
5600.25,10.23,-0.354
5600.5,11.29,-1.36
5600.75,12.93,-1.48
5601.0,13.54,-1.08
5601.25,13.48,-1.86
5601.5,12.920000000000002,-2.37
5601.75,12.8,-2.39
5602.0,13.6,-1.93
5602.25,14.12,-1.64
5602.5,14.32,-2.54
5602.75,13.849999999999998,-2.68
5603.0,13.98,-2.03
5603.25,13.98,-1.57
5603.5,13.830000000000002,-1.21
5603.75,12.4,-2.03
5604.0,12.55,-1.5
5604.25,12.14,-0.84
5604.5,11.81,-1.06
5604.75,10.82,-1.6799999999999995
5605.0,11.15,-1.85
5605.25,11.57,-1.45
5605.5,11.93,-1.35
5605.75,12.9,-0.4
5606.0,12.62,-1.28
5606.25,11.75,-1.99
5606.5,12.489999999999998,-1.86
5606.75,14.16,-0.9000000000000001
5607.0,13.17,-1.51
5607.25,15.590000000000002,-1.075
5607.5,15.6,-1.23
5607.75,15.52,-1.0659999999999998
5608.0,15.26,-1.025
5608.25,15.25,-0.95
5608.5,16.14,-1.02
5608.75,15.27,-0.567
5609.0,10.420000000000002,-0.3507
5609.25,7.08,-1.12
5609.5,5.17,-0.87
5609.75,5.34,-0.2852
5610.0,4.5,-0.74
5610.25,3.239,-0.6400000000000001
5610.5,3.2339999999999995,-0.77
5610.75,3.602,-0.7
5611.0,4.454,-0.675
5611.25,4.133,-0.69
5611.5,4.22,-0.6360000000000001
5611.75,3.443,-0.696
5612.0,3.532,-0.558
5612.25,3.253,-0.518
5612.5,3.041,-0.6799999999999999
5612.75,2.953,-0.064
5613.0,2.162,-0.483
5613.25,1.987,-0.64
5613.5,1.982,-0.56
5613.75,1.901,-0.5800000000000001
5614.0,1.834,-0.597
5614.25,1.913,-0.56
5614.5,1.977,-0.4238
5614.75,1.918,-0.523
5615.0,1.94,-0.53
5615.25,1.881,-0.5700000000000001
5615.5,1.779,-0.62
5615.75,1.83,-0.6000000000000001
5616.0,1.856,-0.5700000000000001
5616.25,1.811,-0.63
5616.5,1.882,-0.5800000000000001
5616.75,1.876,-0.5800000000000001
5617.0,1.853,-0.5700000000000001
5617.25,2.008,-0.36793
5617.5,1.938,-0.42
5617.75,2.001,-0.4488999999999999
5618.0,2.0500000000000003,-0.446
5618.25,1.961,-0.47
5618.5,2.009,-0.4392
5618.75,1.987,-0.4493
5619.0,2.024,-0.382
5619.25,1.938,-0.446
5619.5,1.929,-0.523
5619.75,1.855,-0.5900000000000001
5620.0,1.883,-0.5700000000000001
5620.25,1.845,-0.63
5620.5,1.7279999999999998,-0.5900000000000001
5620.75,1.815,-0.5700000000000001
5621.0,1.731,-0.6
5621.25,1.777,-0.5900000000000001
5621.5,1.734,-0.5900000000000001
5621.75,1.75,-0.6
5622.0,1.7999999999999998,-0.5700000000000001
5622.25,1.738,-0.5900000000000001
5622.5,1.922,-0.5
5622.75,1.961,-0.385
5623.0,1.894,-0.483
5623.25,1.985,-0.4021
5623.5,1.909,-0.456
5623.75,1.881,-0.4412
5624.0,1.989,-0.3976
5624.25,1.86,-0.4559999999999999
5624.5,1.983,-0.4596
5624.75,1.895,-0.509
5625.0,1.911,-0.44
5625.25,2.494,-0.4575
5625.5,2.323,-0.623
5625.75,2.444,-0.6
5626.0,2.393,-0.585
5626.25,2.315,-0.6599999999999999
5626.5,2.449,-0.56
5626.75,2.269,-0.6599999999999999
5627.0,2.504,-0.6499999999999999
5627.25,2.662,-0.6499999999999999
5627.5,2.597,-0.6599999999999999
5627.75,2.749,-0.59
5628.0,2.706,-0.52
5628.25,2.731,-0.54
5628.5,2.753,-0.504
5628.75,2.7299999999999995,-0.55
5629.0,2.964,-0.542
5629.25,3.124,-0.589
5629.5,3.233,-0.88
5629.75,3.499,-0.73
5630.0,3.326,-0.5700000000000001
5630.25,3.148,-0.5700000000000001
5630.5,3.053,-0.63
5630.75,2.816,-0.78
5631.0,2.858,-0.72
5631.25,2.831,-0.77
5631.5,2.829,-0.76
5631.75,2.981,-0.6000000000000001
5632.0,2.861,-0.61
5632.25,2.971,-0.5700000000000001
5632.5,2.866,-0.72
5632.75,2.647,-0.78
5633.0,2.694,-0.63
5633.25,2.77,-0.72
5633.5,2.6260000000000003,-0.7
5633.75,2.723,-0.6799999999999999
5634.0,2.6049999999999995,-0.7
5634.25,2.845,-0.3946
5634.5,2.04,-0.0689
5634.75,1.601,-0.54
5635.0,1.672,-0.51
5635.25,1.5770000000000002,-0.56
5635.5,1.631,-0.52
5635.75,1.779,-0.46
5636.0,1.669,-0.51
5636.25,1.68,-0.52
5636.5,1.647,-0.56
5636.75,1.671,-0.56
5637.0,1.62,-0.55
5637.25,1.574,-0.5700000000000001
5637.5,1.707,-0.52
5637.75,1.5759999999999998,-0.57
5638.0,1.6,-0.53
5638.25,1.6369999999999998,-0.5700000000000001
5638.5,1.623,-0.53
5638.75,1.6880000000000002,-0.5
5639.0,1.616,-0.58
5639.25,1.665,-0.52
5639.5,1.597,-0.56
5639.75,1.608,-0.56
5640.0,1.573,-0.59
5640.25,1.642,-0.5700000000000001
5640.5,1.604,-0.55
5640.75,1.603,-0.59
5641.0,1.71,-0.52
5641.25,1.587,-0.57
5641.5,1.721,-0.51
5641.75,1.675,-0.5
5642.0,1.6190000000000002,-0.58
5642.25,1.662,-0.56
5642.5,1.631,-0.5700000000000001
5642.75,1.6669999999999998,-0.5700000000000001
5643.0,1.6880000000000002,-0.56
5643.25,1.611,-0.56
5643.5,1.702,-0.52
5643.75,1.652,-0.5700000000000001
5644.0,1.671,-0.51
5644.25,1.6729999999999998,-0.44
5644.5,1.692,-0.51
5644.75,1.531,-0.61
5645.0,1.664,-0.6
5645.25,1.644,-0.5700000000000001
5645.5,1.618,-0.491
5645.75,1.7,-0.4619999999999999
5646.0,1.647,-0.54
5646.25,1.609,-0.54
5646.5,1.561,-0.5800000000000001
5646.75,1.702,-0.5
5647.0,1.625,-0.55
5647.25,1.7579999999999998,-0.463
5647.5,1.599,-0.59
5647.75,1.5759999999999998,-0.5900000000000001
5648.0,1.506,-0.64
5648.25,1.861,-0.6
5648.5,1.793,-0.62
5648.75,1.818,-0.5700000000000001
5649.0,1.774,-0.57
5649.25,1.752,-0.58
5649.5,1.797,-0.54
5649.75,1.839,-0.5700000000000001
5650.0,1.851,-0.44
5650.25,1.775,-0.53
5650.5,1.823,-0.48
5650.75,1.806,-0.479
5651.0,1.767,-0.49
5651.25,1.833,-0.43
5651.5,1.753,-0.46
5651.75,1.715,-0.48
5652.0,1.758,-0.448
5652.25,1.775,-0.5
5652.5,1.795,-0.407
5652.75,1.762,-0.438
5653.0,1.899,-0.389
5653.25,1.764,-0.47
5653.5,1.7590000000000003,-0.454
5653.75,1.75,-0.47
5654.0,1.803,-0.46
5654.25,1.767,-0.46
5654.5,1.7550000000000003,-0.46
5654.75,1.746,-0.48
5655.0,1.848,-0.407
5655.25,1.786,-0.435
5655.5,1.697,-0.51
5655.75,1.863,-0.383
5656.0,1.746,-0.47
5656.25,1.774,-0.419
5656.5,1.785,-0.49
5656.75,1.745,-0.476
5657.0,1.71,-0.5
5657.25,1.822,-0.369
5657.5,1.786,-0.46
5657.75,1.69,-0.52
5658.0,1.802,-0.472
5658.25,1.771,-0.49
5658.5,1.851,-0.3399999999999999
5658.75,1.7919999999999998,-0.406
5659.0,1.81,-0.437
5659.25,1.782,-0.412
5659.5,1.792,-0.46
5659.75,1.7400000000000002,-0.447
5660.0,1.806,-0.48
5660.25,1.769,-0.449
5660.5,1.777,-0.49
5660.75,1.813,-0.428
5661.0,1.81,-0.447
5661.25,1.817,-0.415
5661.5,1.768,-0.47
5661.75,1.755,-0.4679999999999999
5662.0,1.693,-0.51
5662.25,1.739,-0.49
5662.5,1.775,-0.48
5662.75,1.734,-0.47
5663.0,1.911,-0.404
5663.25,1.7520000000000002,-0.5
5663.5,1.758,-0.4599999999999999
5663.75,1.761,-0.47
5664.0,1.887,-0.404
5664.25,1.789,-0.47
5664.5,1.865,-0.4419999999999999
5664.75,1.7979999999999998,-0.46
5665.0,1.803,-0.411
5665.25,1.735,-0.49
5665.5,1.7480000000000002,-0.47
5665.75,1.7040000000000002,-0.53
5666.0,1.792,-0.4569999999999999
5666.25,1.749,-0.52
5666.5,1.7939999999999998,-0.451
5666.75,1.756,-0.48
5667.0,1.808,-0.43
5667.25,1.87,-0.43
5667.5,1.791,-0.4539999999999999
5667.75,1.757,-0.52
5668.0,1.998,-0.3162
5668.25,1.877,-0.3247
5668.5,1.758,-0.482
5668.75,1.754,-0.49
5669.0,1.784,-0.476
5669.25,1.695,-0.52
5669.5,1.844,-0.4609999999999999
5669.75,1.811,-0.53
5670.0,1.898,-0.383
5670.25,1.875,-0.36
5670.5,2.531,0.1139999999999999
5670.75,3.021,-0.0808
5671.0,2.718,-0.6699999999999999
5671.25,4.51,0.595
5671.5,5.5,0.8170000000000001
5671.75,4.41,-0.1079999999999999
5672.0,5.41,-1.21
5672.25,9.78,-0.4630999999999999
5672.5,10.4,-1.33
5672.75,11.41,-0.957
5673.0,10.88,-2.0
5673.25,12.05,-1.37
5673.5,10.48,-1.79
5673.75,11.81,-1.0
5674.0,11.89,-1.73
5674.25,13.89,-0.92
5674.5,19.51,-1.85
5674.75,19.93,-0.736
5675.0,17.18,-2.56
5675.25,16.490000000000002,-2.5700000000000003
5675.5,14.1,-2.33
5675.75,11.46,-2.11
5676.0,11.68,-1.63
5676.25,11.1,-1.77
5676.5,13.330000000000002,-0.55
5676.75,10.64,-2.06
5677.0,11.41,-1.59
5677.25,11.68,-0.8999999999999999
5677.5,12.87,-0.7100000000000001
5677.75,13.77,-1.12
5678.0,12.95,-1.7300000000000002
5678.25,13.09,-2.03
5678.5,13.189999999999998,-1.78
5678.75,13.22,-1.73
5679.0,13.38,-1.7099999999999995
5679.25,12.81,-1.58
5679.5,12.23,-2.06
5679.75,12.0,-2.02
5680.0,11.67,-1.97
5680.25,12.28,-1.89
5680.5,11.36,-2.1100000000000003
5680.75,11.67,-1.96
5681.0,9.27,-1.44
5681.25,7.210000000000001,-1.08
5681.5,7.0,-1.11
5681.75,7.0,-1.07
5682.0,6.48,-0.7
5682.25,6.5600000000000005,-0.6
5682.5,6.17,-0.95
5682.75,5.57,-0.97
5683.0,5.28,-0.97
5683.25,5.0,-0.99
5683.5,4.96,-0.96
5683.75,5.25,-0.63
5684.0,5.07,-0.9
5684.25,4.96,-0.92
5684.5,4.39,-0.86
5684.75,5.1,-0.402
5685.0,2.585,-0.59
5685.25,2.458,-0.51
5685.5,2.533,-0.57
5685.75,2.573,-0.4299999999999999
5686.0,2.558,-0.463
5686.25,2.225,-0.47
5686.5,2.3950000000000005,-0.49
5686.75,2.6290000000000004,-0.425
5687.0,2.49,-0.394
5687.25,2.147,-0.48
5687.5,2.579,-0.423
5687.75,2.471,-0.51
5688.0,2.34,-0.49
5688.25,2.452,-0.51
5688.5,2.553,-0.4599999999999999
5688.75,2.854,-0.368
5689.0,2.252,-0.375
5689.25,2.544,-0.4
5689.5,2.565,-0.45
5689.75,2.523,-0.51
5690.0,2.574,-0.5
5690.25,2.521,-0.429
5690.5,2.462,-0.46
5690.75,2.394,-0.5
5691.0,2.513,-0.47
5691.25,2.609,-0.48
5691.5,2.334,-0.53
5691.75,2.443,-0.45
5692.0,2.27,-0.54
5692.25,2.605,-0.4599999999999999
5692.5,2.415,-0.53
5692.75,2.697,-0.4499999999999999
5693.0,2.489,-0.51
5693.25,2.532,-0.4399999999999999
5693.5,2.563,-0.452
5693.75,2.326,-0.48
5694.0,2.438,-0.5
5694.25,2.566,-0.4599999999999999
5694.5,2.587,-0.51
5694.75,3.338,-0.324
5695.0,3.88,-0.0814
5695.25,4.65,-0.227
5695.5,4.65,-0.91
5695.75,5.74,-0.98
5696.0,6.01,-1.24
5696.25,10.03,-0.94
5696.5,11.35,-0.74
5696.75,9.23,-1.8
5697.0,11.53,-0.6599999999999999
5697.25,10.31,-1.84
5697.5,11.51,-0.79
5697.75,9.89,-2.15
5698.0,11.55,-0.61
5698.25,11.96,-1.37
5698.5,13.96,-1.0
5698.75,13.760000000000002,-1.69
5699.0,13.52,-1.93
5699.25,12.78,-2.43
5699.5,13.12,-2.3200000000000003
5699.75,12.53,-2.31
5700.0,11.78,-1.51
5700.25,11.23,-1.08
5700.5,11.15,-1.13
5700.75,10.8,-1.44
5701.0,13.169999999999998,-0.5800000000000001
5701.25,11.6,-0.86
5701.5,15.18,-0.7
5701.75,14.23,-2.39
5702.0,14.43,-2.04
5702.25,12.79,-2.65
5702.5,14.18,-2.81
5702.75,13.95,-2.84
5703.0,16.54,-2.8600000000000003
5703.25,16.009999999999998,-2.23
5703.5,15.15,-2.75
5703.75,14.91,-2.52
5704.0,14.06,-3.01
5704.25,13.54,-2.36
5704.5,11.52,-2.36
5704.75,9.58,-1.76
5705.0,8.32,-1.19
5705.25,7.4,-0.567
5705.5,6.28,-0.619
5705.75,4.92,-1.06
5706.0,5.0,-0.97
5706.25,4.69,-0.97
5706.5,4.57,-1.0
5706.75,4.42,-1.0
5707.0,4.37,-0.89
5707.25,4.85,-0.432
5707.5,4.42,-0.73
5707.75,4.609999999999999,-0.8799999999999999
5708.0,4.79,-0.4528
5708.25,3.383,-0.62
5708.5,3.302,-0.74
5708.75,3.115,-0.81
5709.0,3.112,-0.8
5709.25,3.1300000000000003,-0.73
5709.5,3.061,-0.77
5709.75,3.0170000000000003,-0.73
5710.0,2.237,-0.5800000000000001
5710.25,2.088,-0.5
5710.5,2.064,-0.56
5710.75,2.025,-0.5700000000000001
5711.0,2.058,-0.5700000000000001
5711.25,2.021,-0.61
5711.5,1.981,-0.5900000000000001
5711.75,1.964,-0.6
5712.0,2.037,-0.59
5712.25,2.008,-0.6000000000000001
5712.5,2.047,-0.56
5712.75,1.952,-0.61
5713.0,2.018,-0.52
5713.25,2.188,-0.4429999999999999
5713.5,2.182,-0.416
5713.75,2.121,-0.435
5714.0,2.103,-0.49
5714.25,2.026,-0.55
5714.5,2.011,-0.5700000000000001
5714.75,2.104,-0.51
5715.0,1.989,-0.61
5715.25,2.019,-0.5700000000000001
5715.5,2.02,-0.5800000000000001
5715.75,1.979,-0.5800000000000001
5716.0,1.989,-0.5599999999999999
5716.25,2.161,-0.5
5716.5,2.023,-0.5800000000000001
5716.75,2.042,-0.5700000000000001
5717.0,2.018,-0.59
5717.25,2.074,-0.56
5717.5,2.075,-0.456
5717.75,2.104,-0.41
5718.0,2.072,-0.454
5718.25,2.044,-0.56
5718.5,2.435,-0.156
5718.75,2.835,-0.37
5719.0,3.165,-0.214
5719.25,4.5200000000000005,-0.089
5719.5,4.25,-1.08
5719.75,6.68,-0.2609999999999999
5720.0,8.09,-0.581
5720.25,11.81,-0.78
5720.5,12.25,-1.95
5720.75,13.38,-1.7000000000000002
5721.0,13.47,-1.54
5721.25,13.82,-1.7999999999999998
5721.5,14.61,-1.43
5721.75,15.150000000000002,-1.54
5722.0,15.21,-1.34
5722.25,14.54,-1.33
5722.5,15.749999999999998,0.1056
5722.75,13.93,-2.18
5723.0,13.54,-1.7999999999999998
5723.25,13.19,-1.34
5723.5,12.43,-1.79
5723.75,10.34,-1.84
5724.0,10.35,-1.35
5724.25,10.84,-0.73
5724.5,9.57,-1.6599999999999997
5724.75,9.76,-1.28
5725.0,11.02,-0.428
5725.25,9.86,-1.63
5725.5,12.71,-1.95
5725.75,13.05,-1.98
5726.0,12.49,-2.5
5726.25,13.189999999999998,-1.98
5726.5,12.96,-2.51
5726.75,12.91,-2.47
5727.0,13.41,-1.13
5727.25,13.91,-0.2628
5727.5,12.81,-1.29
5727.75,12.05,-1.86
5728.0,11.5,-2.3
5728.25,11.2,-2.24
5728.5,11.26,-2.1500000000000004
5728.75,10.38,-2.08
5729.0,10.43,-1.37
5729.25,6.4,-1.37
5729.5,5.66,-1.27
5729.75,5.27,-0.5880000000000001
5730.0,4.83,-0.96
5730.25,4.54,-0.94
5730.5,6.35,-1.53
5730.75,6.670000000000001,-1.61
5731.0,7.73,-0.888
5731.25,6.880000000000001,-1.65
5731.5,6.890000000000001,-1.71
5731.75,6.76,-1.62
5732.0,6.43,-1.61
5732.25,5.03,-1.19
5732.5,3.096,-0.5680000000000001
5732.75,3.005,-0.641
5733.0,2.717,-0.5630000000000001
5733.25,2.668,-0.618
5733.5,2.769,-0.573
5733.75,3.2100000000000004,-0.12
5734.0,1.791,-0.469
5734.25,1.857,-0.4183
5734.5,1.816,-0.4569999999999999
5734.75,1.79,-0.474
5735.0,1.807,-0.512
5735.25,1.889,-0.4593
5735.5,1.7959999999999998,-0.505
5735.75,1.798,-0.4629999999999999
5736.0,1.9970000000000003,-0.4132
5736.25,1.875,-0.445
5736.5,1.837,-0.44852
5736.75,1.807,-0.4659999999999999
5737.0,1.821,-0.4772
5737.25,1.779,-0.487
5737.5,1.835,-0.4619
5737.75,1.763,-0.506
5738.0,1.861,-0.4659999999999999
5738.25,1.861,-0.4421
5738.5,1.825,-0.516
5738.75,1.947,-0.4118
5739.0,1.89,-0.445
5739.25,1.836,-0.4629999999999999
5739.5,1.831,-0.454
5739.75,1.82,-0.473
5740.0,1.79,-0.495
5740.25,1.854,-0.4514
5740.5,1.87,-0.48
5740.75,1.778,-0.508
5741.0,1.865,-0.43037
5741.25,1.783,-0.504
5741.5,1.842,-0.452
5741.75,1.888,-0.444
5742.0,1.862,-0.4175
5742.25,1.771,-0.482
5742.5,1.858,-0.4649999999999999
5742.75,4.41,0.8020999999999999
5743.0,3.0940000000000003,-0.2579
5743.25,3.29,-0.284
5743.5,3.534,-0.511
5743.75,3.61,-0.85
5744.0,5.4,-0.6004
5744.25,9.24,-1.59
5744.5,15.060000000000002,-0.4672
5744.75,12.68,-1.45
5745.0,14.0,-0.81
5745.25,13.44,-1.63
5745.5,13.79,-1.77
5745.75,13.62,-2.22
5746.0,13.18,-2.34
5746.25,13.93,-1.37
5746.5,15.55,-1.6700000000000002
5746.75,16.650000000000002,-1.29
5747.0,15.47,-2.41
5747.25,14.89,-2.3600000000000003
5747.5,15.09,-1.96
5747.75,13.83,-2.43
5748.0,12.15,-2.0700000000000003
5748.25,10.84,-1.55
5748.5,10.3,-1.21
5748.75,9.87,-1.58
5749.0,9.78,-1.59
5749.25,12.19,0.1743
5749.5,11.99,-1.47
5749.75,13.41,-1.45
5750.0,12.73,-2.22
5750.25,13.11,-2.25
5750.5,12.94,-2.47
5750.75,13.63,-1.99
5751.0,12.37,-2.28
5751.25,12.86,-0.8
5751.5,12.84,-1.39
5751.75,11.93,-2.24
5752.0,11.42,-2.19
5752.25,11.96,-1.66
5752.5,11.419999999999998,-1.82
5752.75,11.81,-1.69
5753.0,11.64,-1.79
5753.25,10.59,-2.06
5753.5,9.04,-1.35
5753.75,5.970000000000001,-1.31
5754.0,5.63,-1.2
5754.25,4.88,-1.23
5754.5,4.078,-1.07
5754.75,4.819000000000001,-0.64
5755.0,4.957,-1.15
5755.25,4.598,-1.08
5755.5,4.642,-1.12
5755.75,4.663,-1.06
5756.0,5.433,-1.2800000000000002
5756.25,6.279999999999999,-0.99
5756.5,6.42,-0.8109999999999999
5756.75,5.125,-1.3199999999999998
5757.0,5.088,-1.25
5757.25,4.904999999999999,-1.23
5757.5,4.709,-1.19
5757.75,3.62,-0.91
5758.0,3.0860000000000003,-0.8400000000000001
5758.25,2.918,-0.79
5758.5,2.958,-0.79
5758.75,2.811,-0.2666
5759.0,2.168,-0.577
5759.25,2.227,-0.609
5759.5,2.158,-0.638
5759.75,2.134,-0.69
5760.0,2.05,-0.75
5760.25,2.049,-0.73
5760.5,2.182,-0.7000000000000001
5760.75,2.197,-0.67
5761.0,2.049,-0.74
5761.25,1.997,-0.78
5761.5,2.085,-0.71
5761.75,2.086,-0.72
5762.0,2.021,-0.77
5762.25,2.142,-0.71
5762.5,2.0460000000000003,-0.77
5762.75,2.059,-0.74
5763.0,2.1660000000000004,-0.69
5763.25,2.139,-0.6000000000000001
5763.5,2.256,-0.5680000000000001
5763.75,2.144,-0.611
5764.0,2.221,-0.513
5764.25,2.1950000000000003,-0.66
5764.5,2.018,-0.77
5764.75,2.09,-0.75
5765.0,2.052,-0.76
5765.25,2.089,-0.75
5765.5,2.123,-0.73
5765.75,2.088,-0.7
5766.0,2.135,-0.7000000000000001
5766.25,2.1,-0.77
5766.5,2.244,-0.69
5766.75,3.3440000000000003,-0.0737
5767.0,2.6820000000000004,-0.8
5767.25,4.67,-0.1901
5767.5,4.76,-0.5944
5767.75,4.938,-0.939
5768.0,7.79,-0.4659999999999999
5768.25,11.92,-0.014
5768.5,11.93,-1.45
5768.75,12.65,-2.0
5769.0,13.45,-1.81
5769.25,13.22,-1.53
5769.5,13.37,-2.18
5769.75,13.22,-2.67
5770.0,13.15,-2.5
5770.25,13.97,-1.79
5770.5,14.87,-1.8800000000000003
5770.75,14.9,-1.82
5771.0,14.68,-2.22
5771.25,15.000000000000002,-1.82
5771.5,13.48,-2.68
5771.75,11.81,-2.36
5772.0,11.15,-1.93
5772.25,9.84,-1.7799999999999998
5772.5,10.99,-0.81
5772.75,10.01,-1.5299999999999998
5773.0,9.7,-1.66
5773.25,12.02,-0.49
5773.5,11.55,-1.5
5773.75,11.66,-1.81
5774.0,12.16,-1.7699999999999998
5774.25,11.8,-1.84
5774.5,11.93,-1.85
5774.75,12.96,-1.14
5775.0,12.78,-1.84
5775.25,13.63,-0.543
5775.5,11.91,-1.63
5775.75,12.98,-2.4
5776.0,13.18,-1.86
5776.25,11.47,-1.34
5776.5,10.25,-1.75
5776.75,9.86,-1.69
5777.0,9.2,-1.61
5777.25,8.309999999999999,-1.54
5777.5,5.99,-1.29
5777.75,4.93,-1.14
5778.0,4.75,-0.6539999999999999
5778.25,3.278,-0.8240000000000001
5778.5,3.361,-0.8223
5778.75,3.595,-0.88607
5779.0,3.643,-0.885
5779.25,3.823,-0.8582000000000001
5779.5,3.753,-0.87083
5779.75,3.699,-0.905
5780.0,3.796,-0.8815
5780.25,3.186,-0.1619999999999999
5780.5,2.123,-0.515
5780.75,2.297,-0.3853
5781.0,2.0490000000000004,-0.577
5781.25,2.119,-0.526
5781.5,2.085,-0.5508
5781.75,2.096,-0.5900000000000001
5782.0,2.054,-0.575
5782.25,2.052,-0.5687
5782.5,2.053,-0.5616
5782.75,2.09,-0.5607
5783.0,2.045,-0.601
5783.25,2.091,-0.5521
5783.5,2.0090000000000003,-0.5599999999999999
5783.75,1.9770000000000003,-0.577
5784.0,2.108,-0.5442
5784.25,2.011,-0.583
5784.5,2.124,-0.5054
5784.75,2.132,-0.4841
5785.0,1.952,-0.604
5785.25,2.1,-0.55
5785.5,2.049,-0.563
5785.75,2.041,-0.582
5786.0,2.084,-0.5556
5786.25,2.093,-0.501
5786.5,2.157,-0.4507
5786.75,2.045,-0.5267999999999999
5787.0,2.053,-0.526
5787.25,2.109,-0.4817
5787.5,2.161,-0.4261999999999999
5787.75,2.126,-0.5321
5788.0,2.076,-0.5526
5788.25,2.002,-0.5777
5788.5,2.112,-0.5337999999999999
5788.75,2.033,-0.5455
5789.0,1.988,-0.591
5789.25,2.125,-0.517
5789.5,2.106,-0.5216000000000001
5789.75,2.077,-0.5094
5790.0,2.08,-0.5135000000000001
5790.25,2.021,-0.6045
5790.5,2.037,-0.5658
5790.75,2.0660000000000003,-0.5562
5791.0,2.014,-0.586
5791.25,2.125,-0.5228999999999999
5791.5,2.013,-0.5518
5791.75,2.802,-0.838
5792.0,4.28,-1.1800000000000002
5792.25,4.73,-1.23
5792.5,4.789999999999999,-1.17
5792.75,4.64,-1.2000000000000002
5793.0,4.62,-1.26
5793.25,4.74,-1.19
5793.5,4.71,-1.19
5793.75,4.6,-1.2200000000000002
5794.0,4.68,-1.21
5794.25,4.68,-1.19
5794.5,3.47,-0.832
5794.75,1.994,-0.5457000000000001
5795.0,1.966,-0.528
5795.25,2.167,-0.3473
5795.5,2.128,-0.5295
5795.75,1.96,-0.55862
5796.0,2.043,-0.5453
5796.25,1.956,-0.49571
5796.5,2.033,-0.4512
5796.75,2.013,-0.4804
5797.0,2.131,-0.5355
5797.25,2.34,-0.5907399999999999
5797.5,2.346,-0.5800000000000001
5797.75,2.401,-0.5287999999999999
5798.0,2.044,-0.4639299999999999
5798.25,2.004,-0.4989
5798.5,1.982,-0.5013000000000001
5798.75,1.977,-0.5004
5799.0,2.043,-0.4948
5799.25,2.007,-0.513
5799.5,2.018,-0.507
5799.75,2.055,-0.4985
5800.0,1.967,-0.5396000000000001
5800.25,2.152,-0.346
5800.5,2.107,-0.4504
5800.75,1.962,-0.536
5801.0,2.0540000000000003,-0.521
5801.25,1.958,-0.5039
5801.5,1.83,-0.5489999999999999
5801.75,1.927,-0.4723
5802.0,1.925,-0.4979
5802.25,1.871,-0.5215000000000001
5802.5,1.972,-0.4664
5802.75,1.939,-0.49
5803.0,1.941,-0.44125
5803.25,1.979,-0.4583
5803.5,1.888,-0.4871
5803.75,1.9,-0.5034500000000001
5804.0,1.996,-0.3807
5804.25,2.059,-0.4641
5804.5,1.882,-0.5175000000000001
5804.75,1.882,-0.502
5805.0,1.935,-0.4774
5805.25,1.858,-0.54
5805.5,1.949,-0.4459
5805.75,1.978,-0.45179
5806.0,1.886,-0.533
5806.25,1.916,-0.4834
5806.5,1.865,-0.51
5806.75,1.906,-0.5272
5807.0,1.985,-0.4845
5807.25,1.943,-0.5171
5807.5,1.985,-0.4084
5807.75,1.956,-0.4806999999999999
5808.0,1.966,-0.5082
5808.25,1.932,-0.531
5808.5,1.951,-0.5237
5808.75,1.911,-0.52
5809.0,1.901,-0.5546
5809.25,1.968,-0.5075
5809.5,1.934,-0.5019
5809.75,1.84,-0.558
5810.0,1.978,-0.5092
5810.25,1.953,-0.5287999999999999
5810.5,1.902,-0.5425
5810.75,1.945,-0.4945
5811.0,1.958,-0.4107
5811.25,2.014,-0.415
5811.5,1.908,-0.5185
5811.75,1.907,-0.5096
5812.0,1.858,-0.565
5812.25,1.967,-0.4989
5812.5,1.898,-0.5132
5812.75,1.817,-0.556
5813.0,1.864,-0.5196
5813.25,1.881,-0.5249999999999999
5813.5,1.957,-0.4768
5813.75,1.965,-0.46125
5814.0,1.874,-0.5186999999999999
5814.25,1.887,-0.5362
5814.5,1.888,-0.52821
5814.75,1.975,-0.3753
5815.0,1.949,-0.51346
5815.25,1.905,-0.5203599999999999
5815.5,1.891,-0.53172
5815.75,1.875,-0.5244
5816.0,1.975,-0.47143
5816.25,1.941,-0.482
5816.5,1.952,-0.5097
5816.75,1.851,-0.5396
5817.0,1.878,-0.5133
5817.25,1.885,-0.53067
5817.5,1.89,-0.51786
5817.75,1.942,-0.5157
5818.0,1.861,-0.5239
5818.25,1.903,-0.4663
5818.5,1.971,-0.379
5818.75,1.972,-0.4404
5819.0,1.938,-0.4353
5819.25,1.915,-0.4997
5819.5,1.967,-0.4661
5819.75,1.909,-0.4918
5820.0,1.915,-0.4718
5820.25,1.865,-0.4845
5820.5,1.905,-0.51542
5820.75,1.964,-0.4905
5821.0,1.953,-0.473
5821.25,1.956,-0.4215
5821.5,1.964,-0.3831
5821.75,2.049,-0.3596
5822.0,1.886,-0.4596
5822.25,1.92,-0.4543
5822.5,1.941,-0.4823
5822.75,1.908,-0.5393
5823.0,1.99,-0.4688
5823.25,1.939,-0.3983
5823.5,2.005,-0.38444
5823.75,1.958,-0.3975
5824.0,1.932,-0.4337999999999999
5824.25,1.898,-0.49
5824.5,1.895,-0.466
5824.75,1.959,-0.4652
5825.0,1.911,-0.4537
5825.25,2.003,-0.381
5825.5,1.885,-0.4812
5825.75,1.972,-0.4657
5826.0,1.941,-0.459615
5826.25,1.953,-0.4136
5826.5,1.903,-0.4714
5826.75,1.874,-0.4952
5827.0,1.935,-0.4823
5827.25,1.909,-0.4504
5827.5,1.844,-0.516
5827.75,1.984,-0.4504
5828.0,1.937,-0.47333
5828.25,2.028,-0.3636
5828.5,1.958,-0.4033
5828.75,1.944,-0.428
5829.0,1.924,-0.4681
5829.25,1.893,-0.538
5829.5,1.974,-0.4652
5829.75,1.876,-0.4952
5830.0,1.906,-0.4771
5830.25,1.916,-0.4856
5830.5,1.92,-0.4952
5830.75,1.987,-0.4585
5831.0,1.901,-0.466
5831.25,2.012,-0.3999999999999999
5831.5,2.01,-0.4103
5831.75,1.924,-0.5185
5832.0,1.968,-0.4793
5832.25,1.898,-0.5004
5832.5,1.98,-0.4785
5832.75,1.91,-0.5272
5833.0,1.946,-0.4761999999999999
5833.25,1.97,-0.4862
5833.5,1.946,-0.459333
5833.75,1.978,-0.4373
5834.0,1.973,-0.472
5834.25,1.935,-0.5155
5834.5,1.995,-0.3707999999999999
5834.75,2.0,-0.4733
5835.0,1.946,-0.5006999999999999
5835.25,1.994,-0.4925
5835.5,1.984,-0.4891999999999999
5835.75,1.977,-0.4467
5836.0,1.966,-0.4628
5836.25,2.008,-0.442
5836.5,1.935,-0.501
5836.75,1.93,-0.51033
5837.0,1.886,-0.4941
5837.25,1.94,-0.4819
5837.5,1.929,-0.4918
5837.75,1.967,-0.40937
5838.0,1.896,-0.4883
5838.25,1.966,-0.4646
5838.5,1.973,-0.45071
5838.75,3.17,0.182
5839.0,2.5780000000000003,-0.5779
5839.25,4.19,-0.221
5839.5,4.83,-0.289
5839.75,4.518,-1.021
5840.0,5.540000000000001,-0.7496
5840.25,8.46,-0.315
5840.5,12.3,-0.781
5840.75,11.33,-1.64
5841.0,12.97,-1.9
5841.25,11.89,-2.14
5841.5,14.0,-1.399
5841.75,14.65,-2.0
5842.0,16.2,-0.997
5842.25,15.72,-1.92
5842.5,19.59,-0.1959999999999999
5842.75,16.92,-2.97
5843.0,18.19,-1.95
5843.25,14.8,-2.7
5843.5,15.07,-2.44
5843.75,13.7,-2.33
5844.0,14.23,-1.21
5844.25,12.920000000000002,-1.68
5844.5,10.57,-1.83
5844.75,12.45,-0.79
5845.0,12.24,-1.71
5845.25,11.02,-1.44
5845.5,13.64,-1.46
5845.75,15.57,-1.91
5846.0,15.46,-2.05
5846.25,15.32,-2.71
5846.5,15.55,-2.61
5846.75,16.040000000000003,-2.3
5847.0,17.02,-1.99
5847.25,17.11,-0.6599999999999999
5847.5,14.07,-1.74
5847.75,13.32,-2.23
5848.0,12.73,-2.16
5848.25,13.15,-2.04
5848.5,13.03,-1.7000000000000002
5848.75,11.8,-2.02
5849.0,7.43,-1.28
5849.25,6.65,-1.35
5849.5,6.15,-1.178
5849.75,5.345,-1.0539999999999998
5850.0,5.24,-1.23
5850.25,4.766,-1.19
5850.5,4.232,-1.16
5850.75,4.327,-1.15
5851.0,5.04,-1.2999999999999998
5851.25,4.86,-1.24
5851.5,5.02,-1.26
5851.75,4.76,-1.25
5852.0,4.85,-1.31
5852.25,4.93,-1.31
5852.5,4.22,-1.13
5852.75,3.091,-0.98
5853.0,3.235,-0.8200000000000001
5853.25,2.92,-0.76
5853.5,2.893,-0.8600000000000001
5853.75,2.723,-0.8500000000000001
5854.0,2.228,-0.62
5854.25,1.953,-0.75
5854.5,2.035,-0.69
5854.75,1.942,-0.73
5855.0,1.96,-0.71
5855.25,1.796,-0.71
5855.5,1.898,-0.6699999999999999
5855.75,1.875,-0.66
5856.0,1.886,-0.63
5856.25,1.841,-0.72
5856.5,1.829,-0.7
5856.75,1.814,-0.71
5857.0,1.852,-0.71
5857.25,1.824,-0.74
5857.5,1.888,-0.6799999999999999
5857.75,1.839,-0.6499999999999999
5858.0,2.0,-0.5417000000000001
5858.25,2.031,-0.504
5858.5,1.937,-0.52
5858.75,1.94,-0.5800000000000001
5859.0,1.825,-0.7
5859.25,1.823,-0.76
5859.5,1.858,-0.69
5859.75,2.155,-0.545
5860.0,1.815,-0.75
5860.25,1.847,-0.72
5860.5,1.904,-0.72
5860.75,1.884,-0.68
5861.0,1.9330000000000005,-0.66
5861.25,1.766,-0.73
5861.5,1.896,-0.69
5861.75,1.938,-0.69
5862.0,1.893,-0.64
5862.25,1.881,-0.5900000000000001
5862.5,1.844,-0.6599999999999999
5862.75,2.777,-0.235
5863.0,2.704,-0.81
5863.25,3.798,-0.2468
5863.5,6.07,0.2935
5863.75,6.45,-1.5699999999999998
5864.0,6.709999999999999,-1.7400000000000002
5864.25,11.37,-0.732
5864.5,12.12,-2.7
5864.75,16.09,-1.0790000000000002
5865.0,16.88,-0.374
5865.25,17.91,-0.299
5865.5,17.36,-2.09552
5865.75,17.73,-2.64
5866.0,18.94,-1.6880000000000002
5866.25,19.19,-1.63
5866.5,18.75,-2.41
5866.75,19.21,-1.93
5867.0,18.66,-1.814
5867.25,18.200000000000003,-2.27
5867.5,16.32,-3.1100000000000003
5867.75,15.69,-2.64
5868.0,16.33,-0.401
5868.25,12.88,-2.36
5868.5,15.97,-0.121
5868.75,15.62,-1.013
5869.0,15.84,-1.37
5869.25,17.15,-0.7170000000000001
5869.5,19.37,-0.568
5869.75,24.270000000000003,1.148
5870.0,26.7,0.005
5870.25,26.87,0.204
5870.5,25.97,0.5880000000000001
5870.75,26.22,0.0300000000000001
5871.0,25.24,0.205
5871.25,24.69,1.142
5871.5,24.38,0.6160000000000001
5871.75,23.54,-0.1600000000000001
5872.0,20.2,-0.9257
5872.25,18.46,-0.8340000000000001
5872.5,20.55,0.951
5872.75,18.39,0.0359999999999999
5873.0,15.59,0.724
5873.25,12.47,-0.0449999999999999
5873.5,13.3,1.3450000000000002
5873.75,9.59,-0.21
5874.0,6.18,-0.791
5874.25,6.3100000000000005,-0.67
5874.5,7.01,0.38
5874.75,6.59,-0.1409999999999999
5875.0,5.909999999999999,-0.599
5875.25,7.08,-0.6712
5875.5,8.7,-0.2089999999999999
5875.75,8.35,-0.813
5876.0,8.27,-1.01
5876.25,9.079999999999998,-0.815
5876.5,9.78,0.055
5876.75,7.57,-0.54
5877.0,6.41,-0.382
5877.25,6.28,-0.1489999999999999
5877.5,6.540000000000001,0.5
5877.75,4.526,-0.58
5878.0,4.33,-0.6699999999999999
5878.25,4.2170000000000005,-0.1747
5878.5,3.61,-0.45471
5878.75,3.641,-0.3979
5879.0,3.659,-0.431
5879.25,3.723,-0.385
5879.5,3.787,-0.428
5879.75,3.536,-0.433
5880.0,3.3080000000000003,-0.5680000000000001
5880.25,3.35,-0.489
5880.5,3.3629999999999995,-0.4222
5880.75,3.241,-0.3722
5881.0,3.141,-0.3954
5881.25,3.4519999999999995,-0.244
5881.5,3.121,-0.4042
5881.75,3.386,-0.2826
5882.0,2.801,-0.579
5882.25,3.361,-0.3099
5882.5,3.024,-0.4737
5882.75,3.066,-0.4538
5883.0,3.253,-0.338
5883.25,2.976,-0.4983
5883.5,3.111,-0.3773
5883.75,3.103,-0.42
5884.0,3.001,-0.4427
5884.25,3.027,-0.509
5884.5,3.131,-0.562
5884.75,3.051,-0.496
5885.0,3.024,-0.456
5885.25,3.031,-0.518
5885.5,3.031,-0.448
5885.75,3.01,-0.504
5886.0,2.916,-0.45435
5886.25,3.053,-0.4043
5886.5,3.127,-0.4059999999999999
5886.75,4.004,-0.1515999999999999
5887.0,4.0,-0.73
5887.25,5.55,-0.4221
5887.5,6.01,-1.21
5887.75,10.09,-0.9628
5888.0,13.04,-2.41
5888.25,13.779999999999998,-2.8600000000000003
5888.5,16.12,-1.61
5888.75,16.41,-2.63
5889.0,16.53,-2.94
5889.25,17.43,-3.02
5889.5,18.76,-1.67
5889.75,18.51,-2.59
5890.0,17.29,-2.43
5890.25,20.7,-0.891
5890.5,23.55,-0.7999999999999999
5890.75,24.49,-1.768
5891.0,26.59,0.2219999999999999
5891.25,26.54,0.681
5891.5,21.450000000000003,-0.8960000000000001
5891.75,19.82,-1.049
5892.0,14.55,-1.854
5892.25,13.32,-2.02
5892.5,12.91,-1.62
5892.75,13.93,-1.68
5893.0,16.05,-0.8011999999999999
5893.25,19.45,1.479
5893.5,18.05,-1.271
5893.75,24.43,0.915
5894.0,27.01,0.989
5894.25,25.7,0.6009699999999999
5894.5,25.35,0.9049
5894.75,25.55,0.5791000000000001
5895.0,22.54,0.3999999999999999
5895.25,22.93,2.696
5895.5,21.15,0.4935
5895.75,20.06,0.0349999999999999
5896.0,21.75,0.268
5896.25,22.65,0.50762
5896.5,22.64,0.7422
5896.75,21.3,0.7856
5897.0,17.63,0.9263
5897.25,13.71,0.266
5897.5,12.0,0.478
5897.75,12.0,0.5975
5898.0,12.919999999999998,-0.936
5898.25,10.57,-1.64
5898.5,9.33,-2.3
5898.75,7.720000000000001,-1.76
5899.0,7.41,-1.71
5899.25,7.62,-1.38
5899.5,7.26,-1.56
5899.75,6.949999999999999,-1.41
5900.0,5.64,-1.13
5900.25,4.04,-0.766
5900.5,3.234,-0.7170000000000001
5900.75,3.1500000000000004,-0.8300000000000001
5901.0,3.0900000000000003,-0.8600000000000001
5901.25,3.123,-0.8700000000000001
5901.5,3.245,-0.8300000000000001
5901.75,2.7509999999999994,-0.84
5902.0,2.684,-0.77
5902.25,2.42,-0.1648
5902.5,1.909,-0.5900000000000001
5902.75,2.06,-0.536
5903.0,1.885,-0.6100000000000001
5903.25,1.887,-0.6200000000000001
5903.5,2.022,-0.477
5903.75,1.915,-0.66
5904.0,2.035,-0.5900000000000001
5904.25,1.981,-0.6000000000000001
5904.5,1.957,-0.6200000000000001
5904.75,2.008,-0.5700000000000001
5905.0,1.918,-0.61
5905.25,1.909,-0.6100000000000001
5905.5,1.947,-0.6200000000000001
5905.75,1.961,-0.6300000000000001
5906.0,1.9490000000000005,-0.6200000000000001
5906.25,1.981,-0.6000000000000001
5906.5,1.876,-0.6400000000000001
5906.75,1.9370000000000005,-0.6000000000000001
5907.0,2.044,-0.479
5907.25,1.966,-0.61
5907.5,2.077,-0.489
5907.75,1.964,-0.6000000000000001
5908.0,2.002,-0.591
5908.25,2.0620000000000003,-0.48036
5908.5,2.004,-0.4785
5908.75,2.048,-0.48552
5909.0,1.975,-0.6200000000000001
5909.25,1.974,-0.63
5909.5,2.04,-0.55
5909.75,2.053,-0.54
5910.0,1.908,-0.6400000000000001
5910.25,2.027,-0.5900000000000001
5910.5,1.906,-0.6100000000000001
5910.75,2.876,-0.1472
5911.0,3.55,-0.353
5911.25,4.140000000000001,-0.43833
5911.5,4.57,-0.55
5911.75,4.48,-0.96
5912.0,5.21,-1.1
5912.25,9.39,-1.22
5912.5,15.56,-1.4700000000000002
5912.75,13.95,-0.7982
5913.0,12.96,-2.07
5913.25,14.16,-2.09
5913.5,14.39,-1.48
5913.75,14.169999999999998,-2.16
5914.0,14.08,-2.37
5914.25,13.8,-1.86
5914.5,14.51,-1.59
5914.75,13.56,-2.5
5915.0,13.91,-2.51
5915.25,14.52,-1.87
5915.5,12.97,-2.26
5915.75,14.14,-0.744
5916.0,14.69,-0.3889999999999999
5916.25,11.65,-1.1545
5916.5,10.27,-1.92
5916.75,12.36,-0.6000000000000001
5917.0,12.75,-0.448
5917.25,13.36,0.147
5917.5,12.17,-1.71
5917.75,13.86,-1.111
5918.0,13.48,-1.402
5918.25,13.69,-2.06
5918.5,13.75,-1.92
5918.75,14.84,-0.7330000000000001
5919.0,14.79,-1.64
5919.25,16.14,-1.46
5919.5,14.57,-1.72
5919.75,14.37,-0.968
5920.0,13.189999999999998,-1.97
5920.25,13.38,-2.05
5920.5,21.22,1.2654999999999998
5920.75,19.62,-0.303
5921.0,16.06,-0.5353
5921.25,14.8,0.2542
5921.5,10.54,0.063
5921.75,7.52,-1.2
5922.0,6.380000000000001,-1.5
5922.25,6.01,-0.743
5922.5,5.859999999999999,-0.282
5922.75,5.27,-0.89
5923.0,5.27,-0.95
5923.25,4.960000000000001,-0.6578999999999999
5923.5,5.49,-0.075
5923.75,4.79,-0.8700000000000001
5924.0,4.6,-1.04
5924.25,5.16,-0.5092
5924.5,5.3,-0.131
5924.75,3.414,-0.5469999999999999
5925.0,2.939,-0.8400000000000001
5925.25,3.695,-0.1439999999999999
5925.5,3.668,-0.1389999999999999
5925.75,2.972,-0.94
5926.0,2.982,-0.6040000000000001
5926.25,2.207,-0.74
5926.5,2.223,-0.76
5926.75,1.842,-0.72
5927.0,1.862,-0.6699999999999999
5927.25,1.872,-0.6799999999999999
5927.5,1.842,-0.71
5927.75,1.806,-0.69
5928.0,1.837,-0.74
5928.25,1.846,-0.6699999999999999
5928.5,1.865,-0.68
5928.75,1.995,-0.6799999999999999
5929.0,1.944,-0.63
5929.25,1.956,-0.5700000000000001
5929.5,2.007,-0.487
5929.75,1.952,-0.569
5930.0,1.984,-0.501
5930.25,1.967,-0.561
5930.5,1.988,-0.535
5930.75,1.987,-0.497
5931.0,2.021,-0.488
5931.25,2.008,-0.546
5931.5,1.81,-0.7
5931.75,1.829,-0.68
5932.0,1.854,-0.72
5932.25,1.911,-0.6799999999999999
5932.5,1.833,-0.73
5932.75,1.892,-0.66
5933.0,1.803,-0.7
5933.25,1.89,-0.7
5933.5,1.952,-0.66
5933.75,1.79,-0.73
5934.0,1.937,-0.67
5934.25,1.809,-0.74
5934.5,1.828,-0.69
5934.75,3.146,-0.278
5935.0,3.715,-1.07
5935.25,5.29,-0.49222
5935.5,6.0,-0.76
5935.75,6.15,-0.8993
5936.0,6.96,-1.036
5936.25,12.84,-1.24
5936.5,14.43,-2.22
5936.75,13.94,-2.27
5937.0,14.23,-2.22
5937.25,14.75,-2.87
5937.5,15.55,-2.62
5937.75,15.28,-2.14
5938.0,14.5,-2.46
5938.25,15.88,-1.91
5938.5,18.41,-2.6100000000000003
5938.75,18.48,-2.98
5939.0,17.15,-3.0900000000000003
5939.25,16.26,-3.3600000000000003
5939.5,16.57,-3.25
5939.75,15.68,-2.7
5940.0,14.62,-2.3000000000000003
5940.25,12.39,-0.81
5940.5,12.09,-1.49
5940.75,12.96,-1.68
5941.0,13.830000000000002,-1.84
5941.25,12.66,-1.49
5941.5,12.66,-0.421
5941.75,10.58,-2.31
5942.0,11.349999999999998,-1.94
5942.25,11.72,-1.91
5942.5,11.3,-2.4
5942.75,11.35,-2.43
5943.0,11.65,-2.03
5943.25,12.85,-0.89
5943.5,11.56,-1.72
5943.75,11.24,-2.01
5944.0,11.84,-2.0500000000000003
5944.25,11.08,-2.09
5944.5,11.52,-1.063
5944.75,10.65,-1.89
5945.0,8.030000000000001,-1.071
5945.25,6.98,-1.45
5945.5,6.42,-1.2999999999999998
5945.75,6.3,-1.21
5946.0,6.43,-0.684
5946.25,6.42,-0.692
5946.5,6.05,-1.09
5946.75,4.51,-0.876
5947.0,4.6,-0.923
5947.25,5.25,-0.233
5947.5,4.62,-0.90074
5947.75,3.963,-0.8061
5948.0,4.01,-0.147
5948.25,2.575,-0.3912
5948.5,2.485,-0.3938
5948.75,2.551,-0.4684
5949.0,2.502,-0.3807
5949.25,2.547,-0.3214
5949.5,2.472,-0.4462
5949.75,2.452,-0.4193
5950.0,2.462,-0.4264
5950.25,2.398,-0.4288999999999999
5950.5,2.42,-0.4710499999999999
5950.75,2.512,-0.3561999999999999
5951.0,2.5,-0.44261
5951.25,2.426,-0.4133
5951.5,2.385,-0.4896
5951.75,2.309,-0.4962
5952.0,2.388,-0.5204
5952.25,2.362,-0.4543
5952.5,2.2880000000000003,-0.5097
5952.75,2.422,-0.4642
5953.0,2.3469999999999995,-0.512
5953.25,2.349,-0.5549999999999999
5953.5,2.366,-0.5900000000000001
5953.75,2.319,-0.616
5954.0,2.269,-0.6799999999999999
5954.25,2.326,-0.589
5954.5,2.319,-0.6599999999999999
5954.75,2.3230000000000004,-0.63
5955.0,2.3150000000000004,-0.63
5955.25,2.342,-0.615
5955.5,2.268,-0.6699999999999999
5955.75,2.377,-0.51
5956.0,2.383,-0.5900000000000001
5956.25,2.3630000000000004,-0.5800000000000001
5956.5,2.322,-0.6399999999999999
5956.75,2.275,-0.64
5957.0,2.27,-0.65
5957.25,2.311,-0.606
5957.5,2.268,-0.6399999999999999
5957.75,2.49,-0.4733
5958.0,2.418,-0.4741999999999999
5958.25,2.398,-0.4373
5958.5,2.417,-0.4281
5958.75,2.52,-0.3781
5959.0,2.393,-0.4786
5959.25,2.402,-0.4605
5959.5,2.415,-0.4833
5959.75,2.457,-0.45
5960.0,2.2910000000000004,-0.63
5960.25,2.3,-0.605
5960.5,3.122,-0.87
5960.75,3.3000000000000003,-0.78
5961.0,3.506,-0.73
5961.25,3.528,-0.79
5961.5,3.559,-0.8
5961.75,3.898,-0.95
5962.0,6.487,-1.19
5962.25,5.86,-1.26
5962.5,5.981999999999999,-1.16
5962.75,5.85,-1.25
5963.0,5.776999999999999,-1.104
5963.25,5.699999999999999,-1.0426000000000002
5963.5,5.19,-0.9376
5963.75,3.3400000000000003,-0.6796
5964.0,3.43,-0.6267
5964.25,3.203,-0.63
5964.5,2.85,-0.5689
5964.75,2.813,-0.585
5965.0,2.87,-0.5631999999999999
5965.25,2.79,-0.5985
5965.5,3.253,-0.653
5965.75,3.093,-0.87
5966.0,3.16,-0.81
5966.25,3.122,-0.8300000000000001
5966.5,3.018,-0.72
5966.75,2.833,-0.73
5967.0,2.903,-0.702
5967.25,2.827,-0.78
5967.5,2.818,-0.75
5967.75,2.798,-0.75
5968.0,2.761,-0.73
5968.25,2.739,-0.73
5968.5,2.71,-0.65
5968.75,2.5170000000000003,-0.617
5969.0,2.6580000000000004,-0.4525
5969.25,2.72,-0.339
5969.5,2.627,-0.444
5969.75,2.5340000000000003,-0.394
5970.0,2.556,-0.202
5970.25,2.214,-0.305
5970.5,2.112,-0.3419999999999999
5970.75,2.235,-0.305
5971.0,2.135,-0.359
5971.25,2.21,-0.319
5971.5,2.217,-0.301
5971.75,2.18,-0.3821
5972.0,2.0380000000000003,-0.471
5972.25,2.15,-0.4456
5972.5,2.099,-0.476
5972.75,2.11,-0.4811499999999999
5973.0,2.15,-0.4780999999999999
5973.25,2.208,-0.3423
5973.5,2.171,-0.387
5973.75,2.134,-0.3985999999999999
5974.0,2.139,-0.4538
5974.25,2.2140000000000004,-0.4035999999999999
5974.5,2.135,-0.454
5974.75,2.176,-0.43
5975.0,2.23,-0.495
5975.25,2.178,-0.4
5975.5,2.205,-0.3429999999999999
5975.75,2.1820000000000004,-0.357
5976.0,2.154,-0.349
5976.25,2.24,-0.36
5976.5,2.223,-0.3399999999999999
5976.75,2.149,-0.341
5977.0,2.3070000000000004,-0.263
5977.25,2.271,-0.346
5977.5,2.1820000000000004,-0.336
5977.75,2.117,-0.4248
5978.0,2.082,-0.4776
5978.25,2.022,-0.525
5978.5,2.112,-0.4683
5978.75,2.031,-0.511
5979.0,2.1,-0.4871999999999999
5979.25,2.084,-0.48
5979.5,2.099,-0.44857
5979.75,2.103,-0.437
5980.0,2.073,-0.491
5980.25,2.0970000000000004,-0.4667
5980.5,2.035,-0.506
5980.75,2.135,-0.4395
5981.0,2.041,-0.519
5981.25,2.084,-0.47423
5981.5,2.109,-0.4246
5981.75,2.236,-0.309
5982.0,2.144,-0.357
5982.25,2.225,-0.284
5982.5,2.2350000000000003,-0.27
5982.75,2.155,-0.345
5983.0,2.2070000000000003,-0.292
5983.25,2.199,-0.326
5983.5,2.114,-0.4275
5983.75,2.032,-0.502
5984.0,2.096,-0.4367999999999999
5984.25,1.986,-0.509
5984.5,2.034,-0.4733
5984.75,2.117,-0.4523
5985.0,2.0940000000000003,-0.4037
5985.25,2.121,-0.483
5985.5,2.046,-0.469
5985.75,2.103,-0.36657
5986.0,2.047,-0.4059999999999999
5986.25,2.09,-0.435
5986.5,2.04,-0.4851999999999999
5986.75,2.027,-0.48241
5987.0,2.104,-0.361
5987.25,2.22,-0.273
5987.5,2.123,-0.333
5987.75,2.1870000000000003,-0.275
5988.0,2.154,-0.314
5988.25,2.15,-0.322
5988.5,2.087,-0.367
5988.75,2.133,-0.3419999999999999
5989.0,2.021,-0.4759
5989.25,2.008,-0.485
5989.5,2.045,-0.45759
5989.75,2.019,-0.474
5990.0,2.042,-0.4648
5990.25,2.0540000000000003,-0.447
5990.5,2.134,-0.387
5990.75,2.0,-0.488
5991.0,2.04,-0.46464
5991.25,2.022,-0.478
5991.5,2.066,-0.4639999999999999
5991.75,1.989,-0.505
5992.0,2.079,-0.4438999999999999
5992.25,2.057,-0.4118
5992.5,2.137,-0.328
5992.75,2.194,-0.301
5993.0,2.301,-0.14
5993.25,2.143,-0.317
5993.5,2.265,-0.26
5993.75,2.114,-0.346
5994.0,2.144,-0.327
5994.25,2.131,-0.3369999999999999
5994.5,2.219,-0.295
5994.75,2.113,-0.3339999999999999
5995.0,2.124,-0.352
5995.25,2.06,-0.4479
5995.5,2.079,-0.4362
5995.75,2.056,-0.449583
5996.0,2.053,-0.45333
5996.25,2.051,-0.4523
5996.5,2.022,-0.476
5996.75,2.103,-0.4376
5997.0,2.012,-0.488
5997.25,2.074,-0.4489999999999999
5997.5,2.08,-0.4592
5997.75,2.1630000000000003,-0.479
5998.0,2.129,-0.363
5998.25,2.243,-0.2934
5998.5,2.069,-0.4399999999999999
5998.75,2.119,-0.4113
5999.0,2.098,-0.4432999999999999
5999.25,2.212,-0.3349999999999999
5999.5,2.125,-0.367
5999.75,2.339,-0.152
6000.0,2.154,-0.32
6000.25,2.178,-0.309
6000.5,2.207,-0.304
6000.75,2.202,-0.282
6001.0,2.107,-0.379
6001.25,2.197,-0.3109999999999999
6001.5,2.137,-0.356
6001.75,2.175,-0.317
6002.0,2.0380000000000003,-0.478
6002.25,2.117,-0.4588
6002.5,2.004,-0.53
6002.75,2.071,-0.475
6003.0,2.1100000000000003,-0.442
6003.25,2.069,-0.459
6003.5,2.011,-0.504
6003.75,2.118,-0.4481
6004.0,2.033,-0.528
6004.25,2.084,-0.4855199999999999
6004.5,2.05,-0.5
6004.75,2.052,-0.4957
6005.0,2.01,-0.53
6005.25,2.108,-0.4528
6005.5,2.0380000000000003,-0.49
6005.75,2.163,-0.37724
6006.0,2.192,-0.3071
6006.25,2.169,-0.3399999999999999
6006.5,2.092,-0.377
6006.75,2.631,-0.3319999999999999
6007.0,3.47,0.2842
6007.25,5.11,0.9816
6007.5,4.710000000000001,-0.287
6007.75,5.34,-0.93
6008.0,7.829999999999999,-1.253
6008.25,9.89,-1.061
6008.5,13.68,-0.231
6008.75,14.689999999999998,-1.55
6009.0,14.07,-1.64
6009.25,13.18,-2.42
6009.5,12.74,-2.45
6009.75,12.48,-2.41
6010.0,12.92,-2.38
6010.25,14.86,-0.97
6010.5,15.12,-2.21
6010.75,15.46,-2.49
6011.0,15.07,-2.44
6011.25,15.07,-2.29
6011.5,13.010000000000002,-2.62
6011.75,11.86,-2.34
6012.0,11.53,-2.22
6012.25,11.95,-2.05
6012.5,11.55,-1.65
6012.75,11.82,-1.96
6013.0,12.89,-2.15
6013.25,13.7,-1.7600000000000002
6013.5,14.22,-2.01
6013.75,15.66,-2.23
6014.0,14.739999999999998,-3.13
6014.25,15.68,-2.37
6014.5,16.5,-2.76
6014.75,15.7,-3.06
6015.0,15.82,-1.95
6015.25,15.3,-1.23
6015.5,13.58,-1.93
6015.75,12.34,-1.9
6016.0,11.9,-2.23
6016.25,12.47,-1.81
6016.5,11.75,-2.3
6016.75,12.31,-1.24
6017.0,7.51,-1.43
6017.25,7.120000000000001,-0.922
6017.5,6.52,-1.41
6017.75,5.72,-1.26
6018.0,4.9,-1.1800000000000002
6018.25,4.84,-1.1
6018.5,4.8100000000000005,-1.15
6018.75,5.24,-1.22
6019.0,5.32,-0.78
6019.25,5.12,-0.756
6019.5,4.97,-0.728
6019.75,4.5,-1.16
6020.0,4.58,-0.654
6020.25,3.194,-0.8700000000000001
6020.5,2.8629999999999995,-0.92
6020.75,2.933,-0.84
6021.0,2.82,-0.91
6021.25,2.95,-0.73
6021.5,2.482,-0.78
6021.75,2.476,-0.77
6022.0,2.443,-0.78
6022.25,2.557,-0.71
6022.5,2.354,-0.73
6022.75,2.258,-0.61
6023.0,2.237,-0.6100000000000001
6023.25,2.117,-0.61
6023.5,1.986,-0.66
6023.75,2.011,-0.63
6024.0,1.988,-0.72
6024.25,2.022,-0.68
6024.5,2.014,-0.7000000000000001
6024.75,1.991,-0.6799999999999999
6025.0,2.107,-0.58
6025.25,2.007,-0.66
6025.5,1.952,-0.7000000000000001
6025.75,2.134,-0.55
6026.0,2.153,-0.468
6026.25,2.065,-0.5609999999999999
6026.5,2.106,-0.587
6026.75,1.965,-0.71
6027.0,1.991,-0.68
6027.25,2.018,-0.66
6027.5,2.078,-0.61
6027.75,2.013,-0.66
6028.0,2.037,-0.65
6028.25,1.968,-0.7000000000000001
6028.5,1.986,-0.68
6028.75,2.008,-0.66
6029.0,2.014,-0.65
6029.25,1.98,-0.6900000000000001
6029.5,2.066,-0.64
6029.75,1.986,-0.6900000000000001
6030.0,2.039,-0.62
6030.25,2.0540000000000003,-0.62
6030.5,2.058,-0.6
6030.75,3.88,0.5186000000000001
6031.0,2.8840000000000003,-0.79
6031.25,3.7,-0.17052
6031.5,5.01,-0.472
6031.75,4.85,-1.31
6032.0,7.609999999999999,-1.14
6032.25,10.26,-1.81
6032.5,13.27,-1.1
6032.75,13.18,-1.34
6033.0,12.9,-2.49
6033.25,13.73,-2.18
6033.5,14.31,-2.87
6033.75,15.420000000000002,-1.89
6034.0,14.91,-2.0
6034.25,15.4,-1.08
6034.5,14.419999999999998,-2.15
6034.75,13.95,-2.88
6035.0,14.87,-2.41
6035.25,14.79,-1.71
6035.5,14.8,-1.82
6035.75,14.91,-1.29
6036.0,12.43,-2.46
6036.25,11.19,-2.19
6036.5,13.57,-0.5700000000000001
6036.75,13.39,-1.56
6037.0,13.03,-1.52
6037.25,15.04,-1.1
6037.5,15.81,-0.605
6037.75,13.94,-1.95
6038.0,13.510000000000002,-2.34
6038.25,13.34,-2.79
6038.5,13.669999999999998,-2.5
6038.75,14.16,-2.66
6039.0,14.88,-2.42
6039.25,15.24,-1.58
6039.5,15.12,-1.196
6039.75,14.91,-1.294
6040.0,13.579999999999998,-2.4
6040.25,13.99,-1.92
6040.5,13.76,-1.671
6040.75,13.260000000000002,-1.83
6041.0,8.459999999999999,-1.82
6041.25,7.529999999999999,-1.53
6041.5,7.03,-0.245
6041.75,5.94,-0.87
6042.0,4.84,-1.03
6042.25,4.96,-0.69
6042.5,4.21,-1.23
6042.75,4.859999999999999,-0.8200000000000001
6043.0,4.77,-1.23
6043.25,4.66,-1.26
6043.5,4.53,-1.19
6043.75,4.390000000000001,-1.24
6044.0,4.44,-1.15
6044.25,4.69,-1.09
6044.5,4.54,-1.19
6044.75,4.58,-1.09
6045.0,4.27,-0.98
6045.25,4.048,-0.97
6045.5,4.53,-0.492
6045.75,3.722,-0.92
6046.0,3.59,-0.8
6046.25,3.495,-0.86
6046.5,3.67,-0.79
6046.75,2.752,-0.62
6047.0,2.469,-0.55
6047.25,2.486,-0.53
6047.5,2.356,-0.6599999999999999
6047.75,2.403,-0.63
6048.0,2.401,-0.6699999999999999
6048.25,2.401,-0.6399999999999999
6048.5,2.38,-0.6599999999999999
6048.75,2.444,-0.62
6049.0,2.424,-0.63
6049.25,2.486,-0.5900000000000001
6049.5,2.273,-0.77
6049.75,2.25,-0.8400000000000001
6050.0,2.299,-0.8200000000000001
6050.25,2.314,-0.8
6050.5,2.247,-0.8400000000000001
6050.75,2.334,-0.79
6051.0,2.292,-0.77
6051.25,2.274,-0.81
6051.5,2.346,-0.77
6051.75,2.326,-0.77
6052.0,2.302,-0.78
6052.25,2.276,-0.81
6052.5,2.319,-0.79
6052.75,2.231,-0.8400000000000001
6053.0,2.33,-0.79
6053.25,2.263,-0.8400000000000001
6053.5,2.284,-0.8
6053.75,2.371,-0.69
6054.0,2.39,-0.63
6054.25,2.417,-0.63
6054.5,2.467,-0.61
6054.75,3.339,-0.2313
6055.0,3.66,0.0557
6055.25,5.4,0.089
6055.5,5.77,-0.5613
6055.75,5.83,-1.35
6056.0,6.91,-1.19
6056.25,10.09,-0.6117999999999999
6056.5,12.92,-0.214
6056.75,12.05,-1.16
6057.0,11.3,-2.02
6057.25,12.06,-2.2
6057.5,12.71,-1.98
6057.75,12.28,-1.9
6058.0,12.47,-1.42
6058.25,11.29,-2.16
6058.5,14.65,-2.1
6058.75,15.34,-1.56
6059.0,13.22,-2.3000000000000003
6059.25,12.73,-2.51
6059.5,12.13,-2.45
6059.75,12.47,-1.57
6060.0,10.82,-2.37
6060.25,11.8,-1.47
6060.5,9.989999999999998,-0.5429999999999999
6060.75,8.85,-1.23
6061.0,9.19,-1.07
6061.25,9.13,-0.581
6061.5,12.3,-0.524
6061.75,11.09,-2.45
6062.0,12.06,-1.64
6062.25,12.25,-1.76
6062.5,12.04,-2.51
6062.75,12.56,-1.4900000000000002
6063.0,12.39,-1.24
6063.25,10.59,-1.49
6063.5,9.3,-2.01
6063.75,9.67,-1.6399999999999997
6064.0,9.39,-1.6999999999999995
6064.25,8.68,-1.97
6064.5,7.82,-1.97
6064.75,7.75,-1.86
6065.0,7.290000000000001,-1.24
6065.25,6.710000000000001,-0.875
6065.5,6.29,-0.99
6065.75,5.85,-1.4300000000000002
6066.0,5.5600000000000005,-1.39
6066.25,5.46,-1.38
6066.5,5.630000000000001,-1.17
6066.75,5.58,-1.4
6067.0,5.51,-1.36
6067.25,4.88,-1.26
6067.5,4.804,-1.24
6067.75,4.88,-1.24
6068.0,4.858,-1.31
6068.25,4.98,-1.28
6068.5,4.801,-1.26
6068.75,4.92,-0.651
6069.0,3.42,-0.8800000000000001
6069.25,3.201,-0.89
6069.5,3.038,-0.85
6069.75,2.997,-0.91
6070.0,2.906,-0.76
6070.25,2.871,-0.78
6070.5,2.405,-0.66
6070.75,2.351,-0.7000000000000001
6071.0,2.391,-0.68
6071.25,2.372,-0.69
6071.5,2.369,-0.67
6071.75,2.382,-0.6699999999999999
6072.0,2.335,-0.77
6072.25,2.363,-0.67
6072.5,2.297,-0.74
6072.75,2.2990000000000004,-0.7200000000000001
6073.0,2.327,-0.7100000000000001
6073.25,2.284,-0.74
6073.5,2.259,-0.77
6073.75,2.287,-0.72
6074.0,2.2430000000000003,-0.62
6074.25,2.24,-0.5900000000000001
6074.5,2.268,-0.68
6074.75,2.166,-0.73
6075.0,2.185,-0.73
6075.25,2.268,-0.6900000000000001
6075.5,2.147,-0.75
6075.75,2.247,-0.68
6076.0,2.169,-0.73
6076.25,2.251,-0.67
6076.5,2.241,-0.66
6076.75,2.221,-0.7000000000000001
6077.0,2.149,-0.74
6077.25,2.237,-0.67
6077.5,2.145,-0.76
6077.75,2.12,-0.75
6078.0,2.213,-0.68
6078.25,2.13,-0.74
6078.5,2.195,-0.6900000000000001
6078.75,3.1500000000000004,-0.1762
6079.0,3.7,-0.436
6079.25,3.94,-0.5489999999999999
6079.5,6.530000000000001,0.41605
6079.75,6.37,-1.03
6080.0,6.859999999999999,-1.5499999999999998
6080.25,7.42,-0.6908000000000001
6080.5,9.54,-0.517
6080.75,7.859999999999999,-1.79
6081.0,9.76,-0.7585000000000001
6081.25,9.06,-0.898
6081.5,9.33,-2.06
6081.75,10.59,-1.46
6082.0,12.32,-2.1
6082.25,14.48,-0.665
6082.5,14.31,-2.73
6082.75,14.28,-3.0700000000000003
6083.0,13.95,-2.78
6083.25,13.509999999999998,-3.01
6083.5,12.97,-3.01
6083.75,12.09,-2.27
6084.0,10.19,-1.66
6084.25,7.819999999999999,-1.7
6084.5,7.210000000000001,-1.57
6084.75,7.82,-1.5499999999999998
6085.0,8.18,-1.08
6085.25,8.530000000000001,-1.06
6085.5,8.98,-0.91
6085.75,9.5,-1.9
6086.0,10.93,-1.75
6086.25,10.64,-2.17
6086.5,11.21,-1.76
6086.75,10.99,-2.23
6087.0,10.99,-2.27
6087.25,10.52,-1.14
6087.5,9.8,-1.81
6087.75,10.7,-1.41
6088.0,9.39,-2.16
6088.25,8.969999999999999,-2.06
6088.5,9.45,-1.234
6088.75,9.71,-1.1749999999999998
6089.0,8.51,-1.2999999999999998
6089.25,7.51,-1.7
6089.5,8.18,-0.6799999999999999
6089.75,7.669999999999999,-0.686
6090.0,5.98,-1.02
6090.25,5.390000000000001,-1.32
6090.5,5.390000000000001,-1.16
6090.75,6.540000000000001,-0.438
6091.0,6.8100000000000005,-0.435
6091.25,7.35,0.569
6091.5,6.369999999999999,-0.8180000000000001
6091.75,6.3,-0.396
6092.0,6.0,-0.79
6092.25,3.632,-0.96
6092.5,4.151,-0.414
6092.75,4.282,-0.0939999999999999
6093.0,3.647,-0.79
6093.25,3.774,-0.75
6093.5,3.81,0.0592999999999999
6093.75,2.247,-0.52
6094.0,2.26,-0.511
6094.25,2.089,-0.5900000000000001
6094.5,2.188,-0.51
6094.75,2.144,-0.559
6095.0,2.111,-0.56
6095.25,2.088,-0.63
6095.5,1.977,-0.74
6095.75,2.092,-0.68
6096.0,2.076,-0.7000000000000001
6096.25,2.081,-0.68
6096.5,2.09,-0.66
6096.75,1.954,-0.81
6097.0,2.01,-0.76
6097.25,1.99,-0.76
6097.5,2.015,-0.74
6097.75,2.017,-0.72
6098.0,1.994,-0.76
6098.25,1.992,-0.74
6098.5,2.058,-0.7
6098.75,2.076,-0.69
6099.0,2.097,-0.61
6099.25,2.156,-0.551
6099.5,2.1,-0.6000000000000001
6099.75,2.2,-0.599
6100.0,2.174,-0.5710000000000001
6100.25,2.051,-0.63
6100.5,2.143,-0.63
6100.75,1.969,-0.7300000000000001
6101.0,2.067,-0.66
6101.25,2.08,-0.67
6101.5,2.007,-0.71
6101.75,2.043,-0.6900000000000001
6102.0,1.962,-0.74
6102.25,2.0,-0.69
6102.5,2.002,-0.71
6102.75,2.706,-0.245
6103.0,3.061,-0.77
6103.25,4.57,0.16503
6103.5,3.896,-1.02
6103.75,5.71,-1.23
6104.0,8.23,-1.59
6104.25,9.49,-0.499
6104.5,11.49,-2.06
6104.75,12.420000000000002,-1.7599999999999998
6105.0,12.2,-2.24
6105.25,13.23,-1.63
6105.5,15.169999999999998,-1.11
6105.75,13.560000000000002,-1.99
6106.0,12.55,-2.47
6106.25,14.06,-1.63
6106.5,16.03,-1.74
6106.75,15.36,-2.51
6107.0,14.37,-3.06
6107.25,14.29,-2.84
6107.5,12.84,-2.29
6107.75,11.92,-1.98
6108.0,11.65,-1.13
6108.25,10.98,-2.0
6108.5,11.9,-1.3
6108.75,12.329999999999998,-1.65
6109.0,11.78,-1.65
6109.25,10.89,-1.34
6109.5,10.61,-1.06
6109.75,10.78,-2.11
6110.0,11.5,-2.33
6110.25,13.03,-1.41
6110.5,12.37,-2.36
6110.75,12.47,-1.78
6111.0,12.13,-2.26
6111.25,12.87,-2.23
6111.5,11.94,-2.3000000000000003
6111.75,11.81,-1.4300000000000002
6112.0,11.13,-1.63
6112.25,11.51,-2.35
6112.5,11.41,-2.12
6112.75,10.68,-2.03
6113.0,8.4,-0.8960000000000001
6113.25,7.14,-1.62
6113.5,6.709999999999999,-1.57
6113.75,7.65,-0.745
6114.0,6.43,-1.48
6114.25,6.41,-1.45
6114.5,5.869999999999999,-1.49
6114.75,5.159,-1.3
6115.0,4.891,-1.28
6115.25,5.75,-0.4671
6115.5,5.096,-1.28
6115.75,4.505,-1.05
6116.0,4.95,-0.692
6116.25,2.85,-0.76
6116.5,2.05,-0.65
6116.75,2.021,-0.68
6117.0,2.048,-0.67
6117.25,2.044,-0.66
6117.5,2.029,-0.69
6117.75,2.034,-0.68
6118.0,1.932,-0.65
6118.25,1.772,-0.5900000000000001
6118.5,1.811,-0.58
6118.75,1.82,-0.57
6119.0,1.788,-0.61
6119.25,1.721,-0.65
6119.5,1.8,-0.6000000000000001
6119.75,1.7320000000000002,-0.6799999999999999
6120.0,1.833,-0.6399999999999999
6120.25,1.766,-0.6699999999999999
6120.5,1.727,-0.72
6120.75,1.843,-0.6499999999999999
6121.0,1.7950000000000002,-0.66
6121.25,1.873,-0.6
6121.5,1.7439999999999998,-0.69
6121.75,1.799,-0.6699999999999999
6122.0,1.803,-0.6599999999999999
6122.25,1.787,-0.6699999999999999
6122.5,1.815,-0.6499999999999999
6122.75,1.836,-0.6599999999999999
6123.0,1.803,-0.6599999999999999
6123.25,1.844,-0.6699999999999999
6123.5,1.833,-0.64
6123.75,1.803,-0.65
6124.0,1.87,-0.61
6124.25,1.758,-0.69
6124.5,1.818,-0.6699999999999999
6124.75,1.767,-0.66
6125.0,1.728,-0.64
6125.25,1.7990000000000002,-0.63
6125.5,1.711,-0.6900000000000001
6125.75,1.723,-0.67
6126.0,1.791,-0.59
6126.25,1.808,-0.57
6126.5,1.698,-0.66
6126.75,1.766,-0.62
6127.0,1.717,-0.67
6127.25,1.813,-0.63
6127.5,1.776,-0.55
6127.75,1.769,-0.5640000000000001
6128.0,4.08,-1.1
6128.25,5.72,-1.21
6128.5,5.720000000000001,-1.15
6128.75,5.369999999999999,-1.0
6129.0,5.41,-1.02
6129.25,5.31,-1.07
6129.5,5.359999999999999,-1.05
6129.75,6.05,-0.5219
6130.0,5.58,-1.02
6130.25,5.619999999999999,-1.1
6130.5,5.5600000000000005,-1.1
6130.75,5.72,-1.1
6131.0,5.61,-0.6968
6131.25,5.3100000000000005,-0.6389
6131.5,5.220000000000001,-0.728
6131.75,5.91,-1.15
6132.0,3.762000000000001,-0.92
6132.25,2.369,-0.71
6132.5,2.113,-0.7300000000000001
6132.75,2.185,-0.68
6133.0,2.2140000000000004,-0.75
6133.25,3.82,-1.19
6133.5,4.290000000000001,-1.28
6133.75,4.170999999999999,-1.25
6134.0,4.220000000000001,-1.22
6134.25,4.122,-1.3
6134.5,4.143000000000001,-1.25
6134.75,4.819999999999999,-0.757
6135.0,4.15,-1.27
6135.25,4.359999999999999,-1.35
6135.5,3.716,-1.0699999999999998
6135.75,3.667,-1.08
6136.0,3.704,-1.08
6136.25,4.67,-1.19
6136.5,2.717,-0.8800000000000001
6136.75,2.355,-0.69
6137.0,2.294,-0.74
6137.25,2.36,-0.69
6137.5,2.3,-0.73
6137.75,2.349,-0.77
6138.0,2.396,-0.66
6138.25,2.336,-0.68
6138.5,2.917,-0.128
6138.75,2.146,-0.64
6139.0,2.196,-0.61
6139.25,2.164,-0.66
6139.5,2.264,-0.495
6139.75,2.302,-0.471
6140.0,2.21,-0.56
6140.25,2.1790000000000003,-0.65
6140.5,2.175,-0.66
6140.75,2.156,-0.65
6141.0,2.115,-0.68
6141.25,2.224,-0.6
6141.5,2.151,-0.65
6141.75,2.158,-0.67
6142.0,2.166,-0.65
6142.25,2.095,-0.7100000000000001
6142.5,2.175,-0.66
6142.75,2.091,-0.7100000000000001
6143.0,2.177,-0.65
6143.25,2.128,-0.6900000000000001
6143.5,2.189,-0.65
6143.75,2.238,-0.63
6144.0,2.159,-0.67
6144.25,2.174,-0.67
6144.5,2.287,-0.5650000000000001
6144.75,2.155,-0.6900000000000001
6145.0,2.128,-0.7000000000000001
6145.25,2.168,-0.66
6145.5,2.129,-0.6900000000000001
6145.75,2.217,-0.67
6146.0,2.149,-0.7
6146.25,2.166,-0.68
6146.5,2.231,-0.63
6146.75,2.104,-0.74
6147.0,2.185,-0.68
6147.25,2.107,-0.73
6147.5,2.153,-0.69
6147.75,2.173,-0.68
6148.0,2.124,-0.6900000000000001
6148.25,2.125,-0.6900000000000001
6148.5,2.149,-0.6799999999999999
6148.75,2.1910000000000003,-0.63
6149.0,2.17,-0.66
6149.25,2.148,-0.68
6149.5,2.081,-0.73
6149.75,2.261,-0.542
6150.0,2.191,-0.5800000000000001
6150.25,2.244,-0.55
6150.5,2.133,-0.7
6150.75,2.193,-0.73
6151.0,2.305,-0.555
6151.25,2.221,-0.5630000000000001
6151.5,2.227,-0.58
6151.75,2.156,-0.67
6152.0,2.148,-0.67
6152.25,2.134,-0.68
6152.5,2.177,-0.64
6152.75,2.095,-0.7100000000000001
6153.0,2.191,-0.64
6153.25,2.132,-0.67
6153.5,2.118,-0.68
6153.75,2.237,-0.6
6154.0,2.135,-0.65
6154.25,2.1790000000000003,-0.63
6154.5,2.092,-0.73
6154.75,2.111,-0.6900000000000001
6155.0,2.1020000000000003,-0.7
6155.25,2.1180000000000003,-0.69
6155.5,2.0730000000000004,-0.72
6155.75,2.1420000000000003,-0.68
6156.0,2.2110000000000003,-0.573
6156.25,2.156,-0.66
6156.5,2.201,-0.62
6156.75,2.096,-0.68
6157.0,2.174,-0.66
6157.25,2.111,-0.73
6157.5,2.151,-0.68
6157.75,2.142,-0.68
6158.0,2.141,-0.67
6158.25,2.119,-0.6900000000000001
6158.5,2.142,-0.68
6158.75,2.18,-0.63
6159.0,2.2750000000000004,-0.52
6159.25,2.281,-0.496
6159.5,2.159,-0.5900000000000001
6159.75,2.174,-0.62
6160.0,2.055,-0.74
6160.25,2.156,-0.66
6160.5,2.081,-0.7200000000000001
6160.75,2.067,-0.7200000000000001
6161.0,2.146,-0.68
6161.25,2.17,-0.73
6161.5,2.215,-0.6
6161.75,2.185,-0.5920000000000001
6162.0,2.163,-0.65
6162.25,2.125,-0.68
6162.5,2.15,-0.66
6162.75,2.1049999999999995,-0.7100000000000001
6163.0,2.14,-0.6900000000000001
6163.25,2.192,-0.613
6163.5,2.206,-0.64
6163.75,2.18,-0.67
6164.0,2.136,-0.6799999999999999
6164.25,2.234,-0.6
6164.5,2.103,-0.7100000000000001
6164.75,2.191,-0.66
6165.0,2.162,-0.67
6165.25,2.124,-0.7100000000000001
6165.5,2.215,-0.65
6165.75,2.122,-0.7100000000000001
6166.0,2.246,-0.65
6166.25,2.142,-0.7100000000000001
6166.5,2.191,-0.63
6166.75,2.202,-0.63
6167.0,2.097,-0.7300000000000001
6167.25,2.163,-0.68
6167.5,2.113,-0.73
6167.75,2.226,-0.5900000000000001
6168.0,2.267,-0.56
6168.25,2.258,-0.54
6168.5,2.129,-0.7300000000000001
6168.75,2.183,-0.7000000000000001
6169.0,2.212,-0.65
6169.25,2.191,-0.69
6169.5,2.174,-0.7000000000000001
6169.75,2.097,-0.78
6170.0,2.317,-0.5730000000000001
6170.25,2.121,-0.74
6170.5,2.171,-0.7
6170.75,2.171,-0.7
6171.0,2.113,-0.73
6171.25,2.215,-0.66
6171.5,2.162,-0.69
6171.75,2.222,-0.65
6172.0,2.136,-0.7200000000000001
6172.25,2.169,-0.6900000000000001
6172.5,2.194,-0.6900000000000001
6172.75,2.13,-0.74
6173.0,2.152,-0.6900000000000001
6173.25,2.149,-0.7200000000000001
6173.5,2.159,-0.7000000000000001
6173.75,2.133,-0.73
6174.0,2.2670000000000003,-0.6699999999999999
6174.25,2.245,-0.5640000000000001
6174.5,2.207,-0.6040000000000001
6174.75,2.7380000000000004,-0.6699999999999999
6175.0,2.717,-0.81
6175.25,4.36,-0.0385
6175.5,5.24,-0.8200000000000001
6175.75,5.67,-1.07
6176.0,8.43,-0.955
6176.25,9.98,-1.35
6176.5,11.78,-0.7110000000000001
6176.75,11.87,-1.79
6177.0,14.07,-2.17
6177.25,13.3,-1.84
6177.5,13.99,-1.62
6177.75,14.74,-1.5
6178.0,13.650000000000002,-1.91
6178.25,15.260000000000002,-1.41
6178.5,17.01,-1.76
6178.75,16.29,-3.1
6179.0,16.39,-2.46
6179.25,15.22,-2.75
6179.5,13.720000000000002,-2.26
6179.75,13.91,-2.28
6180.0,12.920000000000002,-1.95
6180.25,13.13,-1.42
6180.5,12.82,-1.55
6180.75,12.95,-1.91
6181.0,14.169999999999998,-2.2
6181.25,14.37,-1.11
6181.5,15.919999999999998,-1.48
6181.75,15.19,-2.54
6182.0,14.67,-3.08
6182.25,16.560000000000002,-1.69
6182.5,15.69,-3.01
6182.75,15.650000000000002,-3.01
6183.0,14.44,-2.17
6183.25,13.09,-2.28
6183.5,12.7,-2.39
6183.75,13.31,-2.13
6184.0,13.130000000000004,-2.38
6184.25,12.7,-2.5500000000000003
6184.5,12.98,-1.93
6184.75,12.14,-1.96
6185.0,8.23,-1.81
6185.25,8.16,-0.99
6185.5,7.53,-1.2200000000000002
6185.75,7.050000000000001,-1.15
6186.0,6.62,-1.63
6186.25,6.33,-1.59
6186.5,5.869999999999999,-1.52
6186.75,5.6,-1.36
6187.0,5.19,-1.36
6187.25,4.82,-1.29
6187.5,4.5,-1.21
6187.75,4.39,-1.31
6188.0,4.49,-1.2
6188.25,4.28,-1.22
6188.5,2.717,-0.351
6188.75,1.727,-0.73
6189.0,1.809,-0.617
6189.25,1.794,-0.69
6189.5,1.6760000000000002,-0.76
6189.75,1.775,-0.71
6190.0,1.7200000000000002,-0.73
6190.25,1.681,-0.7
6190.5,1.669,-0.72
6190.75,1.706,-0.6799999999999999
6191.0,1.733,-0.649
6191.25,1.681,-0.73
6191.5,1.682,-0.72
6191.75,1.662,-0.74
6192.0,1.6920000000000002,-0.6890000000000001
6192.25,1.637,-0.77
6192.5,1.7279999999999998,-0.662
6192.75,1.703,-0.648
6193.0,1.6549999999999998,-0.72
6193.25,1.739,-0.64
6193.5,1.631,-0.73
6193.75,1.7159999999999995,-0.6699999999999999
6194.0,1.624,-0.76
6194.25,1.668,-0.73
6194.5,1.6829999999999998,-0.71
6194.75,1.6270000000000002,-0.738
6195.0,1.739,-0.6799999999999999
6195.25,1.624,-0.76
6195.5,1.734,-0.71
6195.75,1.7100000000000002,-0.69
6196.0,1.7399999999999998,-0.62
6196.25,1.861,-0.4639999999999999
6196.5,1.759,-0.567
6196.75,1.674,-0.71
6197.0,1.657,-0.73
6197.25,1.662,-0.71
6197.5,1.66,-0.72
6197.75,1.708,-0.75
6198.0,1.7040000000000002,-0.647
6198.25,1.781,-0.559
6198.5,1.73,-0.597
6198.75,2.272,-0.754
6199.0,2.821,-0.92
6199.25,4.06,-0.534
6199.5,5.08,-0.78
6199.75,5.84,-1.03
6200.0,9.04,-0.6950000000000001
6200.25,11.599999999999998,-2.3
6200.5,14.12,-0.679
6200.75,13.38,-1.46
6201.0,13.11,-1.29
6201.25,13.37,-1.7000000000000002
6201.5,13.84,-1.31
6201.75,13.01,-2.12
6202.0,12.84,-2.56
6202.25,13.95,-0.92
6202.5,14.14,-2.29
6202.75,16.83,-1.7
6203.0,17.15,-2.12
6203.25,15.97,-2.58
6203.5,16.66,-2.19
6203.75,15.9,-0.98
6204.0,12.93,-1.71
6204.25,13.7,-1.16
6204.5,13.45,-1.01
6204.75,11.07,-1.83
6205.0,12.63,-1.14
6205.25,15.69,0.3515
6205.5,17.08,-0.5762
6205.75,15.81,-2.51
6206.0,16.45,-2.94
6206.25,16.64,-3.06
6206.5,18.270000000000003,-2.53
6206.75,18.1,-2.45
6207.0,16.71,-2.41
6207.25,16.12,-2.02
6207.5,17.17,-0.787
6207.75,16.1,-1.536
6208.0,15.16,-2.57
6208.25,14.05,-2.55
6208.5,14.64,-1.828
6208.75,14.1,-1.409
6209.0,8.97,-1.4
6209.25,8.52,-1.5499999999999998
6209.5,8.93,-0.6340000000000001
6209.75,8.59,-0.55
6210.0,6.55,-1.13
6210.25,6.69,-0.98
6210.5,6.68,-0.573
6210.75,6.74,-0.269
6211.0,5.619999999999999,-1.28
6211.25,5.629999999999999,-1.24
6211.5,5.792,-0.8
6211.75,6.172000000000001,-0.2729999999999999
6212.0,5.296,-1.21
6212.25,6.0,-0.5627
6212.5,4.9510000000000005,-0.076
6212.75,4.423,-0.283
6213.0,3.793,-0.91
6213.25,3.873,-0.85
6213.5,3.318,-0.79
6213.75,3.22,-0.86
6214.0,3.326,-0.78
6214.25,3.093,-0.86
6214.5,2.841,-0.64
6214.75,2.8040000000000003,-0.65
6215.0,2.835,-0.5900000000000001
6215.25,2.789,-0.66
6215.5,2.698,-0.73
6215.75,2.807,-0.63
6216.0,2.734,-0.71
6216.25,2.728,-0.73
6216.5,2.742,-0.72
6216.75,2.782,-0.66
6217.0,2.787,-0.6799999999999999
6217.25,2.803,-0.6699999999999999
6217.5,2.834,-0.62
6217.75,2.765,-0.72
6218.0,2.774,-0.7
6218.25,2.816,-0.628
6218.5,2.824,-0.627
6218.75,2.731,-0.74
6219.0,2.789,-0.7
6219.25,2.761,-0.7
6219.5,2.762,-0.71
6219.75,2.824,-0.6599999999999999
6220.0,2.768,-0.6799999999999999
6220.25,2.83,-0.67
6220.5,2.725,-0.75
6220.75,2.784,-0.7
6221.0,2.812,-0.6799999999999999
6221.25,2.74,-0.74
6221.5,2.812,-0.6799999999999999
6221.75,2.751,-0.71
6222.0,2.774,-0.6699999999999999
6222.25,2.7960000000000003,-0.64
6222.5,2.8230000000000004,-0.6200000000000001
6222.75,4.28,-0.0996
6223.0,3.794,-0.93
6223.25,5.25,0.0017999999999999
6223.5,4.789999999999999,-0.73
6223.75,6.8100000000000005,-1.26
6224.0,7.19,-0.93
6224.25,11.1,-1.64
6224.5,13.489999999999998,-1.2
6224.75,13.0,-2.01
6225.0,12.71,-2.54
6225.25,13.64,-2.21
6225.5,14.82,-1.99
6225.75,14.759999999999998,-2.5
6226.0,14.66,-2.49
6226.25,14.189999999999998,-2.38
6226.5,16.900000000000002,-1.23
6226.75,15.47,-2.15
6227.0,15.43,-2.5
6227.25,15.23,-1.94
6227.5,12.95,-2.03
6227.75,12.47,-1.94
6228.0,12.47,-0.6970000000000001
6228.25,9.72,-1.73
6228.5,10.25,-1.82
6228.75,10.92,-1.89
6229.0,13.16,-0.94
6229.25,14.09,-0.4737
6229.5,17.09,-1.11
6229.75,16.630000000000003,-1.93
6230.0,16.52,-2.01
6230.25,16.68,-1.75
6230.5,16.83,-1.95
6230.75,16.7,-2.17
6231.0,16.63,-1.97
6231.25,15.91,-1.72
6231.5,16.66,-1.7699999999999998
6231.75,16.95,-2.52
6232.0,15.87,-2.42
6232.25,16.009999999999998,-2.05
6232.5,15.170000000000002,-2.1
6232.75,14.329999999999998,-2.08
6233.0,10.89,-1.4700000000000002
6233.25,9.68,-0.99
6233.5,7.960000000000001,-1.24
6233.75,8.219999999999999,-1.27
6234.0,8.57,-0.93
6234.25,7.96,-0.365
6234.5,6.7,-1.4500000000000002
6234.75,7.6,-0.6950000000000001
6235.0,8.4,0.05
6235.25,7.91,-0.2259999999999999
6235.5,7.31,-0.928
6235.75,6.449999999999999,-1.47
6236.0,6.49,-0.3169999999999999
6236.25,5.17,-0.2649999999999999
6236.5,4.800000000000001,-0.627
6236.75,3.69,-0.486
6237.0,4.62,0.326
6237.25,3.94,-0.229
6237.5,4.3100000000000005,-0.304
6237.75,3.77,-0.5640000000000001
6238.0,3.26,-0.8
6238.25,2.999,-0.78
6238.5,2.957,-0.1128
6238.75,2.483,-0.6799999999999999
6239.0,2.447,-0.6900000000000001
6239.25,2.547,-0.61
6239.5,2.374,-0.72
6239.75,2.485,-0.6799999999999999
6240.0,2.4240000000000004,-0.71
6240.25,2.46,-0.71
6240.5,2.495,-0.69
6240.75,2.477,-0.643
6241.0,2.282,-0.6000000000000001
6241.25,2.184,-0.6799999999999999
6241.5,2.284,-0.59
6241.75,2.183,-0.69
6242.0,2.178,-0.69
6242.25,2.198,-0.69
6242.5,2.33,-0.72
6242.75,2.492,-0.69
6243.0,2.418,-0.73
6243.25,2.458,-0.7
6243.5,2.441,-0.74
6243.75,2.518,-0.65
6244.0,2.497,-0.66
6244.25,2.583,-0.558
6244.5,2.4170000000000003,-0.73
6244.75,2.486,-0.69
6245.0,2.414,-0.74
6245.25,2.43,-0.71
6245.5,2.186,-0.6699999999999999
6245.75,2.106,-0.72
6246.0,2.209,-0.6399999999999999
6246.25,2.255,-0.6799999999999999
6246.5,2.37,-0.6399999999999999
6246.75,2.51,-0.7
6247.0,2.803,-0.8
6247.25,3.97,-0.1036999999999999
6247.5,3.306,-0.84
6247.75,5.41,-0.6293
6248.0,6.69,-1.19
6248.25,13.94,-0.347
6248.5,16.31,-0.0429999999999999
6248.75,15.03,-0.837
6249.0,14.02,-1.89
6249.25,14.12,-1.95
6249.5,16.18,-1.002
6249.75,15.56,-1.94
6250.0,16.259999999999998,-1.17
6250.25,16.919999999999998,-1.25
6250.5,21.81,0.53
6250.75,21.24,-0.671
6251.0,20.36,-1.91
6251.25,20.42,-1.54
6251.5,20.02,-1.143
6251.75,18.07,-1.6221
6252.0,16.94,-1.21
6252.25,16.0,-0.665
6252.5,15.06,0.18
6252.75,15.86,0.2239999999999999
6253.0,16.9,-0.578
6253.25,17.47,-0.452
6253.5,19.31,-0.1677999999999999
6253.75,23.89,-1.59
6254.0,19.21,-1.84
6254.25,19.630000000000003,-1.77
6254.5,20.38,-1.58
6254.75,20.87,-1.154
6255.0,18.65,-1.7400000000000002
6255.25,18.86,-1.186
6255.5,22.04,-0.3399999999999999
6255.75,21.28,-1.29
6256.0,21.73,-1.24
6256.25,19.58,-0.2850000000000001
6256.5,18.56,-0.0223999999999999
6256.75,17.86,-0.506
6257.0,14.73,-0.0736999999999999
6257.25,12.03,-0.29903
6257.5,9.18,-0.093
6257.75,6.239999999999999,-0.704
6258.0,4.76,-0.9
6258.25,4.38,-0.8
6258.5,4.739,-0.7310000000000001
6258.75,5.77,-0.191
6259.0,5.65,-1.14
6259.25,5.9,-1.1800000000000002
6259.5,7.08,-1.178
6259.75,7.01,-0.572
6260.0,6.220000000000001,-1.22
6260.25,6.04,-1.26
6260.5,6.187,-0.5389999999999999
6260.75,4.622,-0.0049999999999999
6261.0,3.388,-0.64
6261.25,3.173,-0.8
6261.5,3.511,-0.43
6261.75,3.064,-0.318
6262.0,2.3560000000000003,-0.5900000000000001
6262.25,2.028,-0.482
6262.5,2.002,-0.498
6262.75,1.994,-0.494
6263.0,2.005,-0.482
6263.25,2.03,-0.463
6263.5,1.982,-0.505
6263.75,1.966,-0.51
6264.0,2.006,-0.495
6264.25,1.957,-0.5289999999999999
6264.5,1.993,-0.518
6264.75,1.999,-0.504
6265.0,2.031,-0.4272399999999999
6265.25,1.958,-0.534
6265.5,2.019,-0.475
6265.75,2.023,-0.476
6266.0,1.987,-0.54
6266.25,1.975,-0.524
6266.5,1.976,-0.53
6266.75,1.978,-0.515
6267.0,1.95,-0.54
6267.25,1.977,-0.504
6267.5,2.004,-0.5249999999999999
6267.75,2.035,-0.473
6268.0,2.018,-0.472
6268.25,1.97,-0.534
6268.5,1.985,-0.502
6268.75,1.967,-0.5389999999999999
6269.0,2.007,-0.493
6269.25,1.946,-0.53
6269.5,2.11,-0.3697
6269.75,1.97,-0.51
6270.0,1.971,-0.5349999999999999
6270.25,2.02,-0.476
6270.5,1.987,-0.476
6270.75,3.481,0.29
6271.0,3.009,-0.524
6271.25,4.25,-0.1254
6271.5,4.071000000000001,-0.8600000000000001
6271.75,4.77,-0.499
6272.0,7.51,-0.8999999999999999
6272.25,10.2,-0.99
6272.5,12.56,-1.5499999999999998
6272.75,11.9,-2.02
6273.0,13.93,-1.58
6273.25,13.57,-1.79
6273.5,13.56,-2.19
6273.75,13.92,-2.09
6274.0,15.89,-1.73
6274.25,15.12,-1.72
6274.5,17.93,-0.8454999999999999
6274.75,18.13,-1.5699999999999998
6275.0,18.41,-1.47
6275.25,19.02,-0.97
6275.5,16.21,-1.86
6275.75,14.96,-1.84
6276.0,14.69,0.209
6276.25,13.089999999999998,-0.09
6276.5,10.81,-0.504
6276.75,10.35,-1.27
6277.0,11.02,-1.43
6277.25,12.46,-0.525
6277.5,14.22,-0.609
6277.75,13.739999999999998,-1.5
6278.0,14.71,-1.83
6278.25,17.93,-0.853
6278.5,18.07,-1.2919999999999998
6278.75,19.03,-1.21
6279.0,19.18,-1.2328
6279.25,21.49,1.34654
6279.5,19.59,0.2679999999999999
6279.75,18.29,-0.7040000000000001
6280.0,17.669999999999998,-1.21
6280.25,15.73,-1.082
6280.5,13.83,-0.746
6280.75,12.86,-1.356
6281.0,9.83,-0.9178
6281.25,8.22,-1.35
6281.5,8.459999999999999,-0.436
6281.75,14.589999999999998,2.037
6282.0,13.55,0.425
6282.25,11.79,-0.3179999999999999
6282.5,13.69,0.9012
6282.75,12.62,1.0404
6283.0,7.99,-1.02
6283.25,5.19,-1.38
6283.5,5.52,-1.0
6283.75,6.17,-0.1019999999999999
6284.0,5.01,-1.26
6284.25,4.33,-0.68
6284.5,3.997,-0.33
6284.75,4.181,-0.293
6285.0,3.474,-0.97
6285.25,3.441,-0.94
6285.5,4.189,0.1119999999999999
6285.75,3.567,-0.614
6286.0,2.287,-0.74
6286.25,2.14,-0.73
6286.5,2.258,-0.56
6286.75,2.212,-0.6100000000000001
6287.0,2.154,-0.64
6287.25,2.24,-0.61
6287.5,2.137,-0.6699999999999999
6287.75,2.249,-0.5900000000000001
6288.0,2.19,-0.6599999999999999
6288.25,2.188,-0.6599999999999999
6288.5,2.275,-0.55
6288.75,2.186,-0.64
6289.0,2.236,-0.6100000000000001
6289.25,2.192,-0.6399999999999999
6289.5,2.281,-0.5249999999999999
6289.75,2.135,-0.71
6290.0,2.059,-0.8200000000000001
6290.25,2.104,-0.77
6290.5,2.082,-0.8
6290.75,2.118,-0.76
6291.0,2.143,-0.73
6291.25,2.117,-0.77
6291.5,2.14,-0.78
6291.75,2.158,-0.77
6292.0,2.06,-0.8300000000000001
6292.25,2.143,-0.75
6292.5,2.057,-0.8200000000000001
6292.75,2.123,-0.76
6293.0,2.151,-0.74
6293.25,2.112,-0.77
6293.5,2.303,-0.5658
6293.75,2.1500000000000004,-0.6799999999999999
6294.0,2.269,-0.5800000000000001
6294.25,2.196,-0.6399999999999999
6294.5,2.196,-0.6299999999999999
6294.75,2.202,-0.61
6295.0,2.188,-0.6599999999999999
6295.25,2.221,-0.6
6295.5,2.25,-0.5800000000000001
6295.75,2.239,-0.6
6296.0,2.217,-0.61
6296.25,2.181,-0.6399999999999999
6296.5,2.189,-0.62
6296.75,2.176,-0.6699999999999999
6297.0,2.658,-0.36
6297.25,3.371,0.1469999999999999
6297.5,2.932,-0.377
6297.75,2.597,-0.71
6298.0,2.622,-0.7050000000000001
6298.25,3.416,0.086
6298.5,2.938,-0.493
6298.75,2.518,-0.92
6299.0,2.683,-0.786
6299.25,3.428,0.023
6299.5,2.498,-0.575
6299.75,2.09,-0.79
6300.0,2.023,-0.8200000000000001
6300.25,2.226,-0.643
6300.5,2.111,-0.74
6300.75,2.168,-0.65
6301.0,2.182,-0.6299999999999999
6301.25,2.16,-0.6599999999999999
6301.5,2.179,-0.6399999999999999
6301.75,2.18,-0.6499999999999999
6302.0,2.047,-0.8300000000000001
6302.25,2.076,-0.78
6302.5,4.390000000000001,0.6200000000000001
6302.75,4.987,0.9599999999999996
6303.0,3.093,-0.449
6303.25,2.43,-0.93
6303.5,2.5170000000000003,-0.89
6303.75,2.435,-0.94
6304.0,2.5050000000000003,-0.89
6304.25,2.533,-0.86
6304.5,2.446,-0.94
6304.75,2.528,-0.87
6305.0,2.452,-0.91
6305.25,2.56,-0.81
6305.5,2.556,-0.764
6305.75,2.45,-0.88
6306.0,2.5780000000000003,-0.75
6306.25,2.531,-0.76
6306.5,2.6100000000000003,-0.72
6306.75,2.569,-0.75
6307.0,2.535,-0.88
6307.25,2.464,-0.96
6307.5,2.264,-0.74
6307.75,2.3360000000000003,-0.6699999999999999
6308.0,2.133,-0.76
6308.25,2.165,-0.728
6308.5,2.105,-0.8400000000000001
6308.75,2.058,-0.8500000000000001
6309.0,2.101,-0.8
6309.25,2.098,-0.8200000000000001
6309.5,2.045,-0.8500000000000001
6309.75,2.14,-0.79
6310.0,2.109,-0.79
6310.25,2.147,-0.76
6310.5,2.053,-0.8500000000000001
6310.75,2.095,-0.81
6311.0,2.2270000000000003,-0.687
6311.25,2.039,-0.8599999999999999
6311.5,2.142,-0.79
6311.75,2.037,-0.8700000000000001
6312.0,2.272,-0.61
6312.25,2.236,-0.64
6312.5,2.255,-0.63
6312.75,2.21,-0.6900000000000001
6313.0,2.064,-0.8700000000000001
6313.25,2.105,-0.8200000000000001
6313.5,2.045,-0.8600000000000001
6313.75,2.199,-0.698
6314.0,2.104,-0.8
6314.25,2.0620000000000003,-0.8600000000000001
6314.5,2.106,-0.8200000000000001
6314.75,2.119,-0.8
6315.0,2.138,-0.77
6315.25,2.115,-0.81
6315.5,2.046,-0.8700000000000001
6315.75,2.108,-0.8200000000000001
6316.0,2.069,-0.8600000000000001
6316.25,2.099,-0.8200000000000001
6316.5,2.1710000000000003,-0.738
6316.75,2.059,-0.8600000000000001
6317.0,2.12,-0.81
6317.25,2.112,-0.81
6317.5,2.188,-0.76
6317.75,2.124,-0.8800000000000001
6318.0,2.1710000000000003,-0.74
6318.25,2.281,-0.5700000000000001
6318.5,2.196,-0.64
6318.75,2.244,-0.62
6319.0,2.051,-0.8200000000000001
6319.25,2.106,-0.8
6319.5,2.16,-0.718
6319.75,2.133,-0.74
6320.0,2.184,-0.72
6320.25,2.019,-0.8600000000000001
6320.5,2.1340000000000003,-0.78
6320.75,2.013,-0.8600000000000001
6321.0,2.101,-0.79
6321.25,2.0620000000000003,-0.81
6321.5,2.049,-0.8300000000000001
6321.75,2.111,-0.77
6322.0,2.009,-0.8400000000000001
6322.25,2.157,-0.73
6322.5,2.13,-0.6970000000000001
6322.75,2.156,-0.76
6323.0,2.0780000000000003,-0.8300000000000001
6323.25,2.083,-0.8300000000000001
6323.5,2.13,-0.79
6323.75,2.093,-0.8400000000000001
6324.0,2.151,-0.79
6324.25,2.03,-0.8500000000000001
6324.5,2.1670000000000003,-0.75
6324.75,2.212,-0.65
6325.0,2.252,-0.6
6325.25,2.22,-0.6499999999999999
6325.5,2.262,-0.586
6325.75,2.114,-0.76
6326.0,2.092,-0.8
6326.25,2.094,-0.8
6326.5,2.068,-0.8200000000000001
6326.75,2.063,-0.8300000000000001
6327.0,2.125,-0.76
6327.25,2.113,-0.78
6327.5,2.103,-0.78
6327.75,2.06,-0.8300000000000001
6328.0,1.991,-0.79
6328.25,2.008,-0.77
6328.5,2.12,-0.6618999999999999
6328.75,2.019,-0.8
6329.0,1.997,-0.8200000000000001
6329.25,2.016,-0.77
6329.5,2.083,-0.72
6329.75,2.044,-0.74
6330.0,2.071,-0.73
6330.25,1.977,-0.8200000000000001
6330.5,2.013,-0.76
6330.75,1.973,-0.8
6331.0,1.992,-0.78
6331.25,2.042,-0.72
6331.5,2.137,-0.5529999999999999
6331.75,2.182,-0.56
6332.0,2.1,-0.61
6332.25,2.128,-0.62
6332.5,1.965,-0.79
6332.75,1.994,-0.76
6333.0,2.0330000000000004,-0.76
6333.25,1.96,-0.79
6333.5,2.028,-0.76
6333.75,1.949,-0.81
6334.0,2.021,-0.76
6334.25,2.022,-0.7409999999999999
6334.5,2.149,-0.66
6334.75,2.112,-0.7
6335.0,1.989,-0.8
6335.25,2.065,-0.75
6335.5,1.965,-0.81
6335.75,2.054,-0.77
6336.0,1.969,-0.8300000000000001
6336.25,2.017,-0.79
6336.5,2.047,-0.78
6336.75,1.998,-0.81
6337.0,2.143,-0.71
6337.25,2.037,-0.74
6337.5,2.151,-0.645
6337.75,1.981,-0.8200000000000001
6338.0,2.042,-0.78
6338.25,2.16,-0.6100000000000001
6338.5,2.094,-0.6599999999999999
6338.75,2.178,-0.6000000000000001
6339.0,2.024,-0.75
6339.25,2.118,-0.73
6339.5,2.014,-0.77
6339.75,2.088,-0.73
6340.0,2.033,-0.78
6340.25,1.988,-0.81
6340.5,2.131,-0.69
6340.75,2.018,-0.749
6341.0,2.091,-0.74
6341.25,1.954,-0.8400000000000001
6341.5,2.044,-0.78
6341.75,2.016,-0.8
6342.0,2.058,-0.72
6342.25,2.077,-0.72
6342.5,1.933,-0.8300000000000001
6342.75,3.434,0.0743569999999999
6343.0,3.22,-0.6
6343.25,4.96,-0.437
6343.5,4.67,-1.03
6343.75,6.25,-0.406
6344.0,7.31,-1.59
6344.25,11.01,-1.2
6344.5,11.54,-2.46
6344.75,13.19,-1.33
6345.0,12.79,-1.87
6345.25,12.9,-1.7
6345.5,12.88,-1.5299999999999998
6345.75,11.77,-2.65
6346.0,12.28,-2.69
6346.25,14.3,-1.58
6346.5,14.34,-2.55
6346.75,14.53,-2.72
6347.0,15.080000000000002,-2.62
6347.25,12.86,-2.8600000000000003
6347.5,12.42,-2.22
6347.75,12.01,-2.4400000000000004
6348.0,13.05,-1.11
6348.25,13.08,-0.428
6348.5,11.17,-1.39
6348.75,10.4,-1.81
6349.0,11.54,-1.79
6349.25,12.93,-0.66
6349.5,14.2,-1.1
6349.75,13.6,-2.66
6350.0,14.31,-2.38
6350.25,14.78,-2.17
6350.5,14.21,-2.33
6350.75,15.37,-3.09
6351.0,15.53,-2.26
6351.25,15.02,-2.8
6351.5,15.43,-2.27
6351.75,14.75,-1.4700000000000002
6352.0,13.39,-2.13
6352.25,13.47,-1.55
6352.5,12.95,-2.21
6352.75,12.72,-1.92
6353.0,9.05,-1.4300000000000002
6353.25,7.39,-1.35
6353.5,6.79,-1.23
6353.75,6.17,-1.32
6354.0,6.42,-1.04
6354.25,5.6000000000000005,-1.05
6354.5,5.38,-1.09
6354.75,5.33,-1.16
6355.0,5.44,-1.04
6355.25,5.050000000000001,-1.12
6355.5,5.15,-0.97
6355.75,4.89,-1.13
6356.0,4.79,-1.1
6356.25,4.8,-0.322
6356.5,3.1630000000000003,-0.74
6356.75,3.045,-0.7000000000000001
6357.0,3.143,-0.6599999999999999
6357.25,3.12,-0.74
6357.5,3.1460000000000004,-0.71
6357.75,3.038,-0.73
6358.0,3.036,-0.69
6358.25,3.106,-0.247
6358.5,2.237,-0.3653
6358.75,2.1950000000000003,-0.403
6359.0,2.1790000000000003,-0.434
6359.25,2.157,-0.481
6359.5,2.067,-0.529
6359.75,2.167,-0.474
6360.0,2.092,-0.538
6360.25,2.181,-0.49
6360.5,2.068,-0.55
6360.75,2.178,-0.49
6361.0,2.109,-0.524
6361.25,2.17,-0.48
6361.5,2.18,-0.47
6361.75,2.104,-0.52
6362.0,2.121,-0.53
6362.25,2.129,-0.56
6362.5,2.144,-0.52
6362.75,2.12,-0.5229999999999999
6363.0,2.21,-0.42762
6363.25,2.06,-0.56
6363.5,2.179,-0.46
6363.75,2.119,-0.52
6364.0,2.202,-0.445
6364.25,2.081,-0.54
6364.5,2.125,-0.498
6364.75,2.099,-0.531
6365.0,2.129,-0.5
6365.25,2.1020000000000003,-0.55
6365.5,2.104,-0.53
6365.75,2.101,-0.52
6366.0,2.117,-0.509
6366.25,2.162,-0.452
6366.5,2.121,-0.475
6366.75,3.426,0.5598
6367.0,2.627,-0.6699999999999999
6367.25,3.316,-0.7
6367.5,4.0600000000000005,-0.7150000000000001
6367.75,5.17,-0.6699999999999999
6368.0,6.66,-0.532
6368.25,10.23,-1.25
6368.5,11.34,-1.08
6368.75,13.89,-2.71
6369.0,15.89,-2.75
6369.25,15.62,-2.29
6369.5,14.8,-3.29
6369.75,15.16,-3.18
6370.0,14.78,-2.7
6370.25,15.11,-2.28
6370.5,16.86,-2.03
6370.75,17.22,-2.58
6371.0,17.15,-2.76
6371.25,17.0,-3.3
6371.5,16.43,-2.79
6371.75,15.25,-2.45
6372.0,13.5,-2.34
6372.25,12.56,-1.9
6372.5,11.02,-1.93
6372.75,12.07,-1.84
6373.0,12.28,-1.58
6373.25,13.669999999999998,-0.66
6373.5,17.06,0.168
6373.75,16.299999999999997,-1.64
6374.0,15.98,-1.74
6374.25,16.03,-2.37
6374.5,15.34,-2.2
6374.75,15.69,-2.15
6375.0,16.55,-1.51
6375.25,15.43,-1.72
6375.5,15.080000000000002,-0.8450000000000001
6375.75,14.18,-0.777
6376.0,13.93,-1.063
6376.25,14.04,-1.51
6376.5,13.260000000000002,-1.44
6376.75,13.34,-0.7809999999999999
6377.0,9.47,-0.548
6377.25,7.85,-0.6739999999999999
6377.5,6.74,-1.0
6377.75,6.94,-0.187
6378.0,6.08,-0.633
6378.25,5.16,-0.97
6378.5,5.59,-0.99
6378.75,6.22,-0.343
6379.0,5.38,-0.526
6379.25,4.470000000000001,-1.08
6379.5,4.44,-0.99
6379.75,5.08,-0.245
6380.0,4.99,-0.423
6380.25,4.48,-1.07
6380.5,4.0,-0.418
6380.75,3.827,0.1
6381.0,3.5440000000000005,-0.257
6381.25,3.13,-0.74
6381.5,3.576,-0.431
6381.75,3.788,0.1129999999999999
6382.0,3.221,-0.4467
6382.25,2.3840000000000003,-0.63
6382.5,2.222,-0.6000000000000001
6382.75,2.244,-0.4600000000000001
6383.0,2.1820000000000004,-0.513
6383.25,2.23,-0.508
6383.5,2.1660000000000004,-0.534
6383.75,2.38,-0.3554
6384.0,2.176,-0.54
6384.25,2.194,-0.54
6384.5,2.172,-0.5700000000000001
6384.75,2.208,-0.54
6385.0,2.205,-0.55
6385.25,2.229,-0.53
6385.5,2.189,-0.5800000000000001
6385.75,2.261,-0.54
6386.0,2.26,-0.49
6386.25,2.249,-0.51
6386.5,2.217,-0.53
6386.75,2.153,-0.5800000000000001
6387.0,2.244,-0.51
6387.25,2.151,-0.5800000000000001
6387.5,2.209,-0.55
6387.75,2.161,-0.5700000000000001
6388.0,2.223,-0.54
6388.25,2.215,-0.5800000000000001
6388.5,2.26,-0.51
6388.75,2.21,-0.52
6389.0,2.279,-0.48
6389.25,2.145,-0.6000000000000001
6389.5,2.221,-0.54
6389.75,2.162,-0.56
6390.0,2.143,-0.5800000000000001
6390.25,2.205,-0.54
6390.5,2.1050000000000004,-0.62
6390.75,2.624,-0.5900000000000001
6391.0,3.519,-0.404
6391.25,5.16,-0.3399999999999999
6391.5,6.250000000000001,-0.73
6391.75,6.91,-0.364
6392.0,7.13,-0.99
6392.25,12.41,-0.79
6392.5,15.37,-1.35
6392.75,13.880000000000004,-1.85
6393.0,13.97,-1.4700000000000002
6393.25,13.66,-2.12
6393.5,15.72,-0.788
6393.75,15.96,-1.147
6394.0,14.68,-1.81
6394.25,15.28,-1.75
6394.5,15.68,-2.12
6394.75,15.8,-1.515
6395.0,15.15,-1.49
6395.25,13.75,-2.55
6395.5,14.15,-1.69
6395.75,12.93,-2.01
6396.0,11.81,-1.67
6396.25,11.55,-1.4300000000000002
6396.5,13.65,-1.54
6396.75,14.04,-2.44
6397.0,13.12,-2.32
6397.25,14.1,-1.73
6397.5,15.489999999999998,-1.63
6397.75,16.27,-2.28
6398.0,15.52,-3.2
6398.25,15.02,-2.89
6398.5,15.12,-3.3000000000000003
6398.75,16.259999999999998,-2.8
6399.0,15.82,-3.4000000000000004
6399.25,15.84,-2.56
6399.5,15.65,-3.3
6399.75,16.45,-2.55
6400.0,15.93,-3.2
6400.25,15.13,-3.16
6400.5,15.02,-2.34
6400.75,12.13,-2.47
6401.0,8.79,-1.08
6401.25,7.18,-1.46
6401.5,7.37,-0.9
6401.75,6.870000000000001,-1.23
6402.0,6.24,-1.15
6402.25,5.97,-1.14
6402.5,6.4,-0.8780000000000001
6402.75,5.98,-1.2599999999999998
6403.0,5.59,-1.02
6403.25,5.191,-1.24
6403.5,5.462,-1.04
6403.75,5.491,-1.0699999999999998
6404.0,5.393000000000001,-1.13
6404.25,5.71,-0.71
6404.5,4.011,-1.19
6404.75,3.378,-1.02
6405.0,2.891,-1.0
6405.25,2.787,-0.98
6405.5,2.869,-0.94
6405.75,2.717,-1.02
6406.0,2.586,-0.8800000000000001
6406.25,1.934,-0.71
6406.5,2.006,-0.5800000000000001
6406.75,1.982,-0.6100000000000001
6407.0,1.982,-0.5900000000000001
6407.25,1.852,-0.76
6407.5,1.943,-0.78
6407.75,1.8480000000000003,-0.8400000000000001
6408.0,1.937,-0.77
6408.25,1.853,-0.81
6408.5,1.894,-0.76
6408.75,1.972,-0.72
6409.0,1.865,-0.78
6409.25,1.882,-0.79
6409.5,1.861,-0.8
6409.75,1.894,-0.76
6410.0,1.876,-0.8
6410.25,1.881,-0.78
6410.5,1.829,-0.8300000000000001
6410.75,1.934,-0.74
6411.0,1.853,-0.81
6411.25,1.959,-0.72
6411.5,1.865,-0.79
6411.75,1.911,-0.76
6412.0,1.876,-0.79
6412.25,1.874,-0.79
6412.5,1.864,-0.79
6412.75,2.037,-0.5900000000000001
6413.0,1.951,-0.6599999999999999
6413.25,1.997,-0.6499999999999999
6413.5,1.875,-0.78
6413.75,1.958,-0.71
6414.0,1.921,-0.74
6414.25,1.855,-0.78
6414.5,1.946,-0.74
6414.75,2.134,-0.76
6415.0,2.719,-0.52
6415.25,3.172,-0.61
6415.5,3.395,-1.01
6415.75,3.92,-0.75
6416.0,5.539999999999999,-0.97
6416.25,9.42,-0.98
6416.5,10.81,-1.13
6416.75,13.8,-2.73
6417.0,12.21,-2.59
6417.25,13.03,-1.35
6417.5,12.57,-1.51
6417.75,11.88,-1.9
6418.0,11.26,-2.3
6418.25,12.510000000000002,-0.8
6418.5,12.84,-1.53
6418.75,12.33,-2.49
6419.0,12.27,-2.53
6419.25,12.74,-1.88
6419.5,12.04,-2.43
6419.75,12.19,-2.26
6420.0,11.64,-1.65
6420.25,10.97,-1.54
6420.5,10.12,-1.3
6420.75,9.48,-1.43
6421.0,9.35,-1.86
6421.25,9.99,-1.49
6421.5,11.98,-1.56
6421.75,11.670000000000002,-1.39
6422.0,13.63,-0.76
6422.25,14.09,-1.166
6422.5,14.14,-0.7939999999999999
6422.75,13.71,-1.23
6423.0,14.53,-0.855
6423.25,12.669999999999998,-1.6
6423.5,14.58,-0.0419999999999999
6423.75,14.07,-0.659
6424.0,12.86,-2.01
6424.25,13.42,-1.56
6424.5,13.63,-1.241
6424.75,12.09,-2.1
6425.0,8.89,-1.34
6425.25,7.91,-1.147
6425.5,6.970000000000001,-0.65
6425.75,6.71,-1.0207
6426.0,5.6000000000000005,-1.22
6426.25,4.619999999999999,-1.3
6426.5,4.91,-0.98
6426.75,5.59,-0.1999999999999999
6427.0,5.1,-0.598
6427.25,4.5,-1.13
6427.5,4.92,-0.708
6427.75,5.390000000000001,-0.1
6428.0,4.4,-0.991
6428.25,3.99,-1.11
6428.5,4.720000000000001,0.27
6428.75,3.934,0.012
6429.0,3.172,-0.802
6429.25,3.278,-0.7102999999999999
6429.5,4.004,0.22
6429.75,3.427,-0.376
6430.0,2.936,-0.8196
6430.25,2.338,-0.83
6430.5,2.005,-0.81
6430.75,2.034,-0.77
6431.0,2.026,-0.786
6431.25,2.021,-0.79
6431.5,2.027,-0.79
6431.75,2.158,-0.678
6432.0,2.035,-0.8
6432.25,2.164,-0.6748000000000001
6432.5,2.081,-0.7250000000000001
6432.75,2.18,-0.599
6433.0,2.35,-0.5349999999999999
6433.25,2.0540000000000003,-0.73
6433.5,2.0540000000000003,-0.766
6433.75,2.07,-0.7929999999999999
6434.0,2.1,-0.77
6434.25,2.075,-0.77
6434.5,2.105,-0.73
6434.75,1.98,-0.8200000000000001
6435.0,2.119,-0.8
6435.25,2.023,-0.764
6435.5,2.118,-0.6757
6435.75,2.049,-0.752
6436.0,2.041,-0.76
6436.25,2.029,-0.77
6436.5,2.084,-0.726
6436.75,2.039,-0.754
6437.0,2.141,-0.6890000000000001
6437.25,1.996,-0.8
6437.5,2.047,-0.7569999999999999
6437.75,2.0170000000000003,-0.786
6438.0,2.037,-0.744
6438.25,2.03,-0.771
6438.5,2.045,-0.758
6438.75,3.423,-0.2525
6439.0,3.111,-0.317
6439.25,4.84,-0.1562
6439.5,4.38,-1.19
6439.75,5.23,-0.9000000000000001
6440.0,7.07,-0.03367
6440.25,9.62,-1.5699999999999998
6440.5,11.5,-1.4300000000000002
6440.75,12.8,-1.56
6441.0,12.61,-1.95
6441.25,14.11,-2.03
6441.5,13.739999999999998,-2.63
6441.75,13.37,-2.58
6442.0,13.060000000000002,-2.59
6442.25,14.18,-1.83
6442.5,13.88,-2.5
6442.75,15.32,-2.2
6443.0,14.29,-2.53
6443.25,14.34,-1.98
6443.5,13.56,-2.59
6443.75,12.08,-2.44
6444.0,10.57,-1.94
6444.25,11.94,-0.069
6444.5,11.49,0.185
6444.75,10.66,-0.5509999999999999
6445.0,9.27,-1.73
6445.25,10.3,-1.15
6445.5,11.84,0.61
6445.75,11.65,-0.605
6446.0,11.2,-0.936
6446.25,11.14,-1.255
6446.5,11.54,-0.435
6446.75,10.35,-1.42
6447.0,11.91,-0.5309999999999999
6447.25,11.31,-0.927
6447.5,11.72,-0.58
6447.75,11.21,-1.3677
6448.0,11.4,-1.154
6448.25,10.86,-1.174
6448.5,11.4,-0.2099999999999998
6448.75,9.17,-1.56
6449.0,6.6,-0.915
6449.25,6.5,-0.5170000000000001
6449.5,6.6,-0.4210000000000001
6449.75,6.48,-0.758
6450.0,5.52,-1.0677
6450.25,5.62,-0.35
6450.5,4.787,-0.4019999999999999
6450.75,4.2,-0.94
6451.0,3.776,-1.09
6451.25,4.815,-0.059
6451.5,4.007000000000001,-0.563
6451.75,3.79,-0.6699999999999999
6452.0,4.039999999999999,-0.295
6452.25,2.354,-0.51
6452.5,2.0620000000000003,-0.5800000000000001
6452.75,2.134,-0.52
6453.0,2.068,-0.5680000000000001
6453.25,2.216,-0.4347
6453.5,1.948,-0.75
6453.75,2.066,-0.67
6454.0,1.881,-0.77
6454.25,1.936,-0.68
6454.5,1.959,-0.641
6454.75,1.951,-0.66
6455.0,1.876,-0.75
6455.25,1.91,-0.73
6455.5,1.891,-0.73
6455.75,1.936,-0.72
6456.0,1.999,-0.6200000000000001
6456.25,1.878,-0.76
6456.5,1.971,-0.7
6456.75,1.898,-0.74
6457.0,2.105,-0.5
6457.25,2.0540000000000003,-0.534
6457.5,2.099,-0.502
6457.75,2.022,-0.5900000000000001
6458.0,1.966,-0.67
6458.25,1.885,-0.75
6458.5,1.962,-0.7
6458.75,1.915,-0.6970000000000001
6459.0,1.998,-0.649
6459.25,1.905,-0.72
6459.5,1.973,-0.65
6459.75,1.93,-0.704
6460.0,1.924,-0.72
6460.25,2.022,-0.6990000000000001
6460.5,2.019,-0.6180000000000001
6460.75,1.92,-0.676
6461.0,1.972,-0.679
6461.25,1.947,-0.643
6461.5,2.0460000000000003,-0.538
6461.75,2.141,-0.4311
6462.0,2.103,-0.4679999999999999
6462.25,2.017,-0.5529999999999999
6462.5,1.958,-0.665
6462.75,1.882,-0.7090000000000001
6463.0,1.956,-0.67
6463.25,1.934,-0.6369
6463.5,1.896,-0.7140000000000001
6463.75,1.895,-0.7170000000000001
6464.0,1.906,-0.7000000000000001
6464.25,1.869,-0.74
6464.5,1.967,-0.627
6464.75,1.982,-0.5647
6465.0,2.432,-0.8600000000000001
6465.25,2.633,-0.97
6465.5,2.692,-0.92
6465.75,2.74,-0.91
6466.0,2.79,-0.79
6466.25,2.91,-0.656
6466.5,2.812,-0.8
6466.75,3.19,-0.84
6467.0,2.84,-0.79
6467.25,2.742,-0.8500000000000001
6467.5,2.689,-0.9
6467.75,2.6340000000000003,-0.93
6468.0,2.193,-0.8500000000000001
6468.25,2.262,-0.79
6468.5,2.261,-0.78
6468.75,2.192,-0.8599999999999999
6469.0,2.246,-0.8200000000000001
6469.25,2.233,-0.81
6469.5,2.445,-0.76
6469.75,2.747,-0.8800000000000001
6470.0,2.6670000000000003,-0.94
6470.25,2.785,-0.92
6470.5,2.891,-0.683
6470.75,2.9,-0.7
6471.0,2.833,-0.78
6471.25,2.846,-0.77
6471.5,2.838,-0.76
6471.75,2.741,-0.92
6472.0,2.749,-0.92
6472.25,2.827,-0.8600000000000001
6472.5,2.747,-0.89
6472.75,2.653,-0.87
6473.0,2.5380000000000003,-0.93
6473.25,2.595,-0.89
6473.5,2.632,-0.818
6473.75,2.544,-0.88
6474.0,1.908,-0.75
6474.25,2.415,-0.3052
6474.5,1.961,-0.6152
6474.75,1.989,-0.6499999999999999
6475.0,1.9410000000000005,-0.62
6475.25,2.013,-0.56
6475.5,2.025,-0.53
6475.75,2.024,-0.546
6476.0,2.001,-0.5900000000000001
6476.25,1.86,-0.76
6476.5,1.885,-0.7050000000000001
6476.75,1.911,-0.7000000000000001
6477.0,1.928,-0.7
6477.25,1.928,-0.71
6477.5,1.948,-0.684
6477.75,1.934,-0.677
6478.0,1.955,-0.7
6478.25,1.856,-0.77
6478.5,1.944,-0.6970000000000001
6478.75,1.934,-0.6819999999999999
6479.0,1.911,-0.71
6479.25,1.867,-0.77
6479.5,2.019,-0.7
6479.75,2.034,-0.5939
6480.0,2.144,-0.46
6480.25,2.016,-0.562
6480.5,2.059,-0.5409999999999999
6480.75,2.055,-0.5668
6481.0,1.929,-0.73
6481.25,1.92,-0.74
6481.5,1.926,-0.73
6481.75,1.934,-0.677
6482.0,1.988,-0.7
6482.25,1.925,-0.71
6482.5,1.969,-0.6900000000000001
6482.75,1.959,-0.677
6483.0,1.926,-0.718
6483.25,1.913,-0.75
6483.5,1.88,-0.78
6483.75,1.885,-0.763
6484.0,2.006,-0.643
6484.25,1.98,-0.6299999999999999
6484.5,2.1,-0.54
6484.75,2.066,-0.538
6485.0,2.104,-0.499
6485.25,1.944,-0.75
6485.5,1.903,-0.77
6485.75,1.917,-0.75
6486.0,2.039,-0.6196550000000001
6486.25,1.919,-0.75
6486.5,1.948,-0.73
6486.75,1.946,-0.73
6487.0,2.754,-0.8240000000000001
6487.25,5.82,-0.5820000000000001
6487.5,6.080000000000001,-1.8
6487.75,6.0,-1.7999999999999998
6488.0,6.16,-1.73
6488.25,6.3,-1.56
6488.5,6.35,-1.67
6488.75,6.4,-1.66
6489.0,6.11,-1.69
6489.25,6.24,-1.56
6489.5,6.15,-1.61
6489.75,6.279999999999999,-1.62
6490.0,6.43,-1.65
6490.25,7.01,-0.98
6490.5,6.83,-1.027
6490.75,6.42,-1.59
6491.0,6.8500000000000005,-1.23
6491.25,6.44,-1.5299999999999998
6491.5,6.609999999999999,-1.3
6491.75,7.049999999999999,-1.12
6492.0,6.359999999999999,-1.69
6492.25,6.57,-1.62
6492.5,6.35,-1.6
6492.75,5.96,-1.48
6493.0,4.3,-0.77
6493.25,3.81,-0.393
6493.5,2.112,-0.598
6493.75,2.2,-0.532
6494.0,2.1,-0.602
6494.25,2.168,-0.54
6494.5,2.156,-0.573
6494.75,2.167,-0.5409999999999999
6495.0,2.197,-0.518
6495.25,2.245,-0.474
6495.5,2.117,-0.583
6495.75,2.199,-0.5409999999999999
6496.0,2.09,-0.63
6496.25,2.143,-0.5800000000000001
6496.5,2.238,-0.46808
6496.75,2.1060000000000003,-0.61
6497.0,2.149,-0.5900000000000001
6497.25,2.088,-0.63
6497.5,2.213,-0.55
6497.75,2.177,-0.55
6498.0,2.131,-0.59
6498.25,2.1060000000000003,-0.61
6498.5,2.121,-0.5900000000000001
6498.75,2.072,-0.617
6499.0,2.185,-0.56
6499.25,2.131,-0.6599999999999999
6499.5,2.203,-0.518
6499.75,2.16,-0.524
6500.0,2.226,-0.474
6500.25,2.253,-0.489
6500.5,2.173,-0.52
6500.75,2.094,-0.59
6501.0,2.21,-0.511
6501.25,2.114,-0.567
6501.5,2.222,-0.52
6501.75,2.13,-0.58
6502.0,2.153,-0.5569999999999999
6502.25,2.148,-0.571
6502.5,2.215,-0.514
6502.75,2.183,-0.5549999999999999
6503.0,2.207,-0.54
6503.25,2.109,-0.605
6503.5,2.213,-0.534
6503.75,2.116,-0.61
6504.0,2.272,-0.4555
6504.25,2.122,-0.64
6504.5,2.145,-0.6200000000000001
6504.75,2.132,-0.62
6505.0,2.244,-0.502
6505.25,2.157,-0.5700000000000001
6505.5,2.236,-0.52
6505.75,2.098,-0.6699999999999999
6506.0,2.17,-0.6100000000000001
6506.25,2.144,-0.62
6506.5,2.149,-0.5900000000000001
6506.75,2.201,-0.5840000000000001
6507.0,2.148,-0.6100000000000001
6507.25,2.128,-0.62
6507.5,2.204,-0.5800000000000001
6507.75,2.222,-0.5569999999999999
6508.0,2.219,-0.53
6508.25,2.15,-0.61
6508.5,2.1260000000000003,-0.62
6508.75,2.152,-0.62
6509.0,2.168,-0.569
6509.25,2.1670000000000003,-0.6699999999999999
6509.5,2.224,-0.506
6509.75,2.177,-0.518
6510.0,2.184,-0.53
6510.25,2.174,-0.545
6510.5,2.209,-0.494
6510.75,3.317,0.1749
6511.0,2.775,-0.5189999999999999
6511.25,5.17,-0.499
6511.5,5.199999999999999,-1.06
6511.75,6.12,-0.3909999999999999
6512.0,5.33,-1.2799999999999998
6512.25,9.55,-1.17
6512.5,10.94,-1.15
6512.75,11.05,-1.65
6513.0,10.8,-2.21
6513.25,11.57,-1.5699999999999998
6513.5,11.26,-2.28
6513.75,11.83,-2.0
6514.0,12.56,-1.78
6514.25,13.4,-2.25
6514.5,17.47,-1.55
6514.75,16.549999999999997,-2.42
6515.0,15.41,-2.88
6515.25,14.919999999999998,-2.58
6515.5,14.65,-2.19
6515.75,12.36,-2.38
6516.0,11.12,-1.7199999999999998
6516.25,11.12,-1.51
6516.5,11.75,-1.61
6516.75,12.29,-1.42
6517.0,12.61,-1.3199999999999998
6517.25,12.92,-1.14
6517.5,13.86,-1.49
6517.75,16.26,-1.84
6518.0,16.2,-1.94
6518.25,15.579999999999998,-2.27
6518.5,14.52,-2.13
6518.75,15.19,-2.18
6519.0,14.36,-2.2
6519.25,13.66,-2.14
6519.5,14.66,-1.19
6519.75,13.57,-1.9
6520.0,15.8,-0.3434
6520.25,16.58,-1.21
6520.5,15.08,-1.53
6520.75,14.94,-1.24
6521.0,10.01,-1.81
6521.25,9.97,-1.37
6521.5,9.43,-1.0499999999999998
6521.75,8.690000000000001,-1.66
6522.0,7.92,-1.6
6522.25,7.14,-1.64
6522.5,8.139999999999999,-1.9
6522.75,8.86,-1.56
6523.0,4.78,-1.2599999999999998
6523.25,4.36,-1.11
6523.5,4.43,-1.25
6523.75,4.51,-1.17
6524.0,4.33,-1.18
6524.25,3.3200000000000003,-0.97
6524.5,3.34,-0.8999999999999999
6524.75,3.234,-0.99
6525.0,3.295,-0.91
6525.25,3.245,-0.93
6525.5,3.3440000000000003,-0.83
6525.75,3.174,-0.9
6526.0,2.556,-0.81
6526.25,2.0170000000000003,-0.7
6526.5,2.064,-0.6699999999999999
6526.75,2.057,-0.636
6527.0,2.109,-0.632
6527.25,2.001,-0.72
6527.5,2.098,-0.6499999999999999
6527.75,2.09,-0.6579999999999999
6528.0,2.192,-0.5469999999999999
6528.25,2.109,-0.67
6528.5,2.065,-0.69
6528.75,2.062,-0.7
6529.0,2.131,-0.625
6529.25,2.055,-0.72
6529.5,2.055,-0.73
6529.75,2.068,-0.7
6530.0,2.027,-0.717
6530.25,2.2,-0.5690000000000001
6530.5,2.035,-0.73
6530.75,2.129,-0.65
6531.0,2.045,-0.74
6531.25,2.16,-0.585
6531.5,2.0460000000000003,-0.73
6531.75,2.048,-0.74
6532.0,2.065,-0.73
6532.25,2.095,-0.6659999999999999
6532.5,2.0540000000000003,-0.6779999999999999
6532.75,2.126,-0.65
6533.0,2.025,-0.73
6533.25,2.096,-0.69
6533.5,2.0740000000000003,-0.636
6533.75,2.0460000000000003,-0.71
6534.0,2.014,-0.74
6534.25,2.006,-0.74
6534.5,2.024,-0.6869999999999999
6534.75,2.984,-0.2968
6535.0,3.93,-0.486
6535.25,4.23,-0.92
6535.5,5.48,-0.69
6535.75,7.5,-1.07
6536.0,9.239999999999998,-1.94
6536.25,12.59,-1.9
6536.5,13.36,-1.4500000000000002
6536.75,13.96,-1.93
6537.0,14.94,-2.05
6537.25,15.44,-1.7599999999999998
6537.5,14.11,-2.36
6537.75,14.94,-2.33
6538.0,14.7,-2.8600000000000003
6538.25,14.53,-2.82
6538.5,14.95,-2.59
6538.75,16.490000000000002,-2.39
6539.0,15.04,-2.63
6539.25,14.32,-2.95
6539.5,15.029999999999998,-2.24
6539.75,14.599999999999998,-2.39
6540.0,13.5,-2.26
6540.25,12.32,-2.48
6540.5,13.35,-1.89
6540.75,14.05,-1.88
6541.0,14.349999999999998,-1.195
6541.25,15.6,-1.047
6541.5,18.04,-0.614
6541.75,16.4,-2.75
6542.0,17.07,-2.49
6542.25,16.970000000000002,-1.916
6542.5,16.23,-2.6100000000000003
6542.75,15.53,-2.3200000000000003
6543.0,14.829999999999998,-2.72
6543.25,16.72,-1.6576
6543.5,16.53,-1.47
6543.75,17.67,-1.045
6544.0,16.1,-2.01
6544.25,15.79,-1.4289
6544.5,13.869999999999996,-1.95
6544.75,12.35,-2.42
6545.0,8.77,-1.95
6545.25,8.21,-1.82
6545.5,7.66,-1.76
6545.75,8.25,-1.15
6546.0,7.34,-1.74
6546.25,6.8100000000000005,-1.5100000000000002
6546.5,6.0,-1.37
6546.75,6.07,-1.34
6547.0,5.81,-1.27
6547.25,5.54,-1.19
6547.5,5.18,-1.15
6547.75,5.18,-1.18
6548.0,5.65,-0.78
6548.25,3.66,-0.8300000000000001
6548.5,3.5,-0.471
6548.75,3.023,-0.76
6549.0,2.807,-0.78
6549.25,2.8200000000000003,-0.73
6549.5,2.738,-0.79
6549.75,2.545,-0.6699999999999999
6550.0,2.197,-0.6000000000000001
6550.25,2.045,-0.561
6550.5,2.111,-0.532
6550.75,2.064,-0.538
6551.0,2.0860000000000003,-0.532
6551.25,2.071,-0.5539999999999999
6551.5,2.037,-0.606
6551.75,2.0340000000000003,-0.582
6552.0,2.005,-0.606
6552.25,2.034,-0.5609999999999999
6552.5,2.023,-0.61
6552.75,1.969,-0.601
6553.0,2.021,-0.5900000000000001
6553.25,2.023,-0.5349999999999999
6553.5,2.036,-0.56
6553.75,2.025,-0.5636
6554.0,1.983,-0.616
6554.25,2.032,-0.569
6554.5,2.005,-0.603
6554.75,1.968,-0.596
6555.0,2.013,-0.603
6555.25,1.987,-0.5797
6555.5,2.007,-0.599
6555.75,2.015,-0.5589999999999999
6556.0,2.006,-0.58
6556.25,2.067,-0.521
6556.5,1.974,-0.63
6556.75,1.984,-0.598
6557.0,2.057,-0.589
6557.25,1.961,-0.603
6557.5,1.993,-0.62
6557.75,1.93,-0.649
6558.0,2.031,-0.618
6558.25,1.978,-0.615
6558.5,2.0580000000000003,-0.515
6558.75,2.549,-0.1531
6559.0,3.95,0.239
6559.25,4.62,-0.642
6559.5,7.19,-0.326
6559.75,7.5,-1.17
6560.0,8.870000000000001,-0.93
6560.25,11.71,-2.07
6560.5,13.21,-0.77
6560.75,13.55,-1.25
6561.0,13.400000000000002,-1.7999999999999998
6561.25,15.16,-1.38
6561.5,15.05,-1.36
6561.75,14.48,-1.99
6562.0,13.3,-2.9000000000000004
6562.25,14.53,-2.17
6562.5,16.33,-1.01
6562.75,15.739999999999998,-1.5
6563.0,14.25,-3.0
6563.25,14.44,-2.61
6563.5,14.419999999999998,-2.72
6563.75,14.39,-1.44
6564.0,12.09,-1.77
6564.25,12.59,-1.06
6564.5,13.420000000000002,-1.59
6564.75,12.990000000000002,-1.6700000000000002
6565.0,13.11,-1.31
6565.25,14.15,-0.8800000000000001
6565.5,15.73,-1.37
6565.75,15.62,-2.56
6566.0,16.07,-2.71
6566.25,16.74,-2.89
6566.5,16.32,-2.55
6566.75,14.88,-2.98
6567.0,14.41,-2.86
6567.25,14.329999999999998,-2.23
6567.5,15.47,-1.56
6567.75,14.03,-2.7
6568.0,13.619999999999996,-2.26
6568.25,13.85,-2.3200000000000003
6568.5,14.52,-1.3
6568.75,12.96,-2.13
6569.0,8.809999999999999,-1.48
6569.25,8.06,-1.22
6569.5,8.100000000000001,-0.3219999999999999
6569.75,6.51,-1.05
6570.0,5.96,-0.94
6570.25,5.8,-1.13
6570.5,5.28,-1.27
6570.75,6.66,-0.827
6571.0,5.94,-1.44
6571.25,6.52,-1.03
6571.5,6.71,-1.41
6571.75,7.81,-1.261
6572.0,8.06,-0.8075
6572.25,7.01,-0.991
6572.5,6.800000000000001,-0.808
6572.75,6.15,-0.306
6573.0,4.53,-0.94
6573.25,3.99,-1.03
6573.5,4.38,-0.94
6573.75,3.86,-1.0
6574.0,3.16,-1.0
6574.25,2.749,-0.512
6574.5,2.048,-0.748
6574.75,2.03,-0.8089999999999999
6575.0,2.0820000000000003,-0.75
6575.25,2.036,-0.78
6575.5,2.021,-0.83
6575.75,2.044,-0.752
6576.0,1.975,-0.84
6576.25,2.085,-0.713
6576.5,2.032,-0.74
6576.75,2.03,-0.798
6577.0,2.068,-0.6709999999999999
6577.25,2.174,-0.614
6577.5,2.048,-0.71
6577.75,2.183,-0.58
6578.0,2.032,-0.77
6578.25,2.009,-0.7859999999999999
6578.5,2.005,-0.7789999999999999
6578.75,1.978,-0.8200000000000001
6579.0,2.104,-0.6818
6579.25,2.035,-0.761
6579.5,1.93,-0.85
6579.75,2.096,-0.707
6580.0,1.905,-0.9
6580.25,2.007,-0.8300000000000001
6580.5,1.974,-0.8049999999999999
6580.75,1.98,-0.83
6581.0,1.981,-0.817
6581.25,2.1100000000000003,-0.655
6581.5,2.135,-0.63
6581.75,2.182,-0.595
6582.0,2.044,-0.71
6582.25,2.055,-0.76
6582.5,1.973,-0.784
6582.75,2.737,-0.4143
6583.0,2.398,-0.94
6583.25,4.05,-0.4883
6583.5,5.07,-0.69
6583.75,5.63,-1.5
6584.0,8.27,-1.45
6584.25,11.81,-2.4000000000000004
6584.5,13.330000000000002,-2.21
6584.75,13.63,-2.46
6585.0,13.87,-2.39
6585.25,13.88,-2.49
6585.5,14.05,-2.9800000000000004
6585.75,14.94,-2.51
6586.0,14.54,-2.48
6586.25,14.85,-1.43
6586.5,14.87,-2.16
6586.75,15.87,-2.34
6587.0,15.59,-2.38
6587.25,15.5,-3.15
6587.5,15.99,-1.7599999999999998
6587.75,15.63,-2.02
6588.0,14.61,-2.67
6588.25,13.259999999999998,-2.4
6588.5,13.02,-1.5299999999999998
6588.75,12.739999999999998,-1.87
6589.0,15.25,-0.7114
6589.25,13.62,-1.2
6589.5,14.15,-1.223
6589.75,14.5,-1.357
6590.0,14.7,-2.34
6590.25,14.02,-2.51
6590.5,14.64,-1.883
6590.75,16.82,-1.368
6591.0,16.14,-1.89
6591.25,15.17,-1.87
6591.5,13.93,-1.3696000000000002
6591.75,13.310000000000002,-1.358
6592.0,13.71,-1.57
6592.25,13.12,-2.3
6592.5,13.95,-0.9737
6592.75,13.72,-0.932
6593.0,8.76,-1.31
6593.25,7.239999999999999,-1.7199999999999998
6593.5,7.12,-1.10133
6593.75,6.529999999999999,-0.897
6594.0,5.5600000000000005,-1.45
6594.25,5.12,-1.27
6594.5,5.390000000000001,-0.617
6594.75,5.29,-0.657
6595.0,4.6080000000000005,-1.17
6595.25,4.528,-1.27
6595.5,5.2,-0.656
6595.75,5.260000000000001,-0.648
6596.0,5.01,-1.1800000000000002
6596.25,4.6,-1.2
6596.5,4.255,-0.0269999999999999
6596.75,4.148,-0.322
6597.0,3.407,-0.86
6597.25,3.349,-0.95
6597.5,4.252,0.0139999999999999
6597.75,3.4650000000000003,-0.8300000000000001
6598.0,3.703,-0.8
6598.25,3.131,-0.428
6598.5,3.571,0.178
6598.75,2.633,-0.79
6599.0,2.842,-0.6699999999999999
6599.25,3.218,-0.176
6599.5,3.356,-0.0729999999999999
6599.75,2.734,-0.735
6600.0,2.6980000000000004,-0.79
6600.25,3.351,-0.0779999999999999
6600.5,3.2510000000000003,-0.1659999999999999
6600.75,2.612,-0.87
6601.0,2.721,-0.78
6601.25,3.5170000000000003,0.2389999999999999
6601.5,2.942,-0.398
6601.75,2.593,-0.77
6602.0,2.721,-0.5928
6602.25,3.45,0.17
6602.5,2.77,-0.5733
6602.75,2.593,-0.75
6603.0,2.931,-0.424
6603.25,3.402,0.149
6603.5,2.571,-0.7999999999999999
6603.75,2.694,-0.73
6604.0,3.275,0.015
6604.25,2.404,-0.596
6604.5,2.146,-0.84
6604.75,2.299,-0.6859999999999999
6605.0,2.232,-0.79
6605.25,2.227,-0.76
6605.5,2.244,-0.73
6605.75,2.216,-0.78
6606.0,2.177,-0.79
6606.25,2.36,-0.63
6606.5,2.184,-0.78
6606.75,2.535,-0.72
6607.0,3.42,-0.0386
6607.25,4.06,-0.65
6607.5,6.0,-0.0801
6607.75,6.53,-0.86
6608.0,8.35,-0.1799999999999999
6608.25,16.62,0.52
6608.5,20.57,0.7217000000000001
6608.75,21.2,1.102
6609.0,20.9,0.7959999999999999
6609.25,20.86,0.236
6609.5,20.6,0.414
6609.75,19.9,-0.0569999999999999
6610.0,22.58,1.44
6610.25,20.46,0.709
6610.5,22.09,0.286
6610.75,15.91,-3.17
6611.0,18.700000000000003,-0.9907
6611.25,17.21,-0.3619999999999999
6611.5,15.09,-1.1800000000000002
6611.75,13.73,-1.23
6612.0,11.67,-1.6
6612.25,12.75,-0.0269999999999999
6612.5,10.94,-1.1800000000000002
6612.75,11.77,-1.19333
6613.0,12.8,-0.903
6613.25,13.27,-0.217
6613.5,13.47,-0.315
6613.75,11.91,-1.146
6614.0,11.9,-1.114
6614.25,12.5,-0.75
6614.5,12.45,-0.9845
6614.75,11.7,-0.912
6615.0,13.87,0.3600000000000001
6615.25,13.72,0.1549999999999999
6615.5,12.82,-0.9515
6615.75,12.88,-1.088
6616.0,12.39,-1.31
6616.25,14.27,-0.448
6616.5,17.259999999999998,-1.1136
6616.75,17.630000000000003,-1.38
6617.0,14.65,-0.174
6617.25,12.27,-0.977
6617.5,12.14,-1.051
6617.75,10.61,-1.4
6618.0,10.2,-0.906
6618.25,9.58,-1.29
6618.5,9.8,-1.68
6618.75,10.07,-1.02
6619.0,9.97,-0.705
6619.25,7.6,-1.6
6619.5,7.26,-1.81
6619.75,7.63,-1.75
6620.0,8.59,-0.8540000000000001
6620.25,7.680000000000001,-1.7400000000000002
6620.5,5.43,-1.61
6620.75,6.01,-0.9118
6621.0,5.92,-0.6990000000000001
6621.25,5.21,-1.48
6621.5,4.9,-1.52
6621.75,5.569999999999999,-0.6240000000000001
6622.0,5.22,-1.13
6622.25,4.84,-1.43
6622.5,5.4,-0.6579999999999999
6622.75,5.54,-0.2319999999999999
6623.0,4.82,-1.15
6623.25,4.58,-1.29
6623.5,4.92,-0.8140000000000001
6623.75,5.29,-0.457
6624.0,4.57,-1.25
6624.25,4.45,-1.4
6624.5,5.140000000000001,-0.653
6624.75,5.0200000000000005,-0.759
6625.0,4.510000000000001,-1.39
6625.25,4.59,-1.36
6625.5,5.43,-0.32
6625.75,4.7,-1.15
6626.0,4.5,-1.41
6626.25,4.7700000000000005,-1.041
6626.5,5.3,-0.469
6626.75,4.430000000000001,-1.42
6627.0,4.5200000000000005,-1.38
6627.25,5.17,-0.5900000000000001
6627.5,4.8100000000000005,-1.053
6627.75,4.55,-1.36
6628.0,4.8,-1.06
6628.25,5.35,-0.4060000000000001
6628.5,4.58,-1.31
6628.75,4.5,-1.4
6629.0,5.17,-0.601
6629.25,5.05,-0.714
6629.5,4.6,-1.29
6629.75,4.65,-1.18
6630.0,5.23,-0.352
6630.25,4.62,-1.15
6630.5,4.4,-1.35
6630.75,4.890000000000001,-0.763
6631.0,5.029999999999999,-0.619
6631.25,4.33,-1.36
6631.5,4.380000000000001,-1.38
6631.75,4.98,-0.743
6632.0,5.220000000000001,-0.7270000000000001
6632.25,15.35,4.48
6632.5,21.35,8.18
6632.75,16.560000000000002,4.5600000000000005
6633.0,8.93,-0.29
6633.25,14.26,2.966
6633.5,17.279999999999998,4.78
6633.75,18.05,5.18
6634.0,20.19,6.26
6634.25,20.45,6.44
6634.5,22.23,7.81
6634.75,21.07,6.85
6635.0,21.48,6.9
6635.25,21.02,6.470000000000001
6635.5,20.94,6.66
6635.75,21.53,7.68
6636.0,16.37,4.111000000000001
6636.25,11.82,1.429
6636.5,12.41,1.823
6636.75,14.57,3.19
6637.0,16.189999999999998,4.018
6637.25,17.18,4.540000000000001
6637.5,16.71,4.24
6637.75,20.07,6.569999999999999
6638.0,18.31,5.45
6638.25,16.3,4.18
6638.5,15.78,4.1
6638.75,14.92,3.754
6639.0,16.96,4.96
6639.25,15.080000000000002,3.64
6639.5,14.69,3.291
6639.75,16.700000000000003,4.91
6640.0,17.169999999999998,4.92
6640.25,14.75,3.99
6640.5,6.08,0.291
6640.75,4.24,0.347
6641.0,3.37,-0.5660000000000001
6641.25,2.724,-0.99
6641.5,3.884,-0.1219999999999999
6641.75,3.565,-0.139
6642.0,2.817,-0.963
6642.25,2.942,-0.587
6642.5,2.053,-0.892
6642.75,2.178,-0.8
6643.0,2.154,-0.79
6643.25,2.144,-0.8300000000000001
6643.5,2.123,-0.823
6643.75,2.0820000000000003,-0.87
6644.0,2.145,-0.823
6644.25,2.094,-0.88
6644.5,2.168,-0.82
6644.75,2.077,-0.872
6645.0,2.13,-0.84
6645.25,2.181,-0.7949999999999999
6645.5,2.265,-0.6799999999999999
6645.75,2.303,-0.627
6646.0,2.228,-0.71
6646.25,2.2,-0.6930000000000001
6646.5,2.081,-0.88
6646.75,2.0570000000000004,-0.878
6647.0,2.137,-0.8200000000000001
6647.25,2.034,-0.9
6647.5,2.153,-0.8089999999999999
6647.75,2.107,-0.8700000000000001
6648.0,2.205,-0.768
6648.25,2.14,-0.8400000000000001
6648.5,2.105,-0.853
6648.75,2.15,-0.88
6649.0,2.078,-0.885
6649.25,2.129,-0.86
6649.5,2.094,-0.884
6649.75,2.138,-0.841
6650.0,2.0740000000000003,-0.92
6650.25,2.204,-0.773
6650.5,2.077,-0.8900000000000001
6650.75,2.257,-0.702
6651.0,2.141,-0.79
6651.25,2.297,-0.659
6651.5,2.1750000000000003,-0.78
6651.75,2.2350000000000003,-0.758
6652.0,2.118,-0.879
6652.25,2.045,-0.92
6652.5,2.215,-0.7789999999999999
6652.75,2.059,-0.92
6653.0,2.28,-0.713
6653.25,2.0460000000000003,-0.93
6653.5,2.1660000000000004,-0.825
6653.75,2.098,-0.89
6654.0,2.143,-0.844
6654.25,2.127,-0.87
6654.5,2.1180000000000003,-0.88
6654.75,2.147,-0.817
6655.0,2.15,-0.86
6655.25,2.18,-0.802
6655.5,2.209,-0.8
6655.75,2.159,-0.8029999999999999
6656.0,2.124,-0.82
6656.25,2.075,-0.827
6656.5,2.19,-0.696
6656.75,2.231,-0.6799999999999999
6657.0,2.204,-0.637
6657.25,2.231,-0.6799999999999999
6657.5,2.111,-0.77
6657.75,2.149,-0.79
6658.0,2.13,-0.748
6658.25,2.098,-0.79
6658.5,2.057,-0.817
6658.75,2.072,-0.8049999999999999
6659.0,2.047,-0.86
6659.25,2.09,-0.7769999999999999
6659.5,2.065,-0.85
6659.75,2.154,-0.722
6660.0,2.045,-0.87
6660.25,2.19,-0.718
6660.5,2.124,-0.79
6660.75,2.162,-0.8200000000000001
6661.0,2.146,-0.786
6661.25,2.064,-0.804
6661.5,2.208,-0.716
6661.75,2.083,-0.79
6662.0,2.3200000000000003,-0.5479999999999999
6662.25,2.1020000000000003,-0.74
6662.5,2.284,-0.5457
6662.75,2.128,-0.76
6663.0,2.177,-0.707
6663.25,2.1,-0.79
6663.5,2.0460000000000003,-0.81
6663.75,2.122,-0.759
6664.0,1.991,-0.87
6664.25,2.165,-0.716
6664.5,1.999,-0.88
6664.75,2.144,-0.719
6665.0,2.05,-0.8500000000000001
6665.25,2.1950000000000003,-0.7
6665.5,2.108,-0.81
6665.75,2.118,-0.766
6666.0,2.068,-0.8099999999999999
6666.25,2.057,-0.819
6666.5,2.15,-0.711
6666.75,2.162,-0.7
6667.0,2.299,-0.574
6667.25,2.223,-0.71
6667.5,2.326,-0.547
6667.75,2.123,-0.8200000000000001
6668.0,2.238,-0.6859999999999999
6668.25,2.068,-0.85
6668.5,2.152,-0.7609999999999999
6668.75,2.074,-0.826
6669.0,2.153,-0.786
6669.25,2.129,-0.757
6669.5,2.045,-0.86
6669.75,2.156,-0.732
6670.0,2.087,-0.8300000000000001
6670.25,2.234,-0.6699999999999999
6670.5,2.092,-0.8500000000000001
6670.75,2.197,-0.711
6671.0,2.041,-0.87
6671.25,2.186,-0.737
6671.5,2.196,-0.661
6671.75,2.246,-0.6499999999999999
6672.0,2.247,-0.618
6672.25,2.199,-0.6799999999999999
6672.5,2.245,-0.6719999999999999
6672.75,2.089,-0.8500000000000001
6673.0,2.2150000000000003,-0.702
6673.25,1.992,-0.92
6673.5,2.219,-0.7090000000000001
6673.75,1.986,-0.9
6674.0,2.147,-0.7649999999999999
6674.25,2.058,-0.85
6674.5,2.137,-0.806
6674.75,2.18,-0.754
6675.0,2.0940000000000003,-0.8200000000000001
6675.25,2.193,-0.7310000000000001
6675.5,1.99,-0.92
6675.75,2.198,-0.734
6676.0,1.995,-0.92
6676.25,2.26,-0.649
6676.5,2.12,-0.76
6676.75,2.306,-0.582
6677.0,2.167,-0.71
6677.25,2.251,-0.6619999999999999
6677.5,2.178,-0.78
6677.75,2.081,-0.835
6678.0,2.164,-0.79
6678.25,2.0280000000000005,-0.871
6678.5,2.173,-0.748
6678.75,3.001,-0.4838
6679.0,3.33,-0.4793
6679.25,5.019,-1.07
6679.5,6.045,-1.0219999999999998
6679.75,8.64,-0.504
6680.0,14.32,1.39
6680.25,17.060000000000002,0.81
6680.5,20.16,0.036
6680.75,21.42,0.245
6681.0,21.09,0.6579999999999999
6681.25,19.68,-1.231
6681.5,20.08,-1.3379
6681.75,18.83,-1.072
6682.0,17.78,-1.029
6682.25,18.52,-0.3699999999999999
6682.5,19.81,-0.602
6682.75,19.43,-1.293
6683.0,20.86,0.09
6683.25,20.56,-0.471
6683.5,20.19,-0.0489999999999999
6683.75,18.75,-0.508
6684.0,18.98,0.1400000000000001
6684.25,14.170000000000002,-1.0621
6684.5,14.56,-1.4200000000000002
6684.75,16.3,-0.472
6685.0,15.55,0.2000000000000001
6685.25,13.69,-0.7110000000000001
6685.5,14.93,-0.5800000000000001
6685.75,14.98,-2.4
6686.0,15.11,-1.91
6686.25,16.03,-2.16
6686.5,15.54,-2.72
6686.75,14.72,-2.93
6687.0,14.93,-1.62
6687.25,13.98,-2.23
6687.5,13.489999999999998,-1.59
6687.75,14.0,-1.0470000000000002
6688.0,14.79,-0.407
6688.25,13.94,-1.84
6688.5,13.25,-1.7399999999999998
6688.75,13.82,-0.691
6689.0,9.06,-0.819
6689.25,9.21,0.065
6689.5,7.07,-1.47
6689.75,7.5,-0.4149999999999999
6690.0,6.579999999999999,-0.7060000000000001
6690.25,5.88,-1.19
6690.5,5.74,-1.27
6690.75,6.52,-0.388
6691.0,5.93,-0.739
6691.25,5.26,-1.21
6691.5,5.38,-0.958
6691.75,5.789999999999999,-0.197
6692.0,5.09,-0.94
6692.25,3.6,-0.92
6692.5,3.514,-0.362
6692.75,4.069,0.204
6693.0,3.146,-0.8
6693.25,3.127,-0.79
6693.5,3.97,0.194
6693.75,3.462,-0.41
6694.0,3.16,-0.738
6694.25,2.911,-0.715
6694.5,2.123,-0.599
6694.75,2.0620000000000003,-0.629
6695.0,2.105,-0.6300000000000001
6695.25,2.009,-0.69
6695.5,2.209,-0.5162
6695.75,2.005,-0.6900000000000001
6696.0,2.131,-0.611
6696.25,2.02,-0.69
6696.5,2.088,-0.64
6696.75,2.052,-0.6659999999999999
6697.0,2.152,-0.5900000000000001
6697.25,2.208,-0.5044
6697.5,2.088,-0.64
6697.75,2.051,-0.6779999999999999
6698.0,2.096,-0.644
6698.25,2.049,-0.66
6698.5,2.128,-0.6100000000000001
6698.75,2.033,-0.6799999999999999
6699.0,2.197,-0.5125
6699.25,2.056,-0.679
6699.5,2.114,-0.62
6699.75,2.155,-0.6000000000000001
6700.0,2.151,-0.607
6700.25,2.107,-0.67
6700.5,2.069,-0.677
6700.75,2.089,-0.646
6701.0,2.158,-0.573
6701.25,2.057,-0.6739999999999999
6701.5,2.083,-0.68
6701.75,2.013,-0.7
6702.0,2.092,-0.608
6702.25,2.0940000000000003,-0.618
6702.5,2.087,-0.62
6702.75,2.704,-0.6539999999999999
6703.0,2.483,-0.6285000000000001
6703.25,3.413,-0.8700000000000001
6703.5,4.18,-1.04
6703.75,4.94,-1.19
6704.0,5.01,-1.27
6704.25,9.04,-1.9
6704.5,12.47,-1.71
6704.75,12.16,-2.33
6705.0,13.509999999999998,-2.26
6705.25,14.19,-0.894
6705.5,14.04,-2.04
6705.75,13.81,-2.67
6706.0,13.38,-2.63
6706.25,13.93,-1.95
6706.5,14.69,-1.2000000000000002
6706.75,15.39,-1.7000000000000002
6707.0,15.13,-2.65
6707.25,16.970000000000002,-3.46
6707.5,16.11,-1.9
6707.75,14.46,-1.99
6708.0,13.04,-2.48
6708.25,12.11,-2.08
6708.5,11.87,-1.46
6708.75,12.87,-1.88
6709.0,16.720000000000002,-0.364
6709.25,16.77,-0.951
6709.5,19.22,-0.3399999999999999
6709.75,19.03,-1.746
6710.0,19.16,-1.694
6710.25,18.98,-1.442
6710.5,17.53,-1.349
6710.75,17.240000000000002,-1.4540000000000002
6711.0,16.71,-1.798
6711.25,17.25,-0.799
6711.5,15.9,-1.85
6711.75,16.23,-2.22
6712.0,17.009999999999998,-1.87
6712.25,15.97,-1.54
6712.5,13.88,-1.84
6712.75,13.05,-1.88
6713.0,9.59,-1.187
6713.25,8.479999999999999,-1.089
6713.5,7.91,-0.496
6713.75,4.99,-1.19
6714.0,4.83,-1.11
6714.25,4.426,-1.14
6714.5,4.013,-1.04
6714.75,3.531,-0.97
6715.0,3.313,-1.02
6715.25,3.782,-0.87
6715.5,5.069999999999999,-0.1669999999999999
6715.75,4.654999999999999,-0.37
6716.0,4.48,-0.64
6716.25,3.337,-1.05
6716.5,4.08,-0.1589999999999999
6716.75,3.696,-0.294
6717.0,3.561,-0.8400000000000001
6717.25,3.188,-0.8500000000000001
6717.5,3.868,0.03
6717.75,3.383,-0.5489999999999999
6718.0,2.491,-0.8200000000000001
6718.25,2.457,-0.323
6718.5,2.945,0.2309999999999999
6718.75,2.062,-0.78
6719.0,2.268,-0.62
6719.25,2.783,0.1379999999999999
6719.5,2.471,-0.186
6719.75,2.092,-0.629
6720.0,2.173,-0.52042
6720.25,2.846,0.2699999999999999
6720.5,2.3240000000000003,-0.3269999999999999
6720.75,1.962,-0.77
6721.0,2.158,-0.5016
6721.25,1.901,-0.75
6721.5,1.99,-0.7
6721.75,1.913,-0.718
6722.0,1.948,-0.71
6722.25,1.922,-0.75
6722.5,2.037,-0.6200000000000001
6722.75,1.976,-0.7000000000000001
6723.0,1.945,-0.73
6723.25,1.883,-0.75
6723.5,2.017,-0.6699999999999999
6723.75,1.881,-0.79
6724.0,1.957,-0.72
6724.25,1.962,-0.6799999999999999
6724.5,1.911,-0.77
6724.75,1.956,-0.73
6725.0,1.973,-0.661
6725.25,2.006,-0.68
6725.5,1.958,-0.7000000000000001
6725.75,1.961,-0.7
6726.0,1.993,-0.6459999999999999
6726.25,1.942,-0.73
6726.5,1.863,-0.78
6726.75,1.999,-0.71
6727.0,2.708,-0.3015
6727.25,3.633,-0.5
6727.5,5.84,-0.519
6727.75,6.449999999999999,-0.88
6728.0,9.04,-1.34
6728.25,11.3,-0.84619
6728.5,12.53,-1.64
6728.75,12.909999999999998,-1.6800000000000002
6729.0,12.76,-2.69
6729.25,14.220000000000002,-1.52
6729.5,15.29,-0.754
6729.75,13.58,-2.49
6730.0,14.49,-1.47
6730.25,12.79,-2.17
6730.5,13.5,-1.65
6730.75,12.98,-1.46
6731.0,12.23,-1.2200000000000002
6731.25,12.32,-1.48
6731.5,10.96,-2.08
6731.75,10.9,-1.323
6732.0,12.16,-0.3370000000000001
6732.25,11.34,-1.4182
6732.5,11.82,-0.855
6732.75,13.580000000000002,-0.373
6733.0,14.759999999999998,-0.884
6733.25,16.43,-1.12
6733.5,16.63,-2.53
6733.75,18.41,-1.76
6734.0,18.82,-1.206
6734.25,16.75,-2.98
6734.5,17.29,-2.53
6734.75,17.58,-2.64
6735.0,16.14,-2.48
6735.25,13.63,-1.95
6735.5,14.420000000000002,-2.04
6735.75,14.13,-1.069
6736.0,14.1,-1.4548
6736.25,12.65,-1.77
6736.5,12.52,-2.1100000000000003
6736.75,12.33,-1.2320000000000002
6737.0,8.21,-1.58
6737.25,6.48,-1.4300000000000002
6737.5,7.19,-0.661
6737.75,7.31,-0.529
6738.0,6.25,-1.2799999999999998
6738.25,5.8100000000000005,-1.29
6738.5,5.699999999999999,-0.542
6738.75,5.08,-0.365
6739.0,4.3,-1.02
6739.25,4.38,-1.06
6739.5,5.0200000000000005,-0.34
6739.75,4.95,-0.416
6740.0,4.4,-1.01
6740.25,4.15,-0.8400000000000001
6740.5,4.175,-0.0809999999999999
6740.75,4.07,-0.176
6741.0,3.4370000000000003,-0.8200000000000001
6741.25,3.5650000000000004,-0.8
6741.5,4.047000000000001,-0.153
6741.75,3.282,-0.413
6742.0,2.528,-0.68
6742.25,2.563,-0.62
6742.5,2.517,-0.66
6742.75,2.549,-0.62
6743.0,2.536,-0.65
6743.25,2.591,-0.65
6743.5,2.53,-0.66
6743.75,2.634,-0.56
6744.0,2.485,-0.7000000000000001
6744.25,2.558,-0.63
6744.5,2.507,-0.68
6744.75,2.53,-0.65
6745.0,2.527,-0.67
6745.25,2.577,-0.6499999999999999
6745.5,2.504,-0.69
6745.75,2.618,-0.61
6746.0,2.536,-0.67
6746.25,2.618,-0.6
6746.5,2.545,-0.65
6746.75,2.636,-0.5640000000000001
6747.0,2.556,-0.6499999999999999
6747.25,2.577,-0.6399999999999999
6747.5,2.481,-0.69
6747.75,2.588,-0.6299999999999999
6748.0,2.401,-0.81
6748.25,2.499,-0.78
6748.5,2.401,-0.83
6748.75,2.469,-0.78
6749.0,2.4650000000000003,-0.77
6749.25,2.45,-0.79
6749.5,2.379,-0.8599999999999999
6749.75,2.466,-0.8
6750.0,2.383,-0.8300000000000001
6750.25,2.444,-0.8
6750.5,2.372,-0.8599999999999999
6750.75,3.461,-0.428
6751.0,2.734,-0.8400000000000001
6751.25,3.462,-0.98
6751.5,4.81,-0.51
6751.75,4.970000000000001,-1.1
6752.0,5.56,-1.44
6752.25,10.14,-0.94
6752.5,11.64,-0.8400000000000001
6752.75,12.920000000000002,-1.31
6753.0,11.98,-2.25
6753.25,13.1,-1.5699999999999998
6753.5,12.72,-2.06
6753.75,13.53,-1.5699999999999998
6754.0,13.71,-0.634
6754.25,12.3,-0.88
6754.5,13.68,-1.64
6754.75,13.76,-2.67
6755.0,15.189999999999998,-1.88
6755.25,14.6,-2.37
6755.5,14.259999999999998,-1.95
6755.75,12.25,-2.08
6756.0,11.35,-1.96
6756.25,10.68,-1.69
6756.5,10.99,-0.827
6756.75,10.93,-1.28
6757.0,11.63,-0.538
6757.25,13.8,0.3500000000000001
6757.5,14.74,-0.1589999999999999
6757.75,14.94,-1.5299999999999998
6758.0,14.79,-1.89
6758.25,14.94,-1.4260000000000002
6758.5,15.05,-1.424
6758.75,14.63,-2.11
6759.0,16.05,-0.565
6759.25,14.29,-0.761
6759.5,15.38,0.0329999999999999
6759.75,14.04,-1.689
6760.0,14.04,-1.035
6760.25,13.909999999999998,-1.089
6760.5,13.2,-1.6
6760.75,11.06,-1.89
6761.0,10.05,-1.0996
6761.25,10.6,-0.3279999999999999
6761.5,7.529999999999999,-1.0235
6761.75,6.32,-1.1
6762.0,5.58,-0.4025999999999999
6762.25,5.12,-0.107
6762.5,4.74,-0.672
6762.75,4.75,-1.2000000000000002
6763.0,6.21,-0.88
6763.25,6.390000000000001,-0.516
6763.5,5.96,-1.045
6763.75,5.68,-1.32
6764.0,6.69,-0.369
6764.25,6.04,-0.344
6764.5,5.13,-0.8648
6764.75,5.51,-1.21
6765.0,5.08,-1.13
6765.25,4.5600000000000005,-1.06
6765.5,4.41,-0.9
6765.75,4.005,-0.91
6766.0,4.134,-0.7949999999999999
6766.25,3.557,-0.88
6766.5,3.316,-0.7969999999999999
6766.75,3.311,-0.8089999999999999
6767.0,3.375,-0.737
6767.25,3.321,-0.778
6767.5,3.359,-0.754
6767.75,3.2510000000000003,-0.8500000000000001
6768.0,3.332,-0.79
6768.25,3.221,-0.88
6768.5,3.255,-0.84
6768.75,3.26,-0.85
6769.0,3.252,-0.8300000000000001
6769.25,3.243,-0.8400000000000001
6769.5,3.325,-0.7789999999999999
6769.75,3.266,-0.8200000000000001
6770.0,3.335,-0.77
6770.25,3.222,-0.8540000000000001
6770.5,3.2910000000000004,-0.8
6770.75,3.215,-0.8600000000000001
6771.0,3.274,-0.8029999999999999
6771.25,3.367,-0.7202999999999999
6771.5,3.3070000000000004,-0.8
6771.75,3.21,-0.859
6772.0,3.357,-0.7469999999999999
6772.25,3.269,-0.8200000000000001
6772.5,3.34,-0.7589999999999999
6772.75,3.213,-0.8500000000000001
6773.0,3.249,-0.8300000000000001
6773.25,3.24,-0.8220000000000001
6773.5,3.262,-0.808
6773.75,3.201,-0.841
6774.0,3.293,-0.8
6774.25,3.159,-0.8800000000000001
6774.5,3.285,-0.7949999999999999
6774.75,4.32,-0.5437000000000001
6775.0,4.5,-0.511
6775.25,5.0,-0.7070000000000001
6775.5,5.81,-0.1147999999999999
6775.75,5.99,-0.91
6776.0,6.37,-1.22
6776.25,10.98,-1.74
6776.5,13.31,-2.17
6776.75,14.11,-1.4900000000000002
6777.0,15.65,-0.8310000000000001
6777.25,15.07,-1.532
6777.5,14.15,-2.21
6777.75,14.67,-2.28
6778.0,15.2,-0.91
6778.25,13.55,-1.418
6778.5,17.15,-0.42
6778.75,18.41,-1.163
6779.0,18.6,-1.362
6779.25,19.82,-0.591
6779.5,17.61,-1.4433
6779.75,17.369999999999997,-0.938
6780.0,16.17,-0.5840000000000001
6780.25,13.84,-0.8420000000000001
6780.5,11.54,-1.34
6780.75,11.19,-1.63
6781.0,12.59,-1.38
6781.25,13.060000000000002,-1.48
6781.5,14.55,-0.12
6781.75,14.62,-0.788
6782.0,16.42,-0.424
6782.25,17.08,-0.729
6782.5,17.53,-0.0500000000000001
6782.75,16.950000000000003,-0.5860000000000001
6783.0,19.11,-0.0679999999999998
6783.25,18.67,-0.5700000000000001
6783.5,18.53,0.4000000000000001
6783.75,18.07,0.5319999999999999
6784.0,17.16,-0.2129999999999999
6784.25,16.74,-0.0659999999999999
6784.5,17.39,0.3600000000000001
6784.75,16.759999999999998,0.1099999999999999
6785.0,12.6,-0.1879999999999999
6785.25,11.48,-0.2259999999999999
6785.5,7.7,-0.993
6785.75,7.18,-0.9971
6786.0,7.01,-0.886
6786.25,6.64,-0.95
6786.5,6.629999999999999,-0.899
6786.75,5.72,-0.93074
6787.0,4.78,-1.17
6787.25,4.84,-1.1
6787.5,4.74,-1.0
6787.75,4.32,-1.03
6788.0,4.45,-0.99
6788.25,4.65,-0.5581
6788.5,4.022,-0.89
6788.75,3.928,-0.869
6789.0,4.0600000000000005,-0.89
6789.25,3.919,-0.857
6789.5,4.199,-0.505
6789.75,3.229,-0.677
6790.0,3.237,-0.6024
6790.25,3.09,-0.729
6790.5,3.173,-0.622
6790.75,3.1020000000000003,-0.739
6791.0,3.087,-0.70208
6791.25,3.124,-0.6575
6791.5,3.079,-0.727
6791.75,3.167,-0.6005
6792.0,3.045,-0.7389999999999999
6792.25,3.194,-0.6042
6792.5,3.108,-0.6729
6792.75,3.131,-0.6659999999999999
6793.0,3.114,-0.6396
6793.25,3.156,-0.651
6793.5,3.084,-0.667
6793.75,3.123,-0.6472
6794.0,3.071,-0.727
6794.25,3.1100000000000003,-0.6492
6794.5,3.109,-0.683
6794.75,3.127,-0.6216999999999999
6795.0,3.161,-0.643
6795.25,3.0730000000000004,-0.7030000000000001
6795.5,3.108,-0.6305000000000001
6795.75,3.04,-0.76
6796.0,3.1,-0.6642
6796.25,3.013,-0.74
6796.5,3.045,-0.73
6796.75,3.039,-0.7054
6797.0,3.077,-0.743
6797.25,3.166,-0.6379
6797.5,3.1100000000000003,-0.683
6797.75,3.087,-0.6684
6798.0,3.0460000000000003,-0.6907
6798.25,3.089,-0.7010000000000001
6798.5,3.0460000000000003,-0.6962999999999999
6798.75,3.074,-0.7110000000000001
6799.0,3.002,-0.7433000000000001
6799.25,3.12,-0.658
6799.5,3.017,-0.768
6799.75,3.343,-0.6297
6800.0,3.333,-0.758
6800.25,3.48,-0.72414
6800.5,3.962,-0.323
6800.75,6.098,0.79
6801.0,4.707,0.39
6801.25,3.213,-0.603
6801.5,3.148,-0.6759
6801.75,3.204,-0.637
6802.0,3.172,-0.6886
6802.25,3.208,-0.6631
6802.5,4.916,0.181
6802.75,6.071,0.73
6803.0,5.329000000000001,0.04
6803.25,4.965,-0.1619999999999999
6803.5,5.349,0.2039999999999999
6803.75,5.388999999999999,0.31
6804.0,3.685,-0.7132000000000001
6804.25,3.342,-0.696
6804.5,3.276,-0.641
6804.75,3.264,-0.6739999999999999
6805.0,3.481,-0.6344000000000001
6805.25,3.902,-0.728
6805.5,5.782,0.5599999999999998
6805.75,6.104,0.5899999999999999
6806.0,5.487,-0.0110000000000001
6806.25,5.468,-0.027
6806.5,5.109999999999999,-0.034
6806.75,4.997999999999999,-0.181
6807.0,5.439,-0.08
6807.25,4.34,-0.571
6807.5,5.666,0.0929999999999999
6807.75,4.433,-0.5640000000000001
6808.0,3.877,-0.8380000000000001
6808.25,3.855,-0.8200000000000001
6808.5,3.935,-0.8310000000000001
6808.75,3.888,-0.913
6809.0,3.953,-0.7424999999999999
6809.25,3.679,-0.8260000000000001
6809.5,3.629,-0.796
6809.75,3.702,-0.6496999999999999
6810.0,3.228,-0.6990000000000001
6810.25,3.2830000000000004,-0.625
6810.5,3.131,-0.71481
6810.75,4.223,-0.802
6811.0,3.306,-0.816
6811.25,3.163,-0.6930000000000001
6811.5,3.282,-0.6507
6811.75,3.17,-0.6762
6812.0,3.243,-0.615
6812.25,3.1630000000000003,-0.6661999999999999
6812.5,3.226,-0.634
6812.75,3.178,-0.704
6813.0,3.215,-0.6411
6813.25,3.205,-0.6774
6813.5,3.141,-0.7110000000000001
6813.75,3.201,-0.6633
6814.0,3.17,-0.6597
6814.25,3.187,-0.687
6814.5,3.102,-0.732
6814.75,3.322,-0.5387
6815.0,3.197,-0.67
6815.25,3.263,-0.631
6815.5,3.282,-0.5589999999999999
6815.75,3.156,-0.697
6816.0,3.224,-0.649
6816.25,3.223,-0.5934
6816.5,3.245,-0.636
6816.75,3.162,-0.6950000000000001
6817.0,3.276,-0.55
6817.25,3.173,-0.684
6817.5,3.208,-0.647
6817.75,3.292,-0.5437000000000001
6818.0,3.136,-0.71
6818.25,3.202,-0.675
6818.5,3.213,-0.6033999999999999
6818.75,3.1710000000000003,-0.661
6819.0,3.135,-0.708
6819.25,3.252,-0.5551999999999999
6819.5,3.178,-0.6890000000000001
6819.75,3.207,-0.648
6820.0,3.276,-0.5521
6820.25,3.297,-0.56409
6820.5,3.173,-0.6890000000000001
6820.75,3.296,-0.5587
6821.0,3.174,-0.657
6821.25,3.173,-0.6900000000000001
6821.5,3.27,-0.5557
6821.75,3.135,-0.6960000000000001
6822.0,3.185,-0.627
6822.25,3.221,-0.5648
6822.5,3.221,-0.605
6822.75,3.079,-0.714
6823.0,3.2750000000000004,-0.5811
6823.25,3.1180000000000003,-0.751
6823.5,3.162,-0.712
6823.75,3.189,-0.6139
6824.0,3.0860000000000003,-0.732
6824.25,3.152,-0.677
6824.5,3.112,-0.6640999999999999
6824.75,3.1660000000000004,-0.639
6825.0,3.099,-0.6768
6825.25,3.2140000000000004,-0.5627
6825.5,2.997,-0.746
6825.75,3.139,-0.6108
6826.0,3.0700000000000003,-0.6864
6826.25,3.061,-0.714
6826.5,3.159,-0.6018
6826.75,3.0810000000000004,-0.67538
6827.0,3.1180000000000003,-0.681
6827.25,3.165,-0.5741
6827.5,3.191,-0.605
6827.75,3.099,-0.6990000000000001
6828.0,3.2190000000000003,-0.5648
6828.25,3.093,-0.7170000000000001
6828.5,3.186,-0.6396
6828.75,3.249,-0.6031
6829.0,3.185,-0.667
6829.25,3.178,-0.6675
6829.5,3.262,-0.6104
6829.75,3.17,-0.7010000000000001
6830.0,3.3280000000000003,-0.5354
6830.25,3.223,-0.6163000000000001
6830.5,3.229,-0.6379999999999999
6830.75,3.278,-0.5525
6831.0,3.217,-0.644
6831.25,3.1950000000000003,-0.664
6831.5,3.242,-0.6112
6831.75,3.16,-0.698
6832.0,3.123,-0.7174
6832.25,3.245,-0.5976
6832.5,3.117,-0.706
6832.75,3.325,-0.5274
6833.0,3.12,-0.7014
6833.25,3.209,-0.633
6833.5,3.193,-0.6118
6833.75,3.2110000000000003,-0.637
6834.0,3.149,-0.68852
6834.25,3.236,-0.5848
6834.5,3.095,-0.714
6834.75,3.213,-0.5771000000000001
6835.0,3.196,-0.5989
6835.25,3.106,-0.714
6835.5,3.209,-0.6188
6835.75,3.098,-0.72
6836.0,3.148,-0.675
6836.25,3.159,-0.6143
6836.5,3.107,-0.6839999999999999
6836.75,3.154,-0.6336999999999999
6837.0,3.1340000000000003,-0.6411
6837.25,3.1290000000000004,-0.669
6837.5,3.204,-0.5541
6837.75,3.072,-0.6930000000000001
6838.0,3.077,-0.6973
6838.25,3.076,-0.6779000000000001
6838.5,3.081,-0.704
6838.75,3.072,-0.6848
6839.0,3.135,-0.6466000000000001
6839.25,3.051,-0.7929999999999999
6839.5,3.255,-0.527
6839.75,3.0820000000000003,-0.6668
6840.0,3.236,-0.5557000000000001
6840.25,3.108,-0.6354000000000001
6840.5,3.119,-0.653
6840.75,3.105,-0.6180000000000001
6841.0,3.04,-0.7090000000000001
6841.25,3.034,-0.7310000000000001
6841.5,3.109,-0.6086
6841.75,3.045,-0.7130000000000001
6842.0,3.063,-0.6696
6842.25,3.153,-0.6204000000000001
6842.5,3.091,-0.669
6842.75,3.166,-0.5639000000000001
6843.0,3.023,-0.706
6843.25,3.0540000000000003,-0.675
6843.5,3.114,-0.6107
6843.75,3.044,-0.696
6844.0,3.0810000000000004,-0.6522
6844.25,3.09,-0.6489
6844.5,3.02,-0.7190000000000001
6844.75,3.189,-0.5403
6845.0,3.044,-0.677
6845.25,3.17,-0.592
6845.5,3.055,-0.6515
6845.75,3.103,-0.641
6846.0,3.018,-0.6599999999999999
6846.25,3.117,-0.6188
6846.5,2.988,-0.7370000000000001
6846.75,4.105,-0.106
6847.0,4.2700000000000005,-0.638
6847.25,6.23,0.5900000000000001
6847.5,6.430000000000001,0.3999999999999999
6847.75,6.949999999999999,-0.467
6848.0,6.91,-0.922
6848.25,8.29,-0.0989999999999999
6848.5,10.84,0.893
6848.75,12.16,-1.58
6849.0,11.79,-1.6800000000000002
6849.25,13.74,-0.39
6849.5,12.81,-1.297
6849.75,13.0,-1.366
6850.0,12.62,-1.5283
6850.25,15.42,0.8
6850.5,15.38,-1.4129999999999998
6850.75,16.630000000000003,-2.438
6851.0,17.9,-1.39
6851.25,16.3,-0.93
6851.5,14.52,-0.7
6851.75,14.14,-1.2
6852.0,14.37,-0.5599999999999999
6852.25,13.45,-0.3799999999999999
6852.5,13.98,-0.28
6852.75,14.27,-0.28
6853.0,15.22,0.5299999999999999
6853.25,17.71,2.407
6853.5,17.900000000000002,0.8600000000000001
6853.75,18.73,-0.7699999999999999
6854.0,20.47,-1.516
6854.25,19.7,-0.87
6854.5,18.47,-1.2840000000000005
6854.75,18.03,-1.001
6855.0,16.650000000000002,-0.4799999999999998
6855.25,17.490000000000002,1.16
6855.5,13.88,-0.694
6855.75,14.93,-0.304
6856.0,16.32,-0.2099999999999998
6856.25,15.95,-0.28
6856.5,15.08,-0.7589999999999999
6856.75,15.19,0.08
6857.0,11.65,1.55
6857.25,10.59,1.08
6857.5,8.93,-0.218
6857.75,8.83,-0.1139999999999999
6858.0,8.19,0.36
6858.25,6.65,-0.084
6858.5,6.33,-0.352
6858.75,7.37,-0.451
6859.0,9.35,-0.3480000000000001
6859.25,8.98,-0.6239999999999999
6859.5,8.6,-1.106
6859.75,8.479999999999999,-1.16
6860.0,9.37,-0.1419999999999999
6860.25,8.629999999999999,-0.867
6860.5,7.42,-0.607
6860.75,6.23,0.1319999999999999
6861.0,4.99,0.37
6861.25,4.609999999999999,-0.548
6861.5,4.43,-0.8424100000000001
6861.75,3.373,-0.492
6862.0,2.601,-0.629
6862.25,2.101,-0.60633
6862.5,2.253,-0.399
6862.75,2.066,-0.60222
6863.0,2.1710000000000003,-0.52233
6863.25,2.133,-0.55038
6863.5,2.1820000000000004,-0.48769
6863.75,2.098,-0.5486
6864.0,2.21,-0.425
6864.25,2.104,-0.5547
6864.5,2.14,-0.543
6864.75,2.0700000000000003,-0.5893
6865.0,2.148,-0.536
6865.25,2.06,-0.601
6865.5,2.154,-0.4807
6865.75,2.209,-0.4792
6866.0,2.234,-0.4577
6866.25,2.039,-0.5723100000000001
6866.5,2.143,-0.55276
6866.75,2.089,-0.5875
6867.0,2.131,-0.58462
6867.25,2.225,-0.5241
6867.5,2.164,-0.453
6867.75,2.127,-0.5389
6868.0,2.082,-0.591
6868.25,2.175,-0.58
6868.5,2.189,-0.5680000000000001
6868.75,2.095,-0.55
6869.0,2.12,-0.593
6869.25,2.203,-0.4828
6869.5,2.075,-0.6179000000000001
6869.75,2.101,-0.5493000000000001
6870.0,2.029,-0.6000000000000001
6870.25,2.126,-0.54
6870.5,1.993,-0.6379
6870.75,3.087,-0.0969999999999999
6871.0,3.107,-0.066
6871.25,4.45,0.144
6871.5,5.52,0.2907
6871.75,4.63,-1.04
6872.0,5.92,-1.21
6872.25,10.44,-0.82
6872.5,13.14,-0.7110000000000001
6872.75,13.57,-0.4629999999999999
6873.0,13.98,-0.328
6873.25,13.45,-1.48
6873.5,13.37,-1.95
6873.75,16.37,0.3000000000000001
6874.0,14.87,-1.33
6874.25,15.15,-0.0469999999999999
6874.5,15.64,-0.953
6874.75,18.83,0.155
6875.0,18.64,-0.364
6875.25,18.0,-0.3879999999999999
6875.5,15.65,-1.3370000000000002
6875.75,15.64,-0.373
6876.0,13.46,-0.973
6876.25,12.74,-1.054
6876.5,14.29,-0.962
6876.75,13.89,-1.6263999999999998
6877.0,14.150000000000002,-1.4923000000000002
6877.25,16.68,-0.108
6877.5,18.52,-0.754
6877.75,20.92,-0.211
6878.0,20.74,-0.6240000000000001
6878.25,20.35,-0.63
6878.5,22.65,-0.141
6878.75,23.24,-0.49
6879.0,23.13,0.199
6879.25,22.19,-0.0379999999999999
6879.5,21.1,0.006
6879.75,20.54,-0.651
6880.0,20.18,-0.881
6880.25,19.770000000000003,0.269
6880.5,20.06,0.13
6880.75,18.43,-1.4
6881.0,14.07,-0.438
6881.25,11.09,-0.99
6881.5,9.89,-1.23
6881.75,25.43,7.51
6882.0,27.03,10.21
6882.25,22.74,7.380000000000001
6882.5,10.759999999999998,0.1400000000000001
6882.75,14.580000000000002,2.67
6883.0,14.31,1.74
6883.25,14.03,2.006
6883.5,15.68,3.478
6883.75,15.0,3.022
6884.0,14.16,2.118
6884.25,14.45,2.5940000000000003
6884.5,15.09,4.067
6884.75,13.52,2.846
6885.0,12.38,1.945
6885.25,11.06,1.202
6885.5,11.06,1.36
6885.75,9.02,0.65
6886.0,3.2230000000000003,-0.78
6886.25,2.967,-0.788
6886.5,2.072,-0.604
6886.75,1.971,-0.662
6887.0,2.084,-0.583
6887.25,1.988,-0.669
6887.5,2.098,-0.5569999999999999
6887.75,2.069,-0.5920000000000001
6888.0,2.152,-0.553
6888.25,2.058,-0.621
6888.5,2.054,-0.634
6888.75,2.046,-0.638
6889.0,2.0340000000000003,-0.619
6889.25,2.004,-0.6559999999999999
6889.5,2.064,-0.605
6889.75,2.001,-0.633
6890.0,2.041,-0.616
6890.25,2.083,-0.5740000000000001
6890.5,2.083,-0.5840000000000001
6890.75,2.064,-0.594
6891.0,1.957,-0.673
6891.25,2.069,-0.611
6891.5,1.944,-0.7
6891.75,2.031,-0.635
6892.0,1.997,-0.664
6892.25,2.027,-0.629
6892.5,2.02,-0.654
6892.75,2.096,-0.5740000000000001
6893.0,2.029,-0.6040000000000001
6893.25,2.073,-0.611
6893.5,1.973,-0.6970000000000001
6893.75,2.076,-0.597
6894.0,1.941,-0.68
6894.25,2.039,-0.616
6894.5,1.967,-0.668
6894.75,2.8440000000000003,-0.2643
6895.0,2.869,-0.3434
6895.25,7.85,-0.176
6895.5,11.14,0.4514
6895.75,10.83,0.059
6896.0,13.94,-1.91
6896.25,18.04,-1.3304
6896.5,21.11,-0.2579999999999999
6896.75,23.21,0.1424999999999999
6897.0,23.28,0.3949999999999999
6897.25,21.94,0.24
6897.5,22.2,1.057
6897.75,22.28,0.6888000000000001
6898.0,20.89,-0.1941
6898.25,22.62,1.693
6898.5,25.08,2.968
6898.75,25.72,2.435
6899.0,24.26,1.0499999999999998
6899.25,25.52,2.6376
6899.5,26.290000000000003,3.541
6899.75,22.09,2.422
6900.0,21.87,2.353
6900.25,19.71,2.032
6900.5,21.47,2.528
6900.75,22.92,2.6460000000000004
6901.0,23.24,1.921
6901.25,25.19,3.242
6901.5,34.9,4.1530000000000005
6901.75,38.900000000000006,3.1064
6902.0,40.900000000000006,3.57
6902.25,42.0,3.4
6902.5,42.6,3.89
6902.75,42.4,3.71
6903.0,38.6,4.743
6903.25,33.14,3.4370000000000003
6903.5,40.1,5.68
6903.75,34.39,2.779
6904.0,29.2,0.744
6904.25,27.12,0.7190000000000002
6904.5,25.76,0.656
6904.75,23.96,0.1099999999999999
6905.0,16.55,0.3159999999999999
6905.25,14.759999999999998,0.341
6905.5,15.2,0.6300000000000001
6905.75,12.02,0.2069999999999999
6906.0,10.92,-0.293
6906.25,10.4,-0.357
6906.5,10.4,0.0699999999999999
6906.75,8.620000000000001,-0.6679999999999999
6907.0,7.49,-0.516
6907.25,6.51,-0.293
6907.5,7.620000000000001,0.4599999999999999
6907.75,8.219999999999999,-0.298
6908.0,5.79,-0.461
6908.25,5.91,-0.2089999999999999
6908.5,6.29,0.2
6908.75,5.46,-0.5979999999999999
6909.0,4.59,-0.478
6909.25,4.65,-0.226
6909.5,5.4,0.4199999999999999
6909.75,4.09,-0.2499999999999999
6910.0,2.949,-0.577
6910.25,2.835,-0.69
6910.5,2.93,-0.74
6910.75,2.858,-0.746
6911.0,2.9320000000000004,-0.729
6911.25,2.904,-0.772
6911.5,2.964,-0.75
6911.75,2.863,-0.729
6912.0,2.689,-0.746
6912.25,2.768,-0.675
6912.5,2.809,-0.775
6912.75,2.957,-0.716
6913.0,2.919,-0.8400000000000001
6913.25,2.989,-0.7150000000000001
6913.5,2.676,-0.767
6913.75,2.9640000000000004,-0.726
6914.0,2.822,-0.77
6914.25,2.826,-0.741
6914.5,2.587,-0.77
6914.75,2.8120000000000003,-0.656
6915.0,2.8680000000000003,-0.7210000000000001
6915.25,2.859,-0.651
6915.5,2.63,-0.776
6915.75,2.865,-0.707
6916.0,2.8,-0.773
6916.25,2.669,-0.687
6916.5,2.75,-0.776
6916.75,2.708,-0.7390000000000001
6917.0,2.6,-0.6839999999999999
6917.25,2.815,-0.7330000000000001
6917.5,2.8440000000000003,-0.633
6917.75,2.635,-0.71
6918.0,2.825,-0.725
6918.25,2.5810000000000004,-0.7350000000000001
6918.5,2.787,-0.751
6918.75,3.71,-0.426
6919.0,3.45,-0.381
6919.25,5.15,-0.4029999999999999
6919.5,5.74,-0.7614
6919.75,6.23,-1.02
6920.0,8.46,-0.294
6920.25,12.46,-0.8370000000000001
6920.5,14.27,-1.02
6920.75,16.89,-1.62
6921.0,14.83,-2.09
6921.25,15.03,-2.21
6921.5,14.88,-2.12
6921.75,15.77,-1.62
6922.0,15.010000000000002,-2.37
6922.25,15.96,-1.48
6922.5,15.95,-1.87
6922.75,15.849999999999998,-2.24
6923.0,16.74,-1.15
6923.25,15.88,-1.93
6923.5,14.31,-1.73
6923.75,14.9,-1.81
6924.0,12.27,-1.82
6924.25,13.93,-0.2515
6924.5,13.09,-0.96
6924.75,15.06,-0.0499999999999999
6925.0,24.54,4.068
6925.25,34.129999999999995,7.699999999999999
6925.5,30.96,4.548
6925.75,32.97,4.558
6926.0,31.8,4.461
6926.25,31.91,3.443
6926.5,30.76,3.0329999999999995
6926.75,32.18,4.327
6927.0,32.239999999999995,4.284
6927.25,32.89,4.271
6927.5,33.78,3.552
6927.75,35.72,5.319999999999999
6928.0,34.51,4.838
6928.25,32.08,4.543
6928.5,30.200000000000003,3.416
6928.75,25.25,1.4529999999999998
6929.0,20.6,2.545
6929.25,18.89,2.5201
6929.5,13.92,1.1577
6929.75,13.6,1.3642
6930.0,10.89,1.258
6930.25,10.73,1.203
6930.5,9.71,0.2278
6930.75,10.489999999999998,-0.005
6931.0,10.89,0.5710000000000001
6931.25,10.96,0.52
6931.5,9.83,-0.1479999999999999
6931.75,9.89,0.061
6932.0,10.36,1.1852
6932.25,7.48,0.303
6932.5,8.05,0.7295
6932.75,7.699999999999999,0.5309999999999999
6933.0,8.24,0.8989999999999999
6933.25,7.26,0.072
6933.5,7.68,0.5782
6933.75,6.72,1.2535
6934.0,5.43,0.588
6934.25,4.390000000000001,0.2314
6934.5,4.05,0.2625
6934.75,3.82,0.1425
6935.0,3.98,0.2316999999999999
6935.25,4.12,0.3273
6935.5,3.94,0.1951999999999999
6935.75,3.78,0.0902
6936.0,3.7,0.0228
6936.25,4.12,0.3001
6936.5,3.88,0.1538
6936.75,3.76,0.0652
6937.0,3.85,0.1108
6937.25,3.63,-0.0115
6937.5,3.74,0.071
6937.75,3.73,0.0413
6938.0,3.72,0.016
6938.25,3.55,-0.0542999999999999
6938.5,3.84,0.1054
6938.75,3.79,0.0773
6939.0,4.02,0.2077
6939.25,4.01,0.2583
6939.5,3.92,0.214
6939.75,3.81,0.1369
6940.0,3.74,0.067
6940.25,3.82,0.1318
6940.5,3.99,0.2385999999999999
6940.75,4.28,0.4794
6941.0,3.78,0.085
6941.25,3.62,-0.0209999999999999
6941.5,3.62,-0.0147
6941.75,3.59,-0.0342999999999999
6942.0,3.7,0.034
6942.25,0.0,0.0
6942.5,0.0,0.0
6942.75,0.0,0.0
6943.0,0.0,0.0
6943.25,0.0,0.0
6943.5,0.0,0.0
6943.75,0.0,0.0
6944.0,0.0,0.0
6944.25,0.0,0.0
6944.5,0.0,0.0
6944.75,0.0,0.0
6945.0,0.0,0.0
6945.25,0.0,0.0
6945.5,0.0,0.0
6945.75,8.079999999999998,0.6012000000000001
6946.0,7.69,0.6095999999999999
6946.25,8.21,0.8057999999999998
6946.5,8.219999999999999,0.5821000000000001
6946.75,7.16,-0.273
6947.0,8.94,0.8438999999999999
6947.25,8.19,1.034
6947.5,7.55,0.418
6947.75,7.75,0.8582000000000001
6948.0,7.33,0.3303
6948.25,6.27,-0.0728
6948.5,8.31,1.452
6948.75,8.61,0.5119999999999999
6949.0,9.29,0.6663
6949.25,9.13,0.2539
6949.5,9.71,0.9400000000000002
6949.75,6.81,-0.337
6950.0,10.4,-0.9821
6950.25,11.16,-0.8740000000000001
6950.5,10.79,-0.3199999999999999
6950.75,8.66,-1.37
6951.0,8.37,-1.564
6951.25,8.530000000000001,-1.006
6951.5,8.46,-1.026
6951.75,9.18,-1.101
6952.0,8.870000000000001,-1.46
6952.25,8.91,-1.248
6952.5,8.7,-0.93
6952.75,8.93,-1.4209999999999998
6953.0,8.45,-1.65
6953.25,8.41,-1.261
6953.5,8.58,-0.831
6953.75,7.85,-1.28
6954.0,6.75,-1.69
6954.25,7.199999999999999,-1.144
6954.5,7.42,-0.7030000000000001
6954.75,5.74,-1.56
6955.0,5.64,-1.7400000000000002
6955.25,6.06,-1.21
6955.5,5.78,-1.62
6955.75,5.42,-1.5699999999999998
6956.0,3.88,-1.09
6956.25,3.97,-1.03
6956.5,3.91,-1.07
6956.75,4.05,-1.0
6957.0,3.89,-1.02
6957.25,3.891,0.3113
6957.5,2.365,-0.78
6957.75,2.508,-0.69
6958.0,2.379,-0.79
6958.25,2.5,-0.68
6958.5,2.394,-0.78
6958.75,2.5010000000000003,-0.6900000000000001
6959.0,2.385,-0.75
6959.25,2.474,-0.7000000000000001
6959.5,2.482,-0.67
6959.75,2.49,-0.6799999999999999
6960.0,2.477,-0.7
6960.25,2.43,-0.73
6960.5,2.475,-0.7100000000000001
6960.75,2.414,-0.73
6961.0,2.515,-0.68
6961.25,2.3600000000000003,-0.78
6961.5,2.566,-0.62
6961.75,2.373,-0.76
6962.0,2.551,-0.62
6962.25,2.4320000000000004,-0.6900000000000001
6962.5,2.5090000000000003,-0.66
6962.75,2.4030000000000005,-0.72
6963.0,2.447,-0.7100000000000001
6963.25,2.413,-0.73
6963.5,2.457,-0.6900000000000001
6963.75,2.41,-0.76
6964.0,2.425,-0.72
6964.25,2.43,-0.73
6964.5,2.42,-0.75
6964.75,2.5410000000000004,-0.65
6965.0,2.411,-0.74
6965.25,2.567,-0.7
6965.5,2.432,-0.708
6965.75,2.502,-0.589
6966.0,2.261,-0.61
6966.25,2.294,-0.601
6966.5,2.22,-0.668
6966.75,2.324,-0.5880000000000001
6967.0,2.244,-0.646
6967.25,2.298,-0.583
6967.5,2.285,-0.6
6967.75,2.277,-0.603
6968.0,2.255,-0.632
6968.25,2.19,-0.658
6968.5,2.2630000000000003,-0.62
6968.75,2.172,-0.669
6969.0,2.262,-0.61
6969.25,2.171,-0.654
6969.5,3.9,0.3342
6969.75,18.74,7.779999999999999
6970.0,20.94,7.729999999999999
6970.25,20.44,7.449999999999999
6970.5,19.33,6.52
6970.75,18.95,5.92
6971.0,20.4,6.8500000000000005
6971.25,20.82,7.170000000000001
6971.5,20.4,6.39
6971.75,20.020000000000003,6.17
6972.0,20.61,6.5600000000000005
6972.25,22.42,7.63
6972.5,21.21,6.880000000000001
6972.75,21.18,6.89
6973.0,18.14,5.67
6973.25,20.99,7.04
6973.5,20.32,6.619999999999999
6973.75,22.33,7.869999999999999
6974.0,21.35,7.58
6974.25,22.2,8.09
6974.5,22.06,7.92
6974.75,22.41,7.869999999999999
6975.0,22.31,7.4
6975.25,20.82,6.69
6975.5,21.02,6.85
6975.75,20.31,6.329999999999999
6976.0,20.35,6.55
6976.25,19.33,5.84
6976.5,19.43,6.039999999999999
6976.75,20.2,6.33
6977.0,20.12,6.36
6977.25,19.52,6.12
6977.5,19.69,6.31
6977.75,17.86,5.720000000000001
6978.0,18.22,6.1
6978.25,17.62,5.75
6978.5,17.33,6.01
6978.75,12.83,4.14
6979.0,2.6590000000000003,-0.92
6979.25,2.771,-0.388
6979.5,2.142,-0.79
6979.75,2.175,-0.74
6980.0,2.144,-0.8
6980.25,2.197,-0.73
6980.5,2.213,-0.72
6980.75,2.293,-0.67
6981.0,2.192,-0.75
6981.25,2.215,-0.73
6981.5,2.167,-0.78
6981.75,2.189,-0.75
6982.0,2.148,-0.8
6982.25,2.178,-0.76
6982.5,2.147,-0.8
6982.75,2.169,-0.77
6983.0,2.195,-0.74
6983.25,2.204,-0.73
6983.5,2.242,-0.69
6983.75,2.145,-0.79
6984.0,2.225,-0.73
6984.25,2.1100000000000003,-0.8400000000000001
6984.5,2.217,-0.75
6984.75,2.105,-0.8200000000000001
6985.0,2.2310000000000003,-0.76
6985.25,2.128,-0.8200000000000001
6985.5,2.207,-0.75
6985.75,2.1630000000000003,-0.77
6986.0,2.287,-0.68
6986.25,2.156,-0.78
6986.5,2.223,-0.76
6986.75,2.126,-0.8400000000000001
6987.0,2.236,-0.76
6987.25,2.135,-0.8200000000000001
6987.5,2.248,-0.73
6987.75,2.044,-0.95
6988.0,2.095,-0.92
6988.25,2.069,-0.93
6988.5,2.114,-0.88
6988.75,2.119,-0.89
6989.0,2.04,-0.96
6989.25,2.1,-0.91
6989.5,2.005,-0.96
6989.75,2.029,-0.8600000000000001
6990.0,1.932,-0.93
6990.25,2.035,-0.8600000000000001
6990.5,1.933,-0.93
6990.75,2.024,-0.8700000000000001
6991.0,1.923,-0.94
6991.25,2.053,-0.85
6991.5,1.964,-0.92
6991.75,1.988,-0.8899999999999999
6992.0,1.953,-0.9000000000000001
6992.25,1.987,-0.8600000000000001
6992.5,2.083,-0.74
6992.75,2.0380000000000003,-0.77
6993.0,2.068,-0.76
6993.25,2.036,-0.8200000000000001
6993.5,2.1,-0.8
6993.75,2.085,-0.708
6994.0,2.156,-0.67
6994.25,2.07,-0.75
6994.5,2.053,-0.78
6994.75,1.999,-0.8200000000000001
6995.0,2.022,-0.8
6995.25,2.049,-0.76
6995.5,2.026,-0.79
6995.75,2.041,-0.76
6996.0,2.022,-0.79
6996.25,2.047,-0.75
6996.5,2.059,-0.76
6996.75,2.1590000000000003,-0.6900000000000001
6997.0,2.09,-0.72
6997.25,2.044,-0.76
6997.5,2.02,-0.79
6997.75,2.023,-0.78
6998.0,2.082,-0.73
6998.25,2.011,-0.79
6998.5,2.07,-0.75
6998.75,2.013,-0.79
6999.0,2.104,-0.7
6999.25,2.095,-0.73
6999.5,2.117,-0.6900000000000001
6999.75,2.062,-0.75
7000.0,2.085,-0.72
7000.25,2.028,-0.79
7000.5,2.043,-0.76
7000.75,2.027,-0.79
7001.0,2.037,-0.75
7001.25,2.095,-0.75
7001.5,1.978,-0.8200000000000001
7001.75,2.13,-0.71
7002.0,2.081,-0.73
7002.25,2.154,-0.6900000000000001
7002.5,1.988,-0.81
7002.75,2.091,-0.72
7003.0,2.081,-0.81
7003.25,2.172,-0.77
7003.5,2.11,-0.81
7003.75,2.168,-0.77
7004.0,2.165,-0.81
7004.25,2.1870000000000003,-0.78
7004.5,2.28,-0.63
7004.75,2.2390000000000003,-0.651
7005.0,2.252,-0.72
7005.25,2.117,-0.8
7005.5,2.209,-0.75
7005.75,2.016,-0.96
7006.0,2.13,-0.8900000000000001
7006.25,2.013,-0.97
7006.5,2.101,-0.9000000000000001
7006.75,2.036,-0.97
7007.0,2.133,-0.8600000000000001
7007.25,2.0940000000000003,-0.9
7007.5,2.124,-0.8600000000000001
7007.75,2.066,-0.95
7008.0,2.0540000000000003,-0.95
7008.25,2.101,-0.9200000000000002
7008.5,2.023,-0.97
7008.75,2.13,-0.8800000000000001
7009.0,2.004,-0.98
7009.25,2.117,-0.9000000000000001
7009.5,2.015,-0.96
7009.75,2.135,-0.85
7010.0,2.126,-0.8300000000000001
7010.25,2.214,-0.74
7010.5,2.131,-0.8200000000000001
7010.75,2.146,-0.79
7011.0,2.156,-0.8
7011.25,2.128,-0.8200000000000001
7011.5,2.157,-0.79
7011.75,2.095,-0.8400000000000001
7012.0,2.196,-0.78
7012.25,2.107,-0.8400000000000001
7012.5,2.252,-0.72
7012.75,2.174,-0.78
7013.0,2.204,-0.76
7013.25,2.119,-0.8300000000000001
7013.5,2.074,-0.76
7013.75,1.936,-0.75
7014.0,1.953,-0.71
7014.25,1.95,-0.72
7014.5,1.923,-0.75
7014.75,2.558,-0.72
7015.0,2.483,-0.3167
7015.25,2.612,-0.26536
7015.5,4.49,-0.47
7015.75,4.89,-1.12
7016.0,5.19,-1.2999999999999998
7016.25,9.01,-1.25
7016.5,12.09,-1.92
7016.75,13.24,-0.53
7017.0,14.1,-2.18
7017.25,13.089999999999998,-2.55
7017.5,12.240000000000002,-1.62
7017.75,11.71,-2.42
7018.0,15.939999999999998,-0.371
7018.25,15.74,-1.5950000000000002
7018.5,16.98,-1.345
7018.75,16.22,-3.0500000000000003
7019.0,16.66,-2.46
7019.25,15.07,-1.816
7019.5,14.34,-1.37571
7019.75,13.170000000000002,-1.19
7020.0,11.15,-1.51
7020.25,12.28,-0.471
7020.5,12.94,-0.551
7020.75,10.89,-1.82
7021.0,15.39,-0.479
7021.25,15.35,-0.001
7021.5,16.83,-1.6634
7021.75,20.05,-1.399
7022.0,20.48,-1.789
7022.25,18.96,-2.265
7022.5,19.08,-1.9114
7022.75,18.17,-2.135
7023.0,16.73,-0.5800000000000001
7023.25,14.59,-0.796
7023.5,15.409999999999998,-0.128
7023.75,13.9,-1.9
7024.0,14.53,-0.95
7024.25,15.28,-0.367
7024.5,14.2,-1.77
7024.75,14.13,-1.121
7025.0,11.23,-0.171
7025.25,8.93,-0.78
7025.5,7.65,-1.54
7025.75,7.33,-1.3
7026.0,7.619999999999999,-0.591
7026.25,6.3100000000000005,-1.4899999999999998
7026.5,6.41,-1.4
7026.75,5.92,-0.95
7027.0,6.62,-0.453
7027.25,5.64,-1.22
7027.5,5.800000000000001,-0.8859999999999999
7027.75,6.24,-0.631
7028.0,7.37,-0.367
7028.25,6.1000000000000005,-0.77
7028.5,5.084,-1.1
7028.75,5.392,-0.274
7029.0,4.762,-0.5840000000000001
7029.25,4.385,-1.0
7029.5,3.961,-1.09
7029.75,4.773,-0.023
7030.0,3.902,-0.6986
7030.25,3.278,-1.09
7030.5,3.459,-0.426
7030.75,3.487,0.065
7031.0,2.676,-0.88
7031.25,2.6670000000000003,-0.88
7031.5,3.126,-0.312
7031.75,3.3,-0.207
7032.0,2.6100000000000003,-1.0
7032.25,2.71,-0.93
7032.5,3.406,0.0419999999999999
7032.75,2.905,-0.6226
7033.0,2.626,-0.96
7033.25,2.868,-0.6683
7033.5,3.4770000000000003,0.076
7033.75,2.676,-0.85
7034.0,2.613,-0.92
7034.25,3.044,-0.412
7034.5,3.3000000000000003,-0.1089999999999999
7034.75,2.527,-0.99
7035.0,2.612,-0.93
7035.25,3.257,-0.1449999999999999
7035.5,3.1380000000000003,-0.325
7035.75,2.506,-1.0
7036.0,2.796,-0.71
7036.25,3.407,0.0539999999999999
7036.5,2.843,-0.654
7036.75,2.572,-0.9200000000000002
7037.0,2.845,-0.472
7037.25,3.205,0.014
7037.5,2.333,-0.9000000000000001
7037.75,2.204,-0.8600000000000001
7038.0,2.855,-0.0969999999999999
7038.25,2.8100000000000005,-0.1599999999999999
7038.5,2.207,-0.8600000000000001
7038.75,2.708,-0.81
7039.0,4.066,0.4499999999999998
7039.25,4.47,-0.166
7039.5,4.44,-0.64
7039.75,4.487,-0.93
7040.0,7.090000000000001,0.6569999999999999
7040.25,10.52,-1.52
7040.5,11.81,-1.41
7040.75,11.42,-1.79
7041.0,13.09,-0.0949999999999999
7041.25,14.37,-2.59
7041.5,16.63,-2.2
7041.75,16.96,-2.123
7042.0,16.68,-2.64
7042.25,17.740000000000002,-1.85
7042.5,18.83,-2.37
7042.75,18.64,-2.84
7043.0,19.83,-2.8200000000000003
7043.25,19.42,-3.46
7043.5,19.83,-2.8600000000000003
7043.75,18.9,-1.986
7044.0,16.7,-2.16
7044.25,13.67,-1.93
7044.5,13.34,-0.741
7044.75,13.829999999999998,-0.5179999999999999
7045.0,13.68,-1.339
7045.25,15.32,-0.986
7045.5,19.18,-0.3499999999999998
7045.75,21.53,-0.0599999999999999
7046.0,21.41,-1.488
7046.25,21.39,-1.999
7046.5,21.87,-1.328
7046.75,21.25,-0.94
7047.0,21.46,-0.806
7047.25,19.58,-1.021
7047.5,20.16,-0.712
7047.75,19.16,-1.147
7048.0,17.630000000000003,-2.17
7048.25,13.7,-1.606
7048.5,13.42,-1.99
7048.75,13.69,-1.1949999999999998
7049.0,10.02,-1.3
7049.25,9.56,-0.8332
7049.5,8.59,-0.979
7049.75,7.21,-0.1689999999999999
7050.0,6.29,-0.7
7050.25,5.65,-1.073
7050.5,6.08,-0.6910000000000001
7050.75,6.37,-0.2489999999999999
7051.0,5.05,-1.15
7051.25,5.0600000000000005,-1.12
7051.5,5.260000000000001,-0.771
7051.75,5.89,-0.187
7052.0,4.890000000000001,-1.12
7052.25,4.96,-1.02
7052.5,4.94,-0.256
7052.75,3.983,-0.241
7053.0,3.481,-0.809
7053.25,3.1500000000000004,-0.95
7053.5,2.7090000000000005,-0.94
7053.75,2.6899999999999995,-0.91
7054.0,2.6819999999999995,-0.8900000000000001
7054.25,2.307,-0.76
7054.5,2.295,-0.76
7054.75,2.271,-0.79
7055.0,2.243,-0.8
7055.25,2.262,-0.8
7055.5,2.231,-0.84
7055.75,2.306,-0.77
7056.0,2.212,-0.85
7056.25,2.346,-0.78
7056.5,2.2110000000000003,-0.84
7056.75,2.377,-0.72
7057.0,2.294,-0.78
7057.25,2.3280000000000003,-0.76
7057.5,2.229,-0.83
7057.75,2.296,-0.79
7058.0,2.252,-0.8200000000000001
7058.25,2.287,-0.79
7058.5,2.263,-0.81
7058.75,2.283,-0.8
7059.0,2.26,-0.8400000000000001
7059.25,2.33,-0.77
7059.5,2.299,-0.78
7059.75,2.401,-0.6819999999999999
7060.0,2.311,-0.74
7060.25,2.344,-0.76
7060.5,2.214,-0.85
7060.75,2.305,-0.7999999999999999
7061.0,2.201,-0.88
7061.25,2.296,-0.8
7061.5,2.153,-0.79
7061.75,2.065,-0.725
7062.0,2.154,-0.679
7062.25,2.098,-0.702
7062.5,2.133,-0.6990000000000001
7062.75,2.905,-0.4085999999999999
7063.0,3.143,-0.3561999999999999
7063.25,5.25,-0.571
7063.5,6.66,-0.996
7063.75,9.7,0.1281
7064.0,9.83,-2.09
7064.25,10.97,-1.87
7064.5,16.07,-0.174
7064.75,19.04,-0.0407
7065.0,20.21,0.9546
7065.25,18.66,0.402
7065.5,22.84,1.54
7065.75,23.07,1.5140000000000002
7066.0,20.98,1.425
7066.25,20.43,0.5770000000000001
7066.5,23.47,1.293
7066.75,27.380000000000003,1.9331
7067.0,24.92,0.931
7067.25,22.85,0.8342
7067.5,24.01,1.945
7067.75,22.92,2.143
7068.0,10.66,-1.152
7068.25,9.72,0.0069999999999999
7068.5,10.12,0.0819999999999999
7068.75,11.04,0.17
7069.0,15.91,0.8673000000000001
7069.25,24.36,5.109999999999999
7069.5,29.07,3.165
7069.75,47.3,7.6
7070.0,42.7,4.252
7070.25,43.7,5.324
7070.5,42.9,4.904
7070.75,41.1,5.196
7071.0,33.92,5.7700000000000005
7071.25,30.160000000000004,6.390000000000001
7071.5,26.84,4.89
7071.75,29.17,5.710000000000001
7072.0,28.16,4.82
7072.25,31.19,6.08
7072.5,28.73,4.747999999999999
7072.75,30.14,5.83
7073.0,23.85,5.1
7073.25,21.97,4.747
7073.5,18.700000000000003,2.787
7073.75,17.01,2.211
7074.0,15.69,2.514
7074.25,14.09,2.506
7074.5,14.12,2.581
7074.75,13.68,2.74
7075.0,6.279999999999999,-0.257
7075.25,4.73,-0.98
7075.5,4.26,-1.25
7075.75,4.38,-1.08
7076.0,5.15,-0.3229999999999999
7076.25,4.26,-0.4261
7076.5,2.196,-0.7
7076.75,2.105,-0.76
7077.0,2.21,-0.71
7077.25,2.122,-0.76
7077.5,2.297,-0.64
7077.75,2.163,-0.74
7078.0,2.212,-0.7
7078.25,2.141,-0.74
7078.5,2.108,-0.75
7078.75,2.106,-0.74
7079.0,2.098,-0.73
7079.25,2.15,-0.72
7079.5,2.092,-0.75
7079.75,2.138,-0.72
7080.0,2.155,-0.7
7080.25,2.151,-0.7
7080.5,2.132,-0.7
7080.75,2.1,-0.74
7081.0,2.101,-0.75
7081.25,2.12,-0.709
7081.5,2.139,-0.74
7081.75,2.174,-0.73
7082.0,2.143,-0.6719999999999999
7082.25,2.206,-0.622
7082.5,2.092,-0.736
7082.75,2.241,-0.628
7083.0,2.134,-0.6930000000000001
7083.25,2.24,-0.646
7083.5,2.11,-0.744
7083.75,2.192,-0.688
7084.0,2.017,-0.82
7084.25,2.14,-0.7271000000000001
7084.5,1.958,-0.92
7084.75,2.017,-0.87
7085.0,1.979,-0.91
7085.25,2.036,-0.8400000000000001
7085.5,1.924,-0.804
7085.75,1.849,-0.76
7086.0,1.743,-0.8420000000000001
7086.25,1.797,-0.8200000000000001
7086.5,1.735,-0.859
7086.75,1.823,-0.78
7087.0,2.7110000000000003,-0.4643
7087.25,3.105,-0.94
7087.5,3.649,-0.627
7087.75,4.327,-0.84
7088.0,5.43,-0.4483
7088.25,5.75,-1.61
7088.5,12.23,-0.1089999999999999
7088.75,12.21,-2.47
7089.0,15.11,-3.1
7089.25,13.010000000000002,-1.82
7089.5,14.19,-1.63
7089.75,14.07,-2.38
7090.0,13.84,-1.3340999999999998
7090.25,15.329999999999998,-0.897
7090.5,16.56,-1.54
7090.75,18.97,-1.95
7091.0,19.83,-2.1018
7091.25,19.44,-2.34
7091.5,19.24,-1.9
7091.75,19.64,-1.86
7092.0,18.33,-1.28621
7092.25,15.830000000000002,-1.267
7092.5,15.11,-0.9368
7092.75,16.47,-0.1709999999999999
7093.0,18.4,0.0399999999999999
7093.25,18.67,0.7010000000000001
7093.5,21.25,0.0389999999999999
7093.75,19.49,-1.426
7094.0,22.2,-1.108
7094.25,23.42,-1.4380000000000002
7094.5,23.83,-1.226
7094.75,24.28,-1.255
7095.0,22.49,-0.716
7095.25,23.62,-0.557
7095.5,25.85,0.1359999999999999
7095.75,22.35,-1.4899999999999998
7096.0,21.81,-0.5489999999999999
7096.25,40.8,7.91
7096.5,34.88,5.41
7096.75,35.95,6.19
7097.0,31.74,6.94
7097.25,30.18,7.369999999999999
7097.5,30.43,6.35
7097.75,27.45,5.48
7098.0,26.28,6.84
7098.25,24.36,5.890000000000001
7098.5,21.65,4.98
7098.75,22.7,5.036
7099.0,22.02,4.084
7099.25,24.64,5.42
7099.5,20.0,4.051
7099.75,18.59,3.274
7100.0,17.92,3.247
7100.25,17.7,3.341
7100.5,17.71,3.924
7100.75,16.45,3.866
7101.0,15.98,3.476
7101.25,8.26,-0.1838
7101.5,6.63,-0.237
7101.75,6.44,-0.473
7102.0,6.16,-0.6237
7102.25,3.635,-0.93
7102.5,3.385,-0.87
7102.75,3.3790000000000004,-0.87
7103.0,3.309,-0.89
7103.25,3.372,-0.84
7103.5,3.321,-0.91
7103.75,3.524,-0.74
7104.0,3.306,-0.87
7104.25,3.359,-0.8700000000000001
7104.5,3.103,-0.98
7104.75,3.2910000000000004,-0.9
7105.0,3.342,-0.95
7105.25,3.38,-0.8800000000000001
7105.5,3.335,-0.94
7105.75,3.377,-0.89
7106.0,3.3360000000000003,-0.88
7106.25,3.3680000000000003,-0.83
7106.5,3.287,-0.89
7106.75,3.33,-0.92
7107.0,3.337,-0.95
7107.25,3.372,-0.9
7107.5,3.162,-0.97
7107.75,3.276,-0.89
7108.0,3.3,-0.96
7108.25,3.349,-0.8600000000000001
7108.5,3.249,-0.94
7108.75,3.3600000000000003,-0.83
7109.0,3.317,-0.91
7109.25,3.412,-0.8500000000000001
7109.5,2.941,-0.91
7109.75,3.178,-0.87
7110.0,3.08,-0.91
7110.25,3.077,-0.77
7110.5,3.0890000000000004,-0.8600000000000001
7110.75,4.179,-0.35141
7111.0,3.916,-0.543
7111.25,6.77,0.2164999999999999
7111.5,8.059999999999999,-0.77036
7111.75,10.69,-0.4705000000000001
7112.0,14.16,-1.062
7112.25,18.94,0.122
7112.5,21.09,-0.08
7112.75,25.19,1.209
7113.0,25.07,0.089
7113.25,27.91,2.007
7113.5,29.51,3.437
7113.75,30.13,2.3492
7114.0,29.77,1.882
7114.25,32.53,3.561
7114.5,35.6,2.5330000000000004
7114.75,37.7,2.187
7115.0,41.3,5.41
7115.25,38.400000000000006,4.329000000000001
7115.5,33.760000000000005,4.470000000000001
7115.75,31.25,4.99
7116.0,27.55,5.14
7116.25,29.47,5.609
7116.5,30.94,5.863
7116.75,25.67,3.91
7117.0,21.28,0.7499999999999998
7117.25,22.07,1.5983
7117.5,23.51,1.334
7117.75,24.72,1.5739999999999998
7118.0,25.2,1.418
7118.25,25.42,1.211
7118.5,24.72,2.334
7118.75,22.99,1.5562
7119.0,22.67,0.8795000000000002
7119.25,23.18,1.8010000000000002
7119.5,24.9,2.729
7119.75,19.11,1.3079
7120.0,18.06,0.4851
7120.25,16.52,0.2389
7120.5,19.22,1.338
7120.75,16.27,-0.633
7121.0,18.24,1.6110000000000002
7121.25,21.66,2.947
7121.5,22.0,3.868
7121.75,24.05,5.069
7122.0,21.43,3.415
7122.25,21.96,4.8100000000000005
7122.5,18.75,3.985
7122.75,20.5,6.05
7123.0,19.12,5.0200000000000005
7123.25,18.95,5.210000000000001
7123.5,18.67,4.355
7123.75,17.71,3.744
7124.0,8.54,-1.12
7124.25,7.35,-1.2000000000000002
7124.5,5.782,-0.684
7124.75,4.296,-0.1129999999999999
7125.0,3.462,-0.98
7125.25,3.619,-0.91
7125.5,4.356,-0.161
7125.75,4.029999999999999,-0.429
7126.0,3.531,-0.81
7126.25,2.683,-0.92
7126.5,2.471,-0.78
7126.75,2.407,-0.8300000000000001
7127.0,2.518,-0.73
7127.25,2.434,-0.81
7127.5,2.462,-0.79
7127.75,2.4160000000000004,-0.83
7128.0,2.433,-0.8099999999999999
7128.25,2.398,-0.86
7128.5,2.396,-0.83
7128.75,2.387,-0.85
7129.0,2.4160000000000004,-0.81
7129.25,2.388,-0.8400000000000001
7129.5,2.487,-0.75
7129.75,2.424,-0.81
7130.0,2.472,-0.77
7130.25,2.3470000000000004,-0.87
7130.5,2.462,-0.78
7130.75,2.3640000000000003,-0.86
7131.0,2.462,-0.79
7131.25,2.363,-0.86
7131.5,2.456,-0.79
7131.75,2.365,-0.87
7132.0,2.498,-0.77
7132.25,2.4290000000000003,-0.8200000000000001
7132.5,2.476,-0.79
7132.75,2.399,-0.84
7133.0,2.409,-0.82
7133.25,2.407,-0.83
7133.5,2.371,-0.77
7133.75,2.198,-0.77
7134.0,2.193,-0.76
7134.25,2.208,-0.76
7134.5,2.231,-0.72
7134.75,2.266,-0.72
7135.0,2.277,-0.6799999999999999
7135.25,2.161,-0.78
7135.5,11.62,-1.7000000000000002
7135.75,16.69,-1.758
7136.0,18.03,-1.47
7136.25,15.27,-1.8371
7136.5,15.44,-1.461
7136.75,14.44,-1.608
7137.0,19.58,1.2480000000000002
7137.25,21.37,2.3
7137.5,23.0,2.5
7137.75,22.81,1.5699999999999998
7138.0,20.59,0.964
7138.25,21.6,1.73
7138.5,19.18,0.4929999999999999
7138.75,19.04,0.205
7139.0,20.25,0.8510000000000001
7139.25,18.44,0.2139999999999999
7139.5,16.54,0.581
7139.75,15.400000000000002,1.639
7140.0,12.4,0.633
7140.25,10.38,0.0161
7140.5,13.69,2.532
7140.75,11.28,0.516
7141.0,9.13,-0.6834
7141.25,12.29,1.0100000000000002
7141.5,10.92,0.6529999999999999
7141.75,12.25,1.186
7142.0,11.3,0.47
7142.25,12.1,1.171
7142.5,12.53,1.5280000000000002
7142.75,12.49,1.171
7143.0,10.89,0.9757
7143.25,11.329999999999998,1.721
7143.5,10.73,1.2599999999999998
7143.75,8.87,0.09628
7144.0,10.41,0.9814
7144.25,9.15,0.756
7144.5,7.959999999999999,0.2629999999999999
7144.75,6.83,-0.0622
7145.0,5.4,-0.663
7145.25,7.890000000000001,0.8619999999999999
7145.5,7.19,0.0635
7145.75,5.04,-1.15
7146.0,7.1,0.2519999999999999
7146.25,7.75,0.6859999999999999
7146.5,5.04,-0.96
7146.75,5.97,0.407
7147.0,4.82,0.068
7147.25,3.66,-0.7999999999999999
7147.5,5.140000000000001,0.0469999999999999
7147.75,3.71,-0.91
7148.0,5.58,0.0022
7148.25,3.65,-0.8
7148.5,4.739999999999999,0.0259999999999999
7148.75,3.3599999999999994,-0.73
7149.0,4.68,-0.0055999999999999
7149.25,3.3,-0.77
7149.5,4.71,0.002
7149.75,3.35,-0.72
7150.0,4.73,0.035
7150.25,3.43,-0.67
7150.5,4.64,0.0196
7150.75,3.52,-0.6
7151.0,4.57,-0.0451
7151.25,3.34,-0.73
7151.5,4.69,0.081
7151.75,3.5,-0.643
7152.0,4.470000000000001,-0.1109999999999999
7152.25,3.62,-0.50667
7152.5,4.53,-0.0736
7152.75,3.59,-0.599
7153.0,4.44,-0.1107999999999999
7153.25,3.6800000000000006,-0.55
7153.5,4.37,-0.1536
7153.75,3.74,-0.522
7154.0,4.4,-0.15
7154.25,3.5900000000000003,-0.598
7154.5,4.45,-0.1193
7154.75,3.61,-0.6040000000000001
7155.0,4.08,-0.3426
7155.25,3.67,-0.555
7155.5,4.34,-0.195
7155.75,3.73,-0.518
7156.0,4.029999999999999,-0.348
7156.25,3.3999999999999995,-0.71
7156.5,4.15,-0.2880999999999999
7156.75,3.850000000000001,-0.4546
7157.0,3.9,-0.42
7157.25,3.7,-0.541
7157.5,4.01,-0.3759
7157.75,3.64,-0.501
7158.0,3.51,-0.4569999999999999
7158.25,3.63,-0.378
7158.5,3.74,-0.3238
7158.75,3.4800000000000004,-0.477
7159.0,3.456,-0.514
7159.25,3.52,-0.474
7159.5,3.51,-0.492
7159.75,3.8,-0.30232
7160.0,3.504,-0.493
7160.25,3.63,-0.4083
7160.5,3.770000000000001,-0.3445999999999999
7160.75,3.87,-0.2563
7161.0,3.99,-0.19819
7161.25,3.78,-0.309
7161.5,4.02,-0.2061
7161.75,3.84,-0.2875999999999999
7162.0,3.59,-0.453
7162.25,3.73,-0.37893
7162.5,3.86,-0.30396
7162.75,3.91,-0.278
7163.0,3.77,-0.356
7163.25,3.91,-0.2658
7163.5,4.0200000000000005,-0.21451
7163.75,3.82,-0.3085
7164.0,3.82,-0.33
7164.25,3.86,-0.32175
7164.5,3.79,-0.3667999999999999
7164.75,3.96,-0.2654999999999999
7165.0,3.81,-0.3591999999999999
7165.25,4.01,-0.2353
7165.5,4.91,0.121
7165.75,3.94,-0.325
7166.0,4.17,-0.0896699999999999
7166.25,5.710000000000001,0.6330000000000001
7166.5,4.77,0.1109999999999999
7166.75,3.83,-0.3448
7167.0,4.91,0.207
7167.25,3.68,-0.4101
7167.5,3.94,-0.2894
7167.75,4.89,0.222
7168.0,3.79,-0.3692999999999999
7168.25,4.08,-0.2356
7168.5,4.0,-0.27
7168.75,3.84,-0.34164
7169.0,5.04,0.245
7169.25,5.970000000000001,0.6789999999999999
7169.5,3.68,-0.47
7169.75,3.7,-0.4158
7170.0,3.93,-0.29265
7170.25,3.7600000000000007,-0.37837
7170.5,3.73,-0.4122
7170.75,3.69,-0.407
7171.0,3.82,-0.3257
7171.25,4.16,-0.2783
7171.5,4.05,-0.34177
7171.75,4.01,-0.3557
7172.0,3.9,-0.443
7172.25,4.17,-0.2766
7172.5,4.02,-0.35596
7172.75,4.09,-0.3414
7173.0,4.0,-0.36
7173.25,3.97,-0.3908
7173.5,3.9,-0.425
7173.75,4.07,-0.327
7174.0,3.9,-0.406
7174.25,4.05,-0.3116
7174.5,3.99,-0.36323
7174.75,3.95,-0.4039999999999999
7175.0,3.91,-0.425
7175.25,4.1,-0.3238
7175.5,3.97,-0.3848
7175.75,4.19,-0.2493
7176.0,3.91,-0.41579
7176.25,4.05,-0.35533
7176.5,3.83,-0.4609999999999999
7176.75,4.18,-0.21219
7177.0,3.54,-0.608
7177.25,4.15,-0.30269
7177.5,3.47,-0.676
7177.75,4.19,-0.2703
7178.0,3.35,-0.75
7178.25,4.14,-0.28903
7178.5,3.189,-0.86
7178.75,4.029999999999999,-0.3589
7179.0,3.31,-0.77
7179.25,4.24,-0.2137
7179.5,3.35,-0.71
7179.75,4.19,-0.2455
7180.0,3.29,-0.7130000000000001
7180.25,4.21,-0.245
7180.5,3.127,-0.88
7180.75,2.808,-1.1
7181.0,4.37,-0.1369
7181.25,3.251,-0.83
7181.5,2.769,-1.03
7181.75,4.26,-0.0058
7182.0,2.8840000000000003,-0.81
7182.25,2.745,-0.91
7182.5,4.16,-0.0986
7182.75,4.07,-0.37554
7183.0,3.296,-0.563
7183.25,5.869999999999999,0.3409999999999999
7183.5,4.55,-0.249
7183.75,5.0,-0.244686
7184.0,3.5680000000000005,-1.08
7184.25,5.04,-0.2999
7184.5,4.05,-0.94
7184.75,5.130000000000001,-0.3186
7185.0,4.34,-0.77
7185.25,5.92,0.072
7185.5,5.29,-0.502
7185.75,6.32,0.1569999999999999
7186.0,5.12,-0.6030000000000001
7186.25,8.76,1.7201
7186.5,6.67,0.4269999999999999
7186.75,7.84,1.162
7187.0,5.563000000000001,-0.1319999999999999
7187.25,3.566,-0.733
7187.5,5.08,0.408
7187.75,3.715,-0.386
7188.0,2.686,-0.86
7188.25,2.695,-0.8300000000000001
7188.5,2.869,-0.479
7188.75,3.16,-0.302
7189.0,5.0,0.6100000000000001
7189.25,6.61,0.2089999999999998
7189.5,5.013,-0.561
7189.75,5.972,-0.224
7190.0,6.896000000000001,0.6600000000000001
7190.25,6.17,-0.0130000000000001
7190.5,5.937,-0.261
7190.75,5.792,-0.297
7191.0,5.28,0.5759999999999998
7191.25,3.916,-0.202
7191.5,3.697,-0.417
7191.75,4.15,-0.1839999999999999
7192.0,5.0,0.6399999999999999
7192.25,3.78,-0.265
7192.5,3.652,-0.386
7192.75,4.4,0.067
7193.0,4.487,0.48
7193.25,3.116,-0.736
7193.5,2.895,-0.73
7193.75,2.579,-0.75
7194.0,2.887,-0.407
7194.25,4.326,0.44
7194.5,3.963,-0.1139999999999999
7194.75,3.86,-0.1549999999999999
7195.0,4.459,0.37
7195.25,4.745,0.303
7195.5,3.641,-0.589
7195.75,2.994,-0.8999999999999999
7196.0,2.964,-0.94
7196.25,3.047,-0.9
7196.5,3.105,-0.97
7196.75,3.145,-0.92
7197.0,2.6950000000000003,-0.81
7197.25,2.597,-0.8400000000000001
7197.5,2.53,-0.85
7197.75,3.844,0.305
7198.0,4.3740000000000006,0.6700000000000002
7198.25,2.145,-0.75
7198.5,1.994,-0.8200000000000001
7198.75,2.08,-0.74
7199.0,1.993,-0.81
7199.25,2.106,-0.72
7199.5,1.996,-0.79
7199.75,2.0820000000000003,-0.72
7200.0,2.052,-0.75
7200.25,2.111,-0.7
7200.5,2.0460000000000003,-0.76
7200.75,2.061,-0.74
7201.0,1.994,-0.8
7201.25,2.059,-0.74
7201.5,2.002,-0.79
7201.75,2.049,-0.76
7202.0,2.025,-0.78
7202.25,2.032,-0.77
7202.5,2.089,-0.73
7202.75,2.073,-0.73
7203.0,2.132,-0.6799999999999999
7203.25,1.988,-0.8
7203.5,2.077,-0.74
7203.75,1.967,-0.81
7204.0,2.079,-0.73
7204.25,1.971,-0.8200000000000001
7204.5,2.1060000000000003,-0.71
7204.75,1.98,-0.8
7205.0,2.113,-0.71
7205.25,2.042,-0.75
7205.5,2.15,-0.68
7205.75,1.82,-0.71
7206.0,1.899,-0.658
7206.25,1.7680000000000002,-0.75
7206.5,1.892,-0.6799999999999999
7206.75,2.725,-0.354
7207.0,1.889,-0.69
7207.25,2.244,-0.337
7207.5,1.862,-0.66
7207.75,1.843,-0.6799999999999999
7208.0,1.912,-0.6200000000000001
7208.25,1.84,-0.66
7208.5,1.847,-0.6900000000000001
7208.75,2.105,-0.77
7209.0,3.309,0.0513
7209.25,2.988,-0.9
7209.5,3.112,-0.8
7209.75,3.148,-1.0
7210.0,3.61,-0.633
7210.25,3.37,-1.0
7210.5,3.1630000000000003,-0.98
7210.75,3.99,-0.132
7211.0,3.63,-0.91
7211.25,3.119,-0.96
7211.5,3.264,-0.95
7211.75,2.604,-0.8999999999999999
7212.0,2.564,-0.93
7212.25,2.599,-0.8999999999999999
7212.5,2.771,-0.478
7212.75,2.184,-0.78
7213.0,2.22,-0.76
7213.25,2.239,-0.73
7213.5,2.2270000000000003,-0.74
7213.75,2.245,-0.74
7214.0,2.193,-0.8
7214.25,2.216,-0.78
7214.5,2.92,-0.349
7214.75,2.2110000000000003,-0.77
7215.0,2.15,-0.8200000000000001
7215.25,2.222,-0.76
7215.5,2.156,-0.8200000000000001
7215.75,2.341,-0.72
7216.0,2.329,-0.78
7216.25,2.382,-0.77
7216.5,2.1790000000000003,-0.75
7216.75,1.963,-0.77
7217.0,1.998,-0.75
7217.25,1.974,-0.77
7217.5,2.0,-0.74
7217.75,1.948,-0.79
7218.0,1.986,-0.73
7218.25,1.936,-0.75
7218.5,2.029,-0.6799999999999999
7218.75,2.081,-0.75
7219.0,2.127,-0.8400000000000001
7219.25,2.143,-0.8300000000000001
7219.5,2.123,-0.86
7219.75,2.155,-0.8200000000000001
7220.0,2.1260000000000003,-0.8500000000000001
7220.25,2.1710000000000003,-0.8
7220.5,2.149,-0.8600000000000001
7220.75,2.178,-0.8
7221.0,2.162,-0.8
7221.25,2.276,-0.8
7221.5,2.31,-0.65
7221.75,2.215,-0.76
7222.0,2.199,-0.8
7222.25,2.136,-0.88
7222.5,2.148,-0.86
7222.75,2.119,-0.89
7223.0,2.183,-0.83
7223.25,2.113,-0.89
7223.5,2.216,-0.8200000000000001
7223.75,2.164,-0.8300000000000001
7224.0,2.246,-0.79
7224.25,2.174,-0.84
7224.5,2.143,-0.88
7224.75,2.186,-0.84
7225.0,2.143,-0.87
7225.25,2.207,-0.81
7225.5,2.112,-0.9
7225.75,2.215,-0.8200000000000001
7226.0,2.095,-0.89
7226.25,2.217,-0.8
7226.5,2.182,-0.8200000000000001
7226.75,2.183,-0.8200000000000001
7227.0,2.178,-0.82
7227.25,2.132,-0.8500000000000001
7227.5,2.177,-0.83
7227.75,2.089,-0.91
7228.0,2.2030000000000003,-0.8200000000000001
7228.25,2.1100000000000003,-0.87
7228.5,2.157,-0.86
7228.75,2.137,-0.86
7229.0,2.153,-0.86
7229.25,2.254,-0.75
7229.5,2.149,-0.8400000000000001
7229.75,2.123,-0.81
7230.0,1.899,-0.8200000000000001
7230.25,2.001,-0.74
7230.5,1.921,-0.8
7230.75,3.06,-0.2748
7231.0,2.067,-0.8200000000000001
7231.25,4.08,-0.61
7231.5,5.46,0.502
7231.75,4.619999999999999,-0.8799999999999999
7232.0,5.84,-0.96
7232.25,7.17,-0.6675
7232.5,8.8,-1.36
7232.75,10.07,-0.5900000000000001
7233.0,9.6,-1.49
7233.25,9.66,-1.36
7233.5,10.44,-0.76
7233.75,9.56,-2.39
7234.0,10.68,-1.59
7234.25,8.84,-2.2
7234.5,11.75,0.179
7234.75,10.33,-2.01
7235.0,10.46,-2.01
7235.25,10.11,-1.66
7235.5,11.06,-1.38
7235.75,9.27,-1.4
7236.0,8.14,-1.44
7236.25,8.42,-0.8800000000000001
7236.5,7.15,-1.25
7236.75,7.25,-1.243
7237.0,9.2,0.304
7237.25,9.97,0.8878499999999999
7237.5,10.81,-1.04
7237.75,10.53,-1.65
7238.0,9.89,-2.34
7238.25,10.13,-1.91
7238.5,10.29,-1.451
7238.75,10.36,-1.46
7239.0,10.44,-1.41
7239.25,10.44,-0.9036
7239.5,11.11,-1.36
7239.75,10.07,-2.18
7240.0,10.15,-2.0
7240.25,10.07,-1.76
7240.5,9.93,-0.4599999999999999
7240.75,7.55,-1.95
7241.0,7.680000000000001,-1.62
7241.25,7.680000000000001,-0.82
7241.5,6.859999999999999,-0.7010000000000001
7241.75,6.05,-1.34
7242.0,5.286,-1.46
7242.25,6.46,-0.646
7242.5,6.14,-0.821
7242.75,5.1,-1.11
7243.0,5.32,-1.07
7243.25,6.26,-0.142
7243.5,5.4,-1.0
7243.75,5.29,-1.17
7244.0,5.680000000000001,-0.75
7244.25,6.08,-0.213
7244.5,4.09,-0.748
7244.75,3.738,-0.845
7245.0,3.795,-0.256
7245.25,2.792,-0.7310000000000001
7245.5,2.471,-0.81
7245.75,2.405,-0.73
7246.0,2.291,-0.8
7246.25,2.385,-0.76
7246.5,2.056,-0.83
7246.75,1.995,-0.79
7247.0,2.029,-0.75
7247.25,1.962,-0.8
7247.5,2.076,-0.71
7247.75,1.949,-0.81
7248.0,2.065,-0.73
7248.25,2.036,-0.76
7248.5,1.978,-0.76
7248.75,2.078,-0.69
7249.0,1.948,-0.8
7249.25,2.036,-0.7100000000000001
7249.5,1.942,-0.8
7249.75,1.986,-0.76
7250.0,1.975,-0.78
7250.25,1.921,-0.8200000000000001
7250.5,2.0620000000000003,-0.72
7250.75,1.928,-0.81
7251.0,2.065,-0.6799999999999999
7251.25,2.004,-0.74
7251.5,1.975,-0.79
7251.75,2.028,-0.78
7252.0,1.935,-0.8300000000000001
7252.25,2.031,-0.75
7252.5,1.914,-0.8300000000000001
7252.75,1.986,-0.77
7253.0,1.949,-0.81
7253.25,1.909,-0.8200000000000001
7253.5,1.884,-0.6900000000000001
7253.75,1.757,-0.72
7254.0,1.87,-0.64
7254.25,1.789,-0.69
7254.5,1.7280000000000002,-0.73
7254.75,2.218,-0.6799999999999999
7255.0,2.926,-0.469
7255.25,2.837,-0.94
7255.5,3.49,-0.579
7255.75,4.880000000000001,-0.73
7256.0,5.66,-0.77
7256.25,6.5200000000000005,-0.66
7256.5,10.08,0.7111
7256.75,8.870000000000001,-0.92
7257.0,9.38,-0.8300000000000001
7257.25,10.35,-0.399
7257.5,10.19,-0.439
7257.75,8.79,-1.46
7258.0,9.51,-0.97
7258.25,8.440000000000001,-1.7000000000000002
7258.5,10.3,-1.15
7258.75,9.96,-1.84
7259.0,9.67,-2.27
7259.25,10.77,-1.06
7259.5,11.03,-0.918
7259.75,9.77,-1.66
7260.0,8.64,-1.61
7260.25,8.68,-0.92
7260.5,7.539999999999999,-0.96
7260.75,7.899999999999999,-0.4849999999999999
7261.0,8.440000000000001,0.2700000000000001
7261.25,8.129999999999999,-0.6579999999999999
7261.5,8.64,-0.922
7261.75,9.19,-1.4500000000000002
7262.0,9.49,-1.57
7262.25,10.33,-0.987
7262.5,11.239999999999998,-1.204
7262.75,10.72,-1.195
7263.0,10.73,-1.141
7263.25,11.85,0.7499999999999999
7263.5,10.95,-0.483
7263.75,9.93,-0.921
7264.0,10.78,-0.951
7264.25,11.82,-0.5569999999999999
7264.5,9.61,-1.44
7264.75,10.67,-1.119
7265.0,9.33,-0.6460000000000001
7265.25,8.34,-0.4579999999999999
7265.5,7.64,-0.6679999999999999
7265.75,7.450000000000001,-0.16876
7266.0,4.8,-1.15
7266.25,4.58,-0.98
7266.5,5.244,-0.657
7266.75,6.119999999999999,0.183
7267.0,6.539000000000001,0.2700000000000001
7267.25,6.630000000000001,-0.4049999999999999
7267.5,6.609999999999999,-0.8307
7267.75,6.11,-0.8069999999999999
7268.0,7.41,0.121
7268.25,6.640000000000001,0.0399999999999999
7268.5,5.58,-0.621
7268.75,4.873,-0.48
7269.0,4.524,-0.065
7269.25,4.141,-0.502
7269.5,2.865,-0.89
7269.75,2.825,-0.79
7270.0,2.842,-0.8
7270.25,2.657,-0.8500000000000001
7270.5,2.252,-0.71
7270.75,2.135,-0.79
7271.0,2.198,-0.75
7271.25,2.176,-0.78
7271.5,2.111,-0.73
7271.75,2.02,-0.76
7272.0,2.029,-0.77
7272.25,2.075,-0.72
7272.5,2.077,-0.71
7272.75,2.17,-0.65
7273.0,2.032,-0.76
7273.25,2.052,-0.74
7273.5,2.047,-0.73
7273.75,2.002,-0.79
7274.0,2.052,-0.72
7274.25,1.995,-0.79
7274.5,2.112,-0.7
7274.75,1.992,-0.79
7275.0,2.069,-0.74
7275.25,2.12,-0.6799999999999999
7275.5,2.031,-0.74
7275.75,2.068,-0.71
7276.0,1.935,-0.82
7276.25,2.014,-0.76
7276.5,1.981,-0.76
7276.75,1.98,-0.78
7277.0,2.048,-0.71
7277.25,1.944,-0.8
7277.5,1.908,-0.6599999999999999
7277.75,1.762,-0.72
7278.0,1.882,-0.63
7278.25,1.871,-0.63
7278.5,1.8010000000000002,-0.71
7278.75,2.811,-0.2699
7279.0,1.966,-0.78
7279.25,4.24,0.0953999999999999
7279.5,3.713,-0.595
7279.75,4.49,-0.56773
7280.0,7.48,-0.538
7280.25,11.71,-0.381
7280.5,12.64,-0.4649999999999999
7280.75,12.45,-1.7840000000000005
7281.0,13.18,-2.11
7281.25,12.96,-1.77
7281.5,14.55,-0.736
7281.75,12.9,-1.98
7282.0,14.38,-0.6910000000000001
7282.25,13.24,-1.5099999999999998
7282.5,15.010000000000002,-1.482
7282.75,14.83,-2.11
7283.0,15.510000000000002,-1.76
7283.25,15.78,-1.0259999999999998
7283.5,16.78,-0.4449999999999999
7283.75,13.2,-2.06
7284.0,12.11,-0.8234999999999999
7284.25,11.6,-0.4679999999999999
7284.5,12.19,0.28
7284.75,11.75,-1.004
7285.0,12.86,-0.6839999999999999
7285.25,12.99,-0.074
7285.5,12.55,-0.667
7285.75,12.23,-0.834
7286.0,11.56,-1.585
7286.25,12.22,-0.8720000000000001
7286.5,11.78,-1.312
7286.75,12.01,-1.4
7287.0,12.9,-1.619
7287.25,14.55,0.0299999999999999
7287.5,12.67,-1.249
7287.75,12.45,-1.4169
7288.0,12.71,-1.3981
7288.25,12.87,-0.735
7288.5,13.06,-0.636
7288.75,11.48,-1.269
7289.0,8.04,-0.512
7289.25,8.440000000000001,0.2800000000000001
7289.5,6.61,-0.8
7289.75,5.93,-0.933
7290.0,6.6000000000000005,0.013
7290.25,7.03,0.16
7290.5,5.69,-0.926
7290.75,5.69,-0.7470000000000001
7291.0,5.680000000000001,0.2119999999999999
7291.25,5.43,-0.14
7291.5,4.859999999999999,-0.849
7291.75,4.92,-0.813
7292.0,5.64,0.0349999999999999
7292.25,4.76,-0.27
7292.5,4.38,-0.126
7292.75,3.221,-0.5740000000000001
7293.0,3.878,0.2750000000000001
7293.25,3.718,-0.069
7293.5,3.571,-0.3319999999999999
7293.75,3.19,-0.449
7294.0,2.521,-0.455
7294.25,2.157,-0.6
7294.5,2.052,-0.6799999999999999
7294.75,2.234,-0.5329999999999999
7295.0,2.077,-0.6599999999999999
7295.25,2.132,-0.6499999999999999
7295.5,2.076,-0.69
7295.75,2.082,-0.7
7296.0,2.11,-0.69
7296.25,2.051,-0.73
7296.5,2.099,-0.6799999999999999
7296.75,2.155,-0.64
7297.0,2.166,-0.65
7297.25,2.104,-0.71
7297.5,2.093,-0.6799999999999999
7297.75,2.0540000000000003,-0.71
7298.0,2.08,-0.71
7298.25,2.092,-0.7
7298.5,2.037,-0.73
7298.75,2.129,-0.6599999999999999
7299.0,2.064,-0.74
7299.25,2.1580000000000004,-0.6799999999999999
7299.5,2.13,-0.6799999999999999
7299.75,2.143,-0.6699999999999999
7300.0,2.136,-0.67
7300.25,2.011,-0.77
7300.5,2.144,-0.67
7300.75,2.036,-0.74
7301.0,2.088,-0.69
7301.25,2.083,-0.71
7301.5,1.985,-0.72
7301.75,2.0460000000000003,-0.63
7302.0,1.926,-0.74
7302.25,2.083,-0.5900000000000001
7302.5,1.974,-0.6599999999999999
7302.75,2.02,-0.6599999999999999
7303.0,2.005,-0.66
7303.25,1.912,-0.7
7303.5,2.039,-0.65
7303.75,1.894,-0.73
7304.0,1.977,-0.65
7304.25,1.92,-0.6799999999999999
7304.5,1.926,-0.69
7304.75,2.021,-0.62
7305.0,3.631,-0.0619999999999999
7305.25,5.409,0.7000000000000002
7305.5,5.431,0.55
7305.75,4.295,-0.473
7306.0,4.702999999999999,-0.261
7306.25,5.38,0.31
7306.5,5.281,-0.014
7306.75,3.441,-0.9
7307.0,3.718,-0.8999999999999999
7307.25,3.3120000000000003,-0.95
7307.5,3.407,-0.94
7307.75,3.444,-0.8400000000000001
7308.0,3.736,-0.681
7308.25,3.917,-0.624
7308.5,3.82,-0.6990000000000001
7308.75,3.8210000000000006,-0.6880000000000001
7309.0,3.213,-0.7789999999999999
7309.25,2.726,-0.8600000000000001
7309.5,2.7,-0.8700000000000001
7309.75,2.6790000000000003,-0.89
7310.0,2.729,-0.81
7310.25,2.617,-0.8600000000000001
7310.5,2.8340000000000005,-0.76
7310.75,2.736,-0.85
7311.0,3.091,-0.638
7311.25,3.112,-0.8800000000000001
7311.5,3.091,-0.778
7311.75,2.834,-0.8500000000000001
7312.0,2.998,-0.758
7312.25,3.024,-0.7110000000000001
7312.5,2.8040000000000003,-0.8400000000000001
7312.75,3.039,-0.7210000000000001
7313.0,2.809,-0.8200000000000001
7313.25,3.003,-0.72
7313.5,2.8840000000000003,-0.79
7313.75,2.789,-0.8300000000000001
7314.0,2.761,-0.76
7314.25,2.655,-0.86
7314.5,2.331,-0.76
7314.75,2.384,-0.24676
7315.0,1.912,-0.69
7315.25,2.031,-0.64
7315.5,1.9530000000000003,-0.71
7315.75,2.09,-0.62
7316.0,2.003,-0.6699999999999999
7316.25,2.134,-0.62
7316.5,2.076,-0.69
7316.75,2.093,-0.602
7317.0,2.0620000000000003,-0.626
7317.25,2.013,-0.6779999999999999
7317.5,2.028,-0.7
7317.75,1.982,-0.74
7318.0,2.014,-0.7
7318.25,2.033,-0.69
7318.5,2.037,-0.6699999999999999
7318.75,2.065,-0.64
7319.0,2.01,-0.7
7319.25,2.032,-0.69
7319.5,2.002,-0.71
7319.75,1.998,-0.71
7320.0,1.997,-0.73
7320.25,1.969,-0.76
7320.5,2.066,-0.6799999999999999
7320.75,2.002,-0.75
7321.0,2.088,-0.6699999999999999
7321.25,2.066,-0.7
7321.5,2.103,-0.64
7321.75,2.039,-0.73
7322.0,1.991,-0.77
7322.25,2.104,-0.69
7322.5,1.983,-0.75
7322.75,2.067,-0.7
7323.0,1.977,-0.78
7323.25,2.02,-0.6699999999999999
7323.5,1.956,-0.75
7323.75,1.999,-0.7
7324.0,2.079,-0.64
7324.25,1.97,-0.71
7324.5,2.053,-0.6799999999999999
7324.75,1.924,-0.75
7325.0,2.0620000000000003,-0.65
7325.25,1.937,-0.75
7325.5,1.909,-0.7
7325.75,1.919,-0.65
7326.0,1.875,-0.7
7326.25,1.953,-0.64
7326.5,1.897,-0.6799999999999999
7326.75,2.019,-0.5800000000000001
7327.0,1.896,-0.71
7327.25,1.948,-0.6699999999999999
7327.5,1.922,-0.615
7327.75,1.923,-0.625
7328.0,1.957,-0.618
7328.25,1.881,-0.6839999999999999
7328.5,2.092,-0.522
7328.75,1.9130000000000005,-0.623
7329.0,1.979,-0.5860000000000001
7329.25,1.929,-0.63
7329.5,1.908,-0.64
7329.75,1.981,-0.5800000000000001
7330.0,1.837,-0.6799999999999999
7330.25,1.914,-0.62
7330.5,1.888,-0.6699999999999999
7330.75,1.911,-0.63
7331.0,1.873,-0.6699999999999999
7331.25,1.864,-0.6699999999999999
7331.5,1.93,-0.63
7331.75,1.873,-0.6599999999999999
7332.0,1.971,-0.5900000000000001
7332.25,1.938,-0.6
7332.5,1.934,-0.6100000000000001
7332.75,1.852,-0.6699999999999999
7333.0,1.94,-0.61
7333.25,1.879,-0.6599999999999999
7333.5,1.921,-0.64
7333.75,1.93,-0.63
7334.0,1.882,-0.6599999999999999
7334.25,1.957,-0.59
7334.5,1.915,-0.64
7334.75,2.049,-0.5800000000000001
7335.0,1.911,-0.6399999999999999
7335.25,1.937,-0.62
7335.5,1.894,-0.6599999999999999
7335.75,1.895,-0.6599999999999999
7336.0,1.934,-0.61
7336.25,1.853,-0.6799999999999999
7336.5,1.986,-0.59
7336.75,1.853,-0.6799999999999999
7337.0,1.92,-0.63
7337.25,1.964,-0.62
7337.5,1.936,-0.63
7337.75,1.98,-0.5900000000000001
7338.0,1.837,-0.71
7338.25,1.985,-0.61
7338.5,1.833,-0.7
7338.75,1.924,-0.62
7339.0,1.888,-0.6699999999999999
7339.25,1.994,-0.6799999999999999
7339.5,2.026,-0.6699999999999999
7339.75,1.969,-0.71
7340.0,2.1340000000000003,-0.5800000000000001
7340.25,2.004,-0.6599999999999999
7340.5,2.09,-0.6100000000000001
7340.75,1.986,-0.69
7341.0,2.043,-0.64
7341.25,2.016,-0.6799999999999999
7341.5,2.023,-0.6599999999999999
7341.75,2.044,-0.6699999999999999
7342.0,1.986,-0.7
7342.25,2.053,-0.6499999999999999
7342.5,2.118,-0.591
7342.75,2.21,-0.4896999999999999
7343.0,2.088,-0.61
7343.25,2.08,-0.6080000000000001
7343.5,2.039,-0.6699999999999999
7343.75,2.059,-0.6499999999999999
7344.0,2.001,-0.7
7344.25,2.056,-0.6499999999999999
7344.5,2.0090000000000003,-0.69
7344.75,2.06,-0.65
7345.0,2.045,-0.655
7345.25,2.112,-0.605
7345.5,2.119,-0.5800000000000001
7345.75,2.074,-0.635
7346.0,2.088,-0.62
7346.25,1.975,-0.71
7346.5,2.073,-0.64
7346.75,1.962,-0.73
7347.0,2.135,-0.63
7347.25,1.98,-0.72
7347.5,2.064,-0.6499999999999999
7347.75,2.034,-0.6699999999999999
7348.0,2.037,-0.6699999999999999
7348.25,2.149,-0.5900000000000001
7348.5,2.019,-0.6799999999999999
7348.75,2.104,-0.63
7349.0,1.981,-0.72
7349.25,2.044,-0.6699999999999999
7349.5,1.926,-0.6799999999999999
7349.75,1.929,-0.64
7350.0,1.921,-0.6499999999999999
7350.25,1.89,-0.66
7350.5,1.943,-0.64
7350.75,1.951,-0.62
7351.0,2.724,-0.72
7351.25,3.22,-0.474
7351.5,4.0,-0.065
7351.75,4.197,-1.03
7352.0,5.094,-1.01
7352.25,10.56,-1.07
7352.5,11.19,-2.13
7352.75,12.67,-1.207
7353.0,13.66,-0.807
7353.25,16.759999999999998,1.45
7353.5,16.54,0.2139999999999999
7353.75,18.74,0.7769999999999999
7354.0,19.450000000000003,1.176
7354.25,22.35,1.7567
7354.5,20.950000000000003,0.3663999999999999
7354.75,20.86,0.2473999999999999
7355.0,23.64,0.2739999999999999
7355.25,22.98,0.4789999999999999
7355.5,20.95,-0.098
7355.75,15.23,-1.4379
7356.0,12.66,-0.679
7356.25,13.33,-0.249
7356.5,12.19,-0.8079
7356.75,13.11,-0.4459999999999999
7357.0,13.18,-0.3269999999999999
7357.25,14.58,0.1969999999999999
7357.5,14.82,-0.741
7357.75,13.07,-0.7590000000000001
7358.0,13.99,-0.147
7358.25,13.6,-0.4569999999999999
7358.5,13.24,-0.728
7358.75,12.59,-0.984
7359.0,12.88,-1.002
7359.25,13.64,0.2159999999999999
7359.5,13.27,-0.611
7359.75,12.05,-0.6559999999999999
7360.0,9.92,-0.1299999999999999
7360.25,13.19,-0.086
7360.5,11.94,-0.905
7360.75,11.18,-1.06
7361.0,23.75,5.829999999999999
7361.25,21.07,5.95
7361.5,17.16,4.565
7361.75,13.510000000000002,2.874
7362.0,15.989999999999998,4.247
7362.25,13.13,3.3630000000000004
7362.5,15.28,4.306
7362.75,13.03,2.66
7363.0,16.89,4.72
7363.25,17.39,4.882000000000001
7363.5,17.03,4.739
7363.75,15.09,3.719
7364.0,15.69,4.046
7364.25,15.54,4.375
7364.5,15.16,4.048
7364.75,13.68,3.374
7365.0,13.48,3.327
7365.25,6.88,-0.0380000000000001
7365.5,5.02,-1.46
7365.75,3.79,-0.9
7366.0,3.141,-0.92
7366.25,2.473,-0.73
7366.5,2.031,-0.78
7366.75,2.128,-0.71
7367.0,2.066,-0.76
7367.25,2.075,-0.74
7367.5,2.178,-0.69
7367.75,2.098,-0.74
7368.0,2.2140000000000004,-0.63
7368.25,2.111,-0.718
7368.5,2.117,-0.71
7368.75,2.077,-0.76
7369.0,2.13,-0.694
7369.25,2.117,-0.75
7369.5,2.085,-0.75
7369.75,2.092,-0.75
7370.0,2.057,-0.78
7370.25,2.17,-0.68
7370.5,2.141,-0.72
7370.75,2.1710000000000003,-0.66
7371.0,2.074,-0.76
7371.25,2.137,-0.71
7371.5,2.042,-0.78
7371.75,2.133,-0.74
7372.0,2.107,-0.76
7372.25,2.109,-0.76
7372.5,2.1790000000000003,-0.7
7372.75,2.091,-0.75
7373.0,2.188,-0.67
7373.25,2.063,-0.72
7373.5,1.987,-0.618
7373.75,1.837,-0.7270000000000001
7374.0,1.928,-0.661
7374.25,1.883,-0.686
7374.5,1.846,-0.706
7374.75,2.627,-0.2149
7375.0,2.043,-0.76
7375.25,4.38,-1.19
7375.5,9.03,0.2224
7375.75,10.46,0.6232
7376.0,15.579999999999998,2.368
7376.25,19.2,0.4579
7376.5,22.48,1.723
7376.75,23.31,1.79
7377.0,23.33,2.635
7377.25,25.43,3.2856
7377.5,25.33,3.535
7377.75,23.0,2.5177
7378.0,27.44,3.812
7378.25,24.89,2.621
7378.5,26.13,4.535
7378.75,24.74,2.607
7379.0,24.74,3.211
7379.25,26.01,3.979
7379.5,24.25,3.359
7379.75,24.25,3.478
7380.0,23.54,3.296
7380.25,22.85,2.898
7380.5,23.53,3.454
7380.75,27.1,4.7
7381.0,26.67,3.975
7381.25,27.27,3.53
7381.5,27.64,3.4559999999999995
7381.75,29.3,4.38
7382.0,30.24,4.0760000000000005
7382.25,30.380000000000003,4.359
7382.5,36.78,6.17
7382.75,36.6,7.08
7383.0,39.2,6.98
7383.25,39.7,6.08
7383.5,42.3,7.01
7383.75,40.6,5.92
7384.0,38.13,5.74
7384.25,36.43,5.35
7384.5,34.410000000000004,5.28
7384.75,32.72,5.07
7385.0,27.160000000000004,6.42
7385.25,23.5,4.75
7385.5,24.53,5.630000000000001
7385.75,23.21,5.78
7386.0,21.02,6.13
7386.25,18.25,4.96
7386.5,15.93,3.367
7386.75,16.15,3.545
7387.0,14.78,3.3360000000000003
7387.25,18.83,4.851
7387.5,15.69,3.341
7387.75,17.29,4.313
7388.0,16.86,4.335
7388.25,15.31,3.623
7388.5,17.5,5.26
7388.75,15.04,3.651
7389.0,15.95,4.661
7389.25,12.37,2.4600000000000004
7389.5,4.35,-0.754
7389.75,5.12,-0.1570000000000001
7390.0,3.558,-0.6841
7390.25,2.736,-0.72
7390.5,2.28,-0.76
7390.75,2.404,-0.6799999999999999
7391.0,2.389,-0.6799999999999999
7391.25,2.371,-0.7
7391.5,2.436,-0.68
7391.75,2.292,-0.77
7392.0,2.287,-0.71
7392.25,2.284,-0.78
7392.5,2.322,-0.69
7392.75,2.239,-0.78
7393.0,2.57,-0.69
7393.25,2.2510000000000003,-0.76
7393.5,2.469,-0.68
7393.75,2.428,-0.65
7394.0,2.177,-0.71
7394.25,2.414,-0.66
7394.5,2.265,-0.76
7394.75,2.425,-0.6699999999999999
7395.0,2.298,-0.76
7395.25,2.397,-0.65
7395.5,2.171,-0.77
7395.75,2.287,-0.73
7396.0,2.372,-0.7100000000000001
7396.25,2.3,-0.71
7396.5,2.322,-0.66
7396.75,2.318,-0.78
7397.0,2.382,-0.69
7397.25,2.059,-0.78
7397.5,2.246,-0.607
7397.75,2.06,-0.7070000000000001
7398.0,2.1710000000000003,-0.65
7398.25,1.976,-0.685
7398.5,2.096,-0.7
7398.75,2.689,-0.1924
7399.0,2.5,-0.59
7399.25,3.449,-0.778
7399.5,5.6,0.2229999999999999
7399.75,10.32,0.9171
7400.0,18.31,3.5700000000000003
7400.25,25.05,5.73
7400.5,26.54,5.89
7400.75,26.72,5.109999999999999
7401.0,27.39,5.09
7401.25,26.05,4.07
7401.5,28.36,4.675
7401.75,27.49,5.029999999999999
7402.0,29.42,5.22
7402.25,31.26,6.25
7402.5,24.49,1.137
7402.75,23.24,0.8230000000000001
7403.0,21.72,0.2009999999999999
7403.25,22.09,0.254
7403.5,22.72,0.7099999999999999
7403.75,23.74,2.0985000000000005
7404.0,25.39,2.674
7404.25,23.340000000000003,1.565
7404.5,21.71,1.6755
7404.75,19.77,1.154
7405.0,23.04,3.443
7405.25,21.6,2.362
7405.5,24.58,3.027
7405.75,28.99,2.1992000000000003
7406.0,29.930000000000003,2.936
7406.25,30.19,2.462
7406.5,31.21,2.3990000000000005
7406.75,26.950000000000003,2.3760000000000003
7407.0,25.99,3.378
7407.25,25.42,2.892
7407.5,24.77,2.473
7407.75,22.21,1.5387
7408.0,24.26,2.495
7408.25,25.020000000000003,2.788
7408.5,20.65,1.352
7408.75,21.2,1.3306999999999998
7409.0,17.22,1.65
7409.25,16.54,1.953
7409.5,15.57,1.652
7409.75,8.96,-0.25139
7410.0,6.2,-0.8580000000000001
7410.25,6.15,-0.6990000000000001
7410.5,5.23,-1.4300000000000002
7410.75,4.84,-1.15
7411.0,4.34,-1.37
7411.25,4.38,-1.25
7411.5,4.73,-0.8999999999999999
7411.75,5.82,-0.2369999999999999
7412.0,4.67,-1.33
7412.25,5.22,0.1549999999999999
7412.5,5.027,0.3399999999999998
7412.75,3.819,-0.318
7413.0,3.141,-1.06
7413.25,3.507,-0.8180000000000001
7413.5,3.951000000000001,-0.288
7413.75,3.543,-0.467
7414.0,3.866,-0.552
7414.25,2.502,-0.864
7414.5,2.284,-0.92
7414.75,2.27,-0.93
7415.0,2.144,-1.03
7415.25,2.3120000000000003,-0.93
7415.5,2.1710000000000003,-1.04
7415.75,2.307,-0.93
7416.0,2.165,-1.02
7416.25,2.289,-0.93
7416.5,2.24,-0.98
7416.75,2.371,-0.8
7417.0,2.418,-0.78
7417.25,2.278,-0.8799999999999999
7417.5,2.278,-0.95
7417.75,2.154,-1.03
7418.0,2.2910000000000004,-0.96
7418.25,2.169,-1.05
7418.5,2.265,-0.97
7418.75,2.216,-1.01
7419.0,2.267,-0.96
7419.25,2.225,-1.01
7419.5,2.267,-0.94
7419.75,2.298,-0.92
7420.0,2.212,-0.99
7420.25,2.306,-0.95
7420.5,2.196,-1.04
7420.75,2.246,-0.97
7421.0,2.173,-1.04
7421.25,2.148,-0.95
7421.5,2.005,-0.95
7421.75,1.998,-0.93
7422.0,1.98,-0.93
7422.25,2.0620000000000003,-0.85
7422.5,2.138,-0.73
7422.75,2.073,-0.81
7423.0,3.61,0.146
7423.25,6.19,0.6679999999999999
7423.5,6.289999999999999,0.1289999999999999
7423.75,6.1,-0.1549999999999999
7424.0,9.07,-1.61
7424.25,12.53,-1.65
7424.5,11.94,-1.6
7424.75,12.68,-0.506
7425.0,11.169999999999998,-1.88
7425.25,11.91,-0.901
7425.5,11.81,-0.985
7425.75,11.24,-1.197
7426.0,10.05,-1.88
7426.25,10.84,-1.31
7426.5,11.39,-0.869
7426.75,11.14,-1.01
7427.0,10.58,-1.85
7427.25,10.87,-1.36
7427.5,11.89,-1.227
7427.75,10.69,-1.586
7428.0,12.6,-0.8527
7428.25,13.87,-1.034
7428.5,13.85,-0.2569999999999999
7428.75,13.989999999999998,-0.4019999999999999
7429.0,13.98,-0.207
7429.25,13.89,-0.2629999999999999
7429.5,15.52,0.52
7429.75,16.22,-1.355
7430.0,24.57,3.369
7430.25,23.98,3.76
7430.5,24.05,3.308
7430.75,24.75,3.377
7431.0,24.7,3.325
7431.25,24.58,3.145
7431.5,16.48,0.77
7431.75,14.75,-0.6020000000000001
7432.0,13.9,-1.022
7432.25,13.88,-0.8009999999999999
7432.5,13.52,-0.428
7432.75,11.42,-0.8200000000000001
7433.0,7.629999999999999,-0.755
7433.25,7.449999999999999,-0.4589999999999999
7433.5,7.37,0.3899999999999999
7433.75,6.28,-0.418
7434.0,6.04,-0.396
7434.25,5.91,-0.339
7434.5,5.68,-0.106
7434.75,3.63,-0.98
7435.0,3.55,-0.8600000000000001
7435.25,3.539,-1.0
7435.5,4.08,-0.763
7435.75,3.92,-1.01
7436.0,3.94,-1.05
7436.25,4.0600000000000005,-1.04
7436.5,4.21,-0.63
7436.75,3.355,-0.79
7437.0,3.02,-0.98
7437.25,3.264,-0.91
7437.5,3.139,-0.95
7437.75,3.194,-0.92
7438.0,3.108,-0.91
7438.25,2.907,-0.85
7438.5,2.637,-0.69
7438.75,2.42,-0.85
7439.0,2.5,-0.7100000000000001
7439.25,2.559,-0.71
7439.5,2.409,-0.72
7439.75,2.5010000000000003,-0.76
7440.0,2.372,-0.77
7440.25,2.508,-0.78
7440.5,2.38,-0.81
7440.75,2.5380000000000003,-0.71
7441.0,2.396,-0.78
7441.25,2.491,-0.84
7441.5,2.335,-0.93
7441.75,2.467,-0.8700000000000001
7442.0,2.241,-0.96
7442.25,2.42,-0.9
7442.5,2.299,-0.95
7442.75,2.2960000000000003,-0.93
7443.0,2.4290000000000003,-0.93
7443.25,2.248,-0.94
7443.5,2.465,-0.86
7443.75,2.302,-0.92
7444.0,2.342,-0.87
7444.25,2.32,-0.97
7444.5,2.276,-0.8899999999999999
7444.75,2.195,-0.97
7445.0,2.431,-0.9
7445.25,2.271,-0.93
7445.5,2.221,-0.98
7445.75,2.248,-0.84
7446.0,2.006,-0.87
7446.25,2.293,-0.62
7446.5,2.306,-0.71
7446.75,2.215,-0.68
7447.0,4.8,0.8572
7447.25,4.1000000000000005,-0.0728
7447.5,4.2700000000000005,-1.22
7447.75,4.68,-1.15
7448.0,6.0200000000000005,-1.2399999999999998
7448.25,8.32,-1.82
7448.5,8.83,-2.0
7448.75,10.28,-2.02
7449.0,11.27,-2.7
7449.25,12.16,-2.12
7449.5,11.87,-2.07
7449.75,12.3,-0.68
7450.0,10.68,-2.2
7450.25,10.32,-1.7
7450.5,10.84,-1.18
7450.75,10.33,-1.74
7451.0,10.3,-2.18
7451.25,10.19,-1.77
7451.5,9.36,-2.03
7451.75,9.32,-1.69
7452.0,10.46,-1.7000000000000002
7452.25,10.11,-2.49
7452.5,11.3,-1.39
7452.75,10.02,-1.86
7453.0,9.75,-0.8700000000000001
7453.25,8.889999999999999,-1.54
7453.5,9.44,-1.8
7453.75,9.77,-1.6800000000000002
7454.0,10.77,-0.3214
7454.25,9.63,-2.01
7454.5,10.06,-2.23
7454.75,10.75,-1.69
7455.0,11.38,-1.95
7455.25,11.25,-2.09
7455.5,10.95,-2.22
7455.75,9.15,-2.27
7456.0,9.4,-2.22
7456.25,9.46,-2.26
7456.5,9.06,-2.08
7456.75,8.93,-1.91
7457.0,5.369999999999999,-1.4700000000000002
7457.25,5.66,-1.37
7457.5,5.05,-1.47
7457.75,4.72,-1.48
7458.0,4.61,-1.3199999999999998
7458.25,4.236,-1.27
7458.5,4.214,-1.26
7458.75,3.989,-1.31
7459.0,4.14,-1.28
7459.25,4.46,-1.46
7459.5,4.47,-1.4699999999999998
7459.75,4.66,-1.42
7460.0,4.41,-1.4
7460.25,4.159999999999999,-1.34
7460.5,3.455,-1.03
7460.75,2.294,-0.96
7461.0,2.222,-1.02
7461.25,2.247,-1.0
7461.5,2.2990000000000004,-0.95
7461.75,2.33,-0.89
7462.0,2.403,-0.8300000000000001
7462.25,2.325,-0.8700000000000001
7462.5,2.461,-0.76
7462.75,2.335,-0.91
7463.0,2.26,-0.99
7463.25,2.316,-0.94
7463.5,2.209,-1.04
7463.75,2.324,-0.97
7464.0,2.185,-1.05
7464.25,2.207,-1.03
7464.5,2.29,-0.97
7464.75,2.2,-1.03
7465.0,2.324,-0.95
7465.25,2.277,-0.97
7465.5,2.321,-0.93
7465.75,2.297,-0.96
7466.0,2.188,-1.05
7466.25,2.293,-0.97
7466.5,2.268,-1.02
7466.75,2.3200000000000003,-1.01
7467.0,2.384,-0.811
7467.25,2.395,-0.8
7467.5,2.37,-0.8200000000000001
7467.75,2.337,-0.9
7468.0,2.4370000000000003,-0.81
7468.25,2.274,-0.99
7468.5,2.3040000000000003,-0.97
7468.75,2.199,-1.06
7469.0,2.283,-1.01
7469.25,2.267,-1.01
7469.5,2.119,-1.03
7469.75,2.223,-0.93
7470.0,2.109,-1.01
7470.25,2.153,-0.99
7470.5,2.181,-0.98
7470.75,2.146,-0.99
7471.0,2.254,-0.8899999999999999
7471.25,2.107,-0.99
7471.5,2.122,-1.0
7471.75,2.196,-0.99
7472.0,2.083,-1.01
7472.25,2.195,-0.94
7472.5,2.133,-0.98
7472.75,2.272,-0.8200000000000001
7473.0,2.25,-0.8200000000000001
7473.25,2.194,-0.86
7473.5,2.348,-0.72
7473.75,2.206,-0.8899999999999999
7474.0,2.178,-0.93
7474.25,2.117,-0.99
7474.5,2.11,-0.96
7474.75,2.262,-0.834
7475.0,2.141,-0.98
7475.25,2.16,-0.95
7475.5,2.113,-0.97
7475.75,2.106,-1.0
7476.0,2.133,-0.98
7476.25,2.168,-0.94
7476.5,2.249,-0.8599999999999999
7476.75,2.107,-0.98
7477.0,2.117,-1.0
7477.25,2.526,-0.72
7477.5,2.074,-1.04
7477.75,2.241,-0.95
7478.0,2.16,-0.91
7478.25,2.266,-0.77
7478.5,2.308,-0.77
7478.75,2.224,-0.8300000000000001
7479.0,2.357,-0.71
7479.25,2.4970000000000003,-0.98
7479.5,2.568,-1.07
7479.75,2.6340000000000003,-1.01
7480.0,2.489,-1.09
7480.25,2.591,-1.03
7480.5,2.527,-1.08
7480.75,2.524,-1.06
7481.0,2.579,-1.04
7481.25,2.496,-1.1
7481.5,2.588,-1.02
7481.75,2.569,-1.02
7482.0,2.391,-0.95
7482.25,2.183,-0.98
7482.5,2.095,-0.99
7482.75,2.136,-0.94
7483.0,2.111,-0.96
7483.25,2.258,-0.92
7483.5,2.264,-0.9
7483.75,2.329,-0.8500000000000001
7484.0,2.355,-0.8400000000000001
7484.25,2.3280000000000003,-0.86
7484.5,2.509,-0.6719999999999999
7484.75,2.286,-0.91
7485.0,2.254,-0.97
7485.25,2.225,-0.99
7485.5,2.183,-1.03
7485.75,2.309,-0.94
7486.0,2.188,-1.03
7486.25,2.251,-0.98
7486.5,2.243,-1.02
7486.75,2.186,-1.0499999999999998
7487.0,2.324,-0.93
7487.25,2.261,-0.97
7487.5,2.3360000000000003,-0.92
7487.75,2.2190000000000003,-1.03
7488.0,2.188,-1.04
7488.25,2.228,-1.01
7488.5,2.221,-1.05
7488.75,2.234,-1.01
7489.0,2.201,-1.05
7489.25,2.289,-0.94
7489.5,2.336,-0.86
7489.75,2.377,-0.8300000000000001
7490.0,2.416,-0.8
7490.25,2.294,-0.94
7490.5,2.232,-1.04
7490.75,2.217,-1.05
7491.0,2.234,-1.03
7491.25,2.253,-0.97
7491.5,2.168,-1.04
7491.75,2.239,-0.98
7492.0,2.195,-1.02
7492.25,2.18,-1.04
7492.5,2.289,-0.95
7492.75,2.218,-0.99
7493.0,2.287,-0.93
7493.25,2.114,-0.97
7493.5,1.971,-0.96
7493.75,2.084,-0.8999999999999999
7494.0,1.965,-0.99
7494.25,2.021,-0.96
7494.5,2.183,-0.75
7494.75,2.087,-0.82
7495.0,2.215,-0.73
7495.25,2.0620000000000003,-0.85
7495.5,2.028,-0.93
7495.75,2.168,-0.84
7496.0,1.993,-0.99
7496.25,2.111,-0.88
7496.5,2.042,-0.96
7496.75,1.99,-0.96
7497.0,2.151,-0.88
7497.25,1.979,-0.97
7497.5,2.0410000000000004,-0.93
7497.75,2.053,-0.93
7498.0,2.018,-0.91
7498.25,2.119,-0.8899999999999999
7498.5,2.037,-0.94
7498.75,2.014,-0.95
7499.0,2.059,-0.91
7499.25,2.07,-0.8500000000000001
7499.5,2.145,-0.78
7499.75,2.121,-0.78
7500.0,2.111,-0.8
7500.25,2.083,-0.8700000000000001
7500.5,1.991,-0.96
7500.75,2.111,-0.87
7501.0,2.075,-0.91
7501.25,2.045,-0.8999999999999999
7501.5,2.169,-0.77846
7501.75,2.042,-0.92
7502.0,2.052,-0.92
7502.25,2.005,-0.96
7502.5,2.011,-0.95
7502.75,2.033,-0.93
7503.0,2.037,-0.93
7503.25,2.111,-0.89
7503.5,2.024,-0.94
7503.75,2.1050000000000004,-0.8899999999999999
7504.0,2.076,-0.87
7504.25,2.122,-0.79
7504.5,2.202,-0.76
7504.75,2.066,-0.8300000000000001
7505.0,2.132,-0.81
7505.25,2.151,-0.78
7505.5,2.128,-0.8200000000000001
7505.75,2.159,-0.8900000000000001
7506.0,2.034,-0.889
7506.25,2.162,-0.8
7506.5,2.141,-0.8300000000000001
7506.75,2.0460000000000003,-0.8999999999999999
7507.0,2.1420000000000003,-0.8600000000000001
7507.25,2.029,-0.95
7507.5,2.226,-0.98
7507.75,2.274,-0.95
7508.0,2.177,-1.02
7508.25,2.314,-0.93
7508.5,2.205,-1.02
7508.75,2.24,-1.01
7509.0,2.376,-0.8899999999999999
7509.25,2.253,-0.96
7509.5,2.305,-0.93
7509.75,2.242,-1.0
7510.0,2.236,-1.0
7510.25,2.361,-0.8500000000000001
7510.5,2.33,-0.8600000000000001
7510.75,2.382,-0.8200000000000001
7511.0,2.35,-0.8600000000000001
7511.25,2.347,-0.8500000000000001
7511.5,2.278,-0.96
7511.75,2.311,-0.94
7512.0,2.339,-0.92
7512.25,2.219,-1.0
7512.5,2.314,-0.95
7512.75,2.239,-1.02
7513.0,2.276,-1.0299999999999998
7513.25,2.316,-0.97
7513.5,2.2,-1.05
7513.75,2.322,-0.97
7514.0,2.203,-1.03
7514.25,2.217,-1.01
7514.5,2.389,-0.8999999999999999
7514.75,2.253,-0.99
7515.0,2.308,-0.96
7515.25,2.23,-1.03
7515.5,2.246,-1.0
7515.75,2.428,-0.83
7516.0,2.325,-0.8700000000000001
7516.25,2.376,-0.84
7516.5,2.373,-0.8400000000000001
7516.75,2.277,-0.97
7517.0,2.266,-1.01
7517.25,2.229,-0.92
7517.5,2.157,-0.84
7517.75,2.115,-0.871
7518.0,2.147,-0.819
7518.25,2.006,-0.96
7518.5,2.059,-0.93
7518.75,2.535,-0.524
7519.0,3.58,-0.2331
7519.25,4.07,-0.313
7519.5,4.74,-0.5980000000000001
7519.75,5.34,-0.785
7520.0,7.47,-1.21
7520.25,11.38,-2.55
7520.5,13.45,-1.69
7520.75,12.64,-2.8200000000000003
7521.0,13.5,-2.9400000000000004
7521.25,16.45,-1.71
7521.5,16.380000000000003,-2.44
7521.75,16.5,-2.0
7522.0,15.39,-2.45
7522.25,16.759999999999998,-2.72
7522.5,20.23,-1.29
7522.75,19.17,-2.48
7523.0,19.3,-2.63
7523.25,19.1,-2.01
7523.5,17.36,-2.4
7523.75,15.04,-2.43
7524.0,14.06,-2.29
7524.25,13.330000000000002,-1.38
7524.5,14.07,-0.75
7524.75,12.55,-1.99
7525.0,13.11,-1.5699999999999998
7525.25,13.46,-1.33
7525.5,16.419999999999998,-0.344
7525.75,17.17,-2.05
7526.0,18.24,-3.15
7526.25,18.62,-2.31
7526.5,18.24,-1.691
7526.75,19.19,-0.937
7527.0,18.24,-2.044
7527.25,17.549999999999997,-1.125
7527.5,14.71,-1.2000000000000002
7527.75,14.41,-1.42
7528.0,14.89,-1.57577
7528.25,13.77,-2.16
7528.5,15.4,-1.414
7528.75,16.5,-0.978
7529.0,13.88,0.729
7529.25,11.96,-0.442
7529.5,9.9,-0.983
7529.75,8.98,-0.772
7530.0,9.61,0.4000000000000001
7530.25,8.239999999999998,-0.513
7530.5,6.369999999999999,-1.4300000000000002
7530.75,6.82,-1.087
7531.0,7.61,0.1200000000000001
7531.25,6.17,-0.697
7531.5,7.12,-0.92
7531.75,5.81,-1.21
7532.0,6.18,-0.581
7532.25,7.28,0.1029999999999999
7532.5,3.76,-1.13
7532.75,4.12,-0.953
7533.0,5.17,-0.079
7533.25,4.66,-0.4529999999999999
7533.5,4.33,-0.79
7533.75,4.11,-0.8320000000000001
7534.0,3.0610000000000004,-0.8600000000000001
7534.25,3.147,-0.805
7534.5,3.088,-0.8700000000000001
7534.75,2.9800000000000004,-0.98
7535.0,3.169,-0.92
7535.25,3.0500000000000003,-0.837
7535.5,3.1789999999999994,-0.96
7535.75,3.039,-0.94
7536.0,3.209,-0.93
7536.25,3.126,-1.0
7536.5,2.86,-1.06
7536.75,2.97,-1.02
7537.0,3.17,-1.08
7537.25,3.07,-1.02
7537.5,2.881,-1.06
7537.75,3.351,-1.08
7538.0,3.23,-1.14
7538.25,3.031,-1.07
7538.5,3.048,-1.02
7538.75,3.22,-1.06
7539.0,3.35,-1.01
7539.25,2.94,-1.13
7539.5,3.0809999999999995,-1.03
7539.75,2.954,-1.09
7540.0,3.204,-1.11
7540.25,3.313,-1.12
7540.5,3.1660000000000004,-1.18
7540.75,3.331,-1.07
7541.0,3.21,-1.17
7541.25,3.3280000000000003,-1.01
7541.5,3.1990000000000003,-1.04
7541.75,3.179,-1.05
7542.0,3.218,-1.02
7542.25,3.024,-1.11
7542.5,3.345,-0.65
7542.75,3.289,-0.94
7543.0,4.44,-0.196
7543.25,3.68,-0.98
7543.5,4.57,-1.04
7543.75,4.68,-1.35
7544.0,8.09,-0.2781
7544.25,9.93,-1.7899999999999998
7544.5,11.95,-1.3
7544.75,11.04,-2.2
7545.0,11.39,-2.17
7545.25,12.66,-1.33
7545.5,13.39,-1.35
7545.75,13.37,-2.16
7546.0,13.28,-2.6
7546.25,14.060000000000002,-1.7399999999999998
7546.5,13.95,-1.63
7546.75,13.11,-1.95
7547.0,13.43,-1.64
7547.25,13.36,-2.21
7547.5,12.56,-2.56
7547.75,12.72,-1.73
7548.0,13.09,-0.769
7548.25,11.05,-1.41
7548.5,10.48,-0.618
7548.75,10.35,-1.479
7549.0,11.48,-0.8331
7549.25,16.29,0.513
7549.5,18.82,-0.675
7549.75,20.25,-0.09
7550.0,24.53,1.2348
7550.25,22.75,-0.506
7550.5,27.22,-0.072
7550.75,25.18,-0.6619999999999999
7551.0,24.96,0.41
7551.25,23.12,-0.315
7551.5,21.81,-0.976
7551.75,19.18,-0.996
7552.0,17.55,-0.6340000000000001
7552.25,16.25,-1.31
7552.5,17.32,-0.785
7552.75,15.38,-1.339
7553.0,12.18,0.0899999999999999
7553.25,7.55,-1.182
7553.5,6.380000000000001,-1.21
7553.75,4.85,-1.23
7554.0,4.62,-1.29
7554.25,4.62,-1.23
7554.5,5.0,-0.92071
7554.75,5.67,-0.2529999999999999
7555.0,5.199999999999999,-0.677
7555.25,5.04,-0.871
7555.5,5.49,-0.746
7555.75,7.28,0.4900000000000001
7556.0,6.720000000000001,-0.127
7556.25,6.48,-0.3999999999999999
7556.5,6.46,0.0179999999999999
7556.75,6.46,0.5099999999999999
7557.0,5.87,-0.165
7557.25,5.35,-0.516
7557.5,5.34,-0.24
7557.75,5.6,0.25
7558.0,3.542,-0.95
7558.25,3.792,-0.91
7558.5,3.434,-0.99
7558.75,3.454,-0.88
7559.0,3.464,-0.98
7559.25,3.751,-0.96
7559.5,3.302,-0.95
7559.75,3.19,-0.93
7560.0,3.366,-0.929
7560.25,3.051,-0.8800000000000001
7560.5,2.815,-0.8200000000000001
7560.75,3.4479999999999995,-0.96
7561.0,3.126,-0.89
7561.25,2.723,-0.918
7561.5,3.377,-0.8217000000000001
7561.75,3.184,-0.96
7562.0,2.758,-0.91
7562.25,2.974,-0.92
7562.5,3.005,-0.97
7562.75,3.096,-0.84
7563.0,3.002,-0.9
7563.25,3.129,-0.8099999999999999
7563.5,2.947,-0.93
7563.75,2.981,-0.92
7564.0,3.007,-0.91
7564.25,2.926,-0.97
7564.5,3.043,-0.89
7564.75,2.955,-0.94
7565.0,3.44,-0.98
7565.25,3.1820000000000004,-0.868
7565.5,3.101,-0.738
7565.75,3.0780000000000003,-0.804
7566.0,2.902,-0.7769999999999999
7566.25,2.828,-0.8180000000000001
7566.5,2.8230000000000004,-0.8300000000000001
7566.75,3.484,-0.516
7567.0,4.430000000000001,-0.3075
7567.25,4.109999999999999,-0.96
7567.5,6.93,-0.373
7567.75,13.61,1.3411
7568.0,23.86,2.798
7568.25,26.91,2.846
7568.5,33.0,4.98
7568.75,31.9,3.1830000000000003
7569.0,32.8,3.886
7569.25,34.7,5.71
7569.5,37.3,5.809
7569.75,32.18,1.594
7570.0,26.46,-1.335
7570.25,24.97,0.125
7570.5,30.450000000000003,-0.0320000000000001
7570.75,35.68,0.191
7571.0,38.6,-0.687
7571.25,36.8,-0.7632000000000001
7571.5,31.32,-0.494
7571.75,27.05,0.6540000000000001
7572.0,19.86,-0.87
7572.25,17.86,-0.022
7572.5,21.08,-0.37
7572.75,19.62,-0.1100000000000002
7573.0,21.53,-0.39
7573.25,25.6,0.7499999999999998
7573.5,34.65,0.34
7573.75,35.79,-0.22
7574.0,34.96,-1.075
7574.25,36.01,-0.7879999999999999
7574.5,35.59,-0.1099999999999998
7574.75,34.84,-1.59
7575.0,29.3,-0.8400000000000001
7575.25,28.6,-1.123
7575.5,28.02,-0.292
7575.75,30.22,1.9950000000000003
7576.0,25.53,-0.4972
7576.25,22.72,-0.652
7576.5,16.41,-0.8740999999999999
7576.75,15.33,-1.0953
7577.0,10.15,-0.7510000000000001
7577.25,9.1,-0.893
7577.5,9.18,-0.989
7577.75,8.35,-0.8959999999999999
7578.0,8.41,-0.635
7578.25,7.609999999999999,-0.7390000000000001
7578.5,7.140000000000001,-0.886
7578.75,5.76,-0.981
7579.0,7.98,-1.56
7579.25,8.52,-1.28
7579.5,7.970000000000001,-1.48
7579.75,8.05,-1.36
7580.0,7.5,-1.69
7580.25,6.68,-1.29
7580.5,4.65,-1.14
7580.75,4.53,-0.396
7581.0,3.84,-1.08
7581.25,3.850000000000001,-1.08
7581.5,3.4800000000000004,-0.7297
7581.75,3.2830000000000004,-1.01
7582.0,3.267,-0.7567
7582.25,3.29,-0.8196
7582.5,2.997,-0.876
7582.75,3.129,-0.95
7583.0,3.37,-0.7017
7583.25,2.943,-0.878
7583.5,3.26,-0.8021
7583.75,3.307,-0.7113
7584.0,3.317,-0.7951999999999999
7584.25,3.177,-0.87
7584.5,3.252,-0.7919
7584.75,3.3600000000000003,-0.7039
7585.0,3.31,-0.7307
7585.25,3.407,-0.5788
7585.5,3.192,-0.72
7585.75,3.118,-0.78
7586.0,3.3999999999999995,-0.5823
7586.25,3.164,-0.79
7586.5,3.053,-0.8899999999999999
7586.75,2.948,-0.97
7587.0,3.037,-0.8799999999999999
7587.25,2.957,-0.97
7587.5,3.273,-0.8207
7587.75,3.3400000000000003,-0.7478
7588.0,2.991,-0.95
7588.25,3.46,-0.64
7588.5,3.04,-0.93
7588.75,3.3100000000000005,-0.6936
7589.0,3.148,-0.8224
7589.25,2.912,-0.91
7589.5,2.81,-0.882
7589.75,3.3760000000000003,-0.501
7590.0,2.8,-0.8600000000000001
7590.25,2.694,-0.903
7590.5,2.764,-0.8540000000000001
7590.75,2.9,-0.871
7591.0,4.24,-0.6793
7591.25,4.57,-0.247
7591.5,5.26,-0.409
7591.75,12.46,2.051
7592.0,15.46,2.028
7592.25,18.27,1.905
7592.5,25.05,1.7879999999999998
7592.75,29.18,3.522
7593.0,30.9,3.75
7593.25,28.39,3.233
7593.5,30.05,3.208
7593.75,29.07,2.777
7594.0,32.46,3.453
7594.25,30.12,3.1860000000000004
7594.5,34.52,3.482
7594.75,35.97,4.233
7595.0,34.91,3.875
7595.25,36.69,4.202999999999999
7595.5,36.8,4.243
7595.75,34.01,3.26
7596.0,34.629999999999995,4.79
7596.25,30.6,4.510000000000001
7596.5,30.96,4.79
7596.75,33.09,4.82
7597.0,33.43,4.389
7597.25,35.27,5.72
7597.5,37.2,5.43
7597.75,38.5,4.59
7598.0,38.7,5.18
7598.25,40.3,6.029999999999999
7598.5,42.1,6.859999999999999
7598.75,43.3,8.030000000000001
7599.0,42.3,7.170000000000001
7599.25,43.6,7.31
7599.5,40.81,6.91
7599.75,44.1,7.19
7600.0,39.85,5.581
7600.25,28.58,0.8179
7600.5,26.83,-0.054
7600.75,27.590000000000003,0.8659999999999999
7601.0,22.74,1.4300000000000002
7601.25,19.8,0.925
7601.5,13.83,0.831
7601.75,8.33,-0.5589999999999999
7602.0,8.120000000000001,0.2199999999999998
7602.25,8.24,0.2399999999999998
7602.5,6.96,-0.6799999999999999
7602.75,7.19,-0.653
7603.0,6.95,-0.39
7603.25,7.2,-0.1169999999999999
7603.5,7.689999999999999,-0.1849999999999999
7603.75,7.15,-0.397
7604.0,5.680000000000001,-0.354
7604.25,5.680000000000001,-0.223
7604.5,4.47,-0.434
7604.75,3.46,-0.935
7605.0,5.220000000000001,0.5800000000000001
7605.25,4.380000000000001,-0.354
7605.5,3.43,-0.91
7605.75,2.749,-0.8500000000000001
7606.0,2.805,-0.81
7606.25,2.805,-0.8200000000000001
7606.5,2.728,-0.92
7606.75,2.805,-0.8400000000000001
7607.0,2.682,-0.93
7607.25,2.823,-0.8300000000000001
7607.5,2.732,-0.8700000000000001
7607.75,2.7270000000000003,-0.8900000000000001
7608.0,2.7840000000000003,-0.8400000000000001
7608.25,2.746,-0.8799999999999999
7608.5,2.867,-0.76
7608.75,2.724,-0.8799999999999999
7609.0,2.732,-0.91
7609.25,2.82,-0.784
7609.5,2.7339999999999995,-0.8900000000000001
7609.75,2.741,-0.8700000000000001
7610.0,2.696,-0.92
7610.25,2.732,-0.89
7610.5,2.685,-0.89
7610.75,2.72,-0.89
7611.0,2.7700000000000005,-0.8400000000000001
7611.25,2.757,-0.8500000000000001
7611.5,2.776,-0.8300000000000001
7611.75,2.69,-0.91
7612.0,2.63,-0.87
7612.25,2.701,-0.8600000000000001
7612.5,2.651,-0.95
7612.75,2.7840000000000003,-0.8500000000000001
7613.0,2.707,-0.93
7613.25,2.706,-0.8700000000000001
7613.5,2.673,-0.8300000000000001
7613.75,2.638,-0.85
7614.0,2.741,-0.79
7614.25,2.573,-0.9
7614.5,2.704,-0.81
7614.75,2.582,-0.91
7615.0,3.466,-0.94
7615.25,5.32,0.2029999999999999
7615.5,4.63,-1.16
7615.75,7.800000000000001,0.694
7616.0,12.8,0.752
7616.25,17.59,-0.787
7616.5,17.96,-1.306
7616.75,21.5,-1.236
7617.0,23.89,-0.7469999999999999
7617.25,22.34,-2.18
7617.5,23.22,-1.872
7617.75,21.54,-1.86
7618.0,23.3,-1.164
7618.25,23.93,-1.194
7618.5,28.17,-1.4924
7618.75,30.22,-0.6930000000000001
7619.0,28.92,-0.7060000000000001
7619.25,25.72,-1.2253
7619.5,24.39,0.3509999999999998
7619.75,22.56,1.409
7620.0,18.950000000000003,0.581
7620.25,15.83,-0.8057000000000001
7620.5,21.87,1.341
7620.75,21.73,0.7146000000000001
7621.0,21.04,-0.1110000000000001
7621.25,19.71,0.071
7621.5,24.59,1.06
7621.75,26.04,0.57
7622.0,27.160000000000004,-0.2669999999999999
7622.25,25.46,-0.0219999999999999
7622.5,25.520000000000003,0.0600000000000001
7622.75,25.44,1.6400000000000003
7623.0,25.65,0.5399999999999998
7623.25,25.11,0.04
7623.5,24.98,-0.06
7623.75,23.52,-0.0099999999999998
7624.0,19.26,-0.414
7624.25,19.14,-0.123
7624.5,17.580000000000002,-0.924
7624.75,16.7,-0.3700000000000001
7625.0,13.0,-0.438
7625.25,14.56,-1.058
7625.5,14.8,-0.638
7625.75,13.36,-0.5109999999999999
7626.0,12.12,-0.5509999999999999
7626.25,10.58,-1.1373000000000002
7626.5,9.61,-1.266
7626.75,10.36,-0.429
7627.0,9.4,-1.005
7627.25,8.42,-1.42
7627.5,10.03,-0.6829999999999999
7627.75,10.48,-0.426
7628.0,9.21,-1.227
7628.25,9.23,-0.8377
7628.5,8.54,-0.9785
7628.75,8.700000000000001,-0.088
7629.0,4.286,-1.21
7629.25,4.42,-1.2
7629.5,4.58,-1.09
7629.75,3.667,-1.16
7630.0,4.3,-0.89
7630.25,3.589,-1.13
7630.5,3.627,-0.9
7630.75,3.199,-1.06
7631.0,3.489,-0.95
7631.25,3.2960000000000003,-1.0
7631.5,3.39,-1.01
7631.75,3.333,-0.95
7632.0,3.582,-0.93
7632.25,3.276,-0.94
7632.5,3.443,-1.02
7632.75,3.244,-1.0
7633.0,3.407,-0.96
7633.25,3.371,-0.93
7633.5,3.24,-1.08
7633.75,3.423,-0.98
7634.0,3.076,-1.08
7634.25,3.361,-1.02
7634.5,3.207,-0.99
7634.75,3.298,-1.02
7635.0,3.334,-0.98
7635.25,3.103,-1.08
7635.5,3.2910000000000004,-1.03
7635.75,3.196,-1.07
7636.0,3.22,-1.0499999999999998
7636.25,3.297,-1.05
7636.5,3.165,-0.99
7636.75,3.473,-0.86
7637.0,3.378,-0.91
7637.25,3.249,-0.8
7637.5,3.101,-0.96
7637.75,3.075,-0.97
7638.0,2.987,-1.02
7638.25,3.1790000000000003,-0.93
7638.5,2.891,-1.04
7638.75,3.123,-0.97
7639.0,3.068,-0.96
7639.25,2.971,-1.03
7639.5,3.208,-0.91
7639.75,2.929,-1.01
7640.0,3.23,-0.8700000000000001
7640.25,2.913,-1.02
7640.5,3.255,-0.9
7640.75,3.0780000000000003,-0.98
7641.0,3.07,-0.99
7641.25,3.359,-0.8700000000000001
7641.5,3.063,-0.98
7641.75,3.478,-0.8300000000000001
7642.0,3.259,-0.92
7642.25,3.423,-0.8300000000000001
7642.5,3.503,-0.85
7642.75,3.707,-0.76
7643.0,3.613,-0.8600000000000001
7643.25,3.624,-0.8600000000000001
7643.5,3.672,-0.8200000000000001
7643.75,3.3870000000000005,-0.8999999999999999
7644.0,3.823,-0.692
7644.25,3.799,-0.69
7644.5,3.875,-0.64
7644.75,3.852,-0.6799999999999999
7645.0,3.858,-0.72
7645.25,3.94,-0.642
7645.5,3.839,-0.737
7645.75,3.83,-0.77
7646.0,3.768,-0.8200000000000001
7646.25,3.939,-0.71
7646.5,3.783,-0.8300000000000001
7646.75,3.918,-0.74
7647.0,3.806,-0.8300000000000001
7647.25,3.961,-0.73
7647.5,3.842,-0.78
7647.75,3.812,-0.72
7648.0,3.076,-0.9
7648.25,3.094,-0.8700000000000001
7648.5,2.995,-0.93
7648.75,3.007,-0.94
7649.0,2.996,-0.92
7649.25,3.036,-0.89
7649.5,2.97,-0.96
7649.75,3.04,-0.93
7650.0,2.969,-0.96
7650.25,3.094,-0.85
7650.5,3.009,-0.92
7650.75,3.131,-0.76
7651.0,3.001,-0.8400000000000001
7651.25,3.197,-0.77
7651.5,3.18,-0.8999999999999999
7651.75,3.285,-0.87
7652.0,3.0969999999999995,-1.05
7652.25,3.22,-0.97
7652.5,3.128,-1.03
7652.75,3.226,-0.92
7653.0,3.176,-0.97
7653.25,3.226,-0.92
7653.5,3.104,-1.02
7653.75,3.205,-0.96
7654.0,3.0460000000000003,-1.06
7654.25,3.172,-0.96
7654.5,3.066,-1.06
7654.75,3.168,-0.97
7655.0,3.0380000000000003,-1.06
7655.25,3.193,-0.94
7655.5,3.098,-0.99
7655.75,3.196,-0.91
7656.0,3.069,-0.99
7656.25,3.143,-0.98
7656.5,3.082,-1.04
7656.75,3.2190000000000003,-0.872
7657.0,3.1580000000000004,-0.96
7657.25,3.089,-1.02
7657.5,3.1500000000000004,-1.07
7657.75,3.162,-0.94
7658.0,3.302,-0.78
7658.25,3.312,-0.79
7658.5,3.254,-0.8200000000000001
7658.75,3.263,-0.8400000000000001
7659.0,3.103,-1.02
7659.25,3.159,-0.99
7659.5,3.083,-1.06
7659.75,3.153,-0.99
7660.0,3.0730000000000004,-1.06
7660.25,3.1790000000000003,-0.97
7660.5,3.106,-1.04
7660.75,3.23,-0.93
7661.0,3.127,-1.01
7661.25,3.085,-0.8999999999999999
7661.5,2.877,-1.0
7661.75,2.973,-0.92
7662.0,2.875,-1.01
7662.25,2.9610000000000003,-0.96
7662.5,2.885,-1.01
7662.75,2.987,-0.93
7663.0,2.898,-0.99
7663.25,3.026,-0.8999999999999999
7663.5,2.962,-0.95
7663.75,3.036,-0.91
7664.0,2.928,-0.98
7664.25,2.9799999999999995,-0.95
7664.5,2.915,-0.99
7664.75,2.948,-0.97
7665.0,2.962,-0.95
7665.25,3.003,-0.88
7665.5,3.06,-0.81
7665.75,3.079,-0.79
7666.0,3.133,-0.74
7666.25,3.116,-0.8
7666.5,2.987,-0.91
7666.75,2.967,-0.96
7667.0,2.97,-0.95
7667.25,2.9770000000000003,-0.95
7667.5,2.995,-0.93
7667.75,2.965,-0.97
7668.0,3.082,-0.91
7668.25,3.13,-0.846
7668.5,3.107,-0.83
7668.75,2.905,-0.97
7669.0,3.047,-0.87
7669.25,2.847,-1.01
7669.5,2.9610000000000003,-0.92
7669.75,2.8200000000000003,-1.02
7670.0,2.934,-0.91
7670.25,2.7990000000000004,-1.01
7670.5,2.855,-0.95
7670.75,2.792,-1.01
7671.0,2.854,-0.94
7671.25,2.8680000000000003,-0.93
7671.5,2.867,-0.92
7671.75,2.823,-0.97
7672.0,2.805,-0.99
7672.25,2.803,-1.01
7672.5,2.897,-0.85
7672.75,2.924,-0.84
7673.0,2.966,-0.8099999999999999
7673.25,2.911,-0.84
7673.5,2.773,-1.0
7673.75,2.881,-0.8999999999999999
7674.0,2.784,-0.99
7674.25,2.9000000000000004,-0.8999999999999999
7674.5,2.744,-1.04
7674.75,2.818,-0.98
7675.0,2.754,-1.02
7675.25,2.988,-1.01
7675.5,2.9290000000000003,-1.1
7675.75,3.03,-1.02
7676.0,2.935,-1.1
7676.25,3.05,-1.02
7676.5,2.964,-1.05
7676.75,3.097,-0.95
7677.0,2.944,-1.09
7677.25,3.04,-1.02
7677.5,2.951,-1.08
7677.75,3.028,-1.03
7678.0,2.952,-1.1
7678.25,3.021,-1.03
7678.5,2.968,-1.1
7678.75,3.0090000000000003,-1.06
7679.0,3.008,-1.05
7679.25,3.073,-0.98
7679.5,2.998,-1.05
7679.75,3.01,-1.07
7680.0,2.9690000000000003,-1.08
7680.25,3.218,-0.784
7680.5,3.072,-0.93
7680.75,3.09,-0.8999999999999999
7681.0,3.011,-0.98
7681.25,3.001,-1.04
7681.5,2.964,-1.06
7681.75,3.079,-0.98
7682.0,3.018,-1.02
7682.25,3.047,-1.0
7682.5,2.949,-1.09
7682.75,3.015,-1.04
7683.0,2.962,-1.08
7683.25,2.992,-1.04
7683.5,2.974,-1.08
7683.75,3.0010000000000003,-1.05
7684.0,2.971,-1.06
7684.25,3.037,-1.02
7684.5,3.0250000000000004,-1.02
7684.75,3.03,-0.99
7685.0,2.958,-1.06
7685.25,2.97,-1.08
7685.5,2.762,-1.01
7685.75,2.85,-0.8999999999999999
7686.0,2.738,-1.0
7686.25,2.798,-0.96
7686.5,2.707,-1.02
7686.75,3.306,-0.577
7687.0,3.335,-1.04
7687.25,4.369999999999999,0.464
7687.5,4.34,-0.1562
7687.75,5.303,-1.1
7688.0,8.100000000000001,-0.565
7688.25,11.79,-1.54
7688.5,13.61,-1.11
7688.75,12.81,-2.19
7689.0,12.45,-1.86
7689.25,13.26,-2.42
7689.5,13.69,-2.24
7689.75,13.95,-1.85
7690.0,13.54,-1.97
7690.25,14.54,-1.64
7690.5,15.89,-1.97
7690.75,16.57,-2.89
7691.0,16.669999999999998,-2.6
7691.25,17.32,-1.99
7691.5,13.85,-2.67
7691.75,13.59,-2.18
7692.0,16.15,-0.5850000000000001
7692.25,16.6,-0.69
7692.5,18.35,-0.0399999999999999
7692.75,19.01,-0.5209999999999999
7693.0,19.33,-0.289
7693.25,20.0,0.62
7693.5,26.49,2.151
7693.75,28.300000000000004,0.602
7694.0,27.04,-0.449
7694.25,28.25,0.3029999999999999
7694.5,27.97,0.653
7694.75,28.61,1.224
7695.0,26.68,0.73
7695.25,26.690000000000005,1.0
7695.5,23.18,0.9622000000000002
7695.75,21.790000000000003,0.6900000000000001
7696.0,19.99,0.154
7696.25,19.17,-0.033
7696.5,19.77,0.268
7696.75,17.05,-0.3630000000000001
7697.0,14.42,-0.0099999999999998
7697.25,11.56,-0.744
7697.5,12.57,-0.2309999999999999
7697.75,11.21,-0.2319999999999999
7698.0,10.47,-0.1079999999999999
7698.25,9.8,-0.6880000000000001
7698.5,8.29,-0.7839999999999999
7698.75,6.609999999999999,-1.03
7699.0,5.64,-1.4
7699.25,4.945,-1.23
7699.5,5.0,-1.38
7699.75,4.94,-1.39
7700.0,5.18,-1.35
7700.25,5.08,-1.33
7700.5,4.959999999999999,-0.754
7700.75,4.15,-1.09
7701.0,4.23,-1.16
7701.25,4.25,-1.17
7701.5,3.591,-1.15
7701.75,3.713,-1.01
7702.0,3.464,-1.11
7702.25,3.46,-0.98
7702.5,3.465,-1.03
7702.75,3.3680000000000003,-1.0
7703.0,3.407,-0.946
7703.25,3.662,-0.8400000000000001
7703.5,3.386,-0.99
7703.75,3.346,-1.02
7704.0,3.26,-1.05
7704.25,3.513,-0.96
7704.5,3.282,-1.04
7704.75,3.3200000000000003,-0.98
7705.0,3.298,-1.02
7705.25,3.512,-0.93
7705.5,3.3,-1.01
7705.75,3.355,-0.95
7706.0,3.338,-0.97
7706.25,3.358,-0.93
7706.5,3.279,-1.01
7706.75,3.315,-0.98
7707.0,2.702,-0.92
7707.25,3.346,-0.97
7707.5,2.94,-0.99
7707.75,2.974,-0.9
7708.0,2.897,-1.01
7708.25,2.807,-0.86
7708.5,2.964,-0.99
7708.75,2.498,-0.76
7709.0,2.993,-0.98
7709.25,2.707,-0.84
7709.5,2.451,-0.89
7709.75,2.346,-0.79
7710.0,2.568,-0.92
7710.25,2.372,-0.8200000000000001
7710.5,2.402,-0.86
7710.75,2.756,-0.91
7711.0,3.53,-0.508
7711.25,4.1,-1.12
7711.5,4.859999999999999,-0.72
7711.75,6.779999999999999,-0.444
7712.0,5.96,-1.3
7712.25,11.46,-1.2000000000000002
7712.5,12.89,-1.263
7712.75,12.239999999999998,-2.16
7713.0,13.05,-2.04
7713.25,14.13,-2.13
7713.5,13.43,-1.96
7713.75,13.52,-1.94
7714.0,13.11,-2.58
7714.25,14.75,-1.22
7714.5,16.68,-1.32
7714.75,18.11,-0.628
7715.0,18.08,-0.831
7715.25,17.990000000000002,-0.526
7715.5,16.26,-2.14
7715.75,15.47,-1.6800000000000002
7716.0,17.88,-0.152
7716.25,15.12,-1.373
7716.5,13.59,-1.97
7716.75,13.82,-1.87
7717.0,18.11,0.4
7717.25,19.25,0.9999999999999998
7717.5,24.14,-0.929
7717.75,27.3,0.12
7718.0,25.72,-0.04
7718.25,27.18,-0.417
7718.5,25.730000000000004,-0.746
7718.75,27.08,0.03
7719.0,33.25,2.8936
7719.25,30.25,2.1780000000000004
7719.5,25.82,-0.1709999999999999
7719.75,26.07,-0.1469999999999999
7720.0,26.71,0.2300000000000001
7720.25,25.82,-0.3039999999999999
7720.5,22.62,-0.1129999999999999
7720.75,21.07,-0.2029999999999999
7721.0,17.27,0.9700000000000002
7721.25,12.73,-0.5579999999999999
7721.5,10.71,-0.97
7721.75,10.74,-0.6950000000000001
7722.0,10.47,-0.2199999999999999
7722.25,8.469999999999999,-0.736
7722.5,7.33,-0.7846
7722.75,5.640000000000001,-1.63
7723.0,5.36,-1.6800000000000002
7723.25,5.6,-1.66
7723.5,5.8,-1.71
7723.75,5.9,-1.62
7724.0,6.3100000000000005,-1.3330000000000002
7724.25,6.79,-0.771
7724.5,5.6,-0.729
7724.75,4.390000000000001,-1.39
7725.0,4.51,-1.25
7725.25,4.2,-1.1347
7725.5,3.799,-1.24
7725.75,3.659,-1.29
7726.0,3.777,-1.28
7726.25,3.823,-1.1800000000000002
7726.5,3.832,-1.12
7726.75,3.633,-1.13
7727.0,3.609,-1.1
7727.25,3.697,-1.27
7727.5,3.671,-1.31
7727.75,3.539,-1.21
7728.0,3.497,-1.25
7728.25,3.631,-1.25
7728.5,3.418,-1.35
7728.75,3.559,-1.22
7729.0,3.607,-1.2280000000000002
7729.25,3.516,-1.27
7729.5,3.433,-1.3
7729.75,3.526,-1.24
7730.0,3.56,-1.3
7730.25,3.4480000000000004,-1.21
7730.5,3.528,-1.23
7730.75,3.466,-1.24
7731.0,3.47,-1.25
7731.25,3.407,-1.27
7731.5,3.299,-1.21
7731.75,3.454,-1.29
7732.0,3.262,-1.2000000000000002
7732.25,3.281,-1.27
7732.5,3.479,-1.26
7732.75,3.378,-1.13
7733.0,3.501,-1.04
7733.25,3.140000000000001,-0.96
7733.5,3.1870000000000003,-1.01
7733.75,3.044,-1.2000000000000002
7734.0,3.034,-1.17
7734.25,3.151,-1.23
7734.5,2.989,-1.14
7734.75,3.53,-0.7529
7735.0,5.09,-0.44
7735.25,4.9,-1.52
7735.5,8.86,0.473
7735.75,8.95,0.0300000000000001
7736.0,11.88,-0.5129999999999999
7736.25,15.63,-2.23
7736.5,16.07,-1.7200000000000002
7736.75,17.59,-1.404
7737.0,18.53,-1.95
7737.25,17.65,-3.08
7737.5,19.06,-2.01
7737.75,18.78,-1.48
7738.0,19.880000000000003,-1.69
7738.25,20.25,-0.27
7738.5,22.16,0.30567
7738.75,23.35,-0.915
7739.0,25.03,-0.913
7739.25,24.65,-0.53
7739.5,22.09,-1.002
7739.75,17.08,-2.3600000000000003
7740.0,16.9,-1.7919999999999998
7740.25,18.450000000000003,-0.4599999999999999
7740.5,19.33,-0.723
7740.75,18.16,-0.2499999999999999
7741.0,20.49,0.8900000000000001
7741.25,26.2,2.1750000000000003
7741.5,32.099999999999994,2.116
7741.75,33.11,0.4379000000000002
7742.0,32.97,0.118
7742.25,34.31,1.214
7742.5,34.99,1.39
7742.75,32.16,0.963
7743.0,33.2,1.98
7743.25,30.57,2.712
7743.5,32.79,2.426
7743.75,32.09,0.727
7744.0,31.06,1.456
7744.25,31.62,1.72
7744.5,27.89,1.4380000000000002
7744.75,25.67,0.5911
7745.0,19.18,0.826
7745.25,19.21,1.9028
7745.5,16.75,1.3859
7745.75,12.84,-0.0359999999999999
7746.0,9.44,-0.904
7746.25,8.870000000000001,-0.9043
7746.5,9.28,-0.8038000000000001
7746.75,8.219999999999999,-1.091
7747.0,7.37,-1.135
7747.25,7.63,-1.0659
7747.5,6.79,-1.117
7747.75,6.449999999999999,-1.0
7748.0,6.390000000000001,-0.922
7748.25,4.029999999999999,-1.042
7748.5,3.69,-0.98
7748.75,3.588,-1.08
7749.0,3.698,-0.99
7749.25,3.641,-1.09
7749.5,3.75,-1.05
7749.75,3.545,-1.12
7750.0,3.653,-1.02
7750.25,3.535,-1.07
7750.5,3.551,-1.06
7750.75,3.578,-1.02
7751.0,3.719,-1.07
7751.25,3.714,-1.08
7751.5,3.5890000000000004,-0.997
7751.75,3.744,-0.831
7752.0,3.588,-0.99
7752.25,3.547,-1.08
7752.5,3.441,-1.14
7752.75,3.591,-1.05
7753.0,3.482,-1.11
7753.25,3.524,-1.08
7753.5,3.319,-1.03
7753.75,3.495,-1.11
7754.0,3.516,-1.08
7754.25,3.566,-1.03
7754.5,3.042,-0.91
7754.75,3.52,-1.09
7755.0,3.553,-1.08
7755.25,3.0780000000000003,-1.01
7755.5,3.417,-1.0699999999999998
7755.75,2.919,-1.01
7756.0,3.064,-0.97
7756.25,3.125,-1.0499999999999998
7756.5,2.895,-0.97
7756.75,3.287,-1.04
7757.0,2.792,-0.8899999999999999
7757.25,3.156,-0.91
7757.5,2.39,-0.84
7757.75,3.212,-0.977
7758.0,2.385,-0.8899999999999999
7758.25,2.796,-0.88
7758.5,2.963,-0.986
7758.75,2.482,-0.8
7759.0,3.161,-1.05
7759.25,2.599,-0.804
7759.5,2.9850000000000003,-1.0
7759.75,2.769,-0.83
7760.0,2.737,-0.821
7760.25,2.8520000000000003,-0.88
7760.5,2.726,-0.88
7760.75,2.748,-0.906
7761.0,2.885,-0.867
7761.25,2.87,-0.98
7761.5,2.912,-0.88
7761.75,2.956,-0.914
7762.0,3.0540000000000003,-0.86
7762.25,3.111,-0.939
7762.5,3.203,-0.876
7762.75,3.145,-0.916
7763.0,3.15,-0.904
7763.25,3.077,-0.969
7763.5,3.131,-0.946
7763.75,3.134,-0.952
7764.0,3.15,-0.947
7764.25,3.159,-0.941
7764.5,3.111,-0.962
7764.75,3.196,-0.896
7765.0,3.282,-0.8171999999999999
7765.25,3.292,-0.87
7765.5,3.193,-0.942
7765.75,3.197,-0.94
7766.0,3.132,-0.987
7766.25,3.224,-0.92
7766.5,3.14,-0.989
7766.75,3.194,-0.932
7767.0,3.16,-0.98
7767.25,3.175,-0.945
7767.5,3.162,-0.983
7767.75,3.247,-0.886
7768.0,3.252,-0.889
7768.25,3.229,-0.899
7768.5,3.225,-0.926
7768.75,3.19,-0.958
7769.0,3.202,-0.949
7769.25,3.105,-1.01
7769.5,3.217,-0.931
7769.75,3.133,-0.976
7770.0,3.2190000000000003,-0.922
7770.25,3.103,-0.997
7770.5,3.196,-0.897
7770.75,3.1870000000000003,-0.923
7771.0,3.1630000000000003,-0.927
7771.25,3.111,-0.971
7771.5,3.341,-0.98
7771.75,3.434,-0.95
7772.0,3.502,-0.984
7772.25,3.574,-0.94
7772.5,3.574,-1.016
7772.75,3.672,-0.956
7773.0,3.589,-1.0
7773.25,3.7,-0.93
7773.5,3.652,-0.98
7773.75,3.652,-0.97
7774.0,3.572,-1.05
7774.25,3.621,-0.99
7774.5,3.582,-1.03
7774.75,3.604,-1.0
7775.0,3.615,-1.03
7775.25,3.593,-1.04
7775.5,3.5780000000000003,-1.02
7775.75,3.583,-1.01
7776.0,3.658,-0.96
7776.25,3.575,-1.01
7776.5,3.592,-1.0
7776.75,3.548,-1.07
7777.0,3.61,-1.03
7777.25,3.658,-0.941
7777.5,3.636,-0.998
7777.75,3.59,-1.05
7778.0,3.555,-1.07
7778.25,3.657,-0.97
7778.5,3.59,-1.03
7778.75,3.676,-0.95
7779.0,3.569,-1.03
7779.25,3.645,-0.98
7779.5,3.556,-1.08
7779.75,3.648,-1.02
7780.0,3.565,-1.06
7780.25,3.625,-1.01
7780.5,3.571,-1.06
7780.75,3.548,-1.07
7781.0,3.667,-0.96
7781.25,3.497,-0.982
7781.5,3.542,-0.867
7781.75,3.358,-1.008
7782.0,3.444,-0.933
7782.25,3.3200000000000003,-1.018
7782.5,3.4290000000000003,-0.937
7782.75,3.3710000000000004,-0.988
7783.0,4.52,-0.5664
7783.25,4.87,-0.4838
7783.5,5.23,-0.6599999999999999
7783.75,7.41,0.51
7784.0,6.76,-0.094
7784.25,8.19,-0.205
7784.5,13.07,2.556
7784.75,11.89,1.87
7785.0,13.37,2.358
7785.25,12.03,0.736
7785.5,11.63,0.4309999999999999
7785.75,12.32,0.958
7786.0,12.11,0.7970000000000002
7786.25,15.34,3.382
7786.5,18.33,4.374
7786.75,18.59,5.389
7787.0,17.89,4.085
7787.25,18.77,4.932
7787.5,18.21,4.43
7787.75,19.49,5.603
7788.0,19.4,5.045999999999999
7788.25,17.700000000000003,4.808
7788.5,16.93,4.691
7788.75,17.86,5.3870000000000005
7789.0,15.89,4.118
7789.25,18.009999999999998,5.210000000000001
7789.5,17.71,4.442
7789.75,19.32,5.760999999999999
7790.0,18.1,5.1
7790.25,18.25,5.61
7790.5,18.1,5.51
7790.75,18.69,5.343999999999999
7791.0,18.16,4.141
7791.25,17.709999999999997,4.73
7791.5,19.28,4.544
7791.75,19.93,5.302
7792.0,17.88,4.706
7792.25,16.52,3.939
7792.5,19.96,4.662
7792.75,21.28,6.23
7793.0,18.87,6.07
7793.25,17.36,4.927
7793.5,14.11,3.1740000000000004
7793.75,13.71,3.616
7794.0,13.57,3.68
7794.25,14.49,3.611
7794.5,15.63,3.936
7794.75,8.39,0.8379999999999999
7795.0,6.18,-0.52
7795.25,5.09,-1.26
7795.5,5.26,-1.3
7795.75,5.49,-1.22
7796.0,6.88,0.124
7796.25,5.51,-0.6737
7796.5,4.76,-0.962
7796.75,5.0,-0.6950000000000001
7797.0,5.75,-0.017
7797.25,4.55,-0.97
7797.5,3.892,-1.08
7797.75,3.82,-0.97
7798.0,3.812,-0.91793
7798.25,3.814,-0.95
7798.5,3.756,-0.987
7798.75,3.788,-0.95
7799.0,3.862,-0.935
7799.25,3.719,-0.997
7799.5,3.845,-0.8999999999999999
7799.75,3.705,-1.0
7800.0,3.803,-0.939
7800.25,3.676,-1.04
7800.5,3.5410000000000004,-0.98
7800.75,3.371,-1.02
7801.0,3.42,-0.96
7801.25,3.37,-0.99
7801.5,3.356,-0.99
7801.75,3.438,-0.91
7802.0,3.365,-0.96
7802.25,3.4559999999999995,-0.8900000000000001
7802.5,3.354,-0.95
7802.75,3.4640000000000004,-0.885
7803.0,3.313,-0.99
7803.25,3.428,-0.91
7803.5,3.371,-0.97
7803.75,3.346,-0.99
7804.0,3.406,-0.94
7804.25,3.2960000000000003,-1.01
7804.5,3.417,-0.92
7804.75,3.369,-0.97
7805.0,3.29,-0.8400000000000001
7805.25,3.236,-0.917
7805.5,3.248,-0.834
7805.75,2.967,-0.885
7806.0,3.2220000000000004,-0.876
7806.25,3.172,-0.894
7806.5,2.952,-0.8939999999999999
7806.75,3.234,-0.879
7807.0,2.824,-0.901
7807.25,3.271,-0.86
7807.5,3.167,-0.8919999999999999
7807.75,3.116,-0.79
7808.0,3.064,-0.8540000000000001
7808.25,4.183999999999999,-1.02
7808.5,5.207,0.09
7808.75,6.303,0.8
7809.0,5.552,0.1200000000000001
7809.25,5.07,-1.094
7809.5,5.71,-1.32
7809.75,5.78,-1.35
7810.0,6.0600000000000005,-1.34
7810.25,5.91,-1.34
7810.5,6.16,-1.35
7810.75,6.119999999999999,-1.272
7811.0,6.29,-1.38
7811.25,6.26,-1.4500000000000002
7811.5,5.91,-1.37
7811.75,6.35,-1.41
7812.0,7.23,-1.62
7812.25,7.939999999999999,-1.54
7812.5,7.17,-1.99
7812.75,9.56,-0.22
7813.0,9.36,-0.38
7813.25,9.06,-0.973
7813.5,11.48,0.8830000000000001
7813.75,15.27,2.6117
7814.0,10.94,1.003
7814.25,6.470000000000001,-1.49
7814.5,6.77,-1.5
7814.75,7.550000000000001,-0.6659999999999999
7815.0,8.91,0.02
7815.25,8.76,-1.75
7815.5,8.01,-2.03
7815.75,7.89,-2.1100000000000003
7816.0,8.09,-1.91
7816.25,7.86,-2.09
7816.5,6.88,-1.73
7816.75,4.168,-1.2000000000000002
7817.0,4.181,-1.21
7817.25,5.1,-0.356
7817.5,6.120000000000001,0.03
7817.75,6.34,0.09
7818.0,4.359999999999999,-1.11
7818.25,3.615,-0.995
7818.5,3.319,-0.947
7818.75,3.333,-0.942
7819.0,3.259,-0.995
7819.25,3.259,-0.976
7819.5,3.418,-1.02
7819.75,3.46,-1.08
7820.0,3.603,-0.98
7820.25,3.436,-1.08
7820.5,3.552,-0.97
7820.75,3.504,-1.0
7821.0,3.583,-0.94
7821.25,3.45,-1.03
7821.5,3.463,-1.04
7821.75,3.438,-1.05
7822.0,3.411,-1.05
7822.25,3.466,-1.04
7822.5,3.41,-1.09
7822.75,3.489,-1.01
7823.0,3.339,-1.08
7823.25,3.494,-0.99
7823.5,3.399,-1.05
7823.75,3.499,-0.98
7824.0,3.377,-1.08
7824.25,3.536,-0.9208
7824.5,3.399,-1.07
7824.75,3.404,-1.05
7825.0,3.147,-0.97
7825.25,3.387,-1.07
7825.5,3.059,-0.94
7825.75,3.387,-1.06
7826.0,2.963,-0.88
7826.25,2.997,-0.95
7826.5,3.529,-0.97
7826.75,2.9770000000000003,-1.01
7827.0,2.917,-0.91
7827.25,3.257,-1.06
7827.5,2.614,-0.8300000000000001
7827.75,2.834,-0.95
7828.0,3.329,-1.0
7828.25,2.511,-0.85
7828.5,3.112,-1.0
7828.75,2.632,-0.8200000000000001
7829.0,3.083,-0.98
7829.25,2.4570000000000003,-0.6890000000000001
7829.5,2.966,-0.955
7829.75,2.387,-0.734
7830.0,2.834,-0.917
7830.25,2.427,-0.764
7830.5,2.886,-0.952
7830.75,2.328,-0.7629999999999999
7831.0,3.013,-0.927
7831.25,2.2880000000000003,-0.7989999999999999
7831.5,2.965,-0.851
7831.75,2.552,-0.815
7832.0,2.874,-0.799
7832.25,2.492,-0.8700000000000001
7832.5,2.975,-0.864
7832.75,2.746,-0.917
7833.0,3.311,-0.939
7833.25,2.492,-0.833
7833.5,2.944,-0.874
7833.75,3.235,-0.986
7834.0,2.404,-0.7809999999999999
7834.25,3.324,-0.931
7834.5,2.818,-0.8069999999999999
7834.75,3.253,-0.938
7835.0,3.27,-0.936
7835.25,3.245,-0.968
7835.5,3.231,-0.955
7835.75,2.803,-0.845
7836.0,3.257,-0.967
7836.25,3.27,-0.974
7836.5,3.28,-0.982
7836.75,3.2880000000000003,-0.956
7837.0,3.4210000000000003,-0.865
7837.25,3.454,-0.7948
7837.5,3.315,-0.929
7837.75,3.337,-0.929
7838.0,3.255,-0.991
7838.25,3.33,-0.922
7838.5,3.233,-1.005
7838.75,3.327,-0.956
7839.0,3.245,-1.024
7839.25,3.305,-0.985
7839.5,3.271,-1.0
7839.75,3.443,-0.974
7840.0,3.442,-0.902
7840.25,3.245,-0.974
7840.5,3.325,-0.932
7840.75,3.207,-1.008
7841.0,3.309,-0.944
7841.25,3.197,-1.042
7841.5,3.18,-0.919
7841.75,3.18,-1.06
7842.0,3.254,-0.984
7842.25,3.299,-0.982
7842.5,3.322,-0.937
7842.75,3.277,-0.941
7843.0,3.234,-0.972
7843.25,3.262,-0.952
7843.5,3.315,-1.07
7843.75,3.467,-1.01
7844.0,3.3680000000000003,-1.08
7844.25,2.998,-0.8899999999999999
7844.5,2.9210000000000003,-0.99
7844.75,3.439,-1.0
7845.0,3.403,-1.07
7845.25,3.463,-0.94
7845.5,2.569,-0.7849999999999999
7845.75,3.55,-0.91
7846.0,2.793,-0.898
7846.25,3.27,-0.96
7846.5,2.545,-0.86
7846.75,2.978,-0.94
7847.0,2.772,-0.88
7847.25,3.343,-0.926
7847.5,2.533,-0.85
7847.75,3.0940000000000003,-0.95
7848.0,2.567,-0.8
7848.25,3.331,-0.96
7848.5,2.55,-0.8
7848.75,2.873,-0.96
7849.0,3.055,-0.93
7849.25,2.481,-0.88
7849.5,2.614,-0.86
7849.75,3.1950000000000003,-1.05
7850.0,2.657,-0.70067
7850.25,2.447,-0.8999999999999999
7850.5,2.928,-0.85
7850.75,2.78,-0.8999999999999999
7851.0,2.616,-0.76
7851.25,2.497,-0.86
7851.5,2.974,-0.92
7851.75,2.494,-0.87
7852.0,2.532,-0.86
7852.25,2.539,-0.87
7852.5,2.499,-0.86
7852.75,2.487,-0.88
7853.0,2.488,-0.87
7853.25,2.323,-0.756
7853.5,2.399,-0.6970000000000001
7853.75,2.365,-0.722
7854.0,2.337,-0.748
7854.25,2.325,-0.754
7854.5,2.76,-0.4106999999999999
7854.75,2.461,-0.75
7855.0,2.259,-0.838
7855.25,2.851,-0.313
7855.5,4.51,-0.1248999999999999
7855.75,5.86,-1.1800000000000002
7856.0,9.01,-0.4059999999999999
7856.25,11.73,-0.6669999999999999
7856.5,17.11,-0.436
7856.75,16.4,-1.8
7857.0,17.29,-1.4
7857.25,15.76,-2.58
7857.5,15.79,-2.3
7857.75,16.21,-2.5
7858.0,16.91,-1.54
7858.25,17.5,-1.5499999999999998
7858.5,19.75,-0.703
7858.75,17.98,-1.7
7859.0,15.43,-2.15
7859.25,15.84,-1.25567
7859.5,15.84,-0.494
7859.75,13.029999999999998,-1.85
7860.0,14.51,-0.849
7860.25,14.17,-0.621
7860.5,15.2,0.0389999999999999
7860.75,14.43,-0.8190000000000001
7861.0,14.260000000000002,-1.46
7861.25,21.03,0.5518000000000001
7861.5,31.040000000000003,2.395
7861.75,29.68,1.427
7862.0,28.97,0.8449999999999999
7862.25,26.55,0.126
7862.5,24.48,-0.16
7862.75,23.17,-0.7270000000000001
7863.0,21.71,-1.177
7863.25,23.52,0.8899999999999999
7863.5,23.67,0.62
7863.75,23.130000000000003,0.8142
7864.0,19.0,-0.414
7864.25,18.67,-0.077
7864.5,19.04,0.2299999999999998
7864.75,17.53,-0.2830000000000001
7865.0,15.029999999999998,-0.286
7865.25,13.0,0.0199999999999999
7865.5,10.61,0.5900000000000001
7865.75,8.41,-0.343
7866.0,7.390000000000001,-0.522
7866.25,7.83,0.3339999999999999
7866.5,6.15,-0.288
7866.75,5.760000000000001,-0.8300000000000001
7867.0,5.37,-0.85
7867.25,4.63,-1.003
7867.5,5.9,0.0169999999999999
7867.75,5.11,-0.81
7868.0,4.46,-1.17
7868.25,4.890000000000001,-0.078
7868.5,4.64,0.0029999999999998
7868.75,3.59,-0.96
7869.0,4.32,-0.533
7869.25,4.15,-0.242
7869.5,4.106,-0.353
7869.75,3.76,-0.7761
7870.0,2.72,-0.91
7870.25,2.844,-0.79
7870.5,2.762,-0.86
7870.75,2.768,-0.8200000000000001
7871.0,2.679,-0.857
7871.25,2.803,-0.77
7871.5,2.696,-0.88
7871.75,2.742,-0.85
7872.0,2.718,-0.87
7872.25,2.7030000000000003,-0.89
7872.5,2.721,-0.88
7872.75,2.782,-0.8800000000000001
7873.0,2.829,-0.8400000000000001
7873.25,2.824,-0.8500000000000001
7873.5,2.81,-0.777
7873.75,2.734,-0.87
7874.0,2.741,-0.86
7874.25,2.7270000000000003,-0.92
7874.5,2.787,-0.86
7874.75,2.679,-0.93
7875.0,2.781,-0.85
7875.25,2.64,-0.92
7875.5,2.801,-0.8200000000000001
7875.75,3.044,-0.4318499999999999
7876.0,2.789,-0.8
7876.25,2.689,-0.89
7876.5,2.735,-0.86
7876.75,2.746,-0.87
7877.0,2.688,-0.88
7877.25,2.528,-0.7989999999999999
7877.5,2.513,-0.802
7877.75,2.554,-0.7829999999999999
7878.0,2.488,-0.816
7878.25,2.59,-0.77
7878.5,2.532,-0.79
7878.75,2.714,-0.74
7879.0,3.92,-0.0741
7879.25,4.11,-0.2183
7879.5,4.359999999999999,-0.97
7879.75,5.949999999999999,-0.832
7880.0,8.860000000000001,0.15
7880.25,14.09,0.6825999999999999
7880.5,15.74,-0.5559999999999999
7880.75,16.62,-1.56
7881.0,18.39,-1.344
7881.25,23.45,-0.2619999999999999
7881.5,26.43,-0.1350000000000001
7881.75,25.24,-0.82459
7882.0,23.87,-1.931
7882.25,25.700000000000003,-0.5968000000000001
7882.5,23.26,0.2244
7882.75,21.13,-1.2640000000000002
7883.0,22.73,-1.896
7883.25,22.23,-1.2720000000000002
7883.5,21.86,-0.76
7883.75,20.15,-1.516
7884.0,19.39,-0.1509999999999999
7884.25,18.42,-0.525
7884.5,19.62,-0.1170000000000001
7884.75,20.36,0.231
7885.0,21.57,0.18
7885.25,25.42,1.845
7885.5,29.880000000000003,2.397
7885.75,32.86,1.359
7886.0,33.980000000000004,1.008
7886.25,32.989999999999995,1.837
7886.5,33.7,2.047
7886.75,33.4,2.44
7887.0,35.51,2.5210000000000004
7887.25,32.75,1.8062
7887.5,40.9,6.74
7887.75,49.2,10.24
7888.0,47.5,10.11
7888.25,44.0,8.51
7888.5,42.4,8.7
7888.75,38.4,8.35
7889.0,31.62,8.239999999999998
7889.25,29.6,7.38
7889.5,26.87,7.38
7889.75,24.07,7.030000000000001
7890.0,16.48,4.1000000000000005
7890.25,13.65,3.305
7890.5,12.11,2.8389999999999995
7890.75,13.47,2.915
7891.0,17.730000000000004,3.981
7891.25,15.82,2.419
7891.5,16.009999999999998,2.843
7891.75,15.46,2.6180000000000003
7892.0,16.57,3.724
7892.25,15.31,2.6740000000000004
7892.5,14.43,2.82
7892.75,14.75,3.244
7893.0,14.9,3.389
7893.25,13.76,2.424
7893.5,12.59,2.375
7893.75,11.45,3.394
7894.0,11.95,3.821
7894.25,10.15,2.954
7894.5,9.08,2.698
7894.75,9.32,2.8469999999999995
7895.0,9.170000000000002,2.758
7895.25,9.15,2.783
7895.5,8.84,2.515
7895.75,8.93,2.581
7896.0,8.83,2.5540000000000003
7896.25,8.74,2.553
7896.5,8.67,2.506
7896.75,8.96,2.723
7897.0,8.809999999999999,2.7270000000000003
7897.25,8.85,2.756
7897.5,8.6,2.557
7897.75,8.620000000000001,2.568
7898.0,8.67,2.597
7898.25,8.46,2.541
7898.5,8.3,2.422
7898.75,8.52,2.52
7899.0,8.48,2.491
7899.25,8.12,2.3280000000000003
7899.5,8.65,2.716
7899.75,8.19,2.434
7900.0,8.29,2.5380000000000003
7900.25,7.92,2.287
7900.5,7.73,2.451
7900.75,8.11,2.589
7901.0,8.15,2.357
7901.25,8.07,2.599
7901.5,7.879999999999999,2.674
7901.75,7.74,2.66
7902.0,7.790000000000001,2.424
7902.25,8.059999999999999,2.62
7902.5,8.14,2.612
7902.75,7.53,2.4610000000000003
7903.0,8.75,3.334
7903.25,11.95,3.314
7903.5,18.13,3.424
7903.75,22.08,3.227
7904.0,22.12,2.504
7904.25,25.37,2.62
7904.5,27.58,3.172
7904.75,28.65,2.983
7905.0,28.24,2.214
7905.25,30.1,3.008
7905.5,31.15,2.35
7905.75,33.7,3.029
7906.0,31.7,2.928
7906.25,40.0,6.004
7906.5,38.5,3.074
7906.75,43.900000000000006,4.429
7907.0,39.9,2.8521
7907.25,47.3,7.15
7907.5,44.6,7.11
7907.75,41.5,5.93
7908.0,31.95,2.664
7908.25,33.36,4.5360000000000005
7908.5,32.120000000000005,4.065
7908.75,31.79,3.414
7909.0,31.85,4.8100000000000005
7909.25,32.27,4.499
7909.5,39.8,2.128
7909.75,45.7,0.987
7910.0,44.2,-0.1969999999999999
7910.25,42.3,-0.176
7910.5,43.2,0.2790000000000001
7910.75,42.3,-0.251
7911.0,40.6,0.5950000000000002
7911.25,38.8,1.484
7911.5,41.4,1.725
7911.75,37.8,-0.0968
7912.0,37.7,0.2041
7912.25,35.6,0.2709999999999999
7912.5,31.97,0.3900000000000001
7912.75,27.71,-0.0170000000000001
7913.0,21.08,-0.376
7913.25,19.21,0.032
7913.5,17.38,0.49
7913.75,14.740000000000002,0.126
7914.0,11.99,-0.551
7914.25,11.79,-0.317
7914.5,11.77,0.1139999999999999
7914.75,9.85,0.79
7915.0,8.38,0.0429999999999999
7915.25,8.129999999999999,-0.1399999999999999
7915.5,8.86,0.4100000000000001
7915.75,6.78,0.067
7916.0,5.92,-0.372
7916.25,5.72,0.1339999999999999
7916.5,5.404999999999999,0.2929999999999999
7916.75,4.63,0.205
7917.0,2.568,-0.69
7917.25,2.359,-0.76
7917.5,2.387,-0.72
7917.75,2.394,-0.73
7918.0,2.368,-0.76
7918.25,2.433,-0.71
7918.5,2.324,-0.78
7918.75,2.399,-0.645
7919.0,2.292,-0.71
7919.25,2.3600000000000003,-0.63
7919.5,2.273,-0.71
7919.75,2.301,-0.7
7920.0,2.245,-0.77
7920.25,2.151,-0.89
7920.5,2.212,-0.86
7920.75,2.128,-0.9
7921.0,2.263,-0.8
7921.25,2.127,-0.92
7921.5,2.281,-0.8
7921.75,2.169,-0.87
7922.0,2.329,-0.75
7922.25,2.148,-0.8999999999999999
7922.5,2.216,-0.86
7922.75,2.17,-0.87
7923.0,2.153,-0.9
7923.25,2.229,-0.8300000000000001
7923.5,2.122,-0.91
7923.75,2.2590000000000003,-0.8200000000000001
7924.0,2.099,-0.95
7924.25,2.27,-0.8200000000000001
7924.5,2.163,-0.9
7924.75,2.265,-0.83
7925.0,2.191,-0.8999999999999999
7925.25,1.997,-0.8200000000000001
7925.5,2.027,-0.81
7925.75,2.005,-0.76
7926.0,2.144,-0.617
7926.25,2.035,-0.71
7926.5,2.147,-0.627
7926.75,1.928,-0.8300000000000001
7927.0,4.38,0.502
7927.25,3.937,-0.574
7927.5,6.970000000000001,0.6177
7927.75,6.02,-0.91
7928.0,7.33,-1.02
7928.25,13.14,-0.078
7928.5,19.36,0.4750000000000001
7928.75,18.24,-0.998
7929.0,32.599999999999994,4.253
7929.25,30.53,3.408
7929.5,30.49,3.505
7929.75,35.9,5.425
7930.0,38.5,6.909999999999999
7930.25,36.1,4.536
7930.5,42.1,5.35
7930.75,35.4,1.6
7931.0,30.380000000000003,-0.2269999999999999
7931.25,28.89,-0.788
7931.5,25.38,-0.7719999999999999
7931.75,25.89,-0.2069999999999999
7932.0,22.93,0.2169999999999999
7932.25,19.06,-0.022
7932.5,20.04,-0.828
7932.75,21.72,-0.0595999999999999
7933.0,23.83,0.47
7933.25,23.13,0.302
7933.5,27.130000000000003,0.911
7933.75,27.83,1.4700000000000002
7934.0,27.61,0.947
7934.25,27.63,1.0659999999999998
7934.5,29.26,1.165
7934.75,29.24,0.8019999999999998
7935.0,31.7,1.261
7935.25,28.87,1.839
7935.5,32.59,2.151
7935.75,31.33,2.088
7936.0,28.57,1.035
7936.25,30.06,1.356
7936.5,26.32,0.984
7936.75,24.73,0.8480000000000001
7937.0,20.04,0.4710000000000001
7937.25,17.04,0.3666000000000001
7937.5,16.9,0.7111
7937.75,15.18,0.121
7938.0,12.52,-0.236
7938.25,13.61,1.018
7938.5,11.23,0.5299999999999999
7938.75,10.43,-0.718
7939.0,10.7,-0.895
7939.25,10.97,-0.3959999999999999
7939.5,11.2,-0.0499999999999999
7939.75,10.32,-0.833
7940.0,10.35,-0.755
7940.25,11.1,-0.501
7940.5,11.27,-0.245
7940.75,8.780000000000001,-0.2289999999999999
7941.0,6.94,-0.746
7941.25,4.321,-0.292
7941.5,5.155,0.48
7941.75,4.445,-0.12
7942.0,4.404,-0.271
7942.25,3.291,-0.6221
7942.5,2.5500000000000003,-0.85
7942.75,2.669,-0.7
7943.0,2.591,-0.74
7943.25,2.643,-0.76
7943.5,2.543,-0.8200000000000001
7943.75,2.713,-0.6799999999999999
7944.0,2.563,-0.8
7944.25,2.649,-0.74
7944.5,2.531,-0.84
7944.75,2.6020000000000003,-0.78
7945.0,2.597,-0.79
7945.25,2.54,-0.8300000000000001
7945.5,2.623,-0.77
7945.75,2.508,-0.85
7946.0,2.67,-0.74
7946.25,2.568,-0.8200000000000001
7946.5,2.705,-0.7
7946.75,2.541,-0.8400000000000001
7947.0,2.649,-0.76
7947.25,2.526,-0.8500000000000001
7947.5,2.639,-0.78
7947.75,2.539,-0.84
7948.0,2.587,-0.8
7948.25,2.597,-0.81
7948.5,2.545,-0.8500000000000001
7948.75,2.636,-0.78
7949.0,2.593,-0.8
7949.25,2.555,-0.67
7949.5,2.341,-0.79
7949.75,2.455,-0.72
7950.0,2.338,-0.81
7950.25,2.47,-0.72
7950.5,2.34,-0.78
7950.75,2.426,-0.72
7951.0,2.895,-0.377
7951.25,6.85,-0.501
7951.5,11.79,0.777
7951.75,13.42,0.1109999999999999
7952.0,15.65,-0.7043
7952.25,25.11,2.2222
7952.5,37.06,2.093
7952.75,38.3,2.415
7953.0,38.2,0.842
7953.25,38.2,0.623
7953.5,41.8,1.1069999999999998
7953.75,45.9,2.6670000000000003
7954.0,44.7,1.9850000000000003
7954.25,45.0,1.9334
7954.5,42.7,1.211
7954.75,47.8,2.794
7955.0,44.2,1.7216999999999998
7955.25,44.0,1.6436999999999995
7955.5,42.4,1.323
7955.75,39.73,2.2099999999999995
7956.0,32.75,1.3541
7956.25,25.98,-0.0539999999999999
7956.5,28.06,1.11
7956.75,39.71,5.106999999999999
7957.0,46.0,7.26
7957.25,42.7,8.79
7957.5,58.400000000000006,14.89
7957.75,63.5,13.8
7958.0,60.4,11.27
7958.25,58.3,10.09
7958.5,57.0,10.29
7958.75,59.3,10.24
7959.0,57.7,8.26
7959.25,54.1,7.94
7959.5,52.400000000000006,7.98
7959.75,54.1,9.84
7960.0,50.5,8.540000000000001
7960.25,51.7,8.91
7960.5,50.7,8.72
7960.75,49.5,8.94
7961.0,41.3,8.760000000000002
7961.25,39.69,8.71
7961.5,25.73,3.168
7961.75,18.3,1.08
7962.0,16.21,0.7769999999999999
7962.25,13.23,0.275
7962.5,9.72,-0.6990000000000001
7962.75,7.27,-0.87
7963.0,5.79,0.354
7963.25,5.1,-0.555
7963.5,7.25,-0.4479999999999999
7963.75,6.63,-0.5069999999999999
7964.0,7.57,0.5800000000000001
7964.25,6.949999999999999,-0.1969999999999999
7964.5,5.59,-0.008
7964.75,4.918,-0.2239999999999999
7965.0,5.404,0.5700000000000001
7965.25,4.825,-0.078
7965.5,4.563,-0.328
7965.75,4.641,-0.14
7966.0,2.922,-0.7424
7966.25,2.722,-0.8
7966.5,2.608,-0.8500000000000001
7966.75,2.658,-0.8
7967.0,2.641,-0.8
7967.25,2.593,-0.8400000000000001
7967.5,2.678,-0.75
7967.75,2.594,-0.8600000000000001
7968.0,2.7230000000000003,-0.72
7968.25,2.653,-0.78
7968.5,2.676,-0.74
7968.75,2.651,-0.79
7969.0,2.6060000000000003,-0.8200000000000001
7969.25,2.655,-0.8
7969.5,2.568,-0.86
7969.75,2.689,-0.77
7970.0,2.568,-0.87
7970.25,2.698,-0.77
7970.5,2.583,-0.84
7970.75,2.785,-0.69
7971.0,2.627,-0.8
7971.25,2.701,-0.75
7971.5,2.535,-0.8300000000000001
7971.75,2.653,-0.81
7972.0,2.638,-0.8
7972.25,2.607,-0.8600000000000001
7972.5,2.648,-0.81
7972.75,2.592,-0.8600000000000001
7973.0,2.61,-0.81
7973.25,2.419,-0.76
7973.5,2.495,-0.71
7973.75,2.45,-0.75
7974.0,2.43,-0.77
7974.25,2.431,-0.77
7974.5,2.41,-0.8
7974.75,2.4850000000000003,-0.74
7975.0,2.419,-0.81
7975.25,3.081,-0.98
7975.5,3.91,-1.42
7975.75,6.57,0.211
7976.0,14.09,4.61
7976.25,13.44,3.776
7976.5,14.05,3.734
7976.75,16.59,4.327
7977.0,16.33,3.996
7977.25,18.08,4.78
7977.5,19.18,4.775
7977.75,18.009999999999998,4.244
7978.0,19.44,5.02
7978.25,21.15,5.54
7978.5,22.41,6.58
7978.75,21.83,5.960000000000001
7979.0,19.96,5.433
7979.25,19.63,5.390000000000001
7979.5,20.91,6.48
7979.75,17.0,5.96
7980.0,17.21,6.170000000000001
7980.25,15.7,5.5600000000000005
7980.5,17.53,6.92
7980.75,16.03,5.87
7981.0,16.2,5.7700000000000005
7981.25,15.89,5.54
7981.5,17.840000000000003,6.869999999999999
7981.75,18.09,5.96
7982.0,20.79,5.9
7982.25,20.78,5.78
7982.5,21.94,6.65
7982.75,20.67,5.83
7983.0,21.39,5.96
7983.25,20.6,5.609999999999999
7983.5,20.8,5.8100000000000005
7983.75,18.58,4.64
7984.0,16.810000000000002,5.94
7984.25,16.59,5.66
7984.5,16.49,5.59
7984.75,15.06,4.94
7985.0,14.13,4.524
7985.25,15.38,5.210000000000001
7985.5,14.29,4.666
7985.75,15.27,5.359999999999999
7986.0,12.92,4.153
7986.25,12.4,4.205
7986.5,11.079999999999998,3.812
7986.75,10.89,3.621
7987.0,10.85,3.686
7987.25,9.93,3.108
7987.5,10.6,3.479
7987.75,10.11,3.084
7988.0,10.51,3.363
7988.25,10.96,3.659
7988.5,9.93,3.2110000000000003
7988.75,10.11,3.497
7989.0,9.91,3.327
7989.25,10.02,3.448
7989.5,10.12,3.654
7989.75,9.76,3.421
7990.0,10.19,3.755
7990.25,10.0,3.604
7990.5,9.08,3.025
7990.75,9.89,3.575
7991.0,9.55,3.348
7991.25,9.84,3.587
7991.5,9.61,3.4450000000000003
7991.75,9.28,3.206
7992.0,10.04,3.781
7992.25,9.65,3.504
7992.5,9.25,3.307
7992.75,9.02,3.1579999999999995
7993.0,9.63,3.631
7993.25,9.34,3.347
7993.5,9.22,3.338
7993.75,9.39,3.47
7994.0,8.959999999999999,3.161
7994.25,9.5,3.493
7994.5,9.55,3.432
7994.75,9.23,3.234
7995.0,8.71,2.882
7995.25,9.3,3.204
7995.5,9.21,3.303
7995.75,8.15,2.692
7996.0,8.46,2.807
7996.25,9.03,3.1659999999999995
7996.5,8.76,3.191
7996.75,8.629999999999999,3.106
7997.0,8.83,3.208
7997.25,7.699999999999999,2.782
7997.5,8.129999999999999,3.0460000000000003
7997.75,7.58,2.659
7998.0,7.82,2.846
7998.25,7.38,2.5440000000000005
7998.5,7.779999999999999,2.798
7998.75,7.5699999999999985,2.665
7999.0,7.899999999999999,2.9119999999999995
7999.25,7.62,2.781
7999.5,8.11,2.9560000000000004
7999.75,8.14,3.0940000000000003
8000.0,8.09,2.991
8000.25,7.399999999999999,2.521
8000.5,7.87,2.689
8000.75,8.9,3.255
8001.0,9.53,3.581
8001.25,8.84,3.154
8001.5,8.889999999999999,3.181
8001.75,9.86,3.767
8002.0,9.79,3.592
8002.25,9.26,3.284
8002.5,9.51,3.42
8002.75,9.33,3.205
8003.0,9.31,3.169
8003.25,9.64,3.394
8003.5,9.8,3.535
8003.75,9.49,3.317
8004.0,9.29,3.146
8004.25,10.07,3.5620000000000003
8004.5,10.6,3.808
8004.75,9.86,3.33
8005.0,10.41,3.716
8005.25,10.39,3.6
8005.5,11.03,3.869
8005.75,10.2,3.386
8006.0,10.16,3.464
8006.25,10.38,3.5580000000000003
8006.5,10.1,3.35
8006.75,10.4,3.522
8007.0,10.15,3.417
8007.25,10.03,3.326
8007.5,10.06,3.4090000000000003
8007.75,9.86,3.23
8008.0,10.31,3.624
8008.25,10.24,3.4850000000000003
8008.5,9.94,3.394
8008.75,9.47,3.053
8009.0,9.73,3.286
8009.25,9.86,3.444
8009.5,10.12,3.582
8009.75,9.58,3.292
8010.0,9.83,3.4350000000000005
8010.25,10.21,3.727
8010.5,9.75,3.33
8010.75,9.49,3.283
8011.0,9.41,3.252
8011.25,8.77,2.7750000000000004
8011.5,9.54,3.323
8011.75,9.53,3.276
8012.0,8.78,2.806
8012.25,7.02,1.995
8012.5,9.29,3.269
8012.75,8.76,2.872
8013.0,7.460000000000001,2.3040000000000003
8013.25,9.58,3.4530000000000003
8013.5,8.68,2.791
8013.75,7.01,1.946
8014.0,9.02,3.157
8014.25,7.4,2.318
8014.5,8.92,3.061
8014.75,7.49,2.434
8015.0,9.07,3.302
8015.25,6.63,1.841
8015.5,9.24,3.499
8015.75,7.010000000000001,2.195
8016.0,9.37,3.547
8016.25,7.15,2.291
8016.5,9.36,3.579
8016.75,6.640000000000001,1.972
8017.0,9.09,3.3670000000000004
8017.25,6.140000000000001,1.511
8017.5,9.32,3.46
8017.75,7.22,2.343
8018.0,9.38,3.605
8018.25,6.93,2.178
8018.5,8.82,3.186
8018.75,6.71,1.939
8019.0,8.940000000000001,3.278
8019.25,7.2,2.317
8019.5,9.09,3.427
8019.75,6.87,2.192
8020.0,8.38,2.976
8020.25,7.07,2.319
8020.5,9.08,3.504
8020.75,7.39,2.535
8021.0,8.77,3.311
8021.25,6.4,2.015
8021.5,8.63,3.473
8021.75,6.21,1.902
8022.0,8.56,3.372
8022.25,7.03,2.451
8022.5,8.22,3.041
8022.75,7.12,2.404
8023.0,8.56,3.323
8023.25,11.13,4.22
8023.5,19.85,7.04
8023.75,17.689999999999998,3.949
8024.0,20.58,4.409
8024.25,22.09,2.9399999999999995
8024.5,32.629999999999995,4.405
8024.75,35.5,3.5170000000000003
8025.0,41.2,5.541
8025.25,41.400000000000006,4.739
8025.5,42.3,5.037
8025.75,38.66,3.548
8026.0,40.1,5.970000000000001
8026.25,45.3,5.104
8026.5,46.7,4.657
8026.75,46.5,3.942
8027.0,48.3,5.074
8027.25,48.0,4.636
8027.5,43.6,3.749
8027.75,44.2,5.313
8028.0,37.5,3.217
8028.25,33.29,5.214
8028.5,34.19,4.4830000000000005
8028.75,33.64,4.432
8029.0,35.14,5.08
8029.25,34.91,5.09
8029.5,42.8,3.852
8029.75,48.4,3.862
8030.0,48.7,3.238
8030.25,49.1,3.822
8030.5,48.5,3.782
8030.75,47.4,3.566
8031.0,44.8,3.194
8031.25,45.6,3.12
8031.5,43.8,5.444000000000001
8031.75,38.9,5.041
8032.0,36.8,4.427
8032.25,36.7,4.596
8032.5,36.7,5.256
8032.75,32.53,4.682
8033.0,24.33,4.186
8033.25,21.37,3.54
8033.5,19.79,4.423
8033.75,17.0,3.853
8034.0,14.84,4.106
8034.25,15.22,4.005
8034.5,15.41,4.228
8034.75,12.73,3.973
8035.0,11.95,3.345
8035.25,12.54,3.56
8035.5,12.46,3.737
8035.75,11.85,3.58
8036.0,12.13,3.221
8036.25,11.94,3.248
8036.5,11.39,3.342
8036.75,11.93,4.01
8037.0,10.72,3.193
8037.25,10.84,3.133
8037.5,10.579999999999998,2.956
8037.75,9.7,3.229
8038.0,8.0,2.592
8038.25,8.299999999999999,2.765
8038.5,8.379999999999999,2.913
8038.75,8.45,2.877
8039.0,7.7,2.439
8039.25,8.04,2.825
8039.5,8.65,3.2110000000000003
8039.75,8.32,3.03
8040.0,8.05,2.842
8040.25,7.529999999999999,2.444
8040.5,8.280000000000001,3.04
8040.75,8.55,3.249
8041.0,8.11,2.871
8041.25,7.919999999999999,2.761
8041.5,7.08,2.223
8041.75,8.16,2.9930000000000003
8042.0,8.299999999999999,3.067
8042.25,8.280000000000001,3.091
8042.5,7.659999999999999,2.684
8042.75,7.45,2.545
8043.0,7.939999999999999,2.901
8043.25,7.85,2.866
8043.5,8.29,3.218
8043.75,7.629999999999999,2.788
8044.0,7.66,2.796
8044.25,7.13,2.467
8044.5,7.720000000000001,2.843
8044.75,7.939999999999999,3.025
8045.0,7.869999999999999,2.957
8045.25,6.91,2.51
8045.5,7.4,2.862
8045.75,7.34,2.803
8046.0,7.68,3.024
8046.25,7.67,2.976
8046.5,7.68,2.947
8046.75,7.630000000000001,2.806
8047.0,8.05,2.883
8047.25,11.16,3.383
8047.5,17.43,4.538
8047.75,20.09,3.004
8048.0,22.35,2.918
8048.25,28.56,3.435
8048.5,39.8,3.257
8048.75,44.5,3.302
8049.0,46.7,2.48
8049.25,50.8,3.858
8049.5,55.5,4.884
8049.75,51.0,3.096
8050.0,48.400000000000006,3.117
8050.25,52.1,5.648
8050.5,51.4,4.882999999999999
8050.75,53.1,4.554
8051.0,50.4,4.24
8051.25,50.6,4.835000000000001
8051.5,49.5,6.316
8051.75,46.0,6.136
8052.0,42.6,5.963
8052.25,39.4,5.493
8052.5,41.6,6.91
8052.75,44.0,5.606
8053.0,38.88,3.797
8053.25,40.51,3.795
8053.5,47.8,5.162000000000001
8053.75,46.0,4.512
8054.0,47.2,4.172
8054.25,50.9,4.565
8054.5,52.1,5.057
8054.75,44.900000000000006,2.8309
8055.0,41.16,0.7859999999999999
8055.25,37.75,1.568
8055.5,40.5,0.938
8055.75,42.4,1.152
8056.0,38.3,1.5610000000000002
8056.25,36.33,0.6739999999999999
8056.5,35.93,0.7759999999999999
8056.75,30.96,0.5559999999999998
8057.0,25.3,0.7150000000000001
8057.25,21.82,0.086
8057.5,18.68,-0.12
8057.75,15.94,0.53
8058.0,13.93,0.205
8058.25,11.79,-0.0379999999999999
8058.5,11.51,0.1829999999999999
8058.75,10.88,0.4599999999999999
8059.0,9.76,0.29
8059.25,7.890000000000001,-0.333
8059.5,7.790000000000001,-0.368
8059.75,8.83,0.52
8060.0,8.51,-0.052
8060.25,7.649999999999999,-0.543
8060.5,7.779999999999999,-0.486
8060.75,7.54,0.139
8061.0,7.120000000000001,-0.1479999999999999
8061.25,6.470000000000001,-0.657
8061.5,6.63,-0.5750000000000001
8061.75,6.96,-0.032
8062.0,4.550000000000001,-0.8300000000000001
8062.25,3.924,-0.91
8062.5,4.024,-0.8300000000000001
8062.75,3.949,-0.88
8063.0,3.879,-0.8500000000000001
8063.25,3.923,-0.97
8063.5,3.775,-0.969
8063.75,4.113,-0.733
8064.0,3.962,-0.7929999999999999
8064.25,3.954,-0.8500000000000001
8064.5,3.833,-0.99
8064.75,3.994,-0.8899999999999999
8065.0,3.907,-0.851
8065.25,3.889,-0.869
8065.5,3.923,-0.855
8065.75,3.795,-0.93
8066.0,3.933,-0.8600000000000001
8066.25,3.841,-0.88
8066.5,3.882,-0.797
8066.75,4.009,-0.85
8067.0,3.831,-0.89
8067.25,3.968,-0.88
8067.5,4.093999999999999,-0.8029999999999999
8067.75,3.789,-0.8500000000000001
8068.0,3.834,-0.93
8068.25,3.956,-0.8500000000000001
8068.5,3.814,-0.89
8068.75,3.874,-0.88
8069.0,3.972,-0.8
8069.25,3.591,-0.8140000000000001
8069.5,3.759,-0.73
8069.75,3.5780000000000003,-0.873
8070.0,3.834,-0.774
8070.25,3.522,-0.91
8070.5,3.553,-0.855
8070.75,4.041,-0.476
8071.0,4.44,-0.97
8071.25,9.55,1.033
8071.5,12.66,0.982
8071.75,14.89,0.55
8072.0,16.32,0.488
8072.25,19.52,1.185
8072.5,25.86,0.1749999999999998
8072.75,30.950000000000003,0.409
8073.0,33.04,0.127
8073.25,30.18,-0.4438000000000002
8073.5,28.67,-0.1419999999999999
8073.75,25.62,0.6599999999999999
8074.0,24.44,0.854
8074.25,24.36,0.5010000000000001
8074.5,25.5,1.574
8074.75,25.55,1.6629999999999998
8075.0,25.24,1.211
8075.25,24.61,0.7606999999999999
8075.5,25.07,1.865
8075.75,20.46,0.92
8076.0,18.24,-0.0369999999999999
8076.25,15.72,0.1099999999999999
8076.5,15.06,-0.495
8076.75,14.56,-1.049
8077.0,18.91,0.06
8077.25,20.27,0.5099999999999999
8077.5,24.43,0.84
8077.75,26.01,-0.1900000000000001
8078.0,25.130000000000003,-0.048
8078.25,28.61,1.5708
8078.5,27.12,0.3999999999999999
8078.75,28.62,0.78
8079.0,27.42,0.1799999999999998
8079.25,30.58,1.4700000000000002
8079.5,28.07,0.53
8079.75,29.63,0.49
8080.0,28.54,0.5799999999999998
8080.25,28.160000000000004,1.11
8080.5,26.130000000000003,0.77
8080.75,25.56,0.56
8081.0,21.32,0.16
8081.25,20.65,0.6499999999999999
8081.5,19.09,0.76
8081.75,14.52,-0.125
8082.0,11.56,-0.831
8082.25,10.37,-0.252
8082.5,10.42,0.04
8082.75,7.74,-0.7060000000000001
8083.0,7.95,-0.5479999999999999
8083.25,6.55,-0.7999999999999999
8083.5,6.033,-0.9617
8083.75,6.003,-1.2
8084.0,5.543,-1.18
8084.25,5.33,-1.46
8084.5,6.84,-0.13
8084.75,6.93,-0.1399999999999999
8085.0,5.84,-0.88
8085.25,5.91,-0.851
8085.5,6.48,-0.282
8085.75,6.609999999999999,-0.0899999999999999
8086.0,3.529,-1.081
8086.25,3.162,-0.995
8086.5,3.091,-1.062
8086.75,3.175,-0.987
8087.0,3.1850000000000005,-1.046
8087.25,3.28,-0.8240000000000001
8087.5,3.221,-0.919
8087.75,3.257,-0.855
8088.0,3.264,-0.875
8088.25,3.143,-0.989
8088.5,3.161,-0.987
8088.75,3.0860000000000003,-1.076
8089.0,3.149,-1.002
8089.25,3.019,-1.087
8089.5,3.191,-0.967
8089.75,3.043,-1.075
8090.0,3.153,-0.99
8090.25,2.998,-1.099
8090.5,3.244,-0.952
8090.75,3.08,-1.046
8091.0,3.192,-0.97
8091.25,3.08,-1.0499999999999998
8091.5,3.116,-1.04
8091.75,3.123,-1.1
8092.0,3.104,-1.042
8092.25,3.141,-0.96
8092.5,3.101,-1.067
8092.75,3.194,-0.9244
8093.0,3.236,-0.8553999999999999
8093.25,3.072,-0.758
8093.5,3.01,-0.806
8093.75,3.064,-0.774
8094.0,2.905,-0.946
8094.25,2.825,-1.01
8094.5,2.854,-1.009
8094.75,2.838,-1.002
8095.0,3.619,-1.1
8095.25,7.004,-0.1829999999999999
8095.5,8.295,0.2500000000000001
8095.75,10.38,0.97
8096.0,9.89,-0.411
8096.25,12.23,0.1159999999999998
8096.5,21.75,1.3199999999999998
8096.75,23.04,1.904
8097.0,21.14,-0.365
8097.25,21.75,-0.438
8097.5,22.37,0.6889999999999998
8097.75,23.04,0.8390000000000001
8098.0,22.39,0.6310000000000001
8098.25,23.23,0.3550000000000001
8098.5,23.34,1.93
8098.75,23.46,1.96
8099.0,22.0,1.518
8099.25,20.8,0.2764000000000001
8099.5,21.91,1.425
8099.75,19.28,1.1943
8100.0,17.8,0.67
8100.25,15.63,0.51
8100.5,15.76,1.4612999999999998
8100.75,15.509999999999998,1.08
8101.0,15.04,1.451
8101.25,17.61,0.51
8101.5,24.4,1.0289
8101.75,30.91,2.22
8102.0,31.54,1.262
8102.25,31.73,1.1170000000000002
8102.5,30.08,1.087
8102.75,29.02,0.8227999999999999
8103.0,28.16,1.82
8103.25,27.91,1.246
8103.5,24.9,1.119
8103.75,23.97,0.5699999999999998
8104.0,23.87,0.914
8104.25,24.06,0.69
8104.5,23.85,0.3500000000000001
8104.75,20.46,0.6930000000000001
8105.0,19.04,0.7949999999999999
8105.25,18.14,0.955
8105.5,14.89,0.5110000000000001
8105.75,12.33,0.33
8106.0,9.15,0.7000000000000002
8106.25,8.99,0.8800000000000001
8106.5,6.98,-0.0639999999999999
8106.75,6.71,-0.0659999999999999
8107.0,7.78,0.2799999999999999
8107.25,7.710000000000001,0.84
8107.5,6.8100000000000005,0.313
8107.75,6.779999999999999,0.059
8108.0,6.47,-0.134
8108.25,7.38,0.9300000000000002
8108.5,6.94,0.32
8108.75,6.7,0.035
8109.0,6.25,-0.1699999999999999
8109.25,7.2,0.6200000000000001
8109.5,6.64,0.1589999999999999
8109.75,5.37,-0.36
8110.0,4.77,-0.345
8110.25,4.26,-0.382
8110.5,4.42,-0.296
8110.75,4.1850000000000005,-0.388
8111.0,3.963,-0.346
8111.25,4.157,-0.3209999999999999
8111.5,3.927,-0.2959999999999999
8111.75,4.098,-0.293
8112.0,3.785,-0.39
8112.25,4.198,-0.25
8112.5,3.883,-0.344
8112.75,4.163,-0.188
8113.0,3.806,-0.325
8113.25,4.115,-0.19
8113.5,3.847,-0.382
8113.75,3.85,-0.3389999999999999
8114.0,3.998,-0.299
8114.25,3.768,-0.352
8114.5,3.745,-0.376
8114.75,3.726,-0.392
8115.0,3.93,-0.296
8115.25,3.862,-0.354
8115.5,4.01,-0.213
8115.75,3.713,-0.375
8116.0,3.782,-0.3199999999999999
8116.25,3.68,-0.419
8116.5,3.784,-0.308
8116.75,3.683,-0.409
8117.0,3.75,-0.3109999999999999
8117.25,3.5540000000000003,-0.303
8117.5,3.633,-0.249
8117.75,3.651,-0.254
8118.0,3.527,-0.313
8118.25,3.623,-0.227
8118.5,3.723,-0.236
8118.75,3.926,0.137
8119.0,4.91,-0.089
8119.25,8.61,0.463
8119.5,12.5,1.1211
8119.75,15.86,1.7812
8120.0,15.65,0.728
8120.25,24.24,1.6880000000000002
8120.5,30.12,0.2240000000000001
8120.75,32.8,0.034
8121.0,33.6,0.3159999999999999
8121.25,32.55,-0.1169999999999999
8121.5,35.1,1.278
8121.75,37.7,0.9219999999999998
8122.0,35.7,0.269
8122.25,33.599999999999994,0.4770000000000001
8122.5,31.53,0.953
8122.75,32.480000000000004,1.552
8123.0,30.19,0.132
8123.25,28.76,0.129
8123.5,27.74,0.247
8123.75,29.66,1.603
8124.0,27.85,0.006
8124.25,25.31,0.135
8124.5,23.12,0.0959999999999999
8124.75,22.44,0.7199999999999999
8125.0,21.54,0.497
8125.25,24.4,1.1900000000000002
8125.5,25.880000000000003,0.992
8125.75,27.2,0.5200000000000001
8126.0,29.58,0.555
8126.25,29.71,0.6282
8126.5,28.1,0.7509999999999999
8126.75,25.87,0.3000000000000001
8127.0,23.81,-0.04
8127.25,23.46,0.1079999999999999
8127.5,24.8,-0.0719999999999999
8127.75,26.84,0.41
8128.0,27.15,0.2300000000000001
8128.25,24.96,-0.0369999999999999
8128.5,28.1,-0.062
8128.75,26.57,-0.1159999999999999
8129.0,20.32,0.41
8129.25,17.65,-0.431
8129.5,17.36,-0.423
8129.75,16.41,-0.185
8130.0,17.59,0.2579999999999999
8130.25,17.23,-0.5152
8130.5,16.57,-0.3735
8130.75,16.19,-0.587
8131.0,12.99,0.3500000000000001
8131.25,10.63,-0.083
8131.5,10.38,-0.532
8131.75,10.37,-0.649
8132.0,11.02,0.2300000000000001
8132.25,7.15,-0.366
8132.5,5.83,-0.711
8132.75,6.709999999999999,-0.351
8133.0,7.109999999999999,0.3599999999999999
8133.25,6.4,-0.541
8133.5,5.859999999999999,-0.7657
8133.75,6.379999999999999,-0.164
8134.0,5.109999999999999,-0.0079999999999999
8134.25,3.499,-0.742
8134.5,3.2589999999999995,-0.653
8134.75,3.313,-0.8230000000000001
8135.0,3.2250000000000005,-0.6799999999999999
8135.25,3.3,-0.78
8135.5,3.274,-0.74
8135.75,3.064,-0.76
8136.0,3.431,-0.77
8136.25,3.182,-0.73
8136.5,3.248,-0.7590000000000001
8136.75,3.266,-0.6299999999999999
8137.0,3.165,-0.7150000000000001
8137.25,3.41,-0.725
8137.5,3.044,-0.775
8137.75,3.084,-0.736
8138.0,3.293,-0.78
8138.25,2.974,-0.8019999999999999
8138.5,3.362,-0.71
8138.75,3.0940000000000003,-0.83
8139.0,3.191,-0.6499999999999999
8139.25,3.287,-0.82
8139.5,3.233,-0.67
8139.75,3.127,-0.75
8140.0,3.319,-0.85
8140.25,3.075,-0.73
8140.5,3.013,-0.79
8140.75,3.066,-0.75
8141.0,3.231,-0.8300000000000001
8141.25,2.889,-0.71
8141.5,2.64,-0.627
8141.75,2.792,-0.702
8142.0,2.6710000000000003,-0.562
8142.25,2.459,-0.712
8142.5,2.624,-0.662
8142.75,2.707,-0.6940000000000001
8143.0,2.603,-0.5626
8143.25,2.854,-0.672
8143.5,2.599,-0.663
8143.75,2.541,-0.628
8144.0,2.768,-0.722
8144.25,2.644,-0.585
8144.5,2.974,-0.635
8144.75,2.771,-0.649
8145.0,2.86,-0.6040000000000001
8145.25,2.905,-0.7210000000000001
8145.5,2.763,-0.5800000000000001
8145.75,2.876,-0.6819999999999999
8146.0,2.986,-0.696
8146.25,3.205,-0.65
8146.5,2.973,-0.603
8146.75,3.112,-0.44
8147.0,3.13,-0.627
8147.25,3.937,-0.49
8147.5,4.21,-0.5
8147.75,4.433,-0.3711
8148.0,6.538,0.78
8148.25,7.17,0.8900000000000001
8148.5,5.484,-0.0559999999999999
8148.75,3.378,-0.595
8149.0,3.161,-0.702
8149.25,3.335,-0.589
8149.5,3.205,-0.6160000000000001
8149.75,5.753,0.5599999999999999
8150.0,6.065,0.4600000000000001
8150.25,5.39,-0.012
8150.5,5.552999999999999,0.1209999999999999
8150.75,4.867,0.003
8151.0,6.279999999999999,0.7100000000000002
8151.25,5.517,0.006
8151.5,5.003,-0.2439999999999999
8151.75,5.787,0.2750000000000001
8152.0,4.68,-0.024
8152.25,3.757,-0.1889
8152.5,3.301,-0.619
8152.75,3.693,-0.2262
8153.0,3.332,-0.607
8153.25,3.256,-0.692
8153.5,3.355,-0.569
8153.75,3.212,-0.6880000000000001
8154.0,3.228,-0.644
8154.25,3.27,-0.633
8154.5,3.257,-0.666
8154.75,3.37,-0.5549999999999999
8155.0,3.276,-0.645
8155.25,3.292,-0.628
8155.5,3.232,-0.629
8155.75,3.253,-0.77
8156.0,3.338,-0.62
8156.25,3.112,-0.72
8156.5,3.292,-0.7
8156.75,3.3550000000000004,-0.6799999999999999
8157.0,3.323,-0.72
8157.25,3.388,-0.6499999999999999
8157.5,3.359,-0.6799999999999999
8157.75,3.326,-0.6990000000000001
8158.0,3.115,-0.5700000000000001
8158.25,3.0090000000000003,-0.74
8158.5,3.284,-0.69
8158.75,3.348,-0.71
8159.0,3.245,-0.755
8159.25,3.092,-0.6
8159.5,3.16,-0.733
8159.75,3.175,-0.733
8160.0,3.324,-0.616
8160.25,3.055,-0.687
8160.5,3.236,-0.561
8160.75,3.118,-0.8
8161.0,3.179,-0.721
8161.25,3.013,-0.5166
8161.5,3.185,-0.714
8161.75,3.2139999999999995,-0.6599999999999999
8162.0,3.172,-0.76
8162.25,2.892,-0.6759999999999999
8162.5,3.189,-0.6679999999999999
8162.75,3.015,-0.77
8163.0,3.02,-0.556
8163.25,3.09,-0.79
8163.5,3.201,-0.698
8163.75,2.777,-0.724
8164.0,3.008,-0.777
8164.25,3.109,-0.73
8164.5,2.837,-0.7090000000000001
8164.75,3.137,-0.72
8165.0,3.014,-0.75
8165.25,2.632,-0.6400000000000001
8165.5,2.89,-0.629
8165.75,2.716,-0.6910000000000001
8166.0,2.823,-0.5790000000000001
8166.25,2.744,-0.7629999999999999
8166.5,2.602,-0.663
8166.75,2.808,-0.6970000000000001
8167.0,3.16,-0.571
8167.25,2.805,-0.5960000000000001
8167.5,2.837,-0.7190000000000001
8167.75,3.03,-0.633
8168.0,3.027,-0.623
8168.25,2.746,-0.5920000000000001
8168.5,3.091,-0.628
8168.75,3.0460000000000003,-0.715
8169.0,3.116,-0.611
8169.25,2.716,-0.6399999999999999
8169.5,3.128,-0.6100000000000001
8169.75,3.202,-0.64
8170.0,3.293,-0.7030000000000001
8170.25,3.292,-0.548
8170.5,2.965,-0.558
8170.75,3.234,-0.499
8171.0,3.227,-0.645
8171.25,3.198,-0.636
8171.5,3.384,-0.4827
8171.75,3.248,-0.6143000000000001
8172.0,3.267,-0.5700000000000001
8172.25,3.11,-0.652
8172.5,3.277,-0.5860000000000001
8172.75,3.3200000000000003,-0.644
8173.0,3.408,-0.619
8173.25,3.469,-0.5700000000000001
8173.5,3.401,-0.68
8173.75,3.468,-0.54
8174.0,3.39,-0.6779999999999999
8174.25,3.478,-0.612
8174.5,3.374,-0.6619999999999999
8174.75,3.252,-0.645
8175.0,3.3440000000000003,-0.593
8175.25,3.212,-0.667
8175.5,3.474,-0.5289999999999999
8175.75,3.344,-0.638
8176.0,3.6,-0.702
8176.25,0.0,0.0
8176.5,0.0,0.0
8176.75,0.0,0.0
8177.0,0.0,0.0
8177.25,0.0,0.0
8177.5,0.0,0.0
8177.75,3.164,-0.383
8178.0,3.849,-0.408
8178.25,3.63,-0.361
8178.5,3.482,-0.46
8178.75,3.335,-0.52
8179.0,3.36,-0.484
8179.25,3.162,-0.5820000000000001
8179.5,3.2990000000000004,-0.516
8179.75,3.197,-0.617
8180.0,3.4130000000000003,-0.621
8180.25,3.4240000000000004,-0.608
8180.5,3.3920000000000003,-0.608
8180.75,3.5040000000000004,-0.521
8181.0,3.507,-0.606
8181.25,3.313,-0.546
8181.5,3.266,-0.494
8181.75,3.417,-0.5026999999999999
8182.0,3.382,-0.596
8182.25,3.292,-0.6679999999999999
8182.5,3.423,-0.573
8182.75,3.224,-0.66
8183.0,3.199,-0.471
8183.25,3.356,-0.588
8183.5,3.374,-0.578
8183.75,3.37,-0.5630000000000001
8184.0,3.226,-0.67
8184.25,3.292,-0.49
8184.5,3.0410000000000004,-0.611
8184.75,3.256,-0.5720000000000001
8185.0,3.248,-0.621
8185.25,3.189,-0.642
8185.5,3.204,-0.5780000000000001
8185.75,3.195,-0.5700000000000001
8186.0,3.078,-0.466
8186.25,3.022,-0.665
8186.5,3.194,-0.6100000000000001
8186.75,3.0890000000000004,-0.685
8187.0,3.125,-0.647
8187.25,3.087,-0.63
8187.5,2.835,-0.625
8187.75,3.136,-0.5740000000000001
8188.0,3.019,-0.6970000000000001
8188.25,3.146,-0.6000000000000001
8188.5,3.0460000000000003,-0.616
8188.75,2.827,-0.59
8189.0,3.126,-0.639
8189.25,2.868,-0.724
8189.5,2.975,-0.512
8189.75,2.532,-0.621
8190.0,2.856,-0.562
8190.25,2.793,-0.662
8190.5,2.872,-0.6260000000000001
8190.75,2.754,-0.514
8191.0,3.088,-0.61
8191.25,5.77,0.399
8191.5,10.91,0.3717
8191.75,16.26,0.9673
8192.0,20.69,0.994
8192.25,37.1,4.114
8192.5,61.6,13.5
8192.75,56.3,11.04
8193.0,56.3,8.72
8193.25,59.8,10.55
8193.5,58.2,9.65
8193.75,54.1,9.21
8194.0,54.6,8.66
8194.25,54.8,7.25
8194.5,53.1,6.26
8194.75,57.400000000000006,6.42
8195.0,57.7,5.78
8195.25,52.5,5.54
8195.5,48.9,6.970000000000001
8195.75,45.0,6.51
8196.0,45.8,6.58
8196.25,41.4,6.1000000000000005
8196.5,37.84,6.98
8196.75,37.5,6.13
8197.0,42.8,7.29
8197.25,43.0,6.5
8197.5,56.7,6.83
8197.75,58.6,6.4
8198.0,53.0,8.440000000000001
8198.25,52.6,8.0
8198.5,51.8,7.85
8198.75,51.8,8.3
8199.0,50.6,8.209999999999999
8199.25,42.1,4.263
8199.5,30.66,0.791
8199.75,34.39,1.719
8200.0,0.0,0.0
8200.25,0.0,0.0
8200.5,0.0,0.0
8200.75,6.93,0.506
8201.0,28.14,3.521
8201.25,25.25,2.179
8201.5,23.18,1.58
8201.75,22.14,1.7300000000000002
8202.0,19.700000000000003,2.121
8202.25,18.29,1.382
8202.5,17.96,1.363
8202.75,17.900000000000002,1.293
8203.0,17.4,2.404
8203.25,13.64,0.4717
8203.5,12.489999999999998,0.1198
8203.75,12.52,0.0189
8204.0,12.06,0.0980999999999999
8204.25,11.65,-0.0271999999999999
8204.5,11.88,0.1164
8204.75,11.44,0.0242999999999999
8205.0,11.239999999999998,0.0079999999999999
8205.25,10.88,0.0399999999999999
8205.5,10.22,0.0398
8205.75,9.46,0.2786
8206.0,10.11,0.185
8206.25,8.25,-0.0009999999999999
8206.5,9.37,0.1474
8206.75,8.59,-0.0382
8207.0,8.68,0.0005999999999999
8207.25,8.43,0.0004999999999999
8207.5,8.89,0.0077999999999999
8207.75,8.350000000000001,-0.106
8208.0,8.6,-0.197
8208.25,7.689999999999999,-0.2449999999999999
8208.5,9.07,-0.1173999999999999
8208.75,7.95,-0.209
8209.0,8.03,-0.2209999999999999
8209.25,8.32,-0.1153
8209.5,8.36,-0.131
8209.75,8.01,-0.0465
8210.0,7.84,-0.277
8210.25,8.13,-0.1649999999999999
8210.5,7.32,-0.311
8210.75,7.81,-0.155
8211.0,7.69,-0.1872
8211.25,8.2,-0.13293
8211.5,6.5,-0.405
8211.75,7.88,-0.203
8212.0,6.890000000000001,-0.249
8212.25,7.359999999999999,-0.298
8212.5,7.61,-0.2789999999999999
8212.75,7.22,-0.189
8213.0,7.0600000000000005,-0.475
8213.25,7.19,-0.279
8213.5,7.19,-0.288
8213.75,6.69,-0.347
8214.0,6.82,-0.435
8214.25,6.07,-0.415
8214.5,6.87,-0.3199999999999999
8214.75,6.93,-0.294
8215.0,7.57,0.272
8215.25,8.46,-0.3792
8215.5,9.69,-0.42
8215.75,11.13,0.0383
8216.0,10.31,-0.8300000000000001
8216.25,14.16,-1.09
8216.5,14.05,-1.39
8216.75,16.04,-1.263
8217.0,18.98,-0.665
8217.25,22.88,-0.63
8217.5,26.15,1.8323
8217.75,24.47,0.701
8218.0,22.46,0.3780000000000001
8218.25,21.78,0.6563
8218.5,21.8,-0.352
8218.75,23.43,0.4065
8219.0,21.95,0.435
8219.25,20.48,-0.284
8219.5,19.61,0.3939999999999999
8219.75,16.560000000000002,-0.253
8220.0,13.5,-0.95
8220.25,13.23,-0.72033
8220.5,12.75,-0.97
8220.75,16.85,0.62
8221.0,18.15,0.3399999999999999
8221.25,18.9,-0.4279999999999999
8221.5,17.67,-0.808
8221.75,20.56,0.0899999999999999
8222.0,21.32,0.51
8222.25,23.54,0.042
8222.5,21.43,-0.0469999999999999
8222.75,21.68,-0.473
8223.0,18.89,-1.255
8223.25,17.52,-1.52
8223.5,22.03,-0.4459999999999999
8223.75,23.26,-0.302
8224.0,20.4,-0.653
8224.25,19.12,-1.54
8224.5,19.9,-1.2
8224.75,18.17,-0.81
8225.0,11.5,-0.423
8225.25,10.84,-0.712
8225.5,8.14,-1.013
8225.75,8.75,-0.1579999999999999
8226.0,7.64,-0.738
8226.25,7.290000000000001,-0.93
8226.5,6.47,-0.896
8226.75,7.74,0.3439999999999999
8227.0,8.15,0.7
8227.25,7.55,-0.0079999999999999
8227.5,7.24,0.0379999999999999
8227.75,7.439999999999999,0.5
8228.0,7.290000000000001,0.245
8228.25,6.949999999999999,-0.1909999999999999
8228.5,6.87,-0.125
8228.75,7.050000000000001,0.6599999999999999
8229.0,5.029999999999999,-0.687
8229.25,5.32,-0.675
8229.5,5.04,-0.709
8229.75,5.140000000000001,-0.613
8230.0,4.890000000000001,-0.8089999999999999
8230.25,4.93,-0.66
8230.5,4.62,-0.692
8230.75,4.62,-0.685
8231.0,4.7,-0.657
8231.25,4.57,-0.642
8231.5,4.75,-0.5820000000000001
8231.75,4.51,-0.712
8232.0,4.26,-0.678
8232.25,4.11,-0.736
8232.5,4.1000000000000005,-0.668
8232.75,4.2,-0.677
8233.0,3.95,-0.7010000000000001
8233.25,4.12,-0.639
8233.5,3.99,-0.7270000000000001
8233.75,4.88,-0.593
8234.0,4.75,-0.679
8234.25,4.5,-0.588
8234.5,4.029999999999999,-0.751
8234.75,4.12,-0.613
8235.0,3.9,-0.7210000000000001
8235.25,4.140000000000001,-0.651
8235.5,4.26,-0.665
8235.75,4.3100000000000005,-0.5679000000000001
8236.0,4.26,-0.586
8236.25,3.96,-0.673
8236.5,3.82,-0.593
8236.75,4.12,-0.694
8237.0,4.08,-0.671
8237.25,3.96,-0.702
8237.5,4.12,-0.7270000000000001
8237.75,3.97,-0.5760000000000001
8238.0,3.75,-0.657
8238.25,3.87,-0.553
8238.5,3.91,-0.54467
8238.75,4.109999999999999,-0.478
8239.0,4.51,-0.139
8239.25,5.99,0.3845
8239.5,11.78,0.921
8239.75,12.26,0.49
8240.0,13.41,-0.1109999999999999
8240.25,18.92,-0.7619999999999999
8240.5,29.95,4.5
8240.75,21.33,0.0799999999999999
8241.0,19.4,-0.525
8241.25,20.44,-0.331
8241.5,18.12,-0.741
8241.75,22.130000000000003,0.6100000000000001
8242.0,21.1,-0.844
8242.25,21.46,-0.778
8242.5,21.42,-0.778
8242.75,20.87,-0.539
8243.0,19.23,-0.733
8243.25,17.990000000000002,-1.327
8243.5,18.11,-0.987
8243.75,19.04,0.4299999999999998
8244.0,18.22,0.0469999999999999
8244.25,16.299999999999997,-0.817
8244.5,15.17,-0.631
8244.75,16.54,-0.0899999999999999
8245.0,15.509999999999998,-0.5509999999999999
8245.25,17.6,-0.2389999999999999
8245.5,18.62,-1.056
8245.75,17.369999999999997,-0.932
8246.0,16.81,-1.64
8246.25,16.14,-1.43
8246.5,16.3,-0.6859999999999999
8246.75,16.770000000000003,-0.589
8247.0,16.87,-1.62
8247.25,16.89,-1.27
8247.5,16.509999999999998,-1.027
8247.75,17.830000000000002,-1.1483
8248.0,14.27,-1.66
8248.25,13.69,-1.98
8248.5,14.2,-0.976
8248.75,11.75,-1.7999999999999998
8249.0,9.5,-1.56
8249.25,9.19,-0.944
8249.5,9.44,-0.746
8249.75,6.6,-1.15
8250.0,5.29,-1.2
8250.25,5.86,-1.17
8250.5,6.029999999999999,-1.0245
8250.75,7.33,0.0999999999999999
8251.0,6.45,-0.538
8251.25,5.295,-0.7530000000000001
8251.5,5.551,-0.336
8251.75,5.84,-0.0499999999999999
8252.0,5.459999999999999,-0.645
8252.25,3.752,-1.29
8252.5,3.732,-1.31
8252.75,2.85,-1.08
8253.0,2.757,-0.939
8253.25,2.654,-1.03
8253.5,2.522,-1.11
8253.75,2.555,-1.06
8254.0,2.564,-1.07
8254.25,2.563,-1.08
8254.5,2.67,-0.96
8254.75,2.572,-1.04
8255.0,2.6180000000000003,-1.03
8255.25,2.561,-1.08
8255.5,2.519,-1.1
8255.75,2.63,-1.02
8256.0,2.507,-1.12
8256.25,2.711,-1.08
8256.5,2.523,-1.15
8256.75,2.676,-0.982
8257.0,2.682,-0.978
8257.25,2.653,-1.04
8257.5,2.661,-1.02
8257.75,2.547,-1.1
8258.0,2.583,-1.06
8258.25,2.575,-1.08
8258.5,2.536,-1.12
8258.75,2.652,-1.02
8259.0,2.615,-1.008
8259.25,2.8120000000000003,-0.855
8259.5,2.709,-0.93
8259.75,2.745,-0.8700000000000001
8260.0,2.713,-0.8899999999999999
8260.25,2.551,-1.08
8260.5,2.623,-1.04
8260.75,2.536,-1.12
8261.0,2.589,-1.06
8261.25,2.375,-1.02
8261.5,2.331,-1.025
8261.75,2.375,-0.947
8262.0,2.357,-0.983
8262.25,2.4450000000000003,-0.905
8262.5,2.355,-0.962
8262.75,2.367,-1.03
8263.0,2.926,-1.04
8263.25,3.843,-1.24
8263.5,4.46,-0.66
8263.75,8.04,0.89
8264.0,7.45,0.1699999999999999
8264.25,11.82,-0.8280000000000001
8264.5,12.9,-0.95
8264.75,20.46,1.421
8265.0,19.47,1.093
8265.25,20.4,0.2443999999999999
8265.5,22.76,1.636
8265.75,21.89,0.6907000000000001
8266.0,25.75,1.7989999999999997
8266.25,23.86,0.8260000000000001
8266.5,21.54,-1.42
8266.75,20.76,-1.605
8267.0,21.67,-0.366
8267.25,20.82,-0.911
8267.5,21.62,0.285
8267.75,18.71,-1.2160000000000002
8268.0,16.11,-1.5499999999999998
8268.25,16.47,-1.22
8268.5,16.470000000000002,-1.222
8268.75,18.72,0.1
8269.0,17.310000000000002,-0.962
8269.25,19.22,-0.462
8269.5,18.99,-0.4820000000000001
8269.75,19.07,-1.2176
8270.0,23.200000000000003,0.4870000000000001
8270.25,24.6,0.6499999999999999
8270.5,30.65,2.424
8270.75,42.4,8.51
8271.0,41.4,8.530000000000001
8271.25,39.0,8.14
8271.5,33.35,6.08
8271.75,35.5,6.9
8272.0,35.1,6.42
8272.25,31.020000000000003,5.297000000000001
8272.5,32.120000000000005,5.763
8272.75,28.050000000000004,5.65
8273.0,24.58,6.02
8273.25,22.06,5.63
8273.5,8.049999999999999,-0.075
8273.75,5.93,-1.03
8274.0,6.21,-0.8620000000000001
8274.25,6.039999999999999,-0.96
8274.5,3.91,-1.08
8274.75,3.41,-1.04
8275.0,5.23,0.0919999999999998
8275.25,3.64,-0.866
8275.5,3.41,-0.99
8275.75,3.52,-1.09
8276.0,3.589,-1.0499999999999998
8276.25,3.541,-1.11
8276.5,3.499,-1.12
8276.75,3.55,-1.12
8277.0,3.55,-1.11
8277.25,3.549,-1.11
8277.5,3.225,-1.05
8277.75,2.603,-0.8500000000000001
8278.0,2.572,-0.84
8278.25,2.6130000000000004,-0.8500000000000001
8278.5,2.703,-0.92
8278.75,2.757,-0.91
8279.0,2.746,-0.94
8279.25,2.781,-0.91
8279.5,2.714,-0.93
8279.75,2.7670000000000003,-0.92
8280.0,2.718,-0.94
8280.25,2.816,-0.88
8280.5,2.7909999999999995,-0.88
8280.75,2.811,-0.86
8281.0,2.721,-0.94
8281.25,2.707,-0.91
8281.5,2.723,-0.93
8281.75,2.745,-0.92
8282.0,2.728,-0.93
8282.25,2.729,-0.94
8282.5,2.7380000000000004,-0.95
8282.75,2.765,-0.91
8283.0,2.798,-0.89
8283.25,2.78,-0.9
8283.5,2.7820000000000005,-0.96
8283.75,2.753,-0.96
8284.0,2.76,-0.94
8284.25,2.692,-0.98
8284.5,2.621,-0.8999999999999999
8284.75,2.5970000000000004,-0.88
8285.0,2.598,-0.91
8285.25,2.35,-0.831
8285.5,2.454,-0.773
8285.75,2.39,-0.8260000000000001
8286.0,2.406,-0.827
8286.25,2.323,-0.865
8286.5,2.589,-0.741
8286.75,2.34,-0.8680000000000001
8287.0,4.62,1.049
8287.25,2.418,-0.72
8287.5,4.670999999999999,-0.76
8287.75,7.81,-0.519
8288.0,10.82,-0.87
8288.25,14.0,-0.134
8288.5,14.13,0.6699999999999999
8288.75,15.439999999999998,0.1500000000000001
8289.0,16.6,-0.456
8289.25,20.15,0.1287
8289.5,33.5,7.239999999999999
8289.75,36.7,10.13
8290.0,32.88,8.26
8290.25,31.58,7.23
8290.5,38.5,11.76
8290.75,36.25,10.169999999999998
8291.0,34.69,9.97
8291.25,32.08,9.46
8291.5,30.67,8.54
8291.75,31.19,9.489999999999998
8292.0,28.879999999999995,9.22
8292.25,28.63,8.36
8292.5,28.94,8.59
8292.75,30.21,8.95
8293.0,30.98,9.19
8293.25,31.66,8.79
8293.5,31.52,9.11
8293.75,33.65,9.62
8294.0,31.0,9.12
8294.25,32.34,8.16
8294.5,34.04,8.43
8294.75,33.72,8.440000000000001
8295.0,32.03,7.83
8295.25,35.13,8.96
8295.5,36.8,10.33
8295.75,34.94,9.74
8296.0,35.28,9.86
8296.25,32.22,9.14
8296.5,32.94,9.79
8296.75,28.08,8.09
8297.0,29.21,9.44
8297.25,10.05,0.5514
8297.5,8.47,-0.005
8297.75,8.049999999999999,0.354
8298.0,6.2,0.1869999999999999
8298.25,5.43,-0.1600000000000001
8298.5,4.86,-0.381
8298.75,5.210000000000001,0.02
8299.0,3.912,-0.562
8299.25,2.975,-1.01
8299.5,2.93,-1.02
8299.75,3.02,-1.04
8300.0,3.1,-1.13
8300.25,3.14,-1.07
8300.5,3.133,-1.08
8300.75,2.962,-1.01
8301.0,2.777,-1.01
8301.25,2.772,-1.03
8301.5,2.732,-1.07
8301.75,2.805,-1.04
8302.0,2.761,-1.05
8302.25,2.808,-1.03
8302.5,2.761,-1.07
8302.75,2.794,-1.03
8303.0,2.793,-1.02
8303.25,2.881,-0.98
8303.5,2.83,-1.01
8303.75,2.832,-1.02
8304.0,2.751,-1.07
8304.25,2.821,-1.03
8304.5,2.773,-1.07
8304.75,2.817,-1.05
8305.0,2.769,-1.06
8305.25,2.792,-1.06
8305.5,2.791,-1.04
8305.75,2.8600000000000003,-0.99
8306.0,2.838,-1.0
8306.25,2.855,-0.98
8306.5,2.876,-0.91
8306.75,2.898,-0.9
8307.0,2.863,-0.91
8307.25,2.895,-0.93
8307.5,2.755,-1.06
8307.75,2.896,-0.924
8308.0,2.887,-0.939
8308.25,2.814,-1.03
8308.5,2.818,-1.02
8308.75,2.773,-1.08
8309.0,2.776,-1.09
8309.25,2.618,-1.0
8309.5,2.606,-1.0
8309.75,2.583,-1.03
8310.0,2.576,-1.02
8310.25,2.545,-1.03
8310.5,2.62,-0.96
8310.75,2.615,-0.96
8311.0,2.652,-0.93
8311.25,2.607,-0.96
8311.5,2.608,-0.98
8311.75,2.562,-0.99
8312.0,2.606,-0.98
8312.25,2.536,-1.02
8312.5,2.661,-1.01
8312.75,2.682,-0.8
8313.0,2.804,-0.7
8313.25,2.706,-0.8
8313.5,2.717,-0.8
8313.75,2.548,-0.98
8314.0,2.558,-0.99
8314.25,2.551,-0.98
8314.5,2.581,-0.97
8314.75,2.548,-1.0
8315.0,2.55,-1.0
8315.25,2.54,-0.98
8315.5,2.584,-0.95
8315.75,2.613,-0.93
8316.0,2.602,-0.93
8316.25,2.562,-0.98
8316.5,2.551,-0.97
8316.75,2.598,-0.97
8317.0,3.8649999999999993,0.0509999999999999
8317.25,4.916,0.71
8317.5,4.476999999999999,0.21
8317.75,4.163,-0.149
8318.0,4.205,-0.124
8318.25,4.488,0.3799999999999999
8318.5,4.639,0.31
8318.75,3.848,-0.228
8319.0,4.246,0.0379999999999999
8319.25,5.033,0.8600000000000001
8319.5,4.1240000000000006,0.1289999999999999
8319.75,4.099,-0.139
8320.0,3.763,-0.296
8320.25,4.715999999999999,0.42
8320.5,3.727,-0.109
8320.75,4.139,-0.1309999999999999
8321.0,3.796,-0.287
8321.25,4.725,0.41
8321.5,4.223,0.1289999999999999
8321.75,4.03,-0.166
8322.0,3.534,-0.4059999999999999
8322.25,3.115,-0.392
8322.5,1.978,-0.8520000000000001
8322.75,1.966,-0.862
8323.0,2.049,-0.789
8323.25,2.042,-0.798
8323.5,1.911,-0.78
8323.75,1.853,-0.847
8324.0,2.02,-0.867
8324.25,2.111,-0.731
8324.5,2.139,-0.716
8324.75,2.087,-0.76
8325.0,2.132,-0.72
8325.25,2.075,-0.79
8325.5,2.094,-0.815
8325.75,2.027,-0.8700000000000001
8326.0,2.058,-0.84
8326.25,2.0,-0.9
8326.5,2.056,-0.857
8326.75,1.979,-0.91
8327.0,2.036,-0.87
8327.25,1.993,-0.9
8327.5,2.05,-0.87
8327.75,2.029,-0.878
8328.0,2.095,-0.8200000000000001
8328.25,2.058,-0.817
8328.5,2.075,-0.83
8328.75,1.984,-0.905
8329.0,2.032,-0.858
8329.25,2.105,-0.7638
8329.5,2.104,-0.794
8329.75,1.97,-0.93
8330.0,2.056,-0.86
8330.25,2.16,-0.7
8330.5,2.195,-0.6799999999999999
8330.75,2.148,-0.7
8331.0,2.162,-0.717
8331.25,2.03,-0.87
8331.5,2.023,-0.9
8331.75,2.013,-0.893
8332.0,2.047,-0.865
8332.25,1.994,-0.905
8332.5,2.0380000000000003,-0.887
8332.75,2.0580000000000003,-0.8600000000000001
8333.0,2.098,-0.8109999999999999
8333.25,1.844,-0.782
8333.5,1.866,-0.794
8333.75,1.802,-0.8420000000000001
8334.0,1.865,-0.798
8334.25,1.821,-0.825
8334.5,1.839,-0.8200000000000001
8334.75,1.821,-0.8240000000000001
8335.0,1.907,-0.7909999999999999
8335.25,1.843,-0.796
8335.5,1.902,-0.74
8335.75,1.844,-0.775
8336.0,1.83,-0.796
8336.25,1.89,-0.708
8336.5,1.924,-0.668
8336.75,1.935,-0.658
8337.0,1.924,-0.666
8337.25,1.887,-0.712
8337.5,1.833,-0.794
8337.75,1.868,-0.76
8338.0,1.873,-0.745
8338.25,1.817,-0.792
8338.5,1.81,-0.804
8338.75,1.808,-0.802
8339.0,1.78,-0.829
8339.25,1.81,-0.8049999999999999
8339.5,1.926,-0.6643
8339.75,1.899,-0.788
8340.0,1.861,-0.774
8340.25,1.925,-0.6799999999999999
8340.5,1.854,-0.741
8340.75,1.832,-0.78
8341.0,1.8160000000000005,-0.792
8341.25,1.807,-0.796
8341.5,1.776,-0.806
8341.75,1.841,-0.748
8342.0,1.912,-0.648
8342.25,1.908,-0.666
8342.5,1.951,-0.6180000000000001
8342.75,2.012,-0.5660000000000001
8343.0,1.87,-0.7050000000000001
8343.25,1.853,-0.7689999999999999
8343.5,1.795,-0.798
8343.75,1.842,-0.784
8344.0,1.769,-0.815
8344.25,1.83,-0.798
8344.5,1.7880000000000005,-0.8049999999999999
8344.75,1.823,-0.7969999999999999
8345.0,1.811,-0.774
8345.25,1.898,-0.724
8345.5,1.839,-0.751
8345.75,1.814,-0.788
8346.0,1.786,-0.8160000000000001
8346.25,1.849,-0.776
8346.5,1.7919999999999998,-0.8109999999999999
8346.75,1.829,-0.8
8347.0,1.817,-0.8009999999999999
8347.25,1.95,-0.665
8347.5,1.968,-0.603
8347.75,2.073,-0.5960000000000001
8348.0,2.217,-0.657
8348.25,2.129,-0.692
8348.5,1.992,-0.87
8348.75,2.026,-0.85
8349.0,2.026,-0.84
8349.25,2.121,-0.774
8349.5,2.104,-0.75833
8349.75,2.052,-0.8240000000000001
8350.0,2.074,-0.806
8350.25,2.0460000000000003,-0.812
8350.5,2.069,-0.8059999999999999
8350.75,1.997,-0.872
8351.0,2.03,-0.8540000000000001
8351.25,2.026,-0.8540000000000001
8351.5,2.0490000000000004,-0.846
8351.75,1.991,-0.882
8352.0,2.039,-0.853
8352.25,2.057,-0.832
8352.5,2.079,-0.81
8352.75,2.125,-0.716
8353.0,2.186,-0.66
8353.25,2.092,-0.737
8353.5,2.188,-0.696
8353.75,2.087,-0.774
8354.0,2.043,-0.859
8354.25,1.989,-0.884
8354.5,2.045,-0.845
8354.75,1.998,-0.8580000000000001
8355.0,2.08,-0.8160000000000001
8355.25,2.032,-0.8400000000000001
8355.5,2.028,-0.86
8355.75,1.971,-0.9
8356.0,2.046,-0.85
8356.25,1.9650000000000003,-0.91
8356.5,2.025,-0.87
8356.75,1.997,-0.888
8357.0,2.01,-0.9
8357.25,1.896,-0.744
8357.5,1.914,-0.746
8357.75,1.817,-0.821
8358.0,1.87,-0.78
8358.25,1.8010000000000002,-0.8200000000000001
8358.5,2.536,-0.142
8358.75,2.033,-0.649
8359.0,3.345,0.379
8359.25,2.8310000000000004,-0.788
8359.5,4.359999999999999,0.0499999999999999
8359.75,9.24,0.56
8360.0,11.12,0.1099999999999999
8360.25,13.96,-0.589
8360.5,15.04,-0.85
8360.75,18.41,-0.18
8361.0,19.58,-0.2299999999999999
8361.25,18.0,-1.156
8361.5,19.71,-0.504
8361.75,19.61,-0.3390000000000001
8362.0,22.47,0.43
8362.25,22.41,0.2000000000000001
8362.5,23.25,0.329
8362.75,21.76,-0.5900000000000001
8363.0,20.630000000000003,-0.9515
8363.25,19.69,-0.9424
8363.5,18.62,-1.19
8363.75,14.94,-1.3
8364.0,15.18,-0.445
8364.25,10.65,-0.8899999999999999
8364.5,11.83,-1.6653345369377348e-16
8364.75,12.66,0.22
8365.0,12.32,-0.5339999999999999
8365.25,12.04,-0.264
8365.5,16.09,1.154
8365.75,31.96,1.77
8366.0,30.79,1.5099999999999998
8366.25,30.14,1.0579999999999998
8366.5,31.81,1.2970000000000002
8366.75,34.8,0.991
8367.0,33.9,0.8099999999999998
8367.25,33.9,0.6240000000000001
8367.5,32.5,1.902
8367.75,11.96,0.22
8368.0,10.73,-0.323
8368.25,9.16,-0.416
8368.5,9.4,0.22
8368.75,9.88,0.24
8369.0,7.58,-0.548
8369.25,7.176,-0.49
8369.5,7.946,0.3399999999999998
8369.75,7.192,-0.041
8370.0,5.315,-0.336
8370.25,4.35,-0.2229999999999999
8370.5,1.945,-0.706
8370.75,1.938,-0.692
8371.0,1.828,-0.628
8371.25,1.747,-0.634
8371.5,1.837,-0.616
8371.75,1.936,-0.6859999999999999
8372.0,1.973,-0.7
8372.25,2.01,-0.649
8372.5,2.0,-0.6699999999999999
8372.75,1.964,-0.71
8373.0,1.966,-0.72
8373.25,1.966,-0.73
8373.5,1.993,-0.72
8373.75,1.963,-0.75
8374.0,1.998,-0.72
8374.25,1.935,-0.89
8374.5,2.048,-0.8600000000000001
8374.75,2.056,-0.8600000000000001
8375.0,2.092,-0.8400000000000001
8375.25,2.004,-0.92
8375.5,2.14,-0.7968
8375.75,2.068,-0.851
8376.0,2.04,-0.88
8376.25,2.03,-0.91
8376.5,2.013,-0.92
8376.75,1.994,-0.92
8377.0,2.057,-0.8600000000000001
8377.25,2.015,-0.8800000000000001
8377.5,2.069,-0.8600000000000001
8377.75,1.989,-0.92
8378.0,1.985,-0.94
8378.25,2.004,-0.91
8378.5,1.997,-0.94
8378.75,2.099,-0.8
8379.0,2.125,-0.77
8379.25,2.118,-0.76
8379.5,2.138,-0.75
8379.75,2.151,-0.71
8380.0,2.155,-0.73
8380.25,2.095,-0.81
8380.5,2.035,-0.91
8380.75,1.978,-0.93
8381.0,2.019,-0.91
8381.25,1.7819999999999998,-0.867
8381.5,1.838,-0.8280000000000001
8381.75,1.7899999999999998,-0.867
8382.0,1.86,-0.804
8382.25,1.853,-0.798
8382.5,2.308,-0.4206999999999999
8382.75,1.892,-0.825
8383.0,2.508,-0.463
8383.25,3.329,-0.98
8383.5,2.575,-1.0
8383.75,4.2,-0.33393
8384.0,6.92,0.85
8384.25,8.719999999999999,0.7500000000000001
8384.5,10.6,0.191
8384.75,10.39,0.068
8385.0,11.77,-0.035
8385.25,17.119999999999997,1.579
8385.5,20.59,3.487
8385.75,32.16,9.48
8386.0,29.42,7.859999999999999
8386.25,31.230000000000004,8.91
8386.5,32.57,8.64
8386.75,30.77,7.930000000000001
8387.0,29.81,7.290000000000001
8387.25,30.99,7.65
8387.5,30.64,8.209999999999999
8387.75,27.93,7.07
8388.0,27.51,7.53
8388.25,27.77,8.440000000000001
8388.5,25.74,8.02
8388.75,27.79,8.61
8389.0,27.06,8.01
8389.25,29.7,8.95
8389.5,28.47,8.26
8389.75,30.53,8.96
8390.0,16.04,0.8388999999999999
8390.25,16.69,1.266
8390.5,16.95,0.9837
8390.75,17.6,2.2033
8391.0,15.14,0.4660000000000001
8391.25,16.99,1.881
8391.5,13.84,0.57
8391.75,14.09,0.238
8392.0,12.77,0.2669999999999999
8392.25,13.81,0.8199999999999998
8392.5,13.01,0.139
8392.75,11.88,-0.316
8393.0,12.19,-0.308
8393.25,10.01,-0.0939999999999999
8393.5,8.670000000000002,-0.3919999999999999
8393.75,6.609999999999999,-0.964
8394.0,5.11,-0.743
8394.25,4.248,-1.09
8394.5,3.011,-0.871
8394.75,3.049,-0.8156
8395.0,2.661,-0.945
8395.25,2.644,-0.884
8395.5,2.583,-0.921
8395.75,2.6790000000000003,-0.886
8396.0,2.803,-0.98
8396.25,2.9330000000000003,-0.8319000000000001
8396.5,3.014,-0.7969999999999999
8396.75,2.88,-0.929
8397.0,2.825,-0.972
8397.25,2.8360000000000003,-0.972
8397.5,2.805,-1.008
8397.75,2.89,-0.941
8398.0,2.799,-0.985
8398.25,2.838,-0.96
8398.5,2.76,-0.97
8398.75,2.903,-0.924
8399.0,2.885,-0.921
8399.25,2.94,-0.91
8399.5,2.827,-1.007
8399.75,2.8790000000000004,-0.963
8400.0,2.865,-0.966
8400.25,2.99,-0.8099999999999999
8400.5,2.9190000000000005,-0.831
8400.75,2.833,-0.784
8401.0,2.725,-0.897
8401.25,2.776,-0.897
8401.5,2.75,-0.91
8401.75,2.741,-0.922
8402.0,2.6590000000000003,-1.0
8402.25,2.743,-0.958
8402.5,2.664,-1.0
8402.75,2.6950000000000003,-0.958
8403.0,2.677,-0.989
8403.25,2.739,-0.95
8403.5,2.72,-0.952
8403.75,2.756,-0.902
8404.0,2.7470000000000003,-0.919
8404.25,2.728,-0.935
8404.5,2.729,-0.94
8404.75,2.6740000000000004,-0.973
8405.0,2.7110000000000003,-0.973
8405.25,2.5380000000000003,-0.9
8405.5,2.505,-0.885
8405.75,2.451,-0.93
8406.0,2.512,-0.887
8406.25,2.518,-0.875
8406.5,3.053,-0.4218
8406.75,2.553,-0.897
8407.0,2.5460000000000003,-0.891
8407.25,5.0,0.198
8407.5,3.905,-0.994
8407.75,6.390000000000001,-1.01
8408.0,7.77,-1.2
8408.25,8.14,-1.26
8408.5,10.38,-0.42
8408.75,13.91,-0.52
8409.0,17.03,-0.3999999999999999
8409.25,19.26,-0.33
8409.5,16.96,-1.092
8409.75,17.5,-1.162
8410.0,18.75,-0.388
8410.25,19.94,-0.4679999999999999
8410.5,17.3,-1.9
8410.75,17.09,-1.271
8411.0,16.130000000000003,-1.5939
8411.25,18.26,-0.51
8411.5,16.93,-1.5670000000000002
8411.75,17.03,-1.2653
8412.0,15.97,-0.251
8412.25,13.5,-0.669
8412.5,14.419999999999998,-1.4826
8412.75,16.150000000000002,-1.026
8413.0,16.18,-1.153
8413.25,14.94,0.4200000000000001
8413.5,17.63,-0.342
8413.75,20.83,-0.134
8414.0,16.69,0.8299999999999998
8414.25,15.43,0.97
8414.5,15.38,1.289
8414.75,13.96,1.0950000000000002
8415.0,11.85,-0.174
8415.25,23.03,5.640000000000001
8415.5,20.76,4.56
8415.75,24.11,7.039999999999999
8416.0,14.11,2.117
8416.25,9.48,0.29
8416.5,9.22,-0.046
8416.75,8.6,-0.161
8417.0,6.0,-0.428
8417.25,6.02,-0.451
8417.5,5.74,-0.464
8417.75,5.5600000000000005,-0.4659999999999999
8418.0,4.55,-0.524
8418.25,4.71,-0.4639999999999999
8418.5,3.55,-0.4459999999999999
8418.75,2.94,-0.384
8419.0,3.07,-0.3109999999999999
8419.25,3.2509999999999994,-0.193
8419.5,3.0900000000000003,-0.276
8419.75,2.994,-0.386
8420.0,3.236,-0.402
8420.25,3.073,-0.444
8420.5,3.279,-0.373
8420.75,3.091,-0.432
8421.0,3.201,-0.372
8421.25,3.064,-0.454
8421.5,3.37,-0.316
8421.75,3.099,-0.45
8422.0,3.3920000000000003,-0.305
8422.25,3.143,-0.356
8422.5,3.316,-0.277
8422.75,3.031,-0.447
8423.0,3.39,-0.291
8423.25,3.0,-0.475
8423.5,3.3520000000000003,-0.297
8423.75,2.902,-0.496
8424.0,3.24,-0.352
8424.25,3.122,-0.41
8424.5,3.32,-0.317
8424.75,3.172,-0.413
8425.0,3.14,-0.403
8425.25,3.06,-0.439
8425.5,3.261,-0.348
8425.75,3.0520000000000005,-0.441
8426.0,3.306,-0.32
8426.25,3.023,-0.446
8426.5,3.199,-0.362
8426.75,3.1500000000000004,-0.362
8427.0,3.313,-0.289
8427.25,3.0290000000000004,-0.437
8427.5,3.281,-0.288
8427.75,3.103,-0.354
8428.0,3.193,-0.37
8428.25,3.132,-0.384
8428.5,3.123,-0.369
8428.75,3.032,-0.456
8429.0,3.2270000000000003,-0.353
8429.25,2.92,-0.3289999999999999
8429.5,2.92,-0.3279999999999999
8429.75,2.887,-0.352
8430.0,2.9890000000000003,-0.326
8430.25,2.89,-0.383
8430.5,2.9280000000000004,-0.416
8430.75,3.065,-0.361
8431.0,3.01,-0.37
8431.25,3.632000000000001,0.1301999999999999
8431.5,3.5700000000000003,-0.385
8431.75,3.74,-0.526
8432.0,6.76,-0.47
8432.25,7.96,-0.9706
8432.5,8.370000000000001,-1.152
8432.75,10.88,0.2299999999999999
8433.0,10.5,0.1199999999999998
8433.25,11.45,-0.1120000000000001
8433.5,11.59,-0.282
8433.75,12.66,-0.8310000000000001
8434.0,14.79,-0.054
8434.25,14.75,-0.0799999999999999
8434.5,13.62,-0.588
8434.75,15.91,0.0349999999999999
8435.0,16.119999999999997,-0.1659999999999999
8435.25,16.619999999999997,0.55
8435.5,15.21,-0.314
8435.75,15.51,-0.1859999999999999
8436.0,16.14,0.7060000000000002
8436.25,17.049999999999997,1.276
8436.5,15.62,-0.293
8436.75,16.27,0.7989999999999999
8437.0,16.259999999999998,0.707
8437.25,11.32,-0.5941
8437.5,11.63,0.001
8437.75,15.02,0.7799999999999999
8438.0,15.37,0.9899999999999998
8438.25,13.86,1.1082
8438.5,13.48,0.6064999999999999
8438.75,13.01,0.493
8439.0,13.84,0.7599999999999999
8439.25,12.74,0.148
8439.5,13.0,0.368
8439.75,12.82,0.5249999999999999
8440.0,13.64,1.16
8440.25,11.54,0.2289999999999999
8440.5,10.93,-0.001
8440.75,10.42,0.1589999999999999
8441.0,11.19,0.94
8441.25,8.93,-0.212
8441.5,8.85,0.097
8441.75,7.029999999999999,0.034
8442.0,7.68,0.77
8442.25,6.41,0.1119999999999999
8442.5,5.25,0.08
8442.75,2.963,-0.529
8443.0,3.12,-0.489
8443.25,2.9,-0.547
8443.5,3.14,-0.445
8443.75,2.978,-0.5572
8444.0,3.192,-0.569
8444.25,3.1900000000000004,-0.5428
8444.5,3.408,-0.467
8444.75,3.067,-0.6052
8445.0,3.29,-0.55
8445.25,3.066,-0.6072
8445.5,3.253,-0.5609999999999999
8445.75,3.069,-0.6138
8446.0,3.308,-0.519
8446.25,3.1700000000000004,-0.54
8446.5,3.25,-0.538
8446.75,3.1910000000000003,-0.5444
8447.0,3.31,-0.482
8447.25,3.232,-0.545
8447.5,3.218,-0.556
8447.75,3.1690000000000005,-0.5660000000000001
8448.0,3.29,-0.482
8448.25,3.051,-0.598
8448.5,3.491,-0.355
8448.75,3.192,-0.4429999999999999
8449.0,3.226,-0.495
8449.25,3.239,-0.492
8449.5,3.421,-0.38
8449.75,3.112,-0.6132
8450.0,3.25,-0.5
8450.25,3.07,-0.5439999999999999
8450.5,3.2010000000000005,-0.547
8450.75,3.07,-0.6041
8451.0,3.18,-0.551
8451.25,3.03,-0.6156
8451.5,3.208,-0.534
8451.75,3.048,-0.5788
8452.0,3.24,-0.495
8452.25,3.119,-0.571
8452.5,3.2,-0.538
8452.75,3.1,-0.5920000000000001
8453.0,3.15,-0.5630000000000001
8453.25,3.12,-0.5
8453.5,2.981,-0.468
8453.75,2.78,-0.559
8454.0,3.021,-0.454
8454.25,2.923,-0.497
8454.5,2.975,-0.4629999999999999
8454.75,3.087,-0.452
8455.0,3.051,-0.498
8455.25,3.5860000000000003,-0.5411999999999999
8455.5,3.29,-0.431
8455.75,3.406,-0.4199999999999999
8456.0,4.35,-0.7161000000000001
8456.25,9.89,0.26
8456.5,12.49,1.12
8456.75,14.990000000000002,0.6399999999999999
8457.0,15.45,-0.0439999999999999
8457.25,17.17,0.3000000000000001
8457.5,16.71,-0.1600000000000001
8457.75,16.82,-0.1299999999999999
8458.0,15.65,-0.543
8458.25,19.03,0.3899999999999999
8458.5,20.53,0.64
8458.75,17.56,-0.77
8459.0,18.24,-0.4620000000000001
8459.25,17.75,-0.479
8459.5,18.1,0.81
8459.75,18.48,-0.17
8460.0,14.23,-0.792
8460.25,13.78,-0.86
8460.5,12.58,-0.91
8460.75,14.2,-0.562
8461.0,17.119999999999997,0.25
8461.25,17.12,-0.076
8461.5,20.25,0.935
8461.75,17.87,0.24
8462.0,11.57,0.609
8462.25,10.36,-0.245
8462.5,13.77,1.1209999999999998
8462.75,13.989999999999998,0.353
8463.0,12.94,0.264
8463.25,11.89,0.5019999999999999
8463.5,10.86,0.3039999999999999
8463.75,9.65,-0.223
8464.0,8.86,-0.295
8464.25,9.22,-0.283
8464.5,8.68,-0.306
8464.75,8.93,-0.092
8465.0,8.02,-0.381
8465.25,8.2,-0.37
8465.5,7.33,-0.5166999999999999
8465.75,5.069999999999999,-0.7
8466.0,4.62,-0.79
8466.25,4.11,-0.8
8466.5,3.8,-0.574
8466.75,3.021,-0.502
8467.0,2.59,-0.53
8467.25,2.297,-0.635
8467.5,2.614,-0.5489999999999999
8467.75,2.673,-0.5609999999999999
8468.0,2.636,-0.651
8468.25,2.5280000000000005,-0.687
8468.5,2.744,-0.636
8468.75,2.488,-0.708
8469.0,2.733,-0.61
8469.25,2.495,-0.659
8469.5,2.8480000000000003,-0.5650000000000001
8469.75,2.672,-0.6599999999999999
8470.0,2.6950000000000003,-0.625
8470.25,2.447,-0.722
8470.5,2.758,-0.611
8470.75,2.746,-0.642
8471.0,2.518,-0.6819999999999999
8471.25,2.39,-0.73
8471.5,2.834,-0.5559999999999999
8471.75,2.5170000000000003,-0.6659999999999999
8472.0,2.5610000000000004,-0.6499999999999999
8472.25,2.78,-0.609
8472.5,2.527,-0.694
8472.75,2.479,-0.72
8473.0,2.53,-0.685
8473.25,2.492,-0.706
8473.5,2.53,-0.688
8473.75,2.455,-0.718
8474.0,2.558,-0.634
8474.25,2.497,-0.692
8474.5,2.544,-0.669
8474.75,2.451,-0.73
8475.0,2.5120000000000005,-0.701
8475.25,2.4730000000000003,-0.722
8475.5,2.538,-0.6699999999999999
8475.75,2.456,-0.73
8476.0,2.491,-0.718
8476.25,2.455,-0.732
8476.5,2.539,-0.6699999999999999
8476.75,2.565,-0.6259999999999999
8477.0,2.6970000000000005,-0.4965
8477.25,2.361,-0.6499999999999999
8477.5,2.332,-0.63
8477.75,2.285,-0.6559999999999999
8478.0,2.436,-0.5349999999999999
8478.25,2.2750000000000004,-0.667
8478.5,2.305,-0.669
8478.75,2.318,-0.72
8479.0,2.393,-0.559643
8479.25,2.652,-0.4563
8479.5,2.357,-0.583
8479.75,2.52,-0.562
8480.0,2.2960000000000003,-0.643
8480.25,2.266,-0.6739999999999999
8480.5,2.572,-0.5760000000000001
8480.75,2.605,-0.571
8481.0,2.584,-0.5720000000000001
8481.25,2.559,-0.5640000000000001
8481.5,2.6590000000000003,-0.523
8481.75,2.65,-0.511
8482.0,2.641,-0.526
8482.25,2.617,-0.555
8482.5,2.608,-0.563
8482.75,2.627,-0.556
8483.0,3.4530000000000003,-0.561
8483.25,4.035,-0.4679999999999999
8483.5,2.74,-0.547
8483.75,2.7030000000000003,-0.514
8484.0,2.707,-0.495
8484.25,2.783,-0.467
8484.5,2.869,-0.4610000000000001
8484.75,2.827,-0.513
8485.0,2.7030000000000003,-0.541
8485.25,3.0380000000000003,-0.464
8485.5,2.669,-0.5640000000000001
8485.75,3.088,-0.471
8486.0,2.756,-0.554
8486.25,3.093,-0.465
8486.5,2.7960000000000003,-0.492
8486.75,3.151,-0.428
8487.0,2.746,-0.528
8487.25,3.138,-0.455
8487.5,2.721,-0.536
8487.75,3.015,-0.49
8488.0,2.579,-0.5700000000000001
8488.25,3.24,-0.3246
8488.5,2.653,-0.5346
8488.75,2.651,-0.5680000000000001
8489.0,2.9450000000000003,-0.486
8489.25,2.629,-0.507
8489.5,2.976,-0.483
8489.75,2.596,-0.5680000000000001
8490.0,2.672,-0.562
8490.25,2.643,-0.541
8490.5,2.614,-0.551
8490.75,2.628,-0.56
8491.0,2.587,-0.556
8491.25,2.702,-0.536
8491.5,2.684,-0.51
8491.75,2.757,-0.5830000000000001
8492.0,2.7100000000000004,-0.601
8492.25,2.765000000000001,-0.597
8492.5,2.866,-0.5700000000000001
8492.75,2.814,-0.5700000000000001
8493.0,2.817,-0.593
8493.25,2.761,-0.61
8493.5,2.847,-0.575
8493.75,2.78,-0.608
8494.0,2.886,-0.516
8494.25,2.514,-0.6419999999999999
8494.5,2.829,-0.556
8494.75,2.68,-0.628
8495.0,2.867,-0.571
8495.25,2.638,-0.6559999999999999
8495.5,2.604,-0.645
8495.75,2.6060000000000003,-0.65
8496.0,2.81,-0.6060000000000001
8496.25,2.603,-0.6639999999999999
8496.5,2.68,-0.587
8496.75,2.879,-0.547
8497.0,2.8110000000000004,-0.545
8497.25,2.475,-0.6950000000000001
8497.5,2.8200000000000003,-0.569
8497.75,2.773,-0.611
8498.0,2.527,-0.6579999999999999
8498.25,2.839,-0.523
8498.5,2.978,-0.405
8498.75,2.507,-0.667
8499.0,2.874,-0.517
8499.25,2.778,-0.5469999999999999
8499.5,2.488,-0.634
8499.75,2.786,-0.597
8500.0,2.527,-0.669
8500.25,2.758,-0.617
8500.5,2.4930000000000003,-0.685
8500.75,2.802,-0.64
8501.0,2.508,-0.6819999999999999
8501.25,2.776,-0.595
8501.5,2.773000000000001,-0.498
8501.75,2.42,-0.543
8502.0,2.7030000000000003,-0.4639999999999999
8502.25,2.3280000000000003,-0.603
8502.5,2.54,-0.567
8502.75,2.617,-0.5589999999999999
8503.0,2.293,-0.641
8503.25,2.598,-0.553
8503.5,2.581,-0.573
8503.75,2.383,-0.609
8504.0,2.588,-0.532
8504.25,2.6710000000000003,-0.493
8504.5,2.641,-0.511
8504.75,2.3360000000000003,-0.615
8505.0,2.603,-0.546
8505.25,2.601,-0.533
8505.5,2.314,-0.7
8505.75,2.649,-0.524
8506.0,2.646,-0.5
8506.25,2.345,-0.597
8506.5,2.648,-0.51
8506.75,2.359,-0.583
8507.0,2.66,-0.515
8507.25,2.314,-0.627
8507.5,2.362,-0.617
8507.75,2.609,-0.54
8508.0,2.389,-0.5446
8508.25,2.6,-0.4669
8508.5,2.3070000000000004,-0.637
8508.75,2.283,-0.643
8509.0,2.368,-0.589
8509.25,2.619,-0.519
8509.5,2.37,-0.589
8509.75,2.303,-0.632
8510.0,2.6260000000000003,-0.538
8510.25,2.263,-0.669
8510.5,2.596,-0.539
8510.75,2.28,-0.651
8511.0,2.593,-0.553
8511.25,2.3760000000000003,-0.623
8511.5,2.474,-0.539
8511.75,2.623,-0.525
8512.0,2.312,-0.648
8512.25,2.557,-0.5640000000000001
8512.5,2.667,-0.531
8512.75,2.526,-0.5760000000000001
8513.0,2.3600000000000003,-0.635
8513.25,2.632,-0.516
8513.5,2.423,-0.6000000000000001
8513.75,2.5090000000000003,-0.5780000000000001
8514.0,2.64,-0.514
8514.25,2.674,-0.5
8514.5,2.3200000000000003,-0.604
8514.75,2.5940000000000003,-0.5640000000000001
8515.0,2.478,-0.598
8515.25,2.4090000000000003,-0.6120000000000001
8515.5,2.505,-0.589
8515.75,2.33,-0.6499999999999999
8516.0,2.2270000000000003,-0.7
8516.25,2.348,-0.605
8516.5,2.154,-0.6399999999999999
8516.75,2.435,-0.5529999999999999
8517.0,2.148,-0.645
8517.25,2.156,-0.6559999999999999
8517.5,2.525,-0.4671
8517.75,2.189,-0.613
8518.0,2.277,-0.637
8518.25,2.238,-0.649
8518.5,2.125,-0.688
8518.75,2.343,-0.618
8519.0,2.178,-0.64
8519.25,2.193,-0.63
8519.5,2.529,-0.5459999999999999
8519.75,2.139,-0.6769999999999999
8520.0,2.135,-0.6769999999999999
8520.25,2.156,-0.667
8520.5,2.539,-0.552
8520.75,2.112,-0.6849999999999999
8521.0,2.164,-0.6619999999999999
8521.25,2.119,-0.6719999999999999
8521.5,2.181,-0.623
8521.75,2.158,-0.628
8522.0,2.21,-0.607
8522.25,2.333,-0.6239999999999999
8522.5,2.155,-0.6639999999999999
8522.75,2.097,-0.697
8523.0,2.154,-0.667
8523.25,2.114,-0.6799999999999999
8523.5,2.13,-0.7
8523.75,2.11,-0.69
8524.0,2.223,-0.618
8524.25,2.442,-0.5379999999999999
8524.5,2.221,-0.6
8524.75,2.118,-0.69
8525.0,2.164,-0.6599999999999999
8525.25,1.984,-0.646
8525.5,1.985,-0.59
8525.75,1.932,-0.631
8526.0,2.195,-0.539
8526.25,1.911,-0.641
8526.5,2.021,-0.5700000000000001
8526.75,2.121,-0.5660000000000001
8527.0,2.339,-0.43308
8527.25,2.0860000000000003,-0.5004
8527.5,3.155,-0.1334
8527.75,3.711,0.0547
8528.0,2.868,-0.645
8528.25,8.35,-1.02
8528.5,10.17,-0.666
8528.75,9.97,-1.0
8529.0,11.15,-0.377
8529.25,11.11,-1.21
8529.5,12.34,-1.51
8529.75,12.23,-1.42
8530.0,16.04,0.157
8530.25,17.200000000000003,0.6979999999999998
8530.5,17.64,0.313
8530.75,16.91,-0.29
8531.0,16.5,-0.627
8531.25,16.87,-0.1059999999999999
8531.5,14.989999999999998,0.7425
8531.75,16.009999999999998,0.913
8532.0,17.41,0.008
8532.25,17.38,-0.072
8532.5,14.349999999999998,-0.889
8532.75,13.1,-0.8130000000000001
8533.0,13.14,-0.841
8533.25,11.47,-0.0427
8533.5,11.21,-0.347
8533.75,12.15,0.526
8534.0,8.2,-0.0124999999999999
8534.25,7.58,-0.18
8534.5,8.61,0.7189
8534.75,8.27,0.476
8535.0,8.59,0.2116
8535.25,8.11,-0.27
8535.5,8.27,-0.156
8535.75,8.540000000000001,-0.07821
8536.0,6.63,-0.298
8536.25,6.68,-0.208
8536.5,6.550000000000001,-0.115
8536.75,6.47,-0.1939999999999999
8537.0,5.789999999999999,-0.318
8537.25,4.53,-0.5656
8537.5,4.79,-0.4754
8537.75,4.86,-0.4599999999999999
8538.0,4.61,-0.5234000000000001
8538.25,4.66,-0.5247999999999999
8538.5,4.61,-0.505
8538.75,4.29,0.1239999999999999
8539.0,2.893,-0.325
8539.25,3.061,-0.289
8539.5,2.862,-0.362
8539.75,3.278,-0.394
8540.0,3.002,-0.512
8540.25,3.202,-0.44
8540.5,3.26,-0.441
8540.75,2.97,-0.507
8541.0,3.483,-0.3179999999999999
8541.25,2.908,-0.526
8541.5,3.418,-0.325
8541.75,3.1750000000000003,-0.4419999999999999
8542.0,3.231,-0.4639999999999999
8542.25,3.594,-0.335
8542.5,3.366,-0.3269999999999999
8542.75,3.2960000000000003,-0.4469999999999999
8543.0,3.519,-0.39
8543.25,3.15,-0.514
8543.5,3.16,-0.5409999999999999
8543.75,3.567,-0.391
8544.0,3.064,-0.5457000000000001
8544.25,3.269,-0.4399999999999999
8544.5,3.119,-0.51
8544.75,3.563,-0.351
8545.0,3.075,-0.5589999999999999
8545.25,3.2840000000000003,-0.48
8545.5,3.51,-0.419
8545.75,3.241,-0.49
8546.0,3.456,-0.369
8546.25,3.246,-0.462
8546.5,3.51,-0.392
8546.75,3.408,-0.4
8547.0,3.255,-0.452
8547.25,3.095,-0.5549999999999999
8547.5,3.571,-0.392
8547.75,3.125,-0.5619999999999999
8548.0,3.191,-0.498
8548.25,3.317,-0.406
8548.5,3.2,-0.49
8548.75,3.49,-0.425
8549.0,3.3230000000000004,-0.421
8549.25,3.104,-0.53
8549.5,3.255,-0.414
8549.75,2.874,-0.494
8550.0,3.055,-0.3999999999999999
8550.25,3.373,-0.286
8550.5,2.9410000000000003,-0.4639999999999999
8550.75,2.9410000000000003,-0.469
8551.0,2.959,-0.493
8551.25,3.86,-0.0469999999999999
8551.5,3.377,-0.4727
8551.75,3.272,-0.4579999999999999
8552.0,3.95,-0.395
8552.25,9.26,-0.509
8552.5,11.7,-0.934
8552.75,12.46,-1.197
8553.0,13.41,-0.901
8553.25,12.8,-1.3252
8553.5,14.33,-0.3059999999999999
8553.75,13.37,-0.91
8554.0,12.91,-1.2219
8554.25,13.03,-1.1521
8554.5,12.64,-1.2173
8554.75,11.79,-1.209
8555.0,11.09,-1.2348
8555.25,11.28,-1.069
8555.5,9.59,-0.964
8555.75,9.53,-0.7948
8556.0,9.26,-0.761
8556.25,9.08,-0.6804
8556.5,9.21,-0.7569999999999999
8556.75,8.530000000000001,-0.6777
8557.0,7.9,-0.869
8557.25,8.34,-0.806
8557.5,7.85,-0.95
8557.75,8.129999999999999,-0.79
8558.0,6.19,-0.065
8558.25,5.590000000000001,-0.526
8558.5,6.33,-0.48038
8558.75,6.72,-0.4283
8559.0,6.67,-0.3409999999999999
8559.25,6.739999999999999,-0.253
8559.5,6.77,-0.41
8559.75,6.2700000000000005,-0.5196
8560.0,6.180000000000001,-0.478
8560.25,6.29,-0.5106999999999999
8560.5,6.03,-0.536
8560.75,5.57,-0.6852
8561.0,5.29,-0.5722
8561.25,5.260000000000001,-0.423
8561.5,5.03,-0.253
8561.75,4.533,-0.51
8562.0,4.9,-0.372
8562.25,4.234,-0.432
8562.5,3.892,-0.284
8562.75,3.816,-0.285
8563.0,3.806,-0.284
8563.25,3.3200000000000003,-0.309
8563.5,2.8000000000000003,-0.4469999999999999
8563.75,3.422,-0.263
8564.0,2.99,-0.471
8564.25,3.348,-0.3742
8564.5,2.9210000000000003,-0.5407
8564.75,3.456,-0.343
8565.0,2.93,-0.5389999999999999
8565.25,3.375,-0.399
8565.5,2.957,-0.518
8565.75,3.325,-0.406
8566.0,2.988,-0.48
8566.25,3.38,-0.314
8566.5,3.204,-0.369
8566.75,3.371,-0.337
8567.0,2.97,-0.47
8567.25,3.334,-0.34
8567.5,2.964,-0.473
8567.75,3.14,-0.444
8568.0,3.356,-0.358
8568.25,3.0009999999999994,-0.469
8568.5,3.447,-0.325
8568.75,3.111,-0.411
8569.0,3.033,-0.426
8569.25,3.447,-0.3339999999999999
8569.5,2.95,-0.494
8569.75,3.119,-0.415
8570.0,3.301,-0.363
8570.25,3.07,-0.3999999999999999
8570.5,3.11,-0.42
8570.75,3.387,-0.274
8571.0,3.104,-0.371
8571.25,3.454,-0.281
8571.5,3.102,-0.378
8571.75,3.121,-0.407
8572.0,3.272,-0.4
8572.25,2.94,-0.5
8572.5,3.09,-0.447
8572.75,3.14,-0.4407
8573.0,3.119,-0.435
8573.25,2.859,-0.5234
8573.5,3.317,-0.2189999999999999
8573.75,2.696,-0.446
8574.0,2.8600000000000003,-0.366
8574.25,3.107,-0.321
8574.5,2.564,-0.584
8574.75,2.871,-0.418
8575.0,3.76,0.0169999999999999
8575.25,4.256,-0.5985
8575.5,4.6,0.1864
8575.75,3.6,-0.6076
8576.0,4.66,0.2429
8576.25,4.78,0.2669
8576.5,3.779,-0.5192
8576.75,7.91,0.0099999999999999
8577.0,10.18,-1.15586
8577.25,11.86,-1.6364
8577.5,12.97,-0.7829999999999999
8577.75,12.1,-1.59107
8578.0,12.1,-1.5095999999999998
8578.25,11.35,-1.678
8578.5,11.96,-1.447
8578.75,11.87,-1.4433
8579.0,11.94,-1.382
8579.25,12.0,-1.3393000000000002
8579.5,11.89,-1.341
8579.75,11.27,-0.994
8580.0,7.08,-0.7439
8580.25,7.83,0.512
8580.5,6.34,-0.7444999999999999
8580.75,4.42,-0.4827
8581.0,3.94,-0.141
8581.25,2.88,-0.37
8581.5,2.967,-0.278
8581.75,2.868,-0.346
8582.0,3.142,-0.303
8582.25,3.406,-0.211
8582.5,3.264,-0.271
8582.75,2.91,-0.3339999999999999
8583.0,3.263,-0.268
8583.25,3.208,-0.283
8583.5,3.125,-0.342
8583.75,3.299,-0.267
8584.0,3.1,-0.3229999999999999
8584.25,3.298,-0.267
8584.5,3.0360000000000005,-0.385
8584.75,3.5,-0.255
8585.0,2.97,-0.4145
8585.25,3.459,-0.268
8585.5,3.047,-0.413
8585.75,3.0540000000000003,-0.325
8586.0,3.018,-0.367
8586.25,2.97,-0.3399999999999999
8586.5,3.179,-0.315
8586.75,3.505,-0.222
8587.0,2.889,-0.4162
8587.25,2.987,-0.334
8587.5,2.928,-0.357
8587.75,3.265,-0.306
8588.0,2.985,-0.4589999999999999
8588.25,3.152,-0.405
8588.5,3.115,-0.389
8588.75,3.41,-0.226
8589.0,3.5330000000000004,-0.1389999999999999
8589.25,2.789,-0.5108
8589.5,3.418,-0.329
8589.75,3.032,-0.432
8590.0,3.3310000000000004,-0.364
8590.25,3.333,-0.371
8590.5,3.067,-0.434
8590.75,3.277,-0.388
8591.0,3.119,-0.369
8591.25,3.267,-0.334
8591.5,3.302,-0.324
8591.75,3.235,-0.371
8592.0,3.487,-0.267
8592.25,2.88,-0.4589999999999999
8592.5,3.303,-0.332
8592.75,2.9210000000000003,-0.47
8593.0,3.272,-0.376
8593.25,3.3080000000000003,-0.357
8593.5,3.019,-0.447
8593.75,3.327,-0.358
8594.0,3.088,-0.402
8594.25,3.249,-0.4082
8594.5,2.994,-0.472
8594.75,3.24,-0.4039
8595.0,3.003,-0.469
8595.25,3.273,-0.41
8595.5,2.883,-0.5229999999999999
8595.75,3.395,-0.34
8596.0,2.922,-0.4679999999999999
8596.25,3.367,-0.288
8596.5,2.826,-0.4975
8596.75,2.991,-0.473
8597.0,3.299,-0.409
8597.25,2.844,-0.498
8597.5,2.807,-0.4359999999999999
8597.75,2.9760000000000004,-0.367
8598.0,2.891,-0.2579999999999999
8598.25,2.7470000000000003,-0.406
8598.5,3.014,-0.308
8598.75,2.8600000000000003,-0.3349999999999999
8599.0,2.936,-0.346
8599.25,2.793,-0.389
8599.5,2.622,-0.4419999999999999
8599.75,3.261,-0.252
8600.0,2.672,-0.424
8600.25,2.733,-0.4
8600.5,2.842,-0.36
8600.75,3.068,-0.3
8601.0,2.8600000000000003,-0.3169999999999999
8601.25,2.839,-0.325
8601.5,2.734,-0.368
8601.75,3.0680000000000005,-0.302
8602.0,2.781,-0.382
8602.25,2.6710000000000003,-0.424
8602.5,2.7510000000000003,-0.406
8602.75,2.62,-0.4439999999999999
8603.0,2.721,-0.3989999999999999
8603.25,2.656,-0.4289999999999999
8603.5,2.803,-0.3289999999999999
8603.75,2.881,-0.309
8604.0,3.015,-0.257
8604.25,2.861,-0.3219999999999999
8604.5,3.0,-0.319
8604.75,2.9290000000000003,-0.3179999999999999
8605.0,2.846,-0.346
8605.25,3.008,-0.322
8605.5,2.901,-0.3339999999999999
8605.75,3.0450000000000004,-0.317
8606.0,2.8040000000000003,-0.353
8606.25,3.067,-0.288
8606.5,2.756,-0.37
8606.75,2.815,-0.376
8607.0,2.8520000000000003,-0.373
8607.25,2.9210000000000003,-0.26
8607.5,2.999,-0.241
8607.75,2.821,-0.38
8608.0,3.018,-0.332
8608.25,2.749000000000001,-0.393
8608.5,2.661,-0.425
8608.75,3.0470000000000006,-0.308
8609.0,2.7500000000000004,-0.393
8609.25,2.716,-0.435
8609.5,3.0,-0.36
8609.75,2.7900000000000005,-0.4
8610.0,2.6790000000000003,-0.4199999999999999
8610.25,3.036,-0.321
8610.5,2.701,-0.411
8610.75,2.817,-0.354
8611.0,2.661,-0.394
8611.25,2.845,-0.3349999999999999
8611.5,2.9879999999999995,-0.365
8611.75,2.881,-0.4639999999999999
8612.0,2.805,-0.5783
8612.25,3.035,-0.381
8612.5,2.7920000000000003,-0.494
8612.75,3.0249999999999995,-0.418
8613.0,3.073,-0.4489
8613.25,2.975,-0.4609999999999999
8613.5,2.93,-0.453
8613.75,2.906,-0.4539999999999999
8614.0,2.927,-0.453
8614.25,2.787,-0.5163
8614.5,2.939,-0.4659999999999999
8614.75,2.945,-0.463
8615.0,3.168,-0.401
8615.25,2.93,-0.4429999999999999
8615.5,2.8800000000000003,-0.482
8615.75,3.07,-0.407
8616.0,2.79,-0.5033000000000001
8616.25,3.065,-0.401
8616.5,2.818,-0.468
8616.75,3.146,-0.2629999999999999
8617.0,2.733,-0.5448
8617.25,3.022,-0.4449999999999999
8617.5,3.148,-0.434
8617.75,2.937,-0.4679999999999999
8618.0,2.819,-0.521
8618.25,2.97,-0.4579999999999999
8618.5,3.031,-0.399
8618.75,2.87,-0.4489999999999999
8619.0,2.985,-0.416
8619.25,2.81,-0.495
8619.5,3.0,-0.439
8619.75,2.8000000000000003,-0.491
8620.0,3.01,-0.409
8620.25,2.8000000000000003,-0.495
8620.5,3.0,-0.43
8620.75,2.78,-0.517
8621.0,3.055,-0.392
8621.25,3.175,-0.355
8621.5,2.939,-0.3329999999999999
8621.75,2.631,-0.435
8622.0,2.811,-0.366
8622.25,2.503,-0.4369999999999999
8622.5,2.6250000000000004,-0.3419999999999999
8622.75,2.428,-0.4309999999999999
8623.0,3.684,0.0899999999999999
8623.25,3.5650000000000004,-0.473
8623.5,4.12,-0.006
8623.75,3.929,-0.5119
8624.0,3.941,-0.0299999999999999
8624.25,3.53,-0.4921
8624.5,4.59,-0.64
8624.75,5.16,-0.8063
8625.0,6.039999999999999,-0.214
8625.25,5.17,-0.7899999999999999
8625.5,6.35,0.0039999999999999
8625.75,4.890000000000001,-0.7736000000000001
8626.0,5.417,-0.535
8626.25,5.420000000000001,-0.4529999999999999
8626.5,5.619999999999999,-0.464
8626.75,5.276,-0.6459999999999999
8627.0,7.209999999999999,0.6795
8627.25,5.66,-0.643
8627.5,6.24,-0.487
8627.75,5.69,-0.6240000000000001
8628.0,6.75,0.283
8628.25,6.17,-0.224
8628.5,5.406000000000001,-0.6996
8628.75,6.03,-0.17
8629.0,4.46,-0.453
8629.25,3.54,-0.5303
8629.5,13.05,3.77
8629.75,16.919999999999998,5.32
8630.0,17.09,5.3100000000000005
8630.25,16.91,5.13
8630.5,16.79,5.220000000000001
8630.75,17.17,5.51
8631.0,16.61,5.05
8631.25,17.049999999999997,5.5600000000000005
8631.5,16.740000000000002,5.36
8631.75,15.990000000000002,4.5600000000000005
8632.0,16.04,4.59
8632.25,15.73,4.42
8632.5,15.85,4.49
8632.75,15.310000000000002,4.24
8633.0,15.170000000000002,4.11
8633.25,9.79,2.017
8633.5,3.84,0.147
8633.75,2.708,-0.276
8634.0,2.685,-0.252
8634.25,2.6300000000000003,-0.273
8634.5,2.776,-0.264
8634.75,2.692,-0.261
8635.0,2.6420000000000003,-0.326
8635.25,2.7,-0.267
8635.5,2.54,-0.35
8635.75,2.888,-0.263
8636.0,2.6630000000000003,-0.393
8636.25,3.012,-0.27
8636.5,2.7670000000000003,-0.346
8636.75,2.628,-0.432
8637.0,2.819,-0.365
8637.25,2.762,-0.4039
8637.5,2.703,-0.433
8637.75,2.861,-0.368
8638.0,2.8840000000000003,-0.346
8638.25,2.695,-0.407
8638.5,3.5860000000000003,-0.09
8638.75,2.826,-0.3139999999999999
8639.0,3.21,-0.225
8639.25,2.847,-0.309
8639.5,2.835,-0.31
8639.75,2.785,-0.369
8640.0,2.553,-0.4488999999999999
8640.25,2.795,-0.38
8640.5,2.623,-0.416
8640.75,2.971,-0.27
8641.0,2.686,-0.393
8641.25,3.048,-0.241
8641.5,2.819,-0.305
8641.75,3.008,-0.328
8642.0,2.68,-0.412
8642.25,3.029,-0.3179999999999999
8642.5,2.791,-0.368
8642.75,3.081,-0.186
8643.0,2.789,-0.392
8643.25,2.9410000000000003,-0.379
8643.5,2.807,-0.37
8643.75,2.926,-0.328
8644.0,2.705,-0.374
8644.25,2.9290000000000003,-0.3419999999999999
8644.5,2.737,-0.4019999999999999
8644.75,2.6490000000000005,-0.4349999999999999
8645.0,2.971,-0.328
8645.25,2.72,-0.4049999999999999
8645.5,2.975,-0.267
8645.75,2.516,-0.4049999999999999
8646.0,2.722,-0.3553
8646.25,2.556,-0.368
8646.5,2.609,-0.354
8646.75,3.0,-0.238
8647.0,2.7460000000000004,-0.323
8647.25,2.739,-0.335
8647.5,2.752,-0.338
8647.75,2.5540000000000003,-0.3989999999999999
8648.0,2.847,-0.307
8648.25,3.039,-0.199
8648.5,2.739,-0.311
8648.75,2.859,-0.308
8649.0,3.145,-0.222
8649.25,2.999,-0.269
8649.5,2.883,-0.317
8649.75,3.077,-0.267
8650.0,3.0600000000000005,-0.255
8650.25,3.131,-0.282
8650.5,3.433,-0.188
8650.75,3.067,-0.264
8651.0,3.4719999999999995,-0.228
8651.25,3.198,-0.256
8651.5,3.43,-0.166
8651.75,3.264,-0.258
8652.0,3.092,-0.311
8652.25,3.2110000000000003,-0.193
8652.5,3.007,-0.174
8652.75,2.915,-0.272
8653.0,2.473,-0.393
8653.25,3.0420000000000003,-0.236
8653.5,2.663,-0.297
8653.75,2.89,-0.188
8654.0,2.974,-0.169
8654.25,2.854,-0.224
8654.5,2.8440000000000003,-0.257
8654.75,2.694,-0.3664
8655.0,2.5969999999999995,-0.353
8655.25,2.699,-0.332
8655.5,2.819,-0.253
8655.75,2.476,-0.364
8656.0,2.609,-0.368
8656.25,2.754,-0.243
8656.5,2.883,-0.231
8656.75,2.739,-0.243
8657.0,2.903,-0.224
8657.25,2.5500000000000003,-0.325
8657.5,2.93,-0.246
8657.75,2.513,-0.37
8658.0,2.889,-0.282
8658.25,2.704,-0.326
8658.5,2.688,-0.345
8658.75,2.891,-0.237
8659.0,2.717,-0.315
8659.25,2.649,-0.317
8659.5,2.686,-0.4014
8659.75,2.771,-0.375
8660.0,2.7670000000000003,-0.3896
8660.25,2.8600000000000003,-0.301
8660.5,2.651,-0.416
8660.75,2.9079999999999995,-0.319
8661.0,2.75,-0.356
8661.25,2.805,-0.264
8661.5,3.091,-0.1189999999999999
8661.75,2.787,-0.311
8662.0,2.889,-0.307
8662.25,2.721,-0.351
8662.5,2.5570000000000004,-0.418
8662.75,2.718,-0.345
8663.0,2.9130000000000003,-0.285
8663.25,2.732,-0.335
8663.5,2.6380000000000003,-0.377
8663.75,2.979,-0.223
8664.0,2.806,-0.254
8664.25,2.749,-0.277
8664.5,2.705,-0.331
8664.75,2.995,-0.277
8665.0,2.77,-0.349
8665.25,2.603,-0.424
8665.5,2.808,-0.324
8665.75,2.588,-0.4497
8666.0,3.102,-0.286
8666.25,2.693,-0.292
8666.5,2.8200000000000003,-0.255
8666.75,2.685,-0.326
8667.0,2.684,-0.353
8667.25,3.036,-0.262
8667.5,2.565,-0.41
8667.75,2.693,-0.3429999999999999
8668.0,2.712,-0.305
8668.25,2.67,-0.361
8668.5,2.927,-0.267
8668.75,2.7840000000000003,-0.292
8669.0,2.679,-0.3360000000000001
8669.25,2.739,-0.306
8669.5,2.47,-0.387
8669.75,2.5880000000000005,-0.365
8670.0,2.886,-0.247
8670.25,2.635,-0.347
8670.5,2.696,-0.275
8670.75,2.983,-0.121
8671.0,2.621,-0.326
8671.25,2.712,-0.266
8671.5,2.9330000000000003,-0.215
8671.75,2.642,-0.322
8672.0,2.623,-0.3828
8672.25,2.783,-0.3429999999999999
8672.5,2.632,-0.3964
8672.75,2.68,-0.345
8673.0,2.8440000000000003,-0.3131
8673.25,2.957,-0.272
8673.5,2.556,-0.4248
8673.75,2.96,-0.271
8674.0,2.962,-0.29
8674.25,2.988,-0.268
8674.5,2.824,-0.3543
8674.75,3.12,-0.27
8675.0,3.006,-0.306
8675.25,3.054,-0.3244
8675.5,3.019,-0.312
8675.75,2.86,-0.3596
8676.0,3.064,-0.292
8676.25,3.056,-0.233
8676.5,3.0,-0.247
8676.75,3.151,-0.2143
8677.0,3.297,-0.176
8677.25,2.9770000000000003,-0.273
8677.5,3.252,-0.237
8677.75,3.25,-0.271
8678.0,2.81,-0.387
8678.25,2.652,-0.379
8678.5,2.882,-0.3504
8678.75,2.99,-0.278
8679.0,2.645,-0.3729
8679.25,3.076,-0.233
8679.5,2.867,-0.298
8679.75,3.138,-0.1389999999999999
8680.0,3.143,-0.228
8680.25,2.909,-0.318
8680.5,2.575,-0.4091
8680.75,2.595,-0.3807
8681.0,2.901,-0.321
8681.25,2.67,-0.3541
8681.5,2.7390000000000003,-0.309
8681.75,2.657,-0.321
8682.0,2.757,-0.309
8682.25,2.634,-0.3
8682.5,2.877,-0.218
8682.75,2.654,-0.283
8683.0,2.959,-0.248
8683.25,2.566,-0.335
8683.5,3.004,-0.174
8683.75,2.704,-0.348
8684.0,2.815,-0.275
8684.25,2.9770000000000003,-0.221
8684.5,2.737,-0.296
8684.75,2.753,-0.3379999999999999
8685.0,2.8999999999999995,-0.266
8685.25,2.585,-0.39
8685.5,2.947,-0.276
8685.75,3.0860000000000003,-0.323
8686.0,2.8290000000000006,-0.382
8686.25,2.891,-0.365
8686.5,2.932,-0.299
8686.75,3.25,-0.218
8687.0,2.83,-0.366
8687.25,2.907,-0.371
8687.5,2.728,-0.427
8687.75,2.829,-0.425
8688.0,2.9970000000000003,-0.3683
8688.25,2.886,-0.38
8688.5,2.8390000000000004,-0.385
8688.75,2.85,-0.3419999999999999
8689.0,3.053,-0.192
8689.25,2.890000000000001,-0.329
8689.5,3.238,-0.219
8689.75,2.81,-0.402
8690.0,2.861,-0.385
8690.25,2.7990000000000004,-0.416
8690.5,2.870000000000001,-0.358
8690.75,2.7590000000000003,-0.416
8691.0,3.019,-0.326
8691.25,3.1590000000000003,-0.306
8691.5,2.909,-0.348
8691.75,2.841,-0.372
8692.0,2.967,-0.304
8692.25,2.8440000000000003,-0.372
8692.5,2.9200000000000004,-0.345
8692.75,2.7590000000000003,-0.52
8693.0,2.886,-0.36
8693.25,2.9610000000000003,-0.3339999999999999
8693.5,3.006,-0.36
8693.75,2.746,-0.37
8694.0,2.778,-0.35
8694.25,2.8200000000000003,-0.317
8694.5,2.736,-0.373
8694.75,2.878,-0.379
8695.0,4.491,0.2597
8695.25,4.255,-0.173
8695.5,3.75,-0.5224
8695.75,3.524,-0.5885
8696.0,6.41,-1.034
8696.25,8.42,-1.291
8696.5,8.83,-0.8532
8696.75,17.08,2.524
8697.0,21.06,4.050000000000001
8697.25,20.62,3.893
8697.5,19.58,3.332
8697.75,19.92,3.529
8698.0,19.59,3.46
8698.25,19.2,2.805
8698.5,20.0,3.2940000000000005
8698.75,20.85,2.806
8699.0,18.91,2.175
8699.25,19.770000000000003,3.553
8699.5,18.1,2.8080000000000003
8699.75,17.96,2.574
8700.0,20.22,3.184
8700.25,20.17,3.477
8700.5,22.76,5.23
8700.75,24.67,4.74
8701.0,22.45,3.81
8701.25,22.69,4.68
8701.5,20.83,4.41
8701.75,20.75,4.83
8702.0,17.28,4.9
8702.25,17.869999999999997,5.199999999999999
8702.5,18.31,5.53
8702.75,18.59,5.619999999999999
8703.0,18.53,5.04
8703.25,18.3,5.0
8703.5,17.71,4.46
8703.75,17.46,4.44
8704.0,16.17,3.646
8704.25,16.46,3.99
8704.5,15.89,3.83
8704.75,15.61,4.06
8705.0,6.85,0.2773
8705.25,4.444,-0.413
8705.5,3.975,-0.6408699999999999
8705.75,4.325,-0.5104
8706.0,4.44,-0.4928999999999999
8706.25,4.137,-0.5517000000000001
8706.5,4.589,0.5379999999999999
8706.75,3.667,-0.294
8707.0,3.267,-0.417
8707.25,3.533,-0.3419999999999999
8707.5,3.093,-0.4937
8707.75,3.665,-0.3823999999999999
8708.0,3.191,-0.529
8708.25,3.632,-0.405
8708.5,3.312,-0.488
8708.75,3.617,-0.406
8709.0,3.181,-0.5354
8709.25,3.698,-0.337
8709.5,3.247,-0.4889
8709.75,3.705,-0.321
8710.0,3.199,-0.504
8710.25,3.593,-0.36
8710.5,3.289,-0.4569999999999999
8710.75,3.11,-0.5152
8711.0,3.683,-0.328
8711.25,3.263,-0.436
8711.5,3.337,-0.43
8711.75,3.607,-0.284
8712.0,3.2700000000000005,-0.445
8712.25,3.397,-0.407
8712.5,3.466,-0.431
8712.75,3.36,-0.426
8713.0,3.1,-0.54
8713.25,3.376,-0.4239999999999999
8713.5,3.42,-0.408
8713.75,3.262,-0.4649999999999999
8714.0,3.202,-0.473
8714.25,3.598,-0.305
8714.5,3.39,-0.383
8714.75,3.29,-0.415
8715.0,3.355,-0.435
8715.25,3.441,-0.306
8715.5,3.575,-0.361
8715.75,3.242,-0.474
8716.0,3.329,-0.433
8716.25,3.199,-0.506
8716.5,3.13,-0.5471
8716.75,3.2960000000000003,-0.4249999999999999
8717.0,3.706,-0.255
8717.25,3.2700000000000005,-0.398
8717.5,3.086,-0.365
8717.75,3.143,-0.353
8718.0,3.031,-0.389
8718.25,3.07,-0.388
8718.5,3.894,0.4049999999999999
8718.75,3.841,-0.312
8719.0,4.1000000000000005,-0.12
8719.25,3.864,-0.5423
8719.5,4.38,-0.085
8719.75,3.847,-0.5570999999999999
8720.0,4.26,-0.411
8720.25,8.09,-1.119655
8720.5,9.27,-1.2040000000000002
8720.75,9.670000000000002,-0.9034
8721.0,9.8,-0.8284
8721.25,9.58,-1.303
8721.5,9.89,-0.706
8721.75,9.91,-1.038
8722.0,10.28,-0.4411
8722.25,9.81,-1.5
8722.5,10.9,-0.5678
8722.75,10.54,-0.8360000000000001
8723.0,11.69,-0.4513999999999999
8723.25,11.87,-1.44
8723.5,12.68,-0.99
8723.75,11.09,-1.5500000000000005
8724.0,9.83,-0.4679999999999999
8724.25,9.93,-0.8418
8724.5,9.41,-0.6928000000000001
8724.75,8.89,-1.19
8725.0,9.0,-1.22
8725.25,9.31,-1.29
8725.5,10.02,-0.8500000000000001
8725.75,9.989999999999998,-0.99
8726.0,7.93,-1.09
8726.25,5.87,-0.87
8726.5,5.69,-0.96
8726.75,6.050000000000001,-0.8200000000000001
8727.0,5.73,0.1787
8727.25,4.93,-0.236
8727.5,4.95,-0.497
8727.75,4.17,-0.75
8728.0,4.84,-0.5509999999999999
8728.25,4.07,-0.69
8728.5,6.43,0.72
8728.75,6.91,1.0
8729.0,5.050000000000001,-0.418
8729.25,4.27,-0.501
8729.5,4.16,-0.3279999999999999
8729.75,4.14,-0.51
8730.0,4.0,-0.549
8730.25,4.24,-0.1753
8730.5,3.005,-0.46043
8730.75,2.926,-0.522
8731.0,2.874,-0.526
8731.25,3.029,-0.452
8731.5,3.25,-0.407
8731.75,2.73,-0.56
8732.0,3.075,-0.492
8732.25,3.154,-0.502
8732.5,3.31,-0.4599999999999999
8732.75,2.958,-0.581
8733.0,3.298,-0.517
8733.25,3.173,-0.5660000000000001
8733.5,2.986,-0.5589999999999999
8733.75,3.1620000000000004,-0.544
8734.0,3.136,-0.5680000000000001
8734.25,2.809,-0.617
8734.5,3.022,-0.536
8734.75,3.066,-0.54
8735.0,2.981,-0.521
8735.25,3.076,-0.525
8735.5,2.8800000000000003,-0.5900000000000001
8735.75,3.032,-0.563
8736.0,3.131,-0.512
8736.25,2.941,-0.546
8736.5,3.141,-0.504
8736.75,2.997,-0.524
8737.0,3.212,-0.3348
8737.25,3.06,-0.4336
8737.5,3.1690000000000005,-0.4624
8737.75,2.771,-0.6140000000000001
8738.0,3.241,-0.449
8738.25,2.765,-0.63
8738.5,3.207,-0.4649999999999999
8738.75,2.871,-0.5800000000000001
8739.0,3.112,-0.51
8739.25,2.884,-0.565
8739.5,2.939,-0.54
8739.75,3.247,-0.433
8740.0,2.707,-0.63
8740.25,3.2550000000000003,-0.4208
8740.5,2.6700000000000004,-0.6799999999999999
8740.75,3.1940000000000004,-0.5
8741.0,2.803,-0.641
8741.25,2.94,-0.543
8741.5,2.81,-0.501
8741.75,2.75,-0.4729
8742.0,2.72,-0.4845
8742.25,2.829,-0.4629999999999999
8742.5,2.901,-0.3929999999999999
8742.75,3.0,-0.42
8743.0,2.961,-0.59
8743.25,4.064,-0.669
8743.5,3.69,-0.62
8743.75,4.12,-0.774
8744.0,4.68,-0.89
8744.25,8.45,-1.4
8744.5,10.11,-1.28
8744.75,10.4,-1.232
8745.0,11.19,-1.4
8745.25,11.29,-0.96
8745.5,10.62,-1.41
8745.75,10.22,-1.5300000000000002
8746.0,11.59,-0.3087
8746.25,11.09,-1.48
8746.5,12.57,-1.84
8746.75,12.23,-1.4300000000000002
8747.0,12.04,-1.57
8747.25,12.53,-1.55
8747.5,12.27,-1.54
8747.75,11.62,-1.7000000000000002
8748.0,11.52,-1.69
8748.25,10.74,-0.3806
8748.5,9.85,-1.49
8748.75,6.59,-1.18
8749.0,3.67,-0.31591
8749.25,3.2410000000000005,-0.456
8749.5,3.24,-0.402
8749.75,3.5500000000000003,-0.3389999999999999
8750.0,3.003,-0.484
8750.25,3.58,-0.362
8750.5,3.164,-0.528
8750.75,3.54,-0.3974999999999999
8751.0,3.378,-0.389
8751.25,3.179,-0.49
8751.5,2.99,-0.494
8751.75,3.112,-0.479
8752.0,3.019,-0.463
8752.25,2.946,-0.483
8752.5,2.97,-0.493
8752.75,3.14,-0.4559999999999999
8753.0,3.005,-0.479
8753.25,3.2,-0.433
8753.5,3.17,-0.4325
8753.75,3.22,-0.289
8754.0,3.337,-0.355
8754.25,3.137,-0.432
8754.5,3.109,-0.425
8754.75,3.1699999999999995,-0.419
8755.0,3.081,-0.472
8755.25,3.184,-0.416
8755.5,2.6100000000000003,-0.587
8755.75,3.129,-0.444
8756.0,3.202,-0.583
8756.25,2.85,-0.64
8756.5,3.308,-0.5
8756.75,2.918,-0.62
8757.0,3.1210000000000004,-0.536
8757.25,3.131,-0.54
8757.5,3.09,-0.4965
8757.75,3.163,-0.549
8758.0,3.1009999999999995,-0.53808
8758.25,3.355,-0.4679999999999999
8758.5,2.808,-0.6599999999999999
8758.75,3.3080000000000003,-0.488
8759.0,3.108,-0.542
8759.25,2.77,-0.626
8759.5,3.474,-0.3886
8759.75,2.81,-0.62
