0,0.0692226,0.021033
0.25,0.06653664,0.01788264
0.5,0.06362064,0.01656504
0.75,0.0646974,0.0190836
1,0.06443388,0.01764612
1.25,0.0647622,0.01579392
1.5,0.06630984,0.01529388
1.75,0.070632,0.01766124
2,0.07079184,0.0192996
2.25,0.07372944,0.02059776
2.5,0.07020324,0.019251
2.75,0.07274448,0.018063
3,0.06866208,0.02153304
3.25,0.0694926,0.02329452
3.5,0.06635736,0.02154924
3.75,0.0678726,0.02123388
4,0.06175656,0.01891836
4.25,0.06857352,0.02555388
4.5,0.05978232,0.02139912
4.75,0.06114852,0.01899504
5,0.05964624,0.0125982
5.25,0.06104268,0.00773496
5.5,0.06110748,0.0099252
5.75,0.04938408,0.01253556
6,0.04837104,0.01240704
6.25,0.04930308,0.01171584
6.5,0.0516618,0.01308852
6.75,0.04982256,0.01369872
7,0.04970268,0.01199448
7.25,0.04873068,0.01169964
7.5,0.05035392,0.01268568
7.75,0.05293188,0.01396116
8,0.02787912,0.01136376
8.25,0.02659932,0.01113264
8.5,0.0281988,0.01038096
8.75,0.03440664,0.01248696
9,0.05060016,0.02220804
9.25,0.05188752,0.02000916
9.5,0.05717196,0.0222858
9.75,0.05520636,0.01886436
10,0.05063364,0.01369764
10.25,0.05297724,0.018765
10.5,0.03609468,0.0188892
10.75,0.03599316,0.01802952
11,0.04778784,0.01433052
11.25,0.04562352,0.01454652
11.5,0.0539406,0.01489644
11.75,0.05928228,0.01737612
12,0.05417928,0.01619676
12.25,0.05539536,0.0143478
12.5,0.05790528,0.01560384
12.75,0.05552928,0.01676268
13,0.04585248,0.01261764
13.25,0.04239,0.01334124
13.5,0.04713336,0.01205604
13.75,0.05679396,0.01708452
14,0.0580392,0.01337904
14.25,0.06588432,0.01858572
14.5,0.06534,0.01667844
14.75,0.06561108,0.0150066
15,0.05378508,0.0125928
15.25,0.05561352,0.00924912
15.5,0.0389016,0.00812916
15.75,0.04176036,0.0105678
16,0.04576284,0.01560708
16.25,0.04930416,0.01408428
16.5,0.0528876,0.01793016
16.75,0.05244804,0.01274724
17,0.05765364,0.01449144
17.25,0.06151356,0.01557252
17.5,0.06500628,0.01231956
17.75,0.05964084,0.00887112
18,0.05864724,0.00796284
18.25,0.0575964,0.00761292
18.5,0.05107752,0.00714528
18.75,0.05466744,0.00704376
19,0.05351832,0.00628668
19.25,0.05407668,0.00539244
19.5,0.05734368,0.00594756
19.75,0.06706584,0.00952884
20,0.0741204,0.0082782
20.25,0.07439472,0.00809352
20.5,0.07814988,0.00782352
20.75,0.07816176,0.00739692
21,0.08495712,0.01507896
21.25,0.07874388,0.01111752
21.5,0.07967916,0.01448712
21.75,0.08351964,0.02234088
22,0.06984036,0.01552824
22.25,0.0729864,0.01599696
22.5,0.0691092,0.01488564
22.75,0.06783048,0.01383912
23,0.07018596,0.01632312
23.25,0.08043516,0.02418552
23.5,0.07845984,0.020385
23.75,0.07831836,0.01804572
24,0.07224444,0.02211408
24.25,0.07627932,0.02326104
24.5,0.06630228,0.0209196
24.75,0.0675054,0.01902204
25,0.06453324,0.01242
25.25,0.07176492,0.01843776
25.5,0.07844688,0.02300184
25.75,0.07510212,0.02025972
26,0.06878952,0.01463832
26.25,0.078948,0.0253746
26.5,0.07432128,0.01764936
26.75,0.07782696,0.0217134
27,0.07222716,0.01840104
27.25,0.06856272,0.01545696
27.5,0.06275772,0.01094796
27.75,0.06465312,0.01471176
28,0.0600264,0.0141426
28.25,0.06803028,0.01565568
28.5,0.06541776,0.01906092
28.75,0.06650424,0.01731456
29,0.06302448,0.01611576
29.25,0.06412608,0.01711368
29.5,0.0614034,0.01457892
29.75,0.05501088,0.0167778
30,0.05434668,0.013905
30.25,0.054567,0.01322136
30.5,0.05663736,0.01345032
30.75,0.06127272,0.01382616
31,0.06397056,0.0125388
31.25,0.08018568,0.01378296
31.5,0.12975444,0.0160758
31.75,0.13266396,0.02054592
32,0.15064812,0.01384128
32.25,0.13861692,0.01117152
32.5,0.16988724,0.01156572
32.75,0.189081,0.01226016
33,0.20173104,0.02435724
33.25,0.23814648,0.02453328
33.5,0.27064044,0.01743444
33.75,0.18073584,0.01633932
34,0.24786432,0.01417824
34.25,0.2296296,0.0072252
34.5,0.24607152,0.01289628
34.75,0.2089314,0.00890784
35,0.25514244,0.01760616
35.25,0.27683208,0.02395008
35.5,0.23129496,0.02477196
35.75,0.25289712,0.04656744
36,0.23098284,0.02735424
36.25,0.2097198,0.02875932
36.5,0.2234358,0.02413044
36.75,0.22052304,0.02765448
37,0.15334056,0.01542672
37.25,0.17337996,0.0245268
37.5,0.16109064,0.0191052
37.75,0.17592336,0.02278044
38,0.16063704,0.02090988
38.25,0.14793192,0.01958796
38.5,0.1311012,0.01502064
38.75,0.1736154,0.02076948
39,0.12045672,0.0121824
39.25,0.11971908,0.00829116
39.5,0.10149408,0.00837
39.75,0.10348236,0.00853848
40,0.10202652,0.00727056
40.25,0.10422324,0.0099252
40.5,0.1075032,0.00932364
40.75,0.12001824,0.00732996
41,0.10833048,0.009936
41.25,0.10504512,0.00944244
41.5,0.09891504,0.00637632
41.75,0.0904554,0.00897372
42,0.0941976,0.00902664
42.25,0.09189612,0.00861084
42.5,0.08295264,0.00753084
42.75,0.07117092,0.00668628
43,0.07595532,0.00821772
43.25,0.06863076,0.00726516
43.5,0.0729594,0.00855144
43.75,0.07965432,0.01273644
44,0.08859024,0.0108378
44.25,0.08910324,0.00809028
44.5,0.08734824,0.00815616
44.75,0.08927712,0.00784188
45,0.08843364,0.00907416
45.25,0.08601876,0.01125252
45.5,0.09705204,0.02294136
45.75,0.09113904,0.022221
46,0.0896184,0.01907928
46.25,0.0849744,0.0162756
46.5,0.07707096,0.01316952
46.75,0.08940672,0.02100708
47,0.08029152,0.01796472
47.25,0.0785592,0.0163566
47.5,0.0852336,0.0197208
47.75,0.0895968,0.02223828
48,0.07853544,0.01365984
48.25,0.0732888,0.01391904
48.5,0.08041896,0.01910844
48.75,0.07923312,0.0181764
49,0.08090604,0.02290464
49.25,0.07234812,0.01790316
49.5,0.07579224,0.01877148
49.75,0.0811188,0.02194992
50,0.08073972,0.01952208
50.25,0.08169012,0.02216268
50.5,0.07281036,0.01850472
50.75,0.0773172,0.01948536
51,0.070983,0.01318572
51.25,0.08135208,0.01541592
51.5,0.07498332,0.01203012
51.75,0.07541208,0.01411128
52,0.07269156,0.01324404
52.25,0.0754488,0.0152388
52.5,0.07245072,0.01811808
52.75,0.0665604,0.0147852
53,0.06284628,0.01216512
53.25,0.0748602,0.01709748
53.5,0.0699894,0.01629396
53.75,0.06580656,0.01967004
54,0.06485724,0.02380536
54.25,0.06553008,0.02222532
54.5,0.06145848,0.01435968
54.75,0.06473844,0.01736532
55,0.07567452,0.01425816
55.25,0.08121168,0.01648944
55.5,0.12484908,0.01648836
55.75,0.15969528,0.01630044
56,0.14988348,0.02047248
56.25,0.16563096,0.02559924
56.5,0.15644448,0.0136404
56.75,0.19460304,0.0177876
57,0.23817672,0.02132028
57.25,0.22415508,0.02060316
57.5,0.24577776,0.02919456
57.75,0.25306236,0.0269298
58,0.25739748,0.02608956
58.25,0.26100036,0.038529
58.5,0.26808408,0.03620376
58.75,0.23099256,0.03540348
59,0.23957208,0.04116312
59.25,0.23865624,0.06714468
59.5,0.27371736,0.04922316
59.75,0.25133976,0.02856924
60,0.23246028,0.02593512
60.25,0.24706188,0.04435128
60.5,0.19525752,0.0288468
60.75,0.22971276,0.0225126
61,0.17303544,0.02962008
61.25,0.17472996,0.03267864
61.5,0.14292828,0.02078784
61.75,0.132921,0.01683072
62,0.09677664,0.0240192
62.25,0.12984948,0.0200286
62.5,0.1216242,0.01796148
62.75,0.1184922,0.01508112
63,0.11793384,0.01493208
63.25,0.11447892,0.01175256
63.5,0.0932742,0.0137322
63.75,0.0888246,0.01334016
64,0.10142928,0.01292004
64.25,0.09887508,0.01201716
64.5,0.09540828,0.01545588
64.75,0.0966492,0.01692468
65,0.09153216,0.01620108
65.25,0.09139824,0.01359936
65.5,0.08489772,0.00929772
65.75,0.08315136,0.01166292
66,0.07698024,0.01105704
66.25,0.07414524,0.00855792
66.5,0.07157376,0.0088506
66.75,0.06878412,0.00635796
67,0.06830136,0.00730404
67.25,0.06775164,0.00606852
67.5,0.06892236,0.0100818
67.75,0.07448436,0.009909
68,0.08236188,0.00994788
68.25,0.0837,0.00841428
68.5,0.08551548,0.00994356
68.75,0.09008604,0.0124632
69,0.08909568,0.01180008
69.25,0.08818524,0.01083348
69.5,0.08528112,0.01234764
69.75,0.08662356,0.01208736
70,0.08334684,0.01234656
70.25,0.07978824,0.0130356
70.5,0.07525116,0.01397736
70.75,0.07077348,0.01027728
71,0.08016732,0.01694196
71.25,0.07791444,0.01654992
71.5,0.08045676,0.01604016
71.75,0.08277228,0.01744416
72,0.06395112,0.01309068
72.25,0.0746172,0.01720656
72.5,0.07041816,0.01710828
72.75,0.07343784,0.01728864
73,0.06888564,0.0201582
73.25,0.06860052,0.01566972
73.5,0.07818444,0.020628
73.75,0.07207056,0.01692144
74,0.07494336,0.022329
74.25,0.07145496,0.01972836
74.5,0.07869528,0.02201472
74.75,0.081972,0.0207576
75,0.07598448,0.02151684
75.25,0.0738936,0.0203418
75.5,0.07387308,0.02533464
75.75,0.06992784,0.02288736
76,0.07211592,0.02508948
76.25,0.07249824,0.02281284
76.5,0.06826248,0.0251154
76.75,0.06801408,0.02638872
77,0.06734124,0.0238626
77.25,0.06204708,0.02215404
77.5,0.0597726,0.01284012
77.75,0.05666112,0.01888056
78,0.05656932,0.0196992
78.25,0.0518076,0.01250316
78.5,0.0524448,0.01638036
78.75,0.05271588,0.01209708
79,0.06161508,0.0146286
79.25,0.05878332,0.01322784
79.5,0.0598104,0.0124146
79.75,0.06456996,0.01451736
80,0.04170312,0.01123632
80.25,0.04794444,0.01328616
80.5,0.0523368,0.01359828
80.75,0.05350752,0.01058832
81,0.0668898,0.01961064
81.25,0.0629046,0.01524744
81.5,0.06627528,0.01404864
81.75,0.07476732,0.01956852
82,0.07717248,0.01954692
82.25,0.0705456,0.01767096
82.5,0.04913676,0.01274508
82.75,0.0489834,0.0160542
83,0.05522256,0.0159624
83.25,0.05514912,0.01534464
83.5,0.07018164,0.01819044
83.75,0.07005744,0.02053404
84,0.06858108,0.0204282
84.25,0.0664956,0.01912788
84.5,0.069903,0.02020572
84.75,0.06026292,0.01896588
85,0.0471366,0.0164376
85.25,0.0506412,0.01558224
85.5,0.06904872,0.02582388
85.75,0.06938244,0.024219
86,0.05952096,0.0163404
86.25,0.06548148,0.015363
86.5,0.06727752,0.0139698
86.75,0.0604098,0.01420092
87,0.06216696,0.0123228
87.25,0.06537564,0.01509084
87.5,0.05628204,0.013797
87.75,0.04937328,0.01074168
88,0.05020056,0.01073088
88.25,0.05793336,0.01162404
88.5,0.05583816,0.01148472
88.75,0.05814828,0.00906984
89,0.05827896,0.00827064
89.25,0.05780268,0.00853308
89.5,0.062289,0.0072252
89.75,0.06400944,0.00938844
90,0.05704344,0.00524556
90.25,0.06125868,0.00752652
90.5,0.05991732,0.01052784
90.75,0.05045112,0.00570348
91,0.05308308,0.00868212
91.25,0.057942,0.00913032
91.5,0.05768064,0.01013364
91.75,0.05994216,0.01142748
92,0.07301232,0.01473228
92.25,0.07643592,0.01435968
92.5,0.07591104,0.01616328
92.75,0.07783884,0.0182736
93,0.08357688,0.02104056
93.25,0.07684308,0.0187218
93.5,0.0741312,0.018306
93.75,0.07159212,0.01853064
94,0.0742662,0.0197694
94.25,0.07381584,0.01651428
94.5,0.07129512,0.0191106
94.75,0.06844824,0.01501956
95,0.06926364,0.01725084
95.25,0.07436556,0.0224424
95.5,0.08165988,0.02823984
95.75,0.0778356,0.024138
96,0.07045704,0.01806624
96.25,0.078489,0.02392308
96.5,0.06665976,0.01817424
96.75,0.07113312,0.01978992
97,0.06353424,0.01940004
97.25,0.071739,0.02460132
97.5,0.0746064,0.02404512
97.75,0.07571664,0.021708
98,0.0765072,0.01975968
98.25,0.06915672,0.01964844
98.5,0.07781616,0.02651724
98.75,0.07568316,0.0218322
99,0.06491016,0.01921212
99.25,0.06682176,0.02175228
99.5,0.07333308,0.02734776
99.75,0.06660684,0.02195748
100,0.06872472,0.02402028
100.25,0.067905,0.02493288
100.5,0.07065036,0.03056616
100.75,0.06162372,0.02100492
101,0.06861672,0.03099276
101.25,0.0650916,0.0228852
101.5,0.06067008,0.01956852
101.75,0.05438664,0.01524312
102,0.06023916,0.02126412
102.25,0.05310792,0.01698948
102.5,0.0571158,0.01590084
102.75,0.0518832,0.0184518
103,0.05344164,0.01594296
103.25,0.0544212,0.01290384
103.5,0.05731668,0.02085588
103.75,0.05778108,0.0225396
104,0.03765528,0.01624428
104.25,0.03648348,0.01597536
104.5,0.04506732,0.0187704
104.75,0.04798764,0.01564704
105,0.05384124,0.0251856
105.25,0.05291784,0.01742688
105.5,0.06397164,0.01937844
105.75,0.06806268,0.0188028
106,0.05745816,0.01903068
106.25,0.057861,0.01817964
106.5,0.04544208,0.01991304
106.75,0.0416394,0.01825524
107,0.04617432,0.01623348
107.25,0.06171012,0.02309688
107.5,0.06723864,0.02393172
107.75,0.07063416,0.02006856
108,0.07435044,0.02594916
108.25,0.06325776,0.0196722
108.5,0.06589512,0.02062476
108.75,0.06405912,0.02204064
109,0.04329504,0.01789884
109.25,0.04675104,0.018036
109.5,0.05218776,0.01700028
109.75,0.06081372,0.02317356
110,0.06748596,0.02024244
110.25,0.062883,0.02337444
110.5,0.06992352,0.01632852
110.75,0.06293916,0.01360368
111,0.05706936,0.01363176
111.25,0.06342948,0.01717956
111.5,0.05267808,0.01578096
111.75,0.05359068,0.0159192
112,0.05508972,0.01846584
112.25,0.06183756,0.0161784
112.5,0.0560304,0.01208952
112.75,0.05897556,0.01387152
113,0.05675508,0.01020708
113.25,0.06738768,0.01266408
113.5,0.0644976,0.01235088
113.75,0.071415,0.01318032
114,0.06629796,0.00965088
114.25,0.05670324,0.00740556
114.5,0.0527796,0.00567864
114.75,0.04819932,0.0049248
115,0.05318784,0.0076464
115.25,0.05165964,0.0053784
115.5,0.05556924,0.007398
115.75,0.058428,0.00854496
116,0.06955848,0.00827388
116.25,0.07859268,0.00842616
116.5,0.08259948,0.00882252
116.75,0.07807644,0.00889596
117,0.08454564,0.01233468
117.25,0.09137988,0.01401192
117.5,0.08959464,0.0140238
117.75,0.0776304,0.008667
118,0.07212132,0.00892296
118.25,0.077841,0.00904284
118.5,0.0702918,0.00647892
118.75,0.07975152,0.01164996
119,0.0679266,0.00888192
119.25,0.07768116,0.01392228
119.5,0.07937892,0.01665144
119.75,0.07212024,0.01320408
120,0.07340868,0.0135432
120.25,0.07342056,0.01649052
120.5,0.06863724,0.0147312
120.75,0.06750324,0.01492452
121,0.07257924,0.01457136
121.25,0.0669222,0.01416096
121.5,0.07323588,0.01892592
121.75,0.0669924,0.01444716
122,0.07914888,0.01936548
122.25,0.07425,0.02163672
122.5,0.0760212,0.02128896
122.75,0.06839964,0.01546452
123,0.07379424,0.02241
123.25,0.06464988,0.01458756
123.5,0.06710796,0.01150956
123.75,0.07176492,0.0117558
124,0.06313356,0.01082916
124.25,0.06254496,0.01084968
124.5,0.0694548,0.01365336
124.75,0.06507432,0.01271808
125,0.06253092,0.01031724
125.25,0.06155352,0.01091988
125.5,0.06389064,0.01048464
125.75,0.052893,0.01160352
126,0.05255388,0.0092178
126.25,0.05563404,0.00958716
126.5,0.05900904,0.00860112
126.75,0.05718276,0.00837216
127,0.0822636,0.0082458
127.25,0.0988362,0.00976104
127.5,0.12773376,0.01590408
127.75,0.14675688,0.0177876
128,0.15022368,0.0155952
128.25,0.16544628,0.02231388
128.5,0.16001928,0.01618056
128.75,0.20848212,0.006993
129,0.2053512,0.02295108
129.25,0.1384992,0.02962332
129.5,0.236439,0.03299616
129.75,0.22755924,0.0184302
130,0.25256232,0.02573316
130.25,0.21120696,0.02618568
130.5,0.2038716,0.01958256
130.75,0.1936818,0.02295108
131,0.15672744,0.02402676
131.25,0.18735516,0.0277614
131.5,0.17167788,0.01998864
131.75,0.23853204,0.03301884
132,0.2218914,0.02967516
132.25,0.21477096,0.0324216
132.5,0.1863918,0.0250182
132.75,0.20578104,0.02288088
133,0.17240904,0.01216512
133.25,0.1833678,0.016983
133.5,0.17652384,0.01288872
133.75,0.18168084,0.01715148
134,0.16795944,0.01746144
134.25,0.15748236,0.01792044
134.5,0.14389704,0.01779192
134.75,0.14590908,0.01274184
135,0.14766084,0.01218456
135.25,0.14323932,0.0122796
135.5,0.15111576,0.01555632
135.75,0.14235048,0.01492452
136,0.13260132,0.01518372
136.25,0.12641184,0.01530144
136.5,0.1151496,0.01438128
136.75,0.11538828,0.0169398
137,0.117963,0.01505088
137.25,0.1063908,0.01110996
137.5,0.1082592,0.01023084
137.75,0.10457208,0.01065528
138,0.097794,0.0093744
138.25,0.08121708,0.00901476
138.5,0.07140744,0.00583092
138.75,0.06788556,0.0061344
139,0.06788664,0.00684288
139.25,0.06459804,0.00683964
139.5,0.06979068,0.00723708
139.75,0.07730424,0.00846828
140,0.09018756,0.01201392
140.25,0.087966,0.00828684
140.5,0.08456508,0.00806544
140.75,0.08404884,0.00824904
141,0.08314164,0.00925776
141.25,0.08882568,0.01080972
141.5,0.08378964,0.0121014
141.75,0.08041356,0.01013796
142,0.08367732,0.0156384
142.25,0.08129376,0.01172664
142.5,0.07615836,0.01158948
142.75,0.0717606,0.0100386
143,0.07868124,0.01531656
143.25,0.07081452,0.01375488
143.5,0.07772652,0.01595376
143.75,0.08039088,0.0177768
144,0.07211484,0.01302912
144.25,0.07361496,0.01248696
144.5,0.06823872,0.01182168
144.75,0.06353208,0.01128384
145,0.07451352,0.01581012
145.25,0.06730344,0.01552176
145.5,0.076788,0.01901772
145.75,0.07128648,0.01707588
146,0.08348832,0.02511972
146.25,0.0770094,0.02278476
146.5,0.07312788,0.01971972
146.75,0.07778268,0.02496636
147,0.06636708,0.0191052
147.25,0.06665112,0.01860192
147.5,0.07178004,0.01728324
147.75,0.0703674,0.01785888
148,0.06711012,0.01732428
148.25,0.07219692,0.02308716
148.5,0.06316812,0.01745064
148.75,0.05800788,0.01830384
149,0.06448572,0.01585548
149.25,0.06299532,0.0139968
149.5,0.0588168,0.01489104
149.75,0.05571072,0.01945296
150,0.05028264,0.01453572
150.25,0.05649264,0.0178254
150.5,0.0552582,0.01220076
150.75,0.05925096,0.01262844
151,0.05777676,0.01073628
151.25,0.08720244,0.012528
151.5,0.11780532,0.02159568
151.75,0.127251,0.01932336
152,0.12213612,0.01236168
152.25,0.1502766,0.01622808
152.5,0.14481612,0.01427544
152.75,0.16695936,0.01901988
153,0.20465892,0.02648592
153.25,0.17842032,0.02516832
153.5,0.19787868,0.02665224
153.75,0.23655672,0.03554712
154,0.24669036,0.0383292
154.25,0.23181336,0.02661012
154.5,0.20422368,0.02573316
154.75,0.19599084,0.0238464
155,0.20657592,0.03753
155.25,0.17614044,0.03067416
155.5,0.20720232,0.03125628
155.75,0.2555766,0.02756484
156,0.2204442,0.02604204
156.25,0.1612278,0.027378
156.5,0.21453012,0.0307368
156.75,0.21060756,0.03241944
157,0.1797174,0.0323136
157.25,0.1286658,0.01458
157.5,0.16676604,0.01528092
157.75,0.14132664,0.0137322
158,0.14174028,0.01659852
158.25,0.14916852,0.01290384
158.5,0.15317964,0.01617732
158.75,0.1311228,0.01270296
159,0.13118112,0.00824904
159.25,0.13205484,0.00824256
159.5,0.11765952,0.01273104
159.75,0.118017,0.00905148
160,0.11290752,0.00737856
160.25,0.1169694,0.00780192
160.5,0.1071954,0.00848664
160.75,0.11161152,0.00760104
161,0.09713196,0.00469044
161.25,0.1030968,0.00585144
161.5,0.10495116,0.00749304
161.75,0.09350748,0.00795744
162,0.09302364,0.00767016
162.25,0.07687656,0.00757512
162.5,0.0708912,0.00548856
162.75,0.06817068,0.00698868
163,0.070011,0.0067068
163.25,0.0660366,0.00736452
163.5,0.06981444,0.00656532
163.75,0.07547148,0.0083214
164,0.08532864,0.0083808
164.25,0.08614188,0.00792612
164.5,0.08116092,0.00703188
164.75,0.09087228,0.01011744
165,0.08438148,0.00837432
165.25,0.08184564,0.00875664
165.5,0.09112284,0.01487052
165.75,0.092772,0.01884816
166,0.08119656,0.0111348
166.25,0.07726104,0.01195776
166.5,0.0743256,0.01234656
166.75,0.07205868,0.01254852
167,0.07783236,0.01872828
167.25,0.0759942,0.01783836
167.5,0.08196876,0.02457432
167.75,0.07748136,0.02054484
168,0.07509348,0.02213244
168.25,0.07088796,0.01754352
168.5,0.06890508,0.0195642
168.75,0.06647724,0.0164052
169,0.06987384,0.01743876
169.25,0.06893748,0.02083644
169.5,0.07612056,0.02052
169.75,0.0675324,0.01831788
170,0.07062984,0.02117232
170.25,0.06888456,0.02129976
170.5,0.07219908,0.02207304
170.75,0.07738416,0.02808864
171,0.0769446,0.03385476
171.25,0.07138044,0.025083
171.5,0.0683424,0.02268864
171.75,0.07570044,0.03205224
172,0.06548904,0.02158704
172.25,0.06999696,0.02480652
172.5,0.06531408,0.02414772
172.75,0.06152652,0.02307204
173,0.06295644,0.02408076
173.25,0.06858108,0.02260656
173.5,0.05970132,0.01944756
173.75,0.06097896,0.02893104
174,0.0580014,0.015741
174.25,0.05600124,0.01761372
174.5,0.05587056,0.01266624
174.75,0.05239188,0.013932
175,0.05548608,0.0127926
175.25,0.05099436,0.01203444
175.5,0.08553708,0.01235088
175.75,0.0843642,0.01544832
176,0.10715868,0.011907
176.25,0.10968372,0.00980532
176.5,0.13510476,0.0080568
176.75,0.13672044,0.00722952
177,0.14092272,0.01048788
177.25,0.18383328,0.02556252
177.5,0.19244952,0.02558952
177.75,0.18949032,0.01617408
178,0.2310228,0.0239436
178.25,0.23111676,0.02562948
178.5,0.1479438,0.01663524
178.75,0.19986696,0.0079326
179,0.21162384,0.00850284
179.25,0.21098124,0.01169964
179.5,0.18960156,0.0184086
179.75,0.20388132,0.02485836
180,0.19482552,0.0224748
180.25,0.19960452,0.02528712
180.5,0.20400876,0.02595132
180.75,0.2147418,0.031482
181,0.19054872,0.03183948
181.25,0.1896372,0.02107404
181.5,0.18699768,0.01772064
181.75,0.212112,0.02265408
182,0.18688212,0.01966356
182.25,0.16623792,0.01701108
182.5,0.17996796,0.02338524
182.75,0.16546572,0.01968408
183,0.16164792,0.03350376
183.25,0.17404848,0.03123684
183.5,0.16925436,0.0242568
183.75,0.19177128,0.02047788
184,0.14313672,0.01319544
184.25,0.1313982,0.00993384
184.5,0.1264626,0.00837324
184.75,0.11524032,0.0045738
185,0.11007252,0.00467208
185.25,0.10390032,0.00820044
185.5,0.0974538,0.00840996
185.75,0.08853192,0.00805356
186,0.08995752,0.0125442
186.25,0.08752212,0.01316412
186.5,0.06888564,0.0093042
186.75,0.0624564,0.01062072
187,0.06413148,0.0105678
187.25,0.06247584,0.00995112
187.5,0.06757776,0.01119096
187.75,0.06596316,0.01387692
188,0.07810776,0.0125226
188.25,0.07751484,0.01169856
188.5,0.07827408,0.01156896
188.75,0.07509024,0.01171044
189,0.07683876,0.01375596
189.25,0.07266672,0.01048356
189.5,0.07695,0.010503
189.75,0.07836264,0.0134892
190,0.07236,0.0110376
190.25,0.07144308,0.01154304
190.5,0.06547392,0.01265868
190.75,0.06319944,0.01418904
191,0.0665388,0.01464696
191.25,0.06660144,0.01617948
191.5,0.06770304,0.01974348
191.75,0.06975828,0.02427084
192,0.06466284,0.02095308
192.25,0.06189372,0.02278908
192.5,0.06032664,0.02703564
192.75,0.0609606,0.0171072
193,0.05898204,0.016902
193.25,0.059751,0.01937628
193.5,0.06936516,0.0259632
193.75,0.06891696,0.030078
194,0.06845148,0.02498148
194.25,0.06800868,0.0259956
194.5,0.06693084,0.02410452
194.75,0.06467796,0.01537164
195,0.06198768,0.01795068
195.25,0.06102216,0.01703808
195.5,0.05929092,0.01541052
195.75,0.06036012,0.01483056
196,0.05582412,0.014472
196.25,0.06004476,0.01323
196.5,0.0590382,0.0161892
196.75,0.0567054,0.01571184
197,0.0594918,0.01647432
197.25,0.05807268,0.0142614
197.5,0.05059692,0.01147716
197.75,0.04960332,0.02056428
198,0.04883652,0.01991304
198.25,0.0484056,0.01335528
198.5,0.04942728,0.0138132
198.75,0.05037984,0.016146
199,0.04903092,0.01555524
199.25,0.08074188,0.01664388
199.5,0.09720432,0.01493532
199.75,0.10957572,0.01678752
200,0.10367892,0.007479
200.25,0.12078828,0.01551096
200.5,0.10669644,0.01764936
200.75,0.15042024,0.0266706
201,0.16988076,0.03372408
201.25,0.10832724,0.03403944
201.5,0.17368128,0.02347056
201.75,0.19956888,0.02329344
202,0.20054304,0.0426168
202.25,0.18248436,0.03500604
202.5,0.1702242,0.03610008
202.75,0.15667452,0.03285792
203,0.1806678,0.03455244
203.25,0.2251422,0.03867696
203.5,0.21283344,0.03276288
203.75,0.21284316,0.03375648
204,0.2193642,0.02949912
204.25,0.20998764,0.03294756
204.5,0.19506096,0.04215456
204.75,0.19478232,0.03336444
205,0.14027688,0.031887
205.25,0.1569672,0.02324808
205.5,0.17151696,0.02124468
205.75,0.18354924,0.02040012
206,0.12722832,0.01803168
206.25,0.1710558,0.01131516
206.5,0.1713204,0.0145908
206.75,0.18372636,0.00990576
207,0.1682856,0.01330236
207.25,0.12628548,0.01047708
207.5,0.15552432,0.01266948
207.75,0.14577084,0.01002672
208,0.13145544,0.0154764
208.25,0.10810044,0.00572184
208.5,0.1152954,0.005535
208.75,0.12902652,0.00392796
209,0.118746,0.00785376
209.25,0.09882,0.00521748
209.5,0.086724,0.00380268
209.75,0.09194148,0.00495396
210,0.0886086,0.00989064
210.25,0.0727056,0.004536
210.5,0.06657552,0.00482004
210.75,0.0642546,0.00549072
211,0.0613656,0.00642924
211.25,0.05553684,0.0048546
211.5,0.05703156,0.0051138
211.75,0.06779376,0.00802224
212,0.07350264,0.008181
212.25,0.07004448,0.00621648
212.5,0.07365276,0.0070902
212.75,0.07199064,0.00694224
213,0.074439,0.007047
213.25,0.07059528,0.0088128
213.5,0.07706664,0.01092204
213.75,0.07538508,0.01053108
214,0.07307064,0.01056024
214.25,0.07469712,0.01236708
214.5,0.06829596,0.011529
214.75,0.07010496,0.01332612
215,0.0645516,0.01325916
215.25,0.06474816,0.01577988
215.5,0.06980364,0.0177822
215.75,0.073845,0.01828548
216,0.06842016,0.02284416
216.25,0.06500304,0.01895076
216.5,0.05974884,0.02000052
216.75,0.05780592,0.01620972
217,0.06135696,0.01904904
217.25,0.05989788,0.01936224
217.5,0.06197904,0.01577448
217.75,0.06510564,0.014175
218,0.0620136,0.01729296
218.25,0.0568944,0.01808028
218.5,0.067635,0.02605824
218.75,0.06813288,0.0276156
219,0.054918,0.02073384
219.25,0.05561244,0.02050596
219.5,0.05644296,0.02005884
219.75,0.06440688,0.0265572
220,0.05760828,0.01574316
220.25,0.05885028,0.01663848
220.5,0.05057424,0.01127304
220.75,0.051408,0.01270188
221,0.05476356,0.01341036
221.25,0.04806,0.00962712
221.5,0.0542808,0.01286388
221.75,0.04799088,0.01683396
222,0.0442962,0.01375488
222.25,0.04666896,0.0112752
222.5,0.04810212,0.01115424
222.75,0.0485514,0.01124064
223,0.05728536,0.00822204
223.25,0.06805188,0.01145124
223.5,0.08415792,0.01723356
223.75,0.099603,0.01707804
224,0.10907028,0.01375056
224.25,0.11839284,0.01040904
224.5,0.1518264,0.01478088
224.75,0.0928638,0.01083564
225,0.1074006,0.01368684
225.25,0.11928384,0.0264708
225.5,0.14463468,0.02152656
225.75,0.21695904,0.02407968
226,0.2474442,0.02868804
226.25,0.20699928,0.01710288
226.5,0.19495188,0.02105676
226.75,0.1564542,0.01440288
227,0.16669584,0.014499
227.25,0.17867952,0.02095632
227.5,0.21105468,0.01568268
227.75,0.21585096,0.01722708
228,0.17185824,0.02338092
228.25,0.20593764,0.0227556
228.5,0.18496728,0.01925424
228.75,0.208143,0.0163242
229,0.18164844,0.0289602
229.25,0.11681388,0.0161514
229.5,0.13481424,0.01225044
229.75,0.17932644,0.02360232
230,0.16823808,0.01526688
230.25,0.14102748,0.01149876
230.5,0.13803264,0.01419228
230.75,0.13978008,0.0161946
231,0.14425344,0.01391796
231.25,0.12598524,0.01312848
231.5,0.11958408,0.00868644
231.75,0.1165482,0.01296972
232,0.0963468,0.01023516
232.25,0.11205864,0.00751572
232.5,0.09645696,0.01115748
232.75,0.09646452,0.01009152
233,0.10343592,0.01136808
233.25,0.10352016,0.01156572
233.5,0.08755236,0.00557064
233.75,0.10102212,0.01212516
234,0.06932628,0.00869616
234.25,0.06947316,0.00929448
234.5,0.08130888,0.01084104
234.75,0.07235028,0.01178388
235,0.07166448,0.01830168
235.25,0.07691112,0.01392012
235.5,0.0715878,0.02176416
235.75,0.08577684,0.02613708
236,0.09834912,0.0257472
236.25,0.0825228,0.01818396
236.5,0.08197092,0.0164862
236.75,0.0771606,0.01732644
237,0.07680312,0.01491372
237.25,0.08422812,0.02080512
237.5,0.08575416,0.02225232
237.75,0.08426916,0.02171772
238,0.07287408,0.01718604
238.25,0.07505352,0.01782756
238.5,0.071604,0.01766016
238.75,0.0733266,0.02017764
239,0.06452784,0.01716552
239.25,0.07131564,0.02208924
239.5,0.07650612,0.02837376
239.75,0.072711,0.02007072
240,0.06227928,0.01566108
240.25,0.06633576,0.01617084
240.5,0.0589086,0.01269432
240.75,0.0649188,0.01680804
241,0.0670086,0.02101788
241.25,0.05892696,0.01819584
241.5,0.06716628,0.016821
241.75,0.06953256,0.01750356
242,0.06297048,0.0139104
242.25,0.06441336,0.01287792
242.5,0.06875496,0.01675944
242.75,0.06319188,0.01540836
243,0.0607554,0.01368252
243.25,0.05825304,0.01531548
243.5,0.06589188,0.01608228
243.75,0.06534864,0.01350648
244,0.05836644,0.01307232
244.25,0.06086016,0.01298484
244.5,0.06193368,0.01641384
244.75,0.06033744,0.01650024
245,0.05995836,0.01230228
245.25,0.05828328,0.0132084
245.5,0.05789988,0.0138672
245.75,0.05328288,0.012609
246,0.04959468,0.01404756
246.25,0.04911516,0.01499256
246.5,0.04950828,0.00927396
246.75,0.04633416,0.00854496
247,0.05384772,0.01038204
247.25,0.04946076,0.01032156
247.5,0.05541588,0.01312956
247.75,0.06312384,0.0086184
248,0.07142796,0.01005912
248.25,0.07512048,0.00865512
248.5,0.07550388,0.00836352
248.75,0.08155836,0.00687636
249,0.0960498,0.01000836
249.25,0.098793,0.00864108
249.5,0.10989324,0.01070172
249.75,0.11016,0.01088424
250,0.1110834,0.01352052
250.25,0.12203676,0.0134514
250.5,0.08059392,0.01006992
250.75,0.08075376,0.01125036
251,0.09165096,0.02059776
251.25,0.09205704,0.01023084
251.5,0.17040564,0.0138942
251.75,0.25554204,0.01102248
252,0.271971,0.0181872
252.25,0.28774548,0.02355804
252.5,0.27808596,0.02484216
252.75,0.28078488,0.0186462
253,0.23290308,0.02017116
253.25,0.256257,0.02181816
253.5,0.27240408,0.02318328
253.75,0.271269,0.02065068
254,0.2640168,0.016551
254.25,0.25771392,0.0154008
254.5,0.294084,0.01490832
254.75,0.25122312,0.0157896
255,0.25760052,0.01539756
255.25,0.26570376,0.01816452
255.5,0.23120208,0.01500444
255.75,0.23877936,0.01518912
256,0.2729862,0.01585764
256.25,0.27865944,0.01816236
256.5,0.15013296,0.01422036
256.75,0.08913672,0.01588788
257,0.0895536,0.01421928
257.25,0.08331444,0.01177524
257.5,0.08077428,0.0096012
257.75,0.07868232,0.0118692
258,0.07528032,0.00760428
258.25,0.06946128,0.00665064
258.5,0.07174008,0.0079758
258.75,0.06652044,0.01169748
259,0.06170904,0.00789696
259.25,0.05529276,0.00516024
259.5,0.05863104,0.00581472
259.75,0.0666144,0.00850716
260,0.07923636,0.01291572
260.25,0.07477056,0.00826956
260.5,0.07149276,0.00763668
260.75,0.07528788,0.00903852
261,0.08004204,0.01055052
261.25,0.07159752,0.00897048
261.5,0.07994916,0.01422792
261.75,0.07357392,0.01122012
262,0.0775872,0.01357668
262.25,0.06906708,0.00949644
262.5,0.06724404,0.01129896
262.75,0.07021836,0.01217376
263,0.06916428,0.0103788
263.25,0.06906168,0.01175904
263.5,0.07277688,0.01381752
263.75,0.07418196,0.0163404
264,0.0723384,0.01547316
264.25,0.06912648,0.0121878
264.5,0.06450516,0.0139914
264.75,0.066555,0.01234764
265,0.0666738,0.01419012
265.25,0.07007148,0.01282608
265.5,0.07336656,0.01497096
265.75,0.07676964,0.01539108
266,0.0713178,0.01437156
266.25,0.06759288,0.01675944
266.5,0.0668088,0.01636848
266.75,0.07573608,0.01817748
267,0.06481512,0.01716768
267.25,0.06328044,0.01811916
267.5,0.06874524,0.01631988
267.75,0.05970132,0.01549584
268,0.06222852,0.01644948
268.25,0.06440256,0.01734372
268.5,0.06084072,0.0191916
268.75,0.05850576,0.01802736
269,0.06422436,0.02149632
269.25,0.06279768,0.01557144
269.5,0.06707556,0.01258092
269.75,0.06405696,0.0104436
270,0.05864508,0.00801144
270.25,0.07896852,0.0063342
270.5,0.14260752,0.00770688
270.75,0.21569328,0.00274968
271,0.22555908,0.00276804
271.25,0.20951028,0.00066852
271.5,0.20523996,0.00466776
271.75,0.20417184,0.0039852
272,0.1740042,0.0068634
272.25,0.17111196,0.0060642
272.5,0.17631,0.00659988
272.75,0.18293472,0.00749412
273,0.20583612,0.008127
273.25,0.19818216,0.00747792
273.5,0.22980888,0.00584928
273.75,0.22688532,0.0070524
274,0.23478444,0.00594324
274.25,0.24141348,0.00671004
274.5,0.20228832,0.0067338
274.75,0.19884528,0.00704052
275,0.16497108,0.00668952
275.25,0.15902136,0.00842076
275.5,0.180306,0.00869724
275.75,0.20638044,0.00785808
276,0.2136348,0.00859572
276.25,0.26606664,0.0097092
276.5,0.2588274,0.01227528
276.75,0.2629584,0.01031076
277,0.19692504,0.00882036
277.25,0.2235114,0.01170072
277.5,0.23942088,0.0133758
277.75,0.2367252,0.01264464
278,0.23147964,0.01222992
278.25,0.24331752,0.0109026
278.5,0.2725218,0.01003968
278.75,0.23418612,0.01101276
279,0.23926428,0.00770148
279.25,0.24100956,0.0077976
279.5,0.21411108,0.00916272
279.75,0.21129228,0.00762588
280,0.23688612,0.00803736
280.25,0.26082972,0.01136268
280.5,0.22028004,0.007803
280.75,0.24598296,0.00740664
281,0.23333616,0.0097686
281.25,0.2497446,0.00757728
281.5,0.25023168,0.00726948
281.75,0.2118258,0.0096606
282,0.25071768,0.00687528
282.25,0.22761756,0.00907632
282.5,0.09733824,0.00740448
282.75,0.07014924,0.00459
283,0.06644916,0.00366984
283.25,0.057861,0.00294408
283.5,0.05465232,0.00431784
283.75,0.05504544,0.0063828
284,0.06520932,0.00803844
284.25,0.0717606,0.0091584
284.5,0.06453,0.00596808
284.75,0.06655824,0.00644868
285,0.06831,0.00904608
285.25,0.06990624,0.00978372
285.5,0.07220448,0.01273104
285.75,0.06521256,0.00798228
286,0.06597396,0.0084942
286.25,0.0705024,0.01199664
286.5,0.06381936,0.0081918
286.75,0.06158376,0.0090072
287,0.0669546,0.00972972
287.25,0.0699894,0.01303776
287.5,0.06759828,0.011124
287.75,0.0717444,0.0109458
288,0.06089148,0.00961524
288.25,0.06302016,0.01222884
288.5,0.05867532,0.00833544
288.75,0.06284196,0.0105894
289,0.06186564,0.01048788
289.25,0.05400432,0.00837972
289.5,0.06655824,0.01053216
289.75,0.0667764,0.0161514
290,0.05979744,0.01110888
290.25,0.06584328,0.01323432
290.5,0.06573852,0.01480572
290.75,0.05984496,0.01346004
291,0.05858568,0.0121716
291.25,0.0593082,0.0137916
291.5,0.0574344,0.01267272
291.75,0.06557544,0.01634904
292,0.05997024,0.0154008
292.25,0.0620028,0.01767096
292.5,0.05687928,0.01551312
292.75,0.0541296,0.01326564
293,0.05321052,0.01558332
293.25,0.0545346,0.0154332
293.5,0.06351588,0.01811484
293.75,0.05158728,0.01752624
294,0.05361012,0.02417256
294.25,0.051381,0.02025864
294.5,0.0473796,0.01389312
294.75,0.04673052,0.0153198
295,0.05984388,0.01786968
295.25,0.0747738,0.01201176
295.5,0.09256788,0.01653156
295.75,0.11298528,0.02591568
296,0.09658116,0.00954504
296.25,0.11181672,0.00304452
296.5,0.11198088,0.00753084
296.75,0.15005304,0.01819584
297,0.1324998,0.01325484
297.25,0.20136816,0.01912572
297.5,0.2040012,0.02249424
297.75,0.19357056,0.01479924
298,0.20109816,0.01105488
298.25,0.22520916,0.02020896
298.5,0.16505964,0.01441044
298.75,0.15188256,0.01470528
299,0.15825672,0.0130518
299.25,0.16043076,0.01918188
299.5,0.17896788,0.02194776
299.75,0.24198588,0.01545048
300,0.181494,0.02256444
300.25,0.22080168,0.0281124
300.5,0.21297384,0.02753784
300.75,0.20093724,0.02951532
301,0.18059112,0.01885896
301.25,0.18260856,0.01786428
301.5,0.17588016,0.0143856
301.75,0.17976168,0.02034072
302,0.1596024,0.01147716
302.25,0.15576516,0.01491048
302.5,0.1910088,0.01828656
302.75,0.19699092,0.01304964
303,0.16431336,0.01424628
303.25,0.20450988,0.01572588
303.5,0.16940124,0.012933
303.75,0.16102692,0.00760536
304,0.16676928,0.01458864
304.25,0.12037356,0.00570564
304.5,0.11467548,0.00488268
304.75,0.124578,0.008073
305,0.13769352,0.00448632
305.25,0.10193256,0.00650592
305.5,0.1023732,0.00761184
305.75,0.09133884,0.0103734
306,0.0940248,0.00841644
306.25,0.09518796,0.0133758
306.5,0.06972912,0.0070524
306.75,0.07228764,0.0113832
307,0.06392304,0.00639144
307.25,0.06632172,0.00755784
307.5,0.05974776,0.00630828
307.75,0.07262028,0.01030536
308,0.0796446,0.01212948
308.25,0.07818444,0.0094608
308.5,0.081945,0.0134082
308.75,0.06978744,0.00933552
309,0.07292484,0.00936252
309.25,0.0751464,0.00846504
309.5,0.07066872,0.01072548
309.75,0.07652016,0.01358532
310,0.06998508,0.01317816
310.25,0.07793388,0.01674864
310.5,0.07247232,0.01280556
310.75,0.06797088,0.01326024
311,0.0654102,0.01453572
311.25,0.06312276,0.01345788
311.5,0.07321644,0.0195426
311.75,0.07002288,0.02013444
312,0.07011684,0.02089152
312.25,0.06464448,0.01787832
312.5,0.06093792,0.01935144
312.75,0.07114068,0.026271
313,0.06250716,0.01434024
313.25,0.06154812,0.01504224
313.5,0.06949476,0.01580148
313.75,0.07101216,0.01928556
314,0.06675588,0.01870236
314.25,0.06308388,0.01640196
314.5,0.06670836,0.02151252
314.75,0.06148872,0.02161188
315,0.06177168,0.01842372
315.25,0.0629694,0.0204606
315.5,0.06397056,0.02106864
315.75,0.0685692,0.0268002
316,0.0619272,0.01872288
316.25,0.05738796,0.02046924
316.5,0.06523092,0.02863944
316.75,0.05826708,0.01440288
317,0.05324616,0.01385424
317.25,0.05687928,0.01400868
317.5,0.06607008,0.02013336
317.75,0.05025456,0.01425384
318,0.05298588,0.02027592
318.25,0.05050836,0.01341144
318.5,0.04827708,0.011367
318.75,0.0525312,0.01349568
319,0.05828436,0.01067148
319.25,0.07075728,0.01191564
319.5,0.09588672,0.00932796
319.75,0.11635056,0.0120474
320,0.10360656,0.00983988
320.25,0.12731796,0.01818396
320.5,0.09156996,0.01200528
320.75,0.1648512,0.01643436
321,0.14176728,0.01168668
321.25,0.17698608,0.0164862
321.5,0.21525156,0.00865188
321.75,0.2032452,0.01330992
322,0.20315124,0.01150092
322.25,0.23712804,0.01237248
322.5,0.21123396,0.01641384
322.75,0.20919492,0.01296864
323,0.24007752,0.01439424
323.25,0.25397496,0.01731348
323.5,0.23857956,0.02508516
323.75,0.26495424,0.02693304
324,0.25730676,0.01732104
324.25,0.21569112,0.01681776
324.5,0.1758996,0.01376892
324.75,0.1751976,0.0121446
325,0.15244848,0.01703052
325.25,0.16806744,0.01527444
325.5,0.15271632,0.01348488
325.75,0.19015776,0.01660392
326,0.17473752,0.015363
326.25,0.14180292,0.00855252
326.5,0.13356792,0.01127844
326.75,0.13628628,0.00859788
327,0.15121728,0.01000296
327.25,0.14837688,0.0101142
327.5,0.14136768,0.01154628
327.75,0.11728152,0.01120284
328,0.1432188,0.009639
328.25,0.11591964,0.00767988
328.5,0.1416582,0.01063692
328.75,0.13324608,0.01188756
329,0.11878164,0.00757512
329.25,0.114129,0.00752868
329.5,0.11130912,0.02240028
329.75,0.09355284,0.01116612
330,0.1086156,0.01072656
330.25,0.08004528,0.0123606
330.5,0.06170364,0.0092232
330.75,0.06555708,0.01099872
331,0.06051456,0.01033236
331.25,0.0603126,0.01302912
331.5,0.06888672,0.0171126
331.75,0.06968916,0.01612764
332,0.07702992,0.01297404
332.25,0.07902792,0.01561248
332.5,0.0717768,0.01107432
332.75,0.07652772,0.01332504
333,0.07695216,0.01294704
333.25,0.07248312,0.00874908
333.5,0.07219368,0.00938628
333.75,0.07922448,0.01291248
334,0.06985548,0.01067904
334.25,0.07774812,0.01355076
334.5,0.06877764,0.01480572
334.75,0.06837696,0.01550988
335,0.06377832,0.01390932
335.25,0.06923556,0.01863864
335.5,0.07541964,0.02446956
335.75,0.07186752,0.02465856
336,0.06188616,0.01664496
336.25,0.06446736,0.01923912
336.5,0.06478164,0.01527768
336.75,0.06359364,0.01636632
337,0.06606144,0.01858356
337.25,0.0623484,0.01557036
337.5,0.06890076,0.02288088
337.75,0.06650424,0.02020788
338,0.06742764,0.0198342
338.25,0.06503436,0.0176904
338.5,0.06432156,0.01620432
338.75,0.06216696,0.01647972
339,0.06407316,0.01389636
339.25,0.0606096,0.0152928
339.5,0.06414876,0.01579392
339.75,0.06336792,0.0158382
340,0.05918292,0.01319976
340.25,0.0611766,0.01503576
340.5,0.0557928,0.01479168
340.75,0.05746464,0.0143424
341,0.06179112,0.01763316
341.25,0.05633496,0.01575396
341.5,0.06333768,0.01590732
341.75,0.05882328,0.0183114
342,0.0547668,0.01575396
342.25,0.04299804,0.01206252
342.5,0.04896288,0.01291572
342.75,0.05471064,0.01568484
343,0.05597532,0.01084644
343.25,0.07178112,0.01149552
343.5,0.08608464,0.01279152
343.75,0.10847736,0.00693792
344,0.0627048,0.00515052
344.25,0.10376424,0.00732672
344.5,0.11795544,0.0059724
344.75,0.15741756,0.0124902
345,0.19739376,0.00733104
345.25,0.1881306,0.01321704
345.5,0.19042992,0.01565352
345.75,0.19043424,0.01553256
346,0.25924752,0.0238626
346.25,0.23328756,0.01718388
346.5,0.24484896,0.0196992
346.75,0.24630912,0.01477116
347,0.24159168,0.02140992
347.25,0.26470584,0.0242568
347.5,0.2363202,0.03591
347.75,0.26683452,0.0383076
348,0.19010808,0.03651696
348.25,0.222372,0.03528792
348.5,0.21481632,0.03008988
348.75,0.19309536,0.02791692
349,0.2145096,0.03809268
349.25,0.17307,0.02815236
349.5,0.20105928,0.03011364
349.75,0.2199312,0.03667464
350,0.1775898,0.02549664
350.25,0.19868004,0.02680452
350.5,0.17998524,0.01659852
350.75,0.16703604,0.018657
351,0.14002092,0.0137592
351.25,0.14583024,0.01718604
351.5,0.1421496,0.01623348
351.75,0.13179456,0.01519992
352,0.12055176,0.01879524
352.25,0.15484284,0.02051136
352.5,0.14556888,0.01413612
352.75,0.14167224,0.01772172
353,0.14555592,0.01568916
353.25,0.11820276,0.01104408
353.5,0.11744568,0.017145
353.75,0.1165158,0.0167022
354,0.109053,0.02278476
354.25,0.09488124,0.01656828
354.5,0.08381016,0.01257012
354.75,0.07476624,0.01547532
355,0.07709688,0.01666008
355.25,0.07096248,0.01416528
355.5,0.07547364,0.01695708
355.75,0.08651124,0.01701432
356,0.09935784,0.01908792
356.25,0.09555732,0.01427868
356.5,0.09612432,0.01225044
356.75,0.08747244,0.01167156
357,0.09697428,0.01552608
357.25,0.08708256,0.0152928
357.5,0.08701344,0.01408428
357.75,0.09060228,0.01867104
358,0.07992324,0.01542132
358.25,0.08856648,0.0161028
358.5,0.08013168,0.0148554
358.75,0.07370352,0.0179604
359,0.0783108,0.0208926
359.25,0.08457696,0.02640924
359.5,0.08780616,0.02658096
359.75,0.0807408,0.0306234
360,0.07837992,0.02756484
360.25,0.08098704,0.02975184
360.5,0.07444116,0.02868372
360.75,0.0742068,0.0294192
361,0.07770276,0.0314928
361.25,0.07404048,0.02463588
361.5,0.07984872,0.02465856
361.75,0.07286976,0.02256768
362,0.071496,0.02182032
362.25,0.07438932,0.02542644
362.5,0.06985332,0.02398464
362.75,0.07522956,0.02482164
363,0.07200144,0.02407104
363.25,0.0698004,0.02328588
363.5,0.06705396,0.0243216
363.75,0.06406344,0.02365956
364,0.06632712,0.02386476
364.25,0.0658098,0.0235872
364.5,0.06212592,0.0207576
364.75,0.06429456,0.0226908
365,0.06621588,0.02389284
365.25,0.0651402,0.02562624
365.5,0.06571584,0.01832652
365.75,0.06188076,0.0159192
366,0.05535216,0.01848636
366.25,0.0571374,0.0141966
366.5,0.04822632,0.01084536
366.75,0.05671728,0.01301292
367,0.05676156,0.01279368
367.25,0.0828846,0.00995004
367.5,0.11179404,0.01036368
367.75,0.1282608,0.00847044
368,0.13124052,0.01488996
368.25,0.10506348,0.009531
368.5,0.15623388,0.02044116
368.75,0.16866684,0.01197072
369,0.19531044,0.02036664
369.25,0.20267604,0.01683288
369.5,0.2743308,0.02003616
369.75,0.23146128,0.02698596
370,0.22240224,0.02135268
370.25,0.23296032,0.02258064
370.5,0.26357832,0.038475
370.75,0.1964736,0.0204822
371,0.20420964,0.00940248
371.25,0.18390996,0.00732888
371.5,0.2236194,0.03010068
371.75,0.2246454,0.02786184
372,0.20348064,0.02565972
372.25,0.24361668,0.0314226
372.5,0.21528504,0.02701836
372.75,0.17856828,0.01644948
373,0.17810172,0.0323892
373.25,0.14002092,0.01588896
373.5,0.15507936,0.02167992
373.75,0.1425978,0.0209736
374,0.150687,0.01931904
374.25,0.13656924,0.01889028
374.5,0.17257644,0.01895724
374.75,0.16145352,0.02298564
375,0.12312864,0.0205632
375.25,0.13206672,0.02429892
375.5,0.12302928,0.02032344
375.75,0.09966132,0.01947132
376,0.14187852,0.02318652
376.25,0.11712924,0.01680912
376.5,0.14356008,0.01880712
376.75,0.15184476,0.02188188
377,0.12294396,0.02002212
377.25,0.11232,0.01305936
377.5,0.10675692,0.01377216
377.75,0.09673992,0.01045224
378,0.1239678,0.01500552
378.25,0.11960352,0.01439748
378.5,0.08267076,0.01383588
378.75,0.06619752,0.01350864
379,0.0680616,0.0142398
379.25,0.0666522,0.01280556
379.5,0.07199496,0.01909656
379.75,0.07985952,0.01729944
380,0.08857404,0.02378592
380.25,0.08607708,0.01873152
380.5,0.08663544,0.01976832
380.75,0.09565776,0.02796336
381,0.09576144,0.02861136
381.25,0.09140472,0.01897344
381.5,0.0980694,0.02115396
381.75,0.08842716,0.02013984
382,0.08870364,0.01986552
382.25,0.08139528,0.01726164
382.5,0.07971804,0.02234196
382.75,0.07552332,0.02243268
383,0.06711444,0.02032236
383.25,0.06361632,0.01477764
383.5,0.07431912,0.01795068
383.75,0.07647588,0.01845396
384,0.0699138,0.01984284
384.25,0.07308684,0.02279448
384.5,0.06520824,0.01741716
384.75,0.06455916,0.01958364
385,0.06746868,0.01816668
385.25,0.06586596,0.01845396
385.5,0.06876792,0.02182464
385.75,0.06770412,0.01802844
386,0.06400728,0.014715
386.25,0.06516396,0.0141372
386.5,0.06177168,0.01502064
386.75,0.06840612,0.01767852
387,0.06580224,0.01776708
387.25,0.06387768,0.01182816
387.5,0.0631368,0.01147716
387.75,0.06560892,0.01380888
388,0.06395652,0.01444176
388.25,0.06642648,0.01854036
388.5,0.05652828,0.01287144
388.75,0.05861268,0.0132948
389,0.0608958,0.01295352
389.25,0.06051564,0.01607256
389.5,0.06325884,0.01292004
389.75,0.05264784,0.0101466
390,0.04979772,0.01083348
390.25,0.04957848,0.01052352
390.5,0.05138208,0.0098334
390.75,0.0529794,0.00962712
391,0.05949072,0.01081728
391.25,0.05828328,0.00577368
391.5,0.08011764,0.00700704
391.75,0.08781156,0.00677484
392,0.0959796,0.00861948
392.25,0.11682576,0.01289952
392.5,0.12299904,0.00854928
392.75,0.13706172,0.00737316
393,0.15653844,0.01183572
393.25,0.15033384,0.01536948
393.5,0.21148452,0.0170802
393.75,0.19077768,0.00934632
394,0.19011024,0.02251044
394.25,0.21376224,0.018684
394.5,0.20043936,0.02301156
394.75,0.24904044,0.0378918
395,0.27039852,0.03619512
395.25,0.2196072,0.02812428
395.5,0.23894136,0.03169692
395.75,0.24155928,0.0397548
396,0.249129,0.04574772
396.25,0.2107404,0.03814452
396.5,0.21105252,0.04642164
396.75,0.21391992,0.0293652
397,0.1728702,0.03613896
397.25,0.1477332,0.02346624
397.5,0.16161984,0.0271944
397.75,0.16555104,0.03238488
398,0.15211476,0.03392604
398.25,0.14095512,0.0249804
398.5,0.14456124,0.02844288
398.75,0.15364512,0.03028536
399,0.14325552,0.02352024
399.25,0.14547924,0.02309472
399.5,0.12100104,0.0187542
399.75,0.12798432,0.028053
400,0.1402164,0.02737692
400.25,0.1352808,0.02634228
400.5,0.10427832,0.02232468
400.75,0.11195496,0.02121768
401,0.12334032,0.02184732
401.25,0.13935672,0.02846448
401.5,0.15375312,0.03187836
401.75,0.14476752,0.0353646
402,0.12769704,0.03977208
402.25,0.10301688,0.02120796
402.5,0.09737712,0.02110968
402.75,0.0916002,0.02594052
403,0.08338896,0.02418876
403.25,0.07673292,0.0246456
403.5,0.08278308,0.0208764
403.75,0.09027936,0.02841372
404,0.11127348,0.02994192
404.25,0.1122066,0.02550744
404.5,0.095094,0.02484648
404.75,0.0926694,0.0248832
405,0.09647208,0.02732184
405.25,0.1025784,0.02027376
405.5,0.097146,0.0181332
405.75,0.09275904,0.02078028
406,0.08804808,0.02737044
406.25,0.08301312,0.02364336
406.5,0.0706752,0.01932984
406.75,0.06988356,0.0183708
407,0.0775548,0.0285714
407.25,0.06960168,0.0220698
407.5,0.070497,0.01728864
407.75,0.07394004,0.02271888
408,0.06543936,0.01495476
408.25,0.06983712,0.01731024
408.5,0.06341328,0.01263924
408.75,0.06555276,0.01744092
409,0.06369516,0.01925532
409.25,0.0635796,0.01920348
409.5,0.0670626,0.01748628
409.75,0.06668892,0.02174256
410,0.06862212,0.0213678
410.25,0.06953688,0.01627344
410.5,0.06695352,0.01442016
410.75,0.07067304,0.01822608
411,0.06709284,0.01799928
411.25,0.06487344,0.01735236
411.5,0.06404508,0.017091
411.75,0.0615762,0.01814076
412,0.06615972,0.02138184
412.25,0.06161832,0.01939464
412.5,0.05986008,0.018927
412.75,0.05898636,0.015255
413,0.059454,0.013338
413.25,0.05798736,0.01275156
413.5,0.0617976,0.01241676
413.75,0.05454216,0.01496232
414,0.05500224,0.02323728
414.25,0.04743252,0.01322784
414.5,0.05071572,0.0142722
414.75,0.04670784,0.0156276
415,0.04953204,0.01195776
415.25,0.0525204,0.0132894
415.5,0.05875308,0.01355076
415.75,0.05547636,0.01290384
416,0.04247532,0.01289412
416.25,0.04882248,0.01314792
416.5,0.04802004,0.01179684
416.75,0.05239944,0.0160542
417,0.06452676,0.01384236
417.25,0.06601284,0.01419552
417.5,0.06988248,0.01688256
417.75,0.07164396,0.01886328
418,0.06562944,0.0185706
418.25,0.07081668,0.02423628
418.5,0.05002992,0.01638576
418.75,0.05174064,0.02003076
419,0.05997672,0.02125332
419.25,0.05947236,0.01935468
419.5,0.06917724,0.0185274
419.75,0.07373268,0.02192832
420,0.06795144,0.02369412
420.25,0.06630876,0.02056428
420.5,0.05801976,0.01775412
420.75,0.05578848,0.0149634
421,0.04833,0.01300536
421.25,0.0473688,0.01152468
421.5,0.05757156,0.01393524
421.75,0.05800248,0.01372356
422,0.0611496,0.0121608
422.25,0.06298236,0.01206144
422.5,0.05986872,0.01216404
422.75,0.05846688,0.01237464
423,0.06070788,0.0123336
423.25,0.063126,0.01271808
423.5,0.05366196,0.01347732
423.75,0.05595264,0.0154224
424,0.05906952,0.01400328
424.25,0.06299208,0.0142722
424.5,0.06476652,0.01402812
424.75,0.06057288,0.01336932
425,0.06474708,0.01312092
425.25,0.06757884,0.0123444
425.5,0.06365952,0.01391688
425.75,0.06490152,0.0159462
426,0.05714172,0.01295028
426.25,0.06625368,0.01112076
426.5,0.05426244,0.0115074
426.75,0.06282792,0.0109836
427,0.05825196,0.00933768
427.25,0.05726268,0.01032264
427.5,0.05815152,0.01393092
427.75,0.06696108,0.0151686
428,0.07545204,0.01901556
428.25,0.0765666,0.01343412
428.5,0.07598772,0.01382724
428.75,0.07356852,0.01424304
429,0.08098056,0.01382184
429.25,0.07172064,0.0110754
429.5,0.07210944,0.01090476
429.75,0.06661116,0.0107082
430,0.07012656,0.01232604
430.25,0.06977556,0.00983016
430.5,0.06883704,0.0108594
430.75,0.066852,0.010287
431,0.06574932,0.01052892
431.25,0.07077672,0.01111644
431.5,0.07514316,0.01587708
431.75,0.07479432,0.01225692
432,0.06408936,0.00905688
432.25,0.06567048,0.0084402
432.5,0.0628614,0.00957312
432.75,0.06397812,0.00983772
433,0.06622776,0.01101924
433.25,0.06409044,0.01196748
433.5,0.06512292,0.0140346
433.75,0.06851412,0.014715
434,0.07256844,0.01673568
434.25,0.07239672,0.01862676
434.5,0.07102728,0.01774872
434.75,0.07047648,0.01692792
435,0.06487344,0.01595808
435.25,0.06902928,0.02083428
435.5,0.06808104,0.02148444
435.75,0.06689196,0.02286576
436,0.06402348,0.01468692
436.25,0.06308712,0.0159516
436.5,0.06253416,0.01787292
436.75,0.0607824,0.01604124
437,0.06358176,0.01662984
437.25,0.06360012,0.0197208
437.5,0.066582,0.02089692
437.75,0.05465016,0.01579716
438,0.05310684,0.01536084
438.25,0.05185728,0.01709424
438.5,0.04798332,0.0135702
438.75,0.05317488,0.01259928
439,0.04820256,0.0115506
439.25,0.04981068,0.01413396
439.5,0.05026536,0.0132948
439.75,0.04597884,0.01089612
440,0.03626532,0.0142722
440.25,0.04312008,0.01578528
440.5,0.04449816,0.01558656
440.75,0.04479192,0.01189188
441,0.04994244,0.01442988
441.25,0.05371272,0.01681236
441.5,0.05928552,0.01611252
441.75,0.0549828,0.0139428
442,0.05420628,0.0134838
442.25,0.05076756,0.01469556
442.5,0.03936384,0.01134864
442.75,0.04568832,0.00897588
443,0.05094036,0.01155276
443.25,0.0603396,0.01506924
443.5,0.05895828,0.01321596
443.75,0.06787692,0.01937088
444,0.05494392,0.01401732
444.25,0.056862,0.0135972
444.5,0.05142528,0.01045872
444.75,0.05467176,0.01229148
445,0.04640652,0.01001592
445.25,0.04725756,0.01012608
445.5,0.04949316,0.00876852
445.75,0.05580036,0.0110646
446,0.05495364,0.01064016
446.25,0.05543856,0.009666
446.5,0.05995188,0.00648756
446.75,0.06614028,0.00933984
447,0.0586278,0.01532844
447.25,0.0609984,0.01183896
447.5,0.05201712,0.0097848
447.75,0.04713552,0.0103464
448,0.0529038,0.01210896
448.25,0.05399244,0.01035504
448.5,0.0514674,0.0074952
448.75,0.04965516,0.00823068
449,0.05479596,0.00676296
449.25,0.05402268,0.00921024
449.5,0.0554418,0.01411128
449.75,0.05672916,0.01654128
450,0.05897016,0.01409832
450.25,0.05716116,0.00998244
450.5,0.04925772,0.00934524
450.75,0.04902444,0.0130032
451,0.05893884,0.02257956
451.25,0.06146064,0.02231064
451.5,0.06660684,0.02269728
451.75,0.06578712,0.01713744
452,0.07044192,0.01573884
452.25,0.07112664,0.0128574
452.5,0.06828192,0.01262952
452.75,0.06983712,0.01152684
453,0.06798168,0.0116748
453.25,0.06705936,0.00982044
453.5,0.06518124,0.0106488
453.75,0.06751944,0.01531764
454,0.06559596,0.0158058
454.25,0.06563376,0.01425276
454.5,0.0637146,0.01654668
454.75,0.06640056,0.01622808
455,0.06764364,0.0155628
455.25,0.06848928,0.01596456
455.5,0.07276608,0.02047356
455.75,0.07083504,0.01921428
456,0.06271992,0.01672704
456.25,0.06264432,0.02079
456.5,0.06200388,0.0185598
456.75,0.06109884,0.018414
457,0.06388308,0.01853604
457.25,0.06259572,0.02165292
457.5,0.06324588,0.02159352
457.75,0.06897528,0.0172098
458,0.06318648,0.01559628
458.25,0.06307524,0.017172
458.5,0.06579036,0.01797012
458.75,0.068283,0.02187648
459,0.06430644,0.01767744
459.25,0.0637362,0.01982772
459.5,0.06374484,0.02167992
459.75,0.06534756,0.0188514
460,0.05978556,0.01725516
460.25,0.06118848,0.0193482
460.5,0.057537,0.01917972
460.75,0.05368356,0.01570212
461,0.06061932,0.01890324
461.25,0.05567616,0.02022192
461.5,0.06196716,0.0225396
461.75,0.05868612,0.0149256
462,0.06056208,0.01276128
462.25,0.05162508,0.0144504
462.5,0.05255928,0.01460484
462.75,0.04955472,0.01069416
463,0.06385716,0.012258
463.25,0.08844876,0.00995652
463.5,0.11216664,0.01049112
463.75,0.12186828,0.01542024
464,0.16192116,0.01682856
464.25,0.17984808,0.02667492
464.5,0.17433576,0.0209142
464.75,0.1919268,0.02161728
465,0.21387672,0.02787912
465.25,0.2264436,0.03325104
465.5,0.27319464,0.033183
465.75,0.26042256,0.0362988
466,0.28156788,0.0360072
466.25,0.24447744,0.03018384
466.5,0.23658156,0.03312576
466.75,0.23534604,0.03052296
467,0.28375056,0.03431808
467.25,0.23984208,0.02739528
467.5,0.24423444,0.03605688
467.75,0.2292516,0.02360448
468,0.23665068,0.0215892
468.25,0.24901668,0.02595564
468.5,0.23640768,0.0254502
468.75,0.24128172,0.02919672
469,0.19408356,0.02229336
469.25,0.17763192,0.01730592
469.5,0.20918844,0.02454408
469.75,0.18210744,0.01806084
470,0.17890524,0.0207792
470.25,0.183114,0.02287548
470.5,0.1859382,0.02358288
470.75,0.188055,0.02310012
471,0.18387432,0.02256012
471.25,0.17587584,0.02037204
471.5,0.15855912,0.02220048
471.75,0.17561772,0.02141748
472,0.15738408,0.01547316
472.25,0.17176644,0.01705104
472.5,0.18370476,0.02625912
472.75,0.1461186,0.01735452
473,0.16863876,0.03051108
473.25,0.14915556,0.01580796
473.5,0.12967128,0.01457028
473.75,0.12011544,0.01124388
474,0.1132866,0.01390608
474.25,0.10832292,0.01383912
474.5,0.09121572,0.01121904
474.75,0.07507944,0.0084618
475,0.0681102,0.00990792
475.25,0.06516612,0.00791208
475.5,0.07121088,0.01509624
475.75,0.09223956,0.02136672
476,0.10313136,0.01990656
476.25,0.10358172,0.01711152
476.5,0.0996678,0.0169776
476.75,0.09784044,0.0155466
477,0.09665892,0.01524204
477.25,0.09109044,0.01671408
477.5,0.09608112,0.01850688
477.75,0.09902628,0.0254502
478,0.0940734,0.02691036
478.25,0.099036,0.0313578
478.5,0.09190908,0.0269298
478.75,0.08699616,0.0277884
479,0.088317,0.03082536
479.25,0.08794008,0.03258576
479.5,0.09301284,0.03366684
479.75,0.09033768,0.02734992
480,0.08977824,0.03335904
480.25,0.08095032,0.02839752
480.5,0.06982848,0.02080836
480.75,0.06851736,0.0248886
481,0.07479756,0.01968948
481.25,0.06952608,0.0182412
481.5,0.07325532,0.01899396
481.75,0.07097112,0.021384
482,0.07276608,0.02179332
482.25,0.07248636,0.01432728
482.5,0.07293996,0.01461024
482.75,0.07228764,0.01844532
483,0.07110396,0.02111076
483.25,0.06596208,0.0162972
483.5,0.07197768,0.02112912
483.75,0.07168176,0.02033532
484,0.06843528,0.02099088
484.25,0.06718572,0.01722384
484.5,0.06141744,0.0155574
484.75,0.06194772,0.01718064
485,0.06613164,0.0197154
485.25,0.06813504,0.01930932
485.5,0.06582708,0.01498608
485.75,0.0592542,0.01544616
486,0.05444172,0.0130626
486.25,0.05429808,0.01697976
486.5,0.056619,0.01296324
486.75,0.05919696,0.02377404
487,0.07504164,0.02030508
487.25,0.07891992,0.01708236
487.5,0.1170018,0.01898316
487.75,0.113886,0.01754784
488,0.15308892,0.01716444
488.25,0.14207616,0.02237868
488.5,0.16924356,0.02138292
488.75,0.16175484,0.01881036
489,0.18003276,0.021465
489.25,0.2082564,0.02085048
489.5,0.20305404,0.01950156
489.75,0.20993796,0.02008368
490,0.235305,0.02165616
490.25,0.2158002,0.01963764
490.5,0.26202528,0.02756592
490.75,0.22862196,0.02759292
491,0.23002056,0.02439612
491.25,0.22005432,0.02777004
491.5,0.21096612,0.02549016
491.75,0.25796448,0.0299646
492,0.24326028,0.03483432
492.25,0.24675192,0.0363636
492.5,0.24651432,0.03797172
492.75,0.20665476,0.022815
493,0.19471104,0.02591892
493.25,0.17429256,0.02239812
493.5,0.21094128,0.01892052
493.75,0.17920764,0.0118692
494,0.17278704,0.01974132
494.25,0.1621512,0.01261548
494.5,0.17817624,0.01422144
494.75,0.1712124,0.01633824
495,0.16927596,0.01893888
495.25,0.16577352,0.01421712
495.5,0.15136308,0.01631124
495.75,0.13840524,0.01553256
496,0.14785308,0.01954152
496.25,0.15057468,0.01864728
496.5,0.14303736,0.01846152
496.75,0.14305248,0.01169532
497,0.15156396,0.01139076
497.25,0.16703604,0.01488996
497.5,0.152766,0.01398708
497.75,0.13044564,0.016983
498,0.11282544,0.01498716
498.25,0.09649908,0.01542996
498.5,0.0885384,0.01358208
498.75,0.076518,0.00742068
499,0.06611544,0.00796824
499.25,0.05950692,0.00621648
499.5,0.06602148,0.0111942
499.75,0.07126056,0.01026432
500,0.0788562,0.01182384
500.25,0.07701048,0.01128492
500.5,0.07539804,0.00896832
500.75,0.07466148,0.0111996
501,0.07562808,0.01005156
501.25,0.0749358,0.00986256
501.5,0.07463448,0.01250856
501.75,0.07590564,0.01385316
502,0.07697808,0.01362096
502.25,0.07064496,0.01299132
502.5,0.06640596,0.01284876
502.75,0.0680616,0.0154494
503,0.07477488,0.017172
503.25,0.06962112,0.01755
503.5,0.0733968,0.02046276
503.75,0.07663788,0.02543508
504,0.07429212,0.02821608
504.25,0.07463124,0.02363904
504.5,0.0581094,0.01697868
504.75,0.06514776,0.01758456
505,0.06937704,0.02223288
505.25,0.06877764,0.02256444
505.5,0.0714258,0.02836296
505.75,0.07040736,0.02186244
506,0.0728028,0.02446956
506.25,0.07322616,0.01865268
506.5,0.06810372,0.01834704
506.75,0.0668844,0.01657908
507,0.06752268,0.02121984
507.25,0.06611544,0.01654992
507.5,0.06769764,0.01862244
507.75,0.066231,0.01635012
508,0.062613,0.0151686
508.25,0.0632772,0.01580904
508.5,0.059913,0.01495152
508.75,0.06293268,0.0169398
509,0.05707368,0.01711584
509.25,0.059373,0.01640952
509.5,0.06784884,0.01628856
509.75,0.06475248,0.01923048
510,0.05541156,0.01800036
510.25,0.05161752,0.01982988
510.5,0.05393412,0.01726056
510.75,0.04591728,0.01369872
511,0.06716844,0.01006776
511.25,0.07086852,0.02088936
511.5,0.09340164,0.01898964
511.75,0.12350988,0.02050596
512,0.10921284,0.0165294
512.25,0.12394944,0.0183006
512.5,0.15749748,0.02372328
512.75,0.16941312,0.01909332
513,0.1946376,0.01895292
513.25,0.209088,0.02558844
513.5,0.26191944,0.0322056
513.75,0.24966684,0.03591324
514,0.2511594,0.04225392
514.25,0.2607498,0.03402108
514.5,0.24447096,0.031671
514.75,0.21523212,0.03273048
515,0.27482004,0.02928636
515.25,0.26856252,0.0408348
515.5,0.28634796,0.04234464
515.75,0.29171124,0.03825792
516,0.22608072,0.03323268
516.25,0.22882608,0.0349758
516.5,0.1916136,0.0340686
516.75,0.21765564,0.0345276
517,0.19609128,0.0237222
517.25,0.16937208,0.02119392
517.5,0.21031488,0.02615004
517.75,0.20647764,0.01984608
518,0.16899516,0.02014956
518.25,0.18086544,0.02249964
518.5,0.18210312,0.02353968
518.75,0.23739588,0.01814724
519,0.19646064,0.01922616
519.25,0.17645904,0.02064636
519.5,0.1705482,0.0174852
519.75,0.16623036,0.01688148
520,0.17092836,0.01571616
520.25,0.17806824,0.01835136
520.5,0.17192952,0.01851444
520.75,0.15822324,0.0147474
521,0.16755876,0.01266192
521.25,0.13386816,0.01137672
521.5,0.14301792,0.00805896
521.75,0.12334356,0.01259712
522,0.12400992,0.01259496
522.25,0.09770328,0.00737964
522.5,0.09213804,0.00715068
522.75,0.0935118,0.01054728
523,0.08636112,0.01332936
523.25,0.07240968,0.00768636
523.5,0.08002368,0.00705888
523.75,0.08828568,0.01298376
524,0.09825408,0.01323756
524.25,0.09834804,0.01484136
524.5,0.11157804,0.01472688
524.75,0.08406504,0.01397736
525,0.08782776,0.01267704
525.25,0.08585352,0.0128466
525.5,0.0902448,0.01814292
525.75,0.08650044,0.01564704
526,0.08158644,0.01559952
526.25,0.07897176,0.01402596
526.5,0.08270748,0.0180198
526.75,0.0728136,0.0154224
527,0.07681068,0.01986336
527.25,0.07397136,0.01425816
527.5,0.07592616,0.01469556
527.75,0.07728912,0.01650672
528,0.0697248,0.0155736
528.25,0.0637632,0.01351296
528.5,0.06185592,0.01469556
528.75,0.07057368,0.01773684
529,0.06889212,0.01775736
529.25,0.06654204,0.01822068
529.5,0.06785208,0.01788156
529.75,0.0704754,0.02054268
530,0.06851412,0.01356048
530.25,0.06898716,0.01504224
530.5,0.07237296,0.0247752
530.75,0.0749304,0.01484784
531,0.06442416,0.0083268
531.25,0.0623214,0.00749736
531.5,0.06639192,0.00832788
531.75,0.06533028,0.01002996
532,0.06382368,0.01192212
532.25,0.06323832,0.00842616
532.5,0.05936004,0.00821448
532.75,0.06007284,0.00797472
533,0.06094872,0.0096822
533.25,0.06450192,0.0094878
533.5,0.06255036,0.01094472
533.75,0.05749272,0.00978912
534,0.04973724,0.01129572
534.25,0.05156568,0.01016712
534.5,0.05780268,0.0095418
534.75,0.052137,0.00842832
535,0.04998024,0.00690768
535.25,0.08190504,0.00810756
535.5,0.10779372,0.00853632
535.75,0.12611376,0.0139374
536,0.12424428,0.01297296
536.25,0.13957164,0.008964
536.5,0.1299186,0.01211112
536.75,0.17174376,0.01434024
537,0.21609828,0.02629152
537.25,0.24568056,0.04076136
537.5,0.17556804,0.02051352
537.75,0.26122068,0.05188752
538,0.3220506,0.05294376
538.25,0.33455376,0.05487804
538.5,0.28877364,0.0550422
538.75,0.26760132,0.04538484
539,0.30512484,0.05282064
539.25,0.29821608,0.059805
539.5,0.24810192,0.0481248
539.75,0.24265116,0.04606092
540,0.3101436,0.07381908
540.25,0.2601828,0.05960088
540.5,0.2914596,0.06933924
540.75,0.26766612,0.06119064
541,0.23724792,0.05992272
541.25,0.1947078,0.03948048
541.5,0.27772848,0.04799412
541.75,0.23074416,0.04624884
542,0.24174828,0.03859812
542.25,0.24309396,0.04909788
542.5,0.21567708,0.0328914
542.75,0.22468212,0.03381264
543,0.25557228,0.0351756
543.25,0.24622164,0.0318924
543.5,0.216027,0.0389124
543.75,0.2505708,0.03662496
544,0.20475612,0.04125384
544.25,0.1829844,0.02512728
544.5,0.1720386,0.01941192
544.75,0.16527672,0.01953396
545,0.17133876,0.01628964
545.25,0.16779204,0.01561356
545.5,0.13550112,0.01098468
545.75,0.12898656,0.0128682
546,0.13692132,0.0179442
546.25,0.12327012,0.02090124
546.5,0.10522332,0.011394
546.75,0.09111744,0.01224396
547,0.08752212,0.019845
547.25,0.08831268,0.01841292
547.5,0.09785772,0.01733832
547.75,0.09807048,0.01620756
548,0.09666756,0.01933092
548.25,0.08934408,0.01713096
548.5,0.085536,0.0159354
548.75,0.07642836,0.01651644
549,0.081594,0.01581444
549.25,0.07273908,0.01337364
549.5,0.08167284,0.01515348
549.75,0.0811026,0.01474308
550,0.0778032,0.0130896
550.25,0.07034256,0.0105786
550.5,0.06838128,0.01044036
550.75,0.06837264,0.01248264
551,0.07275744,0.01666764
551.25,0.06526548,0.01367388
551.5,0.0698058,0.01515456
551.75,0.07001208,0.01646784
552,0.06983712,0.01836756
552.25,0.06489072,0.01472148
552.5,0.06046056,0.01495908
552.75,0.06455484,0.01776384
553,0.06415524,0.01721844
553.25,0.066852,0.01716984
553.5,0.0667926,0.01998
553.75,0.07188372,0.02213028
554,0.06587244,0.01444392
554.25,0.067662,0.01563624
554.5,0.06938892,0.01980504
554.75,0.07157916,0.02014956
555,0.06452568,0.01679616
555.25,0.06580116,0.02073384
555.5,0.06253308,0.01410696
555.75,0.06116796,0.01243296
556,0.05999616,0.01234548
556.25,0.0620082,0.0157032
556.5,0.05554764,0.01503036
556.75,0.05881572,0.01339092
557,0.06000048,0.013365
557.25,0.05818932,0.01517184
557.5,0.06522012,0.0177498
557.75,0.06781752,0.01701864
558,0.06608736,0.01889784
558.25,0.0608634,0.0206874
558.5,0.05674644,0.01845396
558.75,0.04812048,0.0134136
559,0.06168636,0.01701972
559.25,0.08528976,0.01467072
559.5,0.10663704,0.0201474
559.75,0.117639,0.02063016
560,0.09780048,0.02279664
560.25,0.15362892,0.023004
560.5,0.15724476,0.01662768
560.75,0.18073044,0.03177252
561,0.21679272,0.03859596
561.25,0.20748204,0.026136
561.5,0.25903584,0.02636172
561.75,0.25792776,0.02956716
562,0.2276046,0.02489292
562.25,0.308097,0.03109968
562.5,0.2668572,0.03449628
562.75,0.25414992,0.03809376
563,0.2851362,0.04399596
563.25,0.3037608,0.05193828
563.5,0.28592676,0.03978396
563.75,0.33300936,0.04613004
564,0.28008072,0.04213728
564.25,0.2643516,0.04524552
564.5,0.19305972,0.0317412
564.75,0.18576,0.02419092
565,0.170208,0.02986308
565.25,0.1937466,0.02305044
565.5,0.19052496,0.01555308
565.75,0.191403,0.0185166
566,0.18852588,0.01903608
566.25,0.16071156,0.02511972
566.5,0.1511838,0.02088828
566.75,0.15822648,0.02172852
567,0.17184312,0.0144396
567.25,0.14793084,0.01356588
567.5,0.13448376,0.01795176
567.75,0.12404232,0.01924668
568,0.13703796,0.01220832
568.25,0.13749588,0.015228
568.5,0.13640292,0.02153628
568.75,0.1637982,0.02162808
569,0.14542416,0.01548828
569.25,0.125685,0.01347732
569.5,0.11468952,0.01375704
569.75,0.1068876,0.01686636
570,0.10441224,0.01400868
570.25,0.1112616,0.02834028
570.5,0.09387576,0.02446092
570.75,0.08694324,0.01408968
571,0.08272476,0.01421172
571.25,0.0823284,0.02289384
571.5,0.08804484,0.02692548
571.75,0.09774756,0.01878876
572,0.08796276,0.01755648
572.25,0.09827352,0.01847772
572.5,0.09645264,0.0285822
572.75,0.08398944,0.02471364
573,0.11082204,0.0288738
573.25,0.09446004,0.02193588
573.5,0.08840664,0.01974996
573.75,0.0942192,0.01769148
574,0.082188,0.01881792
574.25,0.07339464,0.0183222
574.5,0.07136316,0.0196074
574.75,0.06962544,0.015174
575,0.0736722,0.0211356
575.25,0.07825356,0.02553984
575.5,0.08112852,0.0308502
575.75,0.0795528,0.02757132
576,0.07052184,0.0176904
576.25,0.06751296,0.01589112
576.5,0.06528276,0.0131382
576.75,0.06435396,0.01319436
577,0.068958,0.01692468
577.25,0.06343596,0.01747548
577.5,0.066312,0.01694088
577.75,0.06603552,0.0209088
578,0.07188264,0.02183976
578.25,0.071334,0.02058588
578.5,0.07011252,0.01962252
578.75,0.072387,0.02056644
579,0.06615216,0.01761912
579.25,0.06616836,0.01707156
579.5,0.06726348,0.01637172
579.75,0.0667224,0.01863324
580,0.06564888,0.01816236
580.25,0.0647352,0.01623024
580.5,0.06239808,0.0167454
580.75,0.06177492,0.0173664
581,0.062775,0.01559088
581.25,0.06330744,0.01519452
581.5,0.06679692,0.01929528
581.75,0.0615816,0.01383804
582,0.05665464,0.01167912
582.25,0.05046624,0.01162188
582.5,0.05076648,0.012933
582.75,0.05085612,0.01389204
583,0.04867128,0.0087696
583.25,0.05115528,0.00963252
583.5,0.05144688,0.01133352
583.75,0.05295672,0.01049112
584,0.04062852,0.0071172
584.25,0.04827492,0.01054944
584.5,0.04872204,0.0113184
584.75,0.04971564,0.0086508
585,0.05370624,0.0087318
585.25,0.05565564,0.01031292
585.5,0.05979852,0.01432836
585.75,0.05943888,0.0132462
586,0.0532818,0.01134
586.25,0.07005744,0.0171018
586.5,0.0544752,0.01791396
586.75,0.05271804,0.01508976
587,0.060561,0.01892916
587.25,0.06083424,0.01963872
587.5,0.06569424,0.01543428
587.75,0.0678996,0.01234872
588,0.06524496,0.01319328
588.25,0.07099596,0.01586952
588.5,0.0617814,0.01586304
588.75,0.05810724,0.01315116
589,0.05028156,0.01325376
589.25,0.05619996,0.01685124
589.5,0.0622674,0.01513404
589.75,0.06509592,0.015471
590,0.06371892,0.0173394
590.25,0.06237108,0.01200096
590.5,0.06005448,0.00867672
590.75,0.05752944,0.00920592
591,0.0568566,0.01143396
591.25,0.06746544,0.012393
591.5,0.05060988,0.01073196
591.75,0.05478408,0.01341036
592,0.05966784,0.01394712
592.25,0.05597856,0.01144584
592.5,0.05520744,0.0108162
592.75,0.05405724,0.0119124
593,0.05666436,0.01105272
593.25,0.05961384,0.00985068
593.5,0.06461316,0.01481976
593.75,0.06507648,0.01518264
594,0.05568264,0.01290276
594.25,0.05727348,0.00757404
594.5,0.05113044,0.0100008
594.75,0.05660928,0.01060776
595,0.04887756,0.01263384
595.25,0.05730372,0.00980856
595.5,0.05948856,0.01421388
595.75,0.06930252,0.02163888
596,0.08106912,0.01723248
596.25,0.07688304,0.01551744
596.5,0.07657092,0.01591056
596.75,0.07287516,0.01533708
597,0.08088228,0.0170586
597.25,0.07992432,0.01761696
597.5,0.070929,0.01376568
597.75,0.07101756,0.01559736
598,0.06841692,0.01479816
598.25,0.06991812,0.01456164
598.5,0.06735204,0.01565352
598.75,0.06578172,0.01634688
599,0.07303932,0.0164862
599.25,0.06807456,0.01686096
599.5,0.0727812,0.01722276
599.75,0.07422948,0.0168804
600,0.06517152,0.015039
600.25,0.06731856,0.017496
600.5,0.0628668,0.01629072
600.75,0.06435072,0.01550016
601,0.06374376,0.01631664
601.25,0.06241644,0.02025108
601.5,0.06520284,0.01702836
601.75,0.06402132,0.01561464
602,0.06633036,0.01793664
602.25,0.06694812,0.02052648
602.5,0.06601392,0.0168372
602.75,0.06979608,0.018657
603,0.06553872,0.01527228
603.25,0.06422976,0.01616652
603.5,0.06267996,0.01464048
603.75,0.06194772,0.01546128
604,0.06041736,0.01737288
604.25,0.05769468,0.016659
604.5,0.05697648,0.014364
604.75,0.05679396,0.01423764
605,0.0591138,0.01329804
605.25,0.0595728,0.01092312
605.5,0.05977368,0.011367
605.75,0.06135372,0.01436724
606,0.05176656,0.01315764
606.25,0.05192964,0.0115614
606.5,0.04744224,0.01300428
606.75,0.04729212,0.01350756
607,0.0431298,0.01128168
607.25,0.04285224,0.00923832
607.5,0.04714308,0.01621512
607.75,0.05222556,0.01820016
608,0.03814344,0.0136944
608.25,0.03995784,0.01583496
608.5,0.0403812,0.01705644
608.75,0.04734504,0.01714284
609,0.05257548,0.01109484
609.25,0.05562756,0.01198044
609.5,0.0563166,0.012771
609.75,0.05752728,0.01153872
610,0.06211512,0.01219104
610.25,0.0661878,0.01613088
610.5,0.0470286,0.01405296
610.75,0.05129136,0.01300644
611,0.062181,0.0140292
611.25,0.06040656,0.01511244
611.5,0.064746,0.01553256
611.75,0.0676998,0.01563192
612,0.05874012,0.0103734
612.25,0.06363144,0.01427544
612.5,0.0596916,0.0143586
612.75,0.05655636,0.01045656
613,0.05112396,0.0110754
613.25,0.04984416,0.0142236
613.5,0.05423868,0.01258416
613.75,0.05658876,0.01088964
614,0.06499008,0.01426788
614.25,0.06604308,0.01798848
614.5,0.06179976,0.01585548
614.75,0.06499764,0.01251288
615,0.06821172,0.01581336
615.25,0.05904468,0.011664
615.5,0.04589568,0.00910224
615.75,0.05458536,0.0144234
616,0.05779296,0.01396548
616.25,0.0556686,0.00927828
616.5,0.0514998,0.00666036
616.75,0.05436504,0.00761184
617,0.05717304,0.00732348
617.25,0.0598644,0.00811404
617.5,0.05807592,0.0092826
617.75,0.0603774,0.00938952
618,0.05919804,0.00888948
618.25,0.05945724,0.0069714
618.5,0.05857488,0.0064314
618.75,0.056673,0.00831168
619,0.05986116,0.00914652
619.25,0.05397408,0.00616572
619.5,0.062721,0.00984096
619.75,0.07429752,0.01310796
620,0.07535808,0.00979668
620.25,0.07162236,0.01072008
620.5,0.07507944,0.01113156
620.75,0.07607736,0.0141966
621,0.07521876,0.0117504
621.25,0.07532244,0.01125576
621.5,0.07310088,0.01163484
621.75,0.0738558,0.01343736
622,0.06765228,0.01221588
622.25,0.06836076,0.01183896
622.5,0.06584544,0.0122796
622.75,0.069795,0.01337364
623,0.06598368,0.01227744
623.25,0.06729372,0.01289088
623.5,0.07062012,0.01582416
623.75,0.07129836,0.01689012
624,0.06378264,0.01427652
624.25,0.06908328,0.0210654
624.5,0.06809724,0.01857492
624.75,0.06015276,0.01550124
625,0.05914836,0.01667628
625.25,0.06173064,0.01903284
625.5,0.06749136,0.02062044
625.75,0.06675156,0.02108916
626,0.06884244,0.02662956
626.25,0.07024752,0.02764584
626.5,0.06014952,0.02116908
626.75,0.06336468,0.02094768
627,0.05835996,0.01865268
627.25,0.05688144,0.0167454
627.5,0.06133968,0.01664496
627.75,0.06032988,0.01676484
628,0.05804244,0.01424088
628.25,0.06363252,0.02157408
628.5,0.05867208,0.01804464
628.75,0.0567702,0.01439748
629,0.05769576,0.01781244
629.25,0.05621724,0.01582632
629.5,0.0631692,0.02371896
629.75,0.06142716,0.01772712
630,0.050355,0.01616544
630.25,0.04810644,0.02163456
630.5,0.04634604,0.01258092
630.75,0.0519156,0.01702188
631,0.05286276,0.01073628
631.25,0.05823252,0.00784944
631.5,0.09056556,0.00661716
631.75,0.13088952,0.01024596
632,0.1047654,0.00684504
632.25,0.12530052,0.01383048
632.5,0.12638808,0.01523556
632.75,0.16280676,0.01961388
633,0.20306376,0.02007612
633.25,0.21716316,0.0132354
633.5,0.24626808,0.02647404
633.75,0.22820508,0.02142396
634,0.23167512,0.01075788
634.25,0.21150288,0.01585224
634.5,0.22447692,0.01629936
634.75,0.23341608,0.02540268
635,0.32482296,0.03706884
635.25,0.28807596,0.02162376
635.5,0.26127684,0.03190212
635.75,0.29017116,0.0346518
636,0.25999704,0.03367548
636.25,0.23017068,0.02690712
636.5,0.20825748,0.01965816
636.75,0.26471232,0.03477816
637,0.19575108,0.0146016
637.25,0.21613392,0.02510352
637.5,0.19163844,0.01681992
637.75,0.18351684,0.01721844
638,0.18996984,0.02598048
638.25,0.18594036,0.0279612
638.5,0.17245332,0.0215568
638.75,0.1554012,0.02211732
639,0.15954516,0.02235276
639.25,0.1457892,0.0231336
639.5,0.13243284,0.02299644
639.75,0.1386558,0.01925964
640,0.16560072,0.02426436
640.25,0.15273144,0.02056644
640.5,0.13278276,0.02062908
640.75,0.14691132,0.0232632
641,0.14548032,0.01848204
641.25,0.1460106,0.01539756
641.5,0.12364488,0.02542536
641.75,0.10868688,0.00940572
642,0.113616,0.01499796
642.25,0.09504216,0.01581012
642.5,0.1024758,0.01923372
642.75,0.09456804,0.019683
643,0.07920828,0.0185544
643.25,0.06961356,0.01306152
643.5,0.083943,0.0167562
643.75,0.08593236,0.02113668
644,0.0840402,0.01392336
644.25,0.07876656,0.0121446
644.5,0.08669268,0.0143964
644.75,0.07654068,0.01174176
645,0.07870932,0.01317384
645.25,0.08707608,0.01082376
645.5,0.07905924,0.01060776
645.75,0.07355772,0.0107028
646,0.06952716,0.00976428
646.25,0.07197876,0.01030104
646.5,0.06728724,0.00903528
646.75,0.0686232,0.01243728
647,0.06538428,0.01415772
647.25,0.06383772,0.01365444
647.5,0.06691248,0.01349244
647.75,0.07170444,0.02229768
648,0.06471468,0.01772604
648.25,0.06466176,0.01847772
648.5,0.06133104,0.02218644
648.75,0.06088716,0.01919052
649,0.06010092,0.01986768
649.25,0.06282144,0.0165564
649.5,0.06805728,0.01829628
649.75,0.0637956,0.01651644
650,0.0689526,0.01880172
650.25,0.06380856,0.01968948
650.5,0.06658956,0.02109564
650.75,0.06846552,0.02184732
651,0.06489396,0.01595592
651.25,0.0643734,0.01527012
651.5,0.0625374,0.01640088
651.75,0.05830704,0.01435644
652,0.0564894,0.01259604
652.25,0.0598644,0.01383588
652.5,0.05758128,0.01269756
652.75,0.05273964,0.01055376
653,0.0590382,0.012636
653.25,0.05829408,0.01840212
653.5,0.062964,0.01531332
653.75,0.06492204,0.01560276
654,0.05796684,0.01271592
654.25,0.05863536,0.0143856
654.5,0.04952016,0.00839484
654.75,0.05465124,0.01009692
655,0.07273692,0.01429488
655.25,0.08094708,0.00918216
655.5,0.10840176,0.00647136
655.75,0.097875,0.01119852
656,0.12243636,0.01338876
656.25,0.12755124,0.0110592
656.5,0.12691512,0.010719
656.75,0.21443832,0.02292624
657,0.17892144,0.03592296
657.25,0.22108248,0.03932064
657.5,0.2440908,0.04064148
657.75,0.2381832,0.04778568
658,0.24408648,0.03159
658.25,0.2569698,0.02968812
658.5,0.28233252,0.0291384
658.75,0.23699628,0.02695788
659,0.24294168,0.02213784
659.25,0.26854956,0.0286632
659.5,0.2711286,0.02849688
659.75,0.26543376,0.0308988
660,0.20723472,0.0144018
660.25,0.25414344,0.02145636
660.5,0.22951296,0.02137428
660.75,0.22319388,0.02251044
661,0.21696228,0.0260604
661.25,0.1907334,0.01856412
661.5,0.2079216,0.01629288
661.75,0.2023002,0.01579608
662,0.18588528,0.02563272
662.25,0.17752716,0.02255796
662.5,0.23959908,0.01974348
662.75,0.1891674,0.02679156
663,0.18264204,0.02291328
663.25,0.2055348,0.03213972
663.5,0.200556,0.02983824
663.75,0.14901516,0.02123604
664,0.1694682,0.02143368
664.25,0.1565892,0.0207198
664.5,0.17602488,0.022167
664.75,0.16342776,0.02217888
665,0.19725228,0.03215268
665.25,0.14132556,0.02165616
665.5,0.1582362,0.01682964
665.75,0.12149892,0.01570428
666,0.10555272,0.01615248
666.25,0.10246176,0.01677132
666.5,0.097767,0.01691064
666.75,0.08265348,0.009315
667,0.08302176,0.01174608
667.25,0.07533972,0.01085076
667.5,0.08013924,0.01484892
667.75,0.08247636,0.01441152
668,0.09296856,0.01240164
668.25,0.08049132,0.00956556
668.5,0.08385768,0.00845316
668.75,0.08459748,0.0071874
669,0.08009064,0.00877824
669.25,0.07732476,0.009234
669.5,0.07885188,0.01238544
669.75,0.076815,0.01164024
670,0.07485912,0.01399356
670.25,0.06981012,0.01516644
670.5,0.07306416,0.01572372
670.75,0.07246908,0.01789452
671,0.06711336,0.01744092
671.25,0.0707022,0.0169668
671.5,0.0685584,0.01621836
671.75,0.0700164,0.01567512
672,0.06517908,0.01658556
672.25,0.06986196,0.0180144
672.5,0.06263676,0.01505736
672.75,0.06482484,0.02045736
673,0.0644274,0.0166482
673.25,0.06515964,0.01520316
673.5,0.0687258,0.0156114
673.75,0.0704862,0.01902852
674,0.07055316,0.02096604
674.25,0.0657504,0.01705428
674.5,0.07468308,0.02647944
674.75,0.06921288,0.01991736
675,0.0708102,0.02332044
675.25,0.06566508,0.01638252
675.5,0.0676836,0.0165132
675.75,0.06336792,0.01803276
676,0.06356232,0.0178794
676.25,0.06647508,0.02527524
676.5,0.06030504,0.01892268
676.75,0.06338844,0.02133756
677,0.06349104,0.02048976
677.25,0.0613656,0.0178524
677.5,0.0669654,0.02058264
677.75,0.06373296,0.01956096
678,0.05557788,0.01486188
678.25,0.05289948,0.0123822
678.5,0.05284008,0.01264572
678.75,0.05396328,0.01182816
679,0.06190776,0.0102924
679.25,0.07692732,0.01068984
679.5,0.1020816,0.01160784
679.75,0.10473192,0.01327644
680,0.13043376,0.0248778
680.25,0.14989212,0.02025
680.5,0.1839618,0.01859544
680.75,0.19216764,0.01710612
681,0.22533012,0.0238572
681.25,0.20907612,0.02525904
681.5,0.2159568,0.0210924
681.75,0.244458,0.02685528
682,0.23481792,0.02562192
682.25,0.21692124,0.01626048
682.5,0.2148714,0.01978236
682.75,0.2617218,0.02459916
683,0.29347596,0.02795796
683.25,0.26500392,0.02706912
683.5,0.22460544,0.02111184
683.75,0.24841944,0.02573856
684,0.20268576,0.01848528
684.25,0.25101252,0.03716604
684.5,0.19401768,0.02105244
684.75,0.23496048,0.03398868
685,0.22122936,0.03221748
685.25,0.18499428,0.01821852
685.5,0.2373948,0.02549016
685.75,0.18843516,0.01726488
686,0.1940436,0.02328804
686.25,0.17985888,0.02284092
686.5,0.23008428,0.02882412
686.75,0.16124184,0.0227178
687,0.17782848,0.0189378
687.25,0.2149848,0.0330318
687.5,0.162783,0.02549124
687.75,0.19116756,0.02193696
688,0.18423612,0.0216324
688.25,0.1858032,0.0299268
688.5,0.15273792,0.01336608
688.75,0.13688784,0.01543752
689,0.13877136,0.01938492
689.25,0.11785824,0.01763964
689.5,0.11390112,0.0129762
689.75,0.10460772,0.01319652
690,0.0791262,0.01365012
690.25,0.07789932,0.01141344
690.5,0.068472,0.01288656
690.75,0.05624856,0.0085914
691,0.05780484,0.00988308
691.25,0.0619326,0.01182816
691.5,0.0677376,0.01726488
691.75,0.07895448,0.01725624
692,0.09159804,0.01162836
692.25,0.07306632,0.0134622
692.5,0.0734022,0.014337
692.75,0.07255332,0.0148338
693,0.0735912,0.01333368
693.25,0.07020216,0.01211112
693.5,0.07090956,0.01171152
693.75,0.07564212,0.01525932
694,0.07566804,0.01113048
694.25,0.06898392,0.01074276
694.5,0.07305012,0.01340496
694.75,0.07410636,0.0201258
695,0.06644916,0.01296
695.25,0.06647616,0.01347516
695.5,0.07445412,0.01664172
695.75,0.06826464,0.0158166
696,0.06694704,0.01549692
696.25,0.07320564,0.02137968
696.5,0.06205788,0.01623564
696.75,0.06306876,0.0187758
697,0.063936,0.01689012
697.25,0.06032232,0.01560708
697.5,0.06271776,0.01731672
697.75,0.06957468,0.02407644
698,0.06284628,0.01882224
698.25,0.06879384,0.02175336
698.5,0.06786936,0.02248452
698.75,0.06802812,0.01830816
699,0.0636012,0.01744632
699.25,0.06244776,0.01429056
699.5,0.06500412,0.01617624
699.75,0.0643248,0.01700244
700,0.06002964,0.01629396
700.25,0.0650106,0.01710396
700.5,0.05943348,0.0153198
700.75,0.06297156,0.0205848
701,0.05588136,0.01441692
701.25,0.0628884,0.01630044
701.5,0.0604044,0.01657908
701.75,0.0631098,0.017847
702,0.06763284,0.0175284
702.25,0.05657688,0.0122796
702.5,0.04903524,0.0142182
702.75,0.05680368,0.0185598
703,0.05809428,0.01356264
703.25,0.07799544,0.01307556
703.5,0.09713196,0.01800684
703.75,0.12994668,0.01678536
704,0.1104516,0.00847476
704.25,0.17558964,0.01988388
704.5,0.14844276,0.02166588
704.75,0.22288392,0.032616
705,0.1638792,0.02673432
705.25,0.15908724,0.02338092
705.5,0.20730492,0.02706156
705.75,0.22184604,0.03512484
706,0.25160328,0.03840696
706.25,0.2068686,0.02259576
706.5,0.22747068,0.03331908
706.75,0.24593328,0.03553956
707,0.23638608,0.02832408
707.25,0.246456,0.02497608
707.5,0.25980804,0.03535488
707.75,0.20616984,0.03198744
708,0.20718936,0.03184488
708.25,0.2186622,0.04201092
708.5,0.20063376,0.03498552
708.75,0.19546272,0.02724408
709,0.1681344,0.0330642
709.25,0.18284724,0.03313008
709.5,0.15522192,0.02094444
709.75,0.15329412,0.01546884
710,0.17093592,0.02180088
710.25,0.14249736,0.01919484
710.5,0.1744578,0.0259578
710.75,0.14999472,0.02068308
711,0.16321932,0.01576584
711.25,0.16459524,0.01757268
711.5,0.1325808,0.0197262
711.75,0.14842656,0.01515132
712,0.1531116,0.0213462
712.25,0.14648904,0.0137916
712.5,0.1113372,0.00899208
712.75,0.13408092,0.00949428
713,0.097875,0.0057888
713.25,0.10262916,0.00675972
713.5,0.08663976,0.00650484
713.75,0.11491524,0.00874692
714,0.09255492,0.0126306
714.25,0.09848844,0.01590732
714.5,0.07604064,0.01329264
714.75,0.06521796,0.0074034
715,0.0637848,0.00605772
715.25,0.05931576,0.00534492
715.5,0.06697836,0.01180764
715.75,0.0798066,0.01850148
716,0.08041356,0.01188756
716.25,0.0783,0.0113292
716.5,0.07934976,0.01544724
716.75,0.07355664,0.01015308
717,0.07336764,0.00978048
717.25,0.07211592,0.00685152
717.5,0.07202844,0.0086886
717.75,0.07107048,0.0098658
718,0.0769986,0.01087128
718.25,0.0780408,0.01083888
718.5,0.07083936,0.0132354
718.75,0.06798924,0.01197828
719,0.07107696,0.01343628
719.25,0.06451488,0.01046088
719.5,0.07524252,0.01706508
719.75,0.06977664,0.01180332
720,0.06307632,0.01222344
720.25,0.06535188,0.01221048
720.5,0.06365628,0.01250532
720.75,0.05662224,0.01427328
721,0.06367248,0.01687716
721.25,0.06140772,0.01203012
721.5,0.06735528,0.014094
721.75,0.06115392,0.0131976
722,0.06406452,0.01620864
722.25,0.07143228,0.01549692
722.5,0.0671328,0.01397952
722.75,0.0649674,0.01583064
723,0.06491988,0.01555848
723.25,0.0647082,0.01753704
723.5,0.06091524,0.01665252
723.75,0.06351264,0.01986768
724,0.0609606,0.0168966
724.25,0.06231924,0.01771956
724.5,0.05731236,0.01538244
724.75,0.058779,0.0154656
725,0.05655096,0.01569024
725.25,0.06263892,0.01698624
725.5,0.0654966,0.01513512
725.75,0.06430104,0.01519452
726,0.05679396,0.01508976
726.25,0.05446872,0.01679076
726.5,0.0535248,0.00962604
726.75,0.0512514,0.01210788
727,0.0686934,0.01329048
727.25,0.06675156,0.00772308
727.5,0.07400484,0.02238624
727.75,0.05808348,0.01078812
728,0.07551684,0.01618704
728.25,0.1417392,0.03339036
728.5,0.16351956,0.02044332
728.75,0.15911748,0.02427408
729,0.21094776,0.02145312
729.25,0.15311376,0.03037176
729.5,0.20421396,0.02883384
729.75,0.20840544,0.02678292
730,0.1818882,0.02958336
730.25,0.163053,0.0253368
730.5,0.20594304,0.03278448
730.75,0.21384324,0.03132432
731,0.20304756,0.0221508
731.25,0.21484656,0.03169476
731.5,0.23943492,0.031158
731.75,0.226854,0.03265812
732,0.18448884,0.02566728
732.25,0.18315504,0.0286308
732.5,0.15740244,0.02146176
732.75,0.15568092,0.01434564
733,0.12044268,0.01567404
733.25,0.14111388,0.0245646
733.5,0.12920796,0.0140292
733.75,0.13777776,0.01361232
734,0.17162604,0.02005992
734.25,0.1388016,0.01136808
734.5,0.11901924,0.01124388
734.75,0.12662676,0.01483488
735,0.13979736,0.01336068
735.25,0.14580648,0.0198234
735.5,0.105948,0.0129924
735.75,0.11998584,0.01346328
736,0.11961648,0.0145314
736.25,0.12249252,0.00901908
736.5,0.1242378,0.0136728
736.75,0.11083392,0.01432944
737,0.102897,0.01520964
737.25,0.12995964,0.015822
737.5,0.10301256,0.01599372
737.75,0.0923778,0.01751436
738,0.1091286,0.01225692
738.25,0.07690356,0.00918864
738.5,0.09587268,0.01306368
738.75,0.10124676,0.01637712
739,0.09807696,0.01445256
739.25,0.07058124,0.01409292
739.5,0.09658656,0.01766448
739.75,0.08942832,0.01537056
740,0.1155276,0.01753164
740.25,0.11804508,0.01401948
740.5,0.09249876,0.01669032
740.75,0.08697132,0.01357992
741,0.09142092,0.01225044
741.25,0.10821708,0.0162
741.5,0.08817552,0.01245564
741.75,0.08667324,0.01367604
742,0.07762392,0.01178172
742.25,0.08076996,0.0096822
742.5,0.07727616,0.01196532
742.75,0.0760482,0.01441476
743,0.07771356,0.01509192
743.25,0.07430832,0.012312
743.5,0.077382,0.0150282
743.75,0.07782912,0.018279
744,0.07756776,0.01724328
744.25,0.07640244,0.01419876
744.5,0.07191504,0.01258956
744.75,0.07233192,0.01594404
745,0.07319484,0.01449468
745.25,0.075735,0.01977912
745.5,0.07757208,0.02032884
745.75,0.07843716,0.02188836
746,0.07864452,0.02004588
746.25,0.07809804,0.02025648
746.5,0.07695756,0.01533276
746.75,0.08084556,0.01972836
747,0.0714474,0.01553904
747.25,0.072387,0.016902
747.5,0.07518852,0.01726596
747.75,0.07478244,0.01695384
748,0.07349616,0.01877148
748.25,0.0716904,0.01745172
748.5,0.06887268,0.01629936
748.75,0.06860484,0.01611468
749,0.07157268,0.01782648
749.25,0.06911784,0.01339416
749.5,0.0737154,0.01298268
749.75,0.07521012,0.01246212
750,0.069579,0.01873152
750.25,0.05672916,0.0168858
750.5,0.05238972,0.00880416
750.75,0.05184,0.0096606
751,0.056322,0.00742608
751.25,0.06271884,0.01054404
751.5,0.05905764,0.01055376
751.75,0.062262,0.011772
752,0.0457704,0.01053756
752.25,0.04443984,0.01882656
752.5,0.04729212,0.03403188
752.75,0.04851252,0.02986416
753,0.05103,0.02842128
753.25,0.05666868,0.0292194
753.5,0.06257304,0.02246832
753.75,0.07161264,0.009828
754,0.06772572,0.01153008
754.25,0.07525116,0.00859356
754.5,0.04806216,0.01575396
754.75,0.05766984,0.01154736
755,0.07118064,0.01696356
755.25,0.0673056,0.01696248
755.5,0.0726786,0.01718172
755.75,0.08132508,0.01439316
756,0.06931224,0.01403136
756.25,0.07032312,0.0161406
756.5,0.06985548,0.01852092
756.75,0.05862348,0.0126468
757,0.05178492,0.01346976
757.25,0.05895612,0.01524312
757.5,0.0579852,0.01622052
757.75,0.0744822,0.01866888
758,0.06459696,0.01522908
758.25,0.06354612,0.01306584
758.5,0.066366,0.01338876
758.75,0.06687792,0.01274184
759,0.06068628,0.01095228
759.25,0.07112016,0.013365
759.5,0.0606798,0.01214352
759.75,0.06337008,0.0134082
760,0.06628068,0.01139832
760.25,0.0738396,0.01337256
760.5,0.0698652,0.01337472
760.75,0.07000776,0.01262196
761,0.07374672,0.0106002
761.25,0.08104752,0.01196856
761.5,0.07828056,0.01070064
761.75,0.0817452,0.01382832
762,0.07021188,0.01602396
762.25,0.06763068,0.0143532
762.5,0.06746328,0.01171476
762.75,0.06463476,0.0114372
763,0.05867532,0.01125468
763.25,0.0560088,0.00987012
763.5,0.06296832,0.01576152
763.75,0.06713172,0.01512756
764,0.0862272,0.02178468
764.25,0.0884358,0.01788372
764.5,0.09110556,0.01984176
764.75,0.08876844,0.02052108
765,0.08910648,0.02049192
765.25,0.09788364,0.02188512
765.5,0.09667296,0.02182032
765.75,0.0878688,0.01810728
766,0.08911836,0.01656396
766.25,0.08290836,0.01532628
766.5,0.07927416,0.0164214
766.75,0.0844452,0.02058372
767,0.08205408,0.01639116
767.25,0.0836838,0.01394388
767.5,0.0877284,0.0161136
767.75,0.08667864,0.015444
768,0.07910244,0.01462536
768.25,0.07988652,0.01369656
768.5,0.07502004,0.01137024
768.75,0.07641324,0.0119934
769,0.07733556,0.01192644
769.25,0.07185132,0.01441692
769.5,0.06479244,0.0367794
769.75,0.06659604,0.03506112
770,0.0612684,0.03302856
770.25,0.06056316,0.03098196
770.5,0.06201252,0.03818124
770.75,0.06583248,0.0449712
771,0.05745816,0.03822984
771.25,0.06022512,0.03358368
771.5,0.06371136,0.03452004
771.75,0.05972508,0.0400194
772,0.05682528,0.04645512
772.25,0.05701644,0.03803544
772.5,0.06399648,0.02746224
772.75,0.07296588,0.02234628
773,0.0719334,0.02097036
773.25,0.0735102,0.02145312
773.5,0.07546824,0.01730916
773.75,0.07145604,0.0150444
774,0.06425244,0.0159408
774.25,0.0572292,0.01643328
774.5,0.06138828,0.01658988
774.75,0.0556308,0.01275696
775,0.05611464,0.01660068
775.25,0.06057936,0.02242836
775.5,0.05704128,0.01527552
775.75,0.05713092,0.01546344
776,0.04059504,0.01323972
776.25,0.04343436,0.01575936
776.5,0.05054724,0.01421064
776.75,0.05578956,0.01898856
777,0.06132024,0.02101788
777.25,0.0558846,0.01327968
777.5,0.06436152,0.01327752
777.75,0.06892452,0.01267812
778,0.07074756,0.01001592
778.25,0.06993648,0.00943812
778.5,0.04926204,0.0074952
778.75,0.05120064,0.00616032
779,0.06136884,0.00848124
779.25,0.06603876,0.0096822
779.5,0.0758214,0.00845748
779.75,0.073926,0.00673056
780,0.06524712,0.00649728
780.25,0.07129728,0.00776628
780.5,0.06731748,0.00563544
780.75,0.06505272,0.006129
781,0.05857812,0.01303992
781.25,0.05830488,0.011043
781.5,0.07177572,0.01194804
781.75,0.076923,0.01159812
782,0.07606872,0.01145016
782.25,0.07861968,0.01058724
782.5,0.07775568,0.00880524
782.75,0.08059716,0.01106676
783,0.07783992,0.01073736
783.25,0.0818046,0.0121608
783.5,0.06647724,0.0115182
783.75,0.0713124,0.00994032
784,0.0760806,0.00992844
784.25,0.07713144,0.00977292
784.5,0.0777924,0.01074276
784.75,0.07671456,0.010206
785,0.07575984,0.00868212
785.25,0.07476948,0.007641
785.5,0.07800732,0.00654372
785.75,0.07571988,0.0080622
786,0.07321212,0.00911736
786.25,0.0683262,0.0080946
786.5,0.067689,0.00671004
786.75,0.0722088,0.01174716
787,0.0667332,0.00819072
787.25,0.07476732,0.01023948
787.5,0.07882488,0.01677672
787.75,0.08219556,0.01159272
788,0.088938,0.01041876
788.25,0.08728776,0.01075248
788.5,0.08476056,0.00954612
788.75,0.08511804,0.0114534
789,0.08879652,0.01194588
789.25,0.0889974,0.01583496
789.5,0.08925984,0.01592352
789.75,0.08875872,0.0149742
790,0.08658792,0.01536624
790.25,0.08518716,0.01270512
790.5,0.08061336,0.0123606
790.75,0.08108748,0.01366632
791,0.08401752,0.01455516
791.25,0.08488044,0.01721304
791.5,0.08732124,0.01993788
791.75,0.0810324,0.01690308
792,0.07791984,0.0182898
792.25,0.08993052,0.02328912
792.5,0.0762264,0.01684476
792.75,0.08230788,0.02486916
793,0.08133048,0.01510164
793.25,0.07453296,0.01376892
793.5,0.08300124,0.01705968
793.75,0.07957332,0.01474092
794,0.08020836,0.01521072
794.25,0.0815238,0.01538136
794.5,0.08211888,0.01587924
794.75,0.084213,0.01831356
795,0.07672644,0.02048004
795.25,0.07846524,0.01761156
795.5,0.07528788,0.017604
795.75,0.07646292,0.0205902
796,0.07310304,0.01832328
796.25,0.07236,0.02088828
796.5,0.06758532,0.019872
796.75,0.06923016,0.01809324
797,0.07168176,0.01576584
797.25,0.0698274,0.01518048
797.5,0.08104536,0.01616112
797.75,0.0751464,0.01514592
798,0.07291836,0.01424844
798.25,0.07098084,0.01712772
798.5,0.06586812,0.01381752
798.75,0.06272748,0.01314684
799,0.06954876,0.01253772
799.25,0.06846984,0.01038312
799.5,0.07693812,0.00778572
799.75,0.10505052,0.01423332
800,0.12006684,0.02561652
800.25,0.12971988,0.0226206
800.5,0.15522624,0.02304288
800.75,0.17585856,0.0214974
801,0.2067066,0.01727784
801.25,0.18872568,0.0125928
801.5,0.24921972,0.02217564
801.75,0.23321844,0.01633068
802,0.2462778,0.01921968
802.25,0.25774416,0.01938492
802.5,0.254367,0.02134188
802.75,0.2484378,0.0153144
803,0.26489268,0.0201636
803.25,0.27401436,0.02356344
803.5,0.26287632,0.02436912
803.75,0.25931232,0.02520612
804,0.25156224,0.02309472
804.25,0.25427628,0.0305694
804.5,0.2327616,0.02437452
804.75,0.22957344,0.02322324
805,0.2080674,0.01693656
805.25,0.20746368,0.01574424
805.5,0.1978938,0.01668816
805.75,0.17998308,0.015174
806,0.19419156,0.01622484
806.25,0.20572272,0.02664252
806.5,0.19869192,0.02580552
806.75,0.21552264,0.025461
807,0.27595296,0.0470556
807.25,0.22061916,0.03435696
807.5,0.24848424,0.04903632
807.75,0.2164212,0.03580416
808,0.19387188,0.03295296
808.25,0.23522076,0.03762396
808.5,0.19185552,0.02360448
808.75,0.19193544,0.03173688
809,0.19102932,0.02512836
809.25,0.21277404,0.03211812
809.5,0.16672608,0.02328588
809.75,0.1397844,0.01807488
810,0.14968044,0.02369952
810.25,0.13987512,0.01827252
810.5,0.09766548,0.00948348
810.75,0.09282168,0.0108108
811,0.08746812,0.00832248
811.25,0.07367652,0.00632988
811.5,0.0772416,0.00982908
811.75,0.09429372,0.01218996
812,0.10172736,0.01309824
812.25,0.0987768,0.01655424
812.5,0.10993428,0.01858356
812.75,0.10872576,0.01313388
813,0.09696996,0.01633176
813.25,0.10210212,0.015444
813.5,0.09033012,0.00970704
813.75,0.09799056,0.02407644
814,0.09023724,0.01814508
814.25,0.08995104,0.01648296
814.5,0.08226468,0.01576152
814.75,0.08381448,0.01524096
815,0.08275068,0.01639764
815.25,0.0797094,0.01661148
815.5,0.08746056,0.01743768
815.75,0.08456832,0.01868076
816,0.07964244,0.01521288
816.25,0.07731504,0.0134298
816.5,0.073737,0.01195236
816.75,0.07176924,0.01274508
817,0.07315704,0.015606
817.25,0.0755136,0.01817856
817.5,0.07744464,0.01788804
817.75,0.07751808,0.01572804
818,0.0774522,0.01720872
818.25,0.07600068,0.01676484
818.5,0.07384068,0.01648944
818.75,0.07669188,0.0168156
819,0.07478784,0.01946268
819.25,0.07481916,0.02153196
819.5,0.07333308,0.0175014
819.75,0.06988572,0.01479276
820,0.06968592,0.01590192
820.25,0.07261596,0.016983
820.5,0.0703242,0.01697112
820.75,0.06928956,0.0169506
821,0.06859404,0.01571076
821.25,0.06719112,0.01765044
821.5,0.0769608,0.0205362
821.75,0.07474896,0.01966572
822,0.0693252,0.01468908
822.25,0.06174576,0.01379052
822.5,0.06138288,0.01017036
822.75,0.06647616,0.01894752
823,0.06262056,0.00816264
823.25,0.08087904,0.00540108
823.5,0.101925,0.00947592
823.75,0.12778344,0.01356588
824,0.1245564,0.00964116
824.25,0.15313212,0.02621268
824.5,0.17140572,0.02095416
824.75,0.18892656,0.01794528
825,0.20494404,0.01521936
825.25,0.22343904,0.01977048
825.5,0.23629212,0.02097468
825.75,0.26458596,0.0258822
826,0.27187488,0.03083724
826.25,0.2790126,0.03389148
826.5,0.26006508,0.03233412
826.75,0.27721764,0.0357048
827,0.28457676,0.0385614
827.25,0.2830788,0.03361932
827.5,0.27486,0.04034448
827.75,0.26762184,0.03488184
828,0.27078192,0.0331884
828.25,0.26785728,0.03405564
828.5,0.2538918,0.03276612
828.75,0.2462832,0.03170988
829,0.24544188,0.03788748
829.25,0.21085164,0.02318976
829.5,0.22782168,0.02475036
829.75,0.23832684,0.03109752
830,0.23707944,0.03093768
830.25,0.23228856,0.026703
830.5,0.2384208,0.03417768
830.75,0.23455116,0.02421468
831,0.23522832,0.02242512
831.25,0.24802632,0.02983824
831.5,0.208791,0.03097008
831.75,0.2208492,0.0245862
832,0.23290956,0.02274264
832.25,0.24098364,0.0260712
832.5,0.23365908,0.02457756
832.75,0.22341528,0.02310228
833,0.21832308,0.02315304
833.25,0.2192076,0.02433672
833.5,0.2110752,0.0159462
833.75,0.20068776,0.01697868
834,0.17948628,0.01435536
834.25,0.17788032,0.01809648
834.5,0.14600304,0.01617084
834.75,0.16122564,0.02604636
835,0.09308952,0.01314792
835.25,0.09136368,0.00658152
835.5,0.11006064,0.01560168
835.75,0.12123756,0.01958148
836,0.11324556,0.01099548
836.25,0.11295612,0.01227744
836.5,0.0991764,0.01041552
836.75,0.09704124,0.0125604
837,0.09642024,0.0120906
837.25,0.09529704,0.01078164
837.5,0.10070892,0.01421388
837.75,0.09709956,0.0120582
838,0.09212292,0.0097416
838.25,0.09513612,0.00914436
838.5,0.0864918,0.01077516
838.75,0.09056232,0.01169316
839,0.09232596,0.01327968
839.25,0.0902502,0.01660824
839.5,0.09331848,0.01658664
839.75,0.09453672,0.01919484
840,0.08788608,0.0177228
840.25,0.08582328,0.01815264
840.5,0.08196444,0.01781784
840.75,0.08221608,0.0198072
841,0.08299152,0.0167562
841.25,0.08301852,0.01873152
841.5,0.08512992,0.02062692
841.75,0.08736444,0.021519
842,0.0851256,0.01607472
842.25,0.0867618,0.01765476
842.5,0.08422596,0.01718928
842.75,0.08440848,0.01838808
843,0.07767576,0.01656936
843.25,0.08176248,0.02098764
843.5,0.0784242,0.01952424
843.75,0.0791748,0.0120258
844,0.0806004,0.0099954
844.25,0.07483644,0.00939168
844.5,0.07276176,0.01004616
844.75,0.07197984,0.00964548
845,0.07479324,0.00914544
845.25,0.07688304,0.01058724
845.5,0.08084232,0.01285524
845.75,0.0786726,0.01177632
846,0.0733536,0.01174716
846.25,0.070956,0.01257228
846.5,0.06798384,0.010665
846.75,0.06232896,0.00848988
847,0.05475168,0.00810756
847.25,0.07246152,0.00736884
847.5,0.09864828,0.01356912
847.75,0.11549952,0.0106056
848,0.13262508,0.01426248
848.25,0.175554,0.01514376
848.5,0.20287584,0.01894104
848.75,0.20835684,0.01764072
849,0.22535388,0.018927
849.25,0.23479308,0.01802628
849.5,0.26054244,0.01995624
849.75,0.28064232,0.0223776
850,0.29657772,0.0273942
850.25,0.29560248,0.02924532
850.5,0.2482974,0.02433996
850.75,0.25750656,0.02358288
851,0.26687664,0.02809836
851.25,0.26813268,0.02196612
851.5,0.27347976,0.02686824
851.75,0.27242244,0.0304236
852,0.26826984,0.02678508
852.25,0.25813944,0.02951316
852.5,0.23522832,0.02100168
852.75,0.24189732,0.02923992
853,0.23163084,0.031617
853.25,0.24145668,0.03265704
853.5,0.27556956,0.03902796
853.75,0.25756164,0.0348786
854,0.26397036,0.03065688
854.25,0.24600024,0.03771468
854.5,0.24481224,0.03468852
854.75,0.23638176,0.03368088
855,0.24191892,0.0411696
855.25,0.2383344,0.03955716
855.5,0.22670928,0.03848364
855.75,0.22923324,0.03706992
856,0.21927564,0.03977316
856.25,0.27080028,0.04192992
856.5,0.2155896,0.03328236
856.75,0.20881152,0.03387852
857,0.186597,0.02668356
857.25,0.17656164,0.01909656
857.5,0.18060192,0.02219508
857.75,0.15458148,0.020817
858,0.142398,0.01709964
858.25,0.1371546,0.01741716
858.5,0.11287188,0.01186488
858.75,0.11263968,0.01092312
859,0.1044414,0.01178712
859.25,0.10259028,0.01168128
859.5,0.10441764,0.0137916
859.75,0.1151172,0.01508004
860,0.1118826,0.01370844
860.25,0.116046,0.01333476
860.5,0.10712088,0.01560384
860.75,0.099873,0.01690848
861,0.10421892,0.0193428
861.25,0.09778968,0.0120906
861.5,0.10837044,0.01292652
861.75,0.09860832,0.01344492
862,0.09561456,0.013257
862.25,0.10763712,0.01710828
862.5,0.098766,0.01647216
862.75,0.09564588,0.01669356
863,0.1016928,0.02084508
863.25,0.1017738,0.02461428
863.5,0.10364652,0.02184624
863.75,0.09194796,0.01507356
864,0.09057096,0.01432728
864.25,0.0810216,0.01416096
864.5,0.07551144,0.0120366
864.75,0.07900524,0.01330992
865,0.07962408,0.0160704
865.25,0.08157024,0.0165456
865.5,0.0811458,0.0163674
865.75,0.08232624,0.01801332
866,0.08533836,0.02093364
866.25,0.0826416,0.0213462
866.5,0.08204436,0.02136132
866.75,0.07922448,0.0190566
867,0.07792092,0.020628
867.25,0.0796176,0.021276
867.5,0.07509672,0.01612656
867.75,0.07561944,0.01562544
868,0.07333524,0.0198666
868.25,0.08948664,0.02491668
868.5,0.0801684,0.02450088
868.75,0.0809406,0.02078352
869,0.08223012,0.02493072
869.25,0.08102268,0.02239596
869.5,0.08907948,0.02572236
869.75,0.08979228,0.02386044
870,0.09257004,0.018684
870.25,0.08026452,0.01731132
870.5,0.06926904,0.01514916
870.75,0.06480108,0.01204308
871,0.06807132,0.0090126
871.25,0.08698212,0.0115506
871.5,0.09409176,0.01299024
871.75,0.11459664,0.011205
872,0.12109932,0.01100736
872.25,0.13224816,0.00945216
872.5,0.15839172,0.01518912
872.75,0.17072856,0.01367928
873,0.20074284,0.0123336
873.25,0.21726252,0.01127088
873.5,0.23496588,0.01839456
873.75,0.24516432,0.02730672
874,0.2451708,0.02406564
874.25,0.24245136,0.02289384
874.5,0.22442076,0.02038176
874.75,0.22529124,0.01813536
875,0.23626836,0.01956636
875.25,0.2388312,0.01719144
875.5,0.22949676,0.019791
875.75,0.23862492,0.03076272
876,0.21876372,0.04540644
876.25,0.22294116,0.03691116
876.5,0.23669604,0.034938
876.75,0.22004676,0.03555252
877,0.18607752,0.02871396
877.25,0.18390132,0.02133864
877.5,0.17185176,0.01507248
877.75,0.18463248,0.01542996
878,0.18330408,0.01243728
878.25,0.21290796,0.01866672
878.5,0.1923426,0.02516292
878.75,0.1926612,0.018468
879,0.18807444,0.01959228
879.25,0.2074626,0.02229552
879.5,0.19713672,0.02647944
879.75,0.20292552,0.03192372
880,0.2216754,0.03337524
880.25,0.21311532,0.0352188
880.5,0.21977892,0.0299808
880.75,0.21956832,0.0387828
881,0.21200508,0.02655936
881.25,0.15396156,0.01041336
881.5,0.15079176,0.01635768
881.75,0.16663644,0.02673216
882,0.1429056,0.01162836
882.25,0.1378836,0.01387584
882.5,0.11761092,0.02772792
882.75,0.10734984,0.01296324
883,0.0720738,0.0057726
883.25,0.0826092,0.00995976
883.5,0.08715168,0.00889488
883.75,0.10532484,0.01125252
884,0.10116684,0.01164348
884.25,0.09465336,0.01029348
884.5,0.09893772,0.010611
884.75,0.091395,0.0109404
885,0.08608896,0.00866592
885.25,0.09266184,0.01644516
885.5,0.0928044,0.02029428
885.75,0.09356688,0.01856196
886,0.09965376,0.02302452
886.25,0.08860104,0.01492776
886.5,0.08292672,0.01431972
886.75,0.08521524,0.01591488
887,0.08378856,0.01688472
887.25,0.08346348,0.01809216
887.5,0.08562672,0.01878336
887.75,0.085455,0.01909008
888,0.0820368,0.01697868
888.25,0.08510724,0.01913436
888.5,0.07585272,0.01651644
888.75,0.07545744,0.0184464
889,0.07788744,0.01545156
889.25,0.07991892,0.01726056
889.5,0.07678908,0.00971784
889.75,0.07968024,0.01174068
890,0.07742844,0.01172232
890.25,0.07867908,0.0129816
890.5,0.07911108,0.01158192
890.75,0.0810054,0.01773576
891,0.07332552,0.01159812
891.25,0.08016084,0.01668168
891.5,0.07540992,0.01302804
891.75,0.07526304,0.01316412
892,0.07089228,0.01370196
892.25,0.07169904,0.01393524
892.5,0.07133832,0.01356048
892.75,0.0676512,0.0130356
893,0.07196904,0.01325808
893.25,0.07634736,0.0134244
893.5,0.07233624,0.01273752
893.75,0.07493256,0.01418148
894,0.07190748,0.0120474
894.25,0.0648,0.01619028
894.5,0.06080616,0.01208736
894.75,0.05679396,0.0110214
895,0.05735556,0.00544536
895.25,0.08325396,0.0099144
895.5,0.08517636,0.01299996
895.75,0.10517688,0.01056564
896,0.1022436,0.01125576
896.25,0.12729204,0.01583712
896.5,0.14239908,0.0146826
896.75,0.15872328,0.0133218
897,0.16031844,0.01683072
897.25,0.1349676,0.0136998
897.5,0.18414864,0.01839996
897.75,0.20156364,0.0197478
898,0.19569384,0.0163836
898.25,0.21040776,0.02056104
898.5,0.18973872,0.01392768
898.75,0.21842784,0.02111076
899,0.21271896,0.01646676
899.25,0.219807,0.02136996
899.5,0.22300596,0.02589624
899.75,0.22047012,0.02693736
900,0.19731492,0.01966356
900.25,0.20544192,0.0256014
900.5,0.2044008,0.03975696
900.75,0.19581696,0.02281068
901,0.18347796,0.0239274
901.25,0.1841778,0.0237438
901.5,0.18438948,0.02625372
901.75,0.22507308,0.0449766
902,0.21954132,0.04409532
902.25,0.22648572,0.04126896
902.5,0.22519944,0.03865104
902.75,0.23790672,0.03372948
903,0.19546164,0.03945888
903.25,0.19963044,0.03944592
903.5,0.18191196,0.03979476
903.75,0.19151424,0.03281904
904,0.19931508,0.03922992
904.25,0.1907982,0.03833784
904.5,0.18684432,0.03459996
904.75,0.18463248,0.03595104
905,0.18732384,0.0302076
905.25,0.18716508,0.027675
905.5,0.17545032,0.02846988
905.75,0.163647,0.02109456
906,0.14372964,0.01901124
906.25,0.1127952,0.01278936
906.5,0.09842472,0.0122364
906.75,0.09228816,0.01417284
907,0.0787212,0.01325808
907.25,0.07718976,0.01492236
907.5,0.07702776,0.0141858
907.75,0.09868824,0.01681344
908,0.09625284,0.01773576
908.25,0.08768952,0.01134216
908.5,0.1022922,0.01788048
908.75,0.08392464,0.01561356
909,0.09413712,0.01879956
909.25,0.09991188,0.01685124
909.5,0.09447732,0.02293164
909.75,0.08953416,0.02087316
910,0.09100944,0.02059452
910.25,0.09771624,0.02585844
910.5,0.08307036,0.01856412
910.75,0.078813,0.01852524
911,0.07982064,0.02191644
911.25,0.07706124,0.02199204
911.5,0.08424756,0.02060748
911.75,0.07885728,0.01556388
912,0.0757998,0.015417
912.25,0.07527276,0.0147366
912.5,0.07209216,0.01637064
912.75,0.069876,0.01109484
913,0.06935976,0.00957312
913.25,0.07087608,0.01062072
913.5,0.0768852,0.01461888
913.75,0.072711,0.01277856
914,0.07496604,0.01674864
914.25,0.07754616,0.01797768
914.5,0.0748872,0.01663956
914.75,0.073575,0.01903068
915,0.07434828,0.02162376
915.25,0.07167204,0.01795824
915.5,0.0718848,0.01727136
915.75,0.06877764,0.019089
916,0.07194528,0.02264112
916.25,0.072522,0.02056968
916.5,0.06925716,0.0207792
916.75,0.06784992,0.01796904
917,0.06982632,0.01822176
917.25,0.07039548,0.01795068
917.5,0.06876792,0.01668168
917.75,0.06520068,0.01344492
918,0.06340248,0.01270944
918.25,0.05641272,0.01219968
918.5,0.05107968,0.00565812
918.75,0.0539082,0.0038178
919,0.05341896,0.00294192
919.25,0.05646348,0.00279396
919.5,0.059265,0.00395712
919.75,0.05961708,0.00356076
920,0.04683852,0.00320436
920.25,0.04287168,0.00300996
920.5,0.046224,0.00285228
920.75,0.05047596,0.00471636
921,0.0622458,0.0071982
921.25,0.05636736,0.00507276
921.5,0.05764392,0.00483732
921.75,0.05301072,0.0050058
922,0.06130944,0.00967572
922.25,0.06218424,0.00992736
922.5,0.04773384,0.00997488
922.75,0.05801544,0.01133892
923,0.06005556,0.01283688
923.25,0.05860404,0.01349568
923.5,0.07055748,0.0128736
923.75,0.07344108,0.01376028
924,0.07674048,0.01784484
924.25,0.07404048,0.01697868
924.5,0.0708318,0.02003724
924.75,0.06655068,0.01553148
925,0.05837184,0.01443312
925.25,0.0606852,0.01519992
925.5,0.06792228,0.01660716
925.75,0.07128972,0.01629288
926,0.07254792,0.01504332
926.25,0.0730026,0.0130464
926.5,0.07391952,0.01219536
926.75,0.0688068,0.01192752
927,0.07215696,0.01195776
927.25,0.07792416,0.01241784
927.5,0.06419952,0.0107352
927.75,0.06830352,0.01136484
928,0.07085448,0.0132192
928.25,0.07367976,0.0123498
928.5,0.07323372,0.01360908
928.75,0.07501788,0.02002104
929,0.07835616,0.02050704
929.25,0.08052048,0.02002968
929.5,0.113238,0.01687392
929.75,0.09532836,0.02055564
930,0.07674372,0.01497204
930.25,0.07208028,0.01234872
930.5,0.06724188,0.0114696
930.75,0.06771924,0.01371708
931,0.06784452,0.01516752
931.25,0.07009524,0.01404324
931.5,0.0777978,0.0165348
931.75,0.08505648,0.01641816
932,0.08677476,0.01667628
932.25,0.08610624,0.0192132
932.5,0.08307792,0.01739664
932.75,0.09131076,0.01640736
933,0.09004284,0.0169452
933.25,0.07969968,0.01592028
933.5,0.08255412,0.01683504
933.75,0.08132724,0.014877
934,0.07829352,0.01597644
934.25,0.07904736,0.01705644
934.5,0.0746928,0.01743876
934.75,0.07766928,0.02022192
935,0.07446492,0.01746792
935.25,0.0744984,0.01703484
935.5,0.07640784,0.01626696
935.75,0.0785754,0.01922832
936,0.07560324,0.01575828
936.25,0.0735264,0.01347624
936.5,0.0691956,0.00851904
936.75,0.07049052,0.01411776
937,0.07198632,0.01603368
937.25,0.07574472,0.01850688
937.5,0.0808326,0.02042388
937.75,0.07809372,0.01878984
938,0.07872984,0.01319976
938.25,0.07534728,0.01304964
938.5,0.07609032,0.01355076
938.75,0.07705152,0.01562112
939,0.07241292,0.00830844
939.25,0.07118172,0.00674892
939.5,0.07176384,0.01004832
939.75,0.0723708,0.00970164
940,0.07018272,0.0100764
940.25,0.07167312,0.01036908
940.5,0.06449544,0.00925452
940.75,0.06630768,0.01104084
941,0.06935976,0.01196532
941.25,0.06861564,0.01202364
941.5,0.07188048,0.01286928
941.75,0.06910596,0.012582
942,0.06889752,0.01410912
942.25,0.05859756,0.01107756
942.5,0.05726484,0.01145016
942.75,0.05396436,0.00815076
943,0.05418792,0.00681264
943.25,0.05521392,0.00771012
943.5,0.05656176,0.01057428
943.75,0.05756076,0.01004832
944,0.04486644,0.00912276
944.25,0.04894884,0.0104598
944.5,0.05228928,0.01270836
944.75,0.05397948,0.01296432
945,0.063639,0.01630476
945.25,0.06040332,0.01423656
945.5,0.06908112,0.01473984
945.75,0.0678294,0.01943568
946,0.0736992,0.02056968
946.25,0.07034688,0.01881252
946.5,0.05371164,0.01377972
946.75,0.05350536,0.01492668
947,0.067095,0.0146556
947.25,0.0661338,0.01366092
947.5,0.0709398,0.01468908
947.75,0.07162128,0.01516644
948,0.06844716,0.01357776
948.25,0.073953,0.01710288
948.5,0.07047,0.01461348
948.75,0.0725004,0.01679184
949,0.06245964,0.01431
949.25,0.05972724,0.01311552
949.5,0.06617268,0.01485108
949.75,0.06822144,0.0146286
950,0.07169796,0.01481112
950.25,0.07497576,0.01531872
950.5,0.07395624,0.01389204
950.75,0.07455672,0.01396224
951,0.07168932,0.01162944
951.25,0.07180812,0.01136592
951.5,0.06150276,0.0113886
951.75,0.062289,0.0091098
952,0.06857784,0.0120312
952.25,0.06728076,0.0111294
952.5,0.0699624,0.0116154
952.75,0.06816744,0.01095768
953,0.08396892,0.01507032
953.25,0.08947692,0.01923156
953.5,0.09134748,0.01875312
953.75,0.08650044,0.0167184
954,0.08737632,0.01690416
954.25,0.08609868,0.01442448
954.5,0.08595936,0.01339092
954.75,0.08944236,0.01878336
955,0.08496036,0.01846044
955.25,0.07813476,0.01797552
955.5,0.09278604,0.02090664
955.75,0.10075428,0.02246832
956,0.1045008,0.01985904
956.25,0.10221228,0.01883952
956.5,0.0980856,0.02404728
956.75,0.09499572,0.02013552
957,0.10068084,0.02108592
957.25,0.10331928,0.02935656
957.5,0.09662868,0.0263142
957.75,0.09739116,0.02536272
958,0.09588888,0.02441772
958.25,0.09160776,0.02462292
958.5,0.09015732,0.02546856
958.75,0.08996076,0.02348784
959,0.09317916,0.02529144
959.25,0.09389088,0.02378376
959.5,0.09628848,0.0208386
959.75,0.09466848,0.0235008
960,0.08548956,0.02023164
960.25,0.07487208,0.01616652
960.5,0.07496604,0.0161568
960.75,0.07036524,0.01651644
961,0.07615188,0.01675188
961.25,0.07346268,0.01580148
961.5,0.07704828,0.0189
961.75,0.0767556,0.01909548
962,0.07720704,0.02039796
962.25,0.0798768,0.02493504
962.5,0.0774576,0.01843128
962.75,0.0820962,0.0243378
963,0.0698976,0.015606
963.25,0.07936488,0.02123064
963.5,0.07517556,0.0181116
963.75,0.07398864,0.02111832
964,0.07271964,0.02114208
964.25,0.07250148,0.02071332
964.5,0.0701298,0.01933956
964.75,0.06877656,0.02179008
965,0.07097976,0.02240028
965.25,0.06913836,0.01931688
965.5,0.07023132,0.01708128
965.75,0.07090956,0.01604016
966,0.06933384,0.0167292
966.25,0.06182028,0.01716012
966.5,0.05606388,0.01496016
966.75,0.05639004,0.0121986
967,0.05632524,0.00841212
967.25,0.06604848,0.01915704
967.5,0.07410744,0.01816992
967.75,0.09766116,0.01964628
968,0.10583892,0.01627668
968.25,0.133839,0.0202986
968.5,0.16050204,0.02531196
968.75,0.18198324,0.01971648
969,0.2088072,0.02625264
969.25,0.2183436,0.02750976
969.5,0.23070312,0.02541348
969.75,0.23624244,0.02730024
970,0.2387718,0.02397924
970.25,0.24333912,0.02695356
970.5,0.22947624,0.02420604
970.75,0.24891516,0.0253584
971,0.24592464,0.0275724
971.25,0.26128764,0.02917512
971.5,0.25472016,0.03471012
971.75,0.25990308,0.03098412
972,0.25763508,0.03172284
972.25,0.24968952,0.03623292
972.5,0.22705488,0.02733264
972.75,0.2187594,0.02494368
973,0.20361348,0.0239976
973.25,0.20291256,0.0211086
973.5,0.21223404,0.02415528
973.75,0.22743504,0.02740176
974,0.21743424,0.0225774
974.25,0.2204118,0.02451708
974.5,0.22698792,0.02563164
974.75,0.22259448,0.02288412
975,0.22116024,0.02751732
975.25,0.22261068,0.0235116
975.5,0.21798828,0.02656692
975.75,0.2362284,0.02915028
976,0.22581936,0.0257148
976.25,0.24709212,0.025137
976.5,0.22910904,0.02410236
976.75,0.21541248,0.0198504
977,0.2013606,0.01497636
977.25,0.1839078,0.01189836
977.5,0.17381196,0.01345356
977.75,0.16969608,0.01424952
978,0.16295688,0.01413504
978.25,0.12856536,0.00975564
978.5,0.11509992,0.01007748
978.75,0.08921016,0.0082566
979,0.0919404,0.0074574
979.25,0.0975672,0.00624996
979.5,0.10434528,0.00834624
979.75,0.10510128,0.01491156
980,0.11054988,0.01845072
980.25,0.11187072,0.01630368
980.5,0.10581192,0.01690416
980.75,0.10109016,0.02063124
981,0.10927332,0.02036772
981.25,0.10011708,0.01368144
981.5,0.09700992,0.01153116
981.75,0.10098108,0.018144
982,0.09410256,0.01474632
982.25,0.09528408,0.01952208
982.5,0.09326124,0.0186678
982.75,0.09137772,0.01893888
983,0.08744868,0.011583
983.25,0.08875008,0.01202148
983.5,0.0904338,0.01491696
983.75,0.09019512,0.01428624
984,0.08371188,0.01410372
984.25,0.08443548,0.01608336
984.5,0.08168796,0.01406916
984.75,0.07956252,0.01782648
985,0.08185752,0.0209034
985.25,0.08511156,0.0225126
985.5,0.08201952,0.01992492
985.75,0.08421948,0.0192132
986,0.08331984,0.01933416
986.25,0.0805302,0.01953612
986.5,0.08325828,0.01994544
986.75,0.08323344,0.0140508
987,0.07544988,0.00879552
987.25,0.07611624,0.01095876
987.5,0.07626312,0.01084212
987.75,0.07915644,0.01311984
988,0.07573392,0.01340928
988.25,0.0761184,0.01331424
988.5,0.07347996,0.01235412
988.75,0.07328448,0.01377972
989,0.07726536,0.01572264
989.25,0.0771174,0.01450224
989.5,0.07873956,0.01465344
989.75,0.0749466,0.01259388
990,0.072279,0.01220184
990.25,0.06375348,0.01333476
990.5,0.06131484,0.01245672
990.75,0.0544374,0.00548532
991,0.06526872,0.00649512
991.25,0.0784674,0.00942624
991.5,0.09883188,0.012636
991.75,0.112914,0.01380348
992,0.13784688,0.01497636
992.25,0.16450452,0.01709964
992.5,0.19346472,0.02036772
992.75,0.21587148,0.01952532
993,0.25247052,0.02595024
993.25,0.2721762,0.02991168
993.5,0.28984608,0.0319356
993.75,0.2985552,0.03104784
994,0.2974374,0.03094848
994.25,0.30139992,0.03348648
994.5,0.29141424,0.04273128
994.75,0.28753164,0.03180276
995,0.3009042,0.03589704
995.25,0.33108912,0.04301316
995.5,0.3325266,0.0474336
995.75,0.32818824,0.04792824
996,0.31797792,0.04412988
996.25,0.30160944,0.04339656
996.5,0.27959796,0.04312116
996.75,0.2600802,0.04218156
997,0.26247024,0.0460296
997.25,0.24909012,0.04303476
997.5,0.23288904,0.0252396
997.75,0.24159924,0.02521044
998,0.23924268,0.021006
998.25,0.23875776,0.03381696
998.5,0.23548752,0.03006396
998.75,0.23613552,0.03726108
999,0.236304,0.0371952
999.25,0.22464432,0.0307314
999.5,0.24426144,0.03768336
999.75,0.19283292,0.0156222
1000,0.17111196,0.01296324
1000.25,0.18351144,0.02571804
1000.5,0.17084304,0.01840428
1000.75,0.15024636,0.01366308
1001,0.13544712,0.0119016
1001.25,0.1115802,0.0116748
1001.5,0.12638268,0.01288224
1001.75,0.13565016,0.02377944
1002,0.11551572,0.00987552
1002.25,0.12798216,0.01183356
1002.5,0.1048356,0.01396548
1002.75,0.10806048,0.0235062
1003,0.12034332,0.02426868
1003.25,0.12785256,0.02131272
1003.5,0.11992644,0.0198126
1003.75,0.1259442,0.03610548
1004,0.12519468,0.03549096
1004.25,0.11856132,0.03256956
1004.5,0.11910888,0.03410532
1004.75,0.1128438,0.02203092
1005,0.10878084,0.01880172
1005.25,0.09500976,0.01141992
1005.5,0.09082584,0.01075896
1005.75,0.0949212,0.01156248
1006,0.09734688,0.009288
1006.25,0.0811404,0.01524312
1006.5,0.07395516,0.01021788
1006.75,0.07382664,0.01351188
1007,0.07189452,0.01257336
1007.25,0.07475436,0.01398276
1007.5,0.07624692,0.01383912
1007.75,0.07577604,0.01583496
1008,0.0702054,0.01374624
1008.25,0.0705186,0.01309068
1008.5,0.0698976,0.01503468
1008.75,0.0651294,0.01472472
1009,0.06837588,0.01620972
1009.25,0.07011144,0.01627344
1009.5,0.0702918,0.0108
1009.75,0.07116336,0.01058292
1010,0.06980148,0.01178604
1010.25,0.07750512,0.01169316
1010.5,0.06910704,0.01422468
1010.75,0.07124004,0.01396008
1011,0.0693468,0.01398816
1011.25,0.067365,0.01561896
1011.5,0.06725808,0.01583928
1011.75,0.06881544,0.01778868
1012,0.06574284,0.01387908
1012.25,0.06875928,0.01491372
1012.5,0.06711336,0.01606068
1012.75,0.06440472,0.0187218
1013,0.0685422,0.01632204
1013.25,0.06444036,0.01663956
1013.5,0.07107696,0.0192186
1013.75,0.07166556,0.0200394
1014,0.07253172,0.01951884
1014.25,0.06610572,0.017766
1014.5,0.0621,0.0152334
1014.75,0.05884596,0.01861272
1015,0.0652428,0.01471824
1015.25,0.07069896,0.0127224
1015.5,0.08750484,0.01094688
1015.75,0.11819844,0.02172528
1016,0.10560132,0.01488996
1016.25,0.12382848,0.01860084
1016.5,0.1481814,0.02133756
1016.75,0.16534476,0.01892916
1017,0.20095884,0.033156
1017.25,0.20917656,0.03527388
1017.5,0.25271136,0.04366224
1017.75,0.23177448,0.04067172
1018,0.24514812,0.03702672
1018.25,0.23953536,0.0307206
1018.5,0.2242674,0.03092472
1018.75,0.23043744,0.0314334
1019,0.22478688,0.01923912
1019.25,0.23154768,0.02498472
1019.5,0.26365608,0.02827872
1019.75,0.29360664,0.03694032
1020,0.2581146,0.03113964
1020.25,0.23237064,0.03157056
1020.5,0.22393476,0.040581
1020.75,0.22325112,0.0337986
1021,0.18718992,0.02856384
1021.25,0.2297484,0.02939868
1021.5,0.2144124,0.02682288
1021.75,0.25048224,0.03526416
1022,0.19107792,0.0236466
1022.25,0.23066964,0.03198744
1022.5,0.22785084,0.03655692
1022.75,0.2514402,0.02461536
1023,0.21787164,0.03059316
1023.25,0.20971548,0.02373408
1023.5,0.20745936,0.03302532
1023.75,0.2134566,0.02627424
1024,0.21382488,0.0159408
1024.25,0.20539332,0.01743552
1024.5,0.19113624,0.01573992
1024.75,0.22752576,0.0206388
1025,0.19060272,0.01578312
1025.25,0.1579068,0.0091098
1025.5,0.13278384,0.01336608
1025.75,0.13350312,0.01552068
1026,0.08841528,0.01207872
1026.25,0.09311328,0.01449144
1026.5,0.11389248,0.0149094
1026.75,0.08809128,0.01647756
1027,0.09061308,0.01187784
1027.25,0.11525004,0.02715228
1027.5,0.12022668,0.01513836
1027.75,0.09707364,0.017307
1028,0.13098888,0.0134298
1028.25,0.10057932,0.0154116
1028.5,0.10766736,0.01505628
1028.75,0.08516232,0.01359072
1029,0.12069108,0.00901476
1029.25,0.11357388,0.01243836
1029.5,0.08814852,0.01278072
1029.75,0.12261348,0.01300212
1030,0.09683928,0.01277964
1030.25,0.10090656,0.0131814
1030.5,0.09553356,0.01393632
1030.75,0.07738524,0.01576368
1031,0.0855846,0.01489212
1031.25,0.07709148,0.01526688
1031.5,0.07969428,0.01908252
1031.75,0.07626744,0.01856088
1032,0.0798066,0.01674
1032.25,0.09006876,0.01599048
1032.5,0.0676782,0.0153684
1032.75,0.07407396,0.0191106
1033,0.07506,0.01905876
1033.25,0.0752652,0.02037528
1033.5,0.07707096,0.02329452
1033.75,0.08419572,0.0208332
1034,0.07973424,0.02361636
1034.25,0.07461828,0.020844
1034.5,0.07704396,0.02179116
1034.75,0.08022348,0.02892996
1035,0.07606008,0.01876068
1035.25,0.07976124,0.0275022
1035.5,0.07548336,0.02140884
1035.75,0.0825714,0.02224044
1036,0.07325964,0.024192
1036.25,0.07668972,0.02084832
1036.5,0.06925392,0.01958904
1036.75,0.0670518,0.01689768
1037,0.07116336,0.01487592
1037.25,0.06896016,0.0206496
1037.5,0.08046216,0.0185058
1037.75,0.08234244,0.01917648
1038,0.08183268,0.017388
1038.25,0.0739908,0.01672164
1038.5,0.06990192,0.01652184
1038.75,0.06206112,0.01503036
1039,0.07345296,0.01219536
1039.25,0.07853436,0.01690308
1039.5,0.09759312,0.015471
1039.75,0.13592016,0.0259632
1040,0.15671556,0.01531332
1040.25,0.15667668,0.01321596
1040.5,0.2002698,0.01754568
1040.75,0.20629188,0.01566
1041,0.1881954,0.01686852
1041.25,0.24101172,0.02593188
1041.5,0.21978648,0.02534544
1041.75,0.2807892,0.03338172
1042,0.2437884,0.02363796
1042.25,0.29522772,0.02615544
1042.5,0.26623728,0.02728404
1042.75,0.23804496,0.02473848
1043,0.27778248,0.0300942
1043.25,0.2396034,0.02021976
1043.5,0.24539004,0.02054268
1043.75,0.26022276,0.02516616
1044,0.22332456,0.02511
1044.25,0.23750064,0.0268488
1044.5,0.1801116,0.01649484
1044.75,0.19553184,0.02578824
1045,0.18142812,0.0213516
1045.25,0.20216844,0.0287118
1045.5,0.18442944,0.01403892
1045.75,0.23779224,0.0271026
1046,0.217917,0.03539052
1046.25,0.260199,0.03147876
1046.5,0.23855364,0.03162996
1046.75,0.22005864,0.03724704
1047,0.2133972,0.03872124
1047.25,0.25131492,0.04809132
1047.5,0.236925,0.039474
1047.75,0.20683944,0.03222288
1048,0.15773616,0.02675592
1048.25,0.15028092,0.026757
1048.5,0.18004356,0.02451816
1048.75,0.1932336,0.016011
1049,0.17309052,0.01539
1049.25,0.143154,0.0146664
1049.5,0.1347192,0.01284444
1049.75,0.12295044,0.01276992
1050,0.1310796,0.01847988
1050.25,0.11293668,0.00973296
1050.5,0.11278224,0.01612224
1050.75,0.11907216,0.01645056
1051,0.08148492,0.016929
1051.25,0.13478832,0.0322596
1051.5,0.12487608,0.01805328
1051.75,0.15206076,0.01780272
1052,0.10058796,0.01562652
1052.25,0.12001176,0.01641384
1052.5,0.1094418,0.01173096
1052.75,0.08460828,0.01182384
1053,0.12221928,0.0140022
1053.25,0.0965952,0.01058616
1053.5,0.10587132,0.01109376
1053.75,0.09891612,0.01056672
1054,0.09500868,0.00893808
1054.25,0.08482104,0.00944892
1054.5,0.09293076,0.01410588
1054.75,0.07910136,0.01296
1055,0.08385552,0.01771524
1055.25,0.07671132,0.0147366
1055.5,0.07827948,0.01665252
1055.75,0.07932924,0.01616004
1056,0.07488936,0.01849068
1056.25,0.07450596,0.01657908
1056.5,0.07308576,0.01533168
1056.75,0.0801576,0.01296108
1057,0.06975288,0.01589976
1057.25,0.08230248,0.0199692
1057.5,0.0798984,0.02035908
1057.75,0.07850736,0.02203848
1058,0.07663572,0.01921104
1058.25,0.08507916,0.02059776
1058.5,0.08030124,0.02077272
1058.75,0.07716384,0.01648728
1059,0.08187372,0.01940868
1059.25,0.0689904,0.01327428
1059.5,0.06961788,0.01272672
1059.75,0.07300692,0.014256
1060,0.0687636,0.01124712
1060.25,0.07429752,0.01923372
1060.5,0.07359876,0.01357452
1060.75,0.0689958,0.01322676
1061,0.06908004,0.01435968
1061.25,0.0655614,0.00985716
1061.5,0.06826464,0.01235196
1061.75,0.0766476,0.01271052
1062,0.06730452,0.0110862
1062.25,0.06766416,0.0095472
1062.5,0.06395004,0.00910008
1062.75,0.0543564,0.01154196
1063,0.05134104,0.01007532
1063.25,0.06668352,0.01060452
1063.5,0.0882306,0.01004508
1063.75,0.09072216,0.00687096
1064,0.09430668,0.00703188
1064.25,0.10549008,0.00635364
1064.5,0.1232604,0.009909
1064.75,0.16535988,0.01591164
1065,0.160353,0.0131814
1065.25,0.17266284,0.0138348
1065.5,0.17660808,0.015282
1065.75,0.190782,0.01796472
1066,0.19208772,0.01890108
1066.25,0.19265148,0.01851552
1066.5,0.17300412,0.01383156
1066.75,0.18586044,0.01500228
1067,0.18891144,0.01778112
1067.25,0.20233044,0.01721736
1067.5,0.20070828,0.0174528
1067.75,0.20232504,0.01870776
1068,0.1887786,0.01969596
1068.25,0.1976508,0.024057
1068.5,0.17787816,0.01482192
1068.75,0.18550404,0.01442988
1069,0.16483392,0.01196532
1069.25,0.15296796,0.01023732
1069.5,0.1570374,0.0123768
1069.75,0.15163956,0.01619244
1070,0.15280056,0.01495152
1070.25,0.1706994,0.01611684
1070.5,0.18802368,0.0278424
1070.75,0.15539148,0.0217674
1071,0.18330948,0.03435912
1071.25,0.20196972,0.03703752
1071.5,0.16790976,0.02928852
1071.75,0.14215284,0.01792476
1072,0.1576638,0.01614492
1072.25,0.1819908,0.02855412
1072.5,0.16588368,0.01360476
1072.75,0.15714108,0.016659
1073,0.150309,0.01620864
1073.25,0.14504724,0.00886248
1073.5,0.09472032,0.00586332
1073.75,0.09881136,0.01000188
1074,0.10700316,0.02295
1074.25,0.1067202,0.0182358
1074.5,0.09026208,0.019602
1074.75,0.10391328,0.02827332
1075,0.09628632,0.0324594
1075.25,0.11239344,0.03569508
1075.5,0.11410632,0.03705048
1075.75,0.1069254,0.02646972
1076,0.12111552,0.02045196
1076.25,0.0984204,0.02230308
1076.5,0.12752748,0.02177604
1076.75,0.08710956,0.01704024
1077,0.08956548,0.01193832
1077.25,0.11459772,0.01408968
1077.5,0.08519472,0.01038312
1077.75,0.09267048,0.01174716
1078,0.08224848,0.0088776
1078.25,0.08198388,0.0110646
1078.5,0.07463232,0.00754164
1078.75,0.07771248,0.01215324
1079,0.07324668,0.01402596
1079.25,0.07114608,0.01409076
1079.5,0.08135424,0.01570428
1079.75,0.070659,0.01345356
1080,0.06686388,0.01431
1080.25,0.06732396,0.01393632
1080.5,0.06349968,0.01227744
1080.75,0.0621486,0.01078164
1081,0.06484104,0.01107972
1081.25,0.06698916,0.0120312
1081.5,0.06811344,0.01269648
1081.75,0.06799248,0.01395144
1082,0.06884136,0.0161946
1082.25,0.06828084,0.01587708
1082.5,0.06687036,0.01459944
1082.75,0.06842556,0.01375596
1083,0.06775272,0.01584792
1083.25,0.06750216,0.01577016
1083.5,0.06429564,0.01316844
1083.75,0.06346404,0.0093204
1084,0.060453,0.00945756
1084.25,0.06298884,0.01170612
1084.5,0.05915268,0.01000728
1084.75,0.059373,0.00999756
1085,0.06341544,0.01012716
1085.25,0.05862024,0.01084752
1085.5,0.0647244,0.0118098
1085.75,0.06369084,0.01071468
1086,0.06708528,0.01162944
1086.25,0.0603342,0.01107108
1086.5,0.04666248,0.01066824
1086.75,0.05184756,0.01034964
1087,0.05199012,0.00772956
1087.25,0.0490806,0.00835488
1087.5,0.0655398,0.01094688
1087.75,0.05527656,0.00514296
1088,0.03797712,0.0054054
1088.25,0.05006232,0.0072576
1088.5,0.04304988,0.00767016
1088.75,0.04820688,0.00696384
1089,0.08242668,0.00723816
1089.25,0.08698536,0.00743364
1089.5,0.06469848,0.00840564
1089.75,0.06149088,0.00622188
1090,0.06143904,0.00796392
1090.25,0.05368896,0.0084078
1090.5,0.04770576,0.00933768
1090.75,0.04396248,0.00759132
1091,0.05155272,0.00984204
1091.25,0.05325696,0.01211868
1091.5,0.09069408,0.00990036
1091.75,0.05864724,0.00984636
1092,0.0600912,0.01087992
1092.25,0.05957496,0.01219212
1092.5,0.05329908,0.01237032
1092.75,0.0513378,0.0120906
1093,0.03771252,0.00945972
1093.25,0.0417312,0.014013
1093.5,0.054648,0.0153468
1093.75,0.0624996,0.01355616
1094,0.05632524,0.01182168
1094.25,0.05084316,0.00850176
1094.5,0.0535842,0.00930852
1094.75,0.05226444,0.007965
1095,0.05196312,0.01032696
1095.25,0.06884352,0.012015
1095.5,0.05073192,0.01459728
1095.75,0.05422248,0.01403028
1096,0.05489964,0.01335744
1096.25,0.05781564,0.01239624
1096.5,0.05693004,0.01289844
1096.75,0.05524308,0.01256364
1097,0.05950044,0.01418796
1097.25,0.0569754,0.01305828
1097.5,0.05929848,0.01041444
1097.75,0.05808348,0.00853416
1098,0.05354748,0.00926856
1098.25,0.06016248,0.01247076
1098.5,0.06274692,0.01167264
1098.75,0.05244264,0.01387152
1099,0.04953528,0.0124848
1099.25,0.06024348,0.01542348
1099.5,0.06867396,0.01385964
1099.75,0.06721272,0.0146988
1100,0.07919964,0.015093
1100.25,0.07724592,0.0128736
1100.5,0.0727974,0.01205172
1100.75,0.07027668,0.01143072
1101,0.07408584,0.0112806
1101.25,0.07813908,0.01543968
1101.5,0.06823764,0.00973728
1101.75,0.06873984,0.01057752
1102,0.0758106,0.0106002
1102.25,0.07077132,0.01041984
1102.5,0.06496416,0.00880848
1102.75,0.07492932,0.00914436
1103,0.06668784,0.01051488
1103.25,0.07846524,0.01213488
1103.5,0.0697896,0.01057968
1103.75,0.07228656,0.011961
1104,0.06543288,0.01085724
1104.25,0.06526224,0.01050624
1104.5,0.06226308,0.00996948
1104.75,0.06988572,0.011583
1105,0.06538428,0.01318572
1105.25,0.06578604,0.01437912
1105.5,0.06736392,0.01374192
1105.75,0.0667008,0.01578312
1106,0.06767928,0.0140994
1106.25,0.07919424,0.01771092
1106.5,0.07598016,0.01482192
1106.75,0.06942672,0.01337256
1107,0.07287408,0.01499472
1107.25,0.07424784,0.01404756
1107.5,0.06298776,0.01151604
1107.75,0.07081236,0.01429488
1108,0.065367,0.0124956
1108.25,0.06366924,0.01362312
1108.5,0.06095088,0.01432944
1108.75,0.06801948,0.018036
1109,0.0624132,0.0182898
1109.25,0.0610578,0.01907604
1109.5,0.06484428,0.01737288
1109.75,0.06633792,0.01728864
1110,0.07814556,0.02142072
1110.25,0.06677748,0.01432512
1110.5,0.0567216,0.00812376
1110.75,0.05183784,0.01024488
1111,0.05389956,0.0110646
1111.25,0.05133672,0.0102114
1111.5,0.0550422,0.0115722
1111.75,0.05631768,0.01241028
1112,0.04485564,0.014499
1112.25,0.047142,0.01301616
1112.5,0.05864292,0.01471284
1112.75,0.05124708,0.01352592
1113,0.06918912,0.01652616
1113.25,0.0788994,0.02036556
1113.5,0.05404536,0.01368576
1113.75,0.05235408,0.0172584
1114,0.0593352,0.0148932
1114.25,0.05766984,0.0125712
1114.5,0.03888216,0.01012284
1114.75,0.04252716,0.01145664
1115,0.04751028,0.01124064
1115.25,0.05081076,0.01054404
1115.5,0.054486,0.01202148
1115.75,0.05560704,0.01172556
1116,0.07799652,0.01216188
1116.25,0.05566536,0.01049112
1116.5,0.04873716,0.01013904
1116.75,0.05306364,0.00993492
1117,0.0590706,0.01489968
1117.25,0.05578956,0.01195344
1117.5,0.04690116,0.00938304
1117.75,0.0565164,0.01555632
1118,0.0684612,0.01361124
1118.25,0.05774112,0.01113372
1118.5,0.05579388,0.010206
1118.75,0.06309792,0.00996408
1119,0.09294048,0.01118448
1119.25,0.0602424,0.01175904
1119.5,0.08146008,0.010854
1119.75,0.08548524,0.01112184
1120,0.06125976,0.00873288
1120.25,0.06717924,0.00992952
1120.5,0.0502902,0.01067148
1120.75,0.05077944,0.01227744
1121,0.05986656,0.011097
1121.25,0.05239404,0.00961308
1121.5,0.05663736,0.01174284
1121.75,0.06448248,0.01152252
1122,0.0709506,0.01383912
1122.25,0.0627642,0.01280664
1122.5,0.0609066,0.01092636
1122.75,0.06466176,0.01037556
1123,0.06780348,0.01109376
1123.25,0.0667764,0.01115316
1123.5,0.0719334,0.01235844
1123.75,0.0771984,0.01205172
1124,0.07376184,0.0115668
1124.25,0.07800408,0.01233684
1124.5,0.0786078,0.01396332
1124.75,0.08085204,0.01360692
1125,0.07905384,0.01363932
1125.25,0.080568,0.01498176
1125.5,0.08194068,0.01568052
1125.75,0.08081856,0.014445
1126,0.08671428,0.01403784
1126.25,0.0781434,0.01243404
1126.5,0.071766,0.01251396
1126.75,0.07593804,0.01171368
1127,0.07747704,0.01219536
1127.25,0.0796338,0.01347732
1127.5,0.08501652,0.02012364
1127.75,0.08228736,0.0178362
1128,0.07490124,0.01377432
1128.25,0.06862644,0.01295352
1128.5,0.06916644,0.01309932
1128.75,0.07149708,0.01520748
1129,0.07586136,0.01868076
1129.25,0.07504596,0.0170694
1129.5,0.07623288,0.01888596
1129.75,0.0911412,0.01992168
1130,0.07940268,0.02223936
1130.25,0.08399052,0.02373516
1130.5,0.07795548,0.02272428
1130.75,0.07644672,0.02164644
1131,0.07786044,0.02350296
1131.25,0.0736128,0.02183004
1131.5,0.0745848,0.02471256
1131.75,0.07074648,0.0174204
1132,0.07032312,0.01647432
1132.25,0.0688878,0.01525608
1132.5,0.06661764,0.01519884
1132.75,0.06533784,0.01670004
1133,0.07490124,0.01642032
1133.25,0.0658584,0.013932
1133.5,0.0746334,0.01680264
1133.75,0.0707292,0.01906416
1134,0.07821144,0.0198072
1134.25,0.07602984,0.01703052
1134.5,0.0656262,0.01367172
1134.75,0.06229332,0.012798
1135,0.06731964,0.01081728
1135.25,0.08785152,0.01429272
1135.5,0.1038258,0.01640628
1135.75,0.1251936,0.01375812
1136,0.13058388,0.0142344
1136.25,0.14606352,0.0136674
1136.5,0.14782068,0.01330668
1136.75,0.171801,0.0178578
1137,0.18535716,0.02042388
1137.25,0.19980648,0.02006424
1137.5,0.22037616,0.02325456
1137.75,0.22502448,0.02348028
1138,0.22372092,0.0174528
1138.25,0.22029408,0.01813104
1138.5,0.2016684,0.01389312
1138.75,0.2047356,0.0188892
1139,0.21837276,0.03381696
1139.25,0.22480416,0.02966868
1139.5,0.21925296,0.03436236
1139.75,0.21029976,0.03431808
1140,0.18973332,0.03185244
1140.25,0.19498104,0.03102624
1140.5,0.17587584,0.027675
1140.75,0.16203564,0.01544508
1141,0.14614344,0.02035476
1141.25,0.15024204,0.02134296
1141.5,0.14691132,0.01584684
1141.75,0.1721034,0.02792124
1142,0.18635832,0.03418956
1142.25,0.19764432,0.0336204
1142.5,0.1723788,0.0168426
1142.75,0.17101044,0.02071872
1143,0.1672002,0.02458296
1143.25,0.15666588,0.01904904
1143.5,0.1703862,0.02980152
1143.75,0.17351388,0.01668276
1144,0.163215,0.02786292
1144.25,0.16576056,0.01963332
1144.5,0.14178672,0.01170936
1144.75,0.13271796,0.01501308
1145,0.12896064,0.01573992
1145.25,0.09871848,0.00889812
1145.5,0.09315648,0.01008612
1145.75,0.1051434,0.01354752
1146,0.10194228,0.01501524
1146.25,0.10679904,0.0199206
1146.5,0.083079,0.01505628
1146.75,0.07961004,0.01389528
1147,0.08471736,0.01841508
1147.25,0.08211564,0.0170478
1147.5,0.08205948,0.01531872
1147.75,0.11384712,0.01773576
1148,0.08774568,0.01953936
1148.25,0.08662248,0.02067228
1148.5,0.11160936,0.02010744
1148.75,0.09658548,0.0202608
1149,0.08399376,0.02157624
1149.25,0.083673,0.01774548
1149.5,0.09513504,0.01980828
1149.75,0.0775008,0.01653264
1150,0.07872876,0.01779732
1150.25,0.1014606,0.03220668
1150.5,0.07203276,0.019143
1150.75,0.07804404,0.022356
1151,0.07488828,0.01643868
1151.25,0.07830108,0.0173988
1151.5,0.08575848,0.02018736
1151.75,0.07773192,0.0161676
1152,0.07504164,0.0200934
1152.25,0.07842204,0.01897884
1152.5,0.07151868,0.01697976
1152.75,0.07377804,0.0190944
1153,0.06883812,0.01472904
1153.25,0.0705024,0.01963656
1153.5,0.07052832,0.01640628
1153.75,0.07112664,0.01854252
1154,0.08827272,0.01697544
1154.25,0.07869204,0.01580688
1154.5,0.07747164,0.0161568
1154.75,0.08243424,0.021789
1155,0.07448544,0.01589112
1155.25,0.07393032,0.01752948
1155.5,0.06602796,0.0191268
1155.75,0.07463556,0.02006532
1156,0.0703188,0.01516212
1156.25,0.0631584,0.01466316
1156.5,0.05696568,0.01412424
1156.75,0.05923584,0.01525284
1157,0.07278768,0.01785564
1157.25,0.06465312,0.01331856
1157.5,0.06236352,0.01338336
1157.75,0.06956712,0.01380888
1158,0.0695142,0.01050192
1158.25,0.06750432,0.01397628
1158.5,0.05866668,0.01142424
1158.75,0.05511456,0.0116316
1159,0.07119036,0.01351296
1159.25,0.07696836,0.0187488
1159.5,0.07746516,0.00612252
1159.75,0.09916668,0.0095202
1160,0.09780372,0.0098334
1160.25,0.10711656,0.01356264
1160.5,0.13000716,0.01358748
1160.75,0.14984784,0.01360044
1161,0.175311,0.01482516
1161.25,0.17920008,0.01337148
1161.5,0.19280268,0.01169532
1161.75,0.19185984,0.02222748
1162,0.19438596,0.0213678
1162.25,0.19217304,0.02036232
1162.5,0.19948032,0.0216972
1162.75,0.17716428,0.02192832
1163,0.2153844,0.02455812
1163.25,0.20285964,0.01846368
1163.5,0.19974168,0.02050596
1163.75,0.19640448,0.02047788
1164,0.201177,0.02373084
1164.25,0.1859058,0.01897344
1164.5,0.16854588,0.01812456
1164.75,0.18131472,0.01842372
1165,0.17345232,0.01830816
1165.25,0.1641006,0.02150064
1165.5,0.16733736,0.0170046
1165.75,0.2051946,0.02269944
1166,0.17315856,0.02028132
1166.25,0.19644228,0.02252016
1166.5,0.1898802,0.03089016
1166.75,0.1946538,0.02603664
1167,0.17945496,0.02006532
1167.25,0.18245304,0.0207954
1167.5,0.17046828,0.02554632
1167.75,0.16832124,0.01766124
1168,0.1678158,0.02184084
1168.25,0.16637184,0.0172638
1168.5,0.13857696,0.01360476
1168.75,0.13816548,0.01884168
1169,0.14449644,0.01530792
1169.25,0.13818276,0.01779732
1169.5,0.14584968,0.02245104
1169.75,0.14354388,0.01460376
1170,0.1356642,0.01468152
1170.25,0.11820924,0.01682532
1170.5,0.1016064,0.00962172
1170.75,0.1051974,0.01019304
1171,0.07580736,0.0093582
1171.25,0.0722088,0.00910764
1171.5,0.08026668,0.01169316
1171.75,0.09411768,0.00981072
1172,0.09439308,0.01042092
1172.25,0.09529704,0.01110456
1172.5,0.08786124,0.01045656
1172.75,0.09454104,0.01141884
1173,0.08596692,0.00895536
1173.25,0.08825652,0.00985068
1173.5,0.08548416,0.01137996
1173.75,0.0816426,0.00899208
1174,0.08315676,0.01118232
1174.25,0.07989408,0.0101682
1174.5,0.07502328,0.01067796
1174.75,0.08522928,0.01121364
1175,0.07429104,0.01168776
1175.25,0.0695304,0.01174068
1175.5,0.0770688,0.01362744
1175.75,0.07786476,0.01474524
1176,0.07008228,0.01179252
1176.25,0.07048296,0.01433484
1176.5,0.0687204,0.0138726
1176.75,0.07434828,0.0210546
1177,0.0728676,0.01965168
1177.25,0.07041816,0.01772928
1177.5,0.07652772,0.0204282
1177.75,0.07405776,0.01767312
1178,0.07433856,0.01767312
1178.25,0.07350264,0.01540728
1178.5,0.07250688,0.01731456
1178.75,0.071712,0.01692576
1179,0.06646752,0.01526256
1179.25,0.06785964,0.01491156
1179.5,0.06678936,0.01439856
1179.75,0.06549012,0.0165186
1180,0.0685044,0.0229176
1180.25,0.0677052,0.02006856
1180.5,0.06527844,0.02172096
1180.75,0.06365304,0.0176634
1181,0.06460128,0.01534356
1181.25,0.06220044,0.014634
1181.5,0.06974424,0.0163674
1181.75,0.0673974,0.01524852
1182,0.07137612,0.01374084
1182.25,0.06491448,0.01370952
1182.5,0.0636768,0.0195426
1182.75,0.06021216,0.01454544
1183,0.06519096,0.02222532
1183.25,0.07303824,0.01360584
1183.5,0.0858384,0.01430028
1183.75,0.09447084,0.00887004
1184,0.08722728,0.0114156
1184.25,0.10794708,0.01472148
1184.5,0.13602708,0.00964224
1184.75,0.15500916,0.00944136
1185,0.15787656,0.01012932
1185.25,0.17738892,0.02109132
1185.5,0.1831194,0.02245536
1185.75,0.19818,0.0172584
1186,0.19489896,0.01929312
1186.25,0.1878876,0.01029996
1186.5,0.1729296,0.0086724
1186.75,0.1747602,0.00672732
1187,0.18763596,0.00939816
1187.25,0.20045664,0.0072036
1187.5,0.20265876,0.00826956
1187.75,0.20570976,0.01005264
1188,0.18604188,0.01597104
1188.25,0.1870668,0.0126576
1188.5,0.16995096,0.0136944
1188.75,0.1700784,0.01242864
1189,0.15868332,0.01174284
1189.25,0.17722368,0.0214434
1189.5,0.18645012,0.01635444
1189.75,0.19090836,0.014526
1190,0.2031966,0.01477872
1190.25,0.23090616,0.02276208
1190.5,0.21416832,0.02173716
1190.75,0.2335878,0.02170476
1191,0.22509468,0.02012364
1191.25,0.2258064,0.01424304
1191.5,0.210033,0.01818396
1191.75,0.20929104,0.021168
1192,0.19799532,0.01839024
1192.25,0.2119608,0.01331316
1192.5,0.18028656,0.01626912
1192.75,0.18033948,0.01735776
1193,0.15271092,0.01226664
1193.25,0.13862124,0.01534248
1193.5,0.11561832,0.00620892
1193.75,0.11016972,0.006804
1194,0.09622584,0.01197612
1194.25,0.08886672,0.00707184
1194.5,0.09671184,0.00915732
1194.75,0.09157212,0.00915516
1195,0.07437528,0.00818964
1195.25,0.07095276,0.00882252
1195.5,0.08092656,0.01141884
1195.75,0.08995428,0.01304856
1196,0.0888408,0.00994032
1196.25,0.09926172,0.01328616
1196.5,0.08327232,0.00977508
1196.75,0.10560132,0.01302588
1197,0.0890568,0.01278072
1197.25,0.08513208,0.01249236
1197.5,0.08551872,0.01081188
1197.75,0.08283708,0.011124
1198,0.07580412,0.00847908
1198.25,0.07467444,0.00865404
1198.5,0.06837804,0.00980532
1198.75,0.06975612,0.01165968
1199,0.06846228,0.01329804
1199.25,0.06825924,0.01456596
1199.5,0.06949368,0.01482948
1199.75,0.07428564,0.02105352
1200,0.06696648,0.01696464
1200.25,0.06290784,0.01659096
1200.5,0.06339816,0.0130788
1200.75,0.06541776,0.01639116
1201,0.06223284,0.01118016
1201.25,0.0659556,0.01468476
1201.5,0.06800112,0.01488132
1201.75,0.0667062,0.01596672
1202,0.06614568,0.01657152
1202.25,0.0710586,0.01812348
1202.5,0.069147,0.01928124
1202.75,0.06620184,0.01660932
1203,0.05958468,0.01603908
1203.25,0.06227388,0.01173528
1203.5,0.061209,0.01228392
1203.75,0.06200064,0.01140048
1204,0.06408288,0.0143316
1204.25,0.06136344,0.01386288
1204.5,0.05686632,0.01354104
1204.75,0.05835456,0.01184436
1205,0.05984388,0.0108756
1205.25,0.06694812,0.01754892
1205.5,0.05945724,0.0124848
1205.75,0.06558408,0.01497528
1206,0.06716736,0.01117908
1206.25,0.05523768,0.0081972
1206.5,0.05457672,0.0120744
1206.75,0.05493204,0.01196424
1207,0.0566568,0.01162188
1207.25,0.05851548,0.0048924
1207.5,0.07838316,0.00834408
1207.75,0.07786044,0.00767988
1208,0.07733016,0.0070524
1208.25,0.09201708,0.00932256
1208.5,0.11356632,0.00751788
1208.75,0.13177296,0.00739368
1209,0.15270984,0.00921996
1209.25,0.16604244,0.01199448
1209.5,0.17364672,0.0109998
1209.75,0.19022364,0.01363392
1210,0.18453852,0.01549368
1210.25,0.19209312,0.01999728
1210.5,0.1713744,0.01338228
1210.75,0.18834768,0.01563732
1211,0.2009772,0.0146502
1211.25,0.19113084,0.0177282
1211.5,0.18641664,0.01284336
1211.75,0.18035136,0.01502604
1212,0.16317612,0.01673136
1212.25,0.15068592,0.0117018
1212.5,0.15822432,0.0154332
1212.75,0.15372504,0.0175716
1213,0.14094972,0.01453032
1213.25,0.15321852,0.01649484
1213.5,0.15691104,0.0123174
1213.75,0.17448156,0.01442448
1214,0.16508988,0.01526148
1214.25,0.193104,0.01839132
1214.5,0.17804448,0.01685124
1214.75,0.18851832,0.01415556
1215,0.191565,0.02043252
1215.25,0.18009324,0.01447416
1215.5,0.16066944,0.01650888
1215.75,0.1725462,0.01630368
1216,0.1574586,0.01410588
1216.25,0.17421264,0.01437588
1216.5,0.15330816,0.00825444
1216.75,0.15646068,0.01229472
1217,0.14294124,0.0067608
1217.25,0.12475188,0.01124496
1217.5,0.10606356,0.00286848
1217.75,0.11745756,0.00850176
1218,0.11113848,0.01326456
1218.25,0.09570744,0.00895428
1218.5,0.07994916,0.00643896
1218.75,0.07033716,0.00755136
1219,0.0756378,0.01223748
1219.25,0.07186428,0.0111942
1219.5,0.08353908,0.013905
1219.75,0.0848718,0.0087102
1220,0.0848124,0.00799632
1220.25,0.08311464,0.0087318
1220.5,0.08318484,0.01024704
1220.75,0.0837,0.00966276
1221,0.079002,0.00885708
1221.25,0.0751572,0.008019
1221.5,0.07945776,0.01167912
1221.75,0.09075456,0.01525176
1222,0.0917406,0.02706264
1222.25,0.08626608,0.02757672
1222.5,0.07844688,0.02490372
1222.75,0.07449516,0.02489076
1223,0.07375968,0.0187164
1223.25,0.07170876,0.01916136
1223.5,0.07634196,0.01990116
1223.75,0.07493796,0.02263896
1224,0.0688824,0.02027484
1224.25,0.06926148,0.02223396
1224.5,0.06968808,0.02126736
1224.75,0.06334416,0.01307772
1225,0.07185132,0.02005236
1225.25,0.07067844,0.01822176
1225.5,0.07003476,0.015444
1225.75,0.06459804,0.01064124
1226,0.06477948,0.0127386
1226.25,0.06579792,0.01227204
1226.5,0.06844068,0.01182708
1226.75,0.07240212,0.01907928
1227,0.06379452,0.01163592
1227.25,0.06640596,0.01623672
1227.5,0.06254928,0.01168128
1227.75,0.06654096,0.01546236
1228,0.06342084,0.0138942
1228.25,0.06297588,0.0153144
1228.5,0.06142392,0.01315332
1228.75,0.06051996,0.0127818
1229,0.06292188,0.01592244
1229.25,0.0561708,0.00984204
1229.5,0.06589296,0.01459512
1229.75,0.06414444,0.01324728
1230,0.06808212,0.01314684
1230.25,0.06221124,0.0117666
1230.5,0.05058504,0.00827172
1230.75,0.05829192,0.01475928
1231,0.0566352,0.00705672
1231.25,0.07238592,0.00658692
1231.5,0.08072028,0.00752652
1231.75,0.09874332,0.00812052
1232,0.1002996,0.00857088
1232.25,0.09982008,0.00603288
1232.5,0.11995452,0.0070254
1232.75,0.1338714,0.00382644
1233,0.1581768,0.00910008
1233.25,0.16752096,0.01453896
1233.5,0.17607564,0.01216296
1233.75,0.1783404,0.01239084
1234,0.17467812,0.01144584
1234.25,0.18860148,0.02063772
1234.5,0.18122292,0.01495152
1234.75,0.2395008,0.01681668
1235,0.19178424,0.00825984
1235.25,0.18505044,0.01058616
1235.5,0.19296252,0.01303992
1235.75,0.18542088,0.0099792
1236,0.17818056,0.01544724
1236.25,0.17608536,0.01403136
1236.5,0.16510932,0.01419444
1236.75,0.16225272,0.01496448
1237,0.15015348,0.01342548
1237.25,0.17096184,0.02227284
1237.5,0.20416536,0.02006532
1237.75,0.19986912,0.02327724
1238,0.2021274,0.02390796
1238.25,0.23315796,0.02665764
1238.5,0.19260288,0.02793312
1238.75,0.19519704,0.03313656
1239,0.2064852,0.0291168
1239.25,0.21143376,0.02880036
1239.5,0.16504344,0.02247588
1239.75,0.16971984,0.02703672
1240,0.18024228,0.02327292
1240.25,0.1807164,0.02302668
1240.5,0.16085304,0.0222372
1240.75,0.17171136,0.02096388
1241,0.15555132,0.017793
1241.25,0.13696344,0.01181412
1241.5,0.12178404,0.01358856
1241.75,0.11341296,0.00981288
1242,0.10865232,0.01319436
1242.25,0.1002402,0.0146232
1242.5,0.09169632,0.01958904
1242.75,0.09628632,0.01787832
1243,0.08763768,0.02023812
1243.25,0.08237916,0.02027592
1243.5,0.099684,0.024597
1243.75,0.09372348,0.01971864
1244,0.10012032,0.01896372
1244.25,0.08771328,0.01617516
1244.5,0.09286056,0.02051028
1244.75,0.09181836,0.02439396
1245,0.10716192,0.02262924
1245.25,0.086643,0.01178064
1245.5,0.08543232,0.00905688
1245.75,0.0851364,0.00972324
1246,0.0755298,0.01277316
1246.25,0.08290728,0.01969596
1246.5,0.07587864,0.01424304
1246.75,0.07542612,0.0184734
1247,0.07396704,0.01742256
1247.25,0.076059,0.0166428
1247.5,0.07860564,0.01953072
1247.75,0.0755298,0.01846044
1248,0.07126164,0.01936008
1248.25,0.06715764,0.01670112
1248.5,0.06608736,0.01869264
1248.75,0.06401376,0.01747008
1249,0.0664038,0.01898424
1249.25,0.06980688,0.01903716
1249.5,0.0648108,0.01423224
1249.75,0.06730344,0.01765476
1250,0.06737472,0.0159408
1250.25,0.0658368,0.0171072
1250.5,0.06735096,0.01695816
1250.75,0.07180164,0.01966572
1251,0.06672564,0.01629828
1251.25,0.0609984,0.01419984
1251.5,0.06342192,0.01561356
1251.75,0.06375996,0.01527336
1252,0.065448,0.018576
1252.25,0.06340896,0.0164646
1252.5,0.06079536,0.0160326
1252.75,0.05639328,0.01371384
1253,0.061884,0.01701756
1253.25,0.05932656,0.01461348
1253.5,0.06565968,0.017766
1253.75,0.06451596,0.01835136
1254,0.06434208,0.01707696
1254.25,0.06122844,0.01733724
1254.5,0.05378292,0.01255284
1254.75,0.0526122,0.01577448
1255,0.05519772,0.01127952
1255.25,0.04844016,0.01014228
1255.5,0.05963868,0.0112266
1255.75,0.05716332,0.00975456
1256,0.04548636,0.01187352
1256.25,0.0451386,0.01185192
1256.5,0.04745736,0.00884844
1256.75,0.05354532,0.00890784
1257,0.0542484,0.00804924
1257.25,0.05506812,0.01165104
1257.5,0.0685314,0.01275264
1257.75,0.06593292,0.01222236
1258,0.07049268,0.01309716
1258.25,0.06877656,0.0103248
1258.5,0.05231952,0.00996948
1258.75,0.05639328,0.010179
1259,0.061182,0.01447416
1259.25,0.0652698,0.01089288
1259.5,0.07323156,0.01467612
1259.75,0.07887024,0.02042064
1260,0.06984684,0.01384992
1260.25,0.0815562,0.01761912
1260.5,0.07098732,0.01465128
1260.75,0.0682776,0.01457784
1261,0.0527256,0.01260144
1261.25,0.04905252,0.00961632
1261.5,0.06351588,0.01110132
1261.75,0.06248772,0.01176444
1262,0.0644166,0.01321488
1262.25,0.05791608,0.01270404
1262.5,0.05366844,0.01202256
1262.75,0.05994432,0.01477008
1263,0.05636196,0.00975564
1263.25,0.0643302,0.01499472
1263.5,0.05069304,0.01493532
1263.75,0.0512136,0.0134568
1264,0.057483,0.01440072
1264.25,0.05689008,0.01112292
1264.5,0.05482188,0.0088506
1264.75,0.05685228,0.00836784
1265,0.06298236,0.00819504
1265.25,0.06322536,0.00799092
1265.5,0.0634878,0.0074034
1265.75,0.06311736,0.00813348
1266,0.05984064,0.00534816
1266.25,0.05843556,0.00649944
1266.5,0.05740956,0.00697572
1266.75,0.05652936,0.00560628
1267,0.060048,0.00736884
1267.25,0.06603336,0.01177416
1267.5,0.07261812,0.0116424
1267.75,0.07391412,0.01112292
1268,0.0765936,0.01087992
1268.25,0.08028072,0.01250964
1268.5,0.07224552,0.00960984
1268.75,0.07195716,0.0129438
1269,0.07223256,0.01069632
1269.25,0.06799464,0.01042956
1269.5,0.07769088,0.01712124
1269.75,0.06939864,0.01247184
1270,0.07310952,0.01624968
1270.25,0.0670518,0.01589652
1270.5,0.06729048,0.0141156
1270.75,0.06973344,0.01938276
1271,0.07034148,0.01715148
1271.25,0.07201332,0.01878444
1271.5,0.06908112,0.01592136
1271.75,0.074736,0.02195964
1272,0.06753564,0.0171504
1272.25,0.07011792,0.0204228
1272.5,0.06496956,0.02024676
1272.75,0.06382368,0.01895724
1273,0.06817284,0.02262924
1273.25,0.06538968,0.02128248
1273.5,0.07152624,0.0189972
1273.75,0.06833376,0.0169236
1274,0.06967512,0.01967112
1274.25,0.06859296,0.0187272
1274.5,0.06954228,0.02024136
1274.75,0.06974532,0.02346192
1275,0.06561432,0.01907496
1275.25,0.06870528,0.02135052
1275.5,0.06559272,0.01968192
1275.75,0.06416064,0.01947564
1276,0.06377184,0.02005884
1276.25,0.06335388,0.02045088
1276.5,0.060615,0.01996812
1276.75,0.05818284,0.01693548
1277,0.05939136,0.01889136
1277.25,0.0597726,0.0198288
1277.5,0.06251472,0.01970028
1277.75,0.06572232,0.02277504
1278,0.07008336,0.0218592
1278.25,0.07070328,0.02085912
1278.5,0.0758268,0.02191428
1278.75,0.09111744,0.01791612
1279,0.1111914,0.01645596
1279.25,0.11012652,0.01587168
1279.5,0.10655604,0.01547748
1279.75,0.13097808,0.02022084
1280,0.13513392,0.01978344
1280.25,0.15849432,0.02483028
1280.5,0.16753716,0.01819476
1280.75,0.17470188,0.01332072
1281,0.19461924,0.01802844
1281.25,0.20395908,0.01662768
1281.5,0.2355588,0.01787184
1281.75,0.22364208,0.02135592
1282,0.22045176,0.02246184
1282.25,0.21596004,0.01930068
1282.5,0.16545168,0.01825092
1282.75,0.17105904,0.0190458
1283,0.211815,0.0238788
1283.25,0.22253724,0.02121984
1283.5,0.24327864,0.02173932
1283.75,0.23655024,0.0219132
1284,0.19251972,0.01772064
1284.25,0.11875464,0.01685448
1284.5,0.1054242,0.01652076
1284.75,0.1060722,0.0138726
1285,0.09316512,0.0146232
1285.25,0.09157644,0.014634
1285.5,0.10834128,0.01782648
1285.75,0.12944232,0.01708128
1286,0.14077368,0.01468368
1286.25,0.13998636,0.01226664
1286.5,0.14179428,0.01383912
1286.75,0.15512364,0.01603692
1287,0.14465304,0.01461672
1287.25,0.15184152,0.01430568
1287.5,0.12277008,0.01284552
1287.75,0.12727908,0.01165752
1288,0.13420404,0.01091988
1288.25,0.1415556,0.01177308
1288.5,0.13705092,0.00906336
1288.75,0.14440032,0.00836244
1289,0.14486364,0.0077004
1289.25,0.14314428,0.00861084
1289.5,0.1478304,0.01056456
1289.75,0.13051476,0.00899316
1290,0.1225314,0.01134864
1290.25,0.10090224,0.00794772
1290.5,0.08399376,0.009099
1290.75,0.07546068,0.00733212
1291,0.07302312,0.00945432
1291.25,0.0695466,0.00952452
1291.5,0.07940484,0.01188864
1291.75,0.08210916,0.01293624
1292,0.0800226,0.01337148
1292.25,0.08056044,0.0124686
1292.5,0.0828684,0.01255176
1292.75,0.07705692,0.0093042
1293,0.08576064,0.01098792
1293.25,0.07934112,0.01242972
1293.5,0.08370864,0.01502064
1293.75,0.08059284,0.0158868
1294,0.07726968,0.01554984
1294.25,0.0797526,0.0140184
1294.5,0.07020972,0.0127116
1294.75,0.07259004,0.01378512
1295,0.07693488,0.01609416
1295.25,0.07862076,0.01671192
1295.5,0.08086392,0.01810188
1295.75,0.08282088,0.01454868
1296,0.0794718,0.01974888
1296.25,0.08425404,0.02077812
1296.5,0.0718524,0.01444824
1296.75,0.0747306,0.0195912
1297,0.07472952,0.01971432
1297.25,0.07181568,0.01796796
1297.5,0.0766746,0.02143908
1297.75,0.08116308,0.0249318
1298,0.07765416,0.01918836
1298.25,0.07712712,0.02022732
1298.5,0.07961328,0.02267676
1298.75,0.07589484,0.01950264
1299,0.07400484,0.02238192
1299.25,0.07308576,0.02403216
1299.5,0.07522092,0.0255636
1299.75,0.07250904,0.01939788
1300,0.07004664,0.01627668
1300.25,0.07005852,0.01780704
1300.5,0.06610896,0.01675296
1300.75,0.06607008,0.01700028
1301,0.06714684,0.0150552
1301.25,0.06881436,0.016605
1301.5,0.07485588,0.01700892
1301.75,0.0682884,0.01639008
1302,0.07745004,0.01899072
1302.25,0.07371,0.02165508
1302.5,0.05843556,0.0174312
1302.75,0.0606582,0.01693764
1303,0.06376644,0.0142776
1303.25,0.085752,0.0169776
1303.5,0.09098784,0.01409292
1303.75,0.11392596,0.01588248
1304,0.11496924,0.01181952
1304.25,0.13552812,0.01558224
1304.5,0.161595,0.01626588
1304.75,0.177633,0.0146394
1305,0.21113568,0.0176634
1305.25,0.22155876,0.01922184
1305.5,0.24306372,0.02422548
1305.75,0.2557062,0.02230308
1306,0.26226612,0.02228796
1306.25,0.27120852,0.02325024
1306.5,0.2492262,0.01994004
1306.75,0.25801092,0.02295756
1307,0.25931232,0.02223072
1307.25,0.2660742,0.02261412
1307.5,0.26720712,0.02244564
1307.75,0.2508786,0.02296404
1308,0.23571432,0.02533464
1308.25,0.22640364,0.02242188
1308.5,0.2188026,0.0230202
1308.75,0.21137112,0.01935792
1309,0.21536172,0.0198072
1309.25,0.21982212,0.01795932
1309.5,0.22124124,0.02019276
1309.75,0.2258874,0.01991304
1310,0.25315956,0.02304936
1310.25,0.24402708,0.02088612
1310.5,0.24814836,0.01812672
1310.75,0.24059916,0.01728
1311,0.24854688,0.02819124
1311.25,0.2445768,0.02831868
1311.5,0.23539788,0.02769444
1311.75,0.23088348,0.0265302
1312,0.21704004,0.02560788
1312.25,0.2419632,0.02975184
1312.5,0.22703544,0.0275346
1312.75,0.20234124,0.0229878
1313,0.17634564,0.01691064
1313.25,0.16411248,0.02036664
1313.5,0.16241472,0.02077596
1313.75,0.14817168,0.01777572
1314,0.13346964,0.01987092
1314.25,0.11289672,0.0118152
1314.5,0.09706284,0.0101142
1314.75,0.09836424,0.01833948
1315,0.09088632,0.01254204
1315.25,0.08958276,0.01435968
1315.5,0.10444248,0.01525824
1315.75,0.10459476,0.01110348
1316,0.11340756,0.01678752
1316.25,0.10385388,0.01181628
1316.5,0.09762012,0.01285092
1316.75,0.10080828,0.0141696
1317,0.09213048,0.01494828
1317.25,0.11117844,0.01268676
1317.5,0.0865242,0.0107946
1317.75,0.08894016,0.01137672
1318,0.08103996,0.0119934
1318.25,0.08316216,0.01052352
1318.5,0.07129296,0.01217592
1318.75,0.07001856,0.01335636
1319,0.07217316,0.01518804
1319.25,0.07557948,0.01619244
1319.5,0.0778302,0.02099088
1319.75,0.07672104,0.01728972
1320,0.07217856,0.01709856
1320.25,0.07114716,0.01604232
1320.5,0.06696972,0.0156114
1320.75,0.06887592,0.01738692
1321,0.0666684,0.01375272
1321.25,0.06807348,0.01467936
1321.5,0.07004556,0.01641924
1321.75,0.06866316,0.01710936
1322,0.0719388,0.01963872
1322.25,0.06994512,0.01788804
1322.5,0.06581088,0.01819584
1322.75,0.06998832,0.01566108
1323,0.06476436,0.01365552
1323.25,0.06609276,0.01509624
1323.5,0.0649296,0.01595916
1323.75,0.06456888,0.01042956
1324,0.06655608,0.01050624
1324.25,0.06689088,0.01055052
1324.5,0.05992812,0.0103626
1324.75,0.05989896,0.01117584
1325,0.06275016,0.01119312
1325.25,0.0655398,0.01090368
1325.5,0.06480324,0.01289304
1325.75,0.06594156,0.01267596
1326,0.07073136,0.01267812
1326.25,0.06675264,0.0106434
1326.5,0.05780592,0.01056348
1326.75,0.05431428,0.00956664
1327,0.05816664,0.00919188
1327.25,0.07681068,0.01000512
1327.5,0.09183996,0.01602396
1327.75,0.12288132,0.01336716
1328,0.13318452,0.01264464
1328.25,0.16802748,0.02003724
1328.5,0.20835468,0.02005668
1328.75,0.2350566,0.0205416
1329,0.2485512,0.02157624
1329.25,0.2626668,0.02381508
1329.5,0.26327052,0.02612952
1329.75,0.28332072,0.02716956
1330,0.29443824,0.02836404
1330.25,0.29529684,0.02988576
1330.5,0.28219428,0.02823984
1330.75,0.28479708,0.02690928
1331,0.3095712,0.03322944
1331.25,0.30894372,0.03252744
1331.5,0.30295512,0.03400596
1331.75,0.2873502,0.03588516
1332,0.28335852,0.03686796
1332.25,0.26408808,0.03256848
1332.5,0.25065828,0.03054348
1332.75,0.2437506,0.0316548
1333,0.2443122,0.03799764
1333.25,0.25026192,0.03599748
1333.5,0.26798472,0.03550824
1333.75,0.27835596,0.0371358
1334,0.28560276,0.03900528
1334.25,0.2855088,0.03795984
1334.5,0.25907472,0.03591432
1334.75,0.27033912,0.03753216
1335,0.16488036,0.02877984
1335.25,0.0106218,-0.00883656
1335.5,-0.00763236,-0.009747
1335.75,-0.00766044,-0.00690552
1336,-0.00419472,-0.00895536
1336.25,-0.00242676,-0.00951588
1336.5,-0.00297972,-0.00937332
1336.75,-0.00020196,-0.00516348
1337,0.08848008,-0.0017874
1337.25,0.07767576,-0.002646
1337.5,0.0722628,-0.00121284
1337.75,0.14367564,0.0040392
1338,0.15994044,0.02250828
1338.25,0.17575056,0.01421928
1338.5,0.15453936,0.01938276
1338.75,0.09737712,0.00883872
1339,0.22189032,0.02970864
1339.25,0.21397176,0.0165564
1339.5,0.16418484,0.0174042
1339.75,0.14847948,0.01256904
1340,0.16482096,0.01149984
1340.25,0.15677712,0.01017036
1340.5,0.16061544,0.0122742
1340.75,0.1415718,0.01148148
1341,0.13671612,0.0060156
1341.25,0.13032252,0.0069444
1341.5,0.12458556,0.01139832
1341.75,0.12441816,0.01445148
1342,0.12083796,0.01619676
1342.25,0.11278764,0.01465236
1342.5,0.11056176,0.0169128
1342.75,0.10495764,0.01472256
1343,0.09858348,0.01213056
1343.25,0.09630468,0.013149
1343.5,0.09886752,0.0134352
1343.75,0.09927792,0.01624428
1344,0.099441,0.01546452
1344.25,0.09951228,0.0158436
1344.5,0.09473436,0.0151578
1344.75,0.08295372,0.01744092
1345,0.08510616,0.01535004
1345.25,0.09728856,0.0115452
1345.5,0.09823032,0.00959472
1345.75,0.0987066,0.01074384
1346,0.09744624,0.01091772
1346.25,0.09641052,0.01058184
1346.5,0.094554,0.00944892
1346.75,0.10012896,0.01239084
1347,0.09314784,0.0113508
1347.25,0.09828756,0.01159164
1347.5,0.09671724,0.0132462
1347.75,0.098874,0.01458432
1348,0.09359496,0.01197828
1348.25,0.09325476,0.01146312
1348.5,0.09011196,0.0118746
1348.75,0.09091872,0.01230336
1349,0.09341136,0.01357668
1349.25,0.0927396,0.01305612
1349.5,0.09788796,0.01465344
1349.75,0.0931878,0.01358532
1350,0.09966456,0.01429704
1350.25,0.09641808,0.01307556
1350.5,0.08947692,0.01337148
1350.75,0.08857944,0.01338336
1351,0.08444412,0.01336716
1351.25,0.09269532,0.02544372
1351.5,0.10310328,0.00745092
1351.75,0.12459636,0.01327428
1352,0.14122188,0.01624428
1352.25,0.163026,0.01657692
1352.5,0.20204748,0.01777464
1352.75,0.21491676,0.01703592
1353,0.23925996,0.01972836
1353.25,0.25501608,0.01881468
1353.5,0.30213972,0.03035988
1353.75,0.29742444,0.02567268
1354,0.31196448,0.02966652
1354.25,0.31647888,0.03201444
1354.5,0.28605744,0.02610576
1354.75,0.29876688,0.02554416
1355,0.30154788,0.02920752
1355.25,0.29098224,0.02545128
1355.5,0.28482516,0.03213756
1355.75,0.27052704,0.03469716
1356,0.27076248,0.0373788
1356.25,0.25042608,0.0300672
1356.5,0.2454894,0.03719844
1356.75,0.22503744,0.02224692
1357,0.21803688,0.01907064
1357.25,0.21720528,0.02575908
1357.5,0.22843296,0.029943
1357.75,0.24450552,0.027621
1358,0.2395818,0.02691252
1358.25,0.2496582,0.03678156
1358.5,0.22528908,0.0295056
1358.75,0.25020576,0.04093308
1359,0.24969492,0.045252
1359.25,0.24555852,0.04034556
1359.5,0.23171832,0.04112748
1359.75,0.22607748,0.03375648
1360,0.24315768,0.03791016
1360.25,0.22541544,0.03822768
1360.5,0.219294,0.02903148
1360.75,0.25624512,0.04419684
1361,0.2406888,0.0330966
1361.25,0.22583556,0.04532652
1361.5,0.1478844,0.02670084
1361.75,0.13422888,0.01753056
1362,0.13875948,0.02461536
1362.25,0.11243448,0.02167776
1362.5,0.11575332,0.022194
1362.75,0.11587536,0.03703536
1363,0.09863208,0.02198016
1363.25,0.12846492,0.01892484
1363.5,0.10051884,0.0196668
1363.75,0.09462636,0.02262276
1364,0.1116774,0.01896264
1364.25,0.12503916,0.02007828
1364.5,0.10862532,0.01893888
1364.75,0.10080828,0.02062476
1365,0.12285216,0.02946564
1365.25,0.09928008,0.01346868
1365.5,0.088668,0.01133352
1365.75,0.1037664,0.02194344
1366,0.09244692,0.02429136
1366.25,0.07887996,0.01846476
1366.5,0.07199928,0.0161622
1366.75,0.06891912,0.01724112
1367,0.0688932,0.01780164
1367.25,0.07074324,0.01472472
1367.5,0.07221852,0.01403028
1367.75,0.07379748,0.01482948
1368,0.06651936,0.014148
1368.25,0.06771924,0.01687392
1368.5,0.06773976,0.01673136
1368.75,0.07004232,0.01191672
1369,0.06824412,0.01320624
1369.25,0.06830892,0.0126846
1369.5,0.07169472,0.01356372
1369.75,0.0726786,0.01229796
1370,0.07619076,0.01263816
1370.25,0.07574796,0.01242864
1370.5,0.07393356,0.01030968
1370.75,0.07574904,0.01130004
1371,0.07133832,0.01104084
1371.25,0.07349616,0.01039608
1371.5,0.07087176,0.01100844
1371.75,0.07073892,0.01057752
1372,0.06860592,0.0094176
1372.25,0.07062444,0.01025244
1372.5,0.06699132,0.0096714
1372.75,0.06664032,0.01101924
1373,0.06777432,0.01066716
1373.25,0.06795468,0.01020492
1373.5,0.07267644,0.01138212
1373.75,0.07195176,0.00992196
1374,0.07641216,0.01084536
1374.25,0.07603308,0.01159056
1374.5,0.0761886,0.01557576
1374.75,0.0590868,0.01003752
1375,0.05877252,0.00701892
1375.25,0.06867936,0.01093824
1375.5,0.07220016,0.0093258
1375.75,0.094041,0.00859356
1376,0.09342864,0.00924588
1376.25,0.1166346,0.01254744
1376.5,0.13480452,0.01287468
1376.75,0.15795864,0.01514052
1377,0.1974996,0.0188892
1377.25,0.16894008,0.01196316
1377.5,0.22551048,0.0189864
1377.75,0.22743936,0.02103084
1378,0.22550616,0.01784808
1378.25,0.2374704,0.02226096
1378.5,0.1846098,0.01265112
1378.75,0.21326544,0.0179496
1379,0.18149508,0.0118152
1379.25,0.22492188,0.02515644
1379.5,0.21872484,0.02041956
1379.75,0.21288852,0.0255204
1380,0.21948084,0.029106
1380.25,0.20544948,0.03081456
1380.5,0.19413216,0.02589732
1380.75,0.18330732,0.022275
1381,0.16901784,0.0242676
1381.25,0.15574464,0.0117774
1381.5,0.20150532,0.03156948
1381.75,0.21355596,0.02521044
1382,0.2154816,0.0284742
1382.25,0.18917712,0.02755404
1382.5,0.1846206,0.0247428
1382.75,0.1902312,0.0283014
1383,0.1974294,0.03242484
1383.25,0.2004048,0.03033072
1383.5,0.18844596,0.0238086
1383.75,0.26281584,0.04149576
1384,0.1847664,0.01630692
1384.25,0.21538008,0.02422224
1384.5,0.18255672,0.0157788
1384.75,0.1889514,0.03264948
1385,0.1924074,0.02989008
1385.25,0.14052096,0.0104868
1385.5,0.15870816,0.01518804
1385.75,0.11912076,0.01197072
1386,0.1212138,0.01640412
1386.25,0.13741596,0.02269188
1386.5,0.11784744,0.02181492
1386.75,0.10837584,0.01781028
1387,0.11959164,0.01313388
1387.25,0.12913128,0.01877796
1387.5,0.10323396,0.01630692
1387.75,0.10846224,0.00777492
1388,0.1120878,0.0103464
1388.25,0.11300472,0.01270944
1388.5,0.09929844,0.01607796
1388.75,0.10374372,0.01040796
1389,0.1053648,0.01435644
1389.25,0.07881624,0.00871668
1389.5,0.08081964,0.00603072
1389.75,0.07152516,0.00662688
1390,0.07625016,0.01121364
1390.25,0.07242372,0.00979236
1390.5,0.06433452,0.0076302
1390.75,0.06290244,0.00854064
1391,0.06036444,0.00933012
1391.25,0.06568236,0.01122336
1391.5,0.0730188,0.01368576
1391.75,0.07329852,0.01508004
1392,0.06520392,0.01195668
1392.25,0.06804,0.01619244
1392.5,0.0639846,0.01418364
1392.75,0.06607548,0.01397844
1393,0.0665496,0.01528308
1393.25,0.06692004,0.01791396
1393.5,0.07438392,0.02033424
1393.75,0.0728676,0.01401948
1394,0.07194096,0.01593432
1394.25,0.07447572,0.0154818
1394.5,0.07335252,0.01643544
1394.75,0.07876656,0.02378268
1395,0.07248636,0.0166914
1395.25,0.06825816,0.01749276
1395.5,0.0723222,0.0180522
1395.75,0.0733644,0.022977
1396,0.0716148,0.0186732
1396.25,0.0712584,0.0136188
1396.5,0.06884568,0.011664
1396.75,0.05993892,0.01157976
1397,0.067014,0.01225368
1397.25,0.0655128,0.01134324
1397.5,0.06983172,0.0130086
1397.75,0.07143552,0.01334772
1398,0.07247016,0.01100736
1398.25,0.07608816,0.01400544
1398.5,0.0693144,0.01409076
1398.75,0.05762664,0.00860976
1399,0.0617814,0.02338956
1399.25,0.063558,0.00740772
1399.5,0.07263432,0.00978804
1399.75,0.10772136,0.01599912
1400,0.11489688,0.0155088
1400.25,0.12286404,0.00765936
1400.5,0.14118948,0.00997164
1400.75,0.1495422,0.0095742
1401,0.16199784,0.00952236
1401.25,0.15808068,0.00542052
1401.5,0.169506,0.00707184
1401.75,0.2066742,0.01329804
1402,0.20203884,0.01306368
1402.25,0.19084896,0.0096498
1402.5,0.209115,0.0114534
1402.75,0.21655512,0.01370952
1403,0.2122956,0.01483056
1403.25,0.24244488,0.01819584
1403.5,0.20411784,0.02821608
1403.75,0.22648896,0.03053268
1404,0.22003596,0.02889324
1404.25,0.18147456,0.01683504
1404.5,0.1761804,0.02271456
1404.75,0.19612908,0.02469204
1405,0.1500012,0.0197532
1405.25,0.16756848,0.0212598
1405.5,0.14054796,0.01719252
1405.75,0.18908424,0.02033316
1406,0.18945036,0.0210816
1406.25,0.18594468,0.0174906
1406.5,0.1544724,0.01914408
1406.75,0.1775304,0.02171232
1407,0.174528,0.01990548
1407.25,0.16906752,0.02210328
1407.5,0.13253544,0.01685664
1407.75,0.1371168,0.014688
1408,0.13297176,0.0195642
1408.25,0.13249332,0.01174932
1408.5,0.133083,0.0090612
1408.75,0.1326294,0.01283256
1409,0.1165968,0.00967032
1409.25,0.12993912,0.01185732
1409.5,0.09641376,0.00591516
1409.75,0.11166228,0.01117584
1410,0.10231704,0.0127008
1410.25,0.10264212,0.01254852
1410.5,0.09217152,0.01388556
1410.75,0.06560676,0.00785376
1411,0.06731208,0.0102924
1411.25,0.08509212,0.01009908
1411.5,0.10391328,0.01401732
1411.75,0.0885438,0.0127602
1412,0.09259488,0.01174716
1412.25,0.08796492,0.01050732
1412.5,0.08669484,0.0106002
1412.75,0.08469576,0.007641
1413,0.08354232,0.01254744
1413.25,0.0787374,0.00827928
1413.5,0.08235,0.00831708
1413.75,0.07675776,0.00781164
1414,0.07537104,0.00919512
1414.25,0.07741116,0.0094608
1414.5,0.07412364,0.010854
1414.75,0.07358256,0.01077192
1415,0.07627716,0.01596672
1415.25,0.0755676,0.01534788
1415.5,0.07688844,0.01321488
1415.75,0.08157672,0.0151902
1416,0.07154244,0.01389204
1416.25,0.0682344,0.0112266
1416.5,0.06436692,0.00760212
1416.75,0.06551172,0.00871776
1417,0.06915348,0.01199448
1417.25,0.06704856,0.01090692
1417.5,0.06878628,0.0110484
1417.75,0.06943644,0.0135702
1418,0.070956,0.01464804
1418.25,0.07340868,0.01574424
1418.5,0.07371,0.01718712
1418.75,0.07349292,0.02043468
1419,0.07062552,0.01908036
1419.25,0.07133508,0.01726164
1419.5,0.07275744,0.01860084
1419.75,0.0715122,0.01794528
1420,0.07207488,0.01929204
1420.25,0.06988572,0.01380132
1420.5,0.06596208,0.01659096
1420.75,0.06553764,0.01542456
1421,0.06806052,0.0122472
1421.25,0.06795576,0.01315548
1421.5,0.07053696,0.01447092
1421.75,0.06871716,0.0119556
1422,0.07074324,0.01241352
1422.25,0.0712584,0.01235196
1422.5,0.0643248,0.0151686
1422.75,0.05741712,0.01177524
1423,0.05638788,0.01076544
1423.25,0.0564894,0.00935064
1423.5,0.06023592,0.012339
1423.75,0.059481,0.00993924
1424,0.04293648,0.00846396
1424.25,0.04591836,0.00867996
1424.5,0.0477954,0.00798876
1424.75,0.05319108,0.00903744
1425,0.06489396,0.0126252
1425.25,0.0653832,0.01030104
1425.5,0.0864972,0.01106784
1425.75,0.0735318,0.00952884
1426,0.07401348,0.00929124
1426.25,0.0722142,0.01222452
1426.5,0.0551988,0.01018764
1426.75,0.05635008,0.01123524
1427,0.090261,0.01165104
1427.25,0.07561836,0.01276668
1427.5,0.0735156,0.01132596
1427.75,0.07534512,0.01122336
1428,0.07415928,0.01346652
1428.25,0.07275204,0.01243188
1428.5,0.08087256,0.01092096
1428.75,0.08877924,0.01241676
1429,0.05480244,0.008451
1429.25,0.05571288,0.00766152
1429.5,0.06049296,0.0073116
1429.75,0.109161,0.01110456
1430,0.06555708,0.00729972
1430.25,0.07011468,0.005967
1430.5,0.07033608,0.0075708
1430.75,0.07132536,0.00641196
1431,0.06647076,0.00687204
1431.25,0.06730452,0.00796824
1431.5,0.0631908,0.0089262
1431.75,0.05849928,0.00752652
1432,0.06522012,0.0094662
1432.25,0.06667056,0.00827928
1432.5,0.0849636,0.00578664
1432.75,0.0616356,0.00682236
1433,0.0762318,0.00968544
1433.25,0.07877304,0.00980748
1433.5,0.07199064,0.00902664
1433.75,0.08718084,0.01242432
1434,0.07283196,0.01433916
1434.25,0.07028964,0.01153656
1434.5,0.067527,0.0097416
1434.75,0.06992352,0.0133218
1435,0.06840504,0.01624104
1435.25,0.0793584,0.01180872
1435.5,0.08245044,0.0113076
1435.75,0.0836082,0.01254528
1436,0.0893106,0.0136242
1436.25,0.09139176,0.01356372
1436.5,0.08821764,0.01664712
1436.75,0.07444656,0.01230876
1437,0.077301,0.01305504
1437.25,0.0823986,0.01181304
1437.5,0.08919828,0.01453464
1437.75,0.09431856,0.01679184
1438,0.08552196,0.01305288
1438.25,0.07314192,0.0111672
1438.5,0.07292592,0.01184436
1438.75,0.08028072,0.01324944
1439,0.08475948,0.01665144
1439.25,0.08610084,0.01719576
1439.5,0.09036036,0.02135052
1439.75,0.08937216,0.01887084
1440,0.07050456,0.01352808
1440.25,0.0692766,0.0141426
1440.5,0.06776244,0.01442448
1440.75,0.06680232,0.01524528
1441,0.06981012,0.0149256
1441.25,0.0715176,0.018036
1441.5,0.0767988,0.0163404
1441.75,0.076356,0.01369872
1442,0.07658172,0.01438452
1442.25,0.07589376,0.0160542
1442.5,0.07487856,0.01585656
1442.75,0.07572636,0.01613304
1443,0.07604388,0.01623132
1443.25,0.072684,0.0178524
1443.5,0.07324236,0.0185166
1443.75,0.07390116,0.01855116
1444,0.07400916,0.01876068
1444.25,0.06778188,0.01617732
1444.5,0.06629364,0.01961172
1444.75,0.06505704,0.01328832
1445,0.07096356,0.01493208
1445.25,0.06751728,0.01251504
1445.5,0.0715392,0.01269648
1445.75,0.07161048,0.01247508
1446,0.07429644,0.0142074
1446.25,0.0710208,0.01411452
1446.5,0.08141904,0.01543536
1446.75,0.05897664,0.01482948
1447,0.05731236,0.01223316
1447.25,0.05475816,0.01111536
1447.5,0.05600664,0.00868212
1447.75,0.06058368,0.01294164
1448,0.04727376,0.0135756
1448.25,0.04749084,0.01372896
1448.5,0.0543672,0.0156762
1448.75,0.05361552,0.01667304
1449,0.06527628,0.01942596
1449.25,0.06127812,0.01603584
1449.5,0.06736716,0.0179334
1449.75,0.0827226,0.0177822
1450,0.0691092,0.01669896
1450.25,0.07105536,0.01972296
1450.5,0.05692464,0.03044628
1450.75,0.05189832,0.01822392
1451,0.06669972,0.0231174
1451.25,0.06931656,0.01948536
1451.5,0.06908976,0.021357
1451.75,0.07178544,0.02000916
1452,0.06581304,0.0151632
1452.25,0.07169796,0.0217188
1452.5,0.09174168,0.01957608
1452.75,0.0867834,0.02241432
1453,0.04613868,0.01285848
1453.25,0.05135832,0.01441476
1453.5,0.06404832,0.01721304
1453.75,0.0623052,0.0146718
1454,0.06480864,0.01304964
1454.25,0.08106156,0.01346544
1454.5,0.06888672,0.01047924
1454.75,0.0811404,0.01148148
1455,0.073926,0.01382616
1455.25,0.07949664,0.0175392
1455.5,0.06552144,0.01423656
1455.75,0.05459832,0.0092286
1456,0.06043464,0.00820368
1456.25,0.08147304,0.00957636
1456.5,0.05862348,0.00836352
1456.75,0.06530328,0.00869616
1457,0.06343164,0.00860652
1457.25,0.06366492,0.0078786
1457.5,0.0721224,0.00772632
1457.75,0.06542856,0.00810648
1458,0.06615216,0.00758052
1458.25,0.06486912,0.0061182
1458.5,0.05781024,0.00461376
1458.75,0.05867316,0.0071496
1459,0.05673564,0.00647568
1459.25,0.06949044,0.0073656
1459.5,0.07493796,0.00793692
1459.75,0.07273152,0.00965844
1460,0.07379748,0.00928908
1460.25,0.07222716,0.00748224
1460.5,0.07393572,0.00682452
1460.75,0.07113204,0.00764748
1461,0.07133076,0.00715392
1461.25,0.07305012,0.00742716
1461.5,0.07118064,0.00788616
1461.75,0.07068276,0.00766584
1462,0.06735096,0.00811836
1462.25,0.07138152,0.00816804
1462.5,0.06820524,0.00766368
1462.75,0.07525656,0.00768852
1463,0.06839856,0.0097254
1463.25,0.06990408,0.00956556
1463.5,0.07315812,0.01163592
1463.75,0.07594884,0.01135296
1464,0.06709716,0.01050408
1464.25,0.0752166,0.00808704
1464.5,0.07657416,0.00963036
1464.75,0.06347376,0.0091692
1465,0.06644052,0.01061208
1465.25,0.06380316,0.00906876
1465.5,0.0659556,0.01068876
1465.75,0.0705132,0.01265328
1466,0.07054776,0.01345248
1466.25,0.07082748,0.01231092
1466.5,0.0704754,0.01535436
1466.75,0.07091604,0.01277856
1467,0.06973452,0.01401408
1467.25,0.07819848,0.01631556
1467.5,0.0702324,0.0183276
1467.75,0.06993108,0.01496232
1468,0.06762096,0.01593324
1468.25,0.06632388,0.01618812
1468.5,0.06436152,0.01589436
1468.75,0.06435936,0.0129168
1469,0.06261624,0.00965196
1469.25,0.06581088,0.01043496
1469.5,0.06783912,0.01322784
1469.75,0.06725916,0.01177632
1470,0.06953364,0.01116612
1470.25,0.06697944,0.01241892
1470.5,0.06083424,0.00995868
1470.75,0.0575586,0.01059696
1471,0.05647644,0.00844344
1471.25,0.06039468,0.00778356
1471.5,0.07449624,0.00898884
1471.75,0.07053048,0.00717228
1472,0.05770548,0.0063288
1472.25,0.06064524,0.00662148
1472.5,0.0669276,0.0075276
1472.75,0.07031016,0.0092448
1473,0.0831654,0.0143748
1473.25,0.08784288,0.01297944
1473.5,0.09164232,0.01432944
1473.75,0.09686628,0.01254312
1474,0.09601632,0.01352916
1474.25,0.12520548,0.01528416
1474.5,0.1044468,0.01454868
1474.75,0.09975096,0.01356804
1475,0.11625876,0.01291248
1475.25,0.106812,0.01498284
1475.5,0.11893716,0.01410372
1475.75,0.12118248,0.016767
1476,0.11876976,0.01346544
1476.25,0.08371728,0.00891108
1476.5,0.09880488,0.01014228
1476.75,0.08692164,0.00875988
1477,0.08220204,0.00892836
1477.25,0.07876872,0.0117126
1477.5,0.07346484,0.01226124
1477.75,0.09582516,0.01473228
1478,0.09111852,0.01536948
1478.25,0.10034388,0.01282284
1478.5,0.09764388,0.0143586
1478.75,0.08090928,0.01054728
1479,0.07691652,0.0094338
1479.25,0.08062632,0.00910764
1479.5,0.07420896,0.01067796
1479.75,0.09910188,0.01333584
1480,0.07637328,0.01055052
1480.25,0.07826328,0.0087588
1480.5,0.07295292,0.0079812
1480.75,0.07400916,0.00688392
1481,0.07756128,0.01172772
1481.25,0.06873876,0.0095796
1481.5,0.07103268,0.01032264
1481.75,0.07195176,0.01407132
1482,0.07191936,0.01461888
1482.25,0.07665948,0.01570968
1482.5,0.0763398,0.01480572
1482.75,0.0763668,0.01658016
1483,0.07726752,0.0178686
1483.25,0.08517852,0.01279476
1483.5,0.07929036,0.01436292
1483.75,0.07687224,0.01372356
1484,0.08501112,0.01185948
1484.25,0.08407692,0.01191024
1484.5,0.10073052,0.01581876
1484.75,0.07930548,0.01323324
1485,0.07908408,0.01214028
1485.25,0.0889056,0.01056672
1485.5,0.08429292,0.01019304
1485.75,0.08295372,0.01144908
1486,0.08066952,0.01248156
1486.25,0.07413336,0.01199988
1486.5,0.07678476,0.014202
1486.75,0.074979,0.01417824
1487,0.07721352,0.01376352
1487.25,0.0738666,0.0172152
1487.5,0.07615404,0.01827036
1487.75,0.0796176,0.0142452
1488,0.07491096,0.01446336
1488.25,0.07614,0.01479708
1488.5,0.07123248,0.0156654
1488.75,0.06987384,0.01545156
1489,0.07306416,0.01887732
1489.25,0.07035984,0.01775412
1489.5,0.07744248,0.0184788
1489.75,0.07497036,0.01476576
1490,0.07452108,0.01729836
1490.25,0.07766172,0.01421172
1490.5,0.07411824,0.01076004
1490.75,0.07392384,0.01137888
1491,0.07104348,0.0110322
1491.25,0.06885648,0.01021788
1491.5,0.06895476,0.00900504
1491.75,0.07082208,0.01094148
1492,0.07083612,0.01127736
1492.25,0.06796872,0.01215648
1492.5,0.06519636,0.01153008
1492.75,0.06546852,0.01230336
1493,0.06966216,0.01355076
1493.25,0.06779052,0.01350108
1493.5,0.07323588,0.01508112
1493.75,0.06749136,0.01373868
1494,0.06812532,0.01471068
1494.25,0.0633528,0.01315872
1494.5,0.06855192,0.01737612
1494.75,0.05438016,0.01525284
1495,0.05095224,0.01193508
1495.25,0.05665356,0.01172988
1495.5,0.0619218,0.01596672
1495.75,0.09213264,0.01970676
1496,0.05458752,0.01437048
1496.25,0.05943456,0.01614708
1496.5,0.05593428,0.01438992
1496.75,0.06056208,0.013851
1497,0.07220988,0.01125252
1497.25,0.0751032,0.01111752
1497.5,0.08521848,0.01310688
1497.75,0.08847576,0.01157112
1498,0.08603064,0.01144044
1498.25,0.09209052,0.01080324
1498.5,0.08735796,0.0112374
1498.75,0.10317456,0.00939168
1499,0.09628848,0.01098684
1499.25,0.09331308,0.01077516
1499.5,0.11143332,0.01206792
1499.75,0.11534076,0.01461888
1500,0.10703664,0.0141426
1500.25,0.10530432,0.01435428
1500.5,0.09583488,0.01573992
1500.75,0.09245664,0.01519884
1501,0.08446032,0.01607148
1501.25,0.08405964,0.01565784
1501.5,0.08627148,0.01492668
1501.75,0.08648748,0.01435212
1502,0.08527788,0.01323108
1502.25,0.08871552,0.01537056
1502.5,0.08828892,0.01652184
1502.75,0.08708904,0.01631232
1503,0.08638272,0.01556388
1503.25,0.09856836,0.0161352
1503.5,0.08513424,0.01268784
1503.75,0.08547444,0.01282176
1504,0.09421596,0.01537704
1504.25,0.09662976,0.01271592
1504.5,0.09275688,0.01215972
1504.75,0.09078156,0.01137996
1505,0.09563724,0.01391688
1505.25,0.08792496,0.01153008
1505.5,0.08831808,0.01124604
1505.75,0.08795088,0.01473336
1506,0.074007,0.00966276
1506.25,0.07301124,0.00860436
1506.5,0.0700272,0.00896724
1506.75,0.06799356,0.01012392
1507,0.06918264,0.01164996
1507.25,0.07211916,0.0095904
1507.5,0.07501464,0.008262
1507.75,0.07679556,0.01014768
1508,0.08275716,0.01354752
1508.25,0.08493768,0.01173852
1508.5,0.0783,0.01206684
1508.75,0.07660548,0.01079892
1509,0.08065656,0.0099036
1509.25,0.07975908,0.00990252
1509.5,0.08148924,0.0085482
1509.75,0.08021916,0.0095526
1510,0.08057556,0.00937116
1510.25,0.08160156,0.00957096
1510.5,0.0754056,0.01038096
1510.75,0.07391628,0.00939708
1511,0.07889292,0.0110052
1511.25,0.08109612,0.01281528
1511.5,0.07966296,0.01451304
1511.75,0.07910244,0.01389636
1512,0.07398972,0.01369764
1512.25,0.07511832,0.01362636
1512.5,0.07691868,0.01730484
1512.75,0.0702864,0.01413936
1513,0.07294644,0.01484136
1513.25,0.0730242,0.01461672
1513.5,0.07733988,0.01897884
1513.75,0.07979688,0.01729512
1514,0.07898904,0.01932336
1514.25,0.07871688,0.02056536
1514.5,0.07821792,0.0175878
1514.75,0.08315568,0.02738232
1515,0.07200468,0.01670976
1515.25,0.07058664,0.0142884
1515.5,0.0739584,0.0155628
1515.75,0.07415712,0.0165186
1516,0.07160508,0.01660068
1516.25,0.07098732,0.01864512
1516.5,0.07113744,0.01700784
1516.75,0.06950772,0.01961388
1517,0.07230816,0.02027376
1517.25,0.07270776,0.02019384
1517.5,0.07484616,0.02022084
1517.75,0.07546932,0.02016684
1518,0.07694136,0.01978668
1518.25,0.0740772,0.0171558
1518.5,0.06226632,0.0136998
1518.75,0.06108588,0.01045116
1519,0.06765768,0.0118584
1519.25,0.08858808,0.01053324
1519.5,0.10348992,0.01145772
1519.75,0.1054404,0.01383372
1520,0.12293856,0.02521476
1520.25,0.10242936,0.01724112
1520.5,0.13252896,0.0197694
1520.75,0.11391084,0.01801224
1521,0.13754124,0.01817532
1521.25,0.179037,0.0210654
1521.5,0.17407764,0.02252448
1521.75,0.1797876,0.01880928
1522,0.17672472,0.02093796
1522.25,0.18049068,0.01929096
1522.5,0.16402392,0.019467
1522.75,0.13896684,0.02122848
1523,0.17943768,0.02090556
1523.25,0.17378604,0.01831356
1523.5,0.1915164,0.02110104
1523.75,0.19999548,0.0280476
1524,0.166131,0.01386828
1524.25,0.1674162,0.01367172
1524.5,0.161109,0.010179
1524.75,0.138267,0.01271916
1525,0.11564856,0.00918216
1525.25,0.14517576,0.02256012
1525.5,0.14232456,0.01205496
1525.75,0.19818864,0.01542564
1526,0.19762164,0.0161028
1526.25,0.234738,0.02644704
1526.5,0.242109,0.0263898
1526.75,0.21773124,0.01739124
1527,0.25796772,0.02178036
1527.25,0.26176176,0.02735316
1527.5,0.23052708,0.02257632
1527.75,0.25311528,0.03094524
1528,0.22007052,0.01871208
1528.25,0.26848368,0.0281178
1528.5,0.25734888,0.03349512
1528.75,0.22687128,0.03802356
1529,0.20979,0.02441448
1529.25,0.19298304,0.01673352
1529.5,0.16642476,0.0119772
1529.75,0.17927784,0.01813968
1530,0.16002792,0.01742688
1530.25,0.13465764,0.01699704
1530.5,0.10046592,0.00859464
1530.75,0.09810936,0.01031832
1531,0.11401452,0.015444
1531.25,0.1026324,0.00992736
1531.5,0.15128208,0.0133002
1531.75,0.14182452,0.01299672
1532,0.12888504,0.01509624
1532.25,0.14781852,0.02597184
1532.5,0.13878972,0.0191484
1532.75,0.14839092,0.02790828
1533,0.10483668,0.01244592
1533.25,0.09151812,0.0140454
1533.5,0.09145008,0.01294488
1533.75,0.09863532,0.01570104
1534,0.08788932,0.0157194
1534.25,0.09216396,0.0149472
1534.5,0.0893808,0.01701
1534.75,0.0795042,0.01581768
1535,0.08253252,0.01901664
1535.25,0.08074404,0.01716552
1535.5,0.08647344,0.02101032
1535.75,0.08452404,0.02160432
1536,0.08055504,0.018414
1536.25,0.07832484,0.01619244
1536.5,0.07610436,0.01385856
1536.75,0.0732132,0.00905796
1537,0.07532892,0.0098658
1537.25,0.07301448,0.01126224
1537.5,0.0783486,0.0138456
1537.75,0.07751268,0.0152334
1538,0.07735608,0.01550448
1538.25,0.07803216,0.01647
1538.5,0.07680852,0.01748628
1538.75,0.07747056,0.01699596
1539,0.07441092,0.01614492
1539.25,0.07615728,0.01865268
1539.5,0.07511184,0.01768284
1539.75,0.07519932,0.0171072
1540,0.0743418,0.01486728
1540.25,0.072198,0.01703052
1540.5,0.07206084,0.01849716
1540.75,0.07015464,0.01725732
1541,0.07146468,0.01601856
1541.25,0.07018164,0.01734912
1541.5,0.07536456,0.0215892
1541.75,0.07859484,0.020223
1542,0.08630064,0.02205576
1542.25,0.0840402,0.01450116
1542.5,0.07317648,0.01196532
1542.75,0.06937704,0.01152684
1543,0.07155324,0.00874476
1543.25,0.09552492,0.02422872
1543.5,0.10180728,0.01424304
1543.75,0.12249576,0.0145854
1544,0.14276412,0.01535004
1544.25,0.16886448,0.0131436
1544.5,0.20940444,0.01601856
1544.75,0.23455764,0.01593
1545,0.25257096,0.0174636
1545.25,0.27556956,0.01917108
1545.5,0.28874016,0.02169828
1545.75,0.31138452,0.023355
1546,0.32020164,0.0269028
1546.25,0.33500628,0.0274266
1546.5,0.32789016,0.03774276
1546.75,0.32117364,0.02795904
1547,0.33785964,0.03083616
1547.25,0.33275016,0.02743416
1547.5,0.32562324,0.03252096
1547.75,0.3212082,0.03363552
1548,0.30853332,0.03150144
1548.25,0.28192536,0.03236868
1548.5,0.26815644,0.03516912
1548.75,0.2763396,0.0360126
1549,0.2552202,0.02876472
1549.25,0.30231792,0.0432432
1549.5,0.2927286,0.03652236
1549.75,0.30988656,0.0378594
1550,0.30572424,0.03180168
1550.25,0.3712392,0.0451062
1550.5,0.37928412,0.0520398
1550.75,0.31176144,0.03466476
1551,0.30332232,0.0354078
1551.25,0.29245428,0.03273048
1551.5,0.27842292,0.04091256
1551.75,0.28643004,0.04532868
1552,0.28167264,0.03740472
1552.25,0.27168264,0.03293892
1552.5,0.27242244,0.03421332
1552.75,0.25231068,0.02713392
1553,0.1771686,0.02248992
1553.25,0.20567412,0.02077272
1553.5,0.20218032,0.02215296
1553.75,0.18773856,0.02080728
1554,0.16872948,0.01783512
1554.25,0.13694724,0.013581
1554.5,0.12402396,0.01416636
1554.75,0.1133568,0.01296864
1555,0.1633176,0.02422548
1555.25,0.11898468,0.01455516
1555.5,0.11349612,0.01455624
1555.75,0.11910456,0.017685
1556,0.10976796,0.0149958
1556.25,0.14653008,0.01450872
1556.5,0.14672772,0.01251828
1556.75,0.11770488,0.01051488
1557,0.09209592,0.00918864
1557.25,0.08916048,0.00984744
1557.5,0.09364896,0.01191024
1557.75,0.0892728,0.01112724
1558,0.0863838,0.0139104
1558.25,0.0853902,0.0134892
1558.5,0.08059392,0.01288656
1558.75,0.08456832,0.01592892
1559,0.0820962,0.01869696
1559.25,0.08010684,0.01681776
1559.5,0.0821718,0.01595916
1559.75,0.0819234,0.0186462
1560,0.07762068,0.01980396
1560.25,0.07317324,0.01665036
1560.5,0.07115688,0.0140454
1560.75,0.07220232,0.01556388
1561,0.07342812,0.01635228
1561.25,0.07452432,0.0184788
1561.5,0.07553736,0.01728324
1561.75,0.07638732,0.0170586
1562,0.07606548,0.01777356
1562.25,0.075411,0.01693224
1562.5,0.07673616,0.01929636
1562.75,0.0763182,0.0164916
1563,0.06894828,0.00963792
1563.25,0.0687474,0.00759888
1563.5,0.06973668,0.0088506
1563.75,0.06863616,0.00949536
1564,0.06915456,0.00957096
1564.25,0.06671052,0.00887112
1564.5,0.06436152,0.00977292
1564.75,0.06296724,0.00969732
1565,0.066447,0.00960012
1565.25,0.06426864,0.00834516
1565.5,0.06993108,0.01086048
1565.75,0.07066224,0.00970056
1566,0.07169256,0.00914544
1566.25,0.07448004,0.00943488
1566.5,0.07154676,0.01160244
1566.75,0.06528168,0.00983772
1567,0.06369732,0.00797688
1567.25,0.07486776,0.01263168
1567.5,0.09774108,0.01499688
1567.75,0.1255284,0.01356588
1568,0.14035248,0.01357776
1568.25,0.17377308,0.01556712
1568.5,0.20131308,0.015903
1568.75,0.22873428,0.01503684
1569,0.24920568,0.01922508
1569.25,0.26187084,0.01725624
1569.5,0.28612008,0.01770444
1569.75,0.29545668,0.01877904
1570,0.297054,0.02697192
1570.25,0.29110428,0.02398572
1570.5,0.27832464,0.02426328
1570.75,0.28541268,0.02526984
1571,0.2817072,0.02495448
1571.25,0.29322972,0.02610144
1571.5,0.292113,0.02839104
1571.75,0.29404188,0.02837376
1572,0.27567324,0.02871288
1572.25,0.27070416,0.03320352
1572.5,0.2527416,0.02860704
1572.75,0.25356672,0.02549556
1573,0.2491182,0.024894
1573.25,0.26778924,0.0272052
1573.5,0.3006234,0.02164428
1573.75,0.29547936,0.0255582
1574,0.26374572,0.0144126
1574.25,0.32220936,0.02742552
1574.5,0.3055752,0.03441204
1574.75,0.29410884,0.03587112
1575,0.2815938,0.0406404
1575.25,0.29967948,0.04135212
1575.5,0.27802116,0.0453492
1575.75,0.26073252,0.04038768
1576,0.28015524,0.03881412
1576.25,0.28080864,0.04566348
1576.5,0.23838732,0.03080808
1576.75,0.26645544,0.04341492
1577,0.24427764,0.03259116
1577.25,0.21759408,0.02670732
1577.5,0.2051352,0.03237084
1577.75,0.19550484,0.031239
1578,0.17851536,0.02442528
1578.25,0.13413816,0.01717092
1578.5,0.1329048,0.01826064
1578.75,0.13114224,0.01344384
1579,0.1073898,0.01334448
1579.25,0.10637028,0.01049652
1579.5,0.11592504,0.01275264
1579.75,0.11032416,0.01580364
1580,0.09982656,0.01696572
1580.25,0.09207756,0.01477872
1580.5,0.0941382,0.01745604
1580.75,0.0865998,0.01478304
1581,0.09829188,0.0156276
1581.25,0.0862488,0.01043928
1581.5,0.09506592,0.0124038
1581.75,0.08774676,0.011853
1582,0.08579736,0.014364
1582.25,0.0832572,0.01437048
1582.5,0.08288352,0.01347624
1582.75,0.08059932,0.01431648
1583,0.0760536,0.01641492
1583.25,0.07988328,0.0186354
1583.5,0.07848036,0.01902636
1583.75,0.07894368,0.0134352
1584,0.07671888,0.01419984
1584.25,0.07466796,0.01533924
1584.5,0.07243128,0.01458324
1584.75,0.07252416,0.01422684
1585,0.07530084,0.0170748
1585.25,0.0753408,0.0172368
1585.5,0.07949988,0.02036664
1585.75,0.07918452,0.02101248
1586,0.0767556,0.01850148
1586.25,0.0768798,0.01373652
1586.5,0.07733988,0.01321272
1586.75,0.07763256,0.01515132
1587,0.07653096,0.01453896
1587.25,0.07365492,0.01362528
1587.5,0.07575336,0.01426356
1587.75,0.0771984,0.01657908
1588,0.07694136,0.01604124
1588.25,0.07595316,0.0170586
1588.5,0.07163964,0.01513296
1588.75,0.06844608,0.01382832
1589,0.07382016,0.01089504
1589.25,0.07150248,0.01057212
1589.5,0.07437852,0.01328508
1589.75,0.07433856,0.01914624
1590,0.07818984,0.01948104
1590.25,0.07207596,0.01613412
1590.5,0.06596964,0.0166104
1590.75,0.0622242,0.01245132
1591,0.0635634,0.01159812
1591.25,0.06713928,0.01053216
1591.5,0.06932412,0.01111104
1591.75,0.07528248,0.01492236
1592,0.0694062,0.0102114
1592.25,0.06692112,0.01202796
1592.5,0.07254684,0.01242324
1592.75,0.0699408,0.01442664
1593,0.08460396,0.02488644
1593.25,0.08410392,0.02093472
1593.5,0.09222876,0.02497392
1593.75,0.09164664,0.02230848
1594,0.08467524,0.02199852
1594.25,0.1021896,0.02485296
1594.5,0.08164368,0.02286684
1594.75,0.08663544,0.02164968
1595,0.09321048,0.02191104
1595.25,0.09308304,0.0267246
1595.5,0.1027134,0.0237168
1595.75,0.10525788,0.02738988
1596,0.093771,0.02354616
1596.25,0.09220284,0.02127492
1596.5,0.0832788,0.02091096
1596.75,0.07657416,0.01801008
1597,0.06714468,0.01604448
1597.25,0.07021944,0.01561464
1597.5,0.07768332,0.01576584
1597.75,0.07720704,0.01701648
1598,0.07940052,0.01618272
1598.25,0.07784532,0.01703808
1598.5,0.08198928,0.01783836
1598.75,0.08068896,0.01641168
1599,0.07627716,0.01539972
1599.25,0.08523036,0.0169344
1599.5,0.07208028,0.01956096
1599.75,0.07567884,0.01922724
1600,0.082242,0.01791072
1600.25,0.0808974,0.0164916
1600.5,0.08478324,0.01821744
1600.75,0.08044704,0.01635768
1601,0.0873018,0.0134676
1601.25,0.08472708,0.0136728
1601.5,0.08356284,0.01447524
1601.75,0.0814212,0.01165644
1602,0.06810264,0.00992412
1602.25,0.07249608,0.00891648
1602.5,0.06866316,0.0075222
1602.75,0.06250932,0.00823608
1603,0.07458912,0.01070928
1603.25,0.0827766,0.01315224
1603.5,0.08465796,0.01277424
1603.75,0.0825984,0.01599372
1604,0.08029368,0.01426032
1604.25,0.08392464,0.01296216
1604.5,0.08068896,0.01491264
1604.75,0.078624,0.01424412
1605,0.07773948,0.01302588
1605.25,0.07856892,0.01425384
1605.5,0.07437204,0.01174392
1605.75,0.07967376,0.0148284
1606,0.07618536,0.01367604
1606.25,0.07844904,0.01423116
1606.5,0.07403832,0.01411344
1606.75,0.07583112,0.0172422
1607,0.0763344,0.01675944
1607.25,0.07634088,0.01527552
1607.5,0.07698348,0.0179064
1607.75,0.08075376,0.01949292
1608,0.0751302,0.01698192
1608.25,0.07683876,0.01907064
1608.5,0.07388496,0.019926
1608.75,0.07230492,0.02092068
1609,0.07235244,0.01996488
1609.25,0.0740718,0.01720548
1609.5,0.07798248,0.02061612
1609.75,0.07801164,0.01967112
1610,0.0777438,0.01843992
1610.25,0.07418412,0.01679508
1610.5,0.07319916,0.01617624
1610.75,0.07647912,0.01730592
1611,0.07306308,0.01880388
1611.25,0.07223472,0.01917108
1611.5,0.07351668,0.01876716
1611.75,0.07442928,0.01901556
1612,0.070929,0.01716228
1612.25,0.07354476,0.0193644
1612.5,0.06875496,0.0173826
1612.75,0.0687798,0.01779948
1613,0.0707022,0.01678644
1613.25,0.06866316,0.01707156
1613.5,0.0719496,0.0183438
1613.75,0.07042896,0.02021436
1614,0.07488396,0.02291544
1614.25,0.07564752,0.01846368
1614.5,0.07015464,0.01675296
1614.75,0.06534756,0.01640412
1615,0.09960624,0.02119932
1615.25,0.06722892,0.02099952
1615.5,0.08116956,0.02167668
1615.75,0.07937244,0.02009448
1616,0.05924772,0.01712124
1616.25,0.05237676,0.01731672
1616.5,0.05519124,0.019278
1616.75,0.0567,0.0188406
1617,0.06953904,0.0223452
1617.25,0.06951744,0.02101788
1617.5,0.07351776,0.01703268
1617.75,0.07224552,0.02029212
1618,0.06820092,0.02148768
1618.25,0.06745248,0.0206334
1618.5,0.04822956,0.01862136
1618.75,0.0525366,0.01662876
1619,0.05403996,0.00916164
1619.25,0.05553252,0.00935496
1619.5,0.06078024,0.01127412
1619.75,0.05574744,0.01079676
1620,0.05934492,0.00932688
1620.25,0.06702264,0.00802656
1620.5,0.05838804,0.00488916
1620.75,0.053676,0.01130112
1621,0.04293432,0.00731808
1621.25,0.04144176,0.00698112
1621.5,0.04771548,0.00767448
1621.75,0.05014872,0.01101492
1622,0.0525798,0.01421928
1622.25,0.05017356,0.01288548
1622.5,0.04920696,0.01153764
1622.75,0.04695732,0.01000728
1623,0.05251284,0.00999972
1623.25,0.05325156,0.00948024
1623.5,0.04628016,0.0128034
1623.75,0.04844664,0.01046952
1624,0.05028696,0.01062828
1624.25,0.0535734,0.01376136
1624.5,0.06074352,0.01925316
1624.75,0.06298668,0.01663308
1625,0.0635364,0.01623672
1625.25,0.06678612,0.01990116
1625.5,0.07081668,0.0178524
1625.75,0.07384176,0.01703052
1626,0.07367976,0.01691712
1626.25,0.07270884,0.01363392
1626.5,0.0701136,0.01227528
1626.75,0.06537348,0.01121364
1627,0.073629,0.01394388
1627.25,0.07814772,0.01614816
1627.5,0.08823168,0.01650456
1627.75,0.07166772,0.01247508
1628,0.06995592,0.0117612
1628.25,0.07109856,0.01032048
1628.5,0.07296264,0.01043064
1628.75,0.06854976,0.00985824
1629,0.06639516,0.00862596
1629.25,0.0725814,0.01032372
1629.5,0.07016652,0.01145124
1629.75,0.06960384,0.01112832
1630,0.07221744,0.01414692
1630.25,0.06650964,0.01049868
1630.5,0.06317136,0.01032048
1630.75,0.06417684,0.01046412
1631,0.06858756,0.01418148
1631.25,0.0681264,0.01250316
1631.5,0.0733806,0.0129978
1631.75,0.07101108,0.01321164
1632,0.06657228,0.01370952
1632.25,0.0649134,0.012339
1632.5,0.0613332,0.01059696
1632.75,0.06185052,0.01270512
1633,0.0614034,0.01366632
1633.25,0.060669,0.01226556
1633.5,0.06737688,0.01518156
1633.75,0.06738228,0.0170802
1634,0.06905304,0.01459404
1634.25,0.062532,0.01313388
1634.5,0.06145308,0.0137862
1634.75,0.06363144,0.01561464
1635,0.06036984,0.01530684
1635.25,0.05926284,0.01657044
1635.5,0.06358608,0.01789992
1635.75,0.06074676,0.0151686
1636,0.05843988,0.01424736
1636.25,0.05765364,0.0145152
1636.5,0.05597856,0.01479708
1636.75,0.05687604,0.01901016
1637,0.06028452,0.01745388
1637.25,0.05390496,0.01214136
1637.5,0.05845824,0.01041444
1637.75,0.05749812,0.01220832
1638,0.06683256,0.01542996
1638.25,0.0692496,0.01302804
1638.5,0.05337036,0.00879984
1638.75,0.06201144,0.01651212
1639,0.04699404,0.00805464
1639.25,0.0713016,0.01270836
1639.5,0.09626148,0.01419444
1639.75,0.12235968,0.0266058
1640,0.12350772,0.02299536
1640.25,0.12371724,0.01426572
1640.5,0.16198488,0.01756512
1640.75,0.1868184,0.02361312
1641,0.21505392,0.02759292
1641.25,0.2131272,0.02546424
1641.5,0.23676732,0.02926584
1641.75,0.24052032,0.0210168
1642,0.22911552,0.0215568
1642.25,0.24135516,0.03049596
1642.5,0.21236472,0.02036448
1642.75,0.22561956,0.01706184
1643,0.23355972,0.02167776
1643.25,0.22573944,0.0198558
1643.5,0.24455628,0.0227718
1643.75,0.236277,0.02705508
1644,0.21448908,0.02404944
1644.25,0.21177612,0.02705616
1644.5,0.22079412,0.02738124
1644.75,0.21406032,0.02777112
1645,0.20655756,0.02565324
1645.25,0.216,0.02520072
1645.5,0.28136916,0.02973672
1645.75,0.33682068,0.02364552
1646,0.35728776,0.01800036
1646.25,0.39382416,0.02406024
1646.5,0.39414276,0.01890108
1646.75,0.38575548,0.02502684
1647,0.39694212,0.02160648
1647.25,0.41114412,0.02264004
1647.5,0.38676096,0.02535192
1647.75,0.39534048,0.02056536
1648,0.38613456,0.0223236
1648.25,0.36951876,0.02462724
1648.5,0.33593184,0.01115316
1648.75,0.30321864,0.00878688
1649,0.30333528,0.01487808
1649.25,0.2259792,0.01316304
1649.5,0.22914684,0.01608012
1649.75,0.19669284,0.0171612
1650,0.20922408,0.02422764
1650.25,0.19745748,0.02243484
1650.5,0.18401148,0.01262952
1650.75,0.19067832,0.01860624
1651,0.24520644,0.02155788
1651.25,0.25290792,0.00686556
1651.5,0.26341308,0.01203768
1651.75,0.21509712,0.0032454
1652,0.19273572,0.00461484
1652.25,0.21653892,0.0068256
1652.5,0.19905264,0.00623808
1652.75,0.20093184,0.00903096
1653,0.19246896,0.00894456
1653.25,0.13536288,0.00457164
1653.5,0.16554132,0.01177524
1653.75,0.14933052,0.01472904
1654,0.13119732,0.01500768
1654.25,0.09702828,0.00759564
1654.5,0.08742816,0.010773
1654.75,0.07737876,0.00904068
1655,0.07339896,0.01182924
1655.25,0.07802568,0.01185624
1655.5,0.07566372,0.01123524
1655.75,0.07420572,0.01182924
1656,0.0777438,0.01625832
1656.25,0.07270128,0.01264248
1656.5,0.0672138,0.01052892
1656.75,0.06878412,0.01208412
1657,0.066582,0.01370952
1657.25,0.07185132,0.01536948
1657.5,0.06988896,0.01586196
1657.75,0.0697788,0.0149526
1658,0.07441308,0.01371924
1658.25,0.07305768,0.01693548
1658.5,0.07715196,0.01625508
1658.75,0.07441308,0.02024352
1659,0.06690816,0.01804248
1659.25,0.07160292,0.01514268
1659.5,0.06914808,0.0167346
1659.75,0.0714204,0.01886868
1660,0.06691464,0.01822932
1660.25,0.0680076,0.01498284
1660.5,0.06717492,0.0188838
1660.75,0.0666144,0.01546884
1661,0.06638868,0.01666008
1661.25,0.06313464,0.01399572
1661.5,0.06579252,0.01579068
1661.75,0.06871824,0.01630368
1662,0.07522524,0.01616328
1662.25,0.07772328,0.01652616
1662.5,0.05882112,0.01075032
1662.75,0.0583254,0.0112266
1663,0.06433236,0.01226772
1663.25,0.07623396,0.01462968
1663.5,0.08698536,0.0155628
1663.75,0.1035774,0.01789452
1664,0.09356364,0.00997596
1664.25,0.1282986,0.0152604
1664.5,0.14242824,0.01407888
1664.75,0.16478316,0.01269108
1665,0.18382464,0.02164968
1665.25,0.18783576,0.01808568
1665.5,0.21090024,0.02618892
1665.75,0.2138778,0.02040012
1666,0.21672792,0.01576908
1666.25,0.22920624,0.02135376
1666.5,0.20354544,0.01708884
1666.75,0.21180312,0.01067472
1667,0.22391856,0.01384344
1667.25,0.20844216,0.0147366
1667.5,0.20154096,0.01566324
1667.75,0.18917388,0.02052216
1668,0.19578132,0.01896156
1668.25,0.1763316,0.01680588
1668.5,0.17462736,0.01758672
1668.75,0.18302004,0.02251476
1669,0.17544384,0.01483488
1669.25,0.193536,0.02231172
1669.5,0.2607768,0.02911248
1669.75,0.3059802,0.04204656
1670,0.3278826,0.03106836
1670.25,0.33689088,0.0295758
1670.5,0.34695972,0.02180736
1670.75,0.33213996,0.02657232
1671,0.3163644,0.03319488
1671.25,0.30815208,0.0253908
1671.5,0.29335608,0.0252018
1671.75,0.29187324,0.03091716
1672,0.29254392,0.02586492
1672.25,0.29597076,0.02702268
1672.5,0.26736588,0.02184192
1672.75,0.25764588,0.02110752
1673,0.23607936,0.01902312
1673.25,0.2167506,0.01282068
1673.5,0.17229132,0.00697356
1673.75,0.15414192,0.00772416
1674,0.14656572,0.01064448
1674.25,0.12972528,0.01398492
1674.5,0.12322152,0.0088722
1674.75,0.13423428,0.01126872
1675,0.1732428,0.01836972
1675.25,0.22139892,0.01145556
1675.5,0.21172428,0.005859
1675.75,0.19284372,0.004779
1676,0.20266632,0.00670248
1676.25,0.19097856,0.00583092
1676.5,0.18029952,0.00855252
1676.75,0.162864,0.0067284
1677,0.14467896,0.00501552
1677.25,0.12839688,0.00704808
1677.5,0.12734928,0.01112724
1677.75,0.0987174,0.00827496
1678,0.11598984,0.0171666
1678.25,0.08178408,0.00886896
1678.5,0.07511832,0.0097578
1678.75,0.0704322,0.0082188
1679,0.07296156,0.01118988
1679.25,0.07176276,0.01176552
1679.5,0.07793604,0.01515564
1679.75,0.07698024,0.01170612
1680,0.07476732,0.0106542
1680.25,0.067662,0.01007856
1680.5,0.07141716,0.0157626
1680.75,0.06740388,0.01101168
1681,0.06514884,0.01134108
1681.25,0.06923556,0.011826
1681.5,0.07078752,0.01414368
1681.75,0.0790776,0.02024892
1682,0.07768656,0.01974564
1682.25,0.07389468,0.015012
1682.5,0.07169148,0.01401624
1682.75,0.07593372,0.01457136
1683,0.0688068,0.0135
1683.25,0.06669648,0.01577664
1683.5,0.07355016,0.01678428
1683.75,0.0734346,0.01309176
1684,0.06922908,0.0174528
1684.25,0.06645456,0.01459404
1684.5,0.0666252,0.01561788
1684.75,0.06446412,0.01244484
1685,0.0651726,0.01676592
1685.25,0.06683904,0.01348164
1685.5,0.0688068,0.01466208
1685.75,0.06980904,0.01175688
1686,0.07087284,0.01116612
1686.25,0.07761636,0.01176336
1686.5,0.08085636,0.01808136
1686.75,0.05781456,0.0081702
1687,0.05859108,0.00971784
1687.25,0.06981552,0.01317708
1687.5,0.10155564,0.01043388
1687.75,0.12844872,0.00976104
1688,0.13054284,0.01421388
1688.25,0.15084468,0.0085428
1688.5,0.1765584,0.0122418
1688.75,0.19698552,0.0117018
1689,0.22695336,0.0176094
1689.25,0.24270732,0.0157356
1689.5,0.26584956,0.01488564
1689.75,0.2605662,0.01056672
1690,0.26450496,0.0186192
1690.25,0.26139888,0.01203336
1690.5,0.23890896,0.01163916
1690.75,0.24562332,0.01571184
1691,0.2550906,0.01996704
1691.25,0.26441964,0.0246024
1691.5,0.2728944,0.01991088
1691.75,0.27025164,0.0246564
1692,0.23953968,0.02692224
1692.25,0.2142396,0.02402352
1692.5,0.21116052,0.02510784
1692.75,0.21817404,0.0246996
1693,0.2198178,0.025866
1693.25,0.2581956,0.02634012
1693.5,0.3345624,0.02905632
1693.75,0.40019508,0.03473064
1694,0.421416,0.02938356
1694.25,0.43263612,0.02823336
1694.5,0.45415512,0.02905956
1694.75,0.45435924,0.0275994
1695,0.43097292,0.02563704
1695.25,0.40404204,0.02431512
1695.5,0.3812022,0.0266004
1695.75,0.3752892,0.01882008
1696,0.360909,0.01585872
1696.25,0.34726644,0.01919916
1696.5,0.32232384,0.01795284
1696.75,0.30761532,0.0152604
1697,0.31694868,0.01783296
1697.25,0.30541752,0.01969164
1697.5,0.25590492,0.0147042
1697.75,0.24383808,0.01731024
1698,0.21957588,0.016362
1698.25,0.1980234,0.01628964
1698.5,0.1872018,0.0173448
1698.75,0.18930996,0.01933416
1699,0.22575564,0.02491776
1699.25,0.27280044,0.02002428
1699.5,0.27281988,0.01526904
1699.75,0.27868752,0.0154764
1700,0.2559168,0.01528092
1700.25,0.22223916,0.013905
1700.5,0.22031676,0.01960848
1700.75,0.19933344,0.01655316
1701,0.18949896,0.01781676
1701.25,0.15822756,0.01085184
1701.5,0.1482138,0.01696464
1701.75,0.13535424,0.01797552
1702,0.11035116,0.01599156
1702.25,0.10676124,0.01976508
1702.5,0.08334036,0.01577988
1702.75,0.07940376,0.01781568
1703,0.07934112,0.02005776
1703.25,0.0761994,0.02299968
1703.5,0.08180676,0.02166804
1703.75,0.08121816,0.01816776
1704,0.07214616,0.0185922
1704.25,0.06804972,0.0135486
1704.5,0.0647136,0.01354104
1704.75,0.06247476,0.01526364
1705,0.06731424,0.01445472
1705.25,0.06683364,0.0134946
1705.5,0.07013952,0.01412424
1705.75,0.0674244,0.01401516
1706,0.06649344,0.01204632
1706.25,0.06626448,0.01367172
1706.5,0.06779376,0.01455084
1706.75,0.06896664,0.01366416
1707,0.06526224,0.0125874
1707.25,0.06378372,0.01424628
1707.5,0.063855,0.01396332
1707.75,0.06521148,0.01456164
1708,0.0616518,0.01097604
1708.25,0.06142176,0.01404
1708.5,0.0577152,0.01282176
1708.75,0.06128352,0.01773252
1709,0.0619164,0.01320192
1709.25,0.06103188,0.014742
1709.5,0.0645786,0.01353996
1709.75,0.06140772,0.01000404
1710,0.06528708,0.0089802
1710.25,0.06655284,0.01046628
1710.5,0.06777108,0.00956988
1710.75,0.05749056,0.00675864
1711,0.06989544,0.012771
1711.25,0.07380072,0.00812916
1711.5,0.09941076,0.00793908
1711.75,0.1329804,0.00850068
1712,0.13050288,0.00946728
1712.25,0.16170948,0.01465992
1712.5,0.17877348,0.02129436
1712.75,0.21597624,0.0199152
1713,0.24090696,0.02153196
1713.25,0.25759512,0.01568376
1713.5,0.2834946,0.04145364
1713.75,0.28583712,0.02548368
1714,0.29214648,0.02923992
1714.25,0.29058372,0.03128652
1714.5,0.25537032,0.0229824
1714.75,0.25724304,0.02684124
1715,0.2678994,0.0231174
1715.25,0.27609876,0.0280908
1715.5,0.2641896,0.02925504
1715.75,0.25715664,0.025353
1716,0.24461892,0.02577312
1716.25,0.2191752,0.03241728
1716.5,0.22946004,0.03267108
1716.75,0.22093776,0.03584736
1717,0.22997088,0.03893832
1717.25,0.2758968,0.04414284
1717.5,0.3527766,0.03502548
1717.75,0.40115412,0.03388716
1718,0.40445784,0.03415824
1718.25,0.44442648,0.03496824
1718.5,0.46367856,0.02663712
1718.75,0.44296308,0.04022568
1719,0.4304988,0.03844692
1719.25,0.41136984,0.04309308
1719.5,0.37374804,0.03822444
1719.75,0.35659872,0.03051
1720,0.35780508,0.03069684
1720.25,0.35841312,0.03776328
1720.5,0.33783588,0.03000456
1720.75,0.31382532,0.0248886
1721,0.3003102,0.02576124
1721.25,0.28155276,0.02939004
1721.5,0.25623756,0.02186244
1721.75,0.21642336,0.0241704
1722,0.20035512,0.04042116
1722.25,0.18487008,0.03038796
1722.5,0.16359084,0.02384856
1722.75,0.1735938,0.02142072
1723,0.19744452,0.01424844
1723.25,0.21532824,0.00676728
1723.5,0.23200776,0.00536544
1723.75,0.2198124,0.00713772
1724,0.21970224,0.0050004
1724.25,0.22915656,0.00702216
1724.5,0.21789,0.0142182
1724.75,0.18932724,0.01803924
1725,0.18923112,0.01819152
1725.25,0.1540566,0.0088938
1725.5,0.15388812,0.01107864
1725.75,0.143613,0.01471824
1726,0.1173798,0.0105678
1726.25,0.10867392,0.01350324
1726.5,0.09043704,0.01353348
1726.75,0.07933464,0.0125766
1727,0.07867476,0.01393092
1727.25,0.0699624,0.01359828
1727.5,0.07688196,0.01606284
1727.75,0.07752672,0.01906416
1728,0.07072704,0.01638792
1728.25,0.07055316,0.0165402
1728.5,0.06376212,0.01589328
1728.75,0.06510672,0.01264788
1729,0.07162236,0.01423332
1729.25,0.0675162,0.01178604
1729.5,0.07648668,0.01835352
1729.75,0.07768764,0.02057292
1730,0.06988464,0.01281528
1730.25,0.0721872,0.01565028
1730.5,0.07641108,0.02332692
1730.75,0.07270452,0.01534356
1731,0.06868908,0.0128196
1731.25,0.06882732,0.01460268
1731.5,0.0661716,0.01587492
1731.75,0.06774948,0.0137592
1732,0.06509808,0.01244268
1732.25,0.0678132,0.01621512
1732.5,0.06942996,0.02112588
1732.75,0.06374592,0.01577232
1733,0.060939,0.01198908
1733.25,0.0654966,0.01342008
1733.5,0.06828084,0.01280232
1733.75,0.06832944,0.01282392
1734,0.07273908,0.0112266
1734.25,0.07012224,0.0099846
1734.5,0.0578772,0.0092556
1734.75,0.05684148,0.01048356
1735,0.06247584,0.0106272
1735.25,0.07978176,0.01227636
1735.5,0.09619776,0.00991764
1735.75,0.12713652,0.01099116
1736,0.11423268,0.00770796
1736.25,0.12858696,0.01769796
1736.5,0.16068348,0.01685556
1736.75,0.16665696,0.01242324
1737,0.171072,0.01439856
1737.25,0.19570896,0.01355184
1737.5,0.18989424,0.0134406
1737.75,0.21360564,0.01032588
1738,0.21512844,0.01585116
1738.25,0.20750148,0.01217808
1738.5,0.16967556,0.00948888
1738.75,0.17797752,0.0099738
1739,0.1922022,0.00915948
1739.25,0.20225808,0.01613844
1739.5,0.18356976,0.01447848
1739.75,0.18393156,0.01307448
1740,0.15637752,0.0081918
1740.25,0.1486728,0.01511784
1740.5,0.15342156,0.02208708
1740.75,0.15520572,0.01694736
1741,0.14958216,0.02022084
1741.25,0.19696392,0.04394736
1741.5,0.22531824,0.03549312
1741.75,0.255987,0.03129948
1742,0.29147688,0.02981556
1742.25,0.32773464,0.03162348
1742.5,0.3240702,0.03842424
1742.75,0.33151896,0.02658744
1743,0.32908032,0.03471228
1743.25,0.3136914,0.03023676
1743.5,0.26946648,0.033426
1743.75,0.25681212,0.02666844
1744,0.25860708,0.02856924
1744.25,0.25000056,0.0245808
1744.5,0.22263876,0.01754676
1744.75,0.2122524,0.01167696
1745,0.2176362,0.0210276
1745.25,0.19962072,0.018279
1745.5,0.20207448,0.01806516
1745.75,0.17992692,0.01780056
1746,0.16872948,0.03656772
1746.25,0.16288884,0.02464668
1746.5,0.14569308,0.02085588
1746.75,0.14530428,0.0227718
1747,0.16279272,0.01189188
1747.25,0.19667664,0.01415232
1747.5,0.1726056,0.00944892
1747.75,0.20374092,0.00912492
1748,0.17842896,0.0065502
1748.25,0.18570708,0.01016172
1748.5,0.14939856,0.00850716
1748.75,0.13300308,0.00836676
1749,0.13011732,0.00677808
1749.25,0.124767,0.0050004
1749.5,0.12494952,0.00805464
1749.75,0.11033604,0.00891648
1750,0.11471652,0.01341036
1750.25,0.1023732,0.01465452
1750.5,0.07885944,0.01013256
1750.75,0.0754866,0.0117828
1751,0.07650504,0.01369656
1751.25,0.07751376,0.01424196
1751.5,0.07688844,0.0150498
1751.75,0.07983252,0.01674216
1752,0.08083476,0.0168426
1752.25,0.0748224,0.01591056
1752.5,0.07207488,0.01538244
1752.75,0.06918264,0.014877
1753,0.07243668,0.01530684
1753.25,0.07208352,0.01798632
1753.5,0.07440012,0.0187866
1753.75,0.07485588,0.01755972
1754,0.0755406,0.01321056
1754.25,0.07324452,0.00983772
1754.5,0.07158888,0.01106028
1754.75,0.07335792,0.01254636
1755,0.06844716,0.0118098
1755.25,0.06978744,0.011232
1755.5,0.07162884,0.0113292
1755.75,0.07189668,0.01382832
1756,0.06842664,0.01222884
1756.25,0.06902496,0.01232712
1756.5,0.06348672,0.0143802
1756.75,0.06276312,0.0118476
1757,0.06517584,0.00981072
1757.25,0.06535188,0.01093932
1757.5,0.066528,0.00825552
1757.75,0.06650424,0.01067796
1758,0.0710154,0.01089612
1758.25,0.07255332,0.0101358
1758.5,0.06339708,0.00897372
1758.75,0.05555952,0.00885168
1759,0.05591484,0.00590328
1759.25,0.05919912,0.00562896
1759.5,0.05653044,0.00564948
1759.75,0.05972076,0.00704808
1760,0.03393036,0.0047358
1760.25,0.03789612,0.005859
1760.5,0.04557168,0.004671
1760.75,0.05279364,0.00744876
1761,0.0605934,0.0116424
1761.25,0.06647508,0.00644004
1761.5,0.06852708,0.0075816
1761.75,0.07739388,0.01213056
1762,0.07912296,0.00676404
1762.25,0.07912404,0.01626912
1762.5,0.05122764,0.0171666
1762.75,0.0433566,0.00563544
1763,0.06026076,0.00714312
1763.25,0.0728838,0.0108486
1763.5,0.06383124,0.01000404
1763.75,0.0716796,0.01136484
1764,0.05769792,0.00791532
1764.25,0.06354288,0.00864108
1764.5,0.06064308,0.00875556
1764.75,0.05754024,0.00759888
1765,0.04417524,0.01098144
1765.25,0.05532624,0.01312956
1765.5,0.06123384,0.00951588
1765.75,0.06487668,0.01054296
1766,0.06411636,0.01422252
1766.25,0.0673542,0.00876528
1766.5,0.06848712,0.00795744
1766.75,0.06636168,0.00967896
1767,0.06350832,0.00764316
1767.25,0.05345892,0.0081378
1767.5,0.05137344,0.00733644
1767.75,0.05478624,0.00808164
1768,0.06684012,0.00731268
1768.25,0.06622776,0.00643788
1768.5,0.07262784,0.00477468
1768.75,0.05700024,0.00698004
1769,0.06612516,0.00847476
1769.25,0.08247312,0.01799064
1769.5,0.0741906,0.01733292
1769.75,0.069714,0.01533384
1770,0.06882732,0.0142236
1770.25,0.0744066,0.008505
1770.5,0.0580986,0.0112914
1770.75,0.06673428,0.01462644
1771,0.07644456,0.01951668
1771.25,0.08363196,0.01756944
1771.5,0.08335548,0.01255176
1771.75,0.08640864,0.01599156
1772,0.085698,0.01421388
1772.25,0.08901036,0.01871964
1772.5,0.08419896,0.01942596
1772.75,0.08231976,0.01741068
1773,0.07633116,0.0128682
1773.25,0.07453404,0.01156356
1773.5,0.07730748,0.01155276
1773.75,0.07587108,0.01260792
1774,0.07409448,0.01240272
1774.25,0.07847496,0.0128898
1774.5,0.07045272,0.01349136
1774.75,0.07313004,0.01329372
1775,0.073899,0.0143424
1775.25,0.07172928,0.01441908
1775.5,0.07684524,0.01505412
1775.75,0.07736256,0.01616652
1776,0.0655128,0.01228932
1776.25,0.07268508,0.01534248
1776.5,0.0671598,0.01600884
1776.75,0.0668034,0.01586952
1777,0.06662952,0.01169532
1777.25,0.066879,0.01365876
1777.5,0.069633,0.0178416
1777.75,0.07094736,0.01649376
1778,0.07113528,0.01025352
1778.25,0.07018596,0.0107352
1778.5,0.07136856,0.01378404
1778.75,0.06705072,0.0114156
1779,0.06377832,0.0100818
1779.25,0.06781644,0.01228824
1779.5,0.06402672,0.01266192
1779.75,0.06487668,0.0109944
1780,0.06080508,0.00922536
1780.25,0.0600642,0.00876204
1780.5,0.05639868,0.00822096
1780.75,0.06337872,0.01058832
1781,0.0688824,0.00871128
1781.25,0.07211052,0.01203012
1781.5,0.08389872,0.01301832
1781.75,0.10083636,0.01892376
1782,0.09259704,0.01130112
1782.25,0.12906,0.01626264
1782.5,0.13668048,0.01392012
1782.75,0.13038408,0.01618272
1783,0.11895768,0.01321704
1783.25,0.12190932,0.0157248
1783.5,0.1136592,0.01284768
1783.75,0.11269368,0.01144692
1784,0.08277012,0.011259
1784.25,0.10441224,0.01643004
1784.5,0.099792,0.01516752
1784.75,0.11186208,0.00932256
1785,0.12885912,0.01304424
1785.25,0.12568932,0.01730376
1785.5,0.1209816,0.0111834
1785.75,0.125685,0.013041
1786,0.13148676,0.01169748
1786.25,0.14347152,0.01121796
1786.5,0.10113012,0.01048032
1786.75,0.10496952,0.01015848
1787,0.12551544,0.01662228
1787.25,0.12405312,0.01237032
1787.5,0.1142316,0.01270512
1787.75,0.12838176,0.01490724
1788,0.10322856,0.0101898
1788.25,0.09859428,0.01096524
1788.5,0.09461664,0.01171476
1788.75,0.09848304,0.013905
1789,0.09072972,0.01315332
1789.25,0.1082916,0.01981368
1789.5,0.1122012,0.01153332
1789.75,0.13569768,0.0138618
1790,0.1579608,0.02043468
1790.25,0.16530696,0.022869
1790.5,0.15912936,0.01689768
1790.75,0.16644852,0.01581444
1791,0.15480936,0.0176526
1791.25,0.165618,0.02603556
1791.5,0.13462092,0.02204388
1791.75,0.13343184,0.01334556
1792,0.13243608,0.00920916
1792.25,0.13527216,0.01113264
1792.5,0.12804264,0.00699624
1792.75,0.11780856,0.00854388
1793,0.13091544,0.00730512
1793.25,0.12745188,0.00566568
1793.5,0.1291518,0.00620892
1793.75,0.13332384,0.00612252
1794,0.10639944,0.00300996
1794.25,0.10466604,0.00296892
1794.5,0.0878526,0.00576288
1794.75,0.07342704,0.00675648
1795,0.07240968,0.0057672
1795.25,0.07021728,0.005103
1795.5,0.07101756,0.0124686
1795.75,0.07176708,0.0143424
1796,0.0687798,0.01197072
1796.25,0.06886188,0.01230228
1796.5,0.07138692,0.01225692
1796.75,0.07745544,0.01548288
1797,0.08381448,0.01800144
1797.25,0.07694352,0.01326348
1797.5,0.07598124,0.01161432
1797.75,0.076248,0.01350324
1798,0.07337196,0.01406376
1798.25,0.07197228,0.01159596
1798.5,0.0706212,0.01482624
1798.75,0.06868692,0.01501956
1799,0.07130052,0.01451628
1799.25,0.0716472,0.01493208
1799.5,0.073521,0.01652292
1799.75,0.07120548,0.01473336
1800,0.07234812,0.01817532
1800.25,0.0653076,0.01331316
1800.5,0.06561324,0.01266084
1800.75,0.06278364,0.01086264
1801,0.06593616,0.01240596
1801.25,0.06571584,0.01495044
1801.5,0.067878,0.01488996
1801.75,0.07052292,0.01474632
1802,0.07177032,0.020277
1802.25,0.06819336,0.01599588
1802.5,0.07072272,0.01723572
1802.75,0.06918696,0.01587168
1803,0.06802488,0.01685124
1803.25,0.0710478,0.01900692
1803.5,0.06810696,0.0158706
1803.75,0.06604524,0.0120474
1804,0.06068628,0.01137456
1804.25,0.06297156,0.01329264
1804.5,0.05785128,0.01176444
1804.75,0.05959224,0.01238328
1805,0.06227928,0.01489968
1805.25,0.06136128,0.01149228
1805.5,0.06712632,0.01690524
1805.75,0.06635628,0.01126656
1806,0.07292376,0.0126468
1806.25,0.06796116,0.00825444
1806.5,0.07061148,0.00917136
1806.75,0.06283008,0.00620028
1807,0.06205572,0.00964548
1807.25,0.0822312,0.01242864
1807.5,0.09264024,0.0080676
1807.75,0.1217538,0.00783108
1808,0.1280664,0.01009692
1808.25,0.15069456,0.01100304
1808.5,0.17342208,0.00835164
1808.75,0.17750988,0.0075708
1809,0.19294416,0.00823716
1809.25,0.20678004,0.00944676
1809.5,0.22149828,0.01367064
1809.75,0.22869972,0.00794016
1810,0.22439484,0.00515376
1810.25,0.23337828,0.00988308
1810.5,0.21408732,0.01034532
1810.75,0.20937312,0.00173988
1811,0.20232072,0.01117476
1811.25,0.20363724,0.00745848
1811.5,0.20811492,0.0136674
1811.75,0.19597032,0.011151
1812,0.18445644,0.01782864
1812.25,0.18998172,0.01797444
1812.5,0.18985104,0.02409696
1812.75,0.21142404,0.03642192
1813,0.20083464,0.02038716
1813.25,0.21121992,0.02210652
1813.5,0.27017172,0.01970676
1813.75,0.33549768,0.02060532
1814,0.38645424,0.026703
1814.25,0.41901948,0.01807272
1814.5,0.4117176,0.01394928
1814.75,0.40260672,0.01947996
1815,0.40412412,0.02091636
1815.25,0.38797704,0.01536084
1815.5,0.3476142,0.01573992
1815.75,0.32263164,0.01662768
1816,0.33797736,0.01761372
1816.25,0.321516,0.0164754
1816.5,0.28431756,0.00911952
1816.75,0.25758108,0.00925128
1817,0.26456004,0.01359396
1817.25,0.23228316,0.01804896
1817.5,0.2220318,0.01228608
1817.75,0.21357432,0.01157868
1818,0.1954584,0.02580228
1818.25,0.16583292,0.01834164
1818.5,0.15975684,0.02390148
1818.75,0.179091,0.03124008
1819,0.21817296,0.03320136
1819.25,0.25011288,0.0246834
1819.5,0.24801768,0.02050056
1819.75,0.23580828,0.01635876
1820,0.23601888,0.0153522
1820.25,0.23584392,0.01874772
1820.5,0.23105412,0.02120688
1820.75,0.2244132,0.02826144
1821,0.19877184,0.02774088
1821.25,0.18783576,0.02469312
1821.5,0.15775128,0.01840536
1821.75,0.16437384,0.02225664
1822,0.13387356,0.01870992
1822.25,0.10815984,0.01663632
1822.5,0.091962,0.0200448
1822.75,0.08085636,0.01638144
1823,0.07344864,0.0166428
1823.25,0.07031448,0.01507896
1823.5,0.07895664,0.02057832
1823.75,0.07966836,0.02719332
1824,0.06722244,0.01065528
1824.25,0.06850224,0.01275804
1824.5,0.05959656,0.0069714
1824.75,0.05999184,0.00675972
1825,0.06238404,0.00659124
1825.25,0.06541668,0.01011744
1825.5,0.069309,0.012339
1825.75,0.06577524,0.01010772
1826,0.06726888,0.00903744
1826.25,0.07217748,0.01115964
1826.5,0.06675588,0.01095012
1826.75,0.06753564,0.01029672
1827,0.06501708,0.01124496
1827.25,0.06518988,0.0103626
1827.5,0.0646812,0.011259
1827.75,0.06450732,0.01359396
1828,0.05840856,0.00876852
1828.25,0.06106428,0.00987768
1828.5,0.05476032,0.00902448
1828.75,0.05795928,0.00895104
1829,0.06226632,0.00694656
1829.25,0.06067224,0.00861732
1829.5,0.06322212,0.01010772
1829.75,0.0646596,0.01083996
1830,0.07014492,0.01064232
1830.25,0.0697626,0.01011636
1830.5,0.07094952,0.01418688
1830.75,0.0538272,0.00726948
1831,0.0620946,0.01158084
1831.25,0.08176896,0.0126522
1831.5,0.11858508,0.01460052
1831.75,0.13612536,0.01499364
1832,0.1428192,0.012906
1832.25,0.1690038,0.0128358
1832.5,0.1974456,0.0111996
1832.75,0.22071204,0.0056538
1833,0.24238764,0.01049328
1833.25,0.2522826,0.01276128
1833.5,0.2832462,0.01620108
1833.75,0.27756324,0.01585224
1834,0.27856116,0.01994544
1834.25,0.28477008,0.01589544
1834.5,0.2612088,0.01310364
1834.75,0.27495504,0.0167076
1835,0.29968164,0.0221994
1835.25,0.29202876,0.01602072
1835.5,0.28740528,0.01912572
1835.75,0.27346788,0.01701756
1836,0.24163812,0.01211652
1836.25,0.22974516,0.02658204
1836.5,0.22925592,0.0163296
1836.75,0.23973516,0.02088936
1837,0.2361582,0.0219618
1837.25,0.2613924,0.02303208
1837.5,0.3075732,0.01880712
1837.75,0.39755448,0.02507004
1838,0.43468704,0.02232036
1838.25,0.45724284,0.02135376
1838.5,0.4674348,0.0193806
1838.75,0.47109168,0.01768068
1839,0.47486952,0.0250452
1839.25,0.47853504,0.031752
1839.5,0.44587476,0.03412152
1839.75,0.42851268,0.0338634
1840,0.40116168,0.02755296
1840.25,0.38343024,0.0163188
1840.5,0.362394,0.01833624
1840.75,0.35062632,0.0150012
1841,0.30521124,0.01926288
1841.25,0.30126924,0.0182574
1841.5,0.28508004,0.01583712
1841.75,0.26162892,0.01920348
1842,0.23938092,0.02139372
1842.25,0.2342952,0.02450952
1842.5,0.19747368,0.01838592
1842.75,0.2007396,0.02081916
1843,0.23124204,0.01755
1843.25,0.25290792,0.01460052
1843.5,0.257256,0.016146
1843.75,0.25032672,0.01661256
1844,0.2394036,0.02413476
1844.25,0.23576076,0.01990764
1844.5,0.2243106,0.02313468
1844.75,0.22119912,0.02057832
1845,0.19969632,0.01674
1845.25,0.18324792,0.01731996
1845.5,0.1696464,0.01451628
1845.75,0.15078636,0.02146716
1846,0.13134312,0.02296944
1846.25,0.10509696,0.0239922
1846.5,0.09281088,0.01786752
1846.75,0.08722728,0.01756512
1847,0.07878384,0.02174148
1847.25,0.06872796,0.01831896
1847.5,0.07699644,0.01895832
1847.75,0.07396488,0.01469016
1848,0.07089552,0.01444824
1848.25,0.07390656,0.0165942
1848.5,0.06493176,0.01422576
1848.75,0.06983172,0.0153414
1849,0.07142364,0.0185652
1849.25,0.06886512,0.01628964
1849.5,0.07154136,0.01987848
1849.75,0.07768224,0.02669652
1850,0.07088688,0.01682532
1850.25,0.07108236,0.0186354
1850.5,0.0727002,0.01936764
1850.75,0.06883164,0.01934712
1851,0.06772572,0.01759428
1851.25,0.06627312,0.02018844
1851.5,0.06913296,0.02231604
1851.75,0.06934896,0.0264546
1852,0.064017,0.01927476
1852.25,0.06642972,0.02457972
1852.5,0.0628722,0.02118528
1852.75,0.06122412,0.0195642
1853,0.06246612,0.01907496
1853.25,0.06596964,0.01627668
1853.5,0.06758208,0.01775196
1853.75,0.06898608,0.01761912
1854,0.07906356,0.01709856
1854.25,0.0715554,0.01430028
1854.5,0.06283656,0.01105596
1854.75,0.05726916,0.01371492
1855,0.06703344,0.01369008
1855.25,0.07978824,0.01692144
1855.5,0.1010664,0.02305584
1855.75,0.12424968,0.0185112
1856,0.1328832,0.0268272
1856.25,0.14244876,0.0229014
1856.5,0.15785928,0.02546964
1856.75,0.1760778,0.0181332
1857,0.21334104,0.03103812
1857.25,0.2222748,0.0308556
1857.5,0.23455872,0.0243756
1857.75,0.25798716,0.02716956
1858,0.2543832,0.0239058
1858.25,0.25696548,0.0193158
1858.5,0.23273352,0.01813752
1858.75,0.22965228,0.01633392
1859,0.25236792,0.02035908
1859.25,0.2590758,0.0177282
1859.5,0.2493774,0.01936872
1859.75,0.23542596,0.0204552
1860,0.21257316,0.02204712
1860.25,0.21019284,0.02352672
1860.5,0.19739592,0.02733588
1860.75,0.20655,0.02579472
1861,0.19927188,0.02709612
1861.25,0.23134788,0.03006396
1861.5,0.29707344,0.03304152
1861.75,0.36441252,0.02697084
1862,0.38794032,0.0239652
1862.25,0.41184396,0.02269188
1862.5,0.41447916,0.0219996
1862.75,0.4146876,0.020817
1863,0.39831264,0.01859652
1863.25,0.4330152,0.0248994
1863.5,0.38952684,0.02138076
1863.75,0.37631412,0.02101788
1864,0.36822492,0.01872828
1864.25,0.35859348,0.01538352
1864.5,0.33618888,0.01355184
1864.75,0.33130296,0.01552284
1865,0.30076812,0.01447848
1865.25,0.27400032,0.01081944
1865.5,0.26050464,0.0155628
1865.75,0.2671164,0.0181008
1866,0.24664068,0.02615976
1866.25,0.24992928,0.02349
1866.5,0.21936852,0.02109024
1866.75,0.21960396,0.0277722
1867,0.27389448,0.02478276
1867.25,0.29126196,0.02652696
1867.5,0.30045492,0.02287764
1867.75,0.29312172,0.02102652
1868,0.27453708,0.02801412
1868.25,0.27154116,0.03196152
1868.5,0.2413152,0.02088612
1868.75,0.2277342,0.01603908
1869,0.21040128,0.01977156
1869.25,0.18964368,0.0086022
1869.5,0.18621792,0.01082808
1869.75,0.17271252,0.01972512
1870,0.135864,0.0112158
1870.25,0.11274876,0.01441584
1870.5,0.09872712,0.01535004
1870.75,0.08236728,0.01518696
1871,0.0791424,0.01811592
1871.25,0.076383,0.0178956
1871.5,0.08056908,0.0218862
1871.75,0.07769952,0.0172908
1872,0.07162992,0.01717524
1872.25,0.07476732,0.01744308
1872.5,0.0675594,0.01899072
1872.75,0.06989544,0.02170908
1873,0.06938892,0.0171234
1873.25,0.06741576,0.01303344
1873.5,0.06903684,0.0125226
1873.75,0.071739,0.01763856
1874,0.07098624,0.0152226
1874.25,0.06969456,0.01970784
1874.5,0.07257384,0.01942812
1874.75,0.07203276,0.02129004
1875,0.06886836,0.01938276
1875.25,0.06649668,0.01847232
1875.5,0.06586056,0.02052972
1875.75,0.06318864,0.01804356
1876,0.06353424,0.0190836
1876.25,0.06671052,0.02236248
1876.5,0.05824224,0.01662984
1876.75,0.0571968,0.01666224
1877,0.05739336,0.01613412
1877.25,0.05922612,0.0173826
1877.5,0.05943132,0.01590408
1877.75,0.06632928,0.015687
1878,0.07178004,0.01804248
1878.25,0.0728244,0.0159354
1878.5,0.062289,0.0116262
1878.75,0.06459912,0.01766556
1879,0.062316,0.01040148
1879.25,0.07170768,0.01478196
1879.5,0.09327096,0.0142128
1879.75,0.11255976,0.00967572
1880,0.12153564,0.017604
1880.25,0.14102208,0.02068848
1880.5,0.15759468,0.01353564
1880.75,0.1786104,0.01808676
1881,0.20150748,0.00893484
1881.25,0.20302812,0.01016388
1881.5,0.22528476,0.01415664
1881.75,0.23097852,0.01080216
1882,0.22703976,0.01325376
1882.25,0.2371032,0.00803304
1882.5,0.22033404,0.01242972
1882.75,0.22595328,0.01349352
1883,0.23826636,0.01155816
1883.25,0.24889464,0.01084536
1883.5,0.2522556,0.01534248
1883.75,0.24608448,0.02063232
1884,0.23721336,0.02413584
1884.25,0.21461004,0.02328048
1884.5,0.21375684,0.02417364
1884.75,0.21868488,0.01995084
1885,0.22010184,0.03240108
1885.25,0.2608038,0.03349512
1885.5,0.33769656,0.03916836
1885.75,0.3897504,0.03717468
1886,0.42510744,0.03306528
1886.25,0.44014968,0.02983824
1886.5,0.44726796,0.02771604
1886.75,0.45836496,0.02854656
1887,0.44850564,0.0234954
1887.25,0.4426758,0.0290196
1887.5,0.39556836,0.0257904
1887.75,0.39326364,0.03086316
1888,0.40462848,0.03358476
1888.25,0.39330792,0.03072924
1888.5,0.38738196,0.03141504
1888.75,0.38511504,0.028458
1889,0.33724188,0.02343816
1889.25,0.31146012,0.0244836
1889.5,0.26888544,0.0150552
1889.75,0.24792048,0.01846692
1890,0.22955832,0.01514916
1890.25,0.19920492,0.0147474
1890.5,0.18691236,0.01602504
1890.75,0.191052,0.01881792
1891,0.23349168,0.01884276
1891.25,0.2644164,0.0169074
1891.5,0.27620136,0.014391
1891.75,0.26052732,0.0115506
1892,0.25340148,0.01436616
1892.25,0.2311686,0.01434024
1892.5,0.23313204,0.01316088
1892.75,0.22851396,0.01796148
1893,0.20192976,0.01565244
1893.25,0.18447156,0.01311768
1893.5,0.19121076,0.0127332
1893.75,0.18678708,0.01690308
1894,0.1465344,0.015606
1894.25,0.11717244,0.01305936
1894.5,0.10682388,0.02049084
1894.75,0.08308764,0.01668492
1895,0.08003772,0.01801008
1895.25,0.08503164,0.02194992
1895.5,0.0904284,0.03093336
1895.75,0.07821792,0.02197692
1896,0.07633548,0.01984284
1896.25,0.07706232,0.02312928
1896.5,0.06918588,0.01769364
1896.75,0.07051968,0.01980828
1897,0.06869556,0.02172096
1897.25,0.07176492,0.02281392
1897.5,0.07438284,0.02356884
1897.75,0.07232652,0.01709748
1898,0.07316676,0.01923912
1898.25,0.07457292,0.01835136
1898.5,0.07246584,0.01651104
1898.75,0.0695196,0.016659
1899,0.07046784,0.01695708
1899.25,0.07139664,0.01940436
1899.5,0.07047756,0.01722708
1899.75,0.06484536,0.01898748
1900,0.06749784,0.01916676
1900.25,0.06888348,0.02053296
1900.5,0.06550524,0.018468
1900.75,0.06811884,0.02017332
1901,0.06658092,0.01512
1901.25,0.06849792,0.01559088
1901.5,0.07124976,0.01669896
1901.75,0.07009524,0.0176148
1902,0.07659144,0.01775412
1902.25,0.0762156,0.01414044
1902.5,0.0662796,0.00969192
1902.75,0.06503112,0.01562868
1903,0.06685308,0.01298592
1903.25,0.07532676,0.01274724
1903.5,0.10727316,0.0153684
1903.75,0.119745,0.01761912
1904,0.1129356,0.0169668
1904.25,0.1292868,0.01301076
1904.5,0.14990508,0.01313604
1904.75,0.17627112,0.0140778
1905,0.2051136,0.01666332
1905.25,0.21894516,0.01622808
1905.5,0.22723632,0.02541132
1905.75,0.23474124,0.02187
1906,0.2462886,0.02023596
1906.25,0.26283528,0.02617812
1906.5,0.23893056,0.0153306
1906.75,0.26086212,0.0186624
1907,0.26252532,0.01739448
1907.25,0.27116424,0.02181708
1907.5,0.25383996,0.01633284
1907.75,0.24934176,0.01699056
1908,0.22961664,0.03084588
1908.25,0.22022712,0.02492532
1908.5,0.2120418,0.02771604
1908.75,0.2084292,0.03668004
1909,0.20733948,0.04156056
1909.25,0.25660692,0.0523314
1909.5,0.29671812,0.04794444
1909.75,0.34920936,0.04857624
1910,0.36518364,0.04248288
1910.25,0.37793196,0.0395712
1910.5,0.38098836,0.03173688
1910.75,0.37415844,0.03888
1911,0.36969048,0.03383208
1911.25,0.38287296,0.040635
1911.5,0.34467984,0.0341172
1911.75,0.3440772,0.033237
1912,0.345222,0.03449736
1912.25,0.3268188,0.0303966
1912.5,0.32376024,0.02543076
1912.75,0.3284442,0.03242808
1913,0.31124952,0.02900664
1913.25,0.27114696,0.0286686
1913.5,0.24433164,0.0277452
1913.75,0.23264172,0.02674512
1914,0.21454524,0.03032532
1914.25,0.18316692,0.03289788
1914.5,0.18299952,0.03534084
1914.75,0.19217412,0.03715308
1915,0.23854932,0.0267084
1915.25,0.2477304,0.01756728
1915.5,0.25598808,0.0140778
1915.75,0.24543432,0.01285524
1916,0.23322276,0.008343
1916.25,0.21676356,0.00878148
1916.5,0.21065832,0.0156762
1916.75,0.2113236,0.02198988
1917,0.199233,0.01720764
1917.25,0.18728172,0.01155276
1917.5,0.17567712,0.01685664
1917.75,0.1551528,0.01254096
1918,0.13778748,0.02421792
1918.25,0.10141416,0.01359936
1918.5,0.08143524,0.01412748
1918.75,0.08207028,0.01499904
1919,0.0800226,0.015795
1919.25,0.08123652,0.01977912
1919.5,0.0840618,0.02285712
1919.75,0.08483724,0.024975
1920,0.07396704,0.01763532
1920.25,0.07079832,0.0147312
1920.5,0.07348752,0.01493748
1920.75,0.07064604,0.01579824
1921,0.07328124,0.01537596
1921.25,0.07187616,0.01670868
1921.5,0.07864344,0.02136564
1921.75,0.07508484,0.01997784
1922,0.07800516,0.0222156
1922.25,0.07637868,0.01678428
1922.5,0.07286436,0.01311876
1922.75,0.07538616,0.01383912
1923,0.07106508,0.01462968
1923.25,0.06839424,0.01373328
1923.5,0.06573096,0.01250748
1923.75,0.06498252,0.01372464
1924,0.06436044,0.01290708
1924.25,0.0643626,0.01211004
1924.5,0.06055776,0.01093716
1924.75,0.059562,0.01273428
1925,0.06318324,0.01306584
1925.25,0.06356232,0.0139698
1925.5,0.07084692,0.0137376
1925.75,0.06961248,0.01479168
1926,0.07029828,0.01638036
1926.25,0.07056828,0.0127062
1926.5,0.0649134,0.01210896
1926.75,0.06598368,0.01314468
1927,0.06282684,0.0107514
1927.25,0.05819904,0.00666684
1927.5,0.06327072,0.01114236
1927.75,0.06160752,0.00885708
1928,0.04299912,0.0051786
1928.25,0.04397652,0.00584712
1928.5,0.04950396,0.00597564
1928.75,0.05545368,0.006129
1929,0.06358608,0.0075222
1929.25,0.07292376,0.00591624
1929.5,0.07470252,0.00947268
1929.75,0.08307468,0.00924156
1930,0.09341352,0.01695924
1930.25,0.10065384,0.02028456
1930.5,0.0747576,0.01918728
1930.75,0.07740684,0.01758348
1931,0.09207108,0.01642248
1931.25,0.1147068,0.01546236
1931.5,0.09977472,0.01407132
1931.75,0.09364032,0.014472
1932,0.0793044,0.01258848
1932.25,0.07610112,0.00919296
1932.5,0.05996376,0.00917676
1932.75,0.05949936,0.0088668
1933,0.0588492,0.00872316
1933.25,0.04882464,0.00735912
1933.5,0.06186672,0.00943056
1933.75,0.061938,0.00781056
1934,0.0698274,0.00764316
1934.25,0.07532568,0.00917028
1934.5,0.07193556,0.00734508
1934.75,0.07395408,0.00712368
1935,0.0716256,0.00742284
1935.25,0.0690498,0.00609984
1935.5,0.05637384,0.00609012
1935.75,0.05971104,0.00725868
1936,0.05874984,0.00625644
1936.25,0.06824088,0.0069822
1936.5,0.06748056,0.00786564
1936.75,0.06960384,0.01091556
1937,0.07835292,0.01253016
1937.25,0.0738666,0.0095688
1937.5,0.07985952,0.0100656
1937.75,0.06817176,0.006804
1938,0.07433856,0.01134324
1938.25,0.06912864,0.00776088
1938.5,0.06715548,0.00894024
1938.75,0.06466608,0.0107784
1939,0.06989976,0.0099846
1939.25,0.07283628,0.01015092
1939.5,0.07667136,0.01091664
1939.75,0.06732936,0.00972864
1940,0.06755292,0.0129816
1940.25,0.07158564,0.01369332
1940.5,0.06874956,0.0145638
1940.75,0.06946884,0.01358532
1941,0.07047324,0.01462752
1941.25,0.07531488,0.0178794
1941.5,0.07451136,0.0177336
1941.75,0.06684336,0.01661796
1942,0.07141392,0.01524312
1942.25,0.07299828,0.01692684
1942.5,0.06386256,0.01755864
1942.75,0.0692766,0.02510892
1943,0.06734124,0.0212868
1943.25,0.06892452,0.02160648
1943.5,0.07160508,0.02157516
1943.75,0.06499332,0.01235196
1944,0.05865156,0.01025244
1944.25,0.06195096,0.01437048
1944.5,0.0567108,0.012366
1944.75,0.05687064,0.013203
1945,0.06114204,0.01516212
1945.25,0.0613548,0.01336824
1945.5,0.06554736,0.01551744
1945.75,0.06624828,0.01371924
1946,0.06678396,0.0150984
1946.25,0.06834456,0.0172206
1946.5,0.06720192,0.01878876
1946.75,0.06831648,0.01867536
1947,0.06411312,0.01825524
1947.25,0.06436692,0.0176256
1947.5,0.06460128,0.0162378
1947.75,0.06317676,0.01497852
1948,0.05826384,0.01569996
1948.25,0.06480432,0.01560168
1948.5,0.057969,0.01480248
1948.75,0.05780808,0.01569456
1949,0.06137748,0.01843452
1949.25,0.05859756,0.01613844
1949.5,0.06242076,0.017685
1949.75,0.06130836,0.01894428
1950,0.06516612,0.0197964
1950.25,0.06420816,0.01594944
1950.5,0.05847444,0.01403352
1950.75,0.05115744,0.01308852
1951,0.04997376,0.01410264
1951.25,0.04698648,0.00862164
1951.5,0.0506952,0.01453572
1951.75,0.0534168,0.01643328
1952,0.03554496,0.01145232
1952.25,0.03837888,0.0130626
1952.5,0.03880008,0.0101574
1952.75,0.05076324,0.01339632
1953,0.05146956,0.00790452
1953.25,0.0536112,0.01410048
1953.5,0.05646888,0.01296648
1953.75,0.0647082,0.01986552
1954,0.06335388,0.01266516
1954.25,0.0686556,0.0115182
1954.5,0.04429728,0.01900692
1954.75,0.04267296,0.00995112
1955,0.05128164,0.01360692
1955.25,0.05787396,0.0128682
1955.5,0.06215184,0.0136404
1955.75,0.06696216,0.01424736
1956,0.07372728,0.01375056
1956.25,0.09107964,0.01595808
1956.5,0.0579636,0.0105246
1956.75,0.07388928,0.02276748
1957,0.06580116,0.02333016
1957.25,0.05875416,0.01959768
1957.5,0.06996456,0.02429568
1957.75,0.07949448,0.02322
1958,0.07779672,0.02295432
1958.25,0.0843858,0.02689092
1958.5,0.08008848,0.02662848
1958.75,0.08944884,0.02690388
1959,0.08641728,0.02648484
1959.25,0.09100512,0.02616732
1959.5,0.071496,0.02100168
1959.75,0.08447868,0.02045088
1960,0.07894368,0.02070684
1960.25,0.12724344,0.02393604
1960.5,0.09172656,0.02111292
1960.75,0.08650368,0.01968084
1961,0.09996696,0.01933524
1961.25,0.09535212,0.01598724
1961.5,0.10378368,0.01851444
1961.75,0.08261028,0.00821124
1962,0.08320536,0.0141318
1962.25,0.08358876,0.01452384
1962.5,0.07587108,0.01457136
1962.75,0.08162964,0.01508544
1963,0.08622288,0.01195344
1963.25,0.09402696,0.01195668
1963.5,0.0925992,0.0118152
1963.75,0.0900612,0.00985824
1964,0.08533836,0.01039392
1964.25,0.07884108,0.0083214
1964.5,0.08277876,0.01045116
1964.75,0.09025344,0.01730808
1965,0.08883648,0.01775196
1965.25,0.08680176,0.01898748
1965.5,0.08938404,0.01740096
1965.75,0.08565156,0.01699488
1966,0.07489692,0.01212624
1966.25,0.07007688,0.0119502
1966.5,0.07074432,0.01205172
1966.75,0.0682776,0.01245456
1967,0.0674244,0.01110456
1967.25,0.0680616,0.01058184
1967.5,0.0731916,0.01291464
1967.75,0.07103916,0.0149472
1968,0.07042248,0.01343952
1968.25,0.06518124,0.01288548
1968.5,0.0627912,0.01237464
1968.75,0.06794064,0.01743228
1969,0.07000128,0.01776384
1969.25,0.06575688,0.01600236
1969.5,0.07212564,0.01791936
1969.75,0.07011036,0.0171072
1970,0.06998292,0.01979424
1970.25,0.06800652,0.0213732
1970.5,0.06642756,0.02063772
1970.75,0.06730236,0.0224748
1971,0.06266916,0.0182952
1971.25,0.06439284,0.01764504
1971.5,0.06661656,0.02357424
1971.75,0.06569856,0.02071872
1972,0.0663984,0.01909872
1972.25,0.0659988,0.01797984
1972.5,0.06080832,0.01585332
1972.75,0.05836212,0.01430244
1973,0.06031368,0.0143748
1973.25,0.05991516,0.01317708
1973.5,0.06355044,0.0175446
1973.75,0.06540372,0.01491912
1974,0.07185348,0.01562652
1974.25,0.06929064,0.01313388
1974.5,0.06780564,0.01342548
1974.75,0.05785128,0.0130194
1975,0.0575748,0.01038852
1975.25,0.07195824,0.01288008
1975.5,0.09757584,0.01275372
1975.75,0.13268448,0.02273184
1976,0.13997988,0.01748844
1976.25,0.16810848,0.01963872
1976.5,0.18932508,0.01623132
1976.75,0.21370932,0.01529388
1977,0.24404328,0.0184842
1977.25,0.26480736,0.02181816
1977.5,0.260793,0.02042496
1977.75,0.27780084,0.02045844
1978,0.2923992,0.0248994
1978.25,0.30735288,0.02990952
1978.5,0.28260792,0.02343924
1978.75,0.28945296,0.02418768
1979,0.31335552,0.02790828
1979.25,0.31329288,0.02258604
1979.5,0.30928284,0.0235926
1979.75,0.29745684,0.02842776
1980,0.30068064,0.0362394
1980.25,0.27924048,0.03108132
1980.5,0.26429868,0.026136
1980.75,0.28263168,0.03239784
1981,0.2966058,0.03395304
1981.25,0.323838,0.037206
1981.5,0.36736308,0.03529116
1981.75,0.43124292,0.03080268
1982,0.46797804,0.03325104
1982.25,0.49255344,0.0338742
1982.5,0.5132538,0.03103596
1982.75,0.52852176,0.03198204
1983,0.52186896,0.03838104
1983.25,0.52537896,0.04137048
1983.5,0.48388752,0.04064796
1983.75,0.49004892,0.03972132
1984,0.47884176,0.03559788
1984.25,0.46747152,0.03764664
1984.5,0.449847,0.03539052
1984.75,0.4351104,0.03957984
1985,0.44178804,0.0457218
1985.25,0.39038544,0.03392604
1985.5,0.35761608,0.03762504
1985.75,0.30975588,0.04038876
1986,0.30685284,0.04548096
1986.25,0.2814372,0.04185324
1986.5,0.2606256,0.03456324
1986.75,0.26358912,0.03843936
1987,0.3155652,0.03195504
1987.25,0.3234384,0.0253152
1987.5,0.32666868,0.0236034
1987.75,0.29196396,0.00928692
1988,0.26399196,0.0105786
1988.25,0.26030052,0.0113562
1988.5,0.25341984,0.01901988
1988.75,0.2476656,0.01814616
1989,0.227691,0.02178576
1989.25,0.20848752,0.01645704
1989.5,0.19324116,0.01896372
1989.75,0.1901772,0.02880144
1990,0.15364296,0.02400516
1990.25,0.12849624,0.02144124
1990.5,0.10236132,0.01701972
1990.75,0.08139096,0.01908036
1991,0.08009496,0.016497
1991.25,0.07875576,0.01476684
1991.5,0.0830412,0.0154764
1991.75,0.08129592,0.01679724
1992,0.0810972,0.01767636
1992.25,0.07843608,0.01745604
1992.5,0.07255008,0.01300644
1992.75,0.06766524,0.01178388
1993,0.07026804,0.01079784
1993.25,0.0717876,0.01428408
1993.5,0.07769628,0.01773144
1993.75,0.07726212,0.0195426
1994,0.07962732,0.0196884
1994.25,0.07763796,0.01774332
1994.5,0.07726104,0.0175554
1994.75,0.0760806,0.01799172
1995,0.07370676,0.017334
1995.25,0.07353396,0.01796364
1995.5,0.0740286,0.01657368
1995.75,0.07475112,0.02078892
1996,0.0746982,0.0185868
1996.25,0.0740556,0.0169992
1996.5,0.06870744,0.01459728
1996.75,0.06577956,0.01241352
1997,0.06871392,0.01305396
1997.25,0.06662088,0.01461564
1997.5,0.07590672,0.01546236
1997.75,0.081297,0.01648836
1998,0.07972776,0.01648944
1998.25,0.08674128,0.01578636
1998.5,0.07688196,0.0134082
1998.75,0.06558948,0.01250316
1999,0.06430752,0.01515132
1999.25,0.07806456,0.01267596
1999.5,0.1137456,0.01473228
1999.75,0.1696356,0.01632744
2000,0.18582048,0.01526364
2000.25,0.22492944,0.01537812
2000.5,0.27266328,0.0137916
2000.75,0.31622508,0.01101168
2001,0.3402648,0.01666116
2001.25,0.34263324,0.0179604
2001.5,0.35527248,0.01695816
2001.75,0.35568936,0.0153576
2002,0.36311328,0.01417284
2002.25,0.34778376,0.01503576
2002.5,0.29883924,0.00965844
2002.75,0.31296348,0.0109728
2003,0.33639948,0.0138402
2003.25,0.33559596,0.0141696
2003.5,0.308988,0.01616112
2003.75,0.2917404,0.01899828
2004,0.27654264,0.02036772
2004.25,0.2390796,0.02924532
2004.5,0.2321784,0.0265464
2004.75,0.2467206,0.02530116
2005,0.24788808,0.02390688
2005.25,0.26575884,0.0240786
2005.5,0.29805408,0.02391228
2005.75,0.37621152,0.01783728
2006,0.40631328,0.02557872
2006.25,0.42997392,0.02708856
2006.5,0.43500132,0.02258496
2006.75,0.42930648,0.02144988
2007,0.41324472,0.0235926
2007.25,0.41610456,0.0248076
2007.5,0.37633032,0.02311416
2007.75,0.38425212,0.01796148
2008,0.38754612,0.02270052
2008.25,0.35165664,0.01992816
2008.5,0.34741548,0.02850876
2008.75,0.34013304,0.03457404
2009,0.30943836,0.03792528
2009.25,0.28718172,0.0367362
2009.5,0.25878744,0.036801
2009.75,0.24616548,0.04158
2010,0.21255264,0.02808324
2010.25,0.22509576,0.0305586
2010.5,0.2194236,0.0236304
2010.75,0.21397176,0.01461888
2011,0.24586416,0.01615248
2011.25,0.25054704,0.013527
2011.5,0.27292788,0.01110672
2011.75,0.256608,0.00829872
2012,0.2483028,0.00654804
2012.25,0.24932448,0.0088776
2012.5,0.24246756,0.01111968
2012.75,0.24302592,0.01354104
2013,0.21984048,0.01453572
2013.25,0.19659672,0.0090828
2013.5,0.17071776,0.00909792
2013.75,0.14648256,0.01162404
2014,0.13358736,0.01119744
2014.25,0.11528784,0.01075572
2014.5,0.0830142,0.01299456
2014.75,0.0827388,0.01801116
2015,0.07225848,0.01678212
2015.25,0.07527276,0.01700568
2015.5,0.07783776,0.02024352
2015.75,0.07648236,0.0227178
2016,0.07064712,0.02061288
2016.25,0.07144092,0.01862784
2016.5,0.06796872,0.01478736
2016.75,0.06685416,0.01425816
2017,0.06687684,0.0161622
2017.25,0.0693468,0.01748628
2017.5,0.0716634,0.0210438
2017.75,0.07134264,0.01975104
2018,0.07126272,0.02071332
2018.25,0.07180488,0.0219078
2018.5,0.0701676,0.02061396
2018.75,0.07391952,0.01943676
2019,0.06961464,0.0199908
2019.25,0.07101756,0.02093148
2019.5,0.07082532,0.02174256
2019.75,0.06854004,0.021438
2020,0.06903576,0.02104056
2020.25,0.06834132,0.02071764
2020.5,0.0662202,0.02058048
2020.75,0.06759504,0.02070144
2021,0.06428808,0.02120472
2021.25,0.06229548,0.01937412
2021.5,0.06745356,0.01839888
2021.75,0.0695304,0.02025324
2022,0.0786186,0.02092176
2022.25,0.07700832,0.01910844
2022.5,0.07067952,0.01413396
2022.75,0.06468768,0.01676916
2023,0.06041412,0.01455192
2023.25,0.07371756,0.01888704
2023.5,0.10389384,0.01807488
2023.75,0.1374354,0.02734668
2024,0.142695,0.02010852
2024.25,0.1886868,0.02510244
2024.5,0.18447372,0.02494044
2024.75,0.236088,0.034398
2025,0.23333616,0.02695032
2025.25,0.26925264,0.0258228
2025.5,0.2747196,0.02634336
2025.75,0.28218888,0.0269622
2026,0.29345328,0.02570508
2026.25,0.29765232,0.03151548
2026.5,0.2696868,0.02271024
2026.75,0.28157868,0.02294784
2027,0.29382048,0.02064312
2027.25,0.29506464,0.01852956
2027.5,0.28303128,0.01903932
2027.75,0.27747576,0.0226368
2028,0.26307072,0.0312984
2028.25,0.25132572,0.03161808
2028.5,0.24582636,0.03453084
2028.75,0.2291922,0.02030292
2029,0.24185088,0.03399516
2029.25,0.28886544,0.03978936
2029.5,0.32573232,0.02774088
2029.75,0.41284188,0.02750436
2030,0.44381412,0.02252232
2030.25,0.47019312,0.0246456
2030.5,0.48251052,0.02727108
2030.75,0.4971348,0.0216486
2031,0.51395472,0.03607632
2031.25,0.49347576,0.03972888
2031.5,0.46968228,0.03278016
2031.75,0.46399932,0.02891376
2032,0.46470456,0.02669436
2032.25,0.420174,0.0276048
2032.5,0.41633892,0.033075
2032.75,0.40937076,0.03228876
2033,0.38873088,0.02945592
2033.25,0.3542724,0.0228906
2033.5,0.34603848,0.03044304
2033.75,0.30592944,0.02537136
2034,0.30297888,0.03362796
2034.25,0.27142776,0.0293598
2034.5,0.25329348,0.0305694
2034.75,0.24746364,0.03863592
2035,0.28894752,0.02594376
2035.25,0.30931092,0.02786292
2035.5,0.32360796,0.026217
2035.75,0.2946024,0.02819988
2036,0.2535192,0.01758456
2036.25,0.26786808,0.02128464
2036.5,0.26288388,0.0252396
2036.75,0.2512026,0.02066472
2037,0.24149124,0.02314224
2037.25,0.22241628,0.02064636
2037.5,0.19371636,0.02066364
2037.75,0.17894952,0.0279342
2038,0.13958352,0.01702296
2038.25,0.11837556,0.01798416
2038.5,0.09498276,0.01601856
2038.75,0.09146628,0.01795392
2039,0.08399376,0.02140344
2039.25,0.07728696,0.0210492
2039.5,0.08101296,0.02047248
2039.75,0.08194068,0.02127276
2040,0.07558272,0.0165186
2040.25,0.0746712,0.01608768
2040.5,0.072954,0.01786752
2040.75,0.07348428,0.01885572
2041,0.07411284,0.02046492
2041.25,0.07391628,0.0199908
2041.5,0.07617024,0.01967544
2041.75,0.07891668,0.02092716
2042,0.08057448,0.0209898
2042.25,0.0757404,0.02004912
2042.5,0.07847172,0.01970676
2042.75,0.0775872,0.02011932
2043,0.0754326,0.01819584
2043.25,0.071874,0.01580688
2043.5,0.07368408,0.01503144
2043.75,0.07318944,0.01583604
2044,0.0742608,0.01641492
2044.25,0.07193664,0.0163296
2044.5,0.06945696,0.01481544
2044.75,0.06700428,0.01527984
2045,0.07166988,0.01492452
2045.25,0.06964488,0.01476792
2045.5,0.07059204,0.0172908
2045.75,0.07661628,0.01621188
2046,0.08288568,0.01810836
2046.25,0.08600472,0.01807272
2046.5,0.08322804,0.01748196
2046.75,0.0614304,0.01514916
2047,0.07026912,0.02566296
2047.25,0.09069516,0.0153252
2047.5,0.1237032,0.02714256
2047.75,0.15968772,0.02781216
2048,0.15302412,0.03292272
2048.25,0.17482932,0.01722492
2048.5,0.23613444,0.01936116
2048.75,0.25712964,0.01467288
2049,0.2831058,0.0114372
2049.25,0.2992248,0.01170288
2049.5,0.31339008,0.01042308
2049.75,0.3201444,0.01248804
2050,0.30161052,0.0102438
2050.25,0.3058992,0.0127062
2050.5,0.27938952,0.01339308
2050.75,0.27647784,0.00692388
2051,0.29067228,0.01003536
2051.25,0.3130758,0.01661148
2051.5,0.2900178,0.0153792
2051.75,0.282096,0.02401704
2052,0.27641628,0.02828196
2052.25,0.24132816,0.01978128
2052.5,0.23899968,0.03127788
2052.75,0.2405592,0.033858
2053,0.22986504,0.0296406
2053.25,0.25102656,0.03767904
2053.5,0.29218104,0.0274914
2053.75,0.32878116,0.036909
2054,0.35889264,0.0251856
2054.25,0.36385848,0.02115828
2054.5,0.37495872,0.02009556
2054.75,0.3680424,0.03063096
2055,0.34195392,0.03630528
2055.25,0.33105024,0.03063744
2055.5,0.29913948,0.02989872
2055.75,0.28589544,0.03656124
2056,0.3291786,0.03331044
2056.25,0.29838564,0.02500524
2056.5,0.31727484,0.02969784
2056.75,0.28377756,0.02869344
2057,0.26295624,0.0341064
2057.25,0.24821208,0.02659284
2057.5,0.22721256,0.02354076
2057.75,0.20345688,0.02548584
2058,0.1975104,0.01485972
2058.25,0.17658324,0.01820016
2058.5,0.17561232,0.02794392
2058.75,0.18195732,0.0269298
2059,0.20285748,0.02200392
2059.25,0.22572432,0.01613196
2059.5,0.24148476,0.01393092
2059.75,0.19649304,0.00987012
2060,0.21581748,0.01728648
2060.25,0.1990548,0.0162216
2060.5,0.20962476,0.01399248
2060.75,0.19003248,0.01433808
2061,0.18808632,0.01026216
2061.25,0.17764164,0.01347732
2061.5,0.16314912,0.01445904
2061.75,0.14846436,0.01460484
2062,0.14089356,0.02133432
2062.25,0.13156128,0.01724652
2062.5,0.09450972,0.01244376
2062.75,0.08021916,0.01465128
2063,0.0823014,0.01910736
2063.25,0.07426836,0.01763316
2063.5,0.07995672,0.01586952
2063.75,0.07777188,0.0162054
2064,0.07380072,0.0191862
2064.25,0.07595748,0.0243162
2064.5,0.06847956,0.01720656
2064.75,0.068229,0.01159272
2065,0.07068492,0.0137484
2065.25,0.06675804,0.01426356
2065.5,0.0687042,0.01224828
2065.75,0.07475436,0.01289736
2066,0.07238484,0.01087344
2066.25,0.07224552,0.0149202
2066.5,0.07411068,0.02176092
2066.75,0.07572528,0.01726704
2067,0.06915024,0.0142884
2067.25,0.06908112,0.0124794
2067.5,0.06760152,0.0146502
2067.75,0.06484212,0.01651428
2068,0.06971292,0.0168804
2068.25,0.07059528,0.01373328
2068.5,0.06721812,0.01419336
2068.75,0.06282144,0.01235304
2069,0.06903036,0.01627128
2069.25,0.0657612,0.01090692
2069.5,0.07188588,0.0107676
2069.75,0.06772032,0.01311336
2070,0.07814556,0.01102464
2070.25,0.07701696,0.01243512
2070.5,0.0756648,0.01049328
2070.75,0.06575364,0.00608256
2071,0.06687036,0.00588492
2071.25,0.07834104,0.00740016
2071.5,0.0902124,0.0077058
2071.75,0.11324448,0.0064908
2072,0.10878948,0.00550476
2072.25,0.14264856,0.01362312
2072.5,0.15685812,0.0103356
2072.75,0.17997984,0.0100116
2073,0.21158928,0.00831168
2073.25,0.23516352,0.00710424
2073.5,0.26518212,0.00783216
2073.75,0.25890408,0.00782568
2074,0.25250076,0.01622916
2074.25,0.24938604,0.01153008
2074.5,0.21920328,0.01006992
2074.75,0.21528072,0.00679968
2075,0.23462784,0.01037232
2075.25,0.23524452,0.00726624
2075.5,0.2083104,0.0100386
2075.75,0.20061216,0.01697436
2076,0.17896464,0.0070308
2076.25,0.21272328,0.02104488
2076.5,0.18819864,0.01309716
2076.75,0.17648496,0.01220724
2077,0.17277084,0.01583388
2077.25,0.18847188,0.01796904
2077.5,0.22777308,0.01303884
2077.75,0.29201256,0.02960388
2078,0.2697948,0.01864728
2078.25,0.3002184,0.01756296
2078.5,0.30197556,0.02133432
2078.75,0.2761074,0.017334
2079,0.2651346,0.01614708
2079.25,0.31081644,0.01426896
2079.5,0.2695734,0.00996084
2079.75,0.2202552,0.00528228
2080,0.22740912,0.00910224
2080.25,0.21847968,0.0076464
2080.5,0.18613152,0.00728136
2080.75,0.2035314,0.00622404
2081,0.20794428,0.0093474
2081.25,0.17183988,0.01077084
2081.5,0.15949332,0.01221588
2081.75,0.14969664,0.0078678
2082,0.1226394,0.00942624
2082.25,0.16327656,0.01118124
2082.5,0.15625008,0.02321028
2082.75,0.15528672,0.0133488
2083,0.18211176,0.01223208
2083.25,0.14804856,0.010854
2083.5,0.18422424,0.00587952
2083.75,0.18724716,0.00367308
2084,0.18903996,0.01047816
2084.25,0.20789892,0.01249992
2084.5,0.1942488,0.01607472
2084.75,0.18493488,0.01771308
2085,0.17715348,0.02596968
2085.25,0.1545966,0.00993276
2085.5,0.15166764,0.02333556
2085.75,0.13533696,0.01413504
2086,0.1193454,0.018225
2086.25,0.10622772,0.01509084
2086.5,0.07582896,0.0134244
2086.75,0.07507512,0.0136242
2087,0.07360524,0.0160758
2087.25,0.07581708,0.01617192
2087.5,0.07684308,0.01294704
2087.75,0.0795042,0.02026944
2088,0.06867288,0.01397736
2088.25,0.0696492,0.01125036
2088.5,0.0648162,0.0118638
2088.75,0.06638436,0.01130004
2089,0.07016328,0.01667628
2089.25,0.06613596,0.01346976
2089.5,0.07055964,0.01746468
2089.75,0.07202088,0.01734264
2090,0.07069464,0.01513836
2090.25,0.06909192,0.014013
2090.5,0.06641892,0.01176336
2090.75,0.06723324,0.01268676
2091,0.06337224,0.01052028
2091.25,0.06432804,0.01422792
2091.5,0.06604416,0.01203552
2091.75,0.06709716,0.01414044
2092,0.06550092,0.0119448
2092.25,0.06335928,0.01082916
2092.5,0.06203628,0.01366524
2092.75,0.05854788,0.01090044
2093,0.06164964,0.01238112
2093.25,0.05962464,0.01143828
2093.5,0.06487776,0.01303992
2093.75,0.06175008,0.0091206
2094,0.07226712,0.01393308
2094.25,0.07223904,0.01219752
2094.5,0.07993728,0.01479168
2094.75,0.066366,0.01018656
2095,0.05247396,0.00844884
2095.25,0.05653368,0.005859
2095.5,0.05745168,0.00732132
2095.75,0.05677884,0.00682128
2096,0.0410562,0.00556524
2096.25,0.05154516,0.01063368
2096.5,0.06352776,0.01509084
2096.75,0.06438096,0.0152928
2097,0.09354312,0.01381428
2097.25,0.09944856,0.01391256
2097.5,0.08818308,0.01516968
2097.75,0.09507456,0.01703052
2098,0.08733744,0.01480464
2098.25,0.11454912,0.01586628
2098.5,0.06865236,0.01619136
2098.75,0.08436204,0.02178144
2099,0.10733148,0.01868616
2099.25,0.1146528,0.02124468
2099.5,0.09306576,0.02122416
2099.75,0.08205948,0.02080188
2100,0.0641682,0.0105786
2100.25,0.06220692,0.00917784
2100.5,0.05377536,0.00804708
2100.75,0.0590652,0.00736452
2101,0.04792932,0.00815616
2101.25,0.05075892,0.00619488
2101.5,0.05373432,0.00697032
2101.75,0.08912268,0.01050948
2102,0.07625124,0.00931824
2102.25,0.07219044,0.00650052
2102.5,0.06473412,0.00677808
2102.75,0.06824196,0.00779004
2103,0.05866344,0.00604044
2103.25,0.06278148,0.0066258
2103.5,0.05488992,0.00484488
2103.75,0.06693192,0.00503172
2104,0.05732532,0.00411804
2104.25,0.07202736,0.00650916
2104.5,0.06208812,0.00631908
2104.75,0.06022836,0.00685584
2105,0.0624996,0.00681156
2105.25,0.06009984,0.00631584
2105.5,0.06166584,0.00630504
2105.75,0.06227064,0.00424008
2106,0.06104592,0.00655992
2106.25,0.0770958,0.0065826
2106.5,0.06082344,0.0069552
2106.75,0.0614142,0.00820908
2107,0.0689256,0.00815076
2107.25,0.06627636,0.00987336
2107.5,0.06497496,0.00926856
2107.75,0.06770736,0.01272888
2108,0.06676668,0.01261872
2108.25,0.06360228,0.01214676
2108.5,0.06206976,0.01282392
2108.75,0.06788016,0.0134136
2109,0.07151004,0.01329048
2109.25,0.0683046,0.01315764
2109.5,0.06966972,0.01275912
2109.75,0.07004124,0.01328076
2110,0.06806376,0.01454868
2110.25,0.06796332,0.01449144
2110.5,0.06808536,0.01652832
2110.75,0.06989436,0.0169398
2111,0.06950016,0.01734264
2111.25,0.07007688,0.01581984
2111.5,0.07709364,0.01874988
2111.75,0.0751842,0.018468
2112,0.06953904,0.01627128
2112.25,0.070281,0.01950048
2112.5,0.06506892,0.013068
2112.75,0.06500304,0.0137484
2113,0.0676458,0.01429056
2113.25,0.06710472,0.0171234
2113.5,0.06925176,0.01910088
2113.75,0.067581,0.01547532
2114,0.07058772,0.01527444
2114.25,0.06735636,0.01513512
2114.5,0.07051968,0.01404108
2114.75,0.06929712,0.01628208
2115,0.06620724,0.01328724
2115.25,0.06611976,0.01579824
2115.5,0.06502032,0.01552932
2115.75,0.06502464,0.0157734
2116,0.06221016,0.0140724
2116.25,0.0646056,0.01545804
2116.5,0.06211836,0.01614384
2116.75,0.05988276,0.01507572
2117,0.06213564,0.01506276
2117.25,0.0613224,0.01544616
2117.5,0.06839424,0.01767636
2117.75,0.06988788,0.01908144
2118,0.07077132,0.01870668
2118.25,0.06954336,0.0178956
2118.5,0.06846552,0.01561572
2118.75,0.0571428,0.01099548
2119,0.05270508,0.01120068
2119.25,0.0517698,0.00974808
2119.5,0.05501628,0.01207764
2119.75,0.05266944,0.01226016
2120,0.03640248,0.00920268
2120.25,0.036342,0.00836352
2120.5,0.03964032,0.00901368
2120.75,0.0442908,0.00941976
2121,0.05094792,0.01070388
2121.25,0.05116824,0.01499364
2121.5,0.05399568,0.01171368
2121.75,0.05568048,0.0131598
2122,0.05328828,0.01142316
2122.25,0.06120792,0.01003104
2122.5,0.04047084,0.01015848
2122.75,0.04686012,0.00952884
2123,0.05012064,0.01059912
2123.25,0.05846472,0.010125
2123.5,0.05820768,0.01592136
2123.75,0.064962,0.01828116
2124,0.05795172,0.0123606
2124.25,0.0611172,0.01382724
2124.5,0.0590652,0.0124794
2124.75,0.06152004,0.01384884
2125,0.04402188,0.01270728
2125.25,0.048384,0.01273104
2125.5,0.05681448,0.01266408
2125.75,0.062046,0.01283256
2126,0.06394248,0.01312416
2126.25,0.06494256,0.01327428
2126.5,0.06428808,0.01099872
2126.75,0.06464664,0.01094364
2127,0.06323292,0.0083106
2127.25,0.06304608,0.01054728
2127.5,0.054864,0.01030536
2127.75,0.05575824,0.01192428
2128,0.05659524,0.01178928
2128.25,0.06158268,0.0126846
2128.5,0.06037416,0.01333584
2128.75,0.06711012,0.00983664
2129,0.07610112,0.01054836
2129.25,0.06687252,0.01053432
2129.5,0.064071,0.01018332
2129.75,0.06614784,0.0068202
2130,0.0641196,0.00915408
2130.25,0.06526656,0.0148986
2130.5,0.06501384,0.0162324
2130.75,0.06948072,0.0141534
2131,0.06689736,0.0108486
2131.25,0.07315596,0.00951804
2131.5,0.07273044,0.0094824
2131.75,0.07512804,0.010449
2132,0.07394868,0.01059588
2132.25,0.07093224,0.01059156
2132.5,0.07296156,0.01082592
2132.75,0.0754056,0.0088398
2133,0.07314624,0.011637
2133.25,0.07406964,0.01137456
2133.5,0.07492284,0.01342764
2133.75,0.07448976,0.01430892
2134,0.07120764,0.01364148
2134.25,0.06625584,0.01193292
2134.5,0.06972372,0.01485
2134.75,0.065826,0.01300104
2135,0.0703998,0.01560708
2135.25,0.07188264,0.02154924
2135.5,0.07239024,0.020466
2135.75,0.06814908,0.01901232
2136,0.07045596,0.02079
2136.25,0.07035336,0.016821
2136.5,0.06514992,0.01513728
2136.75,0.05975856,0.01396764
2137,0.06498036,0.01720548
2137.25,0.0646272,0.01582308
2137.5,0.0665496,0.020142
2137.75,0.06561432,0.01977048
2138,0.06284628,0.0181764
2138.25,0.06729912,0.01991952
2138.5,0.0648594,0.02065716
2138.75,0.07218396,0.02902608
2139,0.05844204,0.01328076
2139.25,0.06486804,0.01875096
2139.5,0.06240024,0.01308204
2139.75,0.06325236,0.01437804
2140,0.05888808,0.0108648
2140.25,0.0607284,0.0100386
2140.5,0.0576936,0.00952668
2140.75,0.05520852,0.0092502
2141,0.05621076,0.00903852
2141.25,0.06030612,0.00986904
2141.5,0.06444684,0.01091448
2141.75,0.06537348,0.01193184
2142,0.0649836,0.01045548
2142.25,0.06635736,0.0104814
2142.5,0.06464988,0.00719496
2142.75,0.05534244,0.00728892
2143,0.05599908,0.00748656
2143.25,0.06929712,0.0100494
2143.5,0.10098648,0.0098496
2143.75,0.14437224,0.0184626
2144,0.15927408,0.01646136
2144.25,0.19231452,0.01212732
2144.5,0.2309688,0.01385856
2144.75,0.26549964,0.01732536
2145,0.29373624,0.02055888
2145.25,0.32826384,0.02106756
2145.5,0.34589592,0.0258876
2145.75,0.36028584,0.02513052
2146,0.33124248,0.01847556
2146.25,0.4041684,0.0373248
2146.5,0.34301124,0.02750112
2146.75,0.34743276,0.02585088
2147,0.3467448,0.02777976
2147.25,0.32656284,0.02189916
2147.5,0.30672216,0.02275452
2147.75,0.29416284,0.02655072
2148,0.28642248,0.03050676
2148.25,0.26584632,0.03380724
2148.5,0.2680128,0.03415608
2148.75,0.27128736,0.03870612
2149,0.27620676,0.04276368
2149.25,0.29502252,0.0466614
2149.5,0.34018056,0.04498632
2149.75,0.38058336,0.04069548
2150,0.40647852,0.03515832
2150.25,0.406539,0.03334716
2150.5,0.43005816,0.03464532
2150.75,0.42785712,0.03476412
2151,0.41571576,0.0427518
2151.25,0.4139208,0.0411858
2151.5,0.39976416,0.0337284
2151.75,0.37101672,0.02901204
2152,0.37584216,0.03138048
2152.25,0.37303308,0.02854008
2152.5,0.35159508,0.03051324
2152.75,0.36447516,0.04133592
2153,0.30835404,0.0264114
2153.25,0.24767856,0.02018088
2153.5,0.25897644,0.0204822
2153.75,0.21011832,0.01819368
2154,0.19897812,0.01625292
2154.25,0.21001572,0.02381724
2154.5,0.18440352,0.01567404
2154.75,0.19474344,0.02068416
2155,0.22974732,0.02239272
2155.25,0.23821776,0.01880172
2155.5,0.22748148,0.01866888
2155.75,0.20666556,0.01497204
2156,0.23414508,0.01485756
2156.25,0.24233364,0.0123012
2156.5,0.22741668,0.01798956
2156.75,0.2145798,0.01251072
2157,0.21179664,0.01870884
2157.25,0.19256076,0.01602828
2157.5,0.1906362,0.03282012
2157.75,0.1657854,0.01422684
2158,0.1429164,0.0183762
2158.25,0.11769516,0.01586196
2158.5,0.09443952,0.01504332
2158.75,0.08081532,0.01227852
2159,0.08132508,0.018198
2159.25,0.06299316,0.01011852
2159.5,0.07300584,0.0124092
2159.75,0.06772572,0.01088964
2160,0.06923772,0.01205712
2160.25,0.07418736,0.01219428
2160.5,0.0674568,0.01476684
2160.75,0.06278364,0.00816264
2161,0.0638172,0.0066906
2161.25,0.0668844,0.00809892
2161.5,0.0771714,0.01274076
2161.75,0.07850736,0.01277856
2162,0.07816068,0.01162944
2162.25,0.08318808,0.01284336
2162.5,0.07653744,0.01256688
2162.75,0.07363656,0.01260036
2163,0.0823122,0.015606
2163.25,0.08017056,0.01354968
2163.5,0.07771896,0.0105408
2163.75,0.08137476,0.01440612
2164,0.07540452,0.01349676
2164.25,0.07436016,0.01347192
2164.5,0.07548552,0.01356804
2164.75,0.07501896,0.01418688
2165,0.0796932,0.01444284
2165.25,0.07421544,0.01317816
2165.5,0.07468848,0.01113264
2165.75,0.08152704,0.01234224
2166,0.07968888,0.01181736
2166.25,0.08365464,0.01314144
2166.5,0.08516988,0.01290816
2166.75,0.0775062,0.00892296
2167,0.06945588,0.00742716
2167.25,0.07457184,0.00559332
2167.5,0.11824488,0.01224612
2167.75,0.12792924,0.01237032
2168,0.11656008,0.00420444
2168.25,0.1320462,0.00789696
2168.5,0.14451696,0.00359856
2168.75,0.16748208,0.00544104
2169,0.17370612,0.00172368
2169.25,0.19723176,0.00331236
2169.5,0.20830932,0.0005238
2169.75,0.2193966,0.0008316
2170,0.20740644,0.00219996
2170.25,0.18825156,-0.00144396
2170.5,0.16570872,0.00239652
2170.75,0.17280756,0.00337068
2171,0.20890116,0.00071496
2171.25,0.19411812,0.00472284
2171.5,0.18522108,0.0013122
2171.75,0.17932212,0.00310932
2172,0.17197488,0.00856656
2172.25,0.1530792,0.01257768
2172.5,0.14302224,0.00773064
2172.75,0.13664592,0.01361232
2173,0.1269432,0.0129762
2173.25,0.14701824,0.0181926
2173.5,0.18125424,0.01577772
2173.75,0.2013984,0.01640412
2174,0.2115126,0.01356912
2174.25,0.218889,0.00417204
2174.5,0.24077412,0.00451116
2174.75,0.23835276,0.00602316
2175,0.23143644,0.00310284
2175.25,0.22750632,0.00582768
2175.5,0.19195056,0.01019088
2175.75,0.1860462,0.00419472
2176,0.2030886,0.02246184
2176.25,0.21332268,0.0140346
2176.5,0.18593496,0.01287684
2176.75,0.18771048,0.01488564
2177,0.18211176,0.0165888
2177.25,0.16593012,0.01180548
2177.5,0.14601816,0.01288656
2177.75,0.13699152,0.00705564
2178,0.12768408,0.01086804
2178.25,0.13355928,0.00991008
2178.5,0.14546844,0.01713636
2178.75,0.14808528,0.01404648
2179,0.16316532,0.01495584
2179.25,0.16331868,0.0113076
2179.5,0.17591364,0.00792828
2179.75,0.1667844,0.009504
2180,0.17322876,0.01031616
2180.25,0.17453772,0.01114128
2180.5,0.16341372,0.01167696
2180.75,0.17272872,0.01168128
2181,0.16244064,0.01370304
2181.25,0.1528956,0.0103842
2181.5,0.14195412,0.01204848
2181.75,0.13399992,0.01767744
2182,0.11557836,0.0137916
2182.25,0.10383444,0.018522
2182.5,0.09113364,0.0179064
2182.75,0.07614648,0.0196452
2183,0.07294536,0.01996704
2183.25,0.07393356,0.02045196
2183.5,0.07721136,0.02367252
2183.75,0.07322832,0.0190512
2184,0.07270884,0.02524068
2184.25,0.07324236,0.02560356
2184.5,0.06975612,0.02113992
2184.75,0.0642924,0.02040984
2185,0.06768792,0.01861596
2185.25,0.06946452,0.0228906
2185.5,0.06935112,0.0199098
2185.75,0.07125516,0.02194344
2186,0.077814,0.03130812
2186.25,0.0744552,0.02879712
2186.5,0.0728838,0.0243972
2186.75,0.07114176,0.02413044
2187,0.07232652,0.02518236
2187.25,0.07073784,0.02442096
2187.5,0.07045488,0.02576988
2187.75,0.07086852,0.0268974
2188,0.07743168,0.02712096
2188.25,0.07144956,0.02687796
2188.5,0.0680292,0.02674296
2188.75,0.0671058,0.02743092
2189,0.07262244,0.03022812
2189.25,0.0759024,0.02655828
2189.5,0.0740016,0.0259524
2189.75,0.07669836,0.02298672
2190,0.07568424,0.02234304
2190.25,0.07533972,0.02105028
2190.5,0.07065036,0.01460484
2190.75,0.0706644,0.01492992
2191,0.06040656,0.01264356
2191.25,0.06854004,0.01064124
2191.5,0.08474328,0.01146852
2191.75,0.12046968,0.01567944
2192,0.1357452,0.00980964
2192.25,0.14050692,0.0113022
2192.5,0.1630692,0.01339848
2192.75,0.18710352,0.00507384
2193,0.20445372,0.01894968
2193.25,0.22129632,0.01347948
2193.5,0.23044176,0.01508544
2193.75,0.2276586,0.01020384
2194,0.23925672,0.01637064
2194.25,0.24119748,0.008829
2194.5,0.21082788,0.00428976
2194.75,0.23188788,0.00797796
2195,0.24664716,0.0118746
2195.25,0.24616116,0.00635148
2195.5,0.23881284,0.01225152
2195.75,0.2234358,0.01113372
2196,0.1998054,0.01823688
2196.25,0.1933848,0.015633
2196.5,0.18864684,0.0154062
2196.75,0.2031588,0.0224208
2197,0.1907658,0.01724544
2197.25,0.20879748,0.03090744
2197.5,0.23114808,0.02418876
2197.75,0.27458892,0.01569888
2198,0.31893372,0.01593108
2198.25,0.3281472,0.01964196
2198.5,0.32326128,0.01320192
2198.75,0.3435642,0.0187704
2199,0.3225096,0.01698084
2199.25,0.32489532,0.02398032
2199.5,0.29081268,0.02431728
2199.75,0.29126304,0.01857276
2200,0.30448764,0.01877364
2200.25,0.30347352,0.01842372
2200.5,0.24495696,0.01236924
2200.75,0.22167864,0.01610496
2201,0.2099196,0.01889244
2201.25,0.19211472,0.014742
2201.5,0.19731708,0.01866024
2201.75,0.21095532,0.02034072
2202,0.18655812,0.01138428
2202.25,0.1999728,0.01628316
2202.5,0.1989954,0.0203148
2202.75,0.19886688,0.01324296
2203,0.24021036,0.0185814
2203.25,0.22880988,0.01053108
2203.5,0.20687832,0.0158976
2203.75,0.20113596,0.00954936
2204,0.23028948,0.0205632
2204.25,0.23483628,0.01443096
2204.5,0.21412728,0.01709748
2204.75,0.21110004,0.02486808
2205,0.18281052,0.02070144
2205.25,0.17297064,0.01426464
2205.5,0.15742728,0.01290276
2205.75,0.13270176,0.01049868
2206,0.12703932,0.023139
2206.25,0.10522224,0.02375892
2206.5,0.08107128,0.01724004
2206.75,0.07526304,0.02260764
2207,0.07364628,0.02103732
2207.25,0.07698024,0.02617272
2207.5,0.06874092,0.02222424
2207.75,0.06980688,0.02200608
2208,0.06793848,0.01803492
2208.25,0.08248176,0.02392632
2208.5,0.074979,0.01622808
2208.75,0.07565832,0.0137052
2209,0.07463664,0.01585008
2209.25,0.0726462,0.0145368
2209.5,0.07862616,0.02086452
2209.75,0.07483212,0.019332
2210,0.07980876,0.01894752
2210.25,0.0759078,0.01744848
2210.5,0.07728372,0.01741716
2210.75,0.07966512,0.01867212
2211,0.08315892,0.01820232
2211.25,0.07382124,0.01858788
2211.5,0.07744356,0.01670112
2211.75,0.072927,0.01690632
2212,0.0739044,0.01781676
2212.25,0.07153056,0.01705104
2212.5,0.07166016,0.01647648
2212.75,0.06975288,0.01250748
2213,0.077868,0.01913112
2213.25,0.07425864,0.01410372
2213.5,0.08023428,0.01930392
2213.75,0.07428456,0.01227096
2214,0.07828272,0.01376568
2214.25,0.07879032,0.01134972
2214.5,0.07341948,0.01007748
2214.75,0.06767172,0.00742392
2215,0.06707016,0.0104058
2215.25,0.08151084,0.0070956
2215.5,0.10416816,0.00854064
2215.75,0.12783636,0.00909576
2216,0.12129372,0.00688068
2216.25,0.13763628,0.00607932
2216.5,0.15376284,0.01203552
2216.75,0.18088272,0.00225396
2217,0.19557828,0.00514512
2217.25,0.21777336,0.00978156
2217.5,0.20530044,0.0043524
2217.75,0.22569084,0.00283932
2218,0.22926888,0.01038204
2218.25,0.20884392,0.01163268
2218.5,0.20049336,0.00902232
2218.75,0.199395,0.00408888
2219,0.2198448,0.00666684
2219.25,0.22126068,0.00527256
2219.5,0.23226264,0.00689688
2219.75,0.20703492,0.00940356
2220,0.21750768,0.01236492
2220.25,0.2076624,0.01593864
2220.5,0.17803476,0.01414584
2220.75,0.18616716,0.01356156
2221,0.20425716,0.01823688
2221.25,0.22304268,0.02670408
2221.5,0.27598428,0.02835756
2221.75,0.29710584,0.0224586
2222,0.31693248,0.0198288
2222.25,0.3587004,0.02541024
2222.5,0.31867128,0.02053728
2222.75,0.33063336,0.02992356
2223,0.35135964,0.02695356
2223.25,0.35270532,0.02431296
2223.5,0.3117798,0.0263628
2223.75,0.28680804,0.01152792
2224,0.28756836,0.01545372
2224.25,0.30359124,0.02247696
2224.5,0.24177096,0.01326996
2224.75,0.2433348,0.0100764
2225,0.23936148,0.01351188
2225.25,0.24009588,0.01598292
2225.5,0.20938824,0.01248156
2225.75,0.19554372,0.01177956
2226,0.17836848,0.01149228
2226.25,0.16847784,0.01827576
2226.5,0.19720476,0.01501092
2226.75,0.16952976,0.01311984
2227,0.22251132,0.00910548
2227.25,0.21711132,0.00666036
2227.5,0.21617064,0.00511704
2227.75,0.19738728,0.00558468
2228,0.204336,0.0050004
2228.25,0.1903716,0.00675432
2228.5,0.1960632,0.01045008
2228.75,0.17451612,0.00759996
2229,0.18306432,0.01243512
2229.25,0.16451532,0.00740772
2229.5,0.14479884,0.01385208
2229.75,0.1243782,0.00812484
2230,0.12400992,0.0087804
2230.25,0.09908892,0.00918864
2230.5,0.08292888,0.00854604
2230.75,0.0727164,0.01060128
2231,0.07226712,0.01150308
2231.25,0.06724404,0.01254744
2231.5,0.07953444,0.01566864
2231.75,0.07288596,0.01299348
2232,0.07426188,0.01619136
2232.25,0.07230708,0.013122
2232.5,0.07071084,0.015444
2232.75,0.06588648,0.01360908
2233,0.06481728,0.01406808
2233.25,0.06722244,0.01638684
2233.5,0.07364628,0.01840104
2233.75,0.06996672,0.01629612
2234,0.071847,0.01544724
2234.25,0.06853788,0.0145854
2234.5,0.06679476,0.01480788
2234.75,0.07040952,0.01459836
2235,0.06906492,0.0154656
2235.25,0.07151652,0.0175068
2235.5,0.0692874,0.01482732
2235.75,0.07146684,0.01687824
2236,0.06670188,0.0138996
2236.25,0.07052184,0.01654128
2236.5,0.06340572,0.0146772
2236.75,0.0597456,0.0102276
2237,0.0646434,0.01339308
2237.25,0.06596532,0.0120636
2237.5,0.07490232,0.01982016
2237.75,0.07214832,0.01432728
2238,0.07271964,0.01235736
2238.25,0.0765558,0.01350972
2238.5,0.07229304,0.01080324
2238.75,0.06459264,0.01057104
2239,0.0674082,0.013824
2239.25,0.08051724,0.01531548
2239.5,0.08547552,0.0061236
2239.75,0.09939888,0.00727704
2240,0.09240912,0.00656856
2240.25,0.11074212,0.00722844
2240.5,0.11955168,0.00240408
2240.75,0.13539528,0.00057672
2241,0.13581324,0.00305208
2241.25,0.14281812,0.0041904
2241.5,0.15082524,0.0003348
2241.75,0.15121728,0.0015984
2242,0.15878484,0.00080028
2242.25,0.17521596,0.0019602
2242.5,0.13577868,0.00378756
2242.75,0.14802048,0.0039906
2243,0.16119108,0.0075546
2243.25,0.16288344,0.0086724
2243.5,0.17384004,0.00879552
2243.75,0.17302572,0.00959472
2244,0.14631948,0.01000296
2244.25,0.13746132,0.0049896
2244.5,0.12757176,0.00697788
2244.75,0.12945204,0.00749088
2245,0.1167588,0.00546264
2245.25,0.13176324,0.0092394
2245.5,0.14300928,0.005616
2245.75,0.14345748,0.0078192
2246,0.12842388,0.01047924
2246.25,0.1287738,0.0071388
2246.5,0.11994696,0.00832464
2246.75,0.11735064,0.00682992
2247,0.11661192,0.01386504
2247.25,0.1067796,0.0096498
2247.5,0.08516016,0.00728028
2247.75,0.09513504,0.0060156
2248,0.0960768,0.00484164
2248.25,0.0933228,0.0068418
2248.5,0.09110664,0.00282096
2248.75,0.0824904,0.0028998
2249,0.07510212,0.00276912
2249.25,0.08357904,0.00483516
2249.5,0.07363872,0.00120204
2249.75,0.07224984,0.00248184
2250,0.07535268,0.002214
2250.25,0.07519176,0.00342468
2250.5,0.06949692,0.00381888
2250.75,0.07295292,0.0031644
2251,0.0831006,0.00543456
2251.25,0.06979068,0.00534384
2251.5,0.0697572,0.00344736
2251.75,0.06695676,0.00486324
2252,0.07348536,0.00607608
2252.25,0.0733482,0.00594
2252.5,0.06878412,0.0069768
2252.75,0.06674616,0.00780948
2253,0.07079832,0.01037664
2253.25,0.06930468,0.00826092
2253.5,0.06649452,0.00670464
2253.75,0.06402888,0.00754056
2254,0.06616944,0.00827388
2254.25,0.06351696,0.00889056
2254.5,0.06143364,0.00746496
2254.75,0.06683904,0.01238652
2255,0.06333768,0.01244916
2255.25,0.06169392,0.01111428
2255.5,0.06764364,0.01063044
2255.75,0.06472008,0.01097064
2256,0.06165612,0.01113912
2256.25,0.06331608,0.00947376
2256.5,0.05937732,0.00952776
2256.75,0.05907384,0.00952992
2257,0.05983848,0.01078488
2257.25,0.0619596,0.01209924
2257.5,0.06354936,0.01094796
2257.75,0.06170796,0.0120798
2258,0.06344244,0.014256
2258.25,0.06143256,0.00995328
2258.5,0.0648918,0.01445796
2258.75,0.06301584,0.01134108
2259,0.0622836,0.01250532
2259.25,0.0601506,0.0102546
2259.5,0.06153516,0.0129492
2259.75,0.0636714,0.01370736
2260,0.06796656,0.01761588
2260.25,0.06058476,0.01081728
2260.5,0.06053508,0.01270728
2260.75,0.04597776,0.01097928
2261,0.06344028,0.01338552
2261.25,0.0615978,0.01241892
2261.5,0.06352128,0.0113724
2261.75,0.06296292,0.01333044
2262,0.06612948,0.015714
2262.25,0.06326316,0.01073196
2262.5,0.06290676,0.01103328
2262.75,0.0574992,0.0120474
2263,0.05287572,0.01105272
2263.25,0.04801788,0.00769824
2263.5,0.05223096,0.00614952
2263.75,0.05481,0.00917892
2264,0.03737448,0.007722
2264.25,0.0315792,0.00460728
2264.5,0.04049892,0.00561924
2264.75,0.04249044,0.00559332
2265,0.04797252,0.0071712
2265.25,0.0491076,0.00805572
2265.5,0.04725108,0.00818208
2265.75,0.0472716,0.00812484
2266,0.04946832,0.00798228
2266.25,0.05136048,0.0092232
2266.5,0.03206412,0.00955044
2266.75,0.031401,0.0090504
2267,0.0433782,0.00956124
2267.25,0.04634388,0.00789912
2267.5,0.05297508,0.00780624
2267.75,0.04915944,0.00495504
2268,0.06155028,0.010179
2268.25,0.04406508,0.00782352
2268.5,0.04428,0.01019196
2268.75,0.04986252,0.01152468
2269,0.03278232,0.00902232
2269.25,0.03160728,0.00919404
2269.5,0.03913056,0.01077516
2269.75,0.0400518,0.01049004
2270,0.04228632,0.00979668
2270.25,0.04854924,0.01231524
2270.5,0.05119524,0.0115668
2270.75,0.04359852,0.00919512
2271,0.04954716,0.009018
2271.25,0.05274936,0.0109998
2271.5,0.04173336,0.00730836
2271.75,0.0442638,0.00834408
2272,0.04936032,0.00974484
2272.25,0.05012928,0.00924696
2272.5,0.04523148,0.00751572
2272.75,0.04691196,0.00559656
2273,0.05361012,0.00724572
2273.25,0.0473688,0.00249912
2273.5,0.0453654,0.00342684
2273.75,0.05629176,0.0053406
2274,0.05398704,0.00305208
2274.25,0.05344704,0.00364284
2274.5,0.0538272,0.004077
2274.75,0.05747436,0.00401436
2275,0.06541344,0.00381348
2275.25,0.06364332,0.00554904
2275.5,0.06866424,0.00690228
2275.75,0.06248448,0.0098442
2276,0.06157296,0.00998568
2276.25,0.0645894,0.01064448
2276.5,0.06858,0.01629072
2276.75,0.07020756,0.01634796
2277,0.0675918,0.0174798
2277.25,0.06699888,0.01741932
2277.5,0.07080264,0.01423872
2277.75,0.07284924,0.01908792
2278,0.06312492,0.01317708
2278.25,0.06146928,0.0153684
2278.5,0.05897664,0.01316088
2278.75,0.06672672,0.01832436
2279,0.06627312,0.01646244
2279.25,0.06846012,0.0149526
2279.5,0.07182972,0.01975104
2279.75,0.06733908,0.0117072
2280,0.06839748,0.01606716
2280.25,0.06158052,0.00878904
2280.5,0.06011496,0.00934848
2280.75,0.05957712,0.00870048
2281,0.06393168,0.00864864
2281.25,0.05792904,0.00760212
2281.5,0.06816528,0.01044036
2281.75,0.06001236,0.00963684
2282,0.06279444,0.0096606
2282.25,0.06060852,0.00870048
2282.5,0.06119604,0.00910548
2282.75,0.06156216,0.00992196
2283,0.05968944,0.01005372
2283.25,0.06417252,0.01404432
2283.5,0.06093468,0.01021896
2283.75,0.0617166,0.01113588
2284,0.06063984,0.01202364
2284.25,0.062856,0.01134864
2284.5,0.05885028,0.01169208
2284.75,0.05651748,0.009666
2285,0.05752728,0.00959796
2285.25,0.057564,0.01031616
2285.5,0.06271236,0.01267596
2285.75,0.0602154,0.0097956
2286,0.05950044,0.01064664
2286.25,0.06048648,0.0098712
2286.5,0.06101892,0.01077192
2286.75,0.05290164,0.01173096
2287,0.04858596,0.01104408
2287.25,0.0557118,0.00961956
2287.5,0.06399216,0.01529928
2287.75,0.05995836,0.00777924
2288,0.04321944,0.0093366
2288.25,0.04696056,0.01061964
2288.5,0.04290084,0.00737532
2288.75,0.05303664,0.00829656
2289,0.05780916,0.0061182
2289.25,0.05517828,0.00756864
2289.5,0.061074,0.0098712
2289.75,0.06178896,0.0074034
2290,0.06472332,0.00921456
2290.25,0.06408288,0.00771012
2290.5,0.03582036,0.0073008
2290.75,0.0429624,0.00902232
2291,0.04581684,0.007506
2291.25,0.05259816,0.00673704
2291.5,0.0625698,0.00777816
2291.75,0.06394788,0.00711936
2292,0.0582012,0.00621864
2292.25,0.05922072,0.00900396
2292.5,0.05012604,0.00901476
2292.75,0.05176872,0.01088964
2293,0.03418524,0.00964656
2293.25,0.03572316,0.00879012
2293.5,0.0410454,0.0091854
2293.75,0.04691304,0.01157112
2294,0.04804272,0.01006992
2294.25,0.05153004,0.0144612
2294.5,0.04688928,0.00968328
2294.75,0.04737204,0.00793476
2295,0.0498852,0.00861192
2295.25,0.045981,0.00778464
2295.5,0.0413586,0.01111104
2295.75,0.04160808,0.00931392
2296,0.04696812,0.01434456
2296.25,0.04700592,0.00835272
2296.5,0.04598964,0.00841644
2296.75,0.0478116,0.00483516
2297,0.04861836,0.00659556
2297.25,0.04768524,0.00493776
2297.5,0.04925448,0.004536
2297.75,0.05232816,0.00848556
2298,0.05036148,0.0101574
2298.25,0.04588704,0.00918648
2298.5,0.0538758,0.0094608
2298.75,0.058374,0.00914976
2299,0.06528924,0.01017036
2299.25,0.05797116,0.00968436
2299.5,0.05909868,0.00904284
2299.75,0.0615708,0.0111564
2300,0.05947884,0.01058292
2300.25,0.05711904,0.01092096
2300.5,0.06305472,0.01118124
2300.75,0.06080724,0.01216404
2301,0.05909436,0.0123822
2301.25,0.06495552,0.01796472
2301.5,0.057888,0.0141102
2301.75,0.06091524,0.01617408
2302,0.05670864,0.01556388
2302.25,0.05889564,0.01615464
2302.5,0.06208056,0.01861056
2302.75,0.05752512,0.018252
2303,0.06370704,0.01674108
2303.25,0.06159348,0.01785024
2303.5,0.06662196,0.01788156
2303.75,0.06059988,0.01617192
2304,0.0580932,0.01559412
2304.25,0.06562512,0.01856952
2304.5,0.06049404,0.02089584
2304.75,0.06186888,0.02157408
2305,0.05780052,0.016416
2305.25,0.057942,0.01626264
2305.5,0.06193044,0.02313792
2305.75,0.06306336,0.01898748
2306,0.06202008,0.01677672
2306.25,0.06417684,0.02288196
2306.5,0.06089256,0.01977804
2306.75,0.06772248,0.02716092
2307,0.06516936,0.02707992
2307.25,0.06841908,0.0279234
2307.5,0.0663444,0.02617596
2307.75,0.06302664,0.02192076
2308,0.05955768,0.0214164
2308.25,0.0610146,0.02410884
2308.5,0.05509728,0.01927476
2308.75,0.05792364,0.01990872
2309,0.05440824,0.01894104
2309.25,0.06342516,0.02348676
2309.5,0.06241536,0.01663092
2309.75,0.06529464,0.02088072
2310,0.0635796,0.01651752
2310.25,0.0673974,0.01228932
2310.5,0.06616728,0.01058724
2310.75,0.05752296,0.01188972
2311,0.06407532,0.01353564
2311.25,0.073683,0.0095418
2311.5,0.0883872,0.0062964
2311.75,0.11169468,0.00983772
2312,0.10049184,0.0054216
2312.25,0.10404612,0.00208008
2312.5,0.1096416,0.00253908
2312.75,0.12982896,0.00429408
2313,0.13676256,0.00401328
2313.25,0.14812092,0.00286524
2313.5,0.15171624,-0.00048708
2313.75,0.15229296,0.00123984
2314,0.14605164,0.00135864
2314.25,0.16280784,0.00266652
2314.5,0.14256324,0.00250776
2314.75,0.15846732,0.00308772
2315,0.16119648,0.003159
2315.25,0.1675134,0.00404568
2315.5,0.16663536,0.00351432
2315.75,0.16121916,0.00755352
2316,0.1586628,0.00765288
2316.25,0.15728256,0.01265652
2316.5,0.15619176,0.01550124
2316.75,0.16274736,0.01133568
2317,0.142533,0.0104382
2317.25,0.1533924,0.01079352
2317.5,0.17312292,0.01002672
2317.75,0.19856664,0.00913896
2318,0.18762084,0.00438156
2318.25,0.21111948,0.00573912
2318.5,0.21083976,0.00373788
2318.75,0.2070468,0.00316224
2319,0.20787408,0.00306612
2319.25,0.19713024,0.00440748
2319.5,0.18722124,0.008667
2319.75,0.1823688,0.00248292
2320,0.18075852,0.0050004
2320.25,0.19190736,0.00900288
2320.5,0.17697636,0.00807408
2320.75,0.17021556,0.00470772
2321,0.17651844,0.00501984
2321.25,0.15918984,0.0054756
2321.5,0.1731024,0.00776952
2321.75,0.15384492,0.0070686
2322,0.14297688,0.00508248
2322.25,0.15622092,0.01191888
2322.5,0.14819112,0.00932148
2322.75,0.17189604,0.00749952
2323,0.18097128,0.0102762
2323.25,0.1875474,0.01527336
2323.5,0.157869,0.00885708
2323.75,0.157167,0.00798552
2324,0.17212176,0.008424
2324.25,0.15752988,0.00662796
2324.5,0.14933592,0.00557712
2324.75,0.14740596,0.0105624
2325,0.13979088,0.00957852
2325.25,0.14448456,0.00898668
2325.5,0.13786092,0.01109052
2325.75,0.13900356,0.01823148
2326,0.12031956,0.0170856
2326.25,0.0875772,0.01232172
2326.5,0.07864236,0.01322784
2326.75,0.07352424,0.01313388
2327,0.07602876,0.01880172
2327.25,0.07631388,0.01945512
2327.5,0.07802892,0.0194994
2327.75,0.08384364,0.0237708
2328,0.07356204,0.01802088
2328.25,0.07376076,0.02004372
2328.5,0.07380288,0.0239058
2328.75,0.06839208,0.01774764
2329,0.07658712,0.02268864
2329.25,0.0684288,0.01387692
2329.5,0.0724086,0.01558548
2329.75,0.07506108,0.01540512
2330,0.07173468,0.0145962
2330.25,0.07679232,0.01892484
2330.5,0.07878708,0.02056644
2330.75,0.08151948,0.02073924
2331,0.07719624,0.01867104
2331.25,0.08204004,0.02214756
2331.5,0.08128944,0.02186028
2331.75,0.07578252,0.0176742
2332,0.07191612,0.01506168
2332.25,0.07026264,0.017172
2332.5,0.06769656,0.01685448
2332.75,0.06661332,0.0155412
2333,0.07288704,0.01856628
2333.25,0.07413336,0.02077164
2333.5,0.0736344,0.01753272
2333.75,0.06636924,0.01186704
2334,0.06969456,0.01197936
2334.25,0.07014168,0.00974592
2334.5,0.06989436,0.00899316
2334.75,0.06711876,0.0081324
2335,0.07953336,0.00809136
2335.25,0.07591536,0.00745092
2335.5,0.09170064,0.00764424
2335.75,0.09852084,0.00543996
2336,0.08874252,0.00439992
2336.25,0.11255436,0.00138996
2336.5,0.12574008,0.00389772
2336.75,0.13683384,0.001323
2337,0.13298796,0.00071928
2337.25,0.15387732,0.0036018
2337.5,0.1596132,0.0071982
2337.75,0.16738272,0.00536436
2338,0.1708884,0.00513324
2338.25,0.18754956,0.00816588
2338.5,0.14383872,0.0041418
2338.75,0.1504926,0.00290412
2339,0.16320096,0.00617868
2339.25,0.15491952,0.001296
2339.5,0.1623348,0.00062316
2339.75,0.13961916,0.00428328
2340,0.13753368,0.00756756
2340.25,0.13986648,0.00486216
2340.5,0.12872736,0.00600804
2340.75,0.12843036,0.00737964
2341,0.11765628,0.00641844
2341.25,0.13426344,0.00926316
2341.5,0.15763464,0.00580824
2341.75,0.18581508,0.00746928
2342,0.19163628,0.00408132
2342.25,0.20107224,0.00378864
2342.5,0.20400876,0.00104976
2342.75,0.20358648,0.0017874
2343,0.2041794,0.00412344
2343.25,0.19796724,0.00178956
2343.5,0.18034272,0.00446256
2343.75,0.17455068,0.00505548
2344,0.1733346,0.00347976
2344.25,0.16766244,0.0047034
2344.5,0.14880672,-0.0005778
2344.75,0.13686192,0.0018522
2345,0.13446864,0.00197964
2345.25,0.1262304,0.0015714
2345.5,0.12809016,0.0011178
2345.75,0.12538692,0.00245808
2346,0.1183464,0.00296676
2346.25,0.12986676,0.00621864
2346.5,0.1262196,0.00421632
2346.75,0.15311484,0.00533628
2347,0.17091756,0.00386208
2347.25,0.16665048,0.00437508
2347.5,0.17561124,0.00458784
2347.75,0.17052228,0.00435348
2348,0.16174296,0.00341388
2348.25,0.15497892,0.00502416
2348.5,0.15911424,0.005157
2348.75,0.15652764,0.00654264
2349,0.15146568,0.00616032
2349.25,0.13276764,0.00694332
2349.5,0.13122648,0.00765936
2349.75,0.12436416,0.007722
2350,0.10677312,0.00974916
2350.25,0.08178084,0.00706752
2350.5,0.07672212,0.00960228
2350.75,0.06747948,0.0104382
2351,0.07585272,0.01593108
2351.25,0.06815016,0.01248048
2351.5,0.07070328,0.01834812
2351.75,0.06780348,0.01934604
2352,0.07230168,0.02185704
2352.25,0.06507432,0.01634472
2352.5,0.06767172,0.0184842
2352.75,0.06254496,0.01782756
2353,0.06106104,0.0193212
2353.25,0.06468984,0.01630908
2353.5,0.06670512,0.0181872
2353.75,0.07060392,0.01970892
2354,0.06554196,0.01608336
2354.25,0.06664896,0.01696896
2354.5,0.06831432,0.01634364
2354.75,0.06310548,0.01523016
2355,0.06247044,0.01401084
2355.25,0.06619644,0.01609524
2355.5,0.06641352,0.01539216
2355.75,0.06819552,0.01860192
2356,0.06483996,0.0150282
2356.25,0.05755104,0.01241352
2356.5,0.0582768,0.01244268
2356.75,0.0557712,0.01293084
2357,0.0593244,0.01093824
2357.25,0.05596776,0.01179684
2357.5,0.06766416,0.01517292
2357.75,0.06188076,0.01257336
2358,0.07145172,0.01231632
2358.25,0.07394976,0.01244592
2358.5,0.0757836,0.01246536
2358.75,0.06862644,0.01054512
2359,0.06153192,0.01124928
2359.25,0.071253,0.007857
2359.5,0.09592668,0.00960876
2359.75,0.1108674,0.007776
2360,0.09985248,0.00455868
2360.25,0.11179944,0.00472824
2360.5,0.12557808,0.00149904
2360.75,0.1352754,0.00055188
2361,0.15089004,0.00503604
2361.25,0.15626844,0.00272376
2361.5,0.15660972,0.00398736
2361.75,0.16489008,0.00408672
2362,0.15504156,-7.992e-05
2362.25,0.16025688,0.003429
2362.5,0.14132772,0.00163188
2362.75,0.13803588,0.00374004
2363,0.16613208,0.00536436
2363.25,0.15378552,0.00481032
2363.5,0.1467666,0.0034182
2363.75,0.14423292,0.00475416
2364,0.14022072,0.0060426
2364.25,0.14001012,0.01119744
2364.5,0.13111956,0.0075546
2364.75,0.14174892,0.01031292
2365,0.12096864,0.01541808
2365.25,0.1318464,0.01359828
2365.5,0.18278028,0.01090584
2365.75,0.205011,0.00816804
2366,0.20178828,0.00435888
2366.25,0.22154364,0.00211356
2366.5,0.21535524,-3.132e-05
2366.75,0.21947544,0.0020358
2367,0.21869352,0.00480168
2367.25,0.21083328,0.00039528
2367.5,0.19686024,0.00290088
2367.75,0.1943082,-0.00200988
2368,0.19997604,0.00505872
2368.25,0.1866888,0.00365688
2368.5,0.17122428,0.00024732
2368.75,0.17203212,0.00133056
2369,0.15972984,0.0041688
2369.25,0.1490724,0.0020196
2369.5,0.15982272,0.001458
2369.75,0.1502658,0.00066096
2370,0.13611672,0.00258768
2370.25,0.13798296,0.00427896
2370.5,0.14064408,0.00588384
2370.75,0.14935536,0.00891864
2371,0.1811646,0.00580284
2371.25,0.17523,0.0054756
2371.5,0.18375768,0.00575856
2371.75,0.17935992,0.00383292
2372,0.1645434,0.00411264
2372.25,0.16891416,0.00587952
2372.5,0.17670096,0.01162188
2372.75,0.16639344,0.01203336
2373,0.15489144,0.01313172
2373.25,0.13448808,0.0077868
2373.5,0.14599872,0.0113076
2373.75,0.12567096,0.00921672
2374,0.11174004,0.01504224
2374.25,0.10599768,0.01892268
2374.5,0.08795952,0.0112536
2374.75,0.07560756,0.01965924
2375,0.06704964,0.01334232
2375.25,0.06719976,0.01457568
2375.5,0.07429428,0.01649916
2375.75,0.07367004,0.01830168
2376,0.07160076,0.01699272
2376.25,0.07018164,0.01762452
2376.5,0.06370164,0.01639656
2376.75,0.06741576,0.01613196
2377,0.06506676,0.01406808
2377.25,0.06506676,0.01535004
2377.5,0.06911892,0.01714068
2377.75,0.07137936,0.01931364
2378,0.07031232,0.01925316
2378.25,0.07019676,0.01860624
2378.5,0.06987816,0.0167184
2378.75,0.07606872,0.02629584
2379,0.06723108,0.01850904
2379.25,0.07253064,0.01691604
2379.5,0.07575444,0.02200932
2379.75,0.06947208,0.01933848
2380,0.06719868,0.01984932
2380.25,0.07253172,0.02769768
2380.5,0.06788556,0.01975752
2380.75,0.06270156,0.01750788
2381,0.0647676,0.01810728
2381.25,0.06875172,0.01888596
2381.5,0.0715338,0.01986336
2381.75,0.07371756,0.01858788
2382,0.0685854,0.01345896
2382.25,0.08073756,0.01518912
2382.5,0.08350776,0.01282824
2382.75,0.0712692,0.012096
2383,0.06939,0.01296216
2383.25,0.07616052,0.01209492
2383.5,0.10184508,0.01053648
2383.75,0.1013526,0.00717228
2384,0.09161856,0.00421632
2384.25,0.11309328,0.0071118
2384.5,0.12457368,0.0069714
2384.75,0.13436712,0.01036476
2385,0.15520032,0.007047
2385.25,0.1532682,0.00822744
2385.5,0.16642044,0.00931824
2385.75,0.1646028,0.00366444
2386,0.15895656,0.01455732
2386.25,0.16835796,0.00874368
2386.5,0.14047452,0.01189512
2386.75,0.14074344,0.00715284
2387,0.14988672,0.0052164
2387.25,0.16085412,0.00947052
2387.5,0.1609416,0.01158192
2387.75,0.17726256,0.01641708
2388,0.16902972,0.0204876
2388.25,0.15531264,0.01895616
2388.5,0.164781,0.01818936
2388.75,0.16122132,0.02630232
2389,0.14925816,0.01657368
2389.25,0.16166736,0.01768284
2389.5,0.20829312,0.01714284
2389.75,0.25572132,0.01564704
2390,0.25989336,0.00746712
2390.25,0.27096876,0.01707048
2390.5,0.30699432,0.02065824
2390.75,0.30028428,0.0107352
2391,0.28884924,0.01650024
2391.25,0.27987768,0.01413288
2391.5,0.24830604,0.0113724
2391.75,0.23324976,0.01160676
2392,0.23687748,0.009639
2392.25,0.25429464,0.01115208
2392.5,0.25258068,0.013959
2392.75,0.22210632,0.01015632
2393,0.19965852,0.01061316
2393.25,0.189999,0.00696708
2393.5,0.18610992,0.00960228
2393.75,0.15579756,0.01274832
2394,0.16595604,0.01013256
2394.25,0.16394832,0.01426572
2394.5,0.17642988,0.0215352
2394.75,0.17118756,0.01001268
2395,0.18984996,0.01337796
2395.25,0.20142864,0.0106272
2395.5,0.21920004,0.01166724
2395.75,0.20692368,0.01078596
2396,0.19070964,0.02016144
2396.25,0.192105,0.01727136
2396.5,0.17741916,0.01936332
2396.75,0.17824536,0.02169396
2397,0.16126776,0.01608012
2397.25,0.1456434,0.01141776
2397.5,0.14832504,0.01428408
2397.75,0.14250384,0.022032
2398,0.11986812,0.02297808
2398.25,0.09758664,0.01519344
2398.5,0.07966512,0.01902528
2398.75,0.06730344,0.01653264
2399,0.06138396,0.01561464
2399.25,0.06817608,0.01918188
2399.5,0.06773436,0.01812348
2399.75,0.07305228,0.02097684
2400,0.06975288,0.02100168
2400.25,0.06957468,0.01940868
2400.5,0.06548148,0.01526904
2400.75,0.06081912,0.01436508
2401,0.064665,0.0171342
2401.25,0.07428888,0.02840292
2401.5,0.06936408,0.01521828
2401.75,0.06813072,0.02033748
2402,0.06820524,0.02071764
2402.25,0.0698166,0.01878768
2402.5,0.067959,0.01881144
2402.75,0.07872228,0.02923128
2403,0.06937812,0.02179116
2403.25,0.06825924,0.02141208
2403.5,0.06827328,0.01944972
2403.75,0.07018812,0.02043576
2404,0.07058232,0.02072196
2404.25,0.06981336,0.02172744
2404.5,0.06421896,0.02110536
2404.75,0.06326964,0.02100924
2405,0.06806376,0.02070792
2405.25,0.0663066,0.01875852
2405.5,0.06919668,0.0191052
2405.75,0.06985008,0.0180414
2406,0.0786618,0.01860732
2406.25,0.07907328,0.01516428
2406.5,0.07675344,0.01206468
2406.75,0.07403724,0.0147474
2407,0.0686124,0.01519344
2407.25,0.07794792,0.0096768
2407.5,0.08878248,0.00849744
2407.75,0.10369944,0.00747036
2408,0.11164608,0.00782892
2408.25,0.1365012,0.00547668
2408.5,0.15227244,0.00336096
2408.75,0.13639428,0.00069876
2409,0.15685488,0.011718
2409.25,0.1666602,0.01095876
2409.5,0.1916676,0.00360612
2409.75,0.19141812,0.01110564
2410,0.1948644,0.00775872
2410.25,0.20330892,0.00872532
2410.5,0.16852968,0.01844856
2410.75,0.18019584,0.0142128
2411,0.17263044,0.01094148
2411.25,0.17393724,0.01061532
2411.5,0.16872084,0.004293
2411.75,0.168696,0.00365904
2412,0.15324552,0.00504252
2412.25,0.17197812,0.00351648
2412.5,0.17091108,0.00479196
2412.75,0.17625708,0.00755352
2413,0.18121752,0.01069308
2413.25,0.19380816,0.01576044
2413.5,0.21989016,0.01816668
2413.75,0.26165592,0.01835568
2414,0.2736828,0.01644408
2414.25,0.2892186,0.01475496
2414.5,0.28346004,0.01659312
2414.75,0.27957528,0.01841076
2415,0.28295568,0.01866672
2415.25,0.30253716,0.0206388
2415.5,0.25522236,0.01795392
2415.75,0.2649834,0.01538784
2416,0.26410104,0.01537164
2416.25,0.26548128,0.0142344
2416.5,0.25449228,0.0126738
2416.75,0.23609664,0.01826928
2417,0.22053384,0.01644408
2417.25,0.19316988,0.0163026
2417.5,0.1650888,0.01264788
2417.75,0.17363484,0.01627236
2418,0.15330276,0.01226772
2418.25,0.14783364,0.0151254
2418.5,0.16281,0.02085372
2418.75,0.16813764,0.02273832
2419,0.19096236,0.02697192
2419.25,0.19850076,0.0293274
2419.5,0.1862298,0.01973808
2419.75,0.19341072,0.0218214
2420,0.17373204,0.0136188
2420.25,0.17509392,0.01929636
2420.5,0.17649252,0.0182574
2420.75,0.16517952,0.01215324
2421,0.14859504,0.01474524
2421.25,0.13920336,0.01206684
2421.5,0.12145788,0.01136376
2421.75,0.12208104,0.01086048
2422,0.10021536,0.01346868
2422.25,0.08839368,0.0122958
2422.5,0.07271964,0.01150308
2422.75,0.065583,0.01237896
2423,0.06126732,0.01564596
2423.25,0.06522012,0.0176202
2423.5,0.07615944,0.02653776
2423.75,0.07014924,0.02073492
2424,0.06784452,0.01896588
2424.25,0.06722352,0.01853172
2424.5,0.06478272,0.0177228
2424.75,0.06542964,0.01386936
2425,0.06507756,0.01207764
2425.25,0.06761556,0.0156492
2425.5,0.0703674,0.01674648
2425.75,0.06874848,0.01647108
2426,0.06576012,0.01522692
2426.25,0.06591672,0.01515888
2426.5,0.0656424,0.0148608
2426.75,0.0632016,0.0138942
2427,0.06515748,0.01697976
2427.25,0.06545664,0.01751112
2427.5,0.06717816,0.0147096
2427.75,0.06642756,0.01852524
2428,0.06892344,0.01868508
2428.25,0.06572556,0.01609632
2428.5,0.06316164,0.01832112
2428.75,0.0612846,0.01662984
2429,0.06853788,0.01620432
2429.25,0.06633144,0.01927692
2429.5,0.07118604,0.01957824
2429.75,0.0718308,0.01719036
2430,0.07271856,0.01502388
2430.25,0.07105212,0.01515132
2430.5,0.06918912,0.01421604
2430.75,0.06119928,0.01082592
2431,0.0628722,0.01355292
2431.25,0.0588168,0.01145232
2431.5,0.05774544,0.01125036
2431.75,0.05938812,0.00945648
2432,0.04623804,0.00788724
2432.25,0.05015196,0.006534
2432.5,0.0614466,0.00786132
2432.75,0.0796662,0.00958176
2433,0.08903304,0.01143936
2433.25,0.09124596,0.00566568
2433.5,0.09317916,0.00832896
2433.75,0.0957528,0.0076788
2434,0.08937972,0.00414828
2434.25,0.0903636,0.00820152
2434.5,0.06010956,0.004374
2434.75,0.06436368,0.00437832
2435,0.0717606,0.00546372
2435.25,0.08126244,0.00706752
2435.5,0.06891804,0.00560196
2435.75,0.06702264,0.00616356
2436,0.06123276,0.00637416
2436.25,0.057915,0.00731052
2436.5,0.0611442,0.00796284
2436.75,0.05386392,0.00661176
2437,0.04120308,0.00582444
2437.25,0.04259412,0.00714528
2437.5,0.06717492,0.01206792
2437.75,0.06699564,0.0115074
2438,0.06476328,0.00944136
2438.25,0.065043,0.00602532
2438.5,0.05747004,0.00676512
2438.75,0.05878656,0.0039744
2439,0.0642654,0.0053514
2439.25,0.07555572,0.0095958
2439.5,0.05174388,0.00596052
2439.75,0.06207624,0.00733212
2440,0.0518994,0.00837432
2440.25,0.0576342,0.00886356
2440.5,0.05503356,0.00709776
2440.75,0.06679152,0.0090774
2441,0.05978772,0.00578988
2441.25,0.0512892,0.00630072
2441.5,0.05687064,0.01038528
2441.75,0.06699456,0.01159596
2442,0.06151896,0.01149228
2442.25,0.06461424,0.00754056
2442.5,0.0730728,0.00696816
2442.75,0.0670356,0.01004724
2443,0.0714852,0.0103086
2443.25,0.06388632,0.01023624
2443.5,0.07000992,0.0113562
2443.75,0.06938028,0.01356372
2444,0.07100676,0.01191564
2444.25,0.0711342,0.0103032
2444.5,0.06899472,0.00986364
2444.75,0.06522876,0.01522476
2445,0.06309792,0.0118098
2445.25,0.06715548,0.0106704
2445.5,0.06376104,0.01135404
2445.75,0.06246828,0.01266948
2446,0.06087852,0.01488996
2446.25,0.06694272,0.01522368
2446.5,0.0615168,0.01573344
2446.75,0.06162696,0.01487268
2447,0.06741468,0.01442988
2447.25,0.06143904,0.01369656
2447.5,0.067932,0.01547208
2447.75,0.06517044,0.01364364
2448,0.06624612,0.01621728
2448.25,0.06374808,0.01320408
2448.5,0.05946156,0.01387044
2448.75,0.06172848,0.0148392
2449,0.06385824,0.01369656
2449.25,0.06558516,0.01363392
2449.5,0.06733908,0.0157518
2449.75,0.0675216,0.01403892
2450,0.06402888,0.01622484
2450.25,0.06679584,0.01617948
2450.5,0.0653778,0.0151578
2450.75,0.06566076,0.01376244
2451,0.0698598,0.017307
2451.25,0.065556,0.01253124
2451.5,0.06329772,0.01305612
2451.75,0.0629856,0.01337904
2452,0.0631476,0.01636956
2452.25,0.06647508,0.01469988
2452.5,0.06317244,0.01363824
2452.75,0.06219504,0.0138726
2453,0.06170688,0.01212408
2453.25,0.06012252,0.01166724
2453.5,0.06545232,0.01642896
2453.75,0.0693036,0.01920132
2454,0.06605496,0.01716552
2454.25,0.065394,0.01659636
2454.5,0.06571908,0.01399896
2454.75,0.06092604,0.01222236
2455,0.05102568,0.01009584
2455.25,0.04924692,0.01052784
2455.5,0.04898232,0.01033668
2455.75,0.05077836,0.00915624
2456,0.03235464,0.00709776
2456.25,0.03470472,0.00700056
2456.5,0.0373032,0.00582552
2456.75,0.04246668,0.00664632
2457,0.04864212,0.00531576
2457.25,0.04925664,0.0115992
2457.5,0.05268672,0.00640224
2457.75,0.04568724,0.00704808
2458,0.05369004,0.00727164
2458.25,0.05513724,0.00863568
2458.5,0.04372704,0.00599076
2458.75,0.03752244,0.00617004
2459,0.04190184,0.0090666
2459.25,0.044118,0.00843372
2459.5,0.04574016,0.00658368
2459.75,0.04785696,0.01001268
2460,0.04848984,0.01154088
2460.25,0.05450328,0.01175796
2460.5,0.04626936,0.00970164
2460.75,0.0558954,0.013338
2461,0.0479088,0.01589004
2461.25,0.06619644,0.01737828
2461.5,0.04590216,0.01188216
2461.75,0.05118444,0.01235736
2462,0.06076296,0.01629612
2462.25,0.06273288,0.01346112
2462.5,0.0564678,0.01421172
2462.75,0.07841448,0.02949804
2463,0.06182136,0.01350972
2463.25,0.07964244,0.01310796
2463.5,0.04895424,0.01082376
2463.75,0.05180544,0.00924696
2464,0.0567702,0.01059804
2464.25,0.0549018,0.00868428
2464.5,0.05285412,0.00800496
2464.75,0.05115204,0.00714312
2465,0.05848524,0.00836136
2465.25,0.05531004,0.00592488
2465.5,0.0661338,0.007992
2465.75,0.0642276,0.01011636
2466,0.06371784,0.01520424
2466.25,0.0612306,0.01369548
2466.5,0.06169608,0.007533
2466.75,0.0664524,0.0072792
2467,0.06991056,0.0088722
2467.25,0.07329528,0.00705024
2467.5,0.06954228,0.00675864
2467.75,0.0685746,0.00874692
2468,0.07275204,0.01248804
2468.25,0.071658,0.01083456
2468.5,0.06704424,0.01216188
2468.75,0.06716304,0.0127872
2469,0.06582276,0.01323864
2469.25,0.06725808,0.01235088
2469.5,0.06913836,0.0142614
2469.75,0.06988788,0.01358316
2470,0.07019028,0.01208196
2470.25,0.07347564,0.01398492
2470.5,0.06323724,0.01158192
2470.75,0.07034796,0.01758348
2471,0.07036308,0.01997136
2471.25,0.06762096,0.01516752
2471.5,0.07011468,0.017469
2471.75,0.0753894,0.02037312
2472,0.07126812,0.01741068
2472.25,0.0693846,0.0175014
2472.5,0.06232788,0.01667088
2472.75,0.06729048,0.01821528
2473,0.0708156,0.02118744
2473.25,0.06480432,0.01708452
2473.5,0.06523308,0.01836
2473.75,0.06550632,0.01494288
2474,0.06507972,0.01781676
2474.25,0.06977664,0.02435616
2474.5,0.07308144,0.02405268
2474.75,0.07105212,0.02353968
2475,0.07504812,0.02859192
2475.25,0.0668304,0.01824876
2475.5,0.07257816,0.02399868
2475.75,0.07022268,0.01765368
2476,0.0638064,0.01734372
2476.25,0.0661662,0.01819908
2476.5,0.05997888,0.01620972
2476.75,0.06171012,0.01510488
2477,0.06366168,0.01769472
2477.25,0.05896476,0.01734912
2477.5,0.06938892,0.0195372
2477.75,0.06342408,0.01322244
2478,0.06845904,0.01514376
2478.25,0.06595128,0.01235952
2478.5,0.06957684,0.01157652
2478.75,0.0602964,0.0161406
2479,0.06529356,0.0148878
2479.25,0.07781724,0.01132812
2479.5,0.09976284,0.01003104
2479.75,0.1188918,0.01009368
2480,0.11327796,0.00752868
2480.25,0.11353176,0.00540864
2480.5,0.14152428,0.00917136
2480.75,0.14702796,0.00736884
2481,0.14714784,0.00990684
2481.25,0.1536948,0.00949536
2481.5,0.16423128,0.00563868
2481.75,0.16722288,0.0025542
2482,0.17157636,0.00241812
2482.25,0.18205452,0.00759348
2482.5,0.14843844,0.00619596
2482.75,0.15278004,0.0067878
2483,0.1725462,0.0102384
2483.25,0.16924356,0.00600696
2483.5,0.17090352,0.00499608
2483.75,0.16400988,0.00596916
2484,0.1605744,0.01253772
2484.25,0.15068484,0.01114128
2484.5,0.17102448,0.01083348
2484.75,0.1604448,0.01627884
2485,0.1463022,0.01391364
2485.25,0.1538082,0.01344276
2485.5,0.20162196,0.01675188
2485.75,0.2463966,0.00860868
2486,0.27503712,0.00702324
2486.25,0.27772632,0.00489672
2486.5,0.25467804,0.00505008
2486.75,0.30441528,0.00771876
2487,0.29952828,0.00931176
2487.25,0.3061206,0.0097362
2487.5,0.28652292,0.00925668
2487.75,0.30835944,0.01617732
2488,0.29157408,0.01325376
2488.25,0.28469664,0.01550556
2488.5,0.2548476,0.01098468
2488.75,0.23249052,0.01104516
2489,0.23576076,0.01135188
2489.25,0.20209176,0.0075978
2489.5,0.1864566,0.00697356
2489.75,0.17747748,0.00673164
2490,0.1587546,0.00529956
2490.25,0.1505466,0.00463968
2490.5,0.1588788,0.0065556
2490.75,0.17028036,0.00573588
2491,0.20962908,0.01183248
2491.25,0.21437676,0.01319112
2491.5,0.2015712,0.00958608
2491.75,0.20836224,0.01027296
2492,0.20439324,0.01424844
2492.25,0.20551212,0.01191996
2492.5,0.21362508,0.01561032
2492.75,0.19677708,0.0147474
2493,0.18532908,0.0190458
2493.25,0.17678736,0.02275128
2493.5,0.15431256,0.01695924
2493.75,0.14315724,0.01696248
2494,0.12918852,0.02155896
2494.25,0.1092312,0.02109564
2494.5,0.08213832,0.01141452
2494.75,0.07514748,0.01173636
2495,0.0685746,0.01251396
2495.25,0.06771816,0.00998892
2495.5,0.06992244,0.01189836
2495.75,0.0745848,0.01445256
2496,0.06323616,0.00996408
2496.25,0.0652644,0.01345248
2496.5,0.06598152,0.01429164
2496.75,0.06377616,0.01237896
2497,0.06343056,0.01417932
2497.25,0.06441984,0.01316628
2497.5,0.06870744,0.01305288
2497.75,0.06910488,0.01709316
2498,0.06790068,0.014877
2498.25,0.06754644,0.01495044
2498.5,0.06780672,0.01427436
2498.75,0.06755292,0.0150552
2499,0.0679536,0.01623024
2499.25,0.06820092,0.0192618
2499.5,0.06857028,0.02030184
2499.75,0.06285276,0.01629612
2500,0.06524388,0.01626588
2500.25,0.06866424,0.01820772
2500.5,0.06337008,0.01784592
2500.75,0.0615816,0.01677456
2501,0.064881,0.0175662
2501.25,0.06331716,0.01562868
2501.5,0.06876144,0.01515348
2501.75,0.06772788,0.01511892
2502,0.07413552,0.0146718
2502.25,0.08344836,0.0147744
2502.5,0.06931656,0.01006452
2502.75,0.06960276,0.01135188
2503,0.06923124,0.01786536
2503.25,0.06998076,0.00945108
2503.5,0.08131644,0.00861516
2503.75,0.09897336,0.00699192
2504,0.08308872,0.00366984
2504.25,0.11043756,0.00616896
2504.5,0.12228732,0.0060264
2504.75,0.130923,0.00335232
2505,0.14576652,0.0066744
2505.25,0.15633,0.00724464
2505.5,0.154062,0.00727596
2505.75,0.15334272,0.00327996
2506,0.14701392,0.00458028
2506.25,0.15677064,0.00567
2506.5,0.13961052,0.0051624
2506.75,0.1448118,0.00485676
2507,0.16576056,0.00267948
2507.25,0.16926408,0.00489672
2507.5,0.17757036,0.00514296
2507.75,0.1646406,0.00355212
2508,0.15327792,0.01154412
2508.25,0.15127128,0.0114102
2508.5,0.14815332,0.0173178
2508.75,0.15751368,0.0236952
2509,0.14391,0.01612116
2509.25,0.14463468,0.01809324
2509.5,0.1943568,0.01628316
2509.75,0.24626916,0.02096712
2510,0.26422092,0.0141156
2510.25,0.27348408,0.01519668
2510.5,0.26830764,0.0180684
2510.75,0.28178712,0.01120284
2511,0.26850744,0.0064314
2511.25,0.25050276,0.00918
2511.5,0.2243214,0.01014012
2511.75,0.229122,0.01478628
2512,0.2250396,0.00411696
2512.25,0.22452336,0.00854712
2512.5,0.205281,0.00460296
2512.75,0.20313288,0.00467748
2513,0.20088108,0.00500904
2513.25,0.1773738,0.006912
2513.5,0.14945472,0.00552528
2513.75,0.157113,0.01108944
2514,0.15893172,0.01190052
2514.25,0.14214096,0.012042
2514.5,0.15954084,0.01020276
2514.75,0.16851348,0.00691416
2515,0.1903554,0.02018844
2515.25,0.2041794,0.01288656
2515.5,0.20599812,0.010692
2515.75,0.21924972,0.01417716
2516,0.22225428,0.02379132
2516.25,0.24012504,0.0297756
2516.5,0.20676816,0.01193508
2516.75,0.19935612,0.01142748
2517,0.20269764,0.01913112
2517.25,0.18089028,0.01707264
2517.5,0.16094052,0.01525392
2517.75,0.1593972,0.0281286
2518,0.12660516,0.01677996
2518.25,0.1070172,0.02274372
2518.5,0.08849088,0.01839456
2518.75,0.08332416,0.01794852
2519,0.07794036,0.01328076
2519.25,0.07708392,0.01471392
2519.5,0.07751052,0.01588356
2519.75,0.0830466,0.01457028
2520,0.08026344,0.01643004
2520.25,0.07818768,0.01134108
2520.5,0.06810912,0.01170936
2520.75,0.07364088,0.01399464
2521,0.07393032,0.01566972
2521.25,0.076626,0.01417068
2521.5,0.079947,0.02028132
2521.75,0.07367436,0.0158544
2522,0.07356204,0.018468
2522.25,0.07449624,0.01595484
2522.5,0.07557624,0.01602504
2522.75,0.07254684,0.0144666
2523,0.0722898,0.01420308
2523.25,0.07734312,0.02241648
2523.5,0.07601364,0.01576044
2523.75,0.07585704,0.012663
2524,0.07133724,0.01138752
2524.25,0.07137828,0.0089154
2524.5,0.06698592,0.0073062
2524.75,0.07023672,0.00937764
2525,0.06870204,0.00740016
2525.25,0.07092252,0.00654804
2525.5,0.07450488,0.007695
2525.75,0.0726948,0.00462348
2526,0.07215372,0.0046386
2526.25,0.07134372,0.00360612
2526.5,0.0747522,0.00682452
2526.75,0.0727704,0.0059238
2527,0.0578934,0.00527364
2527.25,0.07898148,0.0053352
2527.5,0.09579276,0.00414936
2527.75,0.10269936,0.00368712
2528,0.10432152,0.00193428
2528.25,0.1204038,0.00296892
2528.5,0.12844872,0.00503496
2528.75,0.14452128,0.0004752
2529,0.15038028,0.00094392
2529.25,0.15757308,0.00264816
2529.5,0.16763652,0.00300348
2529.75,0.17503776,0.00149688
2530,0.1685178,0.00490536
2530.25,0.17384976,0.0042498
2530.5,0.15097536,0.00026352
2530.75,0.15594336,0.00163512
2531,0.15812712,0.00050868
2531.25,0.171072,0.00211788
2531.5,0.16236612,0.00147096
2531.75,0.1450494,0.00435672
2532,0.14061384,0.00972
2532.25,0.14148648,0.01390068
2532.5,0.12360276,0.00724788
2532.75,0.14947092,0.0081486
2533,0.13227948,0.0184302
2533.25,0.1638414,0.02422656
2533.5,0.19488168,0.01553904
2533.75,0.2365146,0.01591596
2534,0.25513812,0.0097632
2534.25,0.26433756,0.00638604
2534.5,0.25140888,0.00796824
2534.75,0.26535708,0.00849204
2535,0.2552688,0.01643328
2535.25,0.25945272,0.01469772
2535.5,0.22454496,0.012717
2535.75,0.23171724,0.0111888
2536,0.2272752,0.00679752
2536.25,0.22287744,0.00860652
2536.5,0.21319308,0.00380808
2536.75,0.19763028,0.0060696
2537,0.18293364,0.00561276
2537.25,0.17648172,0.00714852
2537.5,0.15521328,0.00561276
2537.75,0.15324336,0.01015956
2538,0.15185124,0.0093582
2538.25,0.14714568,0.00977184
2538.5,0.16459416,0.0125604
2538.75,0.17087544,0.01448604
2539,0.19803096,0.01284336
2539.25,0.19864332,0.01854252
2539.5,0.19246032,0.00881604
2539.75,0.19386756,0.01388016
2540,0.20245896,0.016821
2540.25,0.19194948,0.02085804
2540.5,0.17929188,0.01627236
2540.75,0.15970392,0.018036
2541,0.15251544,0.02227824
2541.25,0.14175432,0.02493396
2541.5,0.13708224,0.02119068
2541.75,0.12971988,0.020736
2542,0.10669428,0.0193698
2542.25,0.09018972,0.01664712
2542.5,0.08539992,0.0118206
2542.75,0.0701784,0.01192428
2543,0.06843852,0.01772928
2543.25,0.0681102,0.01816452
2543.5,0.07374348,0.01759968
2543.75,0.07115904,0.01847556
2544,0.07294968,0.02205684
2544.25,0.07095276,0.02113128
2544.5,0.06379884,0.01619244
2544.75,0.06607548,0.01521936
2545,0.07048188,0.01995408
2545.25,0.06897312,0.02150496
2545.5,0.0743472,0.0221562
2545.75,0.06500628,0.01610604
2546,0.07343136,0.0166698
2546.25,0.06638112,0.0118368
2546.5,0.06526116,0.01083888
2546.75,0.07107048,0.01748088
2547,0.0658314,0.01293192
2547.25,0.0688284,0.01295136
2547.5,0.0688878,0.01261548
2547.75,0.07144632,0.01546884
2548,0.0622188,0.01190592
2548.25,0.0714096,0.014877
2548.5,0.0599562,0.01183572
2548.75,0.06319188,0.01443852
2549,0.06652044,0.01066716
2549.25,0.0673488,0.01056564
2549.5,0.06605712,0.01053972
2549.75,0.06954876,0.01164996
2550,0.07422084,0.01478628
2550.25,0.06607116,0.00644652
2550.5,0.07445304,0.0093582
2550.75,0.06516828,0.01067688
2551,0.073737,0.00823392
2551.25,0.06786828,0.00770688
2551.5,0.094257,0.00456516
2551.75,0.103545,0.005805
2552,0.10097352,0.0083754
2552.25,0.1114992,0.00643788
2552.5,0.13314132,0.01192536
2552.75,0.1518102,0.00856548
2553,0.16536744,0.00649296
2553.25,0.17104284,0.00432648
2553.5,0.17589312,0.00715608
2553.75,0.17677332,0.00192672
2554,0.170775,0.0042282
2554.25,0.16548084,0.00323244
2554.5,0.1458594,0.0070848
2554.75,0.14351904,0.0008424
2555,0.16735356,0.00267732
2555.25,0.16346124,0.00524016
2555.5,0.16890876,0.00505764
2555.75,0.15516036,0.0086184
2556,0.14820732,0.00556308
2556.25,0.14359248,0.0058482
2556.5,0.13310892,0.02002428
2556.75,0.14633136,0.0111888
2557,0.12925116,0.00981504
2557.25,0.14991048,0.01588248
2557.5,0.18128556,0.01779948
2557.75,0.20842488,0.01074708
2558,0.22963284,0.00732024
2558.25,0.22082328,0.00383616
2558.5,0.22293036,0.00573156
2558.75,0.2440422,0.00942192
2559,0.23554692,0.00827064
2559.25,0.24081948,0.01055592
2559.5,0.20570328,0.00667764
2559.75,0.21623976,0.00905256
2560,0.20325924,0.00964656
2560.25,0.1873854,0.00953316
2560.5,0.16074288,0.00479952
2560.75,0.15268608,0.0018306
2561,0.1314198,0.00020304
2561.25,0.13314348,0.00065772
2561.5,0.12779856,0.00122472
2561.75,0.12886344,0.00224748
2562,0.11516148,0.005049
2562.25,0.11594556,0.0063126
2562.5,0.12032712,0.0048006
2562.75,0.12982032,0.00550152
2563,0.14255784,0.003834
2563.25,0.142155,0.0038232
2563.5,0.16025688,0.00442584
2563.75,0.1536192,0.00807516
2564,0.14350284,0.00663768
2564.25,0.1269972,0.0072144
2564.5,0.13700664,0.01035396
2564.75,0.1126332,0.007263
2565,0.11409012,0.0080838
2565.25,0.10490796,0.00939924
2565.5,0.09948204,0.00920592
2565.75,0.0989442,0.0134298
2566,0.09006984,0.01072116
2566.25,0.07948368,0.00865836
2566.5,0.07130052,0.01032912
2566.75,0.06214104,0.01268028
2567,0.06540264,0.01353672
2567.25,0.06763824,0.01490292
2567.5,0.0676566,0.01468152
2567.75,0.07164504,0.02136348
2568,0.06420924,0.01283688
2568.25,0.06521796,0.01500444
2568.5,0.06634332,0.01547208
2568.75,0.06170364,0.0135702
2569,0.0618732,0.00728784
2569.25,0.06365196,0.00607824
2569.5,0.06739956,0.00762372
2569.75,0.06057396,0.00744984
2570,0.06414012,0.0082458
2570.25,0.06502788,0.00836676
2570.5,0.07037064,0.01516428
2570.75,0.06946236,0.00942732
2571,0.0652266,0.0089964
2571.25,0.0648594,0.00904392
2571.5,0.06383664,0.010179
2571.75,0.06990624,0.01363392
2572,0.06283548,0.00852876
2572.25,0.06329448,0.01001592
2572.5,0.063774,0.01438992
2572.75,0.05799384,0.00745308
2573,0.06281388,0.01011096
2573.25,0.06312816,0.00989712
2573.5,0.06768684,0.0109728
2573.75,0.0634122,0.00882144
2574,0.06089472,0.01077948
2574.25,0.06508512,0.01148472
2574.5,0.0636336,0.00961956
2574.75,0.0647946,0.01102356
2575,0.06261192,0.0131328
2575.25,0.05278392,0.0079272
2575.5,0.0514458,0.00806868
2575.75,0.05180328,0.00686556
2576,0.03469824,0.00532008
2576.25,0.03507084,0.00592272
2576.5,0.03716712,0.00594432
2576.75,0.03995244,0.0053946
2577,0.04373676,0.00618624
2577.25,0.0432108,0.00699948
2577.5,0.0492966,0.00604692
2577.75,0.0517914,0.00525528
2578,0.0462294,0.00491724
2578.25,0.04709448,0.00663012
2578.5,0.02924532,0.00432756
2578.75,0.03074868,0.00433296
2579,0.03508596,0.00556848
2579.25,0.0421902,0.00638496
2579.5,0.0425304,0.00587196
2579.75,0.04501548,0.006912
2580,0.04873284,0.00739152
2580.25,0.05101704,0.01122876
2580.5,0.04496364,0.00660636
2580.75,0.0493992,0.007371
2581,0.0366606,0.00576936
2581.25,0.037476,0.00492264
2581.5,0.04567752,0.00816156
2581.75,0.05014872,0.00970272
2582,0.0502794,0.00660096
2582.25,0.04519692,0.00633096
2582.5,0.0443502,0.00651564
2582.75,0.0486486,0.00679104
2583,0.05646564,0.00688608
2583.25,0.05464692,0.0077058
2583.5,0.04134132,0.00624564
2583.75,0.04505328,0.0059832
2584,0.045765,0.00614412
2584.25,0.0506412,0.00618732
2584.5,0.05285844,0.004023
2584.75,0.0538272,0.00458784
2585,0.0565758,0.00631476
2585.25,0.05699052,0.00684396
2585.5,0.06133536,0.0079812
2585.75,0.06111288,0.00740448
2586,0.05691168,0.00978804
2586.25,0.06476652,0.01295028
2586.5,0.06430104,0.00739584
2586.75,0.0667008,0.00653616
2587,0.06900552,0.00617436
2587.25,0.07364952,0.0074412
2587.5,0.06684336,0.006858
2587.75,0.0695952,0.00702972
2588,0.06640272,0.00877932
2588.25,0.07050132,0.01052568
2588.5,0.0682182,0.01074708
2588.75,0.06781104,0.00883332
2589,0.07298964,0.01455948
2589.25,0.0628722,0.00897588
2589.5,0.06202764,0.00984744
2589.75,0.07049268,0.0129546
2590,0.06036768,0.0107514
2590.25,0.06189804,0.0129006
2590.5,0.06194232,0.01324404
2590.75,0.06210648,0.0140832
2591,0.06651396,0.01651968
2591.25,0.07071516,0.0158868
2591.5,0.06657552,0.01583496
2591.75,0.0634608,0.01448928
2592,0.06650748,0.0148824
2592.25,0.065232,0.01785888
2592.5,0.06220476,0.0137322
2592.75,0.05902524,0.01171152
2593,0.06370596,0.00798444
2593.25,0.05816232,0.00838188
2593.5,0.06666408,0.01234224
2593.75,0.06342516,0.00983664
2594,0.06453648,0.01158516
2594.25,0.05749272,0.01053
2594.5,0.06012144,0.00883548
2594.75,0.05543532,0.00977832
2595,0.05829408,0.0107136
2595.25,0.05747004,0.00752004
2595.5,0.05785128,0.01097388
2595.75,0.06174468,0.0102546
2596,0.05779944,0.00874368
2596.25,0.05945832,0.0126846
2596.5,0.06113772,0.01282716
2596.75,0.05717196,0.0086724
2597,0.0546912,0.00803412
2597.25,0.06266916,0.009045
2597.5,0.06717168,0.00955368
2597.75,0.0586062,0.0077868
2598,0.05901228,0.00624132
2598.25,0.05809968,0.00590328
2598.5,0.05816016,0.00708264
2598.75,0.06101676,0.00643896
2599,0.05896476,0.00700812
2599.25,0.0527634,0.00616464
2599.5,0.0471312,0.006048
2599.75,0.04925448,0.0056052
2600,0.03558708,0.0068904
2600.25,0.03284928,0.00376812
2600.5,0.0344844,0.00409104
2600.75,0.0389016,0.00321516
2601,0.04308444,0.00257796
2601.25,0.04075488,0.00325296
2601.5,0.04586004,0.00478332
2601.75,0.05173308,0.005562
2602,0.04990464,0.00549396
2602.25,0.05243508,0.0074952
2602.5,0.0278262,0.00478872
2602.75,0.02699352,0.00403056
2603,0.03174984,0.00456408
2603.25,0.04206168,0.00754056
2603.5,0.04345272,0.00767124
2603.75,0.04159296,0.008883
2604,0.04417956,0.00808056
2604.25,0.04258224,0.00774252
2604.5,0.04100004,0.00600264
2604.75,0.04029912,0.00697896
2605,0.02760804,0.00579096
2605.25,0.0290628,0.0080028
2605.5,0.036315,0.00802008
2605.75,0.04454136,0.01290276
2606,0.0482382,0.01464912
2606.25,0.04753512,0.01127088
2606.5,0.04492044,0.0087966
2606.75,0.04872636,0.01187784
2607,0.04202928,0.0074898
2607.25,0.04926204,0.01194048
2607.5,0.03621348,0.00642168
2607.75,0.03697488,0.0066582
2608,0.04093956,0.0055188
2608.25,0.04443552,0.0057024
2608.5,0.03866508,0.00341928
2608.75,0.04008312,0.00317412
2609,0.04817556,0.00288252
2609.25,0.04169664,0.00151416
2609.5,0.04385772,0.00362124
2609.75,0.04456296,0.00320868
2610,0.04112424,0.00240516
2610.25,0.04606416,0.00496476
2610.5,0.05598396,0.00664956
2610.75,0.05390928,0.00501552
2611,0.05902848,0.00487836
2611.25,0.05530464,0.00404892
2611.5,0.0557064,0.00512784
2611.75,0.06318756,0.01276344
2612,0.06468444,0.01237356
2612.25,0.0624132,0.01148256
2612.5,0.06313464,0.01395252
2612.75,0.05846148,0.01416636
2613,0.061803,0.01731132
2613.25,0.0618354,0.00998568
2613.5,0.05687604,0.00991872
2613.75,0.05754132,0.0108864
2614,0.05636736,0.01111644
2614.25,0.05360796,0.01116936
2614.5,0.05163372,0.01248372
2614.75,0.05027616,0.010746
2615,0.05328936,0.01082592
2615.25,0.06410232,0.01988928
2615.5,0.06572016,0.01711368
2615.75,0.065043,0.01745604
2616,0.06652692,0.01998432
2616.25,0.06641028,0.01921536
2616.5,0.05817096,0.00970704
2616.75,0.05715576,0.00837432
2617,0.05921964,0.00963144
2617.25,0.0599886,0.01013148
2617.5,0.0634878,0.01134648
2617.75,0.06289812,0.01297188
2618,0.0631908,0.01287468
2618.25,0.06176412,0.01121364
2618.5,0.06412068,0.01368468
2618.75,0.06388524,0.01449684
2619,0.06245208,0.01541808
2619.25,0.05864184,0.01212948
2619.5,0.05766336,0.01287036
2619.75,0.058671,0.01411992
2620,0.05562324,0.01229148
2620.25,0.05562972,0.01408752
2620.5,0.0522558,0.01252476
2620.75,0.057078,0.01418364
2621,0.05842584,0.01533384
2621.25,0.05856948,0.01557144
2621.5,0.06308496,0.01728432
2621.75,0.06156108,0.0157464
2622,0.06724296,0.02058264
2622.25,0.06294996,0.01994868
2622.5,0.06315084,0.0188892
2622.75,0.0537192,0.01291896
2623,0.0465318,0.01084536
2623.25,0.04301532,0.00710964
2623.5,0.04145472,0.00669492
2623.75,0.04179276,0.00634068
2624,0.02771064,0.00534276
2624.25,0.02755404,0.00491292
2624.5,0.0311094,0.0055836
2624.75,0.03765312,0.00846288
2625,0.0409644,0.01208412
2625.25,0.04151844,0.01011096
2625.5,0.04481136,0.013203
2625.75,0.05145984,0.01401084
2626,0.0461052,0.01057212
2626.25,0.04682232,0.01181736
2626.5,0.02709288,0.0111078
2626.75,0.0317952,0.01127736
2627,0.03758076,0.00716148
2627.25,0.04319568,0.00759132
2627.5,0.05321052,0.01033128
2627.75,0.05379804,0.00982044
2628,0.04761936,0.00790344
2628.25,0.048492,0.00753732
2628.5,0.04972536,0.0074628
2628.75,0.04663764,0.00756
2629,0.0355158,0.00735696
2629.25,0.03639816,0.00533736
2629.5,0.04279716,0.00627156
2629.75,0.04741308,0.0068904
2630,0.04630392,0.00686556
2630.25,0.04378536,0.00591732
2630.5,0.0451494,0.00509436
2630.75,0.04720788,0.00531468
2631,0.04783212,0.00529092
2631.25,0.04995108,0.00590652
2631.5,0.03870072,0.00648216
2631.75,0.04010904,0.0058644
2632,0.04174092,0.00533196
2632.25,0.04223124,0.00420336
2632.5,0.03914784,0.00350892
2632.75,0.03827628,0.0026622
2633,0.04525308,0.002133
2633.25,0.04633416,0.00217944
2633.5,0.0543672,0.0028674
2633.75,0.05124276,0.00264384
2634,0.04631796,0.00224748
2634.25,0.05471064,0.0028944
2634.5,0.05620104,0.00345168
2634.75,0.06090552,0.00314064
2635,0.0617922,0.00414612
2635.25,0.05719896,0.0033102
2635.5,0.05854248,0.00530496
2635.75,0.05746032,0.00570024
2636,0.059589,0.00517428
2636.25,0.06458184,0.00670464
2636.5,0.06639084,0.00840024
2636.75,0.06599448,0.00923292
2637,0.06300288,0.01009152
2637.25,0.05889348,0.00960984
2637.5,0.06128136,0.00997056
2637.75,0.06282792,0.0098766
2638,0.0607824,0.01136592
2638.25,0.06036336,0.00981288
2638.5,0.05327964,0.00925668
2638.75,0.0549018,0.0086832
2639,0.0581904,0.009855
2639.25,0.06380532,0.01370628
2639.5,0.06078132,0.01149228
2639.75,0.05891832,0.01132272
2640,0.05846688,0.01122228
2640.25,0.06039792,0.01285416
2640.5,0.05442984,0.01178496
2640.75,0.05517504,0.01179252
2641,0.05790636,0.01122984
2641.25,0.056943,0.01213596
2641.5,0.05777352,0.01181952
2641.75,0.0604422,0.01292544
2642,0.0609282,0.01343304
2642.25,0.064017,0.01495476
2642.5,0.06150924,0.01336068
2642.75,0.05779944,0.01135836
2643,0.05840316,0.01221912
2643.25,0.0594486,0.01273536
2643.5,0.06000912,0.01373436
2643.75,0.05933412,0.01330128
2644,0.05571504,0.01409508
2644.25,0.05577228,0.0134622
2644.5,0.05299884,0.0126252
2644.75,0.05457348,0.01416744
2645,0.05403888,0.0120528
2645.25,0.05403996,0.01203876
2645.5,0.05910408,0.01547424
2645.75,0.05661036,0.01443528
2646,0.06179544,0.01199988
2646.25,0.06091308,0.0162108
2646.5,0.06296508,0.01572048
2646.75,0.06059016,0.01443744
2647,0.049653,0.0140832
2647.25,0.04408668,0.01241028
2647.5,0.04554036,0.01196424
2647.75,0.04631688,0.00905904
2648,0.02908548,0.00961956
2648.25,0.03136752,0.00910656
2648.5,0.0313362,0.00921024
2648.75,0.0368226,0.00979236
2649,0.04402728,0.01650888
2649.25,0.04476492,0.01720116
2649.5,0.04827816,0.01680048
2649.75,0.04832784,0.0168642
2650,0.04454568,0.01155924
2650.25,0.0498582,0.01728324
2650.5,0.03288168,0.01357236
2650.75,0.034614,0.01272456
2651,0.03496932,0.01055052
2651.25,0.03630096,0.00890568
2651.5,0.04779108,0.01347408
2651.75,0.04794876,0.01472148
2652,0.04947912,0.01314252
2652.25,0.0488808,0.01173744
2652.5,0.04738284,0.012042
2652.75,0.04830084,0.01430136
2653,0.03292812,0.01244484
2653.25,0.0348894,0.01410048
2653.5,0.0421254,0.01215216
2653.75,0.0458568,0.01378404
2654,0.04340196,0.01293948
2654.25,0.04787748,0.01366092
2654.5,0.04570236,0.00956556
2654.75,0.046359,0.01000836
2655,0.0449712,0.00842076
2655.25,0.04630068,0.00861624
2655.5,0.0362016,0.0074412
2655.75,0.03441528,0.0063288
2656,0.0353106,0.005778
2656.25,0.03896964,0.004131
2656.5,0.03804192,0.0030294
2656.75,0.03926448,0.00322596
2657,0.04051296,0.00234036
2657.25,0.04164696,0.00205092
2657.5,0.0423954,0.00215244
2657.75,0.04821552,0.00189972
2658,0.04525092,0.00137052
2658.25,0.0495288,0.00376596
2658.5,0.0659988,0.0061884
2658.75,0.06950664,0.01304316
2659,0.06885756,0.0142992
2659.25,0.06068412,0.01109376
2659.5,0.06118524,0.00887328
2659.75,0.06089904,0.0082404
2660,0.06036552,0.00864108
2660.25,0.05794632,0.01047384
2660.5,0.06181812,0.0111132
2660.75,0.06819444,0.01569348
2661,0.06243048,0.01304208
2661.25,0.0608418,0.00987444
2661.5,0.05999832,0.01102356
2661.75,0.06759936,0.0152928
2662,0.06022728,0.00875124
2662.25,0.0542106,0.0100278
2662.5,0.06011604,0.01440936
2662.75,0.064287,0.01719468
2663,0.05779944,0.01338228
2663.25,0.06494796,0.0145044
2663.5,0.06508728,0.00660528
2663.75,0.06237108,0.00375948
2664,0.05809428,0.00139212
2664.25,0.0552366,5.184e-05
2664.5,0.049086,-0.00018792
2664.75,0.04845636,-0.00058536
2665,0.05413284,0.00160596
2665.25,0.05991084,0.00229068
2665.5,0.06243588,0.00197532
2665.75,0.05581548,0.00283608
2666,0.055512,0.00184464
2666.25,0.05622264,0.00205092
2666.5,0.06369408,0.00262548
2666.75,0.05586624,0.0026784
2667,0.06463152,0.00772308
2667.25,0.06444468,0.00921132
2667.5,0.06337548,0.00895968
2667.75,0.06070248,0.00768096
2668,0.0619812,0.00827712
2668.25,0.05796468,0.006318
2668.5,0.05474196,0.00469908
2668.75,0.05655312,0.00828468
2669,0.05526576,0.0053838
2669.25,0.05938812,0.006642
2669.5,0.05745168,0.00606528
2669.75,0.05745924,0.00635796
2670,0.0643572,0.00560304
2670.25,0.06166908,0.00596376
2670.5,0.06145524,0.0044658
2670.75,0.06349104,0.00257472
2671,0.07269264,0.00256824
2671.25,0.0697248,0.00159516
2671.5,0.08980524,0.00214704
2671.75,0.11448972,0.01052568
2672,0.10605492,0.006318
2672.25,0.12196224,0.00310068
2672.5,0.13646772,0.00582552
2672.75,0.13967424,0.00265464
2673,0.14037408,0.004239
2673.25,0.14720724,0.00102168
2673.5,0.1586142,0.0015768
2673.75,0.14126292,0.00182844
2674,0.15531048,0.0100926
2674.25,0.15511824,0.00432216
2674.5,0.12945744,0.00999
2674.75,0.12187152,0.0022626
2675,0.14566176,0.00216756
2675.25,0.14354388,0.00593244
2675.5,0.15320448,0.0091692
2675.75,0.15863904,0.00446688
2676,0.14013972,0.00669816
2676.25,0.14026176,0.01082916
2676.5,0.13441572,0.01173528
2676.75,0.13722048,0.010692
2677,0.12493872,0.01522044
2677.25,0.14332248,0.01479924
2677.5,0.16839144,0.011988
2677.75,0.1870506,0.01369764
2678,0.20858364,0.00999756
2678.25,0.20706732,0.00169236
2678.5,0.20875104,0.00305856
2678.75,0.21257316,-0.00241164
2679,0.22425228,0.00072468
2679.25,0.21080844,0.00458352
2679.5,0.183573,0.00903528
2679.75,0.19697796,0.00076248
2680,0.16555644,-0.00067932
2680.25,0.17230968,-0.00161784
2680.5,0.17976708,0.00025704
2680.75,0.16928136,-0.00044712
2681,0.16319772,0.00413964
2681.25,0.14291748,0.00132948
2681.5,0.15561504,0.00375516
2681.75,0.14570064,0.00717984
2682,0.13739004,0.01087128
2682.25,0.14653116,0.00831276
2682.5,0.16813008,0.00764856
2682.75,0.1537488,0.00520344
2683,0.17851428,0.00510732
2683.25,0.13816224,0.00495288
2683.5,0.17129448,0.00368388
2683.75,0.15829344,0.00588924
2684,0.16675956,0.00329076
2684.25,0.14113764,0.0065448
2684.5,0.1434996,0.0059076
2684.75,0.1573452,0.01023624
2685,0.14524704,0.00951156
2685.25,0.13259268,0.005535
2685.5,0.13291236,0.00893376
2685.75,0.1089558,0.011367
2686,0.09866124,0.00931284
2686.25,0.09763524,0.01013472
2686.5,0.08177004,0.011799
2686.75,0.07085556,0.01173636
2687,0.06513912,0.01299024
2687.25,0.06360012,0.01626156
2687.5,0.06736716,0.01675404
2687.75,0.06511968,0.0168696
2688,0.06552144,0.01962684
2688.25,0.0661014,0.01673352
2688.5,0.06470604,0.01369116
2688.75,0.0663282,0.01153872
2689,0.0683208,0.01351836
2689.25,0.06075648,0.01273644
2689.5,0.07352748,0.01709532
2689.75,0.07225416,0.01896048
2690,0.07060608,0.01357344
2690.25,0.0699516,0.01739124
2690.5,0.07065036,0.0128736
2690.75,0.07457616,0.01843992
2691,0.06522228,0.01251936
2691.25,0.06852708,0.0115182
2691.5,0.0665496,0.00729432
2691.75,0.06976908,0.0091476
2692,0.06287976,0.00660852
2692.25,0.06081048,0.00604908
2692.5,0.05499036,0.00570996
2692.75,0.05883732,0.0074898
2693,0.06468444,0.0078894
2693.25,0.06086988,0.00680184
2693.5,0.06551172,0.0070254
2693.75,0.06405372,0.0057078
2694,0.07592832,0.0076788
2694.25,0.06987168,0.00578124
2694.5,0.07586676,0.00619596
2694.75,0.069255,0.0036234
2695,0.07039872,0.01171476
2695.25,0.07464852,0.01132272
2695.5,0.08399592,0.00510084
2695.75,0.10836288,0.00925344
2696,0.10701288,0.00910224
2696.25,0.1167264,0.00646272
2696.5,0.12959136,0.00677808
2696.75,0.12942936,0.00426816
2697,0.13235076,0.00651024
2697.25,0.13936644,-0.00049788
2697.5,0.1556982,0.00436752
2697.75,0.15247872,-0.000864
2698,0.15582024,0.00136296
2698.25,0.14607432,0.0061614
2698.5,0.13387464,0.008181
2698.75,0.1357776,0.0112752
2699,0.16042428,0.00541404
2699.25,0.15077664,0.00437616
2699.5,0.15253488,0.00761076
2699.75,0.13062708,0.00435672
2700,0.13528836,0.00396468
2700.25,0.1321002,0.00845856
2700.5,0.12291156,0.0048006
2700.75,0.12174516,0.00325944
2701,0.10958004,0.0060102
2701.25,0.12542364,0.01229472
2701.5,0.14866956,0.00918432
2701.75,0.18073692,0.00512676
2702,0.20778228,0.00688068
2702.25,0.20285424,0.00441936
2702.5,0.22228344,0.00512568
2702.75,0.23270328,0.00390096
2703,0.21931128,0.00374976
2703.25,0.22198752,0.00341064
2703.5,0.21122964,0.00576396
2703.75,0.20553048,0.00308988
2704,0.18708084,0.00049032
2704.25,0.18870408,0.00275832
2704.5,0.1760616,0.00164268
2704.75,0.18458388,0.00474768
2705,0.17912448,0.00764532
2705.25,0.15724476,0.00373356
2705.5,0.16353684,0.0049572
2705.75,0.15430824,0.00228528
2706,0.14104152,0.00674136
2706.25,0.13143276,0.00742824
2706.5,0.15713568,0.00895428
2706.75,0.15975792,0.0047196
2707,0.1895616,0.00663768
2707.25,0.1530306,0.00267624
2707.5,0.1879308,0.00253584
2707.75,0.1727298,0.00101088
2708,0.18348012,0.00433944
2708.25,0.16470756,0.00600588
2708.5,0.1674594,0.00409644
2708.75,0.13575384,0.00354132
2709,0.1569834,0.00804168
2709.25,0.13729608,0.00484164
2709.5,0.1129572,0.00479628
2709.75,0.10655712,0.00673488
2710,0.09704124,0.00941544
2710.25,0.0870048,0.00987984
2710.5,0.0790128,0.01194804
2710.75,0.06482268,0.01120932
2711,0.06447924,0.01306692
2711.25,0.07026156,0.01531224
2711.5,0.07163856,0.01661364
2711.75,0.07462692,0.02034288
2712,0.07018272,0.0200934
2712.25,0.06446844,0.0116316
2712.5,0.06289704,0.01090368
2712.75,0.066582,0.01044792
2713,0.06469848,0.01083024
2713.25,0.06282684,0.00981072
2713.5,0.07075188,0.01443636
2713.75,0.06697512,0.00976536
2714,0.0663876,0.01225368
2714.25,0.06424272,0.0127764
2714.5,0.07099056,0.01066716
2714.75,0.06911352,0.01470096
2715,0.0598482,0.01125144
2715.25,0.06538536,0.01293732
2715.5,0.0630882,0.01311012
2715.75,0.06409476,0.01395684
2716,0.06149628,0.01435752
2716.25,0.06632604,0.01363392
2716.5,0.05599692,0.00946944
2716.75,0.0595728,0.0119016
2717,0.06337548,0.01147716
2717.25,0.06106428,0.01123416
2717.5,0.06415524,0.01095228
2717.75,0.06932628,0.01323864
2718,0.0707616,0.00998244
2718.25,0.07348968,0.01094904
2718.5,0.06930576,0.00912492
2718.75,0.06582924,0.00784188
2719,0.07648128,0.00609876
2719.25,0.08533512,0.01013148
2719.5,0.09484128,0.00695736
2719.75,0.11505348,0.00527364
2720,0.10241964,0.00359532
2720.25,0.1120392,0.00267408
2720.5,0.13385088,0.0036774
2720.75,0.13435848,0.00272808
2721,0.1507788,0.00156492
2721.25,0.1607094,0.0029592
2721.5,0.16223868,0.00134784
2721.75,0.15678792,0.00310932
2722,0.16697664,0.00635256
2722.25,0.17264664,0.00387828
2722.5,0.14423292,0.00576936
2722.75,0.15703848,0.00580284
2723,0.17961696,0.00709884
2723.25,0.1808406,0.00948456
2723.5,0.18129096,0.01087452
2723.75,0.15949224,0.0058968
2724,0.1512972,0.00545832
2724.25,0.1612494,0.00211032
2724.5,0.16550568,0.00655128
2724.75,0.15667452,0.00736452
2725,0.13789116,0.0080568
2725.25,0.13319316,0.01332612
2725.5,0.16544628,0.00519048
2725.75,0.20195784,0.00550692
2726,0.22069908,0.00333936
2726.25,0.23524236,-0.00067284
2726.5,0.23715072,0.00131004
2726.75,0.25077168,0.00409536
2727,0.23604264,0.00723816
2727.25,0.2474334,0.0066852
2727.5,0.17906724,0.00078408
2727.75,0.173799,0.00363852
2728,0.20501856,0.00248184
2728.25,0.21239388,0.00207684
2728.5,0.18618552,0.00326808
2728.75,0.15600924,0.00317412
2729,0.13523652,0.00207144
2729.25,0.157329,0.01021788
2729.5,0.1658718,0.01314252
2729.75,0.15729768,0.00786024
2730,0.1448334,0.00629532
2730.25,0.15412248,0.01542456
2730.5,0.18003816,0.01131624
2730.75,0.1493046,0.00661932
2731,0.16890876,0.00831708
2731.25,0.19700496,0.00966816
2731.5,0.19357488,0.01446444
2731.75,0.20604024,0.01365228
2732,0.19608264,0.01410048
2732.25,0.20231532,0.01377972
2732.5,0.19038348,0.01687392
2732.75,0.14015808,0.01617516
2733,0.16695936,0.019899
2733.25,0.12779964,0.01391904
2733.5,0.14102748,0.01395468
2733.75,0.121014,0.0133218
2734,0.10755936,0.01311876
2734.25,0.08856,0.0136782
2734.5,0.07536456,0.01103976
2734.75,0.07188804,0.01269216
2735,0.06607872,0.01290168
2735.25,0.06962976,0.01460376
2735.5,0.06766524,0.014904
2735.75,0.07118064,0.01603476
2736,0.06295212,0.01348596
2736.25,0.0596214,0.01302048
2736.5,0.06004044,0.01283256
2736.75,0.06458832,0.01824336
2737,0.0648756,0.01765584
2737.25,0.06456132,0.02033208
2737.5,0.06692652,0.01826388
2737.75,0.06934896,0.01471824
2738,0.06751944,0.01812132
2738.25,0.06641244,0.01381968
2738.5,0.0619542,0.01199448
2738.75,0.06722568,0.01296648
2739,0.06149628,0.01404432
2739.25,0.0635904,0.01452168
2739.5,0.06020352,0.01128924
2739.75,0.06648372,0.0122742
2740,0.06142716,0.01375056
2740.25,0.06939432,0.01640196
2740.5,0.058995,0.01284552
2740.75,0.05970348,0.01404324
2741,0.05998752,0.01050948
2741.25,0.06208812,0.00963576
2741.5,0.06425892,0.00968652
2741.75,0.0647028,0.01001808
2742,0.06673428,0.0095202
2742.25,0.07167528,0.00851364
2742.5,0.07307172,0.009207
2742.75,0.077301,0.00995868
2743,0.07377156,0.00507276
2743.25,0.07883568,0.0067392
2743.5,0.092961,0.00391824
2743.75,0.10717812,0.00356616
2744,0.09937944,0.00285768
2744.25,0.1076436,0.0023922
2744.5,0.1254258,-0.00065448
2744.75,0.14896224,0.0011232
2745,0.15364728,0.00114912
2745.25,0.14956704,0.00603396
2745.5,0.14950548,7.668e-05
2745.75,0.16963776,0.00611712
2746,0.16100964,0.00947268
2746.25,0.15947496,0.00433188
2746.5,0.14491764,0.0003672
2746.75,0.13285188,4.32e-06
2747,0.15462576,-0.00060048
2747.25,0.16233588,0.0021546
2747.5,0.16585452,0.00408672
2747.75,0.15260292,0.0048978
2748,0.13923144,0.00631584
2748.25,0.12325284,0.00324648
2748.5,0.12547656,0.00589572
2748.75,0.12716892,0.00951912
2749,0.11482452,0.013635
2749.25,0.12682548,0.00949428
2749.5,0.16512336,0.00973728
2749.75,0.1633338,0.00512028
2750,0.20569464,0.01179252
2750.25,0.22052736,0.00413856
2750.5,0.19201968,0.0009828
2750.75,0.21678192,0.00326808
2751,0.23761728,0.00427788
2751.25,0.229392,0.00453276
2751.5,0.20555424,0.00334152
2751.75,0.1771416,0.00686124
2752,0.18720828,0.00232308
2752.25,0.17895816,0.00447876
2752.5,0.1693926,0.00502416
2752.75,0.16385868,0.00097848
2753,0.17505072,0.00547128
2753.25,0.16396776,0.00887436
2753.5,0.15384492,0.00259848
2753.75,0.13638132,0.01027944
2754,0.12647988,0.00296136
2754.25,0.13919472,0.00595836
2754.5,0.14856912,0.00549612
2754.75,0.18527508,0.01829304
2755,0.1821258,0.0116262
2755.25,0.15004224,0.00734292
2755.5,0.16966368,0.0107622
2755.75,0.17595252,0.00677268
2756,0.16402176,0.00854064
2756.25,0.14132556,0.00928908
2756.5,0.13711356,0.00659988
2756.75,0.12501972,0.00787212
2757,0.13605624,0.01349892
2757.25,0.11828484,0.01037988
2757.5,0.09745596,0.0058374
2757.75,0.09133884,0.00922644
2758,0.09557568,0.00921132
2758.25,0.07877952,0.01171152
2758.5,0.06948288,0.01312956
2758.75,0.06292512,0.01505196
2759,0.06542748,0.01305936
2759.25,0.0617112,0.0102438
2759.5,0.06658632,0.0113616
2759.75,0.06676452,0.01109052
2760,0.07365924,0.01573128
2760.25,0.07411176,0.01512432
2760.5,0.0605232,0.01136916
2760.75,0.06252444,0.01076004
2761,0.0668196,0.0086616
2761.25,0.0613602,0.00993168
2761.5,0.06809832,0.01146852
2761.75,0.06780888,0.01327536
2762,0.0688824,0.01732104
2762.25,0.0618678,0.00973944
2762.5,0.06506352,0.01223532
2762.75,0.063558,0.01301724
2763,0.06433452,0.01118988
2763.25,0.0636066,0.01262412
2763.5,0.06498576,0.01337148
2763.75,0.07293024,0.01977264
2764,0.06963084,0.01915812
2764.25,0.06600528,0.01345572
2764.5,0.05887188,0.01229256
2764.75,0.06122412,0.01412424
2765,0.06485616,0.0121392
2765.25,0.0603558,0.01215324
2765.5,0.06672024,0.01249992
2765.75,0.0687474,0.01504116
2766,0.06553872,0.0139104
2766.25,0.0714636,0.0143964
2766.5,0.06638004,0.01041552
2766.75,0.0638496,0.01043388
2767,0.0562518,0.00910224
2767.25,0.05548392,0.00773712
2767.5,0.0515538,0.00764208
2767.75,0.05144472,0.00602748
2768,0.04107672,0.0084888
2768.25,0.04615272,0.0088506
2768.5,0.04576716,0.00730404
2768.75,0.05091444,0.006021
2769,0.06633252,0.01137672
2769.25,0.0605718,0.0073116
2769.5,0.06589512,0.00831492
2769.75,0.07421328,0.00843588
2770,0.07554816,0.00275616
2770.25,0.06777216,0.0061614
2770.5,0.04039956,0.00536004
2770.75,0.04870692,0.0055296
2771,0.05293944,0.00632448
2771.25,0.05311008,0.0079326
2771.5,0.05697864,0.0056646
2771.75,0.05052132,0.00477792
2772,0.04656636,0.00587304
2772.25,0.04709664,0.00785808
2772.5,0.049491,0.01001376
2772.75,0.0507816,0.01087884
2773,0.03445308,0.0087642
2773.25,0.03570264,0.0093798
2773.5,0.04432644,0.00850068
2773.75,0.04460076,0.0089154
2774,0.05283576,0.00911412
2774.25,0.06493716,0.01055916
2774.5,0.05245128,0.00688284
2774.75,0.06228684,0.00868428
2775,0.06098652,0.00566352
2775.25,0.06203628,0.006102
2775.5,0.04788612,0.0054054
2775.75,0.05476788,0.00627156
2776,0.05737284,0.00526284
2776.25,0.06928956,0.00503604
2776.5,0.05513184,0.00312876
2776.75,0.05779512,0.00285444
2777,0.06240672,0.00278532
2777.25,0.0661878,0.00180036
2777.5,0.06294996,0.00434484
2777.75,0.06353532,0.002295
2778,0.0572184,0.0029268
2778.25,0.06903468,0.00506844
2778.5,0.06521796,0.00438372
2778.75,0.07022916,0.01007856
2779,0.0715554,0.0124902
2779.25,0.07160724,0.01465992
2779.5,0.07167528,0.01686852
2779.75,0.07289352,0.01717308
2780,0.06942132,0.01433376
2780.25,0.07077996,0.02076192
2780.5,0.06564024,0.01457892
2780.75,0.06604092,0.01650456
2781,0.05992056,0.01423224
2781.25,0.06415416,0.01588788
2781.5,0.07033284,0.01609848
2781.75,0.0647676,0.0159624
2782,0.06018624,0.01248372
2782.25,0.05966892,0.01380024
2782.5,0.059184,0.01702944
2782.75,0.0584442,0.01454328
2783,0.0597132,0.01247832
2783.25,0.06267348,0.01423764
2783.5,0.06673536,0.01557684
2783.75,0.06662412,0.014445
2784,0.0601992,0.0102492
2784.25,0.06244668,0.01077084
2784.5,0.05865588,0.01146528
2784.75,0.0585792,0.01001592
2785,0.06088068,0.01175796
2785.25,0.06146388,0.01214784
2785.5,0.0716418,0.01538352
2785.75,0.0608688,0.01024488
2786,0.06042168,0.0120744
2786.25,0.06376968,0.01299456
2786.5,0.0620838,0.01253772
2786.75,0.0600804,0.01119636
2787,0.06058368,0.01301832
2787.25,0.0617652,0.0106866
2787.5,0.0606204,0.01149336
2787.75,0.06248448,0.01331424
2788,0.06303528,0.01150416
2788.25,0.063423,0.01153116
2788.5,0.05744304,0.01105596
2788.75,0.05802408,0.01156356
2789,0.0639684,0.011529
2789.25,0.05887836,0.01214028
2789.5,0.06597828,0.01377216
2789.75,0.06533676,0.01245564
2790,0.06394896,0.01346328
2790.25,0.06784992,0.01365768
2790.5,0.06509484,0.01423224
2790.75,0.056619,0.01024164
2791,0.05679396,0.01616436
2791.25,0.05087772,0.01354212
2791.5,0.05169312,0.01219428
2791.75,0.0425682,0.00783216
2792,0.03079944,0.00831708
2792.25,0.0358452,0.00771444
2792.5,0.05070384,0.00994032
2792.75,0.0437508,0.006156
2793,0.04287492,0.00594756
2793.25,0.04620348,0.00544212
2793.5,0.05896908,0.00510948
2793.75,0.04882356,0.00696816
2794,0.05248368,0.0070902
2794.25,0.05156028,0.00435024
2794.5,0.03303936,0.00412236
2794.75,0.03300912,0.0022788
2795,0.04017924,0.00425736
2795.25,0.04062852,0.00385992
2795.5,0.04835808,0.00456732
2795.75,0.04396788,0.00357372
2796,0.06155136,0.00477144
2796.25,0.0463482,0.00330372
2796.5,0.06404184,0.00588924
2796.75,0.05162616,0.00515376
2797,0.04025916,0.00354672
2797.25,0.04081104,0.00433404
2797.5,0.0405702,0.00312228
2797.75,0.04889268,0.00422928
2798,0.048816,0.00384264
2798.25,0.0541944,0.00587844
2798.5,0.04998672,0.0058752
2798.75,0.05069952,0.0058536
2799,0.05305608,0.00734292
2799.25,0.06232032,0.0053244
2799.5,0.04643136,0.00631476
2799.75,0.04903416,0.00735156
2800,0.04831704,0.00706644
2800.25,0.05058612,0.00796608
2800.5,0.05122116,0.00804492
2800.75,0.05952204,0.00723276
2801,0.05390928,0.00732888
2801.25,0.05062716,0.00622296
2801.5,0.05317164,0.00864648
2801.75,0.05677668,0.00977616
2802,0.07112556,0.00886032
2802.25,0.06862104,0.0079704
2802.5,0.0577854,0.004779
2802.75,0.05897664,0.0056916
2803,0.05856948,0.00555876
2803.25,0.058995,0.00519696
2803.5,0.06647832,0.00936792
2803.75,0.06746004,0.00897372
2804,0.0739206,0.00904932
2804.25,0.06133212,0.00593028
2804.5,0.05975208,0.0056538
2804.75,0.05834052,0.00505116
2805,0.05876604,0.00683964
2805.25,0.06522012,0.0076734
2805.5,0.05768928,0.00678132
2805.75,0.05774652,0.00564408
2806,0.0551826,0.00822204
2806.25,0.06046056,0.00781056
2806.5,0.05859648,0.0078408
2806.75,0.064071,0.00833328
2807,0.06412176,0.01186488
2807.25,0.06180516,0.00832032
2807.5,0.06074892,0.0068634
2807.75,0.06222636,0.00894348
2808,0.05905548,0.00672516
2808.25,0.063909,0.0090936
2808.5,0.05443524,0.00731592
2808.75,0.0536328,0.00510624
2809,0.06043356,0.00697356
2809.25,0.0659988,0.01156572
2809.5,0.06603876,0.01136268
2809.75,0.06475572,0.01047384
2810,0.0626238,0.00924588
2810.25,0.0624564,0.00769932
2810.5,0.0664686,0.0076302
2810.75,0.06000588,0.00820476
2811,0.06697404,0.012447
2811.25,0.06723972,0.010908
2811.5,0.06653016,0.01275912
2811.75,0.0626022,0.00971784
2812,0.06727644,0.01293084
2812.25,0.06247584,0.00941328
2812.5,0.05789988,0.00836892
2812.75,0.05929632,0.01167588
2813,0.05838372,0.00956124
2813.25,0.061182,0.00951048
2813.5,0.06464016,0.00974268
2813.75,0.06192504,0.00802332
2814,0.05989788,0.00668952
2814.25,0.0725058,0.00688392
2814.5,0.06571044,0.00587196
2814.75,0.06788772,0.00467208
2815,0.06812424,0.0053568
2815.25,0.0744228,0.00277236
2815.5,0.09631764,0.00231984
2815.75,0.1155816,0.0073926
2816,0.09058824,0.00163728
2816.25,0.11404044,0.00189
2816.5,0.13490172,0.0019818
2816.75,0.11137932,0.00027648
2817,0.13567284,0.00041796
2817.25,0.14406768,0.00341496
2817.5,0.15441624,0.00119448
2817.75,0.14181804,-0.000837
2818,0.13928004,0.00036072
2818.25,0.14286672,0.00073224
2818.5,0.12422484,0.0027594
2818.75,0.11786796,0.00103356
2819,0.13295772,0.00185436
2819.25,0.15515172,0.0009612
2819.5,0.13845492,0.0029538
2819.75,0.14289804,0.00455868
2820,0.12520764,0.00443448
2820.25,0.1392336,0.00763992
2820.5,0.14050476,0.00868752
2820.75,0.12840012,0.00742824
2821,0.11685276,0.01044468
2821.25,0.13317804,0.00784404
2821.5,0.14608944,0.00668088
2821.75,0.17809092,0.00544968
2822,0.19945764,0.0043794
2822.25,0.20584368,0.0032886
2822.5,0.16449372,-0.00083592
2822.75,0.17746344,-0.00211788
2823,0.21078684,0.00352188
2823.25,0.21414024,0.00552312
2823.5,0.18292392,-0.00250344
2823.75,0.18364428,-0.00165672
2824,0.163458,-0.00060048
2824.25,0.1639656,-0.00024192
2824.5,0.14364972,-0.00259848
2824.75,0.16277328,0.0013986
2825,0.15613236,-0.00025812
2825.25,0.14908536,-0.00016092
2825.5,0.11717676,0.00141156
2825.75,0.13859208,0.00213084
2826,0.12735144,0.00496908
2826.25,0.14235264,0.0067932
2826.5,0.15423912,0.00591732
2826.75,0.17160228,0.004293
2827,0.14362056,0.00351648
2827.25,0.17244684,0.0060858
2827.5,0.17236908,0.00553608
2827.75,0.15991884,0.00855684
2828,0.16894116,0.00672408
2828.25,0.15108336,0.0107568
2828.5,0.15417216,0.01007964
2828.75,0.1098036,0.00440208
2829,0.11509884,0.00510732
2829.25,0.12632868,0.00524556
2829.5,0.1223964,0.00462564
2829.75,0.1131732,0.00701352
2830,0.09660384,0.00654696
2830.25,0.08921016,0.01055592
2830.5,0.07851276,0.01088208
2830.75,0.07328772,0.0100116
2831,0.06444252,0.00919188
2831.25,0.06712416,0.00867132
2831.5,0.07036524,0.01242216
2831.75,0.0713394,0.01438992
2832,0.07138476,0.01429056
2832.25,0.06688116,0.00773172
2832.5,0.06290352,0.00848664
2832.75,0.06256332,0.00937224
2833,0.06277824,0.00647892
2833.25,0.06506892,0.00891864
2833.5,0.0617868,0.00739044
2833.75,0.06679908,0.00953964
2834,0.06197472,0.0093366
2834.25,0.06290676,0.00933444
2834.5,0.063882,0.01140804
2834.75,0.06149304,0.00968652
2835,0.0593244,0.0077868
2835.25,0.06397704,0.01086048
2835.5,0.06150276,0.00879552
2835.75,0.0628398,0.01098468
2836,0.0608634,0.00799308
2836.25,0.06625476,0.00992196
2836.5,0.06053832,0.00778572
2836.75,0.06264756,0.00823176
2837,0.05982876,0.00861624
2837.25,0.06142176,0.00708048
2837.5,0.06556356,0.009558
2837.75,0.0658098,0.00763776
2838,0.07236972,0.00771444
2838.25,0.0713718,0.0059994
2838.5,0.07650504,0.0046386
2838.75,0.08580384,0.00527364
2839,0.063828,0.00411912
2839.25,0.08455968,0.0061668
2839.5,0.12300228,0.00970488
2839.75,0.11913048,0.00974484
2840,0.1064448,0.00682452
2840.25,0.1213596,0.00653832
2840.5,0.13778316,0.00557172
2840.75,0.14587884,0.00385884
2841,0.15314184,0.00807084
2841.25,0.1677618,0.00991548
2841.5,0.17744832,0.0106434
2841.75,0.17407548,0.00419904
2842,0.16002036,0.0035262
2842.25,0.1536354,0.00528984
2842.5,0.13439952,0.00206172
2842.75,0.13533912,0.00042336
2843,0.14228352,0.00338472
2843.25,0.15193332,0.00182952
2843.5,0.16403688,0.00535896
2843.75,0.1547586,0.00953424
2844,0.15219252,0.01154844
2844.25,0.1437804,0.01121796
2844.5,0.1276074,0.00590328
2844.75,0.12017484,0.00750708
2845,0.11395404,0.00572508
2845.25,0.11823732,0.00436104
2845.5,0.15480612,0.00540648
2845.75,0.18301356,0.0014472
2846,0.1897398,0.00313632
2846.25,0.18911448,0.0018036
2846.5,0.18978516,-0.00020088
2846.75,0.20207016,0.0027216
2847,0.18186012,-0.00059724
2847.25,0.1747548,-0.00119232
2847.5,0.16028712,-0.00129708
2847.75,0.1466478,0.00077868
2848,0.14630868,-0.00055404
2848.25,0.15698232,0.0011556
2848.5,0.14666616,-0.00115884
2848.75,0.1336122,-0.00023004
2849,0.1429056,0.00168372
2849.25,0.14332356,0.0045576
2849.5,0.13412952,0.00333612
2849.75,0.118665,0.00518508
2850,0.10817604,0.00433728
2850.25,0.14020992,0.01147932
2850.5,0.14169168,0.00562572
2850.75,0.14856372,0.0095472
2851,0.180846,0.02135268
2851.25,0.16007112,0.00952452
2851.5,0.1604556,0.0085104
2851.75,0.16126992,0.00488268
2852,0.15529428,0.00755352
2852.25,0.15508368,0.01418256
2852.5,0.16269768,0.01604124
2852.75,0.12015972,0.01163484
2853,0.11638404,0.00960228
2853.25,0.11891124,0.01127844
2853.5,0.11383524,0.00684288
2853.75,0.10589184,0.0111456
2854,0.0938412,0.01457028
2854.25,0.08460504,0.01450872
2854.5,0.0756594,0.01465344
2854.75,0.06117336,0.01438128
2855,0.06751944,0.01670112
2855.25,0.06319188,0.01289844
2855.5,0.06596532,0.013311
2855.75,0.06885432,0.01547424
2856,0.06423084,0.0110808
2856.25,0.06404292,0.01398816
2856.5,0.0691038,0.01585332
2856.75,0.06306552,0.01362852
2857,0.06342624,0.01446336
2857.25,0.06388956,0.01592568
2857.5,0.06045084,0.0097038
2857.75,0.0682614,0.01485108
2858,0.0639468,0.01404216
2858.25,0.06225552,0.01206684
2858.5,0.06771276,0.01475064
2858.75,0.06656796,0.01191348
2859,0.06645888,0.01245996
2859.25,0.0675,0.0150768
2859.5,0.07027776,0.01732428
2859.75,0.06907572,0.01520748
2860,0.06479136,0.0126198
2860.25,0.06830028,0.0171342
2860.5,0.07013196,0.02095524
2860.75,0.06338736,0.01212192
2861,0.06436476,0.01224936
2861.25,0.07006932,0.01623888
2861.5,0.06682608,0.01360152
2861.75,0.07496928,0.01658988
2862,0.06521256,0.01010556
2862.25,0.0678618,0.010071
2862.5,0.0710424,0.00823392
2862.75,0.07071192,0.00847908
2863,0.07541208,0.00935604
2863.25,0.07331256,0.00854496
2863.5,0.09054072,0.00601992
2863.75,0.11940804,0.00434052
2864,0.1073088,0.00615816
2864.25,0.11303388,0.00358236
2864.5,0.13310892,0.00402948
2864.75,0.14056092,0.00214164
2865,0.1503036,0.00221832
2865.25,0.1507734,0.00520668
2865.5,0.15406848,0.00391608
2865.75,0.1306908,0.00339228
2866,0.15882696,0.00187812
2866.25,0.15090732,0.00389772
2866.5,0.120042,-0.00038988
2866.75,0.1299564,0.00129276
2867,0.14284836,0.00378864
2867.25,0.14686164,0.00021924
2867.5,0.15308784,0.0084294
2867.75,0.1445256,0.00611712
2868,0.13814064,0.01245456
2868.25,0.12958488,0.00597564
2868.5,0.11922336,0.0066366
2868.75,0.14118624,0.00779328
2869,0.11139012,0.01003212
2869.25,0.1311282,0.01188216
2869.5,0.14436144,0.00984204
2869.75,0.15991668,0.01026432
2870,0.16534152,0.00267192
2870.25,0.17272764,-0.00068472
2870.5,0.16475616,-0.00334692
2870.75,0.1846692,0.00272808
2871,0.1731942,0.00572508
2871.25,0.16973712,-3.456e-05
2871.5,0.15197112,0.0009234
2871.75,0.14431176,0.00032076
2872,0.13887612,0.00106056
2872.25,0.14651604,0.00049464
2872.5,0.1247022,0.00100332
2872.75,0.11728692,0.00089424
2873,0.14017212,0.00090072
2873.25,0.12366648,0.00061128
2873.5,0.11557296,0.00019008
2873.75,0.11366028,0.00306288
2874,0.11196144,0.00599292
2874.25,0.12933756,0.00323892
2874.5,0.1418958,0.00691092
2874.75,0.1458594,0.00335124
2875,0.1546236,0.00371088
2875.25,0.1652292,0.00321192
2875.5,0.15534288,0.0023976
2875.75,0.13585968,0.003861
2876,0.1234008,0.00249372
2876.25,0.11962512,0.00382104
2876.5,0.13194576,0.00539892
2876.75,0.11812284,0.00647028
2877,0.12510396,0.00649404
2877.25,0.1126872,0.00470016
2877.5,0.09978336,0.00726948
2877.75,0.09649044,0.00417096
2878,0.08786556,0.00597456
2878.25,0.08245152,0.00549504
2878.5,0.06987384,0.0085644
2878.75,0.06154812,0.00730728
2879,0.06227064,0.00555984
2879.25,0.06069168,0.00714744
2879.5,0.0670842,0.0089316
2879.75,0.0650106,0.00845748
2880,0.06047784,0.00813456
2880.25,0.0653832,0.0051624
2880.5,0.05673888,0.00520884
2880.75,0.05720652,0.00453384
2881,0.065124,0.00849096
2881.25,0.0577854,0.00451332
2881.5,0.06071976,0.00533196
2881.75,0.05970024,0.00621432
2882,0.05955228,0.0066312
2882.25,0.06195096,0.00750168
2882.5,0.06167556,0.0065232
2882.75,0.06466716,0.00850932
2883,0.06140448,0.00775656
2883.25,0.06091092,0.00667656
2883.5,0.06314004,0.00799308
2883.75,0.06324156,0.00786348
2884,0.06528708,0.0078948
2884.25,0.06038712,0.00680832
2884.5,0.06475896,0.01057644
2884.75,0.05668164,0.00587412
2885,0.0643896,0.01169748
2885.25,0.05626584,0.00715068
2885.5,0.05918184,0.00589464
2885.75,0.0596322,0.00555444
2886,0.06118416,0.00753624
2886.25,0.0615438,0.00667656
2886.5,0.05844204,0.00662688
2886.75,0.05864184,0.0045738
2887,0.05165748,0.00582552
2887.25,0.04787208,0.00553716
2887.5,0.0579366,0.00834408
2887.75,0.04629204,0.00376272
2888,0.0260334,0.00286308
2888.25,0.02493288,0.00268272
2888.5,0.02437128,0.00291816
2888.75,0.02773224,0.0035586
2889,0.03075084,0.0042066
2889.25,0.03581064,0.00844128
2889.5,0.03593268,0.00492804
2889.75,0.039609,0.00853524
2890,0.03257604,0.00417852
2890.25,0.04021272,0.00577584
2890.5,0.02535624,0.00411588
2890.75,0.02095092,0.0037476
2891,0.03096252,0.00347976
2891.25,0.03071196,0.00430596
2891.5,0.0366012,0.00598752
2891.75,0.03932604,0.0057186
2892,0.03735504,0.00512568
2892.25,0.03855816,0.00587952
2892.5,0.03489804,0.00573804
2892.75,0.03805056,0.0055728
2893,0.0251262,0.00511704
2893.25,0.028863,0.0092448
2893.5,0.03327912,0.01049112
2893.75,0.03567348,0.00511272
2894,0.033993,0.00506412
2894.25,0.03755484,0.00944136
2894.5,0.03686472,0.0078678
2894.75,0.03497472,0.00357804
2895,0.03555252,0.00411804
2895.25,0.0349002,0.00368172
2895.5,0.03355452,0.00491616
2895.75,0.0322056,0.00322704
2896,0.03243456,0.00262332
2896.25,0.03373596,0.00246564
2896.5,0.03587004,0.00255096
2896.75,0.03505356,0.00196452
2897,0.03639816,0.00110052
2897.25,0.03630636,0.0009396
2897.5,0.0416556,0.00212976
2897.75,0.0450144,0.00513
2898,0.04104216,0.00428004
2898.25,0.0548316,0.00466452
2898.5,0.05213592,0.00345384
2898.75,0.05285952,0.00750168
2899,0.05403996,0.00937548
2899.25,0.05254632,0.00731052
2899.5,0.05415984,0.00862164
2899.75,0.05940432,0.01465344
2900,0.05640516,0.00992304
2900.25,0.06096168,0.0114642
2900.5,0.0555228,0.01345896
2900.75,0.06082452,0.01411992
2901,0.056079,0.00937008
2901.25,0.0580176,0.00922212
2901.5,0.05847984,0.0090504
2901.75,0.06289812,0.01260684
2902,0.0576342,0.00968436
2902.25,0.05782536,0.00791532
2902.5,0.05653368,0.0072684
2902.75,0.05516748,0.00547668
2903,0.06097572,0.0071388
2903.25,0.06097248,0.00764208
2903.5,0.06404292,0.00913248
2903.75,0.06216264,0.00988524
2904,0.05705316,0.00805464
2904.25,0.0568296,0.00970596
2904.5,0.05029236,0.00832572
2904.75,0.05885784,0.01372896
2905,0.05862456,0.01052244
2905.25,0.05967432,0.0100278
2905.5,0.06670512,0.01117152
2905.75,0.06780348,0.01690308
2906,0.06904224,0.01409832
2906.25,0.07195284,0.01750032
2906.5,0.06718896,0.01457244
2906.75,0.06807456,0.01220076
2907,0.07023672,0.01465776
2907.25,0.0696924,0.01334772
2907.5,0.06831108,0.0160974
2907.75,0.06829272,0.01485648
2908,0.0711018,0.0154926
2908.25,0.0656586,0.0152118
2908.5,0.06146712,0.0127926
2908.75,0.05382396,0.00921564
2909,0.05924556,0.0101574
2909.25,0.0595188,0.01038528
2909.5,0.06293808,0.00946404
2909.75,0.06577416,0.01049652
2910,0.06192396,0.0112806
2910.25,0.06817392,0.0078192
2910.5,0.06584652,0.0072306
2910.75,0.06163236,0.00550152
2911,0.06213348,0.00738612
2911.25,0.06764472,0.008127
2911.5,0.05458644,0.00255528
2911.75,0.06238728,0.00256932
2912,0.04438368,0.0015336
2912.25,0.0548478,0.00174744
2912.5,0.0502038,0.00105948
2912.75,0.0532602,0.00139968
2913,0.05988384,0.00318492
2913.25,0.0607392,0.00450144
2913.5,0.05677776,0.00245808
2913.75,0.05901444,0.00170316
2914,0.06911568,0.00472176
2914.25,0.06620724,0.00157788
2914.5,0.06449652,0.00242568
2914.75,0.04840668,0.00119124
2915,0.05607252,0.00145368
2915.25,0.05924772,0.00164916
2915.5,0.06368976,0.00191052
2915.75,0.06414984,0.00254772
2916,0.07278336,0.00323352
2916.25,0.06311628,0.00529632
2916.5,0.05444388,0.00396036
2916.75,0.05071032,0.00823176
2917,0.04161348,0.00792612
2917.25,0.0436644,0.00595188
2917.5,0.04514292,0.004806
2917.75,0.04915728,0.00632664
2918,0.0499446,0.00576288
2918.25,0.05279256,0.0112644
2918.5,0.06523308,0.00987012
2918.75,0.05326776,0.00929988
2919,0.05828112,0.00707724
2919.25,0.05663412,0.00871344
2919.5,0.06124464,0.00910656
2919.75,0.04687956,0.00867888
2920,0.04644864,0.0066204
2920.25,0.05233032,0.00690768
2920.5,0.0469854,0.0058482
2920.75,0.04765176,0.0043362
2921,0.0518562,0.00532332
2921.25,0.057888,0.0021546
2921.5,0.04986684,0.00442692
2921.75,0.05346108,0.00569376
2922,0.05719464,0.00692928
2922.25,0.06713064,0.00785268
2922.5,0.06397272,0.00649944
2922.75,0.06290676,0.009261
2923,0.07079508,0.00555228
2923.25,0.06584436,0.01011852
2923.5,0.06533136,0.0100116
2923.75,0.06935004,0.01491048
2924,0.0718902,0.0190728
2924.25,0.06446628,0.01182276
2924.5,0.07217424,0.01367388
2924.75,0.06618456,0.0146556
2925,0.07130592,0.01458108
2925.25,0.06446412,0.00739044
2925.5,0.06647184,0.00965412
2925.75,0.06095952,0.0110754
2926,0.05974776,0.00751032
2926.25,0.0593622,0.00807732
2926.5,0.05535,0.00618948
2926.75,0.06042384,0.006723
2927,0.06866532,0.01237032
2927.25,0.06408288,0.0109296
2927.5,0.06670188,0.01454868
2927.75,0.07007364,0.01472796
2928,0.06271452,0.01358532
2928.25,0.0587196,0.00747036
2928.5,0.0578556,0.00513
2928.75,0.05554656,0.00406728
2929,0.05628744,0.00349488
2929.25,0.05526252,0.00291816
2929.5,0.0596322,0.00339444
2929.75,0.06052212,0.00454896
2930,0.06057504,0.00538164
2930.25,0.06173388,0.0047358
2930.5,0.06055452,0.00493128
2930.75,0.05902524,0.00479196
2931,0.06024888,0.0021978
2931.25,0.05818716,0.00221508
2931.5,0.05736744,0.00227232
2931.75,0.0592272,0.00260712
2932,0.05717304,0.00191592
2932.25,0.05716764,0.0023544
2932.5,0.05012172,0.00119772
2932.75,0.05233788,0.0018198
2933,0.05464584,0.00224316
2933.25,0.05220828,0.00365904
2933.5,0.05900904,0.00621648
2933.75,0.05813748,0.00517428
2934,0.05912352,0.00538812
2934.25,0.05941404,0.0046008
2934.5,0.05844528,0.0029106
2934.75,0.06199092,0.00423576
2935,0.06476328,0.00557388
2935.25,0.05896908,0.0041202
2935.5,0.0567378,0.00442692
2935.75,0.05244048,0.0040878
2936,0.03315924,0.002295
2936.25,0.0335988,0.00253044
2936.5,0.04003668,0.00299268
2936.75,0.04104,0.00324324
2937,0.04706532,0.00417852
2937.25,0.04273344,0.00394092
2937.5,0.04577364,0.00485676
2937.75,0.04569804,0.00463752
2938,0.0420714,0.00314064
2938.25,0.04498416,0.00381672
2938.5,0.0241812,0.00334476
2938.75,0.02307204,0.00460404
2939,0.03818988,0.00390852
2939.25,0.03540564,0.00558144
2939.5,0.03796848,0.00598752
2939.75,0.04323024,0.00651132
2940,0.04822632,0.00701352
2940.25,0.04974156,0.00749628
2940.5,0.042174,0.00591516
2940.75,0.03733128,0.00460296
2941,0.0284364,0.0066636
2941.25,0.02729268,0.00326808
2941.5,0.03018816,0.00247212
2941.75,0.0368442,0.00417636
2942,0.04273884,0.00397764
2942.25,0.03623832,0.00304776
2942.5,0.0382482,0.00306504
2942.75,0.04537404,0.006129
2943,0.03948264,0.00310068
2943.25,0.04638384,0.00518724
2943.5,0.0380538,0.00540756
2943.75,0.03275316,0.00262656
2944,0.0385722,0.00173556
2944.25,0.04583196,0.00373572
2944.5,0.0415962,0.0023814
2944.75,0.04413636,0.00305964
2945,0.04663332,0.0030564
2945.25,0.04763772,0.0053676
2945.5,0.051543,0.0055458
2945.75,0.05736852,0.0062478
2946,0.0472662,0.003213
2946.25,0.05754672,0.00246672
2946.5,0.05171796,0.00104436
2946.75,0.05081076,0.00091152
2947,0.0516672,0.00154116
2947.25,0.0517536,0.0023652
2947.5,0.05703588,0.0034074
2947.75,0.05331636,0.00392472
2948,0.05656284,0.00451332
2948.25,0.05624856,0.00568188
2948.5,0.05644944,0.0076626
2948.75,0.05608116,0.00877068
2949,0.05425596,0.00777924
2949.25,0.0520182,0.00629748
2949.5,0.05079996,0.00727056
2949.75,0.05754456,0.01087992
2950,0.05819148,0.01149768
2950.25,0.0522666,0.00781812
2950.5,0.05036256,0.00686016
2950.75,0.04940028,0.00562032
2951,0.05302692,0.0057132
2951.25,0.05863536,0.00887112
2951.5,0.0597132,0.00850392
2951.75,0.05780052,0.00667548
2952,0.05299452,0.00593244
2952.25,0.05554332,0.00696924
2952.5,0.05157,0.00534708
2952.75,0.04943484,0.00627048
2953,0.05406372,0.00800712
2953.25,0.05341248,0.00814644
2953.5,0.05904792,0.00680724
2953.75,0.0572076,0.00769932
2954,0.05990868,0.00778032
2954.25,0.0576072,0.00808272
2954.5,0.05666868,0.00771444
2954.75,0.05725512,0.00891432
2955,0.05995296,0.01013904
2955.25,0.05907276,0.00940788
2955.5,0.06122412,0.00985284
2955.75,0.061857,0.0102168
2956,0.05802084,0.008964
2956.25,0.05612544,0.00890892
2956.5,0.0537462,0.00899316
2956.75,0.05316948,0.01082484
2957,0.05417064,0.01009368
2957.25,0.05244048,0.00844452
2957.5,0.05446548,0.00993384
2957.75,0.05622156,0.01160352
2958,0.05698404,0.00802224
2958.25,0.06179004,0.0111942
2958.5,0.05969808,0.00935172
2958.75,0.05805,0.00901368
2959,0.05025672,0.00963684
2959.25,0.04875444,0.01077408
2959.5,0.0472878,0.01385208
2959.75,0.0433674,0.0071928
2960,0.02480976,0.00516132
2960.25,0.02549772,0.00597024
2960.5,0.0270108,0.00607068
2960.75,0.03272724,0.00771984
2961,0.0367362,0.01293948
2961.25,0.03861756,0.01293516
2961.5,0.04208112,0.01494396
2961.75,0.04418928,0.0139698
2962,0.03915972,0.00959148
2962.25,0.03949992,0.01397628
2962.5,0.02069928,0.01131192
2962.75,0.02358396,0.01100412
2963,0.02443608,0.007479
2963.25,0.03072168,0.0079218
2963.5,0.03386016,0.00673596
2963.75,0.0392634,0.00835272
2964,0.03741552,0.00839916
2964.25,0.03708504,0.00744984
2964.5,0.03919752,0.00902124
2964.75,0.0383724,0.00886896
2965,0.02523852,0.0073224
2965.25,0.02344356,0.00553824
2965.5,0.03568752,0.0079758
2965.75,0.03546828,0.00788508
2966,0.03738852,0.00928044
2966.25,0.0390636,0.00782244
2966.5,0.03332016,0.0073872
2966.75,0.03471768,0.00652968
2967,0.03783888,0.00697464
2967.25,0.04813344,0.01079028
2967.5,0.03143772,0.00534492
2967.75,0.03968892,0.00992412
2968,0.03911544,0.00606096
2968.25,0.04171932,0.00530712
2968.5,0.0387288,0.00360504
2968.75,0.03885624,0.00354456
2969,0.04173444,0.00200772
2969.25,0.04942188,0.00557172
2969.5,0.05403456,0.00536544
2969.75,0.05163264,0.00632556
2970,0.0508734,0.00941436
2970.25,0.058536,0.0046116
2970.5,0.0582606,0.0020574
2970.75,0.05794092,0.00282852
2971,0.05232816,0.00284148
2971.25,0.05088528,0.00395712
2971.5,0.06645564,0.01102572
2971.75,0.06583572,0.009153
2972,0.06244776,0.00773064
2972.25,0.05869584,0.00677484
2972.5,0.06054372,0.0068904
2972.75,0.06236352,0.0074628
2973,0.06121332,0.00802872
2973.25,0.05996484,0.00709992
2973.5,0.0558846,0.00636444
2973.75,0.06199632,0.0085266
2974,0.0564516,0.00517536
2974.25,0.05647428,0.0054108
2974.5,0.05021784,0.0052002
2974.75,0.04738068,0.0051948
2975,0.05028804,0.00608256
2975.25,0.05958144,0.01068876
2975.5,0.05948208,0.01346868
2975.75,0.05514264,0.00900288
2976,0.05598612,0.00742284
2976.25,0.0594972,0.00833328
2976.5,0.05390496,0.0067176
2976.75,0.0522774,0.00887004
2977,0.05685768,0.00971784
2977.25,0.05907924,0.01351296
2977.5,0.06261084,0.01492128
2977.75,0.06072084,0.01617732
2978,0.06230304,0.0173556
2978.25,0.05576688,0.01157976
2978.5,0.05704992,0.01168452
2978.75,0.05636412,0.01166616
2979,0.05245452,0.01050948
2979.25,0.058563,0.01305396
2979.5,0.05617836,0.01214028
2979.75,0.0570942,0.01519128
2980,0.05176656,0.01186056
2980.25,0.05230656,0.01209276
2980.5,0.05183352,0.01109484
2980.75,0.0553176,0.01772172
2981,0.05145444,0.01203768
2981.25,0.05394168,0.0119232
2981.5,0.05976612,0.01171044
2981.75,0.06779268,0.01849068
2982,0.05944968,0.01137888
2982.25,0.06118092,0.00912708
2982.5,0.06329016,0.00914652
2982.75,0.07366572,0.00789696
2983,0.06102432,0.00812808
2983.25,0.07344756,0.010233
2983.5,0.07691544,0.00928584
2983.75,0.08122248,0.00604044
2984,0.07766604,0.0089478
2984.25,0.07826544,0.00411048
2984.5,0.09529596,0.00491724
2984.75,0.09221904,0.0059562
2985,0.10511424,0.00682344
2985.25,0.10114524,0.00663336
2985.5,0.10133316,0.00257904
2985.75,0.11946204,0.0022572
2986,0.1266354,0.0016902
2986.25,0.13925412,0.00583092
2986.5,0.11588616,0.0017442
2986.75,0.11903544,0.00274212
2987,0.13454316,0.00366012
2987.25,0.13927248,0.0052218
2987.5,0.13042188,0.0090342
2987.75,0.1265328,0.00613008
2988,0.12407472,0.01019304
2988.25,0.12540204,0.00732024
2988.5,0.14127588,0.01006668
2988.75,0.13884696,0.0121986
2989,0.12365676,0.01318896
2989.25,0.12948444,0.01291464
2989.5,0.17005464,0.00584712
2989.75,0.2182248,0.00747252
2990,0.21383352,0.0062856
2990.25,0.2437722,0.006561
2990.5,0.2246616,0.0037476
2990.75,0.25792992,0.00368928
2991,0.26518212,0.00687528
2991.25,0.2563812,0.00349272
2991.5,0.2267298,0.00385992
2991.75,0.23038668,0.0021276
2992,0.226368,0.00588924
2992.25,0.21729276,0.00222588
2992.5,0.18933372,0.00353268
2992.75,0.1995462,0.00283932
2993,0.18792432,0.00559872
2993.25,0.14647176,0.00036288
2993.5,0.15906996,0.01261008
2993.75,0.1405782,0.0061722
2994,0.13684032,0.00857628
2994.25,0.13184316,0.00442152
2994.5,0.17621388,0.01113372
2994.75,0.16885908,0.01119852
2995,0.20100096,0.01860084
2995.25,0.19834308,0.01260252
2995.5,0.1755108,0.01059264
2995.75,0.194103,0.00910872
2996,0.17667504,0.00858492
2996.25,0.21089916,0.01669896
2996.5,0.18960264,0.01037448
2996.75,0.1863594,0.01188216
2997,0.14876244,0.00962388
2997.25,0.1516698,0.00786672
2997.5,0.13782312,0.01023732
2997.75,0.12114144,0.00782892
2998,0.10781424,0.01101276
2998.25,0.09064224,0.008154
2998.5,0.0764586,0.01360584
2998.75,0.06089148,0.01061208
2999,0.07511616,0.01745496
2999.25,0.0718416,0.01971108
2999.5,0.06987708,0.01864296
2999.75,0.07389036,0.01787184
3000,0.07085772,0.02408184
3000.25,0.06705396,0.02029644
3000.5,0.06432264,0.01912356
3000.75,0.0623754,0.01875744
3001,0.064638,0.01671624
3001.25,0.06176952,0.01707264
3001.5,0.07109424,0.01971
3001.75,0.06458724,0.01828872
3002,0.06761016,0.01538244
3002.25,0.06929064,0.02131272
3002.5,0.06477948,0.0208062
3002.75,0.07078428,0.02912328
3003,0.0667116,0.02029968
3003.25,0.06329448,0.01914192
3003.5,0.06748704,0.02171016
3003.75,0.06962868,0.01872396
3004,0.06509484,0.01795068
3004.25,0.06364872,0.01811268
3004.5,0.06746976,0.02731752
3004.75,0.06159888,0.02038716
3005,0.0642168,0.02176956
3005.25,0.06412176,0.02046168
3005.5,0.06747948,0.02093796
3005.75,0.06675048,0.01683396
3006,0.06854652,0.01692576
3006.25,0.07051104,0.0192834
3006.5,0.06526764,0.01506492
3006.75,0.06777864,0.016389
3007,0.08237592,0.01496016
3007.25,0.07539696,0.01154304
3007.5,0.10516392,0.01854252
3007.75,0.12721968,0.00904608
3008,0.10991916,0.00708048
3008.25,0.12844548,0.01361664
3008.5,0.13471488,0.0127278
3008.75,0.15052284,0.00910224
3009,0.16851132,0.00477576
3009.25,0.18885204,0.00460296
3009.5,0.20044908,0.00748764
3009.75,0.1938492,0.0118638
3010,0.182817,0.01448604
3010.25,0.20937312,0.01666116
3010.5,0.16474752,0.00646596
3010.75,0.1650726,0.0087966
3011,0.1859976,0.01126332
3011.25,0.197991,0.01640412
3011.5,0.19487736,0.01429272
3011.75,0.1910844,0.01649268
3012,0.16363296,0.01705968
3012.25,0.1569618,0.01607364
3012.5,0.1655748,0.02182464
3012.75,0.1508382,0.01426788
3013,0.14874084,0.01758996
3013.25,0.15586992,0.01476252
3013.5,0.21586068,0.02017332
3013.75,0.27553392,0.0190836
3014,0.26184492,0.01371492
3014.25,0.31969512,0.01279044
3014.5,0.31459104,0.00322488
3014.75,0.28919268,0.0085158
3015,0.28295676,0.0150228
3015.25,0.27948888,0.02354184
3015.5,0.24163704,0.01688148
3015.75,0.24719148,0.0086454
3016,0.25698708,0.01479924
3016.25,0.21707784,0.00721764
3016.5,0.24414696,0.01132704
3016.75,0.21763404,0.012798
3017,0.21387996,0.0043362
3017.25,0.19040184,0.005778
3017.5,0.19827396,0.01088964
3017.75,0.1939572,0.01459296
3018,0.20251728,0.01923912
3018.25,0.18637128,0.0032616
3018.5,0.17159472,0.00934632
3018.75,0.17708544,0.01696032
3019,0.21102012,0.01817424
3019.25,0.22460004,0.02000916
3019.5,0.21082356,0.01915488
3019.75,0.18960048,0.01716552
3020,0.21660372,0.0186732
3020.25,0.19307052,0.0248454
3020.5,0.1776546,0.021789
3020.75,0.15990912,0.01860408
3021,0.15899004,0.01873908
3021.25,0.13037652,0.01774224
3021.5,0.11328228,0.01094688
3021.75,0.11972016,0.01172124
3022,0.07449732,0.01130004
3022.25,0.08240508,0.01839564
3022.5,0.07311492,0.01667844
3022.75,0.07272612,0.0173988
3023,0.06859728,0.01620216
3023.25,0.07166448,0.02289816
3023.5,0.08022888,0.02991492
3023.75,0.06992676,0.01917324
3024,0.07011468,0.02052
3024.25,0.0648972,0.01351512
3024.5,0.065718,0.00819612
3024.75,0.0670788,0.00868104
3025,0.06329232,0.00783
3025.25,0.06025104,0.00794772
3025.5,0.063477,0.01019736
3025.75,0.0671112,0.00970056
3026,0.06444684,0.00997164
3026.25,0.06914052,0.0155898
3026.5,0.06222204,0.01044576
3026.75,0.06869556,0.01446984
3027,0.06414876,0.01117908
3027.25,0.06624072,0.01168128
3027.5,0.06838452,0.01302372
3027.75,0.06318,0.01261224
3028,0.06347376,0.009558
3028.25,0.07132212,0.01127196
3028.5,0.07400268,0.01566756
3028.75,0.0688554,0.0151686
3029,0.07181676,0.01340064
3029.25,0.0731322,0.01397412
3029.5,0.07270128,0.01130436
3029.75,0.0720576,0.00943056
3030,0.06774192,0.00780192
3030.25,0.07428996,0.00816912
3030.5,0.0759834,0.01059264
3030.75,0.07162992,0.00843372
3031,0.0840996,0.01035288
3031.25,0.08484156,0.0084294
3031.5,0.10033308,0.00639036
3031.75,0.14732064,0.00809136
3032,0.12836556,0.00370548
3032.25,0.14430744,0.00667764
3032.5,0.14909184,0.00305208
3032.75,0.16190064,0.00548748
3033,0.17684352,0.0053028
3033.25,0.19946304,0.00358128
3033.5,0.20703708,0.00776736
3033.75,0.20164464,0.0027918
3034,0.21996144,0.00601128
3034.25,0.22380948,0.0104598
3034.5,0.18590688,0.00316224
3034.75,0.2046654,0.00779328
3035,0.18350712,0.00092772
3035.25,0.19117188,0.0072252
3035.5,0.18832932,0.00473256
3035.75,0.18784332,0.00820584
3036,0.17551512,0.0083808
3036.25,0.17755956,0.00834408
3036.5,0.16614396,0.01278612
3036.75,0.16334892,0.0092394
3037,0.1474794,0.00946944
3037.25,0.18105552,0.0178902
3037.5,0.19677168,0.01342008
3037.75,0.2303208,0.01393092
3038,0.2756214,0.01704888
3038.25,0.22562172,0.00996732
3038.5,0.26121744,0.01383696
3038.75,0.22820832,0.00653508
3039,0.27198288,0.01274832
3039.25,0.2574612,0.0183762
3039.5,0.19559124,0.0090774
3039.75,0.21451824,0.00920268
3040,0.20715912,0.00012096
3040.25,0.19868436,0.00809352
3040.5,0.17164548,0.01068984
3040.75,0.20515248,0.00644328
3041,0.16799616,0.01386504
3041.25,0.15101964,0.00555444
3041.5,0.16139088,0.01105596
3041.75,0.1464696,0.01287036
3042,0.14527296,0.01067904
3042.25,0.16616988,0.01646136
3042.5,0.15210396,0.0087426
3042.75,0.16471728,0.01065528
3043,0.18692208,0.01072224
3043.25,0.19772748,0.00404028
3043.5,0.16238232,0.007263
3043.75,0.19208664,0.00456408
3044,0.18188388,0.00625104
3044.25,0.16033896,0.00858384
3044.5,0.1758456,0.01278612
3044.75,0.1392984,0.01306584
3045,0.16350768,0.01915704
3045.25,0.1584684,0.01572372
3045.5,0.11676096,0.0092718
3045.75,0.11717784,0.0157734
3046,0.10481292,0.01871208
3046.25,0.08954064,0.02100816
3046.5,0.06946128,0.0143586
3046.75,0.06475356,0.0139536
3047,0.06352776,0.0126144
3047.25,0.06263136,0.01240596
3047.5,0.06387552,0.01476576
3047.75,0.06682716,0.01338552
3048,0.06268644,0.01159704
3048.25,0.06068196,0.01095336
3048.5,0.05586084,0.0058428
3048.75,0.06378588,0.00708048
3049,0.06751836,0.0072414
3049.25,0.06598476,0.00514944
3049.5,0.06819768,0.0068742
3049.75,0.06592536,0.0067338
3050,0.06518232,0.00527904
3050.25,0.07237728,0.00580284
3050.5,0.06770628,0.00610092
3050.75,0.07040952,0.0069498
3051,0.06723864,0.0064422
3051.25,0.06578712,0.00540972
3051.5,0.06804,0.00714204
3051.75,0.06856596,0.00761508
3052,0.066609,0.00838728
3052.25,0.0637578,0.00650268
3052.5,0.05627016,0.00436104
3052.75,0.05663412,0.00477576
3053,0.05939676,0.00527148
3053.25,0.06428052,0.00867996
3053.5,0.06839748,0.01141884
3053.75,0.0694602,0.007047
3054,0.0665928,0.0073926
3054.25,0.0724788,0.00696384
3054.5,0.07305876,0.00715932
3054.75,0.06709068,0.00819936
3055,0.08482752,0.0098658
3055.25,0.0976698,0.01403568
3055.5,0.1243026,0.0169668
3055.75,0.13512528,0.01126764
3056,0.1358964,0.01548936
3056.25,0.14820408,0.0114426
3056.5,0.19689156,0.02087208
3056.75,0.20884608,0.01577016
3057,0.22224888,0.0085428
3057.25,0.2222802,0.01386936
3057.5,0.22507956,0.0111186
3057.75,0.22849236,0.01325052
3058,0.2146284,0.00960552
3058.25,0.22705812,0.01246968
3058.5,0.21348792,0.01605852
3058.75,0.22369824,0.00657288
3059,0.2034882,0.00645408
3059.25,0.2198016,0.01384884
3059.5,0.23907744,0.01925964
3059.75,0.212895,0.01817316
3060,0.2206872,0.02472984
3060.25,0.18002196,0.00924588
3060.5,0.16224192,0.01514808
3060.75,0.16088544,0.02913948
3061,0.14500404,0.013959
3061.25,0.15947064,0.01623996
3061.5,0.1819638,0.015012
3061.75,0.19507824,0.0115884
3062,0.2272158,0.01242108
3062.25,0.24214464,0.0167724
3062.5,0.21841596,0.01346544
3062.75,0.21977568,0.0094878
3063,0.23720796,0.00841104
3063.25,0.26518644,0.02366064
3063.5,0.2201634,0.01510056
3063.75,0.21051144,0.01664928
3064,0.20325276,0.017496
3064.25,0.20609316,0.01083132
3064.5,0.16758252,0.00484812
3064.75,0.17929512,0.0082242
3065,0.16009488,0.0075438
3065.25,0.16614072,0.01254204
3065.5,0.17104068,0.01367388
3065.75,0.1713096,0.0132138
3066,0.16446348,0.01135512
3066.25,0.17510688,0.02542536
3066.5,0.15671232,0.02037096
3066.75,0.16335108,0.01966464
3067,0.2046114,0.02086992
3067.25,0.16622064,0.01510488
3067.5,0.19187712,0.01580148
3067.75,0.20700036,0.01761912
3068,0.18722556,0.02404188
3068.25,0.18947844,0.0239814
3068.5,0.17877564,0.02296944
3068.75,0.18230832,0.0178416
3069,0.1712232,0.01399788
3069.25,0.16242012,0.01349676
3069.5,0.13530132,0.01803708
3069.75,0.1341792,0.01805436
3070,0.11880216,0.01874556
3070.25,0.10952712,0.02260872
3070.5,0.09504972,0.02225664
3070.75,0.0749628,0.01109268
3071,0.07693488,0.01308528
3071.25,0.07149708,0.01472148
3071.5,0.07435476,0.01516536
3071.75,0.08440416,0.01511028
3072,0.0798552,0.01368036
3072.25,0.08012412,0.01702296
3072.5,0.07658388,0.01418796
3072.75,0.0702756,0.00918
3073,0.06786612,0.00876312
3073.25,0.07695432,0.01513836
3073.5,0.08250768,0.01728648
3073.75,0.07270236,0.01118664
3074,0.07760016,0.01447092
3074.25,0.07069248,0.01289196
3074.5,0.07340652,0.01233792
3074.75,0.07598988,0.01566648
3075,0.07795116,0.01572804
3075.25,0.07081236,0.00839268
3075.5,0.07707204,0.01439532
3075.75,0.07473384,0.00866268
3076,0.0695952,0.00964224
3076.25,0.07205112,0.01139724
3076.5,0.06550956,0.00949752
3076.75,0.06624396,0.0091314
3077,0.06802812,0.00844344
3077.25,0.06852708,0.0096012
3077.5,0.07315164,0.01288872
3077.75,0.07749216,0.01056132
3078,0.07136532,0.00756108
3078.25,0.07146036,0.00584064
3078.5,0.08075052,0.00813888
3078.75,0.07453296,0.0047412
3079,0.07641108,0.00663768
3079.25,0.0952722,0.01085184
3079.5,0.10491876,0.0069336
3079.75,0.13761144,0.00714744
3080,0.1172664,0.00339012
3080.25,0.1223478,0.0032292
3080.5,0.1479492,0.00368928
3080.75,0.15644232,0.00189864
3081,0.16974036,0.00405216
3081.25,0.1730214,0.0024192
3081.5,0.17434008,0.00251208
3081.75,0.17635212,0.00358236
3082,0.17570412,0.0016524
3082.25,0.17782092,0.00235224
3082.5,0.14868468,0.00112644
3082.75,0.1495854,0.0006534
3083,0.16196004,0.00205092
3083.25,0.16824996,0.0018144
3083.5,0.15891444,0.00188352
3083.75,0.17124804,0.00367956
3084,0.15527052,0.00330588
3084.25,0.15949548,0.0053892
3084.5,0.14135904,0.00257796
3084.75,0.1507194,0.00396252
3085,0.12694428,0.0041796
3085.25,0.12990456,0.00243108
3085.5,0.16253892,0.00422064
3085.75,0.16929972,0.00486108
3086,0.16914636,0.003996
3086.25,0.18230076,-0.00054216
3086.5,0.16471296,0.0002916
3086.75,0.16998228,0.00099468
3087,0.15563772,0.00066636
3087.25,0.14257296,4.536e-05
3087.5,0.14466816,0.00293436
3087.75,0.1292328,-7.56e-05
3088,0.12467412,-0.00027432
3088.25,0.12939048,0.00099468
3088.5,0.13331088,0.00271188
3088.75,0.12921984,0.00187812
3089,0.13249008,0.00095688
3089.25,0.11274444,0.00068148
3089.5,0.10595772,0.00153468
3089.75,0.12265344,0.00188892
3090,0.12206592,0.00455004
3090.25,0.1382454,0.00671112
3090.5,0.13464144,0.0098442
3090.75,0.14726556,0.01098576
3091,0.16713,0.01018764
3091.25,0.14107932,0.00980424
3091.5,0.12767328,0.0063882
3091.75,0.15017616,0.00902016
3092,0.1404864,0.00574344
3092.25,0.11397996,0.00833976
3092.5,0.11785716,0.01161756
3092.75,0.10444032,0.00872856
3093,0.11190852,0.00778032
3093.25,0.0972162,0.01045764
3093.5,0.0942408,0.0114858
3093.75,0.09299988,0.01348812
3094,0.08630388,0.01034424
3094.25,0.0715662,0.00855576
3094.5,0.06159132,0.00984636
3094.75,0.0641304,0.01113264
3095,0.06223392,0.01242324
3095.25,0.06702696,0.01195884
3095.5,0.07329744,0.01384344
3095.75,0.0747684,0.01304532
3096,0.05894424,0.0112698
3096.25,0.07340004,0.01440288
3096.5,0.0608472,0.01373868
3096.75,0.06363252,0.012744
3097,0.06774516,0.01929636
3097.25,0.06303636,0.01205172
3097.5,0.0621702,0.0139914
3097.75,0.06936084,0.01660284
3098,0.06924528,0.01751112
3098.25,0.07475868,0.01480356
3098.5,0.06721812,0.0172314
3098.75,0.08131212,0.02013444
3099,0.06680124,0.01607364
3099.25,0.07094736,0.01660176
3099.5,0.06628284,0.01443744
3099.75,0.07403832,0.0186894
3100,0.079812,0.01963332
3100.25,0.07313112,0.02270484
3100.5,0.06204492,0.01742796
3100.75,0.05988384,0.01622916
3101,0.06535836,0.01585116
3101.25,0.0632988,0.01637604
3101.5,0.06978204,0.01747548
3101.75,0.06951744,0.0188568
3102,0.06412824,0.01638684
3102.25,0.06350832,0.01476576
3102.5,0.06559164,0.01507248
3102.75,0.06213456,0.01272456
3103,0.06533352,0.01132704
3103.25,0.05681016,0.00926532
3103.5,0.05638788,0.0108756
3103.75,0.05277636,0.01037664
3104,0.03570048,0.00682776
3104.25,0.0377946,0.00695844
3104.5,0.04475844,0.00823932
3104.75,0.04402512,0.0043092
3105,0.05813208,0.00541512
3105.25,0.05347836,0.00450036
3105.5,0.07065468,0.00486648
3105.75,0.05611788,0.00630828
3106,0.0579096,0.00627588
3106.25,0.04901256,0.00609336
3106.5,0.03736692,0.00798768
3106.75,0.03582144,0.0089586
3107,0.04192128,0.01036692
3107.25,0.04181328,0.00899748
3107.5,0.05458752,0.01152144
3107.75,0.05383908,0.01005696
3108,0.04639464,0.00639252
3108.25,0.05261112,0.00928368
3108.5,0.0495936,0.00947484
3108.75,0.04523148,0.00923724
3109,0.0325134,0.00943704
3109.25,0.03651588,0.01167588
3109.5,0.04408992,0.01208088
3109.75,0.04779864,0.01494504
3110,0.0538758,0.01272456
3110.25,0.05793768,0.01186164
3110.5,0.05452596,0.01180548
3110.75,0.05690628,0.01214676
3111,0.05996268,0.01003536
3111.25,0.05898096,0.01099224
3111.5,0.04626504,0.01086912
3111.75,0.04312548,0.009342
3112,0.05065848,0.00883656
3112.25,0.05500332,0.00933336
3112.5,0.047574,0.00678348
3112.75,0.05196744,0.00706752
3113,0.05735772,0.00636228
3113.25,0.05331528,0.00439992
3113.5,0.06055344,0.00533412
3113.75,0.0534816,0.00330588
3114,0.05398596,0.00393336
3114.25,0.0689526,0.00458892
3114.5,0.06634224,0.00331452
3114.75,0.06968052,0.0046656
3115,0.06125004,0.00493884
3115.25,0.06143364,0.00600156
3115.5,0.06459372,0.00660312
3115.75,0.07257384,0.00959796
3116,0.06379128,0.007803
3116.25,0.06419304,0.01000296
3116.5,0.06315084,0.00929124
3116.75,0.06527736,0.00890676
3117,0.06775704,0.01340712
3117.25,0.06148224,0.00962172
3117.5,0.0606096,0.01017252
3117.75,0.06102648,0.01089288
3118,0.0653994,0.01479492
3118.25,0.06819552,0.01115532
3118.5,0.05885352,0.01098576
3118.75,0.0589842,0.012879
3119,0.07012764,0.01774008
3119.25,0.07051752,0.01702188
3119.5,0.067311,0.01484136
3119.75,0.06385824,0.01597644
3120,0.06297264,0.01436508
3120.25,0.06015924,0.01555308
3120.5,0.06089904,0.00961416
3120.75,0.05740956,0.00864864
3121,0.067824,0.0137592
3121.25,0.06030936,0.00779868
3121.5,0.058239,0.00766476
3121.75,0.06109344,0.00804384
3122,0.06115176,0.0077814
3122.25,0.0597186,0.0079488
3122.5,0.06080616,0.008802
3122.75,0.0628668,0.00946728
3123,0.06475248,0.0110268
3123.25,0.06797304,0.01479816
3123.5,0.06634224,0.01046952
3123.75,0.0637902,0.0102276
3124,0.06228792,0.0098604
3124.25,0.0623268,0.0110916
3124.5,0.05762664,0.00869724
3124.75,0.05978772,0.0102384
3125,0.06530112,0.01135512
3125.25,0.05901984,0.00879552
3125.5,0.06132888,0.01075896
3125.75,0.06526332,0.01220616
3126,0.06097896,0.00871128
3126.25,0.05941296,0.00694872
3126.5,0.06154272,0.007587
3126.75,0.06358716,0.00748548
3127,0.05795388,0.0082134
3127.25,0.05420412,0.0077652
3127.5,0.06104592,0.01054512
3127.75,0.05017572,0.0056214
3128,0.03177144,0.00436104
3128.25,0.03206304,0.00448092
3128.5,0.03242484,0.00598212
3128.75,0.037179,0.00584712
3129,0.03943944,0.00629208
3129.25,0.0466992,0.00819288
3129.5,0.04887432,0.00931068
3129.75,0.05460696,0.01342116
3130,0.05197392,0.0080892
3130.25,0.051516,0.01153548
3130.5,0.0282744,0.0064854
3130.75,0.02820744,0.0064314
3131,0.0331506,0.0068418
3131.25,0.03915432,0.0083322
3131.5,0.04340304,0.00941328
3131.75,0.04490532,0.00917028
3132,0.04670352,0.00763776
3132.25,0.0487566,0.00683748
3132.5,0.04840236,0.00847368
3132.75,0.04767228,0.00826092
3133,0.0317736,0.00904176
3133.25,0.033399,0.00868212
3133.5,0.04540644,0.00762588
3133.75,0.04155192,0.00848556
3134,0.04216104,0.00850608
3134.25,0.0462186,0.00972432
3134.5,0.0498204,0.00989604
3134.75,0.05654232,0.0127116
3135,0.04722084,0.00778572
3135.25,0.053001,0.0114156
3135.5,0.03290004,0.00627372
3135.75,0.03565728,0.0063504
3136,0.03718872,0.00573912
3136.25,0.04925772,0.01008504
3136.5,0.04151736,0.00589896
3136.75,0.04430916,0.00622836
3137,0.0470502,0.00597348
3137.25,0.05047488,0.00622188
3137.5,0.06246828,0.00856764
3137.75,0.05979096,0.0088938
3138,0.05724108,0.00569808
3138.25,0.06487344,0.0046278
3138.5,0.06096708,0.00316872
3138.75,0.06424704,0.00415476
3139,0.07472628,0.00392472
3139.25,0.0664092,0.00350892
3139.5,0.07440984,0.00695304
3139.75,0.06147576,0.00424548
3140,0.07383636,0.00820044
3140.25,0.07256628,0.0101898
3140.5,0.06422436,0.00437832
3140.75,0.06162804,0.00626076
3141,0.06399324,0.00631152
3141.25,0.07131672,0.01221912
3141.5,0.0668628,0.0071604
3141.75,0.06344784,0.00643464
3142,0.06064632,0.00724788
3142.25,0.06346296,0.00717336
3142.5,0.06071544,0.00609768
3142.75,0.05991516,0.0075924
3143,0.05907168,0.00684612
3143.25,0.06504408,0.011421
3143.5,0.06194988,0.00862488
3143.75,0.06815016,0.01405404
3144,0.065772,0.00961416
3144.25,0.06272964,0.011988
3144.5,0.05645376,0.00942084
3144.75,0.0558576,0.00879768
3145,0.05900904,0.01119312
3145.25,0.06142176,0.0140832
3145.5,0.06559272,0.01607472
3145.75,0.0631044,0.01309932
3146,0.06069168,0.01107648
3146.25,0.06293916,0.01222884
3146.5,0.06332688,0.01215864
3146.75,0.07093656,0.01518912
3147,0.06571908,0.01529064
3147.25,0.06649884,0.01890108
3147.5,0.06628392,0.01487484
3147.75,0.06524388,0.01500228
3148,0.05860188,0.01274724
3148.25,0.06227172,0.0130788
3148.5,0.05746464,0.01203768
3148.75,0.0629532,0.01193616
3149,0.06151788,0.01268784
3149.25,0.05687712,0.01195668
3149.5,0.05938488,0.00995112
3149.75,0.06917832,0.00910656
3150,0.06834996,0.00993168
3150.25,0.06740712,0.00604908
3150.5,0.07915536,0.00894888
3150.75,0.08675856,0.00810108
3151,0.06519528,0.0042012
3151.25,0.0798066,0.0047088
3151.5,0.08035524,0.004374
3151.75,0.09548928,0.00498096
3152,0.08460936,0.00190188
3152.25,0.0950292,0.0045522
3152.5,0.1046196,0.00280584
3152.75,0.11239128,0.00139968
3153,0.11734308,0.00378
3153.25,0.121986,0.00489348
3153.5,0.1336878,0.00195588
3153.75,0.12528648,0.00631584
3154,0.1337634,0.00439992
3154.25,0.13785012,0.00522396
3154.5,0.12246876,0.00651348
3154.75,0.10020456,0.00218592
3155,0.11745972,0.00803304
3155.25,0.13002552,0.00735804
3155.5,0.1162242,0.00507924
3155.75,0.10939536,0.00608472
3156,0.11594988,0.01158624
3156.25,0.10710684,0.01014876
3156.5,0.10032552,0.01002456
3156.75,0.10385172,0.01340604
3157,0.08998884,0.01122228
3157.25,0.10541664,0.01702836
3157.5,0.119178,0.00911736
3157.75,0.15395724,0.00984852
3158,0.15307812,0.00279504
3158.25,0.15979356,0.00415908
3158.5,0.1678374,0.00065448
3158.75,0.16685892,0.00560844
3159,0.16159608,0.00250776
3159.25,0.16222572,-0.00100008
3159.5,0.14215716,0.00082836
3159.75,0.12846924,-0.00072792
3160,0.13574304,0.00048816
3160.25,0.12955572,-0.00088884
3160.5,0.14017752,-0.0014256
3160.75,0.13873356,0.00210924
3161,0.13998852,2.808e-05
3161.25,0.1297674,0.00178092
3161.5,0.11949336,0.00201528
3161.75,0.14417676,0.00393552
3162,0.14675256,0.00600804
3162.25,0.15931188,0.00262764
3162.5,0.13903164,0.0017604
3162.75,0.153819,0.0042606
3163,0.16193952,0.00657504
3163.25,0.16230672,0.00530604
3163.5,0.13979088,0.00178848
3163.75,0.14076936,0.00245052
3164,0.16331976,0.00642924
3164.25,0.16378848,0.01183788
3164.5,0.14746536,0.00554904
3164.75,0.12845088,0.00580068
3165,0.14471136,0.01151064
3165.25,0.13044888,0.00546804
3165.5,0.11542716,0.0031698
3165.75,0.10871928,0.00509004
3166,0.11072052,0.00963144
3166.25,0.09039276,0.01247832
3166.5,0.07328232,0.0069552
3166.75,0.067716,0.00958932
3167,0.06616296,0.01031076
3167.25,0.06663816,0.01030212
3167.5,0.06504948,0.01321272
3167.75,0.06619428,0.01504116
3168,0.063612,0.01247616
3168.25,0.06847632,0.01376568
3168.5,0.05988168,0.01018764
3168.75,0.06312708,0.0101898
3169,0.05716872,0.00995436
3169.25,0.05913216,0.01174932
3169.5,0.0646974,0.01073304
3169.75,0.05903388,0.00876744
3170,0.06489288,0.00996948
3170.25,0.06426864,0.00728136
3170.5,0.06222312,0.00890568
3170.75,0.06529788,0.00964764
3171,0.07369596,0.015444
3171.25,0.06794712,0.01288548
3171.5,0.06537888,0.01164348
3171.75,0.06381828,0.0081216
3172,0.06005124,0.00868104
3172.25,0.06181704,0.0072684
3172.5,0.05725404,0.0081378
3172.75,0.05978664,0.00780084
3173,0.06278796,0.00987336
3173.25,0.06027588,0.0073386
3173.5,0.05713956,0.00643788
3173.75,0.06464232,0.008343
3174,0.06312492,0.00659556
3174.25,0.061587,0.005346
3174.5,0.07425108,0.00431244
3174.75,0.06799356,0.00402192
3175,0.06542532,0.0016632
3175.25,0.07957116,0.00305964
3175.5,0.10695888,0.00231768
3175.75,0.12645504,0.00405648
3176,0.10424592,0.00187488
3176.25,0.12116196,0.00169236
3176.5,0.1407834,0.00514728
3176.75,0.15904512,0.00375948
3177,0.16581888,0.00390312
3177.25,0.17911476,0.00671544
3177.5,0.17337672,0.00263736
3177.75,0.18359784,0.00610848
3178,0.16935264,0.00674352
3178.25,0.17099424,0.00446472
3178.5,0.13350528,0.00179928
3178.75,0.14732928,0.0046818
3179,0.15944256,0.00443124
3179.25,0.17403552,0.0053082
3179.5,0.16577136,0.00396576
3179.75,0.16493976,0.00987228
3180,0.16341264,0.00811296
3180.25,0.14165928,0.0054162
3180.5,0.14605272,0.0060048
3180.75,0.1506438,0.00404136
3181,0.13140252,0.00711288
3181.25,0.1497258,0.00756108
3181.5,0.176229,0.00709884
3181.75,0.19026144,0.0055944
3182,0.20775636,0.00531036
3182.25,0.20378196,0.0016416
3182.5,0.2231604,0.00096876
3182.75,0.20630592,-3.78e-05
3183,0.22571784,0.00268164
3183.25,0.2304774,0.002808
3183.5,0.17508528,0.00074736
3183.75,0.19420776,0.00111348
3184,0.20613312,0.00377136
3184.25,0.18549,0.00038556
3184.5,0.18603432,0.0060642
3184.75,0.18403848,0.00053352
3185,0.18081792,0.00155736
3185.25,0.15209424,0.00192348
3185.5,0.1496232,0.00357696
3185.75,0.13893984,0.00372492
3186,0.12070512,0.0022086
3186.25,0.1641924,0.00744012
3186.5,0.17801532,0.01025136
3186.75,0.15131556,0.006669
3187,0.16087788,0.01075896
3187.25,0.15579216,0.0075546
3187.5,0.16237368,0.00608904
3187.75,0.18139464,0.00464616
3188,0.17765784,0.01648512
3188.25,0.17052336,0.0122742
3188.5,0.16290504,0.01374084
3188.75,0.13964616,0.01464912
3189,0.13459068,0.01149444
3189.25,0.1142802,0.00775548
3189.5,0.09653904,0.00766044
3189.75,0.10540584,0.01286496
3190,0.09368136,0.00883656
3190.25,0.0831762,0.00980856
3190.5,0.0707724,0.00795096
3190.75,0.06693624,0.00777168
3191,0.07198956,0.01169532
3191.25,0.06779484,0.01283256
3191.5,0.07189452,0.0125388
3191.75,0.07010388,0.0120474
3192,0.06478488,0.01005156
3192.25,0.06713388,0.01269216
3192.5,0.06249312,0.01051272
3192.75,0.06069276,0.0095418
3193,0.06437556,0.01024488
3193.25,0.06033096,0.01076436
3193.5,0.06485292,0.0096444
3193.75,0.067176,0.01118124
3194,0.06853032,0.01078488
3194.25,0.06632604,0.01249344
3194.5,0.06912864,0.01449576
3194.75,0.06883164,0.0124362
3195,0.07734852,0.02021436
3195.25,0.0741798,0.01559304
3195.5,0.06932952,0.01555308
3195.75,0.0695844,0.016848
3196,0.06651396,0.0124092
3196.25,0.06510132,0.01553256
3196.5,0.06537348,0.01284444
3196.75,0.06277068,0.01463832
3197,0.06485292,0.01408536
3197.25,0.06335064,0.01235412
3197.5,0.07009308,0.01404864
3197.75,0.06805188,0.00964332
3198,0.07433424,0.01172016
3198.25,0.07928064,0.00875772
3198.5,0.08046756,0.00902232
3198.75,0.07922016,0.00955476
3199,0.0762264,0.0100926
3199.25,0.08532756,0.0078192
3199.5,0.10276848,0.01104624
3199.75,0.12446784,0.01074924
3200,0.09788472,0.00412236
3200.25,0.10918476,0.00373032
3200.5,0.13145112,0.00377676
3200.75,0.13073184,0.00055944
3201,0.15019344,0.000864
3201.25,0.1635876,0.0030726
3201.5,0.16336296,0.0037098
3201.75,0.17783496,0.0021006
3202,0.18900972,0.00453276
3202.25,0.19106712,0.00676836
3202.5,0.17128044,0.00136728
3202.75,0.14751288,0.00707184
3203,0.16540956,0.00318168
3203.25,0.18731304,0.00566784
3203.5,0.16950168,0.00460188
3203.75,0.15132312,0.00343332
3204,0.15769188,0.0060426
3204.25,0.15232212,0.0082458
3204.5,0.1576152,0.01029348
3204.75,0.14425884,0.01301184
3205,0.13326876,0.00934956
3205.25,0.16575732,0.01919376
3205.5,0.19506096,0.00991224
3205.75,0.25643088,0.00727164
3206,0.24681348,0.0088614
3206.25,0.26922888,0.00672084
3206.5,0.25880796,0.00196452
3206.75,0.25415748,0.00299808
3207,0.23967468,0.0057618
3207.25,0.25543296,0.00914004
3207.5,0.22262796,0.00502092
3207.75,0.19033488,0.00278964
3208,0.20063268,0.01692144
3208.25,0.21360024,0.01296216
3208.5,0.18756468,0.00207684
3208.75,0.15053688,0.0052704
3209,0.17951976,0.0138348
3209.25,0.15844464,0.01792908
3209.5,0.1515024,0.008721
3209.75,0.15992316,0.00868752
3210,0.15476292,0.02253852
3210.25,0.15536232,0.00785484
3210.5,0.15859368,0.01071576
3210.75,0.16040808,0.01448604
3211,0.17433144,0.01255608
3211.25,0.20149128,0.01191024
3211.5,0.1952532,0.01452924
3211.75,0.20592684,0.01699704
3212,0.19269684,0.0162594
3212.25,0.17271684,0.02045196
3212.5,0.16269444,0.0184572
3212.75,0.17042292,0.01279152
3213,0.1485054,0.01927476
3213.25,0.14057604,0.01451412
3213.5,0.12053232,0.01513944
3213.75,0.12456612,0.02151792
3214,0.10569636,0.0164106
3214.25,0.09735012,0.01776276
3214.5,0.08551548,0.01905984
3214.75,0.07270884,0.0137538
3215,0.06751836,0.01674972
3215.25,0.06848064,0.01620216
3215.5,0.06815124,0.01970136
3215.75,0.06825384,0.01375704
3216,0.064719,0.01134
3216.25,0.06564672,0.01196316
3216.5,0.05601852,0.01000188
3216.75,0.06424596,0.01261116
3217,0.06683256,0.014391
3217.25,0.0617976,0.01398816
3217.5,0.07059204,0.01546236
3217.75,0.06874092,0.01946592
3218,0.06776244,0.01558764
3218.25,0.0698274,0.018306
3218.5,0.07686144,0.02573532
3218.75,0.06132996,0.01401732
3219,0.06341328,0.01402056
3219.25,0.06817068,0.0172044
3219.5,0.06846552,0.01687716
3219.75,0.06960492,0.02089044
3220,0.0636984,0.01641168
3220.25,0.0602046,0.01411668
3220.5,0.06316596,0.01779192
3220.75,0.06047136,0.01478952
3221,0.0617112,0.01562868
3221.25,0.060642,0.01230768
3221.5,0.0653886,0.01395684
3221.75,0.06614568,0.01305936
3222,0.06898824,0.00984528
3222.25,0.06733692,0.0092934
3222.5,0.07583004,0.01148256
3222.75,0.0708966,0.00924696
3223,0.07884648,0.01017252
3223.25,0.07999128,0.00927612
3223.5,0.0881226,0.01020168
3223.75,0.10610244,0.00412992
3224,0.08959248,0.0037476
3224.25,0.1021896,0.00189
3224.5,0.11723832,0.00237168
3224.75,0.13078908,0.003321
3225,0.14508504,0.0039528
3225.25,0.14154264,0.00451224
3225.5,0.16029684,0.00342468
3225.75,0.15511608,0.002862
3226,0.15193872,0.00164376
3226.25,0.13970016,0.00558036
3226.5,0.14894388,0.000702
3226.75,0.16096752,0.00404568
3227,0.17873568,0.00388908
3227.25,0.18707544,0.00892188
3227.5,0.1719846,0.0083376
3227.75,0.16901892,0.01060776
3228,0.1639386,0.0093906
3228.25,0.15643584,0.00972864
3228.5,0.1521828,0.01110564
3228.75,0.15865416,0.00787104
3229,0.1410264,0.0088668
3229.25,0.18090432,0.01841076
3229.5,0.21768588,0.01933632
3229.75,0.2460024,0.01803492
3230,0.284958,0.01475604
3230.25,0.32160672,0.01318464
3230.5,0.26626968,0.0063612
3230.75,0.26707536,0.0070092
3231,0.3033396,0.01145772
3231.25,0.29548692,0.01309284
3231.5,0.25605072,0.01052892
3231.75,0.24515136,0.00555876
3232,0.2428326,0.00884952
3232.25,0.26429112,0.01992276
3232.5,0.21500208,0.00823824
3232.75,0.19273248,0.00457488
3233,0.18377172,0.00556632
3233.25,0.18005112,0.0048924
3233.5,0.17290908,0.00774684
3233.75,0.15360516,0.01348488
3234,0.16791192,0.0272808
3234.25,0.16015644,0.00674352
3234.5,0.16904916,0.01037988
3234.75,0.15549948,0.00396252
3235,0.1823634,0.01577124
3235.25,0.17309808,0.00839268
3235.5,0.16251948,0.00497124
3235.75,0.17022204,0.00643248
3236,0.20241468,0.01175256
3236.25,0.20495268,0.01670976
3236.5,0.18563256,0.01851552
3236.75,0.17421804,0.01237248
3237,0.13743756,0.00752328
3237.25,0.1437102,0.0081702
3237.5,0.119124,0.00644436
3237.75,0.12223224,0.01111212
3238,0.10823544,0.00994572
3238.25,0.0960606,0.01388124
3238.5,0.08188236,0.0151902
3238.75,0.07219692,0.00916272
3239,0.07210728,0.01196316
3239.25,0.0783972,0.01898316
3239.5,0.07550604,0.0162378
3239.75,0.07488504,0.01237896
3240,0.07417008,0.01160244
3240.25,0.07644456,0.01282932
3240.5,0.0705888,0.01108296
3240.75,0.06546312,0.0089694
3241,0.074952,0.01178604
3241.25,0.07195068,0.01145772
3241.5,0.079245,0.01717632
3241.75,0.07730856,0.01325268
3242,0.07386876,0.0118692
3242.25,0.07759692,0.01551852
3242.5,0.07288488,0.0109566
3242.75,0.07580088,0.01082592
3243,0.07422516,0.01166184
3243.25,0.07338276,0.01293948
3243.5,0.07909812,0.01545588
3243.75,0.08634816,0.01782
3244,0.07360848,0.01057644
3244.25,0.07524792,0.01128924
3244.5,0.0717012,0.01360368
3244.75,0.07143336,0.0098442
3245,0.07485696,0.01060236
3245.25,0.07500168,0.01181304
3245.5,0.07504056,0.0111996
3245.75,0.07588404,0.0107622
3246,0.08285436,0.0115344
3246.25,0.08775756,0.01169532
3246.5,0.07274232,0.00776196
3246.75,0.07756776,0.006372
3247,0.07088688,0.00790668
3247.25,0.07555248,0.00950508
3247.5,0.0866808,0.00724896
3247.75,0.10054584,0.00669924
3248,0.10299744,0.00731916
3248.25,0.10989,0.00358668
3248.5,0.13400964,0.00482976
3248.75,0.12105936,0.001944
3249,0.13407444,0.00416232
3249.25,0.13640292,0.00217836
3249.5,0.14581296,0.00290412
3249.75,0.15567768,0.00330048
3250,0.16336188,0.00695952
3250.25,0.15809796,0.00494424
3250.5,0.1332504,0.00379188
3250.75,0.1360962,0.00383508
3251,0.14292504,0.00204336
3251.25,0.15961536,0.00540972
3251.5,0.16157556,0.00922968
3251.75,0.149364,0.00908604
3252,0.15043968,0.0100602
3252.25,0.14308488,0.01265436
3252.5,0.12916152,0.01294812
3252.75,0.13371264,0.01729836
3253,0.1151874,0.0129438
3253.25,0.14232456,0.02757132
3253.5,0.1706616,0.0163566
3253.75,0.20919816,0.02340144
3254,0.24326784,0.01480356
3254.25,0.25269624,0.01153224
3254.5,0.231579,0.004563
3254.75,0.19504044,0.00537084
3255,0.22013316,0.00832788
3255.25,0.20002788,0.00566244
3255.5,0.1800036,0.00827064
3255.75,0.165942,0.00567324
3256,0.18466812,0.00897372
3256.25,0.17671068,0.00448308
3256.5,0.16234128,0.00434916
3256.75,0.15740784,0.0072576
3257,0.15360948,0.00375624
3257.25,0.1339254,0.00599832
3257.5,0.13496976,0.00586116
3257.75,0.13283676,0.00598644
3258,0.14914476,0.0068148
3258.25,0.14884344,0.00503928
3258.5,0.12824028,0.00426708
3258.75,0.15757524,0.0121716
3259,0.1715742,0.0123336
3259.25,0.16099668,0.00891864
3259.5,0.1825632,0.01581228
3259.75,0.1553958,0.00805356
3260,0.16504776,0.014877
3260.25,0.14957784,0.0129006
3260.5,0.1341738,0.01214244
3260.75,0.127683,0.01140804
3261,0.11574684,0.0128736
3261.25,0.12537396,0.01444932
3261.5,0.10713384,0.01458108
3261.75,0.08536752,0.01358532
3262,0.08571312,0.01106676
3262.25,0.0702918,0.010422
3262.5,0.06301368,0.00897588
3262.75,0.05712444,0.01124172
3263,0.0601344,0.01441692
3263.25,0.0645786,0.0122742
3263.5,0.070956,0.01650672
3263.75,0.06768252,0.01126116
3264,0.06709176,0.01378296
3264.25,0.06519744,0.01343088
3264.5,0.06403536,0.01426356
3264.75,0.06749676,0.016605
3265,0.0682938,0.01469124
3265.25,0.0625374,0.01430892
3265.5,0.06980796,0.01662768
3265.75,0.06653448,0.01575936
3266,0.06773436,0.0165348
3266.25,0.0683586,0.0138726
3266.5,0.07031448,0.01523016
3266.75,0.06418332,0.00691092
3267,0.0668898,0.00758916
3267.25,0.06822036,0.00785052
3267.5,0.06750648,0.0095202
3267.75,0.0656424,0.0083646
3268,0.06438204,0.00877284
3268.25,0.06555816,0.01001808
3268.5,0.05944968,0.00849636
3268.75,0.0582336,0.00763128
3269,0.06508296,0.00980424
3269.25,0.05967756,0.00666576
3269.5,0.06521472,0.00793584
3269.75,0.06679584,0.00937224
3270,0.0678132,0.01108188
3270.25,0.06299856,0.0073494
3270.5,0.05986332,0.0048762
3270.75,0.05922936,0.00352944
3271,0.05615676,0.0055836
3271.25,0.05808348,0.00491076
3271.5,0.05351832,0.00562896
3271.75,0.05062284,0.00450468
3272,0.03274128,0.00290196
3272.25,0.03161376,0.00171936
3272.5,0.037773,0.00230256
3272.75,0.0372924,0.002484
3273,0.03854844,0.00247104
3273.25,0.0401004,0.00285336
3273.5,0.0397494,0.003726
3273.75,0.04114368,0.00427464
3274,0.04258872,0.00354564
3274.25,0.04199688,0.00365796
3274.5,0.02861892,0.00397332
3274.75,0.03719952,0.00390312
3275,0.04775544,0.0044928
3275.25,0.04025376,0.00343332
3275.5,0.04438044,0.00408996
3275.75,0.04704264,0.00407484
3276,0.04364172,0.00531036
3276.25,0.04416228,0.003618
3276.5,0.0403164,0.003969
3276.75,0.04038876,0.00664308
3277,0.02798388,0.0056592
3277.25,0.03085884,0.00487944
3277.5,0.03221424,0.00460836
3277.75,0.04159944,0.00439452
3278,0.03865644,0.0042606
3278.25,0.0411102,0.00492156
3278.5,0.04002372,0.00348084
3278.75,0.0451386,0.00501984
3279,0.04159728,0.00381132
3279.25,0.04429944,0.0052866
3279.5,0.0332964,0.00319356
3279.75,0.03872988,0.0031752
3280,0.04240296,0.00289116
3280.25,0.04807728,0.00361908
3280.5,0.04852332,0.00285336
3280.75,0.05399136,0.00537624
3281,0.05243508,0.0057132
3281.25,0.04624344,0.00468612
3281.5,0.05123412,0.0059508
3281.75,0.05151816,0.00554364
3282,0.06010956,0.0068364
3282.25,0.06092064,0.00553176
3282.5,0.05444712,0.00406836
3282.75,0.05578956,0.00668412
3283,0.06257304,0.0064422
3283.25,0.056484,0.0062964
3283.5,0.05615028,0.00778572
3283.75,0.06372864,0.01080324
3284,0.05865264,0.00890352
3284.25,0.05889888,0.00961308
3284.5,0.0694494,0.01288224
3284.75,0.05991084,0.01155708
3285,0.06264324,0.01324836
3285.25,0.06471036,0.01670976
3285.5,0.0604908,0.01335636
3285.75,0.05976612,0.00945756
3286,0.05620968,0.00980424
3286.25,0.05507568,0.00906768
3286.5,0.06065064,0.01014876
3286.75,0.05838048,0.01046844
3287,0.06266376,0.013959
3287.25,0.05590404,0.00935388
3287.5,0.06302556,0.01183356
3287.75,0.05942268,0.01182492
3288,0.0579744,0.0120744
3288.25,0.06079968,0.01373436
3288.5,0.05711796,0.00856116
3288.75,0.06059232,0.00585144
3289,0.05627772,0.00551988
3289.25,0.06063984,0.00497556
3289.5,0.0610794,0.0059292
3289.75,0.06700104,0.0087048
3290,0.06983712,0.0088506
3290.25,0.06398892,0.0077922
3290.5,0.06355908,0.00742284
3290.75,0.06528708,0.00776844
3291,0.06593292,0.00821988
3291.25,0.06797628,0.0121284
3291.5,0.06141636,0.00880416
3291.75,0.05987304,0.00831384
3292,0.06034716,0.00811512
3292.25,0.05740632,0.00720576
3292.5,0.05966352,0.00793368
3292.75,0.05742144,0.00719604
3293,0.064125,0.0092826
3293.25,0.06553008,0.0121662
3293.5,0.07187076,0.0138672
3293.75,0.07033716,0.013662
3294,0.0636066,0.00726732
3294.25,0.0614142,0.00830196
3294.5,0.06134184,0.00806436
3294.75,0.06658848,0.00916164
3295,0.06099516,0.00695844
3295.25,0.05399568,0.00938844
3295.5,0.05241132,0.00784728
3295.75,0.0503928,0.00728676
3296,0.0349488,0.00501012
3296.25,0.03871584,0.0067878
3296.5,0.0397062,0.00729864
3296.75,0.0398574,0.00640872
3297,0.04532868,0.00713772
3297.25,0.04502628,0.00642492
3297.5,0.0600912,0.00433728
3297.75,0.04625424,0.00578448
3298,0.04799844,0.00454896
3298.25,0.05532948,0.00715392
3298.5,0.04125276,0.00437616
3298.75,0.039015,0.004968
3299,0.0410724,0.0043848
3299.25,0.05155596,0.00463428
3299.5,0.05170176,0.00579636
3299.75,0.05798844,0.00640116
3300,0.07274448,0.00866376
3300.25,0.05797224,0.00743796
3300.5,0.05198688,0.00595188
3300.75,0.04641408,0.00372276
3301,0.03405564,0.00660744
3301.25,0.0359424,0.00713124
3301.5,0.04109832,0.00796392
3301.75,0.04407048,0.00819936
3302,0.04456944,0.00833112
3302.25,0.04866048,0.00708156
3302.5,0.04294404,0.00541728
3302.75,0.04934628,0.0065988
3303,0.0534654,0.00846072
3303.25,0.04869828,0.00581472
3303.5,0.03656448,0.00533088
3303.75,0.03871152,0.00629856
3304,0.0389448,0.00403056
3304.25,0.04204548,0.0056646
3304.5,0.0378432,0.00420444
3304.75,0.04287924,0.00736992
3305,0.05021568,0.00668736
3305.25,0.043308,0.00537084
3305.5,0.05066712,0.00785808
3305.75,0.04697136,0.006588
3306,0.06329232,0.00762696
3306.25,0.06302448,0.00392472
3306.5,0.06221988,0.00539676
3306.75,0.0568836,0.00372708
3307,0.06723864,0.00617436
3307.25,0.06122196,0.00637524
3307.5,0.06175008,0.00619812
3307.75,0.05990328,0.00545508
3308,0.06020136,0.0069984
3308.25,0.05834268,0.00690012
3308.5,0.06424488,0.00980424
3308.75,0.05805324,0.00668088
3309,0.06556896,0.01021356
3309.25,0.06530976,0.01196964
3309.5,0.05800464,0.00731376
3309.75,0.05625504,0.00807084
3310,0.0564138,0.00726624
3310.25,0.0592434,0.00633636
3310.5,0.056322,0.00844668
3310.75,0.0546102,0.00716796
3311,0.064422,0.01182924
3311.25,0.05619024,0.00813132
3311.5,0.06065388,0.01078704
3311.75,0.06435396,0.01544832
3312,0.06082884,0.01189404
3312.25,0.05984712,0.01067688
3312.5,0.05163696,0.00833112
3312.75,0.05339088,0.00946512
3313,0.05845068,0.00962496
3313.25,0.0606258,0.009909
3313.5,0.06201144,0.01036476
3313.75,0.05896368,0.00762264
3314,0.05616432,0.00545076
3314.25,0.0594972,0.00658908
3314.5,0.057564,0.00946188
3314.75,0.05785668,0.00785376
3315,0.06606468,0.01213272
3315.25,0.06389496,0.01137564
3315.5,0.06318432,0.01047924
3315.75,0.05974452,0.00809136
3316,0.06222636,0.00820692
3316.25,0.059049,0.00722952
3316.5,0.0601074,0.00992196
3316.75,0.05467824,0.00511596
3317,0.06483564,0.00911196
3317.25,0.05709204,0.00575532
3317.5,0.05697,0.00452736
3317.75,0.05987304,0.00458676
3318,0.06616728,0.00611928
3318.25,0.06533784,0.0058482
3318.5,0.07051428,0.0069552
3318.75,0.07776324,0.0071928
3319,0.07579332,0.00404136
3319.25,0.08126136,0.00730944
3319.5,0.08698752,0.006831
3319.75,0.11118384,0.01348272
3320,0.0989928,0.00435672
3320.25,0.0933228,0.00202068
3320.5,0.1074978,0.00100008
3320.75,0.11121516,0.0003186
3321,0.12153564,0.00067932
3321.25,0.13563072,0.00401976
3321.5,0.14349852,0.0028404
3321.75,0.14056632,0.00343116
3322,0.120663,0.00345384
3322.25,0.13782744,0.0016956
3322.5,0.1293732,0.00428868
3322.75,0.11694348,0.00170208
3323,0.13869252,0.0050706
3323.25,0.13966884,0.00682884
3323.5,0.15429204,0.00493344
3323.75,0.13480452,0.00512784
3324,0.12124728,0.00582012
3324.25,0.14167764,0.00478224
3324.5,0.1483272,0.0166212
3324.75,0.1316628,0.00504468
3325,0.11436876,0.00602532
3325.25,0.12615048,0.01144692
3325.5,0.15169896,0.01014336
3325.75,0.17387244,0.00683424
3326,0.19505772,0.00385884
3326.25,0.2239758,0.00028188
3326.5,0.22855608,-0.00044388
3326.75,0.20334348,0.00328212
3327,0.19128636,0.00343548
3327.25,0.17607024,0.0061506
3327.5,0.16882236,0.00474012
3327.75,0.19961856,0.00423252
3328,0.2187324,0.00442152
3328.25,0.20130444,0.00432864
3328.5,0.19581156,0.011421
3328.75,0.1830276,0.004212
3329,0.19650276,0.00904392
3329.25,0.17817084,0.00540648
3329.5,0.17302356,0.00546912
3329.75,0.14473512,0.00683424
3330,0.17941824,0.0125334
3330.25,0.17860824,0.00359424
3330.5,0.19299384,0.00765288
3330.75,0.16235856,0.00676728
3331,0.18109764,0.00471096
3331.25,0.16806852,0.00098712
3331.5,0.20756736,0.00935712
3331.75,0.19750932,0.0079326
3332,0.195831,0.01189728
3332.25,0.18564984,0.011961
3332.5,0.20018556,0.01170936
3332.75,0.19079064,0.02210328
3333,0.1729242,0.0151956
3333.25,0.13861908,0.0134028
3333.5,0.12654468,0.01480788
3333.75,0.11631276,0.01227096
3334,0.11006712,0.01440288
3334.25,0.0971244,0.0175392
3334.5,0.086481,0.0146232
3334.75,0.07425972,0.01646568
3335,0.06984576,0.01682424
3335.25,0.06572232,0.00863244
3335.5,0.06801408,0.01200744
3335.75,0.07417548,0.01089828
3336,0.0694764,0.01421928
3336.25,0.07238916,0.013365
3336.5,0.06658632,0.00995652
3336.75,0.05911812,0.00860328
3337,0.0624348,0.00972864
3337.25,0.06091524,0.01005804
3337.5,0.06154488,0.00826092
3337.75,0.06998184,0.01206036
3338,0.06805404,0.01202256
3338.25,0.06592428,0.01143396
3338.5,0.06609708,0.01254096
3338.75,0.07153488,0.0117396
3339,0.065718,0.01271484
3339.25,0.06909192,0.01226232
3339.5,0.0663066,0.01105272
3339.75,0.06916968,0.013905
3340,0.06504948,0.0106056
3340.25,0.06704208,0.0100116
3340.5,0.06570504,0.01168236
3340.75,0.06088716,0.00927612
3341,0.0673002,0.01236816
3341.25,0.0662418,0.01077516
3341.5,0.07047216,0.00901692
3341.75,0.06831,0.01127844
3342,0.0727434,0.00983556
3342.25,0.07552764,0.00897264
3342.5,0.06208596,0.00582228
3342.75,0.06748056,0.00633852
3343,0.07626204,0.00583848
3343.25,0.09907812,0.00533304
3343.5,0.11204352,0.0055782
3343.75,0.11598984,0.00219996
3344,0.0984906,0.00082188
3344.25,0.10831644,0.00093312
3344.5,0.10363356,0.00010368
3344.75,0.12027852,-3.24e-06
3345,0.14681952,-7.128e-05
3345.25,0.16361676,-0.0001242
3345.5,0.17026092,0.00120312
3345.75,0.18057708,0.00207576
3346,0.17606268,0.00354996
3346.25,0.1659798,0.001728
3346.5,0.15067188,-0.00020304
3346.75,0.1487268,0.00031212
3347,0.18178668,0.00391824
3347.25,0.17350524,0.00127116
3347.5,0.1863,0.00166428
3347.75,0.16931592,0.0044388
3348,0.16700472,0.0036882
3348.25,0.16029144,0.0034722
3348.5,0.15319692,0.0116856
3348.75,0.15106608,0.00315684
3349,0.14092056,0.00570132
3349.25,0.1422306,0.00695844
3349.5,0.19222596,0.0023976
3349.75,0.21100608,0.00226152
3350,0.1789182,-0.00026028
3350.25,0.20838384,-0.00159516
3350.5,0.21006432,-0.00208332
3350.75,0.20030436,-0.0015174
3351,0.21042396,-0.00277128
3351.25,0.20493972,0.002052
3351.5,0.17603676,0.0016686
3351.75,0.17537472,-0.00199692
3352,0.1534896,-0.00039204
3352.25,0.174663,0.00056376
3352.5,0.1781352,0.0011286
3352.75,0.17487144,0.0013554
3353,0.16366644,0.00080028
3353.25,0.14997204,0.00164808
3353.5,0.16539012,0.00507168
3353.75,0.14534964,0.0009126
3354,0.16171488,0.0033642
3354.25,0.16027524,0.00519804
3354.5,0.15165576,0.00238248
3354.75,0.1667196,0.00270972
3355,0.19381248,0.0074412
3355.25,0.18124236,0.00534276
3355.5,0.16030872,0.006534
3355.75,0.1706238,0.00423144
3356,0.16416,0.00593892
3356.25,0.1372464,0.00448848
3356.5,0.13408632,0.0054
3356.75,0.14870088,0.01151064
3357,0.12054204,0.00691092
3357.25,0.11355984,0.00720468
3357.5,0.12824352,0.00588492
3357.75,0.10747188,0.00701784
3358,0.09281088,0.00550584
3358.25,0.0917676,0.00707832
3358.5,0.07700832,0.0103302
3358.75,0.07237404,0.0098658
3359,0.06707772,0.0104382
3359.25,0.06811776,0.01297728
3359.5,0.064935,0.01277208
3359.75,0.07058988,0.01427112
3360,0.06662088,0.0159516
3360.25,0.06387984,0.01090908
3360.5,0.06701832,0.016767
3360.75,0.06363036,0.01548504
3361,0.06239376,0.0119718
3361.25,0.05944212,0.01362528
3361.5,0.06456348,0.01357344
3361.75,0.06568452,0.0189756
3362,0.0652536,0.01697976
3362.25,0.06401484,0.01117692
3362.5,0.06592104,0.0099414
3362.75,0.07090632,0.01251828
3363,0.06737256,0.01019196
3363.25,0.06806592,0.01339956
3363.5,0.07149384,0.01280556
3363.75,0.06559812,0.0105462
3364,0.0670734,0.0135864
3364.25,0.06979392,0.01275696
3364.5,0.06501492,0.01158624
3364.75,0.06022296,0.0105192
3365,0.06412716,0.01063908
3365.25,0.06547176,0.00994572
3365.5,0.06768252,0.00970812
3365.75,0.0735588,0.01075788
3366,0.06833916,0.0075708
3366.25,0.0657882,0.0058158
3366.5,0.06472656,0.0051516
3366.75,0.07221744,0.00481464
3367,0.0833274,0.00678888
3367.25,0.09204084,0.00383184
3367.5,0.11122056,0.00481032
3367.75,0.11806236,0.00254988
3368,0.11482452,0.00304668
3368.25,0.12099888,0.00238788
3368.5,0.13436496,0.00068796
3368.75,0.13180644,0.00077652
3369,0.141507,0.000729
3369.25,0.1665576,0.00088884
3369.5,0.16938396,0.00238248
3369.75,0.15466572,0.00266004
3370,0.14030388,0.0013608
3370.25,0.14313888,0.00195588
3370.5,0.1171476,0.0014958
3370.75,0.1224396,0.00139968
3371,0.12360816,-0.00027432
3371.25,0.1320948,0.00143964
3371.5,0.12744648,0.0028944
3371.75,0.13116384,0.00219024
3372,0.1187298,0.00464508
3372.25,0.11649312,0.00472932
3372.5,0.14423508,0.00507816
3372.75,0.1427382,0.00408024
3373,0.13531104,0.00492912
3373.25,0.13535208,0.006021
3373.5,0.16688916,0.00692712
3373.75,0.1504278,0.0047358
3374,0.16152696,0.00439992
3374.25,0.16095888,0.00248616
3374.5,0.18084708,0.00103356
3374.75,0.1792746,0.00090936
3375,0.18218844,0.00171612
3375.25,0.17778852,0.00432648
3375.5,0.16691616,0.00134136
3375.75,0.13672476,0.00444204
3376,0.14013972,0.00311904
3376.25,0.1483866,-0.00055836
3376.5,0.17142192,0.00343224
3376.75,0.13380768,-0.00027432
3377,0.13217364,6.156e-05
3377.25,0.13070484,0.00271404
3377.5,0.14903136,0.00245592
3377.75,0.14341104,0.0020574
3378,0.1449468,0.00374436
3378.25,0.17581428,0.00139644
3378.5,0.16048476,0.001134
3378.75,0.1761912,0.00246672
3379,0.16541712,0.00498528
3379.25,0.14666292,0.00061128
3379.5,0.17000064,0.00177444
3379.75,0.16359624,0.00406296
3380,0.1558116,0.00723708
3380.25,0.16250544,0.00556416
3380.5,0.16709436,0.0041148
3380.75,0.14025528,0.00586332
3381,0.13564692,0.00770148
3381.25,0.14487444,0.00567324
3381.5,0.11443464,0.00585252
3381.75,0.11177676,0.0082998
3382,0.10777536,0.00981396
3382.25,0.09000936,0.01029456
3382.5,0.07294644,0.00562788
3382.75,0.0696978,0.0104436
3383,0.06929928,0.0128628
3383.25,0.06948396,0.01345572
3383.5,0.06983388,0.01431648
3383.75,0.06859296,0.01203336
3384,0.06354828,0.01012176
3384.25,0.06815988,0.0161784
3384.5,0.0624132,0.00990252
3384.75,0.05824116,0.01078164
3385,0.064638,0.01419444
3385.25,0.06151572,0.013122
3385.5,0.07097004,0.01734804
3385.75,0.0677862,0.01455408
3386,0.08143956,0.0257634
3386.25,0.06712092,0.01437696
3386.5,0.06764904,0.01437804
3386.75,0.06693732,0.01717956
3387,0.06873984,0.01760616
3387.25,0.06894936,0.01691388
3387.5,0.07275312,0.01761156
3387.75,0.06765012,0.01441152
3388,0.06623964,0.015525
3388.25,0.0629532,0.0142506
3388.5,0.06374052,0.0181062
3388.75,0.06014412,0.01575936
3389,0.06276096,0.01459188
3389.25,0.06125328,0.0125604
3389.5,0.07063524,0.01465992
3389.75,0.06433884,0.01283364
3390,0.06731424,0.01199232
3390.25,0.08386416,0.01557684
3390.5,0.0783432,0.01389528
3390.75,0.08842068,0.00866268
3391,0.07974828,0.00614736
3391.25,0.08615916,0.00686664
3391.5,0.09272448,0.00928476
3391.75,0.10519524,0.00380052
3392,0.09255492,0.00706104
3392.25,0.1070388,0.00523692
3392.5,0.10025424,0.00315792
3392.75,0.10908216,0.00145584
3393,0.12187476,0.0038718
3393.25,0.134838,0.00332424
3393.5,0.1421604,0.00789912
3393.75,0.15483636,0.0064746
3394,0.14621688,0.00642492
3394.25,0.1411776,0.0070794
3394.5,0.1254474,0.00681048
3394.75,0.12730932,0.00595512
3395,0.14707332,0.00801036
3395.25,0.14564988,0.00405324
3395.5,0.12830832,0.0059076
3395.75,0.13108284,0.0077814
3396,0.13760604,0.00987552
3396.25,0.13525272,0.0149526
3396.5,0.12282516,0.01155816
3396.75,0.13034088,0.0087696
3397,0.10871388,0.01813104
3397.25,0.11017296,0.01638468
3397.5,0.14812956,0.01750356
3397.75,0.12481236,0.00868212
3398,0.14486472,0.01696356
3398.25,0.14037408,0.00785592
3398.5,0.1578798,0.00902772
3398.75,0.17072856,0.007749
3399,0.16047828,0.00941976
3399.25,0.1567242,0.00678348
3399.5,0.14515092,0.0053082
3399.75,0.14739516,0.00526068
3400,0.1372194,0.00344088
3400.25,0.1521342,0.00265788
3400.5,0.14055336,0.0016146
3400.75,0.14264748,0.00224532
3401,0.1342818,0.00598428
3401.25,0.11556,0.0041418
3401.5,0.12510396,0.00255312
3401.75,0.1263492,0.0079596
3402,0.14012892,0.00560844
3402.25,0.14176944,0.0055728
3402.5,0.13903056,0.00496692
3402.75,0.13815792,0.00642924
3403,0.12687624,0.00260064
3403.25,0.15119244,0.002889
3403.5,0.14612832,0.00029808
3403.75,0.1435266,0.00410724
3404,0.15180912,0.00569052
3404.25,0.14889636,0.00396792
3404.5,0.1487106,0.00490644
3404.75,0.14448024,0.00355104
3405,0.1277424,0.00385452
3405.25,0.12419028,0.00461484
3405.5,0.1311228,0.00349056
3405.75,0.10119708,0.00494856
3406,0.10014624,0.0058482
3406.25,0.08559432,0.00484812
3406.5,0.07638192,0.00384372
3406.75,0.06729588,0.00569916
3407,0.06452568,0.00450144
3407.25,0.06409692,0.00584172
3407.5,0.06888564,0.0059238
3407.75,0.07229736,0.00753624
3408,0.07065144,0.00721116
3408.25,0.06463044,0.00711288
3408.5,0.06325776,0.00563436
3408.75,0.06166476,0.00661824
3409,0.06329556,0.00666036
3409.25,0.06183324,0.00666036
3409.5,0.06239484,0.00586656
3409.75,0.06249852,0.00708912
3410,0.0651942,0.01115208
3410.25,0.06634224,0.0111024
3410.5,0.06213996,0.00984636
3410.75,0.06113448,0.00979452
3411,0.06395112,0.00686556
3411.25,0.05997024,0.009045
3411.5,0.06302016,0.00894996
3411.75,0.0640656,0.00917892
3412,0.06476004,0.01350756
3412.25,0.06636168,0.01222236
3412.5,0.06034284,0.00816696
3412.75,0.05984604,0.00949104
3413,0.06159456,0.0094554
3413.25,0.0650106,0.00998676
3413.5,0.06017004,0.00750384
3413.75,0.06378048,0.00710964
3414,0.0686664,0.00735372
3414.25,0.07785072,0.00755352
3414.5,0.0722736,0.00675324
3414.75,0.07338492,0.00318924
3415,0.0722952,0.0039474
3415.25,0.0835542,0.00240948
3415.5,0.0938844,0.0029484
3415.75,0.10786932,0.00081
3416,0.1087506,0.0017982
3416.25,0.11010384,0.00161568
3416.5,0.11549952,0.00132948
3416.75,0.13211856,7.668e-05
3417,0.14878404,0.0001674
3417.25,0.16149456,0.00118368
3417.5,0.16474644,0.00025272
3417.75,0.17895492,0.00258552
3418,0.18065376,0.00187812
3418.25,0.17014968,0.00209952
3418.5,0.13545468,0.0002484
3418.75,0.1288224,0.00226044
3419,0.15383628,0.0010098
3419.25,0.131436,0.00182628
3419.5,0.15730956,0.0057456
3419.75,0.14011272,0.00294516
3420,0.12935268,0.00434916
3420.25,0.12242016,0.0042228
3420.5,0.1164834,0.00495504
3420.75,0.11446812,0.00417852
3421,0.10940508,0.00905472
3421.25,0.10035576,0.0093312
3421.5,0.13983084,0.0096336
3421.75,0.14028876,0.0101358
3422,0.13135284,0.00856872
3422.25,0.12482532,0.00341928
3422.5,0.13470516,0.00317736
3422.75,0.13974552,0.0018468
3423,0.1273698,0.00152496
3423.25,0.12249144,0.0009558
3423.5,0.1094094,0.0029592
3423.75,0.12283056,0.00296352
3424,0.11525976,0.0011124
3424.25,0.1174824,0.00171936
3424.5,0.11844576,9.828e-05
3424.75,0.116559,-8.1e-05
3425,0.11761416,0.00046548
3425.25,0.12189204,0.000459
3425.5,0.1105164,0.00124092
3425.75,0.10264968,0.00185652
3426,0.12396456,0.00241272
3426.25,0.13451184,0.0024732
3426.5,0.13158072,0.00090828
3426.75,0.13513824,0.00204768
3427,0.15179076,0.00148716
3427.25,0.13574736,0.00168912
3427.5,0.11841336,0.0008424
3427.75,0.1235412,0.00216864
3428,0.1212354,0.0025812
3428.25,0.1069956,0.00070092
3428.5,0.10556568,0.00174096
3428.75,0.12675204,0.00238788
3429,0.12210156,0.00278208
3429.25,0.10015164,0.00164592
3429.5,0.10806264,0.00411696
3429.75,0.08770572,0.00217296
3430,0.08102484,0.00236844
3430.25,0.08010144,0.00232524
3430.5,0.0696924,0.00146988
3430.75,0.06956064,0.00218916
3431,0.05865048,0.00214056
3431.25,0.06463476,0.00372384
3431.5,0.06687036,0.00503712
3431.75,0.0691254,0.00511488
3432,0.06246396,0.0031968
3432.25,0.0643356,0.00480384
3432.5,0.05891076,0.00370224
3432.75,0.0612846,0.0038016
3433,0.06209676,0.00423144
3433.25,0.0624186,0.00526716
3433.5,0.06504624,0.00695304
3433.75,0.06355584,0.00627156
3434,0.0623376,0.00581688
3434.25,0.0626562,0.00614412
3434.5,0.05973912,0.00527796
3434.75,0.06417684,0.00646488
3435,0.0650484,0.00649188
3435.25,0.0639576,0.00584604
3435.5,0.06965244,0.00595512
3435.75,0.06362172,0.00488268
3436,0.06368652,0.00494748
3436.25,0.06477192,0.00550584
3436.5,0.06407748,0.0044928
3436.75,0.05874984,0.00322704
3437,0.06389928,0.00401112
3437.25,0.06279336,0.0052434
3437.5,0.06394248,0.00511164
3437.75,0.06258492,0.00523368
3438,0.06173172,0.00497448
3438.25,0.06278256,0.00571104
3438.5,0.06325452,0.0052434
3438.75,0.061344,0.00347112
3439,0.05996808,0.00199368
3439.25,0.06710796,0.00216324
3439.5,0.06055452,0.00080352
3439.75,0.05604444,0.00092448
3440,0.0434538,3.78e-05
3440.25,0.04364064,-5.292e-05
3440.5,0.04715604,-0.00018252
3440.75,0.04745304,-0.00012204
3441,0.05923908,1.728e-05
3441.25,0.06536484,0.0001188
3441.5,0.05555412,0.00153468
3441.75,0.0676134,0.00118692
3442,0.06561432,0.00086292
3442.25,0.08112204,0.00152172
3442.5,0.0425952,0.00148284
3442.75,0.04017816,0.00132516
3443,0.04945752,0.00228636
3443.25,0.05104296,0.003051
3443.5,0.05000508,0.00307476
3443.75,0.05038848,0.00293868
3444,0.05304636,0.00338904
3444.25,0.06409044,0.00196128
3444.5,0.05428836,0.00414504
3444.75,0.04851252,0.00280692
3445,0.04115664,0.0036936
3445.25,0.04161888,0.00264924
3445.5,0.05575608,0.0034776
3445.75,0.053325,0.00425628
3446,0.0596268,0.00472284
3446.25,0.06019272,0.003429
3446.5,0.05560056,0.00497448
3446.75,0.05636304,0.00444636
3447,0.05804244,0.0062694
3447.25,0.0597024,0.00540864
3447.5,0.0479358,0.00433296
3447.75,0.04726836,0.00454788
3448,0.0519156,0.00483408
3448.25,0.06144876,0.00724572
3448.5,0.05588568,0.00362124
3448.75,0.05659308,0.00550692
3449,0.05850468,0.00523044
3449.25,0.06153084,0.00538596
3449.5,0.0648702,0.0042984
3449.75,0.069768,0.00656964
3450,0.06493716,0.00715068
3450.25,0.06684552,0.0049248
3450.5,0.06820848,0.00440964
3450.75,0.06293592,0.00612036
3451,0.06529572,0.00710532
3451.25,0.06805836,0.00711828
3451.5,0.06241644,0.00755028
3451.75,0.06088284,0.00717552
3452,0.06887268,0.0087426
3452.25,0.06463692,0.00798768
3452.5,0.06341868,0.01007856
3452.75,0.05565348,0.006777
3453,0.05666652,0.00623268
3453.25,0.06060528,0.0062964
3453.5,0.05579172,0.0076248
3453.75,0.0604044,0.00763452
3454,0.05812344,0.00651456
3454.25,0.06387228,0.00993816
3454.5,0.056349,0.007641
3454.75,0.05845392,0.011313
3455,0.0616194,0.01078812
3455.25,0.0574398,0.01068552
3455.5,0.06483888,0.01272672
3455.75,0.06366168,0.01202796
3456,0.06214644,0.00979344
3456.25,0.06064956,0.01082592
3456.5,0.05966028,0.01027944
3456.75,0.058428,0.0097146
3457,0.06507432,0.01067364
3457.25,0.062829,0.01059372
3457.5,0.06757452,0.01031724
3457.75,0.06262056,0.01033884
3458,0.06633576,0.0116802
3458.25,0.06663816,0.01202904
3458.5,0.06930576,0.0123336
3458.75,0.06577632,0.01137348
3459,0.06115068,0.01236924
3459.25,0.06136776,0.01393416
3459.5,0.05806512,0.0117288
3459.75,0.05815044,0.01323216
3460,0.05533272,0.01105272
3460.25,0.05463396,0.01341036
3460.5,0.0525582,0.01124604
3460.75,0.0522342,0.01227852
3461,0.0512568,0.0115938
3461.25,0.05474952,0.01046088
3461.5,0.0583038,0.01221804
3461.75,0.05762232,0.01127952
3462,0.0572832,0.01159704
3462.25,0.060804,0.01049652
3462.5,0.05615892,0.00968436
3462.75,0.06625584,0.0142452
3463,0.07098948,0.01673244
3463.25,0.05861592,0.01163916
3463.5,0.05589756,0.0125766
3463.75,0.04323672,0.01164564
3464,0.03155112,0.00965952
3464.25,0.03474144,0.0089694
3464.5,0.03208572,0.00563328
3464.75,0.03366252,0.00374436
3465,0.03646728,0.00522612
3465.25,0.0413154,0.00445608
3465.5,0.03822336,0.004374
3465.75,0.04759128,0.00514512
3466,0.0452628,0.00426924
3466.25,0.04042872,0.00363096
3466.5,0.02566728,0.00226692
3466.75,0.02806488,0.00168912
3467,0.04902984,0.00167616
3467.25,0.04003452,0.00198504
3467.5,0.0477036,0.00258228
3467.75,0.0483894,0.00256716
3468,0.0412722,0.0030078
3468.25,0.0494694,0.00397224
3468.5,0.03783132,0.00256716
3468.75,0.03745548,0.00248724
3469,0.03407508,0.00307692
3469.25,0.03365928,0.0039528
3469.5,0.03992436,0.0055566
3469.75,0.03321108,0.0029214
3470,0.03534948,0.00427572
3470.25,0.03834864,0.00568944
3470.5,0.037692,0.00482868
3470.75,0.0384264,0.00468396
3471,0.04069116,0.00492048
3471.25,0.04443336,0.00332964
3471.5,0.0389718,0.00283608
3471.75,0.04012524,0.00283932
3472,0.04455756,0.00296244
3472.25,0.0459162,0.00317736
3472.5,0.04960116,0.0027594
3472.75,0.04455648,0.002268
3473,0.0500634,0.00247752
3473.25,0.04422816,0.00162216
3473.5,0.0511164,0.00299052
3473.75,0.05293728,0.0021708
3474,0.06104592,0.00377892
3474.25,0.0705456,0.00268704
3474.5,0.059103,0.00232524
3474.75,0.06100272,0.00315792
3475,0.06113016,0.00464616
3475.25,0.06119604,0.0030132
3475.5,0.05604012,0.00414936
3475.75,0.05681448,0.00500796
3476,0.07012224,0.00758376
3476.25,0.0612576,0.00722088
3476.5,0.06807564,0.00855684
3476.75,0.06438852,0.0078408
3477,0.06462504,0.00839808
3477.25,0.05773572,0.00837648
3477.5,0.05853492,0.00744336
3477.75,0.06419844,0.00950508
3478,0.05977152,0.00813564
3478.25,0.06833376,0.01205604
3478.5,0.05587488,0.0091854
3478.75,0.05598396,0.01056348
3479,0.05595264,0.00808596
3479.25,0.05212836,0.00700812
3479.5,0.05914404,0.01197072
3479.75,0.05913108,0.01231092
3480,0.06273828,0.01407888
3480.25,0.0687096,0.01239516
3480.5,0.05994648,0.0100224
3480.75,0.06588432,0.01050516
3481,0.0846882,0.01348812
3481.25,0.0648432,0.0131058
3481.5,0.0694062,0.01392012
3481.75,0.06435936,0.01568268
3482,0.06529248,0.01306044
3482.25,0.06779484,0.01556712
3482.5,0.06602796,0.0124092
3482.75,0.06391008,0.01332504
3483,0.06638544,0.01514376
3483.25,0.07083072,0.02058912
3483.5,0.06422652,0.01416204
3483.75,0.06092172,0.01285416
3484,0.057753,0.01468476
3484.25,0.0623592,0.01437804
3484.5,0.06259572,0.01455948
3484.75,0.06666192,0.0135648
3485,0.07036524,0.01615248
3485.25,0.06708744,0.01181628
3485.5,0.0676782,0.01330344
3485.75,0.07293132,0.01207224
3486,0.066501,0.01165968
3486.25,0.08084772,0.0109404
3486.5,0.07339896,0.0083862
3486.75,0.0779868,0.00848772
3487,0.09060876,0.00739044
3487.25,0.08625204,0.00561708
3487.5,0.12149568,0.00727812
3487.75,0.13601736,0.00250128
3488,0.11333412,0.00292464
3488.25,0.12235644,0.00169884
3488.5,0.13319748,0.00120852
3488.75,0.14942232,0.00121932
3489,0.14321664,0.00171828
3489.25,0.16489116,0.00197748
3489.5,0.16561368,0.0010152
3489.75,0.16643232,0.00215352
3490,0.18119808,0.00205092
3490.25,0.17376336,0.00233928
3490.5,0.1631772,0.00062964
3490.75,0.16419888,0.002025
3491,0.17361432,0.00149904
3491.25,0.17892792,0.00654588
3491.5,0.19069776,0.00483192
3491.75,0.17870004,0.00878472
3492,0.16954596,0.00779004
3492.25,0.1972782,0.01077084
3492.5,0.17594604,0.01333908
3492.75,0.17617716,0.01404756
3493,0.15405984,0.00866268
3493.25,0.14912208,0.0073062
3493.5,0.1680264,0.00869724
3493.75,0.17652816,0.00690768
3494,0.18564228,0.0030888
3494.25,0.19508796,0.00624024
3494.5,0.19719936,0.00568512
3494.75,0.2025162,0.0111348
3495,0.20836764,0.01233576
3495.25,0.20778228,0.0032562
3495.5,0.19302732,0.009477
3495.75,0.173205,0.00013932
3496,0.16975872,0.00479196
3496.25,0.16826508,0.00111132
3496.5,0.18415728,-0.00092232
3496.75,0.1735236,0.00202068
3497,0.16226028,0.0021708
3497.25,0.13960512,0.0035316
3497.5,0.16303896,0.00662148
3497.75,0.15350256,0.00471096
3498,0.15642612,0.00616032
3498.25,0.13475052,0.00254772
3498.5,0.1660014,0.00751572
3498.75,0.16829532,0.00984636
3499,0.1658772,0.00382644
3499.25,0.13955652,0.00465372
3499.5,0.14929704,0.00303372
3499.75,0.17950356,0.00303804
3500,0.18150264,0.00390636
3500.25,0.16287048,0.00434376
3500.5,0.1580418,0.01083024
3500.75,0.13301172,0.00354672
3501,0.14258268,0.01054728
3501.25,0.11588616,0.01104516
3501.5,0.11633544,0.00828144
3501.75,0.12697884,0.01257876
3502,0.10010952,0.00769608
3502.25,0.08572068,0.0045792
3502.5,0.07938864,0.00722088
3502.75,0.06480324,0.00663876
3503,0.06120468,0.01064124
3503.25,0.06715224,0.01503036
3503.5,0.0678672,0.01183572
3503.75,0.06596208,0.01096956
3504,0.06365844,0.00948888
3504.25,0.06821928,0.01092204
3504.5,0.05901984,0.00812376
3504.75,0.05788152,0.0091152
3505,0.06064956,0.0119556
3505.25,0.0594648,0.01051488
3505.5,0.06873552,0.01736424
3505.75,0.06490152,0.0148932
3506,0.05981688,0.01027728
3506.25,0.06072732,0.01209384
3506.5,0.06520284,0.01469556
3506.75,0.06515208,0.01318788
3507,0.06349968,0.0134514
3507.25,0.06340464,0.011286
3507.5,0.06525144,0.0119826
3507.75,0.07192584,0.01632636
3508,0.06922584,0.0158166
3508.25,0.07204788,0.01548828
3508.5,0.0582066,0.01090152
3508.75,0.0641196,0.0122904
3509,0.05969592,0.01134324
3509.25,0.06476112,0.01280664
3509.5,0.06544476,0.01175904
3509.75,0.06277824,0.00917136
3510,0.06276096,0.009747
3510.25,0.07564428,0.01253124
3510.5,0.06223824,0.00655668
3510.75,0.07076808,0.00795636
3511,0.07795008,0.00917568
3511.25,0.07917372,0.00404568
3511.5,0.10503648,0.00575316
3511.75,0.1300752,0.003213
3512,0.11079288,0.0067932
3512.25,0.11918232,0.00190728
3512.5,0.13301064,0.00331668
3512.75,0.14031684,0.00062856
3513,0.158301,0.00337068
3513.25,0.15302952,-0.00038016
3513.5,0.16746156,0.00378756
3513.75,0.16188228,0.00441396
3514,0.17914392,0.00755028
3514.25,0.18882936,0.00477792
3514.5,0.16918416,0.00293652
3514.75,0.18972792,0.00346788
3515,0.18910044,-9.936e-05
3515.25,0.19122048,0.0025704
3515.5,0.19568628,0.0040392
3515.75,0.195993,0.00388368
3516,0.17334216,0.0084672
3516.25,0.17670312,0.00954504
3516.5,0.15780528,0.01074924
3516.75,0.16020288,0.00664632
3517,0.14301468,0.01059804
3517.25,0.15050664,0.00909684
3517.5,0.18739836,0.0111402
3517.75,0.18657648,0.00378108
3518,0.18233208,0.00432432
3518.25,0.2170638,0.00384696
3518.5,0.2209086,0.00720684
3518.75,0.21237984,0.00290628
3519,0.2102598,0.00579528
3519.25,0.18942336,0.00285228
3519.5,0.16980192,0.0021438
3519.75,0.18976032,0.00112536
3520,0.20073096,0.00220752
3520.25,0.20419128,0.00247212
3520.5,0.18062892,0.00140508
3520.75,0.159597,0.00114372
3521,0.17427528,0.0068148
3521.25,0.17457552,0.0030726
3521.5,0.17258076,0.00606096
3521.75,0.17219628,0.0069768
3522,0.16490628,0.0130086
3522.25,0.14404608,0.00393228
3522.5,0.14049504,0.00575208
3522.75,0.1469448,0.0088344
3523,0.17338752,0.00769176
3523.25,0.1787616,0.0061182
3523.5,0.17215308,0.00494316
3523.75,0.16746588,0.00458136
3524,0.1488618,0.00732672
3524.25,0.1594134,0.00935928
3524.5,0.12883536,0.00766368
3524.75,0.15593796,0.01989468
3525,0.12802644,0.0122742
3525.25,0.13715676,0.01013688
3525.5,0.10647936,0.00688932
3525.75,0.12641076,0.01158408
3526,0.10512612,0.01098036
3526.25,0.08548524,0.0138078
3526.5,0.07190208,0.01335204
3526.75,0.06531192,0.01326024
3527,0.06711876,0.01363392
3527.25,0.06341652,0.01545048
3527.5,0.06483996,0.0127008
3527.75,0.06745896,0.01201608
3528,0.06404076,0.0159786
3528.25,0.06911028,0.01465344
3528.5,0.05959116,0.01270728
3528.75,0.06072948,0.01151496
3529,0.0676944,0.01349028
3529.25,0.07535484,0.01752948
3529.5,0.07970292,0.02214324
3529.75,0.07239888,0.01812996
3530,0.0698166,0.0202932
3530.25,0.0710262,0.01766664
3530.5,0.06966216,0.01960092
3530.75,0.07494768,0.02430756
3531,0.06592752,0.01625832
3531.25,0.06346728,0.01581876
3531.5,0.06451596,0.01626696
3531.75,0.06992676,0.02233872
3532,0.06325236,0.01814724
3532.25,0.06699024,0.01890324
3532.5,0.06556248,0.015525
3532.75,0.0676944,0.01804248
3533,0.0652212,0.01856952
3533.25,0.0646002,0.0165402
3533.5,0.0759672,0.02076948
3533.75,0.07714872,0.02115504
3534,0.07253172,0.01871208
3534.25,0.07554276,0.0144288
3534.5,0.08318484,0.01390392
3534.75,0.0661068,0.01221588
3535,0.07708068,0.01330884
3535.25,0.08967996,0.0107244
3535.5,0.0727326,0.00562464
3535.75,0.10147572,0.00456192
3536,0.0908334,0.00111456
3536.25,0.11441844,0.00027972
3536.5,0.12502728,0.0044982
3536.75,0.14372316,0.00521532
3537,0.14541768,0.00333288
3537.25,0.13129884,0.00858276
3537.5,0.1733508,0.00282312
3537.75,0.184599,0.00401652
3538,0.16969176,0.00445716
3538.25,0.1710396,0.00654372
3538.5,0.15209316,0.00387396
3538.75,0.15452208,0.00377028
3539,0.14859936,0.00280152
3539.25,0.17642232,0.0060696
3539.5,0.14793624,0.00428004
3539.75,0.16023312,0.0054
3540,0.15900948,0.01484784
3540.25,0.14107068,0.00928692
3540.5,0.13363812,0.00792288
3540.75,0.11797704,0.00783324
3541,0.13780908,0.0123552
3541.25,0.15781176,0.01772172
3541.5,0.16605972,0.00483948
3541.75,0.157059,0.00659988
3542,0.19201644,0.00998676
3542.25,0.15509556,0.0050328
3542.5,0.15861096,0.00068256
3542.75,0.16417296,0.00378216
3543,0.18064836,0.00439992
3543.25,0.17097588,0.0071874
3543.5,0.17589528,0.00441828
3543.75,0.16602732,0.00250776
3544,0.16437816,-6.372e-05
3544.25,0.16691724,0.0058158
3544.5,0.14519628,0.00373464
3544.75,0.16097616,0.00237168
3545,0.16419456,0.00389232
3545.25,0.15700176,0.00119232
3545.5,0.15043212,0.00697896
3545.75,0.1237572,0.0061614
3546,0.1957284,0.01879956
3546.25,0.19241172,0.00842832
3546.5,0.1465776,0.00258228
3546.75,0.20366748,0.0062532
3547,0.21462624,0.0064746
3547.25,0.20326572,0.00566676
3547.5,0.20107548,0.00708912
3547.75,0.1403568,0.00374652
3548,0.16347204,0.00325728
3548.25,0.18023904,0.00825336
3548.5,0.1557738,0.00871236
3548.75,0.10389384,0.0096174
3549,0.10728828,0.0120528
3549.25,0.12189744,0.00528444
3549.5,0.12655116,0.00801036
3549.75,0.08778456,0.010422
3550,0.09839016,0.0092664
3550.25,0.08169012,0.01240164
3550.5,0.06992136,0.00929988
3550.75,0.06770844,0.00975996
3551,0.06283656,0.01153332
3551.25,0.06448572,0.01154304
3551.5,0.06911676,0.0177174
3551.75,0.070443,0.00998892
3552,0.06123924,0.009153
3552.25,0.0643626,0.00843048
3552.5,0.06671916,0.00805356
3552.75,0.05479596,0.00470772
3553,0.05733828,0.00502524
3553.25,0.058482,0.00514404
3553.5,0.05926392,0.0064584
3553.75,0.0566298,0.00580824
3554,0.05999616,0.00639468
3554.25,0.05647428,0.0066042
3554.5,0.06904656,0.01007748
3554.75,0.0636282,0.00809352
3555,0.07059096,0.0087588
3555.25,0.06377292,0.00652536
3555.5,0.06671052,0.00922428
3555.75,0.06542532,0.00663228
3556,0.06471792,0.00746496
3556.25,0.0690552,0.0064368
3556.5,0.05613516,0.0056376
3556.75,0.06468444,0.00563436
3557,0.0608634,0.00587844
3557.25,0.05956848,0.0040068
3557.5,0.06580224,0.0048492
3557.75,0.05894964,0.00318276
3558,0.0631638,0.00362448
3558.25,0.06180192,0.0057726
3558.5,0.06950664,0.00374328
3558.75,0.06118956,0.00385884
3559,0.06340464,0.00300348
3559.25,0.09119628,0.00750924
3559.5,0.10421676,0.00765288
3559.75,0.13152456,0.00485244
3560,0.12478968,0.00730296
3560.25,0.12726612,0.01401624
3560.5,0.13999176,0.00843912
3560.75,0.1606554,0.01062504
3561,0.16142976,0.01105812
3561.25,0.1681776,0.00702756
3561.5,0.18429228,0.0032508
3561.75,0.16790112,0.00520344
3562,0.17253972,0.01164348
3562.25,0.1692198,0.00783108
3562.5,0.18615744,0.009855
3562.75,0.17820648,0.00512892
3563,0.18310536,0.01117476
3563.25,0.19412676,0.00592812
3563.5,0.18585612,0.00659664
3563.75,0.17188416,0.01321272
3564,0.18705276,0.01786752
3564.25,0.19715724,0.00974592
3564.5,0.19075068,0.02051568
3564.75,0.17856936,0.01390608
3565,0.16053012,0.0133056
3565.25,0.17827884,0.01618812
3565.5,0.20674872,0.01872288
3565.75,0.2039742,0.0063126
3566,0.22866624,0.01098036
3566.25,0.2817828,0.00933336
3566.5,0.26071632,0.00527796
3566.75,0.21835548,0.002133
3567,0.26529768,0.00674784
3567.25,0.28564056,0.0090396
3567.5,0.23799204,0.0072738
3567.75,0.23234148,0.00793584
3568,0.24915708,0.01004832
3568.25,0.26498772,0.01386288
3568.5,0.2325564,0.00645624
3568.75,0.21624192,0.00703404
3569,0.17718912,0.00266112
3569.25,0.16809336,0.00318384
3569.5,0.19625652,0.00680076
3569.75,0.18551268,0.00275724
3570,0.20365452,0.00943272
3570.25,0.20497752,0.0102168
3570.5,0.1866726,0.00820044
3570.75,0.18666396,0.00743148
3571,0.18587556,0.00891108
3571.25,0.20545704,0.0111672
3571.5,0.17935128,0.00134136
3571.75,0.17030088,0.00265896
3572,0.16598844,0.0002052
3572.25,0.18337752,0.00425952
3572.5,0.12646152,0.00230796
3572.75,0.11110068,0.0036234
3573,0.12950172,0.00149148
3573.25,0.11949984,0.0041472
3573.5,0.10385064,0.00131328
3573.75,0.10085796,0.00538056
3574,0.07881408,0.00328104
3574.25,0.08845848,0.00313524
3574.5,0.07400484,0.00474444
3574.75,0.0618516,0.00535788
3575,0.06679692,0.0087426
3575.25,0.06936948,0.0103086
3575.5,0.06090336,0.01044144
3575.75,0.07000452,0.00733752
3576,0.06774516,0.00932256
3576.25,0.06688656,0.01020168
3576.5,0.06403536,0.00881388
3576.75,0.05779728,0.00946404
3577,0.05448816,0.00946188
3577.25,0.066933,0.0096984
3577.5,0.05948424,0.00809892
3577.75,0.0697032,0.00997704
3578,0.06262812,0.00862272
3578.25,0.06212808,0.00977184
3578.5,0.06744924,0.00814968
3578.75,0.06751944,0.01798092
3579,0.06243588,0.01127412
3579.25,0.05917212,0.01058832
3579.5,0.05691816,0.00999432
3579.75,0.06711336,0.01227312
3580,0.06134616,0.01091664
3580.25,0.06535944,0.01191024
3580.5,0.05798736,0.00835812
3580.75,0.05793984,0.01026432
3581,0.06652908,0.00925776
3581.25,0.06092928,0.00888624
3581.5,0.06900336,0.01024812
3581.75,0.07417872,0.01012068
3582,0.06333552,0.00806328
3582.25,0.06578496,0.0057942
3582.5,0.07116876,0.00781164
3582.75,0.07884,0.00598536
3583,0.08151948,0.01374408
3583.25,0.09280332,0.00761292
3583.5,0.09908676,0.00611712
3583.75,0.1368414,0.0049194
3584,0.1129788,0.0068364
3584.25,0.15816924,0.00953316
3584.5,0.17470188,0.006129
3584.75,0.19665072,0.00159732
3585,0.1874664,0.0084186
3585.25,0.20902212,0.00784188
3585.5,0.19856448,0.00392904
3585.75,0.207522,0.01025568
3586,0.19636128,0.00624888
3586.25,0.2199852,0.01111644
3586.5,0.17572032,0.00696384
3586.75,0.1939464,0.0082782
3587,0.2022138,0.00824148
3587.25,0.195129,0.01164024
3587.5,0.21240468,0.01026108
3587.75,0.19540116,0.01540188
3588,0.1896966,0.01334772
3588.25,0.14722128,0.01405728
3588.5,0.16772616,0.00629208
3588.75,0.17433036,0.0083592
3589,0.1400058,0.00941328
3589.25,0.17183124,0.01404216
3589.5,0.18805608,0.0135756
3589.75,0.17471916,0.00806004
3590,0.16676388,0.00779436
3590.25,0.22593168,0.00832248
3590.5,0.16414272,0.00560412
3590.75,0.21091644,0.00638496
3591,0.17251704,0.00047952
3591.25,0.20011104,0.00986256
3591.5,0.19388592,0.00895536
3591.75,0.16409088,0.00197424
3592,0.17173404,0.00041796
3592.25,0.152037,0.00425628
3592.5,0.15007032,0.00168804
3592.75,0.1532196,0.00391824
3593,0.15073884,0.0050976
3593.25,0.15717132,0.0067986
3593.5,0.14872356,0.00167832
3593.75,0.14260428,0.005454
3594,0.1992222,0.00935496
3594.25,0.14963832,0.00052596
3594.5,0.1567458,0.00799632
3594.75,0.15606648,0.00673164
3595,0.17213796,0.00145152
3595.25,0.15936156,0.00533412
3595.5,0.12449592,-4.32e-05
3595.75,0.16809984,0.00107676
3596,0.16930836,0.00464076
3596.25,0.12484152,0.00337284
3596.5,0.13566636,0.00604584
3596.75,0.1306962,0.0023814
3597,0.14405904,0.00485136
3597.25,0.12640752,0.00668088
3597.5,0.12717972,0.00506412
3597.75,0.10233756,0.00176688
3598,0.095553,0.00703728
3598.25,0.07967484,0.00551664
3598.5,0.06867288,0.00638928
3598.75,0.05934816,0.01063044
3599,0.05643432,0.0094824
3599.25,0.05388984,0.00876312
3599.5,0.05936868,0.01406484
3599.75,0.05974884,0.01050624
3600,0.06809508,0.01091124
3600.25,0.05612436,0.00847368
3600.5,0.06516288,0.00765396
3600.75,0.06393384,0.0021222
3601,0.05839452,0.003294
3601.25,0.07128756,0.00624888
3601.5,0.06138828,0.00513756
3601.75,0.06928632,0.00573372
3602,0.06854868,0.00681588
3602.25,0.07558596,0.00654264
3602.5,0.0613818,0.00535356
3602.75,0.0649296,0.00725868
3603,0.0596106,0.00594432
3603.25,0.06816312,0.00779544
3603.5,0.06212268,0.007695
3603.75,0.06491988,0.007317
3604,0.06994728,0.00722844
3604.25,0.06958548,0.00814968
3604.5,0.06941916,0.007695
3604.75,0.05863536,0.00380916
3605,0.07269048,0.0065502
3605.25,0.0766476,0.0090396
3605.5,0.07390656,0.00794556
3605.75,0.07760556,0.0089424
3606,0.07841664,0.00865944
3606.25,0.07524468,0.00692928
3606.5,0.07831836,0.0067878
3606.75,0.07712388,0.00472176
3607,0.07734204,0.00335124
3607.25,0.07133508,0.00211032
3607.5,0.07042788,0.00433296
3607.75,0.08589348,0.00140292
3608,0.06743736,0.00211032
3608.25,0.0928908,0.00617652
3608.5,0.07761852,0.00898128
3608.75,0.08183484,0.0100602
3609,0.07565724,0.0075168
3609.25,0.0833274,0.00702648
3609.5,0.1082268,0.01308852
3609.75,0.06835536,0.0076086
3610,0.0867996,0.00922752
3610.25,0.08758368,0.0087372
3610.5,0.05320836,0.00751572
3610.75,0.05787396,0.0099846
3611,0.06140124,0.0090504
3611.25,0.07634628,0.00741312
3611.5,0.06756804,0.01003212
3611.75,0.08237592,0.01087452
3612,0.05891616,0.01249452
3612.25,0.0637956,0.00578448
3612.5,0.05418792,0.0024678
3612.75,0.05079996,0.00597672
3613,0.0322002,0.00355644
3613.25,0.03161052,0.00254448
3613.5,0.05773248,0.00841752
3613.75,0.06634656,0.00803736
3614,0.0578502,0.00601776
3614.25,0.05525928,0.0044388
3614.5,0.04882572,0.00405972
3614.75,0.04987548,0.00275832
3615,0.06551064,0.0030456
3615.25,0.05421384,0.00339444
3615.5,0.04297104,0.00124956
3615.75,0.046224,0.00150336
3616,0.05077188,0.00124632
3616.25,0.06266052,0.0013176
3616.5,0.05545476,0.001161
3616.75,0.06009768,0.00096012
3617,0.0624672,0.00150984
3617.25,0.06132456,0.00305856
3617.5,0.06543936,0.0025596
3617.75,0.06776028,0.00413964
3618,0.07528464,0.00261576
3618.25,0.0740286,0.00329832
3618.5,0.07108128,0.00209844
3618.75,0.06373512,0.00195696
3619,0.06822252,0.00263196
3619.25,0.07659036,0.0025164
3619.5,0.06448248,0.00256176
3619.75,0.05754672,0.00243972
3620,0.06651288,0.00378324
3620.25,0.07357068,0.00703836
3620.5,0.08156268,0.0064908
3620.75,0.05919372,0.00773064
3621,0.0694818,0.00843588
3621.25,0.0601128,0.0061182
3621.5,0.0574938,0.007317
3621.75,0.06144768,0.00812916
3622,0.06369732,0.00993816
3622.25,0.05615352,0.00759672
3622.5,0.071766,0.00836676
3622.75,0.06552468,0.0083106
3623,0.07268184,0.01311984
3623.25,0.07062444,0.00645084
3623.5,0.07046568,0.01008288
3623.75,0.06277608,0.00768528
3624,0.06050052,0.0057942
3624.25,0.07867152,0.00966708
3624.5,0.06657768,0.0068688
3624.75,0.07014924,0.0099846
3625,0.05961384,0.01005588
3625.25,0.07363764,0.01044792
3625.5,0.07796196,0.01272348
3625.75,0.05911596,0.01056456
3626,0.07524036,0.01133352
3626.25,0.06891588,0.00830304
3626.5,0.07367328,0.00911088
3626.75,0.0789912,0.01072224
3627,0.07408584,0.0083214
3627.25,0.0775116,0.00984528
3627.5,0.07776972,0.00808704
3627.75,0.08089308,0.01145556
3628,0.07768764,0.01149876
3628.25,0.07781184,0.01046736
3628.5,0.0738882,0.01012932
3628.75,0.07584516,0.01012932
3629,0.07663572,0.01000944
3629.25,0.07280064,0.00843048
3629.5,0.07874604,0.00846396
3629.75,0.0760644,0.00736128
3630,0.07548228,0.00985608
3630.25,0.07503408,0.00960552
3630.5,0.09408096,0.01151712
3630.75,0.07354476,0.00774036
3631,0.07136316,0.00661932
3631.25,0.06723432,0.00493668
3631.5,0.06754752,0.00883764
3631.75,0.05704128,0.0062694
3632,-0.02427732,0.00201528
3632.25,0,0
3632.5,0,0
3632.75,0,0
3633,0,0
3633.25,0,0
3633.5,0,0
3633.75,0,0
3634,0,0
3634.25,0,0
3634.5,0,0
3634.75,0,0
3635,0,0
3635.25,0,0
3635.5,0,0
3635.75,0,0
3636,0,0
3636.25,0,0
3636.5,0,0
3636.75,0,0
3637,0,0
3637.25,0,0
3637.5,0,0
3637.75,0,0
3638,0,0
3638.25,0,0
3638.5,0,0
3638.75,0,0
3639,0,0
3639.25,0,0
3639.5,0,0
3639.75,0,0
3640,0,0
3640.25,0,0
3640.5,0,0
3640.75,0,0
3641,0,0
3641.25,0,0
3641.5,-0.06750108,0.01286712
3641.75,0.07333308,0.02807244
3642,0.05983632,0.01400976
3642.25,0.06441336,0.00986256
3642.5,0.06025752,0.0085104
3642.75,0.06392844,0.00847908
3643,0.05766984,0.00619596
3643.25,0.0602694,0.00618624
3643.5,0.05787396,0.00643248
3643.75,0.05724,0.0068958
3644,0.06203628,0.0064206
3644.25,0.069552,0.00724464
3644.5,0.0650916,0.00704916
3644.75,0.05677992,0.00826308
3645,0.07116876,0.00993924
3645.25,0.06764364,0.01017468
3645.5,0.06228792,0.00839592
3645.75,0.07521876,0.0093096
3646,0.0582012,0.00906984
3646.25,0.06494256,0.00894672
3646.5,0.06132024,0.00773064
3646.75,0.05647428,0.00909684
3647,0.06771924,0.01177092
3647.25,0.06842988,0.01118664
3647.5,0.07123032,0.01063152
3647.75,0.0626238,0.0091422
3648,0.06862212,0.00849852
3648.25,0.07218288,0.01113372
3648.5,0.06210756,0.00756972
3648.75,0.06344244,0.00940032
3649,0.06545988,0.00945108
3649.25,0.06449436,0.00761184
3649.5,0.0697734,0.01412748
3649.75,0.07074108,0.00944676
3650,0.06980472,0.00830844
3650.25,0.07237404,0.0088398
3650.5,0.07328124,0.01065636
3650.75,0.069363,0.0083916
3651,0.0704592,0.01038528
3651.25,0.06897204,0.00726948
3651.5,0.07082424,0.0091206
3651.75,0.05369436,0.00832896
3652,0.06817932,0.00810432
3652.25,0.06483024,0.00852444
3652.5,0.06923664,0.00623484
3652.75,0.0631368,0.00709236
3653,0.06608736,0.00737532
3653.25,0.07267968,0.01050084
3653.5,0.0691524,0.00933012
3653.75,0.06602256,0.00960984
3654,0.07089336,0.00921996
3654.25,0.0684342,0.00500472
3654.5,0.06852816,0.00516564
3654.75,0.07596504,0.00626832
3655,0.0754326,0.00460188
3655.25,0.0905472,0.00506736
3655.5,0.09790848,0.00865296
3655.75,0.135864,0.0055674
3656,0.12918528,0.00606852
3656.25,0.1578258,0.00563868
3656.5,0.1731942,0.00576288
3656.75,0.18631296,0.00713772
3657,0.19998036,0.0118314
3657.25,0.20387592,0.00581904
3657.5,0.21882204,0.00458136
3657.75,0.22501476,0.00889812
3658,0.24191136,0.01059156
3658.25,0.2789154,0.0155412
3658.5,0.24077196,0.00944028
3658.75,0.2480868,0.00846828
3659,0.28239516,0.01031724
3659.25,0.29509056,0.01466316
3659.5,0.28931148,0.01324836
3659.75,0.29086344,0.01709964
3660,0.2812266,0.0235764
3660.25,0.2362608,0.00923724
3660.5,0.2499174,0.01977912
3660.75,0.26329752,0.01865052
3661,0.2194992,0.01360692
3661.25,0.27136296,0.01227204
3661.5,0.27840132,0.0094338
3661.75,0.32343624,0.01678104
3662,0.34078752,0.02027808
3662.25,0.31655448,0.01153116
3662.5,0.35517096,0.01708236
3662.75,0.3542994,0.01732644
3663,0.36053964,0.01907496
3663.25,0.35097408,0.01977156
3663.5,0.32741712,0.0209736
3663.75,0.3359934,0.02102112
3664,0.2495988,0.00588816
3664.25,0.28262304,0.00978912
3664.5,0.2718468,0.00663552
3664.75,0.30274128,0.00937224
3665,0.30201768,0.01477872
3665.25,0.30452004,0.01237572
3665.5,0.24008076,0.00827064
3665.75,0.26057484,0.01472472
3666,0.27364068,0.01800252
3666.25,0.25960176,0.01843992
3666.5,0.25495668,0.01284444
3666.75,0.24672384,0.01489104
3667,0.27992196,0.00776304
3667.25,0.24822396,0.00450468
3667.5,0.26343252,0.00686448
3667.75,0.20845188,0.00393876
3668,0.19072368,0.0056808
3668.25,0.20377872,0.00402624
3668.5,0.16329816,0.00354132
3668.75,0.16785144,0.0047736
3669,0.1598994,0.00337176
3669.25,0.148797,0.00258984
3669.5,0.14929164,0.01384236
3669.75,0.12413628,0.00419796
3670,0.1295028,0.0169884
3670.25,0.1046898,0.0055728
3670.5,0.08721648,0.0056862
3670.75,0.06942024,0.00795852
3671,0.06798168,0.01011312
3671.25,0.06613164,0.01031616
3671.5,0.07508916,0.01384992
3671.75,0.0741042,0.01326024
3672,0.0832626,0.01556712
3672.25,0.0723546,0.00621432
3672.5,0.06106428,0.0053946
3672.75,0.06241752,0.00456624
3673,0.0540756,0.00609228
3673.25,0.07118712,0.00684288
3673.5,0.06787152,0.0071334
3673.75,0.06846552,0.00794556
3674,0.06798492,0.0074628
3674.25,0.06813288,0.00703404
3674.5,0.0756486,0.00808164
3674.75,0.07976448,0.00928152
3675,0.0773712,0.00913788
3675.25,0.0755946,0.00739476
3675.5,0.06578172,0.00825768
3675.75,0.07218288,0.00904068
3676,0.07330824,0.00720468
3676.25,0.07779456,0.00922104
3676.5,0.0707724,0.00846936
3676.75,0.06725268,0.0078894
3677,0.06387336,0.00750492
3677.25,0.06274044,0.00829224
3677.5,0.06987384,0.00829548
3677.75,0.06121224,0.00664524
3678,0.0662904,0.00668736
3678.25,0.06903252,0.0070038
3678.5,0.06834456,0.00520776
3678.75,0.06704208,0.00361908
3679,0.08790552,0.00691632
3679.25,0.09253224,0.00269568
3679.5,0.11874168,0.00725976
3679.75,0.19080684,0.00341928
3680,0.15036408,0.00462348
3680.25,0.17990316,0.00466776
3680.5,0.1810944,0.00154116
3680.75,0.20087676,0.0007884
3681,0.22362588,0.0003024
3681.25,0.26086644,0.00199368
3681.5,0.28170072,0.0052056
3681.75,0.29866968,0.00663444
3682,0.23818212,0.00642924
3682.25,0.25805628,0.00515376
3682.5,0.22932396,0.00176364
3682.75,0.22143348,0.00037692
3683,0.24112836,0.00323892
3683.25,0.23688504,0.00452196
3683.5,0.27565596,0.0031158
3683.75,0.22599216,0.00353484
3684,0.21208824,0.00772524
3684.25,0.24085404,0.01828656
3684.5,0.21197376,0.0076842
3684.75,0.2122308,0.00486756
3685,0.23638824,0.00900396
3685.25,0.2031318,0.00638604
3685.5,0.23079384,0.0063396
3685.75,0.3142854,0.01092528
3686,0.33173604,0.01588356
3686.25,0.30963492,0.02279124
3686.5,0.36813528,0.03068496
3686.75,0.35712576,0.01947564
3687,0.3436614,0.02418012
3687.25,0.353943,0.02464128
3687.5,0.32789232,0.02577744
3687.75,0.3351726,0.0281772
3688,0.3201552,0.024408
3688.25,0.2677752,0.01725516
3688.5,0.31217076,0.02670084
3688.75,0.27590652,0.02436156
3689,0.27564516,0.02433024
3689.25,0.1523556,0.00273024
3689.5,0.18955512,0.01411344
3689.75,0.1639278,0.00983664
3690,0.22390344,0.00992952
3690.25,0.17915148,0.00910224
3690.5,0.1717794,0.00883116
3690.75,0.14107824,0.00262224
3691,0.11884752,0.00470772
3691.25,0.2216646,0.00785916
3691.5,0.18635292,0.00715392
3691.75,0.13524408,0.00752976
3692,0.21275136,0.00801792
3692.25,0.10489392,0.00328104
3692.5,0.187758,0.00898128
3692.75,0.1250586,0.009774
3693,0.16604784,0.00487404
3693.25,0.15428448,0.006561
3693.5,0.12542256,0.00088992
3693.75,0.12888396,0.00998784
3694,0.10626444,0.0032832
3694.25,0.09404532,0.00688932
3694.5,0.08013708,0.01139724
3694.75,0.06730668,0.00729648
3695,0.06865776,0.00876096
3695.25,0.06847956,0.0066258
3695.5,0.07705692,0.00728028
3695.75,0.08285976,0.00572832
3696,0.0765774,0.01244484
3696.25,0.07128864,0.0104868
3696.5,0.07653636,0.008748
3696.75,0.06965676,0.01223532
3697,0.06708204,0.01309608
3697.25,0.06769548,0.0077112
3697.5,0.07636356,0.0060156
3697.75,0.0726138,0.00975348
3698,0.07135884,0.00908928
3698.25,0.07313328,0.00920808
3698.5,0.07003584,0.00790668
3698.75,0.07041384,0.01065636
3699,0.07772976,0.01352484
3699.25,0.07762284,0.01335312
3699.5,0.07233624,0.01044252
3699.75,0.0762588,0.01015956
3700,0.0807138,0.01266732
3700.25,0.08133048,0.01568376
3700.5,0.06727644,0.00955476
3700.75,0.07341084,0.01224288
3701,0.07062336,0.01133244
3701.25,0.07753428,0.00932256
3701.5,0.0705294,0.00748008
3701.75,0.07225308,0.00732024
3702,0.06626448,0.00705456
3702.25,0.08516232,0.00907308
3702.5,0.07324344,0.01162944
3702.75,0.07278228,0.0064962
3703,0.08527896,0.00589464
3703.25,0.0868428,0.00658152
3703.5,0.1007478,0.0141588
3703.75,0.11413548,0.00367524
3704,0.14236236,0.00217296
3704.25,0.15694884,0.00317088
3704.5,0.17720208,0.00102816
3704.75,0.1832382,0.00049464
3705,0.19888632,0.00052812
3705.25,0.23438808,0.00686772
3705.5,0.24134976,0.00917352
3705.75,0.24743772,0.01160568
3706,0.22900752,0.00850176
3706.25,0.21834468,0.0088884
3706.5,0.24335532,0.00813348
3706.75,0.21849696,0.01294596
3707,0.21468132,0.00752976
3707.25,0.21369312,0.01695276
3707.5,0.26006508,0.0215028
3707.75,0.25446312,0.02370384
3708,0.23405328,0.02902068
3708.25,0.19376928,0.01967436
3708.5,0.18319932,0.02138076
3708.75,0.19273788,0.01734912
3709,0.16365888,0.01309176
3709.25,0.193563,0.0242082
3709.5,0.19840464,0.01073304
3709.75,0.21562092,0.00779976
3710,0.181575,0.00676836
3710.25,0.2138022,0.00393336
3710.5,0.21269196,0.00718416
3710.75,0.24256368,0.00268272
3711,0.19769832,0.00313092
3711.25,0.23786568,0.005238
3711.5,0.1762776,0.00486108
3711.75,0.19312128,0.00440316
3712,0.20420748,0.00435672
3712.25,0.17925624,0.00659232
3712.5,0.17006112,0.00463428
3712.75,0.18800532,0.00917784
3713,0.20153556,0.00750924
3713.25,0.1815696,0.00912384
3713.5,0.1654938,0.00764856
3713.75,0.18475236,0.00303048
3714,0.16209504,0.00731376
3714.25,0.1619946,0.00247644
3714.5,0.15543252,0.00381456
3714.75,0.18595764,0.01277856
3715,0.20425932,0.002916
3715.25,0.19917252,0.01012932
3715.5,0.18063108,0.00286416
3715.75,0.15066,0.00644976
3716,0.18904104,0.00295056
3716.25,0.19123884,0.005103
3716.5,0.16609104,0.00295164
3716.75,0.18225108,0.0138294
3717,0.14097132,0.0054864
3717.25,0.12054204,0.00431784
3717.5,0.11510748,0.00600588
3717.75,0.11219688,0.01507572
3718,0.1025136,0.00713124
3718.25,0.10309464,0.0073062
3718.5,0.08221932,0.0065988
3718.75,0.0709398,0.01336176
3719,0.07019244,0.01197072
3719.25,0.06628932,0.00733212
3719.5,0.06561108,0.00625644
3719.75,0.06725484,0.00702972
3720,0.06794712,0.00779868
3720.25,0.06995052,0.00699516
3720.5,0.05977692,0.00635796
3720.75,0.05959332,0.00768528
3721,0.06938028,0.00943812
3721.25,0.08205624,0.01121472
3721.5,0.0873882,0.01814832
3721.75,0.07813692,0.01283796
3722,0.07568424,0.01402488
3722.25,0.07857216,0.0217404
3722.5,0.0832248,0.0160002
3722.75,0.08205516,0.0142938
3723,0.07723296,0.01341144
3723.25,0.07568856,0.01328616
3723.5,0.070254,0.0104922
3723.75,0.0534114,0.01016172
3724,0.05876172,0.01096416
3724.25,0.06630552,0.01233576
3724.5,0.0631746,0.0123984
3724.75,0.07039332,0.0137916
3725,0.07155432,0.01516104
3725.25,0.07343136,0.01392336
3725.5,0.07920072,0.01628964
3725.75,0.07180596,0.01226124
3726,0.07836156,0.0126306
3726.25,0.08849412,0.0116802
3726.5,0.07542288,0.00689148
3726.75,0.07393788,0.00536112
3727,0.0942192,0.007317
3727.25,0.07866396,0.007749
3727.5,0.0805302,0.00582444
3727.75,0.11698128,0.00869292
3728,0.11301444,0.00969624
3728.25,0.12650256,0.00428652
3728.5,0.1243836,0.00822528
3728.75,0.14780664,0.00475632
3729,0.1820664,0.00617652
3729.25,0.19980108,0.00703836
3729.5,0.2060694,0.00736776
3729.75,0.18910368,-0.00119448
3730,0.18224136,0.0031806
3730.25,0.18497916,0.00728136
3730.5,0.14615316,0.00646164
3730.75,0.17610156,0.00459756
3731,0.17602596,0.01208628
3731.25,0.20671092,0.00978912
3731.5,0.194454,0.01245672
3731.75,0.1684422,0.01194156
3732,0.1734858,0.01002456
3732.25,0.1515078,0.010206
3732.5,0.17859852,0.0104598
3732.75,0.13527108,0.00551988
3733,0.14846328,0.01206684
3733.25,0.1772982,0.01440396
3733.5,0.18101448,0.00582444
3733.75,0.15487092,0.00665712
3734,0.1838484,0.0069552
3734.25,0.19538496,0.00016308
3734.5,0.17554428,0.00116208
3734.75,0.17181504,-0.0014526
3735,0.18909396,-0.00150768
3735.25,0.20177856,0.00021384
3735.5,0.18468648,0.0005832
3735.75,0.19241388,-0.00042552
3736,0.18380088,0.0002268
3736.25,0.20721852,0.00176904
3736.5,0.15381144,0.00037476
3736.75,0.16986024,0.00049572
3737,0.14179644,-0.00151092
3737.25,0.16477236,0.00184464
3737.5,0.15596928,0.00144936
3737.75,0.14843736,0.00064476
3738,0.14636808,0.00199044
3738.25,0.1573344,0.00160596
3738.5,0.13594176,0.00401652
3738.75,0.16010676,0.0065286
3739,0.12490632,0.00165888
3739.25,0.15322716,0.00127008
3739.5,0.17519544,0.00325188
3739.75,0.1943244,0.00682992
3740,0.17730252,0.00334908
3740.25,0.12202812,0.00423684
3740.5,0.17202348,0.00938736
3740.75,0.15705576,0.0075978
3741,0.13458744,0.01080756
3741.25,0.15391188,0.00812916
3741.5,0.11850948,0.00921348
3741.75,0.10698264,0.0123228
3742,0.11498544,0.00886788
3742.25,0.09959436,0.00840888
3742.5,0.0697248,0.00596808
3742.75,0.07434288,0.00766044
3743,0.07115256,0.00870912
3743.25,0.05935572,0.01121148
3743.5,0.07605252,0.01531116
3743.75,0.06844392,0.00960552
3744,0.06696,0.00884628
3744.25,0.06958224,0.00907632
3744.5,0.07074648,0.01508328
3744.75,0.05723028,0.01137024
3745,0.07250364,0.01679508
3745.25,0.06819444,0.01348164
3745.5,0.06926148,0.01275804
3745.75,0.06995268,0.0137214
3746,0.06972372,0.01539
3746.25,0.06989976,0.02147688
3746.5,0.0726138,0.00880956
3746.75,0.07296804,0.0115182
3747,0.06621696,0.01147824
3747.25,0.07045164,0.01010016
3747.5,0.06930036,0.00862056
3747.75,0.06945804,0.01001808
3748,0.07093116,0.0138942
3748.25,0.07160184,0.0084402
3748.5,0.06675264,0.00831492
3748.75,0.06328908,0.00934416
3749,0.05661684,0.00869292
3749.25,0.06925068,0.00849312
3749.5,0.07241076,0.0094014
3749.75,0.0708588,0.00814428
3750,0.0715878,0.00871776
3750.25,0.08075592,0.0103464
3750.5,0.07122384,0.01381644
3750.75,0.06424164,0.008613
3751,0.07189992,0.0090018
3751.25,0.09545472,0.006723
3751.5,0.13450428,0.00693576
3751.75,0.13589208,0.0074358
3752,0.12022128,0.0015822
3752.25,0.13114008,0.00446796
3752.5,0.1497258,0.00135
3752.75,0.174177,0.00130896
3753,0.16430796,0.00434052
3753.25,0.181926,0.00416772
3753.5,0.20120832,-0.0010098
3753.75,0.19715076,-0.00120312
3754,0.15906996,0.00258552
3754.25,0.20727468,0.00127332
3754.5,0.15272064,0.00275616
3754.75,0.135918,0.00054216
3755,0.1399734,0.00418932
3755.25,0.14858316,0.00143316
3755.5,0.17482284,0.0077922
3755.75,0.18303516,0.01351512
3756,0.183519,0.01017576
3756.25,0.14024232,0.01314036
3756.5,0.15007464,0.01462536
3756.75,0.149364,0.01263816
3757,0.1295514,0.01181304
3757.25,0.12110472,0.01228284
3757.5,0.1634958,0.01206036
3757.75,0.17825076,0.01202796
3758,0.19169028,0.0064152
3758.25,0.20238444,0.00505116
3758.5,0.17108064,0.00357912
3758.75,0.17469864,0.00505116
3759,0.1598238,0.00501552
3759.25,0.17313156,0.00499176
3759.5,0.17256888,0.00435996
3759.75,0.1521612,0.00258228
3760,0.15926868,0.00132084
3760.25,0.16667208,0.00220644
3760.5,0.16734276,0.0023166
3760.75,0.14905944,0.00136836
3761,0.14663376,0.00269784
3761.25,0.1336878,0.00306936
3761.5,0.13135176,0.00224856
3761.75,0.14289156,0.00333828
3762,0.14230728,0.00576936
3762.25,0.14532696,0.00559548
3762.5,0.12952656,0.00879444
3762.75,0.1673784,0.00729432
3763,0.18948276,0.00853632
3763.25,0.1704186,0.00431784
3763.5,0.16709544,0.00701136
3763.75,0.16491816,0.0040014
3764,0.15690888,0.00447984
3764.25,0.18089676,0.00909468
3764.5,0.15959592,0.0040122
3764.75,0.15092352,0.00856872
3765,0.14688,0.00979128
3765.25,0.13095972,0.0120312
3765.5,0.12423348,0.00621972
3765.75,0.11717676,0.00886788
3766,0.10595556,0.00684612
3766.25,0.07726536,0.00604152
3766.5,0.07268076,0.0073278
3766.75,0.06740172,0.00750492
3767,0.06205248,0.01107216
3767.25,0.06383556,0.0122742
3767.5,0.06912864,0.01246104
3767.75,0.0654372,0.01095012
3768,0.0726462,0.00873396
3768.25,0.07631172,0.00717552
3768.5,0.0728406,0.00583416
3768.75,0.06437232,0.00755676
3769,0.0656856,0.00901692
3769.25,0.0687096,0.01037124
3769.5,0.06880788,0.0098226
3769.75,0.06928632,0.00937008
3770,0.06911784,0.00988956
3770.25,0.07280928,0.00946728
3770.5,0.06928848,0.01163808
3770.75,0.065394,0.00855684
3771,0.0652104,0.00817668
3771.25,0.06726672,0.00898344
3771.5,0.06887052,0.00874584
3771.75,0.076923,0.0082566
3772,0.0746334,0.00749736
3772.25,0.06498792,0.00927612
3772.5,0.06470928,0.0100602
3772.75,0.059265,0.00868212
3773,0.0647892,0.0085482
3773.25,0.06667056,0.009612
3773.5,0.06775272,0.0121716
3773.75,0.06767496,0.00952236
3774,0.06790608,0.00658152
3774.25,0.06299532,0.0059454
3774.5,0.06661008,0.00633636
3774.75,0.05185944,0.00510516
3775,0.07553952,0.00489564
3775.25,0.07414524,0.00477468
3775.5,0.07294644,0.00297972
3775.75,0.05440176,0.00236736
3776,0.04494204,0.00238356
3776.25,0.05243184,0.002835
3776.5,0.04513968,0.00227448
3776.75,0.05195448,0.00096984
3777,0.0533088,0.00122364
3777.25,0.07426512,0.00183708
3777.5,0.056916,0.0019008
3777.75,0.08122356,0.00239976
3778,0.06612084,0.00047412
3778.25,0.07970076,0.00215784
3778.5,0.03739824,0.00075924
3778.75,0.05039064,0.00129924
3779,0.04326372,0.00129708
3779.25,0.05329584,0.001836
3779.5,0.0541728,0.00456192
3779.75,0.05034744,0.00365796
3780,0.06225984,0.0042066
3780.25,0.0549342,0.00747252
3780.5,0.04713012,0.00911952
3780.75,0.05540184,0.00717768
3781,0.03889296,0.01191672
3781.25,0.03872124,0.00613548
3781.5,0.05440068,0.00631368
3781.75,0.06166152,0.00746064
3782,0.04556304,0.006021
3782.25,0.05064876,0.00862704
3782.5,0.0600156,0.00809352
3782.75,0.06223284,0.00606204
3783,0.06490368,0.00784296
3783.25,0.06362604,0.00862704
3783.5,0.04937004,0.005589
3783.75,0.04525416,0.00422172
3784,0.06265728,0.00802332
3784.25,0.06029208,0.00597024
3784.5,0.04630932,0.00349056
3784.75,0.0515322,0.00180468
3785,0.0645084,0.0026082
3785.25,0.06215508,0.00411696
3785.5,0.05255064,0.00383292
3785.75,0.0617274,0.00400356
3786,0.06597072,0.00600156
3786.25,0.06671916,0.00271296
3786.5,0.06931656,0.00315144
3786.75,0.06941916,0.00209952
3787,0.06902712,0.00347328
3787.25,0.0707778,0.0035694
3787.5,0.0579528,0.00375732
3787.75,0.06879168,0.0045414
3788,0.05536404,0.00449388
3788.25,0.05833296,0.00508248
3788.5,0.0585036,0.00640764
3788.75,0.06055668,0.00585792
3789,0.071118,0.00891324
3789.25,0.07109748,0.00887112
3789.5,0.06291324,0.00789372
3789.75,0.07066332,0.00932904
3790,0.06530328,0.01075248
3790.25,0.06281064,0.00839052
3790.5,0.06098976,0.0102222
3790.75,0.06055452,0.0090882
3791,0.0639198,0.00983016
3791.25,0.06744492,0.00800064
3791.5,0.06421248,0.00891648
3791.75,0.07309548,0.0109242
3792,0.07221204,0.00840564
3792.25,0.06725376,0.00733428
3792.5,0.06543828,0.00791964
3792.75,0.06722568,0.00921456
3793,0.06902388,0.01066392
3793.25,0.06377508,0.00919728
3793.5,0.06466932,0.00914328
3793.75,0.08401428,0.01279908
3794,0.07950744,0.01314468
3794.25,0.06639948,0.01083024
3794.5,0.08412336,0.01320732
3794.75,0.0727164,0.01159056
3795,0.0762048,0.00841104
3795.25,0.07077996,0.00798552
3795.5,0.07136748,0.00824364
3795.75,0.07004772,0.00813672
3796,0.07086096,0.0083646
3796.25,0.07648344,0.01087992
3796.5,0.0681048,0.00808488
3796.75,0.06558192,0.00926208
3797,0.07813692,0.01055268
3797.25,0.06715764,0.00737748
3797.5,0.06858,0.00715068
3797.75,0.06910596,0.00679212
3798,0.06542208,0.00770796
3798.25,0.06514236,0.00685476
3798.5,0.07103808,0.00771228
3798.75,0.07307496,0.0069714
3799,0.07573824,0.00768528
3799.25,0.05921532,0.00566352
3799.5,0.0610632,0.00934848
3799.75,0.05114232,0.00684072
3800,0.04160808,0.0065718
3800.25,0.04308228,0.0069228
3800.5,0.03933684,0.00629748
3800.75,0.03931524,0.00303264
3801,0.05285196,0.00469692
3801.25,0.03984336,0.0055512
3801.5,0.04895964,0.0086616
3801.75,0.04767336,0.00815508
3802,0.05055696,0.0071658
3802.25,0.03693276,0.00611496
3802.5,0.03060936,0.00695844
3802.75,0.02932632,0.00598752
3803,0.0437994,0.00837
3803.25,0.04797576,0.00849096
3803.5,0.04170636,0.00798984
3803.75,0.05560056,0.00557064
3804,0.06349536,0.00731052
3804.25,0.05533272,0.00619272
3804.5,0.05011956,0.00727812
3804.75,0.04252824,0.00549612
3805,0.03803436,0.00719172
3805.25,0.04056912,0.00747252
3805.5,0.04405752,0.00719496
3805.75,0.03442392,0.00565056
3806,0.04795524,0.00652428
3806.25,0.05325588,0.0076518
3806.5,0.03864888,0.0059832
3806.75,0.04565484,0.0060966
3807,0.05266836,0.00690444
3807.25,0.05909544,0.00859356
3807.5,0.04263084,0.00689472
3807.75,0.03907332,0.00394848
3808,0.04678452,0.00472716
3808.25,0.04847148,0.00309312
3808.5,0.05492772,0.00405972
3808.75,0.05366304,0.00334692
3809,0.05432076,0.0029052
3809.25,0.05635764,0.00458028
3809.5,0.05998752,0.00443232
3809.75,0.06104052,0.00429408
3810,0.06743736,0.0062586
3810.25,0.0672678,0.00505224
3810.5,0.0659664,0.00565704
3810.75,0.06680124,0.00523476
3811,0.06874092,0.00644976
3811.25,0.06353748,0.00496152
3811.5,0.07038252,0.00402084
3811.75,0.06971724,0.00600156
3812,0.07513128,0.00786456
3812.25,0.07448868,0.01014984
3812.5,0.07868124,0.0100332
3812.75,0.07316784,0.0105624
3813,0.07666596,0.01218564
3813.25,0.07128648,0.00983772
3813.5,0.06216048,0.01044684
3813.75,0.07231896,0.01197396
3814,0.06286248,0.0119448
3814.25,0.06606576,0.01241028
3814.5,0.06813828,0.01340064
3814.75,0.06374376,0.00821772
3815,0.06841476,0.00817344
3815.25,0.0638874,0.01125576
3815.5,0.0714852,0.01026108
3815.75,0.06673104,0.00802872
3816,0.07277796,0.00958824
3816.25,0.0707994,0.00857088
3816.5,0.06648804,0.00925776
3816.75,0.07436232,0.00995544
3817,0.07382556,0.01043388
3817.25,0.06293484,0.01217376
3817.5,0.07550388,0.01405728
3817.75,0.07270992,0.0127548
3818,0.0709938,0.01297404
3818.25,0.0733104,0.0136134
3818.5,0.06845148,0.0071766
3818.75,0.0684828,0.00881172
3819,0.07262028,0.00984204
3819.25,0.07799004,0.012393
3819.5,0.07504272,0.0113994
3819.75,0.08134884,0.011826
3820,0.07189128,0.00845208
3820.25,0.06816096,0.00722304
3820.5,0.06835428,0.00740556
3820.75,0.06638868,0.00759888
3821,0.0713934,0.00630072
3821.25,0.07633656,0.00981936
3821.5,0.07365276,0.00681912
3821.75,0.07041492,0.00632664
3822,0.07324776,0.00614628
3822.25,0.07968888,0.00500472
3822.5,0.07611408,0.00462348
3822.75,0.08267508,0.00279936
3823,0.08022132,0.00135756
3823.25,0.09770328,0.00319896
3823.5,0.12625848,0.00494424
3823.75,0.13881672,0.00642816
3824,0.12569688,0.00690444
3824.25,0.15009192,0.00128412
3824.5,0.19245384,0.00584064
3824.75,0.20168028,0.00853416
3825,0.22503312,0.00932904
3825.25,0.256446,0.00758268
3825.5,0.2506626,0.00621216
3825.75,0.25537896,0.00951372
3826,0.25999164,0.00601668
3826.25,0.26337744,0.0086454
3826.5,0.2565756,0.00821556
3826.75,0.26099172,0.0096228
3827,0.25561872,0.00680616
3827.25,0.25328808,0.0095364
3827.5,0.2544264,0.0117504
3827.75,0.2522772,0.01241244
3828,0.24072552,0.01132704
3828.25,0.2305746,0.00519804
3828.5,0.2141154,0.00888624
3828.75,0.22340772,0.01820988
3829,0.21488976,0.01314036
3829.25,0.2054862,0.01113048
3829.5,0.27044496,0.01569132
3829.75,0.29002752,0.00982476
3830,0.32164128,0.0068688
3830.25,0.33267348,0.00411696
3830.5,0.29426544,0.00676296
3830.75,0.31902552,0.00069444
3831,0.31092768,0.01505196
3831.25,0.32352264,0.01742904
3831.5,0.30113424,0.01481868
3831.75,0.27374328,0.01115856
3832,0.22611096,0.00208008
3832.25,0.24063912,0.00140616
3832.5,0.24598188,0.00514944
3832.75,0.2500848,0.00777276
3833,0.2639682,0.00658476
3833.25,0.257634,0.01161756
3833.5,0.235089,0.009018
3833.75,0.21216492,0.00560844
3834,0.24782976,0.00513648
3834.25,0.23100012,0.00741852
3834.5,0.23356296,0.008343
3834.75,0.23560524,0.0097092
3835,0.2553336,0.00801684
3835.25,0.24539868,0.00906228
3835.5,0.22454064,0.00056052
3835.75,0.19561932,0.00212004
3836,0.21809952,0.00128088
3836.25,0.18291852,0.00066744
3836.5,0.16924788,-0.00051408
3836.75,0.18012888,0.00108
3837,0.15375744,9.072e-05
3837.25,0.14232996,-0.00100872
3837.5,0.12892608,0.00069876
3837.75,0.12120084,0.00020628
3838,0.10529028,0.00391176
3838.25,0.0951642,0.00742176
3838.5,0.0825714,0.00601992
3838.75,0.07463664,0.01300536
3839,0.07578684,0.00723168
3839.25,0.0744066,0.00982044
3839.5,0.07212456,0.01185732
3839.75,0.07765092,0.01006128
3840,0.07073568,0.00805248
3840.25,0.07236864,0.01129032
3840.5,0.06520284,0.00852336
3840.75,0.06699996,0.00911412
3841,0.06655824,0.00662904
3841.25,0.06435396,0.00501768
3841.5,0.06517476,0.00464292
3841.75,0.06725484,0.00596484
3842,0.0691686,0.00597672
3842.25,0.0677808,0.00803304
3842.5,0.0695358,0.00771228
3842.75,0.07367436,0.01289088
3843,0.07010064,0.00650052
3843.25,0.0708966,0.007398
3843.5,0.06745248,0.00749088
3843.75,0.07324344,0.00712908
3844,0.07254576,0.0090396
3844.25,0.07169148,0.00776088
3844.5,0.07385904,0.00801576
3844.75,0.07350156,0.0072792
3845,0.06852168,0.00681372
3845.25,0.070524,0.00700272
3845.5,0.0731916,0.00643032
3845.75,0.07389036,0.00540972
3846,0.07367544,0.0057672
3846.25,0.07421868,0.00380052
3846.5,0.07336764,0.00388692
3846.75,0.08115012,0.00243756
3847,0.0961794,0.00230256
3847.25,0.0900018,0.00584388
3847.5,0.12950172,0.0050598
3847.75,0.16432092,0.010422
3848,0.187137,0.0067122
3848.25,0.22842864,0.00727704
3848.5,0.2333124,0.01117584
3848.75,0.27682236,0.0068472
3849,0.29230524,0.00772092
3849.25,0.30092796,0.01272888
3849.5,0.30159648,0.01289196
3849.75,0.3310956,0.0156276
3850,0.32050296,0.00785592
3850.25,0.30956796,0.00699516
3850.5,0.29610144,0.00530388
3850.75,0.31755672,0.00580284
3851,0.34125192,0.0075708
3851.25,0.36090252,0.00943164
3851.5,0.35535132,0.01060236
3851.75,0.354267,0.01720872
3852,0.342792,0.02423844
3852.25,0.29500956,0.0229122
3852.5,0.29803572,0.024192
3852.75,0.25546752,0.01964844
3853,0.29384532,0.02274912
3853.25,0.29063448,0.02354508
3853.5,0.32726268,0.03022164
3853.75,0.37576008,0.02263356
3854,0.37911024,0.02355588
3854.25,0.3591486,0.01690524
3854.5,0.33060744,0.01679508
3854.75,0.33228468,0.02016468
3855,0.35606736,0.02228364
3855.25,0.33646536,0.03892644
3855.5,0.31301856,0.02020572
3855.75,0.31485024,0.01529172
3856,0.31968324,0.01104084
3856.25,0.33678612,0.01053756
3856.5,0.3228174,0.00755136
3856.75,0.30536244,0.00649404
3857,0.31758804,0.01027836
3857.25,0.277479,0.0082134
3857.5,0.29101788,0.01195668
3857.75,0.28567728,0.01612008
3858,0.29602692,0.0173772
3858.25,0.28350864,0.0154008
3858.5,0.2364282,0.00884844
3858.75,0.2506032,0.00807516
3859,0.2384802,0.00773928
3859.25,0.24054516,0.00808272
3859.5,0.22275432,0.00432756
3859.75,0.21793752,0.003267
3860,0.20441808,0.0026676
3860.25,0.20246976,0.00248292
3860.5,0.201744,0.00447336
3860.75,0.1787832,0.0042282
3861,0.17118432,0.0049086
3861.25,0.15673932,0.00201852
3861.5,0.1385802,0.00171072
3861.75,0.13754124,0.00428004
3862,0.11268504,0.00491508
3862.25,0.09868608,0.0065448
3862.5,0.0889596,0.00774144
3862.75,0.07992,0.009612
3863,0.07289892,0.01011312
3863.25,0.06952608,0.01023948
3863.5,0.07173144,0.00874908
3863.75,0.07154352,0.0078462
3864,0.06987168,0.00762156
3864.25,0.072441,0.00872856
3864.5,0.06695676,0.00636012
3864.75,0.06891696,0.00892296
3865,0.06734124,0.0096012
3865.25,0.07215372,0.01071468
3865.5,0.07471332,0.0111402
3865.75,0.07340436,0.010935
3866,0.07603416,0.01247508
3866.25,0.07143336,0.01158084
3866.5,0.07095816,0.01074816
3866.75,0.07082748,0.00950724
3867,0.073116,0.00988956
3867.25,0.0748656,0.01087776
3867.5,0.07122168,0.00875232
3867.75,0.06742332,0.0088452
3868,0.0652482,0.00899964
3868.25,0.06728292,0.0096282
3868.5,0.06856596,0.00971892
3868.75,0.06509916,0.00876528
3869,0.07046136,0.00922212
3869.25,0.06743412,0.00850176
3869.5,0.07639272,0.00950292
3869.75,0.07139988,0.00768636
3870,0.07590456,0.00681048
3870.25,0.08320104,0.00668628
3870.5,0.07923096,0.00374004
3870.75,0.0844128,0.00232308
3871,0.0927396,0.00212544
3871.25,0.1026432,0.0012474
3871.5,0.12558672,0.00434808
3871.75,0.17530776,0.0146286
3872,0.22477608,0.01171476
3872.25,0.2211354,0.0105354
3872.5,0.26277156,0.01574424
3872.75,0.31249692,0.01881468
3873,0.30841128,0.02450088
3873.25,0.31749624,0.02304288
3873.5,0.32635008,0.02302776
3873.75,0.358344,0.03415068
3874,0.35736336,0.03074004
3874.25,0.37030716,0.0313146
3874.5,0.33589944,0.02269296
3874.75,0.34263756,0.02517264
3875,0.37120788,0.02410776
3875.25,0.38875896,0.0270918
3875.5,0.37281708,0.03084804
3875.75,0.3530142,0.03574368
3876,0.32378076,0.03448224
3876.25,0.31548636,0.03283308
3876.5,0.29028024,0.03717792
3876.75,0.29841372,0.041094
3877,0.26553744,0.03302316
3877.25,0.28442772,0.03767904
3877.5,0.31789692,0.03878496
3877.75,0.35605116,0.03990168
3878,0.37021104,0.03077568
3878.25,0.3704292,0.03509676
3878.5,0.36171576,0.02823876
3878.75,0.3594888,0.0248292
3879,0.33141096,0.02706912
3879.25,0.317601,0.0214812
3879.5,0.30927528,0.0157464
3879.75,0.30493476,0.0179334
3880,0.32338656,0.01695816
3880.25,0.36681984,0.0120096
3880.5,0.3519936,0.01563192
3880.75,0.34857216,0.01539
3881,0.335637,0.013716
3881.25,0.29015064,0.01170288
3881.5,0.26809164,0.015498
3881.75,0.25515756,0.01602936
3882,0.27986256,0.01400868
3882.25,0.2699136,0.01174824
3882.5,0.27410076,0.0123714
3882.75,0.2667384,0.01193508
3883,0.2691036,0.01123632
3883.25,0.26919324,0.01121904
3883.5,0.25012584,0.00725004
3883.75,0.22306428,0.00373464
3884,0.2180898,0.00281124
3884.25,0.20991744,0.00450684
3884.5,0.22841352,0.00588276
3884.75,0.2094552,0.00868644
3885,0.18066672,0.00794124
3885.25,0.1635552,0.00579528
3885.5,0.15277464,0.00825012
3885.75,0.13029552,0.00819288
3886,0.12438144,0.00836568
3886.25,0.1140102,0.00819504
3886.5,0.09534888,0.00830088
3886.75,0.08245584,0.00848448
3887,0.0822096,0.00918648
3887.25,0.07487532,0.0076788
3887.5,0.08550252,0.01025136
3887.75,0.08370648,0.012825
3888,0.08268696,0.0132786
3888.25,0.08486748,0.01115208
3888.5,0.08113932,0.00837756
3888.75,0.08356068,0.0102276
3889,0.0830412,0.01255176
3889.25,0.08065332,0.01234008
3889.5,0.0832086,0.01293732
3889.75,0.08544744,0.01331424
3890,0.08240616,0.01324836
3890.25,0.08093736,0.01297296
3890.5,0.08440092,0.01218996
3890.75,0.08548308,0.01442448
3891,0.07917696,0.0071118
3891.25,0.08818416,0.0123066
3891.5,0.08624988,0.0072576
3891.75,0.07896852,0.00811404
3892,0.07985628,0.0066636
3892.25,0.0784944,0.00637632
3892.5,0.07858188,0.00557388
3892.75,0.07459452,0.00482328
3893,0.07715736,0.00547668
3893.25,0.08273016,0.00255852
3893.5,0.08247204,0.0013392
3893.75,0.08171388,0.0029646
3894,0.08533836,0.00357696
3894.25,0.0866106,0.00417528
3894.5,0.08838612,0.00314604
3894.75,0.09613188,0.0029754
3895,0.10876032,0.0039528
3895.25,0.11374128,0.0016794
3895.5,0.1152144,0.0045684
3895.75,0.14684544,0.00738396
3896,0.1579716,0.00773712
3896.25,0.17226972,0.00401544
3896.5,0.20697984,0.0058806
3896.75,0.22653216,0.00601236
3897,0.24008832,0.0069336
3897.25,0.27715392,0.008991
3897.5,0.26889192,0.00997056
3897.75,0.29430756,0.01182384
3898,0.2959848,0.01189728
3898.25,0.29060856,0.01114452
3898.5,0.28446228,0.01481976
3898.75,0.27354888,0.00822744
3899,0.24873696,0.01449792
3899.25,0.31136184,0.03050136
3899.5,0.26217,0.01481868
3899.75,0.24738156,0.0154548
3900,0.22107816,0.01931256
3900.25,0.1998486,0.01662444
3900.5,0.18683892,0.01518156
3900.75,0.17691804,0.00929448
3901,0.17148024,0.01339956
3901.25,0.1907712,0.01383588
3901.5,0.21201372,0.01096092
3901.75,0.24022224,0.0099954
3902,0.21993552,0.00401436
3902.25,0.25293276,0.0069228
3902.5,0.21376764,0.00232308
3902.75,0.24279264,0.00279072
3903,0.21540492,0.00070956
3903.25,0.23079708,0.00313308
3903.5,0.21211092,0.00495396
3903.75,0.20580912,0.00350676
3904,0.2138886,0.00342252
3904.25,0.20585124,0.00246672
3904.5,0.2035152,0.00101412
3904.75,0.18934776,-0.00085752
3905,0.19055628,0.00577584
3905.25,0.17537364,-0.00098928
3905.5,0.19612908,0.00349056
3905.75,0.1644732,0.00488268
3906,0.18481608,0.01010016
3906.25,0.17116704,0.00519588
3906.5,0.1724382,0.00740448
3906.75,0.1802628,0.01503468
3907,0.18476424,0.01625076
3907.25,0.21393288,0.0146178
3907.5,0.17661996,0.01385856
3907.75,0.16670772,0.01029996
3908,0.18452016,0.01197072
3908.25,0.1759266,0.01049436
3908.5,0.16441812,0.00719172
3908.75,0.14670288,0.00618624
3909,0.15528996,0.0077058
3909.25,0.15114492,0.00890892
3909.5,0.1370844,0.0065232
3909.75,0.12913236,0.00896724
3910,0.1223316,0.00689364
3910.25,0.10377936,0.00256716
3910.5,0.09608112,0.00525528
3910.75,0.07953336,0.0077922
3911,0.0727326,0.00937008
3911.25,0.07246692,0.0096606
3911.5,0.07856028,0.00936684
3911.75,0.0840024,0.0078624
3912,0.07297128,0.0070632
3912.25,0.07683444,0.0084834
3912.5,0.07631928,0.00936792
3912.75,0.06519636,0.00788508
3913,0.069714,0.00898668
3913.25,0.07069896,0.00965736
3913.5,0.07272072,0.0120204
3913.75,0.07891236,0.01311336
3914,0.08083152,0.01116288
3914.25,0.07316568,0.0085806
3914.5,0.07575552,0.00798444
3914.75,0.07872984,0.0088992
3915,0.08052264,0.00989712
3915.25,0.07904952,0.01020384
3915.5,0.07787988,0.00879336
3915.75,0.07542504,0.00886356
3916,0.07620696,0.00966816
3916.25,0.0806814,0.010476
3916.5,0.0749736,0.00913248
3916.75,0.07485156,0.00944784
3917,0.078354,0.00966384
3917.25,0.07410636,0.0077868
3917.5,0.07204248,0.0076356
3917.75,0.07381692,0.0069498
3918,0.0750816,0.00614952
3918.25,0.0763668,0.00493344
3918.5,0.07786476,0.00469908
3918.75,0.09639864,0.0054216
3919,0.1066284,0.00551232
3919.25,0.11351556,0.0022086
3919.5,0.13313376,0.00715716
3919.75,0.16529724,0.01054404
3920,0.2044008,0.0056268
3920.25,0.21655728,0.00689688
3920.5,0.23857416,0.00461808
3920.75,0.2352564,0.00448956
3921,0.25615224,0.00831492
3921.25,0.2887272,0.00853092
3921.5,0.2977668,0.01752732
3921.75,0.29787372,0.01205604
3922,0.30310092,0.01909764
3922.25,0.32588352,0.01850688
3922.5,0.29099304,0.01587924
3922.75,0.30789288,0.01376892
3923,0.28866348,0.0159678
3923.25,0.30421008,0.0166482
3923.5,0.29071764,0.01990116
3923.75,0.26428356,0.0213894
3924,0.2201148,0.03022056
3924.25,0.24340932,0.02931876
3924.5,0.2314656,0.02712744
3924.75,0.24626808,0.02179764
3925,0.2190888,0.029997
3925.25,0.21409164,0.02805624
3925.5,0.22510764,0.0234144
3925.75,0.26312904,0.0220212
3926,0.23304024,0.013743
3926.25,0.24748308,0.00813996
3926.5,0.204768,0.00687204
3926.75,0.20743344,0.0086616
3927,0.21181284,0.00694116
3927.25,0.22266468,0.0073872
3927.5,0.1972944,0.00975348
3927.75,0.19813032,0.01161756
3928,0.20313072,0.00633096
3928.25,0.21760596,0.006939
3928.5,0.21241116,0.00772308
3928.75,0.17141436,0.00417744
3929,0.21512412,0.0078894
3929.25,0.2038662,0.00807408
3929.5,0.18573084,0.01087236
3929.75,0.1876122,0.00385992
3930,0.21029328,0.006993
3930.25,0.19897596,0.01426248
3930.5,0.190917,0.00978264
3930.75,0.18822996,0.0090288
3931,0.20110896,0.00661392
3931.25,0.22251132,0.00854172
3931.5,0.20052468,0.00335988
3931.75,0.16929756,0.00225828
3932,0.17154396,0.00448092
3932.25,0.1704078,0.00341712
3932.5,0.14806044,0.0049194
3932.75,0.15832368,0.01452708
3933,0.17331192,0.00930528
3933.25,0.12952116,0.00998892
3933.5,0.131436,0.0091854
3933.75,0.11614644,0.0077868
3934,0.11780748,0.00885708
3934.25,0.11594124,0.00455544
3934.5,0.0895806,0.00489456
3934.75,0.0705078,0.00624888
3935,0.06341868,0.005319
3935.25,0.06325128,0.00566568
3935.5,0.07301556,0.00918324
3935.75,0.07162128,0.01069956
3936,0.06777756,0.00936684
3936.25,0.06657984,0.00865512
3936.5,0.06694164,0.00938088
3936.75,0.06388632,0.01009368
3937,0.0701784,0.01000728
3937.25,0.07218612,0.00689256
3937.5,0.07228332,0.00983664
3937.75,0.06973884,0.00751032
3938,0.07449516,0.00809352
3938.25,0.0731538,0.01003536
3938.5,0.06441336,0.00945648
3938.75,0.06769332,0.01002888
3939,0.06842664,0.01009476
3939.25,0.06854652,0.01113048
3939.5,0.06461748,0.01093932
3939.75,0.07055208,0.00943596
3940,0.0702108,0.01113048
3940.25,0.07367004,0.01115316
3940.5,0.06675156,0.00978804
3940.75,0.06655932,0.0105354
3941,0.07418088,0.01019412
3941.25,0.067176,0.00784512
3941.5,0.07065144,0.00895212
3941.75,0.07252308,0.01083132
3942,0.07241724,0.01084536
3942.25,0.071793,0.0145962
3942.5,0.07085124,0.0138726
3942.75,0.0657774,0.01050516
3943,0.08183916,0.01001484
3943.25,0.08728128,0.00876312
3943.5,0.11469384,0.01274076
3943.75,0.09876384,0.01074708
3944,0.08118792,0.0074412
3944.25,0.07360524,0.00482868
3944.5,0.0783972,0.00309528
3944.75,0.10387224,0.00323676
3945,0.09739548,0.00450468
3945.25,0.09867852,0.00403596
3945.5,0.10186884,0.0056322
3945.75,0.09862776,0.00384912
3946,0.10274688,0.00349812
3946.25,0.10827324,0.00400788
3946.5,0.07038792,-0.0007128
3946.75,0.07419816,-0.00071928
3947,0.07830972,0.00119556
3947.25,0.07448112,0.00101736
3947.5,0.0849474,0.0046926
3947.75,0.07964676,0.00520776
3948,0.09005364,0.00696168
3948.25,0.0816804,0.00734292
3948.5,0.07924392,0.00585252
3948.75,0.08119872,0.0066636
3949,0.06722676,0.00841644
3949.25,0.06642,0.00634608
3949.5,0.07288164,0.00637416
3949.75,0.08333496,0.00533196
3950,0.0801792,0.00428328
3950.25,0.1001538,0.00505872
3950.5,0.08588268,0.00291276
3950.75,0.0964656,0.00634284
3951,0.10577304,0.00732024
3951.25,0.0968166,0.00724032
3951.5,0.08350992,0.00512676
3951.75,0.08281548,0.00598968
3952,0.09561348,0.00535032
3952.25,0.0730836,0.00640764
3952.5,0.08778132,0.00775764
3952.75,0.10640268,0.00854604
3953,0.11205324,0.00774576
3953.25,0.10718676,0.0054594
3953.5,0.10825272,0.00586548
3953.75,0.10965672,0.0071388
3954,0.11079288,0.00818424
3954.25,0.10225764,0.00758376
3954.5,0.08683524,0.00694008
3954.75,0.07504704,0.00784188
3955,0.07939512,0.00965736
3955.25,0.07819632,0.00912492
3955.5,0.06679368,0.00788292
3955.75,0.0708966,0.01112616
3956,0.0700164,0.01172772
3956.25,0.07770384,0.01163052
3956.5,0.07586568,0.01137456
3956.75,0.06921396,0.00926964
3957,0.07053912,0.01216404
3957.25,0.07127028,0.01148364
3957.5,0.07803216,0.01417068
3957.75,0.07257168,0.01658124
3958,0.07044084,0.01520748
3958.25,0.07322832,0.01590192
3958.5,0.06930036,0.01658664
3958.75,0.06784776,0.0105192
3959,0.0666738,0.0080838
3959.25,0.06915888,0.00905364
3959.5,0.0771282,0.0123228
3959.75,0.07316784,0.01415124
3960,0.06661332,0.01379484
3960.25,0.07192476,0.01588572
3960.5,0.06744492,0.01404216
3960.75,0.06737472,0.0168588
3961,0.0718848,0.0175122
3961.25,0.06546744,0.01385964
3961.5,0.07291188,0.01021032
3961.75,0.07038684,0.01237896
3962,0.0732618,0.0135486
3962.25,0.07218828,0.01374084
3962.5,0.07090956,0.01241028
3962.75,0.07027128,0.01180656
3963,0.0719442,0.01354428
3963.25,0.06846336,0.01144044
3963.5,0.07884216,0.01205712
3963.75,0.07107372,0.01394604
3964,0.06994296,0.01104192
3964.25,0.07246368,0.01216944
3964.5,0.0648594,0.0083916
3964.75,0.06313248,0.00776088
3965,0.06634764,0.0113346
3965.25,0.0712962,0.0090342
3965.5,0.07339788,0.0137376
3965.75,0.07364844,0.01216728
3966,0.07914132,0.01466424
3966.25,0.07832484,0.01373436
3966.5,0.07915104,0.01256472
3966.75,0.07212348,0.01087668
3967,0.07506,0.01035936
3967.25,0.0712368,0.01256472
3967.5,0.07422732,0.012204
3967.75,0.06417036,0.00959148
3968,0.0412668,0.0052434
3968.25,0.03967704,0.00587412
3968.5,0.04016844,0.00610308
3968.75,0.03857976,0.0050814
3969,0.04484592,0.00559332
3969.25,0.04312224,0.0069174
3969.5,0.05071464,0.00913572
3969.75,0.04333392,0.00516888
3970,0.04938192,0.00409752
3970.25,0.05571936,0.00349704
3970.5,0.03403944,0.00175932
3970.75,0.04209084,0.00132516
3971,0.04508676,0.00284472
3971.25,0.0494208,0.00175608
3971.5,0.05385744,0.00320112
3971.75,0.05638572,0.00142668
3972,0.05830164,0.00240084
3972.25,0.0617382,0.00525096
3972.5,0.05260356,0.0033102
3972.75,0.05336496,0.00423468
3973,0.03944376,0.00259956
3973.25,0.0422712,0.00319032
3973.5,0.0480384,0.00394416
3973.75,0.0538272,0.00327564
3974,0.05613624,0.00619704
3974.25,0.05886864,0.00435348
3974.5,0.05145012,0.003888
3974.75,0.05858892,0.00522504
3975,0.05490396,0.00363528
3975.25,0.0637416,0.0045846
3975.5,0.04711716,0.00287064
3975.75,0.05284224,0.00373572
3976,0.0600858,0.00354456
3976.25,0.06404076,0.0023544
3976.5,0.0508896,0.00042552
3976.75,0.05742036,0.00243108
3977,0.0647028,0.00286524
3977.25,0.0596214,0.00205848
3977.5,0.07013088,0.00487404
3977.75,0.07750404,0.00580068
3978,0.07044624,0.00557604
3978.25,0.07410744,0.0048816
3978.5,0.07448112,0.00536868
3978.75,0.07237836,0.00805356
3979,0.06905304,0.00957096
3979.25,0.06759828,0.00954504
3979.5,0.06952932,0.00973728
3979.75,0.0707022,0.00998244
3980,0.07543908,0.00909144
3980.25,0.07837236,0.01386612
3980.5,0.07907976,0.01205604
3980.75,0.07301016,0.01517832
3981,0.06952932,0.01113804
3981.25,0.07015464,0.01384776
3981.5,0.07005744,0.0135486
3981.75,0.06694056,0.01098036
3982,0.06918048,0.01068768
3982.25,0.06364656,0.0105138
3982.5,0.06435288,0.01064664
3982.75,0.06405156,0.00937332
3983,0.0691956,0.0090504
3983.25,0.06960816,0.01256688
3983.5,0.07460208,0.01463616
3983.75,0.0773172,0.01280988
3984,0.07191504,0.00821772
3984.25,0.078381,0.0144396
3984.5,0.06795036,0.00906876
3984.75,0.06663168,0.00871776
3985,0.06397488,0.0098874
3985.25,0.0679644,0.009558
3985.5,0.07304256,0.01007208
3985.75,0.07451244,0.01202256
3986,0.07842744,0.01455732
3986.25,0.07228332,0.01268784
3986.5,0.06880896,0.00773388
3986.75,0.07233084,0.01154196
3987,0.07030692,0.0125604
3987.25,0.07534296,0.01097172
3987.5,0.07589052,0.01282824
3987.75,0.07503624,0.01442124
3988,0.07617996,0.0191646
3988.25,0.07628472,0.01318248
3988.5,0.07167312,0.01004292
3988.75,0.0703404,0.01050084
3989,0.07540776,0.01415988
3989.25,0.0701298,0.01002132
3989.5,0.08288352,0.0137808
3989.75,0.08088444,0.01137564
3990,0.0686448,0.00917352
3990.25,0.07419708,0.00939384
3990.5,0.091692,0.01415124
3990.75,0.0771282,0.00610956
3991,0.08194176,0.00478764
3991.25,0.08419032,0.00501768
3991.5,0.10529568,0.00925128
3991.75,0.14058252,0.00528552
3992,0.15436224,0.00374004
3992.25,0.15167412,0.00080784
3992.5,0.19496484,0.00291492
3992.75,0.19162224,0.00341928
3993,0.22024332,0.00307368
3993.25,0.25954128,0.0062424
3993.5,0.26939412,0.00420768
3993.75,0.2619702,0.0017496
3994,0.25187004,0.0050976
3994.25,0.29280852,0.00666144
3994.5,0.27193536,0.00595728
3994.75,0.26558172,0.00868752
3995,0.2806542,0.01281852
3995.25,0.2697624,0.01159164
3995.5,0.2664684,0.01564596
3995.75,0.24181956,0.01408752
3996,0.21324816,0.01238112
3996.25,0.21697416,0.01268352
3996.5,0.2132676,0.0090936
3996.75,0.19829664,0.00997488
3997,0.20473884,0.01418364
3997.25,0.20512764,0.01235736
3997.5,0.22903884,0.01097604
3997.75,0.2342088,0.00493452
3998,0.23702976,0.00480492
3998.25,0.24476796,0.00303372
3998.5,0.26062236,0.0020088
3998.75,0.260145,0.00287388
3999,0.24457248,0.003321
3999.25,0.21416508,0.001593
3999.5,0.2163456,0.00209628
3999.75,0.22243896,0.00221724
4000,0.21105036,0.0029052
4000.25,0.22296708,0.00013824
4000.5,0.19657404,0.00028296
4000.75,0.21732408,0.00070092
4001,0.22537764,0.00281016
4001.25,0.20356056,0.00533412
4001.5,0.2285118,0.00407268
4001.75,0.22482792,0.0042228
4002,0.21620412,0.00485784
4002.25,0.21569328,0.00468504
4002.5,0.2059074,0.00445068
4002.75,0.21336696,0.00517536
4003,0.21231504,0.00449604
4003.25,0.1915758,0.00373032
4003.5,0.17990964,0.0023436
4003.75,0.1707966,0.00121284
4004,0.1680912,0.00334476
4004.25,0.16795836,0.00610092
4004.5,0.15995664,0.00627372
4004.75,0.14455152,0.00967464
4005,0.15976764,0.00783972
4005.25,0.1491048,0.010314
4005.5,0.13732956,0.00800604
4005.75,0.12645936,0.00546372
4006,0.11214288,0.00586332
4006.25,0.09754668,0.00530172
4006.5,0.08268804,0.00743472
4006.75,0.06734664,0.00700704
4007,0.0627318,0.0105084
4007.25,0.06481404,0.01435536
4007.5,0.06601608,0.01005048
4007.75,0.0720738,0.00965952
4008,0.06139476,0.00693036
4008.25,0.06669432,0.0084456
4008.5,0.06123276,0.00843048
4008.75,0.06656364,0.01005372
4009,0.05868072,0.00534384
4009.25,0.06402456,0.00426492
4009.5,0.06221664,0.00489564
4009.75,0.0636714,0.00416016
4010,0.06098328,0.005778
4010.25,0.06569316,0.005562
4010.5,0.06945804,0.00683856
4010.75,0.06717384,0.00566244
4011,0.0692442,0.00764208
4011.25,0.06762312,0.00674352
4011.5,0.07337736,0.00760428
4011.75,0.06514992,0.00786024
4012,0.06896664,0.00968652
4012.25,0.05956092,0.00553176
4012.5,0.06484536,0.00510624
4012.75,0.06141204,0.00503712
4013,0.06190776,0.0039474
4013.25,0.06156648,0.00407268
4013.5,0.06249744,0.0061074
4013.75,0.06977232,0.00959796
4014,0.0695088,0.00591624
4014.25,0.07571448,0.00629856
4014.5,0.06959952,0.00509976
4014.75,0.08207136,0.00524016
4015,0.0727218,0.00328536
4015.25,0.09681228,0.00378972
4015.5,0.0953964,0.00390636
4015.75,0.12726828,0.00431244
4016,0.119367,0.00365148
4016.25,0.14713164,0.00135864
4016.5,0.16929756,0.0033102
4016.75,0.18863064,0.00830088
4017,0.21022308,0.00714636
4017.25,0.20396124,0.00698112
4017.5,0.22047444,0.00332856
4017.75,0.21463704,0.0094716
4018,0.20945952,0.00105948
4018.25,0.2221884,0.002214
4018.5,0.17946252,0.00281448
4018.75,0.18641664,0.00261684
4019,0.205308,0.001647
4019.25,0.20400228,0.00626508
4019.5,0.22929588,0.01404864
4019.75,0.22517892,0.01093824
4020,0.20526804,0.01039068
4020.25,0.19904616,0.01265112
4020.5,0.19304244,0.01428732
4020.75,0.20007216,0.0076464
4021,0.18467244,0.01139076
4021.25,0.19395288,0.01145448
4021.5,0.20239956,0.00962172
4021.75,0.21410676,0.00426816
4022,0.22821804,0.0018738
4022.25,0.22092156,0.00162216
4022.5,0.24106248,-0.00215568
4022.75,0.23974056,-0.00092772
4023,0.2432484,-3.888e-05
4023.25,0.23307156,0.00505116
4023.5,0.23274108,0.00497988
4023.75,0.20999088,0.00267948
4024,0.21648168,-0.00010152
4024.25,0.20578428,0.00337932
4024.5,0.21793644,0.006129
4024.75,0.19860228,0.00178524
4025,0.17646876,0.00378864
4025.25,0.20005704,0.00564948
4025.5,0.19879992,0.00850932
4025.75,0.17740944,0.00726084
4026,0.18624384,0.00536328
4026.25,0.18349416,0.00551988
4026.5,0.1934766,0.00641952
4026.75,0.18604188,0.00707076
4027,0.1750248,0.01169208
4027.25,0.1693062,0.00454356
4027.5,0.15618312,0.0002862
4027.75,0.161784,0.00465264
4028,0.15934968,0.00157356
4028.25,0.15063732,0.00303804
4028.5,0.14135364,0.00621324
4028.75,0.14167008,0.00368928
4029,0.14473296,0.00989172
4029.25,0.1236492,0.00485784
4029.5,0.11721132,0.00790668
4029.75,0.1122444,0.00755244
4030,0.0986202,0.00928152
4030.25,0.09434772,0.01124172
4030.5,0.07303824,0.00798012
4030.75,0.06775812,0.01040472
4031,0.06200928,0.01148688
4031.25,0.06706908,0.01203012
4031.5,0.06945588,0.01306476
4031.75,0.06780132,0.00939924
4032,0.06228684,0.00877068
4032.25,0.06909192,0.010827
4032.5,0.06094116,0.0087264
4032.75,0.06461748,0.01256904
4033,0.06583572,0.01250856
4033.25,0.06616296,0.01329804
4033.5,0.06686172,0.01289196
4033.75,0.06774948,0.01246104
4034,0.06801516,0.01297512
4034.25,0.0685422,0.01114668
4034.5,0.07058232,0.01180008
4034.75,0.0687582,0.01205496
4035,0.06859836,0.00968976
4035.25,0.0704916,0.01134108
4035.5,0.06922584,0.00863244
4035.75,0.06577308,0.009018
4036,0.06642216,0.00833652
4036.25,0.06534432,0.00820368
4036.5,0.06328692,0.00749304
4036.75,0.06537888,0.00743148
4037,0.06778512,0.00835056
4037.25,0.06254388,0.00736992
4037.5,0.07058232,0.00894456
4037.75,0.07601904,0.01204308
4038,0.0794448,0.01055916
4038.25,0.07798572,0.00823176
4038.5,0.07548012,0.00662148
4038.75,0.0760914,0.00675864
4039,0.08556084,0.00792828
4039.25,0.0791262,0.00471636
4039.5,0.09917532,0.0063774
4039.75,0.09882864,0.0054864
4040,0.09282276,0.0071496
4040.25,0.07932168,0.00463752
4040.5,0.08126892,0.00469368
4040.75,0.08444196,0.00780948
4041,0.07193448,0.0060102
4041.25,0.07444656,0.0053568
4041.5,0.099711,0.00714528
4041.75,0.09757584,0.00590328
4042,0.08610516,0.00780192
4042.25,0.09307116,0.0065772
4042.5,0.07928388,0.00425736
4042.75,0.075357,0.00329832
4043,0.08080992,0.00323244
4043.25,0.08232732,0.003294
4043.5,0.0897588,0.00566784
4043.75,0.0909792,0.00614736
4044,0.086049,0.0072144
4044.25,0.08337384,0.00930744
4044.5,0.08168796,0.00494424
4044.75,0.08419032,0.00536976
4045,0.06226416,0.00419364
4045.25,0.07061148,0.0060858
4045.5,0.07877196,0.0073062
4045.75,0.07529652,0.00565812
4046,0.08005392,0.00842184
4046.25,0.08487504,0.00653508
4046.5,0.08001072,0.00515052
4046.75,0.08302392,0.00328104
4047,0.09041436,0.00626292
4047.25,0.09106452,0.0066474
4047.5,0.07503192,0.00703404
4047.75,0.07521228,0.0038394
4048,0.07485696,0.00311688
4048.25,0.08415252,0.00429516
4048.5,0.07848252,0.00448308
4048.75,0.08293104,0.004266
4049,0.08719488,0.004536
4049.25,0.09588456,0.00553068
4049.5,0.0956718,0.00563868
4049.75,0.0981882,0.00947268
4050,0.08272692,0.00422928
4050.25,0.0831492,0.00270216
4050.5,0.08323668,0.00305208
4050.75,0.08897688,0.00650376
4051,0.08338788,0.00479844
4051.25,0.07503732,0.004752
4051.5,0.07760016,0.00611388
4051.75,0.0808542,0.0052812
4052,0.08220744,0.0060426
4052.25,0.08906328,0.00714744
4052.5,0.08463204,0.00747036
4052.75,0.07879248,0.00719604
4053,0.07904412,0.008532
4053.25,0.08298072,0.00992628
4053.5,0.08533296,0.00972108
4053.75,0.08621532,0.00638064
4054,0.0805194,0.0077544
4054.25,0.08618616,0.01713204
4054.5,0.0695682,0.01303884
4054.75,0.06503436,0.01072224
4055,0.06444252,0.01122228
4055.25,0.07199712,0.01589004
4055.5,0.06830028,0.01242756
4055.75,0.06730344,0.01063584
4056,0.06511536,0.00817776
4056.25,0.06477408,0.00941976
4056.5,0.05945832,0.00614844
4056.75,0.06366384,0.00808596
4057,0.06321888,0.00910872
4057.25,0.06750864,0.00697356
4057.5,0.065718,0.00825876
4057.75,0.07179516,0.00772308
4058,0.06565104,0.00833112
4058.25,0.06290892,0.00654156
4058.5,0.0673218,0.00784836
4058.75,0.06306768,0.00709992
4059,0.06737796,0.00837
4059.25,0.06623208,0.00716256
4059.5,0.07097436,0.00887652
4059.75,0.06807024,0.00798876
4060,0.05766984,0.0081864
4060.25,0.0634716,0.00740988
4060.5,0.05851332,0.00498312
4060.75,0.05993136,0.00587736
4061,0.06099624,0.00685908
4061.25,0.06407964,0.00805464
4061.5,0.06989328,0.00855036
4061.75,0.0677376,0.00770364
4062,0.06804648,0.00719064
4062.25,0.079569,0.0095364
4062.5,0.06460776,0.00685908
4062.75,0.07040088,0.00823068
4063,0.068391,0.00712476
4063.25,0.0710316,0.00580068
4063.5,0.07603956,0.0065394
4063.75,0.06154164,0.00443448
4064,0.04165668,0.0031536
4064.25,0.03917268,0.00284148
4064.5,0.04548636,0.00325836
4064.75,0.04697136,0.00408024
4065,0.05518368,0.00442152
4065.25,0.05072976,0.00594648
4065.5,0.052353,0.0045144
4065.75,0.05707476,0.00243972
4066,0.04598748,0.00171288
4066.25,0.04477572,0.00088884
4066.5,0.03508812,0.00146016
4066.75,0.03859272,0.0014094
4067,0.04517964,0.00112428
4067.25,0.04583628,0.00097092
4067.5,0.04796388,0.00210708
4067.75,0.0456354,0.00169992
4068,0.05249988,0.00128304
4068.25,0.05207004,0.00304668
4068.5,0.0444204,0.00174096
4068.75,0.046089,0.00303372
4069,0.04045788,0.0050652
4069.25,0.03436128,0.00245592
4069.5,0.04155516,0.00212544
4069.75,0.04811616,0.00248724
4070,0.04254012,0.00167508
4070.25,0.05533056,0.00387612
4070.5,0.05092524,0.00287928
4070.75,0.04954284,0.0021816
4071,0.0603558,0.00239868
4071.25,0.05771952,0.00373464
4071.5,0.04705236,0.0022896
4071.75,0.05075136,0.00145476
4072,0.05481,0.00214704
4072.25,0.05272128,0.00295164
4072.5,0.05093388,0.0016524
4072.75,0.04394844,0.00191484
4073,0.05109048,0.00291816
4073.25,0.0551178,0.00531252
4073.5,0.05899392,0.00615924
4073.75,0.06740064,0.00496152
4074,0.06574608,0.00585468
4074.25,0.06716844,0.003969
4074.5,0.06888888,0.00297432
4074.75,0.06360876,0.00279936
4075,0.05913216,0.0030186
4075.25,0.06353964,0.00435456
4075.5,0.06913188,0.00496476
4075.75,0.0618246,0.0055296
4076,0.06483996,0.00509328
4076.25,0.07046676,0.00504792
4076.5,0.06711444,0.00553068
4076.75,0.06475032,0.0047844
4077,0.06420708,0.00613548
4077.25,0.07279092,0.00673488
4077.5,0.07001424,0.00817128
4077.75,0.06825492,0.00706428
4078,0.0683316,0.0094554
4078.25,0.07623396,0.01149768
4078.5,0.0628884,0.00676728
4078.75,0.06780888,0.006507
4079,0.06550092,0.00836676
4079.25,0.06741144,0.0081324
4079.5,0.07180272,0.01115424
4079.75,0.07249824,0.01122552
4080,0.069498,0.0133542
4080.25,0.06933708,0.01215756
4080.5,0.06850764,0.01619028
4080.75,0.06707124,0.01476576
4081,0.06984036,0.01240164
4081.25,0.07045812,0.01523772
4081.5,0.06723,0.01569672
4081.75,0.0635472,0.01143936
4082,0.06389712,0.0114588
4082.25,0.0660204,0.01169748
4082.5,0.0692064,0.01387908
4082.75,0.06180732,0.01169316
4083,0.07046244,0.01215648
4083.25,0.07288272,0.01634472
4083.5,0.06686064,0.0146502
4083.75,0.07306956,0.01474632
4084,0.0676134,0.01383156
4084.25,0.07540236,0.01389312
4084.5,0.06410448,0.01144368
4084.75,0.066312,0.0121932
4085,0.07153488,0.01495368
4085.25,0.06723,0.01409616
4085.5,0.06791904,0.01306368
4085.75,0.07036524,0.01290168
4086,0.0677592,0.01265112
4086.25,0.07127784,0.01392228
4086.5,0.07087824,0.01199664
4086.75,0.0742608,0.01283796
4087,0.07781616,0.01018116
4087.25,0.07741764,0.00965628
4087.5,0.07787664,0.00813672
4087.75,0.07314732,0.00560844
4088,0.05423544,0.00267624
4088.25,0.05356692,0.00405756
4088.5,0.051057,0.00169668
4088.75,0.05257548,0.00216216
4089,0.05263164,0.0023112
4089.25,0.06206652,0.00628452
4089.5,0.05933196,0.00338472
4089.75,0.05824656,0.00167724
4090,0.05514696,0.00109944
4090.25,0.07367328,0.00372168
4090.5,0.042768,0.00212112
4090.75,0.10793736,0.00240624
4091,0.04980636,0.00142776
4091.25,0.06067008,0.00251748
4091.5,0.056214,0.00268164
4091.75,0.05639436,0.00371736
4092,0.05414688,0.004671
4092.25,0.05107536,0.00351972
4092.5,0.05686308,0.00423144
4092.75,0.04579524,0.00244512
4093,0.03654828,0.00246132
4093.25,0.0381996,0.00219996
4093.5,0.05156784,0.00269892
4093.75,0.07065036,0.00208872
4094,0.04738392,0.00267084
4094.25,0.05084856,0.00327564
4094.5,0.04871664,0.002349
4094.75,0.04733856,0.00140724
4095,0.05507028,0.00194724
4095.25,0.05578632,0.00181764
4095.5,0.04109076,0.00203796
4095.75,0.04077324,0.00120852
4096,0.05111748,0.00351864
4096.25,0.05298696,0.00170532
4096.5,0.0585792,0.00187704
4096.75,0.05638464,0.00102924
4097,0.05836104,0.00110376
4097.25,0.05367276,0.00291276
4097.5,0.06759612,0.00460836
4097.75,0.07598016,0.00551016
4098,0.08441604,0.00571536
4098.25,0.07062768,0.00458568
4098.5,0.07010172,0.00515592
4098.75,0.07396056,0.00680616
4099,0.06816744,0.00614736
4099.25,0.07589052,0.00732132
4099.5,0.08078832,0.01221156
4099.75,0.079569,0.01036476
4100,0.0811728,0.00900612
4100.25,0.07978284,0.00833868
4100.5,0.07749864,0.00901152
4100.75,0.07715628,0.01106568
4101,0.07911324,0.01219644
4101.25,0.0674514,0.0075654
4101.5,0.0736236,0.01322244
4101.75,0.075519,0.01569564
4102,0.0703998,0.01013688
4102.25,0.07170336,0.01174284
4102.5,0.06547824,0.016659
4102.75,0.07149492,0.01427328
4103,0.0676188,0.00955908
4103.25,0.06615216,0.00894888
4103.5,0.07299828,0.01412964
4103.75,0.06742548,0.01279584
4104,0.06312168,0.01102572
4104.25,0.06525792,0.01046736
4104.5,0.06474816,0.01183356
4104.75,0.0653346,0.01106892
4105,0.07235568,0.01572804
4105.25,0.06900552,0.00761076
4105.5,0.06851412,0.007938
4105.75,0.06826248,0.00786888
4106,0.06524172,0.00843804
4106.25,0.07319808,0.00955584
4106.5,0.0663768,0.0104868
4106.75,0.06518988,0.00786348
4107,0.06657336,0.01015092
4107.25,0.0674892,0.00843264
4107.5,0.06258492,0.0100008
4107.75,0.05879844,0.0085482
4108,0.06029964,0.00817992
4108.25,0.06115608,0.00865512
4108.5,0.06050052,0.00944136
4108.75,0.06013116,0.00830736
4109,0.071928,0.01336284
4109.25,0.06638544,0.01279584
4109.5,0.06385608,0.01017684
4109.75,0.06334848,0.0071874
4110,0.0751518,0.00897804
4110.25,0.06402996,0.0061614
4110.5,0.06461964,0.00638928
4110.75,0.0712422,0.0060696
4111,0.07204032,0.00519588
4111.25,0.06641892,0.00513216
4111.5,0.06140232,0.00432864
4111.75,0.05361552,0.00419256
4112,0.0357966,0.00427896
4112.25,0.03548124,0.00303804
4112.5,0.04172364,0.00372168
4112.75,0.04355424,0.00400896
4113,0.04402512,0.00402192
4113.25,0.05106888,0.0041256
4113.5,0.04684608,0.00310068
4113.75,0.0439884,0.00216216
4114,0.0425628,0.0026298
4114.25,0.04182624,0.0025704
4114.5,0.02687148,0.00154224
4114.75,0.0297486,0.00175716
4115,0.03270456,0.00293328
4115.25,0.03294324,0.00201204
4115.5,0.03550824,0.00119124
4115.75,0.03893184,0.00140724
4116,0.03719196,0.00399924
4116.25,0.04076352,0.0036018
4116.5,0.02644812,0.00235872
4116.75,0.0340254,0.00164916
4117,0.02817936,0.0027108
4117.25,0.02545452,0.00315252
4117.5,0.03009636,0.00229716
4117.75,0.0341874,0.00215568
4118,0.04169988,0.00219564
4118.25,0.03992112,0.00316116
4118.5,0.04475088,0.00247752
4118.75,0.04166532,0.00243
4119,0.04233924,0.00202608
4119.25,0.04220316,0.00221616
4119.5,0.03313332,0.0022788
4119.75,0.03772548,0.00172476
4120,0.04113288,0.002592
4120.25,0.0438534,0.00325296
4120.5,0.04132728,0.00141696
4120.75,0.0424116,0.00098172
4121,0.04687848,0.00086832
4121.25,0.05150952,0.00204336
4121.5,0.06108912,0.004671
4121.75,0.05918832,0.00413316
4122,0.06534432,0.003186
4122.25,0.07301556,0.0037152
4122.5,0.06619968,0.004428
4122.75,0.07177464,0.0052434
4123,0.0654588,0.00393444
4123.25,0.07327584,0.00401328
4123.5,0.06102756,0.00442152
4123.75,0.0642816,0.00436644
4124,0.0660582,0.00634068
4124.25,0.06366708,0.00638496
4124.5,0.06959952,0.00553176
4124.75,0.06778512,0.00840456
4125,0.06806376,0.008154
4125.25,0.06257952,0.01170936
4125.5,0.06455052,0.0094122
4125.75,0.07141932,0.0101196
4126,0.0684828,0.01185192
4126.25,0.0669492,0.00845964
4126.5,0.06593832,0.00717336
4126.75,0.06311844,0.00757512
4127,0.07067412,0.0081
4127.25,0.06512292,0.00746604
4127.5,0.07024428,0.00798768
4127.75,0.07216344,0.00621108
4128,0.06669432,0.00649296
4128.25,0.06436584,0.00831276
4128.5,0.062883,0.0058482
4128.75,0.06079428,0.00694008
4129,0.06374052,0.00795096
4129.25,0.0675486,0.00624996
4129.5,0.0721494,0.01269648
4129.75,0.07306524,0.01251612
4130,0.07018272,0.0123768
4130.25,0.07165476,0.01038096
4130.5,0.07369272,0.00867024
4130.75,0.07073676,0.00786348
4131,0.06887808,0.0078192
4131.25,0.0700542,0.00513972
4131.5,0.06871824,0.0033696
4131.75,0.06710256,0.00187596
4132,0.06173604,0.00142128
4132.25,0.059373,0.00115344
4132.5,0.0605394,0.0018144
4132.75,0.05760936,0.00123444
4133,0.05854788,0.00099144
4133.25,0.06102648,0.00215352
4133.5,0.07464528,0.00378972
4133.75,0.07360632,0.00188784
4134,0.07289892,0.00393876
4134.25,0.07602228,0.00345924
4134.5,0.06742872,0.00237276
4134.75,0.06977988,0.0025488
4135,0.0712962,0.00193428
4135.25,0.06175764,0.00109836
4135.5,0.0632286,0.00566568
4135.75,0.05320404,0.00223344
4136,0.03919428,0.00035748
4136.25,0.03390228,0.00057672
4136.5,0.03872232,0.00015336
4136.75,0.0399762,-2.484e-05
4137,0.04568292,0.00180576
4137.25,0.04252824,0.00052704
4137.5,0.04339008,0.00075168
4137.75,0.04961736,0.00070956
4138,0.0458244,0.00024732
4138.25,0.04878036,0.0003024
4138.5,0.034884,-2.16e-05
4138.75,0.03344976,0.00084888
4139,0.03822984,0.00050544
4139.25,0.0449604,0.00083592
4139.5,0.05278824,0.0010638
4139.75,0.05192748,0.0004536
4140,0.058806,0.00104004
4140.25,0.05899392,0.0010422
4140.5,0.05019516,0.0021492
4140.75,0.04916808,0.00122256
4141,0.0378,0.0032724
4141.25,0.04363524,0.00345708
4141.5,0.04456944,0.00374976
4141.75,0.04913784,0.00404244
4142,0.05989356,0.00387396
4142.25,0.06297696,0.001404
4142.5,0.064638,0.00471528
4142.75,0.05740308,0.00418176
4143,0.05788908,0.0021276
4143.25,0.05912676,0.00258444
4143.5,0.0446634,0.00206172
4143.75,0.05507892,0.00216972
4144,0.0554796,0.00246672
4144.25,0.05600232,0.00330588
4144.5,0.05194368,0.00263412
4144.75,0.05422788,0.00236736
4145,0.06304716,0.00273564
4145.25,0.07014708,0.0028512
4145.5,0.07520904,0.00397332
4145.75,0.07105212,0.00598104
4146,0.073305,0.00155304
4146.25,0.07007256,0.00253044
4146.5,0.06950124,0.00178092
4146.75,0.0611334,0.0019494
4147,0.06969564,0.00232956
4147.25,0.07168392,0.00380916
4147.5,0.0745794,0.004185
4147.75,0.07157376,0.005832
4148,0.074817,0.00674676
4148.25,0.06686388,0.00731808
4148.5,0.0631962,0.00805464
4148.75,0.06331608,0.00884304
4149,0.05625828,0.00764532
4149.25,0.06401916,0.00656208
4149.5,0.06299208,0.0092232
4149.75,0.06618888,0.00716364
4150,0.0623808,0.00952236
4150.25,0.05840856,0.00917892
4150.5,0.05902416,0.00657288
4150.75,0.06241968,0.00610956
4151,0.0646866,0.00759348
4151.25,0.06214428,0.00675432
4151.5,0.06878628,0.01119312
4151.75,0.0719658,0.00873396
4152,0.06686064,0.00826092
4152.25,0.06545016,0.00766584
4152.5,0.06105132,0.00627048
4152.75,0.06644376,0.00599184
4153,0.06535512,0.00803952
4153.25,0.0629748,0.00764208
4153.5,0.06847092,0.00865944
4153.75,0.06663168,0.00908712
4154,0.07104348,0.00996516
4154.25,0.06766848,0.00966276
4154.5,0.0664632,0.00825552
4154.75,0.07407612,0.01434996
4155,0.07335576,0.01086912
4155.25,0.07002828,0.01008288
4155.5,0.07551468,0.01330236
4155.75,0.07112124,0.00938412
4156,0.06791148,0.01136268
4156.25,0.068823,0.01280772
4156.5,0.064854,0.01389096
4156.75,0.06370596,0.0075654
4157,0.06871068,0.00855144
4157.25,0.06898392,0.00823932
4157.5,0.07055316,0.00827064
4157.75,0.0658908,0.0045792
4158,0.06354504,0.00585792
4158.25,0.07584624,0.00565272
4158.5,0.07870716,0.00742176
4158.75,0.07495632,0.00468828
4159,0.09441036,0.00492048
4159.25,0.107811,0.00267084
4159.5,0.11504916,0.00161568
4159.75,0.15270012,0.00447444
4160,0.15458364,0.0026082
4160.25,0.17496648,0.00424224
4160.5,0.21755412,0.00492264
4160.75,0.19891764,0.00372276
4161,0.21568032,0.005076
4161.25,0.24289416,0.0075816
4161.5,0.25934364,0.00322056
4161.75,0.24995736,0.00503712
4162,0.25021764,0.00696924
4162.25,0.2506248,0.0061074
4162.5,0.24238008,0.0088506
4162.75,0.25366608,0.0066798
4163,0.26129412,0.01135728
4163.25,0.25192512,0.01174176
4163.5,0.25040448,0.0112914
4163.75,0.25149312,0.01087884
4164,0.25941816,0.01433052
4164.25,0.25167132,0.01891296
4164.5,0.22663368,0.0173178
4164.75,0.23342256,0.02071224
4165,0.21682404,0.01659744
4165.25,0.22115376,0.01723032
4165.5,0.2630016,0.0217782
4165.75,0.27895968,0.02143476
4166,0.276345,0.01276668
4166.25,0.29161512,0.01444932
4166.5,0.29436696,0.01429488
4166.75,0.28303776,0.0107676
4167,0.29468232,0.01539216
4167.25,0.31892292,0.01733724
4167.5,0.29841588,0.01140588
4167.75,0.26519616,0.01054512
4168,0.29411424,0.01025676
4168.25,0.29812536,0.0108594
4168.5,0.3066066,0.01220184
4168.75,0.27802548,0.00873072
4169,0.29717496,0.00937008
4169.25,0.30529008,0.01059048
4169.5,0.2894616,0.01555308
4169.75,0.2752596,0.01539216
4170,0.27615168,0.01356588
4170.25,0.27322596,0.012717
4170.5,0.246132,0.00830196
4170.75,0.26491644,0.00989496
4171,0.2693628,0.00641628
4171.25,0.25919892,0.0055674
4171.5,0.25534764,0.00742176
4171.75,0.20850156,0.0033966
4172,0.20817,0.00159732
4172.25,0.2004426,0.00177336
4172.5,0.18772668,0.0033102
4172.75,0.19331784,0.00399168
4173,0.17097912,0.00293436
4173.25,0.16803828,0.00395172
4173.5,0.14232564,0.00309312
4173.75,0.12136608,0.00212436
4174,0.11065356,0.00453816
4174.25,0.10324908,0.00582984
4174.5,0.08821224,0.0094122
4174.75,0.08065116,0.0054108
4175,0.07699752,0.00759672
4175.25,0.076032,0.00766584
4175.5,0.07913808,0.00806868
4175.75,0.08115336,0.0098604
4176,0.07994268,0.00727596
4176.25,0.07522956,0.007695
4176.5,0.07462044,0.00855252
4176.75,0.07547796,0.00929556
4177,0.07247124,0.0107892
4177.25,0.07483212,0.00881496
4177.5,0.07593372,0.00680832
4177.75,0.07434288,0.00735372
4178,0.07368192,0.00762912
4178.25,0.07446924,0.00813132
4178.5,0.07620156,0.00619488
4178.75,0.07666596,0.0071442
4179,0.07151976,0.00760536
4179.25,0.07528572,0.00823932
4179.5,0.07661844,0.008748
4179.75,0.07753644,0.00942948
4180,0.08069328,0.009099
4180.25,0.07762824,0.0079218
4180.5,0.06992244,0.00718956
4180.75,0.0719604,0.00830628
4181,0.07285572,0.00963792
4181.25,0.07674264,0.00877392
4181.5,0.0799416,0.008775
4181.75,0.07492068,0.00747144
4182,0.08013276,0.00686448
4182.25,0.07826652,0.00465696
4182.5,0.08591292,0.00330156
4182.75,0.09217368,0.00305316
4183,0.10137312,0.0021384
4183.25,0.10626012,0.00068904
4183.5,0.11286324,0.00247536
4183.75,0.1635606,0.00446364
4184,0.17839548,0.00277992
4184.25,0.22064292,0.00209304
4184.5,0.2345112,0.00636552
4184.75,0.26811216,0.00778248
4185,0.29120472,0.01252908
4185.25,0.31333932,0.01540512
4185.5,0.32750136,0.02056644
4185.75,0.33514236,0.0243702
4186,0.34440876,0.02008476
4186.25,0.3347838,0.01930824
4186.5,0.31549716,0.01727244
4186.75,0.31272156,0.01637496
4187,0.33157944,0.02006532
4187.25,0.32450544,0.01364148
4187.5,0.31773924,0.02443824
4187.75,0.30276504,0.0273132
4188,0.29145852,0.0297756
4188.25,0.28567728,0.02257092
4188.5,0.27523152,0.02372328
4188.75,0.27072144,0.02114316
4189,0.24015204,0.01666548
4189.25,0.25174908,0.01736424
4189.5,0.30964248,0.02341224
4189.75,0.34106292,0.02346732
4190,0.35132616,0.01937196
4190.25,0.33873012,0.01280772
4190.5,0.33135048,0.015093
4190.75,0.35317728,0.01870776
4191,0.36108288,0.01516212
4191.25,0.32233032,0.01428192
4191.5,0.2895696,0.01105488
4191.75,0.31044816,0.01734912
4192,0.31747032,0.01568916
4192.25,0.34956468,0.01772388
4192.5,0.32486184,0.01491696
4192.75,0.33154488,0.01292436
4193,0.29673648,0.01185084
4193.25,0.30575448,0.00760212
4193.5,0.31330476,0.01108944
4193.75,0.29709936,0.01863972
4194,0.29738772,0.01738152
4194.25,0.30494016,0.02110536
4194.5,0.29165724,0.02034936
4194.75,0.29265732,0.0177822
4195,0.29444796,0.01537488
4195.25,0.26611524,0.0107568
4195.5,0.27052488,0.00923292
4195.75,0.23440644,0.005562
4196,0.23567652,0.0031266
4196.25,0.21722688,0.00393876
4196.5,0.19843704,0.0060912
4196.75,0.1889298,0.0073386
4197,0.15923088,0.00539352
4197.25,0.1563732,0.00602964
4197.5,0.14255028,0.00531468
4197.75,0.12852972,0.00450468
4198,0.11737656,0.0069228
4198.25,0.10269936,0.0095688
4198.5,0.09156996,0.00847368
4198.75,0.0819558,0.0061722
4199,0.07258248,0.00725112
4199.25,0.06752484,0.01040364
4199.5,0.07328772,0.0111024
4199.75,0.07268076,0.00951912
4200,0.07150356,0.01042416
4200.25,0.07473276,0.01010124
4200.5,0.07418196,0.01012176
4200.75,0.07168716,0.0101574
4201,0.069579,0.0107892
4201.25,0.06971724,0.00689148
4201.5,0.07273692,0.0077652
4201.75,0.07289676,0.0089316
4202,0.07632576,0.00969408
4202.25,0.07227792,0.00835056
4202.5,0.07027668,0.00860004
4202.75,0.07285572,0.00981612
4203,0.07089984,0.00929448
4203.25,0.0740502,0.01095552
4203.5,0.07562808,0.00993168
4203.75,0.07577496,0.0101034
4204,0.071874,0.01006128
4204.25,0.0724626,0.00983988
4204.5,0.06946776,0.00841212
4204.75,0.07042356,0.00847692
4205,0.07022916,0.00930204
4205.25,0.06875496,0.00868752
4205.5,0.06957144,0.0094446
4205.75,0.07235028,0.00922428
4206,0.06434964,0.00731268
4206.25,0.07333848,0.00646056
4206.5,0.07679772,0.0061344
4206.75,0.08413524,0.005238
4207,0.08659224,0.00204552
4207.25,0.10139904,0.00082404
4207.5,0.12153132,0.00144828
4207.75,0.15696936,0.0034884
4208,0.17317692,0.00183276
4208.25,0.23324328,0.0035748
4208.5,0.24534036,0.00392796
4208.75,0.26556444,0.00600696
4209,0.29862432,0.00723168
4209.25,0.32007528,0.00783864
4209.5,0.34733124,0.01365336
4209.75,0.34672428,0.0189162
4210,0.37261512,0.02035476
4210.25,0.3629016,0.02119824
4210.5,0.31718412,0.01311336
4210.75,0.34535052,0.01611792
4211,0.34345836,0.01863756
4211.25,0.35842176,0.01794852
4211.5,0.34063956,0.01817748
4211.75,0.33879924,0.02194236
4212,0.32670432,0.02663604
4212.25,0.29260116,0.02234412
4212.5,0.277884,0.02342736
4212.75,0.264816,0.02084292
4213,0.26655588,0.02272212
4213.25,0.27171936,0.02123604
4213.5,0.28066932,0.02064636
4213.75,0.31848552,0.02327508
4214,0.32928012,0.02822364
4214.25,0.30139128,0.01977264
4214.5,0.32279904,0.01862784
4214.75,0.3191508,0.01720548
4215,0.32141016,0.02237544
4215.25,0.30124872,0.01914192
4215.5,0.30534084,0.01849392
4215.75,0.2961306,0.01453248
4216,0.26373384,0.01180116
4216.25,0.29942136,0.01011312
4216.5,0.28849284,0.00910548
4216.75,0.2760696,0.01225044
4217,0.25969788,0.00859032
4217.25,0.28584144,0.01406376
4217.5,0.27323244,0.01891296
4217.75,0.2756268,0.01590084
4218,0.28083348,0.01457784
4218.25,0.27570456,0.01602936
4218.5,0.280314,0.01092528
4218.75,0.25542864,0.01500876
4219,0.24766236,0.01172664
4219.25,0.23065344,0.00719172
4219.5,0.22521672,0.00570132
4219.75,0.20915064,0.00527904
4220,0.20151504,0.00586764
4220.25,0.20550024,0.00651132
4220.5,0.20425608,0.00855144
4220.75,0.18271764,0.00993708
4221,0.16043724,0.0080244
4221.25,0.15276816,0.00477252
4221.5,0.131247,0.00339012
4221.75,0.12215124,0.00356076
4222,0.1170504,0.00631044
4222.25,0.10180296,0.004293
4222.5,0.0867024,0.0032508
4222.75,0.07569936,0.00613872
4223,0.080055,0.00927288
4223.25,0.07684092,0.01188972
4223.5,0.07998372,0.01069308
4223.75,0.07631496,0.00709776
4224,0.07530192,0.00705456
4224.25,0.07811964,0.00952452
4224.5,0.07244208,0.00871128
4224.75,0.07097652,0.0086994
4225,0.07159428,0.00989604
4225.25,0.07249392,0.0105084
4225.5,0.080271,0.01339308
4225.75,0.0729324,0.0128574
4226,0.07916724,0.00989172
4226.25,0.07245936,0.00872856
4226.5,0.07157592,0.00976212
4226.75,0.07031556,0.00892836
4227,0.0716958,0.00870264
4227.25,0.06870096,0.00931716
4227.5,0.07481916,0.0087372
4227.75,0.075978,0.010746
4228,0.0718416,0.00906336
4228.25,0.07241832,0.00836892
4228.5,0.06990084,0.00781488
4228.75,0.06659712,0.00775116
4229,0.07238052,0.00774576
4229.25,0.07472088,0.00680724
4229.5,0.07915428,0.00778464
4229.75,0.0737532,0.006345
4230,0.07506108,0.00567756
4230.25,0.08192664,0.0036072
4230.5,0.077328,0.00324756
4230.75,0.08993592,0.00357912
4231,0.0948078,0.00320436
4231.25,0.11752128,0.00448524
4231.5,0.13547304,0.00313308
4231.75,0.13899492,0.00345492
4232,0.15069348,0.00624996
4232.25,0.17898408,0.00491292
4232.5,0.19202292,0.00566244
4232.75,0.22309236,0.00477144
4233,0.20701332,0.00516996
4233.25,0.22743612,0.0056646
4233.5,0.24367716,0.006723
4233.75,0.2824956,0.0053352
4234,0.2469312,0.0048762
4234.25,0.26142048,0.00541296
4234.5,0.2179224,0.00241488
4234.75,0.2251098,0.00213192
4235,0.2411046,0.0043146
4235.25,0.25121664,0.00553392
4235.5,0.24589764,0.00507168
4235.75,0.21858228,0.00802008
4236,0.23177772,0.01142424
4236.25,0.23138352,0.01003104
4236.5,0.20246652,0.01564704
4236.75,0.20761704,0.0150012
4237,0.2212596,0.0120582
4237.25,0.2601396,0.01304424
4237.5,0.31189212,0.01960632
4237.75,0.32471604,0.01136808
4238,0.3314196,0.00897264
4238.25,0.37144764,0.00698544
4238.5,0.35340192,0.00719928
4238.75,0.33524064,0.00811728
4239,0.35043192,0.01435536
4239.25,0.3524364,0.01616652
4239.5,0.3089178,0.01584468
4239.75,0.3147876,0.00863784
4240,0.294408,0.01234224
4240.25,0.31964544,0.00811296
4240.5,0.29101788,0.00546156
4240.75,0.26962092,0.00751032
4241,0.27811944,0.00890568
4241.25,0.23241816,0.0029376
4241.5,0.22550832,0.00753516
4241.75,0.20991096,0.0094176
4242,0.23208228,0.0126684
4242.25,0.2136672,0.0053298
4242.5,0.19512684,0.00392688
4242.75,0.21982752,0.00618192
4243,0.21038076,0.00689148
4243.25,0.20293848,0.00982584
4243.5,0.20161548,0.00583092
4243.75,0.20033244,0.0096606
4244,0.18038376,0.00585576
4244.25,0.19013292,0.0077706
4244.5,0.1754406,0.00735588
4244.75,0.17557992,0.0073332
4245,0.16330248,0.00510624
4245.25,0.14208372,0.001485
4245.5,0.13397508,0.00532656
4245.75,0.1129194,0.00277992
4246,0.11193012,0.00525528
4246.25,0.09913752,0.00426276
4246.5,0.08576712,0.00288792
4246.75,0.07745544,0.00733644
4247,0.06684768,0.00572832
4247.25,0.064692,0.00837864
4247.5,0.066123,0.00825228
4247.75,0.0630774,0.00747792
4248,0.06383016,0.00915084
4248.25,0.06341004,0.0090612
4248.5,0.0580716,0.00751788
4248.75,0.05749164,0.00370764
4249,0.06286248,0.00426816
4249.25,0.0610632,0.00525096
4249.5,0.06285492,0.00605232
4249.75,0.066798,0.00720576
4250,0.06506784,0.00704484
4250.25,0.0607392,0.00649404
4250.5,0.06286248,0.00746928
4250.75,0.0689364,0.01328508
4251,0.06340356,0.00604584
4251.25,0.06544368,0.00641736
4251.5,0.06575472,0.0071928
4251.75,0.06122952,0.00789048
4252,0.06406776,0.00779868
4252.25,0.06260868,0.00607932
4252.5,0.05878332,0.00650808
4252.75,0.05823792,0.00587844
4253,0.06009336,0.00513216
4253.25,0.05930604,0.00603396
4253.5,0.06310548,0.00679428
4253.75,0.06246072,0.0058644
4254,0.06437988,0.00649512
4254.25,0.06580116,0.00465048
4254.5,0.06751836,0.00321732
4254.75,0.07763904,0.00301536
4255,0.08306604,0.00335232
4255.25,0.10335816,0.00371304
4255.5,0.09629496,0.00327348
4255.75,0.14583456,0.00703836
4256,0.17526132,0.0063936
4256.25,0.18212796,0.0051462
4256.5,0.20598084,0.00508356
4256.75,0.26280396,0.007047
4257,0.2912058,0.00708696
4257.25,0.31932792,0.0127764
4257.5,0.34199172,0.01744956
4257.75,0.3486888,0.01231524
4258,0.36437148,0.01289844
4258.25,0.36609732,0.01186272
4258.5,0.32832972,0.01163052
4258.75,0.36934488,0.01708884
4259,0.34088688,0.01346976
4259.25,0.37586916,0.02038176
4259.5,0.38489796,0.02637792
4259.75,0.34547256,0.02822364
4260,0.31341276,0.0285282
4260.25,0.32904468,0.03032532
4260.5,0.30123576,0.02416824
4260.75,0.2887596,0.02548476
4261,0.23184144,0.01666548
4261.25,0.27507816,0.01985472
4261.5,0.30738312,0.0207792
4261.75,0.30846852,0.01938816
4262,0.37407204,0.02800116
4262.25,0.34273368,0.03049056
4262.5,0.3643434,0.0370548
4262.75,0.35250444,0.03079944
4263,0.3259818,0.0244296
4263.25,0.2931282,0.02573532
4263.5,0.31152816,0.02345652
4263.75,0.31530276,0.0255204
4264,0.3144042,0.0228906
4264.25,0.31148604,0.02124036
4264.5,0.30695544,0.01611684
4264.75,0.28046952,0.01337688
4265,0.28861164,0.01140912
4265.25,0.2744658,0.008667
4265.5,0.26867052,0.01978776
4265.75,0.29046816,0.02117556
4266,0.29636172,0.02160756
4266.25,0.294192,0.0134568
4266.5,0.23951484,0.01333584
4266.75,0.24481872,0.01523664
4267,0.253395,0.01684908
4267.25,0.25866972,0.01424736
4267.5,0.25393608,0.0087804
4267.75,0.21040452,0.00582228
4268,0.20437056,0.00518076
4268.25,0.18860256,0.00796176
4268.5,0.195912,0.01221804
4268.75,0.19838844,0.00793368
4269,0.17989236,0.01151172
4269.25,0.15601788,0.00791856
4269.5,0.16816788,0.0131814
4269.75,0.14539176,0.01015092
4270,0.14144328,0.01163592
4270.25,0.12396564,0.00692712
4270.5,0.09794196,0.007425
4270.75,0.09219096,0.00946188
4271,0.08468496,0.0117882
4271.25,0.08462772,0.01227528
4271.5,0.08954712,0.01725732
4271.75,0.0892188,0.01377432
4272,0.08476596,0.01224396
4272.25,0.09221256,0.00782892
4272.5,0.08351208,0.00510732
4272.75,0.07972992,-0.00021492
4273,0.08783532,0.0014364
4273.25,0.089154,0.002916
4273.5,0.0907524,0.0042768
4273.75,0.0933552,0.00634716
4274,0.09001908,0.00705456
4274.25,0.09068328,0.00691092
4274.5,0.08569908,0.00804276
4274.75,0.08541396,0.00690984
4275,0.08664948,0.007533
4275.25,0.08525628,0.00689904
4275.5,0.089451,0.00806652
4275.75,0.08979444,0.00822312
4276,0.0836352,0.00741528
4276.25,0.0898938,0.00686232
4276.5,0.08034984,0.00440964
4276.75,0.08171496,0.00585792
4277,0.08613864,0.00901152
4277.25,0.08748324,0.00944244
4277.5,0.09024156,0.0101196
4277.75,0.08605872,0.00901584
4278,0.09320832,0.00980316
4278.25,0.0914382,0.01002996
4278.5,0.09092088,0.0085968
4278.75,0.09809964,0.00796068
4279,0.09346104,0.0056808
4279.25,0.10067004,0.00485568
4279.5,0.088398,0.00269568
4279.75,0.08912484,0.00301968
4280,0.06847308,0.0001998
4280.25,0.07561296,0.00077544
4280.5,0.07101324,-0.00039096
4280.75,0.07991136,0.00079596
4281,0.08847144,0.00029916
4281.25,0.0864918,0.00032292
4281.5,0.0905958,0.00030672
4281.75,0.1048032,0.0015498
4282,0.09599472,0.00078516
4282.25,0.105597,0.00046116
4282.5,0.0755244,-0.00070956
4282.75,0.078705,0.00035964
4283,0.09418464,0.00265356
4283.25,0.08248608,0.00414396
4283.5,0.09066816,0.003807
4283.75,0.08797572,0.00528444
4284,0.09082908,0.00530064
4284.25,0.08268696,0.004698
4284.5,0.07643592,0.0056808
4284.75,0.07843068,0.00401328
4285,0.06247044,-0.00030996
4285.25,0.06567588,0.00150768
4285.5,0.086967,0.00585792
4285.75,0.1025838,0.0121338
4286,0.09376776,0.00829224
4286.25,0.09673452,0.00592704
4286.5,0.10409364,0.00667332
4286.75,0.10386144,0.0055728
4287,0.11576844,0.0053352
4287.25,0.10074996,0.00242892
4287.5,0.09142848,0.000999
4287.75,0.08460072,0.0008424
4288,0.085104,0.00212436
4288.25,0.09260136,0.001512
4288.5,0.08378316,0.00148608
4288.75,0.09070704,0.0027648
4289,0.10230732,0.00306828
4289.25,0.09997992,0.00272484
4289.5,0.10923336,0.0027324
4289.75,0.10781424,0.00436536
4290,0.1063422,0.00440964
4290.25,0.09951984,0.0033372
4290.5,0.0792828,0.0025434
4290.75,0.08093196,0.00317952
4291,0.0719118,0.00567648
4291.25,0.07679988,0.00406404
4291.5,0.07827624,0.00504036
4291.75,0.07382664,0.00686124
4292,0.06826356,0.00712692
4292.25,0.0686286,0.00547344
4292.5,0.06747408,0.00649944
4292.75,0.07305336,0.00744984
4293,0.07103916,0.00832032
4293.25,0.06858432,0.0084186
4293.5,0.06684444,0.00959904
4293.75,0.07229628,0.01153872
4294,0.0693414,0.01080972
4294.25,0.064152,0.00488268
4294.5,0.06404292,0.00364824
4294.75,0.0658422,0.0041526
4295,0.06502896,0.00523584
4295.25,0.06993756,0.00756432
4295.5,0.0721548,0.00905472
4295.75,0.07439904,0.00929448
4296,0.06979824,0.00931392
4296.25,0.07067844,0.00805464
4296.5,0.06980364,0.00754812
4296.75,0.0659448,0.00864648
4297,0.06746652,0.00959148
4297.25,0.07658604,0.01028916
4297.5,0.07431804,0.00589572
4297.75,0.076302,0.00609228
4298,0.07695972,0.00581904
4298.25,0.08141472,0.00702216
4298.5,0.07650072,0.00622188
4298.75,0.07453188,0.00626616
4299,0.0787644,0.00533088
4299.25,0.07630308,0.00542916
4299.5,0.07777836,0.00606636
4299.75,0.0774144,0.0061722
4300,0.0776682,0.00726624
4300.25,0.07535268,0.00821988
4300.5,0.07408908,0.00946512
4300.75,0.06853788,0.00623376
4301,0.07312788,0.00744444
4301.25,0.07662168,0.01008288
4301.5,0.07769196,0.0098496
4301.75,0.07691976,0.00895536
4302,0.07943832,0.00966816
4302.25,0.07954848,0.00900612
4302.5,0.07969428,0.00978156
4302.75,0.08132832,0.00866052
4303,0.08197308,0.0094338
4303.25,0.08338248,0.00572724
4303.5,0.0796446,0.00641304
4303.75,0.0857412,0.00473904
4304,0.06608088,0.00355644
4304.25,0.05096088,0.00327672
4304.5,0.05228172,0.00215028
4304.75,0.05456052,0.001917
4305,0.05972184,0.00213732
4305.25,0.06046488,0.00145152
4305.5,0.05522364,0.00071928
4305.75,0.05308848,0.00063504
4306,0.04980528,0.00109728
4306.25,0.04927608,0.00078192
4306.5,0.03598884,-0.00026028
4306.75,0.03654072,-0.0004752
4307,0.0495612,0.0001296
4307.25,0.06056424,0.00223452
4307.5,0.060723,0.00228852
4307.75,0.060075,0.00239868
4308,0.05344272,0.00195264
4308.25,0.0595998,0.00294624
4308.5,0.059184,0.0018252
4308.75,0.06003504,0.00321624
4309,0.05026968,0.00269784
4309.25,0.05387688,0.00203796
4309.5,0.05935464,0.00345168
4309.75,0.06705612,0.00492372
4310,0.07101216,0.00225396
4310.25,0.06306552,0.00097848
4310.5,0.0626778,0.00038772
4310.75,0.07321428,0.00212868
4311,0.07402968,0.00249264
4311.25,0.07717464,0.00346464
4311.5,0.06406236,0.002376
4311.75,0.06638868,0.00138024
4312,0.06746112,0.00178848
4312.25,0.06346512,0.00089424
4312.5,0.06366168,0.0005778
4312.75,0.06109776,0.00057564
4313,0.06519312,0.00057348
4313.25,0.06278256,0.00132948
4313.5,0.06881004,0.00223236
4313.75,0.07254144,0.00237924
4314,0.07898472,0.00379512
4314.25,0.08134884,0.00225504
4314.5,0.07162992,0.00278748
4314.75,0.07685712,0.00231876
4315,0.08002152,0.004914
4315.25,0.07418196,0.00216
4315.5,0.07694352,0.00141804
4315.75,0.07293888,0.0028998
4316,0.0749574,0.00351108
4316.25,0.07433424,0.002835
4316.5,0.0733806,0.0031428
4316.75,0.0722898,0.00457488
4317,0.07015464,0.00346572
4317.25,0.07544232,0.00457488
4317.5,0.065934,0.00428112
4317.75,0.0679914,0.00512568
4318,0.06682824,0.00543996
4318.25,0.06958008,0.00553932
4318.5,0.06688656,0.0045144
4318.75,0.07212024,0.00576612
4319,0.07316136,0.00628884
4319.25,0.072333,0.00634284
4319.5,0.07657308,0.00616788
4319.75,0.07940484,0.00791316
4320,0.07397892,0.00566676
4320.25,0.0781488,0.0062964
4320.5,0.06735852,0.00558576
4320.75,0.06485616,0.00656748
4321,0.07042896,0.00718308
4321.25,0.07366572,0.0082026
4321.5,0.07100568,0.00864972
4321.75,0.06859512,0.00858816
4322,0.07336224,0.00758808
4322.25,0.06981228,0.00644976
4322.5,0.0723978,0.00630288
4322.75,0.07259868,0.00667008
4323,0.07273044,0.00702972
4323.25,0.07372728,0.00730296
4323.5,0.07465716,0.00660204
4323.75,0.07645212,0.00567324
4324,0.07146684,0.00654372
4324.25,0.07076808,0.00409428
4324.5,0.06721272,0.00307368
4324.75,0.06762852,0.00238032
4325,0.07412256,0.00316872
4325.25,0.07121952,0.00334908
4325.5,0.07910136,0.0053406
4325.75,0.07762608,0.00399708
4326,0.07275528,0.00330696
4326.25,0.07646508,0.00140832
4326.5,0.08118576,0.0027378
4326.75,0.0865836,0.00351756
4327,0.09470844,0.00115776
4327.25,0.10625256,0.00211032
4327.5,0.11952468,0.00343764
4327.75,0.17481528,0.01116072
4328,0.18569844,0.00898776
4328.25,0.19504476,0.00756432
4328.5,0.24087348,0.0092178
4328.75,0.24577992,0.00840888
4329,0.2765016,0.011016
4329.25,0.281853,0.01582308
4329.5,0.32677128,0.01710288
4329.75,0.32100732,0.02172744
4330,0.2993058,0.01723788
4330.25,0.33452568,0.02107296
4330.5,0.31379724,0.01907496
4330.75,0.3346218,0.0199422
4331,0.3581712,0.02782836
4331.25,0.35564832,0.0256284
4331.5,0.35278956,0.03261708
4331.75,0.32432832,0.02594484
4332,0.30222828,0.0258714
4332.25,0.27727488,0.02977992
4332.5,0.27751248,0.01529928
4332.75,0.28813644,0.01506708
4333,0.25465644,0.010233
4333.25,0.25610256,0.01029456
4333.5,0.27813564,0.01058292
4333.75,0.29557008,0.00880308
4334,0.33342084,0.01352916
4334.25,0.33163344,0.01960956
4334.5,0.34844256,0.01826928
4334.75,0.32414796,0.01277964
4335,0.323433,0.01242216
4335.25,0.32780268,0.01359936
4335.5,0.31074948,0.0122472
4335.75,0.3235896,0.01433052
4336,0.31288248,0.00957636
4336.25,0.35270856,0.01963656
4336.5,0.3336822,0.0165564
4336.75,0.33801192,0.01178388
4337,0.320544,0.00918648
4337.25,0.3240108,0.01486404
4337.5,0.32873688,0.01473552
4337.75,0.30380724,0.01595052
4338,0.28083132,0.01176336
4338.25,0.29491452,0.0089802
4338.5,0.3044952,0.00596052
4338.75,0.28786536,0.00871884
4339,0.26951724,0.00504252
4339.25,0.26348976,0.00515808
4339.5,0.23877072,0.00384804
4339.75,0.21922272,0.00217512
4340,0.19310292,0.00161676
4340.25,0.20445588,0.00101088
4340.5,0.17134416,0.00059292
4340.75,0.17447616,0.00181872
4341,0.16947576,0.00350784
4341.25,0.15935508,0.00441936
4341.5,0.15118704,0.00604044
4341.75,0.1375218,0.004779
4342,0.13859964,0.0064746
4342.25,0.13789656,0.01061316
4342.5,0.11479104,0.0136296
4342.75,0.10227384,0.0179874
4343,0.07346052,0.0062856
4343.25,0.06859944,0.00485568
4343.5,0.07514856,0.00791424
4343.75,0.0613548,0.00791208
4344,0.06261732,0.00823716
4344.25,0.06487776,0.00561384
4344.5,0.06140664,0.00627588
4344.75,0.05932116,0.0054108
4345,0.06630336,0.007074
4345.25,0.05841072,0.0050706
4345.5,0.06505704,0.00771012
4345.75,0.06748596,0.00689148
4346,0.07204788,0.00800604
4346.25,0.06598908,0.00880092
4346.5,0.06727536,0.00720468
4346.75,0.07441308,0.00842184
4347,0.06321564,0.00884196
4347.25,0.06795684,0.0097092
4347.5,0.06260436,0.00828252
4347.75,0.06355476,0.00711288
4348,0.06244128,0.00698112
4348.25,0.06856056,0.0055944
4348.5,0.06477192,0.00660312
4348.75,0.05866776,0.00780624
4349,0.06033528,0.00607284
4349.25,0.06911352,0.0062802
4349.5,0.064017,0.00881496
4349.75,0.07220448,0.00710424
4350,0.06696,0.0053352
4350.25,0.07677504,0.0078408
4350.5,0.08193204,0.00616464
4350.75,0.08674236,0.00447228
4351,0.08944452,0.00252396
4351.25,0.09178488,0.00148824
4351.5,0.11064168,0.00308448
4351.75,0.14978196,0.0055458
4352,0.16740972,0.00030132
4352.25,0.19714644,0.01052568
4352.5,0.21401064,0.0181764
4352.75,0.23352192,0.013392
4353,0.28517292,0.01850688
4353.25,0.28668492,0.02223504
4353.5,0.31748328,0.019359
4353.75,0.32109912,0.02013552
4354,0.31555656,0.02180304
4354.25,0.33181272,0.0209196
4354.5,0.30005316,0.01716444
4354.75,0.32963112,0.0195804
4355,0.33678936,0.01864512
4355.25,0.33844284,0.02056212
4355.5,0.37561752,0.02991816
4355.75,0.35620236,0.03202308
4356,0.3022488,0.03649536
4356.25,0.28172448,0.02588652
4356.5,0.2789748,0.02777544
4356.75,0.27097092,0.01981584
4357,0.24714504,0.01901124
4357.25,0.29586492,0.02271132
4357.5,0.23199588,0.0106974
4357.75,0.28457352,0.01379592
4358,0.35020512,0.01893564
4358.25,0.35905464,0.01812348
4358.5,0.37305036,0.0136728
4358.75,0.35010252,0.01321596
4359,0.32467716,0.0146232
4359.25,0.36823032,0.01810944
4359.5,0.3546396,0.0142668
4359.75,0.36862128,0.01590624
4360,0.34435476,0.02198664
4360.25,0.32886432,0.024273
4360.5,0.3244536,0.02644056
4360.75,0.30147984,0.02649888
4361,0.27057888,0.02520936
4361.25,0.26750412,0.01581012
4361.5,0.27029916,0.02626884
4361.75,0.26191512,0.02456676
4362,0.26868348,0.0249858
4362.25,0.27139104,0.01895508
4362.5,0.25596432,0.0077706
4362.75,0.24650568,0.00733536
4363,0.23683968,0.00495936
4363.25,0.2132514,0.00611388
4363.5,0.20362212,0.01263168
4363.75,0.19311912,0.00560736
4364,0.19508364,0.00125604
4364.25,0.19725768,0.00207684
4364.5,0.19166652,0.00363852
4364.75,0.17728956,0.00496908
4365,0.14965668,0.00660528
4365.25,0.12680928,0.00467964
4365.5,0.13027392,0.0037422
4365.75,0.12054852,0.00492372
4366,0.1038852,0.0105462
4366.25,0.09412848,0.0110268
4366.5,0.08666892,0.00700596
4366.75,0.0791208,0.00966924
4367,0.0692658,0.00759024
4367.25,0.06588108,0.00743796
4367.5,0.06546096,0.00549072
4367.75,0.07032528,0.00725652
4368,0.0670572,0.0064368
4368.25,0.06676884,0.00748008
4368.5,0.05914836,0.00347652
4368.75,0.05776704,0.0034884
4369,0.0603234,0.0048708
4369.25,0.06089256,0.00405756
4369.5,0.0642546,0.00531792
4369.75,0.06297048,0.0054864
4370,0.06085908,0.0054864
4370.25,0.06186564,0.00575424
4370.5,0.05998428,0.00525744
4370.75,0.06248232,0.00520344
4371,0.06100164,0.00549936
4371.25,0.06314328,0.00643464
4371.5,0.061236,0.00591624
4371.75,0.05908788,0.00574884
4372,0.0594,0.0059454
4372.25,0.05957928,0.00505548
4372.5,0.06507972,0.00528336
4372.75,0.05984064,0.005697
4373,0.06276204,0.00499716
4373.25,0.06431832,0.00532332
4373.5,0.06618132,0.00574776
4373.75,0.06424812,0.00522072
4374,0.0663552,0.004914
4374.25,0.0764964,0.00379512
4374.5,0.07930656,0.0022248
4374.75,0.08284464,0.0008478
4375,0.09315432,0.00060264
4375.25,0.09297828,0.00049032
4375.5,0.10730664,0.00162108
4375.75,0.15927516,0.00407808
4376,0.17896248,0.0019278
4376.25,0.1691334,0.00162972
4376.5,0.20038428,0.00183168
4376.75,0.22859064,0.00296784
4377,0.25809408,0.00496584
4377.25,0.2936952,0.00809352
4377.5,0.30652776,0.01424844
4377.75,0.33619644,0.0166104
4378,0.32549904,0.01608012
4378.25,0.31913568,0.01278612
4378.5,0.29557332,0.01007964
4378.75,0.3366144,0.01030104
4379,0.34402752,0.01237464
4379.25,0.33965352,0.01181304
4379.5,0.32947668,0.01507896
4379.75,0.3224934,0.01774764
4380,0.29520828,0.01768824
4380.25,0.28124496,0.01792368
4380.5,0.24699924,0.0153684
4380.75,0.2813346,0.01733508
4381,0.26671464,0.0222696
4381.25,0.263493,0.0192456
4381.5,0.25659396,0.01448172
4381.75,0.35679096,0.01977696
4382,0.34551576,0.01590732
4382.25,0.338175,0.01290924
4382.5,0.3348162,0.0102438
4382.75,0.33867072,0.01368792
4383,0.38027988,0.01709316
4383.25,0.328266,0.01178064
4383.5,0.33098544,0.01672164
4383.75,0.30349836,0.01545588
4384,0.33432156,0.0166752
4384.25,0.32420952,0.01552068
4384.5,0.32633604,0.02079648
4384.75,0.31975344,0.02078784
4385,0.29994408,0.01650024
4385.25,0.27841212,0.01134108
4385.5,0.29477412,0.01984392
4385.75,0.28133352,0.02036772
4386,0.27366768,0.01971
4386.25,0.26925696,0.01681992
4386.5,0.26360964,0.01832652
4386.75,0.25784676,0.0255798
4387,0.25064424,0.02797632
4387.25,0.25956288,0.02612196
4387.5,0.2322486,0.02884896
4387.75,0.2370978,0.02200176
4388,0.21211632,0.0136674
4388.25,0.19637532,0.01184436
4388.5,0.19480068,0.01321164
4388.75,0.14742,0.0118854
4389,0.14276736,0.00845208
4389.25,0.11825784,0.00300996
4389.5,0.11110392,0.001107
4389.75,0.10800324,0.00204984
4390,0.1083942,0.00356508
4390.25,0.09515988,0.00461484
4390.5,0.0909306,0.00488808
4390.75,0.07900524,0.00592704
4391,0.07275852,0.00895536
4391.25,0.07179624,0.00758916
4391.5,0.07585272,0.0103626
4391.75,0.07293456,0.00611712
4392,0.07512048,0.0049626
4392.25,0.07575984,0.004671
4392.5,0.07191072,0.00504792
4392.75,0.0609174,0.00427572
4393,0.06137748,0.00424872
4393.25,0.07040628,0.00536112
4393.5,0.06490368,0.00619488
4393.75,0.064179,0.00721116
4394,0.06311196,0.00678996
4394.25,0.0719982,0.00804168
4394.5,0.06380532,0.00694224
4394.75,0.07067088,0.00791208
4395,0.07155432,0.00674568
4395.25,0.06229764,0.00609336
4395.5,0.06341112,0.0061938
4395.75,0.06413472,0.00693684
4396,0.0614196,0.0082944
4396.25,0.06367464,0.00903312
4396.5,0.0626022,0.008937
4396.75,0.06308172,0.0087966
4397,0.06426972,0.0084672
4397.25,0.0659448,0.00809028
4397.5,0.06653232,0.0084024
4397.75,0.06586272,0.00817344
4398,0.0668034,0.00705132
4398.25,0.07752888,0.00657828
4398.5,0.07498332,0.00453708
4398.75,0.08839692,0.0036666
4399,0.09527976,0.0031266
4399.25,0.09334224,0.00330912
4399.5,0.11270988,0.00266436
4399.75,0.12217176,0.00483516
4400,0.15020424,0.003672
4400.25,0.19295064,0.0049518
4400.5,0.2395494,0.0057186
4400.75,0.26367012,0.0039852
4401,0.28807812,0.00659124
4401.25,0.34218936,0.01246536
4401.5,0.35461476,0.01122336
4401.75,0.38292156,0.01100304
4402,0.378081,0.00949644
4402.25,0.37443168,0.01391256
4402.5,0.36256788,0.01311768
4402.75,0.3444606,0.01402812
4403,0.40234752,0.01486512
4403.25,0.41467356,0.01616868
4403.5,0.40011948,0.01998432
4403.75,0.3544182,0.02411208
4404,0.33369732,0.0249426
4404.25,0.3230982,0.02695248
4404.5,0.30040416,0.02591136
4404.75,0.3002184,0.02837052
4405,0.28715796,0.02347164
4405.25,0.2696922,0.0200664
4405.5,0.28411452,0.01887084
4405.75,0.3303126,0.02263248
4406,0.36760284,0.0190458
4406.25,0.3861054,0.01612224
4406.5,0.37232352,0.01897992
4406.75,0.38442168,0.01790856
4407,0.37485936,0.01719792
4407.25,0.31602204,0.01378404
4407.5,0.27889272,0.01553472
4407.75,0.29419956,0.01707264
4408,0.3095496,0.01418904
4408.25,0.31771332,0.01352916
4408.5,0.28171152,0.00934848
4408.75,0.29048868,0.01462212
4409,0.26786916,0.01275156
4409.25,0.24283476,0.0095202
4409.5,0.2380482,0.00984744
4409.75,0.22440672,0.01298268
4410,0.26607744,0.0189702
4410.25,0.2509866,0.01121472
4410.5,0.23218272,0.00705348
4410.75,0.23780952,0.0062856
4411,0.22367664,0.00627804
4411.25,0.23439024,0.00550584
4411.5,0.22648788,0.0041796
4411.75,0.21661128,0.00144072
4412,0.18051336,9.072e-05
4412.25,0.1792368,0.00074736
4412.5,0.17466948,0.00051624
4412.75,0.14787792,0.00047304
4413,0.13900356,9.288e-05
4413.25,0.13218336,0.001269
4413.5,0.12270852,0.00118908
4413.75,0.116235,0.00042768
4414,0.12130992,0.00269028
4414.25,0.11201004,0.00250884
4414.5,0.09159156,0.00278208
4414.75,0.07607196,0.00494964
4415,0.07799976,0.00598104
4415.25,0.07746408,0.00742284
4415.5,0.07343028,0.0054054
4415.75,0.07490448,0.00701892
4416,0.0671976,0.00614412
4416.25,0.07377588,0.00869724
4416.5,0.07090308,0.00572508
4416.75,0.06527412,0.00614952
4417,0.06820632,0.00892404
4417.25,0.06405156,0.00559656
4417.5,0.07259652,0.00249696
4417.75,0.0758862,0.00304884
4418,0.07485804,0.00374112
4418.25,0.06826356,0.00446364
4418.5,0.07819956,0.00525528
4418.75,0.08015112,0.0047358
4419,0.07747272,0.0049194
4419.25,0.07709256,0.00569484
4419.5,0.0708102,0.00451224
4419.75,0.07464744,0.00561384
4420,0.07718004,0.00590868
4420.25,0.06843204,0.00532548
4420.5,0.06499764,0.00441288
4420.75,0.06664032,0.00339012
4421,0.06456888,0.0045522
4421.25,0.07342056,0.00446472
4421.5,0.07078212,0.00436644
4421.75,0.0715932,0.0033264
4422,0.072414,0.00160488
4422.25,0.07751592,0.00265248
4422.5,0.0820206,0.00125928
4422.75,0.09200412,0.003294
4423,0.09443412,0.00161136
4423.25,0.10529028,0.00036396
4423.5,0.092664,9.18e-05
4423.75,0.14386572,0.00530928
4424,0.16041672,0.0097902
4424.25,0.17491356,0.00397764
4424.5,0.20751444,0.004401
4424.75,0.24025032,0.00362664
4425,0.26728056,0.00754596
4425.25,0.24402708,0.0053514
4425.5,0.27657504,0.00878904
4425.75,0.29367684,0.00767016
4426,0.28050948,0.00609876
4426.25,0.29395764,0.00526176
4426.5,0.27722088,0.00478872
4426.75,0.27061236,0.0036234
4427,0.30498984,0.0057024
4427.25,0.27542052,0.0068472
4427.5,0.25663608,0.00725868
4427.75,0.27810972,0.01492776
4428,0.24797448,0.02268
4428.25,0.2724516,0.01512756
4428.5,0.24563196,0.0188676
4428.75,0.2446308,0.01463292
4429,0.20725092,0.01230984
4429.25,0.21399876,0.01261332
4429.5,0.23370012,0.01182384
4429.75,0.24650352,0.01319112
4430,0.2798604,0.01134432
4430.25,0.307665,0.01117476
4430.5,0.27535248,0.00950184
4430.75,0.25094124,0.00765396
4431,0.24116508,0.010125
4431.25,0.2746818,0.00903528
4431.5,0.23334912,0.00828252
4431.75,0.2337012,0.00693792
4432,0.26146152,0.00616248
4432.25,0.24790644,0.00541188
4432.5,0.23731704,0.0041904
4432.75,0.23198724,0.00449712
4433,0.21510144,0.0055188
4433.25,0.22305348,0.007155
4433.5,0.21820752,0.0088992
4433.75,0.20740536,0.00891
4434,0.21234096,0.0073116
4434.25,0.233064,0.00577692
4434.5,0.22424148,0.00473364
4434.75,0.22329648,0.00559224
4435,0.21818376,0.00644544
4435.25,0.22689504,0.00516564
4435.5,0.21274704,0.00533952
4435.75,0.20197512,0.00139212
4436,0.19334916,0.0020844
4436.25,0.17274168,0.0005508
4436.5,0.14555484,0.00173772
4436.75,0.12726072,9.18e-05
4437,0.14317992,0.00052056
4437.25,0.142884,0.00041688
4437.5,0.13902408,0.00105516
4437.75,0.14310216,0.00228636
4438,0.12375612,0.00194184
4438.25,0.11168928,0.00394848
4438.5,0.09133452,0.00490104
4438.75,0.08940024,0.00763452
4439,0.07433532,0.00655776
4439.25,0.07940484,0.00798984
4439.5,0.08369028,0.0110052
4439.75,0.08443656,0.00652968
4440,0.07905492,0.00548856
4440.25,0.07462476,0.00570564
4440.5,0.0752112,0.00612036
4440.75,0.06262596,0.00570132
4441,0.0646326,0.00698112
4441.25,0.078867,0.00621864
4441.5,0.07825788,0.00716256
4441.75,0.07470792,0.00574884
4442,0.07514856,0.00721764
4442.25,0.07209108,0.00860112
4442.5,0.07835724,0.00748224
4442.75,0.07312032,0.00908496
4443,0.07670052,0.0071496
4443.25,0.07297344,0.006102
4443.5,0.06619212,0.00461052
4443.75,0.06663384,0.00541944
4444,0.06610896,0.00468828
4444.25,0.07292592,0.00498744
4444.5,0.06359148,0.004644
4444.75,0.06930468,0.00390096
4445,0.07057584,0.00400896
4445.25,0.06843852,0.0032778
4445.5,0.07103592,0.00401652
4445.75,0.07072488,0.00441828
4446,0.0761832,0.00415152
4446.25,0.08289756,0.0042822
4446.5,0.08091036,0.00413856
4446.75,0.08192988,0.00264816
4447,0.08418816,0.00165888
4447.25,0.0949752,0.00104328
4447.5,0.0833274,0.00075816
4447.75,0.08374428,0.00161676
4448,0.05798844,0.00055512
4448.25,0.06654636,0.00019332
4448.5,0.06414876,-9.18e-05
4448.75,0.07997076,-0.00036072
4449,0.11107152,0.00014148
4449.25,0.07609356,0.00078084
4449.5,0.11318616,0.000621
4449.75,0.1275264,0.00114372
4450,0.1148202,0.00046116
4450.25,0.08576388,2.16e-06
4450.5,0.0749412,-0.0004698
4450.75,0.07430724,-0.00050544
4451,0.0699894,-0.0001944
4451.25,0.07627392,-8.64e-05
4451.5,0.09839664,0.00452304
4451.75,0.088587,0.00619056
4452,0.09154944,0.006453
4452.25,0.08693136,0.006399
4452.5,0.08358552,0.0076518
4452.75,0.07941456,0.0074412
4453,0.06492744,0.00660852
4453.25,0.05885244,0.006237
4453.5,0.07307496,0.00862488
4453.75,0.08293644,0.00943056
4454,0.09266076,0.01015416
4454.25,0.09603576,0.0115398
4454.5,0.09558864,0.01071252
4454.75,0.0997218,0.01229904
4455,0.08406288,0.01362744
4455.25,0.09478188,0.01060992
4455.5,0.07930224,0.00897372
4455.75,0.08845416,0.0097686
4456,0.07026156,0.00566352
4456.25,0.08419572,0.00698976
4456.5,0.07327152,0.00387936
4456.75,0.07495524,0.0032184
4457,0.07567452,0.00274428
4457.25,0.07543692,0.00442908
4457.5,0.07667136,0.00394416
4457.75,0.08601984,0.00680184
4458,0.09044244,0.00692496
4458.25,0.09454212,0.00522072
4458.5,0.09771084,0.00730296
4458.75,0.08559972,0.00996408
4459,0.09848304,0.01266192
4459.25,0.09688572,0.0108648
4459.5,0.0978102,0.01125792
4459.75,0.11021616,0.01601748
4460,0.11056716,0.01598724
4460.25,0.106677,0.01568592
4460.5,0.10451376,0.01623348
4460.75,0.09457128,0.01506492
4461,0.10158156,0.01706832
4461.25,0.10111608,0.018927
4461.5,0.0931662,0.01519344
4461.75,0.09679284,0.01754244
4462,0.09325368,0.01701972
4462.25,0.09262836,0.01986984
4462.5,0.1040148,0.01563084
4462.75,0.09002232,0.01185084
4463,0.07969212,0.00892728
4463.25,0.08364492,0.01164456
4463.5,0.08182728,0.00676404
4463.75,0.08567316,0.005562
4464,0.09138744,0.0088236
4464.25,0.08914752,0.00650808
4464.5,0.07785828,0.0055188
4464.75,0.08107884,0.00802656
4465,0.08529732,0.0068526
4465.25,0.0779976,0.00709992
4465.5,0.08556624,0.00619272
4465.75,0.079326,0.00592488
4466,0.08314704,0.00681264
4466.25,0.08556948,0.00778356
4466.5,0.08763012,0.00910548
4466.75,0.08771112,0.0090288
4467,0.08447436,0.00752868
4467.25,0.08811396,0.00895752
4467.5,0.08295588,0.00817884
4467.75,0.08377992,0.00807084
4468,0.08444736,0.00825552
4468.25,0.086022,0.0083376
4468.5,0.07847388,0.00665172
4468.75,0.08147952,0.0060642
4469,0.07974612,0.00676404
4469.25,0.08192016,0.00926208
4469.5,0.0824688,0.00966816
4469.75,0.0840834,0.00728892
4470,0.08231436,0.00783108
4470.25,0.08067924,0.00639576
4470.5,0.08096436,0.00710316
4470.75,0.0911196,0.00580284
4471,0.0909738,0.00524556
4471.25,0.07729236,0.00362988
4471.5,0.11449404,0.00557604
4471.75,0.07068816,0.0025974
4472,0.0568026,0.00216
4472.25,0.0492264,0.00132948
4472.5,0.05286492,0.00089964
4472.75,0.05546232,0.00146232
4473,0.05958684,0.00225936
4473.25,0.066393,0.002079
4473.5,0.05821956,0.00087048
4473.75,0.06316272,0.00123228
4474,0.06303636,0.0012852
4474.25,0.06507432,0.00190728
4474.5,0.04521744,0.00127116
4474.75,0.04642488,0.001215
4475,0.06035688,0.00234252
4475.25,0.0610308,0.0029808
4475.5,0.06584868,0.00584388
4475.75,0.07030692,0.00576396
4476,0.06874416,0.00653616
4476.25,0.07270668,0.00852012
4476.5,0.06568992,0.0080406
4476.75,0.06818148,0.00690228
4477,0.05642568,0.00670464
4477.25,0.05181084,0.0055458
4477.5,0.06090768,0.00688608
4477.75,0.05821092,0.00677376
4478,0.0697464,0.0080352
4478.25,0.06716412,0.0082566
4478.5,0.06943428,0.00619056
4478.75,0.06513588,0.00657072
4479,0.07389144,0.00711936
4479.25,0.07585812,0.00898344
4479.5,0.06215184,0.0069606
4479.75,0.06402348,0.00714636
4480,0.06941808,0.00673164
4480.25,0.07376508,0.00377028
4480.5,0.07130052,0.0038016
4480.75,0.06681636,0.00266652
4481,0.075195,0.00289116
4481.25,0.07418088,0.00210384
4481.5,0.07805376,0.00385236
4481.75,0.08095896,0.00520884
4482,0.09520416,0.01053864
4482.25,0.10313352,0.009234
4482.5,0.08864964,0.00650484
4482.75,0.09442224,0.00583632
4483,0.08825112,0.0059076
4483.25,0.08926416,0.0077274
4483.5,0.0857142,0.00729756
4483.75,0.0789966,0.00673272
4484,0.07635924,0.00409428
4484.25,0.07541208,0.0037206
4484.5,0.07610652,0.00463536
4484.75,0.07891668,0.00538272
4485,0.07358148,0.0054324
4485.25,0.07638084,0.00512136
4485.5,0.07483968,0.00602316
4485.75,0.07218396,0.00573912
4486,0.06719112,0.0046494
4486.25,0.07373052,0.00366336
4486.5,0.07206084,0.00489888
4486.75,0.07004664,0.0048762
4487,0.0698436,0.00346464
4487.25,0.06946884,0.00387396
4487.5,0.07503516,0.00555768
4487.75,0.07546392,0.00713664
4488,0.07022268,0.0055782
4488.25,0.07378776,0.00949104
4488.5,0.0674244,0.00617436
4488.75,0.07098192,0.005859
4489,0.06908544,0.00563112
4489.25,0.06927984,0.0055566
4489.5,0.07081668,0.00558576
4489.75,0.07462476,0.00806112
4490,0.07435368,0.00768744
4490.25,0.07788096,0.00794016
4490.5,0.07494984,0.00768312
4490.75,0.0758916,0.0100602
4491,0.0711828,0.00985068
4491.25,0.07472736,0.00930096
4491.5,0.08110584,0.00768096
4491.75,0.07698132,0.00761508
4492,0.07681824,0.00911844
4492.25,0.0689202,0.01001592
4492.5,0.07031016,0.0100602
4492.75,0.06615216,0.00766152
4493,0.07087284,0.00869508
4493.25,0.07049916,0.00882468
4493.5,0.07348536,0.00836784
4493.75,0.0725598,0.00504252
4494,0.06987384,0.0060588
4494.25,0.07734096,0.00464832
4494.5,0.0736668,0.00264168
4494.75,0.0820152,0.0042282
4495,0.08435124,0.00495288
4495.25,0.0982908,0.00328644
4495.5,0.09313056,0.00539676
4495.75,0.13136256,0.00555444
4496,0.16146648,0.00474876
4496.25,0.17606592,0.01042524
4496.5,0.19501884,0.00968868
4496.75,0.21757032,0.01276668
4497,0.23801364,0.01952316
4497.25,0.25554852,0.01587924
4497.5,0.26824824,0.01769148
4497.75,0.29666736,0.01559304
4498,0.27732456,0.01135728
4498.25,0.28942704,0.00821448
4498.5,0.27766692,0.00826848
4498.75,0.28804032,0.00785808
4499,0.30695436,0.013041
4499.25,0.31157028,0.0124524
4499.5,0.29828196,0.01446012
4499.75,0.30806352,0.0177066
4500,0.2910384,0.01766988
4500.25,0.2782458,0.01775196
4500.5,0.26729244,0.01309824
4500.75,0.28506924,0.01622484
4501,0.24904908,0.01445796
4501.25,0.26083836,0.01510056
4501.5,0.31220856,0.01554228
4501.75,0.35331444,0.01572048
4502,0.35890236,0.01784484
4502.25,0.38201004,0.01831896
4502.5,0.32144688,0.01020168
4502.75,0.36550764,0.010854
4503,0.3628854,0.01322136
4503.25,0.35427456,0.0129708
4503.5,0.31247316,0.01477224
4503.75,0.29486376,0.0086832
4504,0.32229252,0.00788508
4504.25,0.32392764,0.00867132
4504.5,0.31795308,0.00997272
4504.75,0.31226148,0.007695
4505,0.30477168,0.01388232
4505.25,0.29435724,0.01681992
4505.5,0.27148284,0.01317708
4505.75,0.2583846,0.0121824
4506,0.24441264,0.00971784
4506.25,0.24859548,0.01104192
4506.5,0.23361912,0.00783432
4506.75,0.22636692,0.00664524
4507,0.22994172,0.00755352
4507.25,0.20506608,0.00487188
4507.5,0.19497672,0.00339336
4507.75,0.19400688,0.00241272
4508,0.17598708,0.00372276
4508.25,0.17743644,0.0034938
4508.5,0.1619136,0.00306612
4508.75,0.1363338,-0.00021816
4509,0.13662216,0.00197208
4509.25,0.12508668,0.0053676
4509.5,0.12163284,0.00196884
4509.75,0.12011328,0.00214056
4510,0.11098512,0.00331992
4510.25,0.098847,0.0032508
4510.5,0.09043704,0.00390744
4510.75,0.07637112,0.00638064
4511,0.07386336,0.00776844
4511.25,0.07133508,0.00848988
4511.5,0.07831512,0.0096552
4511.75,0.07464204,0.00615168
4512,0.07223364,0.00771552
4512.25,0.07647156,0.00930096
4512.5,0.07253712,0.0067392
4512.75,0.06678828,0.00643896
4513,0.06980148,0.00691524
4513.25,0.073791,0.00709128
4513.5,0.0710208,0.00849204
4513.75,0.07449408,0.01021788
4514,0.07904736,0.0107892
4514.25,0.07585056,0.0049734
4514.5,0.07632144,0.00613224
4514.75,0.07690464,0.00531144
4515,0.0708534,0.00541836
4515.25,0.07504272,0.00403704
4515.5,0.07386444,0.0060102
4515.75,0.07394976,0.0045522
4516,0.07585164,0.00386424
4516.25,0.07217856,0.005508
4516.5,0.07236,0.00398844
4516.75,0.07171308,0.00478116
4517,0.0745632,0.00443772
4517.25,0.07436016,0.00464616
4517.5,0.0754056,0.00437832
4517.75,0.07640568,0.00311472
4518,0.0778734,0.0034884
4518.25,0.08197416,0.0030456
4518.5,0.08077644,0.00335988
4518.75,0.08742276,0.00173664
4519,0.0768798,0.00135648
4519.25,0.07982064,0.00034236
4519.5,0.096417,0.00063504
4519.75,0.139482,0.00232308
4520,0.14815872,0.00387288
4520.25,0.17869572,0.00737856
4520.5,0.19331352,0.00777924
4520.75,0.20394072,0.00277452
4521,0.23499072,0.01009908
4521.25,0.25803252,0.00843588
4521.5,0.3188214,0.0109782
4521.75,0.30784752,0.01174284
4522,0.29475036,0.01213704
4522.25,0.30060396,0.00948996
4522.5,0.27592272,0.00914112
4522.75,0.28038204,0.01260144
4523,0.28953828,0.0120042
4523.25,0.2855952,0.01341576
4523.5,0.28174608,0.01559196
4523.75,0.26466588,0.01636956
4524,0.24213816,0.01275372
4524.25,0.21312288,0.01240488
4524.5,0.20001816,0.01251612
4524.75,0.2070306,0.01598508
4525,0.18960372,0.0059022
4525.25,0.19483524,0.00666576
4525.5,0.20581128,0.00790236
4525.75,0.22208472,0.0047412
4526,0.22442832,0.00404028
4526.25,0.22475664,0.00175284
4526.5,0.24355188,0.00264492
4526.75,0.2435562,0.00197532
4527,0.25026624,0.00220752
4527.25,0.23187384,0.00194076
4527.5,0.19393344,0.001188
4527.75,0.22686156,0.00130356
4528,0.2319516,0.00159948
4528.25,0.24491916,0.00132732
4528.5,0.22940496,0.00301536
4528.75,0.23137164,0.0024516
4529,0.19323036,0.00055404
4529.25,0.18576648,0.0013554
4529.5,0.18349308,0.00306612
4529.75,0.16381116,0.00580932
4530,0.16963884,0.00494856
4530.25,0.18766944,0.0050274
4530.5,0.18863172,0.00489456
4530.75,0.20819592,0.0075114
4531,0.19414512,0.00596268
4531.25,0.1842102,0.00675216
4531.5,0.19760868,0.00656748
4531.75,0.17611776,0.00172692
4532,0.1597482,0.00235872
4532.25,0.1608768,0.00523908
4532.5,0.1473768,0.00211464
4532.75,0.14365296,0.0011988
4533,0.135756,0.00094608
4533.25,0.12370644,0.00081324
4533.5,0.11670588,0.00307152
4533.75,0.1009854,0.00327888
4534,0.09909,0.00327348
4534.25,0.0889002,0.0037152
4534.5,0.08345376,0.00264492
4534.75,0.07824384,0.00333828
4535,0.0762642,0.00273672
4535.25,0.07253712,0.00405648
4535.5,0.08242776,0.00742608
4535.75,0.08128188,0.00817452
4536,0.077922,0.0052974
4536.25,0.08278848,0.00833004
4536.5,0.07594668,0.00521748
4536.75,0.0730404,0.00865944
4537,0.08482104,0.007452
4537.25,0.07808724,0.00947592
4537.5,0.0727002,0.00757296
4537.75,0.06640596,0.006939
4538,0.07477488,0.00793692
4538.25,0.0698976,0.00738612
4538.5,0.06702264,0.00700488
4538.75,0.07207488,0.0066312
4539,0.06953904,0.009531
4539.25,0.0677592,0.00762372
4539.5,0.07344648,0.00848016
4539.75,0.0743526,0.00819936
4540,0.07145388,0.00745956
4540.25,0.06996672,0.00685476
4540.5,0.06479568,0.00607392
4540.75,0.07158132,0.00820584
4541,0.06879384,0.00897696
4541.25,0.06806376,0.00713232
4541.5,0.07312572,0.00812592
4541.75,0.07392384,0.0049518
4542,0.07038468,0.00536328
4542.25,0.08046324,0.00438156
4542.5,0.07820604,0.00424764
4542.75,0.07461936,0.00257472
4543,0.08331012,0.0019116
4543.25,0.07663896,0.00106596
4543.5,0.11024208,0.00133704
4543.75,0.13741056,0.00351432
4544,0.13986648,0.00468936
4544.25,0.14690916,0.00355212
4544.5,0.16794756,0.00307476
4544.75,0.223884,0.00884412
4545,0.21910608,0.00585468
4545.25,0.24126228,0.00560844
4545.5,0.258012,0.00581256
4545.75,0.2622348,0.00690768
4546,0.25847964,0.00250776
4546.25,0.2533896,0.00254232
4546.5,0.27415152,0.0083592
4546.75,0.25738452,0.00479736
4547,0.26525772,0.00785484
4547.25,0.2854332,0.0112104
4547.5,0.29957904,0.0215838
4547.75,0.25271676,0.01296756
4548,0.27061992,0.0191916
4548.25,0.23299812,0.01169208
4548.5,0.24550776,0.01571508
4548.75,0.26282016,0.0143964
4549,0.22866948,0.01161648
4549.25,0.26026272,0.00921996
4549.5,0.28884168,0.01316196
4549.75,0.32635008,0.01879956
4550,0.34720704,0.02114532
4550.25,0.3628044,0.01830168
4550.5,0.35977284,0.0174474
4550.75,0.34924176,0.01652184
4551,0.3375108,0.01885788
4551.25,0.3492558,0.0156654
4551.5,0.31197852,0.01337904
4551.75,0.31420224,0.01327752
4552,0.31111452,0.01290708
4552.25,0.33517476,0.01842264
4552.5,0.31081644,0.01264896
4552.75,0.31485888,0.01682964
4553,0.26336556,0.00886572
4553.25,0.28109592,0.01177632
4553.5,0.27509868,0.01315656
4553.75,0.21608424,0.00386532
4554,0.25498152,0.0089694
4554.25,0.2604096,0.01067472
4554.5,0.2209302,0.00404568
4554.75,0.20795076,0.00321732
4555,0.24635664,0.00587844
4555.25,0.2569806,0.00622188
4555.5,0.21556908,0.00379296
4555.75,0.18598464,0.00163404
4556,0.17876592,0.0021276
4556.25,0.17476128,0.00113184
4556.5,0.1737234,0.00269784
4556.75,0.14581836,0.0034182
4557,0.13408632,0.00313416
4557.25,0.14216256,0.0019548
4557.5,0.13115952,0.002484
4557.75,0.1258686,0.006561
4558,0.10745892,0.0044982
4558.25,0.1050354,0.00603828
4558.5,0.08919828,0.00687528
4558.75,0.08484804,0.0064422
4559,0.07365384,0.00850608
4559.25,0.07513776,0.00884844
4559.5,0.07966944,0.00927612
4559.75,0.0816372,0.01011096
4560,0.07956684,0.0071658
4560.25,0.07440552,0.00724572
4560.5,0.07359984,0.00781704
4560.75,0.07044948,0.00850824
4561,0.07367112,0.00909684
4561.25,0.07259868,0.00651132
4561.5,0.0771282,0.00533196
4561.75,0.0765882,0.00633096
4562,0.07539372,0.00686556
4562.25,0.07767144,0.00710856
4562.5,0.07748244,0.00818208
4562.75,0.07967376,0.00741204
4563,0.07750512,0.0079758
4563.25,0.0768474,0.0080244
4563.5,0.07908084,0.00869076
4563.75,0.07678368,0.00853524
4564,0.07432668,0.00555012
4564.25,0.0771876,0.00626616
4564.5,0.06890508,0.00590328
4564.75,0.06778728,0.0048762
4565,0.07332768,0.00488916
4565.25,0.07119576,0.00462888
4565.5,0.08125164,0.00624348
4565.75,0.07767792,0.00524772
4566,0.07794576,0.00587088
4566.25,0.08929656,0.0054
4566.5,0.0885816,0.00574776
4566.75,0.09252036,0.0040446
4567,0.09720108,0.00258444
4567.25,0.10460556,0.00161784
4567.5,0.11027772,0.0014742
4567.75,0.13537476,0.00154872
4568,0.13837176,0.00077112
4568.25,0.14113548,0.00040608
4568.5,0.17591688,0.00313524
4568.75,0.19894572,0.00231876
4569,0.20376036,0.00187596
4569.25,0.2062206,0.00228636
4569.5,0.22991256,0.00384804
4569.75,0.24708348,0.0038718
4570,0.24921648,0.00162756
4570.25,0.24024816,0.00293868
4570.5,0.21638448,0.00124308
4570.75,0.2357316,0.00288576
4571,0.2378322,0.0027432
4571.25,0.25457544,0.00568512
4571.5,0.24613524,0.00743472
4571.75,0.23889384,0.00475956
4572,0.23554152,0.00477684
4572.25,0.23004972,0.00985608
4572.5,0.2191806,0.00921564
4572.75,0.21966228,0.01844748
4573,0.21464352,0.01285956
4573.25,0.22059108,0.01730484
4573.5,0.24097824,0.01231308
4573.75,0.240786,0.00954288
4574,0.249399,0.00978264
4574.25,0.26052624,0.00620676
4574.5,0.28630584,0.00356184
4574.75,0.2468988,0.00608472
4575,0.25309908,0.005589
4575.25,0.2099952,0.00401652
4575.5,0.21414564,0.00360612
4575.75,0.20963448,0.00355104
4576,0.22810248,0.00434268
4576.25,0.2307798,0.005238
4576.5,0.1814292,0.0031428
4576.75,0.2052432,0.0054756
4577,0.18620604,0.003051
4577.25,0.2030022,0.00496692
4577.5,0.19520892,0.00485784
4577.75,0.19845108,0.00775656
4578,0.17881884,0.00466668
4578.25,0.18093996,0.00332964
4578.5,0.17465436,0.00471312
4578.75,0.16409952,0.00526284
4579,0.17609832,0.00679212
4579.25,0.18135576,0.00336636
4579.5,0.15552756,0.00199152
4579.75,0.15401124,0.00106596
4580,0.13853592,0.00074088
4580.25,0.13780044,0.00219024
4580.5,0.13147488,0.00112536
4580.75,0.1260198,0.00090612
4581,0.14468868,0.00659988
4581.25,0.11639268,0.00251748
4581.5,0.10424268,0.00525096
4581.75,0.10265616,0.00371952
4582,0.1025136,0.00286848
4582.25,0.0910872,0.00277452
4582.5,0.08168148,0.00406512
4582.75,0.07317,0.0053784
4583,0.07329096,0.00816156
4583.25,0.06653124,0.00805356
4583.5,0.074898,0.00722736
4583.75,0.07090308,0.0056754
4584,0.06724404,0.00383508
4584.25,0.0693468,0.00478764
4584.5,0.06865236,0.00516348
4584.75,0.06906924,0.00484056
4585,0.06800652,0.00703944
4585.25,0.06878196,0.0062316
4585.5,0.07460316,0.0081486
4585.75,0.07357176,0.00787428
4586,0.06973452,0.00825876
4586.25,0.07134372,0.0077922
4586.5,0.07605144,0.00916164
4586.75,0.0769824,0.00549828
4587,0.07243992,0.00473364
4587.25,0.06862428,0.00469584
4587.5,0.0719442,0.00532008
4587.75,0.07120008,0.00585252
4588,0.06830028,0.00599508
4588.25,0.07580628,0.00612252
4588.5,0.06725376,0.00567648
4588.75,0.0616842,0.00464292
4589,0.06585516,0.0049356
4589.25,0.06193908,0.00425628
4589.5,0.07035768,0.00518616
4589.75,0.071442,0.00423684
4590,0.07199172,0.0027162
4590.25,0.07860564,0.00313956
4590.5,0.07335036,0.00220752
4590.75,0.08033472,0.00144828
4591,0.07512156,0.00120096
4591.25,0.07563024,0.00167508
4591.5,0.08956764,0.00111024
4591.75,0.10869876,0.001971
4592,0.13624308,0.00594324
4592.25,0.15835824,0.004077
4592.5,0.15205536,0.0040554
4592.75,0.18114516,0.00564516
4593,0.19270872,0.0054756
4593.25,0.21814488,0.00706644
4593.5,0.21872052,0.00875016
4593.75,0.23869512,0.0064962
4594,0.23532012,0.00580176
4594.25,0.23188788,0.00741636
4594.5,0.22792644,0.00484164
4594.75,0.21521808,0.002133
4595,0.21403332,0.00347868
4595.25,0.21387456,0.00258984
4595.5,0.2373678,0.00616896
4595.75,0.23998788,0.00682992
4596,0.23126364,0.01175148
4596.25,0.20283588,0.01155276
4596.5,0.2065176,0.01252368
4596.75,0.20618064,0.01148148
4597,0.17430552,0.00808056
4597.25,0.1945188,0.0070308
4597.5,0.1907118,0.005778
4597.75,0.19179936,0.01074276
4598,0.19415268,0.00674568
4598.25,0.18609912,0.0069822
4598.5,0.22232232,0.00780408
4598.75,0.21212172,0.00852552
4599,0.16866252,0.00828576
4599.25,0.18362808,0.00692496
4599.5,0.19410948,0.00703296
4599.75,0.17527428,0.0079272
4600,0.1910898,0.00844668
4600.25,0.1864836,0.0057024
4600.5,0.1735398,0.0049302
4600.75,0.16215768,0.0045036
4601,0.15851808,0.00615168
4601.25,0.15539256,0.00404676
4601.5,0.15625872,0.00501444
4601.75,0.15537312,0.00446688
4602,0.14204916,0.00416448
4602.25,0.16245252,0.00540648
4602.5,0.17600868,0.0071982
4602.75,0.16445916,0.01016496
4603,0.191808,0.01046952
4603.25,0.17435088,0.00671652
4603.5,0.16998336,0.00368928
4603.75,0.1460862,0.00560088
4604,0.14857344,0.00377028
4604.25,0.11444436,0.00179064
4604.5,0.1134054,0.00179388
4604.75,0.12658032,0.00204768
4605,0.12264156,0.0031374
4605.25,0.11446596,0.0026028
4605.5,0.11457396,0.003537
4605.75,0.10455912,0.00524448
4606,0.09593316,0.00611604
4606.25,0.08653284,0.00429624
4606.5,0.08447544,0.0031482
4606.75,0.07433748,0.00495828
4607,0.0732024,0.0083376
4607.25,0.07807104,0.0110376
4607.5,0.077139,0.01081404
4607.75,0.07222932,0.00674352
4608,0.06830676,0.00764856
4608.25,0.07333524,0.00641628
4608.5,0.06556248,0.00590328
4608.75,0.06768684,0.0054432
4609,0.06905088,0.00713232
4609.25,0.07189452,0.00812592
4609.5,0.06894072,0.00825336
4609.75,0.07343352,0.00886572
4610,0.07313328,0.01131516
4610.25,0.07151652,0.00695304
4610.5,0.06918696,0.0048276
4610.75,0.0741204,0.00443772
4611,0.071847,0.0042228
4611.25,0.06904764,0.00422388
4611.5,0.06753132,0.00353376
4611.75,0.06669216,0.00097848
4612,0.06540912,-0.0001242
4612.25,0.066177,-7.02e-05
4612.5,0.0599022,-0.00045792
4612.75,0.06287652,-0.00017064
4613,0.06300828,0.0007074
4613.25,0.06618672,0.00079056
4613.5,0.06948504,0.00017172
4613.75,0.07095168,0.00105948
4614,0.06567048,0.00256284
4614.25,0.06287976,0.00211032
4614.5,0.0671112,0.00168912
4614.75,0.06910164,0.00107136
4615,0.0694764,0.00047736
4615.25,0.07509996,0.00023652
4615.5,0.07831404,0.00106812
4615.75,0.06928632,0.0018684
4616,0.05271372,0.00223776
4616.25,0.05494716,0.00195696
4616.5,0.05986116,0.00168372
4616.75,0.06623964,0.0013932
4617,0.06787692,-2.268e-05
4617.25,0.07825788,0.00016956
4617.5,0.09104724,0.00055296
4617.75,0.08754156,-1.836e-05
4618,0.08607924,9.18e-05
4618.25,0.0813888,0.00033048
4618.5,0.06366384,-9.18e-05
4618.75,0.07223148,4.86e-05
4619,0.07762608,6.372e-05
4619.25,0.07592508,0.000162
4619.5,0.08612352,0.00070092
4619.75,0.08747568,0.00130896
4620,0.08272584,0.00063612
4620.25,0.08276256,0.00049572
4620.5,0.08239104,0.00066096
4620.75,0.07806564,0.00144504
4621,0.05545152,0.0010962
4621.25,0.06370596,0.00066636
4621.5,0.07212888,0.00159084
4621.75,0.076167,0.00191376
4622,0.07098624,0.0016956
4622.25,0.06553656,0.00246132
4622.5,0.06752592,0.00252288
4622.75,0.07668216,0.00229608
4623,0.0808218,0.0028998
4623.25,0.07772004,0.0024894
4623.5,0.06131484,0.00206496
4623.75,0.07817364,0.0028998
4624,0.0761724,0.00384048
4624.25,0.07803324,0.00310068
4624.5,0.08294292,0.00215676
4624.75,0.08192448,0.00159948
4625,0.0813402,0.00349056
4625.25,0.08050212,0.00930312
4625.5,0.08369676,0.008532
4625.75,0.08555004,0.00828792
4626,0.09152568,0.009018
4626.25,0.09297828,0.01254096
4626.5,0.07752888,0.0086292
4626.75,0.07981524,0.00969732
4627,0.07837452,0.0114696
4627.25,0.07661196,0.01232496
4627.5,0.08118468,0.0132516
4627.75,0.07882596,0.00277128
4628,0.0772254,0.0025596
4628.25,0.08225388,0.0035424
4628.5,0.07923312,0.00405972
4628.75,0.07929468,0.00347652
4629,0.0826524,0.00516888
4629.25,0.08015544,0.00528444
4629.5,0.07618428,0.0046062
4629.75,0.06785748,0.00291924
4630,0.07085664,0.00360828
4630.25,0.0733266,0.00478764
4630.5,0.06408396,0.0040878
4630.75,0.06300612,0.00447768
4631,0.06669324,0.00444096
4631.25,0.06827112,0.00534816
4631.5,0.07077024,0.00621972
4631.75,0.0695844,0.00502524
4632,0.07014384,0.0034938
4632.25,0.06934896,0.003564
4632.5,0.06734232,0.00390204
4632.75,0.06310872,0.00288792
4633,0.0676566,0.00393876
4633.25,0.0673704,0.00402192
4633.5,0.07262136,0.00406188
4633.75,0.07285896,0.0040338
4634,0.07165908,0.00540108
4634.25,0.06897744,0.00495828
4634.5,0.07262568,0.00569484
4634.75,0.06973128,0.00577152
4635,0.06901524,0.00597348
4635.25,0.06995808,0.00609336
4635.5,0.06959736,0.00469476
4635.75,0.07013196,0.0047034
4636,0.06788016,0.005211
4636.25,0.0703512,0.00547236
4636.5,0.06576768,0.00458568
4636.75,0.06444576,0.00432216
4637,0.063666,0.004077
4637.25,0.06199956,0.00478548
4637.5,0.06599664,0.0041688
4637.75,0.07526196,0.00358128
4638,0.07351344,0.0029754
4638.25,0.07544016,0.00273996
4638.5,0.08004528,0.00480168
4638.75,0.07929036,0.00323784
4639,0.07478352,0.00273996
4639.25,0.07790148,0.00211896
4639.5,0.07352208,0.00208548
4639.75,0.06984684,0.001296
4640,0.05205816,0.00193644
4640.25,0.04991544,0.0009558
4640.5,0.0565434,0.000783
4640.75,0.05537484,0.00072792
4641,0.0594972,0.00114696
4641.25,0.06666624,0.00134244
4641.5,0.0644328,0.00082836
4641.75,0.0693792,0.00112752
4642,0.06613488,0.00223128
4642.25,0.06094116,0.00164808
4642.5,0.041202,0.001107
4642.75,0.04062312,0.00101736
4643,0.05102568,0.00119448
4643.25,0.04941216,0.00079164
4643.5,0.06147036,0.0016578
4643.75,0.05791932,0.00183384
4644,0.05379696,0.00125604
4644.25,0.05704992,0.00100332
4644.5,0.05646564,0.00173016
4644.75,0.06109344,0.0030186
4645,0.0489726,0.00298728
4645.25,0.04275828,0.0001296
4645.5,0.04919076,0.00040068
4645.75,0.05342544,0.00135972
4646,0.0620946,0.00269892
4646.25,0.06443064,0.00354132
4646.5,0.06405696,0.0043308
4646.75,0.06062148,0.00335988
4647,0.06307524,0.00287604
4647.25,0.06435504,0.002295
4647.5,0.05209056,0.0019062
4647.75,0.05548068,0.0023436
4648,0.05633712,0.00231336
4648.25,0.06728508,0.0031482
4648.5,0.07243668,0.00456408
4648.75,0.06570612,0.00150984
4649,0.07150464,0.00301752
4649.25,0.07536024,0.00332316
4649.5,0.07367436,0.004347
4649.75,0.08388792,0.00503928
4650,0.08701884,0.0037962
4650.25,0.090504,0.00374436
4650.5,0.08942184,0.0054594
4650.75,0.08531028,0.00858276
4651,0.08277336,0.013662
4651.25,0.0716904,0.00833004
4651.5,0.07102944,0.00888408
4651.75,0.08292672,0.01037448
4652,0.07534944,0.00793368
4652.25,0.07323372,0.01016928
4652.5,0.07710552,0.0100008
4652.75,0.08009496,0.0108648
4653,0.07232112,0.00889812
4653.25,0.07436016,0.01010124
4653.5,0.07424676,0.01084752
4653.75,0.06821064,0.00754812
4654,0.06973236,0.00799308
4654.25,0.06492528,0.00702324
4654.5,0.06176628,0.00663336
4654.75,0.06168204,0.00728028
4655,0.06689736,0.00456624
4655.25,0.06372,0.00462024
4655.5,0.06361524,0.00635364
4655.75,0.0695412,0.00568188
4656,0.0666522,0.00404352
4656.25,0.0649836,0.00435348
4656.5,0.05907816,0.00401868
4656.75,0.05925744,0.0044766
4657,0.06244992,0.00648216
4657.25,0.063153,0.00625968
4657.5,0.07316892,0.0070794
4657.75,0.07249284,0.00837864
4658,0.06729372,0.00846072
4658.25,0.06798708,0.00734292
4658.5,0.0702324,0.00767664
4658.75,0.07162884,0.008424
4659,0.06627204,0.00868428
4659.25,0.0643302,0.00729864
4659.5,0.0664686,0.00716148
4659.75,0.06770736,0.00845316
4660,0.06384528,0.009018
4660.25,0.06385068,0.00829332
4660.5,0.06120144,0.0064044
4660.75,0.06186564,0.00660312
4661,0.06232032,0.00772092
4661.25,0.06844284,0.00737424
4661.5,0.06494148,0.00744984
4661.75,0.0655452,0.00606744
4662,0.06294996,0.00726192
4662.25,0.06311952,0.00363312
4662.5,0.06870636,0.0043146
4662.75,0.06352236,0.00287496
4663,0.0666684,0.00225828
4663.25,0.05726052,0.0025866
4663.5,0.06876468,0.00106272
4663.75,0.10895904,0.00652536
4664,0.09997344,0.00797364
4664.25,0.09963972,-0.00043956
4664.5,0.10932948,0.0031482
4664.75,0.1377756,0.00151416
4665,0.15164712,0.00425736
4665.25,0.16090704,0.00506736
4665.5,0.16190064,0.00706968
4665.75,0.18403524,0.00710316
4666,0.18183096,0.0060858
4666.25,0.19114056,0.00750816
4666.5,0.18426528,0.0081
4666.75,0.1814994,0.00885384
4667,0.18556344,0.00980424
4667.25,0.1908306,0.00817776
4667.5,0.20187144,0.00842292
4667.75,0.2091474,0.0159354
4668,0.18787464,0.01206252
4668.25,0.19590336,0.01448604
4668.5,0.17537364,0.010692
4668.75,0.17686836,0.01244052
4669,0.1656666,0.01137672
4669.25,0.1691442,0.01047492
4669.5,0.20551104,0.01376028
4669.75,0.2213892,0.01231416
4670,0.21772044,0.01120716
4670.25,0.22753008,0.00705888
4670.5,0.24644412,0.00781056
4670.75,0.27616356,0.00644868
4671,0.24090804,0.01039284
4671.25,0.23450364,0.01080972
4671.5,0.21245652,0.01066824
4671.75,0.2172312,0.01007748
4672,0.24056136,0.03084264
4672.25,0.24537384,0.01042956
4672.5,0.22407732,0.00747684
4672.75,0.2081268,0.00233604
4673,0.19554048,0.0069768
4673.25,0.1733994,0.00085752
4673.5,0.18492408,0.00251208
4673.75,0.17783064,0.00414396
4674,0.17047476,0.00472392
4674.25,0.16552836,0.01073628
4674.5,0.17763516,0.01264464
4674.75,0.15875352,0.00814536
4675,0.19236528,0.0086238
4675.25,0.16830072,0.00615384
4675.5,0.15127668,0.00634932
4675.75,0.1527336,0.00585036
4676,0.16232508,0.00596808
4676.25,0.1695978,0.01360476
4676.5,0.08904708,0.0086508
4676.75,0.11657088,0.00850716
4677,0.11129616,0.00685908
4677.25,0.10350288,0.00479628
4677.5,0.099198,0.0050922
4677.75,0.09626364,0.00374004
4678,0.0858762,0.00175392
4678.25,0.09191016,0.00335556
4678.5,0.0733212,0.0038394
4678.75,0.070632,0.00535572
4679,0.07243128,0.00649188
4679.25,0.07511724,0.00836028
4679.5,0.07571664,0.00889272
4679.75,0.07739064,0.01047492
4680,0.07657308,0.00870588
4680.25,0.07159968,0.00860436
4680.5,0.06632496,0.00680076
4680.75,0.070092,0.00894348
4681,0.07070112,0.00522288
4681.25,0.06660792,0.0049572
4681.5,0.06829488,0.0057996
4681.75,0.07467768,0.00636228
4682,0.07643592,0.00831816
4682.25,0.07406532,0.00740772
4682.5,0.07710336,0.00847152
4682.75,0.07495416,0.00768096
4683,0.07776216,0.00857628
4683.25,0.0723438,0.00761508
4683.5,0.07844256,0.00775224
4683.75,0.0767232,0.00890784
4684,0.07006824,0.007884
4684.25,0.0723546,0.0075654
4684.5,0.06462504,0.00737316
4684.75,0.06574716,0.00704916
4685,0.07299828,0.00733968
4685.25,0.07261164,0.00710964
4685.5,0.0756702,0.007479
4685.75,0.07437852,0.00670572
4686,0.07000452,0.00485352
4686.25,0.0797742,0.00438264
4686.5,0.0770742,0.00408024
4686.75,0.07424568,0.00360072
4687,0.09554976,0.00501228
4687.25,0.0766098,0.00323136
4687.5,0.08494956,0.00163728
4687.75,0.1023408,0.00146448
4688,0.08128728,0.00090828
4688.25,0.08333064,0.00092772
4688.5,0.11145816,0.00114264
4688.75,0.11546388,0.0012852
4689,0.12989916,0.00199692
4689.25,0.13164012,0.00517968
4689.5,0.1252908,0.00313632
4689.75,0.13849596,0.00162108
4690,0.14366484,0.00330696
4690.25,0.1389204,0.003078
4690.5,0.12822192,0.00426924
4690.75,0.12591612,0.0067122
4691,0.1211382,0.00079272
4691.25,0.12892284,0.00172692
4691.5,0.13393944,0.00348732
4691.75,0.12559536,0.00254772
4692,0.13241988,0.00723816
4692.25,0.11916504,0.00471204
4692.5,0.10623528,0.00619272
4692.75,0.105624,0.00460188
4693,0.0848826,0.0022464
4693.25,0.0868536,0.00585144
4693.5,0.11367432,0.0060966
4693.75,0.11735928,0.00170424
4694,0.1273536,0.00357372
4694.25,0.1149606,0.00110808
4694.5,0.11644776,0.00054864
4694.75,0.14357304,0.00196236
4695,0.14064084,0.00048816
4695.25,0.11908188,-0.00063828
4695.5,0.11275632,0.0017766
4695.75,0.0988416,0.00012528
4696,0.11554812,0.00020304
4696.25,0.13681008,0.00176904
4696.5,0.13374072,0.00124092
4696.75,0.13488768,0.00427248
4697,0.12485988,0.00422496
4697.25,0.11492496,0.00355104
4697.5,0.11889612,0.00263736
4697.75,0.10985436,0.0035046
4698,0.11298204,0.00493236
4698.25,0.10580112,0.003942
4698.5,0.10234836,0.00268056
4698.75,0.1027944,0.0016956
4699,0.10682496,0.00335232
4699.25,0.10816956,0.00281556
4699.5,0.10816956,0.00357696
4699.75,0.10143036,0.00177444
4700,0.10821384,0.00300564
4700.25,0.11407392,0.00334152
4700.5,0.11583972,0.00340416
4700.75,0.1067742,0.00341172
4701,0.10371888,0.00376812
4701.25,0.09989352,0.00364392
4701.5,0.09752292,0.00459756
4701.75,0.09411444,0.0046494
4702,0.09013572,0.00604584
4702.25,0.09145008,0.00566244
4702.5,0.07575552,0.0041688
4702.75,0.06945264,0.00595188
4703,0.07052832,0.0077166
4703.25,0.06817608,0.00626076
4703.5,0.06999048,0.00600696
4703.75,0.07540668,0.00810864
4704,0.06769332,0.0081216
4704.25,0.07118604,0.00785268
4704.5,0.06946452,0.00666036
4704.75,0.06947208,0.00826956
4705,0.0717174,0.0081702
4705.25,0.06994188,0.00808164
4705.5,0.0747954,0.00860004
4705.75,0.07580196,0.0093204
4706,0.07188804,0.00872424
4706.25,0.06840288,0.00723816
4706.5,0.07377156,0.00716904
4706.75,0.07229844,0.00747792
4707,0.07330824,0.00789048
4707.25,0.07455456,0.006966
4707.5,0.06830028,0.00637308
4707.75,0.0694278,0.00722412
4708,0.06920532,0.0056052
4708.25,0.07267536,0.00711612
4708.5,0.0633096,0.00741204
4708.75,0.06539616,0.00717228
4709,0.07133508,0.00718308
4709.25,0.06791688,0.00638928
4709.5,0.0745578,0.00713772
4709.75,0.06909084,0.00562788
4710,0.07419384,0.00478872
4710.25,0.07503732,0.00439992
4710.5,0.07532892,0.00604476
4710.75,0.0771876,0.00556956
4711,0.08499708,0.00511164
4711.25,0.08547444,0.00271512
4711.5,0.08808588,0.001485
4711.75,0.08241696,0.00297864
4712,0.08631144,0.00187488
4712.25,0.07721244,0.00067824
4712.5,0.0806652,0.00104112
4712.75,0.0936414,0.00111888
4713,0.10061496,0.00108
4713.25,0.1117854,0.00142128
4713.5,0.11917584,0.00148284
4713.75,0.12490524,0.00013716
4714,0.12345264,-8.856e-05
4714.25,0.130086,-5.184e-05
4714.5,0.11356308,0.00021168
4714.75,0.12863556,-0.00015984
4715,0.1281366,-0.00017928
4715.25,0.11961432,0.00047196
4715.5,0.11259,0.00066204
4715.75,0.10770408,0.00023652
4716,0.10452564,-0.00010584
4716.25,0.09720216,-0.0015012
4716.5,0.0892782,0.00126036
4716.75,0.08115444,0.00185976
4717,0.069795,0.00074736
4717.25,0.07424244,0.00102492
4717.5,0.08823168,0.0027162
4717.75,0.10134072,0.00153792
4718,0.10473624,0.00240408
4718.25,0.10778184,-0.00132948
4718.5,0.10499112,-0.00160164
4718.75,0.11036304,-0.0011448
4719,0.11064708,-0.00234252
4719.25,0.10127268,-0.00096012
4719.5,0.08942184,0.0028566
4719.75,0.09127836,0.00194508
4720,0.09469764,-0.00041364
4720.25,0.09853704,-0.00132624
4720.5,0.09143496,-0.00205416
4720.75,0.09013896,-0.00075708
4721,0.0890784,-0.00113724
4721.25,0.11698128,0.0029322
4721.5,0.10356012,0.00123228
4721.75,0.11997828,0.0054054
4722,0.1127034,0.00176472
4722.25,0.10154052,-0.00035424
4722.5,0.09282384,-0.00011664
4722.75,0.10458612,0.00257256
4723,0.11369916,0.00528012
4723.25,0.10116036,0.00391176
4723.5,0.09424728,0.00289224
4723.75,0.1005696,0.00731484
4724,0.10173492,0.00620136
4724.25,0.09617076,0.0040014
4724.5,0.09624528,0.00636444
4724.75,0.09996156,0.00504684
4725,0.09731016,0.006561
4725.25,0.100413,0.00784728
4725.5,0.10446408,0.00947592
4725.75,0.11110608,0.0123984
4726,0.09886104,0.01163484
4726.25,0.08588592,0.00821772
4726.5,0.07692192,0.00799956
4726.75,0.07854408,0.00831276
4727,0.07364736,0.010368
4727.25,0.0745632,0.0115236
4727.5,0.07938432,0.01093608
4727.75,0.07464204,0.01152144
4728,0.07759476,0.0091962
4728.25,0.07619724,0.0084888
4728.5,0.07308036,0.007911
4728.75,0.07373052,0.00590976
4729,0.07178976,0.00436644
4729.25,0.0736722,0.00482436
4729.5,0.07717572,0.00540972
4729.75,0.07793604,0.005265
4730,0.07743384,0.00668736
4730.25,0.07536888,0.00746712
4730.5,0.07871148,0.00673056
4730.75,0.07747056,0.00667764
4731,0.07590348,0.00634716
4731.25,0.07327152,0.0062586
4731.5,0.07083072,0.00595944
4731.75,0.07907544,0.00778572
4732,0.07025184,0.00700056
4732.25,0.06794604,0.00755676
4732.5,0.0706968,0.00692496
4732.75,0.06797196,0.00675216
4733,0.07003584,0.00636768
4733.25,0.07466148,0.00638064
4733.5,0.075573,0.0061236
4733.75,0.07169904,0.0044604
4734,0.06965028,0.00514512
4734.25,0.07557624,0.00461592
4734.5,0.07808616,0.00385344
4734.75,0.07126812,0.00320544
4735,0.07297992,0.00323784
4735.25,0.07157268,0.0012798
4735.5,0.07320456,1.836e-05
4735.75,0.10136448,0.00045144
4736,0.09136368,-0.00036504
4736.25,0.088182,5.4e-05
4736.5,0.09794088,2.484e-05
4736.75,0.10617264,-0.00016848
4737,0.1259118,-0.00137484
4737.25,0.1339902,-0.00074952
4737.5,0.13721184,-0.0005994
4737.75,0.15332976,-0.00038664
4738,0.1274994,-3.24e-05
4738.25,0.14923332,-0.00036396
4738.5,0.12860316,-0.00063072
4738.75,0.1305018,-0.00021168
4739,0.13361004,-0.00037152
4739.25,0.1388826,-0.000135
4739.5,0.14469948,0.001026
4739.75,0.14287428,0.00139428
4740,0.14172732,0.00113832
4740.25,0.1403352,0.00565596
4740.5,0.1414476,0.00337392
4740.75,0.13743,0.00188244
4741,0.12532644,0.00225936
4741.25,0.1373112,0.00236088
4741.5,0.14735088,0.00237168
4741.75,0.1571022,0.00115452
4742,0.15203052,0.00145908
4742.25,0.14957784,0.00202932
4742.5,0.17735112,0.00137268
4742.75,0.17082468,0.00149688
4743,0.18434844,0.00232308
4743.25,0.17951328,0.00277236
4743.5,0.15788628,0.00089856
4743.75,0.15787224,0.00084672
4744,0.17370396,0.00219888
4744.25,0.1707966,0.00331668
4744.5,0.1632906,0.0011178
4744.75,0.15779556,0.00123012
4745,0.15891012,0.00012528
4745.25,0.15414732,0.00222048
4745.5,0.14379012,0.001944
4745.75,0.13182696,0.00193212
4746,0.13247172,0.00170532
4746.25,0.1275696,0.00182844
4746.5,0.12406824,0.00349812
4746.75,0.12562668,0.00229824
4747,0.12898116,0.00433728
4747.25,0.13470516,0.0030024
4747.5,0.14259348,0.00355644
4747.75,0.12275496,0.00208548
4748,0.12079692,0.00042984
4748.25,0.13049964,0.00206388
4748.5,0.12643236,0.00333612
4748.75,0.10728288,0.000675
4749,0.09548928,-6.372e-05
4749.25,0.09407232,0.00025596
4749.5,0.09823464,0.00075816
4749.75,0.0998406,0.00077112
4750,0.087237,0.00188676
4750.25,0.07650504,0.0037206
4750.5,0.06801732,0.0035964
4750.75,0.06321132,0.0025542
4751,0.07793172,0.00513108
4751.25,0.07033716,0.007182
4751.5,0.0776034,0.00713556
4751.75,0.07207164,0.00337392
4752,0.06946344,0.00294408
4752.25,0.06574716,0.00290628
4752.5,0.0707022,0.00420876
4752.75,0.06607008,0.00403056
4753,0.072819,0.00408024
4753.25,0.06728076,0.00415476
4753.5,0.06886944,0.00411048
4753.75,0.07422408,0.00543996
4754,0.07382232,0.00413424
4754.25,0.06742332,0.0016902
4754.5,0.0696492,0.0016578
4754.75,0.06458832,0.0008586
4755,0.07254252,0.00139104
4755.25,0.0720306,0.00226584
4755.5,0.067257,0.00135432
4755.75,0.07241832,0.00187488
4756,0.06761772,0.00160272
4756.25,0.07139448,0.00491076
4756.5,0.06852384,0.0044118
4756.75,0.06787584,0.0043308
4757,0.07183512,0.00458028
4757.25,0.07876872,0.0063612
4757.5,0.08011224,0.0058266
4757.75,0.07843176,0.00508788
4758,0.07499196,0.00497016
4758.25,0.08282412,0.00621756
4758.5,0.0802224,0.00403596
4758.75,0.08644968,0.00311904
4759,0.0889326,0.00300672
4759.25,0.07575228,0.0030996
4759.5,0.10213668,0.00374652
4759.75,0.07783236,0.00136296
4760,0.14291208,0.00486216
4760.25,0.13932972,0.00379944
4760.5,0.14641344,0.00380592
4760.75,0.1406268,0.00454896
4761,0.11578788,0.00500472
4761.25,0.15162336,0.0017766
4761.5,0.15123564,0.00367956
4761.75,0.1620972,0.00290412
4762,0.19353384,0.00070848
4762.25,0.1861218,0.008991
4762.5,0.15576732,0.00606096
4762.75,0.16129476,0.00548424
4763,0.17451288,-0.00200124
4763.25,0.18122508,0.00344088
4763.5,0.15915636,0.007398
4763.75,0.1460484,0.00364932
4764,0.16727256,0.01498716
4764.25,0.18606024,0.01229364
4764.5,0.13538772,0.01027944
4764.75,0.14766192,0.013554
4765,0.156816,0.01367496
4765.25,0.1295568,0.0136674
4765.5,0.12547332,0.0114048
4765.75,0.13086144,0.0069282
4766,0.16073856,0.00373248
4766.25,0.15336756,0.00452304
4766.5,0.14268744,0.00948888
4766.75,0.12274956,0.00637092
4767,0.12776832,0.00063072
4767.25,0.1375218,0.00053784
4767.5,0.13144356,0.00141696
4767.75,0.1194048,-6.588e-05
4768,0.12527676,0.00307908
4768.25,0.1337688,0.00316656
4768.5,0.13188852,0.00361044
4768.75,0.11094516,0.0003402
4769,0.11538504,0.00317304
4769.25,0.08522496,0.00369036
4769.5,0.1128816,0.00277884
4769.75,0.1006614,0.00256608
4770,0.11269044,0.00417852
4770.25,0.08437392,0.0019656
4770.5,0.07074216,0.00144072
4770.75,0.06943752,0.00085104
4771,0.12447648,0.00324756
4771.25,0.07144308,0.0017928
4771.5,0.07561404,0.00409752
4771.75,0.06804756,0.00383616
4772,0.0764694,0.00455652
4772.25,0.0699516,0.0065664
4772.5,0.07229196,0.00663336
4772.75,0.06706044,0.00661176
4773,0.07577604,0.00643464
4773.25,0.06455268,0.0057078
4773.5,0.07336764,0.00654804
4773.75,0.07771572,0.00470988
4774,0.07392816,0.00434916
4774.25,0.07154028,0.0042876
4774.5,0.06659064,0.00405648
4774.75,0.06101136,0.0048924
4775,0.0619866,0.00592488
4775.25,0.06352128,0.00756972
4775.5,0.06373944,0.00506196
4775.75,0.06511752,0.00396792
4776,0.06469416,0.00554364
4776.25,0.06806916,0.00459216
4776.5,0.06756372,0.0047196
4776.75,0.06741144,0.00820692
4777,0.07526736,0.00647244
4777.25,0.07482132,0.00517752
4777.5,0.06517044,0.00771768
4777.75,0.06806916,0.0087696
4778,0.07801056,0.01340604
4778.25,0.06348456,0.01064664
4778.5,0.06714468,0.01136052
4778.75,0.06847092,0.00952128
4779,0.08026992,0.00533628
4779.25,0.0668196,0.00500688
4779.5,0.06890508,0.00742176
4779.75,0.06415956,0.005562
4780,0.06366276,0.0055728
4780.25,0.05984172,0.00588276
4780.5,0.06552684,0.0065124
4780.75,0.06846444,0.00674892
4781,0.0637794,0.00620028
4781.25,0.0586872,0.00625968
4781.5,0.06660576,0.00669708
4781.75,0.07171308,0.00737748
4782,0.07007148,0.0070848
4782.25,0.07087932,0.0057564
4782.5,0.06558624,0.00425628
4782.75,0.05880708,0.0030078
4783,0.05747004,0.00290952
4783.25,0.05325696,0.00125712
4783.5,0.05444604,0.00113076
4783.75,0.04959252,0.00220752
4784,0.03344868,0.00218052
4784.25,0.03163644,0.00151956
4784.5,0.04387932,0.001755
4784.75,0.04476276,0.00252288
4785,0.04693356,0.00104868
4785.25,0.0487674,0.00161244
4785.5,0.04676292,0.00252396
4785.75,0.05235516,0.00344196
4786,0.04802436,0.0035964
4786.25,0.04857624,0.00257688
4786.5,0.03393684,0.00156384
4786.75,0.0370656,0.00142452
4787,0.05340168,0.00095904
4787.25,0.0404352,0.00099252
4787.5,0.04306716,0.00135
4787.75,0.04110804,0.00136512
4788,0.04355964,0.00196236
4788.25,0.04762908,8.856e-05
4788.5,0.04656204,0.00169776
4788.75,0.02442312,0.00182628
4789,0.03466368,0.00486324
4789.25,0.0288306,0.00177444
4789.5,0.05040792,0.00868752
4789.75,0.05059584,0.00373572
4790,0.07074216,0.00288144
4790.25,0.03939732,0.0030294
4790.5,0.06861564,0.006021
4790.75,0.04173228,0.00665712
4791,0.07423812,0.00436644
4791.25,0.06206868,0.00242028
4791.5,0.05273208,0.0037476
4791.75,0.04542264,0.00367416
4792,0.04545288,0.00373248
4792.25,0.03478788,0.00438804
4792.5,0.0440154,0.00353268
4792.75,0.04019976,0.00263412
4793,0.03705048,0.00238248
4793.25,0.04759884,0.00094284
4793.5,0.07317972,0.00452736
4793.75,0.06061392,0.00347652
4794,0.06499224,0.00139752
4794.25,0.06598908,0.00635796
4794.5,0.0597348,0.00393552
4794.75,0.08048484,0.00554796
4795,0.07455672,0.00538164
4795.25,0.06502356,0.0035154
4795.5,0.07116444,0.00676728
4795.75,0.074439,0.00849852
4796,0.08767008,0.0084996
4796.25,0.08759772,0.00921132
4796.5,0.0858006,0.0067986
4796.75,0.08684928,0.01060452
4797,0.07186104,0.0088992
4797.25,0.07950636,0.01134216
4797.5,0.08725104,0.00794988
4797.75,0.08079804,0.00485244
4798,0.081621,0.0054216
4798.25,0.0681372,0.00325728
4798.5,0.06373188,0.0050328
4798.75,0.0515106,0.00509328
4799,0.06345432,0.0057996
4799.25,0.06763392,0.00628344
4799.5,0.07167528,0.00329724
4799.75,0.0703836,0.00634284
4800,0.06501168,0.00578448
4800.25,0.06217452,0.00889812
4800.5,0.07147332,0.00823824
4800.75,0.06940728,0.00735048
4801,0.06131376,0.00592596
4801.25,0.06378588,0.00691848
4801.5,0.0627102,0.00682128
4801.75,0.06611328,0.00621864
4802,0.06437556,0.00610416
4802.25,0.06391548,0.00562356
4802.5,0.06688656,0.00579744
4802.75,0.06407856,0.00624456
4803,0.06859728,0.0060696
4803.25,0.06660792,0.006291
4803.5,0.07070328,0.00696708
4803.75,0.06276312,0.00717444
4804,0.05913432,0.00643788
4804.25,0.06511752,0.00508572
4804.5,0.0582552,0.00524772
4804.75,0.06196824,0.00754704
4805,0.0631314,0.00616572
4805.25,0.06082452,0.0075006
4805.5,0.06985548,0.0076896
4805.75,0.07562592,0.00613224
4806,0.0615222,0.00502632
4806.25,0.06180516,0.00486648
4806.5,0.06343164,0.00332316
4806.75,0.06108048,0.00283176
4807,0.06830028,0.00579096
4807.25,0.05407668,0.00576612
4807.5,0.05410152,0.00542376
4807.75,0.05330556,0.00491184
4808,0.0380376,0.00164376
4808.25,0.0347382,0.0024462
4808.5,0.03661092,0.0023544
4808.75,0.03718548,4.536e-05
4809,0.04176576,0.00032724
4809.25,0.0429462,0.000162
4809.5,0.0577206,0.00037692
4809.75,0.04000212,-0.00015228
4810,0.05761584,0.00022356
4810.25,0.06219936,0.0014256
4810.5,0.0282852,0.00030348
4810.75,0.03605364,-0.00022896
4811,0.05000076,0.00069228
4811.25,0.0449874,0.00131112
4811.5,0.05695596,0.0011934
4811.75,0.063126,0.00106056
4812,0.05896476,0.00199476
4812.25,0.04631472,0.00188784
4812.5,0.039852,0.00091044
4812.75,0.04174956,0.0039852
4813,0.0375246,0.00455976
4813.25,0.0335124,0.0050274
4813.5,0.0398736,0.00439344
4813.75,0.0428274,0.00532008
4814,0.04351428,0.00652968
4814.25,0.05871528,0.00895752
4814.5,0.03894264,0.00472824
4814.75,0.04375404,0.0066366
4815,0.04827708,0.0063018
4815.25,0.04424652,0.0049032
4815.5,0.03461184,0.00397548
4815.75,0.04070952,0.00383832
4816,0.03894912,0.0024354
4816.25,0.04315356,0.00298944
4816.5,0.04046652,0.00332208
4816.75,0.03728376,0.00297108
4817,0.04030992,0.00282852
4817.25,0.0556794,0.0022248
4817.5,0.0590544,0.002727
4817.75,0.06543828,0.0023436
4818,0.05908464,0.00095688
4818.25,0.07038684,0.00162108
4818.5,0.04603176,0.00021168
4818.75,0.05703156,0.00185868
4819,0.06583356,0.00323244
4819.25,0.06515748,0.0018522
4819.5,0.068256,0.00557928
4819.75,0.06326208,0.00442044
4820,0.0675972,0.00428112
4820.25,0.06114852,0.00493236
4820.5,0.06530004,0.00508788
4820.75,0.05440824,0.00490644
4821,0.05962896,0.00846612
4821.25,0.05992488,0.00735372
4821.5,0.06594588,0.00701352
4821.75,0.06986196,0.005481
4822,0.0660744,0.00709344
4822.25,0.06244884,0.00641304
4822.5,0.06374376,0.0075384
4822.75,0.06197256,0.00711504
4823,0.06019056,0.00546804
4823.25,0.07110288,0.00709668
4823.5,0.06257196,0.00672192
4823.75,0.0652914,0.00899964
4824,0.06288408,0.00921024
4824.25,0.0595026,0.00708804
4824.5,0.06933276,0.00571752
4824.75,0.06807132,0.00396144
4825,0.05846256,0.00723384
4825.25,0.06188508,0.00799308
4825.5,0.05982984,0.00509976
4825.75,0.0657396,0.0057186
4826,0.063045,0.00906228
4826.25,0.06628932,0.00971568
4826.5,0.06763824,0.00629424
4826.75,0.06698916,0.00716688
4827,0.07629876,0.00630828
4827.25,0.06326208,0.00906768
4827.5,0.06156648,0.00860328
4827.75,0.06570612,0.00907848
4828,0.06988248,0.00664308
4828.25,0.06290244,0.0059994
4828.5,0.06345324,0.00798984
4828.75,0.05751108,0.0073764
4829,0.06252768,0.00714204
4829.25,0.05891832,0.00438804
4829.5,0.06246288,0.00540648
4829.75,0.06020784,0.00535896
4830,0.06601932,0.00485568
4830.25,0.07193124,0.00321516
4830.5,0.0695844,0.00418176
4830.75,0.06555384,0.00419364
4831,0.06596532,0.00183276
4831.25,0.0694872,0.00090072
4831.5,0.0949482,0.00045252
4831.75,0.09649584,0.00284148
4832,0.09855972,0.00410616
4832.25,0.1043658,0.00191808
4832.5,0.11628144,0.00237708
4832.75,0.13682412,0.00337284
4833,0.14222304,0.00481248
4833.25,0.15242796,0.00593784
4833.5,0.18282996,0.00936144
4833.75,0.20156364,0.011826
4834,0.20043612,0.013041
4834.25,0.20732652,0.01005048
4834.5,0.15833232,0.00834624
4834.75,0.17793108,0.00933768
4835,0.17704008,0.0111618
4835.25,0.18246492,0.00738288
4835.5,0.18536256,0.00912384
4835.75,0.1899342,0.01285632
4836,0.1912032,0.01238004
4836.25,0.17180316,0.01499904
4836.5,0.16832556,0.00605016
4836.75,0.18841788,0.01182924
4837,0.14308488,0.01023516
4837.25,0.12921012,0.00899532
4837.5,0.11867904,0.0071064
4837.75,0.13075128,0.00660312
4838,0.11809152,0.00215136
4838.25,0.12044052,0.00301104
4838.5,0.12564612,0.00372384
4838.75,0.09693216,0.00121392
4839,0.1043604,0.0070146
4839.25,0.09389196,0.00502956
4839.5,0.08744328,0.00432648
4839.75,0.08756856,0.0038232
4840,0.09376236,0.00262332
4840.25,0.085806,0.0034236
4840.5,0.0879282,0.002349
4840.75,0.07743168,0.00239976
4841,0.09582624,0.00443124
4841.25,0.07852572,0.00464076
4841.5,0.10606464,0.00427896
4841.75,0.10421244,0.00498636
4842,0.09434772,0.00036612
4842.25,0.08661492,0.0070686
4842.5,0.08119116,0.00442368
4842.75,0.06864804,0.00566136
4843,0.0812376,0.00387936
4843.25,0.1181304,0.00106596
4843.5,0.08149896,0.00769284
4843.75,0.0961308,0.00578556
4844,0.10133748,0.00586548
4844.25,0.08546256,0.00939924
4844.5,0.07717788,0.00936576
4844.75,0.09287028,0.00661176
4845,0.07732152,0.0095148
4845.25,0.0980586,0.00759456
4845.5,0.097038,0.00704268
4845.75,0.07749864,0.0096606
4846,0.08057988,0.00923724
4846.25,0.0744228,0.0077112
4846.5,0.07544772,0.00761616
4846.75,0.07939944,0.0072792
4847,0.06344352,0.01037772
4847.25,0.06910704,0.00993492
4847.5,0.07732692,0.00998784
4847.75,0.07209,0.01281636
4848,0.07657416,0.00924372
4848.25,0.07912296,0.00818532
4848.5,0.0649188,0.00696492
4848.75,0.07320456,0.00401328
4849,0.07143336,0.00586656
4849.25,0.06919344,0.00819936
4849.5,0.07998264,0.00624348
4849.75,0.0785646,0.00483624
4850,0.07698888,0.00900072
4850.25,0.07982496,0.0089424
4850.5,0.07378992,0.00925452
4850.75,0.08421624,0.01040688
4851,0.07406856,0.00843912
4851.25,0.07464744,0.00835056
4851.5,0.07758828,0.00668304
4851.75,0.07564968,0.00760212
4852,0.07335036,0.00534276
4852.25,0.07321968,0.00924156
4852.5,0.071334,0.0085428
4852.75,0.06695352,0.0055998
4853,0.07591104,0.00943056
4853.25,0.06758964,0.001593
4853.5,0.07380828,0.0011448
4853.75,0.07187616,0.0009936
4854,0.06503544,0.00087804
4854.25,0.06955632,0.00124308
4854.5,0.08464608,0.00104544
4854.75,0.0854712,0.0001296
4855,0.08955684,0.000243
4855.25,0.08480916,2.268e-05
4855.5,0.09491688,-0.00027756
4855.75,0.1238868,0.00068904
4856,0.09983196,-0.00060588
4856.25,0.10460016,-1.08e-05
4856.5,0.1169964,0.0006372
4856.75,0.05911164,0.00032076
4857,0.1442286,0.00084564
4857.25,0.14293692,0.0014472
4857.5,0.14533884,0.000594
4857.75,0.13348044,0.00049032
4858,0.13944852,3.24e-06
4858.25,0.14147244,0.00045144
4858.5,0.12471516,-0.000216
4858.75,0.12724884,-1.836e-05
4859,0.1199718,0.0005346
4859.25,0.15823188,0.0006858
4859.5,0.15012972,0.00192888
4859.75,0.13203972,0.00239436
4860,0.13489956,0.00318708
4860.25,0.09508212,0.002268
4860.5,0.08285976,0.0011934
4860.75,0.1237356,0.00312984
4861,0.10147356,0.00384048
4861.25,0.08738496,0.00119232
4861.5,0.09129888,0.00175932
4861.75,0.0820692,0.00312984
4862,0.08390844,0.00145152
4862.25,0.07925472,0.00208008
4862.5,0.0872316,0.00161136
4862.75,0.09287136,0.00379944
4863,0.10967292,0.00325404
4863.25,0.10630656,0.00351432
4863.5,0.09147168,0.0012474
4863.75,0.08070948,0.00104976
4864,0.09558648,0.00152388
4864.25,0.09623016,0.00115236
4864.5,0.10280952,-0.00022032
4864.75,0.09515772,0.00027972
4865,0.09656928,0.00085968
4865.25,0.08098272,0.00058104
4865.5,0.06635628,0.00012528
4865.75,0.0759402,0.00053892
4866,0.09389304,-0.00043524
4866.25,0.09034632,-4.212e-05
4866.5,0.08008416,-0.0005022
4866.75,0.08768952,-0.00055296
4867,0.09244044,-0.0003618
4867.25,0.08188884,7.02e-05
4867.5,0.06841584,0.00032724
4867.75,0.09462204,6.48e-05
4868,0.08307576,-0.000486
4868.25,0.07930008,9.828e-05
4868.5,0.07983252,-0.00131328
4868.75,0.07789824,0.00066636
4869,0.07988436,0.00028296
4869.25,0.08509644,0.00046548
4869.5,0.06463584,1.836e-05
4869.75,0.08735904,-6.048e-05
4870,0.06863832,-0.00033048
4870.25,0.07635492,-0.0002214
4870.5,0.06832512,-0.00042768
4870.75,0.06549012,-0.00110916
4871,0.0686286,0.00033804
4871.25,0.08121276,0.00019008
4871.5,0.07320024,0.0017874
4871.75,0.06744492,0.001539
4872,0.07243668,0.00226692
4872.25,0.07036848,0.00241596
4872.5,0.07524252,0.00272808
4872.75,0.06921504,0.00269784
4873,0.06800436,0.00313956
4873.25,0.06851628,0.00328536
4873.5,0.07180164,0.00270648
4873.75,0.07945128,0.00236088
4874,0.06674616,0.00359316
4874.25,0.0689634,0.001755
4874.5,0.07003368,0.00259416
4874.75,0.07585164,0.0029322
4875,0.07076376,0.00205092
4875.25,0.08236836,0.00205092
4875.5,0.07381368,0.00207576
4875.75,0.07783668,0.00226908
4876,0.06875928,0.00146988
4876.25,0.06959844,0.00152496
4876.5,0.06836184,0.00096012
4876.75,0.07268292,0.00090072
4877,0.071955,0.0022626
4877.25,0.07437096,0.00145584
4877.5,0.06843312,0.00202932
4877.75,0.064314,0.00112536
4878,0.06971508,0.00142236
4878.25,0.06438204,0.0010206
4878.5,0.06290136,0.00027648
4878.75,0.05887836,-8.964e-05
4879,0.07013304,-0.00029484
4879.25,0.10247688,-1.62e-05
4879.5,0.11926008,-0.0015282
4879.75,0.129492,-0.00049896
4880,0.11679984,-0.00141804
4880.25,0.12331872,0.00063504
4880.5,0.14286672,0.00089316
4880.75,0.14282352,0.00158004
4881,0.15532452,0.00106272
4881.25,0.16309296,-0.000513
4881.5,0.18117,0.00083808
4881.75,0.17827992,0.00103788
4882,0.19032624,-4.104e-05
4882.25,0.17049636,0.001755
4882.5,0.156627,0.001458
4882.75,0.1613358,1.08e-06
4883,0.16944768,0.00055296
4883.25,0.18136764,0.00140616
4883.5,0.17957592,0.00213408
4883.75,0.15024096,0.00207468
4884,0.17365752,0.00102168
4884.25,0.14890824,0.00145152
4884.5,0.1859544,0.00165564
4884.75,0.17989128,0.00256392
4885,0.1516752,0.00169884
4885.25,0.15836472,0.00182844
4885.5,0.16206696,0.00227556
4885.75,0.15429312,0.0034452
4886,0.15126048,0.00263088
4886.25,0.14213448,0.001053
4886.5,0.135081,0.0013014
4886.75,0.13424508,0.00082944
4887,0.12324204,0.00110376
4887.25,0.12134664,0.00073656
4887.5,0.09063576,0.00018576
4887.75,0.1018872,7.56e-06
4888,0.10894608,8.64e-06
4888.25,0.11309868,-0.00033588
4888.5,0.12520872,-0.00117612
4888.75,0.1261872,-0.00037368
4889,0.11362248,-0.00019656
4889.25,0.1055322,-0.00046224
4889.5,0.10803888,0.00014472
4889.75,0.09911268,0.00011556
4890,0.12318048,0.00036612
4890.25,0.08043516,-0.00019008
4890.5,0.08487396,-0.0009882
4890.75,0.07291728,-0.00012852
4891,0.07606008,0.00076356
4891.25,0.06796332,-0.00017928
4891.5,0.11700396,0.00220968
4891.75,0.07714548,0.00341928
4892,0.07956036,0.00677484
4892.25,0.06942132,0.00540756
4892.5,0.0745686,0.00633528
4892.75,0.07364412,0.00587628
4893,0.0774576,0.0053622
4893.25,0.0763614,0.0057024
4893.5,0.10650744,0.0032886
4893.75,0.0724896,0.00978156
4894,0.107919,0.01199448
4894.25,0.07654824,0.00866484
4894.5,0.06419304,0.00793476
4894.75,0.06386364,0.0073008
4895,0.07199928,0.00766368
4895.25,0.06507756,0.01278504
4895.5,0.06557544,0.00868968
4895.75,0.0755136,0.01010016
4896,0.06366276,0.01042956
4896.25,0.06215724,0.01032156
4896.5,0.0691848,0.00690012
4896.75,0.06380532,0.01130652
4897,0.05805648,0.01182816
4897.25,0.06764256,0.00782244
4897.5,0.07356528,0.00998676
4897.75,0.0769284,0.00553176
4898,0.07219044,0.0050868
4898.25,0.06385608,0.00560088
4898.5,0.06488856,0.00546156
4898.75,0.07401132,0.0056322
4899,0.07301232,0.0049194
4899.25,0.07249284,0.00810216
4899.5,0.07374456,0.00529524
4899.75,0.07610544,0.0061884
4900,0.06799356,0.00972864
4900.25,0.06557004,0.00624456
4900.5,0.06622776,0.00596916
4900.75,0.06497712,0.0064854
4901,0.06553224,0.00723708
4901.25,0.06355692,0.00886572
4901.5,0.07127568,0.00948456
4901.75,0.07006824,0.0055188
4902,0.0698058,0.006912
4902.25,0.06614676,0.00443988
4902.5,0.06838884,0.006642
4902.75,0.08039088,0.00360936
4903,0.0749358,0.00356616
4903.25,0.08684928,0.00259416
4903.5,0.11180484,0.0018036
4903.75,0.141426,0.00659664
4904,0.15611724,0.01047924
4904.25,0.15615072,0.0059562
4904.5,0.14668884,0.0038826
4904.75,0.12449916,0.0062748
4905,0.17970012,0.00465372
4905.25,0.17733276,0.00125928
4905.5,0.18513144,0.0026784
4905.75,0.1646676,0.00200124
4906,0.170343,0.00551232
4906.25,0.20583504,0.00774792
4906.5,0.14649228,0.00488052
4906.75,0.16049124,0.00484164
4907,0.1656018,0.00589572
4907.25,0.1557306,0.00583956
4907.5,0.187812,0.00705672
4907.75,0.1866348,0.007263
4908,0.16794108,0.00683424
4908.25,0.14013864,0.00579312
4908.5,0.17381628,0.0279936
4908.75,0.151335,0.00576612
4909,0.12132504,0.00677808
4909.25,0.14700528,0.01502496
4909.5,0.10936404,0.0084834
4909.75,0.12244932,0.00336744
4910,0.11629008,0.00351432
4910.25,0.09385416,0.00445608
4910.5,0.09264888,0.00518184
4910.75,0.08875548,0.00630828
4911,0.091962,0.00812376
4911.25,0.08606304,0.00325512
4911.5,0.08095464,0.00330912
4911.75,0.08154324,0.00232092
4912,0.09185508,0.00279828
4912.25,0.09904248,0.00370332
4912.5,0.09349344,0.00247536
4912.75,0.1015578,0.00365904
4913,0.09380232,0.00346032
4913.25,0.07834104,0.00369468
4913.5,0.09216828,0.001377
4913.75,0.08876628,0.0014472
4914,0.1105758,0.00078732
4914.25,0.1049166,0.00220644
4914.5,0.07001316,0.0012474
4914.75,0.08992188,0.00367416
4915,0.07802676,0.00363312
4915.25,0.07758936,0.00562572
4915.5,0.08597988,0.00936792
4915.75,0.080946,0.00702108
4916,0.10315512,0.00562464
4916.25,0.1281798,0.00989388
4916.5,0.12475512,0.01050516
4916.75,0.10105452,0.00803088
4917,0.08024184,0.00667872
4917.25,0.07600284,0.01127628
4917.5,0.08012304,0.00654156
4917.75,0.06983712,0.00705672
4918,0.06450192,0.0058374
4918.25,0.06491124,0.00477036
4918.5,0.06638112,0.00458136
4918.75,0.0588168,0.0060804
4919,0.06614352,0.0054216
4919.25,0.068931,0.00938952
4919.5,0.06751836,0.00750276
4919.75,0.07176168,0.00870696
4920,0.06755292,0.00757944
4920.25,0.0618462,0.00780732
4920.5,0.06236244,0.00890352
4920.75,0.05866776,0.00657828
4921,0.06086988,0.00868968
4921.25,0.07192692,0.00707508
4921.5,0.07077348,0.00557388
4921.75,0.06428052,0.01039392
4922,0.06520824,0.0059832
4922.25,0.07125948,0.00978264
4922.5,0.07617024,0.01046952
4922.75,0.070173,0.00836244
4923,0.06246612,0.00772416
4923.25,0.06554736,0.006129
4923.5,0.06635196,0.00627696
4923.75,0.06776028,0.00871776
4924,0.06244884,0.00723168
4924.25,0.06632928,0.00763992
4924.5,0.05730156,0.01138428
4924.75,0.0713988,0.00767772
4925,0.06415308,0.00872208
4925.25,0.05832756,0.00623916
4925.5,0.06969456,0.00810324
4925.75,0.06358716,0.00613008
4926,0.06750756,0.00656316
4926.25,0.06795792,0.00661068
4926.5,0.0687636,0.00487296
4926.75,0.0733104,0.00611172
4927,0.09336924,0.00451008
4927.25,0.10226952,0.0018738
4927.5,0.08872524,0.0016416
4927.75,0.11913696,0.00204444
4928,0.09605736,0.00013716
4928.25,0.07426836,0.00232524
4928.5,0.12186828,0.00305208
4928.75,0.12906756,0.00202824
4929,0.13345776,0.00434916
4929.25,0.10674936,0.00386856
4929.5,0.1333476,0.00201852
4929.75,0.136944,0.0028512
4930,0.15494436,0.00212868
4930.25,0.14483556,0.00392148
4930.5,0.13386276,0.00255852
4930.75,0.12622176,0.00420876
4931,0.13080096,0.00284796
4931.25,0.17048772,0.00244296
4931.5,0.16645284,0.00107784
4931.75,0.18758196,0.00391068
4932,0.18376524,0.00850824
4932.25,0.16053876,0.00030132
4932.5,0.14924412,0.0059076
4932.75,0.13341132,0.00468504
4933,0.13058496,0.009072
4933.25,0.12158532,0.00783432
4933.5,0.10814472,0.0033858
4933.75,0.12009492,0.00356832
4934,0.12156372,0.0029484
4934.25,0.11699532,0.00069984
4934.5,0.10643724,0.00243648
4934.75,0.10598472,0.00185004
4935,0.12130992,0.00179388
4935.25,0.1249668,0.00168156
4935.5,0.08895528,0.0036342
4935.75,0.09199008,0.00216756
4936,0.07365276,0.00213624
4936.25,0.0955314,0.00432756
4936.5,0.08329068,0.0017712
4936.75,0.0744228,0.00215568
4937,0.08077752,0.0028026
4937.25,0.0905148,0.00110268
4937.5,0.10887372,0.00113184
4937.75,0.10246392,0.00185004
4938,0.14271984,0.00315036
4938.25,0.11365488,0.00330588
4938.5,0.08381556,0.00309312
4938.75,0.08933652,0.00354996
4939,0.16290288,0.00678564
4939.25,0.0877932,0.0034182
4939.5,0.09300636,0.00940356
4939.75,0.07862076,0.00883764
4940,0.09472788,0.0105732
4940.25,0.09367704,0.01162296
4940.5,0.11674044,0.00943056
4940.75,0.08677584,0.01123956
4941,0.09351828,0.01164888
4941.25,0.0856278,0.01001916
4941.5,0.09616644,0.00906336
4941.75,0.09003204,0.00724896
4942,0.084051,0.00657072
4942.25,0.08544312,0.0083484
4942.5,0.07862184,0.00854388
4942.75,0.06789528,0.00726084
4943,0.07506108,0.015417
4943.25,0.06584436,0.01577556
4943.5,0.06329556,0.00897156
4943.75,0.08493552,0.00977616
4944,0.07849008,0.01124388
4944.25,0.06091956,0.00780948
4944.5,0.05253552,0.0046872
4944.75,0.0618516,0.00792612
4945,0.05727564,0.00678888
4945.25,0.06092928,0.00670896
4945.5,0.06587028,0.00765288
4945.75,0.06845904,0.00867672
4946,0.06550956,0.0082566
4946.25,0.06803244,0.00758376
4946.5,0.0647406,0.0080136
4946.75,0.06225336,0.00921132
4947,0.05970888,0.00723816
4947.25,0.06459696,0.00503928
4947.5,0.06113016,0.00725544
4947.75,0.0721332,0.01144368
4948,0.06656904,0.01045008
4948.25,0.0655668,0.0082728
4948.5,0.05783292,0.00773172
4948.75,0.060156,0.00908496
4949,0.06044868,0.00899316
4949.25,0.06329232,0.0140292
4949.5,0.05990004,0.00723384
4949.75,0.06399756,0.0086346
4950,0.05637816,0.0073062
4950.25,0.06860268,0.00760536
4950.5,0.05578848,0.00567216
4950.75,0.06031908,0.00335772
4951,0.06691464,0.00614196
4951.25,0.06081048,0.00608472
4951.5,0.053757,0.0085266
4951.75,0.06394032,0.00837216
4952,0.03735828,0.004563
4952.25,0.04609764,0.00769932
4952.5,0.04865184,0.00446148
4952.75,0.0411642,0.004995
4953,0.0487242,0.00472716
4953.25,0.04337064,0.00607608
4953.5,0.04706316,0.0059184
4953.75,0.06047892,0.00626832
4954,0.05820228,0.00423576
4954.25,0.05844852,0.00597564
4954.5,0.034587,0.00344628
4954.75,0.03642408,0.00306072
4955,0.0311148,0.00240192
4955.25,0.05504976,0.0018954
4955.5,0.08044704,0.00581904
4955.75,0.07615512,0.00661392
4956,0.07629228,0.00393228
4956.25,0.08106372,0.00449712
4956.5,0.08458992,0.00616572
4956.75,0.07514532,0.00435456
4957,0.05229684,0.00239328
4957.25,0.04949532,0.00131328
4957.5,0.10073484,0.00627264
4957.75,0.06816528,0.00263736
4958,0.06768576,0.00299592
4958.25,0.09843768,0.00436104
4958.5,0.08400996,0.00644328
4958.75,0.08579736,0.01002996
4959,0.09323748,0.00880848
4959.25,0.07933356,0.01016604
4959.5,0.06129324,0.00530928
4959.75,0.04370436,0.00676512
4960,0.05330016,0.0077544
4960.25,0.07337844,0.00756216
4960.5,0.0660798,0.00553716
4960.75,0.05748084,0.00497772
4961,0.051165,0.00520344
4961.25,0.06075,0.00543456
4961.5,0.05235732,0.00625536
4961.75,0.04861188,0.00646812
4962,0.06411096,0.00656856
4962.25,0.07137396,0.00176472
4962.5,0.07044516,0.0042822
4962.75,0.07949016,0.00538812
4963,0.079623,0.00396576
4963.25,0.05931036,0.00348624
4963.5,0.06619428,0.00417312
4963.75,0.06985224,0.00759456
4964,0.0927126,0.0098658
4964.25,0.07547148,0.00925668
4964.5,0.07146684,0.0091476
4964.75,0.07620372,0.01001052
4965,0.07262352,0.00915516
4965.25,0.07165476,0.00885168
4965.5,0.06816852,0.00964872
4965.75,0.05961276,0.00942516
4966,0.06435936,0.00844884
4966.25,0.0661392,0.01167696
4966.5,0.07729344,0.0078354
4966.75,0.05774652,0.00924264
4967,0.05716548,0.00937872
4967.25,0.06094656,0.0119502
4967.5,0.06766956,0.00873072
4967.75,0.05871852,0.006885
4968,0.06238836,0.00286416
4968.25,0.06232572,0.00405756
4968.5,0.07002288,0.00341388
4968.75,0.06070464,0.00365472
4969,0.06205896,0.00650808
4969.25,0.05845176,0.00594
4969.5,0.06835212,0.01045764
4969.75,0.07128324,0.00832248
4970,0.0610416,0.008829
4970.25,0.06215184,0.00596376
4970.5,0.06641136,0.00732024
4970.75,0.08042112,0.0076032
4971,0.06448356,0.00695088
4971.25,0.07637436,0.00770796
4971.5,0.06445764,0.00755568
4971.75,0.07170444,0.01025568
4972,0.06575688,0.00845964
4972.25,0.05659416,0.01011852
4972.5,0.0576234,0.00856332
4972.75,0.056295,0.00636336
4973,0.06758964,0.01166076
4973.25,0.06033528,0.00620676
4973.5,0.0580824,0.00557496
4973.75,0.05847012,0.0061128
4974,0.06903576,0.00727164
4974.25,0.06398568,0.00463536
4974.5,0.06747732,0.00439776
4974.75,0.07330824,0.00422064
4975,0.07625124,0.00388692
4975.25,0.07151328,0.0023868
4975.5,0.07077456,0.00339336
4975.75,0.08876196,0.00460512
4976,0.04144284,0.00219456
4976.25,0.035478,0.00261576
4976.5,0.04366332,0.00242136
4976.75,0.04227012,0.00298944
4977,0.04389984,0.00413532
4977.25,0.05966352,0.00372168
4977.5,0.04426272,0.0049734
4977.75,0.06311844,0.0052326
4978,0.04240836,0.0026406
4978.25,0.04083912,0.00147852
4978.5,0.04619052,0.00017712
4978.75,0.04816908,0.00184572
4979,0.05477004,0.00360936
4979.25,0.07170228,0.003132
4979.5,0.0397278,0.0030996
4979.75,0.044766,0.0042336
4980,0.06871824,0.00398628
4980.25,0.0661014,0.00745956
4980.5,0.0385236,0.00500904
4980.75,0.07047648,0.00636228
4981,0.03406104,0.00465372
4981.25,0.041175,0.00666252
4981.5,0.04848012,0.00600912
4981.75,0.04948884,0.00705564
4982,0.0627048,0.00847692
4982.25,0.06113448,0.00570564
4982.5,0.04834188,0.00657612
4982.75,0.05874012,0.00541944
4983,0.05580144,0.00853848
4983.25,0.05303448,0.00860544
4983.5,0.03776868,0.00580176
4983.75,0.05210028,0.00608472
4984,0.07627284,0.00712476
4984.25,0.0654156,0.00482544
4984.5,0.07975692,0.00677916
4984.75,0.06724188,0.00777492
4985,0.06533676,0.00600264
4985.25,0.06622668,0.00441936
4985.5,0.05185512,0.00429948
4985.75,0.0667764,0.00533952
4986,0.08197848,0.00620892
4986.25,0.07774704,0.0040014
4986.5,0.06478488,0.0046278
4986.75,0.0624348,0.00439884
4987,0.06419952,0.00543672
4987.25,0.07644024,0.00781164
4987.5,0.076734,0.00685908
4987.75,0.06851304,0.00772956
4988,0.08965944,0.00888624
4988.25,0.06692328,0.0077058
4988.5,0.07054344,0.00731052
4988.75,0.07286868,0.00843156
4989,0.06068952,0.00929664
4989.25,0.076518,0.00736668
4989.5,0.0842886,0.01059156
4989.75,0.07456212,0.01125792
4990,0.06327936,0.01222236
4990.25,0.0857574,0.01296648
4990.5,0.07150248,0.00978372
4990.75,0.08201304,0.01285308
4991,0.07337628,0.0143478
4991.25,0.06525036,0.01312956
4991.5,0.08529948,0.0084618
4991.75,0.08278848,0.01405728
4992,0.07188696,0.00715716
4992.25,0.0683694,0.0077328
4992.5,0.06595344,0.01201932
4992.75,0.0626778,0.00944352
4993,0.06922476,0.00642276
4993.25,0.06706692,0.00773172
4993.5,0.06283116,0.01104408
4993.75,0.06156108,0.00753732
4994,0.07185888,0.0084564
4994.25,0.06120792,0.00880848
4994.5,0.06692112,0.01333368
4994.75,0.09453132,0.01640628
4995,0.08450244,0.0168426
4995.25,0.08482428,0.01321164
4995.5,0.07516692,0.01238112
4995.75,0.07955064,0.01254312
4996,0.07312896,0.01147068
4996.25,0.07596936,0.01191456
4996.5,0.07723944,0.0128034
4996.75,0.07171632,0.01270836
4997,0.09176544,0.0145638
4997.25,0.07529328,0.01289628
4997.5,0.07517124,0.01260576
4997.75,0.07266456,0.0078948
4998,0.07260192,0.0096822
4998.25,0.07745652,0.00471312
4998.5,0.07853436,0.00744552
4998.75,0.08373672,0.00943272
4999,0.08290728,0.00623808
4999.25,0.0752706,0.00718956
4999.5,0.1013904,0.00649404
4999.75,0.12617424,0.00242028
5000,0.077463,0.00385884
5000.25,0.09786744,0.00258984
5000.5,0.13057092,0.00387936
5000.75,0.11772108,0.00287928
5001,0.14733684,0.0039582
5001.25,0.0985176,0.00725868
5001.5,0.14112576,0.0026838
5001.75,0.16329276,0.00475848
5002,0.17072208,0.00177984
5002.25,0.18502452,0.00196236
5002.5,0.158382,0.00030564
5002.75,0.16487928,-0.00024192
5003,0.14291964,0.0006264
5003.25,0.17195004,0.00235872
5003.5,0.18032004,0.00232848
5003.75,0.154683,0.0030564
5004,0.15401016,0.00065124
5004.25,0.16408656,0.0055836
5004.5,0.15626952,0.00169128
5004.75,0.15622632,0.00672732
5005,0.13474836,0.00381132
5005.25,0.13783392,0.0065988
5005.5,0.1476036,0.00718848
5005.75,0.13284864,0.00586116
5006,0.11202084,0.0025596
5006.25,0.108729,-0.0009288
5006.5,0.10353312,-0.00029916
5006.75,0.09830808,-0.00083376
5007,0.10117116,0.00768204
5007.25,0.10088064,0.00683856
5007.5,0.09722268,0.00442044
5007.75,0.09670536,0.00370224
5008,0.09584784,0.00192024
5008.25,0.09310464,0.00370332
5008.5,0.07953768,0.00141804
5008.75,0.08462232,0.00477792
5009,0.07923852,0.0024246
5009.25,0.08091252,0.00382212
5009.5,0.08502084,0.00056916
5009.75,0.07487424,0.00138456
5010,0.08351748,-9.612e-05
5010.25,0.08101728,0.00332316
5010.5,0.12536316,0.00158544
5010.75,0.09190692,0.00118152
5011,0.07604172,0.00160272
5011.25,0.07906356,0.00235656
5011.5,0.075708,0.00252936
5011.75,0.08024832,0.00417312
5012,0.09561996,0.00240084
5012.25,0.09286812,0.00506304
5012.5,0.0692172,0.00450036
5012.75,0.08701668,0.00402732
5013,0.0646272,0.00416232
5013.25,0.07124328,0.005049
5013.5,0.06266376,0.00476064
5013.75,0.06735204,0.0058266
5014,0.0837378,0.0058428
5014.25,0.07627392,0.00667548
5014.5,0.08768088,0.00456732
5014.75,0.07296372,0.00683316
5015,0.06211188,0.0118638
5015.25,0.056133,0.00796068
5015.5,0.06976908,0.01499364
5015.75,0.06897528,0.01340928
5016,0.05937624,0.01126008
5016.25,0.06754428,0.0064638
5016.5,0.0717498,0.00659448
5016.75,0.06287544,0.00654804
5017,0.06575148,0.00817128
5017.25,0.06395112,0.006777
5017.5,0.06946236,0.0070686
5017.75,0.07044732,0.00675108
5018,0.08143308,0.00857412
5018.25,0.06650208,0.01029672
5018.5,0.06389064,0.01219536
5018.75,0.07598016,0.01179144
5019,0.06173604,0.01177956
5019.25,0.06816528,0.01741284
5019.5,0.06925176,0.0081108
5019.75,0.0643896,0.0060696
5020,0.06022296,0.0060426
5020.25,0.05938488,0.00657072
5020.5,0.06312384,0.0051246
5020.75,0.06882948,0.00359208
5021,0.0621432,0.00602856
5021.25,0.06418764,0.00713124
5021.5,0.06619212,0.00455436
5021.75,0.07143336,0.00814752
5022,0.06732504,0.00805032
5022.25,0.06516612,0.00763128
5022.5,0.06921828,0.00725544
5022.75,0.0642006,0.00337068
5023,0.06623208,0.00320976
5023.25,0.0793854,0.00171504
5023.5,0.0910818,0.00195588
5023.75,0.07808076,0.00030564
5024,0.09922608,0.00052596
5024.25,0.11298852,0.0013824
5024.5,0.1233522,0.00159084
5024.75,0.1277154,0.00095148
5025,0.06776892,0.00279828
5025.25,0.10099836,0.0032886
5025.5,0.10533888,0.00197424
5025.75,0.13984272,-0.00074952
5026,0.13513932,0.0020412
5026.25,0.1391256,0.00056052
5026.5,0.06417576,0.00246456
5026.75,0.10076076,0.001647
5027,0.11664756,0.00184896
5027.25,0.12111768,0.0008046
5027.5,0.12829644,0.00378432
5027.75,0.12083796,0.00295272
5028,0.13300848,0.00475308
5028.25,0.1154736,0.004941
5028.5,0.10276524,0.00381672
5028.75,0.09616212,0.00346896
5029,0.07207272,0.00213624
5029.25,0.08204328,0.00092016
5029.5,0.09031716,0.0048492
5029.75,0.10622772,0.0060426
5030,0.091206,0.00489888
5030.25,0.08736444,0.00691092
5030.5,0.08299368,0.00417204
5030.75,0.09125892,0.00373248
5031,0.09477432,0.00646056
5031.25,0.09129672,0.0042336
5031.5,0.07613892,0.00234252
5031.75,0.07511292,0.0008694
5032,0.077085,0.00076248
5032.25,0.07641108,0.00073872
5032.5,0.06698484,0.000297
5032.75,0.05843988,0.00063396
5033,0.06510132,0.00215028
5033.25,0.0713286,0.00392688
5033.5,0.08541612,0.00365472
5033.75,0.08907624,0.00405972
5034,0.09782316,0.00298188
5034.25,0.1128978,0.00703728
5034.5,0.08222688,0.01354752
5034.75,0.07392816,0.00452304
5035,0.07894908,0.00315684
5035.25,0.0783972,0.004563
5035.5,0.08428428,0.0043524
5035.75,0.0836352,0.00705132
5036,0.08970264,0.00661392
5036.25,0.07818552,0.0045738
5036.5,0.08383068,0.00517644
5036.75,0.09059364,0.00457056
5037,0.07455456,0.005616
5037.25,0.07478568,0.00489456
5037.5,0.07328664,0.00482544
5037.75,0.09175464,0.00404676
5038,0.09106236,0.004347
5038.25,0.07907976,0.00863892
5038.5,0.06961896,0.00627156
5038.75,0.06607008,0.008964
5039,0.07575552,0.01019736
5039.25,0.0653292,0.01094148
5039.5,0.07573068,0.01287144
5039.75,0.06610572,0.01211004
5040,0.07091388,0.00877392
5040.25,0.07803108,0.0076572
5040.5,0.06160752,0.00946944
5040.75,0.06335928,0.00692388
5041,0.07538724,0.00677052
5041.25,0.06624396,0.00787536
5041.5,0.06672996,0.00905256
5041.75,0.07314624,0.00641412
5042,0.07135236,0.00992088
5042.25,0.07847064,0.00973404
5042.5,0.07458156,0.00886248
5042.75,0.07918992,0.00944676
5043,0.0771768,0.00587304
5043.25,0.06300936,0.01046304
5043.5,0.06856272,0.00999
5043.75,0.07774704,0.00525636
5044,0.06900552,0.00947916
5044.25,0.06498468,0.00969192
5044.5,0.06523632,0.00934956
5044.75,0.07023024,0.00972216
5045,0.07413444,0.00600804
5045.25,0.07002936,0.00913248
5045.5,0.07730748,0.00835272
5045.75,0.06968808,0.00758376
5046,0.07912404,0.0067068
5046.25,0.06922476,0.00708912
5046.5,0.06190344,0.00285768
5046.75,0.065529,0.00515484
5047,0.08583516,0.003051
5047.25,0.07598232,0.0020088
5047.5,0.0919944,0.00158544
5047.75,0.08836452,0.00663444
5048,0.0633744,0.00176364
5048.25,0.06741252,0.0012042
5048.5,0.06543288,0.0016794
5048.75,0.09106128,0.00107892
5049,0.1255986,0.00082728
5049.25,0.07118172,0.00044172
5049.5,0.11790792,0.00104112
5049.75,0.07246692,0.00076464
5050,0.07231896,0.00176904
5050.25,0.07089768,0.0031536
5050.5,0.058536,0.00185004
5050.75,0.07580304,0.000972
5051,0.0863406,0.0025542
5051.25,0.11036736,0.00282204
5051.5,0.09366948,0.00323568
5051.75,0.10877112,0.00513972
5052,0.09673452,0.00415476
5052.25,0.10517148,0.005157
5052.5,0.0976482,0.00295596
5052.75,0.09801108,0.00558252
5053,0.06283548,0.00470124
5053.25,0.05769144,0.00586116
5053.5,0.08989704,0.00417636
5053.75,0.09635112,0.00666792
5054,0.08076888,0.00615816
5054.25,0.08835156,0.00667764
5054.5,0.08206272,0.00308016
5054.75,0.09922932,0.00388908
5055,0.10140012,0.00358236
5055.25,0.10155672,0.00321948
5055.5,0.07838316,0.0067878
5055.75,0.08635464,0.00534168
5056,0.08460396,0.00623808
5056.25,0.08633736,0.01097064
5056.5,0.0809352,0.01013688
5056.75,0.07448112,0.0085536
5057,0.08068032,0.00411372
5057.25,0.0771552,0.00469908
5057.5,0.08875872,0.00315036
5057.75,0.08291592,0.00307584
5058,0.07850736,0.00181764
5058.25,0.09744516,0.00402516
5058.5,0.0849744,0.0024084
5058.75,0.1227528,0.00297324
5059,0.06529248,0.00233604
5059.25,0.04847256,0.00165132
5059.5,0.0733968,0.00751464
5059.75,0.092313,0.00504684
5060,0.0948996,0.00925668
5060.25,0.07002936,0.00679752
5060.5,0.12987648,0.0087264
5060.75,0.08442684,0.00659016
5061,0.12967128,0.0100926
5061.25,0.09455292,0.00614196
5061.5,0.06777216,0.00941544
5061.75,0.10601496,0.01094472
5062,0.08899956,0.00368712
5062.25,0.06128244,0.00995868
5062.5,0.08643672,0.00821556
5062.75,0.07646184,0.00887976
5063,0.06318216,0.00858384
5063.25,0.0583254,0.00966492
5063.5,0.06042924,0.00978588
5063.75,0.06940188,0.0060264
5064,0.06272856,0.00490212
5064.25,0.0689094,0.00755028
5064.5,0.0696978,0.0076302
5064.75,0.05942052,0.00661932
5065,0.0684558,0.00592812
5065.25,0.0706428,0.00742932
5065.5,0.06416604,0.01086156
5065.75,0.06820308,0.01083024
5066,0.07073568,0.00640872
5066.25,0.06925284,0.00664308
5066.5,0.0689904,0.00709344
5066.75,0.06602148,0.01085832
5067,0.06220476,0.0071658
5067.25,0.065745,0.010314
5067.5,0.072981,0.01317168
5067.75,0.0816588,0.00642168
5068,0.05840964,0.01160028
5068.25,0.06959196,0.01047816
5068.5,0.06361416,0.01061964
5068.75,0.07212672,0.01042632
5069,0.07138476,0.01092744
5069.25,0.06163992,0.00924912
5069.5,0.06631308,0.00753732
5069.75,0.06904116,0.00505764
5070,0.0600588,0.00308664
5070.25,0.07392816,0.00241488
5070.5,0.070551,0.00201528
5070.75,0.07815852,0.00351108
5071,0.0806328,0.002457
5071.25,0.09947772,0.00270648
5071.5,0.07790796,0.00098712
5071.75,0.12873384,0.0015876
5072,0.1245564,0.001215
5072.25,0.12938724,0.00109404
5072.5,0.12260808,0.00175716
5072.75,0.13944744,-0.00069336
5073,0.1689984,0.00184032
5073.25,0.17757252,0.0022194
5073.5,0.11597364,0.0087048
5073.75,0.16631136,0.00493128
5074,0.18438408,0.0059886
5074.25,0.1703052,0.00315684
5074.5,0.21148128,0.00792396
5074.75,0.13667508,-0.00048276
5075,0.16415028,0.00368604
5075.25,0.12053232,0.00721116
5075.5,0.1777302,0.00279828
5075.75,0.17232912,0.006777
5076,0.1768446,0.0062802
5076.25,0.15509232,0.01007316
5076.5,0.15297768,0.00611172
5076.75,0.16527996,0.0104112
5077,0.10931436,0.004212
5077.25,0.12055608,0.00662904
5077.5,0.09907164,0.0037098
5077.75,0.12302604,0.00384156
5078,0.11031336,0.00249048
5078.25,0.1122822,-0.00049032
5078.5,0.103302,0.00531576
5078.75,0.09393084,0.00761292
5079,0.10856808,0.00586656
5079.25,0.1096362,0.00460728
5079.5,0.0835056,0.00544428
5079.75,0.07801164,0.00193428
5080,0.09080748,0.0034614
5080.25,0.08022888,0.00243648
5080.5,0.07256628,0.00114156
5080.75,0.06880464,0.00093744
5081,0.0660528,0.00098064
5081.25,0.08061984,0.00087372
5081.5,0.07889508,0.00518832
5081.75,0.07723404,0.00407808
5082,0.09204408,0.00324864
5082.25,0.06851196,0.00347004
5082.5,0.10084392,0.00234036
5082.75,0.06234192,0.00258552
5083,0.06395436,0.00125496
5083.25,0.06574392,0.0041742
5083.5,0.067527,0.00747576
5083.75,0.08210268,0.00625428
5084,0.0737046,0.0073332
5084.25,0.06948936,0.0066042
5084.5,0.06624396,0.0066042
5084.75,0.08591724,0.0104544
5085,0.0704754,0.0098658
5085.25,0.06731532,0.0075654
5085.5,0.06752916,0.007425
5085.75,0.098118,0.00776304
5086,0.0597024,0.00673272
5086.25,0.06127704,0.00470232
5086.5,0.07155756,0.00348948
5086.75,0.0600534,0.00435132
5087,0.06145416,0.00482652
5087.25,0.06408396,0.00558468
5087.5,0.0703566,0.00780624
5087.75,0.0759618,0.006372
5088,0.07242696,0.005373
5088.25,0.07108776,0.00913896
5088.5,0.06713064,0.00504684
5088.75,0.06642972,0.0032508
5089,0.06485724,0.00526716
5089.25,0.05517504,0.0070632
5089.5,0.06570936,0.00883332
5089.75,0.06466824,0.00663012
5090,0.06365628,0.00882684
5090.25,0.0633798,0.00957096
5090.5,0.06759936,0.0097902
5090.75,0.0631746,0.00877284
5091,0.07166124,0.0175662
5091.25,0.05827896,0.01102788
5091.5,0.0607824,0.01060128
5091.75,0.06653988,0.01124064
5092,0.06924204,0.00748008
5092.25,0.0595296,0.0133272
5092.5,0.05804244,0.01354428
5092.75,0.05715468,0.01385208
5093,0.06179868,0.01027188
5093.25,0.05899716,0.01114128
5093.5,0.08550576,0.01161864
5093.75,0.07138044,0.00749196
5094,0.06369624,0.01079028
5094.25,0.067338,0.00621972
5094.5,0.05380992,0.00620136
5094.75,0.07695864,0.00657612
5095,0.0867942,0.00376596
5095.25,0.06966324,0.0016686
5095.5,0.07249716,0.00323568
5095.75,0.05958036,0.00187272
5096,0.07993836,0.00166968
5096.25,0.09256896,0.00068796
5096.5,0.08135424,0.00048816
5096.75,0.11623176,0.00072468
5097,0.1053756,0.00249696
5097.25,0.1052082,0.00028836
5097.5,0.13340484,0.00171828
5097.75,0.08102808,0.0010962
5098,0.13641804,0.00243
5098.25,0.1363824,0.00134892
5098.5,0.0637632,0.00221508
5098.75,0.105948,0.00169236
5099,0.12244176,0.00342036
5099.25,0.08025156,0.00349488
5099.5,0.08070192,0.00266436
5099.75,0.13378932,0.00519804
5100,0.10365516,0.00176904
5100.25,0.13004496,0.00248832
5100.5,0.10097028,0.0017874
5100.75,0.08900496,0.00189432
5101,0.07899336,0.00119664
5101.25,0.06507324,0.00285336
5101.5,0.08255952,0.00338688
5101.75,0.07514208,0.00468396
5102,0.09712872,0.00732456
5102.25,0.08858484,0.00751032
5102.5,0.09742788,0.00661176
5102.75,0.11173032,0.00936576
5103,0.10182024,0.01377756
5103.25,0.08813448,0.01475604
5103.5,0.08517528,0.01127952
5103.75,0.093015,0.01047384
5104,0.08146656,0.00982368
5104.25,0.08889588,0.0110214
5104.5,0.09010332,0.0078948
5104.75,0.07657632,0.00902124
5105,0.08704368,0.00816912
5105.25,0.0785646,0.01206576
5105.5,0.064179,0.00180036
5105.75,0.06783372,0.00778788
5106,0.06430104,0.00370224
5106.25,0.07113096,0.00563652
5106.5,0.05441148,-0.00046656
5106.75,0.05425704,-0.00042768
5107,0.05842908,0.00210816
5107.25,0.09956412,0.00123012
5107.5,0.06838668,0.005076
5107.75,0.08983656,0.00262008
5108,0.06538644,0.00570888
5108.25,0.08013168,0.00934524
5108.5,0.08096868,0.00847584
5108.75,0.0819126,0.0066204
5109,0.08535024,0.00989064
5109.25,0.07531164,0.00542268
5109.5,0.08874792,0.00730296
5109.75,0.07167312,0.00983988
5110,0.06746112,0.00622296
5110.25,0.06871176,0.00811728
5110.5,0.0695088,0.00953748
5110.75,0.06873876,0.0075708
5111,0.0843156,0.0076248
5111.25,0.06399432,0.00573912
5111.5,0.07725564,0.00790992
5111.75,0.0915894,0.0117612
5112,0.06916428,0.01014336
5112.25,0.09073512,0.0123984
5112.5,0.0678618,0.01044144
5112.75,0.06915132,0.00693468
5113,0.05676696,0.0088398
5113.25,0.06729588,0.01428624
5113.5,0.07007364,0.01402596
5113.75,0.06561324,0.01536516
5114,0.06618996,0.0129222
5114.25,0.06680772,0.01286496
5114.5,0.06065388,0.0049464
5114.75,0.06498576,0.00815724
5115,0.06462288,0.01016388
5115.25,0.06022944,0.00981288
5115.5,0.06626988,0.01110456
5115.75,0.06551496,0.01153548
5116,0.06296508,0.00987984
5116.25,0.0612684,0.00927396
5116.5,0.0541512,0.00704808
5116.75,0.05438664,0.0057078
5117,0.06223932,0.00962604
5117.25,0.06414984,0.01175472
5117.5,0.07253604,0.0059184
5117.75,0.0665982,0.00861732
5118,0.05883624,0.01033452
5118.25,0.06956496,0.00755136
5118.5,0.0616356,0.0072414
5118.75,0.06733476,0.0076086
5119,0.07246692,0.00249588
5119.25,0.07365168,0.00327672
5119.5,0.05091228,0.00357156
5119.75,0.04837752,0.00443664
5120,0.03804948,0.00335232
5120.25,0.0628668,0.00581256
5120.5,0.04396464,0.00888624
5120.75,0.05066604,0.00751356
5121,0.04848012,0.00755028
5121.25,0.04869072,0.00682452
5121.5,0.04727484,0.00580608
5121.75,0.05227632,0.00522396
5122,0.06468984,0.00549936
5122.25,0.05053752,0.0058752
5122.5,0.04460724,0.00795636
5122.75,0.0447336,0.00615924
5123,0.05814936,0.00550692
5123.25,0.0612198,0.01246968
5123.5,0.05401188,0.00444636
5123.75,0.05702184,0.00493452
5124,0.06429132,0.00561924
5124.25,0.04761612,0.00257904
5124.5,0.07172388,0.0064044
5124.75,0.05810508,0.006588
5125,0.05192424,0.00339228
5125.25,0.06023808,0.0082188
5125.5,0.053919,0.00813348
5125.75,0.04934088,0.0060426
5126,0.05992704,0.0061182
5126.25,0.06061284,0.0065016
5126.5,0.056349,0.0055458
5126.75,0.04979124,0.00429732
5127,0.0539406,0.00536976
5127.25,0.07161588,0.00636444
5127.5,0.05109048,0.00379188
5127.75,0.05343408,0.00415692
5128,0.0544104,0.00278208
5128.25,0.05527332,0.0069066
5128.5,0.05791176,0.00510516
5128.75,0.06830676,0.00304884
5129,0.05255496,0.0070524
5129.25,0.04942512,0.00667872
5129.5,0.04462992,0.00573264
5129.75,0.05692896,0.00856764
5130,0.0498366,0.00767232
5130.25,0.06705396,0.00589896
5130.5,0.0577584,0.00563544
5130.75,0.06350832,0.00547128
5131,0.08146764,0.00601236
5131.25,0.0683748,0.00603828
5131.5,0.07379208,0.0077382
5131.75,0.08129592,0.00875016
5132,0.08229384,0.008397
5132.25,0.06348024,0.00894348
5132.5,0.07992756,0.01316628
5132.75,0.0752868,0.01135512
5133,0.07409448,0.00855036
5133.25,0.07916508,0.01026972
5133.5,0.07274016,0.01282392
5133.75,0.07559676,0.01449792
5134,0.07533432,0.00641844
5134.25,0.06949476,0.0065718
5134.5,0.07190748,0.00536436
5134.75,0.08018892,0.00500688
5135,0.07494012,0.00781812
5135.25,0.06669108,0.00782028
5135.5,0.09276876,0.01104084
5135.75,0.07374132,0.00873936
5136,0.06073056,0.00690336
5136.25,0.06886188,0.00681372
5136.5,0.05921856,0.00580284
5136.75,0.06970104,0.00603072
5137,0.06672996,0.00755568
5137.25,0.07014492,0.0078624
5137.5,0.06819552,0.00792612
5137.75,0.06655068,0.01136268
5138,0.08755344,0.01340928
5138.25,0.06705072,0.00973188
5138.5,0.06800004,0.01035072
5138.75,0.09804132,0.00987984
5139,0.07852572,0.00947916
5139.25,0.09132912,0.00981504
5139.5,0.06913728,0.01100196
5139.75,0.06860268,0.01125792
5140,0.07477056,0.01066824
5140.25,0.07749108,0.01069308
5140.5,0.06686172,0.007938
5140.75,0.06561108,0.00786564
5141,0.06634116,0.00977616
5141.25,0.06950556,0.00800928
5141.5,0.0664254,0.0113454
5141.75,0.07081344,0.00980208
5142,0.06995592,0.01014012
5142.25,0.08087904,0.01085508
5142.5,0.07277904,0.01090476
5142.75,0.07061364,0.00999216
5143,0.075168,0.00543348
5143.25,0.0704754,0.00729648
5143.5,0.08104104,0.00766152
5143.75,0.06690168,0.00761508
5144,0.0576342,0.00613224
5144.25,0.06272748,0.00610416
5144.5,0.06181488,0.00707724
5144.75,0.06746544,0.00481032
5145,0.05813856,0.00650916
5145.25,0.0583578,0.00489132
5145.5,0.06128352,0.00344952
5145.75,0.04774896,0.00519588
5146,0.06905952,0.00331128
5146.25,0.0645948,0.0045306
5146.5,0.04018356,0.0051462
5146.75,0.04854168,0.0067662
5147,0.0566568,0.00541728
5147.25,0.03003696,0.00512244
5147.5,0.0707292,0.00753084
5147.75,0.0646974,0.00415368
5148,0.06037524,0.00830844
5148.25,0.05797332,0.00580176
5148.5,0.04170528,0.00569268
5148.75,0.0436212,0.005535
5149,0.0317736,0.00638064
5149.25,0.05385204,0.00547128
5149.5,0.0636714,0.008559
5149.75,0.05663736,0.0104436
5150,0.05727132,0.01258308
5150.25,0.0500958,0.00904176
5150.5,0.04796712,0.00837756
5150.75,0.04518288,0.00447984
5151,0.055917,0.01044792
5151.25,0.05872392,0.00909468
5151.5,0.04542372,0.00898236
5151.75,0.04533192,0.00831168
5152,0.05479488,0.00619812
5152.25,0.09712656,0.0043686
5152.5,0.06703452,0.00385344
5152.75,0.0607176,0.00807948
5153,0.09489852,0.00969408
5153.25,0.08848332,0.00514728
5153.5,0.075573,0.00532872
5153.75,0.15546708,0.00648864
5154,0.08313732,0.0052704
5154.25,0.09555408,0.00319896
5154.5,0.07929792,0.00272592
5154.75,0.06469956,0.00319788
5155,0.07986276,0.0048492
5155.25,0.06570396,0.00459216
5155.5,0.06151248,0.005292
5155.75,0.06303312,0.0053622
5156,0.08079804,0.00556308
5156.25,0.07423164,0.00629964
5156.5,0.08269128,0.0068688
5156.75,0.0669924,0.00357264
5157,0.07925148,0.00568836
5157.25,0.07649208,0.00574884
5157.5,0.07434288,0.00465156
5157.75,0.08503056,0.00539244
5158,0.0740502,0.00716472
5158.25,0.07448652,0.006723
5158.5,0.0777978,0.00583632
5158.75,0.0692388,0.00343116
5159,0.06894288,0.00414288
5159.25,0.07838424,0.00623592
5159.5,0.07672212,0.00646596
5159.75,0.07115472,0.0057996
5160,0.08437608,0.00747252
5160.25,0.06745572,0.01013904
5160.5,0.07073136,0.00791964
5160.75,0.06156648,0.00638604
5161,0.06240564,0.00823176
5161.25,0.0690444,0.00636552
5161.5,0.06563484,0.00774252
5161.75,0.06415956,0.00875448
5162,0.06535836,0.00863244
5162.25,0.06444036,0.0066474
5162.5,0.06546096,0.0109296
5162.75,0.07729236,0.00752544
5163,0.0576882,0.00789048
5163.25,0.07747056,0.01048464
5163.5,0.06157296,0.00668952
5163.75,0.0644922,0.00549936
5164,0.06295644,0.00685152
5164.25,0.06104592,0.00771552
5164.5,0.06157836,0.00790776
5164.75,0.06174576,0.00858384
5165,0.0619002,0.00691092
5165.25,0.06815988,0.01052784
5165.5,0.05852844,0.00990576
5165.75,0.07203384,0.00778788
5166,0.07183728,0.00548748
5166.25,0.07187184,0.00626292
5166.5,0.07904304,0.00628128
5166.75,0.07378992,0.00850068
5167,0.07750944,0.00616464
5167.25,0.0851742,0.0073062
5167.5,0.11901384,0.00817668
5167.75,0.12590748,0.009261
5168,0.13796892,0.00802548
5168.25,0.11499624,0.00459864
5168.5,0.136485,0.0067338
5168.75,0.15760224,0.00216108
5169,0.16647552,0.00486324
5169.25,0.18154044,0.0020628
5169.5,0.21270384,0.00615708
5169.75,0.19664748,0.00721116
5170,0.21350844,0.0025596
5170.25,0.20120508,0.00732564
5170.5,0.17727552,0.00064044
5170.75,0.13465116,0.0009558
5171,0.13844952,0.00155088
5171.25,0.18920412,0.00189108
5171.5,0.16510824,0.00130032
5171.75,0.19250568,0.00234684
5172,0.16805556,0.00467964
5172.25,0.13727016,0.00414072
5172.5,0.15583536,0.00491076
5172.75,0.1365876,0.00506304
5173,0.12150324,0.00448632
5173.25,0.16378092,0.01093284
5173.5,0.21083544,0.00936792
5173.75,0.2143476,0.0108702
5174,0.2226042,0.00988524
5174.25,0.19716588,0.0038394
5174.5,0.18316044,0.00533412
5174.75,0.15851376,0.00487836
5175,0.13400208,0.0046926
5175.25,0.25011504,0.00101844
5175.5,0.16604784,0.00497232
5175.75,0.22454064,0.00570996
5176,0.16731468,0.00388368
5176.25,0.13902624,0.00512244
5176.5,0.1555686,0.0070146
5176.75,0.18124776,0.007749
5177,0.18735408,0.0059886
5177.25,0.1783134,0.00410832
5177.5,0.10309248,0.0020304
5177.75,0.17129772,0.00838512
5178,0.1674162,0.00878256
5178.25,0.1593162,0.00377136
5178.5,0.09056988,0.00022248
5178.75,0.109593,0.00395064
5179,0.19628136,0.00467856
5179.25,0.20509308,0.00761832
5179.5,0.18103716,0.00017604
5179.75,0.1520154,0.00212652
5180,0.1766448,0.00416556
5180.25,0.1199556,0.00055944
5180.5,0.15543684,0.00208116
5180.75,0.17824428,0.00495828
5181,0.1109538,0.00266004
5181.25,0.12101508,0.00417528
5181.5,0.13418136,0.00345924
5181.75,0.10625688,0.00879984
5182,0.11626956,0.0059076
5182.25,0.09367056,0.00314388
5182.5,0.07442388,0.00716256
5182.75,0.0676998,0.00909144
5183,0.0722466,0.0080892
5183.25,0.07230492,0.00517536
5183.5,0.07555356,0.00476604
5183.75,0.07341624,0.00526176
5184,0.07812828,0.01092312
5184.25,0.06904764,0.00747792
5184.5,0.0696978,0.005562
5184.75,0.06703344,0.00865836
5185,0.06273072,0.0089532
5185.25,0.05653584,0.009612
5185.5,0.07149708,0.01432836
5185.75,0.07166016,0.0119286
5186,0.07369596,0.00934632
5186.25,0.06923772,0.00924588
5186.5,0.07115904,0.01312308
5186.75,0.07980444,0.00723168
5187,0.07269048,0.00851796
5187.25,0.06887808,0.01051812
5187.5,0.0733374,0.01320408
5187.75,0.0598428,0.0118152
5188,0.06746436,0.01112292
5188.25,0.07063416,0.01298052
5188.5,0.0642114,0.00568836
5188.75,0.062316,0.01104192
5189,0.06499548,0.0114858
5189.25,0.06590052,0.01188864
5189.5,0.07794468,0.00994356
5189.75,0.06753672,0.01059048
5190,0.08218584,0.01271052
5190.25,0.06671268,0.00498636
5190.5,0.0740664,0.00691524
5190.75,0.08203896,0.00392904
5191,0.07940484,0.02074896
5191.25,0.07982712,0.00269244
5191.5,0.11965104,0.00729324
5191.75,0.13778964,0.00320976
5192,0.13939344,0.00590976
5192.25,0.11989512,0.0037152
5192.5,0.1773576,0.00170856
5192.75,0.17366184,0.0053136
5193,0.21844728,0.00264168
5193.25,0.18914148,0.00520452
5193.5,0.18224028,0.0044388
5193.75,0.19376604,0.00374328
5194,0.20526048,0.0034668
5194.25,0.22266576,0.0076086
5194.5,0.13080204,0.00995976
5194.75,0.16060896,0.00408996
5195,0.20366856,-0.000756
5195.25,0.17309268,0.00162972
5195.5,0.1716714,0.00653724
5195.75,0.20410272,0.00670032
5196,0.17935668,0.00472284
5196.25,0.14552244,0.00677916
5196.5,0.16592148,0.00572076
5196.75,0.15734196,0.00383832
5197,0.12316644,0.00344844
5197.25,0.168048,0.0060534
5197.5,0.1385424,0.00269028
5197.75,0.229014,0.00385668
5198,0.15662484,0.00154008
5198.25,0.20283156,0.00217188
5198.5,0.19899864,0.00050544
5198.75,0.15821784,0.00085644
5199,0.17752176,0.00074412
5199.25,0.17277192,0.0014958
5199.5,0.1362636,0.00051732
5199.75,0.18019908,0.0022518
5200,0.175257,0.00064368
5200.25,0.19891116,0.00179712
5200.5,0.17625276,0.00031536
5200.75,0.16512552,0.00090828
5201,0.12224088,0.00089208
5201.25,0.16708032,0.00229392
5201.5,0.15466572,0.00360612
5201.75,0.18669744,0.00452304
5202,0.07921368,0.0022518
5202.25,0.14100696,0.00267408
5202.5,0.07010712,8.748e-05
5202.75,0.1724868,0.00983556
5203,0.16977384,0.00517752
5203.25,0.17969148,0.0025326
5203.5,0.1211652,0.00158544
5203.75,0.17453772,0.00385884
5204,0.2117988,0.0124146
5204.25,0.18149184,0.01084752
5204.5,0.16366536,0.00963144
5204.75,0.14656032,0.0067932
5205,0.12196548,0.00072252
5205.25,0.14777856,0.00733752
5205.5,0.0771498,0.00347544
5205.75,0.14096916,0.00768312
5206,0.10912536,0.00420444
5206.25,0.07473492,0.0042282
5206.5,0.07125192,0.00626616
5206.75,0.05820552,0.00415044
5207,0.07514532,0.00574992
5207.25,0.05847768,0.00821232
5207.5,0.07120332,0.01190052
5207.75,0.07343784,0.00678888
5208,0.06659712,0.00941652
5208.25,0.06699564,0.01006776
5208.5,0.05795496,0.00966168
5208.75,0.05839344,0.00715176
5209,0.06224796,0.00798552
5209.25,0.06169284,0.0087264
5209.5,0.06949908,0.00914652
5209.75,0.06021324,0.00956556
5210,0.06020892,0.01064232
5210.25,0.05931792,0.01016496
5210.5,0.07476192,0.01055592
5210.75,0.06078456,0.00994572
5211,0.06115392,0.00967464
5211.25,0.0755298,0.00974808
5211.5,0.06343704,0.01087776
5211.75,0.0675756,0.00964548
5212,0.06495768,0.0088776
5212.25,0.0635634,0.01039824
5212.5,0.05540292,0.0102654
5212.75,0.06254496,0.00919944
5213,0.06978744,0.00768312
5213.25,0.06379344,0.01066068
5213.5,0.06754968,0.01228824
5213.75,0.0713286,0.01183572
5214,0.06861132,0.00953316
5214.25,0.0702,0.00771228
5214.5,0.06808212,0.00745416
5214.75,0.0827118,0.0088776
5215,0.06543396,0.00282744
5215.25,0.09690408,0.00344196
5215.5,0.12116844,0.00883332
5215.75,0.14745348,0.00456516
5216,0.10347912,0.00643896
5216.25,0.10765008,0.00120744
5216.5,0.14702364,0.00066744
5216.75,0.1380294,-0.00046872
5217,0.15208884,-0.00127548
5217.25,0.14927544,-0.00232848
5217.5,0.14631084,0.0009504
5217.75,0.15125076,-0.0010854
5218,0.18979164,-0.0012204
5218.25,0.15565068,-0.00027324
5218.5,0.171234,0.00041364
5218.75,0.14965128,0.00049896
5219,0.1610172,0.00386316
5219.25,0.12416112,0.00150444
5219.5,0.14639508,0.00281772
5219.75,0.13487148,0.00422064
5220,0.17890632,0.01130436
5220.25,0.13953492,0.00776736
5220.5,0.14307732,0.00499716
5220.75,0.13315428,0.00490536
5221,0.12386844,0.00688284
5221.25,0.13569336,0.00633096
5221.5,0.15444864,0.00856872
5221.75,0.16371288,0.0076194
5222,0.15143976,0.0016686
5222.25,0.1544886,-0.00067932
5222.5,0.14904108,-0.00061776
5222.75,0.16328304,0.00043956
5223,0.15632568,-0.00176256
5223.25,0.15843708,0.00168048
5223.5,0.13934808,0.00148824
5223.75,0.11218716,-0.00046224
5224,0.13087008,0.00040824
5224.25,0.11152944,0.0005454
5224.5,0.08717328,-0.00068148
5224.75,0.1049814,0.00138888
5225,0.0888192,-0.00111564
5225.25,0.1145556,-0.00069336
5225.5,0.14592852,0.00138672
5225.75,0.08751024,0.00089208
5226,0.14137416,0.0062964
5226.25,0.16802424,0.00346032
5226.5,0.06066144,-0.0001296
5226.75,0.13672368,0.00672192
5227,0.20140056,0.00910872
5227.25,0.1515996,0.00861408
5227.5,0.21208608,0.00750816
5227.75,0.15877188,0.00323568
5228,0.1084374,0.00316116
5228.25,0.15549084,0.00126036
5228.5,0.15047424,0.00405216
5228.75,0.1291356,0.00527148
5229,0.15554268,0.01472904
5229.25,0.13259376,0.00547884
5229.5,0.1426788,0.01301076
5229.75,0.13714056,0.01558764
5230,0.13671936,0.01360584
5230.25,0.0823824,0.01015632
5230.5,0.078084,0.00643464
5230.75,0.07657956,0.01235196
5231,0.07748676,0.01015308
5231.25,0.07263216,0.01429488
5231.5,0.0767718,0.00940032
5231.75,0.0693846,0.0133866
5232,0.06896772,0.01299888
5232.25,0.07131132,0.00943704
5232.5,0.06031476,0.008613
5232.75,0.05942376,0.01314468
5233,0.0696168,0.01435428
5233.25,0.07191288,0.01665036
5233.5,0.07349832,0.01121256
5233.75,0.0768312,0.0163134
5234,0.06551172,0.01564812
5234.25,0.06537888,0.01480464
5234.5,0.05752728,0.0157248
5234.75,0.06298452,0.01332612
5235,0.0648702,0.0175068
5235.25,0.0743094,0.01137456
5235.5,0.06996996,0.00890892
5235.75,0.05854896,0.0164322
5236,0.06476112,0.01203768
5236.25,0.0644922,0.00728244
5236.5,0.0693954,0.00994464
5236.75,0.06266484,0.01010124
5237,0.06281604,0.00962928
5237.25,0.06246828,0.0081972
5237.5,0.07182324,0.01211976
5237.75,0.06810372,0.00986472
5238,0.0736506,0.00988308
5238.25,0.07633224,0.0090882
5238.5,0.06506892,0.00628344
5238.75,0.08053668,0.006588
5239,0.08370648,0.0048438
5239.25,0.08288784,0.0058482
5239.5,0.09277416,0.00358128
5239.75,0.12236292,0.00377892
5240,0.11290104,0.00386532
5240.25,0.12430044,-0.00035424
5240.5,0.14529564,0.00067824
5240.75,0.16435764,-0.00019332
5241,0.19165572,0.00126252
5241.25,0.15070104,0.00061668
5241.5,0.15059088,0.00067824
5241.75,0.15317964,-1.836e-05
5242,0.16968204,-0.00134244
5242.25,0.21660588,0.00163188
5242.5,0.1470096,-0.00121608
5242.75,0.1658934,0.00259524
5243,0.16085952,0.00034776
5243.25,0.18199944,0.00095256
5243.5,0.1649862,0.0018792
5243.75,0.13650876,0.00245052
5244,0.1576962,0.00487728
5244.25,0.12841092,0.00795636
5244.5,0.12384792,0.0047628
5244.75,0.15775344,0.00621756
5245,0.14098536,0.01194372
5245.25,0.13201056,0.01162944
5245.5,0.16580268,0.00168696
5245.75,0.16104312,0.003186
5246,0.19386864,0.0026676
5246.25,0.14558616,0.00115452
5246.5,0.15841872,-0.00074088
5246.75,0.18850212,-0.00223128
5247,0.1962846,-0.00213192
5247.25,0.16685352,-0.00032616
5247.5,0.16767756,0.00036396
5247.75,0.12061116,-0.00056376
5248,0.13716432,0.0010692
5248.25,0.12092652,6.156e-05
5248.5,0.11524572,0.0008532
5248.75,0.11925144,-1.188e-05
5249,0.11531808,0.00020088
5249.25,0.13863744,0.0020304
5249.5,0.16589016,0.0037098
5249.75,0.18693936,0.00346464
5250,0.16698636,0.00470232
5250.25,0.20713212,0.0020952
5250.5,0.20106036,0.00667332
5250.75,0.20573352,0.00759996
5251,0.13123944,0.00614844
5251.25,0.0788292,0.00015444
5251.5,0.1996272,0.0069498
5251.75,0.15605892,0.00395388
5252,0.21456252,0.01436724
5252.25,0.14752476,0.005535
5252.5,0.18404496,0.00957312
5252.75,0.17438976,0.01538784
5253,0.1053594,0.01289088
5253.25,0.15830424,0.0100062
5253.5,0.14817492,0.0098334
5253.75,0.16181316,0.01442556
5254,0.100845,0.00777816
5254.25,0.1148256,0.00803196
5254.5,0.10925712,0.01330236
5254.75,0.092421,0.01255392
5255,0.07863804,0.0128952
5255.25,0.064638,0.01012068
5255.5,0.06507432,0.00879876
5255.75,0.06548796,0.00605016
5256,0.06449976,0.00560736
5256.25,0.07302744,0.00807192
5256.5,0.06719868,0.00529848
5256.75,0.06469416,0.00668952
5257,0.07645212,0.00673596
5257.25,0.08370648,0.0118908
5257.5,0.07977852,0.01320084
5257.75,0.06054372,0.00962388
5258,0.07417656,0.009234
5258.25,0.07071516,0.01809216
5258.5,0.08150436,0.01099548
5258.75,0.07858512,0.00802548
5259,0.08188344,0.01174824
5259.25,0.07673724,0.01387584
5259.5,0.07823412,0.01449792
5259.75,0.06282144,0.0128682
5260,0.07891884,0.01296756
5260.25,0.0800388,0.01194588
5260.5,0.07076052,0.00971568
5260.75,0.06111396,0.00810648
5261,0.07151328,0.00975564
5261.25,0.07514532,0.0090234
5261.5,0.07298316,0.01339524
5261.75,0.06652152,0.00894348
5262,0.07042788,0.00936684
5262.25,0.08081316,0.00734076
5262.5,0.07048728,0.00673596
5262.75,0.0581688,0.00711936
5263,0.0780678,0.01197396
5263.25,0.08150544,0.00763128
5263.5,0.09700236,0.00982044
5263.75,0.11221632,0.00892512
5264,0.0931608,0.01012176
5264.25,0.09487584,0.00409104
5264.5,0.15693156,0.00088884
5264.75,0.12146436,-0.00084456
5265,0.14873004,0.0006426
5265.25,0.16270524,-0.00167076
5265.5,0.17345232,5.724e-05
5265.75,0.1591218,0.00133164
5266,0.10839744,0.00542268
5266.25,0.17487144,0.00253152
5266.5,0.1207224,0.00040284
5266.75,0.13229676,0.00080568
5267,0.15155856,0.0041958
5267.25,0.15274224,0.00515808
5267.5,0.15254244,0.00263304
5267.75,0.13179348,0.00289764
5268,0.12760848,0.0075384
5268.25,0.14752584,0.00227448
5268.5,0.14306976,0.00918
5268.75,0.15246684,0.00693792
5269,0.13925736,0.00316872
5269.25,0.21190464,0.01749276
5269.5,0.19839384,0.00783
5269.75,0.2262114,0.00527472
5270,0.15966828,0.00209196
5270.25,0.21314448,0.00104976
5270.5,0.23926752,0.00421416
5270.75,0.15966072,0.00282204
5271,0.22844916,0.00188244
5271.25,0.1836756,0.00160596
5271.5,0.26159004,0.00320112
5271.75,0.12480912,0.00049464
5272,0.18771588,0.00330048
5272.25,0.16458228,0.00187488
5272.5,0.24257772,0.00533196
5272.75,0.15157692,0.0022626
5273,0.22778388,0.01385316
5273.25,0.1776114,0.00594108
5273.5,0.24838596,0.01504332
5273.75,0.17203536,0.00510516
5274,0.13888368,0.0068202
5274.25,0.23021388,0.01275156
5274.5,0.17516412,0.00551124
5274.75,0.17301384,0.00633528
5275,0.22844808,0.01031076
5275.25,0.22124556,0.00800712
5275.5,0.25376544,0.00968436
5275.75,0.2783376,0.00505872
5276,0.24347088,0.00763668
5276.25,0.2206332,0.00362124
5276.5,0.26893188,0.00829872
5276.75,0.24461676,0.011421
5277,0.1108782,0.00727596
5277.25,0.16543332,0.00176796
5277.5,0.11374992,0.00803304
5277.75,0.1631718,0.00710532
5278,0.09194472,0.00508356
5278.25,0.07139232,0.0063018
5278.5,0.07666056,0.00832788
5278.75,0.0848286,0.0077976
5279,0.06432912,0.00947376
5279.25,0.06130728,0.00952884
5279.5,0.06360768,0.01141236
5279.75,0.0704592,0.015984
5280,0.07370028,0.01138104
5280.25,0.0725004,0.011718
5280.5,0.06431616,0.00684936
5280.75,0.06233868,0.0062208
5281,0.06511752,0.00686556
5281.25,0.06845364,0.00595944
5281.5,0.06325344,0.00566028
5281.75,0.0655182,0.0067284
5282,0.07541532,0.00663336
5282.25,0.0748332,0.00847584
5282.5,0.07157052,0.0094068
5282.75,0.0777384,0.00938412
5283,0.08613756,0.00832896
5283.25,0.07638948,0.00893916
5283.5,0.0702864,0.00497988
5283.75,0.067689,0.00664956
5284,0.06891912,0.00568296
5284.25,0.07196148,0.0071874
5284.5,0.07032312,0.00715824
5284.75,0.06191208,0.00507924
5285,0.077868,0.00746172
5285.25,0.06786504,0.00674244
5285.5,0.07987032,0.00636984
5285.75,0.07392276,0.00649296
5286,0.08029044,0.00599292
5286.25,0.06922476,0.00671868
5286.5,0.0718686,0.00613332
5286.75,0.08734284,0.00475092
5287,0.07768872,0.00325512
5287.25,0.10595556,0.00253476
5287.5,0.05983308,0.00372816
5287.75,0.05776164,0.00209628
5288,0.05459616,0.00177768
5288.25,0.0793368,-0.00016632
5288.5,0.09095112,0.00230256
5288.75,0.04538808,0.00053136
5289,0.11850192,0.00211356
5289.25,0.05575716,0.00187812
5289.5,0.0604368,0.00229068
5289.75,0.05995944,0.00126252
5290,0.04684824,0.00080028
5290.25,0.0535734,0.00084348
5290.5,0.05808024,0.00276156
5290.75,0.04851468,0.0010638
5291,0.09002232,0.00610632
5291.25,0.04748544,0.00118908
5291.5,0.06846552,0.00666684
5291.75,0.0778194,0.00245376
5292,0.09425052,0.0064206
5292.25,0.08413848,0.00748116
5292.5,0.07306524,0.00534492
5292.75,0.06704208,0.00314712
5293,0.04291272,0.00174312
5293.25,0.04360176,0.00148824
5293.5,0.03854412,0.00174204
5293.75,0.041472,0.00247644
5294,0.08771868,0.00579096
5294.25,0.06121116,0.00218592
5294.5,0.0877554,0.00590976
5294.75,0.09981684,0.00521856
5295,0.09171576,0.00479952
5295.25,0.09407664,0.00393768
5295.5,0.08477784,0.0060102
5295.75,0.0914166,0.00496692
5296,0.08177112,0.00369792
5296.25,0.08261784,0.00227124
5296.5,0.09451728,0.00320544
5296.75,0.06581412,0.00460836
5297,0.1260252,0.00946404
5297.25,0.07327692,0.00478008
5297.5,0.08917992,0.00640116
5297.75,0.09316296,0.00854172
5298,0.0886572,0.010746
5298.25,0.10882512,0.00726624
5298.5,0.048627,-0.00035424
5298.75,0.09313704,0.00352188
5299,0.09443736,0.00603504
5299.25,0.09193176,0.00622512
5299.5,0.10643076,0.00792504
5299.75,0.0625374,0.00382104
5300,0.07800192,0.00565164
5300.25,0.07931844,0.00220968
5300.5,0.084105,0.0021114
5300.75,0.07595532,-0.0009666
5301,0.0877608,0.00323244
5301.25,0.08605332,0.00359532
5301.5,0.09226116,0.00423576
5301.75,0.07689924,0.00382752
5302,0.08422812,0.0043524
5302.25,0.0686286,0.00485352
5302.5,0.07243236,0.00377136
5302.75,0.05077728,0.00465156
5303,0.06774624,0.00521856
5303.25,0.0678996,0.0059562
5303.5,0.07670052,0.00849744
5303.75,0.07503408,0.00759996
5304,0.06509052,0.00633528
5304.25,0.0697518,0.00653184
5304.5,0.06516936,0.0053082
5304.75,0.05978016,0.00872208
5305,0.06793524,0.00920808
5305.25,0.06497388,0.0026568
5305.5,0.06899796,0.00369792
5305.75,0.0755838,0.00676188
5306,0.07030368,0.00623376
5306.25,0.07812072,0.00929016
5306.5,0.08006904,0.00717552
5306.75,0.07800408,0.00776952
5307,0.07402752,0.00548316
5307.25,0.06405264,0.0042876
5307.5,0.0675108,0.00454788
5307.75,0.06692652,0.00389772
5308,0.06626232,0.00374652
5308.25,0.0651942,0.00407808
5308.5,0.06650856,0.0049302
5308.75,0.05964192,0.00284472
5309,0.07120872,0.00578556
5309.25,0.07686576,0.00828144
5309.5,0.06806916,0.00677376
5309.75,0.05789232,0.0048006
5310,0.07381476,0.00223128
5310.25,0.06438204,0.00293868
5310.5,0.06322536,0.00330048
5310.75,0.07551252,0.00526716
5311,0.05514372,0.0025272
5311.25,0.08059608,0.00257904
5311.5,0.05500332,0.002538
5311.75,0.05163696,0.00272808
5312,0.04367628,0.0039906
5312.25,0.03830976,0.00288576
5312.5,0.0418824,0.0022464
5312.75,0.04241916,0.00263196
5313,0.04993164,0.00442584
5313.25,0.04076028,0.00324648
5313.5,0.04564404,0.00532872
5313.75,0.05212944,0.00162756
5314,0.07112664,0.0043794
5314.25,0.04547124,0.00477792
5314.5,0.0302994,0.00323136
5314.75,0.03730104,0.00283284
5315,0.04393764,0.00306504
5315.25,0.04130352,0.00566784
5315.5,0.03213648,0.00434268
5315.75,0.05485644,0.00624564
5316,0.04731372,0.004752
5316.25,0.0504252,0.00427356
5316.5,0.0422982,0.00259848
5316.75,0.04707504,0.0060048
5317,0.02905848,0.00431244
5317.25,0.02631096,0.0035316
5317.5,0.0429732,0.00586332
5317.75,0.03966192,0.00194076
5318,0.04189212,0.00505656
5318.25,0.04793904,0.0036504
5318.5,0.04172472,0.00331236
5318.75,0.05563512,0.00275184
5319,0.04839048,0.00334908
5319.25,0.04808268,0.00321516
5319.5,0.02883708,0.00419256
5319.75,0.03063852,0.00344088
5320,0.04113612,0.00210816
5320.25,0.05168124,0.00389016
5320.5,0.05162616,0.00232632
5320.75,0.04701564,0.0021168
5321,0.04279176,0.00187164
5321.25,0.06801408,0.0040932
5321.5,0.06919884,0.01146744
5321.75,0.07235028,0.00882144
5322,0.07253604,0.00395928
5322.25,0.06332256,0.0019818
5322.5,0.07192368,0.00473364
5322.75,0.05945616,0.00137268
5323,0.07600068,0.00547128
5323.25,0.07348752,0.00540972
5323.5,0.0766746,0.00640224
5323.75,0.06490692,0.00700596
5324,0.07783776,0.00339768
5324.25,0.07695864,0.00955692
5324.5,0.08558244,0.00910224
5324.75,0.09748296,0.00963468
5325,0.08389116,0.01016604
5325.25,0.08031312,0.0071982
5325.5,0.07586676,0.0076248
5325.75,0.07858404,0.00815292
5326,0.08076672,0.00325296
5326.25,0.07239888,0.0033156
5326.5,0.07156188,0.00251532
5326.75,0.07211808,0.00286956
5327,0.07557516,0.00358128
5327.25,0.07191612,0.00450144
5327.5,0.07266348,0.00572508
5327.75,0.0885168,0.00641736
5328,0.0820908,0.00747792
5328.25,0.07126596,0.0058914
5328.5,0.0788616,0.00432
5328.75,0.06221664,0.00594972
5329,0.06881328,0.00318384
5329.25,0.05948208,0.00344088
5329.5,0.07265484,0.00298296
5329.75,0.0605718,0.0026298
5330,0.07179624,0.00385452
5330.25,0.06874092,0.00397008
5330.5,0.06561324,0.00319032
5330.75,0.06312168,0.00324756
5331,0.08598204,0.00390744
5331.25,0.08020404,0.00456084
5331.5,0.07887996,0.00383508
5331.75,0.061344,0.00311472
5332,0.07387308,0.00278424
5332.25,0.072684,0.00426276
5332.5,0.07142796,0.00243216
5332.75,0.06328692,0.00309744
5333,0.06453972,0.00346896
5333.25,0.07736904,0.00267732
5333.5,0.08077968,0.00302616
5333.75,0.0722358,0.00232092
5334,0.06365952,0.00118152
5334.25,0.07602228,0.0050814
5334.5,0.07491636,0.00447444
5334.75,0.08951364,0.00321408
5335,0.0540864,0.0027972
5335.25,0.10533348,0.00475632
5335.5,0.10929168,0.00848556
5335.75,0.15746508,0.01166292
5336,0.1245726,0.00470448
5336.25,0.1810296,0.00486864
5336.5,0.17274924,0.00288252
5336.75,0.20178288,0.0042444
5337,0.23343768,0.01524312
5337.25,0.24706836,0.00651996
5337.5,0.28532736,0.00783108
5337.75,0.28369872,0.01128276
5338,0.29073276,0.00632016
5338.25,0.2824254,0.01019088
5338.5,0.2546424,0.0048438
5338.75,0.20888172,0.00150984
5339,0.22791456,0.00213192
5339.25,0.27938952,0.00801252
5339.5,0.24024492,0.00544644
5339.75,0.23473692,0.00438804
5340,0.20119212,0.0067824
5340.25,0.1858302,0.01056456
5340.5,0.18745992,0.01029132
5340.75,0.18433116,0.01113588
5341,0.1552176,0.01373112
5341.25,0.20935152,0.01120824
5341.5,0.21249648,0.00638064
5341.75,0.16356924,0.00186624
5342,0.21768264,0.00621648
5342.25,0.209817,0.0046656
5342.5,0.2014092,0.00243972
5342.75,0.2041038,0.00036072
5343,0.19511172,0.0013338
5343.25,0.19860768,0.0040554
5343.5,0.14897196,0.00173664
5343.75,0.20248164,0.00185652
5344,0.18086436,0.001998
5344.25,0.13674744,0.00303372
5344.5,0.16674876,0.00219888
5344.75,0.12530808,0.00410292
5345,0.20551212,0.00647676
5345.25,0.16023852,0.00720144
5345.5,0.16730604,0.00622404
5345.75,0.17067024,0.00324756
5346,0.10468008,0.0073062
5346.25,0.1505196,0.00624672
5346.5,0.22157388,0.00736128
5346.75,0.18831096,0.00522936
5347,0.25159032,0.00757512
5347.25,0.19986372,0.0060534
5347.5,0.1817694,0.00380808
5347.75,0.22530204,0.00221184
5348,0.23084136,0.00144504
5348.25,0.23765076,0.00474444
5348.5,0.11390652,0.00015336
5348.75,0.15498864,0.00648216
5349,0.14413032,0.00454464
5349.25,0.20318904,0.0049464
5349.5,0.1578636,0.00206388
5349.75,0.13827564,0.00304236
5350,0.11077992,0.00336204
5350.25,0.10565208,0.00567432
5350.5,0.08861076,0.00506844
5350.75,0.08251956,0.00563976
5351,0.07481376,0.00469692
5351.25,0.07284384,0.00531792
5351.5,0.09689112,0.00905364
5351.75,0.0724518,0.00909468
5352,0.08093628,0.00976644
5352.25,0.08711604,0.00997488
5352.5,0.06874092,0.00714852
5352.75,0.07241724,0.009342
5353,0.0729216,0.01104948
5353.25,0.07581924,0.01098036
5353.5,0.0744714,0.00646812
5353.75,0.070794,0.00823932
5354,0.0715176,0.00897048
5354.25,0.07574256,0.00816264
5354.5,0.08050968,0.01002888
5354.75,0.0770202,0.0095094
5355,0.07765632,0.01109808
5355.25,0.07100784,0.0114048
5355.5,0.06020784,0.00975456
5355.75,0.07604172,0.00883656
5356,0.07240968,0.0092178
5356.25,0.0682614,0.00974052
5356.5,0.07405128,0.00977076
5356.75,0.07120332,0.00968976
5357,0.07255116,0.01021788
5357.25,0.06848712,0.00898992
5357.5,0.07343568,0.00834192
5357.75,0.0663768,0.00833652
5358,0.07544124,0.01031292
5358.25,0.0803412,0.00784188
5358.5,0.09577872,0.00620892
5358.75,0.08286948,0.00394632
5359,0.0963954,0.00338796
5359.25,0.07378992,0.00280044
5359.5,0.1095768,0.00605448
5359.75,0.17262936,0.01004076
5360,0.15250788,0.00460728
5360.25,0.19632564,0.0077112
5360.5,0.19719936,0.00188136
5360.75,0.173313,0.00478008
5361,0.19668744,0.0036936
5361.25,0.2831382,0.01279368
5361.5,0.2290302,0.00253152
5361.75,0.29057724,0.01123848
5362,0.28571832,0.01077948
5362.25,0.30761856,0.00760104
5362.5,0.22572324,0.00574884
5362.75,0.17449668,0.00610308
5363,0.21311208,0.00813564
5363.25,0.20987532,0.00696492
5363.5,0.2440962,0.00776628
5363.75,0.22494672,0.01023408
5364,0.21286584,0.00968976
5364.25,0.13646016,0.0089586
5364.5,0.19069884,0.01725516
5364.75,0.17023716,0.0058914
5365,0.22492188,0.01386288
5365.25,0.16888608,0.00847908
5365.5,0.17637372,0.00577368
5365.75,0.18627084,0.00501444
5366,0.20940228,0.00947484
5366.25,0.21681864,0.00491832
5366.5,0.15675768,0.00144072
5366.75,0.1856898,0.00267516
5367,0.16277328,0.00388152
5367.25,0.17895168,-0.0015714
5367.5,0.13032684,0.00514728
5367.75,0.1714878,0.00345816
5368,0.16039944,0.00220536
5368.25,0.14026932,0.00237168
5368.5,0.1839942,0.00411372
5368.75,0.16274844,0.00322164
5369,0.2054484,0.00696168
5369.25,0.13155264,-6.696e-05
5369.5,0.14538528,0.00225072
5369.75,0.15002928,0.00703728
5370,-0.02414556,0.00670572
5370.25,0.11404368,0.01326024
5370.5,0.18040536,0.00454788
5370.75,0.14328576,0.00843048
5371,0.18875376,0.01599696
5371.25,0.08795952,0.00974484
5371.5,-0.00887976,0.00117504
5371.75,0.22652352,0.00273456
5372,0.18213768,0.0053136
5372.25,0.22801176,0.00218484
5372.5,0.17550216,0.00018684
5372.75,0.1868076,0.00389556
5373,0.16919928,0.00047304
5373.25,0.1332396,-0.00050544
5373.5,0.1341144,0.00362124
5373.75,0.16941744,0.00662472
5374,0.11350152,0.00110052
5374.25,0.12264048,0.00631476
5374.5,0.10254924,0.0057078
5374.75,0.079083,0.00654372
5375,0.0743634,0.00578772
5375.25,0.07531812,0.00791748
5375.5,0.07490664,0.00695304
5375.75,0.08431884,0.00618516
5376,0.08075268,0.0066906
5376.25,0.08104212,0.008748
5376.5,0.07986492,0.00547992
5376.75,0.08012628,0.00678348
5377,0.07337844,0.00762912
5377.25,0.0799092,0.009315
5377.5,0.08623908,0.00951912
5377.75,0.0925506,0.00956016
5378,0.08155944,0.01053
5378.25,0.09442764,0.01044468
5378.5,0.080838,0.00842292
5378.75,0.08185752,0.00615492
5379,0.07356312,0.0069768
5379.25,0.06891156,0.00699192
5379.5,0.0759402,0.00507924
5379.75,0.07752132,0.00572184
5380,0.08551332,0.00600804
5380.25,0.06712956,0.00608472
5380.5,0.08724132,0.006426
5380.75,0.07394652,0.0059292
5381,0.08259084,0.00521424
5381.25,0.07804836,0.00662796
5381.5,0.07470576,0.00723708
5381.75,0.08813556,0.00393444
5382,0.07481484,0.0052704
5382.25,0.07514316,0.00360396
5382.5,0.0723492,0.00259956
5382.75,0.09401832,0.00229932
5383,0.061857,0.00140508
5383.25,0.07673616,0.0012636
5383.5,0.08849088,0.00134136
5383.75,0.1482894,0.00381456
5384,0.1015146,0.00356076
5384.25,0.15472512,0.00277992
5384.5,0.13471056,0.0019872
5384.75,0.21363156,0.00518832
5385,0.23247108,0.00735588
5385.25,0.19171836,0.00605772
5385.5,0.22367556,0.01058616
5385.75,0.17967528,0.00750384
5386,0.23970492,0.0182844
5386.25,0.18243792,0.01182708
5386.5,0.13383684,0.00629532
5386.75,0.14538852,0.0082674
5387,0.1523988,0.00907308
5387.25,0.20355192,0.01418688
5387.5,0.1788696,0.00798228
5387.75,0.15159312,0.00509112
5388,0.19595088,0.00914652
5388.25,0.20374956,0.00545184
5388.5,0.17950356,0.0043686
5388.75,0.14367996,0.00503712
5389,0.1682748,0.0085482
5389.25,0.17601408,0.01003644
5389.5,0.22818672,0.01223964
5389.75,0.21137652,0.00649188
5390,0.19352196,0.00458028
5390.25,0.17820108,0.00191592
5390.5,0.18803556,0.0003456
5390.75,0.23325732,0.00186516
5391,0.204066,0.00520776
5391.25,0.20758464,0.00216972
5391.5,0.21217248,0.0056484
5391.75,0.17271792,0.00192564
5392,0.11633868,0.00101412
5392.25,0.19152072,0.0016956
5392.5,0.18657432,0.00064368
5392.75,0.12619584,0.002241
5393,0.12138336,0.00031536
5393.25,0.15814332,0.00114156
5393.5,0.16193952,0.00927288
5393.75,0.11294964,0.00259848
5394,0.16901676,0.00510516
5394.25,0.14755284,0.00511056
5394.5,0.19119564,0.01543644
5394.75,0.08929548,0.00150012
5395,0.0864432,0.00224316
5395.25,0.16671636,0.00472824
5395.5,0.19711188,0.00783108
5395.75,0.21364884,0.0068796
5396,0.15174324,0.00257472
5396.25,0.16627572,0.00513216
5396.5,0.13179024,0.00316872
5396.75,0.2026998,0.00856764
5397,0.13543524,0.0092016
5397.25,0.10670724,0.00921132
5397.5,0.12777912,0.00430812
5397.75,0.11293236,0.00936036
5398,0.08895528,0.01122444
5398.25,0.09651528,0.00749952
5398.5,0.08441712,0.0061236
5398.75,0.07373484,0.01147608
5399,0.05982552,0.01347516
5399.25,0.06069276,0.0041148
5399.5,0.0707778,0.00409212
5399.75,0.06212268,0.00416124
5400,0.06039684,0.00335988
5400.25,0.06886404,0.0026028
5400.5,0.06053184,0.0030186
5400.75,0.0545616,0.00273888
5401,0.07003152,0.00498528
5401.25,0.0704916,0.00488592
5401.5,0.06433884,0.00376596
5401.75,0.0702432,0.00437292
5402,0.07248096,0.00441612
5402.25,0.0770148,0.00517644
5402.5,0.07144524,0.00722628
5402.75,0.06549228,0.00557604
5403,0.0637416,0.00663444
5403.25,0.06120468,0.00458568
5403.5,0.0739152,0.00548532
5403.75,0.06909084,0.00608472
5404,0.06605172,0.00489888
5404.25,0.07027884,0.0035748
5404.5,0.06116904,0.00357264
5404.75,0.06942996,0.00399492
5405,0.06938892,0.00570672
5405.25,0.0623592,0.00669276
5405.5,0.07670052,0.00718524
5405.75,0.07301124,0.00783324
5406,0.07287624,0.00520776
5406.25,0.06937596,0.00470124
5406.5,0.07253064,0.00662256
5406.75,0.0852822,0.00442368
5407,0.06583464,0.00971676
5407.25,0.0788724,0.0056754
5407.5,0.10262376,0.0079218
5407.75,0.12576168,0.0052974
5408,0.13515876,0.00460404
5408.25,0.1347624,0.00495072
5408.5,0.14318748,0.00810648
5408.75,0.1911816,0.00333504
5409,0.21003084,0.00550584
5409.25,0.23161248,0.0037098
5409.5,0.19922004,0.00754056
5409.75,0.18784008,0.01050516
5410,0.2043522,0.006615
5410.25,0.24153012,0.00919404
5410.5,0.23803632,0.00850284
5410.75,0.19724688,0.00559332
5411,0.21637692,0.00901584
5411.25,0.21986424,0.0076356
5411.5,0.25062264,0.00964008
5411.75,0.1943838,0.01171908
5412,0.21127176,0.0064152
5412.25,0.169479,0.00907416
5412.5,0.16350228,0.00930852
5412.75,0.24138216,0.02843424
5413,0.18676548,0.01717092
5413.25,0.17497512,0.02112156
5413.5,0.24303132,0.02326644
5413.75,0.24812676,0.01591488
5414,0.2578176,0.01355292
5414.25,0.1636956,0.00566892
5414.5,0.21774312,0.0082458
5414.75,0.2728458,0.00950724
5415,0.27290844,0.01227852
5415.25,0.2150766,0.0102708
5415.5,0.18312696,0.00566568
5415.75,0.17790192,0.00494424
5416,0.2382318,0.00553932
5416.25,0.27525096,0.0125172
5416.5,0.2439126,0.00785268
5416.75,0.22565628,0.00979236
5417,0.11912832,0.00084996
5417.25,0.25303104,0.00941976
5417.5,0.21628296,0.00372276
5417.75,0.14262696,0.00870804
5418,0.18656136,0.01007532
5418.25,0.19098504,0.00769176
5418.5,0.22411836,0.0117612
5418.75,0.21250404,0.00717552
5419,0.23196996,0.00850608
5419.25,0.30922776,0.00840024
5419.5,0.22974516,0.00052488
5419.75,0.20919924,0.00104436
5420,0.2583306,0.00617004
5420.25,0.27539244,0.00647892
5420.5,0.30887028,0.01780704
5420.75,0.17590824,0.0047466
5421,0.18847728,0.00647568
5421.25,0.17185932,0.000162
5421.5,0.14104044,0.00242784
5421.75,0.15984,0.00246996
5422,0.08821224,0.00656856
5422.25,0.09864612,0.0030348
5422.5,0.08991108,0.0058212
5422.75,0.07848684,0.00690768
5423,0.06628284,0.0093528
5423.25,0.06727212,0.00954288
5423.5,0.07135236,0.00748224
5423.75,0.07273368,0.00326052
5424,0.0611604,0.00380052
5424.25,0.06668352,0.00356508
5424.5,0.06361632,0.00368172
5424.75,0.0654966,0.0028836
5425,0.07174008,0.00213624
5425.25,0.0657828,0.00245052
5425.5,0.06687576,0.0026028
5425.75,0.07294752,0.00500364
5426,0.07880004,0.00413748
5426.25,0.0841914,0.00413856
5426.5,0.06811128,0.00417744
5426.75,0.0761832,0.00351108
5427,0.08628876,0.00525096
5427.25,0.08004744,0.00654264
5427.5,0.0752598,0.00349272
5427.75,0.08608464,0.00632988
5428,0.06506352,0.00548316
5428.25,0.08843688,0.0083106
5428.5,0.07120548,0.00446256
5428.75,0.06341436,0.00493776
5429,0.06972804,0.00441936
5429.25,0.06818688,0.0019602
5429.5,0.06994944,0.00266112
5429.75,0.0731106,0.00194832
5430,0.07596936,0.00268056
5430.25,0.07125624,0.002781
5430.5,0.0730296,0.00504576
5430.75,0.06124032,0.00354456
5431,0.07371756,0.00157032
5431.25,0.06112368,0.00246996
5431.5,0.06821712,0.0059022
5431.75,0.05106348,0.004833
5432,0.04451652,0.00089532
5432.25,0.04083588,0.0009072
5432.5,0.04974696,0.0005994
5432.75,0.0503766,0.00189756
5433,0.06120684,0.00112752
5433.25,0.0518292,0.00052812
5433.5,0.066474,0.00136512
5433.75,0.0543456,0.00141048
5434,0.05076,0.00047736
5434.25,0.05258412,0.00097308
5434.5,0.04489992,-0.00012528
5434.75,0.04419252,-0.00013932
5435,0.04043736,3.78e-05
5435.25,0.05379372,0.00085644
5435.5,0.04691736,0.00073872
5435.75,0.10065384,0.00285012
5436,0.05419116,0.00203256
5436.25,0.04385448,0.00121716
5436.5,0.04858272,0.00146664
5436.75,0.05102676,0.0012366
5437,0.03775356,0.00082404
5437.25,0.06621372,0.00175176
5437.5,0.07051968,0.00292896
5437.75,0.05152248,0.00368604
5438,0.04999212,0.00342684
5438.25,0.0592596,0.00195048
5438.5,0.06830676,0.00342576
5438.75,0.04619376,0.00178416
5439,0.06002208,0.0032778
5439.25,0.04194936,0.00224748
5439.5,0.04740336,0.00371088
5439.75,0.05588352,0.00265356
5440,0.0510786,0.0017496
5440.25,0.05507136,0.0019008
5440.5,0.05351724,0.00095256
5440.75,0.0535086,0.00106488
5441,0.04965948,0.00085752
5441.25,0.05159268,0.00166212
5441.5,0.0656262,0.00396144
5441.75,0.0359586,0.0005886
5442,0.05102784,0.00140184
5442.25,0.07045704,0.0021924
5442.5,0.06010524,0.0020358
5442.75,0.0632718,0.00429948
5443,0.0831708,0.00573048
5443.25,0.06334632,0.00449712
5443.5,0.05856084,0.00408024
5443.75,0.05685552,0.00651888
5444,0.07365276,0.00796824
5444.25,0.06966216,0.01227744
5444.5,0.06147684,0.00656964
5444.75,0.08041032,0.012285
5445,0.06577524,0.010827
5445.25,0.05806836,0.00564084
5445.5,0.06463476,0.0080244
5445.75,0.06727212,0.0048762
5446,0.056511,0.00108216
5446.25,0.076761,0.00249588
5446.5,0.0677322,0.00182088
5446.75,0.06148872,0.00342252
5447,0.06840936,0.0063018
5447.25,0.07304796,0.00635688
5447.5,0.06983388,0.01022112
5447.75,0.07569828,0.00268272
5448,0.07109532,0.0019494
5448.25,0.06569532,0.00212112
5448.5,0.06249096,0.00292788
5448.75,0.072603,0.00245376
5449,0.0656748,0.0041418
5449.25,0.0706752,0.00299052
5449.5,0.06990408,0.00474768
5449.75,0.06619212,0.0048438
5450,0.06554196,0.00430596
5450.25,0.07600716,0.00508356
5450.5,0.0714042,0.00468396
5450.75,0.06712308,0.004644
5451,0.06684552,0.00530712
5451.25,0.07096464,0.00511812
5451.5,0.07435476,0.00454896
5451.75,0.0791478,0.00398736
5452,0.06995268,0.00397116
5452.25,0.0689472,0.00418392
5452.5,0.0721926,0.00304344
5452.75,0.05612436,0.00257904
5453,0.0680454,0.0050274
5453.25,0.05369976,0.00459432
5453.5,0.0658584,0.00440964
5453.75,0.05940216,0.00303804
5454,0.07350048,0.00227664
5454.25,0.06984576,0.00273564
5454.5,0.06232572,0.00426168
5454.75,0.0873828,0.0043956
5455,0.0600966,0.00091152
5455.25,0.08174952,0.00058428
5455.5,0.05491692,0.00082512
5455.75,0.05034852,0.00072144
5456,0.04083372,0.00047304
5456.25,0.03953124,0.00109728
5456.5,0.04848768,0.00127224
5456.75,0.04661712,0.00135432
5457,0.05115312,0.00113832
5457.25,0.04622724,0.002079
5457.5,0.04839696,0.00267624
5457.75,0.04389984,0.00323676
5458,0.0472068,0.00271296
5458.25,0.0563652,0.00200016
5458.5,0.02954232,0.00130572
5458.75,0.03471876,0.00086508
5459,0.05720004,0.00384696
5459.25,0.0511056,0.0028944
5459.5,0.04515264,0.00159948
5459.75,0.05260248,0.00286308
5460,0.0717444,0.00444204
5460.25,0.05520744,0.00296352
5460.5,0.06881868,0.0049788
5460.75,0.05039928,0.00447876
5461,0.0403596,0.00381672
5461.25,0.03136104,0.00279396
5461.5,0.04821228,0.00328104
5461.75,0.04717008,0.00411588
5462,0.0480222,0.00200772
5462.25,0.052164,0.00309204
5462.5,0.04954824,0.00226368
5462.75,0.04421736,0.00237708
5463,0.04530924,0.00189108
5463.25,0.05493312,0.001485
5463.5,0.03785832,0.000891
5463.75,0.03631176,0.0005886
5464,0.03681504,0.00194292
5464.25,0.05038956,0.00893808
5464.5,0.04186188,0.00421848
5464.75,0.04654152,0.00409104
5465,0.05263164,0.00468828
5465.25,0.05818824,0.00370548
5465.5,0.04868748,0.0057888
5465.75,0.04931604,0.00252072
5466,0.0564786,0.00427572
5466.25,0.05861916,0.00379512
5466.5,0.05690736,0.00303696
5466.75,0.0643248,0.00388476
5467,0.06359364,0.0034182
5467.25,0.0618516,0.00291276
5467.5,0.06704748,0.00691848
5467.75,0.06969024,0.00575856
5468,0.0668196,0.00588276
5468.25,0.05615784,0.00794772
5468.5,0.07724052,0.004752
5468.75,0.0730674,0.00289008
5469,0.07782048,0.00438588
5469.25,0.06575148,0.00416988
5469.5,0.05288544,0.00421416
5469.75,0.0644598,0.00459648
5470,0.05784048,0.00369144
5470.25,0.0662472,0.00527688
5470.5,0.06415524,0.00403812
5470.75,0.06938784,0.00388908
5471,0.08408232,0.00617112
5471.25,0.07205112,0.00284148
5471.5,0.06712092,0.0029376
5471.75,0.0734184,0.0042714
5472,0.07087392,0.00306612
5472.25,0.06615756,0.00471744
5472.5,0.06151572,0.00360828
5472.75,0.069768,0.00497232
5473,0.0760158,0.00530604
5473.25,0.07317108,0.00690228
5473.5,0.07859052,0.00782568
5473.75,0.0659988,0.00475632
5474,0.06443712,0.00704808
5474.25,0.06547716,0.0081324
5474.5,0.06631308,0.01012608
5474.75,0.06730344,0.00897804
5475,0.06935328,0.01145988
5475.25,0.06786072,0.00906228
5475.5,0.06438312,0.01057968
5475.75,0.06102216,0.00897588
5476,0.06265836,0.01074816
5476.25,0.05836968,0.00730296
5476.5,0.06424488,0.01199664
5476.75,0.06649344,0.01022436
5477,0.06623532,0.00980856
5477.25,0.06413256,0.00996948
5477.5,0.06988248,0.01193076
5477.75,0.0750492,0.00874476
5478,0.07216992,0.010071
5478.25,0.06522336,0.00921348
5478.5,0.06795036,0.00883656
5478.75,0.0596484,0.00724464
5479,0.04783212,0.00711828
5479.25,0.06551496,0.01096524
5479.5,0.05032476,0.00711396
5479.75,0.05184864,0.00896832
5480,0.04861188,0.00774684
5480.25,0.03820824,0.00610308
5480.5,0.04267296,0.00540432
5480.75,0.03287628,0.005427
5481,0.0510948,0.00508032
5481.25,0.05185836,0.00386748
5481.5,0.04460292,0.00399708
5481.75,0.05781456,0.00374004
5482,0.04441608,0.0035586
5482.25,0.03972456,0.0032724
5482.5,0.03580848,0.00252288
5482.75,0.03285576,0.00389016
5483,0.05030532,0.00387612
5483.25,0.03500064,0.00257256
5483.5,0.06425568,0.00328104
5483.75,0.04887,0.00187704
5484,0.06925932,0.00623376
5484.25,0.04320324,0.00327996
5484.5,0.040095,0.00228528
5484.75,0.04956336,0.0035262
5485,0.03283632,0.00333288
5485.25,0.0263142,0.00322812
5485.5,0.03340008,0.00392688
5485.75,0.03744684,0.0031374
5486,0.04391172,0.0041148
5486.25,0.04265892,0.00396684
5486.5,0.0463104,0.00491508
5486.75,0.0418824,0.00539568
5487,0.05302152,0.0070686
5487.25,0.04847256,0.00343116
5487.5,0.03641868,0.00398628
5487.75,0.04278744,0.00634932
5488,0.04829112,0.00397332
5488.25,0.05092848,0.00581148
5488.5,0.05069412,0.00234684
5488.75,0.04951152,0.00252504
5489,0.03703428,0.00205956
5489.25,0.04442148,0.00233604
5489.5,0.05762124,0.00294624
5489.75,0.05296968,0.00587412
5490,0.04302612,0.00355536
5490.25,0.04624776,0.00615708
5490.5,0.05117256,0.00432432
5490.75,0.06937056,0.0045792
5491,0.07159428,0.00450036
5491.25,0.0629532,0.00302292
5491.5,0.07968024,0.00458244
5491.75,0.06628932,0.00436752
5492,0.06498036,0.00681588
5492.25,0.06921396,0.00693792
5492.5,0.059616,0.00557604
5492.75,0.05104728,0.0043146
5493,0.05929092,0.00976104
5493.25,0.05849604,0.00916704
5493.5,0.05669028,0.0080406
5493.75,0.05047812,0.00680616
5494,0.06325776,0.00719928
5494.25,0.06637896,0.01036152
5494.5,0.05787288,0.01440504
5494.75,0.0492858,0.007101
5495,0.06149304,0.00324972
5495.25,0.06678612,0.0036666
5495.5,0.05794956,0.00418932
5495.75,0.06169068,0.00437724
5496,0.0598914,0.00593244
5496.25,0.06362388,0.00683424
5496.5,0.05576364,0.0066852
5496.75,0.06134184,0.00739476
5497,0.0540594,0.00734184
5497.25,0.0576126,0.00871884
5497.5,0.06490476,0.00718956
5497.75,0.06533244,0.00704808
5498,0.0620406,0.0068904
5498.25,0.05850792,0.00802764
5498.5,0.06497064,0.00756756
5498.75,0.06096816,0.00574884
5499,0.07075296,0.00601884
5499.25,0.05888268,0.00853632
5499.5,0.06319836,0.00630612
5499.75,0.0615654,0.00744552
5500,0.05583708,0.00429192
5500.25,0.06029424,0.00853416
5500.5,0.05604768,0.0064476
5500.75,0.05848416,0.004779
5501,0.04979232,0.00652428
5501.25,0.05680908,0.0085104
5501.5,0.07179624,0.00874368
5501.75,0.060615,0.00517752
5502,0.06361416,0.00448416
5502.25,0.06971508,0.00507168
5502.5,0.05871528,0.00227988
5502.75,0.07266672,0.00245484
5503,0.08234892,0.00248508
5503.25,0.07278228,0.0007344
5503.5,0.09951768,0.00260604
5503.75,0.14199192,0.00568836
5504,0.13301496,0.00526932
5504.25,0.13622148,0.00628668
5504.5,0.15350364,0.00911304
5504.75,0.17630676,0.00571428
5505,0.2409318,0.00209412
5505.25,0.20226996,0.00246888
5505.5,0.21697524,0.00313956
5505.75,0.19949004,0.00320868
5506,0.22578156,0.00503172
5506.25,0.23210388,0.01037772
5506.5,0.1958094,0.00048168
5506.75,0.18702252,0.00501984
5507,0.18938448,0.00177768
5507.25,0.20366316,0.00312876
5507.5,0.2434158,0.0073656
5507.75,0.19340424,0.01519884
5508,0.20301408,0.01472688
5508.25,0.19493352,0.00847368
5508.5,0.18215064,0.00676728
5508.75,0.18496836,0.00687636
5509,0.25924644,0.02606256
5509.25,0.17828964,0.012096
5509.5,0.19598328,0.00563976
5509.75,0.18893952,0.00424656
5510,0.20512548,0.00649836
5510.25,0.22125204,0.00566136
5510.5,0.20202912,0.006534
5510.75,0.20223972,0.01051164
5511,0.218673,0.00283176
5511.25,0.23936688,0.0017604
5511.5,0.21526884,0.00335016
5511.75,0.1278612,0.00236412
5512,0.17473752,0.00378
5512.25,0.18761976,0.0038016
5512.5,0.15258024,0.00299052
5512.75,0.16055712,0.00215892
5513,0.13270176,0.0013446
5513.25,0.11183184,0.00149472
5513.5,0.17150832,0.00325512
5513.75,0.13246632,0.00354132
5514,0.15465924,0.0050868
5514.25,0.14029524,0.00341064
5514.5,0.10867716,0.0034884
5514.75,0.185706,0.01366308
5515,0.15657732,0.0061884
5515.25,0.19431468,0.00735588
5515.5,0.06443928,0.00181548
5515.75,0.18073368,0.00509436
5516,0.10020888,0.00351756
5516.25,0.10395,0.00847044
5516.5,0.08923068,0.00497448
5516.75,0.06920856,0.00562032
5517,0.15494328,0.00153252
5517.25,0.16111764,0.00877932
5517.5,0.10076292,0.00902664
5517.75,0.11166876,0.00653184
5518,0.1100844,0.00855684
5518.25,0.09521928,0.0062208
5518.5,0.086886,0.00377028
5518.75,0.06787476,0.00694008
5519,0.07606008,0.00729108
5519.25,0.06532164,0.0117666
5519.5,0.06599016,0.00832356
5519.75,0.06490044,0.00678348
5520,0.06633252,0.00932796
5520.25,0.077976,0.0068742
5520.5,0.0609066,0.00754596
5520.75,0.06770196,0.00650484
5521,0.06351912,0.00879012
5521.25,0.07735608,0.008343
5521.5,0.06595992,0.0076626
5521.75,0.07240212,0.00922968
5522,0.08349912,0.01067472
5522.25,0.0756054,0.00971676
5522.5,0.08780724,0.0125928
5522.75,0.07798572,0.01281636
5523,0.08435448,0.01183356
5523.25,0.08741088,0.01288116
5523.5,0.08805564,0.01080324
5523.75,0.093825,0.01024596
5524,0.06724404,0.0095256
5524.25,0.07840476,0.0137538
5524.5,0.06736716,0.01079244
5524.75,0.0701136,0.00776844
5525,0.0580662,0.01057752
5525.25,0.0697842,0.0106164
5525.5,0.07944264,0.01184976
5525.75,0.0777816,0.01037016
5526,0.08648208,0.01062396
5526.25,0.0929448,0.01193616
5526.5,0.07480512,0.00756216
5526.75,0.09832104,0.00768744
5527,0.066015,0.01820556
5527.25,0.11427264,0.01159704
5527.5,0.1224396,0.00961416
5527.75,0.10723536,0.00805896
5528,0.10663704,0.0142236
5528.25,0.15758064,0.0224046
5528.5,0.16430904,0.01874556
5528.75,0.15878376,0.01593108
5529,0.22276512,0.00549396
5529.25,0.20570976,0.00634932
5529.5,0.20205936,0.0033588
5529.75,0.184626,0.00842184
5530,0.14855724,0.00888624
5530.25,0.24140808,0.0117504
5530.5,0.21325032,0.01627668
5530.75,0.24873156,0.00775872
5531,0.19845648,0.01504764
5531.25,0.19193436,0.01619568
5531.5,0.19371852,0.01213056
5531.75,0.22079196,0.01606284
5532,0.24580476,0.0220374
5532.25,0.20933208,0.01453896
5532.5,0.21189276,0.0152172
5532.75,0.19134468,0.01268028
5533,0.15078204,0.012825
5533.25,0.20273004,0.0103194
5533.5,0.2110752,0.01358856
5533.75,0.1874988,0.00732348
5534,0.20166408,0.00592812
5534.25,0.25129764,0.00412452
5534.5,0.19075716,0.00417204
5534.75,0.29404188,0.0077058
5535,0.32176656,0.01104084
5535.25,0.1884708,0.0058212
5535.5,0.2277504,0.00308772
5535.75,0.1885734,0.00252612
5536,0.19908936,0.00367632
5536.25,0.21006108,0.00550476
5536.5,0.13320828,0.00448308
5536.75,0.1563786,0.00361044
5537,0.09849816,0.00081972
5537.25,0.17863524,0.00501876
5537.5,0.12792276,0.00427248
5537.75,0.18889632,0.00764424
5538,0.15196356,0.00781704
5538.25,0.15008436,0.00357588
5538.5,0.14191308,0.00231552
5538.75,0.21577212,0.01150092
5539,0.24171264,0.015174
5539.25,0.24597432,0.01793664
5539.5,0.11193768,0.0072306
5539.75,0.22779684,0.00820476
5540,0.2002374,0.00855792
5540.25,0.14663592,0.00951696
5540.5,0.15029172,0.01359504
5540.75,0.12429828,0.01190052
5541,0.18348768,0.01082376
5541.25,0.18158688,0.010206
5541.5,0.16759872,0.0126036
5541.75,0.1208952,0.01107324
5542,0.08780076,0.0152982
5542.25,0.14087952,0.01232388
5542.5,0.09354312,0.01381968
5542.75,0.08949852,0.0111564
5543,0.08295372,0.007857
5543.25,0.0740394,0.00907416
5543.5,0.06792768,0.00809784
5543.75,0.06904008,0.00992952
5544,0.06743304,0.01023192
5544.25,0.077706,0.00659232
5544.5,0.0634554,0.00600048
5544.75,0.06797952,0.00564516
5545,0.06068628,0.00608148
5545.25,0.06769656,0.0075816
5545.5,0.07070328,0.0080136
5545.75,0.06217668,0.00951912
5546,0.06559488,0.01032804
5546.25,0.06601824,0.00887976
5546.5,0.0680076,0.01126224
5546.75,0.07218936,0.01095012
5547,0.0752706,0.00625428
5547.25,0.07416468,0.00834192
5547.5,0.06746112,0.01020924
5547.75,0.06653448,0.00710208
5548,0.072063,0.00999216
5548.25,0.06720624,0.01026324
5548.5,0.06574284,0.01240704
5548.75,0.07488612,0.01128924
5549,0.07305552,0.00719496
5549.25,0.06786396,0.00965196
5549.5,0.06850764,0.00935928
5549.75,0.0794502,0.01200852
5550,0.0701568,0.0092178
5550.25,0.06782724,0.00634824
5550.5,0.07665408,0.00816264
5550.75,0.08254224,0.00621432
5551,0.06597504,0.00583524
5551.25,0.0618084,0.00258444
5551.5,0.06392952,0.00237924
5551.75,0.11826972,0.0036882
5552,0.11825352,0.0045414
5552.25,0.11494116,0.00411264
5552.5,0.13561128,0.00234144
5552.75,0.15277464,0.00243
5553,0.138861,0.00167076
5553.25,0.14652792,0.00254772
5553.5,0.20638368,0.00294192
5553.75,0.20008404,0.00230364
5554,0.18993636,0.00182952
5554.25,0.19264716,0.00286092
5554.5,0.13654008,0.00378108
5554.75,0.1590786,0.0047142
5555,0.17306784,0.00651132
5555.25,0.1286712,0.00248292
5555.5,0.14212368,0.00811296
5555.75,0.16730388,0.00848448
5556,0.19068372,0.01853388
5556.25,0.17893008,0.01095012
5556.5,0.15042996,0.00688932
5556.75,0.1675728,0.00661824
5557,0.22051332,0.01714284
5557.25,0.132543,0.00430272
5557.5,0.20775204,0.00449604
5557.75,0.21370176,0.00596052
5558,0.1537272,0.00010044
5558.25,0.19060272,0.00382752
5558.5,0.16499808,0.00068148
5558.75,0.20740212,0.0022302
5559,0.18551376,0.00126468
5559.25,0.28201068,0.00455544
5559.5,0.12618396,7.776e-05
5559.75,0.10465416,6.048e-05
5560,0.1562382,0.00057132
5560.25,0.15208128,0.00018684
5560.5,0.17400528,-0.00108648
5560.75,0.13083228,0.0001404
5561,0.12877164,0.00033912
5561.25,0.1599966,0.0019008
5561.5,0.11130264,0.00324324
5561.75,0.19167948,0.00663768
5562,0.08506836,0.00073656
5562.25,0.15517764,0.010341
5562.5,0.17470728,0.0083646
5562.75,0.15769296,0.00365904
5563,0.19654164,0.00878796
5563.25,0.20060244,0.0056376
5563.5,0.20161116,0.00655452
5563.75,0.10037196,0.00479304
5564,0.19509228,0.00298404
5564.25,0.2013714,0.0047952
5564.5,0.10362384,0.00677052
5564.75,0.08493984,0.00404028
5565,0.12600252,0.00925776
5565.25,0.12568176,0.00998676
5565.5,0.0677646,0.00660312
5565.75,0.11296692,0.00725328
5566,0.09931464,0.00565812
5566.25,0.0981288,0.00894996
5566.5,0.08976204,0.0081918
5566.75,0.07373376,0.01127196
5567,0.07550388,0.01016928
5567.25,0.06790608,0.01041552
5567.5,0.0812538,0.00646164
5567.75,0.07692408,0.00819504
5568,0.06932304,0.00873612
5568.25,0.0674622,0.00839592
5568.5,0.06772788,0.00921564
5568.75,0.06786072,0.0095634
5569,0.06708096,0.00878796
5569.25,0.06970644,0.01167588
5569.5,0.08343,0.00661176
5569.75,0.0736722,0.01181088
5570,0.08922744,0.0099306
5570.25,0.07513344,0.012015
5570.5,0.07686252,0.00826632
5570.75,0.06241644,0.01171908
5571,0.06312924,0.01147932
5571.25,0.08058528,0.01059912
5571.5,0.074655,0.00986688
5571.75,0.07557192,0.01224828
5572,0.07345836,0.01469664
5572.25,0.07432992,0.01083672
5572.5,0.06765552,0.01163592
5572.75,0.07572096,0.01309608
5573,0.0628344,0.01404972
5573.25,0.06060096,0.01709208
5573.5,0.07229196,0.01545048
5573.75,0.06911784,0.0114696
5574,0.05253336,0.01068768
5574.25,0.08296344,0.00725004
5574.5,0.0719982,0.00798012
5574.75,0.07143768,0.00695088
5575,0.07116876,0.0094932
5575.25,0.07672968,0.00415368
5575.5,0.07354152,0.0062424
5575.75,0.11210508,0.00794664
5576,0.11377044,0.0022464
5576.25,0.12514608,0.00440964
5576.5,0.13625928,0.00169776
5576.75,0.12105828,0.0002106
5577,0.11285784,0.00242568
5577.25,0.13193712,0.0014688
5577.5,0.18307512,0.00020088
5577.75,0.18349956,0.00274104
5578,0.19877832,0.0018144
5578.25,0.20696688,0.0103842
5578.5,0.16542792,0.00489456
5578.75,0.14519844,0.00268596
5579,0.17153532,0.00361152
5579.25,0.14720724,0.00039528
5579.5,0.13814064,9.504e-05
5579.75,0.14328036,0.00462564
5580,0.17355492,0.0020952
5580.25,0.15775236,0.0085266
5580.5,0.12579948,0.00708696
5580.75,0.13667292,0.00730296
5581,0.13041756,0.00704376
5581.25,0.11301876,0.01097928
5581.5,0.14685732,0.0077328
5581.75,0.18488844,0.00301752
5582,0.19131228,-0.00135324
5582.25,0.234414,-0.008856
5582.5,0.19594872,-0.00192456
5582.75,0.16275924,-0.00170316
5583,0.16564068,-0.00333828
5583.25,0.16220412,-0.00228204
5583.5,0.14193252,-0.00233388
5583.75,0.1243674,-0.00271296
5584,0.13722156,-0.00349488
5584.25,0.15363756,-0.0016902
5584.5,0.1596726,-0.00108
5584.75,0.15167088,-0.00080028
5585,0.15988968,-0.00110592
5585.25,0.15388704,-0.00019332
5585.5,0.14273064,2.376e-05
5585.75,0.10541988,0.00145692
5586,0.13261104,0.00355212
5586.25,0.13606488,0.00233388
5586.5,0.09143064,0.00150876
5586.75,0.15232752,0.00742716
5587,0.09802296,0.0048546
5587.25,0.18073044,0.00856548
5587.5,0.1787184,0.00756756
5587.75,0.20625408,0.009396
5588,0.11334276,0.00987768
5588.25,0.16474104,0.00539244
5588.5,0.17547192,0.01137996
5588.75,0.12602196,0.01028268
5589,0.12894768,0.00746496
5589.25,0.16778232,0.01225584
5589.5,0.16404012,0.01087452
5589.75,0.15222924,0.01033128
5590,0.10394244,0.0050922
5590.25,0.10026288,0.00803412
5590.5,0.0763182,0.0076626
5590.75,0.0700002,0.01107756
5591,0.06896556,0.00896724
5591.25,0.06921072,0.0109404
5591.5,0.06971508,0.01134108
5591.75,0.0867888,0.00888408
5592,0.0865782,0.00819936
5592.25,0.07914672,0.00798336
5592.5,0.08465148,0.00736452
5592.75,0.05882004,0.00611064
5593,0.0658044,0.00875448
5593.25,0.07248744,0.00979452
5593.5,0.0744606,0.00975888
5593.75,0.08739144,0.00820476
5594,0.06823764,0.01012284
5594.25,0.07522524,0.00589788
5594.5,0.07317324,0.0071118
5594.75,0.06583032,0.00759348
5595,0.0768636,0.00954504
5595.25,0.06877332,0.01131732
5595.5,0.06913944,0.007398
5595.75,0.0712044,0.00641952
5596,0.06302664,0.00663984
5596.25,0.06690276,0.00625752
5596.5,0.0514404,0.00556632
5596.75,0.06658092,0.00596808
5597,0.08067708,0.0086022
5597.25,0.07544772,0.00602748
5597.5,0.08264268,0.00953316
5597.75,0.07163208,0.00593676
5598,0.07422732,0.00768744
5598.25,0.08549496,0.00535032
5598.5,0.08209188,0.01063584
5598.75,0.09194688,0.00628884
5599,0.09635652,0.00693576
5599.25,0.09422892,0.00938736
5599.5,0.10290132,0.00720252
5599.75,0.06730776,0.00537624
5600,0.0737208,0.00369576
5600.25,0.14811876,0.00235332
5600.5,0.1455624,0.0023436
5600.75,0.13510152,0.00180036
5601,0.1340766,-0.00155196
5601.25,0.1504548,0.0009612
5601.5,0.17250408,0.00240084
5601.75,0.2196828,0.0038178
5602,0.17835444,0.00317088
5602.25,0.17216496,0.0008208
5602.5,0.21882636,0.00583848
5602.75,0.15315588,0.00070524
5603,0.13457772,0.00020196
5603.25,0.173988,0.00306828
5603.5,0.16975116,0.00249156
5603.75,0.13262292,0.00180576
5604,0.14541012,0.00622728
5604.25,0.13647852,0.00722736
5604.5,0.13040676,0.00214704
5604.75,0.16469568,0.0036774
5605,0.12109716,0.00439128
5605.25,0.12037464,0.00458244
5605.5,0.17696664,0.003672
5605.75,0.178443,0.00409104
5606,0.18527292,0.00293868
5606.25,0.20776824,0.00065556
5606.5,0.23476716,0.00103032
5606.75,0.15216876,0.0027108
5607,0.20816568,0.00314712
5607.25,0.1662714,0.00263196
5607.5,0.18063432,0.00128736
5607.75,0.18757332,0.00285552
5608,0.18540792,0.00599184
5608.25,0.18861552,0.00249372
5608.5,0.14825916,-0.00069012
5608.75,0.17286156,2.376e-05
5609,0.15145704,0.00288144
5609.25,0.13822272,0.00289116
5609.5,0.1397574,0.00165456
5609.75,0.11593476,0.00408348
5610,0.13480452,0.00746712
5610.25,0.14153292,0.00667548
5610.5,0.10509696,0.00305424
5610.75,0.175473,0.00550692
5611,0.1679454,0.0069984
5611.25,0.1001376,0.00330588
5611.5,0.10021536,0.00423576
5611.75,0.17241876,3.564e-05
5612,0.11429748,0.00698004
5612.25,0.12210912,0.0019386
5612.5,0.10654092,0.00432972
5612.75,0.18765108,0.00910332
5613,0.156087,0.0082404
5613.25,0.15131556,0.0088074
5613.5,0.11447244,0.00698544
5613.75,0.09590724,0.00463536
5614,0.080703,0.01034748
5614.25,0.08043624,0.00799524
5614.5,0.08266104,0.01261332
5614.75,0.08245152,0.01142424
5615,0.06679368,0.01448172
5615.25,0.08678664,0.0071064
5615.5,0.08023428,0.00950508
5615.75,0.07437852,0.01121904
5616,0.08371296,0.01067904
5616.25,0.08361468,0.00739908
5616.5,0.07903332,0.00942192
5616.75,0.07569612,0.01025244
5617,0.08583732,0.00950616
5617.25,0.07090308,0.01077408
5617.5,0.08438364,0.00932904
5617.75,0.09876384,0.01220616
5618,0.07183728,0.01258092
5618.25,0.07306848,0.01350864
5618.5,0.07764012,0.01257876
5618.75,0.07251336,0.01061856
5619,0.08021268,0.011259
5619.25,0.07755588,0.01162836
5619.5,0.07808184,0.01045548
5619.75,0.08135316,0.012096
5620,0.08131104,0.01330668
5620.25,0.09164664,0.01199448
5620.5,0.06899256,0.01256688
5620.75,0.081486,0.01045872
5621,0.07372944,0.0136836
5621.25,0.06912216,0.0134298
5621.5,0.07715736,0.01366092
5621.75,0.07986276,0.01265976
5622,0.08169876,0.01566648
5622.25,0.06323076,0.0097524
5622.5,0.07986384,0.01251072
5622.75,0.07274124,0.01133568
5623,0.06787152,0.00763344
5623.25,0.0633258,0.00816264
5623.5,0.07401996,0.00499608
5623.75,0.06763716,0.00651672
5624,0.04971348,0.00605232
5624.25,0.04440744,0.00589896
5624.5,0.04821768,0.0043254
5624.75,0.05018112,0.00477576
5625,0.07128108,0.00406944
5625.25,0.0718308,0.00571428
5625.5,0.07101864,0.00494964
5625.75,0.092259,0.007641
5626,0.07135128,0.00612576
5626.25,0.12334788,0.00617652
5626.5,0.0497826,0.00616356
5626.75,0.05930388,0.00486108
5627,0.06707232,0.0042498
5627.25,0.05673564,0.00549612
5627.5,0.06432372,0.00748332
5627.75,0.09152676,0.00800064
5628,0.05581656,0.00524772
5628.25,0.06679908,0.00841968
5628.5,0.0856116,0.0078246
5628.75,0.05539212,0.00604368
5629,0.08344188,0.00783324
5629.25,0.04463964,0.0083052
5629.5,0.06520068,0.0087426
5629.75,0.0636498,0.00628884
5630,0.05279904,0.00558576
5630.25,0.03859812,0.00425844
5630.5,0.10584324,0.00688716
5630.75,0.0590058,0.00452196
5631,0.06436692,0.00529956
5631.25,0.06596532,0.00412992
5631.5,0.0556308,0.00487944
5631.75,0.05679612,0.00335124
5632,0.05413824,0.00688716
5632.25,0.06869124,0.00606204
5632.5,0.0597402,0.00360504
5632.75,0.04857516,0.00225504
5633,0.0704106,0.00416124
5633.25,0.05209056,0.00443448
5633.5,0.06627096,0.01259388
5633.75,0.0843966,0.01260144
5634,0.07807752,0.0111456
5634.25,0.08235756,0.00822312
5634.5,0.0751248,0.00823392
5634.75,0.07230492,0.00755784
5635,0.06351156,0.00776952
5635.25,0.06160644,0.00728568
5635.5,0.06219612,0.00969084
5635.75,0.0700326,0.0121554
5636,0.08102592,0.01060884
5636.25,0.08857836,0.0125334
5636.5,0.08521848,0.01570752
5636.75,0.07839828,0.0148122
5637,0.06740496,0.00905472
5637.25,0.07309116,0.01438344
5637.5,0.06527088,0.00893484
5637.75,0.06046056,0.00969084
5638,0.0812214,0.01158084
5638.25,0.06510996,0.005427
5638.5,0.06101568,0.00346572
5638.75,0.06843528,0.00449388
5639,0.07454808,0.00521424
5639.25,0.07452432,0.00609552
5639.5,0.0766044,0.0067392
5639.75,0.0656964,0.0083916
5640,0.06797088,0.00484812
5640.25,0.07494444,0.00614304
5640.5,0.0682722,0.00774792
5640.75,0.06484428,0.00771984
5641,0.06466608,0.00885708
5641.25,0.06216048,0.00656964
5641.5,0.07148412,0.00798768
5641.75,0.069876,0.01032696
5642,0.06587784,0.01057968
5642.25,0.06362604,0.01148688
5642.5,0.06967404,0.01108404
5642.75,0.07033824,0.00933768
5643,0.07250472,0.00808272
5643.25,0.07074864,0.01068552
5643.5,0.06572448,0.00900828
5643.75,0.07262892,0.0125496
5644,0.06621912,0.01095876
5644.25,0.0677268,0.01004616
5644.5,0.05900256,0.00379728
5644.75,0.06262596,0.00324972
5645,0.070308,0.0041148
5645.25,0.0613602,0.00487404
5645.5,0.06701724,0.00431352
5645.75,0.07247988,0.00413964
5646,0.06273288,0.0036666
5646.25,0.06804756,0.00451764
5646.5,0.06559164,0.00239868
5646.75,0.055701,0.00277992
5647,0.05626584,0.00330912
5647.25,0.04868532,0.00384264
5647.5,0.04385664,0.00227448
5647.75,0.052137,0.0030078
5648,-0.00696816,0.00175392
5648.25,-0.00138024,0.00981936
5648.5,0.03711636,0.01389528
5648.75,0.0432162,0.01167372
5649,0.05179356,0.01183572
5649.25,0.05029776,0.0205362
5649.5,0.04008636,0.01204308
5649.75,0.06160968,0.0144234
5650,0.05307876,0.0130518
5650.25,0.04660416,0.01421604
5650.5,0.00372276,0.01140696
5650.75,-0.01878444,0.00319464
5651,0.05398164,0.00628344
5651.25,0.04016844,0.00485136
5651.5,0.04426164,0.00312444
5651.75,0.05516424,0.00263412
5652,0.04758156,0.0030024
5652.25,0.05249016,0.00312552
5652.5,0.0443664,0.00407376
5652.75,0.0325134,0.00315144
5653,0.02865888,0.003591
5653.25,0.03256416,0.00514512
5653.5,0.04070304,0.00450252
5653.75,0.04806324,0.00313848
5654,0.04300452,0.00401868
5654.25,0.04334148,0.00576072
5654.5,0.04992192,0.00477792
5654.75,0.04772304,0.00727704
5655,0.05724648,0.00761616
5655.25,0.06147576,0.00529092
5655.5,0.06432048,0.00856332
5655.75,0.04650048,0.00823392
5656,0.05049324,0.00820044
5656.25,0.0513972,0.00569808
5656.5,0.05941404,0.00607608
5656.75,0.04556196,0.00429732
5657,0.0587898,0.00447336
5657.25,0.05714388,0.00352944
5657.5,0.05080752,0.00362664
5657.75,0.05763852,0.00400788
5658,0.07845552,0.0047304
5658.25,0.06149628,0.001593
5658.5,0.06458616,0.00220644
5658.75,0.05299884,0.00435888
5659,0.07167312,0.00544644
5659.25,0.05890104,0.0017928
5659.5,0.06401592,0.00497772
5659.75,0.06335496,0.00484704
5660,0.06949476,0.00450792
5660.25,0.07552548,0.008721
5660.5,0.08260488,0.01082808
5660.75,0.08361684,0.00745632
5661,0.06924096,0.01148904
5661.25,0.08375292,0.00957636
5661.5,0.06995808,0.0068202
5661.75,0.06651288,0.0094662
5662,0.07438176,0.00775764
5662.25,0.06868584,0.00472068
5662.5,0.07030152,0.00342684
5662.75,0.07156512,0.00502848
5663,0.06748704,0.00543348
5663.25,0.06966,0.00894672
5663.5,0.06624396,0.00681696
5663.75,0.07259004,0.00911088
5664,0.06761664,0.00882468
5664.25,0.06759936,0.01012824
5664.5,0.06355368,0.00920052
5664.75,0.05961276,0.00900612
5665,0.06383988,0.00594324
5665.25,0.05952636,0.00775548
5665.5,0.07464744,0.00790128
5665.75,0.06731748,0.00759564
5666,0.07654716,0.0092664
5666.25,0.07083936,0.00726516
5666.5,0.07513236,0.0097038
5666.75,0.07996212,0.00626724
5667,0.06939216,0.00913572
5667.25,0.07104132,0.01032048
5667.5,0.06784992,0.01042524
5667.75,0.06786504,0.00794772
5668,0.06480108,0.00807192
5668.25,0.05886,0.00649836
5668.5,0.07527276,0.00789264
5668.75,0.05579388,0.00682992
5669,0.06975288,0.00536868
5669.25,0.07161804,0.00769068
5669.5,0.05754996,0.00602964
5669.75,0.06840828,0.00603504
5670,0.065178,0.00551556
5670.25,0.07941132,0.0046872
5670.5,0.07801272,0.00525744
5670.75,0.0677052,0.0032832
5671,0.09342756,0.00404892
5671.25,0.09072324,0.00294948
5671.5,0.13035276,0.00377892
5671.75,0.12101292,0.00216432
5672,0.15617556,0.00319032
5672.25,0.1600074,0.00323892
5672.5,0.20873808,0.00662688
5672.75,0.21777228,0.00587412
5673,0.20176344,0.00632448
5673.25,0.1651752,0.00781164
5673.5,0.19790568,0.00908496
5673.75,0.21112812,0.01313712
5674,0.25463484,0.0165888
5674.25,0.26662284,0.00781056
5674.5,0.20198484,0.00789696
5674.75,0.23089428,0.00421632
5675,0.21399768,0.00475848
5675.25,0.22182552,0.00497988
5675.5,0.21266388,0.01023408
5675.75,0.20077524,0.00462456
5676,0.18259668,0.0111834
5676.25,0.21785544,0.0092934
5676.5,0.17407224,0.01041228
5676.75,0.20977272,0.00658908
5677,0.1665468,0.00517644
5677.25,0.1675458,0.00508356
5677.5,0.20022444,0.00290196
5677.75,0.21099204,0.00601884
5678,0.23170968,0.00557604
5678.25,0.20942604,0.0052326
5678.5,0.19763892,0.00340524
5678.75,0.20761704,0.0060372
5679,0.20363724,0.00205308
5679.25,0.1961496,0.00439776
5679.5,0.20373228,0.00367524
5679.75,0.15673932,0.00137376
5680,0.1727082,0.0038286
5680.25,0.20562984,0.00609228
5680.5,0.15465168,0.0048384
5680.75,0.10236888,0.00129168
5681,0.13216284,0.0020412
5681.25,0.1219644,0.00691848
5681.5,0.17835552,0.00915948
5681.75,0.12339216,0.00510408
5682,0.16904052,0.00687204
5682.25,0.15021828,0.00947376
5682.5,0.13810068,0.00501228
5682.75,0.19123452,0.00787212
5683,0.11578032,0.00467532
5683.25,0.24459948,0.01211436
5683.5,0.21966552,0.00310932
5683.75,0.13597956,0.00825444
5684,0.14094432,0.00494748
5684.25,0.2339388,0.00790992
5684.5,0.18251028,0.00941544
5684.75,0.22729896,0.01238112
5685,0.13387248,0.00096768
5685.25,0.17443512,0.01331424
5685.5,0.11346372,0.00037368
5685.75,0.1622808,0.01274832
5686,0.13135068,0.018198
5686.25,0.08304876,0.00717876
5686.5,0.09130428,0.0036612
5686.75,0.07409124,0.01001592
5687,0.07235892,0.01211652
5687.25,0.071415,0.0093204
5687.5,0.0663228,0.00717876
5687.75,0.064908,0.00463968
5688,0.06623424,0.00479088
5688.25,0.06234948,0.00517428
5688.5,0.06712524,0.00520236
5688.75,0.05984496,0.00658476
5689,0.06645456,0.00728676
5689.25,0.05936112,0.00463428
5689.5,0.06491448,0.00605988
5689.75,0.0611496,0.00434376
5690,0.06306984,0.00439776
5690.25,0.05677452,0.00573264
5690.5,0.0624024,0.00728676
5690.75,0.05717844,0.00495504
5691,0.05852196,0.00674676
5691.25,0.05909004,0.006129
5691.5,0.05806512,0.00587736
5691.75,0.06531948,0.0078516
5692,0.05767632,0.00619272
5692.25,0.07074324,0.00623376
5692.5,0.06044976,0.0049302
5692.75,0.0502956,0.0047952
5693,0.0665442,0.0034884
5693.25,0.05928768,0.00605448
5693.5,0.06052428,0.00709776
5693.75,0.06180516,0.0063558
5694,0.06919992,0.00581256
5694.25,0.07631172,0.00466344
5694.5,0.06458616,0.00264708
5694.75,0.06983496,0.00213408
5695,0.05803272,0.00217944
5695.25,0.11235024,0.01005372
5695.5,0.12573684,0.01513188
5695.75,0.151605,0.01827684
5696,0.1239948,0.0090774
5696.25,0.1655424,0.00492264
5696.5,0.22255128,0.00908928
5696.75,0.22912308,0.0099576
5697,0.19044828,0.00758916
5697.25,0.23974164,0.00488916
5697.5,0.22215708,0.00892296
5697.75,0.23359536,0.0087642
5698,0.19622952,0.00836136
5698.25,0.22923432,0.01343304
5698.5,0.2554956,0.00790128
5698.75,0.1874826,0.00198396
5699,0.19908072,0.00836568
5699.25,0.19164816,0.01038312
5699.5,0.20865492,0.00720144
5699.75,0.17947548,0.01307448
5700,0.14775696,0.00685476
5700.25,0.20327436,0.01739664
5700.5,0.20871216,0.01666224
5700.75,0.21752388,0.00146556
5701,0.1641546,0.00773388
5701.25,0.18577188,0.00984744
5701.5,0.18524484,0.00616572
5701.75,0.2040876,0.00316872
5702,0.22922676,0.00484272
5702.25,0.200313,0.00352836
5702.5,0.198693,-0.00110052
5702.75,0.18758412,9.288e-05
5703,0.18927108,-0.00105192
5703.25,0.25603668,0.00252828
5703.5,0.1951992,-0.00097308
5703.75,0.15824916,0.00028296
5704,0.16334892,0.00180468
5704.25,0.21127824,-0.0005508
5704.5,0.19825344,0.0006264
5704.75,0.11501892,-9.612e-05
5705,0.15273144,-0.00058752
5705.25,0.16291584,0.00067608
5705.5,0.15969204,0.00285984
5705.75,0.2143422,0.00827712
5706,0.16051608,0.00365688
5706.25,0.13117896,0.001215
5706.5,0.19303596,0.00538056
5706.75,0.2452896,0.00974052
5707,0.28258956,0.01410804
5707.25,0.2081862,0.00442476
5707.5,0.25910064,0.01196748
5707.75,0.1777464,0.00331452
5708,0.17191224,0.00024408
5708.25,0.21186576,0.00379188
5708.5,0.16566984,0.00026676
5708.75,0.1857114,0.00335664
5709,0.17154612,0.00385992
5709.25,0.19713024,0.00642708
5709.5,0.1578582,0.00265896
5709.75,0.14641128,0.00863784
5710,0.0897858,0.00733536
5710.25,0.09278172,0.00362232
5710.5,0.08762472,0.00182304
5710.75,0.07602228,0.0096336
5711,0.06860052,0.012393
5711.25,0.07350156,0.01177524
5711.5,0.074034,0.00770904
5711.75,0.07150572,0.00520992
5712,0.07310952,0.00562356
5712.25,0.0618516,0.00610308
5712.5,0.07442388,0.00582876
5712.75,0.05995728,0.00769608
5713,0.0709236,0.00836892
5713.25,0.07609356,0.01163376
5713.5,0.06165936,0.01051812
5713.75,0.06561216,0.00926208
5714,0.06319728,0.01012824
5714.25,0.06153192,0.00984636
5714.5,0.07244316,0.0131598
5714.75,0.0600426,0.01060128
5715,0.07168608,0.00987552
5715.25,0.0743148,0.00788616
5715.5,0.06729696,0.00753948
5715.75,0.06044436,0.00994572
5716,0.06595344,0.00813672
5716.25,0.0599886,0.00829872
5716.5,0.0690012,0.00708696
5716.75,0.06298776,0.00818316
5717,0.061317,0.00836892
5717.25,0.06245532,0.00745524
5717.5,0.07304472,0.00872532
5717.75,0.07201116,0.01151064
5718,0.06534432,0.00642924
5718.25,0.0810378,0.00466236
5718.5,0.06764472,0.00491292
5718.75,0.06029316,0.00180792
5719,0.06627744,0.00221184
5719.25,0.07687548,0.00194508
5719.5,0.10550844,0.0022788
5719.75,0.10800648,0.00379404
5720,0.12214584,0.0046332
5720.25,0.14268528,0.00265032
5720.5,0.1115856,0.00212436
5720.75,0.17710488,0.00304344
5721,0.21130416,0.00712476
5721.25,0.20397204,0.0072738
5721.5,0.24851988,0.01116612
5721.75,0.1845612,0.00462132
5722,0.26100468,0.01626156
5722.25,0.17227836,0.00809028
5722.5,0.18367776,0.01025028
5722.75,0.12775536,0.00179712
5723,0.16600032,0.00568296
5723.25,0.14687892,0.00605988
5723.5,0.16249356,0.00624132
5723.75,0.17263152,0.00310608
5724,0.16465248,0.00301752
5724.25,0.2003508,0.00842076
5724.5,0.1805004,0.0050598
5724.75,0.193077,0.00510732
5725,0.13505508,0.00515916
5725.25,0.15273576,0.00696168
5725.5,0.15756444,0.00613656
5725.75,0.14351472,0.00100332
5726,0.18853668,0.00161676
5726.25,0.21713292,-0.0030618
5726.5,0.19717992,-0.00216972
5726.75,0.1930878,0.00619164
5727,0.20396448,-0.00082404
5727.25,0.20008728,0.00130356
5727.5,0.17873244,0.00540756
5727.75,0.18496944,0.00095688
5728,0.17261856,0.00332532
5728.25,0.20145888,0.00167184
5728.5,0.11511936,1.404e-05
5728.75,0.14256972,0.00078192
5729,0.10921068,0.00192024
5729.25,0.12797136,0.00285984
5729.5,0.14984784,-0.00058644
5729.75,0.09103428,0.00322704
5730,0.12252816,0.00139212
5730.25,0.1371006,0.00452304
5730.5,0.10350936,0.00054756
5730.75,0.18853236,0.00763668
5731,0.06994944,-0.00029376
5731.25,0.18279,0.00469476
5731.5,0.17525808,-0.0002106
5731.75,0.1580742,0.0017874
5732,0.2416068,0.00416988
5732.25,0.14461308,0.00213624
5732.5,0.12122136,0.00382644
5732.75,0.13379256,0.0013662
5733,0.1460106,0.00352404
5733.25,0.14711436,0.00112968
5733.5,0.16770456,0.00722088
5733.75,0.13095864,0.00463644
5734,0.0942462,0.01140696
5734.25,0.07879464,0.01096956
5734.5,0.08502948,0.00526608
5734.75,0.080676,0.00305208
5735,0.07358688,0.00399708
5735.25,0.0778626,0.0067068
5735.5,0.07190748,0.00526716
5735.75,0.06747516,0.00888084
5736,0.06723108,0.006858
5736.25,0.06314868,0.00907956
5736.5,0.0653508,0.00879552
5736.75,0.06232032,0.01019196
5737,0.06807564,0.00985068
5737.25,0.06592536,0.01026216
5737.5,0.0734184,0.01115316
5737.75,0.06541776,0.00915516
5738,0.0695574,0.00840888
5738.25,0.06755832,0.01050948
5738.5,0.07170336,0.00940788
5738.75,0.0724302,0.01014336
5739,0.0775656,0.00884088
5739.25,0.07438392,0.01020384
5739.5,0.06634332,0.0074142
5739.75,0.07241832,0.01018764
5740,0.07392168,0.007695
5740.25,0.071739,0.00888084
5740.5,0.0647568,0.00902772
5740.75,0.06257304,0.00892296
5741,0.06253956,0.00889704
5741.25,0.06058692,0.0079434
5741.5,0.06381396,0.00941112
5741.75,0.06898932,0.00866376
5742,0.06993432,0.00774684
5742.25,0.07221852,0.0074952
5742.5,0.09401724,0.00520128
5742.75,0.08594856,0.00423468
5743,0.07325208,0.00253584
5743.25,0.07476624,0.0030942
5743.5,0.0922806,0.00258876
5743.75,0.12051612,0.00402408
5744,0.12962808,0.0027594
5744.25,0.14455044,0.0070254
5744.5,0.09420084,0.0027702
5744.75,0.1280448,0.0003618
5745,0.17750124,0.00386532
5745.25,0.19917468,0.00189432
5745.5,0.19906236,-0.00100116
5745.75,0.2079918,0.00019008
5746,0.17833824,-0.000324
5746.25,0.20200968,0.00070524
5746.5,0.16559208,0.00133812
5746.75,0.1299348,-7.56e-06
5747,0.1943244,-0.00062532
5747.25,0.17060868,-0.00021384
5747.5,0.15550056,0.00333612
5747.75,0.16344396,0.0028998
5748,0.12176568,0.00556632
5748.25,0.14935968,0.0079812
5748.5,0.1396224,0.00707076
5748.75,0.13546656,0.00892944
5749,0.12560508,0.00782244
5749.25,0.11244852,0.00907416
5749.5,0.18637884,0.00402408
5749.75,0.16523784,0.00351324
5750,0.1723356,0.00269136
5750.25,0.17893764,0.00135648
5750.5,0.17003412,0.00179496
5750.75,0.14351364,0.00030348
5751,0.17450316,-0.00192564
5751.25,0.15782688,-0.00042444
5751.5,0.15045588,-0.00250992
5751.75,0.14545872,-0.0015228
5752,0.13523112,-0.00136404
5752.25,0.14493924,-0.00033804
5752.5,0.15490872,-0.0004374
5752.75,0.14301468,-0.00143856
5753,0.11576736,-0.00095796
5753.25,0.14592096,0.00378216
5753.5,0.09886104,0.0030942
5753.75,0.11218176,0.0038448
5754,0.07991676,0.00622836
5754.25,0.12406716,0.01026864
5754.5,0.11331792,0.00529632
5754.75,0.1028754,0.00224316
5755,0.17507232,0.01007964
5755.25,0.19451988,0.00300996
5755.5,0.18511632,-0.00026892
5755.75,0.1756944,0.0020952
5756,0.1375056,0.00040716
5756.25,0.17748072,0.0104382
5756.5,0.14185692,0.0017658
5756.75,0.1428948,0.00297864
5757,0.13606056,0.0049788
5757.25,0.13925196,0.00554904
5757.5,0.12166632,0.00684396
5757.75,0.09569988,0.00694872
5758,0.12216636,0.0055512
5758.25,0.09955332,0.00783648
5758.5,0.06912756,0.0115182
5758.75,0.06718248,0.00891864
5759,0.06877332,0.00504792
5759.25,0.06123924,0.0068256
5759.5,0.06678288,0.0079704
5759.75,0.06955308,0.00918648
5760,0.07043868,0.00946296
5760.25,0.07406208,0.01110888
5760.5,0.068094,0.00940356
5760.75,0.05929416,0.00865512
5761,0.06006312,0.00811944
5761.25,0.07214076,0.00900612
5761.5,0.06877332,0.0117018
5761.75,0.07922664,0.01065204
5762,0.06891048,0.00935604
5762.25,0.06532056,0.00811404
5762.5,0.07219044,0.0110052
5762.75,0.0639576,0.01115208
5763,0.07695972,0.00974916
5763.25,0.07438392,0.01084752
5763.5,0.06395544,0.01133676
5763.75,0.07353504,0.01092528
5764,0.06665112,0.01255176
5764.25,0.06581736,0.01132488
5764.5,0.06315624,0.00831384
5764.75,0.06538212,0.01057104
5765,0.06008364,0.01002132
5765.25,0.07259436,0.01291356
5765.5,0.0647082,0.01401516
5765.75,0.06041844,0.01040688
5766,0.07134264,0.01117908
5766.25,0.07590564,0.01127628
5766.5,0.06384312,0.00745308
5766.75,0.06344568,0.00582228
5767,0.05016276,0.00375948
5767.25,0.07217532,0.00562896
5767.5,0.08067276,0.00851904
5767.75,0.05838372,0.0050328
5768,0.10725372,0.0046332
5768.25,0.1148094,0.0039744
5768.5,0.15056172,0.00021816
5768.75,0.1654776,0.00088452
5769,0.1143828,0.00357588
5769.25,0.1820178,0.00116748
5769.5,0.17162496,-0.0011232
5769.75,0.16829316,0.00079812
5770,0.14409144,-0.00082728
5770.25,0.12188772,-0.00108756
5770.5,0.12154212,0.00117828
5770.75,0.14960808,0.00249156
5771,0.16511472,0.00016524
5771.25,0.162621,0.0012528
5771.5,0.1511406,0.00380916
5771.75,0.15088896,0.002133
5772,0.140589,0.00304884
5772.25,0.12381012,0.00274212
5772.5,0.1120662,0.00367308
5772.75,0.12487608,0.00199368
5773,0.10096164,0.00269568
5773.25,0.11728368,0.00618408
5773.5,0.12955248,0.0033372
5773.75,0.14667804,0.00318924
5774,0.17530668,-0.00025056
5774.25,0.14715972,-0.0012258
5774.5,0.18427068,0.00163188
5774.75,0.16136928,0.00224856
5775,0.16552836,-0.00034992
5775.25,0.17183124,0.00320328
5775.5,0.1346544,0.00121284
5775.75,0.12649824,-0.00389664
5776,0.16262856,0.00223128
5776.25,0.12303792,0.00107136
5776.5,0.13576356,0.00399384
5776.75,0.15392592,0.00034884
5777,0.1324566,0.00217188
5777.25,0.11953764,-0.00021168
5777.5,0.13050612,0.00174528
5777.75,0.12334032,0.00146988
5778,0.09900684,-0.0001998
5778.25,0.09001476,0.0032724
5778.5,0.12580272,0.00462024
5778.75,0.136458,0.00989496
5779,0.1155924,0.00889704
5779.25,0.05814396,0.00239004
5779.5,0.09467712,0.00693792
5779.75,0.08294724,0.00404028
5780,0.122445,0.0032616
5780.25,0.10588968,0.00782136
5780.5,0.09567828,0.00998136
5780.75,0.09395676,0.00967032
5781,0.11186856,0.0057132
5781.25,0.1146744,0.006858
5781.5,0.10460772,0.00282312
5781.75,0.08400888,0.00444636
5782,0.080757,0.0069174
5782.25,0.074196,0.00576288
5782.5,0.0705078,0.00651564
5782.75,0.07128432,0.0069822
5783,0.06770196,0.0064638
5783.25,0.06956496,0.00835812
5783.5,0.06517476,0.0085536
5783.75,0.0660852,0.00741852
5784,0.0685692,0.0071982
5784.25,0.064044,0.00966816
5784.5,0.06671808,0.00814212
5784.75,0.06093468,0.0098982
5785,0.06453108,0.00851904
5785.25,0.06030288,0.00882792
5785.5,0.08398728,0.00989172
5785.75,0.06380856,0.00903204
5786,0.06886404,0.0110106
5786.25,0.06496632,0.01005588
5786.5,0.06803568,0.01106244
5786.75,0.07065792,0.01161324
5787,0.068445,0.00804384
5787.25,0.0706806,0.00800928
5787.5,0.06508512,0.01250316
5787.75,0.07389468,0.00966816
5788,0.0753894,0.00884952
5788.25,0.0749466,0.01116504
5788.5,0.06336684,0.0096336
5788.75,0.05874012,0.00998244
5789,0.06070356,0.01050516
5789.25,0.05877252,0.01089936
5789.5,0.0618516,0.01187892
5789.75,0.06234948,0.0084456
5790,0.05789124,0.01342872
5790.25,0.06457644,0.01328616
5790.5,0.06933924,0.01087452
5790.75,0.05757588,0.01042956
5791,0.05115312,0.00750168
5791.25,0.05818392,0.00960228
5791.5,0.05237352,0.00958392
5791.75,0.0515754,0.005049
5792,0.04377132,0.0061722
5792.25,0.05320944,0.01447308
5792.5,0.03503628,0.00835596
5792.75,0.05168232,0.0018846
5793,0.04759344,0.00380052
5793.25,0.05488992,0.00224316
5793.5,0.05529492,0.00222156
5793.75,0.05328612,0.000945
5794,0.05900688,0.00124848
5794.25,0.05984604,0.00234144
5794.5,0.0342522,0.00186732
5794.75,0.03038688,0.00240516
5795,0.0431568,0.00293112
5795.25,0.04478976,0.00267948
5795.5,0.0514944,0.00447984
5795.75,0.05428404,0.0054108
5796,0.0666198,0.00492264
5796.25,0.0501444,0.00391284
5796.5,0.04376484,0.00378
5796.75,0.04883112,0.00570132
5797,0.03810348,0.00497988
5797.25,0.04724568,0.00285984
5797.5,0.05226336,0.0031158
5797.75,0.04114044,0.00326916
5798,0.05092092,0.00507492
5798.25,0.0494208,0.0031266
5798.5,0.05219532,0.00666468
5798.75,0.05198364,0.00737316
5799,0.04538376,0.00690228
5799.25,0.06089688,0.00976644
5799.5,0.0491184,0.00898128
5799.75,0.04070952,0.00713556
5800,0.04534812,0.01134972
5800.25,0.06023052,0.0063342
5800.5,0.06581952,0.01018548
5800.75,0.05725296,0.01060992
5801,0.05876388,0.01243944
5801.25,0.0597834,0.00886248
5801.5,0.05761368,0.01149552
5801.75,0.05937084,0.01262412
5802,0.06485292,0.01254636
5802.25,0.06644052,0.01507896
5802.5,0.06725484,0.01307988
5802.75,0.06314328,0.0087858
5803,0.06566076,0.0109674
5803.25,0.05982228,0.00919836
5803.5,0.07494768,0.01326456
5803.75,0.06672888,0.01295136
5804,0.0724842,0.01180872
5804.25,0.06429132,0.01429272
5804.5,0.0693522,0.01984932
5804.75,0.05760504,0.01579824
5805,0.07124004,0.01172016
5805.25,0.07286652,0.010557
5805.5,0.0614304,0.00672732
5805.75,0.0723006,0.00772632
5806,0.05925204,0.00608148
5806.25,0.0598914,0.00757296
5806.5,0.05986332,0.00710964
5806.75,0.06267348,0.01055484
5807,0.07198308,0.00868104
5807.25,0.06791472,0.0088938
5807.5,0.07179516,0.01302264
5807.75,0.07055748,0.01192968
5808,0.07009308,0.00940896
5808.25,0.0715284,0.00856116
5808.5,0.06789528,0.01260468
5808.75,0.06369948,0.01009044
5809,0.06210216,0.01101924
5809.25,0.065961,0.01377756
5809.5,0.06683472,0.01399896
5809.75,0.0742986,0.01040796
5810,0.06144336,0.00832032
5810.25,0.0589896,0.00816804
5810.5,0.05816448,0.00754164
5810.75,0.05877036,0.00772848
5811,0.06204492,0.00549612
5811.25,0.06150708,0.00501444
5811.5,0.05967216,0.00582876
5811.75,0.05914944,0.00648648
5812,0.05869584,0.00549936
5812.25,0.05880168,0.0065718
5812.5,0.0565596,0.00458352
5812.75,0.06482592,0.0045846
5813,0.0590868,0.005508
5813.25,0.05803164,0.00392796
5813.5,0.05531544,0.00524664
5813.75,0.05990112,0.00460836
5814,0.06424164,0.00503712
5814.25,0.05813748,0.00425304
5814.5,0.05609412,0.00366336
5814.75,0.04835484,0.0052488
5815,0.05513832,0.0063612
5815.25,0.04221288,0.00304992
5815.5,0.04618728,0.00297
5815.75,0.0419202,0.00177876
5816,0.02476872,0.00070092
5816.25,0.02933712,0.00130572
5816.5,0.0289548,0.00100872
5816.75,0.02807244,0.00069552
5817,0.03844908,0.0026676
5817.25,0.03237084,0.00400356
5817.5,0.0385776,0.00512892
5817.75,0.03368412,0.0035964
5818,0.05028588,0.00481248
5818.25,0.04444956,0.0076464
5818.5,0.02621376,0.00797256
5818.75,0.019197,0.00611604
5819,0.0323784,0.00759564
5819.25,0.0391014,0.01312632
5819.5,0.04373784,0.00820908
5819.75,0.052785,0.00840456
5820,0.04319028,0.01105596
5820.25,0.0422226,0.00965412
5820.5,0.03063744,0.00653616
5820.75,0.03200904,0.00664308
5821,0.03030804,0.0104922
5821.25,0.03389256,0.00913356
5821.5,0.0409428,0.01006344
5821.75,0.04102596,0.00627048
5822,0.04549608,0.00927396
5822.25,0.03953448,0.00889164
5822.5,0.03589596,0.00666036
5822.75,0.0568188,0.02146068
5823,0.05514264,0.02031264
5823.25,0.0574398,0.01972836
5823.5,0.05326992,0.02157084
5823.75,0.04933008,0.01428624
5824,0.05314248,0.0121176
5824.25,0.05214672,0.00875664
5824.5,0.04349376,0.00648756
5824.75,0.04545396,0.01145124
5825,0.04982472,0.01349892
5825.25,0.05314788,0.0152658
5825.5,0.0547884,0.01378728
5825.75,0.05522688,0.01439208
5826,0.05037768,0.01289736
5826.25,0.04912272,0.01314144
5826.5,0.060399,0.00801036
5826.75,0.0734994,0.01467612
5827,0.06925824,0.01075032
5827.25,0.06738336,0.00749736
5827.5,0.07347672,0.01200528
5827.75,0.0709668,0.0165456
5828,0.06972264,0.01260252
5828.25,0.07382232,0.0132354
5828.5,0.07207704,0.01056132
5828.75,0.06361524,0.01196208
5829,0.06134616,0.00938196
5829.25,0.0755298,0.00566676
5829.5,0.0591246,0.00568188
5829.75,0.0665226,0.007371
5830,0.06781536,0.007425
5830.25,0.06438312,0.00803952
5830.5,0.05569236,0.00596592
5830.75,0.06378804,0.00757296
5831,0.07249176,0.00743364
5831.25,0.062856,0.00804816
5831.5,0.07198848,0.00840996
5831.75,0.06659604,0.01115208
5832,0.06256548,0.00929448
5832.25,0.06972696,0.0128466
5832.5,0.06220908,0.01300536
5832.75,0.0660312,0.00684828
5833,0.06009984,0.01085184
5833.25,0.05502276,0.01148688
5833.5,0.0647028,0.01252692
5833.75,0.0664956,0.01785456
5834,0.06371136,0.0141534
5834.25,0.06029316,0.01049544
5834.5,0.06370488,0.01525824
5834.75,0.0777762,0.01593972
5835,0.06109236,0.01352052
5835.25,0.06736284,0.0153522
5835.5,0.07000668,0.01313712
5835.75,0.07143768,0.01337472
5836,0.06203412,0.01808568
5836.25,0.06462612,0.01089612
5836.5,0.05889996,0.00822852
5836.75,0.06294348,0.00684072
5837,0.07411392,0.00919404
5837.25,0.07250688,0.01247292
5837.5,0.0613656,0.01024596
5837.75,0.07004448,0.0070902
5838,0.06255144,0.00794664
5838.25,0.06700104,0.01010664
5838.5,0.0664092,0.01074168
5838.75,0.06405048,0.00898344
5839,0.06794388,0.00599724
5839.25,0.08376912,0.00752004
5839.5,0.0870588,0.0072846
5839.75,0.11767896,0.00998676
5840,0.09475164,0.0039744
5840.25,0.10234944,0.00234036
5840.5,0.11710224,0.00393228
5840.75,0.09897876,0.00680184
5841,0.15137172,0.00320328
5841.25,0.16200648,-0.00017712
5841.5,0.15822216,0.0040608
5841.75,0.18785628,0.00148608
5842,0.1679454,-0.0012258
5842.25,0.18077364,0.00295272
5842.5,0.14065164,0.00192132
5842.75,0.1308636,-0.00126792
5843,0.1722816,0.00062532
5843.25,0.16699392,-0.0002322
5843.5,0.15008544,-0.0014472
5843.75,0.1376568,0.00216864
5844,0.13953168,0.00159624
5844.25,0.13885344,0.00383724
5844.5,0.12577248,0.002754
5844.75,0.17400312,0.00567108
5845,0.1022166,0.0027324
5845.25,0.13052556,0.0060102
5845.5,0.13257648,0.00303912
5845.75,0.15935184,0.00407592
5846,0.2086452,0.00460188
5846.25,0.21276324,-0.00433944
5846.5,0.21189276,-0.00114156
5846.75,0.18186552,-0.00205632
5847,0.18874728,-0.0022842
5847.25,0.18022176,0.00317088
5847.5,0.12761064,0.00260496
5847.75,0.1710612,-0.00183168
5848,0.15037056,-0.00028836
5848.25,0.17342208,-0.0010692
5848.5,0.10021104,-0.00060804
5848.75,0.16227864,0.00165132
5849,0.09868932,-0.00074844
5849.25,0.131787,0.00146448
5849.5,0.12334356,0.00222804
5849.75,0.13284648,0.00245376
5850,0.12253248,0.00344412
5850.25,0.1006128,0.00203256
5850.5,0.14881212,0.0016686
5850.75,0.09264996,0.00107568
5851,0.16851672,0.00515268
5851.25,0.12919608,0.00818856
5851.5,0.17892252,0.011502
5851.75,0.16071588,0.00309096
5852,0.16654896,0.0058374
5852.25,0.16119108,0.01325052
5852.5,0.17277732,0.00324432
5852.75,0.15362568,0.01066608
5853,0.14269392,0.01063368
5853.25,0.1293732,0.006939
5853.5,0.11490552,0.01022976
5853.75,0.09203652,0.01177848
5854,0.103032,0.00322056
5854.25,0.08735364,0.01417176
5854.5,0.07303932,0.01181628
5854.75,0.08259624,0.01247616
5855,0.06549768,0.01609308
5855.25,0.06617376,0.01737828
5855.5,0.07274124,0.01799712
5855.75,0.0846936,0.01681128
5856,0.074034,0.008046
5856.25,0.06605604,0.0113724
5856.5,0.07054884,0.01026648
5856.75,0.06635952,0.00781596
5857,0.08374968,0.01166724
5857.25,0.06511536,0.01043496
5857.5,0.06905196,0.0141318
5857.75,0.068661,0.01321272
5858,0.07299288,0.01235196
5858.25,0.05999508,0.0149148
5858.5,0.05710608,0.0125604
5858.75,0.06443496,0.01299132
5859,0.06621804,0.01679184
5859.25,0.06369084,0.01818288
5859.5,0.07172604,0.0132786
5859.75,0.07369488,0.01021572
5860,0.06939,0.0139482
5860.25,0.057942,0.01356264
5860.5,0.06130296,0.01120608
5860.75,0.06226416,0.01196424
5861,0.0601938,0.01539432
5861.25,0.060588,0.01532952
5861.5,0.06152868,0.01432512
5861.75,0.06251472,0.00940248
5862,0.05815692,0.01071684
5862.25,0.07614648,0.00935064
5862.5,0.0768366,0.00887328
5862.75,0.05921208,0.00753624
5863,0.06874848,0.00773928
5863.25,0.06205356,0.00375732
5863.5,0.09011736,0.008694
5863.75,0.06087852,0.00475092
5864,0.09167148,0.00223776
5864.25,0.09554328,0.0049518
5864.5,0.10324584,-0.0003186
5864.75,0.13439628,-0.00077112
5865,0.11062008,0.00322596
5865.25,0.1151874,0.00198936
5865.5,0.16020072,-0.00308448
5865.75,0.1821582,0.00140508
5866,0.1433268,0.00347004
5866.25,0.16353036,0.00539028
5866.5,0.12611592,0.00291168
5866.75,0.12617856,0.00127548
5867,0.14989428,0.0038178
5867.25,0.16346124,0.00474336
5867.5,0.14431716,0.00054648
5867.75,0.13892472,0.00169452
5868,0.13808664,0.00555876
5868.25,0.1302426,0.00175068
5868.5,0.1142586,0.00191916
5868.75,0.13829832,0.00991764
5869,0.1090854,0.00741528
5869.25,0.12968748,0.01013904
5869.5,0.15040404,0.00386208
5869.75,0.1465398,0.00390636
5870,0.17721396,0.00212004
5870.25,0.16393752,0.00057456
5870.5,0.17362188,-0.00051948
5870.75,0.21073932,0.004185
5871,0.19977624,0.00309312
5871.25,0.17317368,0.00699732
5871.5,0.15742404,0.00135648
5871.75,0.1429164,0.0014634
5872,0.18272088,0.00155412
5872.25,0.19138572,0.00082728
5872.5,0.13091436,0.00215784
5872.75,0.1389474,0.00249372
5873,0.16415676,0.00696924
5873.25,0.15722532,0.00127008
5873.5,0.18513576,0.01553796
5873.75,0.09484236,0.00110052
5874,0.10770624,0.00242028
5874.25,0.13171572,0.00269676
5874.5,0.1024272,0.00222372
5874.75,0.16236288,0.01211112
5875,0.18320904,0.01425492
5875.25,0.206064,0.00493236
5875.5,0.18475884,0.00705348
5875.75,0.19340208,0.00578124
5876,0.16926516,0.00237924
5876.25,0.09142308,0.00156708
5876.5,0.11932056,0.01523448
5876.75,0.1788372,0.00717444
5877,0.15415056,0.00988848
5877.25,0.15066324,0.00981936
5877.5,0.14014512,0.0101628
5877.75,0.13545252,0.00554688
5878,0.09048348,0.0065826
5878.25,0.08422596,0.00455544
5878.5,0.08154324,0.00576072
5878.75,0.07160616,0.00626508
5879,0.06479136,0.01066392
5879.25,0.05935788,0.01292652
5879.5,0.06983712,0.01148796
5879.75,0.06903684,0.0095094
5880,0.06588864,0.01175256
5880.25,0.08353152,0.01492884
5880.5,0.08009928,0.01067472
5880.75,0.07826436,0.01206684
5881,0.095688,0.01594728
5881.25,0.07409016,0.01465452
5881.5,0.08381232,0.01662336
5881.75,0.07500816,0.01581228
5882,0.06643404,0.01501416
5882.25,0.067986,0.01834488
5882.5,0.06885432,0.01749168
5882.75,0.07489692,0.01659852
5883,0.0643518,0.0152928
5883.25,0.0652914,0.01262412
5883.5,0.05646132,0.012987
5883.75,0.06453324,0.01213164
5884,0.06032124,0.01140156
5884.25,0.06252228,0.00879552
5884.5,0.05185512,0.00856116
5884.75,0.05893884,0.01149552
5885,0.06213996,0.01213056
5885.25,0.06478488,0.0151632
5885.5,0.06200388,0.01068876
5885.75,0.06311628,0.00753408
5886,0.04806864,0.00850608
5886.25,0.0701676,0.00682452
5886.5,0.06563268,0.0081756
5886.75,0.075816,0.00600264
5887,0.07284816,0.00607716
5887.25,0.05973372,0.00505872
5887.5,0.06826788,0.00417744
5887.75,0.09839016,0.00316548
5888,0.09961056,0.0078408
5888.25,0.11217312,-0.00121932
5888.5,0.1508004,0.00227124
5888.75,0.15618312,-0.00141264
5889,0.15792948,-0.0007344
5889.25,0.16109604,-0.00390528
5889.5,0.14744916,-0.00478332
5889.75,0.15731604,0.00038124
5890,0.21469752,0.00343764
5890.25,0.12844224,0.00772308
5890.5,0.16556832,0.00354888
5890.75,0.12312972,0.00026892
5891,0.14167872,0.00077652
5891.25,0.12923604,-0.0004752
5891.5,0.1560924,0.00210492
5891.75,0.1674216,0.00168372
5892,0.117288,0.00227988
5892.25,0.13966452,0.01013148
5892.5,0.12763116,0.00708588
5892.75,0.131436,0.01325808
5893,0.13626036,0.01331532
5893.25,0.1430784,0.01036908
5893.5,0.15397992,0.01023516
5893.75,0.17712216,0.0073062
5894,0.17402688,0.00578664
5894.25,0.199638,0.0087696
5894.5,0.1647486,0.00245268
5894.75,0.18215712,0.00301752
5895,0.17754444,0.00692064
5895.25,0.17470296,0.0047088
5895.5,0.15912504,0.00651564
5895.75,0.17842788,0.00064692
5896,0.1854414,0.00715392
5896.25,0.17464572,0.00048492
5896.5,0.1225368,0.00198936
5896.75,0.16685352,0.00556524
5897,0.15485148,0.00708048
5897.25,0.1312308,0.00748656
5897.5,0.12379068,0.00542916
5897.75,0.11232648,0.00552204
5898,0.1270566,0.00432324
5898.25,0.14789736,0.00794232
5898.5,0.09858888,0.00224316
5898.75,0.14545764,0.0066582
5899,0.17657136,0.00596592
5899.25,0.14168304,0.01030968
5899.5,0.1863432,0.01354644
5899.75,0.13824432,0.00331776
5900,0.18380412,0.00681048
5900.25,0.16215228,0.00798444
5900.5,0.1400004,0.00425412
5900.75,0.14807556,0.00478332
5901,0.13383252,0.00412668
5901.25,0.11473596,0.0080082
5901.5,0.10819764,0.0046278
5901.75,0.09038412,0.00488376
5902,0.08287272,0.00037584
5902.25,0.06900336,0.0088938
5902.5,0.0668196,0.00777168
5902.75,0.06726564,0.00718092
5903,0.06527844,0.00903312
5903.25,0.0643788,0.0099468
5903.5,0.06614784,0.0104328
5903.75,0.07027992,0.01330668
5904,0.07558812,0.00996408
5904.25,0.07838964,0.01637496
5904.5,0.0878202,0.01465668
5904.75,0.06883488,0.01264896
5905,0.0974754,0.01514592
5905.25,0.07282332,0.01575828
5905.5,0.08307792,0.01157544
5905.75,0.08101512,0.0141048
5906,0.07032312,0.013392
5906.25,0.07215804,0.01370412
5906.5,0.08411364,0.014256
5906.75,0.07536348,0.01275264
5907,0.07320996,0.01312632
5907.25,0.08520552,0.01424196
5907.5,0.07516692,0.0141264
5907.75,0.0692388,0.01413288
5908,0.07100568,0.014364
5908.25,0.0607284,0.0163998
5908.5,0.0759132,0.01574316
5908.75,0.07116768,0.0142722
5909,0.0795258,0.01754244
5909.25,0.07532892,0.0178632
5909.5,0.07193988,0.016929
5909.75,0.07966404,0.020223
5910,0.07883676,0.01536516
5910.25,0.08262432,0.00943164
5910.5,0.06096168,0.00944028
5910.75,0.07133184,0.00727812
5911,0.07431372,0.0075168
5911.25,0.09548928,0.00659016
5911.5,0.09953172,0.00607068
5911.75,0.11747052,0.00619812
5912,0.08700372,0.00373356
5912.25,0.11264184,0.00429732
5912.5,0.13832424,0.00179172
5912.75,0.12059064,0.0026946
5913,0.14841684,0.00291384
5913.25,0.15941232,-0.00044064
5913.5,0.14215068,0.0026244
5913.75,0.16740756,0.00607824
5914,0.14819112,0.00297324
5914.25,0.16384248,0.00379512
5914.5,0.14198544,0.00166752
5914.75,0.13227192,0.00094608
5915,0.15437196,0.00224532
5915.25,0.1736532,0.00081756
5915.5,0.15929136,0.00295272
5915.75,0.12476376,0.00372384
5916,0.1616544,0.005211
5916.25,0.1092528,0.002025
5916.5,0.14711436,0.00450036
5916.75,0.13366404,0.006129
5917,0.09038088,0.00367848
5917.25,0.11553084,0.0120312
5917.5,0.14309568,0.0029376
5917.75,0.15384492,0.00458676
5918,0.17748072,0.00094932
5918.25,0.16509636,0.0009666
5918.5,0.18609804,-0.00417744
5918.75,0.18027576,-0.00239112
5919,0.14984028,-0.00029592
5919.25,0.21442644,-0.00280908
5919.5,0.12847896,-0.00023652
5919.75,0.18335052,-0.00241704
5920,0.11485044,-0.00117396
5920.25,0.17670096,-0.00083484
5920.5,0.15870276,0.00351216
5920.75,0.15948252,0.00051192
5921,0.14733252,0.00265464
5921.25,0.10281276,-0.00133164
5921.5,0.13428288,0.0160596
5921.75,0.15088464,0.00512136
5922,0.13041972,0.0035424
5922.25,0.1181088,0.00400248
5922.5,0.15936372,0.01051704
5922.75,0.1692576,0.00448416
5923,0.16410168,0.00339444
5923.25,0.10982196,0.00061668
5923.5,0.17523864,0.0032292
5923.75,0.17257752,0.00149796
5924,0.17763516,0.001026
5924.25,0.18961128,0.00284364
5924.5,0.16402932,0.00022788
5924.75,0.17946036,0.00799848
5925,0.09172008,0.00434592
5925.25,0.1408698,0.00445284
5925.5,0.12375396,0.00297648
5925.75,0.09108396,0.00503064
5926,0.11755368,0.00706104
5926.25,0.09366084,0.004455
5926.5,0.06644376,0.00373788
5926.75,0.07829676,0.00427032
5927,0.0626292,0.00638928
5927.25,0.06537348,0.0072792
5927.5,0.0698544,0.00729324
5927.75,0.0692226,0.00771336
5928,0.0732294,0.00659772
5928.25,0.06426756,0.00716364
5928.5,0.06399648,0.00619596
5928.75,0.06654528,0.00827604
5929,0.0560196,0.01389312
5929.25,0.0636822,0.01141992
5929.5,0.068283,0.0084672
5929.75,0.06550416,0.0125982
5930,0.07004016,0.00798012
5930.25,0.0742176,0.01545372
5930.5,0.06378048,0.01401732
5930.75,0.05968836,0.00948456
5931,0.06354828,0.00999108
5931.25,0.06761124,0.01119852
5931.5,0.06436368,0.01110888
5931.75,0.057294,0.01057644
5932,0.05884704,0.01012608
5932.25,0.05844312,0.01209924
5932.5,0.05590296,0.00959688
5932.75,0.062802,0.0100494
5933,0.062802,0.01150956
5933.25,0.05716872,0.01397844
5933.5,0.06545232,0.01178928
5933.75,0.06212592,0.00871236
5934,0.05563512,0.01196316
5934.25,0.06980364,0.0096606
5934.5,0.0659718,0.0108162
5934.75,0.06148764,0.00650268
5935,0.06651936,0.00533088
5935.25,0.07918236,0.00393984
5935.5,0.08440092,0.00206712
5935.75,0.0999432,0.00295812
5936,0.0981666,0.0036774
5936.25,0.10576116,-4.212e-05
5936.5,0.10901844,0.00392364
5936.75,0.14070348,0.00270864
5937,0.15329412,0.00269136
5937.25,0.15437952,5.184e-05
5937.5,0.16230672,0.00308232
5937.75,0.16539336,0.00136728
5938,0.16550352,-0.0011448
5938.25,0.13482072,-0.0010584
5938.5,0.15300576,0.00232092
5938.75,0.13898844,0.00078516
5939,0.1525284,-0.00018576
5939.25,0.1759698,-0.0023328
5939.5,0.1541808,-0.00096228
5939.75,0.13710816,0.00332208
5940,0.11735496,0.00194724
5940.25,0.17342964,0.0032832
5940.5,0.12443004,0.00160596
5940.75,0.15703524,0.00312876
5941,0.12526164,0.00352944
5941.25,0.1331478,0.0024624
5941.5,0.13252896,0.00393876
5941.75,0.16226136,0.003456
5942,0.228744,0.00012204
5942.25,0.1854684,0.00191484
5942.5,0.17040888,-0.00678348
5942.75,0.16175052,-0.00639144
5943,0.1885734,0.001431
5943.25,0.18583452,0.00477144
5943.5,0.15491736,-0.00125712
5943.75,0.15714864,-0.00260712
5944,0.14188284,-0.00267948
5944.25,0.18385164,8.208e-05
5944.5,0.19040292,0.00311688
5944.75,0.17984052,-0.00080244
5945,0.18361512,0.00707292
5945.25,0.13603032,0.00413532
5945.5,0.15699096,0.00113616
5945.75,0.12594096,0.00466776
5946,0.17095104,0.00471744
5946.25,0.1263168,0.00374436
5946.5,0.15687,0.00487944
5946.75,0.2206332,0.00809568
5947,0.17597412,0.00475524
5947.25,0.26049492,0.00431028
5947.5,0.17380332,0.00231228
5947.75,0.13872276,0.00227988
5948,0.20114136,0.00411912
5948.25,0.11358144,0.00350136
5948.5,0.13362192,0.0012528
5948.75,0.17297064,0.00616248
5949,0.1121634,0.00754056
5949.25,0.15102936,0.00402516
5949.5,0.12547872,0.00244296
5949.75,0.1442502,0.00370224
5950,0.14094216,0.0189864
5950.25,0.08494632,0.01106892
5950.5,0.07579764,0.00685692
5950.75,0.06216588,0.00759348
5951,0.06042708,0.0105354
5951.25,0.06603768,0.0084294
5951.5,0.05540508,0.0135108
5951.75,0.05983308,0.00585468
5952,0.06483888,0.00511812
5952.25,0.06111936,0.00483084
5952.5,0.05492448,0.0044496
5952.75,0.06087096,0.00530064
5953,0.05407776,0.00520236
5953.25,0.05656608,0.00783648
5953.5,0.0632718,0.0073764
5953.75,0.06630228,0.00957852
5954,0.06481296,0.00943488
5954.25,0.06475788,0.00509868
5954.5,0.06791364,0.0096498
5954.75,0.05906412,0.00968544
5955,0.06535728,0.01081728
5955.25,0.06218316,0.01044576
5955.5,0.0592542,0.010233
5955.75,0.06159348,0.0124416
5956,0.06126516,0.0089586
5956.25,0.06459696,0.0101196
5956.5,0.05764932,0.0074466
5956.75,0.05576364,0.00513216
5957,0.06703884,0.00685692
5957.25,0.0582282,0.00792504
5957.5,0.07984764,0.00989712
5957.75,0.05689764,0.0076518
5958,0.07108776,0.00923076
5958.25,0.0579528,0.00656316
5958.5,0.06158808,0.00714636
5958.75,0.04939056,0.007128
5959,0.0481302,0.00546264
5959.25,0.04046544,0.0044118
5959.5,0.05192748,0.00522396
5959.75,0.06045192,0.00613656
5960,0.0444042,0.0026028
5960.25,0.04405428,0.00356616
5960.5,0.0426546,0.00451656
5960.75,0.04853952,0.00488916
5961,0.04206708,0.00527256
5961.25,0.04997484,0.00700812
5961.5,0.05910408,0.00607392
5961.75,0.04576932,0.00384588
5962,0.06218316,0.00219672
5962.25,0.10820628,0.00520668
5962.5,0.03789936,0.00272484
5962.75,0.03186756,0.00328752
5963,0.0452628,0.00300564
5963.25,0.05027616,0.00433944
5963.5,0.057078,0.0064962
5963.75,0.05311116,0.00717768
5964,0.06500736,0.00803736
5964.25,0.06473844,0.00991872
5964.5,0.04229388,0.0060804
5964.75,0.04221072,0.0051138
5965,0.03741768,0.00683532
5965.25,0.03595536,0.00320328
5965.5,0.0422604,0.00494748
5965.75,0.05507136,0.00613764
5966,0.05771628,0.00715608
5966.25,0.06778512,0.00921348
5966.5,0.05089284,0.00753084
5966.75,0.06443712,0.00820908
5967,0.04999104,0.00573048
5967.25,0.06185268,0.00815076
5967.5,0.04999752,0.00864972
5967.75,0.04550472,0.00671544
5968,0.0789318,0.0086454
5968.25,0.07712928,0.0107838
5968.5,0.06156216,0.00739152
5968.75,0.05447844,0.0059616
5969,0.06276744,0.00829548
5969.25,0.05416524,0.00584712
5969.5,0.06908544,0.0075276
5969.75,0.06244776,0.00641844
5970,0.05474088,0.00585576
5970.25,0.04907628,0.00375732
5970.5,0.05865912,0.0053568
5970.75,0.06399756,0.00468072
5971,0.06914808,0.0033102
5971.25,0.08091252,0.00726948
5971.5,0.06327936,0.00489672
5971.75,0.06429564,0.00474228
5972,0.08925012,0.007317
5972.25,0.06990516,0.00721332
5972.5,0.07129836,0.00563976
5972.75,0.06848064,0.00910548
5973,0.06189588,0.01044792
5973.25,0.06362712,0.01051164
5973.5,0.06591132,0.01050948
5973.75,0.0574884,0.01157436
5974,0.0675864,0.01237356
5974.25,0.05642136,0.0128952
5974.5,0.06446628,0.01336608
5974.75,0.05808456,0.00925128
5975,0.06958656,0.0120798
5975.25,0.0707346,0.0140778
5975.5,0.07146792,0.00694548
5975.75,0.06108048,0.00670464
5976,0.06965244,0.00708588
5976.25,0.07813692,0.00730512
5976.5,0.06456348,0.00574992
5976.75,0.066528,0.00690984
5977,0.06803568,0.0068364
5977.25,0.06206436,0.0046764
5977.5,0.08164692,0.01216404
5977.75,0.06768144,0.01029996
5978,0.06740172,0.01034532
5978.25,0.066825,0.00903852
5978.5,0.06419088,0.01107972
5978.75,0.06690708,0.00610956
5979,0.07357068,0.00798768
5979.25,0.07480728,0.00821772
5979.5,0.06068736,0.00980964
5979.75,0.07034364,0.00772416
5980,0.06912972,0.00873936
5980.25,0.06740172,0.00611712
5980.5,0.06533784,0.00847692
5980.75,0.06293592,0.00610416
5981,0.06240348,0.01255068
5981.25,0.05599584,0.00845964
5981.5,0.0695142,0.01087344
5981.75,0.06223932,0.00955152
5982,0.07708824,0.01058616
5982.25,0.06464016,0.01505196
5982.5,0.06003504,0.00979884
5982.75,0.0590274,0.01221588
5983,0.0622188,0.01133136
5983.25,0.05718708,0.00683424
5983.5,0.05365116,0.01020168
5983.75,0.05020596,0.00829116
5984,0.03389796,0.0023112
5984.25,0.03583224,0.00157248
5984.5,0.03970836,0.00178524
5984.75,0.04162968,0.00122688
5985,0.0520776,0.00035424
5985.25,0.04089744,0.00190512
5985.5,0.05944968,0.00233928
5985.75,0.05155488,0.00437724
5986,0.05934168,0.00290736
5986.25,0.04710096,0.0031752
5986.5,0.04522608,0.00180684
5986.75,0.03709584,0.0013878
5987,0.0452844,0.00229716
5987.25,0.04276908,0.00310824
5987.5,0.04864212,0.00414504
5987.75,0.03564108,0.00288684
5988,0.04527684,0.00305532
5988.25,0.04910112,0.00312336
5988.5,0.03396708,0.00216864
5988.75,0.0477846,0.00282096
5989,0.0321192,0.0022194
5989.25,0.03132324,0.00288576
5989.5,0.04674996,0.00301644
5989.75,0.058374,0.00351756
5990,0.0328482,0.0026406
5990.25,0.04872636,0.00210276
5990.5,0.04351212,0.00205956
5990.75,0.04715064,0.00223452
5991,0.0334422,0.00205632
5991.25,0.04724784,0.00250236
5991.5,0.0438696,0.00239976
5991.75,0.04082832,0.00199584
5992,0.03715848,0.00234468
5992.25,0.05275692,0.00184896
5992.5,0.04027428,0.00079272
5992.75,0.05076972,0.00209952
5993,0.05605416,0.00320976
5993.25,0.05529492,0.006021
5993.5,0.05257224,0.0074952
5993.75,0.06405804,0.00561708
5994,0.0575046,0.00628236
5994.25,0.06569532,0.00969192
5994.5,0.0618948,0.004131
5994.75,0.0796338,0.00350028
5995,0.07971696,0.00322704
5995.25,0.0818154,0.00425628
5995.5,0.07938216,0.00483516
5995.75,0.08033256,0.00397764
5996,0.0763236,0.00610416
5996.25,0.07416792,0.00555876
5996.5,0.07625772,0.0051624
5996.75,0.06376752,0.00391608
5997,0.07038576,0.00665496
5997.25,0.06527088,0.00718524
5997.5,0.085509,0.00727704
5997.75,0.08285328,0.00770904
5998,0.07089984,0.00905472
5998.25,0.06569208,0.00755676
5998.5,0.06267888,0.00954288
5998.75,0.051354,0.0094986
5999,0.05980392,0.01058184
5999.25,0.06697296,0.00982692
5999.5,0.06511428,0.00657612
5999.75,0.06812964,0.00688824
6000,0.05386608,0.00712584
6000.25,0.05908356,0.00760644
6000.5,0.05663736,0.00680616
6000.75,0.06039684,0.00728892
6001,0.05567076,0.00678456
6001.25,0.05986656,0.00938196
6001.5,0.05542236,0.00752112
6001.75,0.05738256,0.0077436
6002,0.07091928,0.00791964
6002.25,0.06537888,0.00841644
6002.5,0.07099272,0.0054594
6002.75,0.0676296,0.0076518
6003,0.0694224,0.0063072
6003.25,0.05556384,0.00758268
6003.5,0.06575364,0.00743256
6003.75,0.07354152,0.00761292
6004,0.066528,0.00633528
6004.25,0.06367356,0.00624996
6004.5,0.0612252,0.01077948
6004.75,0.0631476,0.00820908
6005,0.05824656,0.00903528
6005.25,0.05107212,0.0072738
6005.5,0.06487668,0.01093284
6005.75,0.05996808,0.00625644
6006,0.0558144,0.0072198
6006.25,0.06955956,0.00813348
6006.5,0.07290648,0.00588492
6006.75,0.06289056,0.0037692
6007,0.06302988,0.0043848
6007.25,0.06508944,0.0079812
6007.5,0.06809184,0.00260604
6007.75,0.12765384,0.00731916
6008,0.06601176,0.005994
6008.25,0.11940048,0.00466776
6008.5,0.13034196,0.00117288
6008.75,0.13074048,0.00249804
6009,0.16221924,-4.86e-05
6009.25,0.15914664,-0.00097848
6009.5,0.1966356,-0.00114588
6009.75,0.12687516,0.00124956
6010,0.18878184,0.00100224
6010.25,0.14715216,0.00327996
6010.5,0.15580944,0.00463644
6010.75,0.19086408,0.001917
6011,0.16079364,0.0018468
6011.25,0.21305376,0.00654156
6011.5,0.17605404,0.00283068
6011.75,0.16543116,0.00412668
6012,0.15619932,0.00444636
6012.25,0.18188928,0.0043308
6012.5,0.1691604,0.00930852
6012.75,0.12858048,0.00581688
6013,0.1273104,0.00472608
6013.25,0.23370012,0.02881332
6013.5,0.1803168,0.00839592
6013.75,0.22236444,0.01163808
6014,0.24787512,0.009882
6014.25,0.20641932,0.00734616
6014.5,0.20342664,0.00415692
6014.75,0.21580344,0.0029592
6015,0.18768672,0.0071334
6015.25,0.19919196,0.00530496
6015.5,0.12884724,0.00299808
6015.75,0.1508868,0.00418932
6016,0.18261072,0.00348948
6016.25,0.1883088,0.0050382
6016.5,0.1817316,0.00686016
6016.75,0.18119268,0.00271944
6017,0.21741372,0.00536976
6017.25,0.21849372,0.00660744
6017.5,0.14745456,0.00632232
6017.75,0.20278728,0.00946836
6018,0.18683784,0.0060966
6018.25,0.1713096,0.01110564
6018.5,0.12204648,0.00702648
6018.75,0.21142944,0.01516644
6019,0.18793188,0.01720764
6019.25,0.21326436,0.01909116
6019.5,0.24819912,0.01253988
6019.75,0.16543764,0.00312228
6020,0.208872,0.00722088
6020.25,0.13064868,0.01103328
6020.5,0.22427064,0.02084184
6020.75,0.2023272,0.01000836
6021,0.12384144,0.00868428
6021.25,0.15354036,0.01092852
6021.5,0.1150362,0.01160568
6021.75,0.10325772,0.00396792
6022,0.14652576,0.00901152
6022.25,0.11189988,0.00992952
6022.5,0.09768816,0.0089694
6022.75,0.06731316,0.0109944
6023,0.07200684,0.01271376
6023.25,0.07443792,0.00855252
6023.5,0.07694136,0.00757404
6023.75,0.0790128,0.01180872
6024,0.07733988,0.00856116
6024.25,0.0682236,0.01075032
6024.5,0.08563536,0.01001484
6024.75,0.06529248,0.00852552
6025,0.06471792,0.00706104
6025.25,0.06469632,0.00976752
6025.5,0.07626312,0.00440748
6025.75,0.0672732,0.0066582
6026,0.06306552,0.00505332
6026.25,0.06495444,0.0090288
6026.5,0.05566428,0.00845316
6026.75,0.06060204,0.00621864
6027,0.061668,0.00696708
6027.25,0.06389712,0.00789912
6027.5,0.05827788,0.00724248
6027.75,0.05646132,0.00495072
6028,0.05966892,0.00567972
6028.25,0.06136992,0.00646272
6028.5,0.04954392,0.00531252
6028.75,0.06054912,0.00429192
6029,0.05837724,0.0061452
6029.25,0.04828464,0.0065016
6029.5,0.06075108,0.00767772
6029.75,0.05222448,0.00612036
6030,0.06276528,0.00725328
6030.25,0.05793552,0.00482004
6030.5,0.05309172,0.00450792
6030.75,0.06903036,0.00533196
6031,0.05895072,0.00569484
6031.25,0.06193152,0.00849852
6031.5,0.07098624,0.00408024
6031.75,0.11360952,0.00228096
6032,0.13249116,0.00313848
6032.25,0.14932836,0.00095688
6032.5,0.13712436,0.00119124
6032.75,0.14220144,0.00162972
6033,0.16135308,0.00084132
6033.25,0.18139356,-0.00144288
6033.5,0.19239228,-0.00057456
6033.75,0.2240892,0.00439884
6034,0.18918144,-0.00210816
6034.25,0.17547948,-0.00027756
6034.5,0.15087816,-0.0012798
6034.75,0.1578366,0.00108756
6035,0.17775828,0.00434916
6035.25,0.17032032,0.00217512
6035.5,0.16449588,0.005481
6035.75,0.14499216,0.00877716
6036,0.14274468,0.0027378
6036.25,0.18608184,0.00392364
6036.5,0.16138548,0.00599724
6036.75,0.14121216,0.00013824
6037,0.14162688,0.005184
6037.25,0.10236888,0.0086724
6037.5,0.165186,0.00864108
6037.75,0.13647528,-0.00015876
6038,0.17701308,-0.00019116
6038.25,0.18258804,-0.00136404
6038.5,0.17184852,2.484e-05
6038.75,0.16153236,-0.0031428
6039,0.21177612,0.00114912
6039.25,0.17458848,0.00082944
6039.5,0.1687554,-0.0023382
6039.75,0.14719752,0.00059616
6040,0.12567312,-0.00067824
6040.25,0.13589964,0.00030132
6040.5,0.10081584,-0.00189864
6040.75,0.15648552,0.00108
6041,0.15641316,-0.00282528
6041.25,0.13667508,0.000702
6041.5,0.14114844,0.00344736
6041.75,0.0885168,0.00186192
6042,0.1105164,0.00510948
6042.25,0.12789684,0.0064584
6042.5,0.14453316,0.0063018
6042.75,0.1670652,0.00563004
6043,0.20261556,0.00412344
6043.25,0.11633652,0.00097416
6043.5,0.20351736,0.00327996
6043.75,0.15514308,0.0019926
6044,0.09305172,0.00055296
6044.25,0.20998008,0.0041202
6044.5,0.15496164,0.00735588
6044.75,0.1802844,0.00304776
6045,0.17161416,0.01089828
6045.25,0.15160716,0.00697356
6045.5,0.13725396,0.00795852
6045.75,0.15959484,0.00493344
6046,0.119934,0.00807192
6046.25,0.08243964,0.00749196
6046.5,0.1029942,0.00871344
6046.75,0.07400376,0.00875232
6047,0.06909732,0.00989712
6047.25,0.07741224,0.01223424
6047.5,0.06441984,0.01540836
6047.75,0.06825168,0.01130976
6048,0.0681102,0.01099116
6048.25,0.0694494,0.00950184
6048.5,0.06952716,0.00936252
6048.75,0.0609498,0.00709776
6049,0.05663196,0.00876636
6049.25,0.06733044,0.00743148
6049.5,0.07255548,0.01042524
6049.75,0.06453756,0.00753732
6050,0.0693306,0.01000944
6050.25,0.06566292,0.00923832
6050.5,0.06307956,0.00780408
6050.75,0.06618456,0.01006128
6051,0.06674508,0.00982368
6051.25,0.06858648,0.01071576
6051.5,0.07031124,0.01292328
6051.75,0.0540162,0.01121148
6052,0.06693732,0.00998136
6052.25,0.07423704,0.00974916
6052.5,0.06944076,0.0096066
6052.75,0.06592104,0.01296972
6053,0.07105428,0.00943704
6053.25,0.07161156,0.01249452
6053.5,0.07486776,0.01514916
6053.75,0.0711396,0.01263492
6054,0.078786,0.0132246
6054.25,0.06241212,0.0082242
6054.5,0.07235784,0.00766044
6054.75,0.06170472,0.00795528
6055,0.05773356,0.00623484
6055.25,0.09534564,0.00575208
6055.5,0.10311732,0.0066474
6055.75,0.10194768,0.0043794
6056,0.10447812,0.00199368
6056.25,0.10286568,0.00288684
6056.5,0.13107636,0.002511
6056.75,0.14853672,0.00138348
6057,0.15973956,0.00203364
6057.25,0.13904244,0.00013068
6057.5,0.13375692,0.00146772
6057.75,0.16072344,0.00250452
6058,0.18926676,0.0003618
6058.25,0.1547532,0.00143316
6058.5,0.1265544,6.156e-05
6058.75,0.13610052,0.00212544
6059,0.15127344,0.00042876
6059.25,0.12993912,-0.0005994
6059.5,0.08921016,0.00300456
6059.75,0.13697856,0.0025164
6060,0.13041108,0.00691524
6060.25,0.12915612,0.007749
6060.5,0.13270608,0.00742068
6060.75,0.10940184,0.00809028
6061,0.09159372,0.00793584
6061.25,0.11494332,0.01006344
6061.5,0.13259376,0.00966708
6061.75,0.16006788,0.00094824
6062,0.1452492,0.0027756
6062.25,0.1139238,0.00066636
6062.5,0.15943824,0.00106164
6062.75,0.1494018,0.00462996
6063,0.11927736,-0.00177768
6063.25,0.13510476,-0.0019494
6063.5,0.11950308,0.00057132
6063.75,0.1034154,-0.00095148
6064,0.122796,-0.00285552
6064.25,0.14087952,1.836e-05
6064.5,0.12749832,-0.00333396
6064.75,0.13952304,0.00281016
6065,0.09169416,-0.00096012
6065.25,0.13711032,0.00322056
6065.5,0.09663192,0.00092988
6065.75,0.11039544,0.00228312
6066,0.11039868,0.00323244
6066.25,0.08809344,0.00377784
6066.5,0.077652,0.00554256
6066.75,0.06544476,0.00070632
6067,0.18730656,0.01065744
6067.25,0.16286724,0.00873288
6067.5,0.16873164,0.00902448
6067.75,0.0984312,0.00053676
6068,0.10962108,0.0027756
6068.25,0.136674,0.0060426
6068.5,0.13582836,0.0059346
6068.75,0.12970368,0.00546048
6069,0.09557136,0.00505224
6069.25,0.09997236,0.0101034
6069.5,0.10604952,0.00811404
6069.75,0.12315672,0.0029916
6070,0.1047816,0.00712152
6070.25,0.10860912,0.01258956
6070.5,0.07060392,0.01099656
6070.75,0.06667704,0.01605744
6071,0.0745038,0.01478304
6071.25,0.07689384,0.01675944
6071.5,0.07477812,0.01727136
6071.75,0.05921208,0.01120608
6072,0.07375536,0.01560492
6072.25,0.05919696,0.0128304
6072.5,0.07423812,0.00897912
6072.75,0.06048324,0.0071604
6073,0.07525008,0.0056862
6073.25,0.07028424,0.0059292
6073.5,0.08064792,0.00837432
6073.75,0.06254064,0.0087102
6074,0.05866992,0.01117152
6074.25,0.06470064,0.01073196
6074.5,0.07131024,0.00788508
6074.75,0.06480972,0.01001052
6075,0.05645052,0.01184436
6075.25,0.06766524,0.01118016
6075.5,0.05963544,0.0101412
6075.75,0.06220044,0.01123524
6076,0.0684018,0.01204092
6076.25,0.06516612,0.01047924
6076.5,0.06260328,0.00999972
6076.75,0.06193476,0.00878472
6077,0.066069,0.01171368
6077.25,0.06032664,0.00772524
6077.5,0.0707076,0.01061208
6077.75,0.0736452,0.0101574
6078,0.06109344,0.00550908
6078.25,0.06942672,0.00623268
6078.5,0.06483996,0.00565164
6078.75,0.07946964,0.00999324
6079,0.08271288,0.00643248
6079.25,0.0749844,0.003375
6079.5,0.09221148,0.00461268
6079.75,0.10436688,0.00867996
6080,0.07998264,0.00165672
6080.25,0.10084284,0.0030564
6080.5,0.11549412,0.00252936
6080.75,0.14767812,0.00075276
6081,0.14416812,0.00336744
6081.25,0.1395468,0.00432864
6081.5,0.12828348,0.00029916
6081.75,0.13113684,-0.00026676
6082,0.13056336,6.696e-05
6082.25,0.12762144,0.0008478
6082.5,0.14329332,0.00022356
6082.75,0.13625172,0.00113724
6083,0.14156748,-0.00220644
6083.25,0.1560276,-0.0005616
6083.5,0.13000176,0.0007776
6083.75,0.14555376,0.00306396
6084,0.1173798,0.00078084
6084.25,0.12812256,0.0080136
6084.5,0.12231972,0.00575424
6084.75,0.1121202,0.00523692
6085,0.10092384,0.00618084
6085.25,0.12308112,0.00623052
6085.5,0.12479616,0.00744444
6085.75,0.15168384,0.00290952
6086,0.15568632,0.00411912
6086.25,0.16840872,0.00377136
6086.5,0.15433848,0.00217836
6086.75,0.15145164,0.00146124
6087,0.16110792,-0.00049788
6087.25,0.14431392,-4.104e-05
6087.5,0.1449954,0.001431
6087.75,0.12709224,0.0020466
6088,0.1303668,-0.00155196
6088.25,0.13450536,0.00072252
6088.5,0.10524492,0.00184788
6088.75,0.13288968,0.00229068
6089,0.08609976,0.00156492
6089.25,0.11094084,0.00147636
6089.5,0.1136862,0.00256932
6089.75,0.11972664,0.005859
6090,0.0998892,0.00840996
6090.25,0.11213208,0.00559116
6090.5,0.13568688,0.00762372
6090.75,0.15109416,0.00922968
6091,0.18367452,0.00981288
6091.25,0.16219872,0.00367308
6091.5,0.14714568,0.0024246
6091.75,0.11693808,0.00275076
6092,0.1043334,0.0057726
6092.25,0.16793352,0.00458136
6092.5,0.14794272,0.00718848
6092.75,0.16073964,0.0101736
6093,0.14889528,0.00684504
6093.25,0.09303336,0.0072738
6093.5,0.13557348,0.0044766
6093.75,0.10517904,0.00473904
6094,0.10327716,0.0022248
6094.25,0.09581652,0.00983556
6094.5,0.07027668,0.00791424
6094.75,0.08014464,0.00992304
6095,0.07413552,0.01247832
6095.25,0.07302852,0.01312524
6095.5,0.06661764,0.01032804
6095.75,0.07664652,0.00898452
6096,0.07366896,0.00943488
6096.25,0.07174872,0.00840024
6096.5,0.077463,0.01045224
6096.75,0.06568992,0.0104058
6097,0.07979904,0.0127278
6097.25,0.0846504,0.01259064
6097.5,0.07555248,0.01136052
6097.75,0.07130916,0.01287684
6098,0.07309008,0.01363284
6098.25,0.07057476,0.01178172
6098.5,0.07100784,0.0121338
6098.75,0.07243236,0.00976104
6099,0.05939352,0.01160568
6099.25,0.0639468,0.01192752
6099.5,0.06574716,0.009963
6099.75,0.07635384,0.00998352
6100,0.05954904,0.01179252
6100.25,0.06858,0.01295676
6100.5,0.05792472,0.01428408
6100.75,0.06480756,0.01108296
6101,0.06115824,0.01235736
6101.25,0.065394,0.01240488
6101.5,0.06338304,0.01153656
6101.75,0.06403104,0.00918864
6102,0.07737444,0.0087642
6102.25,0.09235296,0.01121904
6102.5,0.07127028,0.00914544
6102.75,0.07862292,0.00956556
6103,0.08361576,0.00712584
6103.25,0.070362,0.00523908
6103.5,0.08900604,0.00397548
6103.75,0.11536452,0.00516456
6104,0.10306008,0.00304992
6104.25,0.11640456,0.00339012
6104.5,0.13524408,0.00430812
6104.75,0.12717108,0.00260172
6105,0.13821732,0.00371736
6105.25,0.15055308,0.0027648
6105.5,0.17242524,0.00259524
6105.75,0.18774504,0.00181764
6106,0.17573112,0.00773172
6106.25,0.16147296,0.00239112
6106.5,0.14861664,0.0042768
6106.75,0.1352646,0.0012366
6107,0.14736492,0.00340092
6107.25,0.15560856,0.000729
6107.5,0.15818004,-0.00295488
6107.75,0.15536016,0.00227016
6108,0.14005116,-0.00040392
6108.25,0.153306,0.00501012
6108.5,0.14438196,0.00413856
6108.75,0.12980736,0.00509544
6109,0.10689516,0.00737424
6109.25,0.11319912,0.00517644
6109.5,0.11639376,0.00466992
6109.75,0.15416676,0.0064854
6110,0.17085492,0.0020574
6110.25,0.15414948,-0.00442584
6110.5,0.17903592,0.00657072
6110.75,0.17629056,0.0051678
6111,0.14214744,-0.00378432
6111.25,0.14837256,-0.0041526
6111.5,0.12524004,-0.00219564
6111.75,0.125064,-0.00314496
6112,0.12807936,-0.00392688
6112.25,0.15133068,-0.00385452
6112.5,0.14947524,-0.00037368
6112.75,0.12756636,-0.00059832
6113,0.12584916,-0.00019764
6113.25,0.1238598,0.00201204
6113.5,0.11947824,0.00178848
6113.75,0.1085994,0.00092232
6114,0.08672076,0.00050112
6114.25,0.11996208,0.00280908
6114.5,0.09339624,0.00160812
6114.75,0.124659,0.00588276
6115,0.08154324,0.00219996
6115.25,0.13749156,0.00339984
6115.5,0.09611244,0.00328428
6115.75,0.10102644,0.00726192
6116,0.10604628,0.00737208
6116.25,0.09771516,0.00755784
6116.5,0.12124296,0.00580824
6116.75,0.13853808,0.0103842
6117,0.09293724,0.01222452
6117.25,0.1134594,0.0057672
6117.5,0.08461908,0.00883116
6117.75,0.09552492,0.00749196
6118,0.07672752,0.00837648
6118.25,0.0668682,0.01038852
6118.5,0.07871904,0.01143936
6118.75,0.0768744,0.01105056
6119,0.07904304,0.00973188
6119.25,0.05947992,0.00746172
6119.5,0.0764532,0.01313712
6119.75,0.07170012,0.00612144
6120,0.07240212,0.00464724
6120.25,0.06878952,0.00614412
6120.5,0.0591354,0.00676728
6120.75,0.06667596,0.00427896
6121,0.06499764,0.00513756
6121.25,0.08036388,0.00669708
6121.5,0.07189776,0.00624888
6121.75,0.07594992,0.0076464
6122,0.07430832,0.0086832
6122.25,0.07332336,0.0082134
6122.5,0.07561728,0.00797904
6122.75,0.07526952,0.00801036
6123,0.08880516,0.00832464
6123.25,0.0712476,0.0081324
6123.5,0.07758288,0.009747
6123.75,0.08276148,0.0100656
6124,0.07456644,0.01126008
6124.25,0.07728588,0.01315872
6124.5,0.06291216,0.0070092
6124.75,0.0592488,0.00739044
6125,0.07463556,0.00922536
6125.25,0.06627852,0.00787644
6125.5,0.06925176,0.00762696
6125.75,0.0751788,0.00851904
6126,0.07919748,0.00886032
6126.25,0.06621912,0.00868104
6126.5,0.06325452,0.00835056
6126.75,0.05814396,0.01149012
6127,0.0511758,0.00728784
6127.25,0.0533034,0.00654588
6127.5,0.06392844,0.0091098
6127.75,0.06242184,0.0068472
6128,0.04441284,0.00520452
6128.25,0.0413046,0.00389124
6128.5,0.045036,0.00354996
6128.75,0.0559602,0.00397008
6129,0.04938624,0.00429192
6129.25,0.06782832,0.00591624
6129.5,0.08503164,0.00586656
6129.75,0.06484536,0.00434268
6130,0.09623772,-0.00029808
6130.25,0.0881388,0.00415692
6130.5,0.04372704,0.00295056
6130.75,0.04544424,0.00462888
6131,0.051516,0.00374652
6131.25,0.05640624,0.0044388
6131.5,0.07236108,0.00612684
6131.75,0.05681448,0.00692496
6132,0.0797526,0.0069714
6132.25,0.05766876,0.00393336
6132.5,0.04743576,0.00506844
6132.75,0.05451948,0.00533196
6133,0.04769928,0.00450468
6133.25,0.054459,0.00504252
6133.5,0.06851196,0.00691308
6133.75,0.0521586,0.0036612
6134,0.06303636,0.00492156
6134.25,0.0693468,0.00577908
6134.5,0.06621696,0.00611172
6134.75,0.08312976,0.00704592
6135,0.07186212,0.00740988
6135.25,0.06719868,0.00644004
6135.5,0.05260572,0.00490536
6135.75,0.04571316,0.00511812
6136,0.04967136,0.00628452
6136.25,0.0702594,0.00468396
6136.5,0.05122872,0.0039258
6136.75,0.0487674,0.00432324
6137,0.04795848,0.00568512
6137.25,0.04656096,0.00548748
6137.5,0.06645456,0.00451116
6137.75,0.050625,0.00563436
6138,0.05331636,0.00488484
6138.25,0.05717736,0.00679428
6138.5,0.0576126,0.00483516
6138.75,0.06175008,0.00476712
6139,0.072657,0.01122228
6139.25,0.06482916,0.01216944
6139.5,0.07683984,0.01197072
6139.75,0.06588216,0.01284876
6140,0.06322428,0.01301724
6140.25,0.08231328,0.01697868
6140.5,0.06351912,0.0162
6140.75,0.07955712,0.01108728
6141,0.07035228,0.00628776
6141.25,0.07155648,0.008019
6141.5,0.06834132,0.00635256
6141.75,0.07002828,0.00944676
6142,0.06776136,0.00849744
6142.25,0.06355368,0.00828036
6142.5,0.0740664,0.00939708
6142.75,0.05908464,0.009072
6143,0.07330716,0.01030752
6143.25,0.07255656,0.00931824
6143.5,0.07356744,0.01361988
6143.75,0.087318,0.01207116
6144,0.06979716,0.01078056
6144.25,0.0693306,0.01102356
6144.5,0.07182,0.01120068
6144.75,0.06314112,0.01288548
6145,0.06365952,0.0092286
6145.25,0.0646812,0.01103328
6145.5,0.0725382,0.01142208
6145.75,0.06866748,0.01111212
6146,0.07051644,0.01519236
6146.25,0.07395084,0.01411884
6146.5,0.0696816,0.01475064
6146.75,0.07148088,0.01452816
6147,0.06854112,0.01509624
6147.25,0.07279848,0.01351296
6147.5,0.06917832,0.01520316
6147.75,0.06603984,0.01429164
6148,0.05776488,0.00695628
6148.25,0.06591456,0.00938736
6148.5,0.05909328,0.00554364
6148.75,0.05385744,0.00508464
6149,0.0556092,0.00714096
6149.25,0.06252984,0.00925668
6149.5,0.0617706,0.00811728
6149.75,0.06233436,0.00891864
6150,0.06113448,0.00959472
6150.25,0.06105564,0.00806436
6150.5,0.05575608,0.0081378
6150.75,0.0445662,0.00815292
6151,0.05462964,0.00928692
6151.25,0.04934304,0.00902772
6151.5,0.05183352,0.00655668
6151.75,0.04373676,0.00825228
6152,0.02949696,0.0053892
6152.25,0.03233628,0.00464076
6152.5,0.04569588,0.00780948
6152.75,0.05090364,0.00773064
6153,0.04225716,0.00780516
6153.25,0.04713768,0.0092988
6153.5,0.04817232,0.00534708
6153.75,0.04061664,0.00776412
6154,0.04036608,0.0068148
6154.25,0.03216564,0.00666036
6154.5,0.02564244,0.0056106
6154.75,0.02230416,0.00386964
6155,0.03236544,0.00337284
6155.25,0.03058344,0.00412776
6155.5,0.03192804,0.0043794
6155.75,0.0443772,0.0053784
6156,0.05868288,0.00369036
6156.25,0.04819716,0.0067392
6156.5,0.05302476,0.00646056
6156.75,0.04451652,0.00551124
6157,0.0358182,0.00719064
6157.25,0.02858004,0.00695196
6157.5,0.04060908,0.00856764
6157.75,0.0389556,0.00871236
6158,0.04040496,0.007236
6158.25,0.04433724,0.00913572
6158.5,0.04114476,0.00881928
6158.75,0.0560628,0.01030644
6159,0.04260384,0.00855576
6159.25,0.0423198,0.00855036
6159.5,0.03135024,0.00597672
6159.75,0.0404244,0.00523908
6160,0.03189024,0.00451764
6160.25,0.05415228,0.00475956
6160.5,0.03744468,0.00438804
6160.75,0.03857652,0.00345816
6161,0.04946832,0.00554472
6161.25,0.04813992,0.00561708
6161.5,0.0512406,0.00380592
6161.75,0.05241672,0.00812268
6162,0.05143068,0.0092124
6162.25,0.04624776,0.00728892
6162.5,0.04660416,0.00859572
6162.75,0.06227172,0.00716148
6163,0.06486048,0.00615708
6163.25,0.0601668,0.00528768
6163.5,0.06645564,0.00829656
6163.75,0.06622668,0.0078678
6164,0.07583868,0.00834624
6164.25,0.06322968,0.00854388
6164.5,0.07261596,0.00910548
6164.75,0.07120548,0.0094338
6165,0.0719118,0.0117018
6165.25,0.06977232,0.01107756
6165.5,0.07212348,0.01192104
6165.75,0.0703512,0.01221696
6166,0.07008768,0.01201068
6166.25,0.06596208,0.01447092
6166.5,0.05582952,0.0075222
6166.75,0.05110668,0.00671004
6167,0.05889672,0.0061398
6167.25,0.05993568,0.00631044
6167.5,0.06963192,0.00826308
6167.75,0.0671166,0.00835812
6168,0.06236136,0.00890352
6168.25,0.05900904,0.01107108
6168.5,0.057834,0.0099684
6168.75,0.06253092,0.01006884
6169,0.06516288,0.01019628
6169.25,0.06585408,0.0128358
6169.5,0.06459912,0.00982692
6169.75,0.0621378,0.01126764
6170,0.07188912,0.01612008
6170.25,0.06867504,0.01298376
6170.5,0.06356556,0.01398276
6170.75,0.06967836,0.01530576
6171,0.06337008,0.01532628
6171.25,0.0639306,0.01291032
6171.5,0.06385824,0.0132192
6171.75,0.06804972,0.01801116
6172,0.066393,0.01689552
6172.25,0.05933844,0.0166482
6172.5,0.05589108,0.01441368
6172.75,0.0566136,0.01252584
6173,0.06156216,0.01272996
6173.25,0.06556896,0.0103302
6173.5,0.0723384,0.01078488
6173.75,0.06733152,0.00969732
6174,0.07584516,0.0137646
6174.25,0.07808508,0.01132488
6174.5,0.07601148,0.00886896
6174.75,0.08250984,0.00975024
6175,0.06565428,0.00833328
6175.25,0.06813396,0.00971676
6175.5,0.09596772,0.0101574
6175.75,0.11774484,0.00633312
6176,0.105543,0.00322056
6176.25,0.12292344,0.00351324
6176.5,0.11766492,0.0044172
6176.75,0.11748564,0.00181332
6177,0.12622392,7.128e-05
6177.25,0.13185612,-9.504e-05
6177.5,0.14771916,0.00106272
6177.75,0.14780556,0.00198612
6178,0.1455084,0.00070416
6178.25,0.15853428,0.00222048
6178.5,0.12479832,0.00278856
6178.75,0.1322838,-0.000648
6179,0.14839524,0.00086292
6179.25,0.15064812,0.00026136
6179.5,0.164295,0.0050382
6179.75,0.1679724,0.001539
6180,0.14241852,0.00505656
6180.25,0.15846408,0.0051408
6180.5,0.14509368,0.00452628
6180.75,0.14040972,0.00520128
6181,0.13527324,0.005373
6181.25,0.135216,0.01688472
6181.5,0.1829142,0.00771228
6181.75,0.20419884,0.00383616
6182,0.21860388,0.00058428
6182.25,0.18687348,-0.00170424
6182.5,0.202473,-0.00241596
6182.75,0.19118376,-0.00290736
6183,0.18607968,-0.00137268
6183.25,0.14706684,-0.0012096
6183.5,0.1679778,-0.0025974
6183.75,0.14592096,-8.856e-05
6184,0.1632798,0.0013824
6184.25,0.15687216,0.00025488
6184.5,0.17757792,0.001971
6184.75,0.18074232,0.00131544
6185,0.16384464,0.00382536
6185.25,0.15520896,0.00374868
6185.5,0.14109984,0.00350784
6185.75,0.15223788,0.00462672
6186,0.14125104,0.007128
6186.25,0.13057416,0.00683748
6186.5,0.14273928,0.00550368
6186.75,0.18120456,0.0046332
6187,0.17509284,0.0048546
6187.25,0.15740244,0.00173664
6187.5,0.16545384,0.00118476
6187.75,0.16082388,0.00098604
6188,0.18181152,0.0047898
6188.25,0.17476776,0.00294732
6188.5,0.14965884,0.00461592
6188.75,0.12393648,0.00567756
6189,0.13222548,0.00627804
6189.25,0.11809908,0.00455436
6189.5,0.12300336,0.00365796
6189.75,0.10896768,0.0048654
6190,0.10529136,0.00861624
6190.25,0.09078048,0.00762912
6190.5,0.07748028,0.0086076
6190.75,0.07814772,0.00864648
6191,0.0705996,0.01188432
6191.25,0.06190344,0.01042524
6191.5,0.07049268,0.01265436
6191.75,0.06622668,0.01248804
6192,0.07118064,0.01080756
6192.25,0.0808812,0.0126684
6192.5,0.07437204,0.01310148
6192.75,0.07506216,0.00905796
6193,0.07442388,0.00967464
6193.25,0.07054344,0.0101034
6193.5,0.07343676,0.0114048
6193.75,0.07683444,0.00980532
6194,0.0756486,0.01020168
6194.25,0.07323804,0.01109808
6194.5,0.07619292,0.01115316
6194.75,0.06423732,0.01136916
6195,0.06226632,0.00935928
6195.25,0.06673428,0.01030212
6195.5,0.07127568,0.01014552
6195.75,0.06421248,0.00870048
6196,0.06428052,0.00811728
6196.25,0.06291108,0.00890352
6196.5,0.05868072,0.00837216
6196.75,0.06439824,0.00931932
6197,0.065502,0.00943812
6197.25,0.06406344,0.01032588
6197.5,0.07003044,0.01008072
6197.75,0.071064,0.00908496
6198,0.07488828,0.00968976
6198.25,0.09376992,0.00853956
6198.5,0.0816102,0.00732348
6198.75,0.07412472,0.00690552
6199,0.07265592,0.00467856
6199.25,0.08763768,0.0044172
6199.5,0.09687276,0.00498636
6199.75,0.1120014,0.00254988
6200,0.10852488,0.00412668
6200.25,0.11958732,0.00369144
6200.5,0.14432256,0.00452196
6200.75,0.13857696,0.00130032
6201,0.1498014,0.00064368
6201.25,0.1509732,0.000621
6201.5,0.1743228,0.00268704
6201.75,0.16570224,0.00189108
6202,0.1799874,-0.00138132
6202.25,0.16680708,0.00063288
6202.5,0.14734548,0.0027108
6202.75,0.13696128,0.00215244
6203,0.15002496,0.00116532
6203.25,0.15587532,0.0021924
6203.5,0.16549704,0.0024354
6203.75,0.16432524,0.0039096
6204,0.16819812,0.00762264
6204.25,0.14362272,0.00704916
6204.5,0.14782068,0.00583524
6204.75,0.13694292,0.0050436
6205,0.1213164,0.00970164
6205.25,0.15483312,0.00956988
6205.5,0.16870248,0.00763452
6205.75,0.19109196,0.00978048
6206,0.2011446,0.00099468
6206.25,0.19777716,-0.00170208
6206.5,0.201069,-0.0010908
6206.75,0.22248864,-0.00464724
6207,0.20180232,-0.00583956
6207.25,0.17637156,-0.0003888
6207.5,0.18297036,-0.00163728
6207.75,0.19309752,-0.00132192
6208,0.17781768,-0.00178308
6208.25,0.18353628,-0.00122472
6208.5,0.14975712,-0.00065232
6208.75,0.16207344,-0.00059184
6209,0.1720764,0.00274752
6209.25,0.13389408,0.00146124
6209.5,0.1361232,0.0057294
6209.75,0.14686704,0.00743796
6210,0.13573116,0.00681804
6210.25,0.1619028,0.00897156
6210.5,0.14735844,0.00783756
6210.75,0.1593864,0.01305612
6211,0.17454528,0.00892188
6211.25,0.18093564,0.00459432
6211.5,0.13849488,0.00749952
6211.75,0.11627064,0.00245052
6212,0.17471592,0.00190512
6212.25,0.16051284,0.00763992
6212.5,0.16474104,0.00466452
6212.75,0.0991818,0.00469368
6213,0.16386516,0.00861192
6213.25,0.16185744,0.00471744
6213.5,0.13962672,0.00206388
6213.75,0.12855672,0.00437292
6214,0.1149012,0.00722088
6214.25,0.09662544,0.00664308
6214.5,0.08859996,0.00988848
6214.75,0.07876764,0.0119664
6215,0.07054668,0.01358964
6215.25,0.07078536,0.01465344
6215.5,0.07549416,0.0117342
6215.75,0.0802818,0.01203984
6216,0.07190316,0.01200852
6216.25,0.076005,0.01174284
6216.5,0.06856596,0.01063044
6216.75,0.07341948,0.012123
6217,0.07201224,0.0112158
6217.25,0.06970644,0.01132488
6217.5,0.07396704,0.01092744
6217.75,0.07962084,0.01111428
6218,0.07903116,0.0125172
6218.25,0.07380072,0.0109458
6218.5,0.071496,0.00933552
6218.75,0.06969564,0.008883
6219,0.07231572,0.00875232
6219.25,0.0784674,0.01179144
6219.5,0.07420788,0.01039068
6219.75,0.07787664,0.01087992
6220,0.0701514,0.01164348
6220.25,0.0656802,0.01134324
6220.5,0.06779916,0.01073628
6220.75,0.06838884,0.01075248
6221,0.07460748,0.01259064
6221.25,0.0723114,0.01150308
6221.5,0.07839504,0.01270728
6221.75,0.07463772,0.01095228
6222,0.08433504,0.01346544
6222.25,0.08771436,0.01096848
6222.5,0.0745146,0.00846612
6222.75,0.07058016,0.0100494
6223,0.07046244,0.00822744
6223.25,0.07432776,0.0065286
6223.5,0.08590212,0.00565272
6223.75,0.1257444,0.00683316
6224,0.11493468,0.00654372
6224.25,0.118422,0.00521316
6224.5,0.12038976,0.0046818
6224.75,0.15306948,0.00427032
6225,0.15913044,0.01119096
6225.25,0.18972468,0.00819828
6225.5,0.18369612,0.00775764
6225.75,0.1767366,0.00590868
6226,0.19419372,0.0048384
6226.25,0.17860932,0.00736992
6226.5,0.14886504,0.00969948
6226.75,0.1382562,0.00617004
6227,0.15642504,0.00509868
6227.25,0.16652088,0.00431568
6227.5,0.16836984,0.00317196
6227.75,0.15730956,0.00829872
6228,0.15929568,0.01172556
6228.25,0.1369386,0.00673164
6228.5,0.15081552,0.00832032
6228.75,0.1373598,0.01053432
6229,0.11694672,0.01029024
6229.25,0.13116816,0.01117908
6229.5,0.1710234,0.00956664
6229.75,0.18228456,0.01063692
6230,0.1955124,0.00725436
6230.25,0.21929724,0.00232524
6230.5,0.24605532,0.00195156
6230.75,0.23374116,-0.00140076
6231,0.2370276,0.00579636
6231.25,0.26268948,0.00680292
6231.5,0.21161412,0.004806
6231.75,0.22019796,0.00164808
6232,0.20724552,-0.00257364
6232.25,0.20649276,0.00166968
6232.5,0.18862848,-0.000891
6232.75,0.19255212,0.00044928
6233,0.183438,0.00133056
6233.25,0.16582752,0.00190404
6233.5,0.13954032,0.00321624
6233.75,0.14713488,0.00385884
6234,0.12912264,0.00393768
6234.25,0.1265274,0.00514188
6234.5,0.12423564,0.00816048
6234.75,0.13914612,0.00835812
6235,0.10784556,0.00278424
6235.25,0.1545642,0.00483948
6235.5,0.17897004,0.0057564
6235.75,0.16377228,0.00499608
6236,0.13633272,0.00742608
6236.25,0.1657152,0.01338552
6236.5,0.14761008,0.017847
6236.75,0.15213096,0.01459404
6237,0.15665076,0.02010528
6237.25,0.13129776,0.007263
6237.5,0.12803292,0.00514188
6237.75,0.11915424,0.00553176
6238,0.09651636,0.01006236
6238.25,0.09365112,0.01175364
6238.5,0.0864162,0.01337364
6238.75,0.0751896,0.01134108
6239,0.06942888,0.00688932
6239.25,0.07322076,0.00757296
6239.5,0.07452324,0.00911628
6239.75,0.07546932,0.00842184
6240,0.07187616,0.00810432
6240.25,0.06978528,0.00915084
6240.5,0.06898824,0.00890784
6240.75,0.06842016,0.01043928
6241,0.07009632,0.01118016
6241.25,0.06854436,0.01056456
6241.5,0.07095384,0.01164888
6241.75,0.07167852,0.01229256
6242,0.072765,0.00983772
6242.25,0.06874956,0.00913896
6242.5,0.07054992,0.0090936
6242.75,0.07201872,0.00887976
6243,0.07387308,0.00971568
6243.25,0.06764904,0.00865944
6243.5,0.06887808,0.00925344
6243.75,0.0726624,0.01071252
6244,0.07189344,0.00969192
6244.25,0.07148412,0.00851148
6244.5,0.06271992,0.00798768
6244.75,0.06436584,0.00795528
6245,0.07337088,0.01012824
6245.25,0.069768,0.0094014
6245.5,0.07301448,0.00883548
6245.75,0.07473492,0.00848772
6246,0.07563024,0.008748
6246.25,0.07809372,0.00700704
6246.5,0.0713826,0.0059022
6246.75,0.07956684,0.00653292
6247,0.07550604,0.00701244
6247.25,0.0658314,0.00441288
6247.5,0.0847314,0.00666036
6247.75,0.10853892,0.00292896
6248,0.10272204,0.00420444
6248.25,0.10723428,0.00377136
6248.5,0.11546172,0.0082188
6248.75,0.12307356,0.00373788
6249,0.12794436,0.00246024
6249.25,0.14546088,0.00482436
6249.5,0.17251272,0.0056052
6249.75,0.1845882,0.00671868
6250,0.1600614,0.00159192
6250.25,0.18125856,0.0046872
6250.5,0.151308,0.00238248
6250.75,0.16466652,0.00135324
6251,0.17043264,0.00069552
6251.25,0.18462492,0.00258552
6251.5,0.1558656,0.00219996
6251.75,0.17553888,0.0070254
6252,0.17393724,0.0072468
6252.25,0.17578944,0.01012284
6252.5,0.18642312,0.00675756
6252.75,0.17734572,0.00910116
6253,0.16854156,0.00891756
6253.25,0.1808838,0.00842292
6253.5,0.18810252,0.00988092
6253.75,0.2602206,0.01030212
6254,0.30568644,0.00150228
6254.25,0.24596028,0.001053
6254.5,0.32475384,0.0012042
6254.75,0.32899284,0.00071604
6255,0.22453632,0.00025704
6255.25,0.31718412,0.01016496
6255.5,0.24870888,0.00202392
6255.75,0.24871968,0.00363744
6256,0.19237932,0.00205308
6256.25,0.19247544,0.00331668
6256.5,0.2040768,0.00284148
6256.75,0.21779172,0.01145988
6257,0.20806092,0.00873828
6257.25,0.17025768,0.00333288
6257.5,0.18919656,0.0091476
6257.75,0.18557208,0.0088884
6258,0.1523988,0.00840348
6258.25,0.16676172,0.0099738
6258.5,0.15078852,0.00925668
6258.75,0.17448804,0.01434564
6259,0.19617876,0.01546668
6259.25,0.19650276,0.01174068
6259.5,0.21364992,0.01265436
6259.75,0.20463732,0.00791748
6260,0.1578366,0.001701
6260.25,0.21066048,0.00599616
6260.5,0.19892088,0.00786024
6260.75,0.19494324,0.01165428
6261,0.11850516,0.00374328
6261.25,0.17182368,0.01398708
6261.5,0.15066972,0.01389528
6261.75,0.14055012,0.01456056
6262,0.11561184,0.01243404
6262.25,0.10317024,0.01136376
6262.5,0.08604468,0.01297944
6262.75,0.08208,0.01707264
6263,0.07237836,0.01734588
6263.25,0.07092684,0.01488132
6263.5,0.07489044,0.0169398
6263.75,0.07990704,0.0145206
6264,0.07570368,0.0159732
6264.25,0.07587,0.01655856
6264.5,0.06898392,0.01297296
6264.75,0.07187724,0.01009584
6265,0.0770256,0.01451844
6265.25,0.07178976,0.01578852
6265.5,0.08272908,0.01823148
6265.75,0.08235108,0.01616652
6266,0.07892856,0.01696464
6266.25,0.07548012,0.01602612
6266.5,0.07422948,0.0171288
6266.75,0.07835616,0.01674864
6267,0.0776196,0.01795932
6267.25,0.08002368,0.01963008
6267.5,0.08035956,0.01693764
6267.75,0.07999236,0.0160326
6268,0.07958952,0.01528092
6268.25,0.07608924,0.0184572
6268.5,0.07209,0.01716876
6268.75,0.07068816,0.01858572
6269,0.072603,0.01746576
6269.25,0.07414632,0.0197802
6269.5,0.07757748,0.0189486
6269.75,0.0808758,0.0159678
6270,0.07319592,0.01586412
6270.25,0.08660304,0.0174366
6270.5,0.09691488,0.01313928
6270.75,0.0827118,0.01174284
6271,0.11216988,0.01683612
6271.25,0.0922806,0.006804
6271.5,0.1131624,0.00766044
6271.75,0.13264992,0.0071118
6272,0.12581136,0.0057834
6272.25,0.13252464,0.00193428
6272.5,0.15801264,0.00195264
6272.75,0.1581282,0.00363528
6273,0.191322,0.0042876
6273.25,0.17287992,0.00406512
6273.5,0.187353,0.00246132
6273.75,0.18201456,0.0073278
6274,0.20783304,0.00489132
6274.25,0.17741268,0.00486324
6274.5,0.1433268,-0.00071604
6274.75,0.142425,0.00028404
6275,0.13819572,0.00247104
6275.25,0.16152588,0.0021384
6275.5,0.15477804,0.00290844
6275.75,0.1549908,0.00339012
6276,0.15641208,0.00665388
6276.25,0.16657272,0.00953532
6276.5,0.1640628,0.00706536
6276.75,0.16122024,0.00556848
6277,0.12981708,0.00744336
6277.25,0.13954248,0.00950832
6277.5,0.17953596,0.00825444
6277.75,0.21845484,0.00767664
6278,0.24274944,0.01522368
6278.25,0.25984584,0.00760428
6278.5,0.23489352,0.00800496
6278.75,0.22295196,0.00605124
6279,0.23606532,0.01060452
6279.25,0.225531,0.0094878
6279.5,0.22422204,0.00970488
6279.75,0.24106788,0.01515672
6280,0.16265988,0.00431352
6280.25,0.18833904,0.0110484
6280.5,0.1773036,0.00811728
6280.75,0.15109416,0.00789912
6281,0.20455632,0.01152792
6281.25,0.2014794,0.0105354
6281.5,0.16494516,0.00808488
6281.75,0.2127438,0.015687
6282,0.20435976,0.01842804
6282.25,0.17564256,0.0158652
6282.5,0.19108764,0.01738368
6282.75,0.12771432,0.00415692
6283,0.19927728,0.00991548
6283.25,0.20503908,0.00419472
6283.5,0.2233008,0.01471176
6283.75,0.2194398,0.01383588
6284,0.22263228,0.01492992
6284.25,0.22215276,0.01558656
6284.5,0.21458304,0.01468584
6284.75,0.16717968,0.01471392
6285,0.18945468,0.01866564
6285.25,0.17352144,0.01362636
6285.5,0.16867656,0.01392336
6285.75,0.15951168,0.01505412
6286,0.1296918,0.01510164
6286.25,0.1176768,0.01706832
6286.5,0.10225548,0.01756296
6286.75,0.08178192,0.01803168
6287,0.079353,0.0189486
6287.25,0.07705476,0.0190512
6287.5,0.08244936,0.0196938
6287.75,0.0826632,0.01935144
6288,0.07954416,0.01806192
6288.25,0.07523604,0.01709748
6288.5,0.07309224,0.01285632
6288.75,0.07795764,0.0180792
6289,0.08305848,0.01744416
6289.25,0.08497656,0.01749168
6289.5,0.08289756,0.01716876
6289.75,0.086994,0.01876068
6290,0.0864702,0.02064528
6290.25,0.07795008,0.01739772
6290.5,0.0762102,0.01523232
6290.75,0.08220744,0.01531116
6291,0.0769878,0.01586736
6291.25,0.0733968,0.01743552
6291.5,0.0736938,0.01475388
6291.75,0.07564644,0.0187704
6292,0.0759564,0.01860408
6292.25,0.07367112,0.01814184
6292.5,0.06759504,0.0181656
6292.75,0.06713496,0.01793664
6293,0.0721494,0.01972512
6293.25,0.07323048,0.01974348
6293.5,0.07916184,0.01880604
6293.75,0.07799976,0.01846152
6294,0.07800192,0.020736
6294.25,0.07850196,0.01823904
6294.5,0.07131672,0.01492236
6294.75,0.06142176,0.0172044
6295,0.06333552,0.01757592
6295.25,0.05775408,0.01607796
6295.5,0.05744736,0.01568268
6295.75,0.0600264,0.0154278
6296,0.04787424,0.01493316
6296.25,0.04928796,0.01255824
6296.5,0.05322564,0.01164996
6296.75,0.05286168,0.01113048
6297,0.05978556,0.01371492
6297.25,0.07183512,0.01336392
6297.5,0.07919208,0.0143316
6297.75,0.07638516,0.014931
6298,0.0669384,0.0131652
6298.25,0.07315488,0.01882224
6298.5,0.05158836,0.0135486
6298.75,0.0535572,0.01296864
6299,0.06490908,0.01018548
6299.25,0.07269156,0.01101492
6299.5,0.06880788,0.0110808
6299.75,0.0643194,0.01132056
6300,0.06082992,0.00878688
6300.25,0.06552468,0.00908064
6300.5,0.06115716,0.01043604
6300.75,0.06376428,0.01050948
6301,0.06041304,0.01225152
6301.25,0.06193908,0.01247724
6301.5,0.05990328,0.01268784
6301.75,0.0665118,0.01128492
6302,0.06748272,0.01330668
6302.25,0.07378992,0.01580796
6302.5,0.07823736,0.0167994
6302.75,0.074115,0.01471176
6303,0.07649856,0.01407024
6303.25,0.08011332,0.01291896
6303.5,0.06906384,0.0140292
6303.75,0.06563376,0.01835568
6304,0.07481808,0.01876284
6304.25,0.0828954,0.0187272
6304.5,0.08614296,0.01856628
6304.75,0.07651368,0.01994868
6305,0.0763182,0.01790532
6305.25,0.0828036,0.01704456
6305.5,0.0870264,0.01774224
6305.75,0.09347832,0.02086776
6306,0.08315352,0.01898964
6306.25,0.08364708,0.0161298
6306.5,0.08063496,0.01233792
6306.75,0.0954072,0.01481652
6307,0.06958548,0.01064556
6307.25,0.08383392,0.0138564
6307.5,0.08962056,0.01577448
6307.75,0.09147384,0.01610604
6308,0.0867456,0.0158328
6308.25,0.08398404,0.017037
6308.5,0.09533376,0.0213246
6308.75,0.08084124,0.01914408
6309,0.07687116,0.01765044
6309.25,0.08265888,0.01873584
6309.5,0.08400024,0.01854468
6309.75,0.08775648,0.01872828
6310,0.075492,0.01907388
6310.25,0.08059068,0.01697652
6310.5,0.07549416,0.01160136
6310.75,0.06817284,0.0116262
6311,0.067527,0.0108108
6311.25,0.08296236,0.01597968
6311.5,0.08857404,0.01918188
6311.75,0.0819234,0.01972188
6312,0.08106804,0.01778112
6312.25,0.07629876,0.01734804
6312.5,0.08348832,0.0182196
6312.75,0.0833598,0.01868292
6313,0.08569152,0.02042604
6313.25,0.08439336,0.0169722
6313.5,0.08796276,0.01403352
6313.75,0.0842454,0.01367388
6314,0.08759556,0.01596456
6314.25,0.08339652,0.0135108
6314.5,0.0794556,0.01333476
6314.75,0.08339544,0.01233144
6315,0.08254224,0.01478844
6315.25,0.08193312,0.0162648
6315.5,0.08531676,0.01461132
6315.75,0.08983764,0.01553364
6316,0.075681,0.01478088
6316.25,0.07746408,0.01443636
6316.5,0.07911648,0.01475172
6316.75,0.0747144,0.01417176
6317,0.07988328,0.014688
6317.25,0.08357148,0.01399464
6317.5,0.08627364,0.01488132
6317.75,0.08144064,0.01271484
6318,0.07958088,0.01338552
6318.25,0.08647344,0.01248156
6318.5,0.085509,0.01258524
6318.75,0.08875764,0.01386828
6319,0.08215128,0.01415448
6319.25,0.07745112,0.0111186
6319.5,0.07919964,0.01056456
6319.75,0.07361712,0.01113696
6320,0.0523908,0.01066284
6320.25,0.05096412,0.0103464
6320.5,0.0483516,0.0080082
6320.75,0.05703372,0.0085968
6321,0.05610708,0.00882036
6321.25,0.05631012,0.00758268
6321.5,0.06200064,0.00754812
6321.75,0.05872176,0.00653616
6322,0.05507244,0.00579204
6322.25,0.06198768,0.00631368
6322.5,0.04083264,0.0038502
6322.75,0.03963168,0.00558252
6323,0.04955796,0.00664848
6323.25,0.0491454,0.00762156
6323.5,0.056835,0.00935496
6323.75,0.0553608,0.00786672
6324,0.05607576,0.0100278
6324.25,0.05684796,0.01104948
6324.5,0.05264892,0.01058184
6324.75,0.0534276,0.01098036
6325,0.04476816,0.01130328
6325.25,0.04588272,0.01086696
6325.5,0.04718196,0.0076842
6325.75,0.05596776,0.00851472
6326,0.05761152,0.00884628
6326.25,0.048816,0.01062504
6326.5,0.05319108,0.00860976
6326.75,0.04809672,0.00708696
6327,0.05045652,0.00774252
6327.25,0.05650884,0.00799848
6327.5,0.04165884,0.0061938
6327.75,0.0455436,0.00626076
6328,0.04602636,0.0063882
6328.25,0.0571104,0.00731376
6328.5,0.05064552,0.00840132
6328.75,0.05052132,0.01024056
6329,0.0556578,0.01130436
6329.25,0.06101244,0.00983772
6329.5,0.05718384,0.01033992
6329.75,0.05705208,0.01063152
6330,0.0485568,0.00845748
6330.25,0.05949396,0.0092448
6330.5,0.05021784,0.00788724
6330.75,0.06473952,0.00554688
6331,0.06459804,0.00588492
6331.25,0.06446844,0.0063612
6331.5,0.06893208,0.0066312
6331.75,0.06800976,0.00621108
6332,0.07526628,0.00571212
6332.25,0.0763452,0.00698868
6332.5,0.06808104,0.00738828
6332.75,0.07129728,0.0079974
6333,0.07456752,0.0081918
6333.25,0.07125084,0.00879876
6333.5,0.06446844,0.00843912
6333.75,0.07755372,0.01005804
6334,0.07050672,0.0106758
6334.25,0.0639684,0.00895212
6334.5,0.065853,0.0103518
6334.75,0.0684018,0.01068012
6335,0.07031232,0.012474
6335.25,0.07416252,0.0139104
6335.5,0.07171308,0.01235844
6335.75,0.07574148,0.01116396
6336,0.0739098,0.01147824
6336.25,0.0694062,0.01085508
6336.5,0.06193044,0.01123632
6336.75,0.06539724,0.01064772
6337,0.07028856,0.01277856
6337.25,0.06687036,0.01134108
6337.5,0.0676026,0.01343844
6337.75,0.07443468,0.01416204
6338,0.07139016,0.01371708
6338.25,0.07062876,0.01016496
6338.5,0.07101324,0.01093068
6338.75,0.0700596,0.01029024
6339,0.0690714,0.00935928
6339.25,0.06953796,0.01221912
6339.5,0.0709884,0.01212408
6339.75,0.0676674,0.01273968
6340,0.06879168,0.01099332
6340.25,0.07625556,0.01359936
6340.5,0.08247636,0.01357776
6340.75,0.07961652,0.01473444
6341,0.07458048,0.01371924
6341.25,0.075843,0.01381104
6341.5,0.08478432,0.01414152
6341.75,0.08289972,0.01426032
6342,0.08955036,0.014526
6342.25,0.09193716,0.01322676
6342.5,0.079596,0.01021896
6342.75,0.07585488,0.00995652
6343,0.0714906,0.009234
6343.25,0.06698484,0.00944028
6343.5,0.09128808,0.00837324
6343.75,0.12135852,0.00549612
6344,0.1082268,0.00362124
6344.25,0.11097,0.00173772
6344.5,0.11175948,0.00020736
6344.75,0.12733956,0.00192024
6345,0.13402908,4.968e-05
6345.25,0.12869388,-0.0004158
6345.5,0.14935968,0.00305748
6345.75,0.15926004,0.0013014
6346,0.15025284,-0.00162648
6346.25,0.15902892,-0.00036288
6346.5,0.13631544,-0.00250776
6346.75,0.1258254,-0.00080568
6347,0.1657368,0.00173556
6347.25,0.14624388,0.00209304
6347.5,0.15847056,0.00465588
6347.75,0.16682544,0.01109808
6348,0.14884776,0.0081108
6348.25,0.13482072,0.00215028
6348.5,0.1324566,0.00068148
6348.75,0.138726,0.00498312
6349,0.11299176,0.00533628
6349.25,0.12440736,0.00526068
6349.5,0.14175,0.00342792
6349.75,0.18170568,0.00369684
6350,0.17134848,0.00389772
6350.25,0.18207396,-2.16e-06
6350.5,0.17209476,0.00051624
6350.75,0.1874772,0.00095904
6351,0.19503504,-0.00073872
6351.25,0.2126196,0.00104004
6351.5,0.18002412,0.00016308
6351.75,0.16372908,0.00139644
6352,0.18028548,0.00420012
6352.25,0.1723518,0.00227556
6352.5,0.1659312,0.01135404
6352.75,0.15633216,0.00165888
6353,0.10451052,0.00277344
6353.25,0.10822572,0.00347868
6353.5,0.14299092,0.00403056
6353.75,0.1337742,0.00162108
6354,0.12954492,0.00489024
6354.25,0.13073076,0.00373248
6354.5,0.14262372,0.00543996
6354.75,0.15569172,0.00585252
6355,0.19128852,0.00674568
6355.25,0.20187792,0.00569916
6355.5,0.12140712,0.00131544
6355.75,0.17836632,0.0025488
6356,0.12123108,0.00476388
6356.25,0.12931596,0.00345924
6356.5,0.15807312,0.0044496
6356.75,0.14697288,0.00434052
6357,0.1528956,0.00740988
6357.25,0.1382292,0.00729
6357.5,0.1432188,0.01052676
6357.75,0.13718916,0.01055052
6358,0.12874248,0.01240056
6358.25,0.11054016,0.01025244
6358.5,0.08433396,0.01008288
6358.75,0.07344216,0.00893592
6359,0.07543692,0.00984096
6359.25,0.07472952,0.01133136
6359.5,0.07556436,0.01272348
6359.75,0.07914564,0.01419228
6360,0.08112852,0.01475172
6360.25,0.08348184,0.01431108
6360.5,0.07227252,0.01279908
6360.75,0.07190316,0.01113264
6361,0.074709,0.0134676
6361.25,0.0810378,0.013608
6361.5,0.07720164,0.01246212
6361.75,0.07165368,0.01325916
6362,0.08233056,0.01517508
6362.25,0.07662384,0.01428624
6362.5,0.07243344,0.01268136
6362.75,0.08110584,0.01613736
6363,0.07391412,0.01521072
6363.25,0.07447896,0.01203552
6363.5,0.0773766,0.01203228
6363.75,0.07739928,0.01431108
6364,0.07463664,0.01226664
6364.25,0.0729972,0.0149796
6364.5,0.07397784,0.01360476
6364.75,0.07216884,0.01488672
6365,0.07624044,0.01560384
6365.25,0.08048484,0.01616976
6365.5,0.07878492,0.0143748
6365.75,0.08119548,0.01350972
6366,0.08032716,0.01445796
6366.25,0.07789068,0.01237032
6366.5,0.069795,0.01369332
6366.75,0.0688176,0.01701648
6367,0.07078536,0.01199448
6367.25,0.0859086,0.00846612
6367.5,0.0977022,0.00740448
6367.75,0.11778804,0.01297944
6368,0.12767652,0.01066716
6368.25,0.1129842,0.00417744
6368.5,0.13619988,0.00345816
6368.75,0.15837336,0.00429084
6369,0.15712596,0.0037638
6369.25,0.16058844,0.0062586
6369.5,0.1597806,0.0011718
6369.75,0.1722438,-0.00114156
6370,0.16184664,0.00049896
6370.25,0.16296552,0.00587412
6370.5,0.14494464,0.01201284
6370.75,0.1530792,0.00413316
6371,0.15973308,0.00112644
6371.25,0.17886636,0.00078408
6371.5,0.19531584,0.0020304
6371.75,0.17230968,0.00114156
6372,0.15400584,-0.00032832
6372.25,0.16159068,0.002673
6372.5,0.14890824,0.01332072
6372.75,0.15560532,0.00327132
6373,0.1359828,0.0054216
6373.25,0.1390878,0.00572832
6373.5,0.1632636,0.01095552
6373.75,0.18701496,0.01067796
6374,0.18529776,0.00515916
6374.25,0.1931688,0.004617
6374.5,0.1964574,0.00053676
6374.75,0.21202128,-0.00246456
6375,0.21098124,0.00054432
6375.25,0.20633076,0.00268056
6375.5,0.17847108,0.00027216
6375.75,0.18999252,0.00170748
6376,0.18931104,-0.00080136
6376.25,0.17803044,0.00348732
6376.5,0.14755608,-0.00040284
6376.75,0.161811,0.0011826
6377,0.12691296,-0.00018576
6377.25,0.1590786,0.000675
6377.5,0.16130016,0.00523692
6377.75,0.10944936,0.00384264
6378,0.13312728,0.001431
6378.25,0.13188852,0.00211896
6378.5,0.14468544,0.01090908
6378.75,0.10648368,0.00380268
6379,0.17856396,0.00439236
6379.25,0.15380928,0.00291276
6379.5,0.15860556,0.00219564
6379.75,0.18110196,0.00170424
6380,0.1240218,-0.00081756
6380.25,0.16952436,-0.000675
6380.5,0.16138116,0.00195372
6380.75,0.16570764,0.00256068
6381,0.15355116,0.00770472
6381.25,0.1465344,0.00444204
6381.5,0.13295664,0.002916
6381.75,0.13117788,0.0043254
6382,0.11118816,0.00322812
6382.25,0.10609164,0.00501552
6382.5,0.094986,0.00544968
6382.75,0.08003664,0.00456516
6383,0.07490664,0.0053028
6383.25,0.07980984,0.0059508
6383.5,0.0744228,0.00741744
6383.75,0.0805842,0.0079272
6384,0.078327,0.00641304
6384.25,0.07361496,0.00663336
6384.5,0.0649134,0.0054918
6384.75,0.06942132,0.0083052
6385,0.07434396,0.0108486
6385.25,0.07277256,0.01249236
6385.5,0.07587108,0.0121662
6385.75,0.07954632,0.01302048
6386,0.07593696,0.01237356
6386.25,0.0779544,0.01243836
6386.5,0.08021052,0.00966384
6386.75,0.07314192,0.0091368
6387,0.07807536,0.01089828
6387.25,0.079866,0.01045332
6387.5,0.07769952,0.01052136
6387.75,0.08329284,0.01087128
6388,0.07390656,0.01030644
6388.25,0.07745868,0.01076652
6388.5,0.06915564,0.00929124
6388.75,0.0730944,0.00848232
6389,0.07429104,0.00765504
6389.25,0.07405992,0.01006884
6389.5,0.07692948,0.00986796
6389.75,0.07842852,0.01134216
6390,0.0790722,0.00894996
6390.25,0.07574688,0.0067068
6390.5,0.06468012,0.00628776
6390.75,0.07666812,0.00430056
6391,0.08387928,0.00618948
6391.25,0.07893288,0.00270864
6391.5,0.11171628,0.00431676
6391.75,0.09940536,0.00303912
6392,0.09983736,0.00389556
6392.25,0.12236724,0.00240192
6392.5,0.1099116,0.0005886
6392.75,0.13712652,0.0004428
6393,0.13876056,0.00222696
6393.25,0.13402476,-0.00229284
6393.5,0.14239368,0.00075816
6393.75,0.1521126,0.0007128
6394,0.16173864,-0.00104328
6394.25,0.1474362,-0.00190836
6394.5,0.1351782,-0.00139428
6394.75,0.12459204,0.00091368
6395,0.1381482,-0.00111024
6395.25,0.15396696,0.00092772
6395.5,0.1664712,-0.00180144
6395.75,0.1632744,-0.00034668
6396,0.15213852,0.00306936
6396.25,0.14873328,0.00566244
6396.5,0.14480964,0.00533628
6396.75,0.13538664,0.0030348
6397,0.09723888,0.00114156
6397.25,0.12651552,0.00355752
6397.5,0.14204916,0.00509976
6397.75,0.158571,-0.00100332
6398,0.17028252,-0.0020898
6398.25,0.1722222,-0.0002592
6398.5,0.16616988,-0.00329616
6398.75,0.1760076,-0.00343872
6399,0.17301924,-0.00292248
6399.25,0.1570212,-0.00114912
6399.5,0.1434942,-0.00167184
6399.75,0.13761252,-0.00088992
6400,0.1182492,-0.00121824
6400.25,0.1520694,-0.00084672
6400.5,0.16446348,0.00097416
6400.75,0.12355848,-0.00143964
6401,0.09743868,0.00012852
6401.25,0.13457664,0.00091476
6401.5,0.12230244,0.00212328
6401.75,0.12750048,0.00217728
6402,0.12253248,0.00504684
6402.25,0.124794,0.0051624
6402.5,0.12696588,0.00447984
6402.75,0.13677552,0.00534384
6403,0.15575004,0.00393336
6403.25,0.17813736,0.00288036
6403.5,0.11037924,0.00123552
6403.75,0.09964404,0.00098604
6404,0.16686648,0.00510084
6404.25,0.13314672,0.001215
6404.5,0.131409,0.00052596
6404.75,0.16612452,0.00884628
6405,0.16397208,0.00639468
6405.25,0.15844896,0.01148256
6405.5,0.12694536,0.01055268
6405.75,0.10180512,0.00996624
6406,0.07682148,0.00592704
6406.25,0.1067688,0.00928908
6406.5,0.08892612,0.01144692
6406.75,0.08380152,0.01224396
6407,0.0778518,0.00870372
6407.25,0.08008092,0.00960984
6407.5,0.0796662,0.01143396
6407.75,0.07715736,0.00931608
6408,0.0851148,0.01060452
6408.25,0.08224092,0.01292652
6408.5,0.07365924,0.010422
6408.75,0.07399944,0.00943164
6409,0.07496712,0.00891756
6409.25,0.07475652,0.00908496
6409.5,0.08415468,0.01130868
6409.75,0.08059392,0.01271808
6410,0.07764228,0.0133758
6410.25,0.06884892,0.01263384
6410.5,0.07901172,0.01550124
6410.75,0.07862832,0.01296432
6411,0.07827192,0.01392984
6411.25,0.07598448,0.01376028
6411.5,0.07649316,0.01411992
6411.75,0.077409,0.01314684
6412,0.07964352,0.01267812
6412.25,0.07427052,0.01217484
6412.5,0.06967188,0.01261548
6412.75,0.066771,0.01300212
6413,0.07459344,0.01380888
6413.25,0.07847712,0.01214028
6413.5,0.08080128,0.01392336
6413.75,0.07791336,0.01300428
6414,0.075033,0.01161648
6414.25,0.0766098,0.01178604
6414.5,0.073737,0.0127386
6414.75,0.06885324,0.01021248
6415,0.06931116,0.00680616
6415.25,0.08245692,0.01147608
6415.5,0.08970048,0.0063882
6415.75,0.11945772,0.00447876
6416,0.12065652,0.00472824
6416.25,0.12636648,0.0070956
6416.5,0.14192604,0.00446472
6416.75,0.15483744,0.00222912
6417,0.14878944,-0.00088236
6417.25,0.15853212,0.00138672
6417.5,0.1591866,0.000486
6417.75,0.18712404,0.00155304
6418,0.16244928,1.512e-05
6418.25,0.16454556,1.188e-05
6418.5,0.13945392,-0.00014364
6418.75,0.1735398,0.0006642
6419,0.16354332,-4.752e-05
6419.25,0.19100448,0.00042984
6419.5,0.17581968,0.00051516
6419.75,0.17240148,0.0025056
6420,0.17212932,0.001593
6420.25,0.15937236,0.00704268
6420.5,0.1559466,0.00497016
6420.75,0.1423656,0.00356076
6421,0.11934432,0.00514296
6421.25,0.12561048,0.00420228
6421.5,0.17102772,0.00297216
6421.75,0.20064456,0.00200772
6422,0.17062272,0.00259848
6422.25,0.20231856,-0.00152496
6422.5,0.17438112,-0.00192888
6422.75,0.1914678,-0.003132
6423,0.20078496,-0.00338688
6423.25,0.171099,-0.003321
6423.5,0.1625238,-0.00149904
6423.75,0.14536476,-0.0027378
6424,0.16896276,0.00025272
6424.25,0.15662808,-0.00170208
6424.5,0.14366592,-0.00135648
6424.75,0.13762116,-0.00067716
6425,0.12471408,0.00047304
6425.25,0.127548,0.00178524
6425.5,0.12922956,0.0008532
6425.75,0.11990268,0.00116964
6426,0.12588912,0.00083376
6426.25,0.12116304,0.00240084
6426.5,0.10933056,0.00407052
6426.75,0.1372518,0.0122094
6427,0.1632042,0.00744012
6427.25,0.1458378,0.00443016
6427.5,0.161811,0.00215676
6427.75,0.1644246,0.00350136
6428,0.153576,0.00772632
6428.25,0.15035544,0.00849312
6428.5,0.16094268,0.00711288
6428.75,0.14928084,0.01001376
6429,0.14052096,0.00436644
6429.25,0.12739032,0.00658044
6429.5,0.13562208,0.00914328
6429.75,0.12421944,0.00546048
6430,0.11708172,0.00377892
6430.25,0.10349532,0.0032292
6430.5,0.08906004,0.00360288
6430.75,0.07042572,0.00467316
6431,0.07652448,0.00821772
6431.25,0.06929928,0.00810216
6431.5,0.0723978,0.00933876
6431.75,0.07733232,0.01285308
6432,0.06925716,0.01328832
6432.25,0.06842232,0.01266192
6432.5,0.0690984,0.01190808
6432.75,0.06896232,0.0107406
6433,0.0701082,0.00955152
6433.25,0.06998832,0.01050192
6433.5,0.0740826,0.01258308
6433.75,0.06837372,0.01238112
6434,0.0697842,0.01180008
6434.25,0.07286112,0.01161864
6434.5,0.07748136,0.00987768
6434.75,0.07152516,0.00918108
6435,0.07364196,0.00968112
6435.25,0.06862968,0.00959472
6435.5,0.06804432,0.01022652
6435.75,0.0703512,0.01007532
6436,0.06889968,0.01082592
6436.25,0.07060608,0.01096956
6436.5,0.07187292,0.00998784
6436.75,0.07056504,0.00911088
6437,0.0703404,0.01077192
6437.25,0.06594696,0.0079704
6437.5,0.07695756,0.00880524
6437.75,0.07331256,0.00834624
6438,0.07860564,0.00887112
6438.25,0.06636492,0.0073386
6438.5,0.066123,0.00729
6438.75,0.06841692,0.00564516
6439,0.07731828,0.00829008
6439.25,0.08167392,0.0021708
6439.5,0.11723508,0.00270432
6439.75,0.1044954,0.00329832
6440,0.10489068,0.00483084
6440.25,0.1188162,0.00379296
6440.5,0.12231,0.00188028
6440.75,0.12838932,0.0031428
6441,0.1481814,0.00318492
6441.25,0.15846408,0.0050058
6441.5,0.16024824,0.00398088
6441.75,0.1598184,0.00285984
6442,0.16063812,0.00297432
6442.25,0.1775952,0.00341064
6442.5,0.15164604,0.00384696
6442.75,0.17135496,0.00178308
6443,0.17089056,0.002673
6443.25,0.16459308,0.00318708
6443.5,0.1689552,0.00455436
6443.75,0.15062436,0.00609984
6444,0.14025636,0.00557604
6444.25,0.14638752,0.00720684
6444.5,0.14220036,0.00797688
6444.75,0.12568068,0.00993816
6445,0.1093176,0.0097524
6445.25,0.10724292,0.00759348
6445.5,0.14800644,0.01008288
6445.75,0.1678536,0.00879552
6446,0.17409492,0.00514944
6446.25,0.15712056,0.00101628
6446.5,0.17271468,0.00509652
6446.75,0.15501564,0.00248724
6447,0.16429392,0.00358884
6447.25,0.15588396,0.00571212
6447.5,0.14489388,0.00244296
6447.75,0.14048208,0.00078084
6448,0.14906052,0.0028134
6448.25,0.14827212,0.00104652
6448.5,0.13902624,0.00127332
6448.75,0.10294884,0.00217944
6449,0.13317156,0.00367956
6449.25,0.12070296,0.00505116
6449.5,0.111618,0.00402516
6449.75,0.11377044,0.00636552
6450,0.10565964,0.00325296
6450.25,0.10246392,0.00670464
6450.5,0.10458936,0.00865188
6450.75,0.14032872,0.00927936
6451,0.15142572,0.00596808
6451.25,0.15140736,0.00459108
6451.5,0.10664352,0.00085104
6451.75,0.15190632,0.00245268
6452,0.14881752,0.00411048
6452.25,0.13744836,0.00507384
6452.5,0.11639268,0.00474012
6452.75,0.14156316,0.00605664
6453,0.14250708,0.0082782
6453.25,0.1249992,0.0061074
6453.5,0.11847384,0.00388584
6453.75,0.11303388,0.00462672
6454,0.09466308,0.00659448
6454.25,0.08828568,0.0055782
6454.5,0.07883784,0.0030564
6454.75,0.06799032,0.0053028
6455,0.06642864,0.00812484
6455.25,0.0646056,0.00712476
6455.5,0.07247664,0.00970056
6455.75,0.06782076,0.00999432
6456,0.07028532,0.01063476
6456.25,0.06824844,0.00936252
6456.5,0.06117768,0.009936
6456.75,0.06554088,0.01110672
6457,0.07131024,0.01085292
6457.25,0.06591456,0.01097604
6457.5,0.07159752,0.0112698
6457.75,0.06718464,0.01175688
6458,0.067419,0.01267812
6458.25,0.07066764,0.0126522
6458.5,0.07509456,0.0116424
6458.75,0.07453296,0.01155816
6459,0.07404912,0.01201392
6459.25,0.07249932,0.01054944
6459.5,0.07442604,0.01191024
6459.75,0.06835968,0.0108162
6460,0.07062552,0.01128816
6460.25,0.07099812,0.01155384
6460.5,0.06759828,0.01052784
6460.75,0.06697188,0.01121688
6461,0.0740286,0.01159056
6461.25,0.06881328,0.01244592
6461.5,0.07075296,0.01269864
6461.75,0.07323696,0.01075032
6462,0.0678726,0.00896616
6462.25,0.05313816,0.00825012
6462.5,0.04980636,0.01001052
6462.75,0.05219748,0.00814212
6463,0.05426892,0.0055458
6463.25,0.05804676,0.00494964
6463.5,0.0614196,0.00478764
6463.75,0.05977368,0.00431136
6464,0.04568184,0.00486648
6464.25,0.05395896,0.00471312
6464.5,0.05084532,0.00294948
6464.75,0.05834052,0.0035478
6465,0.05584896,0.00298404
6465.25,0.05979636,0.0035262
6465.5,0.0682506,0.00384588
6465.75,0.07101972,0.0035424
6466,0.07714872,0.00300456
6466.25,0.06837804,0.00608148
6466.5,0.04710096,0.00376164
6466.75,0.05544612,0.00240084
6467,0.05221692,0.00205308
6467.25,0.06426324,0.0022194
6467.5,0.0706752,0.003429
6467.75,0.0683262,0.00366228
6468,0.06383016,0.00301104
6468.25,0.067311,0.00384156
6468.5,0.0582498,0.00372276
6468.75,0.06319296,0.00539784
6469,0.05167908,0.00488808
6469.25,0.05410584,0.00481464
6469.5,0.05801112,0.00440316
6469.75,0.06379992,0.00503712
6470,0.06660036,0.0044118
6470.25,0.0609984,0.00410508
6470.5,0.07794468,0.00662364
6470.75,0.07504164,0.00676836
6471,0.077679,0.006588
6471.25,0.07826652,0.00554796
6471.5,0.06596964,0.00540432
6471.75,0.06899256,0.00554796
6472,0.06717708,0.00570564
6472.25,0.06824196,0.00598968
6472.5,0.07445412,0.00580716
6472.75,0.0640062,0.00614412
6473,0.06028992,0.00452628
6473.25,0.06856272,0.0084834
6473.5,0.07232004,0.00811404
6473.75,0.07267428,0.00735372
6474,0.07525224,0.01102248
6474.25,0.07966728,0.01394496
6474.5,0.08866584,0.01156356
6474.75,0.09582948,0.01111428
6475,0.08920584,0.01165968
6475.25,0.08781372,0.01299996
6475.5,0.07897932,0.00974052
6475.75,0.08438904,0.012123
6476,0.0919782,0.01403352
6476.25,0.08451324,0.01149876
6476.5,0.0878958,0.01557036
6476.75,0.08917344,0.01153008
6477,0.0921186,0.01439208
6477.25,0.0897534,0.01612872
6477.5,0.077625,0.01328616
6477.75,0.07958736,0.01643112
6478,0.07443144,0.01446012
6478.25,0.07176168,0.01079676
6478.5,0.06401052,0.00942516
6478.75,0.06898392,0.00851148
6479,0.06855084,0.00762156
6479.25,0.06164208,0.00620028
6479.5,0.06676236,0.00708804
6479.75,0.06701832,0.00824472
6480,0.06326424,0.00862596
6480.25,0.06298344,0.00883656
6480.5,0.0638928,0.00935388
6480.75,0.06870744,0.01113048
6481,0.06208272,0.00956016
6481.25,0.06093036,0.0086994
6481.5,0.06877656,0.01087344
6481.75,0.07094628,0.01034424
6482,0.07223904,0.01094904
6482.25,0.07494984,0.00935928
6482.5,0.07360632,0.01149552
6482.75,0.0683586,0.01194588
6483,0.0736776,0.01213704
6483.25,0.06684336,0.00902448
6483.5,0.07245288,0.01092204
6483.75,0.06918156,0.0106434
6484,0.06759072,0.01135728
6484.25,0.06634224,0.01045656
6484.5,0.06402996,0.00888624
6484.75,0.07073244,0.0132408
6485,0.07864128,0.01446768
6485.25,0.07369272,0.01308528
6485.5,0.0775332,0.01343304
6485.75,0.08690328,0.01406484
6486,0.07938864,0.01398924
6486.25,0.07326072,0.0139104
6486.5,0.07961544,0.01020816
6486.75,0.0745578,0.00922752
6487,0.0863136,0.00494208
6487.25,0.09719784,0.00556632
6487.5,0.09264456,0.00070632
6487.75,0.08826948,1.08e-06
6488,0.05793552,-0.00232848
6488.25,0.06770736,-0.0017928
6488.5,0.07856028,0.00148716
6488.75,0.07936704,-5.184e-05
6489,0.08342136,-0.00304452
6489.25,0.08847468,0.000486
6489.5,0.09285192,-0.00104436
6489.75,0.09611892,-0.00169992
6490,0.0931338,-0.0028998
6490.25,0.09519012,-0.00195372
6490.5,0.06739524,-0.00240624
6490.75,0.07260084,-0.00012528
6491,0.0822258,-0.00133164
6491.25,0.08085636,-0.001836
6491.5,0.09853488,-0.00100872
6491.75,0.10532916,0.00093096
6492,0.09058068,0.00030348
6492.25,0.09830484,0.00060048
6492.5,0.08560404,-0.00256392
6492.75,0.08844012,-0.00116964
6493,0.05103216,0.0032238
6493.25,0.05288652,0.00551232
6493.5,0.05145336,0.00764964
6493.75,0.0636714,0.01079568
6494,0.05654448,0.0114912
6494.25,0.05687496,0.0115776
6494.5,0.05301828,0.00995976
6494.75,0.05934492,0.01350864
6495,0.05719032,0.01325052
6495.25,0.0637146,0.01206792
6495.5,0.0507546,0.01208844
6495.75,0.049005,0.0118584
6496,0.05380452,0.01164348
6496.25,0.05837076,0.01036692
6496.5,0.05574312,0.00791208
6496.75,0.0595404,0.00722952
6497,0.07256628,0.00754812
6497.25,0.06129,0.00525852
6497.5,0.0713124,0.00666144
6497.75,0.06869664,0.00385668
6498,0.06526008,0.00473688
6498.25,0.07097544,0.00532656
6498.5,0.06077916,0.003645
6498.75,0.06871608,0.0078138
6499,0.07732368,0.01152684
6499.25,0.08038872,0.0091098
6499.5,0.09142632,0.00812592
6499.75,0.0813078,0.00983016
6500,0.09740844,0.0113508
6500.25,0.07854624,0.01132056
6500.5,0.0763074,0.00883764
6500.75,0.073197,0.00910116
6501,0.08525736,0.01124928
6501.25,0.0890568,0.01907172
6501.5,0.08600796,0.01742148
6501.75,0.09143172,0.01620864
6502,0.0828306,0.01294164
6502.25,0.07443792,0.00845208
6502.5,0.07316892,0.0080622
6502.75,0.07771356,0.0088506
6503,0.07944048,0.00903852
6503.25,0.07429536,0.00837864
6503.5,0.0805032,0.00912816
6503.75,0.08029476,0.01008612
6504,0.07339464,0.0093852
6504.25,0.07773084,0.01037124
6504.5,0.07463988,0.01096524
6504.75,0.07972668,0.01144044
6505,0.074682,0.0087426
6505.25,0.07576956,0.0091044
6505.5,0.07872876,0.01058076
6505.75,0.07666272,0.0084564
6506,0.08124624,0.007209
6506.25,0.0769878,0.00617436
6506.5,0.08175276,0.00890352
6506.75,0.07496064,0.00991764
6507,0.0772254,0.0085806
6507.25,0.07678692,0.01036908
6507.5,0.07314192,0.00998892
6507.75,0.07863048,0.01094256
6508,0.07374348,0.00910008
6508.25,0.07397568,0.0094986
6508.5,0.06929064,0.00999648
6508.75,0.06826248,0.00875664
6509,0.07390872,0.01006992
6509.25,0.07120224,0.00696708
6509.5,0.07554384,0.00849528
6509.75,0.06794604,0.00788508
6510,0.07307388,0.00701352
6510.25,0.06344352,0.00916704
6510.5,0.0637632,0.00910872
6510.75,0.06031692,0.00751248
6511,0.06549336,0.00710316
6511.25,0.08033256,0.00792936
6511.5,0.09879408,0.01201392
6511.75,0.12523032,0.01269864
6512,0.09777348,0.00644544
6512.25,0.09725724,0.0050922
6512.5,0.1024758,0.00506412
6512.75,0.11423268,0.00299268
6513,0.12213936,0.00155412
6513.25,0.12787416,0.00783756
6513.5,0.1602504,0.00553284
6513.75,0.14854212,0.00516672
6514,0.1412856,0.0019926
6514.25,0.15608592,0.00385884
6514.5,0.13814388,0.00235872
6514.75,0.13432392,0.00252504
6515,0.14603436,-0.00405756
6515.25,0.1542402,-0.00052272
6515.5,0.15455772,0.00040284
6515.75,0.15536016,0.003699
6516,0.14128776,0.00666576
6516.25,0.13627224,0.00751464
6516.5,0.13994532,0.00971352
6516.75,0.13731228,0.00451224
6517,0.12405312,0.01048896
6517.25,0.1299456,0.01408212
6517.5,0.15159852,0.0116964
6517.75,0.14026932,0.00215136
6518,0.17416836,0.00486
6518.25,0.1792908,0.00264708
6518.5,0.18372852,0.0013338
6518.75,0.19176588,0.00328752
6519,0.19259856,0.00479304
6519.25,0.18949032,0.00593028
6519.5,0.16624656,0.00574776
6519.75,0.1768554,0.00357588
6520,0.15618096,0.00242244
6520.25,0.16398828,0.00026676
6520.5,0.16999416,0.00716904
6520.75,0.1803114,0.00246024
6521,0.1625778,0.0043578
6521.25,0.15958188,0.00755244
6521.5,0.13359492,0.00379944
6521.75,0.15210504,0.00522396
6522,0.12348936,0.00611064
6522.25,0.1343952,0.0047682
6522.5,0.12315888,0.00616788
6522.75,0.12910428,0.00594108
6523,0.1665792,0.00649836
6523.25,0.16102692,0.00894024
6523.5,0.19450152,0.0104058
6523.75,0.16292988,0.00755676
6524,0.1578204,0.010557
6524.25,0.15795972,0.01291572
6524.5,0.16366536,0.01295676
6524.75,0.15109524,0.0117396
6525,0.13763412,0.0119286
6525.25,0.10293696,0.00944892
6525.5,0.13550652,0.00764208
6525.75,0.12331548,0.00630612
6526,0.1125036,0.00584928
6526.25,0.1031022,0.00704592
6526.5,0.0922698,0.00661392
6526.75,0.08292456,0.00922212
6527,0.07709364,0.0122526
6527.25,0.064476,0.01214028
6527.5,0.07864452,0.01647432
6527.75,0.0719766,0.01321164
6528,0.07248204,0.012717
6528.25,0.06976476,0.01401084
6528.5,0.06559056,0.01428624
6528.75,0.06420276,0.01407348
6529,0.06847092,0.01466316
6529.25,0.06671268,0.0150444
6529.5,0.07357932,0.01638252
6529.75,0.07773192,0.01356372
6530,0.06924096,0.01075032
6530.25,0.07007472,0.01234872
6530.5,0.07205004,0.01245024
6530.75,0.07122924,0.01321488
6531,0.07712172,0.01310688
6531.25,0.07640892,0.01476792
6531.5,0.0674406,0.0123336
6531.75,0.07209864,0.01183788
6532,0.06736284,0.0110322
6532.25,0.07053912,0.0121446
6532.5,0.06257412,0.00986364
6532.75,0.06611652,0.00926532
6533,0.08314056,0.01309284
6533.25,0.08544636,0.01307664
6533.5,0.07890804,0.01205172
6533.75,0.08089632,0.01174392
6534,0.08317188,0.00975456
6534.25,0.08690112,0.00861732
6534.5,0.08829,0.00695196
6534.75,0.07877844,0.00769068
6535,0.07199928,0.00691416
6535.25,0.09654336,0.00796608
6535.5,0.0900504,0.00618516
6535.75,0.1202148,0.00317304
6536,0.10414656,0.00552744
6536.25,0.11383416,0.00402408
6536.5,0.14821704,0.0032832
6536.75,0.173313,0.00986796
6537,0.198774,0.01221372
6537.25,0.16188876,0.0047628
6537.5,0.1879362,0.00452412
6537.75,0.18711864,0.00233604
6538,0.21843324,0.00320868
6538.25,0.17577216,0.00091368
6538.5,0.17230644,0.00090396
6538.75,0.16436304,0.00114264
6539,0.20444616,0.00188028
6539.25,0.19164816,0.00247536
6539.5,0.21952296,0.0076032
6539.75,0.17735004,0.00583632
6540,0.16851888,0.00644868
6540.25,0.17822376,0.00689472
6540.5,0.15007464,0.00635688
6540.75,0.16409304,0.00790668
6541,0.12747564,0.00610524
6541.25,0.13373964,0.0048384
6541.5,0.15270444,0.0027648
6541.75,0.1713474,0.00345708
6542,0.20225916,-0.00131436
6542.25,0.18939744,-0.0007776
6542.5,0.18806364,-0.00200988
6542.75,0.180306,-0.00511164
6543,0.22323492,-0.0052596
6543.25,0.17225676,0.00055296
6543.5,0.17046072,0.0052434
6543.75,0.17514252,0.003321
6544,0.19102284,0.00299592
6544.25,0.18452448,0.00323676
6544.5,0.16802532,-0.00076572
6544.75,0.1602396,0.00201744
6545,0.1512756,-0.00586656
6545.25,0.13366728,-0.00101952
6545.5,0.1415772,0.00419472
6545.75,0.13434012,0.00220536
6546,0.12593664,0.00474012
6546.25,0.1407564,0.01153008
6546.5,0.16537932,0.01480356
6546.75,0.1617894,0.00929772
6547,0.18443916,0.00369252
6547.25,0.15655572,0.00243972
6547.5,0.16163928,-0.00152388
6547.75,0.16884288,-0.00037692
6548,0.170856,0.00127764
6548.25,0.16352712,0.00102492
6548.5,0.1210626,0.00331992
6548.75,0.1398438,0.00629856
6549,0.12751128,0.00558576
6549.25,0.0980154,0.00345276
6549.5,0.1324566,0.00804816
6549.75,0.0949644,0.00968004
6550,0.10928088,0.00972648
6550.25,0.10351476,0.01054836
6550.5,0.0905742,0.00777276
6550.75,0.0762534,0.0106002
6551,0.06913836,0.0125928
6551.25,0.06824196,0.01547208
6551.5,0.07211808,0.01523772
6551.75,0.07392492,0.011151
6552,0.06859188,0.01193184
6552.25,0.07388064,0.01175904
6552.5,0.06534648,0.00999648
6552.75,0.06124788,0.00787212
6553,0.06641568,0.00880956
6553.25,0.064044,0.00961848
6553.5,0.07241184,0.01025136
6553.75,0.07021512,0.0081918
6554,0.06696432,0.00914112
6554.25,0.06896232,0.00841428
6554.5,0.07001208,0.00779976
6554.75,0.065475,0.007317
6555,0.06653664,0.00878256
6555.25,0.06821172,0.00883656
6555.5,0.06719328,0.00938736
6555.75,0.06699024,0.00929448
6556,0.0610146,0.00818208
6556.25,0.0663066,0.00901476
6556.5,0.05696028,0.00808704
6556.75,0.06054156,0.00735156
6557,0.06175008,0.00611172
6557.25,0.062478,0.00575856
6557.5,0.06180516,0.0062424
6557.75,0.06538536,0.00640872
6558,0.0705618,0.0067122
6558.25,0.0672138,0.00639792
6558.5,0.0655992,0.00769068
6558.75,0.06735204,0.00912492
6559,0.05918724,0.009234
6559.25,0.06162156,0.00757512
6559.5,0.09547524,0.00414504
6559.75,0.11225628,0.00597456
6560,0.1043496,0.0014148
6560.25,0.09301392,0.00134136
6560.5,0.13803156,0.00324432
6560.75,0.1379268,0.00010152
6561,0.14068404,0.00380052
6561.25,0.13492764,0.00230148
6561.5,0.18940284,0.00126576
6561.75,0.16906212,0.00088236
6562,0.17038836,0.00062856
6562.25,0.15653952,-0.00164052
6562.5,0.1517292,-0.0009558
6562.75,0.12739032,-0.00148932
6563,0.13739328,-0.00269784
6563.25,0.1535382,-0.0003294
6563.5,0.17236476,0.00186192
6563.75,0.17221032,0.00246672
6564,0.15749748,0.00228852
6564.25,0.15030036,0.00679212
6564.5,0.13786092,0.00363852
6564.75,0.13660704,0.00520776
6565,0.10854648,0.003726
6565.25,0.14842656,0.00738504
6565.5,0.15580944,-0.00019008
6565.75,0.16906644,0.00159516
6566,0.1904148,-0.00025056
6566.25,0.18562068,-0.00374652
6566.5,0.2164914,-0.00184032
6566.75,0.16248168,-0.00235008
6567,0.16017156,-0.003375
6567.25,0.14821812,-0.00203364
6567.5,0.13824,-0.00216108
6567.75,0.14080608,-4.86e-05
6568,0.14038488,-0.00070848
6568.25,0.11029932,-0.00014472
6568.5,0.11849004,-0.00141696
6568.75,0.11317536,-0.00111024
6569,0.09207756,0.00183384
6569.25,0.09172548,0.00048168
6569.5,0.11864232,0.003888
6569.75,0.08790012,0.00106488
6570,0.11003472,0.00265356
6570.25,0.11972772,0.00344628
6570.5,0.09990972,0.00276372
6570.75,0.1318788,0.00683748
6571,0.10841256,0.00167292
6571.25,0.12377124,0.00042012
6571.5,0.12838608,-0.00200232
6571.75,0.14458932,0.00370332
6572,0.12226788,0.00196452
6572.25,0.06260328,4.752e-05
6572.5,0.14524272,0.0068364
6572.75,0.14987484,0.00680508
6573,0.09002664,0.00386856
6573.25,0.13628628,0.0045252
6573.5,0.11571444,0.00666144
6573.75,0.11379636,0.00913356
6574,0.09013896,0.00697896
6574.25,0.09661788,0.01057644
6574.5,0.07911756,0.01159704
6574.75,0.07335468,0.00832572
6575,0.06980904,0.01115424
6575.25,0.06905844,0.0070686
6575.5,0.06903468,0.00788616
6575.75,0.07696188,0.00954612
6576,0.07178652,0.01039716
6576.25,0.0638226,0.01227636
6576.5,0.06106752,0.00836136
6576.75,0.06093792,0.0070902
6577,0.06023484,0.00928476
6577.25,0.06305796,0.01282176
6577.5,0.06876468,0.01297836
6577.75,0.0673974,0.01363176
6578,0.06707772,0.01182924
6578.25,0.06911244,0.01158408
6578.5,0.06652368,0.01117584
6578.75,0.06862752,0.0101898
6579,0.06590268,0.01105704
6579.25,0.06523092,0.01077624
6579.5,0.05930496,0.00911412
6579.75,0.06328044,0.0102492
6580,0.05539212,0.00739584
6580.25,0.0610956,0.01052028
6580.5,0.05750028,0.01279044
6580.75,0.0596214,0.01156896
6581,0.06259896,0.01221048
6581.25,0.0651132,0.01102356
6581.5,0.06648156,0.01263168
6581.75,0.06581088,0.01077948
6582,0.07189668,0.0083322
6582.25,0.06646428,0.0081702
6582.5,0.0610254,0.00865944
6582.75,0.06521364,0.00732456
6583,0.05721624,0.00500796
6583.25,0.07634412,0.00626832
6583.5,0.09267156,0.00945756
6583.75,0.10459584,0.00530712
6584,0.09656388,0.0040932
6584.25,0.09792252,0.00157788
6584.5,0.11206296,-0.0003402
6584.75,0.11590884,0.00190296
6585,0.14427504,0.0046818
6585.25,0.14313348,0.000783
6585.5,0.15153264,0.0002862
6585.75,0.1471554,0.00212004
6586,0.1623672,0.00323352
6586.25,0.15723936,0.0006372
6586.5,0.135756,0.0010368
6586.75,0.13331412,-0.00147096
6587,0.14263128,0.0014904
6587.25,0.16036164,0.00094932
6587.5,0.15005736,0.00112752
6587.75,0.15230592,0.008046
6588,0.14303412,0.00998892
6588.25,0.14110416,0.00731592
6588.5,0.13972608,0.00800388
6588.75,0.14185476,0.01002132
6589,0.12022452,0.0132138
6589.25,0.1329534,0.01287144
6589.5,0.14309136,0.0075546
6589.75,0.19269684,0.00682992
6590,0.21443832,0.00340416
6590.25,0.22507848,0.0013662
6590.5,0.23887116,0.00103788
6590.75,0.22838652,0.00364284
6591,0.24270732,0.00094716
6591.25,0.24626916,0.00187812
6591.5,0.2167236,0.00132408
6591.75,0.19301328,-0.0017226
6592,0.188757,-4.752e-05
6592.25,0.17657244,0.00040932
6592.5,0.1661256,0.00256716
6592.75,0.18956592,0.0057888
6593,0.179199,0.00725328
6593.25,0.16370316,0.00174096
6593.5,0.13524732,0.00207684
6593.75,0.1394658,0.00692928
6594,0.13156776,0.00624564
6594.25,0.11915208,0.00386964
6594.5,0.139671,0.00776196
6594.75,0.1420092,0.00517104
6595,0.20536632,0.01000836
6595.25,0.16625736,0.00541836
6595.5,0.18781632,0.00557712
6595.75,0.18782172,0.00613872
6596,0.18144,0.00560844
6596.25,0.1878822,0.00729324
6596.5,0.16136064,0.00675
6596.75,0.1681776,0.0112536
6597,0.14419404,0.00950076
6597.25,0.17438004,0.00960552
6597.5,0.14667048,0.00807408
6597.75,0.15261264,0.00814212
6598,0.1234332,0.00571968
6598.25,0.10737792,0.00921132
6598.5,0.0946404,0.00790776
6598.75,0.0797958,0.01083024
6599,0.07203384,0.0132354
6599.25,0.07319268,0.01371276
6599.5,0.080325,0.016767
6599.75,0.08353152,0.01772388
6600,0.07209324,0.01419444
6600.25,0.07156944,0.01226448
6600.5,0.06805836,0.01045656
6600.75,0.0678618,0.01075248
6601,0.06790608,0.0081108
6601.25,0.07011036,0.0094932
6601.5,0.06991812,0.01107
6601.75,0.07941348,0.01442232
6602,0.07691544,0.01354644
6602.25,0.081027,0.01462212
6602.5,0.08028396,0.0145908
6602.75,0.08413308,0.01521072
6603,0.07184808,0.01247184
6603.25,0.07466688,0.01459728
6603.5,0.0637686,0.01148796
6603.75,0.06606468,0.01221696
6604,0.05954364,0.01094904
6604.25,0.06317784,0.01063908
6604.5,0.06064524,0.00953424
6604.75,0.06102,0.01067796
6605,0.0637362,0.01087452
6605.25,0.06455916,0.01036908
6605.5,0.07105752,0.01188324
6605.75,0.06789852,0.00931824
6606,0.06966648,0.00962928
6606.25,0.07312032,0.00810972
6606.5,0.06536592,0.00765396
6606.75,0.06452352,0.00793152
6607,0.0675324,0.00607392
6607.25,0.06031152,0.00653184
6607.5,0.08326368,0.00751356
6607.75,0.11179944,0.00562788
6608,0.09349776,0.00455868
6608.25,0.10933596,0.00495072
6608.5,0.11631924,0.00542916
6608.75,0.16017588,0.00992304
6609,0.13306248,0.0067986
6609.25,0.17372016,0.00487512
6609.5,0.17918172,0.00613548
6609.75,0.18686052,0.00133812
6610,0.1730052,0.00527256
6610.25,0.19578888,0.00333288
6610.5,0.16264584,0.00276912
6610.75,0.15603948,0.00035964
6611,0.17857368,0.00210708
6611.25,0.1756728,0.00341712
6611.5,0.1796202,0.00531792
6611.75,0.18028656,0.01132272
6612,0.15245712,0.01345356
6612.25,0.14263128,0.00990792
6612.5,0.14204592,0.01707156
6612.75,0.15193224,0.0161028
6613,0.15180048,0.0215784
6613.25,0.15473268,0.01975536
6613.5,0.17029872,0.0193806
6613.75,0.19861956,0.01100628
6614,0.18285156,0.00630396
6614.25,0.20971224,0.00824472
6614.5,0.20839248,0.00931392
6614.75,0.21549024,0.00980532
6615,0.2011284,0.01429272
6615.25,0.21455604,0.01223748
6615.5,0.18184284,0.00939492
6615.75,0.17526888,0.00685476
6616,0.1903986,0.00848448
6616.25,0.17438436,0.0096174
6616.5,0.19097748,0.01086588
6616.75,0.196425,0.01478304
6617,0.18413892,0.0165402
6617.25,0.16913988,0.01394496
6617.5,0.17085816,0.01472688
6617.75,0.14669424,0.0114048
6618,0.13321044,0.01716336
6618.25,0.13338432,0.0235764
6618.5,0.12634056,0.01135188
6618.75,0.165213,0.01782
6619,0.17474616,0.01196316
6619.25,0.17408088,0.00585684
6619.5,0.12657708,0.0024408
6619.75,0.19059732,0.00333936
6620,0.19430172,0.00654588
6620.25,0.17528076,0.00493128
6620.5,0.16470648,0.0050976
6620.75,0.15252408,0.01077516
6621,0.14361516,0.003618
6621.25,0.13595256,0.00185976
6621.5,0.13162932,0.00345492
6621.75,0.11992968,0.00591948
6622,0.1061748,0.01019088
6622.25,0.0967194,0.00956664
6622.5,0.08761392,0.01076328
6622.75,0.07494012,0.01512972
6623,0.0731322,0.0121716
6623.25,0.07274772,0.01151928
6623.5,0.0736506,0.00684288
6623.75,0.0724572,0.00662688
6624,0.0697302,0.00768852
6624.25,0.07392708,0.00983124
6624.5,0.06824088,0.01023732
6624.75,0.07082964,0.0096714
6625,0.06947856,0.0117828
6625.25,0.06539292,0.01156896
6625.5,0.07705044,0.01553148
6625.75,0.069552,0.0118152
6626,0.06960924,0.01277856
6626.25,0.07222608,0.0137322
6626.5,0.06988464,0.0140454
6626.75,0.06772248,0.01135188
6627,0.06307848,0.01198368
6627.25,0.07102836,0.01366416
6627.5,0.07023672,0.01240272
6627.75,0.06723756,0.01256796
6628,0.06522768,0.01256472
6628.25,0.0620622,0.01155492
6628.5,0.05803488,0.00856008
6628.75,0.05905764,0.00883548
6629,0.0639144,0.01016064
6629.25,0.06308172,0.0116316
6629.5,0.06238512,0.01212408
6629.75,0.06575472,0.01240596
6630,0.0638604,0.01576368
6630.25,0.05541912,0.01523232
6630.5,0.04880304,0.01301508
6630.75,0.05471604,0.01093608
6631,0.06078888,0.00895968
6631.25,0.05458428,0.0052164
6631.5,0.058212,0.00487296
6631.75,0.0589626,0.00658584
6632,0.036693,0.00614088
6632.25,0.05415984,0.0137214
6632.5,0.06867288,0.01924668
6632.75,0.065178,0.013986
6633,0.0761238,0.00982908
6633.25,0.08686332,0.013527
6633.5,0.10226952,0.01751112
6633.75,0.09828648,0.01504872
6634,0.08763876,0.01495152
6634.25,0.0947808,0.01647756
6634.5,0.064935,0.01918944
6634.75,0.07250796,0.013716
6635,0.07819956,0.01346544
6635.25,0.0820206,0.01149444
6635.5,0.08940672,0.01402488
6635.75,0.10519632,0.01881036
6636,0.09308088,0.0138132
6636.25,0.08750808,0.00881064
6636.5,0.04706208,0.00405324
6636.75,0.06710904,0.00836028
6637,0.06040224,0.01078704
6637.25,0.05319432,0.01085292
6637.5,0.06313896,0.01151712
6637.75,0.07505784,0.01398276
6638,0.06836616,0.01092528
6638.25,0.07849116,0.00892512
6638.5,0.06102432,0.00734508
6638.75,0.0730836,0.00898668
6639,0.07403076,0.01032696
6639.25,0.06967728,0.00723708
6639.5,0.04956552,0.0093906
6639.75,0.04292244,0.00912924
6640,0.04973724,0.00607284
6640.25,0.05467176,0.00537192
6640.5,0.04508568,0.00361476
6640.75,0.04989384,0.00394848
6641,0.06061176,0.00442044
6641.25,0.07359984,0.00755568
6641.5,0.0695088,0.01125252
6641.75,0.07560216,0.01964844
6642,0.08930952,0.02612844
6642.25,0.08643672,0.02297916
6642.5,0.0784944,0.02773764
6642.75,0.08498844,0.02873232
6643,0.08666892,0.01374948
6643.25,0.09242748,0.01338444
6643.5,0.0789102,0.01163808
6643.75,0.07363764,0.01005912
6644,0.096714,0.01558656
6644.25,0.07225848,0.01165212
6644.5,0.080784,0.01496772
6644.75,0.0814914,0.016686
6645,0.09152028,0.01571724
6645.25,0.08527032,0.01635012
6645.5,0.09104832,0.0195912
6645.75,0.09387684,0.02149632
6646,0.08693676,0.01893024
6646.25,0.06928308,0.0055512
6646.5,0.06452244,0.00380052
6646.75,0.0649026,0.00511056
6647,0.06343812,0.00480276
6647.25,0.06705072,0.00655776
6647.5,0.07504704,0.00817236
6647.75,0.06880248,0.00840132
6648,0.0648054,0.00653292
6648.25,0.06232356,0.0068526
6648.5,0.06186024,0.00662688
6648.75,0.05989032,0.007344
6649,0.06065496,0.00826308
6649.25,0.06807564,0.00841752
6649.5,0.06659604,0.01186272
6649.75,0.06705288,0.0107082
6650,0.06217128,0.00870264
6650.25,0.06320484,0.00856008
6650.5,0.06401376,0.0104814
6650.75,0.0613656,0.0099198
6651,0.06111936,0.00789588
6651.25,0.0621864,0.0096984
6651.5,0.0634716,0.00927936
6651.75,0.06240888,0.00905148
6652,0.05605524,0.00871776
6652.25,0.0565434,0.00979344
6652.5,0.0553014,0.00931716
6652.75,0.05521176,0.00938736
6653,0.06144336,0.01031076
6653.25,0.06139476,0.01047816
6653.5,0.06040548,0.00982368
6653.75,0.0591192,0.00976644
6654,0.06239916,0.01024164
6654.25,0.04713444,0.01351728
6654.5,0.04428432,0.0120204
6654.75,0.04777272,0.01243512
6655,0.04833864,0.01109484
6655.25,0.049491,0.01019304
6655.5,0.0513,0.01108188
6655.75,0.05102352,0.00955476
6656,0.03698676,0.00441072
6656.25,0.03717036,0.00499824
6656.5,0.03889188,0.00618948
6656.75,0.04748544,0.00620892
6657,0.05001804,0.00686988
6657.25,0.05599692,0.0080676
6657.5,0.05725404,0.00844128
6657.75,0.0595296,0.00875664
6658,0.05857812,0.00770904
6658.25,0.05415444,0.00788292
6658.5,0.0391176,0.0067824
6658.75,0.04863456,0.007344
6659,0.05409936,0.00726084
6659.25,0.0554418,0.00786132
6659.5,0.06849252,0.00945972
6659.75,0.06613272,0.00969948
6660,0.06867936,0.01269648
6660.25,0.063531,0.01269972
6660.5,0.05850684,0.01233792
6660.75,0.06519852,0.0126522
6661,0.04900392,0.0104328
6661.25,0.0561492,0.01031724
6661.5,0.06200604,0.01160028
6661.75,0.0659502,0.01275156
6662,0.0659826,0.0128736
6662.25,0.08480376,0.02286252
6662.5,0.08775216,0.02544156
6662.75,0.08992404,0.02207304
6663,0.0778896,0.01082484
6663.25,0.05858784,0.00808272
6663.5,0.05845716,0.01031184
6663.75,0.0439074,0.00677916
6664,0.06338952,0.00700272
6664.25,0.0609606,0.00938412
6664.5,0.0611928,0.00891324
6664.75,0.05278716,0.00782676
6665,0.06207084,0.01114668
6665.25,0.06685524,0.00941328
6665.5,0.05541156,0.00915624
6665.75,0.06956064,0.01285524
6666,0.0663174,0.01168236
6666.25,0.06802164,0.01205496
6666.5,0.07134156,0.01284876
6666.75,0.09199764,0.01285308
6667,0.0436968,0.01186056
6667.25,0.09385524,0.01961388
6667.5,0.05136372,0.01352808
6667.75,0.08290512,0.02270052
6668,0.09057636,0.01864188
6668.25,0.08722836,0.01739124
6668.5,0.08234892,0.0179064
6668.75,0.06851088,0.01781136
6669,0.07663248,0.01729836
6669.25,0.07509996,0.00978264
6669.5,0.0778842,0.01070712
6669.75,0.07803324,0.01114128
6670,0.08055504,0.013149
6670.25,0.0761886,0.01173636
6670.5,0.08038764,0.01291788
6670.75,0.07323372,0.01339956
6671,0.08757288,0.01581336
6671.25,0.08906004,0.01745064
6671.5,0.08596152,0.01742148
6671.75,0.08666028,0.01869048
6672,0.07906464,0.0181116
6672.25,0.08273772,0.01886112
6672.5,0.07824492,0.02005344
6672.75,0.07700724,0.01968084
6673,0.08366976,0.0207252
6673.25,0.0841104,0.01501848
6673.5,0.08916156,0.01685664
6673.75,0.08771544,0.01092528
6674,0.08654364,0.01161972
6674.25,0.08571636,0.0116856
6674.5,0.07927092,0.0106164
6674.75,0.08648856,0.01318356
6675,0.08486532,0.01299456
6675.25,0.07853112,0.01254636
6675.5,0.07735392,0.01296216
6675.75,0.08414388,0.0130572
6676,0.0724896,0.01173744
6676.25,0.07772976,0.01167696
6676.5,0.068958,0.0122958
6676.75,0.07779672,0.01320948
6677,0.08182188,0.01424412
6677.25,0.0758754,0.0143046
6677.5,0.0750276,0.0124902
6677.75,0.07822656,0.01393956
6678,0.08450352,0.01206252
6678.25,0.08587296,0.00953748
6678.5,0.08446032,0.00830088
6678.75,0.07333416,0.00794988
6679,0.0847314,0.00946512
6679.25,0.09434988,0.00761508
6679.5,0.09763956,0.00834084
6679.75,0.12288996,0.0113346
6680,0.1245888,0.01141668
6680.25,0.149769,0.00800172
6680.5,0.1485756,0.00819072
6680.75,0.16510068,0.00479736
6681,0.1930392,0.01052676
6681.25,0.20495376,0.00821664
6681.5,0.19396584,0.00292032
6681.75,0.22104036,0.00392472
6682,0.2025486,0.00640656
6682.25,0.2101086,0.01240596
6682.5,0.16924788,0.00817668
6682.75,0.193401,0.00151416
6683,0.18407196,0.00777384
6683.25,0.19644552,0.0091098
6683.5,0.16096752,0.00638712
6683.75,0.16759548,0.0072198
6684,0.15203376,0.00777816
6684.25,0.14777748,0.00639684
6684.5,0.13890204,0.0087102
6684.75,0.15730956,0.01145232
6685,0.12632328,0.00584388
6685.25,0.1308096,0.00691524
6685.5,0.15844248,0.00654048
6685.75,0.1850796,0.00404028
6686,0.1959282,0.00251856
6686.25,0.21703788,0.00194508
6686.5,0.20454012,0.00254448
6686.75,0.19850292,4.32e-06
6687,0.20641608,0.00794556
6687.25,0.2009772,0.00015336
6687.5,0.13965588,0.0040392
6687.75,0.18491436,0.00838836
6688,0.17301492,0.0068148
6688.25,0.15477696,0.00398952
6688.5,0.14413788,0.0066636
6688.75,0.150066,0.00629964
6689,0.12349476,0.0138456
6689.25,0.12897468,0.00636876
6689.5,0.13847328,0.0054324
6689.75,0.13891392,0.00423252
6690,0.13118112,0.00474552
6690.25,0.12192228,0.00443664
6690.5,0.10899792,0.00265356
6690.75,0.14281056,0.00608148
6691,0.12406176,0.00182412
6691.25,0.16216956,0.00922752
6691.5,0.14573304,0.00684288
6691.75,0.15474348,0.00821664
6692,0.15227676,0.00580068
6692.25,0.14242824,0.00679752
6692.5,0.12802104,0.00721548
6692.75,0.1351512,0.01038312
6693,0.1337526,0.01182168
6693.25,0.1265814,0.0102114
6693.5,0.11957976,0.0114642
6693.75,0.11865744,0.008073
6694,0.10044864,0.00553824
6694.25,0.09023076,0.00419148
6694.5,0.08181432,0.00543672
6694.75,0.0687042,0.00553716
6695,0.06394032,0.00730404
6695.25,0.06827436,0.00912924
6695.5,0.06882732,0.01019844
6695.75,0.07117632,0.01081512
6696,0.06539616,0.00957528
6696.25,0.06719328,0.01019412
6696.5,0.05946156,0.00862596
6696.75,0.06375888,0.00794988
6697,0.0657828,0.00918432
6697.25,0.06186348,0.0101088
6697.5,0.06710472,0.0113076
6697.75,0.06413148,0.01226448
6698,0.06714792,0.01178496
6698.25,0.06820956,0.01291356
6698.5,0.07000452,0.01370412
6698.75,0.0707346,0.01255068
6699,0.06595884,0.01253664
6699.25,0.06257736,0.01261764
6699.5,0.0611172,0.01176552
6699.75,0.0614574,0.01262196
6700,0.05869368,0.01301508
6700.25,0.06038496,0.01312956
6700.5,0.05633604,0.01353348
6700.75,0.05452056,0.01238868
6701,0.05917104,0.01185948
6701.25,0.06084396,0.0115884
6701.5,0.06222204,0.0116532
6701.75,0.06501384,0.01150848
6702,0.06240672,0.01162728
6702.25,0.06546312,0.01124928
6702.5,0.05890536,0.00939168
6702.75,0.06497928,0.00894024
6703,0.07717464,0.01143504
6703.25,0.08586324,0.00627156
6703.5,0.0958878,0.00829008
6703.75,0.11828052,0.00679428
6704,0.10145952,0.00861408
6704.25,0.12491604,0.0075384
6704.5,0.13190472,0.00700056
6704.75,0.14545116,0.0024678
6705,0.12226356,0.00444636
6705.25,0.1226664,0.00362664
6705.5,0.15304032,0.001998
6705.75,0.17505828,0.00306936
6706,0.18556776,0.00506736
6706.25,0.17228808,0.00233496
6706.5,0.1568214,0.0029754
6706.75,0.17787384,0.00700488
6707,0.18965988,0.00048276
6707.25,0.18226944,0.00259416
6707.5,0.18894708,0.00384912
6707.75,0.18606024,0.0100116
6708,0.16782768,0.00829548
6708.25,0.1693062,0.00972216
6708.5,0.15158988,0.0089262
6708.75,0.17631972,0.00564624
6709,0.14228136,0.01114344
6709.25,0.15590988,0.0093042
6709.5,0.1569186,0.00821232
6709.75,0.18043236,0.01084536
6710,0.1924992,0.00175824
6710.25,0.1889946,-0.00128844
6710.5,0.1874556,0.0003294
6710.75,0.19323792,0.0005832
6711,0.18494784,0.000783
6711.25,0.19007352,0.00312336
6711.5,0.13193928,0.0038934
6711.75,0.1637982,0.00106596
6712,0.1668168,0.00139752
6712.25,0.15190308,0.00215028
6712.5,0.14917608,0.00107028
6712.75,0.16054092,0.00096876
6713,0.15099588,0.00149904
6713.25,0.12625632,0.0029538
6713.5,0.14498136,0.00271296
6713.75,0.13958244,-0.00021924
6714,0.11159748,0.00218916
6714.25,0.13138956,0.00497664
6714.5,0.11713356,0.00338904
6714.75,0.11711628,0.00383076
6715,0.09799164,0.00327888
6715.25,0.16453584,0.00545184
6715.5,0.18360216,0.005535
6715.75,0.17445024,0.00387072
6716,0.14805504,0.00295812
6716.25,0.13552488,0.0021276
6716.5,0.15051204,0.0058752
6716.75,0.1592406,0.00688284
6717,0.14959404,0.00894132
6717.25,0.14206536,0.00579528
6717.5,0.1524582,0.01296648
6717.75,0.14134176,0.01026648
6718,0.1199124,0.01013256
6718.25,0.1033128,0.01049112
6718.5,0.08622504,0.00775764
6718.75,0.0827334,0.00905364
6719,0.06933276,0.0108432
6719.25,0.06770952,0.01363176
6719.5,0.07316676,0.01080756
6719.75,0.07639596,0.00747468
6720,0.0711828,0.00698544
6720.25,0.0691308,0.00727164
6720.5,0.0645894,0.00595512
6720.75,0.0657612,0.00666252
6721,0.06777108,0.00807408
6721.25,0.0660582,0.00647892
6721.5,0.06821712,0.00715392
6721.75,0.07109532,0.00667764
6722,0.0638874,0.00738504
6722.25,0.06639624,0.00892728
6722.5,0.07444332,0.01032804
6722.75,0.0755406,0.010233
6723,0.06709932,0.00850608
6723.25,0.06764688,0.00967032
6723.5,0.0655992,0.00874908
6723.75,0.0608742,0.00817992
6724,0.06135696,0.00793692
6724.25,0.06006744,0.00856224
6724.5,0.05663844,0.00863244
6724.75,0.06522336,0.00988524
6725,0.06007068,0.0085104
6725.25,0.05974452,0.00799848
6725.5,0.06046164,0.00876096
6725.75,0.06355692,0.00865404
6726,0.05671728,0.00800064
6726.25,0.06311196,0.00769284
6726.5,0.06411528,0.00597456
6726.75,0.06419736,0.00773496
6727,0.06928416,0.0075654
6727.25,0.06778944,0.00285336
6727.5,0.0909738,0.00368928
6727.75,0.09462204,0.00367416
6728,0.09937404,0.00330264
6728.25,0.10107072,0.00175284
6728.5,0.11103264,0.0016524
6728.75,0.13998852,0.00026244
6729,0.11532996,0.0015984
6729.25,0.12937644,0.00081216
6729.5,0.16854588,0.00304344
6729.75,0.17644392,0.00429084
6730,0.16617204,0.0002646
6730.25,0.16203672,0.00223992
6730.5,0.14709708,0.0023166
6730.75,0.12558672,0.00059184
6731,0.16086276,0.00322272
6731.25,0.16909776,0.00647784
6731.5,0.15954948,0.0048276
6731.75,0.15836364,0.00601236
6732,0.16471296,0.00928476
6732.25,0.15493788,0.00871884
6732.5,0.14599548,0.01166832
6732.75,0.15545304,0.01182492
6733,0.14085144,0.01095012
6733.25,0.15323688,0.01154952
6733.5,0.15907104,0.00460404
6733.75,0.13497516,0.00171396
6734,0.19120104,0.00565704
6734.25,0.20458008,0.0016632
6734.5,0.19551564,0.00219348
6734.75,0.19313856,0.00078192
6735,0.17588664,0.0079704
6735.25,0.17528508,0.00862164
6735.5,0.14957784,0.00542592
6735.75,0.13019832,0.00585468
6736,0.16626168,0.00626508
6736.25,0.16740432,0.004239
6736.5,0.15995448,0.00667764
6736.75,0.14330736,0.0057888
6737,0.1452762,0.00607284
6737.25,0.14599224,0.00104112
6737.5,0.12091464,0.00188244
6737.75,0.13186152,0.00196236
6738,0.09700992,9.072e-05
6738.25,0.12211236,-0.00049248
6738.5,0.12224304,0.00699948
6738.75,0.107271,0.00468288
6739,0.16067376,0.0048168
6739.25,0.12434904,0.00111024
6739.5,0.15208452,0.00043092
6739.75,0.15255324,0.0008586
6740,0.16600248,9.72e-06
6740.25,0.1501524,0.00183708
6740.5,0.14758308,0.00510408
6740.75,0.14034816,0.00417636
6741,0.13401504,0.00428652
6741.25,0.13779504,0.00294516
6741.5,0.11236968,0.00418284
6741.75,0.11280816,0.00625212
6742,0.09186156,0.00643248
6742.25,0.09156564,0.01151388
6742.5,0.07794792,0.00603288
6742.75,0.07455132,0.00792612
6743,0.0654966,0.00821772
6743.25,0.06783372,0.00918432
6743.5,0.07291404,0.01154088
6743.75,0.07482348,0.0118422
6744,0.06791364,0.0103248
6744.25,0.073845,0.01225476
6744.5,0.06581628,0.01037988
6744.75,0.0588546,0.00851364
6745,0.06600744,0.00938736
6745.25,0.06594264,0.01006668
6745.5,0.06757776,0.01027296
6745.75,0.0698976,0.0102708
6746,0.0694062,0.00984852
6746.25,0.07046136,0.01202148
6746.5,0.06724944,0.00979236
6746.75,0.07182972,0.01203228
6747,0.06330636,0.01040148
6747.25,0.065259,0.01086156
6747.5,0.06294456,0.01133784
6747.75,0.06454512,0.01169532
6748,0.06491664,0.01167264
6748.25,0.06078132,0.00798444
6748.5,0.0596106,0.00898776
6748.75,0.05724756,0.00854064
6749,0.0609444,0.0109728
6749.25,0.06175116,0.00996516
6749.5,0.06511644,0.00844884
6749.75,0.06040332,0.00920592
6750,0.06120036,0.01059696
6750.25,0.05943996,0.008073
6750.5,0.06685956,0.006615
6750.75,0.06503112,0.0075924
6751,0.06914484,0.00783
6751.25,0.06279984,0.00551556
6751.5,0.09272124,0.0093096
6751.75,0.11334168,0.00743256
6752,0.09220824,0.0063018
6752.25,0.10808424,0.00572724
6752.5,0.11238804,0.00055728
6752.75,0.11519388,0.00190728
6753,0.12007872,-0.00113724
6753.25,0.13197168,0.00168372
6753.5,0.15305328,0.00269136
6753.75,0.13373532,0.00273888
6754,0.13860828,0.0034668
6754.25,0.1257336,0.00230796
6754.5,0.12515796,0.00269676
6754.75,0.13532076,0.00176688
6755,0.12172032,0.00123768
6755.25,0.1370952,0.00272484
6755.5,0.14768352,0.00334584
6755.75,0.1567782,0.00668736
6756,0.13492872,0.0096984
6756.25,0.129762,0.00968112
6756.5,0.1294272,0.00782676
6756.75,0.13019508,0.00596268
6757,0.11808288,0.00707616
6757.25,0.11491524,0.00903528
6757.5,0.14053824,0.01587168
6757.75,0.18476316,0.00814752
6758,0.18600624,0.00100872
6758.25,0.18156312,0.00053028
6758.5,0.21472668,0.00529308
6758.75,0.19955268,0.00210168
6759,0.19939392,0.00134352
6759.25,0.20494296,0.00332532
6759.5,0.17737272,0.00905688
6759.75,0.17537256,0.00173988
6760,0.17658,0.01231092
6760.25,0.17631,0.00777924
6760.5,0.20581776,0.00718416
6760.75,0.16531884,0.0069768
6761,0.14737464,0.00658152
6761.25,0.1761264,0.01224828
6761.5,0.15993936,0.0155466
6761.75,0.16985376,0.01459836
6762,0.1597698,0.01672164
6762.25,0.17453124,0.01983528
6762.5,0.16731252,0.0163512
6762.75,0.18508824,0.02490696
6763,0.20705436,0.01760508
6763.25,0.20770344,0.00923184
6763.5,0.12668076,0.00265572
6763.75,0.19438596,0.00714852
6764,0.17782092,0.00892296
6764.25,0.18648144,0.011394
6764.5,0.18139788,0.01794312
6764.75,0.16810092,0.01239732
6765,0.15063408,0.01231092
6765.25,0.15523272,0.01470096
6765.5,0.1509948,0.01774008
6765.75,0.12133368,0.01263816
6766,0.11061576,0.0125604
6766.25,0.09733068,0.00857412
6766.5,0.07935408,0.00949968
6766.75,0.08062416,0.01076976
6767,0.07578792,0.01246104
6767.25,0.07418736,0.01501632
6767.5,0.07354152,0.01648836
6767.75,0.07147224,0.01102788
6768,0.06557328,0.01083672
6768.25,0.06516828,0.00903636
6768.5,0.0638388,0.00632124
6768.75,0.06169824,0.00618192
6769,0.06585516,0.00572724
6769.25,0.06539616,0.00642168
6769.5,0.06307632,0.00662904
6769.75,0.06595992,0.00670032
6770,0.06512724,0.00818964
6770.25,0.07035768,0.00751896
6770.5,0.06466068,0.00856764
6770.75,0.06774624,0.00836892
6771,0.06325668,0.0085428
6771.25,0.06648156,0.00876528
6771.5,0.06710904,0.00932256
6771.75,0.06345432,0.00801252
6772,0.06126084,0.00714744
6772.25,0.06103836,0.00860652
6772.5,0.05702832,0.00714204
6772.75,0.0615276,0.00792072
6773,0.06176736,0.00741852
6773.25,0.06302664,0.00790236
6773.5,0.06743196,0.00776412
6773.75,0.06569964,0.0066312
6774,0.05466636,0.00638064
6774.25,0.0613926,0.0068364
6774.5,0.06409152,0.00591948
6774.75,0.06280092,0.00552204
6775,0.07803432,0.00600696
6775.25,0.08158428,0.00731808
6775.5,0.09139284,0.00777384
6775.75,0.09360684,0.00763668
6776,0.08459856,0.00500688
6776.25,0.09898956,0.00283176
6776.5,0.11141604,0.00253908
6776.75,0.1214406,0.0030726
6777,0.1298052,0.003186
6777.25,0.15559128,0.003861
6777.5,0.1416474,0.00300456
6777.75,0.16531884,0.00362664
6778,0.14273388,0.0040554
6778.25,0.14725584,0.00510948
6778.5,0.12397428,0.00407052
6778.75,0.12518604,0.00348516
6779,0.14053284,0.00318708
6779.25,0.13337352,0.00558468
6779.5,0.12977712,0.00529632
6779.75,0.13297608,0.00686016
6780,0.12154968,0.00638928
6780.25,0.1360422,0.01131192
6780.5,0.13458744,0.0085212
6780.75,0.15228108,0.01031508
6781,0.126306,0.0137592
6781.25,0.16996284,0.01767312
6781.5,0.1851984,0.01313604
6781.75,0.23891544,0.01479384
6782,0.20468916,0.00977508
6782.25,0.2413692,0.01664712
6782.5,0.22333644,0.01105272
6782.75,0.27462132,0.0165294
6783,0.24058944,0.01469772
6783.25,0.24680808,0.0172206
6783.5,0.19328652,0.0152172
6783.75,0.21653028,0.0139806
6784,0.22577076,0.01659096
6784.25,0.22488084,0.01804572
6784.5,0.19465596,0.01554876
6784.75,0.17438436,0.0190296
6785,0.1396224,0.01992816
6785.25,0.1790424,0.01649268
6785.5,0.14978196,0.01092312
6785.75,0.18328788,0.01364904
6786,0.17237664,0.0179658
6786.25,0.1215972,0.013797
6786.5,0.15871248,0.01672596
6786.75,0.18678168,0.0265518
6787,0.22011372,0.0277614
6787.25,0.11537208,0.01096956
6787.5,0.13337352,0.01145124
6787.75,0.20405628,0.02082996
6788,0.19010052,0.01875636
6788.25,0.20847456,0.02399544
6788.5,0.18999036,0.02772576
6788.75,0.18831312,0.03074112
6789,0.18900756,0.03231792
6789.25,0.14151132,0.02193912
6789.5,0.17794188,0.02672352
6789.75,0.16688808,0.024084
6790,0.13355712,0.01538244
6790.25,0.10325664,0.013365
6790.5,0.08865288,0.01303776
6790.75,0.08018892,0.0142992
6791,0.0775872,0.01618272
6791.25,0.08074404,0.01893348
6791.5,0.08883216,0.02213244
6791.75,0.08517852,0.02029536
6792,0.07134048,0.01550556
6792.25,0.06841908,0.01284444
6792.5,0.06556356,0.01234116
6792.75,0.06407856,0.01293192
6793,0.06502896,0.01407024
6793.25,0.06698268,0.01686528
6793.5,0.06686172,0.00975996
6793.75,0.06612948,0.00987444
6794,0.06388092,0.01023084
6794.25,0.06607764,0.0106488
6794.5,0.07063416,0.01359072
6794.75,0.06604956,0.01376136
6795,0.06252984,0.01191024
6795.25,0.06656796,0.01257552
6795.5,0.06582168,0.01041336
6795.75,0.06267024,0.0078678
6796,0.05706396,0.0060534
6796.25,0.05727564,0.00553824
6796.5,0.05589432,0.0049896
6796.75,0.05857704,0.00513756
6797,0.06196608,0.00647676
6797.25,0.05941512,0.00529632
6797.5,0.06229764,0.00487296
6797.75,0.05584032,0.00460728
6798,0.05307336,0.0067068
6798.25,0.04629204,0.00547776
6798.5,0.045144,0.00477792
6798.75,0.04865076,0.00504468
6799,0.04543884,0.00459108
6799.25,0.05172876,0.00433296
6799.5,0.0499662,0.00443016
6799.75,0.05641812,0.00472716
6800,0.03388716,0.00280476
6800.25,0.04048272,0.00583416
6800.5,0.05153868,0.00542484
6800.75,0.05302692,0.00622404
6801,0.0536382,0.00506088
6801.25,0.09308088,0.0077706
6801.5,0.10214424,0.00721332
6801.75,0.10754964,0.00966924
6802,0.0939978,0.00604152
6802.25,0.09451512,0.00588276
6802.5,0.06580008,0.0084618
6802.75,0.06926688,0.008073
6803,0.08899848,0.00796932
6803.25,0.0919242,0.01294488
6803.5,0.09244368,0.01602828
6803.75,0.10487016,0.01311228
6804,0.07547256,0.00902556
6804.25,0.0956718,0.01318572
6804.5,0.08331012,0.012177
6804.75,0.09527868,0.01732968
6805,0.07100676,0.0112266
6805.25,0.07024644,0.0091044
6805.5,0.05095872,0.00636984
6805.75,0.06177708,0.00652212
6806,0.1050138,0.01366848
6806.25,0.09653796,0.01516104
6806.5,0.09938484,0.01849608
6806.75,0.1038366,0.01848528
6807,0.1005804,0.01682424
6807.25,0.07500384,0.01409724
6807.5,0.08433936,0.01227636
6807.75,0.08355096,0.01145124
6808,0.0887598,0.01399896
6808.25,0.09647964,0.01403136
6808.5,0.08977716,0.0135378
6808.75,0.07069788,0.01066824
6809,0.10479348,0.01728108
6809.25,0.0728406,0.01096848
6809.5,0.06227604,0.01299996
6809.75,0.09244368,0.00892404
6810,0.07756992,0.00920052
6810.25,0.06453,0.00702756
6810.5,0.07098084,0.00857844
6810.75,0.06604092,0.01199232
6811,0.07380936,0.00866916
6811.25,0.06675048,0.0072954
6811.5,0.05612976,0.00665172
6811.75,0.07427484,0.01012716
6812,0.08584272,0.01202904
6812.25,0.07325424,0.00950508
6812.5,0.07514964,0.00972216
6812.75,0.07587972,0.00725868
6813,0.07963596,0.00868752
6813.25,0.08057232,0.01008612
6813.5,0.07942968,0.00981396
6813.75,0.08310276,0.011178
6814,0.08004744,0.01076868
6814.25,0.08090712,0.01157328
6814.5,0.07590456,0.01090908
6814.75,0.078786,0.01077516
6815,0.07368084,0.01054404
6815.25,0.07884432,0.01063584
6815.5,0.07973532,0.01388232
6815.75,0.08106912,0.01472472
6816,0.0734454,0.01411452
6816.25,0.07104996,0.01378404
6816.5,0.06959628,0.01404108
6816.75,0.07262244,0.0140616
6817,0.07012548,0.01288656
6817.25,0.0687474,0.00853632
6817.5,0.07352424,0.00918324
6817.75,0.0711666,0.00887868
6818,0.0735048,0.01096848
6818.25,0.07032528,0.01039068
6818.5,0.07635276,0.01152792
6818.75,0.0724248,0.01102356
6819,0.06960492,0.012285
6819.25,0.06909408,0.01283148
6819.5,0.07075188,0.01308528
6819.75,0.06833052,0.01292544
6820,0.06624936,0.0121932
6820.25,0.0663876,0.0106164
6820.5,0.06309468,0.00838188
6820.75,0.0641142,0.01007856
6821,0.0682938,0.01120608
6821.25,0.06467796,0.01183896
6821.5,0.07212888,0.0136998
6821.75,0.07088256,0.01469772
6822,0.06349428,0.016146
6822.25,0.05808996,0.01817964
6822.5,0.05199336,0.01301076
6822.75,0.05583168,0.00871668
6823,0.0533034,0.00897156
6823.25,0.04754808,0.00840672
6823.5,0.05228064,0.00744768
6823.75,0.05368896,0.00813348
6824,0.03584628,0.00605664
6824.25,0.04249692,0.00668952
6824.5,0.0612144,0.0089748
6824.75,0.07531488,0.00912492
6825,0.07274556,0.00957852
6825.25,0.08382852,0.01016712
6825.5,0.0990414,0.01217808
6825.75,0.09455724,0.01274724
6826,0.08138016,0.0122688
6826.25,0.08927928,0.01186272
6826.5,0.05696136,0.01063692
6826.75,0.06772572,0.01110888
6827,0.0752544,0.01059912
6827.25,0.08321184,0.0121608
6827.5,0.07681824,0.01505412
6827.75,0.0709452,0.01146528
6828,0.07356204,0.01242324
6828.25,0.0762264,0.01238004
6828.5,0.08043948,0.01682208
6828.75,0.08248716,0.01516428
6829,0.06600852,0.01519776
6829.25,0.06887484,0.014742
6829.5,0.07731828,0.01877148
6829.75,0.0830736,0.01508436
6830,0.07143768,0.01401084
6830.25,0.08788716,0.0143802
6830.5,0.08083584,0.0156114
6830.75,0.08651556,0.015633
6831,0.08613,0.01902312
6831.25,0.08077536,0.01761156
6831.5,0.06464772,0.01245888
6831.75,0.06635628,0.01158948
6832,0.07107048,0.00890136
6832.25,0.0836028,0.01027512
6832.5,0.07205868,0.00993492
6832.75,0.06609708,0.01228284
6833,0.07432776,0.01564596
6833.25,0.08285436,0.01568592
6833.5,0.07356204,0.01511244
6833.75,0.0805194,0.012987
6834,0.0781326,0.0132138
6834.25,0.07926984,0.0131382
6834.5,0.0710316,0.01170072
6834.75,0.06993216,0.01371168
6835,0.08283816,0.01033668
6835.25,0.08071812,0.0076302
6835.5,0.08852652,0.00812808
6835.75,0.07380288,0.009234
6836,0.0707778,0.00958284
6836.25,0.07353828,0.00892944
6836.5,0.07223256,0.00889596
6836.75,0.07190856,0.01032048
6837,0.07205004,0.01153872
6837.25,0.07396056,0.01042848
6837.5,0.07274556,0.00688176
6837.75,0.07217316,0.00615168
6838,0.067122,0.00524232
6838.25,0.06722244,0.00632232
6838.5,0.06484212,0.005373
6838.75,0.07195176,0.00657288
6839,0.07184484,0.00730728
6839.25,0.06968052,0.00756216
6839.5,0.07803,0.00876636
6839.75,0.07241616,0.00965196
6840,0.0693954,0.0081162
6840.25,0.06464772,0.00851904
6840.5,0.062046,0.00867132
6840.75,0.062964,0.00998568
6841,0.06085476,0.0072414
6841.25,0.06761232,0.0080136
6841.5,0.06381288,0.0078678
6841.75,0.06732936,0.00935064
6842,0.06672672,0.00933768
6842.25,0.0694764,0.00886032
6842.5,0.0718578,0.01007856
6842.75,0.06536808,0.00971784
6843,0.06463908,0.00867564
6843.25,0.06466176,0.00857628
6843.5,0.06098544,0.00860652
6843.75,0.06036876,0.0093852
6844,0.0613494,0.00998892
6844.25,0.06376104,0.00880092
6844.5,0.05724432,0.0091746
6844.75,0.05685012,0.00953748
6845,0.06341112,0.01010448
6845.25,0.06095736,0.00925992
6845.5,0.06346296,0.00895752
6845.75,0.06156864,0.00982584
6846,0.05470956,0.0101466
6846.25,0.05745816,0.00893052
6846.5,0.05759208,0.00831384
6846.75,0.06332256,0.00856116
6847,0.07355448,0.00957636
6847.25,0.07159104,0.00927828
6847.5,0.09690084,0.0097578
6847.75,0.10301688,0.01124604
6848,0.09111312,0.00680076
6848.25,0.10186992,0.00805464
6848.5,0.11017512,0.01406052
6848.75,0.12783312,0.01003536
6849,0.13557132,0.01177848
6849.25,0.1343034,0.01150524
6849.5,0.15895116,0.0100602
6849.75,0.1476468,0.00589356
6850,0.15375636,0.00746172
6850.25,0.1588194,0.01098144
6850.5,0.12743352,0.00892944
6850.75,0.13480884,0.00803736
6851,0.16449696,0.01384128
6851.25,0.15795864,0.01905768
6851.5,0.16857936,0.01543212
6851.75,0.1640682,0.02276424
6852,0.15357708,0.01144368
6852.25,0.15244632,0.00910332
6852.5,0.1496448,0.00977076
6852.75,0.15382008,0.01049976
6853,0.13939992,0.01338876
6853.25,0.16799616,0.01570644
6853.5,0.19256616,0.02278692
6853.75,0.17262288,0.0190026
6854,0.23528556,0.018873
6854.25,0.25057728,0.01961496
6854.5,0.22345092,0.017712
6854.75,0.21802068,0.01327536
6855,0.25831872,0.02223396
6855.25,0.19620576,0.01248588
6855.5,0.18215928,0.01323756
6855.75,0.1679238,0.01152144
6856,0.2044332,0.01600344
6856.25,0.18113544,0.0106218
6856.5,0.20722176,0.01599696
6856.75,0.1996272,0.01466316
6857,0.15519816,0.0112374
6857.25,0.18713052,0.01524204
6857.5,0.17232588,0.01136916
6857.75,0.16626384,0.01299564
6858,0.12927708,0.00731592
6858.25,0.14824728,0.00674892
6858.5,0.12283704,0.00688068
6858.75,0.14911668,0.01306584
6859,0.19961208,0.01700784
6859.25,0.2125278,0.01596456
6859.5,0.20665908,0.0211194
6859.75,0.20762244,0.01613736
6860,0.1877742,0.01600884
6860.25,0.12368052,0.00776736
6860.5,0.17493516,0.0153252
6860.75,0.11000988,0.01639116
6861,0.17433792,0.026244
6861.25,0.15751692,0.01979748
6861.5,0.13925844,0.00641844
6861.75,0.13574088,0.00977616
6862,0.11594988,0.00472824
6862.25,0.0953478,0.00527148
6862.5,0.08073324,0.00730836
6862.75,0.0750168,0.00851688
6863,0.0727488,0.01052136
6863.25,0.07129836,0.009099
6863.5,0.07444656,0.01058832
6863.75,0.07433424,0.01299996
6864,0.07091928,0.01083672
6864.25,0.06727968,0.00963792
6864.5,0.0656856,0.00851364
6864.75,0.06176736,0.00458352
6865,0.0642276,0.0066474
6865.25,0.0681804,0.0077598
6865.5,0.06894072,0.01005588
6865.75,0.06821388,0.0127926
6866,0.069903,0.01496016
6866.25,0.0681426,0.0093582
6866.5,0.0733212,0.009828
6866.75,0.06534864,0.00998568
6867,0.07082208,0.0090936
6867.25,0.06563376,0.0085266
6867.5,0.0655074,0.0070848
6867.75,0.0646488,0.00729
6868,0.06352236,0.00669384
6868.25,0.0600102,0.00664092
6868.5,0.06025428,0.0061398
6868.75,0.05837508,0.0073116
6869,0.06111288,0.00723816
6869.25,0.06213348,0.0070254
6869.5,0.06785424,0.00749412
6869.75,0.06418332,0.00738504
6870,0.056484,0.00929556
6870.25,0.0556794,0.00596268
6870.5,0.06354072,0.00488376
6870.75,0.07126272,0.00627372
6871,0.07702776,0.00370332
6871.25,0.08076564,0.00268596
6871.5,0.1048788,0.00346464
6871.75,0.11316672,0.00445176
6872,0.10451052,0.00617328
6872.25,0.10602684,0.00542268
6872.5,0.12267612,0.00599184
6872.75,0.14077584,0.0058104
6873,0.1747548,0.00836784
6873.25,0.17384112,0.0064368
6873.5,0.1724436,0.00740448
6873.75,0.19685484,0.00820908
6874,0.15167736,0.00420552
6874.25,0.20965608,0.0143586
6874.5,0.18302652,0.01139724
6874.75,0.16448184,0.01037124
6875,0.19964988,0.01245888
6875.25,0.14036004,0.00527256
6875.5,0.1636956,0.00812916
6875.75,0.1737396,0.00730836
6876,0.16954596,0.01029888
6876.25,0.16870356,0.00668304
6876.5,0.1659366,0.01215648
6876.75,0.16096968,0.0120096
6877,0.15092028,0.01264032
6877.25,0.18597492,0.01100196
6877.5,0.19574136,0.01295784
6877.75,0.21782304,0.01162512
6878,0.2652372,0.01204308
6878.25,0.28767636,0.01994868
6878.5,0.26872344,0.01591812
6878.75,0.24022764,0.01089288
6879,0.25985556,0.0151686
6879.25,0.21151476,0.01289628
6879.5,0.21315852,0.00988308
6879.75,0.23566788,0.02328588
6880,0.21434004,0.0110376
6880.25,0.21308292,0.01920888
6880.5,0.19146564,0.00708372
6880.75,0.2129436,0.00708804
6881,0.20842164,0.01047384
6881.25,0.16354008,0.00677376
6881.5,0.19990044,0.007317
6881.75,0.19486008,0.017955
6882,0.13503888,0.01173528
6882.25,0.16470432,0.01734156
6882.5,0.1502982,0.01152468
6882.75,0.1561194,0.01414908
6883,0.18846432,0.01400004
6883.25,0.20607156,0.01436832
6883.5,0.1997244,0.02244024
6883.75,0.17516304,0.0165024
6884,0.18512064,0.0133596
6884.25,0.09445788,0.00621648
6884.5,0.17686836,0.0117234
6884.75,0.17084736,0.0097956
6885,0.1679832,0.01013796
6885.25,0.14312592,0.01208844
6885.5,0.1402596,0.01014336
6885.75,0.10461744,0.01032264
6886,0.08223444,0.0059562
6886.25,0.1090476,0.01042524
6886.5,0.08873604,0.01142316
6886.75,0.07042464,0.01197396
6887,0.08039196,0.01621728
6887.25,0.0774306,0.01583388
6887.5,0.07751916,0.01619568
6887.75,0.0749574,0.01561464
6888,0.07208028,0.01749492
6888.25,0.07656228,0.0196992
6888.5,0.07633656,0.0196182
6888.75,0.06780456,0.01970244
6889,0.07343352,0.01527552
6889.25,0.06869988,0.01522908
6889.5,0.08273664,0.01783188
6889.75,0.07839288,0.0185706
6890,0.0798066,0.01848204
6890.25,0.07849764,0.0150066
6890.5,0.07305012,0.01497312
6890.75,0.0724896,0.01585872
6891,0.06710364,0.01440396
6891.25,0.06784128,0.01358208
6891.5,0.0742392,0.01413504
6891.75,0.06514668,0.01285848
6892,0.06837372,0.01500228
6892.25,0.06997644,0.01468368
6892.5,0.06349968,0.01271484
6892.75,0.07044084,0.01253016
6893,0.06615432,0.01423656
6893.25,0.06467688,0.01291032
6893.5,0.06243156,0.01338876
6893.75,0.06378048,0.01335852
6894,0.0587196,0.01350972
6894.25,0.06240348,0.01015956
6894.5,0.05804136,0.0082512
6894.75,0.06627636,0.00919512
6895,0.07578684,0.00834948
6895.25,0.07098948,0.00726732
6895.5,0.08301312,0.00818208
6895.75,0.09918504,0.00644328
6896,0.08933652,0.00602316
6896.25,0.0862542,0.00382428
6896.5,0.10122192,0.00611388
6896.75,0.114534,0.00650376
6897,0.1518642,0.00877824
6897.25,0.13798188,0.00607932
6897.5,0.14788116,0.007938
6897.75,0.18226512,0.00436536
6898,0.17287236,0.00999756
6898.25,0.18505476,0.00859248
6898.5,0.13510908,0.01080108
6898.75,0.11834964,0.0070146
6899,0.15229728,0.00683532
6899.25,0.157896,0.01181088
6899.5,0.1645596,0.01351404
6899.75,0.16200648,0.01405728
6900,0.12709764,0.01256256
6900.25,0.165375,0.02058804
6900.5,0.12303468,0.01770228
6900.75,0.1580418,0.02291976
6901,0.14650092,0.02610468
6901.25,0.13776264,0.02303964
6901.5,0.14195088,0.02174904
6901.75,0.25121772,0.01933308
6902,0.26690472,0.02632716
6902.25,0.29756592,0.02032776
6902.5,0.28089288,0.01729404
6902.75,0.29867508,0.02329668
6903,0.28283904,0.01624968
6903.25,0.3131946,0.02021652
6903.5,0.27699732,0.0202932
6903.75,0.27210276,0.0189918
6904,0.19113732,0.00837972
6904.25,0.24684804,0.0171774
6904.5,0.2298186,0.01850688
6904.75,0.2360934,0.02209572
6905,0.18854748,0.01668276
6905.25,0.20499588,0.01850148
6905.5,0.21580668,0.02211516
6905.75,0.20815056,0.01732428
6906,0.20626272,0.02018736
6906.25,0.20023092,0.0173502
6906.5,0.16784064,0.01207656
6906.75,0.17831772,0.01553472
6907,0.22605804,0.01707048
6907.25,0.23122476,0.01839132
6907.5,0.2196504,0.01847232
6907.75,0.21720744,0.01594836
6908,0.18691668,0.01045872
6908.25,0.20468808,0.01315764
6908.5,0.214974,0.01109484
6908.75,0.1181574,0.0044766
6909,0.18164628,0.01026324
6909.25,0.17052228,0.0094932
6909.5,0.17043696,0.01173852
6909.75,0.14743728,0.01560492
6910,0.11844684,0.01423872
6910.25,0.11807424,0.01655424
6910.5,0.09212832,0.01431216
6910.75,0.082863,0.01763316
6911,0.0773766,0.01719252
6911.25,0.08292348,0.01609632
6911.5,0.0801576,0.01773684
6911.75,0.08152596,0.018063
6912,0.07271316,0.01225908
6912.25,0.07216776,0.01060668
6912.5,0.07053264,0.00860436
6912.75,0.06858108,0.0096228
6913,0.07170444,0.01039392
6913.25,0.06966648,0.01219536
6913.5,0.07573932,0.01556388
6913.75,0.07590996,0.01917648
6914,0.07850196,0.01972296
6914.25,0.07432452,0.017766
6914.5,0.07593156,0.0185544
6914.75,0.0743958,0.01868184
6915,0.07170228,0.0178578
6915.25,0.07115472,0.01979856
6915.5,0.07744896,0.0201258
6915.75,0.073413,0.02198556
6916,0.07445952,0.02153844
6916.25,0.06989652,0.02165076
6916.5,0.06823116,0.02217456
6916.75,0.06619104,0.01641384
6917,0.07357824,0.01823148
6917.25,0.07256088,0.01686852
6917.5,0.07282872,0.01762884
6917.75,0.06588864,0.01531764
6918,0.07109424,0.01604988
6918.25,0.08873604,0.01613304
6918.5,0.1008342,0.0194994
6918.75,0.09737928,0.01919592
6919,0.09573552,0.02004912
6919.25,0.10382148,0.01724112
6919.5,0.11174976,0.013689
6919.75,0.15133932,0.01166292
6920,0.13204296,0.0059832
6920.25,0.1250532,0.00285012
6920.5,0.14047128,0.00972972
6920.75,0.1642734,0.00728784
6921,0.1960524,0.01390068
6921.25,0.20973384,0.01369332
6921.5,0.21526668,0.01191672
6921.75,0.19942092,0.00666144
6922,0.22059864,0.00763992
6922.25,0.2115882,0.00531252
6922.5,0.17452368,0.00217944
6922.75,0.17582292,-0.00127764
6923,0.19280592,0.00339012
6923.25,0.19127772,0.00361476
6923.5,0.19883124,0.00453492
6923.75,0.20663424,0.00509436
6924,0.17887608,0.00911412
6924.25,0.16356492,0.01274508
6924.5,0.1631988,0.0147906
6924.75,0.16940232,0.01482732
6925,0.16015104,0.01801656
6925.25,0.18253404,0.01917
6925.5,0.20855772,0.01554444
6925.75,0.24339312,0.01272888
6926,0.21393396,0.0063126
6926.25,0.26944812,0.01696356
6926.5,0.18984888,0.00418284
6926.75,0.20319876,0.00375516
6927,0.26047872,0.01168236
6927.25,0.2099088,0.01381428
6927.5,0.2641572,0.01903284
6927.75,0.24074496,0.01526256
6928,0.18826344,0.00842832
6928.25,0.26816724,0.0211734
6928.5,0.25678188,0.01840752
6928.75,0.23854176,0.01812888
6929,0.23366448,0.01970676
6929.25,0.1339686,0.01215
6929.5,0.1780596,0.01249452
6929.75,0.1460376,0.007398
6930,0.17460144,0.01519128
6930.25,0.17609832,0.01740312
6930.5,0.1125738,0.00387396
6930.75,0.16845516,0.0146664
6931,0.17582832,0.01216296
6931.25,0.2252448,0.02233872
6931.5,0.2438694,0.02611116
6931.75,0.22735188,0.02075868
6932,0.21535848,0.02041092
6932.25,0.21277728,0.02295648
6932.5,0.19064484,0.02312388
6932.75,0.20083464,0.02613924
6933,0.18681624,0.01643544
6933.25,0.17118756,0.01406376
6933.5,0.17018964,0.02087964
6933.75,0.13725936,0.01352268
6934,0.13540068,0.01514916
6934.25,0.12447432,0.0190566
6934.5,0.09897444,0.01957392
6934.75,0.08403372,0.02303208
6935,0.07968888,0.02135592
6935.25,0.07578684,0.0178416
6935.5,0.08138772,0.01954368
6935.75,0.08035524,0.01968732
6936,0.07591644,0.01908252
6936.25,0.074817,0.01948428
6936.5,0.0704538,0.01955556
6936.75,0.06671376,0.01434456
6937,0.07048404,0.01059372
6937.25,0.07339356,0.01105812
6937.5,0.07412364,0.01278396
6937.75,0.07368624,0.0151416
6938,0.07305444,0.0140508
6938.25,0.06986196,0.0180846
6938.5,0.07583652,0.01565892
6938.75,0.07623504,0.01832112
6939,0.06754536,0.01613952
6939.25,0.06930792,0.01587384
6939.5,0.07160832,0.0155682
6939.75,0.06623424,0.01793232
6940,0.06585408,0.01693116
6940.25,0.06682824,0.01657476
6940.5,0.06232356,0.01660608
6940.75,0.06471036,0.01632744
6941,0.06882192,0.01834488
6941.25,0.06814692,0.01282176
6941.5,0.07091928,0.01347624
6941.75,0.06642648,0.0132462
6942,-0.00338256,0.01088748
6942.25,0,0
6942.5,0,0
6942.75,0,0
6943,0,0
6943.25,0,0
6943.5,0,0
6943.75,0,0
6944,0,0
6944.25,0,0
6944.5,0,0
6944.75,0,0
6945,0,0
6945.25,0,0
6945.5,0,0
6945.75,0.05629932,0.0220482
6946,0.09591696,0.01798308
6946.25,0.11146356,0.01711908
6946.5,0.07243776,0.01081836
6946.75,0.07779996,0.00880092
6947,0.07679556,0.00649728
6947.25,0.08881812,0.0087642
6947.5,0.0745956,0.007317
6947.75,0.09561672,0.01428192
6948,0.09284652,0.0141588
6948.25,0.09963216,0.01941516
6948.5,0.07534404,0.01609092
6948.75,0.0819288,0.01301616
6949,0.06942456,0.01268136
6949.25,0.09888588,0.0121392
6949.5,0.1115154,0.01112616
6949.75,0.11488176,0.00857952
6950,0.13544388,0.00807516
6950.25,0.14855184,0.00716364
6950.5,0.14373072,0.00807624
6950.75,0.10663812,0.00977616
6951,0.14345424,0.0209682
6951.25,0.1485702,0.00958176
6951.5,0.11745864,0.0120474
6951.75,0.09937836,0.00813456
6952,0.10441764,0.00897588
6952.25,0.11351016,0.00524988
6952.5,0.10366704,0.00787536
6952.75,0.08940456,0.00717336
6953,0.11130048,0.00591624
6953.25,0.0976914,0.007317
6953.5,0.12531996,0.01140372
6953.75,0.10595988,0.00933552
6954,0.10886832,0.00877284
6954.25,0.10319076,0.00959904
6954.5,0.09992268,0.01237248
6954.75,0.1027296,0.01203768
6955,0.1162566,0.00856764
6955.25,0.15903648,0.0080244
6955.5,0.13990968,0.00899208
6955.75,0.1249074,0.0079272
6956,0.16658028,0.01604016
6956.25,0.12839256,0.01160676
6956.5,0.11720052,0.01417392
6956.75,0.10775916,0.01474308
6957,0.1128816,0.01244592
6957.25,0.10487016,0.00981828
6957.5,0.113805,0.00895752
6957.75,0.1111158,0.01442988
6958,0.09647964,0.009963
6958.25,0.098091,0.01267812
6958.5,0.08645508,0.01536084
6958.75,0.07953768,0.01863432
6959,0.074439,0.0140832
6959.25,0.07555356,0.0127764
6959.5,0.07484508,0.01539432
6959.75,0.07670916,0.0160002
6960,0.0773658,0.01896372
6960.25,0.07119576,0.01748736
6960.5,0.07191936,0.01577556
6960.75,0.066825,0.01609956
6961,0.0700164,0.01589976
6961.25,0.0766584,0.01131192
6961.5,0.07527276,0.01403568
6961.75,0.07518636,0.01221048
6962,0.07339356,0.0145044
6962.25,0.07240968,0.01472904
6962.5,0.07543368,0.01424952
6962.75,0.07681824,0.014256
6963,0.0779976,0.01454976
6963.25,0.06906816,0.0163998
6963.5,0.07060176,0.01354104
6963.75,0.07847388,0.01242756
6964,0.07351668,0.01062612
6964.25,0.07097004,0.01229688
6964.5,0.06782508,0.01234008
6964.75,0.07030908,0.01315008
6965,0.06829056,0.01178388
6965.25,0.068634,0.0130842
6965.5,0.0740286,0.01657152
6965.75,0.07129728,0.0144018
6966,0.0666954,0.01650024
6966.25,0.05822064,0.01538136
6966.5,0.05948748,0.01875204
6966.75,0.0560196,0.01534464
6967,0.05552388,0.01481868
6967.25,0.05986764,0.01287468
6967.5,0.06205896,0.01081944
6967.75,0.06344676,0.01283688
6968,0.04296132,0.01040364
6968.25,0.04316652,0.00847908
6968.5,0.04716468,0.008397
6968.75,0.06001884,0.00761616
6969,0.06632496,0.00794664
6969.25,0.06856596,0.008532
6969.5,0.07092792,0.00611388
6969.75,0.08689032,0.01251936
6970,0.07757316,0.01261116
6970.25,0.08650152,0.01053108
6970.5,0.051408,0.01200636
6970.75,0.05434344,0.00995544
6971,0.06357852,0.0136998
6971.25,0.0669006,0.01378296
6971.5,0.0834624,0.01656612
6971.75,0.08537832,0.02056104
6972,0.07650936,0.0185814
6972.25,0.07595856,0.01793232
6972.5,0.07471764,0.01762992
6972.75,0.07311816,0.0193698
6973,0.05696892,0.01445364
6973.25,0.05571612,0.0148878
6973.5,0.08147736,0.0160326
6973.75,0.0889164,0.01811376
6974,0.07217208,0.01621836
6974.25,0.07660548,0.0158814
6974.5,0.078786,0.01398276
6974.75,0.07293132,0.01519236
6975,0.07057044,0.01699056
6975.25,0.07107156,0.0151686
6975.5,0.05733936,0.01736964
6975.75,0.05892804,0.0160974
6976,0.063315,0.016767
6976.25,0.0694926,0.01459836
6976.5,0.07081236,0.01535868
6976.75,0.06290784,0.01403244
6977,0.07209,0.01357128
6977.25,0.06173712,0.01172232
6977.5,0.07388712,0.01087344
6977.75,0.0704322,0.01283796
6978,0.06916104,0.01079352
6978.25,0.06964596,0.01117152
6978.5,0.05501304,0.01145664
6978.75,0.05932548,0.01340712
6979,0.0661716,0.0094932
6979.25,0.06555492,0.00645408
6979.5,0.06851304,0.00642384
6979.75,0.06904656,0.00764316
6980,0.07356528,0.01045548
6980.25,0.0715176,0.0106812
6980.5,0.07364088,0.01227744
6980.75,0.07300368,0.0133326
6981,0.07377588,0.01297836
6981.25,0.07527384,0.01593216
6981.5,0.0756324,0.01685556
6981.75,0.07059204,0.01039716
6982,0.07045488,0.01048356
6982.25,0.0653832,0.0088776
6982.5,0.0635472,0.00910116
6982.75,0.06303312,0.00940356
6983,0.07069788,0.00911736
6983.25,0.07063416,0.01111536
6983.5,0.07427916,0.01314792
6983.75,0.07370568,0.0113508
6984,0.0636552,0.01024704
6984.25,0.06531084,0.00894348
6984.5,0.06715548,0.00968328
6984.75,0.06530004,0.01217592
6985,0.06347484,0.01159272
6985.25,0.06809616,0.01074384
6985.5,0.07107156,0.0131382
6985.75,0.06909732,0.01276452
6986,0.06902604,0.0153414
6986.25,0.07091172,0.01739448
6986.5,0.07048188,0.01577988
6986.75,0.0722898,0.01201824
6987,0.06779268,0.01403136
6987.25,0.065205,0.01296
6987.5,0.06799032,0.01681668
6987.75,0.06488316,0.01543536
6988,0.06594588,0.01613844
6988.25,0.06544368,0.01583388
6988.5,0.06232896,0.01368252
6988.75,0.06213672,0.01329696
6989,0.06492312,0.01586952
6989.25,0.0652698,0.01552932
6989.5,0.06566508,0.01316196
6989.75,0.05834052,0.01205496
6990,0.05618268,0.01382724
6990.25,0.04819392,0.01322136
6990.5,0.04770144,0.01363284
6990.75,0.05086584,0.01089072
6991,0.04714956,0.01078272
6991.25,0.04572612,0.0101574
6991.5,0.056106,0.01431432
6991.75,0.04994892,0.01131516
6992,0.02388204,0.00699948
6992.25,0.03053484,0.0088992
6992.5,0.03025944,0.00881928
6992.75,0.04133916,0.00963468
6993,0.041391,0.009369
6993.25,0.04480056,0.00683532
6993.5,0.04843152,0.0074034
6993.75,0.05135292,0.006858
6994,0.05465232,0.00647676
6994.25,0.04736232,0.00612144
6994.5,0.0287442,0.00473904
6994.75,0.02787804,0.0032562
6995,0.045144,0.00432324
6995.25,0.04602204,0.00695412
6995.5,0.04879008,0.00880848
6995.75,0.0576126,0.00850932
6996,0.05076864,0.00699516
6996.25,0.05510376,0.00750492
6996.5,0.04922316,0.00673164
6996.75,0.05131512,0.00688608
6997,0.03047976,0.00585468
6997.25,0.03432132,0.00689256
6997.5,0.03975048,0.0083214
6997.75,0.04583736,0.00860328
6998,0.04883004,0.00761616
6998.25,0.04856112,0.00753624
6998.5,0.052137,0.00758808
6998.75,0.05522256,0.00843048
6999,0.04995756,0.00851148
6999.25,0.04983552,0.0080622
6999.5,0.03924612,0.00934632
6999.75,0.03829464,0.00812484
7000,0.04548096,0.00731916
7000.25,0.04749948,0.00647028
7000.5,0.04221828,0.00524556
7000.75,0.04611816,0.00460404
7001,0.05466312,0.0048924
7001.25,0.05156028,0.00401328
7001.5,0.05244048,0.0036504
7001.75,0.061317,0.00455328
7002,0.05406048,0.00641196
7002.25,0.05468904,0.01280232
7002.5,0.04713228,0.00683208
7002.75,0.04871448,0.00849744
7003,0.06727644,0.0083214
7003.25,0.07081236,0.0064422
7003.5,0.07212132,0.00974808
7003.75,0.073953,0.00982908
7004,0.07720056,0.01056672
7004.25,0.0753678,0.01039824
7004.5,0.077598,0.01064556
7004.75,0.07359012,0.01154196
7005,0.08416764,0.01464048
7005.25,0.07689708,0.01372572
7005.5,0.08364276,0.01518264
7005.75,0.08712576,0.0141318
7006,0.07494012,0.01452276
7006.25,0.07370568,0.01357236
7006.5,0.07475112,0.0132138
7006.75,0.07278552,0.01142208
7007,0.07416036,0.0121392
7007.25,0.07714332,0.01181088
7007.5,0.08140392,0.01417932
7007.75,0.07579332,0.0176526
7008,0.06649992,0.01483488
7008.25,0.0694062,0.01687716
7008.5,0.066096,0.01640304
7008.75,0.06345648,0.01149552
7009,0.074061,0.01220724
7009.25,0.06803784,0.01387152
7009.5,0.0731538,0.0132732
7009.75,0.06902496,0.00778788
7010,0.07100136,0.00828036
7010.25,0.07034796,0.00946188
7010.5,0.07301556,0.01015848
7010.75,0.07242372,0.01091232
7011,0.06573636,0.00980856
7011.25,0.06491232,0.00695736
7011.5,0.06507864,0.00707508
7011.75,0.06746436,0.00742392
7012,0.06205896,0.00792288
7012.25,0.05894424,0.007425
7012.5,0.05866344,0.00759888
7012.75,0.05867964,0.00561708
7013,0.06756912,0.00793368
7013.25,0.06621588,0.00778788
7013.5,0.06363036,0.00775332
7013.75,0.05595156,0.007641
7014,0.04999968,0.00747036
7014.25,0.05765472,0.00642276
7014.5,0.05212296,0.00752544
7014.75,0.07059096,0.00907524
7015,0.07181676,0.01101384
7015.25,0.06836508,0.01319544
7015.5,0.0820584,0.0112482
7015.75,0.10809936,0.01410048
7016,0.09250524,0.01335744
7016.25,0.08357256,0.00796176
7016.5,0.11156076,0.01051488
7016.75,0.09768816,0.00851472
7017,0.10535292,0.00720792
7017.25,0.12598524,0.00547344
7017.5,0.1313334,0.00762912
7017.75,0.12989052,0.00455976
7018,0.126873,0.01220076
7018.25,0.1249128,0.00088236
7018.5,0.12751452,0.00767988
7018.75,0.14560992,0.00327024
7019,0.13860828,0.00036936
7019.25,0.14468652,0.00308232
7019.5,0.15061788,0.00287172
7019.75,0.14414004,0.0043524
7020,0.12715596,0.00528876
7020.25,0.12712464,0.01106568
7020.5,0.12500244,0.00856008
7020.75,0.12678552,0.0131544
7021,0.13020912,0.01041228
7021.25,0.13182804,0.01462104
7021.5,0.16320528,0.01460916
7021.75,0.18257724,0.00823284
7022,0.2110266,0.00634716
7022.25,0.22848156,0.0078786
7022.5,0.21906288,0.00297324
7022.75,0.19848456,0.00483732
7023,0.21660264,0.01297188
7023.25,0.19984428,0.0120582
7023.5,0.17112816,0.00812808
7023.75,0.18039456,0.0044658
7024,0.17506368,0.00578988
7024.25,0.16144056,0.00939708
7024.5,0.16463628,0.00924156
7024.75,0.18858744,0.01276128
7025,0.17509608,0.00828468
7025.25,0.17722908,0.0082836
7025.5,0.16297524,0.00533088
7025.75,0.16962912,0.00731916
7026,0.16098264,0.00932472
7026.25,0.14842116,0.00511596
7026.5,0.13271472,0.00625536
7026.75,0.13757256,0.00903636
7027,0.16579512,0.00812808
7027.25,0.16294824,0.00371628
7027.5,0.14344128,0.00454248
7027.75,0.16130664,0.00428544
7028,0.1602882,0.0042714
7028.25,0.15319908,0.00520452
7028.5,0.14055768,0.0093204
7028.75,0.13688244,0.00933012
7029,0.15148296,0.01200096
7029.25,0.14720616,0.0136404
7029.5,0.12242016,0.01266408
7029.75,0.14441436,0.01583604
7030,0.11316348,0.00941868
7030.25,0.1084482,0.01121472
7030.5,0.09751752,0.01252152
7030.75,0.0857088,0.01324296
7031,0.07609356,0.01355508
7031.25,0.076761,0.0167076
7031.5,0.08168256,0.01599912
7031.75,0.08241156,0.01725624
7032,0.0732294,0.014094
7032.25,0.07447464,0.01379592
7032.5,0.069957,0.01477116
7032.75,0.06781536,0.01229904
7033,0.07283412,0.01164024
7033.25,0.0691308,0.01440612
7033.5,0.07906032,0.0155898
7033.75,0.07229196,0.01090476
7034,0.068337,0.0099684
7034.25,0.07298208,0.01055916
7034.5,0.07803972,0.01001808
7034.75,0.07161372,0.0094554
7035,0.07140204,0.008964
7035.25,0.06731208,0.01034208
7035.5,0.0701136,0.0100224
7035.75,0.0710478,0.00945324
7036,0.06338088,0.00885492
7036.25,0.06721488,0.01073952
7036.5,0.0658206,0.00908604
7036.75,0.06059988,0.00652536
7037,0.06785856,0.00732672
7037.25,0.06521148,0.00887544
7037.5,0.07084584,0.01095876
7037.75,0.0568242,0.00974592
7038,0.06220368,0.01237464
7038.25,0.05454,0.00846612
7038.5,0.06196824,0.00768528
7038.75,0.06834564,0.0105894
7039,0.06789636,0.01130868
7039.25,0.08375292,0.01102032
7039.5,0.09933408,0.01510488
7039.75,0.10465848,0.01790748
7040,0.10052964,0.01759104
7040.25,0.09699696,0.01011312
7040.5,0.11016108,0.00713988
7040.75,0.1107702,0.00439776
7041,0.1327374,0.00775116
7041.25,0.13915476,0.00587844
7041.5,0.17424396,0.01376244
7041.75,0.17718156,0.001188
7042,0.153414,0.00879336
7042.25,0.16729524,0.00070308
7042.5,0.14209344,0.00408024
7042.75,0.13753044,0.00141804
7043,0.1577988,0.00304128
7043.25,0.16766676,0.00403272
7043.5,0.16195464,0.004455
7043.75,0.15737436,0.00555984
7044,0.14797188,0.01001808
7044.25,0.15103584,0.00752328
7044.5,0.15667128,0.00914436
7044.75,0.13191876,0.0101034
7045,0.13644396,0.01320624
7045.25,0.14358708,0.00917892
7045.5,0.18850644,0.01437264
7045.75,0.19689588,0.01034424
7046,0.19331676,0.00547452
7046.25,0.22788648,0.0067932
7046.5,0.24511356,0.00694224
7046.75,0.25484544,0.00178092
7047,0.25334424,0.004077
7047.25,0.27990792,0.00579636
7047.5,0.2319138,0.00352188
7047.75,0.26099388,0.0057618
7048,0.25888464,0.00398088
7048.25,0.20582748,0.0032994
7048.5,0.2285604,0.00271728
7048.75,0.23099796,0.00811728
7049,0.2376216,0.0028296
7049.25,0.21189708,0.00678348
7049.5,0.20259612,0.00947916
7049.75,0.2162808,0.01591164
7050,0.202257,0.02194128
7050.25,0.18812844,0.02197152
7050.5,0.13950576,0.00703188
7050.75,0.15383844,0.0185166
7051,0.20258856,0.01596348
7051.25,0.19743372,0.00732024
7051.5,0.21114108,0.00851148
7051.75,0.2161944,0.00915192
7052,0.18319824,0.00512784
7052.25,0.16352064,0.0058374
7052.5,0.18322416,0.0095202
7052.75,0.178956,0.01547316
7053,0.1624914,0.01444176
7053.25,0.16032708,0.01152684
7053.5,0.14073264,0.00517428
7053.75,0.15781176,0.0174258
7054,0.13399452,0.0078948
7054.25,0.11643264,0.00902556
7054.5,0.09762552,0.01005912
7054.75,0.08852436,0.01233252
7055,0.08667756,0.01484244
7055.25,0.08630064,0.01256904
7055.5,0.08758152,0.01225692
7055.75,0.08628228,0.0129924
7056,0.08610624,0.01144584
7056.25,0.08330904,0.01381104
7056.5,0.07444332,0.00938736
7056.75,0.07269156,0.01063368
7057,0.07434396,0.01549476
7057.25,0.07953228,0.01570428
7057.5,0.08447544,0.015498
7057.75,0.07971804,0.01571292
7058,0.07792632,0.01577448
7058.25,0.08014464,0.01390824
7058.5,0.08530056,0.01472472
7058.75,0.08205408,0.0137808
7059,0.07742196,0.0137052
7059.25,0.07869096,0.01238436
7059.5,0.07542828,0.01586088
7059.75,0.07608924,0.016362
7060,0.074277,0.01345356
7060.25,0.07749324,0.0100656
7060.5,0.07255764,0.01032588
7060.75,0.07284924,0.01256904
7061,0.07657416,0.0111132
7061.25,0.07155648,0.01148148
7061.5,0.07398432,0.01225692
7061.75,0.06294888,0.0130464
7062,0.06115716,0.01486512
7062.25,0.06823008,0.0111564
7062.5,0.06848604,0.01033344
7062.75,0.08387604,0.01061748
7063,0.07451244,0.00899532
7063.25,0.09069084,0.0112914
7063.5,0.09556272,0.01290276
7063.75,0.09666,0.01082376
7064,0.08442684,0.00351216
7064.25,0.08934948,0.00314496
7064.5,0.11056824,0.00491724
7064.75,0.11618316,0.00742824
7065,0.13294044,0.00601128
7065.25,0.13967856,0.00732996
7065.5,0.15016428,0.0072738
7065.75,0.1661418,0.01011744
7066,0.14071644,0.00637524
7066.25,0.16455528,0.01026972
7066.5,0.12592908,0.00577584
7066.75,0.1219266,0.00547236
7067,0.14125212,0.00724248
7067.25,0.1439748,0.01026324
7067.5,0.1543374,0.01257444
7067.75,0.15271092,0.01460916
7068,0.13630788,0.0142128
7068.25,0.1572696,0.01985148
7068.5,0.15153264,0.01729512
7068.75,0.13664592,0.01299132
7069,0.15486552,0.0189054
7069.25,0.15875136,0.02371356
7069.5,0.19198728,0.02308068
7069.75,0.2476386,0.02548152
7070,0.27850824,0.0206226
7070.25,0.2949966,0.02311308
7070.5,0.25060212,0.0300402
7070.75,0.26293572,0.02261628
7071,0.26554176,0.02110752
7071.25,0.28278612,0.02574288
7071.5,0.21674088,0.0164916
7071.75,0.20608452,0.01579068
7072,0.204471,0.0232794
7072.25,0.21976056,0.0252234
7072.5,0.20296008,0.01879524
7072.75,0.20320092,0.02156328
7073,0.22129524,0.03365604
7073.25,0.19652976,0.02692332
7073.5,0.18938772,0.01627668
7073.75,0.1702566,0.01761264
7074,0.14321124,0.03001104
7074.25,0.15645744,0.01674432
7074.5,0.14616396,0.015201
7074.75,0.14496084,0.01535328
7075,0.1891458,0.01333692
7075.25,0.2143962,0.02203308
7075.5,0.21666636,0.01367172
7075.75,0.20795616,0.01542348
7076,0.19592604,0.00992628
7076.25,0.215622,0.01370088
7076.5,0.18060516,0.01563516
7076.75,0.16862472,0.01924776
7077,0.19187928,0.03511296
7077.25,0.17191656,0.01422252
7077.5,0.14731092,0.01383804
7077.75,0.15134148,0.01572804
7078,0.12106152,0.01314468
7078.25,0.10714032,0.01633284
7078.5,0.08390628,0.01553472
7078.75,0.08366976,0.01765692
7079,0.08573148,0.01786644
7079.25,0.07464204,0.01701108
7079.5,0.08704044,0.01828224
7079.75,0.08736336,0.0185166
7080,0.07487532,0.0166644
7080.25,0.07606548,0.01437912
7080.5,0.0710478,0.01138104
7080.75,0.07111152,0.01326456
7081,0.07949772,0.01646028
7081.25,0.07768116,0.01824444
7081.5,0.07619724,0.01806516
7081.75,0.07632792,0.01646892
7082,0.07553304,0.0180198
7082.25,0.07907652,0.01957824
7082.5,0.0788616,0.0215352
7082.75,0.07716924,0.0184032
7083,0.0767826,0.0163296
7083.25,0.07499412,0.01679724
7083.5,0.07023456,0.0170424
7083.75,0.07453836,0.0189702
7084,0.07038036,0.01256904
7084.25,0.06773004,0.012528
7084.5,0.06714468,0.01418904
7084.75,0.07199712,0.01350432
7085,0.07420572,0.01266408
7085.25,0.06881652,0.01164132
7085.5,0.0636498,0.0106218
7085.75,0.05709528,0.01053432
7086,0.0570564,0.00733104
7086.25,0.06000912,0.00491508
7086.5,0.07000776,0.0060372
7086.75,0.0739044,0.0075654
7087,0.08018784,0.00722736
7087.25,0.0888408,0.00816264
7087.5,0.09264888,0.00752328
7087.75,0.0891918,0.00483408
7088,0.09951876,0.00563868
7088.25,0.10143684,0.00450576
7088.5,0.11496816,0.00422712
7088.75,0.14309244,0.00523152
7089,0.1571994,0.00479628
7089.25,0.15364944,0.0054054
7089.5,0.17062704,0.00430488
7089.75,0.19267308,0.00903636
7090,0.17423856,0.0088992
7090.25,0.17056872,0.01170396
7090.5,0.16861284,0.01018008
7090.75,0.16736328,0.00796608
7091,0.19107576,0.01380456
7091.25,0.17533476,0.01051056
7091.5,0.18777852,0.0130086
7091.75,0.20220408,0.0177552
7092,0.19477044,0.01524528
7092.25,0.18288072,0.01638684
7092.5,0.185139,0.0187056
7092.75,0.209871,0.02165724
7093,0.1989144,0.02220696
7093.25,0.20747772,0.02479356
7093.5,0.2844288,0.02480436
7093.75,0.34569396,0.02067336
7094,0.35844336,0.01619568
7094.25,0.38438388,0.02464992
7094.5,0.37490904,0.0242676
7094.75,0.3659688,0.02379672
7095,0.36617724,0.02889756
7095.25,0.3450924,0.0234144
7095.5,0.32612328,0.02493504
7095.75,0.32276016,0.01884276
7096,0.32155272,0.01693008
7096.25,0.32246964,0.03087396
7096.5,0.30437748,0.03036744
7096.75,0.27892944,0.03192588
7097,0.26394876,0.0358722
7097.25,0.2578284,0.0357804
7097.5,0.2765124,0.03839508
7097.75,0.2456136,0.0346572
7098,0.23630616,0.03603528
7098.25,0.22757328,0.03414312
7098.5,0.206928,0.0294138
7098.75,0.21207096,0.03248856
7099,0.24151176,0.03130704
7099.25,0.24315984,0.02879604
7099.5,0.20287368,0.02011392
7099.75,0.2410236,0.02327292
7100,0.19685268,0.01974888
7100.25,0.2185218,0.02107512
7100.5,0.20149668,0.0270918
7100.75,0.19787544,0.03390228
7101,0.17979516,0.02957796
7101.25,0.17574408,0.02146608
7101.5,0.16687836,0.01796796
7101.75,0.15581808,0.01699704
7102,0.13615344,0.01814076
7102.25,0.1197828,0.01797768
7102.5,0.09235836,0.01195128
7102.75,0.08595288,0.017928
7103,0.08613972,0.01613952
7103.25,0.08759664,0.01370628
7103.5,0.08661708,0.01181844
7103.75,0.08836668,0.01129248
7104,0.07799328,0.01248696
7104.25,0.0866052,0.01254528
7104.5,0.0790128,0.00662148
7104.75,0.07212132,0.0057996
7105,0.0766422,0.0079758
7105.25,0.07743384,0.00777816
7105.5,0.08640324,0.01059912
7105.75,0.08142012,0.01089612
7106,0.08295804,0.01028916
7106.25,0.0846234,0.00942516
7106.5,0.07933464,0.009315
7106.75,0.08244504,0.01083996
7107,0.08048916,0.01057104
7107.25,0.0787212,0.01040688
7107.5,0.07814016,0.01054944
7107.75,0.07170336,0.0098712
7108,0.07470144,0.01027404
7108.25,0.07335792,0.00987012
7108.5,0.07397568,0.009288
7108.75,0.06696972,0.00931716
7109,0.07451676,0.00988956
7109.25,0.07403616,0.01047708
7109.5,0.0704592,0.00972216
7109.75,0.05847012,0.0102168
7110,0.06172956,0.01002888
7110.25,0.06297804,0.00785484
7110.5,0.06544044,0.00595728
7110.75,0.07563672,0.00646272
7111,0.07057476,0.0055674
7111.25,0.08517204,0.01016388
7111.5,0.07667676,0.01152792
7111.75,0.12067704,0.01333692
7112,0.09627876,0.00990576
7112.25,0.11158776,0.0123768
7112.5,0.12592908,0.01015848
7112.75,0.16107012,0.01934172
7113,0.15680844,0.01608228
7113.25,0.17866764,0.0161082
7113.5,0.2007288,0.02328804
7113.75,0.21521268,0.02026728
7114,0.207333,0.0249696
7114.25,0.19797264,0.02351268
7114.5,0.19074312,0.01756728
7114.75,0.17745804,0.01387908
7115,0.22264632,0.01955016
7115.25,0.21857796,0.02112372
7115.5,0.22241736,0.02306124
7115.75,0.22817808,0.02678724
7116,0.2192994,0.02535516
7116.25,0.22619952,0.02709936
7116.5,0.22005216,0.0231282
7116.75,0.21884796,0.02247048
7117,0.19730628,0.01750572
7117.25,0.20632968,0.01540296
7117.5,0.24105924,0.01551852
7117.75,0.30757644,0.02991168
7118,0.3366576,0.02729916
7118.25,0.34896096,0.03013092
7118.5,0.3391362,0.0387342
7118.75,0.31544748,0.03925152
7119,0.29480328,0.03682908
7119.25,0.32056452,0.04195368
7119.5,0.26594568,0.04051728
7119.75,0.25181604,0.02707884
7120,0.21952836,0.02492964
7120.25,0.241488,0.02526984
7120.5,0.23482332,0.02383236
7120.75,0.21824748,0.03192264
7121,0.21279132,0.02685312
7121.25,0.17647416,0.02200068
7121.5,0.1944216,0.0339012
7121.75,0.16044264,0.02342736
7122,0.17697096,0.04730076
7122.25,0.15904512,0.02802384
7122.5,0.13763304,0.02763936
7122.75,0.1588572,0.03426732
7123,0.21252348,0.03443148
7123.25,0.22810788,0.02509272
7123.5,0.23062104,0.03379104
7123.75,0.2184732,0.02656044
7124,0.19275516,0.01622484
7124.25,0.19963368,0.01570752
7124.5,0.1870668,0.02341116
7124.75,0.15918984,0.01646244
7125,0.14586372,0.01045656
7125.25,0.138969,0.012204
7125.5,0.13193604,0.01391904
7125.75,0.11839608,0.0059724
7126,0.11247012,0.01073088
7126.25,0.1006182,0.01221156
7126.5,0.08305524,0.0142668
7126.75,0.07520904,0.01582308
7127,0.07153164,0.01723572
7127.25,0.07081884,0.01545264
7127.5,0.076626,0.01834272
7127.75,0.07417224,0.01652724
7128,0.07082424,0.01311876
7128.25,0.0688392,0.0129222
7128.5,0.06742008,0.00929448
7128.75,0.06630228,0.009207
7129,0.0678888,0.01102572
7129.25,0.06828192,0.01288332
7129.5,0.07019568,0.01150524
7129.75,0.06911892,0.01270188
7130,0.07098408,0.01403676
7130.25,0.06918372,0.01215108
7130.5,0.06509484,0.00926208
7130.75,0.07365276,0.01208736
7131,0.06735636,0.01158948
7131.25,0.06560244,0.01018764
7131.5,0.0605178,0.00942624
7131.75,0.06171336,0.01113588
7132,0.06674616,0.01195668
7132.25,0.06473844,0.01085292
7132.5,0.06231816,0.01146852
7132.75,0.06468444,0.01239732
7133,0.06705504,0.01249452
7133.25,0.07044732,0.01056024
7133.5,0.0677268,0.01349028
7133.75,0.05889672,0.01091664
7134,0.05377212,0.01161432
7134.25,0.05236056,0.01088748
7134.5,0.05222232,0.00978696
7134.75,0.05240916,0.00940356
7135,0.05466096,0.00930852
7135.25,0.054675,0.01095228
7135.5,0.06206004,0.00576936
7135.75,0.06352992,0.00779544
7136,0.04974804,0.00650052
7136.25,0.05839452,0.0064962
7136.5,0.05370516,0.00466128
7136.75,0.05816772,0.0044118
7137,0.06094764,0.00639036
7137.25,0.06889968,0.0116262
7137.5,0.0791262,0.01275048
7137.75,0.07833564,0.01034748
7138,0.07182108,0.01172232
7138.25,0.07636788,0.01200852
7138.5,0.05838264,0.00796176
7138.75,0.0714312,0.0096714
7139,0.0709938,0.01186488
7139.25,0.0811134,0.00832248
7139.5,0.07745652,0.00998676
7139.75,0.0940896,0.01225044
7140,0.09200304,0.01361124
7140.25,0.09177624,0.01260792
7140.5,0.0901962,0.015282
7140.75,0.0755298,0.01240596
7141,0.05611572,0.01009692
7141.25,0.0569754,0.01477332
7141.5,0.06187536,0.01343304
7141.75,0.06897096,0.01360908
7142,0.06045948,0.00909576
7142.25,0.06254604,0.00938952
7142.5,0.06205032,0.00915948
7142.75,0.07132536,0.00959796
7143,0.06582492,0.00914004
7143.25,0.065556,0.00853956
7143.5,0.05335956,0.0082134
7143.75,0.04663872,0.00668304
7144,0.05398056,0.00803304
7144.25,0.05621508,0.01084752
7144.5,0.05481216,0.00927936
7144.75,0.05465556,0.0072792
7145,0.05859864,0.0073008
7145.25,0.06271884,0.00962712
7145.5,0.06174144,0.00945108
7145.75,0.06157728,0.00926316
7146,0.06060312,0.0107136
7146.25,0.06645888,0.01123632
7146.5,0.05433804,0.00815508
7146.75,0.05392224,0.00861192
7147,0.06357312,0.01129356
7147.25,0.06598368,0.01323432
7147.5,0.07239672,0.0144018
7147.75,0.07640244,0.01773468
7148,0.09193284,0.03299724
7148.25,0.08013816,0.03092904
7148.5,0.08347212,0.02487024
7148.75,0.08078832,0.020736
7149,0.08351532,0.02484
7149.25,0.0803034,0.02808972
7149.5,0.08680068,0.02109996
7149.75,0.07364088,0.00837324
7150,0.07685496,0.011529
7150.25,0.06625908,0.01116288
7150.5,0.0696978,0.01251396
7150.75,0.06702588,0.010584
7151,0.06806592,0.01097604
7151.25,0.06879708,0.00963792
7151.5,0.07193556,0.0117126
7151.75,0.07014708,0.0113022
7152,0.06500196,0.007236
7152.25,0.06589188,0.00733428
7152.5,0.06254604,0.00854172
7152.75,0.06007176,0.0089262
7153,0.06571476,0.01071144
7153.25,0.059103,0.00927828
7153.5,0.0624672,0.0092934
7153.75,0.06927876,0.01085184
7154,0.06602796,0.0127278
7154.25,0.06845256,0.01086912
7154.5,0.06297264,0.00990144
7154.75,0.0667602,0.01017252
7155,0.06374052,0.01018224
7155.25,0.06508836,0.00859356
7155.5,0.06814476,0.01187676
7155.75,0.06964704,0.01319328
7156,0.05800464,0.0122526
7156.25,0.06388524,0.01072872
7156.5,0.05794524,0.01125576
7156.75,0.06114528,0.0130788
7157,0.06017652,0.010638
7157.25,0.06109776,0.01175688
7157.5,0.06554196,0.0121554
7157.75,0.06096924,0.00831816
7158,0.06413796,0.00903744
7158.25,0.05128164,0.00895752
7158.5,0.04907628,0.00961416
7158.75,0.044118,0.00828576
7159,0.04486968,0.00919296
7159.25,0.0430164,0.008694
7159.5,0.044064,0.00822744
7159.75,0.04300344,0.00700488
7160,0.02764692,0.00727488
7160.25,0.030942,0.00798336
7160.5,0.0353322,0.00945108
7160.75,0.03788208,0.00825228
7161,0.03954096,0.00863352
7161.25,0.04699404,0.00890892
7161.5,0.05177088,0.00781596
7161.75,0.06007716,0.00932688
7162,0.05557788,0.00961092
7162.25,0.05251392,0.00886572
7162.5,0.03762072,0.00732024
7162.75,0.0378594,0.00874584
7163,0.05009148,0.0095418
7163.25,0.05442444,0.00895536
7163.5,0.0551448,0.0102276
7163.75,0.05891076,0.00946188
7164,0.05387688,0.0078516
7164.25,0.0603342,0.00809136
7164.5,0.05796684,0.00968112
7164.75,0.06514128,0.00792288
7165,0.05638356,0.00655668
7165.25,0.05745708,0.008856
7165.5,0.07677936,0.00939924
7165.75,0.09174168,0.008667
7166,0.08527572,0.00751572
7166.25,0.09449028,0.007317
7166.5,0.09235836,0.00694872
7166.75,0.09565344,0.00780408
7167,0.09370188,0.01314684
7167.25,0.11598444,0.0201906
7167.5,0.0887598,0.01663956
7167.75,0.08421084,0.01780056
7168,0.07745544,0.01558548
7168.25,0.06965244,0.01217916
7168.5,0.06682932,0.00964224
7168.75,0.0651996,0.00769068
7169,0.0697518,0.00958824
7169.25,0.0684018,0.00933012
7169.5,0.0824958,0.0116208
7169.75,0.07405776,0.01001916
7170,0.06565968,0.00799632
7170.25,0.0614358,0.00741852
7170.5,0.06042168,0.00717444
7170.75,0.05711796,0.00630936
7171,0.06752916,0.01182492
7171.25,0.08947368,0.01004616
7171.5,0.07962732,0.0114858
7171.75,0.07888968,0.010449
7172,0.07598124,0.009288
7172.25,0.07667568,0.01066176
7172.5,0.07074324,0.0095418
7172.75,0.07294104,0.01077948
7173,0.07774056,0.01186164
7173.25,0.07377588,0.01324836
7173.5,0.0766422,0.01257444
7173.75,0.07817148,0.01794852
7174,0.07687656,0.01575396
7174.25,0.07459776,0.01095984
7174.5,0.06738228,0.01194264
7174.75,0.06754212,0.01204956
7175,0.07114932,0.01566972
7175.25,0.06996456,0.01564488
7175.5,0.07177356,0.01346004
7175.75,0.07162128,0.01297836
7176,0.06608844,0.01136484
7176.25,0.06845256,0.01171152
7176.5,0.06211728,0.01276452
7176.75,0.06282036,0.01326996
7177,0.06561,0.01389636
7177.25,0.0637686,0.01212948
7177.5,0.06967728,0.01113696
7177.75,0.0699624,0.0130032
7178,0.06647076,0.0127008
7178.25,0.0682074,0.0139752
7178.5,0.06770196,0.01075788
7178.75,0.0750978,0.01280448
7179,0.06719976,0.01161216
7179.25,0.06467364,0.01155924
7179.5,0.064854,0.01028808
7179.75,0.0675702,0.01193508
7180,0.07076268,0.01460268
7180.25,0.067932,0.01367064
7180.5,0.06007068,0.01099224
7180.75,0.05738688,0.01006128
7181,0.06434964,0.01272564
7181.25,0.06265728,0.01182168
7181.5,0.06735636,0.00889812
7181.75,0.0604638,0.00993384
7182,0.05322996,0.00930312
7182.25,0.04915512,0.00660204
7182.5,0.05541588,0.00698004
7182.75,0.049113,0.00738396
7183,0.04822524,0.0049464
7183.25,0.05427324,0.00606852
7183.5,0.05802516,0.00605988
7183.75,0.0633366,0.00920916
7184,0.04897368,0.00613224
7184.25,0.05025132,0.00773388
7184.5,0.04735476,0.00566892
7184.75,0.04871772,0.00615816
7185,0.06026724,0.00627696
7185.25,0.0718956,0.0084024
7185.5,0.07350804,0.0093204
7185.75,0.08194392,0.0110916
7186,0.077733,0.00891
7186.25,0.07683444,0.01198044
7186.5,0.0593082,0.0110322
7186.75,0.066177,0.01187784
7187,0.06611436,0.00432324
7187.25,0.0661608,0.00283932
7187.5,0.0767448,0.00514296
7187.75,0.08165448,0.00608904
7188,0.07413768,0.00423252
7188.25,0.07319484,0.0059832
7188.5,0.07223148,0.00548856
7188.75,0.070821,0.00651348
7189,0.06087096,0.00636012
7189.25,0.06366816,0.00489996
7189.5,0.07539804,0.00552852
7189.75,0.08420112,0.00584172
7190,0.08602848,0.00798552
7190.25,0.0984852,0.00761508
7190.5,0.0962658,0.00911196
7190.75,0.11599524,0.01047492
7191,0.10964052,0.01469772
7191.25,0.11280492,0.01431864
7191.5,0.0957798,0.01453896
7191.75,0.09413928,0.01298052
7192,0.09768384,0.0132732
7192.25,0.09616212,0.0205524
7192.5,0.08920692,0.01092096
7192.75,0.08677044,0.01099548
7193,0.09275256,0.012879
7193.25,0.08948772,0.01246752
7193.5,0.08171604,0.01115208
7193.75,0.08736336,0.0137268
7194,0.071604,0.0100872
7194.25,0.0718308,0.01151172
7194.5,0.06614676,0.00669816
7194.75,0.06805944,0.00641196
7195,0.0822798,0.00771984
7195.25,0.08852112,0.00519804
7195.5,0.09267048,0.0038448
7195.75,0.08689896,0.00553392
7196,0.08975232,0.00541296
7196.25,0.08485128,0.00466236
7196.5,0.08226792,0.00494856
7196.75,0.08142768,0.00494208
7197,0.08358876,0.00647784
7197.25,0.09182052,0.00648864
7197.5,0.0928422,0.00827172
7197.75,0.09484344,0.01099008
7198,0.0836784,0.01014876
7198.25,0.0833112,0.00975024
7198.5,0.0717012,0.0060642
7198.75,0.07996104,0.00439452
7199,0.0745092,0.00468936
7199.25,0.0742608,0.0055242
7199.5,0.07519824,0.0059238
7199.75,0.08015652,0.0051948
7200,0.07113312,0.00485676
7200.25,0.07214076,0.00446796
7200.5,0.06564024,0.00408024
7200.75,0.06539724,0.00402084
7201,0.07269372,0.00550584
7201.25,0.06504192,0.00414504
7201.5,0.07469388,0.00680616
7201.75,0.07266672,0.00729324
7202,0.06839316,0.00615816
7202.25,0.07437204,0.00631368
7202.5,0.07572312,0.0065502
7202.75,0.07800408,0.00707616
7203,0.070335,0.00604152
7203.25,0.06754968,0.00576936
7203.5,0.0707022,0.0064854
7203.75,0.06980472,0.0062478
7204,0.06945588,0.00465912
7204.25,0.06476112,0.0038988
7204.5,0.06537564,0.00427788
7204.75,0.06489396,0.0047142
7205,0.06644376,0.00592812
7205.25,0.07004556,0.0049086
7205.5,0.0669492,0.0053136
7205.75,0.06265836,0.00473688
7206,0.05554548,0.00494208
7206.25,0.0549504,0.0048816
7206.5,0.05536728,0.00411696
7206.75,0.05252472,0.002511
7207,0.05878224,0.0024894
7207.25,0.05900904,0.00473904
7207.5,0.05436828,0.00215892
7207.75,0.05592132,0.00221832
7208,0.04403052,0.00172476
7208.25,0.04475304,0.0021222
7208.5,0.04820796,0.00146664
7208.75,0.05060556,0.00140832
7209,0.05065956,0.00317736
7209.25,0.0518292,0.00191268
7209.5,0.06278256,0.00293976
7209.75,0.06366492,0.0028134
7210,0.05882112,0.00403704
7210.25,0.05670432,0.00220968
7210.5,0.04601448,0.00155628
7210.75,0.04274964,0.00119016
7211,0.05042952,0.00285552
7211.25,0.049653,0.00129384
7211.5,0.0603396,0.00432648
7211.75,0.0580176,0.0036342
7212,0.06073272,0.00215244
7212.25,0.05851116,0.00391824
7212.5,0.0533628,0.00206712
7212.75,0.05151384,0.00188676
7213,0.04211028,0.00161784
7213.25,0.04426596,0.00238464
7213.5,0.04864536,0.00241704
7213.75,0.05358096,0.00428328
7214,0.06021432,0.00687636
7214.25,0.06735636,0.00662904
7214.5,0.06809832,0.00707076
7214.75,0.06627744,0.00588708
7215,0.06506352,0.0047844
7215.25,0.06509808,0.00460404
7215.5,0.05404968,0.0067392
7215.75,0.0569808,0.00935496
7216,0.06222528,0.01020384
7216.25,0.05847768,0.01066392
7216.5,0.06455808,0.00909036
7216.75,0.05640948,0.00880308
7217,0.06557868,0.01101168
7217.25,0.0602316,0.01077408
7217.5,0.07093224,0.01036152
7217.75,0.06284412,0.01022328
7218,0.06346188,0.00543348
7218.25,0.05839236,0.00417096
7218.5,0.06250608,0.00672624
7218.75,0.0739908,0.0065394
7219,0.07917588,0.00577368
7219.25,0.0805896,0.00525636
7219.5,0.08362008,0.0059346
7219.75,0.08689356,0.00714312
7220,0.08872308,0.00721548
7220.25,0.08307252,0.00890136
7220.5,0.08272692,0.0080082
7220.75,0.08242236,0.00848772
7221,0.07960032,0.0100548
7221.25,0.07991568,0.00961092
7221.5,0.08724564,0.0096498
7221.75,0.07709256,0.01020384
7222,0.07564428,0.0105192
7222.25,0.070227,0.0095526
7222.5,0.06458076,0.00812808
7222.75,0.06315516,0.00667872
7223,0.06866532,0.010989
7223.25,0.06367356,0.01170612
7223.5,0.07381152,0.0128952
7223.75,0.0782568,0.01453572
7224,0.06739416,0.01417068
7224.25,0.06228468,0.01204956
7224.5,0.06017436,0.01177416
7224.75,0.07240644,0.01465128
7225,0.07744788,0.0172314
7225.25,0.07894692,0.0156816
7225.5,0.07645428,0.01592136
7225.75,0.08345808,0.01552932
7226,0.07370784,0.01361016
7226.25,0.07569504,0.01331964
7226.5,0.07807968,0.0141642
7226.75,0.08203572,0.01539
7227,0.0704538,0.014364
7227.25,0.07090956,0.01529928
7227.5,0.07257924,0.01593648
7227.75,0.07574256,0.01461888
7228,0.06995268,0.01370088
7228.25,0.0687528,0.01298268
7228.5,0.06693948,0.01242324
7228.75,0.06617592,0.01194372
7229,0.06935868,0.01165968
7229.25,0.0641412,0.011475
7229.5,0.06860376,0.01307448
7229.75,0.06489504,0.01245024
7230,0.06576876,0.01087992
7230.25,0.0607338,0.01025568
7230.5,0.06394896,0.01189188
7230.75,0.06736716,0.00787428
7231,0.06715332,0.0058914
7231.25,0.08113932,0.01061532
7231.5,0.1059156,0.01434888
7231.75,0.09156672,0.00899424
7232,0.08041464,0.01117692
7232.25,0.08134884,0.00805248
7232.5,0.10494684,0.00590436
7232.75,0.10719108,0.00321192
7233,0.11015892,0.003699
7233.25,0.121932,0.00223344
7233.5,0.13223952,0.0018954
7233.75,0.1268406,0.0001782
7234,0.13935348,0.00150336
7234.25,0.13011516,0.00211032
7234.5,0.110727,0.00328968
7234.75,0.10428156,0.00019656
7235,0.11380176,0.00101844
7235.25,0.12468384,0.00118584
7235.5,0.13229568,0.0031644
7235.75,0.13024908,0.00443016
7236,0.10638324,0.00479196
7236.25,0.10929708,0.00601776
7236.5,0.10713492,0.00794232
7236.75,0.1026864,0.00518076
7237,0.08970804,0.00647028
7237.25,0.10241424,0.00590544
7237.5,0.1101222,0.00494208
7237.75,0.13206348,0.0030348
7238,0.14229432,0.00175284
7238.25,0.14239908,-0.00337608
7238.5,0.14377608,-0.0013446
7238.75,0.13929516,-0.00133056
7239,0.1205712,-0.00032832
7239.25,0.13642992,-0.00075924
7239.5,0.11250144,-0.00170316
7239.75,0.11293884,-0.00105408
7240,0.11255004,-0.0022842
7240.25,0.12150864,-0.00259524
7240.5,0.11769084,-0.00037476
7240.75,0.11196036,-8.1e-05
7241,0.10998828,0.00117288
7241.25,0.11343564,0.00242568
7241.5,0.11167308,0.00119232
7241.75,0.10538316,0.00018468
7242,0.09616428,0.00072468
7242.25,0.10447488,0.00251208
7242.5,0.09613728,0.00815616
7242.75,0.11758716,0.01404432
7243,0.16152588,0.01237032
7243.25,0.1630476,0.00964548
7243.5,0.16058736,0.00613116
7243.75,0.1558332,0.00724248
7244,0.14858316,0.00603612
7244.25,0.15505452,0.00867672
7244.5,0.15032412,0.01027512
7244.75,0.15074316,0.01061964
7245,0.1411776,0.0086076
7245.25,0.142263,0.00640224
7245.5,0.1273104,0.004212
7245.75,0.11445948,0.00550692
7246,0.09970236,0.0062748
7246.25,0.09927792,0.00928908
7246.5,0.08388144,0.0093906
7246.75,0.08133372,0.0115992
7247,0.0723816,0.01055592
7247.25,0.07322292,0.00766908
7247.5,0.07781724,0.00848556
7247.75,0.07124544,0.00927936
7248,0.06340896,0.007101
7248.25,0.06981336,0.00679752
7248.5,0.06509268,0.00541944
7248.75,0.06368868,0.0052866
7249,0.06440148,0.00675
7249.25,0.0629262,0.00583308
7249.5,0.06771816,0.004185
7249.75,0.06419844,0.0043038
7250,0.0674838,0.00531468
7250.25,0.06891588,0.0054972
7250.5,0.07117092,0.00499068
7250.75,0.06646536,0.00427356
7251,0.06278256,0.00392148
7251.25,0.0630072,0.00389988
7251.5,0.0646056,0.00371088
7251.75,0.06518556,0.00399492
7252,0.05852196,0.0037746
7252.25,0.05854572,0.00351972
7252.5,0.05696892,0.00303156
7252.75,0.05680152,0.00272052
7253,0.06094764,0.00354888
7253.25,0.06098544,0.0033966
7253.5,0.06082992,0.00375948
7253.75,0.05722488,0.00395172
7254,0.05504112,0.00552744
7254.25,0.05934708,0.00471096
7254.5,0.05023404,0.00297216
7254.75,0.06594156,0.00413856
7255,0.06763068,0.00489564
7255.25,0.07111476,0.0031806
7255.5,0.09082152,0.0045036
7255.75,0.09346536,0.00453276
7256,0.0927612,0.00422604
7256.25,0.08800056,0.0051084
7256.5,0.10093896,0.00281772
7256.75,0.10974852,0.00178524
7257,0.11884212,0.00299808
7257.25,0.13040136,0.00405216
7257.5,0.13177728,0.005427
7257.75,0.13118112,0.003591
7258,0.13913208,0.00563436
7258.25,0.14093892,0.0028026
7258.5,0.1127466,0.00301536
7258.75,0.1184598,0.00188892
7259,0.13492656,0.00294948
7259.25,0.13875084,0.00352404
7259.5,0.14016888,0.00372168
7259.75,0.15151428,0.00575964
7260,0.1302642,0.00629424
7260.25,0.12731688,0.00686448
7260.5,0.11571336,0.0083754
7260.75,0.12120084,0.00686988
7261,0.1056564,0.00734076
7261.25,0.12656736,0.00537624
7261.5,0.14925492,0.00816804
7261.75,0.18700524,0.00585684
7262,0.18476856,0.00351
7262.25,0.16401744,0.00316872
7262.5,0.17485308,0.00180144
7262.75,0.16588476,0.00258336
7263,0.1545642,0.0015822
7263.25,0.16811928,0.00474012
7263.5,0.1360638,0.00352944
7263.75,0.1363986,-4.32e-05
7264,0.15032952,0.00100332
7264.25,0.15909264,0.00251532
7264.5,0.1475766,0.0008802
7264.75,0.15242688,0.00463752
7265,0.13838796,0.00485352
7265.25,0.14022072,0.00125496
7265.5,0.13274496,0.00232956
7265.75,0.1334556,0.00543888
7266,0.130599,0.00436212
7266.25,0.12218904,0.00355644
7266.5,0.11309004,0.00767232
7266.75,0.1303938,0.00900288
7267,0.14331816,0.01151928
7267.25,0.16777044,0.00898128
7267.5,0.156033,0.0048924
7267.75,0.152172,0.00412776
7268,0.16104312,0.0046386
7268.25,0.1642734,0.00796824
7268.5,0.15646824,0.006561
7268.75,0.14619204,0.00793152
7269,0.14288184,0.00761184
7269.25,0.13312512,0.00813348
7269.5,0.13147164,0.00970704
7269.75,0.12699612,0.00907848
7270,0.11013732,0.01086372
7270.25,0.09419436,0.00964656
7270.5,0.07768116,0.00965304
7270.75,0.077814,0.00962172
7271,0.07683012,0.01174176
7271.25,0.0767016,0.01253988
7271.5,0.08048808,0.01441584
7271.75,0.07899876,0.01377324
7272,0.0768852,0.01254204
7272.25,0.07451568,0.01331856
7272.5,0.07039656,0.01400004
7272.75,0.0674514,0.00951588
7273,0.06627204,0.00981396
7273.25,0.0704646,0.0098064
7273.5,0.067473,0.0092178
7273.75,0.06360768,0.00992196
7274,0.07323588,0.01062288
7274.25,0.07033716,0.0109782
7274.5,0.07459992,0.01291896
7274.75,0.07208568,0.0131814
7275,0.0710478,0.012474
7275.25,0.07003476,0.0120474
7275.5,0.06767388,0.00763884
7275.75,0.06811344,0.00616032
7276,0.064368,0.00576072
7276.25,0.06398676,0.00710316
7276.5,0.06159132,0.00516024
7276.75,0.06504192,0.00484704
7277,0.06203088,0.00529632
7277.25,0.06661008,0.00580932
7277.5,0.06262704,0.00497016
7277.75,0.05521824,0.00409104
7278,0.05366844,0.0054486
7278.25,0.06345216,0.0051084
7278.5,0.0624564,0.00364176
7278.75,0.07303824,0.00325296
7279,0.07372512,0.00547884
7279.25,0.07334388,0.0073008
7279.5,0.07588404,0.0102654
7279.75,0.1016604,0.01330452
7280,0.10153944,0.0094446
7280.25,0.09382284,0.0071604
7280.5,0.11146788,0.00949212
7280.75,0.13316724,0.00600588
7281,0.12635676,0.00264924
7281.25,0.15174972,0.00133056
7281.5,0.13574736,0.0017766
7281.75,0.14410332,0.00255096
7282,0.13597632,0.00812052
7282.25,0.15165684,0.00459
7282.5,0.12107232,0.00899964
7282.75,0.13887504,0.00487944
7283,0.15449292,0.00552744
7283.25,0.15862608,0.00837216
7283.5,0.15235776,0.0068148
7283.75,0.14436684,0.00634392
7284,0.14633568,0.00858924
7284.25,0.1361664,0.00636012
7284.5,0.12885804,0.00447228
7284.75,0.11520252,0.00522936
7285,0.1095606,0.00886464
7285.25,0.12217176,0.00688824
7285.5,0.1435806,0.00703512
7285.75,0.19698876,0.00439992
7286,0.18196056,0.00341928
7286.25,0.19648872,0.00071712
7286.5,0.18857664,-0.00036828
7286.75,0.1831626,-0.00121284
7287,0.18206316,-0.00066528
7287.25,0.18124128,-0.00043092
7287.5,0.17017992,0.00106596
7287.75,0.15931404,-9.72e-05
7288,0.15510312,0.00281232
7288.25,0.17249868,0.00318276
7288.5,0.14663808,0.00733968
7288.75,0.15286428,0.00531144
7289,0.1511622,0.00883008
7289.25,0.15634512,0.00973836
7289.5,0.15230592,0.0103572
7289.75,0.15027336,0.0121284
7290,0.12570336,0.01050624
7290.25,0.11618424,0.01216944
7290.5,0.11578572,0.01237896
7290.75,0.11797164,0.01290924
7291,0.1480518,0.01540404
7291.25,0.16741728,0.01307772
7291.5,0.1574748,0.00618732
7291.75,0.15596928,0.00633528
7292,0.14683356,0.0058158
7292.25,0.1566918,0.00593136
7292.5,0.14057064,0.00610416
7292.75,0.14052528,0.0076356
7293,0.13836744,0.00723924
7293.25,0.13500756,0.00591408
7293.5,0.12351204,0.00759024
7293.75,0.11865096,0.00646596
7294,0.10569744,0.00767664
7294.25,0.09236916,0.00447444
7294.5,0.08256816,0.00533736
7294.75,0.07478028,0.0077868
7295,0.06986844,0.00858816
7295.25,0.07153704,0.00977184
7295.5,0.0760698,0.01192212
7295.75,0.07418088,0.01249236
7296,0.06783912,0.01027728
7296.25,0.07380072,0.01001484
7296.5,0.06721164,0.00991548
7296.75,0.06218856,0.00713772
7297,0.0702054,0.01000944
7297.25,0.06558732,0.007317
7297.5,0.0724464,0.00713448
7297.75,0.07380288,0.009153
7298,0.07210728,0.00832032
7298.25,0.07458048,0.0107244
7298.5,0.07292808,0.00856116
7298.75,0.07358688,0.008505
7299,0.06569208,0.0082836
7299.25,0.06831108,0.00980316
7299.5,0.06685308,0.00864324
7299.75,0.07151004,0.00924264
7300,0.06600096,0.00883548
7300.25,0.0662904,0.00659448
7300.5,0.0611388,0.00694008
7300.75,0.06052968,0.0067122
7301,0.06575148,0.00816696
7301.25,0.06186672,0.00685044
7301.5,0.06787692,0.00664092
7301.75,0.05912568,0.00807732
7302,0.0538218,0.00913788
7302.25,0.0489186,0.0077112
7302.5,0.05050188,0.00656964
7302.75,0.05236056,0.00675648
7303,0.05250636,0.00506304
7303.25,0.0536868,0.00342468
7303.5,0.04980096,0.00301644
7303.75,0.05665788,0.00298512
7304,0.03425436,0.00208116
7304.25,0.03295188,0.00177984
7304.5,0.0391338,0.00246132
7304.75,0.04060368,0.00229716
7305,0.04406184,0.00199152
7305.25,0.04802976,0.00190188
7305.5,0.05659848,0.00289224
7305.75,0.05997888,0.00230688
7306,0.05975748,0.0024462
7306.25,0.062019,0.00289764
7306.5,0.03395844,0.00294192
7306.75,0.03824064,0.00211896
7307,0.04368276,0.00233388
7307.25,0.04335228,0.002889
7307.5,0.05116932,0.00278424
7307.75,0.05272236,0.00390744
7308,0.04468392,0.00219672
7308.25,0.0504792,0.00342252
7308.5,0.04532976,0.00344736
7308.75,0.04591404,0.00298296
7309,0.03628044,0.00256068
7309.25,0.03266892,0.00247968
7309.5,0.04290732,0.00413964
7309.75,0.04697244,0.0035856
7310,0.04186512,0.00304128
7310.25,0.05550552,0.00815724
7310.5,0.04959144,0.00744444
7310.75,0.05131944,0.00694764
7311,0.05034744,0.00929124
7311.25,0.04956336,0.00917028
7311.5,0.03491532,0.00873828
7311.75,0.03805704,0.00912924
7312,0.04167936,0.00847152
7312.25,0.04621212,0.00762912
7312.5,0.04464612,0.00788508
7312.75,0.04826844,0.00949212
7313,0.05327964,0.01007316
7313.25,0.05483268,0.01036584
7313.5,0.05966244,0.00974916
7313.75,0.06123492,0.01219644
7314,0.05808564,0.00941436
7314.25,0.05910192,0.00824796
7314.5,0.05805324,0.00819828
7314.75,0.05877144,0.00958284
7315,0.06874524,0.00992844
7315.25,0.07300044,0.01045872
7315.5,0.0687852,0.01091556
7315.75,0.07482564,0.01051272
7316,0.08171712,0.01281744
7316.25,0.0852984,0.01877364
7316.5,0.07639164,0.01737396
7316.75,0.0773766,0.0187434
7317,0.08387064,0.01833192
7317.25,0.07658496,0.01306476
7317.5,0.0766368,0.014283
7317.75,0.08037252,0.01821852
7318,0.07520472,0.01800684
7318.25,0.0770472,0.01987092
7318.5,0.06869448,0.01327536
7318.75,0.0680616,0.01303884
7319,0.07421652,0.01390068
7319.25,0.0689364,0.0133974
7319.5,0.0784836,0.01529064
7319.75,0.07453944,0.01530144
7320,0.06480324,0.01084104
7320.25,0.07125408,0.01276128
7320.5,0.06496416,0.012366
7320.75,0.06562296,0.01366632
7321,0.06749244,0.01836
7321.25,0.08718948,0.02237436
7321.5,0.09168336,0.02465748
7321.75,0.08345916,0.01820556
7322,0.08744544,0.02463696
7322.25,0.08382096,0.02611224
7322.5,0.07175736,0.02340144
7322.75,0.07118064,0.01865808
7323,0.06223068,0.01197828
7323.25,0.06486156,0.00673488
7323.5,0.0628236,0.0052812
7323.75,0.06288408,0.00582876
7324,0.06026508,0.006129
7324.25,0.0598374,0.0061776
7324.5,0.05775516,0.00522396
7324.75,0.05866452,0.0063936
7325,0.06089688,0.00622404
7325.25,0.05899176,0.00604368
7325.5,0.06206976,0.00795852
7325.75,0.05025024,0.00805356
7326,0.04892292,0.0092664
7326.25,0.04933332,0.00852768
7326.5,0.04706208,0.00782244
7326.75,0.0469098,0.008208
7327,0.04554684,0.00732456
7327.25,0.04572504,0.00593784
7327.5,0.04763556,0.00586224
7327.75,0.04518072,0.0064098
7328,0.03238812,0.00547992
7328.25,0.02988684,0.00570888
7328.5,0.03159108,0.00449496
7328.75,0.03842964,0.0056808
7329,0.04256604,0.0073818
7329.25,0.04527792,0.00707508
7329.5,0.05093388,0.00698976
7329.75,0.05136912,0.00743472
7330,0.05023404,0.00717768
7330.25,0.049383,0.00670356
7330.5,0.0327078,0.00509004
7330.75,0.029241,0.00458136
7331,0.03977532,0.00493992
7331.25,0.04106376,0.00456408
7331.5,0.04807944,0.0057996
7331.75,0.04948452,0.00716796
7332,0.04581468,0.00659016
7332.25,0.05033988,0.00658908
7332.5,0.04883868,0.0058536
7332.75,0.0524502,0.00583956
7333,0.03831948,0.007101
7333.25,0.0398898,0.00969516
7333.5,0.04527576,0.01026
7333.75,0.04718628,0.0101844
7334,0.0484218,0.00977184
7334.25,0.05167368,0.01017792
7334.5,0.0479466,0.00881604
7334.75,0.04959468,0.00898236
7335,0.04994892,0.00847692
7335.25,0.05051052,0.00940032
7335.5,0.04261464,0.01003536
7335.75,0.04005936,0.01038312
7336,0.0413316,0.0100332
7336.25,0.04922748,0.00926532
7336.5,0.04674348,0.00798876
7336.75,0.04934196,0.00705564
7337,0.05105592,0.00626724
7337.25,0.05240592,0.00665388
7337.5,0.06030072,0.01084104
7337.75,0.06388308,0.01180224
7338,0.0685746,0.01270188
7338.25,0.0614628,0.0129276
7338.5,0.06046056,0.01362852
7338.75,0.06139692,0.0122904
7339,0.073305,0.0144558
7339.25,0.07684632,0.01587924
7339.5,0.07691868,0.0149364
7339.75,0.07405776,0.0133704
7340,0.07787772,0.01388016
7340.25,0.07834752,0.01526904
7340.5,0.0742878,0.01594404
7340.75,0.07366032,0.01554768
7341,0.076356,0.01570644
7341.25,0.07498764,0.01600776
7341.5,0.07800408,0.01463616
7341.75,0.07864452,0.01545372
7342,0.07765524,0.015984
7342.25,0.07454592,0.01598076
7342.5,0.074331,0.01879308
7342.75,0.07396056,0.02191428
7343,0.07657632,0.01942164
7343.25,0.07168392,0.01687176
7343.5,0.07145604,0.01617948
7343.75,0.07387524,0.01741716
7344,0.06970104,0.0173502
7344.25,0.06552576,0.01765476
7344.5,0.06534216,0.0177444
7344.75,0.06682068,0.01662444
7345,0.06672456,0.0171396
7345.25,0.06739416,0.01946592
7345.5,0.07398216,0.01933416
7345.75,0.07180812,0.02198016
7346,0.07513668,0.0198828
7346.25,0.06791796,0.01501632
7346.5,0.06981984,0.01527552
7346.75,0.0727866,0.01585224
7347,0.0703296,0.01582848
7347.25,0.0684774,0.01618596
7347.5,0.06732828,0.01621296
7347.75,0.06329016,0.01586844
7348,0.0626076,0.01448928
7348.25,0.06696324,0.01568916
7348.5,0.06324372,0.0140508
7348.75,0.05713524,0.0127278
7349,0.06471252,0.01450116
7349.25,0.06146388,0.01348596
7349.5,0.0620298,0.01391904
7349.75,0.052488,0.01361772
7350,0.05298912,0.01374948
7350.25,0.06115824,0.0134568
7350.5,0.0579096,0.011448
7350.75,0.06630336,0.01077732
7351,0.07094196,0.01138536
7351.25,0.07685712,0.01012176
7351.5,0.080352,0.01018332
7351.75,0.09389412,0.01181628
7352,0.07611948,0.01228824
7352.25,0.0909252,0.01341036
7352.5,0.097173,0.01319544
7352.75,0.106137,0.01151388
7353,0.1114506,0.00975132
7353.25,0.12923496,0.01289088
7353.5,0.14915772,0.01281204
7353.75,0.15587532,0.01693332
7354,0.15708924,0.01771524
7354.25,0.16193736,0.01653588
7354.5,0.15104772,0.01876608
7354.75,0.14961996,0.01414368
7355,0.1638198,0.01820448
7355.25,0.16448076,0.01547856
7355.5,0.1643652,0.0135756
7355.75,0.16875216,0.0109026
7356,0.15892848,0.01447524
7356.25,0.15247764,0.01394928
7356.5,0.15166656,0.01244808
7356.75,0.15456204,0.01385532
7357,0.15310512,0.01444068
7357.25,0.16683408,0.01433484
7357.5,0.17164116,0.0118692
7357.75,0.19670472,0.0123822
7358,0.21606588,0.0129708
7358.25,0.21228912,0.00854604
7358.5,0.21321252,0.01253772
7358.75,0.22446504,0.01522476
7359,0.21110544,0.01568268
7359.25,0.2093202,0.01552392
7359.5,0.1977156,0.01869156
7359.75,0.19322604,0.013716
7360,0.1962846,0.01442988
7360.25,0.20194272,0.01694844
7360.5,0.20532852,0.01509624
7360.75,0.20042856,0.00931716
7361,0.2121174,0.01988172
7361.25,0.19533852,0.02525796
7361.5,0.20181636,0.02794824
7361.75,0.17666856,0.02391336
7362,0.16357896,0.02731536
7362.25,0.17239068,0.02416284
7362.5,0.15730308,0.02181924
7362.75,0.15391404,0.01852308
7363,0.15232536,0.02621916
7363.25,0.15661188,0.0206928
7363.5,0.16766244,0.01654776
7363.75,0.16848324,0.0178686
7364,0.15643044,0.01891188
7364.25,0.13940856,0.0196074
7364.5,0.14144652,0.02196072
7364.75,0.13830264,0.0207468
7365,0.14344992,0.0217188
7365.25,0.1254798,0.01793448
7365.5,0.121581,0.01692036
7365.75,0.116154,0.0173448
7366,0.10967724,0.01855008
7366.25,0.10730448,0.01985256
7366.5,0.09363708,0.0130356
7366.75,0.09745812,0.01661688
7367,0.09055152,0.02008908
7367.25,0.08868744,0.02076084
7367.5,0.09180324,0.02078028
7367.75,0.08497656,0.02063556
7368,0.0813996,0.01849392
7368.25,0.07745112,0.01992816
7368.5,0.07456536,0.01580472
7368.75,0.07092792,0.01191672
7369,0.07407936,0.01223748
7369.25,0.07671564,0.01560924
7369.5,0.0785214,0.01383156
7369.75,0.07731288,0.01425708
7370,0.0790398,0.01577556
7370.25,0.07739928,0.01512756
7370.5,0.07970724,0.01540512
7370.75,0.07803,0.01398168
7371,0.07507728,0.0146664
7371.25,0.07700616,0.01379484
7371.5,0.07696512,0.01502172
7371.75,0.07838208,0.016794
7372,0.07160076,0.01501956
7372.25,0.0740772,0.0160326
7372.5,0.07255872,0.01599156
7372.75,0.0711288,0.01647
7373,0.07522092,0.01654236
7373.25,0.06930684,0.01465236
7373.5,0.07309656,0.01735452
7373.75,0.0619542,0.01603152
7374,0.06762096,0.01796472
7374.25,0.06917724,0.01438128
7374.5,0.06689628,0.01299996
7374.75,0.07554708,0.01431756
7375,0.0719226,0.01250964
7375.25,0.07679664,0.01322136
7375.5,0.09148896,0.01278396
7375.75,0.0932688,0.00996732
7376,0.08817228,0.01250424
7376.25,0.1064772,0.01075896
7376.5,0.11685168,0.01248588
7376.75,0.11796084,0.01865268
7377,0.13803156,0.02281608
7377.25,0.14316264,0.02451492
7377.5,0.155115,0.0246024
7377.75,0.20083248,0.01811808
7378,0.22613472,0.03948264
7378.25,0.21154932,0.018387
7378.5,0.19057788,0.02154276
7378.75,0.19763784,0.01721736
7379,0.22093884,0.016335
7379.25,0.22387428,0.0132246
7379.5,0.22360644,0.01269648
7379.75,0.22566276,0.01837836
7380,0.18498564,0.02197152
7380.25,0.18528912,0.02141424
7380.5,0.18132876,0.02587356
7380.75,0.19618956,0.02382048
7381,0.19111464,0.02603556
7381.25,0.2094984,0.02176956
7381.5,0.24061644,0.02351268
7381.75,0.26160732,0.0305262
7382,0.27456624,0.0234792
7382.25,0.293814,0.03241512
7382.5,0.324972,0.04300128
7382.75,0.35634384,0.05373756
7383,0.34982712,0.04172364
7383.25,0.34073676,0.04821552
7383.5,0.32904144,0.0451548
7383.75,0.3818232,0.05006988
7384,0.41205996,0.04213836
7384.25,0.38742948,0.0480762
7384.5,0.37868688,0.04630068
7384.75,0.3717738,0.04448628
7385,0.3000078,0.03062016
7385.25,0.30205764,0.04127868
7385.5,0.33373188,0.04503708
7385.75,0.29293164,0.04169988
7386,0.25986096,0.04505868
7386.25,0.21986316,0.0375624
7386.5,0.18983052,0.03493692
7386.75,0.18577728,0.03513456
7387,0.17709516,0.03485808
7387.25,0.17999928,0.02407104
7387.5,0.1868346,0.0244026
7387.75,0.17470404,0.02624832
7388,0.1813968,0.02762748
7388.25,0.16331652,0.02782404
7388.5,0.16321932,0.03232008
7388.75,0.15685596,0.03120228
7389,0.1484352,0.0287334
7389.25,0.1292868,0.0214002
7389.5,0.11846952,0.02030076
7389.75,0.118719,0.02272644
7390,0.10920096,0.01478196
7390.25,0.102492,0.01635336
7390.5,0.09830916,0.02121984
7390.75,0.09465876,0.02112048
7391,0.0914112,0.02206116
7391.25,0.0840348,0.01512324
7391.5,0.0850824,0.0123552
7391.75,0.08949096,0.01497528
7392,0.08845092,0.01624644
7392.25,0.08410068,0.0155844
7392.5,0.07877412,0.0136944
7392.75,0.07850844,0.01480464
7393,0.08304228,0.01601532
7393.25,0.083997,0.01574424
7393.5,0.08609004,0.01900152
7393.75,0.08328636,0.01816668
7394,0.08536104,0.02099304
7394.25,0.08121708,0.02112588
7394.5,0.08292348,0.02069388
7394.75,0.0865458,0.01980504
7395,0.08125704,0.01850688
7395.25,0.0787968,0.01743552
7395.5,0.08206056,0.02081808
7395.75,0.07811208,0.02076732
7396,0.07772004,0.02090448
7396.25,0.08039412,0.02443824
7396.5,0.07464528,0.01879092
7396.75,0.07151436,0.01593432
7397,0.07548012,0.0133272
7397.25,0.07511724,0.0147852
7397.5,0.073413,0.01830168
7397.75,0.06279984,0.0200556
7398,0.06510996,0.01798956
7398.25,0.07155,0.01410372
7398.5,0.07043868,0.01517076
7398.75,0.07637328,0.0166698
7399,0.07782804,0.01573344
7399.25,0.08998776,0.02048544
7399.5,0.1228608,0.02424168
7399.75,0.1251936,0.0240624
7400,0.1080918,0.0241542
7400.25,0.13215312,0.01553688
7400.5,0.13628844,0.01765044
7400.75,0.14876784,0.0162594
7401,0.1594512,0.01881144
7401.25,0.17502696,0.01809
7401.5,0.19828476,0.02564784
7401.75,0.22619736,0.02842236
7402,0.2311254,0.02466612
7402.25,0.22633884,0.02897424
7402.5,0.1985904,0.02613708
7402.75,0.19751256,0.01879524
7403,0.21621492,0.01616868
7403.25,0.2540052,0.02559492
7403.5,0.24070392,0.0229014
7403.75,0.2294892,0.03346704
7404,0.21357432,0.03499092
7404.25,0.19411704,0.03486348
7404.5,0.17818812,0.03283416
7404.75,0.17080092,0.03235356
7405,0.17145324,0.04164696
7405.25,0.18373608,0.04171068
7405.5,0.21827016,0.03573612
7405.75,0.2447388,0.0312876
7406,0.2412234,0.03656664
7406.25,0.2687256,0.02929284
7406.5,0.26087292,0.02367144
7406.75,0.28136484,0.03781728
7407,0.2431782,0.02791044
7407.25,0.28650996,0.03775464
7407.5,0.22940388,0.03838752
7407.75,0.2324322,0.03126924
7408,0.22509792,0.029835
7408.25,0.23586336,0.0301752
7408.5,0.21897432,0.03266352
7408.75,0.20301192,0.02565216
7409,0.19747908,0.02339928
7409.25,0.1851768,0.02750652
7409.5,0.19333404,0.02944188
7409.75,0.16360812,0.02558412
7410,0.15843276,0.02381616
7410.25,0.16912152,0.02760588
7410.5,0.15204132,0.0207954
7410.75,0.13763304,0.02211948
7411,0.13975956,0.0317196
7411.25,0.14331168,0.02385288
7411.5,0.15077988,0.03089664
7411.75,0.15065784,0.02929284
7412,0.15398316,0.02541024
7412.25,0.17430444,0.029997
7412.5,0.1801278,0.02834892
7412.75,0.17544384,0.01646784
7413,0.16398612,0.01251396
7413.25,0.14984568,0.011232
7413.5,0.156492,0.01174608
7413.75,0.13689864,0.00864
7414,0.11216448,0.00693036
7414.25,0.09141768,0.00749412
7414.5,0.0807192,0.00804816
7414.75,0.07248744,0.00885924
7415,0.06736176,0.01023084
7415.25,0.07294104,0.01130328
7415.5,0.07451028,0.01149444
7415.75,0.07508916,0.0125226
7416,0.06832512,0.01315656
7416.25,0.06844068,0.0116262
7416.5,0.0665388,0.0124956
7416.75,0.06530436,0.01192752
7417,0.07081992,0.01519452
7417.25,0.06504948,0.01091556
7417.5,0.07028964,0.01096632
7417.75,0.06572664,0.01132488
7418,0.07162668,0.01467504
7418.25,0.07027992,0.01391256
7418.5,0.06755508,0.01417608
7418.75,0.06922908,0.01463508
7419,0.068094,0.01449252
7419.25,0.06690168,0.01640952
7419.5,0.06661656,0.01658124
7419.75,0.06631308,0.01389744
7420,0.06352452,0.01144044
7420.25,0.06502032,0.01253664
7420.5,0.06128136,0.011988
7420.75,0.06007284,0.01174608
7421,0.05804028,0.00666144
7421.25,0.05945832,0.0058482
7421.5,0.05319864,0.00563112
7421.75,0.04837536,0.00644652
7422,0.05091552,0.0038286
7422.25,0.05708556,0.00490644
7422.5,0.05933736,0.00461808
7422.75,0.06449436,0.00455328
7423,0.06414444,0.00615816
7423.25,0.07515936,0.00682776
7423.5,0.0885438,0.00557604
7423.75,0.10147788,0.00424224
7424,0.09095436,0.00447336
7424.25,0.09475272,0.00415584
7424.5,0.1002186,0.00483084
7424.75,0.105408,0.00372276
7425,0.12115656,0.00366228
7425.25,0.12575088,0.00413316
7425.5,0.14373288,0.00879228
7425.75,0.16597116,0.00819072
7426,0.195291,0.00802224
7426.25,0.21088296,0.0132084
7426.5,0.1765692,0.00769824
7426.75,0.17354628,0.00772524
7427,0.20823804,0.00834948
7427.25,0.18541656,0.00647676
7427.5,0.17572572,0.01169748
7427.75,0.18146808,0.01346328
7428,0.15879132,0.0096498
7428.25,0.14692104,0.00818208
7428.5,0.13550004,0.00994896
7428.75,0.12992292,0.01054944
7429,0.123822,0.0100872
7429.25,0.14690484,0.0108378
7429.5,0.16842924,0.00850176
7429.75,0.17653572,0.00682236
7430,0.18157392,0.01290384
7430.25,0.20085732,0.01749816
7430.5,0.19532772,0.01610388
7430.75,0.19057248,0.02187108
7431,0.19669824,0.02320596
7431.25,0.20550672,0.02589516
7431.5,0.17262504,0.02041956
7431.75,0.16402176,0.01578852
7432,0.17403228,0.01213056
7432.25,0.1838808,0.01132812
7432.5,0.18077148,0.01120932
7432.75,0.17189712,0.01282824
7433,0.16135308,0.01457784
7433.25,0.14857884,0.01626372
7433.5,0.1614114,0.01814724
7433.75,0.14725044,0.01461348
7434,0.13661028,0.01883304
7434.25,0.1416096,0.01698084
7434.5,0.12866256,0.01234548
7434.75,0.12737628,0.0114588
7435,0.12482208,0.01297728
7435.25,0.14833692,0.01427652
7435.5,0.14094648,0.01773792
7435.75,0.12174084,0.0135756
7436,0.13029768,0.01666008
7436.25,0.11712276,0.01405512
7436.5,0.11332548,0.00926856
7436.75,0.10495656,0.00708696
7437,0.10581732,0.00830628
7437.25,0.1026864,0.00827928
7437.5,0.092286,0.00495936
7437.75,0.09767952,0.00560196
7438,0.08786232,0.0088074
7438.25,0.0783432,0.00970596
7438.5,0.07192692,0.00724896
7438.75,0.06722892,0.00720144
7439,0.0740718,0.01291464
7439.25,0.0745632,0.01293732
7439.5,0.07560756,0.01564812
7439.75,0.07916724,0.01517184
7440,0.0732132,0.01116936
7440.25,0.06809724,0.00972972
7440.5,0.06654636,0.00971136
7440.75,0.06939864,0.01199772
7441,0.06967728,0.01135404
7441.25,0.06835752,0.01075464
7441.5,0.06897636,0.01207872
7441.75,0.07360092,0.012042
7442,0.0717822,0.01387584
7442.25,0.0730836,0.01412424
7442.5,0.07365168,0.01334772
7442.75,0.06907896,0.01201176
7443,0.06796224,0.01088964
7443.25,0.06800112,0.01037772
7443.5,0.06697404,0.0070146
7443.75,0.06615,0.00677052
7444,0.06375672,0.00833544
7444.25,0.06838344,0.01054404
7444.5,0.06285168,0.0081108
7444.75,0.06198768,0.00854064
7445,0.06473088,0.00693576
7445.25,0.06648588,0.0084888
7445.5,0.06829704,0.00794232
7445.75,0.06647184,0.01005048
7446,0.06097896,0.01027404
7446.25,0.06018732,0.00901368
7446.5,0.06010092,0.00743148
7446.75,0.0749088,0.006858
7447,0.0942624,0.00863784
7447.25,0.09189396,0.00673272
7447.5,0.10050372,0.00605556
7447.75,0.11810772,0.00457272
7448,0.09757692,0.00512676
7448.25,0.11822652,0.00301752
7448.5,0.12028284,0.00292896
7448.75,0.129249,0.0008694
7449,0.13882752,0.00111888
7449.25,0.1373976,-0.00017388
7449.5,0.14721156,0.00098496
7449.75,0.16180236,0.00255528
7450,0.17163792,0.00123552
7450.25,0.16509096,-0.00094392
7450.5,0.14418756,-0.00092016
7450.75,0.14940396,4.32e-05
7451,0.16069536,0.00216108
7451.25,0.16601436,-0.00181872
7451.5,0.17371476,0.00150552
7451.75,0.15633216,0.00445932
7452,0.14533128,0.0032508
7452.25,0.12969072,0.00305748
7452.5,0.12936456,0.00578016
7452.75,0.12653496,0.0047466
7453,0.10291104,0.00562896
7453.25,0.10531944,0.003915
7453.5,0.11904408,0.00728892
7453.75,0.13255596,0.00347004
7454,0.1294326,0.00637848
7454.25,0.14687244,0.005157
7454.5,0.12859128,0.00377568
7454.75,0.13171572,0.00494748
7455,0.12865608,0.00220752
7455.25,0.14471568,0.00536652
7455.5,0.11231352,0.00401112
7455.75,0.10998396,0.00511812
7456,0.10768356,0.00194616
7456.25,0.11262564,0.00204012
7456.5,0.10639944,0.00119448
7456.75,0.10943316,0.00204012
7457,0.10776132,0.00053136
7457.25,0.09422136,0.00158544
7457.5,0.098739,0.0005454
7457.75,0.08985168,0.0002268
7458,0.09794844,0.00176256
7458.25,0.1061154,0.00535356
7458.5,0.10040868,0.00403596
7458.75,0.10824408,0.00685908
7459,0.11511828,0.00506196
7459.25,0.1258416,0.00450036
7459.5,0.12551112,0.004914
7459.75,0.10854864,0.00457164
7460,0.10594368,0.00613116
7460.25,0.10565208,0.00566784
7460.5,0.11030472,0.00634608
7460.75,0.10508184,0.00692172
7461,0.10247256,0.00692496
7461.25,0.1028214,0.00642816
7461.5,0.1046682,0.008586
7461.75,0.09859752,0.0088614
7462,0.09785556,0.00906876
7462.25,0.09217368,0.01076544
7462.5,0.079488,0.01036584
7462.75,0.08053344,0.01048248
7463,0.08003664,0.01092096
7463.25,0.07905492,0.0139698
7463.5,0.0796932,0.01623564
7463.75,0.0826686,0.0158706
7464,0.07293564,0.00946296
7464.25,0.0732942,0.00860868
7464.5,0.07037388,0.00828144
7464.75,0.06805728,0.00778032
7465,0.07118496,0.00876636
7465.25,0.06983496,0.0088506
7465.5,0.0706536,0.0095742
7465.75,0.0708804,0.0102222
7466,0.06793524,0.0088452
7466.25,0.06324156,0.0082836
7466.5,0.06202656,0.0067554
7466.75,0.0622134,0.00629424
7467,0.05758452,0.00579852
7467.25,0.05935896,0.00739152
7467.5,0.06082992,0.00789156
7467.75,0.06389928,0.00872856
7468,0.05784264,0.00760644
7468.25,0.06207408,0.00745308
7468.5,0.05468364,0.00651348
7468.75,0.05646132,0.00752868
7469,0.05906952,0.00858924
7469.25,0.06077916,0.0079272
7469.5,0.06000588,0.01009152
7469.75,0.05007096,0.00916272
7470,0.05069196,0.01160568
7470.25,0.04877388,0.00999432
7470.5,0.04796712,0.00953532
7470.75,0.04864644,0.00966816
7471,0.04894236,0.00679536
7471.25,0.04839048,0.00542376
7471.5,0.05123412,0.00609552
7471.75,0.05258952,0.00817992
7472,0.02939004,0.00507276
7472.25,0.02945268,0.00451332
7472.5,0.0346734,0.00406188
7472.75,0.03977748,0.00635256
7473,0.0448902,0.00761832
7473.25,0.04948452,0.00678564
7473.5,0.05384232,0.00662364
7473.75,0.05606928,0.00659124
7474,0.05037768,0.00649404
7474.25,0.05728644,0.00682128
7474.5,0.03131784,0.00406836
7474.75,0.03597912,0.00486432
7475,0.04848012,0.00593352
7475.25,0.04559976,0.0076842
7475.5,0.05357664,0.01063476
7475.75,0.0563544,0.00918108
7476,0.04894128,0.00812376
7476.25,0.054999,0.00891648
7476.5,0.04633848,0.00779004
7476.75,0.04790556,0.00777492
7477,0.03855168,0.00902448
7477.25,0.03868884,0.00554796
7477.5,0.04676292,0.00652428
7477.75,0.05127624,0.00734292
7478,0.05151816,0.00681912
7478.25,0.05156784,0.00772416
7478.5,0.05056992,0.00761724
7478.75,0.04892292,0.00765936
7479,0.04730076,0.00830304
7479.25,0.04893048,0.00602964
7479.5,0.0408024,0.00763128
7479.75,0.04453812,0.00722304
7480,0.04660308,0.00741852
7480.25,0.05102568,0.00749412
7480.5,0.04901904,0.0063882
7480.75,0.05061312,0.00513972
7481,0.05193936,0.00514512
7481.25,0.05337144,0.00488592
7481.5,0.06075864,0.00629964
7481.75,0.05506488,0.00578664
7482,0.05796144,0.00565596
7482.25,0.05997888,0.00535032
7482.5,0.04785372,0.00422712
7482.75,0.05085288,0.0048708
7483,0.05220936,0.00473256
7483.25,0.06752052,0.00534492
7483.5,0.0695196,0.0045846
7483.75,0.07475976,0.00614412
7484,0.0724518,0.00587628
7484.25,0.07543368,0.0072522
7484.5,0.0743634,0.00649836
7484.75,0.07041924,0.00675648
7485,0.0760428,0.00948024
7485.25,0.0746334,0.0089478
7485.5,0.07414308,0.0081486
7485.75,0.07618644,0.00865296
7486,0.0677322,0.00774684
7486.25,0.07629228,0.01254096
7486.5,0.06556572,0.00874584
7486.75,0.0633204,0.00797904
7487,0.06332148,0.00713556
7487.25,0.06984036,0.00636768
7487.5,0.0726732,0.01037232
7487.75,0.07152516,0.00586224
7488,0.06035256,0.00459648
7488.25,0.06144984,0.00526716
7488.5,0.05999076,0.0059562
7488.75,0.05733828,0.00512676
7489,0.05686956,0.00490428
7489.25,0.06054588,0.00596484
7489.5,0.06636384,0.00574668
7489.75,0.0653886,0.00716256
7490,0.06761232,0.00688068
7490.25,0.0674244,0.00625968
7490.5,0.06516396,0.00662904
7490.75,0.06825492,0.0062316
7491,0.05912676,0.0055728
7491.25,0.057402,0.00349056
7491.5,0.0610524,0.00281772
7491.75,0.05955012,0.00263952
7492,0.05551632,0.00254232
7492.25,0.05868288,0.00255204
7492.5,0.05364252,0.00236952
7492.75,0.05616756,0.00238248
7493,0.05888052,0.00303588
7493.25,0.05756616,0.00311256
7493.5,0.05749812,0.0041796
7493.75,0.04470552,0.00449388
7494,0.04968972,0.00445716
7494.25,0.04750812,0.0041202
7494.5,0.04928256,0.00479196
7494.75,0.04896072,0.00466668
7495,0.0492642,0.00372168
7495.25,0.05250204,0.00382212
7495.5,0.05277636,0.0033264
7495.75,0.06065172,0.00375516
7496,0.03401028,0.00328644
7496.25,0.03323808,0.00291924
7496.5,0.04139532,0.0020304
7496.75,0.04288788,0.00248832
7497,0.05357556,0.00281556
7497.25,0.05351616,0.00277668
7497.5,0.06219612,0.0033372
7497.75,0.05995944,0.0026622
7498,0.0622296,0.00332208
7498.25,0.06519204,0.0042336
7498.5,0.03901932,0.00254232
7498.75,0.03883464,0.00269676
7499,0.04812696,0.00314064
7499.25,0.05890428,0.00304776
7499.5,0.06623964,0.00300132
7499.75,0.0618246,0.00263412
7500,0.05451192,0.00306612
7500.25,0.06235272,0.00437508
7500.5,0.05179356,0.00275076
7500.75,0.05311548,0.00319032
7501,0.04190184,0.00460728
7501.25,0.0403434,0.00523692
7501.5,0.05010444,0.00511272
7501.75,0.05156136,0.0045954
7502,0.04951152,0.0050436
7502.25,0.05625396,0.00583524
7502.5,0.05421492,0.0041958
7502.75,0.05349132,0.00456624
7503,0.04978368,0.00369468
7503.25,0.04831272,0.00428436
7503.5,0.04148604,0.00307476
7503.75,0.04199364,0.00352512
7504,0.04116528,0.00327348
7504.25,0.05175144,0.00414936
7504.5,0.04614408,0.0022302
7504.75,0.04652424,0.00241488
7505,0.04911948,0.00331884
7505.25,0.05472036,0.00411696
7505.5,0.05655096,0.00463104
7505.75,0.0594,0.00491184
7506,0.05578956,0.00366876
7506.25,0.05437476,0.00594864
7506.5,0.05081724,0.00746388
7506.75,0.04793688,0.0065448
7507,0.05385528,0.00955908
7507.25,0.06001992,0.00740664
7507.5,0.07408368,0.00641844
7507.75,0.07323156,0.00770364
7508,0.074736,0.00519696
7508.25,0.07922556,0.00596808
7508.5,0.07947396,0.00822204
7508.75,0.07801596,0.00680292
7509,0.07606656,0.00865944
7509.25,0.07602768,0.00556416
7509.5,0.08350236,0.00865404
7509.75,0.07835184,0.00749196
7510,0.07081992,0.0063882
7510.25,0.07182324,0.00694764
7510.5,0.0695142,0.00798336
7510.75,0.06923556,0.00997812
7511,0.06901416,0.0080622
7511.25,0.06913728,0.00860112
7511.5,0.07274124,0.00931068
7511.75,0.07433424,0.00916164
7512,0.06993,0.01085184
7512.25,0.07041492,0.01180224
7512.5,0.06794928,0.01088424
7512.75,0.06256224,0.010341
7513,0.0723114,0.01129464
7513.25,0.06682392,0.00929772
7513.5,0.06969132,0.0109026
7513.75,0.06646968,0.01110564
7514,0.07006284,0.0090666
7514.25,0.068175,0.00725328
7514.5,0.070443,0.01192104
7514.75,0.07145172,0.00854064
7515,0.06714684,0.00781164
7515.25,0.06456888,0.00779328
7515.5,0.06458508,0.0072954
7515.75,0.06611976,0.0121932
7516,0.06442092,0.0104706
7516.25,0.06423192,0.0105354
7516.5,0.05890968,0.01043172
7516.75,0.0607446,0.01043064
7517,0.06304176,0.00901692
7517.25,0.06164316,0.00987768
7517.5,0.05370516,0.00865944
7517.75,0.04788396,0.00853416
7518,0.05357448,0.00735696
7518.25,0.06059664,0.00721332
7518.5,0.06219288,0.00799308
7518.75,0.0652968,0.0082188
7519,0.07138368,0.00956664
7519.25,0.08562456,0.01095228
7519.5,0.09032364,0.00974484
7519.75,0.08726076,0.00751464
7520,0.07973316,0.00830628
7520.25,0.08998344,0.00430056
7520.5,0.10420704,0.00211464
7520.75,0.1188108,0.0054918
7521,0.12362436,0.00631908
7521.25,0.1335582,0.00535572
7521.5,0.13991724,0.00220212
7521.75,0.1405566,0.00341604
7522,0.15486228,0.01419228
7522.25,0.14754204,-0.00015876
7522.5,0.13319208,0.00060264
7522.75,0.12992184,0.00108108
7523,0.15527052,0.00300456
7523.25,0.16055496,0.00356616
7523.5,0.14266152,0.0030618
7523.75,0.1623888,-0.000432
7524,0.14006952,0.0020304
7524.25,0.1482894,0.00634068
7524.5,0.13149324,0.00347436
7524.75,0.12977496,0.0027756
7525,0.11135664,0.00379836
7525.25,0.12814848,0.0074466
7525.5,0.1615086,0.01518804
7525.75,0.1922616,0.01035072
7526,0.19320228,0.00530388
7526.25,0.2140344,0.00664416
7526.5,0.20576052,0.00671436
7526.75,0.2172096,0.00815832
7527,0.20359944,0.00695844
7527.25,0.19574676,0.0080136
7527.5,0.18350388,0.00580392
7527.75,0.1755648,0.00264708
7528,0.18661644,0.0131598
7528.25,0.17665344,0.00436104
7528.5,0.16171164,0.00509004
7528.75,0.16784712,0.00919728
7529,0.18396828,0.01223748
7529.25,0.16836228,0.0108486
7529.5,0.17542548,0.0320976
7529.75,0.16780176,0.01494828
7530,0.14706468,0.01223856
7530.25,0.14758956,0.012852
7530.5,0.13212072,0.0123822
7530.75,0.12976308,0.01446768
7531,0.13556592,0.01367928
7531.25,0.15413328,0.01160136
7531.5,0.17400852,0.00520128
7531.75,0.16711272,0.00624996
7532,0.1605582,0.00418716
7532.25,0.1700568,0.0076464
7532.5,0.15737976,0.00560628
7532.75,0.15443244,0.0058968
7533,0.14321772,0.00804384
7533.25,0.14729904,0.0060642
7533.5,0.1389258,0.00565272
7533.75,0.1360638,0.01323648
7534,0.12361032,0.00861624
7534.25,0.10777752,0.01140264
7534.5,0.09139932,0.0110484
7534.75,0.07982388,0.00746604
7535,0.07525872,0.006993
7535.25,0.0745686,0.0092232
7535.5,0.08593992,0.01281096
7535.75,0.08100108,0.00690228
7536,0.07344324,0.00549612
7536.25,0.0735318,0.00447336
7536.5,0.07129404,0.00535032
7536.75,0.07400268,0.00713988
7537,0.0746658,0.00896616
7537.25,0.06946452,0.00583308
7537.5,0.07167744,0.00771444
7537.75,0.07595316,0.0096768
7538,0.07634304,0.009801
7538.25,0.06927768,0.00840996
7538.5,0.07416252,0.0096444
7538.75,0.07284924,0.010908
7539,0.0730512,0.00963792
7539.25,0.07047864,0.00787428
7539.5,0.06872796,0.00681912
7539.75,0.07241724,0.00749736
7540,0.06913836,0.00784836
7540.25,0.06958764,0.0102816
7540.5,0.06440364,0.00822204
7540.75,0.06700104,0.00771444
7541,0.07155864,0.0092772
7541.25,0.06713496,0.00993924
7541.5,0.0640278,0.01124712
7541.75,0.05287464,0.00939276
7542,0.05922396,0.00727596
7542.25,0.05929524,0.0051894
7542.5,0.0686664,0.00513432
7542.75,0.06999372,0.0047196
7543,0.08857836,0.00727272
7543.25,0.09097704,0.00598968
7543.5,0.10838016,0.00530064
7543.75,0.11453076,0.00254124
7544,0.09530568,0.0076464
7544.25,0.11452212,0.00162216
7544.5,0.13133556,0.00184248
7544.75,0.1395522,-0.00140076
7545,0.16898112,0.00141696
7545.25,0.16530372,-0.00155088
7545.5,0.17679708,-0.00216864
7545.75,0.18235692,-0.00019872
7546,0.1775196,-0.00451008
7546.25,0.18715428,-0.00080136
7546.5,0.14189364,-0.00294084
7546.75,0.15956028,0.0016632
7547,0.18747504,-0.0021114
7547.25,0.1913436,-0.00453816
7547.5,0.18833904,0.00219888
7547.75,0.18358272,0.00250236
7548,0.17089056,0.00894348
7548.25,0.15600276,0.00453384
7548.5,0.15949872,0.00339444
7548.75,0.16410492,0.00675216
7549,0.17142948,0.0058752
7549.25,0.19709352,0.00795312
7549.5,0.24332508,0.00760104
7549.75,0.28338336,0.012042
7550,0.3118014,0.008262
7550.25,0.33615216,0.01555092
7550.5,0.35331336,0.0064368
7550.75,0.33830136,0.01086804
7551,0.33798384,0.01757268
7551.25,0.34231896,0.01097712
7551.5,0.30139344,0.00940572
7551.75,0.28188324,0.01295028
7552,0.26787024,0.00945648
7552.25,0.2737584,0.01036368
7552.5,0.26761536,0.00424656
7552.75,0.25644168,0.01078704
7553,0.256905,0.01142856
7553.25,0.24837192,0.01194048
7553.5,0.25008804,0.01288008
7553.75,0.2223828,0.01326672
7554,0.22002408,0.01379052
7554.25,0.22109328,0.01129356
7554.5,0.18149292,0.01308528
7554.75,0.19176156,0.0149958
7555,0.21524724,0.01219968
7555.25,0.2338902,0.01018332
7555.5,0.24295788,0.00506952
7555.75,0.22182444,0.00786024
7556,0.22446936,0.00468072
7556.25,0.2091528,0.0101898
7556.5,0.20079036,0.01101168
7556.75,0.19888416,0.01524852
7557,0.18684108,0.01570968
7557.25,0.15769836,0.0088614
7557.5,0.1551636,0.01010124
7557.75,0.14140872,0.01137564
7558,0.1263384,0.0126738
7558.25,0.11341944,0.00905688
7558.5,0.0941328,0.00876636
7558.75,0.08784396,0.01440612
7559,0.08177976,0.01479384
7559.25,0.08750052,0.015336
7559.5,0.08900172,0.01343736
7559.75,0.08184132,0.00904932
7560,0.07882056,0.00798336
7560.25,0.08131752,0.0083106
7560.5,0.0741204,0.0080838
7560.75,0.06758316,0.00736452
7561,0.07851168,0.01066284
7561.25,0.07690032,0.0104652
7561.5,0.07884864,0.01126008
7561.75,0.08055504,0.01079136
7562,0.07740684,0.01247292
7562.25,0.0793422,0.01180008
7562.5,0.07956576,0.01324512
7562.75,0.07675776,0.01200852
7563,0.07934976,0.01587276
7563.25,0.0734616,0.01502172
7563.5,0.07422408,0.01370304
7563.75,0.07699752,0.01718496
7564,0.07494876,0.01615896
7564.25,0.07269048,0.01482948
7564.5,0.0695628,0.01386828
7564.75,0.07018272,0.0149904
7565,0.07225956,0.0115398
7565.25,0.07024428,0.01093932
7565.5,0.064152,0.00741636
7565.75,0.05718492,0.0067122
7566,0.05671944,0.00512352
7566.25,0.0610686,0.00501444
7566.5,0.06535836,0.00465588
7566.75,0.07530732,0.00471744
7567,0.0898182,0.01133892
7567.25,0.08694432,0.00887976
7567.5,0.09632952,0.00956772
7567.75,0.12457476,0.00939168
7568,0.1241082,0.00722088
7568.25,0.14423832,0.01033992
7568.5,0.16698312,0.02016468
7568.75,0.17975844,0.00707292
7569,0.21445452,0.02112588
7569.25,0.22568112,0.01679832
7569.5,0.24432516,0.02049948
7569.75,0.25072632,0.0183168
7570,0.23455332,0.017037
7570.25,0.26073576,0.01686744
7570.5,0.2489346,0.02077056
7570.75,0.23514948,0.01381104
7571,0.25680672,0.01357992
7571.25,0.27511164,0.01442124
7571.5,0.27583308,0.014256
7571.75,0.2615544,0.01701
7572,0.24376572,0.01884492
7572.25,0.23583744,0.02605176
7572.5,0.23547564,0.02532492
7572.75,0.2417526,0.02804868
7573,0.25197372,0.03223476
7573.25,0.28134324,0.03122064
7573.5,0.35193528,0.04386744
7573.75,0.41212584,0.03432672
7574,0.43350876,0.03954852
7574.25,0.44576676,0.02380644
7574.5,0.45963072,0.02791368
7574.75,0.42659136,0.02327616
7575,0.44627976,0.0216918
7575.25,0.4217886,0.02491236
7575.5,0.36063576,0.02252556
7575.75,0.35507268,0.03053484
7576,0.36691164,0.0385128
7576.25,0.34665516,0.02997972
7576.5,0.33152544,0.028053
7576.75,0.34465392,0.0307584
7577,0.347301,0.03537108
7577.25,0.32229576,0.04014576
7577.5,0.31344084,0.04409424
7577.75,0.29818044,0.0424008
7578,0.28717848,0.04720896
7578.25,0.2713608,0.04572936
7578.5,0.2563434,0.04451544
7578.75,0.24224184,0.05550228
7579,0.27662688,0.03936492
7579.25,0.29391552,0.02108484
7579.5,0.2949102,0.02753892
7579.75,0.30375972,0.03521664
7580,0.26954856,0.02310012
7580.25,0.2474604,0.02260764
7580.5,0.25428276,0.02910168
7580.75,0.220779,0.02675052
7581,0.20551968,0.01823148
7581.25,0.20272032,0.01781676
7581.5,0.17661996,0.01483272
7581.75,0.15527484,0.00995976
7582,0.13339836,0.01032912
7582.25,0.1262196,0.01036368
7582.5,0.10960488,0.00992412
7582.75,0.09450756,0.01108404
7583,0.09302256,0.01339632
7583.25,0.08567856,0.01467612
7583.5,0.0915624,0.01672164
7583.75,0.09427536,0.02020896
7584,0.08696484,0.01901988
7584.25,0.08423676,0.01348812
7584.5,0.07746192,0.01195452
7584.75,0.07470684,0.01241568
7585,0.08101512,0.01284876
7585.25,0.07743816,0.0138834
7585.5,0.07938216,0.01523232
7585.75,0.08074512,0.01739988
7586,0.08070624,0.01697004
7586.25,0.081189,0.01508976
7586.5,0.07539804,0.01228176
7586.75,0.07955388,0.01143828
7587,0.0726084,0.01234764
7587.25,0.07484724,0.014148
7587.5,0.0771822,0.01429272
7587.75,0.07134804,0.01307772
7588,0.07618644,0.01432728
7588.25,0.07563132,0.01431216
7588.5,0.07100784,0.0123174
7588.75,0.06883812,0.01322676
7589,0.07452216,0.01391904
7589.25,0.07368948,0.01249992
7589.5,0.06675696,0.01394712
7589.75,0.0623106,0.0161406
7590,0.05958576,0.01256148
7590.25,0.06526008,0.01344816
7590.5,0.0693954,0.01118232
7590.75,0.07989408,0.01437264
7591,0.10160424,0.01877364
7591.25,0.10401912,0.01318032
7591.5,0.12007008,0.0192996
7591.75,0.14720508,0.02372436
7592,0.14114952,0.02254284
7592.25,0.17868816,0.02137968
7592.5,0.20388132,0.01746144
7592.75,0.22817916,0.0196074
7593,0.2698002,0.0324378
7593.25,0.29349,0.02891052
7593.5,0.2793906,0.01984284
7593.75,0.30615408,0.02424924
7594,0.31840884,0.01816668
7594.25,0.33414336,0.02129652
7594.5,0.3092256,0.02249532
7594.75,0.30306204,0.0212868
7595,0.31833756,0.02631204
7595.25,0.30586032,0.02305692
7595.5,0.32159592,0.03786804
7595.75,0.30651156,0.03445632
7596,0.27901908,0.03970404
7596.25,0.26795232,0.0469476
7596.5,0.24943572,0.04139316
7596.75,0.25066368,0.03293244
7597,0.24641172,0.02849256
7597.25,0.2733966,0.03974292
7597.5,0.32948532,0.03118608
7597.75,0.37983384,0.02617164
7598,0.42045048,0.02980044
7598.25,0.45136332,0.0305046
7598.5,0.43854912,0.02683476
7598.75,0.432054,0.03326724
7599,0.4507596,0.03626856
7599.25,0.44505612,0.0339228
7599.5,0.39486744,0.0319194
7599.75,0.41044752,0.03086316
7600,0.41987052,0.02966328
7600.25,0.38545848,0.02668248
7600.5,0.37069056,0.02432052
7600.75,0.36653256,0.03197016
7601,0.36365004,0.03267108
7601.25,0.34326612,0.032319
7601.5,0.30704832,0.03455136
7601.75,0.28674432,0.02985876
7602,0.24786864,0.02871072
7602.25,0.22074228,0.0223398
7602.5,0.2097792,0.02215512
7602.75,0.21779064,0.02632824
7603,0.23547888,0.02141316
7603.25,0.27539892,0.03608928
7603.5,0.29429892,0.0300888
7603.75,0.2870964,0.02668896
7604,0.27666252,0.02921076
7604.25,0.25008156,0.02351592
7604.5,0.24224184,0.03009312
7604.75,0.23608692,0.02692224
7605,0.21666744,0.02609172
7605.25,0.19914336,0.0245808
7605.5,0.18867384,0.02071764
7605.75,0.16872516,0.01307988
7606,0.14768892,0.01870452
7606.25,0.130059,0.01329156
7606.5,0.095904,0.01084752
7606.75,0.080028,0.01399248
7607,0.07763688,0.01430244
7607.25,0.07683336,0.01767096
7607.5,0.08426592,0.02108916
7607.75,0.08678556,0.01692684
7608,0.079461,0.0142452
7608.25,0.08070732,0.01554444
7608.5,0.07358256,0.01270728
7608.75,0.0706158,0.0080892
7609,0.07593156,0.01043604
7609.25,0.0728838,0.01115208
7609.5,0.07697592,0.01281636
7609.75,0.07544988,0.01163376
7610,0.07469496,0.01208844
7610.25,0.07275852,0.01043712
7610.5,0.07208244,0.009855
7610.75,0.07249716,0.0097524
7611,0.07103592,0.00979236
7611.25,0.0704592,0.00983988
7611.5,0.069498,0.00944784
7611.75,0.07291512,0.0114372
7612,0.0708804,0.01060776
7612.25,0.06664032,0.0100008
7612.5,0.06741252,0.01070604
7612.75,0.06644376,0.01229472
7613,0.06781212,0.01116612
7613.25,0.06552792,0.01020708
7613.5,0.06105024,0.01004724
7613.75,0.052785,0.00986148
7614,0.05552928,0.01180764
7614.25,0.062478,0.0088128
7614.5,0.05960736,0.00795852
7614.75,0.07133292,0.00804168
7615,0.09176004,0.00849636
7615.25,0.09879084,0.00771876
7615.5,0.11200032,0.00593784
7615.75,0.12741516,0.00876528
7616,0.15030576,0.01526472
7616.25,0.16705764,0.01697112
7616.5,0.18464328,0.0064314
7616.75,0.20929212,0.0075276
7617,0.2213082,0.00382752
7617.25,0.22960692,0.0064152
7617.5,0.24209064,0.01071468
7617.75,0.25344036,0.01436616
7618,0.2541942,0.01966032
7618.25,0.26507196,0.01250208
7618.5,0.2433078,0.02019276
7618.75,0.24171588,0.01001916
7619,0.25966656,0.01740312
7619.25,0.28587708,0.02623428
7619.5,0.27528552,0.02792448
7619.75,0.2565162,0.03080052
7620,0.2436372,0.03234924
7620.25,0.22278564,0.0292626
7620.5,0.2154762,0.02752488
7620.75,0.21862008,0.0299808
7621,0.21658968,0.03512052
7621.25,0.22499856,0.02588976
7621.5,0.27652212,0.02954556
7621.75,0.32082696,0.02445768
7622,0.36379152,0.03273912
7622.25,0.24658452,0.0152172
7622.5,0.13504644,0.002943
7622.75,0.28789452,0.01373544
7623,0.37291536,0.03452004
7623.25,0.1390068,0.01063368
7623.5,0.3436236,0.02883708
7623.75,0.32850576,0.03606768
7624,0.325755,0.03061044
7624.25,0.28649484,0.02834028
7624.5,0.27891324,0.01351944
7624.75,0.28884384,0.017442
7625,0.30637872,0.03591864
7625.25,0.2826792,0.02921184
7625.5,0.26086104,0.02661876
7625.75,0.20022228,0.01707588
7626,0.25411752,0.03048732
7626.25,0.1855332,0.01898964
7626.5,0.16838496,0.01808136
7626.75,0.20506068,0.02280312
7627,0.21570408,0.02043684
7627.25,0.24310152,0.02238408
7627.5,0.25119288,0.01911924
7627.75,0.2333448,0.01847232
7628,0.25235604,0.0188784
7628.25,0.240813,0.01874016
7628.5,0.23247648,0.015255
7628.75,0.2107782,0.01838376
7629,0.15977628,0.02112264
7629.25,0.14367456,0.0183762
7629.5,0.16829964,0.01801764
7629.75,0.15454584,0.02307636
7630,0.13595904,0.01965384
7630.25,0.12866472,0.01960308
7630.5,0.08802324,0.0097416
7630.75,0.08187912,0.01225584
7631,0.087291,0.02980152
7631.25,0.08588268,0.02349756
7631.5,0.09443736,0.02166156
7631.75,0.09203112,0.02067444
7632,0.08952444,0.02261844
7632.25,0.0935712,0.02705076
7632.5,0.09003528,0.02634012
7632.75,0.08738388,0.01960092
7633,0.07856676,0.01652508
7633.25,0.07396704,0.01352484
7633.5,0.074871,0.01220076
7633.75,0.07229196,0.01272996
7634,0.07872228,0.01321488
7634.25,0.08199252,0.01255608
7634.5,0.07267428,0.01330776
7634.75,0.07306416,0.0127872
7635,0.07893288,0.0105138
7635.25,0.07508268,0.01035504
7635.5,0.0720306,0.01052352
7635.75,0.0712368,0.00892512
7636,0.06614892,0.0077274
7636.25,0.0744174,0.00953208
7636.5,0.07182432,0.00911844
7636.75,0.07047972,0.0080676
7637,0.07061472,0.00952884
7637.25,0.0682398,0.0124632
7637.5,0.068823,0.01210248
7637.75,0.06190128,0.0142128
7638,0.05977044,0.0130572
7638.25,0.05993028,0.01239624
7638.5,0.053352,0.01001808
7638.75,0.06218208,0.00891432
7639,0.06408396,0.01000728
7639.25,0.05881032,0.01027836
7639.5,0.06134832,0.01168884
7639.75,0.0531684,0.01183896
7640,0.03759804,0.01121904
7640.25,0.04137372,0.0089154
7640.5,0.05417604,0.00878364
7640.75,0.0526662,0.0051786
7641,0.07125192,0.0155682
7641.25,0.07744788,0.0178308
7641.5,0.0916218,0.021789
7641.75,0.06630768,0.0161244
7642,0.06467148,0.0149148
7642.25,0.06941268,0.01294704
7642.5,0.0543078,0.01461672
7642.75,0.05873904,0.01895508
7643,0.0615006,0.0139212
7643.25,0.06842448,0.01566324
7643.5,0.066285,0.0150768
7643.75,0.06931224,0.01269324
7644,0.06212268,0.01093824
7644.25,0.06538212,0.01415556
7644.5,0.0814698,0.01385964
7644.75,0.08914536,0.01088748
7645,0.0597942,0.01191564
7645.25,0.05841504,0.01236816
7645.5,0.0501984,0.01125576
7645.75,0.06099624,0.01222884
7646,0.06314652,0.01269972
7646.25,0.08417952,0.01356912
7646.5,0.10533672,0.01328508
7646.75,0.09616428,0.01541484
7647,0.09171576,0.01856628
7647.25,0.09505404,0.01897992
7647.5,0.05595156,0.01553688
7647.75,0.10119816,0.0193266
7648,0.09963756,0.01853928
7648.25,0.0925776,0.01667304
7648.5,0.07466256,0.01561896
7648.75,0.074412,0.01643544
7649,0.09152028,0.01444824
7649.25,0.06734124,0.01405944
7649.5,0.0697464,0.01611468
7649.75,0.07927848,0.02156652
7650,0.09332604,0.026352
7650.25,0.06000372,0.02289708
7650.5,0.0722196,0.02400624
7650.75,0.08215884,0.02509272
7651,0.08387064,0.0232038
7651.25,0.07854408,0.02178144
7651.5,0.0856764,0.01713744
7651.75,0.09175896,0.02013012
7652,0.10172736,0.02174148
7652.25,0.11147544,0.02931984
7652.5,0.11269152,0.02976048
7652.75,0.10808964,0.03040308
7653,0.10464444,0.0300726
7653.25,0.10452456,0.02916324
7653.5,0.10491552,0.02972592
7653.75,0.0989766,0.03323268
7654,0.10821492,0.02614896
7654.25,0.097848,0.01680264
7654.5,0.08505756,0.01449576
7654.75,0.076329,0.01398168
7655,0.07596288,0.01432944
7655.25,0.09286272,0.02337444
7655.5,0.09561456,0.02081916
7655.75,0.09263592,0.0158166
7656,0.07303932,0.01144908
7656.25,0.07948368,0.01437372
7656.5,0.07112016,0.01021356
7656.75,0.07767576,0.0133218
7657,0.07455996,0.01352484
7657.25,0.07451568,0.01142856
7657.5,0.0774522,0.01126008
7657.75,0.07237188,0.0107622
7658,0.07682256,0.01355508
7658.25,0.07465716,0.01296864
7658.5,0.07170012,0.01284444
7658.75,0.08065008,0.0127332
7659,0.08021268,0.0134838
7659.25,0.06968808,0.01403568
7659.5,0.06972696,0.01345572
7659.75,0.07546068,0.01265976
7660,0.06710472,0.01212084
7660.25,0.06772788,0.01421712
7660.5,0.06500628,0.0125658
7660.75,0.07404156,0.01096416
7661,0.07315272,0.01134
7661.25,0.06373944,0.0138132
7661.5,0.07398108,0.01570104
7661.75,0.06979176,0.01359396
7662,0.06726348,0.01128924
7662.25,0.05327856,0.01009152
7662.5,0.05960628,0.01063692
7662.75,0.05774652,0.01068012
7663,0.0579204,0.011637
7663.25,0.05835564,0.00913032
7663.5,0.0553878,0.00836136
7663.75,0.05963652,0.01060344
7664,0.05338008,0.0104922
7664.25,0.06361308,0.0089532
7664.5,0.05471496,0.00852228
7664.75,0.04930092,0.00875664
7665,0.0634284,0.00919512
7665.25,0.06427512,0.00887328
7665.5,0.06892344,0.011691
7665.75,0.063369,0.00848772
7666,0.06811776,0.00954612
7666.25,0.07043652,0.0150714
7666.5,0.04652748,0.00640548
7666.75,0.0674622,0.00911952
7667,0.07115364,0.01039824
7667.25,0.08187372,0.01048572
7667.5,0.07418412,0.01013688
7667.75,0.06265296,0.01027188
7668,0.06164316,0.00849636
7668.25,0.07908192,0.0100656
7668.5,0.0891486,0.01041876
7668.75,0.08545284,0.0111402
7669,0.04314924,0.00895428
7669.25,0.0540378,0.00978372
7669.5,0.0648378,0.01366956
7669.75,0.079542,0.01618164
7670,0.06920316,0.0128358
7670.25,0.08130672,0.01083348
7670.5,0.07086636,0.00863136
7670.75,0.0792072,0.01091772
7671,0.07366356,0.0116154
7671.25,0.07516044,0.01689228
7671.5,0.05843232,0.01425816
7671.75,0.07414092,0.01326024
7672,0.07974828,0.02036988
7672.25,0.07400376,0.01711692
7672.5,0.07233948,0.01585224
7672.75,0.06894396,0.01452924
7673,0.07858404,0.01977048
7673.25,0.0879336,0.01800684
7673.5,0.08574984,0.0222858
7673.75,0.08856864,0.02082996
7674,0.0906984,0.02016792
7674.25,0.08124192,0.01563084
7674.5,0.07916184,0.01694736
7674.75,0.08258868,0.01982772
7675,0.09124812,0.02221668
7675.25,0.10557216,0.01997244
7675.5,0.08381664,0.0091368
7675.75,0.09090792,0.01561572
7676,0.08825436,0.01578204
7676.25,0.08024508,0.01530036
7676.5,0.07909596,0.01268676
7676.75,0.07503408,0.01198584
7677,0.08634276,0.0115614
7677.25,0.08555652,0.01153872
7677.5,0.07702128,0.00972756
7677.75,0.07670592,0.00948348
7678,0.07687872,0.01411344
7678.25,0.08697456,0.00967788
7678.5,0.07199604,0.01026864
7678.75,0.07749,0.00889272
7679,0.06895044,0.00901476
7679.25,0.07718328,0.01011204
7679.5,0.0783162,0.00978048
7679.75,0.07787016,0.00987552
7680,0.07790904,0.01068984
7680.25,0.06928308,0.01028376
7680.5,0.07725672,0.0121716
7680.75,0.06749784,0.0094716
7681,0.07707204,0.00973836
7681.25,0.07565292,0.01450548
7681.5,0.07730424,0.01039392
7681.75,0.06838776,0.01041768
7682,0.07926768,0.01272348
7682.25,0.07015032,0.01007964
7682.5,0.07124868,0.01187028
7682.75,0.08034012,0.0109782
7683,0.06298668,0.01027404
7683.25,0.07267752,0.01527336
7683.5,0.0670464,0.01236168
7683.75,0.06905952,0.01022436
7684,0.05618484,0.01100304
7684.25,0.06953688,0.01084212
7684.5,0.0688446,0.0135648
7684.75,0.07163748,0.01239624
7685,0.0699408,0.01156032
7685.25,0.0688338,0.01237248
7685.5,0.05975316,0.01438884
7685.75,0.05613624,0.01650996
7686,0.0639306,0.01360044
7686.25,0.0514674,0.01451736
7686.5,0.06291648,0.01827576
7686.75,0.07124004,0.00969624
7687,0.08607816,0.011934
7687.25,0.09856188,0.01208412
7687.5,0.0916434,0.01086264
7687.75,0.10867284,0.00713016
7688,0.1127034,0.003429
7688.25,0.11795004,0.00286956
7688.5,0.12864312,0.00124092
7688.75,0.15005196,1.08e-05
7689,0.16561368,0.0077868
7689.25,0.14823972,-0.00069012
7689.5,0.15469812,0.001674
7689.75,0.17862552,0.0034344
7690,0.1673892,0.0017064
7690.25,0.1774062,0.00452412
7690.5,0.16691076,0.00384696
7690.75,0.15448104,0.001782
7691,0.15785496,0.00259632
7691.25,0.16926624,-0.00346788
7691.5,0.18097992,0.00101952
7691.75,0.16450884,0.00657396
7692,0.17011404,0.01662444
7692.25,0.17056872,0.01602504
7692.5,0.1600884,0.01843128
7692.75,0.17435952,0.01464048
7693,0.1595268,0.02372328
7693.25,0.16944876,0.02531088
7693.5,0.22764564,0.02076948
7693.75,0.26219592,0.01180548
7694,0.304722,0.01266732
7694.25,0.3298428,0.01314252
7694.5,0.3189564,0.0111024
7694.75,0.3452922,0.01746684
7695,0.32726484,0.01134432
7695.25,0.31672836,0.01510164
7695.5,0.28714068,0.01171368
7695.75,0.27693468,0.01316304
7696,0.26723844,0.0135648
7696.25,0.25310772,0.0152172
7696.5,0.24184872,0.00954936
7696.75,0.2312496,0.00986904
7697,0.22899996,0.00994464
7697.25,0.18582264,0.0092934
7697.5,0.1803438,0.00786996
7697.75,0.1836432,0.00678564
7698,0.1436778,0.00477144
7698.25,0.16299576,0.00807732
7698.5,0.149283,0.00594864
7698.75,0.14775264,0.01090908
7699,0.15571224,0.00995436
7699.25,0.1452222,0.01075248
7699.5,0.20409516,0.0123444
7699.75,0.18063,0.0034884
7700,0.20426148,0.00295056
7700.25,0.17472672,0.00703188
7700.5,0.18460116,0.00953856
7700.75,0.1925424,0.0065556
7701,0.16807608,0.0070092
7701.25,0.16036164,0.01350864
7701.5,0.14616072,0.00638604
7701.75,0.12456828,0.008829
7702,0.12221928,0.00730512
7702.25,0.11151648,0.00780516
7702.5,0.08521308,0.00630288
7702.75,0.09009792,0.00994896
7703,0.08717868,0.0147258
7703.25,0.08318592,0.01257876
7703.5,0.09237456,0.01140588
7703.75,0.0907254,0.01393308
7704,0.08229276,0.0096714
7704.25,0.07386984,0.01022868
7704.5,0.07788204,0.01038096
7704.75,0.07473168,0.00879876
7705,0.0748548,0.01611468
7705.25,0.06785856,0.01101924
7705.5,0.0789534,0.01365768
7705.75,0.08081532,0.01550556
7706,0.08423352,0.01589004
7706.25,0.06989976,0.01156032
7706.5,0.08026776,0.01083672
7706.75,0.0690336,0.00847044
7707,0.07114824,0.00886032
7707.25,0.06866424,0.007965
7707.5,0.0717768,0.01553256
7707.75,0.07077564,0.00827064
7708,0.07364088,0.00666684
7708.25,0.06571152,0.00598968
7708.5,0.06314652,0.00429408
7708.75,0.06706044,0.00664956
7709,0.06266376,0.0062424
7709.25,0.06918048,0.00521316
7709.5,0.06136452,0.00542484
7709.75,0.05863644,0.00867132
7710,0.06796764,0.00885492
7710.25,0.05960628,0.00406944
7710.5,0.075411,0.01243944
7710.75,0.06653232,0.00933012
7711,0.08980956,0.01127628
7711.25,0.09627012,0.00853524
7711.5,0.09460044,0.01380024
7711.75,0.11392488,0.01345356
7712,0.0937548,0.00917784
7712.25,0.11263644,0.00783756
7712.5,0.14220576,0.00272592
7712.75,0.1502388,-0.00132948
7713,0.18141408,0.0004482
7713.25,0.194076,0.00173556
7713.5,0.18482796,0.00274104
7713.75,0.20638584,0.00030024
7714,0.22804092,0.00104544
7714.25,0.21418776,0.00630396
7714.5,0.20090808,0.00461268
7714.75,0.20058192,0.00089532
7715,0.21357972,0.00278964
7715.25,0.21254832,0.00406404
7715.5,0.1999296,-0.00136404
7715.75,0.20946924,0.00895428
7716,0.20477556,0.01207656
7716.25,0.20095128,0.00813456
7716.5,0.19097532,0.01510164
7716.75,0.1995894,0.01309284
7717,0.18381708,0.01774332
7717.25,0.20486304,0.02071224
7717.5,0.26390232,0.02571048
7717.75,0.31842288,0.03024648
7718,0.34745652,0.04625748
7718.25,0.38795112,0.03725028
7718.5,0.36795168,0.04192236
7718.75,0.39487824,0.04593888
7719,0.3680856,0.03214944
7719.25,0.36854676,0.03703752
7719.5,0.31877712,0.0360396
7719.75,0.32005152,0.03847176
7720,0.31947156,0.03969
7720.25,0.31753296,0.03122712
7720.5,0.28902096,0.02151144
7720.75,0.27397872,0.0187326
7721,0.26918352,0.02197692
7721.25,0.23402088,0.01585872
7721.5,0.21453444,0.01923156
7721.75,0.22012776,0.02398248
7722,0.21584124,0.04224528
7722.25,0.21573432,0.0200772
7722.5,0.18672228,0.01581336
7722.75,0.1765152,0.01390284
7723,0.19042236,0.01402164
7723.25,0.18719532,0.01123632
7723.5,0.22376628,0.009315
7723.75,0.21973788,0.01087884
7724,0.21125664,0.00488376
7724.25,0.2258388,0.01581336
7724.5,0.19309644,0.00856224
7724.75,0.18414108,0.0050814
7725,0.18165708,0.00435564
7725.25,0.15452424,0.00984636
7725.5,0.15534612,0.00348516
7725.75,0.1511244,0.00796392
7726,0.1368522,0.01118016
7726.25,0.12416436,0.01237896
7726.5,0.11053368,0.01434672
7726.75,0.0825174,0.00762912
7727,0.08219556,0.0156492
7727.25,0.07794144,0.0078462
7727.5,0.07498224,0.00382428
7727.75,0.0778356,0.00690768
7728,0.07361928,0.0083646
7728.25,0.07047432,0.00662472
7728.5,0.06572664,0.00421416
7728.75,0.06186456,0.00579744
7729,0.07740252,0.01406916
7729.25,0.06896988,0.00774576
7729.5,0.06971724,0.00715176
7729.75,0.07730424,0.00820584
7730,0.07763796,0.01176336
7730.25,0.07341408,0.00706212
7730.5,0.0728784,0.00775656
7730.75,0.07428996,0.01043604
7731,0.06676452,0.00620784
7731.25,0.07169148,0.00840888
7731.5,0.06991164,0.00784296
7731.75,0.07717788,0.0140022
7732,0.06621696,0.00677808
7732.25,0.07092144,0.00721332
7732.5,0.06354288,0.00587628
7732.75,0.06273396,0.00720468
7733,0.06547068,0.00640332
7733.25,0.062667,0.0080784
7733.5,0.0573426,0.00782892
7733.75,0.05177304,0.00871128
7734,0.05034528,0.00699084
7734.25,0.06201684,0.00761184
7734.5,0.06503112,0.00991332
7734.75,0.0625266,0.00527472
7735,0.07774272,0.01004184
7735.25,0.0916434,0.00742824
7735.5,0.10030716,0.01205496
7735.75,0.113022,0.01373976
7736,0.09712764,0.00747252
7736.25,0.11267532,0.00441396
7736.5,0.13933512,0.010179
7736.75,0.15308244,0.01283904
7737,0.17661996,0.00906984
7737.25,0.19067724,0.00689904
7737.5,0.20209824,0.01133892
7737.75,0.20863008,0.00420768
7738,0.20754576,0.01018872
7738.25,0.21014208,0.00873072
7738.5,0.1832706,0.00180792
7738.75,0.18291528,-0.00110592
7739,0.20001492,0.00250452
7739.25,0.20853612,0.00530928
7739.5,0.2197854,0.01345572
7739.75,0.19489464,0.01083564
7740,0.18496944,0.00923832
7740.25,0.17410356,0.01309932
7740.5,0.16652088,0.01589544
7740.75,0.1707426,0.01228176
7741,0.17229996,0.01400112
7741.25,0.17901864,0.01651752
7741.5,0.2322594,0.02309796
7741.75,0.27499932,0.0192078
7742,0.29506356,0.00969084
7742.25,0.31684932,0.01002996
7742.5,0.31698648,0.0066798
7742.75,0.30743712,0.01343736
7743,0.3007584,0.01919592
7743.25,0.30081996,0.02142828
7743.5,0.2615976,0.01779084
7743.75,0.24866136,0.0177066
7744,0.26647596,0.01673568
7744.25,0.28025028,0.02334312
7744.5,0.282312,0.02341548
7744.75,0.26416908,0.02541996
7745,0.26404812,0.0253314
7745.25,0.23899752,0.0227934
7745.5,0.22179096,0.02151036
7745.75,0.22714344,0.02812644
7746,0.21249756,0.02466936
7746.25,0.21426876,0.02887704
7746.5,0.19702872,0.03247236
7746.75,0.16930836,0.0242298
7747,0.1616382,0.01722492
7747.25,0.17536068,0.01233792
7747.5,0.19314612,0.01092636
7747.75,0.1879902,0.01029996
7748,0.19770048,0.01107432
7748.25,0.18838548,0.00963144
7748.5,0.17519328,0.01230984
7748.75,0.15276276,0.01093176
7749,0.14639724,0.00534924
7749.25,0.14713704,0.00924156
7749.5,0.12716892,0.00604908
7749.75,0.12033252,0.00613656
7750,0.1238544,0.0091638
7750.25,0.10959624,0.00996624
7750.5,0.096147,0.01056888
7750.75,0.08288136,0.01401732
7751,0.07738524,0.01506276
7751.25,0.083295,0.02222316
7751.5,0.08283492,0.01828548
7751.75,0.07832268,0.01680372
7752,0.07251984,0.01532412
7752.25,0.08022024,0.02030832
7752.5,0.07678152,0.01717308
7752.75,0.0756054,0.015525
7753,0.07574148,0.01368144
7753.25,0.07691544,0.01314576
7753.5,0.07550928,0.01438884
7753.75,0.07736688,0.01325592
7754,0.07443036,0.01451304
7754.25,0.07187832,0.01398168
7754.5,0.06979716,0.01445364
7754.75,0.07628256,0.01505196
7755,0.07179624,0.01217916
7755.25,0.06696108,0.0121392
7755.5,0.0673758,0.013446
7755.75,0.06539832,0.01103652
7756,0.06369408,0.00919296
7756.25,0.0653022,0.014175
7756.5,0.05886864,0.00981396
7756.75,0.05680476,0.00771552
7757,0.05999724,0.0080946
7757.25,0.06188724,0.01094472
7757.5,0.0524394,0.0093798
7757.75,0.05115744,0.00903096
7758,0.05153436,0.01030968
7758.25,0.04987656,0.00610848
7758.5,0.04919616,0.00589464
7758.75,0.0478818,0.00506844
7759,0.05111424,0.00593784
7759.25,0.05309928,0.00612144
7759.5,0.05337684,0.00599724
7759.75,0.05483484,0.00747468
7760,0.0401976,0.00563328
7760.25,0.0357102,0.00385992
7760.5,0.0401922,0.00363096
7760.75,0.04380264,0.00400356
7761,0.05459616,0.00574992
7761.25,0.06065496,0.00932796
7761.5,0.06429888,0.00941436
7761.75,0.06985656,0.01062072
7762,0.06869988,0.01065204
7762.25,0.07052724,0.0116478
7762.5,0.05023512,0.01019844
7762.75,0.058347,0.01101708
7763,0.05940324,0.01208952
7763.25,0.06653988,0.012852
7763.5,0.08450244,0.01685124
7763.75,0.07769304,0.01536624
7764,0.07983684,0.01739016
7764.25,0.08224524,0.01906956
7764.5,0.06866316,0.01037664
7764.75,0.07182,0.01268676
7765,0.05918292,0.01255824
7765.25,0.05823684,0.0120312
7765.5,0.06250284,0.00966168
7765.75,0.07722864,0.00912384
7766,0.0775494,0.00892404
7766.25,0.08825004,0.01077084
7766.5,0.07929576,0.01114452
7766.75,0.07638732,0.01087992
7767,0.08824788,0.01102464
7767.25,0.07992972,0.0127332
7767.5,0.07276284,0.01390716
7767.75,0.07792956,0.01594728
7768,0.07313652,0.01572372
7768.25,0.0746226,0.01569348
7768.5,0.07198416,0.0149796
7768.75,0.0748818,0.01838484
7769,0.0778464,0.01605744
7769.25,0.07025832,0.01447632
7769.5,0.07326828,0.01169424
7769.75,0.06928092,0.01877256
7770,0.07102836,0.01503252
7770.25,0.07014276,0.01553904
7770.5,0.06710256,0.01098252
7770.75,0.06204816,0.01218672
7771,0.06849036,0.01388664
7771.25,0.0739152,0.0137646
7771.5,0.08377236,0.01885032
7771.75,0.0842994,0.01901664
7772,0.08836668,0.02244132
7772.25,0.0898128,0.01986012
7772.5,0.08576064,0.02288736
7772.75,0.09175464,0.02361096
7773,0.08886132,0.02078244
7773.25,0.08705232,0.02087856
7773.5,0.09015732,0.02566404
7773.75,0.0832842,0.01883628
7774,0.08344404,0.02367252
7774.25,0.08147304,0.01728
7774.5,0.07640892,0.01511676
7774.75,0.07947396,0.01443744
7775,0.07976772,0.01535652
7775.25,0.08525088,0.02134836
7775.5,0.0800172,0.01105704
7775.75,0.08173332,0.00983556
7776,0.07452648,0.00955152
7776.25,0.07347888,0.01084212
7776.5,0.07255116,0.01216512
7776.75,0.06724512,0.01022004
7777,0.06650208,0.0086508
7777.25,0.06836724,0.00944136
7777.5,0.07490016,0.01187568
7777.75,0.07219908,0.01105596
7778,0.07066872,0.0096066
7778.25,0.06984036,0.00878796
7778.5,0.06938352,0.00773064
7778.75,0.07130484,0.00872316
7779,0.06503544,0.00930636
7779.25,0.07111908,0.01140048
7779.5,0.06982848,0.0100656
7779.75,0.06619644,0.01063152
7780,0.06430104,0.01042848
7780.25,0.0648162,0.01146528
7780.5,0.0624456,0.00876312
7780.75,0.06218316,0.01114884
7781,0.06473844,0.01327536
7781.25,0.06437988,0.01498392
7781.5,0.05861484,0.0149202
7781.75,0.04767336,0.0142938
7782,0.05198148,0.0135324
7782.25,0.05405292,0.01098792
7782.5,0.05682312,0.0088128
7782.75,0.06228036,0.00759456
7783,0.0675216,0.01037664
7783.25,0.07085232,0.00973188
7783.5,0.06919344,0.01035072
7783.75,0.07351236,0.0105462
7784,0.05994756,0.0080514
7784.25,0.06455052,0.00909036
7784.5,0.07987356,0.0097794
7784.75,0.08998344,0.01131948
7785,0.11035224,0.01484892
7785.25,0.10933056,0.01293516
7785.5,0.11725884,0.01234656
7785.75,0.11959596,0.01624212
7786,0.11911428,0.01390068
7786.25,0.1326618,0.01963548
7786.5,0.10876356,0.01918404
7786.75,0.1060614,0.02177496
7787,0.11309004,0.01966788
7787.25,0.12101508,0.01771956
7787.5,0.13679388,0.01830816
7787.75,0.13753476,0.02258928
7788,0.13417812,0.0256014
7788.25,0.13278708,0.02759832
7788.5,0.11300904,0.02619972
7788.75,0.10944072,0.02228256
7789,0.09206244,0.01621296
7789.25,0.10120788,0.019629
7789.5,0.11991564,0.02154708
7789.75,0.13576032,0.02798172
7790,0.12530484,0.0233442
7790.25,0.12471192,0.01772388
7790.5,0.12833856,0.01556064
7790.75,0.12782016,0.02417688
7791,0.13479048,0.02505384
7791.25,0.14042052,0.02372328
7791.5,0.12503916,0.02537136
7791.75,0.11832588,0.02443716
7792,0.11612916,0.02449116
7792.25,0.12762036,0.02331396
7792.5,0.11313108,0.02158164
7792.75,0.11564424,0.0194886
7793,0.11066976,0.0179496
7793.25,0.1052622,0.01890756
7793.5,0.0984852,0.01836324
7793.75,0.09243396,0.02144664
7794,0.0961308,0.02862108
7794.25,0.09225684,0.02595672
7794.5,0.08697348,0.02346084
7794.75,0.07842312,0.01868832
7795,0.08006688,0.01340928
7795.25,0.07919856,0.019467
7795.5,0.08551764,0.01617192
7795.75,0.09358308,0.01524528
7796,0.09127404,0.01384992
7796.25,0.08637732,0.01528308
7796.5,0.08898552,0.0176526
7796.75,0.08946612,0.01909872
7797,0.0893916,0.02089152
7797.25,0.08782452,0.01764072
7797.5,0.08454456,0.01582308
7797.75,0.08900388,0.01795176
7798,0.08256924,0.02014956
7798.25,0.09186696,0.02308176
7798.5,0.08516772,0.02236248
7798.75,0.08613972,0.03206844
7799,0.09004824,0.0353052
7799.25,0.08436528,0.02086884
7799.5,0.07937244,0.0108162
7799.75,0.07294968,0.00745524
7800,0.06847308,0.00977076
7800.25,0.06927768,0.01091016
7800.5,0.0685962,0.00977616
7800.75,0.0704484,0.01129248
7801,0.06879492,0.00824256
7801.25,0.06819228,0.00920592
7801.5,0.0711288,0.01055916
7801.75,0.06954768,0.01130868
7802,0.06808212,0.00725112
7802.25,0.0680454,0.0090234
7802.5,0.06775488,0.01077948
7802.75,0.06553008,0.00914436
7803,0.0636444,0.01002564
7803.25,0.06351696,0.00768744
7803.5,0.06141096,0.00964332
7803.75,0.06445872,0.00945648
7804,0.0615492,0.01033128
7804.25,0.05966352,0.0086346
7804.5,0.0584982,0.00763668
7804.75,0.05923368,0.01043928
7805,0.06056532,0.01227528
7805.25,0.05954904,0.01192968
7805.5,0.05659956,0.01180116
7805.75,0.05024592,0.01118448
7806,0.05384772,0.0131976
7806.25,0.04973508,0.01222236
7806.5,0.04554468,0.00729216
7806.75,0.050571,0.0120204
7807,0.05168124,0.00848988
7807.25,0.05191344,0.00964764
7807.5,0.05474304,0.00840888
7807.75,0.05540508,0.0083538
7808,0.03603312,0.00807516
7808.25,0.0400788,0.00546804
7808.5,0.04337064,0.00652536
7808.75,0.05087232,0.00571752
7809,0.05357016,0.00670464
7809.25,0.05700132,0.00523908
7809.5,0.06038388,0.00796824
7809.75,0.070821,0.0094284
7810,0.06391332,0.00610092
7810.25,0.07231896,0.0080568
7810.5,0.04579632,0.0077004
7810.75,0.04898448,0.00683316
7811,0.0543564,0.0060426
7811.25,0.05658012,0.00585792
7811.5,0.06782832,0.00733536
7811.75,0.067365,0.00827388
7812,0.07441848,0.01328184
7812.25,0.0635742,0.00667008
7812.5,0.06280092,0.00660528
7812.75,0.06416388,0.00539568
7813,0.04726728,0.00496584
7813.25,0.05031936,0.00613872
7813.5,0.057375,0.00779436
7813.75,0.06315192,0.00911952
7814,0.0678402,0.00757836
7814.25,0.07257708,0.01055592
7814.5,0.06957036,0.00786996
7814.75,0.07201872,0.01280556
7815,0.06960924,0.01299564
7815.25,0.07728264,0.01224072
7815.5,0.05734152,0.01058724
7815.75,0.05878008,0.00934524
7816,0.06214968,0.00541404
7816.25,0.06203412,0.00897912
7816.5,0.05950584,0.00766476
7816.75,0.05796576,0.01070712
7817,0.05848092,0.00637956
7817.25,0.0667008,0.00667224
7817.5,0.06928308,0.01072764
7817.75,0.06858648,0.01093284
7818,0.0676566,0.0063936
7818.25,0.06439392,0.0087912
7818.5,0.0624726,0.01083996
7818.75,0.06368436,0.01678752
7819,0.0577206,0.00947808
7819.25,0.05941188,0.00862596
7819.5,0.0747036,0.00909144
7819.75,0.07965,0.00742392
7820,0.08290836,0.0170964
7820.25,0.08967132,0.02278692
7820.5,0.089802,0.02705184
7820.75,0.07311816,0.0109134
7821,0.07693596,0.01079568
7821.25,0.07227792,0.0090342
7821.5,0.07161912,0.00439992
7821.75,0.08048592,0.01030212
7822,0.07408692,0.00649836
7822.25,0.06875496,0.00681588
7822.5,0.06644484,0.00785592
7822.75,0.06777,0.00768096
7823,0.07389468,0.00887868
7823.25,0.0743094,0.00891324
7823.5,0.07131024,0.00612144
7823.75,0.07737876,0.00761724
7824,0.06864156,0.00702
7824.25,0.07138368,0.00848232
7824.5,0.06354828,0.00586224
7824.75,0.0627318,0.00651348
7825,0.06962868,0.01265112
7825.25,0.06832404,0.00568296
7825.5,0.06981012,0.0087318
7825.75,0.07441416,0.01638144
7826,0.0708804,0.01149984
7826.25,0.06999372,0.01168776
7826.5,0.0682398,0.01146204
7826.75,0.06566076,0.01176444
7827,0.065799,0.01041876
7827.25,0.0641088,0.008127
7827.5,0.06416604,0.00890784
7827.75,0.06591672,0.00900072
7828,0.06099624,0.00841644
7828.25,0.06320052,0.01052244
7828.5,0.03981744,0.00787104
7828.75,0.05690088,0.00761292
7829,0.0604908,0.00946836
7829.25,0.06391116,0.01237464
7829.5,0.05191236,0.00996948
7829.75,0.05114448,0.01943136
7830,0.04792284,0.01200204
7830.25,0.04754916,0.00977184
7830.5,0.04746168,0.00700272
7830.75,0.046548,0.00532116
7831,0.04821768,0.00730512
7831.25,0.05275152,0.00882576
7831.5,0.04776192,0.00725652
7831.75,0.0428328,0.00784512
7832,0.03286332,0.0080946
7832.25,0.03348216,0.00739476
7832.5,0.0362934,0.00833868
7832.75,0.04145364,0.0049734
7833,0.0481032,0.00869724
7833.25,0.04725324,0.00819828
7833.5,0.05421708,0.00910656
7833.75,0.0553932,0.00688392
7834,0.05932872,0.00861516
7834.25,0.0480222,0.00596052
7834.5,0.0373518,0.00724464
7834.75,0.04334688,0.0053352
7835,0.04735584,0.00432108
7835.25,0.050814,0.0047412
7835.5,0.06631092,0.00409536
7835.75,0.06277824,0.00625428
7836,0.059346,0.00587088
7836.25,0.06549012,0.00634176
7836.5,0.05946048,0.00550152
7836.75,0.06388956,0.00568404
7837,0.04826628,0.00313416
7837.25,0.04814208,0.0037422
7837.5,0.0543024,0.00365256
7837.75,0.06118632,0.005643
7838,0.06046056,0.00441288
7838.25,0.06380964,0.00612252
7838.5,0.0579042,0.00375732
7838.75,0.0616896,0.00428004
7839,0.06474168,0.00397116
7839.25,0.05546016,0.00392796
7839.5,0.0493938,0.00394632
7839.75,0.05400756,0.00513864
7840,0.05486184,0.00532332
7840.25,0.05559732,0.0059886
7840.5,0.05620968,0.00506412
7840.75,0.05081724,0.00642924
7841,0.06319512,0.00662364
7841.25,0.05719032,0.00571428
7841.5,0.05791932,0.00526824
7841.75,0.05474412,0.0057672
7842,0.05494392,0.0053298
7842.25,0.05510052,0.00770688
7842.5,0.0485244,0.0077544
7842.75,0.05032476,0.00740232
7843,0.05676912,0.00859896
7843.25,0.05719896,0.00681912
7843.5,0.0660528,0.00587088
7843.75,0.07614432,0.01185732
7844,0.06655068,0.0075114
7844.25,0.06607224,0.01256148
7844.5,0.06447168,0.00866268
7844.75,0.06647508,0.009666
7845,0.07238592,0.01219212
7845.25,0.06770196,0.00862056
7845.5,0.06837372,0.00937116
7845.75,0.06463368,0.00768312
7846,0.06783048,0.01165752
7846.25,0.06830784,0.0104328
7846.5,0.0630612,0.01384344
7846.75,0.07149384,0.01320516
7847,0.0689958,0.01257552
7847.25,0.06407316,0.00977076
7847.5,0.0732726,0.01030536
7847.75,0.0746226,0.01105056
7848,0.07161264,0.01913004
7848.25,0.0635742,0.008073
7848.5,0.06631848,0.01446336
7848.75,0.05662872,0.00877824
7849,0.0718092,0.015606
7849.25,0.06425784,0.01074276
7849.5,0.06757776,0.01115964
7849.75,0.06833268,0.01133352
7850,0.06451596,0.01202364
7850.25,0.06200064,0.0105732
7850.5,0.06702912,0.01112832
7850.75,0.06509268,0.01022976
7851,0.05980608,0.01152252
7851.25,0.06210324,0.01336608
7851.5,0.06174684,0.01203984
7851.75,0.06427512,0.00962172
7852,0.05955228,0.00898344
7852.25,0.06015816,0.00743796
7852.5,0.057591,0.00819072
7852.75,0.05994108,0.0107082
7853,0.05984388,0.0113724
7853.25,0.0534492,0.0112374
7853.5,0.04916808,0.01419336
7853.75,0.04927284,0.01801008
7854,0.05491476,0.01751328
7854.25,0.05631444,0.01154844
7854.5,0.05735124,0.01003428
7854.75,0.0607284,0.00874044
7855,0.07249608,0.0115938
7855.25,0.08254008,0.01373004
7855.5,0.0864594,0.01125468
7855.75,0.10279764,0.0118746
7856,0.09135288,0.00690228
7856.25,0.11168928,0.00984744
7856.5,0.12002904,0.00709344
7856.75,0.1350918,0.00414288
7857,0.14752368,0.00513864
7857.25,0.16401312,0.00436428
7857.5,0.16780716,0.00637092
7857.75,0.1742472,0.01458216
7858,0.17247816,0.0060102
7858.25,0.17719236,0.0072144
7858.5,0.1501362,0.0082404
7858.75,0.15046344,0.0046602
7859,0.16991316,0.00540324
7859.25,0.1924722,0.00525204
7859.5,0.18836388,0.0089424
7859.75,0.19713672,0.01732428
7860,0.19027224,0.01983204
7860.25,0.18359568,0.02240244
7860.5,0.18181476,0.02311308
7860.75,0.18663372,0.01956744
7861,0.19656972,0.02806272
7861.25,0.22949352,0.0349542
7861.5,0.26895888,0.02754648
7861.75,0.30911652,0.02611872
7862,0.31217616,0.02160216
7862.25,0.32114556,0.01983312
7862.5,0.31667652,0.01594728
7862.75,0.30967056,0.0175446
7863,0.306585,0.02214324
7863.25,0.3128274,0.02507328
7863.5,0.30866076,0.02972916
7863.75,0.29959416,0.03363984
7864,0.29720628,0.02650968
7864.25,0.29672028,0.02568456
7864.5,0.2984634,0.02458728
7864.75,0.278532,0.02781
7865,0.27016848,0.02446308
7865.25,0.25511328,0.02067552
7865.5,0.2192832,0.01516968
7865.75,0.21576132,0.02308608
7866,0.21187764,0.0379188
7866.25,0.19757304,0.02674188
7866.5,0.17521056,0.02610792
7866.75,0.17375472,0.01420416
7867,0.17844948,0.01213596
7867.25,0.19080036,0.01480248
7867.5,0.19313424,0.01556172
7867.75,0.20842272,0.01290384
7868,0.1918836,0.01890972
7868.25,0.20352492,0.02552364
7868.5,0.17246412,0.02129004
7868.75,0.15510312,0.01989576
7869,0.16146756,0.01870344
7869.25,0.14888556,0.01962792
7869.5,0.13732308,0.01319544
7869.75,0.12709656,0.01268784
7870,0.12248928,0.014904
7870.25,0.12141036,0.02382588
7870.5,0.1111482,0.02652804
7870.75,0.09133344,0.02413476
7871,0.0776088,0.01102248
7871.25,0.0766746,0.00904824
7871.5,0.07489584,0.00915948
7871.75,0.0758322,0.01125576
7872,0.06892452,0.01123848
7872.25,0.06184836,0.00948672
7872.5,0.06077916,0.00832464
7872.75,0.05861808,0.01043712
7873,0.06169176,0.01088748
7873.25,0.06216372,0.01226016
7873.5,0.06584976,0.01108836
7873.75,0.06693084,0.00803844
7874,0.06356016,0.01032696
7874.25,0.0622188,0.00943056
7874.5,0.06518124,0.011016
7874.75,0.06726996,0.01435644
7875,0.06470928,0.01619784
7875.25,0.06443388,0.01517292
7875.5,0.06043788,0.0088074
7875.75,0.05866992,0.00893376
7876,0.05855976,0.010233
7876.25,0.0608634,0.01170072
7876.5,0.06249204,0.01449468
7876.75,0.05774868,0.0105192
7877,0.06021864,0.0109566
7877.25,0.054999,0.01282932
7877.5,0.0560466,0.01295676
7877.75,0.04545288,0.0138402
7878,0.05388984,0.01271376
7878.25,0.06042492,0.00920268
7878.5,0.05299884,0.0061398
7878.75,0.0577152,0.00603936
7879,0.0603774,0.0041256
7879.25,0.08363196,0.00672516
7879.5,0.08942184,0.00642708
7879.75,0.1041012,0.00738396
7880,0.1073898,0.00970056
7880.25,0.1137348,0.00552204
7880.5,0.1410696,0.01142532
7880.75,0.15406092,-0.00068904
7881,0.1784214,0.00408024
7881.25,0.1928124,0.00939816
7881.5,0.1982286,0.00732024
7881.75,0.21085812,0.007155
7882,0.22209984,0.0087858
7882.25,0.229689,0.01382508
7882.5,0.22256424,0.0095526
7882.75,0.2234466,0.00760968
7883,0.24463512,0.01138968
7883.25,0.23618304,0.0130032
7883.5,0.26568864,0.02127924
7883.75,0.27799416,0.0215568
7884,0.26824716,0.02264112
7884.25,0.26140536,0.03019572
7884.5,0.26404164,0.02886084
7884.75,0.27654912,0.02851092
7885,0.27431568,0.03472416
7885.25,0.3067632,0.02865132
7885.5,0.36180756,0.03615732
7885.75,0.43004844,0.03346596
7886,0.44931132,0.03193992
7886.25,0.47827908,0.02658096
7886.5,0.4551174,0.02673756
7886.75,0.44474616,0.02541456
7887,0.42198948,0.02108916
7887.25,0.39983004,0.02017008
7887.5,0.37323072,0.02454732
7887.75,0.38374884,0.03077352
7888,0.37808316,0.03873204
7888.25,0.35064036,0.03998376
7888.5,0.34916184,0.04023972
7888.75,0.36341676,0.04088448
7889,0.36581328,0.03273804
7889.25,0.3324132,0.03388176
7889.5,0.3150468,0.03880656
7889.75,0.28074492,0.04057992
7890,0.25793856,0.04326588
7890.25,0.26770608,0.03661848
7890.5,0.23823504,0.03229416
7890.75,0.21400632,0.03207816
7891,0.23063184,0.03017952
7891.25,0.23010264,0.02520288
7891.5,0.27816696,0.02034612
7891.75,0.28469556,0.02006856
7892,0.26908092,0.03016224
7892.25,0.26224452,0.01752192
7892.5,0.25902828,0.01964196
7892.75,0.23792184,0.0130032
7893,0.21086784,0.01390284
7893.25,0.18912636,0.00854928
7893.5,0.16800156,0.00475524
7893.75,0.13786956,0.01187892
7894,0.12255516,0.01090908
7894.25,0.1085346,0.01315332
7894.5,0.0979506,0.01658124
7894.75,0.09079992,0.01932984
7895,0.08400456,0.01748736
7895.25,0.08705124,0.01857924
7895.5,0.08198604,0.01669356
7895.75,0.08347212,0.01496664
7896,0.08384796,0.01638576
7896.25,0.07700292,0.01633824
7896.5,0.07785936,0.01883736
7896.75,0.07600932,0.01816668
7897,0.07407828,0.016821
7897.25,0.07576092,0.01786104
7897.5,0.0748224,0.01780056
7897.75,0.07850844,0.01451412
7898,0.07525548,0.01626156
7898.25,0.07943616,0.0175068
7898.5,0.07886484,0.02032776
7898.75,0.08400132,0.0269946
7899,0.0746928,0.01669032
7899.25,0.0820206,0.02439396
7899.5,0.07550496,0.01761696
7899.75,0.07555788,0.0196074
7900,0.07201548,0.01860516
7900.25,0.07078536,0.0178632
7900.5,0.069849,0.01701324
7900.75,0.0687204,0.01697328
7901,0.07252524,0.01897236
7901.25,0.07043652,0.018846
7901.5,0.06001236,0.02128896
7901.75,0.06488316,0.01979856
7902,0.05877468,0.0156006
7902.25,0.07357716,0.02575908
7902.5,0.06985764,0.01868292
7902.75,0.06711444,0.01507032
7903,0.082728,0.02221236
7903.25,0.0908658,0.014661
7903.5,0.11346048,0.02116584
7903.75,0.12271068,0.0158652
7904,0.1242108,0.0245106
7904.25,0.14971176,0.01370304
7904.5,0.1716498,0.02067552
7904.75,0.19145376,0.02005344
7905,0.20253888,0.0204498
7905.25,0.2283552,0.02832408
7905.5,0.2307528,0.02484972
7905.75,0.24365448,0.02454192
7906,0.25078896,0.03184164
7906.25,0.26288388,0.02862864
7906.5,0.24251832,0.02677968
7906.75,0.22035996,0.0229014
7907,0.25253424,0.01882548
7907.25,0.271755,0.02398896
7907.5,0.27079056,0.02340036
7907.75,0.2573478,0.02417256
7908,0.23844456,0.01500768
7908.25,0.23800068,0.02189484
7908.5,0.23300028,0.025893
7908.75,0.2543454,0.03165588
7909,0.25024572,0.01917216
7909.25,0.2901906,0.03187404
7909.5,0.35354988,0.03211164
7909.75,0.40251924,0.02685636
7910,0.4161402,0.019197
7910.25,0.44489628,0.02100276
7910.5,0.4529142,0.0263088
7910.75,0.4510242,0.02527524
7911,0.44809308,0.02904876
7911.25,0.43183692,0.03413556
7911.5,0.37344024,0.02768256
7911.75,0.33836508,0.02044764
7912,0.3392064,0.02968488
7912.25,0.31303044,0.02739204
7912.5,0.30388716,0.02726892
7912.75,0.3047058,0.03591972
7913,0.3096954,0.03304368
7913.25,0.31408776,0.0387126
7913.5,0.30512592,0.0443448
7913.75,0.32333796,0.04832028
7914,0.32226768,0.05047272
7914.25,0.334395,0.04966596
7914.5,0.28294596,0.03792744
7914.75,0.281178,0.02134512
7915,0.27274968,0.03113856
7915.25,0.27583848,0.0245646
7915.5,0.24210036,0.02448684
7915.75,0.27275724,0.01934064
7916,0.24883848,0.01213272
7916.25,0.23211684,0.00978804
7916.5,0.21369744,0.01340928
7916.75,0.20893788,0.01115532
7917,0.1929204,0.01400004
7917.25,0.17343936,0.01226988
7917.5,0.17216064,0.01485432
7917.75,0.14427936,0.01013796
7918,0.12195252,0.01066824
7918.25,0.11332008,0.01353348
7918.5,0.09479592,0.01314144
7918.75,0.08028936,0.01206468
7919,0.08467308,0.01354104
7919.25,0.08733744,0.01458972
7919.5,0.07881516,0.00761508
7919.75,0.08302068,0.01124496
7920,0.07128972,0.00953748
7920.25,0.07480296,0.00955908
7920.5,0.07039116,0.01077516
7920.75,0.07547796,0.0127224
7921,0.07818336,0.01476468
7921.25,0.08076024,0.01718172
7921.5,0.08029044,0.01809324
7921.75,0.08040924,0.01797768
7922,0.08134668,0.01622484
7922.25,0.07508808,0.01290492
7922.5,0.07479432,0.01554876
7922.75,0.07551036,0.01225152
7923,0.076005,0.01855224
7923.25,0.0690444,0.0128466
7923.5,0.0747846,0.01179252
7923.75,0.0734724,0.01141344
7924,0.0739584,0.01934172
7924.25,0.06969564,0.01336932
7924.5,0.06487992,0.01191888
7924.75,0.06866964,0.01108512
7925,0.071901,0.01739016
7925.25,0.06670404,0.01113264
7925.5,0.05930604,0.01398276
7925.75,0.05021568,0.01076544
7926,0.06023484,0.01449576
7926.25,0.064449,0.00958392
7926.5,0.0613548,0.0094338
7926.75,0.06752484,0.00874908
7927,0.0798606,0.00726624
7927.25,0.08591832,0.01339092
7927.5,0.1134594,0.01170396
7927.75,0.1392552,0.02126844
7928,0.11875572,0.0065232
7928.25,0.16224732,0.01490508
7928.5,0.19630296,0.0195804
7928.75,0.21478068,0.01891944
7929,0.25495128,0.02662848
7929.25,0.26869644,0.02209572
7929.5,0.2888082,0.02414232
7929.75,0.3075408,0.02256552
7930,0.31349808,0.02555712
7930.25,0.31802004,0.02498256
7930.5,0.30864564,0.02387772
7930.75,0.31897584,0.0213354
7931,0.35006688,0.02073168
7931.25,0.35619588,0.0217404
7931.5,0.35982144,0.02594268
7931.75,0.3810942,0.03804192
7932,0.35972964,0.02733588
7932.25,0.32028156,0.03258792
7932.5,0.32078376,0.0431676
7932.75,0.32434236,0.03520476
7933,0.33120036,0.04386636
7933.25,0.3658986,0.05078052
7933.5,0.42277896,0.0567
7933.75,0.50983344,0.04925124
7934,0.51701436,0.04488372
7934.25,0.53637876,0.0500148
7934.5,0.56214108,0.04736664
7934.75,0.53955288,0.04799196
7935,0.54429084,0.05395464
7935.25,0.50009832,0.05561244
7935.5,0.43696368,0.05187456
7935.75,0.41601708,0.0536814
7936,0.41439276,0.0436806
7936.25,0.41959944,0.05193288
7936.5,0.40473756,0.04770792
7936.75,0.39780396,0.04610412
7937,0.406836,0.04224636
7937.25,0.39059712,0.044901
7937.5,0.38305116,0.04542804
7937.75,0.36897876,0.04444632
7938,0.3567294,0.0491508
7938.25,0.31474116,0.04278852
7938.5,0.29853252,0.03715308
7938.75,0.27180036,0.0238356
7939,0.27911736,0.03219372
7939.25,0.27237708,0.03317652
7939.5,0.29769228,0.02457108
7939.75,0.29409048,0.01890756
7940,0.2931606,0.01923372
7940.25,0.27581688,0.02133108
7940.5,0.27631152,0.02079
7940.75,0.26702244,0.02298132
7941,0.22857444,0.01785996
7941.25,0.20626488,0.01719252
7941.5,0.19286856,0.01600344
7941.75,0.18838872,0.01685772
7942,0.15370776,0.008505
7942.25,0.12991428,0.00373248
7942.5,0.104166,0.00841644
7942.75,0.08582868,0.00803628
7943,0.08612892,0.01165752
7943.25,0.08457048,0.01469988
7943.5,0.08934732,0.01574316
7943.75,0.08859456,0.01438668
7944,0.08376804,0.01230552
7944.25,0.0809352,0.01315764
7944.5,0.0770742,0.01319868
7944.75,0.07232004,0.01387368
7945,0.080298,0.01727676
7945.25,0.07831728,0.01434564
7945.5,0.078273,0.01417932
7945.75,0.0809946,0.01555092
7946,0.08169012,0.01505736
7946.25,0.08174736,0.01712448
7946.5,0.08072784,0.01533924
7946.75,0.08194608,0.01415124
7947,0.07798464,0.01268028
7947.25,0.07560864,0.01315872
7947.5,0.0796446,0.01227852
7947.75,0.0805626,0.0147528
7948,0.07658496,0.01341036
7948.25,0.07685388,0.0158868
7948.5,0.07720488,0.0155142
7948.75,0.07369812,0.01721196
7949,0.07745976,0.01375164
7949.25,0.0708426,0.016011
7949.5,0.06422436,0.01873476
7949.75,0.05853492,0.01369548
7950,0.06587244,0.01071576
7950.25,0.06221556,0.0089694
7950.5,0.0677322,0.00932796
7950.75,0.06493824,0.01282176
7951,0.08105508,0.01419552
7951.25,0.10515636,0.01620432
7951.5,0.14467356,0.02713284
7951.75,0.1924452,0.03056292
7952,0.20460384,0.030861
7952.25,0.25763832,0.02475252
7952.5,0.29592648,0.0254124
7952.75,0.33301044,0.02711772
7953,0.36722268,0.03010716
7953.25,0.40986648,0.03321864
7953.5,0.44038404,0.0365472
7953.75,0.45653112,0.03510756
7954,0.44758872,0.03346164
7954.25,0.43832556,0.03519936
7954.5,0.4022622,0.02887056
7954.75,0.404838,0.03449628
7955,0.4201524,0.03391416
7955.25,0.41606352,0.03604932
7955.5,0.40318452,0.0443664
7955.75,0.37813608,0.04559436
7956,0.35779752,0.04356936
7956.25,0.32655312,0.05029344
7956.5,0.3319488,0.05302908
7956.75,0.33877656,0.0684126
7957,0.34155324,0.05872068
7957.25,0.35146008,0.06139908
7957.5,0.40701528,0.05912676
7957.75,0.4844502,0.06576336
7958,0.50161464,0.05886432
7958.25,0.57664656,0.05495472
7958.5,0.58401648,0.05655744
7958.75,0.58454784,0.0574992
7959,0.57591216,0.05742576
7959.25,0.54084672,0.05258844
7959.5,0.49742748,0.04793256
7959.75,0.47436732,0.04761612
7960,0.4878144,0.04787532
7960.25,0.45428148,0.0470934
7960.5,0.42988752,0.04546476
7960.75,0.42923736,0.04588812
7961,0.42656328,0.05423328
7961.25,0.39140928,0.0466344
7961.5,0.38030256,0.03934548
7961.75,0.36293724,0.03788748
7962,0.38755584,0.05628852
7962.25,0.3619242,0.05384232
7962.5,0.33260112,0.04283172
7962.75,0.30368736,0.03278232
7963,0.29952504,0.03621672
7963.25,0.31099032,0.0354348
7963.5,0.30111912,0.02937708
7963.75,0.31066956,0.0332478
7964,0.30375864,0.03256848
7964.25,0.30092688,0.0357156
7964.5,0.27076464,0.03034152
7964.75,0.25860816,0.02985444
7965,0.23390424,0.02714148
7965.25,0.2049192,0.02448792
7965.5,0.19721556,0.02365632
7965.75,0.15920712,0.01786968
7966,0.14883804,0.02136672
7966.25,0.11974716,0.0228528
7966.5,0.10222416,0.0166374
7966.75,0.09299016,0.01696572
7967,0.10010952,0.02964924
7967.25,0.10240992,0.02975832
7967.5,0.100791,0.02770524
7967.75,0.10032768,0.02855304
7968,0.09789552,0.02774088
7968.25,0.09582516,0.0255636
7968.5,0.0906282,0.02307852
7968.75,0.09250956,0.02030724
7969,0.0919404,0.02574288
7969.25,0.09885456,0.0279234
7969.5,0.0962712,0.02654964
7969.75,0.09742572,0.02657664
7970,0.08883324,0.02482812
7970.25,0.09286272,0.0237546
7970.5,0.08983656,0.01846368
7970.75,0.0851634,0.02205576
7971,0.08189316,0.02106972
7971.25,0.07836372,0.01536516
7971.5,0.0817506,0.01516644
7971.75,0.08468388,0.01639332
7972,0.07886376,0.01563084
7972.25,0.07387308,0.01440612
7972.5,0.07401024,0.01075464
7972.75,0.07625232,0.0115938
7973,0.0787374,0.01243944
7973.25,0.06414552,0.01095228
7973.5,0.05981364,0.0136512
7973.75,0.05836968,0.012879
7974,0.0593622,0.01254744
7974.25,0.06091848,0.01306476
7974.5,0.05669892,0.00913572
7974.75,0.06641136,0.01203012
7975,0.06512616,0.01177416
7975.25,0.07776756,0.01123956
7975.5,0.08170416,0.01306476
7975.75,0.08116308,0.01706184
7976,0.0789588,0.02681748
7976.25,0.08043624,0.0216972
7976.5,0.09459828,0.0225126
7976.75,0.10472544,0.02228364
7977,0.12814308,0.02363256
7977.25,0.13141548,0.02710908
7977.5,0.14499108,0.02502684
7977.75,0.14419296,0.03622212
7978,0.14361732,0.0349434
7978.25,0.15501672,0.03640248
7978.5,0.1303938,0.03517128
7978.75,0.12387276,0.03509244
7979,0.1330938,0.033129
7979.25,0.12625956,0.03370032
7979.5,0.13206024,0.03927852
7979.75,0.1320516,0.04076136
7980,0.12355092,0.04157244
7980.25,0.119097,0.03911652
7980.5,0.11014272,0.04382316
7980.75,0.11239236,0.0396036
7981,0.10069056,0.03578796
7981.25,0.10489608,0.0374868
7981.5,0.12222252,0.03703644
7981.75,0.1268082,0.03447144
7982,0.13655304,0.03421116
7982.25,0.14161716,0.03185568
7982.5,0.14793408,0.03671568
7982.75,0.14888016,0.0353808
7983,0.15370128,0.03335364
7983.25,0.15530832,0.03208464
7983.5,0.12381228,0.0268488
7983.75,0.12772188,0.02603988
7984,0.13716432,0.02873448
7984.25,0.14107932,0.02563056
7984.5,0.12470652,0.02431296
7984.75,0.1241892,0.0251046
7985,0.1268028,0.03028212
7985.25,0.13013568,0.03194424
7985.5,0.13367376,0.03091068
7985.75,0.13044132,0.03582144
7986,0.11388384,0.03174984
7986.25,0.1125468,0.02684448
7986.5,0.09913752,0.02858436
7986.75,0.09696348,0.02661768
7987,0.1008612,0.02563812
7987.25,0.09627876,0.02199096
7987.5,0.111645,0.02559384
7987.75,0.1200798,0.02374488
7988,0.12431448,0.02573316
7988.25,0.11923956,0.02136564
7988.5,0.1174122,0.0256986
7988.75,0.11458368,0.02588544
7989,0.12314916,0.0326322
7989.25,0.12344184,0.03217428
7989.5,0.1139184,0.03442284
7989.75,0.1185678,0.03540456
7990,0.11319804,0.03930444
7990.25,0.11068272,0.03589056
7990.5,0.11084364,0.03470904
7990.75,0.10764684,0.03282768
7991,0.11140308,0.03244104
7991.25,0.11805156,0.03964032
7991.5,0.11056716,0.03187512
7991.75,0.10243044,0.02321784
7992,0.09613728,0.02265408
7992.25,0.09203544,0.02475684
7992.5,0.09343296,0.02775924
7992.75,0.08986464,0.02480004
7993,0.0914814,0.02510568
7993.25,0.09102672,0.0265194
7993.5,0.08897364,0.0223884
7993.75,0.08780832,0.02074464
7994,0.08705016,0.0229716
7994.25,0.09109584,0.02138292
7994.5,0.09160776,0.01375272
7994.75,0.0884844,0.01356156
7995,0.08136828,0.01191348
7995.25,0.08427672,0.0128466
7995.5,0.08434152,0.014418
7995.75,0.07864992,0.01284552
7996,0.08142228,0.0150552
7996.25,0.08180244,0.01577448
7996.5,0.07671132,0.01374624
7996.75,0.07270884,0.01260684
7997,0.07780212,0.01458324
7997.25,0.07034688,0.01467396
7997.5,0.0668952,0.01816992
7997.75,0.0694332,0.0158976
7998,0.07047756,0.01310256
7998.25,0.07403616,0.01637604
7998.5,0.1078326,0.01867104
7998.75,0.14351364,0.02330532
7999,0.151929,0.02310768
7999.25,0.15543252,0.0195372
7999.5,0.14842008,0.02743524
7999.75,0.15962724,0.02713068
8000,0.11321748,0.01978668
8000.25,0.12057876,0.02051028
8000.5,0.12637728,0.02225232
8000.75,0.14882724,0.02859624
8001,0.14612616,0.02587896
8001.25,0.15860124,0.02448144
8001.5,0.18311616,0.02733696
8001.75,0.18535176,0.02770956
8002,0.17866224,0.02587572
8002.25,0.18627084,0.0265842
8002.5,0.14745672,0.02459376
8002.75,0.14384736,0.022518
8003,0.16986348,0.0203958
8003.25,0.18728712,0.02056212
8003.5,0.20420316,0.02612196
8003.75,0.20684808,0.02814156
8004,0.17519328,0.02732724
8004.25,0.16424424,0.03370788
8004.5,0.16295364,0.03458808
8004.75,0.17157852,0.02739852
8005,0.14777424,0.02647512
8005.25,0.14572224,0.02718468
8005.5,0.17535528,0.02887488
8005.75,0.19387836,0.02470716
8006,0.19083276,0.02615004
8006.25,0.1951344,0.02202444
8006.5,0.19259424,0.01975644
8006.75,0.19511388,0.01895076
8007,0.19041048,0.01674972
8007.25,0.17779176,0.01508868
8007.5,0.15348312,0.01319004
8007.75,0.15801804,0.0131166
8008,0.16018452,0.016659
8008.25,0.17641152,0.0183654
8008.5,0.16381332,0.0135864
8008.75,0.157356,0.01482408
8009,0.16131204,0.02295972
8009.25,0.13426884,0.02492748
8009.5,0.12390408,0.02650968
8009.75,0.09454104,0.02685312
8010,0.09242424,0.02778084
8010.25,0.08486856,0.02424816
8010.5,0.08274744,0.0211626
8010.75,0.0857196,0.02415528
8011,0.09214776,0.0255258
8011.25,0.0954612,0.02195424
8011.5,0.12549924,0.02431836
8011.75,0.12495492,0.02262276
8012,0.1193022,0.02292624
8012.25,0.12953952,0.02543292
8012.5,0.1195452,0.01918296
8012.75,0.109026,0.01320192
8013,0.1047978,0.01373544
8013.25,0.09633924,0.01458756
8013.5,0.09256896,0.01612116
8013.75,0.09470844,0.01460052
8014,0.09524736,0.01598292
8014.25,0.0968166,0.01586088
8014.5,0.0907632,0.01716768
8014.75,0.09306684,0.01806192
8015,0.09306144,0.0197856
8015.25,0.09675828,0.01865808
8015.5,0.10050372,0.0286146
8015.75,0.09422892,0.02266704
8016,0.0854172,0.02433672
8016.25,0.0837108,0.0215082
8016.5,0.07808832,0.02126412
8016.75,0.07295724,0.02056212
8017,0.08018352,0.02062044
8017.25,0.08055396,0.01836756
8017.5,0.0800388,0.0183384
8017.75,0.07710336,0.0173556
8018,0.07677396,0.01765044
8018.25,0.07857108,0.01782972
8018.5,0.07638732,0.01867968
8018.75,0.08027748,0.01776816
8019,0.06905412,0.01685124
8019.25,0.07261812,0.01763964
8019.5,0.07810236,0.01864944
8019.75,0.0761508,0.0179982
8020,0.07767252,0.0195804
8020.25,0.0729216,0.0174798
8020.5,0.07014384,0.01937736
8020.75,0.06772032,0.01562652
8021,0.07310412,0.01778976
8021.25,0.06905736,0.02282904
8021.5,0.06496092,0.02921832
8021.75,0.05445252,0.01832544
8022,0.06110424,0.02083968
8022.25,0.06077376,0.01577988
8022.5,0.06294672,0.01588572
8022.75,0.06581736,0.01609848
8023,0.07949124,0.01287036
8023.25,0.09216936,0.01472256
8023.5,0.12138444,0.0168426
8023.75,0.15615288,0.02066148
8024,0.13903056,0.01805436
8024.25,0.14858532,0.01690092
8024.5,0.1913922,0.01822716
8024.75,0.19710972,0.01741068
8025,0.20278296,0.01755
8025.25,0.23442912,0.01622052
8025.5,0.27191808,0.02263356
8025.75,0.29180304,0.02006856
8026,0.29728836,0.02095956
8026.25,0.29487024,0.02230092
8026.5,0.2753082,0.01881252
8026.75,0.29875716,0.02335932
8027,0.32567832,0.02650428
8027.25,0.33058476,0.02563596
8027.5,0.32918832,0.02399436
8027.75,0.34166664,0.0428706
8028,0.32130972,0.05573016
8028.25,0.32917644,0.06309144
8028.5,0.29273184,0.05730696
8028.75,0.28724436,0.05980932
8029,0.28836648,0.064368
8029.25,0.32302044,0.06015276
8029.5,0.36873252,0.04911192
8029.75,0.42605892,0.04329612
8030,0.4896342,0.04770036
8030.25,0.51219432,0.051003
8030.5,0.51996924,0.05849064
8030.75,0.493533,0.04578444
8031,0.5035068,0.04887
8031.25,0.46892196,0.042714
8031.5,0.43915932,0.05118228
8031.75,0.41515308,0.04562676
8032,0.400518,0.05330772
8032.25,0.3812346,0.04640976
8032.5,0.36357444,0.04547448
8032.75,0.33709608,0.04206816
8033,0.32380884,0.04915836
8033.25,0.31082832,0.05208408
8033.5,0.30815424,0.0523314
8033.75,0.30130812,0.04917672
8034,0.29280852,0.05595264
8034.25,0.2806218,0.0606798
8034.5,0.24682644,0.06504408
8034.75,0.23545728,0.05924232
8035,0.244944,0.04290516
8035.25,0.22813056,0.02464884
8035.5,0.232875,0.03137508
8035.75,0.22485168,0.0225342
8036,0.23885388,0.0144882
8036.25,0.23909364,0.02216052
8036.5,0.20686968,0.01947996
8036.75,0.21072204,0.02241108
8037,0.18398556,0.01921428
8037.25,0.17398044,0.01016496
8037.5,0.16575624,0.00807732
8037.75,0.14453964,0.009342
8038,0.1358532,0.00999
8038.25,0.12855996,0.015093
8038.5,0.10795896,0.012447
8038.75,0.10425132,0.0155628
8039,0.0887814,0.01652292
8039.25,0.08896392,0.02207844
8039.5,0.09625284,0.02721384
8039.75,0.0960498,0.02093364
8040,0.0819072,0.01646568
8040.25,0.0820746,0.01924884
8040.5,0.08380368,0.02220912
8040.75,0.07920288,0.02297808
8041,0.08200224,0.01834056
8041.25,0.07993404,0.01666332
8041.5,0.07947396,0.01888272
8041.75,0.08724024,0.01959984
8042,0.082215,0.01743984
8042.25,0.08140392,0.01913328
8042.5,0.08083044,0.01995408
8042.75,0.08287812,0.02194992
8043,0.07697808,0.01858464
8043.25,0.08139096,0.02295324
8043.5,0.08099892,0.02313252
8043.75,0.0808002,0.02165724
8044,0.07799328,0.02119716
8044.25,0.07565724,0.02019708
8044.5,0.07387092,0.0167184
8044.75,0.07580844,0.01898316
8045,0.0718254,0.016038
8045.25,0.06953364,0.01697976
8045.5,0.06424272,0.01913652
8045.75,0.06369948,0.01964736
8046,0.06748272,0.02042064
8046.25,0.07249932,0.01775088
8046.5,0.06841584,0.0138888
8046.75,0.07539588,0.0115344
8047,0.0771876,0.01859328
8047.25,0.105273,0.02205252
8047.5,0.12509424,0.02452572
8047.75,0.15764544,0.02214756
8048,0.18235368,0.02571912
8048.25,0.19533528,0.02650212
8048.5,0.23910012,0.02810052
8048.75,0.29479464,0.0256662
8049,0.32844312,0.03051108
8049.25,0.33503976,0.02639952
8049.5,0.36405504,0.03391632
8049.75,0.3751164,0.02544372
8050,0.37677528,0.02402784
8050.25,0.37144224,0.02835324
8050.5,0.31377132,0.02692332
8050.75,0.33119928,0.02901744
8051,0.34370784,0.02790396
8051.25,0.35022888,0.02847852
8051.5,0.34116984,0.03335148
8051.75,0.32337036,0.03660228
8052,0.31574448,0.04664304
8052.25,0.32220612,0.05218992
8052.5,0.32493204,0.05339736
8052.75,0.32979096,0.06270372
8053,0.31995216,0.0514782
8053.25,0.35597556,0.04837644
8053.5,0.37341864,0.06074892
8053.75,0.42268608,0.04938408
8054,0.4414122,0.04912056
8054.25,0.46067616,0.04884408
8054.5,0.47073204,0.0494532
8054.75,0.47809656,0.04347756
8055,0.46916496,0.04561056
8055.25,0.44609184,0.04299372
8055.5,0.41887044,0.04403376
8055.75,0.42178212,0.04391928
8056,0.4383018,0.04190292
8056.25,0.39817008,0.04660416
8056.5,0.38992104,0.05286276
8056.75,0.39165228,0.0529902
8057,0.3816828,0.05048892
8057.25,0.37071432,0.05071248
8057.5,0.35333496,0.05384448
8057.75,0.31027212,0.05594724
8058,0.313821,0.06327612
8058.25,0.30908952,0.05996916
8058.5,0.27462672,0.0579096
8058.75,0.24468804,0.04829112
8059,0.24508764,0.03793176
8059.25,0.22358808,0.022788
8059.5,0.22572972,0.02739204
8059.75,0.24930288,0.01597752
8060,0.25350408,0.01775304
8060.25,0.22579452,0.01995192
8060.5,0.21214872,0.02087208
8060.75,0.18215712,0.01987092
8061,0.17972604,0.01883628
8061.25,0.15761628,0.01334772
8061.5,0.16176672,0.01933848
8061.75,0.14089464,0.0160866
8062,0.1249398,0.01113804
8062.25,0.10935324,0.01284228
8062.5,0.10734876,0.0147582
8062.75,0.08548956,0.01321488
8063,0.08453592,0.01809216
8063.25,0.09260784,0.01987308
8063.5,0.08194068,0.01300212
8063.75,0.08249364,0.013743
8064,0.07963812,0.01572264
8064.25,0.079353,0.01442016
8064.5,0.07219584,0.00831816
8064.75,0.07780428,0.0100386
8065,0.07543044,0.01039824
8065.25,0.07416468,0.009342
8065.5,0.08103888,0.01193508
8065.75,0.08019216,0.01186812
8066,0.0785646,0.01384992
8066.25,0.07664436,0.01267056
8066.5,0.07307388,0.01190808
8066.75,0.0846504,0.02139372
8067,0.07853328,0.0147528
8067.25,0.0756378,0.01484676
8067.5,0.0743796,0.01468476
8067.75,0.07606656,0.01282176
8068,0.07435584,0.01247184
8068.25,0.07030692,0.0132678
8068.5,0.0714042,0.01285092
8068.75,0.06714792,0.012582
8069,0.0705186,0.01642464
8069.25,0.06331932,0.01649484
8069.5,0.0619218,0.014769
8069.75,0.0555336,0.011097
8070,0.064017,0.01243404
8070.25,0.06506136,0.00880632
8070.5,0.06803244,0.00850716
8070.75,0.07743708,0.00794988
8071,0.0897048,0.00806544
8071.25,0.08622504,0.00694224
8071.5,0.11015892,0.007911
8071.75,0.11803104,0.00729756
8072,0.11030256,0.01201176
8072.25,0.13564476,0.00924372
8072.5,0.16300656,0.00879876
8072.75,0.18376632,0.008559
8073,0.19643904,0.00960768
8073.25,0.21499776,0.00684396
8073.5,0.23829552,0.00765828
8073.75,0.24526908,0.01397088
8074,0.25240896,0.01922832
8074.25,0.26108352,0.01693656
8074.5,0.23241276,0.01463724
8074.75,0.23410512,0.01769472
8075,0.25163568,0.0182952
8075.25,0.26446176,0.02224152
8075.5,0.2692656,0.02547072
8075.75,0.2592,0.02849796
8076,0.23199696,0.02409156
8076.25,0.22809708,0.028863
8076.5,0.22738752,0.02727324
8076.75,0.22781736,0.02987928
8077,0.22778928,0.03771036
8077.25,0.2570886,0.02801844
8077.5,0.3085128,0.03766608
8077.75,0.34481592,0.03791772
8078,0.3640788,0.0380538
8078.25,0.36696132,0.02820312
8078.5,0.38155752,0.0272862
8078.75,0.37036008,0.03541428
8079,0.35491068,0.0311148
8079.25,0.35494308,0.0329292
8079.5,0.31746708,0.02876148
8079.75,0.3128058,0.02835756
8080,0.3164886,0.02603016
8080.25,0.30950856,0.03107916
8080.5,0.29708532,0.03309984
8080.75,0.3086532,0.0347868
8081,0.3010014,0.03085776
8081.25,0.28421172,0.03087504
8081.5,0.29254068,0.03482136
8081.75,0.2689092,0.02930256
8082,0.2435454,0.04115124
8082.25,0.20868408,0.02688876
8082.5,0.19946196,0.03075732
8082.75,0.19944684,0.03327696
8083,0.20916792,0.02676672
8083.25,0.18930132,0.01786752
8083.5,0.19725876,0.01606284
8083.75,0.20374308,0.01486944
8084,0.22186548,0.01382076
8084.25,0.1937682,0.00785052
8084.5,0.19051308,0.01350972
8084.75,0.1779624,0.01180656
8085,0.15467544,0.00623052
8085.25,0.15054876,0.00586332
8085.5,0.12911724,0.00519588
8085.75,0.13394808,0.00627372
8086,0.11296584,0.00734292
8086.25,0.10549332,0.00949104
8086.5,0.09700452,0.0106326
8086.75,0.08010684,0.01301724
8087,0.0801954,0.01215864
8087.25,0.0787104,0.01242756
8087.5,0.08396676,0.01256796
8087.75,0.07951176,0.01584792
8088,0.07945344,0.01464804
8088.25,0.07819848,0.01575396
8088.5,0.0725706,0.01562112
8088.75,0.07439688,0.01570968
8089,0.0710316,0.01095984
8089.25,0.07035228,0.0113724
8089.5,0.07584516,0.0140562
8089.75,0.07372296,0.0129492
8090,0.07371108,0.01232064
8090.25,0.07281252,0.01190916
8090.5,0.07065252,0.01291572
8090.75,0.0744984,0.02256768
8091,0.07250688,0.01358748
8091.25,0.0706104,0.01333584
8091.5,0.07377264,0.01175904
8091.75,0.07154352,0.0130788
8092,0.06646752,0.01283796
8092.25,0.0693738,0.01142856
8092.5,0.0669708,0.01159164
8092.75,0.06353316,0.0128034
8093,0.06868908,0.01313496
8093.25,0.06295968,0.0115344
8093.5,0.05955336,0.01222452
8093.75,0.05431104,0.0109998
8094,0.0543348,0.00850392
8094.25,0.06876576,0.01678104
8094.5,0.06181596,0.00748656
8094.75,0.0798066,0.01238112
8095,0.0825066,0.01144476
8095.25,0.09241344,0.01236276
8095.5,0.11624688,0.0086508
8095.75,0.1039878,0.00926532
8096,0.1091826,0.00767556
8096.25,0.1108458,0.00935928
8096.5,0.15190092,0.01263924
8096.75,0.15860664,0.0107892
8097,0.17621712,0.0112698
8097.25,0.19959804,0.00830628
8097.5,0.21588228,0.00740232
8097.75,0.22624596,0.0087966
8098,0.23038344,0.00986796
8098.25,0.22259988,0.00965304
8098.5,0.2251476,0.017064
8098.75,0.21611448,0.01415124
8099,0.2297052,0.0145854
8099.25,0.23410296,0.01324728
8099.5,0.25048116,0.01549908
8099.75,0.24786216,0.02318004
8100,0.21181608,0.01285308
8100.25,0.20724336,0.01522476
8100.5,0.21166272,0.01735452
8100.75,0.22349736,0.0185382
8101,0.21946032,0.01663524
8101.25,0.24162732,0.01455408
8101.5,0.28465776,0.01810296
8101.75,0.36057312,0.02638116
8102,0.38223468,0.01419984
8102.25,0.37739736,0.01119312
8102.5,0.388503,0.01653804
8102.75,0.37996344,0.01203228
8103,0.40664052,0.02619
8103.25,0.39517848,0.0225018
8103.5,0.34608708,0.02375676
8103.75,0.33274908,0.02146824
8104,0.32316408,0.0156762
8104.25,0.31668732,0.01736532
8104.5,0.30969648,0.02508948
8104.75,0.30176172,0.01981368
8105,0.28273644,0.01767528
8105.25,0.26868672,0.02875284
8105.5,0.26573832,0.0317196
8105.75,0.27675,0.03724704
8106,0.23549508,0.03408912
8106.25,0.1947078,0.02087424
8106.5,0.17190792,0.01718388
8106.75,0.16107984,0.01964628
8107,0.17677224,0.02195532
8107.25,0.16920036,0.01170936
8107.5,0.16462764,0.00974268
8107.75,0.18202752,0.0119232
8108,0.1943244,0.01662336
8108.25,0.18612072,0.01525392
8108.5,0.17754552,0.01793232
8108.75,0.14644908,0.01306368
8109,0.14573844,0.006426
8109.25,0.1389906,0.0067284
8109.5,0.13607676,0.01254096
8109.75,0.12596364,0.01292004
8110,0.1125198,0.00598428
8110.25,0.09955872,0.00765396
8110.5,0.08885052,0.00913464
8110.75,0.0774792,0.01101276
8111,0.07811856,0.01289952
8111.25,0.07648344,0.0131436
8111.5,0.08932356,0.0172476
8111.75,0.08601336,0.01894428
8112,0.0747846,0.01461564
8112.25,0.07755156,0.01438776
8112.5,0.07054992,0.0143856
8112.75,0.07795116,0.01533924
8113,0.07522956,0.01437372
8113.25,0.07479216,0.01590084
8113.5,0.07531596,0.01583712
8113.75,0.07349292,0.01640736
8114,0.07464852,0.01636092
8114.25,0.07625556,0.01734696
8114.5,0.07255116,0.01565244
8114.75,0.07830324,0.0194724
8115,0.06909408,0.0158706
8115.25,0.07100568,0.01791072
8115.5,0.07550064,0.01329696
8115.75,0.06923232,0.01425708
8116,0.07139448,0.01239732
8116.25,0.06421464,0.01137672
8116.5,0.06640704,0.01428192
8116.75,0.06534216,0.01389312
8117,0.06788772,0.01290168
8117.25,0.05953932,0.01516104
8117.5,0.05944968,0.01421496
8117.75,0.0530928,0.0131166
8118,0.06118308,0.01577772
8118.25,0.06324156,0.01222884
8118.5,0.07192476,0.01243188
8118.75,0.06481512,0.0111888
8119,0.07928388,0.01209168
8119.25,0.09547632,0.00904392
8119.5,0.11423268,0.01148796
8119.75,0.1349568,0.0163134
8120,0.1254042,0.01503036
8120.25,0.14646096,0.01099224
8120.5,0.16935372,0.01034748
8120.75,0.1892214,0.00999108
8121,0.22251024,0.02366604
8121.25,0.22014072,0.02373192
8121.5,0.25347384,0.02391336
8121.75,0.2659554,0.02334636
8122,0.28200852,0.02322432
8122.25,0.28644408,0.02266488
8122.5,0.26635932,0.02006532
8122.75,0.26664012,0.02209248
8123,0.28570644,0.02886516
8123.25,0.28780272,0.02485512
8123.5,0.27847368,0.0230796
8123.75,0.31241268,0.0369684
8124,0.2968164,0.03855276
8124.25,0.29030184,0.0401004
8124.5,0.27944028,0.0406782
8124.75,0.28145988,0.04207356
8125,0.26293464,0.03520584
8125.25,0.29928528,0.04266108
8125.5,0.32561568,0.03994056
8125.75,0.33040656,0.03591216
8126,0.34015464,0.03350484
8126.25,0.38634084,0.04439016
8126.5,0.39464172,0.04315248
8126.75,0.40179348,0.04171716
8127,0.37424268,0.03918348
8127.25,0.3680208,0.04384368
8127.5,0.3547422,0.0409644
8127.75,0.33722784,0.0369954
8128,0.35966484,0.0386208
8128.25,0.31801572,0.03638196
8128.5,0.32831352,0.03259656
8128.75,0.34809372,0.04811724
8129,0.30549204,0.05335416
8129.25,0.31775112,0.05963436
8129.5,0.30599424,0.06277824
8129.75,0.30663252,0.07043328
8130,0.27188028,0.06681312
8130.25,0.27275832,0.06973992
8130.5,0.2292894,0.0486594
8130.75,0.21939876,0.04806972
8131,0.25400844,0.045306
8131.25,0.22165488,0.03672972
8131.5,0.24049764,0.03728268
8131.75,0.23606424,0.03694248
8132,0.23962176,0.04146768
8132.25,0.22935744,0.03884652
8132.5,0.20529936,0.03763692
8132.75,0.1903176,0.03603744
8133,0.16107228,0.02424708
8133.25,0.14790276,0.01384128
8133.5,0.1259496,0.00914868
8133.75,0.11751264,0.0153684
8134,0.10377396,0.01274508
8134.25,0.09665676,0.0128304
8134.5,0.10090224,0.01574532
8134.75,0.08348508,0.01404864
8135,0.08371836,0.01251936
8135.25,0.0835974,0.01680048
8135.5,0.08358228,0.0139266
8135.75,0.09037224,0.01498608
8136,0.07962516,0.01422468
8136.25,0.080379,0.01746252
8136.5,0.07837236,0.01402056
8136.75,0.07793064,0.01323432
8137,0.08129484,0.01553688
8137.25,0.08400672,0.01745064
8137.5,0.08549388,0.01714824
8137.75,0.08513424,0.01807272
8138,0.08408556,0.01413072
8138.25,0.08296992,0.01429488
8138.5,0.08133264,0.01454328
8138.75,0.07803432,0.01449684
8139,0.078111,0.0171234
8139.25,0.07868556,0.01216944
8139.5,0.07401564,0.00945756
8139.75,0.07694136,0.01033668
8140,0.07373592,0.01103652
8140.25,0.07424784,0.01254528
8140.5,0.07095708,0.01204524
8140.75,0.07206516,0.00974916
8141,0.07435584,0.01106352
8141.25,0.06663816,0.0107514
8141.5,0.06010848,0.01220076
8141.75,0.05878008,0.01275156
8142,0.057942,0.01243296
8142.25,0.05895072,0.00975132
8142.5,0.06008256,0.01111428
8142.75,0.05957712,0.00991656
8143,0.0682668,0.01230012
8143.25,0.06860808,0.00849312
8143.5,0.06739848,0.00868428
8143.75,0.07524684,0.0129708
8144,0.05241672,0.011394
8144.25,0.05948856,0.01248156
8144.5,0.06611976,0.00952668
8144.75,0.08129484,0.00974592
8145,0.10344132,0.0115884
8145.25,0.10259352,0.01251828
8145.5,0.10608732,0.01130652
8145.75,0.10876788,0.0119178
8146,0.10593072,0.00962496
8146.25,0.10628712,0.00904824
8146.5,0.08496684,0.00842184
8146.75,0.08542584,0.01063908
8147,0.10383876,0.00894456
8147.25,0.09860184,0.00779652
8147.5,0.10934244,0.00925128
8147.75,0.1106568,0.0080298
8148,0.10901304,0.00876528
8148.25,0.10032876,0.00964116
8148.5,0.09215316,0.01023516
8148.75,0.0922428,0.0071226
8149,0.0859572,0.0097794
8149.25,0.1018926,0.01824876
8149.5,0.11265048,0.01843452
8149.75,0.10825488,0.01973376
8150,0.11254464,0.01943244
8150.25,0.11485368,0.01631124
8150.5,0.12183804,0.02201256
8150.75,0.12128184,0.0223236
8151,0.12056796,0.0217728
8151.25,0.11228328,0.01888596
8151.5,0.1005588,0.01594296
8151.75,0.108621,0.0180738
8152,0.11210616,0.01776384
8152.25,0.11231892,0.02252232
8152.5,0.10709064,0.02057724
8152.75,0.10773972,0.02000268
8153,0.11640996,0.02073384
8153.25,0.11287188,0.01943784
8153.5,0.11447244,0.01959876
8153.75,0.11533644,0.0188136
8154,0.108972,0.016983
8154.25,0.10840392,0.01746036
8154.5,0.10612836,0.02033208
8154.75,0.1071468,0.0198666
8155,0.09727884,0.02114316
8155.25,0.0931284,0.01580364
8155.5,0.10831968,0.01382832
8155.75,0.09819252,0.01195884
8156,0.10341756,0.01175796
8156.25,0.12079908,0.01920564
8156.5,0.11621448,0.02172636
8156.75,0.10848492,0.0205686
8157,0.11423376,0.02189268
8157.25,0.10968048,0.02374272
8157.5,0.09603576,0.01558332
8157.75,0.09609624,0.0150066
8158,0.09284436,0.01527228
8158.25,0.09142956,0.01536732
8158.5,0.08867772,0.01324404
8158.75,0.08601228,0.01566216
8159,0.08351424,0.01478844
8159.25,0.08480916,0.01435536
8159.5,0.08999208,0.01624536
8159.75,0.08783748,0.01530792
8160,0.08238996,0.01652076
8160.25,0.08337276,0.01711044
8160.5,0.07806672,0.01869696
8160.75,0.07655904,0.01891728
8161,0.07838964,0.01898748
8161.25,0.07523928,0.01598508
8161.5,0.07905708,0.01785888
8161.75,0.08059176,0.01785456
8162,0.07898688,0.01619028
8162.25,0.07506108,0.01272888
8162.5,0.07803864,0.01468692
8162.75,0.07883892,0.01833732
8163,0.0730728,0.01980828
8163.25,0.07328232,0.01767312
8163.5,0.07347024,0.01423224
8163.75,0.07496064,0.01557576
8164,0.07082856,0.01488888
8164.25,0.07163424,0.0149796
8164.5,0.06660684,0.01623564
8164.75,0.06422652,0.01513188
8165,0.07002504,0.014877
8165.25,0.06493068,0.01427112
8165.5,0.05820012,0.0157842
8165.75,0.0546102,0.014202
8166,0.06105996,0.01508328
8166.25,0.0557604,0.0109728
8166.5,0.05589432,0.01113048
8166.75,0.0550368,0.00955692
8167,0.05122224,0.0094284
8167.25,0.05774328,0.01329588
8167.5,0.0633474,0.01461456
8167.75,0.06805404,0.01688796
8168,0.0464238,0.01284444
8168.25,0.05136804,0.012879
8168.5,0.055809,0.01463832
8168.75,0.06165936,0.01439316
8169,0.07361496,0.01493964
8169.25,0.07516476,0.01585764
8169.5,0.08095572,0.01638792
8169.75,0.08004744,0.0164322
8170,0.07418412,0.01451304
8170.25,0.08079372,0.0161298
8170.5,0.06479568,0.0152172
8170.75,0.06791148,0.01443096
8171,0.07697376,0.01542996
8171.25,0.07682364,0.01517724
8171.5,0.09017568,0.01468476
8171.75,0.08347212,0.01405512
8172,0.09073404,0.01315332
8172.25,0.0904608,0.01526472
8172.5,0.08266212,0.01537272
8172.75,0.07588512,0.01292004
8173,0.06835104,0.01248804
8173.25,0.06666948,0.01260576
8173.5,0.073035,0.01425276
8173.75,0.0806706,0.0134838
8174,0.09073512,0.01890756
8174.25,0.09540828,0.01869372
8174.5,0.09704556,0.01912248
8174.75,0.09374616,0.01862244
8175,0.09085068,0.01946916
8175.25,0.09158076,0.01785132
8175.5,0.08287704,0.01610604
8175.75,0.087102,0.01931364
8176,0.09061092,0.01944216
8176.25,-0.0013878,0.00380484
8176.5,-0.00137592,0.0034938
8176.75,-0.00138564,0.00257904
8177,0.00311256,0.00319356
8177.25,0.0030456,0.00354564
8177.5,0.0052434,0.00447768
8177.75,-0.006291,0.00874692
8178,0.06657336,0.01893132
8178.25,0.09430668,0.01710612
8178.5,0.08200656,0.0179712
8178.75,0.09472788,0.02978316
8179,0.09302364,0.0319302
8179.25,0.09818388,0.02797308
8179.5,0.10946556,0.03315384
8179.75,0.11930112,0.02882196
8180,0.11197764,0.0205038
8180.25,0.1138536,0.02071548
8180.5,0.11763684,0.02297808
8180.75,0.11391732,0.0213516
8181,0.1203228,0.02746656
8181.25,0.11623284,0.02867076
8181.5,0.11031336,0.02562516
8181.75,0.11296584,0.02275884
8182,0.10358172,0.02028564
8182.25,0.10499328,0.02350944
8182.5,0.10119492,0.02137212
8182.75,0.10015596,0.02248992
8183,0.1027188,0.02312496
8183.25,0.09936216,0.02291868
8183.5,0.10044324,0.02490156
8183.75,0.10279008,0.02821932
8184,0.0989388,0.02711124
8184.25,0.09671832,0.02809728
8184.5,0.08420328,0.01915812
8184.75,0.08194284,0.01939356
8185,0.08686764,0.02299428
8185.25,0.08532432,0.01884924
8185.5,0.09165204,0.02040552
8185.75,0.08888508,0.02200068
8186,0.07604928,0.0199854
8186.25,0.07666704,0.0171666
8186.5,0.08755884,0.01791504
8186.75,0.09101484,0.0261738
8187,0.0817398,0.01804032
8187.25,0.07846416,0.01611036
8187.5,0.08359524,0.01640196
8187.75,0.08596044,0.01681668
8188,0.0807894,0.01355184
8188.25,0.07819632,0.00972108
8188.5,0.07380072,0.00916812
8188.75,0.07224228,0.00891972
8189,0.07260408,0.00932364
8189.25,0.07519284,0.01062828
8189.5,0.07318836,0.01093392
8189.75,0.06853248,0.0134136
8190,0.07047216,0.01158084
8190.25,0.07548552,0.0093636
8190.5,0.06680124,0.00881928
8190.75,0.06665544,0.00783972
8191,0.07596288,0.0079758
8191.25,0.06843852,0.01079136
8191.5,0.08364924,0.00817344
8191.75,0.14402664,0.02390256
8192,0.17142948,0.01981908
8192.25,0.19282536,0.02133864
8192.5,0.2301588,0.03838536
8192.75,0.26801604,0.03031668
8193,0.2926962,0.04018248
8193.25,0.28002024,0.05278932
8193.5,0.30299508,0.040959
8193.75,0.3207762,0.04994892
8194,0.31993704,0.03524904
8194.25,0.32414364,0.04064796
8194.5,0.30742524,0.0340524
8194.75,0.3185082,0.03122928
8195,0.34767792,0.04369248
8195.25,0.33308712,0.03472956
8195.5,0.30273588,0.0398142
8195.75,0.29555172,0.03647916
8196,0.30009528,0.04337388
8196.25,0.28199556,0.03807756
8196.5,0.26967384,0.04445172
8196.75,0.27219564,0.0432756
8197,0.2580822,0.0442044
8197.25,0.26106948,0.03629448
8197.5,0.32755752,0.04620456
8197.75,0.37618992,0.04427892
8198,0.35393328,0.04831164
8198.25,0.36762336,0.04471632
8198.5,0.35767656,0.0372168
8198.75,0.33547068,0.03415068
8199,0.34176492,0.04117932
8199.25,0.3616002,0.05338116
8199.5,0.31983444,0.04033584
8199.75,0.32857056,0.03794904
8200,0.08325504,-0.00168264
8200.25,0.01226988,0.0118152
8200.5,0.00949536,0.01175796
8200.75,-0.002133,0.01091232
8201,0.14178456,0.02367576
8201.25,0.23518944,0.0323622
8201.5,0.247455,0.02042388
8201.75,0.23473476,0.03168936
8202,0.31288248,0.03829464
8202.25,0.21008808,0.02486268
8202.5,0.21895704,0.0334152
8202.75,0.23048172,0.0357102
8203,0.24525396,0.03503628
8203.25,0.2560194,0.03343248
8203.5,0.30064284,0.03375324
8203.75,0.26739612,0.02409264
8204,0.26064612,0.02960496
8204.25,0.2639682,0.02895048
8204.5,0.22521996,0.0263952
8204.75,0.23395176,0.02429892
8205,0.2229174,0.02789532
8205.25,0.20526912,0.02241648
8205.5,0.18882612,0.02185164
8205.75,0.17336052,0.01477764
8206,0.16435224,0.01417932
8206.25,0.15614964,0.01263168
8206.5,0.133812,0.01785456
8206.75,0.11337516,0.01604124
8207,0.134406,0.01960524
8207.25,0.13128048,0.02165616
8207.5,0.13375044,0.0221346
8207.75,0.12928248,0.018846
8208,0.124227,0.01259064
8208.25,0.11725236,0.0134244
8208.5,0.111321,0.0152442
8208.75,0.11458368,0.01447524
8209,0.12004956,0.01650456
8209.25,0.11235564,0.01469448
8209.5,0.12364488,0.01438884
8209.75,0.115128,0.01561572
8210,0.1156356,0.01732536
8210.25,0.1107702,0.0189756
8210.5,0.11640132,0.01835352
8210.75,0.1295514,0.01772064
8211,0.12320856,0.01708128
8211.25,0.1195398,0.01768068
8211.5,0.11823084,0.01477116
8211.75,0.1252152,0.01791396
8212,0.12575736,0.0147474
8212.25,0.11802996,0.01548396
8212.5,0.11034684,0.0153144
8212.75,0.10596636,0.01131732
8213,0.1060776,0.00933444
8213.25,0.10863612,0.00980532
8213.5,0.11470572,0.01263168
8213.75,0.10802052,0.01141884
8214,0.11372724,0.01011636
8214.25,0.11234592,0.01001484
8214.5,0.10696428,0.00864756
8214.75,0.1054566,0.00769284
8215,0.1298376,0.0097794
8215.25,0.14179212,0.00703944
8215.5,0.14170032,0.00897804
8215.75,0.1633824,0.00966276
8216,0.1495692,0.00820908
8216.25,0.15183612,0.00529632
8216.5,0.16051068,0.00453924
8216.75,0.18270468,0.00569808
8217,0.20991528,0.0119394
8217.25,0.2299374,0.01937952
8217.5,0.24427332,0.02773872
8217.75,0.25034184,0.03017304
8218,0.25454196,0.0289872
8218.25,0.25436916,0.02364336
8218.5,0.2488158,0.02326428
8218.75,0.22077576,0.01805976
8219,0.22398876,0.01303776
8219.25,0.24850692,0.0270756
8219.5,0.2678238,0.03841992
8219.75,0.21641796,0.02603664
8220,0.22166892,0.03550068
8220.25,0.20785572,0.02782836
8220.5,0.19851912,0.02159028
8220.75,0.19490004,0.0327618
8221,0.1706454,0.02200284
8221.25,0.1858842,0.02273616
8221.5,0.22444884,0.02118636
8221.75,0.23443236,0.02406132
8222,0.28805544,0.0291114
8222.25,0.27261576,0.02823552
8222.5,0.28271592,0.01444824
8222.75,0.29724084,0.01955664
8223,0.27465372,0.01451736
8223.25,0.27526176,0.01607472
8223.5,0.24966036,0.01801656
8223.75,0.26748252,0.0250722
8224,0.26867484,0.02783592
8224.25,0.26356104,0.02784672
8224.5,0.25560144,0.02213136
8224.75,0.22740588,0.01593972
8225,0.24317712,0.02894724
8225.25,0.24516324,0.02900232
8225.5,0.24539652,0.02424492
8225.75,0.2447712,0.0320382
8226,0.22362912,0.03014604
8226.25,0.21486492,0.03103812
8226.5,0.1700244,0.02167236
8226.75,0.16194924,0.01912356
8227,0.17501292,0.01992816
8227.25,0.17548488,0.018873
8227.5,0.17678952,0.01298376
8227.75,0.1788966,0.01159704
8228,0.16129368,0.01913544
8228.25,0.1659852,0.02122956
8228.5,0.15723504,0.01532304
8228.75,0.1498932,0.02622888
8229,0.15719724,0.0145908
8229.25,0.14378472,0.009369
8229.5,0.110781,0.0089208
8229.75,0.14094972,0.02151792
8230,0.13214772,0.01669248
8230.25,0.1061046,0.01764072
8230.5,0.0966816,0.01896696
8230.75,0.08388792,0.01622592
8231,0.075546,0.01358424
8231.25,0.0733644,0.01923372
8231.5,0.0761454,0.02072952
8231.75,0.07115688,0.00970812
8232,0.06357096,0.00885384
8232.25,0.06583356,0.00987984
8232.5,0.06487884,0.01569348
8232.75,0.06866748,0.01263384
8233,0.07014276,0.01485756
8233.25,0.06977448,0.01356588
8233.5,0.0698112,0.0109134
8233.75,0.07112016,0.01167912
8234,0.076815,0.01163808
8234.25,0.07284816,0.01132272
8234.5,0.07627392,0.0121122
8234.75,0.0718632,0.011556
8235,0.07157376,0.01393092
8235.25,0.0711666,0.01105488
8235.5,0.08502624,0.0146934
8235.75,0.086697,0.01590084
8236,0.08260704,0.01629612
8236.25,0.08359848,0.01585764
8236.5,0.07921584,0.0118098
8236.75,0.07971264,0.01267164
8237,0.0753246,0.01142748
8237.25,0.06626232,0.00935172
8237.5,0.06760692,0.01179468
8237.75,0.0656046,0.01090476
8238,0.0648108,0.00948132
8238.25,0.0735534,0.01156896
8238.5,0.08318268,0.01363176
8238.75,0.07189992,0.011232
8239,0.06838884,0.0106542
8239.25,0.0962982,0.0108162
8239.5,0.08667864,0.01407024
8239.75,0.107217,0.01315008
8240,0.1069686,0.00764856
8240.25,0.11894796,0.012069
8240.5,0.12011436,0.00820908
8240.75,0.14844924,0.00829872
8241,0.15573168,0.00492696
8241.25,0.18258372,0.01093284
8241.5,0.18574164,0.0036018
8241.75,0.19698336,0.00874368
8242,0.23398848,0.0184572
8242.25,0.21127824,0.01820556
8242.5,0.17800884,0.014823
8242.75,0.17361324,0.01411236
8243,0.1823472,0.00756864
8243.25,0.19527048,0.00741852
8243.5,0.17951436,0.00810432
8243.75,0.20920248,0.01302264
8244,0.17909424,0.01406268
8244.25,0.15681168,0.0069444
8244.5,0.16804152,0.00968004
8244.75,0.1492776,0.01212624
8245,0.13088304,0.00435996
8245.25,0.15447348,0.01673784
8245.5,0.16143084,0.01105596
8245.75,0.2181438,0.01614816
8246,0.2177496,0.01141344
8246.25,0.218214,0.00836892
8246.5,0.20345148,0.0055782
8246.75,0.21175776,0.00757188
8247,0.24913116,0.01588572
8247.25,0.20323764,0.01232064
8247.5,0.21119184,0.00854496
8247.75,0.183654,0.02779812
8248,0.20999736,0.00908388
8248.25,0.18734652,0.02205576
8248.5,0.15587964,0.0040338
8248.75,0.16710192,0.01537596
8249,0.15766704,0.01033668
8249.25,0.16928676,0.01171476
8249.5,0.15999552,0.01150956
8249.75,0.14228352,0.00748656
8250,0.13061412,0.00940464
8250.25,0.1372896,0.0054216
8250.5,0.14291748,0.00920592
8250.75,0.13621608,0.01019952
8251,0.10833372,0.00667548
8251.25,0.13728528,0.01710504
8251.5,0.14409576,0.00938736
8251.75,0.12697452,0.00489456
8252,0.12805344,0.00497556
8252.25,0.13574736,0.00503172
8252.5,0.127818,0.00489456
8252.75,0.1124334,0.00310716
8253,0.10692108,0.00590544
8253.25,0.12352932,0.01391796
8253.5,0.1101168,0.00506304
8253.75,0.09834048,0.006966
8254,0.10555596,0.0135918
8254.25,0.08608788,0.0136782
8254.5,0.07654284,0.0088452
8254.75,0.07463124,0.00994572
8255,0.0670734,0.0102384
8255.25,0.06877332,0.01078056
8255.5,0.07696512,0.01334232
8255.75,0.07512804,0.01366848
8256,0.06610464,0.01332612
8256.25,0.07003368,0.0116208
8256.5,0.06488424,0.01163268
8256.75,0.06463908,0.01141128
8257,0.06685956,0.01330992
8257.25,0.0656424,0.01227528
8257.5,0.0727974,0.01415016
8257.75,0.07850736,0.01596996
8258,0.07160832,0.016578
8258.25,0.06908544,0.01364364
8258.5,0.06850008,0.01357128
8258.75,0.07892964,0.02009232
8259,0.06890292,0.01004832
8259.25,0.06829812,0.01050516
8259.5,0.0619326,0.01178172
8259.75,0.06502248,0.01170612
8260,0.06337764,0.01041012
8260.25,0.06843852,0.01411668
8260.5,0.06703452,0.00955044
8260.75,0.0576234,0.00837
8261,0.06112152,0.00777816
8261.25,0.05878332,0.00973512
8261.5,0.04932684,0.00941652
8261.75,0.04786236,0.0159354
8262,0.05140692,0.01169316
8262.25,0.0585036,0.01266516
8262.5,0.05734368,0.00710316
8262.75,0.06056748,0.0103248
8263,0.07574688,0.0042768
8263.25,0.06840504,0.00817344
8263.5,0.08525952,0.00923724
8263.75,0.08940132,0.0073926
8264,0.07430184,0.00624564
8264.25,0.09007848,0.00113616
8264.5,0.1120608,0.00232524
8264.75,0.11128104,0.006291
8265,0.13526568,0.00591516
8265.25,0.15372288,0.00720468
8265.5,0.1702998,0.01299132
8265.75,0.18190332,0.01117044
8266,0.18480204,0.01959012
8266.25,0.20864844,0.01157436
8266.5,0.18981756,0.01512
8266.75,0.164673,0.0144936
8267,0.18476316,0.01475496
8267.25,0.19229616,0.01484136
8267.5,0.18399528,0.01468692
8267.75,0.19016532,0.02027052
8268,0.17795916,0.01981044
8268.25,0.1714284,0.01726596
8268.5,0.15552648,0.01727784
8268.75,0.16537608,0.02263788
8269,0.194292,0.02207304
8269.25,0.18888228,0.01694628
8269.5,0.20022984,0.01184544
8269.75,0.23556852,0.02314116
8270,0.26452548,0.02846016
8270.25,0.27292464,0.01856844
8270.5,0.25361748,0.0161136
8270.75,0.28473336,0.03882708
8271,0.30155112,0.03516804
8271.25,0.28648836,0.05288652
8271.5,0.27060156,0.03677292
8271.75,0.27158436,0.03288816
8272,0.27426816,0.03323916
8272.25,0.24696576,0.03303288
8272.5,0.25160976,0.0303156
8272.75,0.23403384,0.02876364
8273,0.22306968,0.02954664
8273.25,0.17154072,0.02087856
8273.5,0.24154632,0.02522232
8273.75,0.16343856,0.01818612
8274,0.16167384,0.0159462
8274.25,0.16671744,0.01991736
8274.5,0.12601116,0.0151038
8274.75,0.11265372,0.00991008
8275,0.114237,0.0159192
8275.25,0.0966492,0.01243512
8275.5,0.13319208,0.01605312
8275.75,0.12321612,0.00628992
8276,0.12960108,0.00697248
8276.25,0.11115468,0.01082916
8276.5,0.13592556,0.00698868
8276.75,0.10111932,0.00774144
8277,0.11237184,0.00918648
8277.25,0.11818656,0.01364688
8277.5,0.0902394,0.00945432
8277.75,0.11448324,0.01575936
8278,0.08636436,0.01148364
8278.25,0.0952668,0.0098172
8278.5,0.08130996,0.0124632
8278.75,0.09024048,0.01238976
8279,0.07746732,0.01499688
8279.25,0.08474436,0.0171882
8279.5,0.10480752,0.0183708
8279.75,0.10151352,0.02240568
8280,0.09674964,0.016416
8280.25,0.08936028,0.01750896
8280.5,0.08279712,0.01859652
8280.75,0.08802,0.01420092
8281,0.082431,0.01259604
8281.25,0.08373996,0.01084212
8281.5,0.08544096,0.01239948
8281.75,0.07747056,0.0144774
8282,0.08165016,0.02067876
8282.25,0.07705908,0.01793988
8282.5,0.06933492,0.00991872
8282.75,0.08321832,0.0153738
8283,0.06513048,0.0155088
8283.25,0.07172604,0.01134216
8283.5,0.07613136,0.01838916
8283.75,0.0725112,0.01188216
8284,0.07252416,0.01224288
8284.25,0.06431832,0.0157356
8284.5,0.06937704,0.01072116
8284.75,0.06608952,0.01306692
8285,0.072954,0.01324944
8285.25,0.06973344,0.018684
8285.5,0.05659848,0.0131652
8285.75,0.06063012,0.01840212
8286,0.05812884,0.01409724
8286.25,0.05874876,0.00953856
8286.5,0.07016976,0.01247184
8286.75,0.0738018,0.01029348
8287,0.05615028,0.013797
8287.25,0.08195688,0.0066204
8287.5,0.1052676,0.0095796
8287.75,0.1461186,0.00618948
8288,0.12261456,0.00273672
8288.25,0.12550896,0.0074898
8288.5,0.12874572,0.00781596
8288.75,0.15036948,0.0102654
8289,0.15981192,0.0128412
8289.25,0.16523136,0.01125252
8289.5,0.21090024,0.02563812
8289.75,0.2225286,0.03000996
8290,0.20950272,0.01971108
8290.25,0.20322252,0.0239004
8290.5,0.19200996,0.0271188
8290.75,0.194238,0.019332
8291,0.19211472,0.02403756
8291.25,0.20829852,0.0292626
8291.5,0.2200878,0.03202956
8291.75,0.17887068,0.02916864
8292,0.2003886,0.04327776
8292.25,0.17935884,0.03623724
8292.5,0.18177264,0.03019356
8292.75,0.18461844,0.02637792
8293,0.16680168,0.02787588
8293.25,0.15660864,0.03402864
8293.5,0.20129904,0.0327132
8293.75,0.21294684,0.02934468
8294,0.22194432,0.03179844
8294.25,0.1955718,0.02191752
8294.5,0.21613716,0.02335824
8294.75,0.20134764,0.02353104
8295,0.21096828,0.02554632
8295.25,0.23541084,0.03352212
8295.5,0.21719664,0.03160188
8295.75,0.19173132,0.02461644
8296,0.17210016,0.0229014
8296.25,0.16051716,0.02057832
8296.5,0.15858828,0.02767176
8296.75,0.17195652,0.0257202
8297,0.158868,0.02398032
8297.25,0.15523164,0.01680912
8297.5,0.19097316,0.0274914
8297.75,0.16453476,0.02147796
8298,0.12519468,0.0144774
8298.25,0.13276008,0.01423008
8298.5,0.12453912,0.0116964
8298.75,0.11749644,0.0086292
8299,0.12414924,0.00728352
8299.25,0.12144924,0.00855144
8299.5,0.12401424,0.01268244
8299.75,0.13273848,0.01118772
8300,0.14077152,0.01309932
8300.25,0.09535752,0.01092744
8300.5,0.14458392,0.0063666
8300.75,0.10960812,0.00765936
8301,0.099063,0.00849636
8301.25,0.1202958,0.01217484
8301.5,0.12234672,0.01234872
8301.75,0.0909846,0.01143288
8302,0.09719244,0.00931932
8302.25,0.10024236,0.01893024
8302.5,0.07792308,0.0110106
8302.75,0.07387848,0.01046844
8303,0.075951,0.01474416
8303.25,0.07458588,0.01697004
8303.5,0.07726536,0.01759968
8303.75,0.08057556,0.02328588
8304,0.07827732,0.01255068
8304.25,0.0700596,0.01143612
8304.5,0.06723432,0.01364148
8304.75,0.0697086,0.01338984
8305,0.0720414,0.01538784
8305.25,0.07145496,0.01494396
8305.5,0.07275204,0.01406376
8305.75,0.07242048,0.0139698
8306,0.07335252,0.01572048
8306.25,0.07240644,0.01677456
8306.5,0.06934248,0.0109242
8306.75,0.07042356,0.01270296
8307,0.06994944,0.01143828
8307.25,0.07206732,0.0110916
8307.5,0.07211592,0.01298916
8307.75,0.06391332,0.01136808
8308,0.06375672,0.01113696
8308.25,0.06139476,0.01089072
8308.5,0.06501384,0.01112184
8308.75,0.05775408,0.00773064
8309,0.06004044,0.01107216
8309.25,0.06000156,0.01155708
8309.5,0.06020244,0.01223964
8309.75,0.05270292,0.00950292
8310,0.0535572,0.01143612
8310.25,0.05531436,0.0094554
8310.5,0.04987548,0.00701568
8310.75,0.05689764,0.01056888
8311,0.05271372,0.0089262
8311.25,0.061182,0.0126522
8311.5,0.0593946,0.00716256
8311.75,0.0563814,0.007047
8312,0.04885812,0.0121662
8312.25,0.05446116,0.01109916
8312.5,0.0552042,0.00811512
8312.75,0.06392736,0.00758808
8313,0.07831404,0.0076302
8313.25,0.06612732,0.00877608
8313.5,0.06637464,0.00982692
8313.75,0.08887212,0.00766584
8314,0.0731052,0.01101276
8314.25,0.10064628,0.01067472
8314.5,0.05578092,0.0080892
8314.75,0.0591246,0.00608148
8315,0.07055316,0.00790236
8315.25,0.07421328,0.0067392
8315.5,0.07507512,0.00944244
8315.75,0.0838836,0.012906
8316,0.06125976,0.00666468
8316.25,0.06493608,0.0083754
8316.5,0.06085044,0.00796392
8316.75,0.05822064,0.00704052
8317,0.04934736,0.0077976
8317.25,0.0539514,0.00778896
8317.5,0.06415848,0.00827928
8317.75,0.06501924,0.00906336
8318,0.07043328,0.00901476
8318.25,0.06233976,0.00729432
8318.5,0.06609708,0.0078192
8318.75,0.07295616,0.00806004
8319,0.07531056,0.00820908
8319.25,0.06773328,0.01130976
8319.5,0.05911164,0.0108594
8319.75,0.06072732,0.01030752
8320,0.06243048,0.00961524
8320.25,0.06133968,0.00867888
8320.5,0.06522444,0.00822852
8320.75,0.0591192,0.00762372
8321,0.05985792,0.0068688
8321.25,0.06138612,0.00694224
8321.5,0.07839612,0.01155384
8321.75,0.06129648,0.0086562
8322,0.0668034,0.01486404
8322.25,0.07090308,0.01059588
8322.5,0.0669816,0.00875232
8322.75,0.06319188,0.00759996
8323,0.06200172,0.0063126
8323.25,0.0616788,0.00658692
8323.5,0.06685416,0.010584
8323.75,0.0826686,0.01014228
8324,0.08744868,0.01039176
8324.25,0.08522388,0.00962496
8324.5,0.08193636,0.0106272
8324.75,0.08376048,0.01142316
8325,0.0747792,0.01186488
8325.25,0.09343188,0.01363068
8325.5,0.07204896,0.0149364
8325.75,0.08207244,0.01295028
8326,0.08050644,0.01279368
8326.25,0.08171388,0.01272024
8326.5,0.07729344,0.01591164
8326.75,0.07923312,0.01807272
8327,0.07907652,0.014121
8327.25,0.08253252,0.01547316
8327.5,0.08281548,0.01664928
8327.75,0.08652636,0.02038068
8328,0.07721784,0.01821852
8328.25,0.08380692,0.01753164
8328.5,0.07436556,0.0117936
8328.75,0.07545204,0.01458864
8329,0.0776898,0.01237248
8329.25,0.07345728,0.01231524
8329.5,0.07782588,0.013095
8329.75,0.0764478,0.01503252
8330,0.0737478,0.01493964
8330.25,0.07538724,0.01515564
8330.5,0.07589916,0.01497096
8330.75,0.0787482,0.01601424
8331,0.07457508,0.015147
8331.25,0.06821496,0.01246536
8331.5,0.07112556,0.01457676
8331.75,0.07105428,0.0140292
8332,0.06533244,0.01306368
8332.25,0.06846768,0.01072332
8332.5,0.06670728,0.014499
8332.75,0.06765336,0.01527444
8333,0.06622128,0.0160596
8333.25,0.06356988,0.01434564
8333.5,0.06033096,0.0134568
8333.75,0.05327316,0.01131948
8334,0.05466312,0.01310904
8334.25,0.054054,0.013257
8334.5,0.05357664,0.01392984
8334.75,0.05855004,0.01269864
8335,0.06021108,0.01489644
8335.25,0.06429132,0.00836136
8335.5,0.06837804,0.0132732
8335.75,0.06456564,0.00780192
8336,0.05166396,0.0095634
8336.25,0.05191884,0.00931284
8336.5,0.054729,0.00781488
8336.75,0.05913432,0.00656208
8337,0.0711288,0.01176876
8337.25,0.06480972,0.0096498
8337.5,0.07403292,0.01079892
8337.75,0.08252172,0.01227852
8338,0.07140312,0.01185516
8338.25,0.07141284,0.01042632
8338.5,0.05457672,0.00789912
8338.75,0.05513076,0.00878472
8339,0.0641628,0.00909468
8339.25,0.07188912,0.00971352
8339.5,0.09078804,0.01429596
8339.75,0.0786456,0.0110376
8340,0.0823068,0.0104274
8340.25,0.08031096,0.01459728
8340.5,0.07617132,0.00913248
8340.75,0.0606906,0.00739692
8341,0.05791392,0.00887544
8341.25,0.05201928,0.00592272
8341.5,0.0677754,0.00727812
8341.75,0.06251688,0.00631584
8342,0.07148196,0.00598644
8342.25,0.07775352,0.01455516
8342.5,0.0906336,0.0161028
8342.75,0.08501112,0.01907388
8343,0.08060256,0.0166428
8343.25,0.07238916,0.01552932
8343.5,0.07491744,0.01644084
8343.75,0.07150248,0.01735992
8344,0.07803216,0.01459404
8344.25,0.08108964,0.01358856
8344.5,0.07302096,0.01521072
8344.75,0.07343568,0.01322352
8345,0.08443008,0.01412964
8345.25,0.09004716,0.01537272
8345.5,0.08857836,0.01656828
8345.75,0.08874684,0.01507896
8346,0.0850608,0.0166914
8346.25,0.0854226,0.0189594
8346.5,0.07112556,0.01650456
8346.75,0.08091684,0.02008692
8347,0.08545824,0.01953936
8347.25,0.0811026,0.024057
8347.5,0.089667,0.02699784
8347.75,0.09718704,0.02619216
8348,0.08782344,0.0143964
8348.25,0.09104724,0.01527876
8348.5,0.08295912,0.01135512
8348.75,0.08917236,0.01388232
8349,0.0908874,0.01452384
8349.25,0.0823932,0.0142344
8349.5,0.0842724,0.01702836
8349.75,0.07934004,0.01832868
8350,0.08405856,0.0142614
8350.25,0.08357904,0.01409616
8350.5,0.0797634,0.01750356
8350.75,0.0747468,0.01578528
8351,0.08503704,0.01600668
8351.25,0.0843588,0.01842588
8351.5,0.08761608,0.02028456
8351.75,0.07689168,0.01722492
8352,0.07405992,0.01278288
8352.25,0.07886484,0.01605744
8352.5,0.0684288,0.0177984
8352.75,0.07395084,0.01881144
8353,0.07537212,0.01495368
8353.25,0.06704208,0.01501308
8353.5,0.07837668,0.01849068
8353.75,0.07844148,0.02052648
8354,0.08145252,0.01555956
8354.25,0.074628,0.01075896
8354.5,0.07920936,0.01390824
8354.75,0.0813834,0.01394064
8355,0.07506432,0.00983232
8355.25,0.07751808,0.01187028
8355.5,0.07325316,0.0095958
8355.75,0.06839748,0.00852444
8356,0.07473708,0.00825012
8356.25,0.06440688,0.0096174
8356.5,0.06792876,0.01091016
8356.75,0.07468524,0.01515888
8357,0.06872472,0.01418472
8357.25,0.05337684,0.01154844
8357.5,0.06279012,0.0157734
8357.75,0.06332688,0.01804896
8358,0.06172092,0.01533168
8358.25,0.06235272,0.01337148
8358.5,0.07293348,0.01776708
8358.75,0.08085096,0.02596428
8359,0.06907248,0.01340388
8359.25,0.07696404,0.01090584
8359.5,0.07793712,0.01540188
8359.75,0.1279098,0.02180952
8360,0.1364472,0.02056536
8360.25,0.1393308,0.01423656
8360.5,0.16579944,0.0157302
8360.75,0.18811656,0.01303776
8361,0.18818136,0.01422576
8361.25,0.23428008,0.01981476
8361.5,0.23027976,0.0159084
8361.75,0.25132032,0.02093148
8362,0.27462996,0.02522016
8362.25,0.269055,0.02430324
8362.5,0.20934828,0.01170072
8362.75,0.23821776,0.01473552
8363,0.23963688,0.018171
8363.25,0.25709076,0.01614816
8363.5,0.2362122,0.01501956
8363.75,0.24184548,0.02429892
8364,0.22442076,0.025461
8364.25,0.20506068,0.03214404
8364.5,0.17264772,0.01969056
8364.75,0.16825428,0.02577312
8365,0.16120836,0.02764044
8365.25,0.15948576,0.02237436
8365.5,0.14246712,0.01998
8365.75,0.16502508,0.02136348
8366,0.21096612,0.02137536
8366.25,0.17071236,0.01326996
8366.5,0.17424288,0.01554336
8366.75,0.19111464,0.02023812
8367,0.18104904,0.013311
8367.25,0.16651548,0.01347732
8367.5,0.15837444,0.00889488
8367.75,0.12662352,0.00455976
8368,0.15093324,0.00659556
8368.25,0.13356252,0.01117152
8368.5,0.14823,0.01267596
8368.75,0.14325984,0.01453032
8369,0.1326888,0.005481
8369.25,0.11657088,0.00598752
8369.5,0.12202164,0.0088776
8369.75,0.09492768,0.00602424
8370,0.1191564,0.01414152
8370.25,0.10969236,0.01268136
8370.5,0.08959788,0.01847772
8370.75,0.07482564,0.0127656
8371,0.08213508,0.01768932
8371.25,0.10588104,0.02550636
8371.5,0.1070442,0.03096036
8371.75,0.1117638,0.02664036
8372,0.12918528,0.02573964
8372.25,0.10075428,0.02617812
8372.5,0.11797488,0.02667168
8372.75,0.120933,0.02943756
8373,0.1018062,0.01743876
8373.25,0.08809344,0.01692036
8373.5,0.08205408,0.01137564
8373.75,0.08678988,0.0121662
8374,0.0846774,0.01758564
8374.25,0.07537536,0.01185516
8374.5,0.0796932,0.01283364
8374.75,0.07613352,0.0122148
8375,0.08159724,0.01503468
8375.25,0.06762096,0.01053972
8375.5,0.07722864,0.01533276
8375.75,0.07509564,0.01026108
8376,0.0652914,0.0095256
8376.25,0.06318432,0.0090774
8376.5,0.06332688,0.01124388
8376.75,0.06276204,0.00773712
8377,0.06346188,0.00835056
8377.25,0.06187644,0.00992952
8377.5,0.06583464,0.00937008
8377.75,0.0664956,0.00927828
8378,0.06656256,0.00938088
8378.25,0.06456456,0.0076734
8378.5,0.07167528,0.01342224
8378.75,0.06499008,0.00928908
8379,0.06163128,0.00977616
8379.25,0.06352776,0.00880524
8379.5,0.06524172,0.01094256
8379.75,0.06478488,0.01099764
8380,0.06263784,0.00979128
8380.25,0.06139584,0.00872856
8380.5,0.05379912,0.00690768
8380.75,0.06116472,0.00755568
8381,0.05903172,0.01027728
8381.25,0.05841612,0.00864216
8381.5,0.0500688,0.01047708
8381.75,0.04981176,0.01269864
8382,0.05509728,0.01585656
8382.25,0.05231628,0.00979452
8382.5,0.05818284,0.01252584
8382.75,0.06929604,0.01155276
8383,0.057159,0.00942732
8383.25,0.06992244,0.0115236
8383.5,0.07535592,0.00877392
8383.75,0.09219636,0.01694844
8384,0.07906572,0.00857844
8384.25,0.08349912,0.006885
8384.5,0.08354124,0.00597024
8384.75,0.10034064,0.00314604
8385,0.11522304,0.0053622
8385.25,0.10732284,0.01036044
8385.5,0.11515392,0.00715392
8385.75,0.1751382,0.01896696
8386,0.14367024,0.01213596
8386.25,0.1591596,0.01474632
8386.5,0.13667292,0.01628208
8386.75,0.1300644,0.01469448
8387,0.15121944,0.0113508
8387.25,0.15225624,0.01016928
8387.5,0.14692212,0.01744308
8387.75,0.15138036,0.01711152
8388,0.13968288,0.01695168
8388.25,0.1345086,0.01712124
8388.5,0.13669128,0.01848096
8388.75,0.12273336,0.0207252
8389,0.1131408,0.0213516
8389.25,0.11602872,0.01967976
8389.5,0.15653412,0.02037312
8389.75,0.15808392,0.01920996
8390,0.14942664,0.0132624
8390.25,0.16452936,0.00752976
8390.5,0.14561532,0.00712692
8390.75,0.19145916,0.01245672
8391,0.17580348,0.01391364
8391.25,0.15885396,0.02009448
8391.5,0.15414624,0.01641168
8391.75,0.14079204,0.0133812
8392,0.15844356,0.01353348
8392.25,0.14485392,0.01596132
8392.5,0.16005816,0.01385316
8392.75,0.15811524,0.01513296
8393,0.16720452,0.01826388
8393.25,0.1110618,0.00567
8393.5,0.12303684,0.00611172
8393.75,0.10596528,0.0056754
8394,0.12606732,0.01474416
8394.25,0.11313216,0.00924264
8394.5,0.11721024,0.01524744
8394.75,0.10603332,0.0111888
8395,0.10662624,0.0110322
8395.25,0.06227928,0.00549072
8395.5,0.06643836,0.00745524
8395.75,0.07645212,0.0075222
8396,0.10467144,0.00585252
8396.25,0.08834616,0.00804924
8396.5,0.100683,0.00704052
8396.75,0.0832842,0.00795636
8397,0.09153432,0.0092016
8397.25,0.09723672,0.00615924
8397.5,0.08210268,0.00770364
8397.75,0.07776,0.00796392
8398,0.08312976,0.01468476
8398.25,0.08183808,0.00829116
8398.5,0.07682904,0.00870264
8398.75,0.06954876,0.0052596
8399,0.072873,0.01098468
8399.25,0.07134696,0.00820368
8399.5,0.07301556,0.0131544
8399.75,0.08033148,0.01107108
8400,0.06637356,0.00684828
8400.25,0.06578712,0.00766152
8400.5,0.06256224,0.01111968
8400.75,0.06435612,0.00840996
8401,0.06316812,0.0098604
8401.25,0.06712308,0.01050948
8401.5,0.06865452,0.01238328
8401.75,0.0674838,0.01352592
8402,0.06618672,0.0077976
8402.25,0.06819552,0.00980208
8402.5,0.06518664,0.00686124
8402.75,0.0636876,0.00821124
8403,0.06324048,0.00859896
8403.25,0.067635,0.01596456
8403.5,0.06382476,0.01109592
8403.75,0.07071192,0.01725624
8404,0.06957252,0.011934
8404.25,0.06209244,0.00970164
8404.5,0.0572778,0.01203012
8404.75,0.0591138,0.01174716
8405,0.06076512,0.00880848
8405.25,0.05957388,0.01276236
8405.5,0.05565024,0.00923292
8405.75,0.0520884,0.01181628
8406,0.05100084,0.01017036
8406.25,0.05908248,0.0090072
8406.5,0.05498604,0.00988848
8406.75,0.06131916,0.01070928
8407,0.07477164,0.01548072
8407.25,0.0649404,0.01201284
8407.5,0.06018732,0.00628344
8407.75,0.07999668,0.00865404
8408,0.06756912,0.00480924
8408.25,0.08438688,0.005697
8408.5,0.0877824,0.01061748
8408.75,0.10492956,0.00354024
8409,0.106407,0.00567324
8409.25,0.11392164,0.00546156
8409.5,0.11946528,0.01079892
8409.75,0.13634892,0.0144342
8410,0.13374072,0.010611
8410.25,0.14361192,0.01054836
8410.5,0.11851704,0.01156572
8410.75,0.11984004,0.01035504
8411,0.13221576,0.01377
8411.25,0.13004064,0.01043496
8411.5,0.1369278,0.01097064
8411.75,0.15127128,0.00896292
8412,0.13267044,0.00567972
8412.25,0.12172356,0.00522936
8412.5,0.12239532,0.00784296
8412.75,0.12916368,0.01211112
8413,0.10017324,0.00574668
8413.25,0.12896172,0.0110538
8413.5,0.12260484,0.00814428
8413.75,0.16608672,0.00950508
8414,0.15287508,0.01029456
8414.25,0.16205832,0.01000296
8414.5,0.15252192,0.01442664
8414.75,0.13837716,0.01643652
8415,0.13885236,0.00690012
8415.25,0.14426316,0.01429272
8415.5,0.14335812,0.01714932
8415.75,0.13137012,0.01179684
8416,0.14169168,0.01215
8416.25,0.13488984,0.0112212
8416.5,0.12757608,0.01188972
8416.75,0.12032928,0.00945972
8417,0.1194588,0.00916488
8417.25,0.1174716,0.01188756
8417.5,0.12032172,0.01173312
8417.75,0.11768544,0.00879984
8418,0.0979506,0.00652104
8418.25,0.09789228,0.00673812
8418.5,0.08994672,0.00669708
8418.75,0.08524224,0.0101628
8419,0.07887672,0.01146528
8419.25,0.076572,0.01260792
8419.5,0.08503596,0.01451088
8419.75,0.09230868,0.0130356
8420,0.09616752,0.0109998
8420.25,0.10417788,0.0173232
8420.5,0.10331604,0.01659312
8420.75,0.10013328,0.01897884
8421,0.09470736,0.01775736
8421.25,0.08943804,0.01170288
8421.5,0.08626716,0.00705348
8421.75,0.08128836,0.00774576
8422,0.07835076,0.00941436
8422.25,0.07599312,0.01007748
8422.5,0.07668864,0.00873828
8422.75,0.06979716,0.0086454
8423,0.07393464,0.00918324
8423.25,0.07420356,0.01636956
8423.5,0.08309736,0.01987092
8423.75,0.07596072,0.0137106
8424,0.07401348,0.01515024
8424.25,0.07072704,0.01020816
8424.5,0.06371028,0.00798336
8424.75,0.06678288,0.00929016
8425,0.07467768,0.01460592
8425.25,0.07199496,0.01510488
8425.5,0.06998184,0.01242864
8425.75,0.06820416,0.01025568
8426,0.0682236,0.01317492
8426.25,0.06964488,0.01414476
8426.5,0.06911352,0.00749736
8426.75,0.07121412,0.01750572
8427,0.06955308,0.01865484
8427.25,0.06847308,0.01396548
8427.5,0.06546744,0.00878688
8427.75,0.06677532,0.01053324
8428,0.061182,0.0113616
8428.25,0.06465096,0.01232388
8428.5,0.05898528,0.00853524
8428.75,0.05824764,0.0104706
8429,0.06447384,0.01209384
8429.25,0.0597294,0.0111078
8429.5,0.05577876,0.00901368
8429.75,0.04705128,0.00801468
8430,0.05133348,0.0092178
8430.25,0.0581634,0.00855792
8430.5,0.05503788,0.00938412
8430.75,0.06239376,0.01144476
8431,0.06819336,0.01333476
8431.25,0.07107264,0.00956664
8431.5,0.07597044,0.00906444
8431.75,0.0709776,0.00830952
8432,0.06528276,0.01119636
8432.25,0.06929712,0.00657828
8432.5,0.08971668,0.01132488
8432.75,0.10369404,0.01045008
8433,0.12178296,0.01449468
8433.25,0.1073304,0.01245456
8433.5,0.12110364,0.01202364
8433.75,0.12695076,0.00549288
8434,0.13174272,0.01536192
8434.25,0.15329736,0.01996596
8434.5,0.1204038,0.01475388
8434.75,0.1377108,0.0137862
8435,0.13480884,0.01342764
8435.25,0.14984244,0.01847016
8435.5,0.14867712,0.017415
8435.75,0.15061356,0.01763748
8436,0.1404324,0.01968732
8436.25,0.15018156,0.02255364
8436.5,0.13351068,0.01562868
8436.75,0.14593716,0.01828656
8437,0.124821,0.02254608
8437.25,0.13279572,0.02444688
8437.5,0.14183856,0.01555524
8437.75,0.16007004,0.01588788
8438,0.18341856,0.01662552
8438.25,0.18229428,0.01736532
8438.5,0.18189468,0.01416528
8438.75,0.18183744,0.0180252
8439,0.17631864,0.01653588
8439.25,0.15233724,0.01206252
8439.5,0.14588532,0.0127062
8439.75,0.14204808,0.01515348
8440,0.15881508,0.02248236
8440.25,0.15722208,0.01935576
8440.5,0.14646312,0.0093906
8440.75,0.15340752,0.01820232
8441,0.14194332,0.01526904
8441.25,0.1393848,0.02074032
8441.5,0.12634056,0.01874232
8441.75,0.11511936,0.02041848
8442,0.1163214,0.02458296
8442.25,0.09918828,0.01768176
8442.5,0.09370404,0.01522152
8442.75,0.08837532,0.01733724
8443,0.07620912,0.01916352
8443.25,0.0759942,0.01524636
8443.5,0.07215156,0.01440396
8443.75,0.0788454,0.0149688
8444,0.08602848,0.0104868
8444.25,0.08062416,0.00810108
8444.5,0.0843372,0.0084132
8444.75,0.08194716,0.01102572
8445,0.08139852,0.00991116
8445.25,0.07872444,0.00818424
8445.5,0.07197228,0.00568404
8445.75,0.07900092,0.011043
8446,0.07161696,0.01056024
8446.25,0.08246016,0.0133218
8446.5,0.07407828,0.0097254
8446.75,0.07066332,0.00701676
8447,0.0755838,0.01076004
8447.25,0.07583868,0.01016388
8447.5,0.0804492,0.01339848
8447.75,0.0822582,0.0137862
8448,0.06890832,0.01093392
8448.25,0.07072812,0.01311228
8448.5,0.0713772,0.0164646
8448.75,0.06729048,0.0131652
8449,0.07124868,0.01227096
8449.25,0.06754536,0.0108972
8449.5,0.07450488,0.01379052
8449.75,0.07194096,0.01525824
8450,0.07239132,0.0114318
8450.25,0.07109748,0.01054944
8450.5,0.07022916,0.00738396
8450.75,0.07089984,0.00553392
8451,0.07015572,0.00609876
8451.25,0.06834996,0.00561276
8451.5,0.0668736,0.00587844
8451.75,0.06749028,0.00598428
8452,0.06810804,0.00745956
8452.25,0.06565536,0.00648972
8452.5,0.06129432,0.00658692
8452.75,0.06209352,0.00673272
8453,0.06078672,0.00529524
8453.25,0.05933844,0.00626832
8453.5,0.05539428,0.00813348
8453.75,0.0544482,0.01293624
8454,0.05895288,0.01016064
8454.25,0.0601452,0.01280664
8454.5,0.06034824,0.01203552
8454.75,0.0729324,0.00892512
8455,0.05108832,0.0125226
8455.25,0.0494802,0.01511892
8455.5,0.08274312,0.019278
8455.75,0.07753536,0.01393524
8456,0.07139016,0.00989172
8456.25,0.09420948,0.00894672
8456.5,0.107487,0.02130624
8456.75,0.11965104,0.01168128
8457,0.14678928,0.0108756
8457.25,0.17128368,0.014472
8457.5,0.16991856,0.01814292
8457.75,0.13213584,0.00455868
8458,0.1412208,0.00276912
8458.25,0.11790036,0.004266
8458.5,0.1622862,0.01714392
8458.75,0.18715212,0.01703052
8459,0.18641016,0.0134406
8459.25,0.21784464,0.015714
8459.5,0.22587552,0.02119608
8459.75,0.23933772,0.02753028
8460,0.19550916,0.02015712
8460.25,0.2200122,0.03764772
8460.5,0.19344636,0.01798092
8460.75,0.16130232,0.01703376
8461,0.1647972,0.02440584
8461.25,0.1559142,0.02406348
8461.5,0.18407952,0.01749168
8461.75,0.1973862,0.02280852
8462,0.18674928,0.01863972
8462.25,0.20696472,0.02214324
8462.5,0.17562852,0.01665252
8462.75,0.17013024,0.01790316
8463,0.155277,0.01176768
8463.25,0.16140708,0.01556604
8463.5,0.16654356,0.01766664
8463.75,0.17071128,0.01285956
8464,0.19042668,0.0151956
8464.25,0.16356168,0.01793772
8464.5,0.16470864,0.00935172
8464.75,0.1508598,0.00946512
8465,0.12814416,0.00819936
8465.25,0.14044104,0.01456164
8465.5,0.14312268,0.01585008
8465.75,0.12988404,0.02078136
8466,0.1091718,0.01410156
8466.25,0.11337516,0.017496
8466.5,0.13926924,0.02026404
8466.75,0.11501136,0.01942812
8467,0.1318356,0.02620728
8467.25,0.1153926,0.0211356
8467.5,0.09595044,0.01584684
8467.75,0.11091276,0.0117558
8468,0.13309596,0.01404864
8468.25,0.13224276,0.01821096
8468.5,0.09639864,0.02028024
8468.75,0.12254868,0.01706616
8469,0.12923604,0.0156546
8469.25,0.1068228,0.01786752
8469.5,0.11164392,0.0102222
8469.75,0.11948148,0.01955016
8470,0.0883872,0.01259388
8470.25,0.08763228,0.01443852
8470.5,0.07907544,0.01319112
8470.75,0.08403696,0.01202688
8471,0.080163,0.01095012
8471.25,0.07868016,0.0143262
8471.5,0.08305308,0.01586088
8471.75,0.08404452,0.01664388
8472,0.0799848,0.01630044
8472.25,0.07748244,0.01647108
8472.5,0.0698706,0.01525176
8472.75,0.07184592,0.0148284
8473,0.078759,0.01682748
8473.25,0.07534728,0.0162432
8473.5,0.07810236,0.01421928
8473.75,0.07670268,0.01223316
8474,0.0821502,0.01446876
8474.25,0.07490124,0.01116072
8474.5,0.07964892,0.01641492
8474.75,0.0798228,0.01699704
8475,0.07268724,0.01406484
8475.25,0.07574256,0.01316952
8475.5,0.07263216,0.01079028
8475.75,0.0713664,0.0089316
8476,0.07202196,0.00872532
8476.25,0.06969888,0.0098334
8476.5,0.06570612,0.00996084
8476.75,0.06655176,0.0104598
8477,0.07166772,0.00955044
8477.25,0.06677208,0.01156896
8477.5,0.06172092,0.01214028
8477.75,0.05564268,0.01467612
8478,0.06340572,0.01708668
8478.25,0.05951124,0.01537596
8478.5,0.0605016,0.013338
8478.75,0.05898852,0.01245456
8479,0.06662304,0.0132624
8479.25,0.06221016,0.0136404
8479.5,0.07175196,0.01711152
8479.75,0.06757884,0.01514376
8480,0.05369112,0.01324944
8480.25,0.0538056,0.01165212
8480.5,0.05954364,0.0135216
8480.75,0.05990112,0.0117288
8481,0.06610572,0.01306476
8481.25,0.06059232,0.01488564
8481.5,0.0661068,0.01326456
8481.75,0.06459912,0.0123012
8482,0.06626124,0.01265328
8482.25,0.06507756,0.0107622
8482.5,0.04659012,0.01099764
8482.75,0.04401648,0.0094284
8483,0.07467444,0.01382184
8483.25,0.06483132,0.01491048
8483.5,0.07514208,0.01947456
8483.75,0.07676748,0.01938492
8484,0.06846984,0.0190296
8484.25,0.06894396,0.01678968
8484.5,0.06322428,0.01869048
8484.75,0.06064632,0.0163782
8485,0.0491724,0.0152874
8485.25,0.05375268,0.01780488
8485.5,0.05888484,0.01905984
8485.75,0.06227172,0.01694412
8486,0.06249204,0.01710612
8486.25,0.06664788,0.0153198
8486.5,0.0667062,0.01515348
8486.75,0.06656364,0.01285524
8487,0.06579684,0.01323
8487.25,0.07282548,0.01327968
8487.5,0.06735204,0.01515348
8487.75,0.06877116,0.01323108
8488,0.07178004,0.0141372
8488.25,0.07950636,0.01478088
8488.5,0.07466364,0.0164268
8488.75,0.079542,0.01700028
8489,0.08414604,0.01625292
8489.25,0.08720784,0.01808244
8489.5,0.09034956,0.01834272
8489.75,0.07188588,0.0157302
8490,0.0745956,0.01821852
8490.25,0.07551468,0.01603692
8490.5,0.07170444,0.0172368
8490.75,0.06885108,0.01725516
8491,0.0713124,0.01674432
8491.25,0.07294752,0.02089368
8491.5,0.09126,0.01768068
8491.75,0.09186696,0.01710072
8492,0.09366084,0.01478304
8492.25,0.09291564,0.02413584
8492.5,0.0919512,0.02055888
8492.75,0.10068192,0.02318976
8493,0.08699616,0.0142452
8493.25,0.09179136,0.01537812
8493.5,0.08684928,0.0150498
8493.75,0.09079884,0.02165832
8494,0.08248608,0.01393092
8494.25,0.0903096,0.01268676
8494.5,0.08409312,0.01520532
8494.75,0.08887968,0.02241648
8495,0.090342,0.01576692
8495.25,0.08640972,0.011637
8495.5,0.0914112,0.01308312
8495.75,0.08669268,0.0120528
8496,0.0805086,0.01208844
8496.25,0.08145252,0.01382616
8496.5,0.07480296,0.01167372
8496.75,0.07433208,0.01256796
8497,0.08577252,0.0158868
8497.25,0.07968888,0.0177606
8497.5,0.0836082,0.01757916
8497.75,0.08796276,0.02044332
8498,0.08311032,0.01535544
8498.25,0.08026884,0.01715472
8498.5,0.08393004,0.01771632
8498.75,0.08355528,0.0208656
8499,0.07899984,0.01735128
8499.25,0.07982712,0.0151524
8499.5,0.08346348,0.01958472
8499.75,0.08183484,0.01917
8500,0.07940592,0.01998432
8500.25,0.08237808,0.02003832
8500.5,0.08120844,0.02058156
8500.75,0.07462692,0.01575504
8501,0.0801252,0.01608768
8501.25,0.07733124,0.01515996
8501.5,0.0827388,0.01634148
8501.75,0.08026884,0.02072412
8502,0.0687582,0.0212274
8502.25,0.0711504,0.01883736
8502.5,0.06689196,0.01879848
8502.75,0.0677538,0.01821744
8503,0.06766956,0.0142506
8503.25,0.07067304,0.01720008
8503.5,0.07222176,0.01738908
8503.75,0.0790128,0.02127168
8504,0.05757804,0.01647648
8504.25,0.05352696,0.01511028
8504.5,0.05456916,0.01275696
8504.75,0.05835888,0.01531872
8505,0.06875928,0.01636308
8505.25,0.071037,0.01850472
8505.5,0.07963164,0.01834488
8505.75,0.07909596,0.01827036
8506,0.0828252,0.01902744
8506.25,0.0763776,0.01641276
8506.5,0.05495796,0.01440504
8506.75,0.05589864,0.01142208
8507,0.06004584,0.01088856
8507.25,0.06672132,0.00986472
8507.5,0.09441684,0.01345572
8507.75,0.06922152,0.01437804
8508,0.08371188,0.013392
8508.25,0.07884972,0.01653048
8508.5,0.07262568,0.01383264
8508.75,0.06924744,0.01465128
8509,0.0572454,0.01526472
8509.25,0.06523848,0.01882008
8509.5,0.07874604,0.0195264
8509.75,0.07320456,0.02104164
8510,0.06975288,0.01979964
8510.25,0.07242048,0.01954584
8510.5,0.06835428,0.01594404
8510.75,0.07160184,0.01572588
8511,0.0663174,0.0157896
8511.25,0.05491476,0.0148068
8511.5,0.04278852,0.01100628
8511.75,0.0460296,0.01075356
8512,0.05293296,0.01264572
8512.25,0.0593784,0.01502388
8512.5,0.05800896,0.01128924
8512.75,0.05774328,0.01115208
8513,0.05765472,0.01178172
8513.25,0.0583416,0.00974376
8513.5,0.06982308,0.01151064
8513.75,0.06761988,0.01235628
8514,0.06329124,0.01197288
8514.25,0.071388,0.01342116
8514.5,0.0650862,0.00884304
8514.75,0.06414012,0.0113886
8515,0.06041196,0.00941436
8515.25,0.05780592,0.00664956
8515.5,0.06135804,0.0099198
8515.75,0.07370784,0.010098
8516,0.07797384,0.00967032
8516.25,0.07453188,0.00914004
8516.5,0.0781056,0.01273968
8516.75,0.07854624,0.0100116
8517,0.07656768,0.01192104
8517.25,0.07872336,0.01041552
8517.5,0.08545176,0.0106488
8517.75,0.08432964,0.0127872
8518,0.07969212,0.01146528
8518.25,0.07856136,0.01071252
8518.5,0.07043544,0.00979992
8518.75,0.0774414,0.01409616
8519,0.07790796,0.01090908
8519.25,0.07540992,0.01182708
8519.5,0.07501032,0.01150956
8519.75,0.0875016,0.01883304
8520,0.07512048,0.01559412
8520.25,0.072495,0.01429812
8520.5,0.06581088,0.01107324
8520.75,0.0688068,0.01007208
8521,0.07269696,0.01156248
8521.25,0.07427808,0.01489752
8521.5,0.07078212,0.01007964
8521.75,0.07529112,0.01149552
8522,0.075924,0.01294596
8522.25,0.07388388,0.01224504
8522.5,0.07308684,0.01497528
8522.75,0.076761,0.01240272
8523,0.06695676,0.01338444
8523.25,0.07170876,0.01802736
8523.5,0.07065144,0.01363068
8523.75,0.068283,0.01527228
8524,0.07085664,0.01277316
8524.25,0.06504516,0.01234224
8524.5,0.06380424,0.01423116
8524.75,0.0631476,0.0148446
8525,0.07033068,0.01575396
8525.25,0.07131132,0.01754676
8525.5,0.05515236,0.01335096
8525.75,0.06073164,0.02073276
8526,0.06732504,0.01879632
8526.25,0.06531624,0.01431
8526.5,0.06043788,0.01470852
8526.75,0.06362388,0.01569996
8527,0.06214428,0.01671192
8527.25,0.0685314,0.01653804
8527.5,0.07554816,0.00765828
8527.75,0.09378936,0.01114128
8528,0.08707608,0.00776844
8528.25,0.09679608,0.0045954
8528.5,0.1257768,0.00936144
8528.75,0.12339324,0.0106974
8529,0.13809096,0.00980424
8529.25,0.15821028,0.024219
8529.5,0.16372044,0.01374516
8529.75,0.17781876,0.01123848
8530,0.1730268,0.0162972
8530.25,0.18818568,0.01324944
8530.5,0.15686784,0.01296972
8530.75,0.18552996,0.01510488
8531,0.2008854,0.0123876
8531.25,0.1879254,0.02509164
8531.5,0.18704736,0.02213892
8531.75,0.19250892,0.0140724
8532,0.16882776,0.00783216
8532.25,0.17345664,0.0109674
8532.5,0.16375392,0.00991872
8532.75,0.15706224,0.01313928
8533,0.13101588,0.00547344
8533.25,0.14473836,0.00931932
8533.5,0.15953544,0.01273968
8533.75,0.1863702,0.01799172
8534,0.16843032,0.00880524
8534.25,0.16400772,0.00590328
8534.5,0.1761804,0.00962064
8534.75,0.147906,0.01367712
8535,0.13757688,0.01431972
8535.25,0.15496272,0.0116424
8535.5,0.14142276,0.01572156
8535.75,0.14132016,0.0134352
8536,0.14330412,0.01368684
8536.25,0.1655208,0.02527524
8536.5,0.16850376,0.02291436
8536.75,0.1203336,0.01315548
8537,0.10742112,0.01744092
8537.25,0.10847412,0.01821636
8537.5,0.09706176,0.013446
8537.75,0.10317132,0.02454084
8538,0.10350612,0.01776168
8538.25,0.0808866,0.01247184
8538.5,0.07369272,0.0144072
8538.75,0.07490556,0.01619028
8539,0.071253,0.01391364
8539.25,0.06874416,0.01611792
8539.5,0.08177112,0.02016036
8539.75,0.100764,0.01571724
8540,0.10095624,0.02022732
8540.25,0.11621232,0.01913004
8540.5,0.10011492,0.01820124
8540.75,0.11724696,0.02093472
8541,0.11262564,0.0261252
8541.25,0.1000512,0.0197748
8541.5,0.1040742,0.02056104
8541.75,0.12100644,0.02292948
8542,0.1037772,0.0165294
8542.25,0.09890964,0.01357668
8542.5,0.08896824,0.0148284
8542.75,0.08734392,0.0134838
8543,0.0881928,0.02717712
8543.25,0.08267616,0.01220184
8543.5,0.0860166,0.0123606
8543.75,0.08897256,0.01404216
8544,0.07820064,0.01356048
8544.25,0.07634412,0.01458432
8544.5,0.07659684,0.01950912
8544.75,0.08101728,0.01782756
8545,0.07691652,0.0143964
8545.25,0.07461504,0.01523556
8545.5,0.08362764,0.01249128
8545.75,0.08451,0.01774116
8546,0.07972992,0.01582092
8546.25,0.07777836,0.01328184
8546.5,0.08004312,0.0132408
8546.75,0.082998,0.01188108
8547,0.07379856,0.01431108
8547.25,0.07488936,0.01460916
8547.5,0.07887456,0.015525
8547.75,0.07953012,0.01688148
8548,0.07678476,0.01571508
8548.25,0.07877196,0.0168696
8548.5,0.07330716,0.01696788
8548.75,0.0703026,0.01227204
8549,0.07749216,0.01408968
8549.25,0.0778734,0.0134514
8549.5,0.08420868,0.017685
8549.75,0.07313868,0.01317492
8550,0.07453404,0.01768068
8550.25,0.0710748,0.01571616
8550.5,0.0689958,0.01356804
8550.75,0.09895932,0.0164268
8551,0.07728696,0.01527336
8551.25,0.07202952,0.01168668
8551.5,0.0896886,0.01145772
8551.75,0.08993916,0.0066636
8552,0.08348616,0.01107432
8552.25,0.09030096,0.00807408
8552.5,0.0776736,0.00761076
8552.75,0.08939376,0.00738936
8553,0.1107324,0.00649512
8553.25,0.1068336,0.0089694
8553.5,0.1287846,0.00804816
8553.75,0.1442232,0.00999432
8554,0.14126724,0.007209
8554.25,0.12612672,0.0042228
8554.5,0.10835424,0.0059724
8554.75,0.1184544,0.00834084
8555,0.10880568,0.01009908
8555.25,0.12062304,0.01153116
8555.5,0.13464792,0.0112806
8555.75,0.1192482,0.01860624
8556,0.09201924,0.01312632
8556.25,0.11455668,0.01157328
8556.5,0.08868096,0.0051354
8556.75,0.09560808,0.00638604
8557,0.08188776,0.00360504
8557.25,0.08325936,0.0058752
8557.5,0.0924426,0.00480492
8557.75,0.11017512,0.00946188
8558,0.0898614,0.00779436
8558.25,0.09311004,0.0096336
8558.5,0.08469792,0.00856872
8558.75,0.10689624,0.01153332
8559,0.10454616,0.01083024
8559.25,0.11146356,0.01502064
8559.5,0.09468576,0.01474956
8559.75,0.0973134,0.01724976
8560,0.096525,0.01405296
8560.25,0.10015272,0.01511244
8560.5,0.09930384,0.0150336
8560.75,0.09149436,0.01184328
8561,0.09356472,0.00975348
8561.25,0.08593344,0.00970056
8561.5,0.08257356,0.00568728
8561.75,0.07886376,0.0074574
8562,0.0813672,0.01129464
8562.25,0.07754508,0.01226772
8562.5,0.0667656,0.00968976
8562.75,0.06579144,0.00792612
8563,0.06735744,0.00836784
8563.25,0.06357636,0.00737964
8563.5,0.0646542,0.00920052
8563.75,0.0755784,0.0103518
8564,0.08475624,0.00687204
8564.25,0.0798552,0.00544104
8564.5,0.0834138,0.00524772
8564.75,0.08619804,0.00596484
8565,0.08639244,0.00695736
8565.25,0.08087256,0.00731808
8565.5,0.08060256,0.009558
8565.75,0.08185968,0.01033668
8566,0.08155512,0.00991764
8566.25,0.08222364,0.01031508
8566.5,0.07626096,0.01045764
8566.75,0.07711308,0.01348164
8567,0.07897824,0.0137646
8567.25,0.07999992,0.01368576
8567.5,0.08241588,0.01431864
8567.75,0.0859734,0.01260036
8568,0.07293348,0.01090476
8568.25,0.08298828,0.02091744
8568.5,0.0769446,0.0152712
8568.75,0.07338384,0.01309176
8569,0.07073244,0.01333152
8569.25,0.07343136,0.01292328
8569.5,0.08190072,0.01112616
8569.75,0.08398728,0.01307016
8570,0.08073216,0.014229
8570.25,0.07512156,0.01254852
8570.5,0.08305092,0.01519344
8570.75,0.08395164,0.01736856
8571,0.07027884,0.01134108
8571.25,0.07295184,0.01318896
8571.5,0.07669728,0.01422468
8571.75,0.07147872,0.01031292
8572,0.06962004,0.01154952
8572.25,0.07592076,0.01974996
8572.5,0.06961464,0.01375596
8572.75,0.06786828,0.01217592
8573,0.07417116,0.01737612
8573.25,0.0753732,0.0130356
8573.5,0.07195176,0.0155628
8573.75,0.06878628,0.02321892
8574,0.06253632,0.0129492
8574.25,0.067824,0.01247724
8574.5,0.0591786,0.00914328
8574.75,0.07145064,0.01014984
8575,0.06250176,0.00844884
8575.25,0.06612192,0.00755568
8575.5,0.06637464,0.00741204
8575.75,0.0706158,0.00568512
8576,0.06381288,0.00705024
8576.25,0.0678348,0.00991332
8576.5,0.072981,0.00549288
8576.75,0.07328016,0.00546588
8577,0.0753138,0.00604044
8577.25,0.0901476,0.00722412
8577.5,0.09976932,0.00928368
8577.75,0.09514908,0.00574776
8578,0.09428076,0.00474768
8578.25,0.08520876,0.00619488
8578.5,0.07311492,0.00398412
8578.75,0.07178652,0.00561168
8579,0.07987788,0.00781812
8579.25,0.09687708,0.00630396
8579.5,0.09459612,0.00779436
8579.75,0.08641404,0.01026324
8580,0.08130348,0.01303236
8580.25,0.0910926,0.01979964
8580.5,0.08421084,0.00817452
8580.75,0.07540344,0.0084402
8581,0.05808996,0.0096282
8581.25,0.058131,0.00665496
8581.5,0.07789176,0.00699624
8581.75,0.0821232,0.00978048
8582,0.09629064,0.01227096
8582.25,0.09268128,0.01451196
8582.5,0.08368704,0.01251288
8582.75,0.08898552,0.01254852
8583,0.0740826,0.01662444
8583.25,0.07554924,0.01402596
8583.5,0.05674212,0.009234
8583.75,0.05667516,0.00673704
8584,0.05616432,0.0078192
8584.25,0.06315192,0.0082728
8584.5,0.06208704,0.0092448
8584.75,0.06583248,0.0106164
8585,0.06903792,0.00651024
8585.25,0.06659604,0.00893808
8585.5,0.07014384,0.0064692
8585.75,0.067662,0.00734508
8586,0.06955632,0.00707724
8586.25,0.07414308,0.00833976
8586.5,0.06744708,0.0070632
8586.75,0.0622458,0.00737208
8587,0.06670944,0.00789264
8587.25,0.06491232,0.00627912
8587.5,0.06769224,0.01043064
8587.75,0.07643052,0.0114534
8588,0.08410176,0.00827928
8588.25,0.08655984,0.00895212
8588.5,0.08763444,0.01122984
8588.75,0.08671752,0.0123552
8589,0.08797788,0.01303992
8589.25,0.08634276,0.01518156
8589.5,0.08679528,0.0121662
8589.75,0.09048996,0.01271052
8590,0.0925992,0.01625076
8590.25,0.09153216,0.01252368
8590.5,0.08480052,0.0122472
8590.75,0.08365788,0.01366092
8591,0.08587512,0.01483704
8591.25,0.09368784,0.01876932
8591.5,0.09195768,0.01928664
8591.75,0.0878094,0.01768716
8592,0.0834084,0.01666116
8592.25,0.07803972,0.01435968
8592.5,0.08520228,0.02051028
8592.75,0.08122356,0.01858356
8593,0.07861536,0.01326888
8593.25,0.08384904,0.01822824
8593.5,0.08289216,0.0097416
8593.75,0.08142444,0.01188
8594,0.0852768,0.01276344
8594.25,0.08570556,0.01141128
8594.5,0.0878688,0.01651644
8594.75,0.08005392,0.01101384
8595,0.07677072,0.00789372
8595.25,0.08152164,0.00936684
8595.5,0.08041464,0.00927504
8595.75,0.09449676,0.01098684
8596,0.08882784,0.01043388
8596.25,0.08655012,0.01156032
8596.5,0.09041868,0.00935928
8596.75,0.0788724,0.00563976
8597,0.0821124,0.00692064
8597.25,0.09553572,0.00870696
8597.5,0.08572932,0.00886572
8597.75,0.0720306,0.00861516
8598,0.07725564,0.0100116
8598.25,0.07126272,0.0094338
8598.5,0.06037632,0.00806436
8598.75,0.0599994,0.0087102
8599,0.05474628,0.00858492
8599.25,0.08026452,0.00914544
8599.5,0.09230652,0.01212732
8599.75,0.08667648,0.01011312
8600,0.0610956,0.011448
8600.25,0.06286788,0.01026
8600.5,0.06363036,0.01179684
8600.75,0.07335252,0.01449252
8601,0.07424352,0.01134972
8601.25,0.0704052,0.01221372
8601.5,0.07655148,0.01292544
8601.75,0.08720568,0.01869804
8602,0.07726644,0.01295244
8602.25,0.058644,0.01116396
8602.5,0.05524092,0.01019196
8602.75,0.0645894,0.01237788
8603,0.07688844,0.01406484
8603.25,0.06370164,0.01334448
8603.5,0.07749216,0.01436616
8603.75,0.07187076,0.0131274
8604,0.06396732,0.01256688
8604.25,0.06640596,0.01608336
8604.5,0.06799248,0.01372464
8604.75,0.05671296,0.0123984
8605,0.03454704,0.00862272
8605.25,0.039258,0.00931176
8605.5,0.05107644,0.0096498
8605.75,0.05619564,0.0107352
8606,0.05476896,0.00913032
8606.25,0.0588168,0.00968976
8606.5,0.0455544,0.00726084
8606.75,0.04435344,0.0071874
8607,0.05506704,0.00780516
8607.25,0.04134888,0.00709344
8607.5,0.03374352,0.00796392
8607.75,0.0322974,0.00668952
8608,0.0349974,0.00637524
8608.25,0.0371628,0.00678564
8608.5,0.03519828,0.0057834
8608.75,0.03675132,0.00625644
8609,0.03882168,0.0045792
8609.25,0.0374652,0.00445392
8609.5,0.04037904,0.0045954
8609.75,0.04028724,0.00749952
8610,0.04377348,0.00754056
8610.25,0.04892076,0.0069876
8610.5,0.04883112,0.00717444
8610.75,0.04622184,0.0060102
8611,0.05073732,0.0066906
8611.25,0.05318676,0.00600696
8611.5,0.06107616,0.00505224
8611.75,0.06869124,0.00394308
8612,0.06824952,0.00518076
8612.25,0.07051212,0.00644544
8612.5,0.07371108,0.00636876
8612.75,0.07502328,0.00731916
8613,0.07902036,0.0083322
8613.25,0.0722574,0.0058104
8613.5,0.07285896,0.00615168
8613.75,0.07363764,0.00612036
8614,0.0715986,0.00612036
8614.25,0.07051536,0.00654156
8614.5,0.0674244,0.00577476
8614.75,0.07132536,0.00719172
8615,0.07179084,0.00671328
8615.25,0.07917696,0.01326132
8615.5,0.07608816,0.00921996
8615.75,0.0661392,0.00749952
8616,0.059454,0.00366336
8616.25,0.06066036,0.00456408
8616.5,0.0524124,0.00406296
8616.75,0.06333984,0.00599184
8617,0.0654804,0.00438048
8617.25,0.06633684,0.00436752
8617.5,0.0581418,0.00471744
8617.75,0.07020216,0.00667764
8618,0.06986196,0.00711612
8618.25,0.06999048,0.00682236
8618.5,0.06031692,0.0073224
8618.75,0.07016328,0.00776844
8619,0.0568674,0.00664308
8619.25,0.05468472,0.00554148
8619.5,0.06903576,0.00718632
8619.75,0.05941296,0.00650484
8620,0.05941296,0.0079326
8620.25,0.05547636,0.0070254
8620.5,0.0526662,0.0063504
8620.75,0.06377508,0.0074898
8621,0.05933304,0.00783972
8621.25,0.05994648,0.00753516
8621.5,0.05724216,0.0077382
8621.75,0.06551496,0.0120204
8622,0.0558414,0.014688
8622.25,0.04926096,0.0092826
8622.5,0.04724244,0.01365444
8622.75,0.05387364,0.00887868
8623,0.05875416,0.0084402
8623.25,0.06308496,0.00527904
8623.5,0.06457752,0.00544968
8623.75,0.07022916,0.00628344
8624,0.05946048,0.01072872
8624.25,0.05300424,0.00844344
8624.5,0.05880168,0.0086832
8624.75,0.06151896,0.00705888
8625,0.06729804,0.00889488
8625.25,0.08064252,0.0091962
8625.5,0.08663652,0.0101034
8625.75,0.09041328,0.0120798
8626,0.07117956,0.01026864
8626.25,0.09409068,0.01242324
8626.5,0.08714844,0.01156032
8626.75,0.06232248,0.00811512
8627,0.08097408,0.01501308
8627.25,0.08271936,0.0081594
8627.5,0.0920322,0.0114858
8627.75,0.09116172,0.01218132
8628,0.08105076,0.01315656
8628.25,0.08652312,0.01361664
8628.5,0.08115444,0.00953856
8628.75,0.08375724,0.0131004
8629,0.06663708,0.0108432
8629.25,0.07413984,0.00874044
8629.5,0.1034424,0.01828116
8629.75,0.10274688,0.01512324
8630,0.11088468,0.01624968
8630.25,0.1040202,0.01643868
8630.5,0.102546,0.01113912
8630.75,0.10504944,0.01263168
8631,0.10675908,0.01008504
8631.25,0.10757772,0.01442556
8631.5,0.09003204,0.01391796
8631.75,0.0813942,0.01390716
8632,0.08576172,0.01157976
8632.25,0.08404344,0.0121932
8632.5,0.07880544,0.010368
8632.75,0.08602308,0.01019736
8633,0.07255332,0.00845208
8633.25,0.06879384,0.009585
8633.5,0.06793308,0.01102464
8633.75,0.06060312,0.00768744
8634,0.05944212,0.0097632
8634.25,0.06039252,0.0103248
8634.5,0.058104,0.010611
8634.75,0.05451516,0.00943488
8635,0.05600448,0.01053864
8635.25,0.05420844,0.00874908
8635.5,0.05774004,0.00889272
8635.75,0.07107372,0.01116504
8636,0.07902144,0.01166076
8636.25,0.0812808,0.01331964
8636.5,0.08088876,0.01247076
8636.75,0.07835616,0.01184328
8637,0.08367732,0.0161136
8637.25,0.07641,0.01337472
8637.5,0.07520796,0.01182168
8637.75,0.08170308,0.01814832
8638,0.07838964,0.01459188
8638.25,0.07525332,0.01449468
8638.5,0.07203708,0.01424628
8638.75,0.07920288,0.02158596
8639,0.08194284,0.02413476
8639.25,0.07996968,0.01966896
8639.5,0.07849764,0.01832328
8639.75,0.07629876,0.01478736
8640,0.06882624,0.01361124
8640.25,0.074979,0.01608876
8640.5,0.06832404,0.01319328
8640.75,0.0661068,0.01284552
8641,0.0685476,0.01331424
8641.25,0.06871284,0.01558332
8641.5,0.07370568,0.01550124
8641.75,0.08231112,0.01878984
8642,0.07712604,0.01305396
8642.25,0.07218396,0.014904
8642.5,0.07270668,0.01188864
8642.75,0.0761832,0.01617624
8643,0.06542316,0.00787968
8643.25,0.06972804,0.00735912
8643.5,0.07010388,0.00960984
8643.75,0.07418304,0.01054728
8644,0.06754644,0.00886896
8644.25,0.06700644,0.00944784
8644.5,0.05775948,0.00836244
8644.75,0.07302312,0.01386612
8645,0.07076268,0.01051812
8645.25,0.07346268,0.01195992
8645.5,0.06897852,0.01085076
8645.75,0.05995944,0.01567836
8646,0.06133104,0.01790964
8646.25,0.0597996,0.0142884
8646.5,0.05889456,0.0134784
8646.75,0.0610254,0.0142992
8647,0.05649156,0.01174716
8647.25,0.06404292,0.01153764
8647.5,0.06391224,0.01259388
8647.75,0.07023564,0.01588464
8648,0.04560192,0.01067796
8648.25,0.04694544,0.00853308
8648.5,0.04901688,0.01050516
8648.75,0.05108292,0.00956448
8649,0.07578792,0.00882144
8649.25,0.06232248,0.01061532
8649.5,0.07899984,0.01271484
8649.75,0.07666272,0.01030536
8650,0.06876684,0.00823068
8650.25,0.07343676,0.01011528
8650.5,0.04923396,0.00892404
8650.75,0.0682722,0.00938196
8651,0.0743418,0.00688608
8651.25,0.066879,0.00664632
8651.5,0.07333416,0.00651024
8651.75,0.08160372,0.00995436
8652,0.06582168,0.00627804
8652.25,0.07315812,0.00591408
8652.5,0.06794928,0.00714636
8652.75,0.07222716,0.01179468
8653,0.05544288,0.0099468
8653.25,0.05744304,0.00853092
8653.5,0.06511212,0.01100196
8653.75,0.07017192,0.0146556
8654,0.06987276,0.01673136
8654.25,0.0694062,0.01583388
8654.5,0.06236892,0.018009
8654.75,0.07170228,0.01328508
8655,0.06119712,0.01021788
8655.25,0.07918668,0.01277856
8655.5,0.05589864,0.01391256
8655.75,0.05821956,0.01444068
8656,0.05711796,0.0135864
8656.25,0.0600264,0.01173204
8656.5,0.058455,0.0123984
8656.75,0.0591084,0.0123066
8657,0.06741468,0.01458324
8657.25,0.06375348,0.01593
8657.5,0.0607608,0.01191456
8657.75,0.06883272,0.01181952
8658,0.07018056,0.00910872
8658.25,0.05845716,0.00863892
8658.5,0.05106132,0.00808704
8658.75,0.04989816,0.00724032
8659,0.054945,0.00748872
8659.25,0.05701644,0.00690012
8659.5,0.06196932,0.00779004
8659.75,0.07448652,0.00760752
8660,0.07431912,0.00810108
8660.25,0.07289784,0.00860112
8660.5,0.07395192,0.0076572
8660.75,0.07211268,0.00775116
8661,0.08026128,0.01016172
8661.25,0.07836048,0.01051164
8661.5,0.07282872,0.01013472
8661.75,0.07471872,0.01286712
8662,0.0722142,0.01157112
8662.25,0.07342272,0.01179252
8662.5,0.06927876,0.00953964
8662.75,0.07057152,0.0104166
8663,0.06947532,0.01069416
8663.25,0.07912404,0.01928556
8663.5,0.07812504,0.016119
8663.75,0.085887,0.02338848
8664,0.06837264,0.01489968
8664.25,0.07498116,0.01577232
8664.5,0.06740388,0.01521288
8664.75,0.06522552,0.01456596
8665,0.0670464,0.00893808
8665.25,0.07023888,0.0104328
8665.5,0.07464528,0.01211544
8665.75,0.07014708,0.01069956
8666,0.0719874,0.01257984
8666.25,0.07182108,0.0145314
8666.5,0.07236648,0.01471932
8666.75,0.07418628,0.0147042
8667,0.06608844,0.01133568
8667.25,0.066285,0.0121878
8667.5,0.06523524,0.01138428
8667.75,0.0721764,0.01609308
8668,0.06284304,0.01109916
8668.25,0.06662844,0.01323216
8668.5,0.0678456,0.021168
8668.75,0.06092388,0.01255392
8669,0.06455268,0.01593324
8669.25,0.067689,0.0153954
8669.5,0.05962896,0.01189296
8669.75,0.051111,0.01458648
8670,0.06501168,0.02160864
8670.25,0.0588492,0.01545804
8670.5,0.0590598,0.0141912
8670.75,0.05642244,0.02019168
8671,0.0566784,0.01694196
8671.25,0.05718924,0.01790964
8671.5,0.0631368,0.01683612
8671.75,0.06292944,0.01949616
8672,0.03783996,0.01072008
8672.25,0.04358772,0.00853632
8672.5,0.04385232,0.00910224
8672.75,0.05014656,0.01006344
8673,0.05654772,0.0100926
8673.25,0.06347484,0.01158408
8673.5,0.0606582,0.01076004
8673.75,0.0738936,0.01047492
8674,0.06207948,0.00988524
8674.25,0.06607116,0.00719496
8674.5,0.0470664,0.00498744
8674.75,0.05681988,0.00729
8675,0.05669028,0.00702108
8675.25,0.0665766,0.00605232
8675.5,0.0698544,0.00786996
8675.75,0.0763884,0.01135188
8676,0.07281576,0.01278072
8676.25,0.06304176,0.01184868
8676.5,0.05449032,0.00859788
8676.75,0.05703912,0.00939492
8677,0.04335768,0.01064664
8677.25,0.04826952,0.00965088
8677.5,0.05344272,0.00934632
8677.75,0.06557976,0.00906876
8678,0.06231924,0.00864756
8678.25,0.06602688,0.0087318
8678.5,0.0621108,0.00803628
8678.75,0.0683478,0.00839052
8679,0.0597834,0.00790668
8679.25,0.0646488,0.00947268
8679.5,0.04872852,0.0115074
8679.75,0.0525528,0.01420416
8680,0.05001696,0.0083106
8680.25,0.05540724,0.0087912
8680.5,0.06257412,0.00839484
8680.75,0.06148332,0.0095904
8681,0.07268724,0.01025352
8681.25,0.072549,0.01047276
8681.5,0.07892964,0.01498824
8681.75,0.059481,0.00948024
8682,0.06176304,0.00969408
8682.25,0.0703296,0.02225448
8682.5,0.07864236,0.01996272
8682.75,0.09768492,0.02318976
8683,0.097875,0.019332
8683.25,0.0867726,0.01440072
8683.5,0.09423324,0.01849608
8683.75,0.09362952,0.01870452
8684,0.094338,0.02076516
8684.25,0.08782344,0.01872612
8684.5,0.0919242,0.02021544
8684.75,0.09190584,0.02037528
8685,0.09733392,0.0190242
8685.25,0.08478648,0.01282716
8685.5,0.07614756,0.01304856
8685.75,0.07723512,0.01408752
8686,0.07543908,0.01398492
8686.25,0.07503192,0.01402488
8686.5,0.07380612,0.01214892
8686.75,0.07036524,0.01102032
8687,0.07401672,0.01303344
8687.25,0.08522604,0.019845
8687.5,0.07873308,0.01385748
8687.75,0.07801164,0.01291464
8688,0.07249284,0.01037664
8688.25,0.07156728,0.01043604
8688.5,0.06620076,0.00939816
8688.75,0.07018056,0.01319652
8689,0.0721602,0.01425168
8689.25,0.07609572,0.0212868
8689.5,0.07629552,0.02242728
8689.75,0.08038116,0.02198988
8690,0.08079048,0.02208384
8690.25,0.08147844,0.01778544
8690.5,0.0806166,0.0174258
8690.75,0.07410528,0.0157302
8691,0.0758592,0.02297916
8691.25,0.07505892,0.02074248
8691.5,0.0732078,0.018684
8691.75,0.0704214,0.01740312
8692,0.0745362,0.01991844
8692.25,0.06680124,0.01357344
8692.5,0.06770412,0.01412856
8692.75,0.06786396,0.01857708
8693,0.06823116,0.00981936
8693.25,0.07557084,0.01154844
8693.5,0.0760266,0.01294596
8693.75,0.06999156,0.01672488
8694,0.05901984,0.01373112
8694.25,0.05919372,0.0125658
8694.5,0.06042816,0.0118638
8694.75,0.06620292,0.01173528
8695,0.06990624,0.01081836
8695.25,0.07310628,0.01034532
8695.5,0.07570692,0.00928584
8695.75,0.09077616,0.00774036
8696,0.08883864,0.00927396
8696.25,0.08558892,0.00533304
8696.5,0.08957304,0.00330048
8696.75,0.1008126,0.00686556
8697,0.10485288,0.00976428
8697.25,0.1087884,0.00997272
8697.5,0.12382092,0.01571832
8697.75,0.12096432,0.01363932
8698,0.11365272,0.0103626
8698.25,0.12115548,0.01569348
8698.5,0.09904788,0.01450008
8698.75,0.10202868,0.01311984
8699,0.11335896,0.01691928
8699.25,0.1114614,0.0125604
8699.5,0.12305628,0.0147096
8699.75,0.11688084,0.01950804
8700,0.12100428,0.02133864
8700.25,0.11661192,0.02306448
8700.5,0.107811,0.0173502
8700.75,0.1100196,0.01730808
8701,0.0830142,0.01174608
8701.25,0.08985708,0.01498392
8701.5,0.1040094,0.01537272
8701.75,0.11467548,0.01769904
8702,0.1264842,0.01940544
8702.25,0.11339352,0.01654668
8702.5,0.1221372,0.01555956
8702.75,0.1272996,0.0187002
8703,0.1184382,0.01959876
8703.25,0.11876328,0.01884924
8703.5,0.10403316,0.0191646
8703.75,0.0993492,0.01423224
8704,0.10248768,0.01690632
8704.25,0.10566504,0.01404108
8704.5,0.10789308,0.01292112
8704.75,0.10699344,0.01263492
8705,0.09485208,0.00706428
8705.25,0.07949124,0.0073008
8705.5,0.07586676,0.00413964
8705.75,0.07457292,0.00474336
8706,0.07337196,0.0067176
8706.25,0.07266672,0.00698328
8706.5,0.06689196,0.00654156
8706.75,0.06560568,0.00542268
8707,0.06777216,0.00596484
8707.25,0.06152436,0.00524556
8707.5,0.06827976,0.00665604
8707.75,0.072603,0.00662904
8708,0.08548848,0.0074682
8708.25,0.08952552,0.00650916
8708.5,0.08924904,0.0067338
8708.75,0.08309844,0.0073764
8709,0.08433936,0.00693036
8709.25,0.07978716,0.00585792
8709.5,0.0804168,0.00662256
8709.75,0.08586324,0.00920484
8710,0.08091252,0.00904284
8710.25,0.07716276,0.0076086
8710.5,0.07254036,0.0091422
8710.75,0.07581816,0.00894348
8711,0.08091684,0.01082268
8711.25,0.0728136,0.01083348
8711.5,0.08123976,0.01263492
8711.75,0.08322372,0.01437588
8712,0.07132428,0.01012932
8712.25,0.07575228,0.00922428
8712.5,0.0723492,0.0071766
8712.75,0.07636032,0.01419228
8713,0.07167852,0.00942408
8713.25,0.07369812,0.01106676
8713.5,0.08098164,0.01095336
8713.75,0.07841988,0.01097496
8714,0.08064144,0.01841616
8714.25,0.08335332,0.01770552
8714.5,0.08275716,0.01502172
8714.75,0.08085528,0.01348812
8715,0.07730316,0.01112076
8715.25,0.0714582,0.00897372
8715.5,0.0744984,0.0114912
8715.75,0.06931224,0.01018332
8716,0.07313868,0.0117072
8716.25,0.07134264,0.01103976
8716.5,0.06496632,0.00942192
8716.75,0.06721704,0.01086264
8717,0.07230384,0.01160352
8717.25,0.06918156,0.01310904
8717.5,0.068202,0.01466748
8717.75,0.05998644,0.0163512
8718,0.06015708,0.01908792
8718.25,0.06359472,0.01609416
8718.5,0.06431724,0.01646028
8718.75,0.0685476,0.01494936
8719,0.07484184,0.01293732
8719.25,0.07332876,0.0116586
8719.5,0.0814752,0.01332612
8719.75,0.09243504,0.00772416
8720,0.08436312,0.01213596
8720.25,0.08323128,0.00597564
8720.5,0.08846172,0.00522288
8720.75,0.09459936,0.01042632
8721,0.08819712,0.00879552
8721.25,0.0888462,0.00928152
8721.5,0.09661248,0.00925344
8721.75,0.10326852,0.00921348
8722,0.10204056,0.00927828
8722.25,0.11781936,0.01159164
8722.5,0.09115848,0.00892836
8722.75,0.10020132,0.01038312
8723,0.10723968,0.00831384
8723.25,0.11180484,0.00870804
8723.5,0.12360168,0.00642276
8723.75,0.1327536,0.00816372
8724,0.11639052,0.00780732
8724.25,0.12602736,0.00958824
8724.5,0.118557,0.009072
8724.75,0.10878408,0.0124956
8725,0.07992972,0.01114452
8725.25,0.07750836,0.00688608
8725.5,0.09176652,0.00879552
8725.75,0.09874224,0.00777276
8726,0.09621936,0.00654588
8726.25,0.10166796,0.01057428
8726.5,0.09982008,0.00904608
8726.75,0.10514988,0.01167048
8727,0.1053972,0.01223856
8727.25,0.0945756,0.01377
8727.5,0.08490636,0.01786752
8727.75,0.08800272,0.02337228
8728,0.09121248,0.015552
8728.25,0.09756396,0.02100816
8728.5,0.09632196,0.01902852
8728.75,0.09162612,0.01436616
8729,0.08201736,0.00908604
8729.25,0.08151408,0.00869076
8729.5,0.0720684,0.00639144
8729.75,0.07669404,0.00848124
8730,0.074088,0.01012608
8730.25,0.07734636,0.00908172
8730.5,0.0735102,0.0099414
8730.75,0.07232544,0.0080298
8731,0.06753456,0.00622296
8731.25,0.06042168,0.00564624
8731.5,0.06419412,0.007722
8731.75,0.07114176,0.00914004
8732,0.08337384,0.00655992
8732.25,0.08239104,0.00804384
8732.5,0.08746164,0.0084348
8732.75,0.08102268,0.00753516
8733,0.08487288,0.00770904
8733.25,0.08162532,0.0077328
8733.5,0.08052588,0.00766476
8733.75,0.08045136,0.00756432
8734,0.07734852,0.00783648
8734.25,0.07695216,0.00896184
8734.5,0.07045704,0.00887112
8734.75,0.07093116,0.00857628
8735,0.0782406,0.01183248
8735.25,0.07443468,0.01318788
8735.5,0.07774164,0.0125118
8735.75,0.07539804,0.0123444
8736,0.0754488,0.01631016
8736.25,0.0673758,0.01035504
8736.5,0.0654372,0.01025352
8736.75,0.0740124,0.01390068
8737,0.07072272,0.01631772
8737.25,0.07031664,0.01268568
8737.5,0.07485804,0.01574316
8737.75,0.07673184,0.01870884
8738,0.07675668,0.01708884
8738.25,0.07611732,0.01451304
8738.5,0.07670484,0.01370304
8738.75,0.07686684,0.01341468
8739,0.07004664,0.01397952
8739.25,0.0697194,0.01434456
8739.5,0.07056396,0.01227636
8739.75,0.06642,0.01063044
8740,0.06536484,0.01027836
8740.25,0.06812424,0.0119286
8740.5,0.06563808,0.01344276
8740.75,0.07295832,0.0195318
8741,0.06746004,0.01233684
8741.25,0.07125948,0.01924992
8741.5,0.08498952,0.01530576
8741.75,0.06613704,0.01423008
8742,0.06438636,0.01656396
8742.25,0.06002316,0.01427544
8742.5,0.05522148,0.01313388
8742.75,0.06373404,0.01644192
8743,0.05581872,0.01228068
8743.25,0.06430536,0.0119772
8743.5,0.06967512,0.01203012
8743.75,0.06782292,0.00763992
8744,0.05404644,0.01028268
8744.25,0.04734504,0.006048
8744.5,0.05821848,0.00709884
8744.75,0.07307064,0.01278936
8745,0.06491772,0.0094824
8745.25,0.06665328,0.00871236
8745.5,0.08285868,0.01708344
8745.75,0.08315352,0.01548288
8746,0.07757532,0.01941516
8746.25,0.07488288,0.01537812
8746.5,0.06073812,0.0116154
8746.75,0.05330664,0.0105192
8747,0.06271884,0.0110754
8747.25,0.07023672,0.00949968
8747.5,0.08040384,0.00691956
8747.75,0.08404236,0.01171692
8748,0.07839936,0.01337472
8748.25,0.07960356,0.01561572
8748.5,0.07627608,0.00571212
8748.75,0.07369488,0.00906228
8749,0.05068548,0.0098766
8749.25,0.05080212,0.00919404
8749.5,0.06808968,0.00838728
8749.75,0.07082316,0.0094392
8750,0.0748332,0.01055592
8750.25,0.08200224,0.01196964
8750.5,0.07015464,0.01089288
8750.75,0.07553952,0.00866484
8751,0.08002368,0.01415016
8751.25,0.0768096,0.0150714
8751.5,0.06136128,0.01551096
8751.75,0.05975208,0.01086804
8752,0.061614,0.01257444
8752.25,0.06589512,0.0127926
8752.5,0.06858108,0.01235304
8752.75,0.07046136,0.01483488
8753,0.06724944,0.01318896
8753.25,0.06658632,0.01423116
8753.5,0.07117956,0.0105624
8753.75,0.06986952,0.01530792
8754,0.07246044,0.01297512
8754.25,0.06852168,0.0104976
8754.5,0.06518988,0.01017144
8754.75,0.0634824,0.00759564
8755,0.0639738,0.00793692
8755.25,0.06035688,0.00681048
8755.5,0.06266592,0.00744768
8755.75,0.06998724,0.0074358
8756,0.08172576,0.00746064
8756.25,0.08476812,0.00917136
8756.5,0.08237808,0.00836028
8756.75,0.0860274,0.01128384
8757,0.08891856,0.01351512
8757.25,0.082809,0.01214784
8757.5,0.08685144,0.01391796
8757.75,0.08114472,0.01206468
8758,0.08146548,0.01029672
8758.25,0.082188,0.01278288
8758.5,0.07773408,0.010584
8758.75,0.074385,0.01091556
8759,0.07984548,0.01365228
8759.25,0.08193204,0.01474848
8759.5,0.08458668,0.01594188
8759.75,0.08609544,0.01651536
