Hora_decimal,P fase A,P fase B,P fase C,Q fase A,Q fase B,Q fase C
2160.0,0.371,0.472,0.636,-0.05,0.244,-0.1
2160.25,0.435,0.431,0.7,-0.024,0.25,-0.048
2160.5,0.539,0.428,0.589,0.0787,0.246,-0.16
2160.75,0.462,0.442,0.511,0.0119,0.232,-0.23
2161.0,0.454,0.447,0.521,0.00593,0.23,-0.22
2161.25,0.439,0.447,0.608,-0.0092,0.23,-0.13
2161.5,0.511,0.494,0.789,0.0712,0.23,0.0476
2161.75,0.43,0.451,0.605,-0.007,0.23,-0.12
2162.0,0.478,0.45,0.64,0.0514,0.23,-0.061
2162.25,0.469,0.451,0.648,0.0283,0.23,-0.051
2162.5,0.409,0.45,0.785,-0.068,0.23,0.0693
2162.75,0.353,0.46,0.723,-0.11,0.23,0.0
2163.0,0.431,0.507,0.592,-0.024,0.23,-0.12
2163.25,0.413,0.5,0.59,-0.055,0.23,-0.12
2163.5,0.448,0.45,0.63,-0.027,0.231,-0.072
2163.75,0.504,0.45,0.702,0.0408,0.238,0.0
2164.0,0.446,0.45,0.688,-0.014,0.24,-0.037
2164.25,0.493,0.452,0.521,0.01,0.235,-0.22
2164.5,0.464,0.453,0.565,0.0104,0.23,-0.18
2164.75,0.479,0.483,0.546,0.037,0.23,-0.19
2165.0,0.436,0.451,0.606,-0.0011,0.23,-0.14
2165.25,0.448,0.45,0.678,0.00208,0.23,-0.048
2165.5,0.488,0.455,0.656,0.05,0.23,-0.046
2165.75,0.5,0.448,0.627,0.01,0.229,-0.092
2166.0,0.442,0.442,0.632,-0.016,0.224,-0.063
2166.25,0.435,0.461,0.693,-0.011,0.223,-0.036
2166.5,0.629,0.462,0.698,-0.077,0.214,-0.022
2166.75,1.05,0.457,0.765,-0.15,0.21,-0.11
2167.0,1.01,0.494,0.819,-0.18,0.21,-0.15
2167.25,1.03,0.809,1.19,-0.2,0.145,-0.18
2167.5,1.33,2.01,1.6,-0.14,0.0841,-0.14
2167.75,1.97,2.33,1.61,-0.19,0.065,-0.14
2168.0,2.21,2.57,2.26,-0.19,0.0496,-0.21
2168.25,2.18,2.69,2.34,-0.21,0.0105,-0.18
2168.5,2.29,2.9,2.33,-0.23,-0.0069,-0.16
2168.75,2.52,2.83,2.6,-0.29,-0.0022,-0.03
2169.0,2.73,3.51,2.45,-0.29,-0.063,-0.19
2169.25,2.87,3.43,2.59,-0.4,-0.041,-0.17
2169.5,3.26,3.78,2.77,-0.41,-0.055,-0.1
2169.75,3.36,3.14,2.57,-0.44,0.00559,-0.091
2170.0,5.02,2.09,3.53,-0.75,0.0523,0.04
2170.25,4.93,2.1,2.73,-0.65,0.0631,-0.0023
2170.5,5.96,1.92,2.46,-0.79,0.109,-0.15
2170.75,4.96,1.73,2.32,-0.64,0.117,-0.25
2171.0,5.76,1.84,2.17,-0.75,0.108,-0.079
2171.25,5.93,2.17,1.9,-0.76,0.0622,-0.11
2171.5,5.46,1.94,1.89,-0.73,0.0417,-0.17
2171.75,4.07,2.27,1.81,-0.59,0.0044,-0.25
2172.0,3.09,2.43,2.07,-0.34,0.016,0.0896
2172.25,2.72,2.35,1.79,-0.31,-0.00087,-0.15
2172.5,2.51,2.33,2.77,-0.33,0.0075,0.123
2172.75,3.31,2.23,2.46,-0.18,0.03,0.018
2173.0,2.83,3.44,2.34,-0.23,0.0314,-0.1
2173.25,3.14,3.43,1.84,0.0935,0.0291,-0.12
2173.5,4.38,4.74,2.78,0.282,0.0483,-0.095
2173.75,4.72,6.92,5.16,0.219,-0.13,0.0768
2174.0,4.58,7.38,5.2,-0.02,-0.2,-0.14
2174.25,5.84,8.27,5.89,-0.17,-0.1,-0.27
2174.5,6.44,7.09,6.78,-0.11,-0.054,-0.36
2174.75,5.34,8.26,7.01,-0.16,-0.043,-0.39
2175.0,5.73,8.67,7.12,-0.022,0.159,-0.34
2175.25,5.5,7.68,6.14,-0.25,0.213,-0.16
2175.5,6.23,6.15,4.85,0.11,0.374,0.0277
2175.75,5.48,6.12,6.2,0.01,0.44,0.121
2176.0,6.14,7.58,5.78,0.105,0.217,0.0917
2176.25,6.28,7.43,5.82,-0.0027,0.381,-0.03
2176.5,6.24,5.63,6.87,0.00696,0.213,-0.21
2176.75,6.12,4.94,7.78,-0.003,0.0583,-0.37
2177.0,4.36,3.65,6.74,0.059,0.0271,-0.27
2177.25,3.02,1.95,6.1,-0.14,0.105,-0.36
2177.5,3.22,2.45,5.79,0.0986,0.116,-0.48
2177.75,2.47,2.04,3.92,0.01,0.128,-0.15
2178.0,2.91,2.99,3.43,-0.14,-0.038,-0.04
2178.25,3.25,1.96,3.99,-0.047,0.0914,0.215
2178.5,2.88,1.0,2.18,-0.23,0.156,0.0317
2178.75,2.72,2.23,1.16,-0.21,-0.0054,-0.1
2179.0,2.46,0.763,1.15,-0.23,0.186,-0.088
2179.25,1.82,1.31,0.974,-0.24,0.1,-0.043
2179.5,1.54,1.42,0.951,-0.14,0.0872,-0.044
2179.75,0.618,0.475,0.63,-0.041,0.186,-0.15
2180.0,0.39,0.359,0.534,0.0119,0.194,-0.17
2180.25,0.448,0.36,0.509,0.0655,0.2,-0.19
2180.5,0.439,0.36,0.5,0.0572,0.2,-0.2
2180.75,0.445,0.398,0.731,0.0726,0.2,0.0378
2181.0,0.446,0.36,0.683,0.0793,0.2,-0.0046
2181.25,0.502,0.363,0.586,0.145,0.2,-0.083
2181.5,0.45,0.361,0.612,0.0863,0.2,-0.043
2181.75,0.442,0.36,0.612,0.0811,0.205,-0.043
2182.0,0.424,0.36,0.743,0.0663,0.21,0.0753
2182.25,0.372,0.36,0.586,0.005,0.21,-0.12
2182.5,0.365,0.383,0.501,-0.0033,0.21,-0.2
2182.75,0.402,0.375,0.505,0.035,0.215,-0.2
2183.0,0.357,0.36,0.535,-0.012,0.22,-0.17
2183.25,0.387,0.363,0.611,0.0176,0.226,-0.084
2183.5,0.452,0.36,0.7,0.0857,0.213,0.00261
2183.75,0.456,0.362,0.59,0.0981,0.217,-0.09
2184.0,0.475,0.362,0.596,0.123,0.22,-0.076
2184.25,0.447,0.364,0.604,0.0914,0.22,-0.058
2184.5,0.458,0.402,0.702,0.102,0.221,0.0457
2184.75,0.394,0.374,0.768,0.0206,0.221,0.119
2185.0,0.362,0.368,0.525,-0.014,0.226,-0.18
2185.25,0.36,0.361,0.547,-0.019,0.23,-0.15
2185.5,0.392,0.36,0.507,0.0136,0.23,-0.2
2185.75,0.51,0.36,0.552,0.139,0.23,-0.14
2186.0,0.455,0.366,0.661,0.0864,0.23,-0.046
2186.25,0.459,0.362,0.657,0.0941,0.23,-0.0072
2186.5,0.469,0.388,0.59,0.114,0.23,-0.09
2186.75,0.473,0.371,0.587,0.124,0.23,-0.09
2187.0,0.437,0.36,0.614,0.0809,0.23,-0.045
2187.25,0.428,0.365,0.845,0.0323,0.23,0.105
2187.5,0.381,0.361,0.618,-0.0019,0.23,-0.055
2187.75,0.418,0.363,0.534,0.0555,0.23,-0.16
2188.0,0.416,0.365,0.564,0.0453,0.23,-0.11
2188.25,0.479,0.361,0.569,0.116,0.23,-0.11
2188.5,0.468,0.392,0.659,0.113,0.23,-0.037
2188.75,0.487,0.373,0.576,0.138,0.23,-0.12
2189.0,0.441,0.366,0.59,0.085,0.23,-0.088
2189.25,0.417,0.361,0.602,0.0558,0.23,-0.075
2189.5,0.374,0.361,0.639,-0.0041,0.23,-0.02
2189.75,0.416,0.361,0.694,0.0388,0.223,0.0169
2190.0,0.42,0.36,0.682,0.0472,0.216,-0.002
2190.25,0.403,0.363,0.558,0.0263,0.21,-0.11
2190.5,0.835,0.434,0.806,-0.05,0.196,-0.18
2190.75,1.01,0.5,0.858,0.0704,0.184,-0.25
2191.0,1.28,0.68,1.12,-0.027,0.147,-0.036
2191.25,1.66,1.02,1.52,-0.073,0.181,0.00333
2191.5,1.98,0.96,1.66,-0.072,0.164,-0.097
2191.75,2.5,1.12,2.19,-0.11,0.189,-0.089
2192.0,2.45,1.81,3.14,-0.19,0.0665,-0.2
2192.25,2.82,1.95,3.85,-0.22,0.0868,-0.26
2192.5,2.97,1.94,3.95,-0.31,0.0862,-0.2
2192.75,3.11,2.27,3.34,-0.34,0.076,-0.13
2193.0,3.09,2.52,3.87,-0.37,0.0741,-0.17
2193.25,3.12,2.87,3.63,-0.35,0.0493,-0.39
2193.5,3.54,2.77,4.6,-0.37,0.062,-0.66
2193.75,4.37,3.49,4.39,-0.27,-0.0089,-0.47
2194.0,4.15,3.77,7.23,-0.29,0.00545,-0.47
2194.25,4.46,3.56,6.66,-0.26,0.0229,-0.57
2194.5,5.57,4.12,8.16,-0.42,0.0338,-0.4
2194.75,6.17,4.32,11.2,-0.35,-0.0024,0.522
2195.0,8.03,6.96,13.9,0.139,-0.073,0.348
2195.25,7.45,7.25,13.6,0.22,-0.1,0.259
2195.5,7.21,7.06,11.7,0.248,-0.051,0.342
2195.75,6.82,6.12,9.64,0.312,0.012,0.587
2196.0,5.93,4.08,7.22,0.163,0.103,0.638
2196.25,5.43,3.2,5.93,0.287,0.142,0.201
2196.5,5.54,4.0,2.27,0.0526,0.141,-0.17
2196.75,5.74,3.34,2.6,0.327,0.17,-0.054
2197.0,5.51,3.56,2.41,0.349,0.16,0.121
2197.25,5.74,5.19,2.4,0.31,-0.093,-0.058
2197.5,6.25,7.06,7.2,0.297,-0.32,0.19
2197.75,6.66,7.13,9.81,0.201,-0.4,0.848
2198.0,8.54,7.54,9.68,0.152,-0.52,0.939
2198.25,10.1,6.65,11.8,0.0767,-0.33,0.813
2198.5,9.56,6.6,12.7,0.11,-0.35,0.62
2198.75,7.25,7.26,11.8,0.351,-0.46,0.402
2199.0,6.95,6.28,10.7,0.39,-0.29,0.58
2199.25,6.75,7.33,7.26,-0.042,-0.49,-0.23
2199.5,6.66,5.9,7.03,-0.23,-0.25,0.0204
2199.75,6.52,6.26,8.15,-0.25,-0.12,0.0411
2200.0,7.21,6.11,7.69,-0.33,-0.078,0.14
2200.25,6.52,4.59,7.31,-0.34,-0.011,0.147
2200.5,6.31,4.95,7.31,-0.31,-0.11,-0.007
2200.75,6.71,3.35,7.88,-0.22,0.09,0.189
2201.0,6.18,5.72,9.26,-0.34,-0.096,0.205
2201.25,5.6,3.45,8.2,-0.38,0.12,0.0365
2201.5,5.66,3.43,6.61,-0.36,0.121,0.000909
2201.75,4.69,3.41,5.83,-0.27,0.163,0.000435
2202.0,2.5,1.52,4.35,-0.19,0.213,-0.0041
2202.25,1.64,1.62,3.46,-0.11,0.229,-0.088
2202.5,1.59,1.35,2.44,-0.053,0.222,-0.23
2202.75,1.13,0.986,2.37,-0.076,0.226,-0.22
2203.0,0.684,1.08,1.92,-0.0032,0.249,-0.12
2203.25,0.588,0.866,2.0,0.0004,0.26,0.208
2203.5,0.603,0.982,1.22,0.00389,0.26,0.0406
2203.75,0.528,0.974,1.83,-0.078,0.258,-0.0056
2204.0,0.518,0.874,1.24,-0.086,0.263,-0.00071
2204.25,0.519,0.795,1.46,-0.084,0.263,0.03
2204.5,0.563,0.938,1.47,-0.035,0.27,0.0782
2204.75,0.66,0.85,1.56,0.0814,0.277,0.0619
2205.0,0.581,0.937,1.06,0.0208,0.276,-0.13
2205.25,0.574,0.932,1.5,0.026,0.279,-0.072
2205.5,0.578,0.876,1.15,0.0288,0.285,-0.061
2205.75,0.614,1.15,1.23,0.0625,0.292,-0.046
2206.0,0.558,0.901,1.44,-0.012,0.296,0.026
2206.25,0.517,0.905,1.17,-0.053,0.299,0.0733
2206.5,0.534,1.22,1.37,-0.04,0.311,0.0604
2206.75,0.532,0.901,1.14,-0.037,0.318,0.00619
2207.0,0.625,0.88,1.37,0.0436,0.326,0.0496
2207.25,0.637,1.1,1.25,0.0695,0.328,0.0836
2207.5,0.618,0.891,1.43,0.0608,0.34,0.05
2207.75,0.643,0.832,0.79,0.075,0.327,-0.13
2208.0,0.6,1.35,1.18,0.014,0.301,-0.093
2208.25,0.644,0.819,0.87,0.0435,0.302,-0.11
2208.5,0.566,0.905,1.31,-0.031,0.288,0.00571
2208.75,0.539,0.916,0.951,-0.079,0.291,-0.092
2209.0,0.531,0.744,1.4,-0.081,0.291,0.0025
2209.25,0.568,0.84,0.927,-0.033,0.286,0.0585
2209.5,0.558,0.977,1.48,-0.039,0.283,0.0908
2209.75,0.581,0.905,0.942,-0.01,0.285,0.086
2210.0,0.615,0.78,1.37,0.0244,0.285,8.33e-19
2210.25,0.675,1.0,1.02,0.0972,0.285,-0.014
2210.5,0.645,0.919,1.08,0.0413,0.29,-0.075
2210.75,0.608,0.756,1.12,0.01,0.316,-0.078
2211.0,0.592,0.978,0.929,0.00812,0.285,-0.032
2211.25,0.535,0.674,1.17,-0.064,0.284,-0.1
2211.5,0.593,0.884,0.803,-0.0081,0.29,-0.14
2211.75,0.523,0.682,1.47,-0.078,0.286,0.0756
2212.0,0.532,1.09,0.92,-0.069,0.288,-0.014
2212.25,0.557,0.842,1.36,-0.048,0.291,0.135
2212.5,0.627,0.718,0.905,0.019,0.286,0.111
2212.75,0.618,0.633,1.27,0.0158,0.274,-0.016
2213.0,0.597,0.779,0.85,0.006,0.275,0.026
2213.25,0.588,0.918,1.1,-0.0022,0.268,-0.13
2213.5,0.579,0.779,1.07,-0.017,0.271,-0.068
2213.75,0.64,0.751,1.0,0.052,0.263,-0.053
2214.0,0.581,0.61,1.04,0.000435,0.263,-0.084
2214.25,0.58,0.707,0.747,-0.0031,0.256,-0.082
2214.5,0.546,1.04,1.17,-0.045,0.236,-0.044
2214.75,0.99,0.724,0.852,-0.093,0.212,0.00704
2215.0,1.2,0.703,1.49,-0.19,0.216,0.03
2215.25,1.51,1.34,1.15,-0.18,0.161,-0.12
2215.5,2.83,1.83,1.83,-0.22,0.145,-0.063
2215.75,3.67,3.17,2.63,-0.2,0.0771,-0.16
2216.0,4.48,7.26,4.02,0.0341,-0.058,-0.4
2216.25,6.54,8.51,3.76,-0.49,-0.032,-0.39
2216.5,7.02,8.23,2.84,-0.5,-0.051,-0.31
2216.75,7.88,8.62,4.03,-0.36,-0.083,-0.26
2217.0,6.76,8.07,4.25,-0.68,-0.045,-0.16
2217.25,7.5,7.47,3.76,-0.82,-0.0035,-0.042
2217.5,7.06,8.08,4.0,-0.68,-0.017,-0.17
2217.75,7.27,7.55,4.02,-0.72,0.0432,-0.028
2218.0,7.27,8.29,5.07,-0.67,-0.12,-0.27
2218.25,6.41,6.72,5.42,-0.61,-0.11,-0.24
2218.5,6.69,8.01,4.82,-0.62,-0.18,-0.17
2218.75,6.04,7.31,4.48,-0.6,-0.15,-0.33
2219.0,5.36,6.0,3.54,-0.58,-0.081,-0.39
2219.25,5.13,6.07,3.72,-0.6,-0.1,-0.4
2219.5,5.43,5.77,4.12,-0.59,-0.013,-0.35
2219.75,6.15,4.55,3.64,-0.2,-0.031,-0.19
2220.0,5.66,3.88,3.97,-0.54,-0.01,-0.33
2220.25,3.56,2.83,2.96,-0.2,0.0542,0.000526
2220.5,3.11,3.25,2.6,-0.12,0.036,0.0105
2220.75,3.34,3.16,2.4,-0.016,0.0238,-0.038
2221.0,4.7,3.78,2.53,-0.005,-0.094,0.005
2221.25,6.44,7.83,3.63,-0.3,-0.37,-0.16
2221.5,7.36,6.61,6.44,-0.19,-0.4,-0.49
2221.75,7.32,6.6,7.76,-0.51,-0.42,-0.63
2222.0,6.29,5.7,7.9,-0.49,-0.21,-0.51
2222.25,7.44,5.96,7.79,-0.75,-0.25,-0.75
2222.5,7.23,5.63,7.44,-0.72,-0.25,-0.95
2222.75,7.61,6.0,7.13,-0.66,-0.36,-0.76
2223.0,7.97,4.07,8.07,-0.5,-0.047,-0.72
2223.25,8.88,4.79,8.16,-0.59,-0.1,-0.62
2223.5,8.39,5.2,8.27,-0.62,-0.19,-0.74
2223.75,5.68,3.94,7.6,-0.43,-0.034,-0.5
2224.0,5.45,2.88,10.1,-0.39,-0.043,-0.012
2224.25,5.48,2.61,10.7,-0.47,-0.051,0.131
2224.5,5.46,2.65,9.18,-0.45,-0.066,0.161
2224.75,3.84,2.19,8.94,-0.32,-0.082,0.0971
2225.0,3.83,2.01,3.84,-0.4,-0.069,-0.15
2225.25,1.95,1.72,3.61,-0.16,-0.042,-0.18
2225.5,1.75,1.43,2.19,-0.26,-0.032,-0.17
2225.75,1.64,1.06,1.56,-0.26,0.0148,-0.11
2226.0,1.47,0.842,1.47,-0.17,0.03,-0.14
2226.25,1.41,0.837,1.6,-0.11,0.0205,-0.04
2226.5,1.46,0.695,1.21,-0.083,0.0435,-0.086
2226.75,1.31,0.537,0.662,-0.076,0.07,-0.079
2227.0,1.22,0.375,0.602,-0.089,0.138,-0.058
2227.25,0.75,0.32,0.686,-0.018,0.165,0.0438
2227.5,0.756,0.322,0.737,-0.0062,0.17,0.0509
2227.75,0.824,0.32,0.679,0.054,0.164,0.0186
2228.0,0.746,0.32,0.599,-0.03,0.167,-0.063
2228.25,0.725,0.328,0.573,-0.053,0.17,-0.086
2228.5,0.7,0.355,0.568,-0.078,0.17,-0.11
2228.75,0.73,0.32,0.64,-0.046,0.17,-0.066
2229.0,0.703,0.322,0.607,-0.071,0.17,-0.069
2229.25,0.735,0.322,0.512,-0.045,0.17,-0.17
2229.5,0.777,0.323,0.532,0.00108,0.17,-0.15
2229.75,0.774,0.321,0.651,0.0093,0.178,-0.021
2230.0,0.826,0.322,0.716,0.0645,0.18,0.0226
2230.25,0.764,0.366,0.741,0.00356,0.18,0.101
2230.5,0.764,0.331,0.639,0.00542,0.18,-0.0029
2230.75,0.787,0.325,0.61,0.012,0.18,-0.046
2231.0,0.769,0.328,0.612,0.00421,0.18,-0.038
2231.25,0.741,0.331,0.649,-0.03,0.18,-0.048
2231.5,0.725,0.331,0.646,-0.067,0.18,-0.039
2231.75,0.7,0.331,0.528,-0.08,0.18,-0.16
2232.0,0.708,0.368,0.562,-0.077,0.18,-0.12
2232.25,0.793,0.33,0.522,0.00889,0.183,-0.17
2232.5,0.787,0.331,0.657,0.00696,0.19,-0.032
2232.75,0.799,0.33,0.744,0.0226,0.195,0.0674
2233.0,0.788,0.331,0.622,0.0167,0.197,-0.033
2233.25,0.842,0.331,0.639,0.0689,0.193,-0.017
2233.5,0.792,0.331,0.679,0.0137,0.19,0.0288
2233.75,0.772,0.353,0.65,-0.0051,0.19,-0.006
2234.0,0.741,0.351,0.681,-0.046,0.19,-0.026
2234.25,0.72,0.331,0.586,-0.073,0.19,-0.095
2234.5,0.786,0.332,0.557,-0.0096,0.19,-0.13
2234.75,0.723,0.33,0.523,-0.095,0.195,-0.17
2235.0,0.715,0.336,0.525,-0.077,0.195,-0.17
2235.25,0.804,0.335,0.734,0.0046,0.189,0.0418
2235.5,0.83,0.331,0.721,0.0498,0.19,0.0621
2235.75,0.791,0.372,0.621,0.0124,0.19,-0.038
2236.0,0.803,0.337,0.599,0.02,0.19,-0.06
2236.25,0.793,0.331,0.591,0.0141,0.19,-0.06
2236.5,0.828,0.33,0.678,0.0537,0.19,0.00951
2236.75,0.722,0.33,0.689,-0.073,0.19,-0.0082
2237.0,0.722,0.33,0.63,-0.074,0.19,-0.0045
2237.25,0.746,0.33,0.523,-0.054,0.191,-0.17
2237.5,0.734,0.35,0.523,-0.069,0.19,-0.17
2237.75,0.743,0.355,0.544,-0.06,0.191,-0.15
2238.0,0.809,0.331,0.771,-0.0046,0.189,0.0852
2238.25,0.839,0.33,0.657,0.038,0.18,0.00571
2238.5,1.06,0.366,0.739,-0.029,0.174,-0.084
2238.75,1.37,0.465,0.944,-0.086,0.161,-0.11
2239.0,1.47,0.505,0.94,-0.085,0.15,-0.11
2239.25,1.6,1.35,1.1,-0.2,0.0452,0.0206
2239.5,1.71,0.713,1.45,-0.18,0.124,-0.16
2239.75,1.88,1.65,2.69,-0.29,0.0224,-0.27
2240.0,2.07,2.1,2.21,-0.29,0.00763,-0.33
2240.25,2.48,1.81,2.32,-0.31,-0.0081,-0.36
2240.5,3.13,1.83,2.64,-0.3,0.748,-0.12
2240.75,3.28,1.91,2.94,-0.27,0.712,-0.3
2241.0,3.31,2.38,2.83,-0.28,0.402,-0.25
2241.25,3.42,3.33,3.01,-0.28,1.79,-0.37
2241.5,3.65,2.14,3.1,-0.31,0.114,-0.36
2241.75,4.15,2.68,3.26,-0.34,0.879,-0.044
2242.0,4.37,2.36,2.97,-0.43,0.106,-0.21
2242.25,4.01,2.47,2.76,-0.45,0.252,-0.3
2242.5,3.92,2.11,2.65,-0.49,0.101,-0.3
2242.75,4.05,2.03,2.69,-0.45,0.069,-0.33
2243.0,3.99,2.3,2.81,-0.46,0.0382,-0.24
2243.25,3.78,1.91,2.64,-0.38,0.0376,-0.22
2243.5,3.86,2.43,2.57,-0.32,0.45,-0.33
2243.75,3.73,2.26,2.54,-0.26,0.471,-0.3
2244.0,3.58,3.71,2.68,-0.29,0.823,-0.095
2244.25,3.4,2.94,1.64,-0.18,0.31,0.00135
2244.5,3.2,2.26,1.82,-0.2,0.293,0.171
2244.75,3.18,2.49,1.36,-0.15,0.285,-0.065
2245.0,3.39,3.2,1.14,-0.13,1.08,-0.16
2245.25,3.48,2.45,2.56,-0.24,0.295,-0.086
2245.5,3.76,2.03,1.85,-0.45,0.21,-0.05
2245.75,4.33,1.76,2.86,-0.29,0.0219,-0.034
2246.0,3.44,1.72,3.36,-0.3,-0.01,-0.085
2246.25,3.24,2.95,2.61,-0.31,-0.054,-0.17
2246.5,3.41,2.84,3.12,-0.27,-0.037,-0.19
2246.75,3.4,2.07,2.53,-0.17,0.0521,-0.077
2247.0,3.21,2.76,2.63,-0.16,0.0436,0.287
2247.25,3.09,2.27,2.56,-0.18,0.055,0.449
2247.5,3.0,1.71,2.75,-0.18,0.113,0.116
2247.75,2.9,1.95,2.84,-0.18,0.0691,0.722
2248.0,2.88,2.01,2.78,-0.12,0.0548,-0.014
2248.25,2.81,1.72,2.76,-0.16,0.108,-0.0023
2248.5,2.6,1.86,1.87,-0.13,0.08,-0.054
2248.75,2.58,1.03,1.53,-0.065,0.0795,0.0323
2249.0,1.86,0.872,1.26,0.0494,0.109,0.08
2249.25,1.26,0.727,1.0,0.0471,0.101,-0.13
2249.5,1.17,0.801,1.53,-0.047,0.101,-0.21
2249.75,1.32,0.663,1.04,-0.015,0.129,-0.13
2250.0,0.87,0.531,0.73,-0.032,0.176,-0.071
2250.25,0.891,0.38,1.05,-0.017,0.188,-0.1
2250.5,0.956,0.376,1.03,-0.027,0.181,-0.01
2250.75,0.94,0.325,0.605,0.0785,0.18,-0.03
2251.0,0.632,0.315,0.595,0.0977,0.182,-0.035
2251.25,0.539,0.32,0.56,0.0866,0.199,-0.07
2251.5,0.542,0.362,0.746,0.0865,0.197,0.0935
2251.75,0.557,0.32,0.602,0.102,0.2,-0.03
2252.0,0.569,0.32,0.592,0.112,0.202,-0.024
2252.25,0.471,0.32,0.502,-1.6e-18,0.21,-0.15
2252.5,0.463,0.32,0.519,-0.0019,0.21,-0.14
2252.75,0.472,0.32,0.55,0.0123,0.21,-0.12
2253.0,0.518,0.32,0.602,0.053,0.21,-0.068
2253.25,0.566,0.32,0.527,0.0832,0.209,-0.12
2253.5,0.561,0.373,0.595,0.0853,0.202,-0.042
2253.75,0.549,0.32,0.603,0.082,0.209,-0.033
2254.0,0.569,0.32,0.57,0.105,0.21,-0.06
2254.25,0.587,0.32,0.684,0.133,0.21,0.0264
2254.5,0.489,0.32,0.623,0.012,0.21,-0.013
2254.75,0.489,0.32,0.644,0.00917,0.213,0.0358
2255.0,0.507,0.325,0.582,0.0405,0.22,-0.028
2255.25,0.548,0.329,0.504,0.0776,0.219,-0.16
2255.5,0.474,0.336,0.499,-0.0064,0.21,-0.16
2255.75,0.571,0.361,0.638,0.079,0.21,-0.044
2256.0,0.583,0.32,0.529,0.109,0.21,-0.13
2256.25,0.561,0.32,0.607,0.0903,0.21,-0.019
2256.5,0.572,0.32,0.573,0.104,0.21,-0.061
2256.75,0.539,0.32,0.57,0.0684,0.21,-0.06
2257.0,0.542,0.32,0.654,0.0612,0.21,0.0131
2257.25,0.492,0.32,0.686,0.0148,0.21,0.0332
2257.5,0.487,0.32,0.571,0.00912,0.21,-0.05
2257.75,0.494,0.362,0.521,0.0126,0.21,-0.13
2258.0,0.566,0.329,0.499,0.0889,0.211,-0.17
2258.25,0.612,0.329,0.543,0.14,0.218,-0.11
2258.5,0.572,0.327,0.569,0.103,0.216,-0.11
2258.75,0.566,0.326,0.586,0.0881,0.212,-0.079
2259.0,0.557,0.329,0.591,0.087,0.214,-0.043
2259.25,0.546,0.33,0.613,0.0795,0.216,-0.0039
2259.5,0.497,0.33,0.668,-0.00053,0.219,0.0687
2259.75,0.511,0.33,0.57,0.0185,0.22,-0.06
2260.0,0.527,0.365,0.664,0.0588,0.216,0.0154
2260.25,0.476,0.336,0.589,0.0132,0.219,-0.075
2260.5,0.521,0.33,0.51,0.0482,0.22,-0.15
2260.75,0.592,0.33,0.568,0.122,0.22,-0.076
2261.0,0.579,0.33,0.499,0.115,0.22,-0.17
2261.25,0.541,0.33,0.499,0.0788,0.22,-0.17
2261.5,0.545,0.33,0.671,0.0859,0.22,0.0061
2261.75,0.538,0.33,0.633,0.0602,0.219,-0.0092
2262.0,0.496,0.33,0.615,0.0316,0.213,-0.017
2262.25,0.486,0.351,0.594,0.0227,0.21,-0.027
2262.5,0.515,0.349,0.562,0.0437,0.21,-0.063
2262.75,0.376,0.33,0.516,0.0369,0.214,-0.13
2263.0,0.421,0.33,0.582,0.12,0.211,-0.085
2263.25,0.421,0.33,0.584,0.135,0.21,-0.068
2263.5,0.466,0.328,0.482,0.18,0.21,-0.17
2263.75,0.431,0.765,0.518,0.12,0.204,-0.11
2264.0,0.378,0.32,0.565,0.0688,0.21,-0.067
2264.25,0.393,0.32,0.631,0.0713,0.21,0.021
2264.5,0.34,0.321,0.678,0.0214,0.21,0.0367
2264.75,0.348,0.355,0.642,0.0296,0.21,0.0142
2265.0,0.342,0.336,0.56,0.0256,0.21,-0.061
2265.25,0.376,0.326,0.533,0.0647,0.21,-0.094
2265.5,0.462,0.329,0.487,0.153,0.21,-0.16
2265.75,0.444,0.329,0.48,0.129,0.21,-0.17
2266.0,0.406,0.329,0.606,0.115,0.21,-0.052
2266.25,0.455,0.329,0.559,0.178,0.21,-0.099
2266.5,0.368,0.514,0.573,0.0697,0.208,-0.048
2266.75,0.348,0.325,0.648,0.0418,0.21,0.0471
2267.0,0.355,0.323,0.573,0.0526,0.21,-0.047
2267.25,0.385,0.372,0.597,0.0703,0.21,-0.022
2267.5,0.372,0.323,0.645,0.0709,0.21,0.0123
2267.75,0.385,0.324,0.626,0.05,0.21,-0.014
2268.0,0.418,0.329,0.48,0.117,0.21,-0.17
2268.25,0.417,0.326,0.529,0.13,0.21,-0.099
2268.5,0.456,0.324,0.49,0.177,0.21,-0.16
2268.75,0.404,0.33,0.521,0.12,0.217,-0.13
2269.0,0.361,0.33,0.61,0.0692,0.215,-0.048
2269.25,0.513,0.33,0.652,0.039,0.214,0.0102
2269.5,0.495,0.348,0.57,0.00478,0.21,-0.06
2269.75,0.477,0.354,0.605,-0.013,0.21,-0.0029
2270.0,0.484,0.33,0.604,-0.011,0.21,-0.014
2270.25,0.569,0.326,0.56,0.0722,0.21,-0.06
2270.5,0.575,0.325,0.693,0.0674,0.21,0.0842
2270.75,0.563,0.322,0.653,0.0674,0.21,0.0335
2271.0,0.614,0.32,0.596,0.13,0.21,-0.0079
2271.25,0.595,0.32,0.581,0.106,0.21,-0.04
2271.5,0.507,0.32,0.536,0.00591,0.203,-0.1
2271.75,0.483,0.32,0.48,-0.022,0.202,-0.17
2272.0,0.484,0.357,0.586,-0.019,0.204,-0.083
2272.25,0.553,0.32,0.565,0.0471,0.204,-0.074
2272.5,0.452,0.32,0.557,0.00447,0.2,-0.083
2272.75,0.436,0.32,0.61,0.106,0.196,-0.023
2273.0,0.451,0.32,0.56,0.13,0.19,-0.07
2273.25,0.418,0.32,0.56,0.0879,0.18,-0.07
2273.5,0.419,0.32,0.698,0.102,0.18,0.0481
2273.75,0.456,0.319,0.623,0.142,0.18,0.00185
2274.0,0.441,0.313,0.699,0.125,0.18,0.0548
2274.25,0.348,0.358,0.576,0.027,0.17,-0.045
2274.5,0.418,0.322,0.513,-0.0062,0.174,-0.13
2274.75,0.531,0.313,0.485,0.0233,0.18,-0.18
2275.0,0.492,0.314,0.661,-0.01,0.18,-0.0054
2275.25,0.496,0.32,0.548,-0.0055,0.18,-0.12
2275.5,0.549,0.32,0.529,0.043,0.193,-0.12
2275.75,0.594,0.32,0.571,0.0952,0.201,-0.07
2276.0,0.562,0.32,0.57,0.0733,0.21,-0.069
2276.25,0.571,0.32,0.626,0.085,0.21,-0.029
2276.5,0.57,0.364,0.731,0.083,0.21,0.0841
2276.75,0.619,0.334,0.636,0.14,0.21,0.00667
2277.0,0.496,0.321,0.562,-0.005,0.21,-0.06
2277.25,0.491,0.322,0.526,-0.011,0.212,-0.12
2277.5,0.481,0.325,0.494,-0.02,0.217,-0.17
2277.75,0.565,0.33,0.544,0.0681,0.22,-0.11
2278.0,0.499,0.33,0.723,0.00559,0.222,0.0841
2278.25,0.563,0.33,0.5,0.0629,0.23,-0.17
2278.5,0.581,0.33,0.557,0.0868,0.23,-0.092
2278.75,0.6,0.357,0.578,0.124,0.226,-0.062
2279.0,0.579,0.336,0.57,0.0991,0.21,-0.067
2279.25,0.565,0.321,0.66,0.0875,0.21,0.0457
2279.5,0.555,0.329,0.689,0.0757,0.218,0.047
2279.75,0.494,0.32,0.56,-0.0069,0.21,-0.07
2280.0,0.559,0.32,0.528,0.0606,0.204,-0.12
2280.25,0.496,0.32,0.49,-0.0014,0.2,-0.17
2280.5,0.497,0.32,0.516,-0.0019,0.2,-0.14
2280.75,0.541,0.32,0.632,0.0463,0.2,-0.031
2281.0,0.566,0.351,0.576,0.06,0.2,-0.097
2281.25,0.563,0.333,0.553,0.0669,0.2,-0.093
2281.5,0.557,0.32,0.592,0.0683,0.2,-0.045
2281.75,0.616,0.32,0.635,0.136,0.2,0.0229
2282.0,0.535,0.32,0.642,0.0425,0.203,0.0183
2282.25,0.516,0.32,0.676,0.0147,0.209,0.02
2282.5,0.533,0.32,0.659,0.0282,0.21,0.0114
2282.75,0.479,0.32,0.493,-0.021,0.21,-0.17
2283.0,0.484,0.32,0.493,-0.015,0.21,-0.17
2283.25,0.494,0.342,0.535,-0.0054,0.209,-0.13
2283.5,0.622,0.343,0.544,0.128,0.21,-0.094
2283.75,0.588,0.32,0.615,0.103,0.21,-0.063
2284.0,0.584,0.32,0.625,0.0832,0.21,-0.024
2284.25,0.61,0.32,0.571,0.11,0.21,-0.065
2284.5,0.598,0.32,0.574,0.127,0.21,-0.064
2284.75,0.521,0.32,0.595,0.029,0.21,-0.042
2285.0,0.497,0.32,0.611,0.00278,0.21,-0.0022
2285.25,0.539,0.32,0.616,0.0443,0.21,-0.046
2285.5,0.486,0.32,0.53,-0.0059,0.21,-0.14
2285.75,0.498,0.371,0.529,0.004,0.21,-0.11
2286.0,0.491,0.32,0.577,-0.0048,0.21,-0.066
2286.25,0.613,0.32,0.492,0.121,0.21,-0.17
2286.5,0.559,0.32,0.53,0.0669,0.21,-0.12
2286.75,0.455,0.329,0.693,0.124,0.21,0.0396
2287.0,0.431,0.329,0.596,0.133,0.21,-0.033
2287.25,0.382,0.33,0.574,0.0756,0.21,-0.049
2287.5,0.345,0.328,0.593,0.0264,0.21,-0.027
2287.75,0.353,0.332,0.546,0.0314,0.21,-0.086
2288.0,0.378,0.362,0.503,0.0592,0.21,-0.13
2288.25,0.373,0.324,0.598,0.0525,0.21,-0.061
2288.5,0.347,0.325,0.54,0.0229,0.21,-0.12
2288.75,0.407,0.324,0.525,0.0755,0.21,-0.12
2289.0,0.507,0.32,0.489,0.181,0.21,-0.16
2289.25,0.446,0.321,0.57,0.142,0.21,-0.06
2289.5,0.423,0.32,0.59,0.116,0.21,-0.028
2289.75,0.395,0.32,0.758,0.0806,0.21,0.153
2290.0,0.352,0.332,0.65,0.0267,0.208,0.0224
2290.25,0.417,0.345,0.59,0.1,0.207,-0.03
2290.5,0.361,0.32,0.515,0.0367,0.207,-0.12
2290.75,0.354,0.32,0.48,0.0256,0.204,-0.17
2291.0,0.344,0.32,0.51,0.0203,0.202,-0.12
2291.25,0.476,0.32,0.589,0.157,0.2,-0.077
2291.5,0.455,0.32,0.627,0.142,0.2,-0.056
2291.75,0.425,0.32,0.564,0.118,0.208,-0.067
2292.0,0.426,0.32,0.569,0.119,0.204,-0.061
2292.25,0.427,0.362,0.561,0.12,0.201,-0.063
2292.5,0.431,0.32,0.594,0.123,0.207,-0.014
2292.75,0.35,0.32,0.717,0.0233,0.21,0.0739
2293.0,0.373,0.32,0.613,0.0473,0.208,-0.01
2293.25,0.391,0.32,0.56,0.0674,0.209,-0.062
2293.5,0.346,0.32,0.566,0.0176,0.207,-0.047
2293.75,0.392,0.32,0.528,0.0603,0.205,-0.1
2294.0,0.459,0.32,0.491,0.109,0.202,-0.16
2294.25,0.494,0.341,0.655,0.187,0.2,-0.014
2294.5,0.453,0.352,0.597,0.148,0.2,-0.048
2294.75,0.414,0.32,0.57,0.0986,0.2,-0.063
2295.0,0.407,0.32,0.566,0.0933,0.2,-0.065
2295.25,0.387,0.32,0.599,0.0653,0.2,-0.017
2295.5,0.362,0.32,0.628,0.0364,0.2,-0.0036
2295.75,0.386,0.32,0.706,0.0643,0.2,0.0523
2296.0,0.357,0.32,0.587,0.0353,0.2,-0.046
2296.25,0.399,0.32,0.56,0.0658,0.2,-0.07
2296.5,0.424,0.355,0.59,0.0936,0.191,-0.02
2296.75,0.444,0.32,0.606,0.119,0.19,-0.0032
2297.0,0.472,0.32,0.661,0.16,0.184,0.0473
2297.25,0.415,0.32,0.673,0.0936,0.18,0.0259
2297.5,0.411,0.315,0.547,0.0852,0.181,-0.07
2297.75,0.368,0.32,0.548,0.0507,0.2,-0.073
2298.0,0.384,0.32,0.489,0.0581,0.2,-0.16
2298.25,0.355,0.32,0.523,0.0339,0.199,-0.13
2298.5,0.495,0.351,0.577,-0.01,0.19,-0.1
2298.75,0.52,0.32,0.603,0.0125,0.182,-0.06
2299.0,0.537,0.32,0.587,0.0224,0.188,-0.049
2299.25,0.596,0.32,0.591,0.0674,0.198,-0.044
2299.5,0.626,0.32,0.608,0.127,0.196,-0.026
2299.75,0.571,0.32,0.563,0.0747,0.201,-0.07
2300.0,0.564,0.32,0.649,0.067,0.21,-0.004
2300.25,0.585,0.325,0.713,0.096,0.21,0.103
2300.5,0.489,0.34,0.61,-0.017,0.208,-0.0033
2300.75,0.509,0.32,0.596,0.00913,0.21,-0.037
2301.0,0.511,0.32,0.492,0.0116,0.21,-0.17
2301.25,0.56,0.32,0.499,0.0647,0.21,-0.17
2301.5,0.519,0.324,0.629,0.0129,0.215,-0.05
2301.75,0.594,0.33,0.549,0.0829,0.219,-0.11
2302.0,0.588,0.33,0.602,0.09,0.223,-0.038
2302.25,0.62,0.345,0.593,0.142,0.225,-0.045
2302.5,0.57,0.343,0.57,0.0896,0.228,-0.06
2302.75,0.566,0.33,0.608,0.0879,0.23,-0.03
2303.0,0.569,0.324,0.705,0.0873,0.221,0.0487
2303.25,0.56,0.32,0.618,0.0724,0.21,-0.0024
2303.5,0.503,0.33,0.579,-0.0027,0.211,-0.047
2303.75,0.52,0.33,0.574,0.000789,0.22,-0.042
2304.0,0.525,0.33,0.514,0.0181,0.22,-0.15
2304.25,0.51,0.374,0.602,0.00579,0.216,-0.076
2304.5,0.531,0.33,0.608,0.026,0.22,-0.06
2304.75,0.631,0.33,0.567,0.141,0.22,-0.077
2305.0,0.582,0.33,0.58,0.0938,0.22,-0.06
2305.25,0.559,0.33,0.577,0.07,0.22,-0.06
2305.5,0.586,0.33,0.57,0.107,0.22,-0.06
2305.75,0.602,0.33,0.699,0.131,0.22,0.0409
2306.0,0.513,0.33,0.679,0.0137,0.22,0.0729
2306.25,0.56,0.356,0.572,0.0521,0.22,-0.056
2306.5,0.531,0.33,0.531,0.0095,0.224,-0.12
2306.75,0.503,0.33,0.5,0.00607,0.229,-0.17
2307.0,0.499,0.33,0.505,0.00241,0.23,-0.17
2307.25,0.541,0.33,0.72,0.0472,0.23,0.0709
2307.5,0.612,0.33,0.59,0.11,0.23,-0.049
2307.75,0.585,0.33,0.568,0.0923,0.23,-0.077
2308.0,0.572,0.33,0.578,0.0822,0.23,-0.06
2308.25,0.607,0.362,0.57,0.126,0.228,-0.06
2308.5,0.558,0.33,0.648,0.07,0.23,0.0152
2308.75,0.498,0.33,0.714,-0.00038,0.23,0.0704
2309.0,0.536,0.33,0.586,0.0392,0.223,-0.032
2309.25,0.561,0.33,0.505,0.0409,0.22,-0.15
2309.5,0.499,0.33,0.496,-0.0086,0.22,-0.17
2309.75,0.536,0.33,0.525,0.00469,0.216,-0.13
2310.0,0.604,0.324,0.574,0.0938,0.21,-0.097
2310.25,0.628,0.355,0.639,0.135,0.205,-0.015
2310.5,0.834,0.545,0.58,0.0457,0.199,-0.06
2310.75,1.22,0.32,0.635,-0.037,0.2,0.0246
2311.0,1.34,0.328,0.9,-0.0072,0.199,-0.027
2311.25,1.37,0.448,1.12,-0.07,0.185,-0.078
2311.5,1.57,0.719,2.07,-0.17,0.182,-0.05
2311.75,2.05,1.66,1.25,-0.11,0.106,-0.12
2312.0,2.31,1.62,1.21,-0.2,0.0491,-0.23
2312.25,2.55,1.71,1.31,-0.26,0.0318,-0.17
2312.5,2.63,1.54,1.41,-0.27,0.124,-0.09
2312.75,2.82,1.74,1.76,-0.11,0.0788,-0.14
2313.0,2.92,1.83,1.99,-0.22,0.0611,-0.072
2313.25,2.97,2.08,1.75,-0.21,0.0323,-0.18
2313.5,2.97,2.07,1.73,-0.23,0.00903,-0.19
2313.75,3.24,2.31,1.96,-0.23,0.013,0.00696
2314.0,3.3,1.95,1.83,-0.26,0.0141,0.0545
2314.25,3.09,1.93,2.09,-0.35,0.0036,0.06
2314.5,3.15,1.96,1.62,-0.33,0.0,-0.071
2314.75,3.61,2.0,1.61,-0.44,0.00417,-0.15
2315.0,3.08,2.16,1.69,-0.37,0.0,-0.19
2315.25,3.03,2.05,1.72,-0.35,0.00458,-0.12
2315.5,3.16,1.96,1.72,-0.26,0.0278,-0.14
2315.75,3.44,2.21,1.61,-0.18,0.0994,-0.12
2316.0,2.93,1.57,1.41,-0.21,0.0948,-0.061
2316.25,3.18,1.84,1.38,-0.15,0.185,-0.027
2316.5,3.21,1.43,1.38,-0.23,0.125,0.0155
2316.75,3.18,1.79,3.12,-0.23,0.103,0.216
2317.0,3.2,2.42,2.45,-0.23,0.0918,0.117
2317.25,3.6,2.5,2.53,-0.25,0.064,-0.042
2317.5,4.0,3.27,3.11,-0.33,-0.0033,-0.081
2317.75,3.99,3.28,2.95,-0.38,0.782,-0.094
2318.0,6.32,3.33,3.29,-0.87,0.91,-0.092
2318.25,4.96,2.82,3.01,0.566,-0.067,0.0527
2318.5,5.95,3.38,2.53,-0.13,-0.045,-0.066
2318.75,5.0,2.59,2.42,-0.56,0.0219,-0.15
2319.0,5.45,3.15,3.07,-0.49,0.0492,-0.013
2319.25,5.21,3.02,3.09,-0.53,0.0164,0.123
2319.5,4.94,2.92,2.63,-0.52,0.0196,0.112
2319.75,4.9,2.6,2.23,-0.5,0.033,-0.043
2320.0,4.31,2.31,2.27,-0.42,0.0346,-0.2
2320.25,3.86,2.24,2.02,-0.39,0.0278,-0.18
2320.5,4.2,2.18,1.94,-0.4,0.0427,-0.26
2320.75,4.06,1.76,1.55,-0.48,0.1,-0.16
2321.0,3.19,1.57,1.6,-0.28,0.136,0.00621
2321.25,2.71,1.63,1.31,-0.15,0.118,-0.049
2321.5,2.41,1.39,1.03,-0.11,0.13,-0.1
2321.75,2.0,1.04,1.01,-0.037,0.192,-0.12
2322.0,1.92,0.934,0.971,0.033,0.198,-0.091
2322.25,1.78,0.8,1.17,0.00278,0.2,-0.013
2322.5,1.63,0.782,1.08,-0.082,0.202,-0.07
2322.75,1.23,0.644,0.874,-0.058,0.218,-0.15
2323.0,1.29,0.631,0.912,0.001,0.221,-0.066
2323.25,1.27,0.694,0.873,-0.046,0.211,-0.1
2323.5,1.25,0.78,0.889,-0.071,0.2,-0.05
2323.75,1.61,0.776,0.932,-0.077,0.2,0.0485
2324.0,1.36,0.704,0.633,0.0367,0.183,0.0433
2324.25,1.02,0.45,0.573,-0.011,0.21,-0.01
2324.5,0.949,0.451,0.511,0.00562,0.203,-0.069
2324.75,0.658,0.48,0.485,0.123,0.207,-0.11
2325.0,0.514,0.454,0.45,-0.026,0.21,-0.17
2325.25,0.517,0.452,0.561,-0.025,0.21,-0.07
2325.5,0.526,0.45,0.546,-0.016,0.21,-0.06
2325.75,0.542,0.459,0.503,0.0104,0.217,-0.08
2326.0,0.498,0.458,0.514,-0.027,0.23,-0.09
2326.25,0.608,0.461,0.531,0.0881,0.231,-0.07
2326.5,0.605,0.461,0.534,0.0929,0.236,-0.066
2326.75,0.582,0.478,0.687,0.0786,0.244,0.0743
2327.0,0.59,0.485,0.602,0.0906,0.25,0.0271
2327.25,0.555,0.467,0.508,0.0653,0.25,-0.082
2327.5,0.578,0.464,0.447,0.0896,0.251,-0.18
2327.75,0.523,0.473,0.442,0.0321,0.26,-0.18
2328.0,0.515,0.47,0.475,0.00875,0.251,-0.15
2328.25,0.514,0.473,0.61,0.0218,0.251,-0.023
2328.5,0.539,0.474,0.478,0.0386,0.26,-0.12
2328.75,0.586,0.472,0.533,0.0884,0.255,-0.066
2329.0,0.591,0.504,0.527,0.0984,0.248,-0.07
2329.25,0.581,0.464,0.611,0.0914,0.23,-0.037
2329.5,0.596,0.464,0.582,0.111,0.23,-0.002
2329.75,0.567,0.461,0.702,0.069,0.23,0.133
2330.0,0.501,0.463,0.473,-0.0061,0.23,-0.13
2330.25,0.492,0.46,0.44,-0.015,0.23,-0.18
2330.5,0.542,0.458,0.44,0.0592,0.23,-0.18
2330.75,0.51,0.453,0.5,0.018,0.23,-0.11
2331.0,0.493,0.451,0.472,0.007,0.23,-0.16
2331.25,0.599,0.497,0.612,0.075,0.23,-0.0056
2331.5,0.595,0.473,0.57,0.0943,0.231,-0.0052
2331.75,0.569,0.462,0.52,0.0804,0.237,-0.07
2332.0,0.603,0.466,0.543,0.127,0.235,-0.042
2332.25,0.585,0.466,0.512,0.107,0.23,-0.07
2332.5,0.535,0.461,0.542,0.0474,0.23,-0.082
2332.75,0.496,0.461,0.545,0.00259,0.23,-0.087
2333.0,0.496,0.46,0.488,0.00792,0.23,-0.11
2333.25,0.511,0.457,0.484,0.0457,0.23,-0.14
2333.5,0.479,0.49,0.485,0.0182,0.23,-0.12
2333.75,0.495,0.453,0.529,0.0355,0.23,-0.07
2334.0,0.575,0.454,0.569,0.111,0.226,-0.056
2334.25,0.572,0.445,0.602,0.11,0.21,-0.02
2334.5,0.692,0.447,0.641,0.0753,0.21,-0.019
2334.75,1.25,0.565,0.843,0.00524,0.204,-0.024
2335.0,1.39,0.555,0.865,-0.0037,0.195,-0.13
2335.25,1.27,0.785,1.35,-0.0073,0.16,-0.21
2335.5,1.38,1.07,1.7,-0.074,0.112,-0.27
2335.75,2.2,1.69,1.85,-0.19,0.107,-0.29
2336.0,2.24,2.19,2.05,-0.2,0.102,-0.13
2336.25,2.26,1.64,2.16,-0.19,0.109,-0.12
2336.5,2.32,1.75,2.19,-0.11,0.0955,-0.073
2336.75,2.55,1.85,2.27,-0.17,0.0487,-0.006
2337.0,3.22,2.14,2.48,-0.23,0.0381,-0.21
2337.25,2.93,3.23,2.43,-0.26,0.0426,-0.17
2337.5,3.4,2.58,2.68,-0.28,0.1,-0.17
2337.75,3.66,2.39,2.56,-0.4,0.102,-0.072
2338.0,3.49,2.7,2.41,-0.39,0.0912,-0.053
2338.25,3.41,1.94,2.14,-0.31,0.119,-0.23
2338.5,3.33,1.94,1.95,-0.41,0.106,-0.23
2338.75,3.17,2.78,1.92,-0.43,0.0395,-0.32
2339.0,3.22,1.7,2.19,-0.4,0.127,-0.28
2339.25,3.26,2.14,2.48,-0.41,0.106,-0.0031
2339.5,3.27,1.62,2.23,-0.43,0.13,-0.16
2339.75,2.87,2.24,1.95,-0.18,0.103,-0.13
2340.0,2.31,1.84,1.8,-0.13,0.0882,-0.23
2340.25,2.71,2.25,1.73,-0.15,0.166,-0.041
2340.5,2.65,1.79,1.89,-0.17,0.0538,0.107
2340.75,2.86,1.85,1.25,-0.18,0.0562,-0.25
2341.0,2.91,2.92,1.67,-0.15,0.0527,-0.13
2341.25,3.39,3.27,2.03,-0.17,0.086,-0.14
2341.5,3.87,5.0,3.52,-0.22,-0.1,-0.18
2341.75,3.71,4.39,3.01,-0.28,-0.1,-0.13
2342.0,4.49,5.05,6.17,-0.31,-0.16,0.542
2342.25,5.34,4.93,7.17,0.114,-0.14,0.649
2342.5,5.77,4.75,7.7,0.327,-0.18,0.573
2342.75,6.23,4.33,8.5,0.35,-0.18,0.569
2343.0,6.55,4.51,7.24,0.384,-0.18,0.347
2343.25,6.46,4.32,7.14,0.391,-0.19,0.408
2343.5,6.24,4.26,8.15,0.336,-0.18,0.527
2343.75,5.99,3.72,8.31,0.305,-0.13,0.539
2344.0,6.02,3.46,6.61,-0.033,0.0785,-0.063
2344.25,5.79,3.91,5.72,-0.27,-0.029,-0.33
2344.5,5.18,4.69,4.45,-0.22,-0.049,-0.19
2344.75,5.09,4.03,3.23,-0.3,-0.042,-0.076
2345.0,3.82,2.76,2.28,-0.2,0.0138,-0.064
2345.25,3.49,1.74,1.78,-0.14,0.0747,-0.14
2345.5,3.1,1.63,1.79,-0.12,0.0684,-0.14
2345.75,3.09,1.5,1.5,-0.14,0.118,-0.014
2346.0,2.55,1.38,1.43,-0.17,0.174,-0.096
2346.25,1.99,1.49,1.23,-0.083,0.106,-0.084
2346.5,1.64,1.74,0.974,-0.13,0.0728,-0.16
2346.75,1.24,0.851,0.723,-0.099,0.201,-0.13
2347.0,1.4,0.914,0.774,-0.19,0.157,-0.12
2347.25,2.69,0.725,0.783,-0.37,0.18,-0.11
2347.5,2.29,0.758,0.905,-0.3,0.187,-0.0017
2347.75,1.93,0.776,0.816,-0.21,0.19,-0.023
2348.0,2.37,0.775,0.803,-0.16,0.193,-0.0055
2348.25,1.23,0.692,0.585,-0.07,0.218,-0.054
2348.5,0.533,0.453,0.58,0.0174,0.25,0.00744
2348.75,0.527,0.445,0.503,0.0236,0.255,-0.094
2349.0,0.555,0.443,0.45,0.0471,0.255,-0.17
2349.25,0.48,0.45,0.53,-0.033,0.258,-0.066
2349.5,0.459,0.451,0.45,-0.062,0.26,-0.17
2349.75,0.458,0.452,0.45,-0.07,0.27,-0.17
2350.0,0.453,0.451,0.482,-0.076,0.266,-0.13
2350.25,0.527,0.484,0.549,0.00957,0.264,-0.052
2350.5,0.576,0.451,0.573,0.0478,0.271,-0.023
2350.75,0.544,0.451,0.565,0.0245,0.28,-0.014
2351.0,0.549,0.453,0.53,0.0254,0.28,-0.06
2351.25,0.538,0.455,0.53,0.0263,0.285,-0.069
2351.5,0.571,0.452,0.517,0.0615,0.29,-0.097
2351.75,0.473,0.453,0.537,-0.056,0.291,-0.083
2352.0,0.481,0.456,0.515,-0.043,0.294,-0.088
2352.25,0.468,0.486,0.464,-0.058,0.299,-0.16
2352.5,0.519,0.46,0.45,0.00293,0.3,-0.18
2352.75,0.474,0.46,0.542,-0.048,0.308,-0.077
2353.0,0.56,0.461,0.54,0.0375,0.31,-0.07
2353.25,0.591,0.452,0.531,0.0738,0.282,-0.07
2353.5,0.557,0.455,0.56,0.0491,0.283,-0.025
2353.75,0.539,0.452,0.53,0.0248,0.289,-0.07
2354.0,0.54,0.473,0.569,0.0176,0.29,-0.024
2354.25,0.484,0.464,0.458,-0.042,0.289,-0.17
2354.5,0.544,0.462,0.45,0.00429,0.288,-0.18
2354.75,0.476,0.451,0.45,-0.06,0.28,-0.18
2355.0,0.476,0.451,0.492,-0.053,0.28,-0.12
2355.25,0.533,0.451,0.486,-0.0005,0.28,-0.13
2355.5,0.578,0.454,0.586,0.052,0.28,1.03e-17
2355.75,0.549,0.455,0.551,0.0373,0.28,-0.048
2356.0,0.532,0.486,0.531,0.0214,0.28,-0.07
2356.25,0.568,0.45,0.554,0.0561,0.28,-0.043
2356.5,0.463,0.461,0.573,-0.067,0.28,-0.015
2356.75,0.47,0.485,0.489,-0.067,0.28,-0.13
2357.0,0.472,0.464,0.452,-0.066,0.28,-0.18
2357.25,0.508,0.47,0.433,-0.015,0.275,-0.18
2357.5,0.477,0.466,0.448,-0.055,0.271,-0.14
2357.75,0.544,0.456,0.445,0.00613,0.271,-0.14
2358.0,0.563,0.48,0.457,0.0379,0.265,-0.12
2358.25,0.582,0.45,0.502,0.0611,0.261,-0.07
2358.5,0.738,0.448,0.506,-0.0091,0.26,-0.071
2358.75,1.24,0.782,0.743,-0.072,0.239,0.0293
2359.0,1.28,0.655,1.08,-0.16,0.243,-0.09
2359.25,1.61,1.17,1.38,-0.14,0.218,-0.2
2359.5,1.71,1.44,2.31,-0.18,0.102,-0.29
2359.75,2.28,1.43,1.92,-0.23,0.125,-0.31
2360.0,2.59,2.57,3.55,-0.29,0.228,-0.43
2360.25,2.85,2.83,3.32,-0.28,0.0025,-0.38
2360.5,3.03,2.43,2.89,-0.24,0.0029,-0.43
2360.75,3.03,2.37,3.09,-0.33,0.00467,-0.32
2361.0,3.61,2.39,2.88,-0.34,-0.0033,-0.15
2361.25,3.26,3.28,3.23,-0.36,-0.013,-0.19
2361.5,3.41,2.64,3.98,-0.39,-0.025,-0.29
2361.75,4.03,3.0,2.41,-0.33,-0.013,-0.077
2362.0,3.53,3.27,2.29,-0.37,0.00143,-0.048
2362.25,3.53,3.18,2.12,-0.38,0.002,-0.27
2362.5,3.62,3.05,2.72,-0.37,0.0,-0.39
2362.75,3.96,2.94,2.55,-0.34,0.00027,-0.43
2363.0,3.34,2.95,2.44,-0.32,0.00548,-0.35
2363.25,3.19,2.75,2.37,-0.35,0.0522,-0.42
2363.5,3.27,2.81,2.71,-0.37,0.06,-0.32
2363.75,3.15,2.79,2.68,-0.41,0.0713,-0.22
2364.0,3.72,2.05,2.64,-0.29,0.161,-0.068
2364.25,2.94,1.72,1.86,-0.36,0.181,-0.21
2364.5,2.83,2.01,1.48,-0.36,0.229,-0.13
2364.75,3.03,1.85,1.25,-0.3,0.146,-0.11
2365.0,4.07,2.43,1.33,-0.15,0.126,-0.14
2365.25,3.71,2.95,1.58,-0.2,0.112,-0.072
2365.5,5.81,2.34,6.74,-0.42,0.102,0.736
2365.75,6.55,2.56,5.78,-0.68,0.0359,0.801
2366.0,7.32,3.04,8.17,-0.48,-0.043,0.765
2366.25,7.13,3.04,9.33,-0.43,0.0,0.634
2366.5,7.16,3.01,7.83,-0.6,-0.0035,0.653
2366.75,6.03,3.0,8.71,-0.33,-0.007,0.451
2367.0,5.64,3.11,7.51,-0.47,-0.06,0.604
2367.25,6.11,3.19,5.36,-0.37,-0.075,0.113
2367.5,5.25,3.24,4.32,-0.35,-0.099,-0.34
2367.75,6.0,3.24,3.04,-0.52,-0.1,-0.31
2368.0,5.2,3.5,3.23,-0.36,-0.051,-0.18
2368.25,6.6,4.05,3.69,-0.63,-0.12,-0.24
2368.5,6.88,3.3,3.13,-0.33,-0.008,-0.28
2368.75,6.79,3.52,3.26,-0.36,0.00467,-0.32
2369.0,6.58,2.89,3.09,-0.35,0.0353,-0.22
2369.25,4.88,2.24,1.74,-0.49,0.166,-0.093
2369.5,2.91,1.58,1.7,-0.093,0.217,-0.089
2369.75,2.4,1.35,1.62,-0.11,0.236,-0.11
2370.0,1.3,1.21,1.14,-0.12,0.205,-0.14
2370.25,0.914,0.727,0.907,-0.084,0.255,-0.17
2370.5,1.04,0.495,0.774,-0.11,0.281,-0.22
2370.75,0.941,0.512,0.737,-0.1,0.278,-0.14
2371.0,0.455,0.488,0.546,-0.029,0.28,-0.11
2371.25,0.439,0.509,0.5,-0.048,0.288,-0.17
2371.5,0.441,0.517,0.491,-0.052,0.29,-0.18
2371.75,0.4,0.493,0.593,-0.094,0.297,-0.064
2372.0,0.391,0.497,0.641,-0.11,0.301,0.012
2372.25,0.402,0.501,0.549,-0.091,0.31,-0.097
2372.5,0.468,0.505,0.554,-0.027,0.314,-0.088
2372.75,0.489,0.502,0.55,-0.0025,0.32,-0.09
2373.0,0.47,0.528,0.546,-0.019,0.32,-0.096
2373.25,0.471,0.5,0.495,-0.011,0.313,-0.17
2373.5,0.498,0.503,0.552,0.021,0.32,-0.096
2373.75,0.462,0.5,0.49,-0.017,0.325,-0.18
2374.0,0.456,0.503,0.492,-0.023,0.331,-0.19
2374.25,0.453,0.501,0.55,-0.026,0.337,-0.12
2374.5,0.455,0.507,0.6,-0.025,0.341,-0.043
2374.75,0.4,0.537,0.656,-0.082,0.346,0.0309
2375.0,0.395,0.504,0.568,-0.088,0.329,-0.077
2375.25,0.441,0.501,0.548,-0.061,0.337,-0.1
2375.5,0.426,0.504,0.581,-0.068,0.34,-0.061
2375.75,0.505,0.505,0.513,0.00667,0.34,-0.16
2376.0,0.49,0.505,0.489,0.00698,0.345,-0.19
2376.25,0.508,0.515,0.518,0.0261,0.34,-0.14
2376.5,0.468,0.55,0.523,-0.0095,0.34,-0.16
2376.75,0.47,0.517,0.498,-0.006,0.339,-0.18
2377.0,0.488,0.502,0.554,0.0125,0.339,-0.11
2377.25,0.452,0.5,0.553,-0.025,0.34,-0.11
2377.5,0.395,0.506,0.542,-0.088,0.34,-0.11
2377.75,0.449,0.504,0.623,-0.03,0.34,-0.0064
2378.0,0.409,0.501,0.556,-0.088,0.34,-0.095
2378.25,0.409,0.538,0.568,-0.095,0.34,-0.067
2378.5,0.412,0.505,0.522,-0.092,0.34,-0.14
2378.75,0.512,0.505,0.447,0.00758,0.34,-0.2
2379.0,0.507,0.503,0.515,0.0078,0.34,-0.11
2379.25,0.489,0.503,0.465,-0.0031,0.34,-0.17
2379.5,0.524,0.503,0.452,0.0378,0.34,-0.19
2379.75,0.472,0.506,0.544,-0.019,0.341,-0.079
2380.0,0.412,0.536,0.545,-0.091,0.34,-0.073
2380.25,0.411,0.504,0.582,-0.093,0.346,-0.027
2380.5,0.435,0.503,0.562,-0.062,0.35,-0.033
2380.75,0.458,0.502,0.517,-0.016,0.35,-0.088
2381.0,0.399,0.506,0.465,-0.084,0.346,-0.18
2381.25,0.477,0.504,0.47,-0.015,0.347,-0.17
2381.5,0.479,0.502,0.47,0.00103,0.342,-0.17
2381.75,0.498,0.536,0.485,0.0257,0.34,-0.14
2382.0,0.49,0.515,0.538,0.015,0.336,-0.052
2382.25,0.477,0.5,0.512,-0.0053,0.321,-0.12
2382.5,0.455,0.5,0.558,-0.029,0.315,-0.06
2382.75,1.03,0.664,0.8,-0.19,0.308,-0.11
2383.0,1.16,0.703,0.862,-0.17,0.27,-0.083
2383.25,1.61,1.04,1.35,-0.21,0.244,-0.17
2383.5,1.85,2.22,1.88,-0.25,0.148,-0.19
2383.75,3.61,2.79,2.65,-0.068,0.237,-0.23
2384.0,5.57,3.27,2.22,-0.14,0.334,-0.069
2384.25,4.79,4.93,2.44,-0.16,0.28,-0.16
2384.5,5.5,6.01,2.92,-0.33,0.33,-0.17
2384.75,6.67,6.17,3.76,-0.031,0.216,-0.25
2385.0,5.93,4.0,3.36,0.108,0.297,-0.14
2385.25,6.56,4.58,3.84,-0.039,0.234,-0.14
2385.5,6.83,3.99,3.76,-0.065,0.266,-0.099
2385.75,5.99,3.43,3.98,-0.012,0.324,0.177
2386.0,5.5,3.98,3.53,-0.55,0.226,-0.022
2386.25,4.57,4.81,3.53,-0.67,0.239,-0.15
2386.5,4.55,5.22,3.01,-0.49,0.23,-0.28
2386.75,4.28,4.36,2.99,-0.57,0.208,-0.3
2387.0,4.2,3.24,2.97,-0.53,0.199,-0.28
2387.25,3.92,3.08,2.75,-0.46,0.213,-0.25
2387.5,3.91,3.1,2.85,-0.44,0.23,-0.083
2387.75,3.84,3.18,2.0,-0.42,0.265,-0.19
2388.0,3.5,3.22,1.69,-0.44,0.453,-0.12
2388.25,3.93,2.17,1.89,-0.3,0.161,0.00571
2388.5,3.49,1.78,1.7,-0.38,0.177,-0.068
2388.75,3.4,1.57,1.68,-0.41,0.2,-0.096
2389.0,3.71,2.15,2.76,-0.38,0.164,-0.07
2389.25,3.83,3.01,5.42,-0.48,0.127,0.556
2389.5,4.62,2.92,7.85,-0.44,0.135,0.587
2389.75,6.76,3.89,8.1,-0.68,0.00828,0.59
2390.0,5.86,2.3,8.67,-0.63,0.0525,0.669
2390.25,5.25,2.27,7.71,-0.7,0.0411,-0.0073
2390.5,5.12,2.5,4.63,-0.7,0.0242,-0.3
2390.75,5.33,3.44,3.32,-0.55,0.0254,-0.099
2391.0,5.83,4.69,5.38,-0.61,-0.011,-0.21
2391.25,7.51,4.86,3.87,-0.54,-0.016,-0.13
2391.5,7.45,5.0,6.97,-0.53,0.0143,0.293
2391.75,7.23,3.35,6.4,-0.56,-0.036,0.713
2392.0,6.28,2.96,5.9,-0.64,0.01,0.655
2392.25,6.12,2.31,5.91,-0.63,0.0624,0.574
2392.5,4.9,2.19,5.36,-0.42,0.067,0.575
2392.75,4.16,2.34,4.84,-0.59,0.119,0.622
2393.0,4.58,2.53,4.44,-0.64,0.104,0.53
2393.25,2.68,1.42,1.04,-0.25,0.116,-0.076
2393.5,2.41,0.759,1.11,-0.2,0.198,-0.14
2393.75,1.08,0.634,1.02,-0.002,0.227,-0.17
2394.0,1.07,0.614,0.948,0.024,0.232,-0.16
2394.25,0.891,0.514,0.835,0.00743,0.248,-0.15
2394.5,0.969,0.469,0.666,0.0418,0.238,-0.11
2394.75,0.888,0.472,0.545,-0.01,0.232,-0.11
2395.0,0.819,0.503,0.515,-0.035,0.242,-0.16
2395.25,0.49,0.471,0.498,-0.053,0.25,-0.19
2395.5,0.548,0.48,0.483,0.00966,0.257,-0.21
2395.75,0.503,0.48,0.487,-0.045,0.26,-0.21
2396.0,0.486,0.48,0.488,-0.06,0.26,-0.21
2396.25,0.506,0.475,0.572,-0.042,0.257,-0.11
2396.5,0.628,0.506,0.616,0.069,0.26,-0.042
2396.75,0.572,0.483,0.639,0.0309,0.264,-0.0047
2397.0,0.573,0.481,0.569,0.0356,0.26,-0.11
2397.25,0.571,0.481,0.558,0.0361,0.26,-0.12
2397.5,0.647,0.482,0.568,0.0933,0.27,-0.11
2397.75,0.567,0.484,0.553,0.0404,0.279,-0.12
2398.0,0.535,0.508,0.488,0.00222,0.28,-0.22
2398.25,0.505,0.483,0.497,-0.034,0.28,-0.21
2398.5,0.525,0.48,0.464,-0.018,0.284,-0.24
2398.75,0.5,0.482,0.483,-0.043,0.267,-0.22
2399.0,0.491,0.482,0.553,-0.053,0.271,-0.13
2399.25,0.551,0.48,0.612,0.00923,0.28,-0.057
2399.5,0.623,0.507,0.582,0.0807,0.28,-0.099
2399.75,0.572,0.484,0.564,0.0304,0.285,-0.11
2400.0,0.588,0.487,0.624,0.0521,0.289,-0.02
2400.25,0.595,0.48,0.583,0.0663,0.264,-0.078
2400.5,0.533,0.48,0.555,0.000455,0.26,-0.12
2400.75,0.503,0.48,0.495,-0.035,0.266,-0.21
2401.0,0.504,0.504,0.464,-0.034,0.267,-0.25
2401.25,0.526,0.496,0.482,-0.014,0.27,-0.23
2401.5,0.511,0.481,0.482,-0.025,0.27,-0.23
2401.75,0.524,0.48,0.55,-0.023,0.272,-0.14
2402.0,0.587,0.484,0.594,0.0467,0.273,-0.082
2402.25,0.586,0.481,0.574,0.0568,0.279,-0.1
2402.5,0.629,0.48,0.57,0.111,0.28,-0.11
2402.75,0.554,0.519,0.554,0.0252,0.28,-0.13
2403.0,0.572,0.488,0.552,0.0452,0.28,-0.12
2403.25,0.508,0.481,0.504,-0.031,0.28,-0.18
2403.5,0.537,0.48,0.506,-0.00095,0.28,-0.18
2403.75,0.525,0.484,0.532,-0.014,0.28,-0.16
2404.0,0.493,0.481,0.489,-0.046,0.28,-0.22
2404.25,0.515,0.511,0.479,-0.025,0.28,-0.23
2404.5,0.574,0.484,0.589,0.0211,0.28,-0.094
2404.75,0.583,0.48,0.599,0.0381,0.28,-0.075
2405.0,0.57,0.48,0.552,0.0393,0.28,-0.13
2405.25,0.605,0.485,0.539,0.083,0.279,-0.14
2405.5,0.585,0.48,0.557,0.0597,0.273,-0.11
2405.75,0.543,0.48,0.533,0.012,0.269,-0.15
2406.0,0.492,0.504,0.522,-0.054,0.26,-0.17
2406.25,0.499,0.473,0.501,-0.047,0.252,-0.21
2406.5,0.549,0.472,0.485,0.00943,0.248,-0.22
2406.75,0.89,0.49,0.565,-0.12,0.249,-0.16
2407.0,1.2,0.542,0.827,-0.12,0.25,-0.12
2407.25,1.32,0.572,1.39,-0.06,0.256,-0.24
2407.5,1.77,0.818,2.43,-0.096,0.196,-0.15
2407.75,2.27,1.76,1.26,-0.13,0.158,-0.2
2408.0,2.95,2.39,1.6,-0.33,0.137,-0.028
2408.25,2.81,1.5,1.59,-0.27,0.135,-0.1
2408.5,3.29,1.44,2.12,-0.36,0.138,-0.31
2408.75,3.93,1.7,4.75,-0.31,0.139,0.275
2409.0,4.73,1.89,5.39,-0.45,0.0627,0.518
2409.25,4.46,3.76,5.14,-0.54,0.0194,0.403
2409.5,4.52,2.54,3.11,-0.55,0.0623,-0.28
2409.75,4.54,2.2,3.43,-0.57,0.124,-0.23
2410.0,4.18,2.31,4.33,-0.46,0.142,-0.39
2410.25,2.77,1.9,3.1,-0.34,0.199,-0.04
2410.5,2.84,2.11,3.4,-0.23,0.18,-0.31
2410.75,2.93,1.76,3.44,-0.29,0.15,-0.19
2411.0,2.98,2.45,2.82,-0.25,0.105,-0.2
2411.25,2.97,2.21,2.9,-0.27,0.169,-0.2
2411.5,2.95,3.14,2.96,-0.31,0.187,-0.34
2411.75,2.61,3.53,2.95,-0.28,0.144,-0.34
2412.0,2.46,2.39,2.85,-0.3,0.175,-0.37
2412.25,2.4,2.51,2.7,-0.27,0.152,-0.2
2412.5,2.17,2.58,2.48,-0.27,0.163,-0.086
2412.75,2.65,2.05,1.76,-0.17,0.156,-0.08
2413.0,2.59,2.57,3.42,-0.098,0.219,-0.16
2413.25,3.03,2.9,4.09,-0.012,0.0555,-0.032
2413.5,4.26,4.23,8.39,-0.17,-0.012,-0.58
2413.75,5.09,5.76,9.21,-0.33,-0.059,-0.43
2414.0,4.96,9.77,9.79,-0.35,-0.23,-0.34
2414.25,6.3,11.9,9.93,-0.42,-0.36,-0.61
2414.5,6.12,12.2,8.27,-0.6,-0.34,-0.47
2414.75,6.36,10.5,8.05,-0.6,-0.29,-0.54
2415.0,6.39,10.0,6.74,-0.61,-0.25,-0.31
2415.25,6.38,9.91,7.35,-0.61,-0.24,-0.1
2415.5,5.64,8.76,6.57,-0.58,-0.2,-0.25
2415.75,5.23,9.37,6.94,-0.61,-0.23,-0.25
2416.0,5.78,9.93,5.42,-0.53,-0.42,-0.25
2416.25,5.88,9.07,6.37,-0.59,-0.44,-0.3
2416.5,5.13,8.29,6.45,-0.5,-0.19,-0.33
2416.75,4.23,7.32,6.48,-0.43,0.047,-0.2
2417.0,3.93,7.63,5.74,-0.39,0.0512,-0.36
2417.25,3.16,6.16,3.36,-0.39,0.0875,-0.087
2417.5,2.94,5.65,3.3,-0.41,0.106,-0.28
2417.75,1.64,1.88,1.09,-0.26,0.24,-0.23
2418.0,1.11,1.8,0.873,-0.2,0.254,-0.2
2418.25,1.12,1.88,0.867,-0.059,0.284,-0.089
2418.5,0.827,1.59,0.673,-0.096,0.286,-0.12
2418.75,0.845,1.61,0.645,-0.036,0.331,0.00625
2419.0,0.497,0.381,0.659,-0.0047,0.31,0.0324
2419.25,0.441,0.386,0.594,-0.045,0.31,-0.044
2419.5,0.445,0.39,0.577,-0.041,0.315,-0.067
2419.75,0.479,0.387,0.609,-0.005,0.314,-0.037
2420.0,0.403,0.38,0.635,-0.09,0.307,0.0288
2420.25,0.359,0.422,0.552,-0.14,0.309,-0.062
2420.5,0.375,0.37,0.532,-0.12,0.28,-0.07
2420.75,0.404,0.37,0.559,-0.091,0.28,-0.051
2421.0,0.382,0.37,0.496,-0.11,0.288,-0.14
2421.25,0.457,0.37,0.536,-0.04,0.29,-0.089
2421.5,0.441,0.374,0.445,-0.052,0.29,-0.19
2421.75,0.487,0.415,0.524,0.000909,0.29,-0.13
2422.0,0.448,0.38,0.569,-0.037,0.294,-0.05
2422.25,0.454,0.38,0.623,-0.031,0.299,0.0194
2422.5,0.449,0.38,0.587,-0.036,0.301,-0.015
2422.75,0.449,0.38,0.565,-0.034,0.31,-0.044
2423.0,0.42,0.381,0.561,-0.071,0.31,-0.053
2423.25,0.373,0.416,0.577,-0.13,0.313,-0.036
2423.5,0.397,0.39,0.547,-0.096,0.32,-0.057
2423.75,0.388,0.389,0.577,-0.11,0.318,-0.012
2424.0,0.371,0.385,0.578,-0.13,0.311,-0.033
2424.25,0.448,0.387,0.52,-0.053,0.316,-0.12
2424.5,0.47,0.38,0.488,-0.022,0.31,-0.15
2424.75,0.488,0.405,0.454,0.00364,0.31,-0.18
2425.0,0.439,0.38,0.517,-0.049,0.309,-0.11
2425.25,0.448,0.38,0.626,-0.038,0.31,0.0307
2425.5,0.489,0.381,0.59,0.0113,0.31,-0.034
2425.75,0.414,0.38,0.54,-0.075,0.31,-0.075
2426.0,0.392,0.38,0.563,-0.11,0.31,-0.047
2426.25,0.37,0.413,0.581,-0.12,0.31,-0.028
2426.5,0.394,0.386,0.579,-0.099,0.315,-0.024
2426.75,0.424,0.389,0.537,-0.068,0.318,-0.071
2427.0,0.455,0.39,0.54,-0.048,0.32,-0.075
2427.25,0.467,0.39,0.49,-0.026,0.32,-0.15
2427.5,0.447,0.39,0.488,-0.042,0.32,-0.15
2427.75,0.504,0.425,0.499,0.0244,0.32,-0.12
2428.0,0.434,0.39,0.499,-0.05,0.32,-0.14
2428.25,0.465,0.39,0.522,-0.015,0.32,-0.1
2428.5,0.491,0.39,0.627,0.0188,0.32,0.0258
2428.75,0.454,0.39,0.534,-0.024,0.32,-0.079
2429.0,0.418,0.39,0.586,-0.07,0.32,-0.012
2429.25,0.418,0.437,0.552,-0.072,0.33,-0.06
2429.5,0.397,0.39,0.562,-0.098,0.32,-0.053
2429.75,0.362,0.39,0.548,-0.14,0.32,-0.058
2430.0,0.364,0.39,0.537,-0.13,0.319,-0.088
2430.25,0.456,0.383,0.499,-0.036,0.31,-0.14
2430.5,0.47,0.38,0.469,-0.024,0.31,-0.16
2430.75,0.403,0.405,0.479,-0.023,0.31,-0.16
2431.0,0.334,0.395,0.492,0.0231,0.31,-0.15
2431.25,0.326,0.384,0.57,-0.0064,0.31,-0.061
2431.5,0.308,0.382,0.555,0.00437,0.31,-0.056
2431.75,0.28,0.38,0.646,-0.021,0.3,0.0648
2432.0,0.3,0.933,0.586,-0.051,0.282,-0.035
2432.25,0.313,0.387,0.533,-0.06,0.29,-0.079
2432.5,0.278,0.415,0.544,-0.097,0.29,-0.064
2432.75,0.308,0.402,0.538,-0.064,0.29,-0.079
2433.0,0.262,0.4,0.615,-0.12,0.282,0.0131
2433.25,0.313,0.403,0.49,-0.062,0.284,-0.14
2433.5,0.359,0.4,0.476,-0.034,0.28,-0.16
2433.75,0.423,0.389,0.515,-0.035,0.28,-0.12
2434.0,0.442,0.423,0.529,-0.0068,0.28,-0.11
2434.25,0.416,0.401,0.573,-0.034,0.283,-0.035
2434.5,0.444,1.07,0.583,-0.022,0.293,-0.032
2434.75,0.462,0.737,0.585,0.00759,0.288,-0.033
2435.0,0.367,1.69,0.591,-0.095,0.309,-0.07
2435.25,0.338,1.63,0.552,-0.13,0.31,-0.061
2435.5,0.347,1.57,0.588,-0.12,0.309,-0.016
2435.75,0.395,0.373,0.538,-0.066,0.28,-0.072
2436.0,0.36,0.373,0.435,-0.11,0.28,-0.2
2436.25,0.432,0.371,0.546,-0.047,0.284,-0.064
2436.5,0.458,0.376,0.5,0.002,0.287,-0.13
2436.75,0.301,0.37,0.481,-0.0064,0.28,-0.15
2437.0,0.35,0.38,0.545,-0.048,0.28,-0.07
2437.25,0.462,0.395,0.56,-0.037,0.28,-0.059
2437.5,0.481,0.37,0.55,0.0,0.274,-0.066
2437.75,0.424,0.37,0.528,-0.068,0.273,-0.083
2438.0,0.473,0.37,0.566,-0.045,0.269,-0.046
2438.25,0.421,0.37,0.586,-0.07,0.266,-0.015
2438.5,0.476,0.37,0.525,-0.011,0.261,-0.085
2438.75,0.416,0.403,0.509,-0.11,0.262,-0.12
2439.0,0.388,0.392,0.494,-0.12,0.27,-0.15
2439.25,0.391,0.418,0.632,-0.14,0.296,-0.043
2439.5,0.735,0.387,0.718,0.0671,0.29,-0.13
2439.75,0.478,0.373,0.716,-0.091,0.284,-0.17
2440.0,0.421,0.375,0.803,-0.074,0.288,-0.059
2440.25,0.657,0.385,0.76,0.155,0.283,-0.084
2440.5,0.701,0.407,0.813,0.0792,0.28,-0.045
2440.75,0.437,0.37,0.634,-0.067,0.28,0.00368
2441.0,0.438,0.37,0.544,-0.059,0.28,-0.067
2441.25,0.485,0.37,0.53,-0.029,0.28,-0.077
2441.5,0.457,0.37,0.575,-0.013,0.279,-0.035
2441.75,0.243,0.37,0.508,-0.1,0.278,-0.12
2442.0,0.231,0.409,0.486,-0.12,0.264,-0.12
2442.25,0.379,0.37,0.541,-0.13,0.256,-0.062
2442.5,0.443,0.37,0.516,-0.078,0.259,-0.12
2442.75,0.39,0.37,0.499,-0.14,0.26,-0.13
2443.0,0.469,0.37,0.539,-0.063,0.26,-0.078
2443.25,0.485,0.37,0.612,-0.035,0.26,-0.003
2443.5,0.499,0.372,0.573,-0.013,0.268,-0.039
2443.75,0.488,0.409,0.531,-0.014,0.277,-0.072
2444.0,0.454,0.37,0.54,-0.055,0.273,-0.063
2444.25,0.441,0.37,0.573,-0.085,0.279,-0.034
2444.5,0.399,0.37,0.578,-0.12,0.28,-0.016
2444.75,0.455,0.371,0.464,-0.063,0.286,-0.16
2445.0,0.377,0.37,0.495,-0.15,0.28,-0.13
2445.25,0.401,0.396,0.542,-0.12,0.282,-0.052
2445.5,0.477,0.373,0.445,-0.048,0.288,-0.18
2445.75,0.522,0.373,0.53,0.0075,0.29,-0.089
2446.0,0.473,0.379,0.623,-0.033,0.29,0.0186
2446.25,0.449,0.38,0.551,-0.051,0.292,-0.062
2446.5,0.473,0.38,0.551,-0.028,0.29,-0.061
2446.75,0.506,0.38,0.564,0.0036,0.297,-0.042
2447.0,0.504,0.424,0.568,0.00385,0.303,-0.036
2447.25,0.457,0.385,0.553,-0.044,0.31,-0.041
2447.5,0.468,0.388,0.492,-0.032,0.31,-0.14
2447.75,0.474,0.384,0.49,-0.026,0.31,-0.15
2448.0,0.476,0.38,0.458,-0.04,0.305,-0.18
2448.25,0.394,0.38,0.534,-0.13,0.31,-0.08
2448.5,0.397,0.386,0.604,-0.13,0.308,-0.013
2448.75,0.409,0.397,0.561,-0.12,0.298,-0.067
2449.0,0.441,0.38,0.555,-0.082,0.3,-0.064
2449.25,0.458,0.38,0.617,-0.092,0.3,-0.037
2449.5,0.498,0.38,0.572,-0.031,0.305,-0.047
2449.75,0.478,0.38,0.557,-0.035,0.308,-0.034
2450.0,0.455,0.381,0.545,-0.054,0.309,-0.064
2450.25,0.52,0.406,0.535,0.0156,0.302,-0.087
2450.5,0.481,0.39,0.456,-0.02,0.3,-0.19
2450.75,0.456,0.38,0.523,-0.045,0.3,-0.12
2451.0,0.491,0.38,0.512,-0.01,0.3,-0.14
2451.25,0.448,0.38,0.579,-0.052,0.3,-0.06
2451.5,0.471,0.38,0.573,-0.042,0.3,-0.044
2451.75,0.395,0.38,0.584,-0.14,0.302,-0.041
2452.0,0.391,0.413,0.559,-0.14,0.303,-0.058
2452.25,0.434,0.384,0.524,-0.094,0.309,-0.086
2452.5,0.394,0.38,0.609,-0.14,0.31,0.0121
2452.75,0.449,0.38,0.582,-0.088,0.31,-0.033
2453.0,0.476,0.38,0.524,-0.047,0.31,-0.086
2453.25,0.491,0.38,0.49,-0.025,0.31,-0.16
2453.5,0.518,0.38,0.493,0.00917,0.31,-0.15
2453.75,0.475,0.42,0.489,-0.035,0.306,-0.13
2454.0,0.471,0.38,0.482,-0.034,0.309,-0.16
2454.25,0.466,0.38,0.513,-0.044,0.29,-0.12
2454.5,0.429,0.38,0.609,-0.1,0.291,0.0118
2454.75,0.4,0.38,0.607,-0.13,0.29,-0.0015
2455.0,0.26,0.38,0.59,-0.1,0.293,-0.022
2455.25,0.25,0.38,0.587,-0.099,0.292,-0.019
2455.5,0.267,0.439,0.535,-0.083,0.3,-0.077
2455.75,0.348,0.38,0.557,-0.00027,0.29,-0.059
2456.0,0.355,0.378,0.485,-0.0065,0.29,-0.17
2456.25,0.327,0.373,0.448,-0.0096,0.281,-0.19
2456.5,0.328,0.376,0.545,-0.011,0.282,-0.088
2456.75,0.373,0.37,0.487,0.0386,0.28,-0.16
2457.0,0.318,0.37,0.463,-0.02,0.28,-0.18
2457.25,0.296,0.399,0.591,-0.043,0.28,-0.042
2457.5,0.249,0.371,0.594,-0.1,0.28,-0.02
2457.75,0.279,0.37,0.603,-0.07,0.28,0.0257
2458.0,0.263,0.37,0.576,-0.083,0.28,-0.035
2458.25,0.235,0.372,0.553,-0.11,0.281,-0.058
2458.5,0.287,0.38,0.52,-0.069,0.289,-0.085
2458.75,0.333,0.379,0.506,-0.013,0.286,-0.14
2459.0,0.367,0.413,0.516,0.027,0.286,-0.12
2459.25,0.333,0.376,0.472,-0.0043,0.283,-0.16
2459.5,0.313,0.376,0.49,-0.026,0.285,-0.15
2459.75,0.323,0.376,0.507,-0.016,0.284,-0.13
2460.0,0.347,0.384,0.535,0.0144,0.29,-0.083
2460.25,0.305,0.38,0.601,-0.044,0.293,-0.025
2460.5,0.241,0.38,0.656,-0.11,0.297,0.0531
2460.75,0.246,0.426,0.576,-0.11,0.3,-0.022
2461.0,0.298,0.382,0.578,-0.052,0.3,-0.041
2461.25,0.249,0.38,0.575,-0.1,0.3,-0.051
2461.5,0.322,0.383,0.55,-0.032,0.302,-0.067
2461.75,0.317,0.385,0.6,-0.025,0.307,1.39e-18
2462.0,0.374,0.385,0.536,0.0214,0.307,-0.1
2462.25,0.38,0.38,0.466,0.0473,0.302,-0.19
2462.5,0.315,0.42,0.494,-0.018,0.303,-0.15
2462.75,0.31,0.38,0.524,-0.028,0.3,-0.12
2463.0,0.36,0.38,0.59,0.0229,0.299,-0.035
2463.25,0.293,0.38,0.572,-0.052,0.297,-0.059
2463.5,0.227,0.38,0.579,-0.13,0.291,-0.038
2463.75,0.241,0.38,0.584,-0.11,0.291,-0.031
2464.0,0.263,0.38,0.576,-0.087,0.29,-0.037
2464.25,0.298,0.407,0.577,-0.046,0.285,-0.038
2464.5,0.337,0.37,0.61,-0.018,0.281,-0.058
2464.75,0.315,0.37,0.572,-0.033,0.28,-0.052
2465.0,0.333,0.37,0.575,-0.013,0.266,-0.04
2465.25,0.382,0.37,0.554,0.0405,0.262,-0.047
2465.5,0.326,0.37,0.544,-0.013,0.264,-0.069
2465.75,0.316,0.388,0.574,-0.023,0.284,-0.039
2466.0,0.311,0.398,0.534,-0.028,0.29,-0.069
2466.25,0.32,0.37,0.522,-0.054,0.28,-0.1
2466.5,0.407,0.37,0.58,-0.12,0.27,-0.029
2466.75,0.383,0.37,0.481,-0.14,0.262,-0.16
2467.0,0.424,0.37,0.49,-0.1,0.26,-0.16
2467.25,0.41,0.37,0.495,-0.12,0.265,-0.15
2467.5,0.476,0.406,0.554,-0.054,0.263,-0.08
2467.75,0.482,0.37,0.601,-0.038,0.27,-0.0088
2468.0,0.492,0.37,0.587,-0.02,0.28,-0.037
2468.25,0.483,0.37,0.547,-0.023,0.289,-0.07
2468.5,0.463,0.372,0.54,-0.047,0.29,-0.072
2468.75,0.478,0.373,0.552,-0.029,0.29,-0.056
2469.0,0.48,0.381,0.558,-0.03,0.29,-0.033
2469.25,0.386,0.415,0.54,-0.14,0.293,-0.063
2469.5,0.398,0.38,0.584,-0.13,0.304,-0.027
2469.75,0.41,0.379,0.558,-0.12,0.302,-0.055
2470.0,0.439,0.375,0.48,-0.086,0.29,-0.17
2470.25,0.47,0.38,0.526,-0.059,0.296,-0.11
2470.5,0.512,0.38,0.458,-0.0018,0.306,-0.17
2470.75,0.48,0.415,0.497,-0.029,0.309,-0.12
2471.0,0.483,0.394,0.59,-0.022,0.313,-0.034
2471.25,0.489,0.386,0.559,-0.015,0.313,-0.075
2471.5,0.468,0.388,0.574,-0.033,0.313,-0.045
2471.75,0.46,0.382,0.608,-0.042,0.31,0.002
2472.0,0.485,0.387,0.541,-0.018,0.31,-0.076
2472.25,0.44,0.386,0.57,-0.071,0.31,-0.045
2472.5,0.433,0.433,0.567,-0.092,0.311,-0.046
2472.75,0.389,0.39,0.45,-0.14,0.311,-0.18
2473.0,0.428,0.39,0.572,-0.1,0.319,-0.0089
2473.25,0.421,0.39,0.51,-0.1,0.32,-0.12
2473.5,0.401,0.39,0.468,-0.13,0.32,-0.19
2473.75,0.473,0.39,0.508,-0.053,0.32,-0.15
2474.0,0.544,0.39,0.557,0.0319,0.32,-0.069
2474.25,0.462,0.43,0.57,-0.048,0.32,-0.054
2474.5,0.454,0.39,0.605,-0.053,0.32,-0.021
2474.75,0.452,0.39,0.553,-0.051,0.32,-0.071
2475.0,0.475,0.383,0.563,-0.027,0.313,-0.052
2475.25,0.523,0.38,0.552,0.024,0.31,-0.06
2475.5,0.457,0.38,0.508,-0.044,0.31,-0.12
2475.75,0.416,0.398,0.522,-0.11,0.31,-0.12
2476.0,0.401,0.401,0.495,-0.13,0.31,-0.15
2476.25,0.392,0.381,0.437,-0.14,0.31,-0.2
2476.5,0.446,0.388,0.528,-0.075,0.31,-0.09
2476.75,0.404,0.388,0.565,-0.12,0.31,-0.051
2477.0,0.45,0.389,0.572,-0.085,0.31,-0.04
2477.25,0.499,0.383,0.604,-0.018,0.31,-0.018
2477.5,0.468,0.395,0.538,-0.043,0.309,-0.083
2477.75,0.48,0.396,0.551,-0.028,0.309,-0.068
2478.0,0.459,0.38,0.584,-0.045,0.3,-0.035
2478.25,0.497,0.376,0.489,-0.0061,0.291,-0.13
2478.5,0.552,0.386,0.601,-0.059,0.288,-0.084
2478.75,1.07,0.597,0.916,-0.15,0.261,-0.11
2479.0,1.15,0.638,0.955,-0.17,0.246,-0.19
2479.25,1.29,0.656,1.35,-0.25,0.249,-0.25
2479.5,1.17,0.895,1.24,-0.22,0.212,-0.2
2479.75,1.96,1.41,1.22,-0.25,0.221,-0.076
2480.0,2.4,1.76,1.59,-0.28,0.182,-0.0067
2480.25,2.87,2.03,1.58,-0.24,0.229,-0.03
2480.5,2.52,1.78,1.73,-0.2,0.198,-0.14
2480.75,2.72,1.6,2.24,-0.21,0.194,-0.13
2481.0,3.81,2.39,1.88,-0.34,0.166,-0.16
2481.25,4.82,1.87,1.66,-0.45,0.174,-0.22
2481.5,4.15,1.81,2.27,-0.35,0.15,-0.11
2481.75,4.72,1.86,2.27,-0.37,0.16,-0.1
2482.0,3.17,2.28,2.51,-0.18,0.0524,-0.072
2482.25,3.91,2.43,2.56,-0.33,0.000741,0.289
2482.5,4.19,2.43,2.44,-0.32,0.0326,0.0848
2482.75,2.88,2.56,2.33,-0.21,-0.0004,0.0062
2483.0,3.03,2.7,2.31,-0.26,0.0,-0.039
2483.25,3.16,2.82,2.34,-0.34,-0.0008,-0.078
2483.5,2.89,2.6,2.36,-0.26,0.0102,-0.0056
2483.75,3.05,2.25,2.36,-0.19,0.0538,-0.044
2484.0,3.53,1.56,2.09,-0.13,0.241,0.0193
2484.25,2.47,1.41,2.09,-0.16,0.222,-0.11
2484.5,2.33,2.17,2.29,-0.16,0.218,-0.11
2484.75,2.8,3.04,3.99,-0.082,0.179,-0.3
2485.0,2.75,3.7,3.8,-0.098,0.193,-0.079
2485.25,3.39,3.79,3.81,0.00711,0.182,-0.026
2485.5,3.84,4.03,3.85,0.0198,0.161,-0.11
2485.75,3.92,4.38,2.95,-0.049,0.157,-0.086
2486.0,6.3,5.01,4.13,-0.66,-0.048,-0.093
2486.25,7.19,5.52,4.13,-0.75,-0.16,-0.22
2486.5,5.38,5.48,4.02,-0.55,-0.18,-0.17
2486.75,5.33,5.03,5.28,-0.49,-0.18,0.186
2487.0,7.18,8.15,8.24,0.00314,-0.32,0.179
2487.25,8.12,6.43,4.89,-0.069,-0.14,0.0483
2487.5,7.18,5.54,5.92,0.0589,-0.17,-0.13
2487.75,7.02,4.06,5.51,0.157,-0.082,-0.05
2488.0,6.56,4.17,4.41,0.284,-0.15,-0.14
2488.25,6.36,5.38,3.79,0.368,-0.24,-0.19
2488.5,6.05,4.4,3.49,0.382,-0.14,-0.18
2488.75,6.47,4.54,2.72,0.32,-0.1,-0.076
2489.0,5.39,3.35,2.32,0.562,0.0129,-0.025
2489.25,4.08,2.74,2.26,0.458,0.0646,-0.043
2489.5,2.55,2.76,2.29,0.476,0.0642,-0.058
2489.75,2.43,2.49,1.94,0.267,0.0623,-0.041
2490.0,2.73,1.68,1.18,-0.19,0.13,-0.016
2490.25,2.57,1.21,1.3,-0.27,0.229,-0.04
2490.5,2.48,0.851,1.27,-0.26,0.243,-0.093
2490.75,2.56,0.728,1.21,-0.27,0.257,-0.13
2491.0,2.5,0.808,1.14,-0.2,0.255,-0.058
2491.25,2.44,0.815,1.17,-0.13,0.266,0.0366
2491.5,2.62,0.674,1.08,-0.18,0.296,-0.002
2491.75,2.03,0.793,0.933,-0.05,0.286,0.0119
2492.0,0.735,0.508,0.81,0.0496,0.31,-0.028
2492.25,0.532,0.483,0.863,0.0564,0.31,0.0184
2492.5,0.535,0.468,0.844,0.0575,0.311,-0.00021
2492.75,0.561,0.473,0.738,0.0918,0.313,-0.12
2493.0,0.564,0.471,0.777,0.0945,0.32,-0.089
2493.25,0.504,0.471,0.746,0.0246,0.32,-0.13
2493.5,0.457,0.471,0.777,-0.027,0.32,-0.11
2493.75,0.507,0.496,0.827,0.027,0.325,0.0165
2494.0,0.464,0.494,0.849,-0.014,0.34,-0.0033
2494.25,0.476,0.472,0.868,-0.0056,0.319,-0.0088
2494.5,0.5,0.467,0.833,0.014,0.31,-0.034
2494.75,0.579,0.472,0.82,0.0922,0.312,-0.024
2495.0,0.538,0.466,0.87,0.0548,0.304,0.0385
2495.25,0.568,0.461,0.802,0.092,0.294,-0.073
2495.5,0.542,0.466,0.787,0.0633,0.3,-0.11
2495.75,0.549,0.497,0.724,0.0739,0.305,-0.15
2496.0,0.57,0.47,0.762,0.0956,0.31,-0.11
2496.25,0.502,0.469,0.785,0.0213,0.31,-0.11
2496.5,0.463,0.47,0.78,-0.024,0.31,-0.091
2496.75,0.478,0.47,0.847,-0.0065,0.319,-0.0095
2497.0,0.532,0.476,0.746,0.0489,0.316,-0.054
2497.25,0.455,0.471,0.798,-0.034,0.31,-0.0031
2497.5,0.451,0.509,0.828,-0.038,0.311,0.0817
2497.75,0.563,0.472,0.857,0.0707,0.319,0.0423
2498.0,0.553,0.474,0.738,0.0655,0.311,-0.081
2498.25,0.554,0.471,0.704,0.0758,0.312,-0.16
2498.5,0.584,0.472,0.762,0.116,0.318,-0.11
2498.75,0.533,0.471,2.04,0.0556,0.32,0.333
2499.0,0.534,0.475,1.31,0.0592,0.32,0.0922
2499.25,0.515,0.481,0.866,0.0398,0.32,0.0129
2499.5,0.506,0.504,2.14,0.0282,0.32,0.432
2499.75,0.488,0.472,1.31,0.0105,0.32,0.161
2500.0,0.473,0.475,2.08,-0.0044,0.32,0.403
2500.25,0.499,0.472,1.13,0.0221,0.32,0.0955
2500.5,0.46,0.476,2.07,-0.02,0.32,0.324
2500.75,0.524,0.473,0.94,0.0335,0.32,0.00939
2501.0,0.546,0.472,2.11,0.0592,0.32,0.36
2501.25,0.581,0.491,1.02,0.106,0.311,-0.046
2501.5,0.574,0.49,1.98,0.106,0.312,0.343
2501.75,0.527,0.471,1.18,0.0491,0.315,0.0693
2502.0,0.468,0.47,2.05,-0.017,0.31,0.383
2502.25,0.456,0.461,1.15,-0.037,0.298,0.106
2502.5,0.796,0.466,2.26,-0.016,0.301,0.44
2502.75,1.1,0.491,1.21,-0.12,0.305,0.0723
2503.0,1.16,0.674,1.98,-0.11,0.266,0.142
2503.25,1.42,0.78,2.25,-0.084,0.272,0.00583
2503.5,1.42,1.15,2.51,-0.041,0.182,0.175
2503.75,2.26,1.59,2.76,-0.16,0.201,0.15
2504.0,2.29,2.79,2.72,-0.22,0.415,0.19
2504.25,2.51,2.44,2.27,-0.18,0.407,-0.21
2504.5,2.67,1.97,3.37,-0.24,0.398,0.0937
2504.75,2.9,1.86,4.63,-0.27,0.415,0.384
2505.0,2.72,3.03,2.93,-0.25,0.342,-0.073
2505.25,2.85,2.52,2.85,-0.27,0.376,-0.098
2505.5,3.59,3.09,3.61,-0.5,0.381,0.194
2505.75,2.93,3.13,4.71,-0.37,0.401,0.434
2506.0,2.72,3.47,5.17,-0.33,0.267,0.48
2506.25,3.23,3.78,4.25,-0.32,0.243,0.198
2506.5,2.82,3.46,2.82,-0.3,0.239,-0.27
2506.75,3.14,3.96,2.81,-0.41,0.187,-0.069
2507.0,3.46,3.49,2.88,-0.42,0.264,-0.1
2507.25,3.63,2.27,2.59,-0.48,0.286,-0.11
2507.5,4.64,3.1,2.19,-0.55,0.23,0.238
2507.75,4.39,3.03,1.98,-0.45,0.262,0.121
2508.0,3.76,1.88,1.74,-0.21,0.363,0.011
2508.25,2.83,2.29,1.99,-0.24,0.375,-0.081
2508.5,3.17,3.17,2.86,-0.24,0.361,-0.0076
2508.75,3.37,3.73,3.12,-0.16,0.314,0.0711
2509.0,4.27,5.86,2.95,-0.077,0.136,-0.02
2509.25,4.63,7.63,3.31,-0.024,0.278,0.0415
2509.5,7.08,8.83,4.41,0.321,0.187,-0.032
2509.75,7.19,11.2,7.52,0.178,0.0658,0.0469
2510.0,7.0,10.5,6.87,0.219,0.0889,0.06
2510.25,8.11,11.4,8.49,0.466,-0.047,-0.064
2510.5,9.59,11.2,10.0,0.537,0.153,-0.096
2510.75,9.41,11.7,8.5,0.552,-0.15,0.106
2511.0,9.11,12.5,11.2,0.495,-0.21,-0.055
2511.25,9.06,12.5,10.2,0.394,-0.15,-0.02
2511.5,8.71,11.8,9.16,0.277,-0.15,0.0467
2511.75,8.79,11.0,8.4,-0.098,-0.14,-0.017
2512.0,9.21,12.2,9.6,-0.34,-0.18,0.0293
2512.25,9.18,10.7,10.4,-0.28,-0.19,-0.21
2512.5,8.65,11.4,10.5,-0.23,-0.28,-0.31
2512.75,7.78,10.5,9.3,-0.24,-0.22,-0.43
2513.0,6.28,10.3,9.18,-0.18,-0.34,-0.29
2513.25,4.78,7.98,5.07,-0.096,-0.25,-0.038
2513.5,4.09,6.56,3.39,-0.074,-0.14,-0.084
2513.75,3.99,3.74,3.77,-0.032,0.208,-0.013
2514.0,3.79,3.4,3.49,-0.064,0.22,-0.11
2514.25,3.23,2.65,3.0,-0.076,0.142,-0.0057
2514.5,4.1,3.08,2.54,-0.23,0.0308,-0.062
2514.75,3.65,3.1,2.14,-0.093,0.0327,-0.012
2515.0,3.72,2.56,1.78,-0.27,0.11,-0.02
2515.25,3.44,2.32,1.6,-0.25,0.125,-0.035
2515.5,3.39,2.06,1.61,-0.19,0.177,-0.019
2515.75,3.51,1.73,1.47,-0.24,0.235,-0.16
2516.0,3.55,2.41,1.53,-0.22,0.132,-0.084
2516.25,2.75,1.37,1.48,-0.099,0.285,-0.11
2516.5,1.54,0.936,1.55,0.0227,0.289,-0.043
2516.75,1.57,1.12,1.52,0.0723,0.291,-0.056
2517.0,1.53,1.0,1.5,0.0409,0.299,-0.063
2517.25,1.54,0.945,1.54,0.05,0.299,-0.032
2517.5,1.49,1.09,1.48,0.00364,0.312,-0.078
2517.75,1.44,0.907,1.54,-0.046,0.316,-0.018
2518.0,1.51,0.916,1.52,0.0255,0.315,-0.015
2518.25,1.45,1.09,1.48,-0.031,0.323,-0.077
2518.5,1.45,0.988,1.48,-0.036,0.329,-0.085
2518.75,1.53,0.948,1.47,0.0445,0.321,-0.085
2519.0,1.58,1.05,1.46,0.104,0.311,-0.12
2519.25,1.54,1.01,1.42,0.0741,0.317,-0.15
2519.5,1.52,0.93,1.51,0.0467,0.313,-0.052
2519.75,1.27,0.943,1.48,0.0543,0.317,-0.067
2520.0,1.52,1.07,1.51,0.0591,0.324,-0.035
2520.25,1.55,0.992,1.5,0.098,0.304,-0.045
2520.5,1.5,0.96,1.47,0.0468,0.305,-0.06
2520.75,1.43,0.93,1.54,-0.038,0.313,0.0245
2521.0,1.43,0.933,1.4,-0.035,0.314,-0.13
2521.25,1.46,0.981,1.41,0.0025,0.316,-0.13
2521.5,1.43,1.03,1.35,-0.031,0.32,-0.18
2521.75,1.43,0.924,1.41,-0.016,0.325,-0.12
2522.0,1.51,0.974,1.48,0.0644,0.333,-0.012
2522.25,1.5,0.954,1.46,0.0487,0.33,-0.037
2522.5,1.33,0.92,1.47,0.0986,0.333,-0.023
2522.75,1.5,0.934,1.41,0.0741,0.338,-0.063
2523.0,1.48,0.954,1.47,0.0538,0.344,-0.0042
2523.25,1.54,0.927,1.41,0.126,0.34,-0.055
2523.5,1.43,0.925,1.47,-0.013,0.307,-0.0035
2523.75,1.4,0.944,1.34,-0.05,0.308,-0.16
2524.0,1.38,0.925,1.34,-0.072,0.264,-0.16
2524.25,1.41,0.918,1.32,-0.038,0.265,-0.19
2524.5,1.22,0.917,1.32,-0.027,0.261,-0.19
2524.75,1.43,0.554,1.39,-0.032,0.26,-0.11
2525.0,1.49,0.774,1.33,0.0368,0.258,-0.18
2525.25,1.5,0.863,1.44,0.0626,0.253,-0.053
2525.5,1.46,0.912,1.37,0.0311,0.252,-0.11
2525.75,1.44,0.858,1.43,0.00821,0.247,-0.051
2526.0,1.45,0.909,1.41,0.00423,0.236,-0.042
2526.25,1.2,0.879,1.49,-0.041,0.258,0.0417
2526.5,1.69,0.913,1.48,-0.036,0.243,-0.19
2526.75,2.12,1.1,1.1,-0.16,0.21,-0.19
2527.0,1.54,1.02,0.859,-0.13,0.162,-0.17
2527.25,1.6,1.13,2.25,-0.11,0.111,-0.32
2527.5,1.87,1.68,2.17,-0.18,0.0563,-0.12
2527.75,2.6,2.45,1.95,-0.15,-0.0061,-0.055
2528.0,2.76,3.59,3.06,-0.24,0.0737,-0.3
2528.25,3.48,3.07,3.09,-0.26,0.164,-0.2
2528.5,2.93,3.59,4.11,-0.14,0.167,-0.25
2528.75,2.59,3.4,4.19,-0.17,0.14,-0.34
2529.0,2.6,3.49,2.88,-0.17,0.105,-0.36
2529.25,3.11,3.29,2.89,-0.24,0.158,-0.37
2529.5,3.38,3.22,2.72,-0.25,0.139,-0.37
2529.75,3.49,3.19,4.04,-0.31,0.121,-0.28
2530.0,3.3,3.16,2.95,-0.34,0.134,-0.15
2530.25,3.74,3.82,2.05,-0.4,0.092,-0.17
2530.5,3.49,3.35,2.75,-0.28,0.119,-0.054
2530.75,3.45,3.47,5.1,-0.24,0.12,0.681
2531.0,3.57,3.53,2.72,-0.25,0.121,0.014
2531.25,3.72,3.3,5.36,-0.28,0.191,0.83
2531.5,3.76,3.54,2.63,-0.27,0.156,-0.086
2531.75,3.93,3.4,5.13,-0.25,0.171,0.52
2532.0,3.29,2.54,2.48,-0.24,0.245,-0.22
2532.25,3.07,2.83,3.86,-0.12,0.295,0.508
2532.5,2.63,2.93,1.67,-0.22,0.361,-0.14
2532.75,2.96,2.26,1.96,-0.28,0.303,-0.012
2533.0,3.1,2.84,2.5,-0.22,0.276,-0.00025
2533.25,4.12,3.73,2.2,-0.12,0.248,-0.068
2533.5,3.68,3.56,3.28,-0.28,0.277,0.0612
2533.75,5.59,3.77,3.51,-0.64,0.249,0.161
2534.0,6.61,5.64,4.5,-0.21,0.0134,-0.12
2534.25,10.3,5.24,4.79,-0.34,-0.041,-0.19
2534.5,9.23,5.33,4.43,-0.051,0.123,-0.24
2534.75,8.74,4.84,5.02,-0.061,0.0544,-0.3
2535.0,8.42,7.94,4.36,-0.0021,-0.19,-0.28
2535.25,9.06,5.79,3.95,-0.11,-0.026,-0.21
2535.5,8.63,5.88,4.92,-0.1,0.00196,-0.19
2535.75,7.6,6.15,4.17,-0.43,-0.0082,-0.18
2536.0,7.7,7.47,5.74,-0.096,0.0705,-0.23
2536.25,6.99,8.49,6.05,-0.19,0.0594,-0.17
2536.5,6.2,8.23,5.65,-0.17,-0.1,-0.15
2536.75,5.98,7.0,5.19,-0.038,-0.22,-0.15
2537.0,6.74,6.58,5.61,-0.18,-0.23,-0.11
2537.25,5.5,4.67,5.23,-0.55,-0.078,-0.17
2537.5,4.53,4.5,5.83,-0.24,-0.032,-0.35
2537.75,4.49,4.87,7.13,-0.22,0.0349,0.0218
2538.0,3.21,4.07,4.57,-0.17,0.198,-0.075
2538.25,3.14,3.01,3.41,-0.2,0.156,-0.2
2538.5,2.35,2.66,3.48,-0.2,0.28,-0.21
2538.75,2.42,2.55,3.19,-0.13,0.238,-0.054
2539.0,2.51,2.88,2.8,-0.058,0.276,-0.27
2539.25,2.53,2.65,3.04,-0.0024,0.261,0.0549
2539.5,2.25,2.89,2.87,0.0298,0.195,-0.076
2539.75,1.92,1.67,2.65,0.0918,0.254,0.0245
2540.0,1.43,0.887,2.27,-0.032,0.312,-0.042
2540.25,1.36,1.19,1.74,-0.086,0.256,0.0521
2540.5,1.38,1.14,1.7,-0.068,0.264,-0.057
2540.75,1.36,0.603,1.03,-0.076,0.241,-0.023
2541.0,1.31,0.6,0.853,0.0148,0.25,-0.2
2541.25,0.867,0.443,0.54,0.0256,0.275,-0.14
2541.5,0.531,0.401,0.459,0.0132,0.279,-0.17
2541.75,0.48,0.403,0.476,-0.045,0.28,-0.15
2542.0,0.528,0.433,0.482,0.00303,0.266,-0.15
2542.25,0.511,0.398,0.532,-0.011,0.256,-0.07
2542.5,0.476,0.401,0.563,-0.052,0.26,-0.051
2542.75,0.477,0.402,0.522,-0.047,0.266,-0.079
2543.0,0.586,0.402,0.563,0.0587,0.274,-0.042
2543.25,0.563,0.401,0.526,0.0349,0.26,-0.074
2543.5,0.555,0.401,0.623,0.0382,0.267,0.0526
2543.75,0.564,0.405,0.567,0.0482,0.272,-0.00061
2544.0,0.549,0.44,0.483,0.0308,0.273,-0.15
2544.25,0.583,0.401,0.433,0.0732,0.28,-0.2
2544.5,0.48,0.4,0.493,-0.046,0.274,-0.14
2544.75,0.472,0.403,0.44,-0.054,0.26,-0.18
2545.0,0.475,0.401,0.525,-0.047,0.26,-0.092
2545.25,0.49,0.401,0.519,-0.031,0.26,-0.089
2545.5,0.579,0.402,0.579,0.0292,0.267,-0.032
2545.75,0.564,0.397,0.507,0.00959,0.256,-0.097
2546.0,0.555,0.427,0.567,0.0216,0.241,-0.044
2546.25,0.55,0.391,0.541,0.022,0.242,-0.035
2546.5,0.587,0.391,0.542,0.0655,0.248,-0.071
2546.75,0.585,0.391,0.426,0.0694,0.25,-0.2
2547.0,0.561,0.39,0.498,0.0417,0.25,-0.14
2547.25,0.532,0.391,0.449,0.0127,0.25,-0.2
2547.5,0.5,0.39,0.546,-0.028,0.25,-0.066
2547.75,0.501,0.391,0.519,-0.022,0.25,-0.061
2548.0,0.477,0.436,0.567,-0.052,0.25,-0.06
2548.25,0.485,0.393,0.516,-0.043,0.25,-0.095
2548.5,0.514,0.39,0.573,-0.0091,0.25,-0.042
2548.75,0.535,0.392,0.509,-0.0079,0.25,-0.098
2549.0,0.566,0.391,0.577,0.0318,0.25,-0.026
2549.25,0.548,0.391,0.508,0.02,0.25,-0.081
2549.5,0.587,0.39,0.496,0.065,0.247,-0.14
2549.75,0.575,0.391,0.429,0.04,0.25,-0.21
2550.0,0.571,0.394,0.487,-0.021,0.25,-0.15
2550.25,0.506,0.442,0.396,-0.1,0.267,-0.22
2550.5,0.563,0.421,0.516,-0.067,0.277,-0.086
2550.75,1.13,0.441,0.665,-0.17,0.267,-0.13
2551.0,1.22,0.822,0.977,-0.17,0.253,-0.076
2551.25,1.43,1.6,1.24,-0.18,0.225,-0.22
2551.5,1.86,1.8,1.14,-0.12,0.169,-0.083
2551.75,2.44,2.35,2.28,-0.15,0.0759,-0.018
2552.0,3.54,2.84,1.8,-0.22,-0.021,-0.014
2552.25,3.87,2.87,1.7,-0.19,-0.0095,-0.23
2552.5,3.89,3.43,1.84,-0.17,-0.0051,-0.15
2552.75,4.14,3.12,2.44,-0.27,-0.0014,-0.14
2553.0,4.15,2.65,2.06,-0.4,0.00617,-0.16
2553.25,3.96,2.48,2.11,-0.38,0.0221,-0.12
2553.5,3.88,2.97,1.8,-0.35,0.0395,-0.031
2553.75,3.87,2.81,1.93,-0.31,0.0728,0.109
2554.0,3.93,2.98,1.82,-0.26,-0.027,-0.13
2554.25,4.35,2.93,2.16,-0.26,-0.024,0.00868
2554.5,4.04,2.95,2.05,-0.21,0.00577,-0.058
2554.75,4.01,3.02,1.8,-0.19,0.0,-0.18
2555.0,3.71,2.31,1.68,-0.15,0.0251,-0.086
2555.25,3.44,2.3,1.46,-0.18,0.0489,-0.2
2555.5,3.61,2.23,1.53,-0.23,0.0498,-0.19
2555.75,3.91,2.2,1.55,-0.27,0.0379,-0.18
2556.0,3.14,2.08,1.92,-0.12,0.0884,-0.027
2556.25,2.12,1.97,1.81,-0.2,0.279,-0.095
2556.5,2.22,2.14,2.27,-0.16,0.349,-0.016
2556.75,2.09,2.92,2.31,-0.13,0.233,-0.0063
2557.0,2.61,3.93,2.14,0.0516,0.132,0.0509
2557.25,3.28,4.08,3.11,0.154,0.156,0.0213
2557.5,3.12,4.81,3.05,0.0353,0.0509,-0.04
2557.75,3.48,5.1,2.14,0.0409,0.0266,-0.15
2558.0,3.87,5.25,4.35,-0.086,-0.0018,0.42
2558.25,3.34,4.35,3.68,-0.19,0.0398,0.321
2558.5,3.04,4.39,2.86,-0.41,0.0269,-0.22
2558.75,4.18,4.47,2.87,-0.52,-0.0067,-0.091
2559.0,4.88,4.65,2.93,-0.46,0.0233,-0.1
2559.25,5.37,4.42,3.75,-0.42,0.00106,-0.035
2559.5,5.57,4.63,7.19,-0.45,-0.032,0.528
2559.75,5.69,4.6,7.7,-0.39,-0.00022,0.677
2560.0,4.71,2.9,6.97,-0.31,0.149,0.662
2560.25,4.46,2.52,7.71,-0.32,0.0938,0.742
2560.5,3.09,1.93,6.36,-0.24,0.0317,0.574
2560.75,2.07,1.08,2.99,-0.072,0.212,-0.11
2561.0,1.25,0.743,5.46,-0.044,0.21,0.444
2561.25,0.999,0.618,2.73,-0.12,0.212,0.0147
2561.5,0.913,0.542,1.79,-0.11,0.222,-0.25
2561.75,0.951,0.48,1.66,-0.079,0.242,-0.18
2562.0,0.956,0.48,0.701,-0.1,0.244,-0.22
2562.25,0.888,0.44,0.594,-0.12,0.237,-0.085
2562.5,1.04,0.42,0.484,-0.072,0.23,-0.11
2562.75,1.05,0.39,0.561,-0.021,0.23,-0.043
2563.0,0.944,0.373,0.491,-0.036,0.23,-0.11
2563.25,0.556,0.386,0.56,0.015,0.23,-0.039
2563.5,0.56,0.37,0.501,0.0217,0.236,-0.082
2563.75,0.539,0.37,0.578,0.000769,0.247,-0.012
2564.0,0.561,0.37,0.482,0.0261,0.25,-0.1
2564.25,0.521,0.37,0.528,-0.017,0.25,-0.075
2564.5,0.46,0.37,0.415,-0.088,0.252,-0.19
2564.75,0.465,0.37,0.481,-0.082,0.256,-0.14
2565.0,0.456,0.397,0.453,-0.086,0.261,-0.14
2565.25,0.519,0.4,0.459,-0.021,0.26,-0.16
2565.5,0.473,0.371,0.454,-0.068,0.26,-0.15
2565.75,0.52,0.374,0.618,-0.021,0.268,0.0398
2566.0,0.606,0.38,0.514,0.07,0.28,-0.089
2566.25,0.56,0.377,0.584,0.0282,0.271,-0.016
2566.5,0.541,0.376,0.506,0.0136,0.274,-0.089
2566.75,0.538,0.38,0.522,0.0208,0.28,-0.079
2567.0,0.59,0.393,0.5,0.0713,0.287,-0.1
2567.25,0.517,0.407,0.445,-0.0061,0.288,-0.19
2567.5,0.476,0.387,0.48,-0.071,0.292,-0.14
2567.75,0.511,0.383,0.453,-0.026,0.287,-0.17
2568.0,0.477,0.378,0.456,-0.07,0.279,-0.17
2568.25,0.484,0.38,0.435,-0.063,0.28,-0.19
2568.5,0.475,0.381,0.552,-0.073,0.28,-0.059
2568.75,0.55,0.376,0.496,-0.0021,0.268,-0.11
2569.0,0.576,0.375,0.67,0.00426,0.25,0.112
2569.25,0.548,0.403,0.495,-0.0045,0.25,-0.11
2569.5,0.552,0.37,0.554,0.00687,0.25,-0.048
2569.75,0.574,0.37,0.459,0.041,0.256,-0.15
2570.0,0.54,0.371,0.478,0.000213,0.253,-0.16
2570.25,0.535,0.37,0.432,-0.0047,0.254,-0.18
2570.5,0.465,0.37,0.489,-0.086,0.26,-0.14
2570.75,0.496,0.37,0.408,-0.052,0.26,-0.22
2571.0,0.494,0.37,0.487,-0.054,0.26,-0.15
2571.25,0.465,0.408,0.495,-0.091,0.26,-0.12
2571.5,0.502,0.371,0.57,-0.045,0.26,-0.042
2571.75,0.53,0.37,0.517,-0.023,0.26,-0.076
2572.0,0.564,0.371,0.563,0.011,0.26,-0.042
2572.25,0.565,0.37,0.521,0.0202,0.26,-0.062
2572.5,0.576,0.37,0.557,0.0393,0.26,-0.038
2572.75,0.538,0.37,0.42,0.00292,0.26,-0.21
2573.0,0.508,0.37,0.461,-0.036,0.26,-0.17
2573.25,0.486,0.408,0.465,-0.07,0.26,-0.15
2573.5,0.502,0.37,0.433,-0.048,0.26,-0.2
2573.75,0.51,0.37,0.465,-0.033,0.26,-0.16
2574.0,0.467,0.371,0.509,-0.087,0.261,-0.1
2574.25,0.528,0.37,0.552,-0.03,0.26,-0.06
2574.5,0.553,0.37,0.526,0.006,0.266,-0.059
2574.75,0.553,0.371,0.563,0.0128,0.267,-0.042
2575.0,0.507,0.371,0.487,0.0898,0.27,-0.12
2575.25,0.397,0.397,0.5,0.0338,0.274,-0.12
2575.5,0.389,0.405,0.41,0.0256,0.266,-0.23
2575.75,0.329,0.37,0.529,-0.041,0.27,-0.074
2576.0,0.334,0.372,0.489,-0.035,0.27,-0.12
2576.25,0.371,0.375,0.474,0.00702,0.263,-0.16
2576.5,0.318,0.371,0.441,-0.046,0.26,-0.19
2576.75,0.325,0.371,0.563,-0.037,0.26,-0.051
2577.0,0.314,0.371,0.487,-0.048,0.26,-0.12
2577.25,0.404,0.372,0.54,0.0243,0.26,-0.06
2577.5,0.457,0.406,0.525,0.0957,0.253,-0.072
2577.75,0.388,0.375,0.52,0.0215,0.25,-0.085
2578.0,0.388,0.37,0.439,0.0237,0.25,-0.18
2578.25,0.391,0.37,0.435,0.0308,0.25,-0.2
2578.5,0.344,0.37,0.468,-0.021,0.25,-0.16
2578.75,0.376,0.37,0.447,0.013,0.251,-0.16
2579.0,0.32,0.37,0.507,-0.05,0.253,-0.11
2579.25,0.312,0.37,0.524,-0.055,0.253,-0.081
2579.5,0.39,0.372,0.57,0.00386,0.25,-0.042
2579.75,0.338,0.405,0.491,-0.037,0.25,-0.11
2580.0,0.425,0.371,0.568,0.0398,0.25,-0.031
2580.25,0.413,0.37,0.512,0.0435,0.25,-0.079
2580.5,0.401,0.37,0.553,0.0375,0.25,-0.049
2580.75,0.44,0.37,0.481,0.0773,0.25,-0.12
2581.0,0.406,0.37,0.491,0.0413,0.25,-0.13
2581.25,0.393,0.37,0.415,0.0275,0.25,-0.21
2581.5,0.34,0.37,0.49,-0.034,0.25,-0.12
2581.75,0.332,0.405,0.428,-0.044,0.248,-0.2
2582.0,0.365,0.38,0.485,-0.0067,0.249,-0.14
2582.25,0.332,0.37,0.605,-0.039,0.25,0.0194
2582.5,0.32,0.37,0.506,-0.056,0.25,-0.1
2582.75,0.357,0.37,0.569,-0.02,0.25,-0.022
2583.0,0.437,0.37,0.49,0.0544,0.245,-0.12
2583.25,0.411,0.37,0.561,0.0381,0.248,-0.043
2583.5,0.397,0.37,0.488,0.0295,0.24,-0.12
2583.75,0.411,0.38,0.56,0.042,0.239,-0.046
2584.0,0.408,0.399,0.521,0.0465,0.23,-0.064
2584.25,0.371,0.37,0.518,0.012,0.23,-0.08
2584.5,0.374,0.365,0.48,0.01,0.227,-0.12
2584.75,0.377,0.361,0.542,0.00932,0.221,-0.062
2585.0,0.33,0.371,0.502,-0.046,0.245,-0.087
2585.25,0.318,0.37,0.645,-0.06,0.25,0.0788
2585.5,0.313,0.37,0.481,-0.062,0.25,-0.12
2585.75,0.319,0.381,0.479,-0.054,0.254,-0.15
2586.0,0.43,0.404,0.428,0.0535,0.259,-0.2
2586.25,0.487,0.37,0.471,0.0183,0.25,-0.16
2586.5,0.536,0.37,0.492,-0.011,0.242,-0.14
2586.75,0.537,0.37,0.468,-0.0049,0.233,-0.16
2587.0,0.587,0.37,0.54,0.0453,0.238,-0.064
2587.25,0.536,0.37,0.505,-0.0049,0.24,-0.1
2587.5,0.54,0.37,0.537,0.00111,0.24,-0.073
2587.75,0.564,0.39,0.53,0.0298,0.246,-0.055
2588.0,0.453,0.389,0.556,-0.096,0.25,-0.042
2588.25,0.465,0.371,0.548,-0.081,0.25,-0.021
2588.5,0.497,0.37,0.555,-0.051,0.25,-0.039
2588.75,0.464,0.37,0.48,-0.082,0.252,-0.11
2589.0,0.477,0.37,0.544,-0.069,0.26,-0.062
2589.25,0.542,0.37,0.41,-0.011,0.26,-0.22
2589.5,0.545,0.37,0.478,-0.012,0.26,-0.15
2589.75,0.561,0.41,0.412,0.013,0.26,-0.22
2590.0,0.569,0.373,0.493,0.0347,0.265,-0.13
2590.25,0.533,0.375,0.545,-0.0034,0.268,-0.034
2590.5,0.549,0.376,0.583,0.0153,0.27,-0.028
2590.75,0.547,0.38,0.487,0.019,0.278,-0.11
2591.0,0.511,0.38,0.562,-0.029,0.28,-0.041
2591.25,0.479,0.38,0.55,-0.074,0.28,-0.0089
2591.5,0.488,0.38,0.607,-0.058,0.28,0.0355
2591.75,0.517,0.42,0.52,-0.028,0.28,-0.074
2592.0,0.476,0.38,0.473,-0.073,0.28,-0.15
2592.25,0.5,0.382,0.427,-0.05,0.28,-0.2
2592.5,0.557,0.38,0.457,0.0114,0.28,-0.19
2592.75,0.597,0.372,0.463,0.0492,0.256,-0.16
2593.0,0.557,0.37,0.476,0.0193,0.25,-0.16
2593.25,0.547,0.371,0.55,0.00722,0.26,-0.065
2593.5,0.537,0.38,0.497,-0.0027,0.26,-0.11
2593.75,0.53,0.403,0.575,-0.0081,0.26,-0.032
2594.0,0.567,0.37,0.493,0.0296,0.26,-0.1
2594.25,0.472,0.371,0.605,-0.077,0.26,0.0169
2594.5,0.472,0.37,0.541,-0.077,0.26,-0.023
2594.75,0.483,0.371,0.564,-0.068,0.26,-0.032
2595.0,0.508,0.371,0.406,-0.039,0.26,-0.22
2595.25,0.472,0.37,0.48,-0.079,0.26,-0.15
2595.5,0.547,0.402,0.45,-0.0093,0.26,-0.16
2595.75,0.548,0.383,0.491,0.00115,0.26,-0.14
2596.0,0.588,0.371,0.423,0.0458,0.26,-0.2
2596.25,0.552,0.371,0.562,0.0208,0.26,-0.053
2596.5,0.552,0.371,0.514,0.000426,0.26,-0.089
2596.75,0.534,0.37,0.551,-0.0054,0.26,-0.049
2597.0,0.505,0.372,0.532,-0.041,0.256,-0.061
2597.25,0.52,0.37,0.509,-0.031,0.252,-0.096
2597.5,0.497,0.409,0.538,-0.063,0.251,-0.061
2597.75,0.472,0.37,0.503,-0.074,0.25,-0.09
2598.0,0.47,0.37,0.461,-0.078,0.25,-0.17
2598.25,0.556,0.37,0.446,-0.0061,0.25,-0.16
2598.5,0.592,0.37,0.49,0.0469,0.25,-0.15
2598.75,0.533,0.37,0.41,-0.0095,0.25,-0.22
2599.0,0.423,0.371,0.555,0.0426,0.25,-0.06
2599.25,0.432,0.37,0.495,0.0724,0.25,-0.12
2599.5,0.378,0.409,0.578,0.0167,0.249,-0.022
2599.75,0.34,0.37,0.509,-0.027,0.25,-0.089
2600.0,0.315,0.37,0.556,-0.056,0.25,-0.052
2600.25,0.342,0.37,0.483,-0.027,0.249,-0.12
2600.5,0.361,0.37,0.456,-0.0045,0.246,-0.17
2600.75,0.305,0.37,0.431,-0.066,0.24,-0.19
2601.0,0.316,0.37,0.552,-0.056,0.24,-0.033
2601.25,0.462,0.39,0.448,0.0818,0.24,-0.18
2601.5,0.399,0.387,0.423,0.0304,0.242,-0.21
2601.75,0.401,0.37,0.531,0.0333,0.246,-0.084
2602.0,0.402,0.37,0.495,0.0362,0.249,-0.12
2602.25,0.432,0.412,0.57,0.0695,0.244,-0.025
2602.5,0.412,0.411,0.506,0.053,0.249,-0.095
2602.75,0.319,0.392,0.563,-0.052,0.25,-0.044
2603.0,0.312,0.37,0.485,-0.059,0.25,-0.12
2603.25,0.333,0.406,0.501,-0.04,0.25,-0.13
2603.5,0.375,0.37,0.413,0.00652,0.253,-0.21
2603.75,0.343,0.372,0.506,-0.026,0.26,-0.11
2604.0,0.353,0.372,0.428,-0.03,0.26,-0.2
2604.25,0.407,0.37,0.521,0.0256,0.26,-0.077
2604.5,0.441,0.37,0.531,0.0596,0.259,-0.078
2604.75,0.421,0.37,0.525,0.0567,0.259,-0.086
2605.0,0.401,0.379,0.585,0.0384,0.26,-0.0016
2605.25,0.412,0.41,0.489,0.0495,0.26,-0.11
2605.5,0.359,0.377,0.568,-0.0087,0.26,-0.034
2605.75,0.322,0.373,0.488,-0.054,0.26,-0.11
2606.0,0.359,0.377,0.563,-0.012,0.26,-0.04
2606.25,0.35,0.373,0.524,-0.024,0.26,-0.056
2606.5,0.338,0.371,0.493,-0.048,0.26,-0.14
2606.75,0.344,0.371,0.411,-0.038,0.26,-0.22
2607.0,0.45,0.413,0.478,0.0695,0.26,-0.16
2607.25,0.402,0.371,0.458,0.0308,0.259,-0.15
2607.5,0.411,0.37,0.6,0.0457,0.257,0.00878
2607.75,0.443,0.371,0.529,0.077,0.253,-0.074
2608.0,0.391,0.372,0.507,0.0235,0.25,-0.097
2608.25,0.389,0.37,0.541,0.0243,0.25,-0.065
2608.5,0.396,0.37,0.492,0.033,0.244,-0.11
2608.75,0.31,0.38,0.61,-0.069,0.235,0.0208
2609.0,0.328,0.382,0.483,-0.052,0.23,-0.12
2609.25,0.318,0.364,0.549,-0.064,0.23,-0.053
2609.5,0.336,0.37,0.493,-0.032,0.239,-0.12
2609.75,0.342,0.37,0.526,-0.029,0.232,-0.088
2610.0,0.399,0.37,0.438,0.0145,0.23,-0.17
2610.25,0.495,0.363,0.497,0.0277,0.229,-0.12
2610.5,0.572,0.368,0.469,0.0296,0.236,-0.14
2610.75,0.563,0.406,0.456,0.0245,0.234,-0.18
2611.0,0.538,0.37,0.527,-0.005,0.243,-0.1
2611.25,0.534,0.37,0.537,-0.0057,0.25,-0.067
2611.5,0.532,0.37,0.562,-0.0084,0.25,-0.03
2611.75,0.524,0.385,0.486,-0.018,0.287,-0.11
2612.0,0.483,0.38,0.577,-0.059,0.28,-0.024
2612.25,0.471,0.382,0.496,-0.074,0.28,-0.1
2612.5,0.468,0.409,0.567,-0.08,0.283,-0.032
2612.75,0.521,0.39,0.455,-0.019,0.288,-0.16
2613.0,0.525,0.387,0.492,-0.021,0.288,-0.14
2613.25,0.546,0.379,0.408,0.0131,0.277,-0.22
2613.5,0.547,0.38,0.477,0.0233,0.278,-0.16
2613.75,0.577,0.38,0.488,0.0557,0.28,-0.11
2614.0,0.532,0.38,0.585,0.0196,0.28,-0.017
2614.25,0.545,0.392,0.55,0.0307,0.284,-0.054
2614.5,0.591,0.413,0.497,0.0748,0.29,-0.11
2614.75,0.489,0.39,0.556,-0.05,0.292,-0.05
2615.0,0.486,0.39,0.492,-0.071,0.292,-0.1
2615.25,0.488,0.39,0.563,-0.057,0.291,-0.038
2615.5,0.516,0.39,0.479,-0.021,0.299,-0.15
2615.75,0.487,0.39,0.487,-0.061,0.294,-0.15
2616.0,0.505,0.391,0.417,-0.043,0.299,-0.22
2616.25,0.556,0.419,0.458,0.0158,0.289,-0.18
2616.5,0.576,0.375,0.438,0.0378,0.268,-0.19
2616.75,0.555,0.371,0.495,0.0267,0.265,-0.12
2617.0,0.553,0.373,0.581,0.0244,0.27,-0.008
2617.25,0.547,0.377,0.488,0.0215,0.272,-0.11
2617.5,0.524,0.38,0.615,-0.01,0.28,0.0439
2617.75,0.484,0.38,0.507,-0.062,0.28,-0.081
2618.0,0.474,0.405,0.537,-0.077,0.28,-0.072
2618.25,0.483,0.391,0.436,-0.07,0.28,-0.18
2618.5,0.513,0.38,0.471,-0.032,0.28,-0.15
2618.75,0.503,0.38,0.436,-0.04,0.281,-0.19
2619.0,0.556,0.383,0.42,0.0172,0.288,-0.21
2619.25,0.552,0.387,0.467,0.0227,0.29,-0.17
2619.5,0.543,0.389,0.472,0.0206,0.29,-0.14
2619.75,0.589,0.388,0.592,0.062,0.29,-0.0022
2620.0,0.565,0.422,0.498,0.0471,0.29,-0.098
2620.25,0.531,0.39,0.549,-0.0079,0.29,-0.051
2620.5,0.485,0.39,0.491,-0.075,0.29,-0.11
2620.75,0.528,0.39,0.474,-0.028,0.292,-0.14
2621.0,0.48,0.39,0.449,-0.08,0.293,-0.18
2621.25,0.49,0.39,0.437,-0.069,0.293,-0.18
2621.5,0.483,0.39,0.504,-0.064,0.292,-0.12
2621.75,0.537,0.406,0.428,-0.013,0.296,-0.2
2622.0,0.586,0.398,0.554,0.0498,0.3,-0.052
2622.25,0.545,0.39,0.465,0.017,0.3,-0.16
2622.5,0.546,0.39,0.51,0.0245,0.3,-0.099
2622.75,0.527,0.382,0.541,0.0431,0.277,-0.054
2623.0,0.41,0.38,0.507,0.0567,0.275,-0.08
2623.25,0.327,0.38,0.544,-0.038,0.27,-0.056
2623.5,0.318,0.38,0.423,-0.046,0.27,-0.2
2623.75,0.317,0.4,0.5,-0.05,0.266,-0.16
2624.0,0.345,0.389,0.416,-0.024,0.265,-0.21
2624.25,0.353,0.38,0.424,-0.011,0.264,-0.21
2624.5,0.338,0.38,0.496,-0.031,0.269,-0.12
2624.75,0.412,0.38,0.408,0.0363,0.269,-0.22
2625.0,0.402,0.38,0.554,0.0343,0.27,-0.065
2625.25,0.414,0.38,0.5,0.058,0.271,-0.11
2625.5,0.432,0.38,0.533,0.0853,0.27,-0.075
2625.75,0.39,0.415,0.507,0.0348,0.27,-0.091
2626.0,0.326,0.381,0.522,-0.042,0.27,-0.047
2626.25,0.331,0.38,0.519,-0.037,0.268,-0.094
2626.5,0.327,0.38,0.478,-0.043,0.268,-0.12
2626.75,0.384,0.38,0.476,0.017,0.269,-0.15
2627.0,0.322,0.38,0.413,-0.048,0.266,-0.21
2627.25,0.319,0.381,0.451,-0.05,0.26,-0.18
2627.5,0.405,0.386,0.512,0.0256,0.26,-0.096
2627.75,0.444,0.409,0.504,0.0625,0.26,-0.11
2628.0,0.449,0.372,0.57,0.0944,0.26,-0.04
2628.25,0.388,0.372,0.489,0.024,0.26,-0.11
2628.5,0.393,0.371,0.55,0.0306,0.26,-0.054
2628.75,0.378,0.372,0.515,0.00673,0.26,-0.065
2629.0,0.321,0.373,0.507,-0.048,0.26,-0.095
2629.25,0.34,0.372,0.466,-0.029,0.26,-0.16
2629.5,0.367,0.397,0.414,0.00222,0.26,-0.21
2629.75,0.317,0.384,0.484,-0.052,0.26,-0.15
2630.0,0.322,0.373,0.427,-0.048,0.26,-0.19
2630.25,0.434,0.372,0.64,0.0571,0.26,0.0649
2630.5,0.408,0.373,0.512,0.032,0.26,-0.1
2630.75,0.405,0.373,0.504,0.0398,0.26,-0.1
2631.0,0.462,0.375,0.551,0.0951,0.26,-0.052
2631.25,0.395,0.372,0.484,0.0298,0.26,-0.12
2631.5,0.396,0.409,0.596,0.0179,0.26,0.00468
2631.75,0.368,0.371,0.491,-0.0043,0.26,-0.11
2632.0,0.316,0.37,0.535,-0.056,0.259,-0.07
2632.25,0.322,0.371,0.509,-0.05,0.25,-0.09
2632.5,0.334,0.37,0.489,-0.037,0.25,-0.11
2632.75,0.369,0.37,0.565,-0.034,0.24,-0.018
2633.0,0.4,0.37,0.435,0.0335,0.23,-0.18
2633.25,0.405,0.38,0.488,0.0241,0.241,-0.15
2633.5,0.392,0.397,0.426,0.0229,0.235,-0.19
2633.75,0.385,0.37,0.515,0.0205,0.231,-0.087
2634.0,0.401,0.364,0.425,0.0424,0.23,-0.2
2634.25,0.6,0.365,0.534,0.0618,0.238,-0.06
2634.5,0.474,0.37,0.549,-0.074,0.239,-0.055
2634.75,0.47,0.37,0.486,-0.085,0.24,-0.11
2635.0,0.459,0.37,0.554,-0.095,0.25,-0.044
2635.25,0.485,0.409,0.487,-0.065,0.251,-0.1
2635.5,0.508,0.37,0.554,-0.038,0.25,-0.056
2635.75,0.481,0.37,0.485,-0.064,0.255,-0.11
2636.0,0.551,0.37,0.419,-0.0087,0.26,-0.21
2636.25,0.587,0.371,0.478,0.0364,0.26,-0.15
2636.5,0.54,0.37,0.41,-0.0056,0.26,-0.22
2636.75,0.542,0.37,0.471,-0.00021,0.265,-0.16
2637.0,0.563,0.389,0.478,0.0317,0.27,-0.12
2637.25,0.547,0.397,0.586,0.0167,0.273,0.00111
2637.5,0.503,0.38,0.56,-0.047,0.278,-0.014
2637.75,0.489,0.38,0.493,-0.059,0.28,-0.1
2638.0,0.468,0.38,0.553,-0.085,0.277,-0.048
2638.25,0.483,0.381,0.487,-0.069,0.279,-0.11
2638.5,0.503,0.38,0.518,-0.046,0.28,-0.097
2638.75,0.479,0.38,0.416,-0.074,0.28,-0.21
2639.0,0.541,0.417,0.44,-0.015,0.28,-0.19
2639.25,0.548,0.38,0.434,0.00027,0.28,-0.19
2639.5,0.603,0.38,0.408,0.0686,0.28,-0.22
2639.75,0.539,0.381,0.545,0.00667,0.28,-0.07
2640.0,0.536,0.382,0.522,0.0066,0.28,-0.067
2640.25,0.584,0.382,0.563,0.0568,0.28,-0.039
2640.5,0.5,0.38,0.489,-0.042,0.281,-0.11
2640.75,0.474,0.381,0.538,-0.074,0.286,-0.074
2641.0,0.471,0.417,0.507,-0.077,0.28,-0.096
2641.25,0.468,0.38,0.422,-0.081,0.28,-0.2
2641.5,0.515,0.38,0.576,-0.03,0.28,-0.0033
2641.75,0.485,0.381,0.423,-0.061,0.28,-0.2
2642.0,0.562,0.38,0.445,0.0212,0.28,-0.19
2642.25,0.566,0.382,0.419,0.0295,0.28,-0.21
2642.5,0.545,0.381,0.471,0.0176,0.281,-0.14
2642.75,0.58,0.381,0.574,0.0523,0.28,-0.038
2643.0,0.55,0.435,0.533,0.0234,0.288,-0.074
2643.25,0.472,0.381,0.584,-0.076,0.28,-0.0044
2643.5,0.47,0.382,0.491,-0.078,0.284,-0.11
2643.75,0.51,0.382,0.456,-0.035,0.287,-0.16
2644.0,0.492,0.385,0.463,-0.054,0.29,-0.17
2644.25,0.471,0.388,0.404,-0.076,0.29,-0.23
2644.5,0.558,0.389,0.486,0.01,0.29,-0.15
2644.75,0.549,0.388,0.485,0.0176,0.29,-0.15
2645.0,0.546,0.424,0.442,0.0216,0.288,-0.19
2645.25,0.61,0.383,0.519,0.0687,0.29,-0.095
2645.5,0.548,0.382,0.5,0.0278,0.29,-0.11
2645.75,0.467,0.383,0.561,-0.083,0.29,-0.047
2646.0,0.511,0.382,0.512,-0.035,0.285,-0.057
2646.25,0.475,0.382,0.607,-0.078,0.28,0.0536
2646.5,0.495,0.381,0.45,-0.075,0.28,-0.18
2646.75,0.526,0.386,0.412,-0.053,0.283,-0.22
2647.0,0.36,0.415,0.475,-0.021,0.289,-0.16
2647.25,0.404,0.398,0.409,0.0294,0.29,-0.22
2647.5,0.398,0.389,0.438,0.0269,0.288,-0.19
2647.75,0.43,0.389,0.439,0.0745,0.282,-0.19
2648.0,0.408,0.39,0.541,0.0546,0.28,-0.039
2648.25,0.379,0.39,0.569,0.0214,0.28,-0.043
2648.5,0.337,0.39,0.49,-0.032,0.28,-0.11
2648.75,0.353,0.39,0.528,-0.011,0.28,-0.075
2649.0,0.329,0.392,0.481,-0.045,0.28,-0.13
2649.25,0.325,0.423,0.408,-0.043,0.28,-0.22
2649.5,0.32,0.39,0.513,-0.05,0.283,-0.1
2649.75,0.333,0.386,0.419,-0.036,0.28,-0.2
2650.0,0.438,0.389,0.455,0.0698,0.285,-0.18
2650.25,0.403,0.389,0.443,0.0315,0.28,-0.18
2650.5,0.423,0.388,0.463,0.0436,0.28,-0.16
2650.75,0.41,0.384,0.604,0.0504,0.28,0.0212
2651.0,0.412,0.383,0.558,0.0585,0.28,-0.0038
2651.25,0.362,0.398,0.555,-0.0059,0.28,-0.033
2651.5,0.32,0.406,0.518,-0.05,0.28,-0.078
2651.75,0.317,0.384,0.488,-0.053,0.28,-0.11
2652.0,0.373,0.384,0.478,0.00687,0.28,-0.16
2652.25,0.326,0.381,0.41,-0.044,0.28,-0.22
2652.5,0.333,0.389,0.466,-0.038,0.284,-0.16
2652.75,0.4,0.39,0.459,0.021,0.287,-0.16
2653.0,0.406,0.39,0.434,0.0335,0.285,-0.19
2653.25,0.459,0.39,0.569,0.108,0.286,-0.046
2653.5,0.398,0.442,0.498,0.0422,0.289,-0.12
2653.75,0.377,0.385,0.549,0.0183,0.28,-0.061
2654.0,0.33,0.383,0.537,-0.039,0.28,-0.043
2654.25,0.351,0.385,0.501,-0.016,0.28,-0.092
2654.5,0.367,0.383,0.577,-0.0016,0.28,-0.015
2654.75,0.32,0.38,0.549,-0.05,0.271,-0.0098
2655.0,0.32,0.381,0.55,-0.05,0.27,-0.053
2655.25,0.368,0.381,0.49,-0.0028,0.264,-0.11
2655.5,0.435,0.395,0.528,0.0593,0.261,-0.052
2655.75,0.414,0.401,0.547,0.0407,0.26,-0.053
2656.0,0.397,0.372,0.485,0.0318,0.259,-0.11
2656.25,0.381,0.37,0.508,0.0119,0.251,-0.11
2656.5,0.412,0.37,0.41,0.0476,0.251,-0.22
2656.75,0.344,0.37,0.476,-0.023,0.25,-0.14
2657.0,0.319,0.37,0.456,-0.052,0.248,-0.17
2657.25,0.304,0.37,0.417,-0.067,0.242,-0.21
2657.5,0.353,0.37,0.561,-0.016,0.233,-0.046
2657.75,0.342,0.402,0.488,-0.032,0.23,-0.12
2658.0,0.371,0.367,0.54,-0.039,0.23,-0.077
2658.25,0.576,0.366,0.588,0.0221,0.241,0.0279
2658.5,0.552,0.371,0.504,0.00711,0.257,-0.085
2658.75,0.571,0.38,0.565,0.0157,0.28,-0.036
2659.0,0.562,0.381,0.468,0.039,0.286,-0.14
2659.25,0.56,0.385,0.455,0.0504,0.29,-0.18
2659.5,0.486,0.372,0.432,-0.057,0.265,-0.19
2659.75,0.5,0.413,0.433,-0.045,0.263,-0.19
2660.0,0.483,0.373,0.484,-0.06,0.27,-0.15
2660.25,0.466,0.378,0.43,-0.08,0.274,-0.19
2660.5,0.467,0.38,0.58,-0.081,0.28,-0.033
2660.75,0.468,0.38,0.494,-0.08,0.28,-0.11
2661.0,0.58,0.376,0.535,0.0311,0.272,-0.055
2661.25,0.56,0.376,0.543,0.0123,0.27,-0.049
2661.5,0.543,0.38,0.491,0.00864,0.277,-0.11
2661.75,0.534,0.397,0.523,0.000833,0.279,-0.09
2662.0,0.535,0.398,0.417,0.00827,0.279,-0.21
2662.25,0.596,0.387,0.511,0.0714,0.28,-0.08
2662.5,0.474,0.383,0.446,-0.069,0.28,-0.18
2662.75,0.479,0.38,0.436,-0.068,0.29,-0.18
2663.0,0.487,0.39,0.501,-0.06,0.29,-0.12
2663.25,0.501,0.372,0.495,-0.041,0.261,-0.11
2663.5,0.463,0.37,0.533,-0.086,0.255,-0.07
2663.75,0.466,0.373,0.503,-0.089,0.246,-0.1
2664.0,0.552,0.4,0.483,-0.011,0.225,-0.12
2664.25,0.591,0.361,0.592,0.0431,0.223,0.00365
2664.5,0.538,0.36,0.408,-0.0054,0.224,-0.22
2664.75,0.524,0.36,0.454,-0.016,0.23,-0.18
2665.0,0.505,0.361,0.419,-0.043,0.23,-0.21
2665.25,0.512,0.361,0.408,-0.036,0.23,-0.22
2665.5,0.458,0.362,0.496,-0.097,0.23,-0.15
2665.75,0.46,0.361,0.483,-0.095,0.23,-0.12
2666.0,0.514,0.402,0.575,-0.03,0.23,-0.034
2666.25,0.476,0.368,0.48,-0.073,0.23,-0.13
2666.5,0.467,0.361,0.488,-0.088,0.23,-0.11
2666.75,0.547,0.364,0.593,-0.016,0.231,0.0128
2667.0,0.534,0.37,0.449,-0.017,0.25,-0.16
2667.25,0.586,0.37,0.489,0.0424,0.25,-0.13
2667.5,0.552,0.37,0.427,0.0127,0.25,-0.19
2667.75,0.522,0.37,0.4,-0.022,0.25,-0.23
2668.0,0.482,0.37,0.47,-0.07,0.25,-0.16
2668.25,0.469,0.407,0.412,-0.087,0.25,-0.22
2668.5,0.507,0.37,0.547,-0.047,0.25,-0.061
2668.75,0.5,0.37,0.519,-0.05,0.25,-0.1
2669.0,0.464,0.37,0.522,-0.09,0.25,-0.063
2669.25,0.48,0.37,0.54,-0.075,0.25,-0.061
2669.5,0.556,0.37,0.478,-0.0081,0.25,-0.12
2669.75,0.577,0.37,0.459,0.0298,0.248,-0.18
2670.0,0.571,0.371,0.43,0.0303,0.239,-0.2
2670.25,0.532,0.37,0.405,-0.015,0.235,-0.22
2670.5,0.795,0.428,0.566,-0.074,0.227,-0.15
2670.75,1.31,0.475,0.758,-0.22,0.222,-0.27
2671.0,1.33,0.674,0.943,-0.18,0.226,-0.19
2671.25,1.35,0.7,1.25,-0.25,0.213,-0.23
2671.5,1.31,1.02,1.8,-0.26,0.2,-0.13
2671.75,1.77,1.42,1.29,-0.28,0.117,-0.092
2672.0,2.55,2.66,1.27,-0.26,0.268,-0.11
2672.25,2.76,2.33,1.7,-0.28,0.26,-0.089
2672.5,2.6,2.23,2.4,-0.21,0.291,-0.27
2672.75,2.73,2.09,2.63,-0.22,0.325,-0.27
2673.0,3.09,2.09,2.46,-0.2,0.352,-0.38
2673.25,3.29,1.99,2.49,-0.16,0.364,-0.44
2673.5,3.02,2.21,2.69,-0.3,0.242,-0.22
2673.75,3.06,1.68,2.55,-0.31,0.185,-0.33
2674.0,3.72,1.84,3.17,-0.5,0.106,-0.0021
2674.25,3.42,1.87,2.65,-0.4,0.0717,-0.27
2674.5,3.24,2.07,2.75,-0.4,0.0654,-0.33
2674.75,3.08,2.06,2.8,-0.39,0.0638,-0.25
2675.0,3.02,1.8,2.33,-0.3,0.0917,-0.21
2675.25,2.93,1.74,2.08,-0.27,0.12,-0.25
2675.5,2.86,2.11,1.7,-0.13,0.11,-0.24
2675.75,2.75,1.67,1.72,-0.17,0.147,-0.11
2676.0,3.27,1.58,1.54,-0.13,0.223,-0.24
2676.25,2.74,1.34,1.69,-0.18,0.213,-0.13
2676.5,2.71,1.53,1.65,-0.2,0.187,-0.18
2676.75,3.44,2.08,1.71,0.00364,0.146,-0.079
2677.0,3.74,2.43,2.55,0.00875,0.131,-0.0037
2677.25,4.79,3.67,3.57,-0.039,0.114,-0.0018
2677.5,6.3,5.07,5.01,0.113,0.0822,0.0543
2677.75,6.48,5.49,5.51,0.426,0.0865,0.018
2678.0,6.8,8.01,3.86,0.433,0.00962,-0.12
2678.25,6.37,6.52,4.5,0.232,0.00182,-0.15
2678.5,6.23,6.8,5.05,0.0675,0.035,-0.11
2678.75,5.92,6.45,6.2,-0.024,0.0333,-0.17
2679.0,6.22,7.01,5.32,0.0895,-0.032,0.0265
2679.25,6.45,7.34,5.44,-0.098,-0.11,-0.042
2679.5,6.23,7.81,5.35,0.00387,-0.14,-0.06
2679.75,5.96,7.62,5.17,-0.042,-0.085,-0.021
2680.0,6.81,8.39,4.91,0.269,-0.063,-0.047
2680.25,6.44,7.61,4.58,0.258,-0.044,0.0568
2680.5,5.84,8.32,4.97,0.294,-0.048,0.0197
2680.75,6.37,7.19,5.12,0.408,-0.07,-0.087
2681.0,4.96,5.47,4.73,-0.16,0.0189,-0.13
2681.25,4.7,4.48,4.36,-0.17,0.0655,-0.13
2681.5,4.33,3.6,3.64,-0.18,0.163,-0.18
2681.75,4.2,3.32,3.26,-0.26,0.15,-0.31
2682.0,3.36,2.93,2.3,-0.23,0.112,-0.3
2682.25,1.83,0.957,1.48,-0.26,0.165,-0.24
2682.5,1.64,0.721,1.55,-0.27,0.164,-0.17
2682.75,1.43,0.546,1.04,-0.23,0.19,-0.11
2683.0,1.33,0.392,0.831,-0.15,0.23,-0.17
2683.25,1.17,0.393,0.883,-0.078,0.232,-0.12
2683.5,1.13,0.391,0.874,-0.075,0.237,-0.11
2683.75,0.651,0.39,0.563,0.045,0.242,-0.11
2684.0,0.572,0.391,0.583,0.0405,0.248,-0.058
2684.25,0.566,0.393,0.51,0.0374,0.249,-0.12
2684.5,0.576,0.402,0.488,0.049,0.25,-0.17
2684.75,0.491,0.427,0.461,-0.058,0.256,-0.2
2685.0,0.49,0.4,0.495,-0.06,0.257,-0.15
2685.25,0.523,0.4,0.502,-0.021,0.26,-0.16
2685.5,0.518,0.402,0.53,-0.031,0.26,-0.11
2685.75,0.49,0.402,0.598,-0.059,0.268,-0.05
2686.0,0.512,0.401,0.54,-0.036,0.276,-0.11
2686.25,0.584,0.406,0.531,0.0306,0.28,-0.12
2686.5,0.596,0.402,0.657,0.0548,0.28,0.0361
2686.75,0.626,0.438,0.532,0.0695,0.28,-0.11
2687.0,0.574,0.414,0.534,0.0411,0.29,-0.14
2687.25,0.547,0.409,0.476,0.00867,0.291,-0.2
2687.5,0.486,0.41,0.471,-0.061,0.292,-0.2
2687.75,0.542,0.411,0.52,0.00333,0.297,-0.15
2688.0,0.513,0.414,0.573,-0.025,0.3,-0.029
2688.25,0.487,0.402,0.594,-0.061,0.283,-0.076
2688.5,0.538,0.403,0.545,-0.0039,0.272,-0.11
2688.75,0.558,0.401,0.531,0.00172,0.26,-0.13
2689.0,0.598,0.434,0.597,0.0453,0.26,-0.051
2689.25,0.569,0.4,0.529,0.0227,0.26,-0.12
2689.5,0.575,0.404,0.618,0.0328,0.26,-0.012
2689.75,0.615,0.4,0.501,0.0846,0.26,-0.16
2690.0,0.532,0.402,0.461,-0.012,0.264,-0.22
2690.25,0.503,0.401,0.574,-0.044,0.268,-0.13
2690.5,0.512,0.402,0.472,-0.035,0.27,-0.21
2690.75,0.509,0.408,0.503,-0.044,0.27,-0.19
2691.0,0.549,0.4,0.534,-0.0036,0.276,-0.12
2691.25,0.529,0.429,0.542,-0.026,0.245,-0.12
2691.5,0.55,0.391,0.602,-0.017,0.244,-0.061
2691.75,0.578,0.391,0.527,0.0176,0.242,-0.13
2692.0,0.578,0.39,0.573,0.0167,0.248,-0.083
2692.25,0.608,0.39,0.63,0.061,0.25,0.0138
2692.5,0.577,0.391,0.514,0.03,0.249,-0.13
2692.75,0.506,0.395,0.536,-0.057,0.249,-0.15
2693.0,0.536,0.39,0.443,-0.02,0.25,-0.24
2693.25,0.504,0.391,0.487,-0.061,0.25,-0.2
2693.5,0.505,0.431,0.487,-0.063,0.243,-0.19
2693.75,0.5,0.39,0.485,-0.069,0.246,-0.19
2694.0,0.529,0.393,0.594,-0.066,0.243,-0.062
2694.25,0.642,0.395,0.533,-0.022,0.234,-0.11
2694.5,0.919,0.393,0.525,-0.086,0.23,-0.13
2694.75,1.4,0.396,0.566,-0.13,0.239,-0.084
2695.0,1.48,0.657,0.688,-0.078,0.203,-0.14
2695.25,1.63,0.669,1.09,-0.064,0.216,-0.23
2695.5,1.62,1.15,1.22,-0.082,0.156,-0.25
2695.75,2.06,1.47,1.67,-0.23,0.181,-0.11
2696.0,2.48,3.16,2.36,-0.23,0.0004,-0.26
2696.25,2.87,2.18,2.12,-0.24,0.00792,-0.24
2696.5,3.24,2.0,2.06,-0.28,0.0396,-0.059
2696.75,3.41,1.97,2.4,-0.3,0.0413,-0.16
2697.0,3.11,2.11,2.0,-0.2,0.0421,-0.099
2697.25,3.24,2.18,1.9,-0.18,0.0396,-0.12
2697.5,3.23,1.71,2.07,-0.27,0.126,-0.16
2697.75,3.3,1.85,2.05,-0.25,0.182,-0.18
2698.0,3.81,2.1,2.75,-0.26,0.235,-0.28
2698.25,3.95,2.57,2.41,-0.23,0.259,-0.27
2698.5,3.89,2.0,2.57,-0.3,0.257,-0.23
2698.75,3.81,2.07,2.16,-0.36,0.215,-0.35
2699.0,3.9,2.08,2.6,-0.39,0.168,0.0403
2699.25,3.97,2.98,2.2,-0.35,0.153,-0.15
2699.5,3.93,2.58,1.94,-0.39,0.21,-0.16
2699.75,3.84,2.71,1.75,-0.36,0.155,-0.23
2700.0,4.15,2.78,1.46,-0.24,0.164,-0.18
2700.25,3.54,2.21,1.32,-0.28,0.205,-0.056
2700.5,3.55,2.51,1.68,-0.24,0.252,-0.22
2700.75,3.17,1.73,1.28,-0.18,0.273,-0.18
2701.0,3.43,1.45,1.36,-0.2,0.242,-0.16
2701.25,3.12,2.15,1.47,-0.16,0.204,-0.02
2701.5,3.53,2.12,1.96,-0.17,0.132,-0.12
2701.75,3.52,2.61,2.84,-0.19,0.0884,-0.018
2702.0,3.63,2.92,2.41,-0.13,0.0125,-0.11
2702.25,4.56,4.04,3.72,0.4,-0.029,-0.22
2702.5,4.08,3.87,3.67,0.042,0.002,-0.19
2702.75,4.7,3.57,4.18,0.449,0.0105,-0.34
2703.0,4.51,3.69,3.3,0.358,0.0561,-0.18
2703.25,4.56,5.7,1.83,0.371,0.0921,0.0286
2703.5,5.0,4.87,1.73,0.254,0.0609,-0.046
2703.75,6.17,5.62,1.93,-0.21,0.0475,-0.0075
2704.0,7.65,5.72,3.45,0.249,-0.027,-0.071
2704.25,8.83,5.59,2.92,0.104,-0.094,-0.098
2704.5,7.29,4.04,2.97,0.148,-0.064,-0.1
2704.75,7.16,3.88,2.59,0.0638,-0.063,-0.29
2705.0,5.83,3.72,3.03,0.0908,0.0217,-0.14
2705.25,5.24,2.74,2.89,-0.4,0.0763,-0.16
2705.5,2.89,2.21,2.37,-0.31,0.227,-0.17
2705.75,2.32,1.9,2.17,-0.2,0.261,-0.13
2706.0,1.41,1.2,1.25,-0.16,0.26,-0.16
2706.25,1.19,0.945,1.24,-0.17,0.258,-0.14
2706.5,1.1,1.44,0.894,-0.15,0.257,-0.17
2706.75,1.11,1.71,0.686,-0.039,0.275,-0.068
2707.0,0.625,0.665,0.515,0.0253,0.283,-0.13
2707.25,0.525,0.545,0.531,0.0108,0.29,-0.11
2707.5,0.538,0.511,0.653,0.0227,0.294,0.0377
2707.75,0.561,0.514,0.485,0.0464,0.306,-0.16
2708.0,0.589,0.51,0.493,0.0758,0.31,-0.18
2708.25,0.481,0.512,0.445,-0.049,0.314,-0.21
2708.5,0.474,0.511,0.431,-0.055,0.308,-0.2
2708.75,0.542,0.512,0.46,-0.017,0.31,-0.17
2709.0,0.452,0.514,0.513,-0.078,0.31,-0.081
2709.25,0.468,0.557,0.594,-0.06,0.31,-0.024
2709.5,0.54,0.513,0.501,0.00724,0.315,-0.1
2709.75,0.592,0.517,0.532,0.0647,0.32,-0.074
2710.0,0.536,0.512,0.529,0.0188,0.329,-0.07
2710.25,0.533,0.521,0.498,0.0188,0.336,-0.11
2710.5,0.577,0.522,0.566,0.0692,0.34,-0.034
2710.75,0.498,0.522,0.442,-0.028,0.343,-0.19
2711.0,0.471,0.53,0.567,-0.056,0.356,-0.041
2711.25,0.476,0.575,0.43,-0.041,0.359,-0.21
2711.5,0.485,0.539,0.43,-0.033,0.36,-0.22
2711.75,0.522,0.532,0.528,0.01,0.361,-0.09
2712.0,0.497,0.531,0.478,-0.032,0.357,-0.16
2712.25,0.544,0.522,0.565,0.0147,0.332,-0.057
2712.5,0.552,0.512,0.509,0.0317,0.32,-0.11
2712.75,0.594,0.519,0.512,0.087,0.322,-0.11
2713.0,0.529,0.532,0.553,0.0188,0.324,-0.06
2713.25,0.517,0.56,0.532,0.00615,0.33,-0.067
2713.5,0.462,0.511,0.536,-0.068,0.321,-0.09
2713.75,0.528,0.512,0.419,0.018,0.322,-0.23
2714.0,0.478,0.518,0.436,-0.049,0.328,-0.21
2714.25,0.476,0.51,0.511,-0.051,0.33,-0.14
2714.5,0.472,0.512,0.423,-0.064,0.33,-0.22
2714.75,0.548,0.512,0.596,0.014,0.33,0.0064
2715.0,0.555,0.516,0.518,0.0292,0.33,-0.11
2715.25,0.536,0.565,0.51,0.0124,0.329,-0.13
2715.5,0.586,0.515,0.582,0.0461,0.33,-0.043
2715.75,0.573,0.516,0.488,0.0605,0.332,-0.13
2716.0,0.557,0.517,0.579,0.0479,0.336,-0.033
2716.25,0.492,0.517,0.508,-0.028,0.333,-0.099
2716.5,0.457,0.518,0.41,-0.076,0.333,-0.24
2716.75,0.475,0.514,0.478,-0.06,0.332,-0.17
2717.0,0.524,0.512,0.417,0.005,0.327,-0.23
2717.25,0.464,0.524,0.503,-0.068,0.32,-0.15
2717.5,0.466,0.541,0.43,-0.067,0.322,-0.22
2717.75,0.534,0.51,0.522,0.0138,0.325,-0.089
2718.0,0.564,0.511,0.568,0.037,0.32,-0.058
2718.25,0.549,0.51,0.499,0.032,0.32,-0.12
2718.5,0.703,0.538,0.669,-0.01,0.308,-0.079
2718.75,1.15,0.62,0.87,-0.084,0.288,-0.14
2719.0,1.22,0.714,1.12,-0.013,0.277,-0.038
2719.25,1.43,1.4,1.59,-0.14,0.194,-0.26
2719.5,1.57,1.7,1.85,-0.19,0.181,-0.29
2719.75,2.33,2.44,2.02,-0.27,0.107,-0.17
2720.0,3.13,3.05,2.27,-0.26,0.0108,-0.24
2720.25,3.22,3.41,2.57,-0.28,0.0722,-0.17
2720.5,3.55,2.71,2.23,-0.29,0.0954,-0.084
2720.75,3.33,2.69,2.32,-0.31,0.104,-0.083
2721.0,3.27,2.43,2.87,-0.25,0.149,-0.04
2721.25,3.24,2.28,2.23,-0.19,0.15,-0.16
2721.5,3.16,2.36,2.13,-0.26,0.15,-0.15
2721.75,3.08,2.52,2.41,-0.22,0.133,-0.11
2722.0,3.59,3.22,2.22,-0.19,-0.0067,-0.087
2722.25,3.82,3.15,2.0,-0.18,-0.023,-0.21
2722.5,3.26,3.07,1.97,-0.2,-0.019,-0.25
2722.75,4.53,3.37,2.19,-0.45,-0.024,-0.21
2723.0,4.94,3.12,2.46,-0.51,-0.013,-0.18
2723.25,4.37,2.83,2.57,-0.47,0.0025,0.035
2723.5,4.83,2.36,2.39,-0.45,0.138,-0.13
2723.75,3.64,2.65,2.49,-0.17,0.15,-0.11
2724.0,2.98,2.46,2.38,-0.17,0.143,-0.16
2724.25,2.71,1.75,2.33,-0.11,0.215,-0.11
2724.5,2.86,1.42,2.62,-0.22,0.25,-0.017
2724.75,2.78,1.41,2.27,-0.26,0.256,-0.13
2725.0,2.75,2.0,2.47,-0.29,0.237,-0.05
2725.25,2.84,2.6,3.0,-0.21,0.22,0.0343
2725.5,3.13,2.7,3.46,-0.3,0.0882,-0.15
2725.75,2.93,2.66,2.26,-0.37,0.071,-0.17
2726.0,3.43,3.12,2.5,-0.48,0.0811,-0.25
2726.25,4.07,2.72,3.36,-0.44,0.101,-0.16
2726.5,3.54,2.64,3.32,-0.52,0.104,-0.11
2726.75,4.33,3.4,2.91,-0.53,0.0893,-0.29
2727.0,4.29,4.14,3.11,-0.4,0.303,-0.19
2727.25,5.23,3.84,4.42,-0.11,0.0663,-0.093
2727.5,5.37,4.82,8.05,-0.11,0.183,0.39
2727.75,5.14,5.64,10.3,-0.17,0.08,0.589
2728.0,4.93,4.51,8.36,-0.13,0.13,0.624
2728.25,4.62,4.11,8.98,-0.26,0.116,0.807
2728.5,4.04,3.92,6.74,-0.21,0.105,0.198
2728.75,3.8,4.46,7.55,-0.034,0.0685,0.65
2729.0,2.81,4.78,3.57,-0.21,-0.043,-0.16
2729.25,2.16,3.68,2.22,-0.24,0.0545,-0.19
2729.5,1.76,2.44,1.92,-0.049,0.0954,-0.12
2729.75,1.5,1.93,1.19,-0.048,0.0688,-0.18
2730.0,1.21,0.918,0.997,-0.029,0.396,-0.12
2730.25,1.11,0.703,0.595,-0.058,0.265,-0.12
2730.5,1.16,0.589,0.554,-0.06,0.263,-0.1
2730.75,1.07,0.545,0.548,-0.0022,0.281,-0.072
2731.0,0.767,0.548,0.468,-0.083,0.284,-0.16
2731.25,0.525,0.486,0.507,-0.058,0.25,-0.14
2731.5,0.521,0.662,0.437,-0.056,0.362,-0.2
2731.75,0.52,0.484,0.463,-0.058,0.252,-0.18
2732.0,0.583,0.598,0.593,0.0176,0.328,-0.018
2732.25,0.546,0.701,0.567,-0.023,0.371,-0.05
2732.5,0.619,0.499,0.591,0.0474,0.279,-0.043
2732.75,0.605,0.5,0.516,0.0404,0.28,-0.11
2733.0,0.592,0.575,0.552,0.0344,0.326,-0.074
2733.25,0.641,0.58,0.55,0.0909,0.329,-0.075
2733.5,0.601,0.5,0.512,0.0448,0.28,-0.11
2733.75,0.526,0.5,0.564,-0.038,0.284,-0.064
2734.0,0.521,0.707,0.431,-0.047,0.398,-0.22
2734.25,0.521,0.597,0.489,-0.047,0.316,-0.17
2734.5,0.582,0.573,0.467,0.0184,0.325,-0.19
2734.75,0.55,0.498,0.435,-0.014,0.28,-0.22
2735.0,0.612,0.504,0.592,0.038,0.28,-0.038
2735.25,0.615,0.66,0.566,0.0538,0.38,-0.029
2735.5,0.629,0.602,0.602,0.0776,0.344,-0.0058
2735.75,0.588,0.648,0.545,0.0291,0.37,-0.079
2736.0,0.592,0.543,0.504,0.0339,0.28,-0.12
2736.25,0.591,0.629,0.587,0.0325,0.328,-0.039
2736.5,0.562,0.502,0.512,-0.0029,0.282,-0.11
2736.75,0.573,0.572,0.479,0.0109,0.333,-0.19
2737.0,0.546,0.58,0.488,-0.021,0.336,-0.18
2737.25,0.53,0.631,0.43,-0.036,0.371,-0.24
2737.5,0.536,0.494,0.512,-0.032,0.279,-0.15
2737.75,0.559,0.563,0.468,-0.0054,0.313,-0.18
2738.0,0.6,0.505,0.581,0.0212,0.27,-0.04
2738.25,0.595,0.661,0.553,0.0305,0.355,-0.08
2738.5,0.592,0.555,0.506,0.0337,0.3,-0.13
2738.75,0.634,0.613,0.587,0.0779,0.339,-0.045
2739.0,0.636,0.557,0.569,0.0782,0.307,-0.027
2739.25,0.61,0.573,0.529,0.0493,0.321,-0.11
2739.5,0.557,0.49,0.481,-0.017,0.28,-0.18
2739.75,0.525,0.687,0.432,-0.049,0.4,-0.23
2740.0,0.546,0.698,0.507,-0.025,0.393,-0.16
2740.25,0.561,0.66,0.427,-0.011,0.36,-0.24
2740.5,0.542,0.563,0.44,-0.077,0.332,-0.21
2740.75,0.498,0.665,0.614,-0.075,0.415,0.00104
2741.0,0.588,0.767,0.515,0.0252,0.46,-0.11
2741.25,0.572,0.522,0.579,0.019,0.298,-0.048
2741.5,0.568,0.596,0.515,0.0268,0.341,-0.1
2741.75,0.575,0.51,0.503,0.0357,0.281,-0.12
2742.0,0.603,0.5,0.579,0.0655,0.28,-0.078
2742.25,0.563,0.669,0.446,0.0245,0.353,-0.19
2742.5,0.677,0.493,0.478,-0.028,0.264,-0.17
2742.75,1.18,0.501,0.529,-0.18,0.26,-0.091
2743.0,1.32,0.57,0.573,-0.11,0.253,-0.19
2743.25,1.34,0.725,1.17,-0.17,0.216,-0.25
2743.5,1.35,0.829,1.08,-0.18,0.194,-0.21
2743.75,1.61,1.36,1.97,-0.2,0.196,-0.03
2744.0,2.21,2.2,1.27,-0.19,0.188,-0.16
2744.25,2.41,1.33,1.43,-0.18,0.141,-0.1
2744.5,2.47,1.51,1.5,-0.2,0.209,-0.093
2744.75,2.63,1.52,1.91,-0.17,0.148,-0.23
2745.0,2.66,2.16,2.18,-0.19,0.218,-0.27
2745.25,3.07,2.45,2.18,-0.25,0.173,-0.25
2745.5,3.0,2.15,2.45,-0.28,0.239,-0.17
2745.75,3.12,2.46,2.33,-0.4,0.172,-0.23
2746.0,3.13,2.19,2.41,-0.33,0.216,-0.19
2746.25,3.0,2.16,2.45,-0.36,0.208,-0.2
2746.5,3.03,2.85,2.83,-0.36,0.166,-0.25
2746.75,3.09,2.94,2.45,-0.33,0.174,-0.11
2747.0,3.26,2.58,2.43,-0.35,0.0826,-0.23
2747.25,3.14,3.17,2.57,-0.31,0.173,-0.094
2747.5,3.11,2.79,2.35,-0.31,0.216,-0.22
2747.75,2.99,2.63,2.28,-0.22,0.165,-0.28
2748.0,2.82,2.45,1.66,-0.2,0.13,-0.17
2748.25,2.77,2.86,2.24,-0.27,0.177,-0.11
2748.5,2.74,3.4,2.93,-0.29,0.0824,-0.031
2748.75,2.83,2.97,2.18,-0.32,0.157,-0.096
2749.0,2.94,3.29,2.17,-0.26,0.115,-0.031
2749.25,2.95,2.93,2.3,-0.32,0.122,0.0395
2749.5,3.69,4.94,2.9,-0.38,-0.066,-0.023
2749.75,3.88,5.13,3.55,-0.32,-0.084,-0.14
2750.0,4.95,6.57,4.96,-0.39,-0.046,-0.24
2750.25,4.36,5.28,6.11,-0.46,-0.056,-0.21
2750.5,5.27,6.05,6.07,-0.48,-0.14,-0.23
2750.75,5.01,5.84,4.73,-0.45,-0.1,-0.086
2751.0,5.34,5.54,5.72,-0.44,-0.00049,-0.13
2751.25,4.46,5.62,8.13,-0.58,0.0498,-0.33
2751.5,4.95,6.15,6.2,-0.62,-0.0077,-0.19
2751.75,5.23,5.97,6.78,-0.34,0.00422,-0.27
2752.0,5.29,6.1,5.9,-0.23,-0.072,-0.18
2752.25,5.06,5.3,5.87,-0.29,-0.064,-0.3
2752.5,5.29,5.45,5.3,-0.33,-0.11,-0.32
2752.75,5.9,3.47,4.89,-0.32,-0.04,-0.22
2753.0,3.68,2.44,2.94,0.057,0.065,-0.077
2753.25,2.81,3.37,2.38,0.161,0.137,-0.065
2753.5,2.8,3.57,1.91,0.153,0.181,-0.064
2753.75,2.34,3.3,1.34,0.145,0.235,-0.074
2754.0,1.23,3.22,1.64,0.0358,0.26,-0.15
2754.25,1.02,1.9,1.1,-0.014,0.288,-0.13
2754.5,0.821,0.696,0.5,-0.027,0.288,-0.12
2754.75,0.744,0.451,0.535,-0.077,0.301,-0.049
2755.0,0.701,0.486,0.522,-0.075,0.301,-0.064
2755.25,0.506,0.461,0.604,-0.0042,0.31,0.00578
2755.5,0.409,0.46,0.51,-0.015,0.318,-0.085
2755.75,0.393,0.46,0.571,-0.027,0.32,-0.026
2756.0,0.427,0.46,0.562,0.00118,0.33,-0.017
2756.25,0.476,0.46,0.52,0.0522,0.34,-0.063
2756.5,0.513,0.46,0.583,0.104,0.338,-0.0083
2756.75,0.444,0.46,0.489,0.0338,0.34,-0.11
2757.0,0.457,0.502,0.475,0.0529,0.34,-0.15
2757.25,0.431,0.463,0.47,0.0194,0.33,-0.15
2757.5,0.409,0.46,0.514,-0.0077,0.32,-0.069
2757.75,0.385,0.46,0.564,-0.034,0.324,-0.047
2758.0,0.411,0.46,0.456,-0.0062,0.32,-0.16
2758.25,0.421,0.46,0.555,0.007,0.327,-0.047
2758.5,0.386,0.46,0.57,-0.033,0.331,-0.026
2758.75,0.446,0.46,0.524,0.0187,0.337,-0.066
2759.0,0.465,0.495,0.611,0.036,0.317,0.0218
2759.25,0.508,0.46,0.511,0.0947,0.316,-0.077
2759.5,0.479,0.46,0.513,0.0479,0.314,-0.08
2759.75,0.456,0.46,0.563,0.0378,0.316,-0.037
2760.0,0.426,0.46,0.437,0.00571,0.31,-0.18
2760.25,0.386,0.46,0.531,-0.034,0.312,-0.081
2760.5,0.437,0.46,0.452,0.019,0.318,-0.17
2760.75,0.406,0.46,0.436,-0.015,0.313,-0.19
2761.0,0.386,0.492,0.572,-0.041,0.31,-0.03
2761.25,0.385,0.464,0.516,-0.04,0.317,-0.082
2761.5,0.463,0.46,0.584,0.0263,0.32,-0.013
2761.75,0.497,0.46,0.567,0.072,0.32,-0.021
2762.0,0.484,0.46,0.507,0.0698,0.32,-0.086
2762.25,0.446,0.46,0.597,0.0282,0.32,-0.0059
2762.5,0.465,0.46,0.508,0.051,0.32,-0.08
2762.75,0.484,0.46,0.522,0.0739,0.32,-0.073
2763.0,0.484,0.504,0.521,0.0759,0.329,-0.085
2763.25,0.383,0.475,0.442,-0.038,0.32,-0.18
2763.5,0.385,0.46,0.507,-0.035,0.323,-0.12
2763.75,0.412,0.46,0.447,-0.0065,0.329,-0.18
2764.0,0.409,0.46,0.439,-0.014,0.33,-0.19
2764.25,0.388,0.46,0.573,-0.04,0.33,-0.044
2764.5,0.391,0.46,0.601,-0.037,0.33,0.0411
2764.75,0.457,0.46,0.601,0.026,0.331,0.0107
2765.0,0.492,0.46,0.526,0.0705,0.33,-0.072
2765.25,0.465,0.505,0.516,0.0487,0.326,-0.068
2765.5,0.455,0.46,0.594,0.0458,0.322,-0.011
2765.75,0.456,0.46,0.481,0.0476,0.32,-0.12
2766.0,0.465,0.46,0.497,0.0452,0.32,-0.12
2766.25,0.404,0.46,0.488,-0.017,0.32,-0.14
2766.5,0.38,0.46,0.436,-0.047,0.319,-0.19
2766.75,0.38,0.46,0.51,-0.05,0.318,-0.12
2767.0,0.274,0.46,0.47,-0.0094,0.314,-0.15
2767.25,0.293,0.492,0.528,0.0441,0.311,-0.073
2767.5,0.308,0.539,0.634,0.0391,0.307,0.046
2767.75,0.377,0.783,0.571,0.0776,0.307,0.00195
2768.0,0.36,0.46,0.569,0.119,0.333,-0.021
2768.25,0.322,0.46,0.547,0.0867,0.334,-0.048
2768.5,0.318,0.46,0.43,0.08,0.34,-0.2
2768.75,0.281,0.463,0.539,0.045,0.34,-0.09
2769.0,0.238,0.465,0.474,-0.009,0.34,-0.13
2769.25,0.271,0.466,0.435,0.0222,0.34,-0.19
2769.5,0.268,0.521,0.534,0.0258,0.344,-0.11
2769.75,0.24,0.465,0.505,-0.0075,0.335,-0.1
2770.0,0.249,0.46,0.587,0.00529,0.33,-0.022
2770.25,0.276,0.46,0.576,0.0302,0.331,-0.0012
2770.5,0.367,0.46,0.525,0.123,0.325,-0.066
2770.75,0.321,0.46,0.592,0.0802,0.321,-0.0072
2771.0,0.313,0.46,0.515,0.0702,0.32,-0.068
2771.25,0.34,0.46,0.563,0.0984,0.32,-0.016
2771.5,0.305,0.474,0.51,0.0634,0.32,-0.11
2771.75,0.245,0.479,0.483,0.00395,0.327,-0.12
2772.0,0.296,0.46,0.5,0.0557,0.326,-0.13
2772.25,0.239,0.46,0.469,-0.0014,0.32,-0.17
2772.5,0.233,0.46,0.526,-0.01,0.32,-0.071
2772.75,0.23,0.46,0.607,-0.013,0.32,-0.0034
2773.0,0.236,0.46,0.548,-0.0074,0.32,-0.03
2773.25,0.381,0.46,0.57,0.132,0.32,-0.027
2773.5,0.318,0.46,0.545,0.0661,0.317,-0.045
2773.75,0.312,0.5,0.508,0.0657,0.313,-0.078
2774.0,0.322,0.46,0.59,0.0757,0.31,-0.013
2774.25,0.317,0.46,0.532,0.073,0.31,-0.047
2774.5,0.349,0.457,0.571,0.115,0.303,-0.0036
2774.75,0.311,0.458,0.487,0.0765,0.3,-0.13
2775.0,0.295,0.459,0.438,0.0583,0.3,-0.18
2775.25,0.237,0.459,0.485,-0.012,0.3,-0.14
2775.5,0.268,0.45,0.524,0.0156,0.295,-0.075
2775.75,0.263,0.461,0.547,0.0158,0.29,-0.049
2776.0,0.246,0.484,0.587,-0.0044,0.283,-0.031
2776.25,0.245,0.45,0.511,-0.0059,0.285,-0.087
2776.5,0.237,0.45,0.557,-0.015,0.286,-0.048
2776.75,0.367,0.45,0.565,0.0985,0.28,-0.018
2777.0,0.329,0.45,0.51,0.0712,0.277,-0.088
2777.25,0.3,0.449,0.579,0.0514,0.268,-0.027
2777.5,0.323,0.45,0.542,0.0759,0.27,-0.03
2777.75,0.342,0.45,0.57,0.098,0.27,-0.013
2778.0,0.299,0.494,0.497,0.0377,0.278,-0.12
2778.25,0.402,0.45,0.451,-0.048,0.282,-0.16
2778.5,0.38,0.453,0.51,-0.049,0.302,-0.12
2778.75,0.435,0.46,0.444,0.00735,0.321,-0.18
2779.0,0.379,0.46,0.516,-0.044,0.328,-0.12
2779.25,0.393,0.46,0.592,-0.033,0.335,-0.019
2779.5,0.454,0.463,0.558,0.0287,0.341,-0.028
2779.75,0.517,0.461,0.592,0.0961,0.321,-0.012
2780.0,0.459,0.5,0.527,0.0383,0.322,-0.062
2780.25,0.47,0.46,0.508,0.0441,0.33,-0.085
2780.5,0.449,0.46,0.584,0.0359,0.33,-0.012
2780.75,0.482,0.46,0.634,0.0768,0.339,0.104
2781.0,0.467,0.46,0.538,0.0626,0.34,-0.068
2781.25,0.398,0.46,0.46,-0.023,0.34,-0.16
2781.5,0.426,0.46,0.444,0.00976,0.339,-0.18
2781.75,0.399,0.46,0.522,-0.021,0.34,-0.1
2782.0,0.388,0.507,0.447,-0.033,0.34,-0.17
2782.25,0.468,0.46,0.576,0.0461,0.34,-0.022
2782.5,0.477,0.46,0.546,0.0581,0.343,-0.051
2782.75,0.459,0.46,0.51,0.0481,0.339,-0.09
2783.0,0.468,0.46,0.595,0.0629,0.339,-0.0064
2783.25,0.494,0.46,0.523,0.0853,0.338,-0.065
2783.5,0.474,0.46,0.583,0.0693,0.34,9.91e-18
2783.75,0.381,0.46,0.561,-0.04,0.332,-0.029
2784.0,0.381,0.532,0.498,-0.048,0.319,-0.092
2784.25,0.382,0.487,0.539,-0.046,0.32,-0.08
2784.5,0.43,0.464,0.433,0.00854,0.319,-0.19
2784.75,0.458,0.46,0.5,0.032,0.316,-0.12
2785.0,0.464,0.46,0.54,0.0291,0.32,-0.091
2785.25,0.462,0.46,0.511,0.0387,0.32,-0.09
2785.5,0.451,0.46,0.599,0.035,0.32,-0.0081
2785.75,0.478,0.469,0.523,0.0641,0.32,-0.07
2786.0,0.494,0.49,0.51,0.0839,0.32,-0.085
2786.25,0.47,0.46,0.615,0.055,0.32,0.0353
2786.5,0.455,0.46,0.514,0.0386,0.32,-0.071
2786.75,0.381,0.46,0.535,-0.042,0.32,-0.076
2787.0,0.411,0.46,0.456,-0.0086,0.32,-0.17
2787.25,0.403,0.46,0.472,-0.017,0.32,-0.13
2787.5,0.392,0.46,0.6,-0.028,0.32,0.00475
2787.75,0.386,0.484,0.436,-0.034,0.32,-0.19
2788.0,0.47,0.475,0.529,0.0324,0.32,-0.09
2788.25,0.495,0.46,0.56,0.0645,0.32,-0.04
2788.5,0.452,0.46,0.51,0.0275,0.32,-0.09
2788.75,0.446,0.46,0.599,0.0287,0.32,-0.0049
2789.0,0.444,0.46,0.551,0.0271,0.32,-0.021
2789.25,0.52,0.46,0.523,0.113,0.32,-0.072
2789.5,0.412,0.46,0.533,-0.0024,0.32,-0.08
2789.75,0.395,0.486,0.439,-0.024,0.32,-0.19
2790.0,0.391,0.473,0.501,-0.028,0.32,-0.13
2790.25,0.424,0.46,0.459,0.000513,0.32,-0.16
2790.5,0.384,0.46,0.473,-0.042,0.32,-0.14
2790.75,0.384,0.46,0.601,-0.045,0.32,0.00146
2791.0,0.354,0.46,0.528,0.0496,0.32,-0.067
2791.25,0.362,0.46,0.586,0.128,0.32,-0.022
2791.5,0.32,0.46,0.528,0.0823,0.32,-0.071
2791.75,0.319,0.486,0.551,0.0838,0.32,-0.019
2792.0,0.37,0.476,0.594,0.13,0.319,-0.0062
2792.25,0.305,0.46,0.469,0.0695,0.313,-0.14
2792.5,0.237,0.46,0.478,-0.0037,0.312,-0.15
2792.75,0.231,0.46,0.478,-0.01,0.31,-0.15
2793.0,0.242,0.46,0.43,-1.8e-18,0.31,-0.19
2793.25,0.295,0.46,0.552,0.0495,0.31,-0.059
2793.5,0.246,0.457,0.463,0.00159,0.31,-0.15
2793.75,0.236,0.459,0.527,-0.014,0.294,-0.081
2794.0,0.312,0.474,0.616,0.0521,0.287,0.0211
2794.25,0.317,0.45,0.547,0.0687,0.29,-0.036
2794.5,0.393,0.45,0.586,0.136,0.289,-0.017
2794.75,0.3,0.45,0.543,0.0615,0.289,-0.047
2795.0,0.303,0.45,0.471,0.062,0.283,-0.14
2795.25,0.35,0.45,0.516,0.11,0.28,-0.11
2795.5,0.308,0.45,0.421,0.0642,0.28,-0.2
2795.75,0.258,0.45,0.464,0.00932,0.28,-0.16
2796.0,0.232,0.487,0.514,-0.018,0.28,-0.09
2796.25,0.249,0.45,0.452,-0.00087,0.282,-0.16
2796.5,0.261,0.45,0.606,0.0132,0.281,-0.009
2796.75,0.232,0.45,0.518,-0.018,0.284,-0.084
2797.0,0.236,0.45,0.5,-0.014,0.287,-0.1
2797.25,0.315,0.45,0.618,0.0509,0.29,0.0258
2797.5,0.374,0.45,0.603,0.0578,0.293,0.0473
2797.75,0.368,0.45,0.501,0.0952,0.29,-0.12
2798.0,0.322,0.5,0.457,0.0402,0.29,-0.16
2798.25,0.297,0.484,0.426,0.0456,0.291,-0.17
2798.5,0.325,0.48,0.493,0.0524,0.29,-0.11
2798.75,0.229,0.48,0.48,-0.05,0.29,-0.13
2799.0,0.234,0.48,0.514,-0.04,0.285,-0.075
2799.25,0.27,0.48,0.552,0.0063,0.28,-0.039
2799.5,0.223,0.48,0.504,-0.033,0.281,-0.069
2799.75,0.256,0.48,0.567,0.0139,0.289,-0.016
2800.0,0.327,0.506,0.49,0.0915,0.294,-0.079
2800.25,0.279,0.514,0.533,0.0375,0.299,-0.02
2800.5,0.283,0.485,0.534,0.0364,0.304,-0.061
2800.75,0.329,0.48,0.485,0.0954,0.305,-0.087
2801.0,0.259,0.48,0.469,0.0104,0.291,-0.14
2801.25,0.213,0.48,0.438,-0.033,0.292,-0.16
2801.5,0.215,0.48,0.427,-0.036,0.283,-0.17
2801.75,0.323,0.48,0.573,-0.048,0.302,-0.019
2802.0,0.347,0.476,0.512,0.0184,0.296,-0.072
2802.25,0.381,0.509,0.521,-0.048,0.29,-0.071
2802.5,0.412,0.46,0.539,-0.019,0.29,-0.056
2802.75,0.503,0.46,0.502,0.0716,0.29,-0.085
2803.0,0.464,0.454,0.609,0.0357,0.29,0.00872
2803.25,0.463,0.453,0.448,0.0465,0.299,-0.17
2803.5,0.5,0.45,0.434,0.0912,0.3,-0.19
2803.75,0.452,0.45,0.516,0.039,0.29,-0.11
2804.0,0.39,0.45,0.467,-0.032,0.291,-0.13
2804.25,0.375,0.457,0.518,-0.042,0.296,-0.098
2804.5,0.381,0.484,0.57,-0.035,0.295,-0.024
2804.75,0.427,0.45,0.513,0.0111,0.297,-0.087
2805.0,0.387,0.45,0.601,-0.022,0.3,-0.011
2805.25,0.38,0.45,0.513,-0.029,0.3,-0.078
2805.5,0.468,0.45,0.506,0.0439,0.309,-0.088
2805.75,0.509,0.451,0.556,0.1,0.31,-0.052
2806.0,0.465,0.455,0.477,0.047,0.31,-0.12
2806.25,0.448,0.46,0.485,0.042,0.315,-0.15
2806.5,0.446,0.496,0.459,0.0358,0.314,-0.16
2806.75,0.473,0.466,0.436,0.069,0.31,-0.18
2807.0,0.385,0.45,0.508,-0.03,0.308,-0.12
2807.25,0.378,0.45,0.528,-0.036,0.31,-0.07
2807.5,0.375,0.45,0.617,-0.038,0.31,0.0492
2807.75,0.398,0.45,0.607,-0.021,0.31,0.0248
2808.0,0.416,0.45,0.515,-0.0013,0.31,-0.074
2808.25,0.417,0.45,0.578,-0.0062,0.31,-0.02
2808.5,0.463,0.45,0.46,0.0362,0.305,-0.15
2808.75,0.462,0.483,0.437,0.045,0.303,-0.18
2809.0,0.492,0.45,0.557,0.0829,0.309,-0.055
2809.25,0.472,0.45,0.426,0.0496,0.31,-0.2
2809.5,0.382,0.456,0.45,-0.035,0.31,-0.17
2809.75,0.391,0.457,0.524,-0.027,0.31,-0.097
2810.0,0.412,0.459,0.517,-0.0015,0.31,-0.08
2810.25,0.374,0.454,0.576,-0.044,0.31,-0.033
2810.5,0.381,0.454,0.569,-0.037,0.31,-0.019
2810.75,0.466,0.455,0.518,0.0339,0.31,-0.07
2811.0,0.485,0.497,0.572,0.0644,0.31,-0.032
2811.25,0.471,0.458,0.427,0.0561,0.31,-0.2
2811.5,0.448,0.458,0.454,0.0306,0.31,-0.16
2811.75,0.471,0.459,0.592,0.0575,0.31,-0.008
2812.0,0.483,0.459,0.442,0.0742,0.31,-0.18
2812.25,0.447,0.46,0.494,0.03,0.31,-0.12
2812.5,0.421,0.46,0.522,-0.033,0.31,-0.091
2812.75,0.417,0.46,0.526,-0.052,0.31,-0.069
2813.0,0.42,0.454,0.578,-0.052,0.31,-0.03
2813.25,0.417,0.485,0.519,-0.006,0.31,-0.075
2813.5,0.374,0.45,0.512,-0.062,0.31,-0.078
2813.75,0.367,0.45,0.58,-0.065,0.303,-0.02
2814.0,0.453,0.45,0.432,0.0154,0.297,-0.19
2814.25,0.488,0.45,0.438,0.0677,0.29,-0.18
2814.5,0.559,0.461,0.53,0.0151,0.285,-0.13
2814.75,1.18,0.56,0.836,-0.072,0.259,-0.21
2815.0,1.27,0.677,0.882,-0.086,0.253,-0.19
2815.25,1.17,0.739,1.04,-0.16,0.26,-0.14
2815.5,1.24,1.38,1.19,-0.1,0.231,-0.12
2815.75,1.59,1.19,2.14,-0.24,0.182,-0.11
2816.0,2.1,2.15,1.37,-0.28,0.119,-0.15
2816.25,2.01,1.23,1.34,-0.29,0.188,-0.17
2816.5,2.11,1.16,1.4,-0.28,0.21,-0.069
2816.75,2.15,1.25,1.31,-0.14,0.194,-0.26
2817.0,2.12,1.3,1.84,-0.17,0.201,-0.14
2817.25,2.11,1.25,1.63,-0.2,0.21,-0.14
2817.5,2.12,1.27,1.61,-0.18,0.209,-0.19
2817.75,2.12,1.32,1.54,-0.16,0.202,-0.12
2818.0,2.17,1.76,1.49,-0.17,0.22,-0.14
2818.25,2.2,1.78,1.6,-0.25,0.206,-0.11
2818.5,1.99,1.34,1.76,-0.25,0.193,-0.07
2818.75,2.27,1.28,1.53,-0.24,0.189,-0.12
2819.0,2.61,1.38,1.48,-0.24,0.175,-0.069
2819.25,2.56,1.44,1.45,-0.15,0.184,-0.046
2819.5,2.6,1.5,1.46,-0.13,0.18,-0.092
2819.75,2.04,1.9,1.64,-0.17,0.215,-0.15
2820.0,2.04,1.65,1.48,-0.16,0.2,-0.26
2820.25,2.09,1.56,1.6,-0.17,0.225,-0.094
2820.5,2.05,1.49,1.4,-0.055,0.23,-0.21
2820.75,1.92,1.55,1.63,-0.14,0.231,0.0734
2821.0,2.04,1.83,2.03,-0.16,0.229,-0.019
2821.25,2.63,2.33,1.71,0.0698,0.243,-0.14
2821.5,3.17,1.67,1.81,0.169,0.231,0.0371
2821.75,2.5,1.82,1.68,-0.058,0.156,-0.14
2822.0,2.3,2.35,2.29,-0.18,0.0488,-0.13
2822.25,2.41,2.35,2.4,-0.15,0.0584,0.0141
2822.5,2.26,3.04,2.31,-0.096,0.0624,-0.12
2822.75,2.22,2.46,1.91,-0.08,0.0639,-0.0076
2823.0,2.35,2.73,1.18,-0.088,0.0649,-0.19
2823.25,2.37,3.24,1.25,-0.072,0.0784,-0.11
2823.5,2.08,3.09,1.27,-0.085,0.131,-0.11
2823.75,1.94,3.93,0.886,-0.13,0.0777,-0.15
2824.0,1.82,3.42,1.03,-0.15,0.0278,-0.0016
2824.25,1.69,2.49,0.878,-0.13,0.0247,-0.13
2824.5,1.68,2.54,0.834,-0.11,0.0152,-0.11
2824.75,1.45,1.67,1.29,-0.13,0.192,-0.024
2825.0,1.18,1.48,1.37,-0.085,0.222,-0.056
2825.25,1.23,1.25,0.833,0.0572,0.229,-0.086
2825.5,1.08,0.954,0.827,0.0275,0.243,-0.072
2825.75,0.956,0.651,0.759,0.0115,0.269,-0.12
2826.0,0.882,0.649,0.791,0.0358,0.272,-0.096
2826.25,0.894,0.633,0.682,-0.039,0.261,-0.19
2826.5,0.824,0.595,0.647,-0.093,0.276,-0.16
2826.75,0.845,0.542,0.617,-0.047,0.292,-0.14
2827.0,0.607,0.57,0.595,-0.066,0.3,-0.14
2827.25,0.418,0.542,0.61,-0.043,0.305,-0.12
2827.5,0.468,0.541,0.689,0.00648,0.31,-0.04
2827.75,0.518,0.54,0.629,0.0466,0.316,-0.076
2828.0,0.496,0.542,0.641,0.0324,0.32,-0.053
2828.25,0.493,0.543,0.691,0.0369,0.321,-0.023
2828.5,0.506,0.542,0.618,0.0558,0.326,-0.087
2828.75,0.526,0.547,0.634,0.0862,0.33,-0.076
2829.0,0.422,0.547,0.589,-0.039,0.327,-0.14
2829.25,0.428,0.574,0.546,-0.037,0.326,-0.18
2829.5,0.46,0.548,0.61,-0.0017,0.33,-0.12
2829.75,0.424,0.547,0.573,-0.035,0.329,-0.16
2830.0,0.421,0.549,0.53,-0.038,0.332,-0.2
2830.25,0.454,0.547,0.672,-0.0046,0.332,-0.056
2830.5,0.501,0.543,0.619,0.0275,0.33,-0.099
2830.75,0.492,0.548,0.632,0.024,0.33,-0.072
2831.0,0.528,0.55,0.724,0.0757,0.338,0.028
2831.25,0.488,0.592,0.622,0.0398,0.34,-0.08
2831.5,0.5,0.554,0.68,0.0556,0.348,0.006
2831.75,0.49,0.558,0.626,0.0423,0.349,-0.11
2832.0,0.475,0.549,0.539,0.0159,0.33,-0.2
2832.25,0.422,0.551,0.542,-0.038,0.329,-0.2
2832.5,0.42,0.548,0.629,-0.039,0.332,-0.096
2832.75,0.42,0.542,0.544,-0.043,0.321,-0.19
2833.0,0.457,0.542,0.596,-0.0066,0.318,-0.13
2833.25,0.437,0.565,0.689,-0.029,0.32,-0.03
2833.5,0.519,0.565,0.61,0.0428,0.32,-0.1
2833.75,0.507,0.543,0.65,0.0425,0.32,-0.064
2834.0,0.506,0.543,0.683,0.05,0.32,-0.0051
2834.25,0.54,0.542,0.607,0.0961,0.32,-0.092
2834.5,0.464,0.541,0.58,0.00857,0.32,-0.16
2834.75,0.42,0.541,0.574,-0.04,0.32,-0.16
2835.0,0.42,0.543,0.545,-0.04,0.32,-0.19
2835.25,0.425,0.548,0.561,-0.034,0.32,-0.18
2835.5,0.478,0.58,0.631,0.0198,0.321,-0.12
2835.75,0.433,0.544,0.597,-0.029,0.32,-0.11
2836.0,0.43,0.543,0.731,-0.032,0.32,0.0472
2836.25,0.51,0.544,0.658,0.0379,0.32,-0.053
2836.5,0.537,0.542,0.616,0.08,0.32,-0.092
2836.75,0.497,0.542,0.659,0.0414,0.32,-0.048
2837.0,0.487,0.543,0.609,0.0311,0.32,-0.11
2837.25,0.455,0.543,0.576,0.00146,0.32,-0.14
2837.5,0.42,0.541,0.581,-0.04,0.32,-0.16
2837.75,0.479,0.565,0.586,0.018,0.316,-0.15
2838.0,0.428,0.548,0.531,-0.039,0.311,-0.21
2838.25,0.42,0.544,0.585,-0.048,0.307,-0.16
2838.5,0.702,0.541,0.626,-0.092,0.295,-0.093
2838.75,1.19,0.546,0.745,-0.16,0.288,-0.1
2839.0,1.33,0.638,1.02,-0.025,0.29,-0.046
2839.25,1.36,0.909,1.44,-0.042,0.265,-0.17
2839.5,1.5,0.952,1.58,-0.062,0.313,-0.19
2839.75,1.7,1.69,2.95,-0.094,0.293,-0.23
2840.0,1.87,1.89,1.89,-0.094,0.264,-0.42
2840.25,1.9,1.23,2.12,-0.21,0.262,-0.35
2840.5,1.84,1.21,2.14,-0.18,0.268,-0.31
2840.75,1.7,1.34,1.79,-0.19,0.352,-0.32
2841.0,1.71,1.19,1.7,-0.16,0.284,-0.38
2841.25,1.74,1.45,2.0,-0.18,0.286,-0.29
2841.5,1.7,1.16,1.9,-0.17,0.299,-0.16
2841.75,1.84,1.3,1.86,-0.041,0.295,-0.19
2842.0,1.82,1.24,1.83,-0.049,0.275,-0.2
2842.25,1.75,1.19,1.77,-0.076,0.268,-0.29
2842.5,1.74,1.28,1.64,-0.076,0.253,-0.21
2842.75,1.81,1.24,1.7,-0.094,0.254,-0.16
2843.0,1.77,1.25,1.69,-0.13,0.252,-0.31
2843.25,1.78,1.25,1.52,-0.12,0.255,-0.39
2843.5,1.73,1.56,1.24,-0.17,0.257,-0.19
2843.75,1.81,1.13,0.962,-0.21,0.264,-0.27
2844.0,1.94,1.09,1.03,-0.24,0.26,-0.15
2844.25,1.94,1.15,1.58,-0.23,0.249,-0.0063
2844.5,2.01,1.33,1.05,-0.14,0.247,-0.041
2844.75,2.13,2.18,1.1,-0.16,0.209,-0.023
2845.0,2.47,1.61,1.04,-0.17,0.18,-0.078
2845.25,1.99,2.01,1.25,-0.13,0.192,-0.076
2845.5,2.17,2.23,1.14,-0.13,0.182,-0.015
2845.75,2.41,2.6,1.14,-0.1,0.163,-0.17
2846.0,2.11,2.94,1.17,-0.14,0.196,-0.28
2846.25,2.23,2.34,1.22,-0.18,0.205,-0.22
2846.5,2.41,2.41,1.18,-0.19,0.206,-0.24
2846.75,2.5,2.22,1.18,-0.16,0.195,-0.22
2847.0,2.19,2.21,1.26,-0.25,0.202,-0.15
2847.25,2.49,2.13,1.27,-0.24,0.201,-0.13
2847.5,2.61,2.22,1.34,-0.11,0.194,-0.07
2847.75,2.57,2.32,1.24,-0.12,0.19,-0.17
2848.0,2.77,2.3,1.24,-0.12,0.187,-0.14
2848.25,2.61,2.31,1.36,-0.075,0.188,-0.029
2848.5,1.89,2.23,1.23,-0.1,0.223,-0.11
2848.75,1.5,2.07,1.29,-0.072,0.292,-0.12
2849.0,0.872,1.88,1.17,0.00547,0.292,-0.081
2849.25,0.773,1.77,1.07,-0.029,0.295,-0.23
2849.5,0.766,1.4,1.05,-0.034,0.311,-0.21
2849.75,0.764,0.721,0.683,-0.012,0.311,-0.15
2850.0,0.758,0.603,0.523,0.000189,0.316,-0.17
2850.25,0.934,0.593,0.603,0.0404,0.308,-0.088
2850.5,0.812,0.542,0.575,0.0296,0.315,-0.061
2850.75,0.808,0.545,0.555,0.0353,0.322,-0.068
2851.0,0.608,0.55,0.599,0.088,0.338,-0.033
2851.25,0.522,0.576,0.578,0.101,0.339,-0.034
2851.5,0.498,0.55,0.55,0.0815,0.343,-0.061
2851.75,0.45,0.553,0.581,0.0233,0.355,-0.057
2852.0,0.438,0.557,0.484,0.0125,0.36,-0.17
2852.25,0.45,0.561,0.46,0.0348,0.362,-0.2
2852.5,0.488,0.56,0.592,0.0713,0.37,-0.064
2852.75,0.434,0.554,0.552,0.008,0.358,-0.064
2853.0,0.456,0.552,0.474,0.0227,0.345,-0.18
2853.25,0.514,0.589,0.648,0.0826,0.34,0.00282
2853.5,0.532,0.552,0.54,0.115,0.345,-0.091
2853.75,0.532,0.552,0.55,0.117,0.356,-0.078
2854.0,0.504,0.559,0.621,0.09,0.36,-0.017
2854.25,0.459,0.56,0.582,0.0453,0.364,-0.022
2854.5,0.477,0.56,0.509,0.061,0.37,-0.13
2854.75,0.43,0.56,0.545,0.0176,0.37,-0.11
2855.0,0.437,0.561,0.475,0.0211,0.369,-0.18
2855.25,0.429,0.572,0.46,0.00933,0.355,-0.2
2855.5,0.434,0.576,0.557,0.0215,0.36,-0.1
2855.75,0.535,0.559,0.51,0.116,0.36,-0.12
2856.0,0.529,0.556,0.557,0.0986,0.36,-0.074
2856.25,0.512,0.557,0.624,0.0933,0.36,-0.021
2856.5,0.5,0.56,0.554,0.0925,0.36,-0.07
2856.75,0.515,0.56,0.539,0.11,0.362,-0.09
2857.0,0.52,0.563,0.633,0.119,0.37,0.00263
2857.25,0.437,0.569,0.575,0.0151,0.361,-0.023
2857.5,0.431,0.594,0.485,0.0198,0.35,-0.16
2857.75,0.433,0.554,0.555,0.022,0.36,-0.1
2858.0,0.45,0.561,0.46,0.0393,0.36,-0.2
2858.25,0.483,0.559,0.474,0.0657,0.36,-0.18
2858.5,0.443,0.558,0.571,0.0257,0.36,-0.086
2858.75,0.524,0.56,0.582,0.0942,0.36,-0.037
2859.0,0.569,0.562,0.558,0.147,0.36,-0.065
2859.25,0.51,0.558,0.632,0.0993,0.36,-0.0061
2859.5,0.497,0.558,0.531,0.0897,0.36,-0.09
2859.75,0.497,0.592,0.533,0.0887,0.36,-0.092
2860.0,0.448,0.559,0.542,0.038,0.36,-0.13
2860.25,0.469,0.558,0.475,0.0538,0.36,-0.18
2860.5,0.464,0.556,0.498,0.0492,0.36,-0.14
2860.75,0.428,0.56,0.556,0.015,0.36,-0.1
2861.0,0.426,0.555,0.46,0.0134,0.36,-0.2
2861.25,0.432,0.555,0.523,0.0196,0.36,-0.11
2861.5,0.526,0.551,0.618,0.101,0.359,-0.028
2861.75,0.566,0.551,0.565,0.155,0.35,-0.067
2862.0,0.502,0.593,0.54,0.0857,0.346,-0.086
2862.25,0.499,0.553,0.712,0.082,0.341,0.125
2862.5,0.778,0.583,0.674,0.029,0.326,-0.15
2862.75,1.09,0.657,0.829,-0.087,0.319,-0.23
2863.0,1.3,0.878,0.893,-0.048,0.278,-0.2
2863.25,1.56,1.24,2.08,-0.15,0.2,-0.26
2863.5,1.58,1.2,1.59,-0.17,0.197,-0.41
2863.75,1.83,2.55,1.43,-0.18,0.167,-0.19
2864.0,2.0,2.04,1.4,-0.18,0.13,-0.22
2864.25,2.36,2.23,1.6,-0.054,0.142,-0.19
2864.5,2.18,2.29,1.53,-0.056,0.174,-0.11
2864.75,2.5,2.85,1.44,-0.086,0.502,-0.15
2865.0,2.14,2.69,1.13,-0.042,0.179,-0.058
2865.25,2.03,2.25,1.12,-0.098,0.177,-0.16
2865.5,2.06,2.14,1.27,-0.17,0.192,-0.26
2865.75,2.15,2.37,1.13,-0.17,0.161,-0.24
2866.0,2.28,2.22,1.55,-0.21,0.146,-0.25
2866.25,2.31,3.14,1.05,-0.15,0.116,-0.25
2866.5,2.34,2.51,1.59,-0.18,0.0908,-0.32
2866.75,2.34,2.08,1.99,-0.2,0.0738,-0.19
2867.0,2.44,1.82,1.74,-0.15,0.0691,-0.21
2867.25,2.42,2.08,1.7,-0.14,0.0717,-0.22
2867.5,2.42,1.72,1.74,-0.083,0.163,-0.14
2867.75,2.23,1.69,1.57,-0.15,0.2,-0.3
2868.0,2.08,1.53,1.74,-0.19,0.209,-0.23
2868.25,2.17,1.5,1.0,-0.21,0.195,-0.25
2868.5,2.16,1.44,1.06,-0.25,0.192,-0.21
2868.75,2.19,1.4,0.928,-0.26,0.197,-0.21
2869.0,2.91,1.62,1.16,-0.25,0.18,-0.15
2869.25,2.54,1.62,1.2,-0.24,0.18,-0.13
2869.5,2.73,2.4,1.66,-0.085,0.0778,-0.14
2869.75,3.14,3.07,3.21,-0.02,0.0962,-0.24
2870.0,2.88,2.94,3.35,-0.08,0.112,-0.23
2870.25,2.98,2.3,3.3,-0.064,0.0994,-0.21
2870.5,3.37,2.37,3.28,-0.055,0.0837,-0.16
2870.75,3.17,2.5,2.92,-0.13,0.0663,-0.23
2871.0,3.01,2.53,2.78,-0.17,0.0665,-0.22
2871.25,2.92,2.54,2.69,-0.15,0.0686,-0.16
2871.5,2.95,2.48,2.6,-0.11,0.0705,-0.15
2871.75,2.88,2.8,2.62,-0.13,-0.047,-0.071
2872.0,2.64,2.94,2.9,-0.14,-0.081,-0.29
2872.25,2.57,3.71,2.99,-0.074,-0.18,-0.18
2872.5,2.37,3.71,2.79,-0.005,-0.18,-0.11
2872.75,1.77,3.54,2.66,0.0159,-0.14,-0.11
2873.0,1.35,2.54,1.79,0.0473,-0.046,-0.088
2873.25,1.33,2.23,0.877,0.0517,0.0326,0.0063
2873.5,1.24,0.731,0.535,-0.034,0.238,-0.1
2873.75,0.696,0.689,0.561,0.0486,0.251,-0.066
2874.0,0.613,0.573,0.665,-0.014,0.28,0.0531
2874.25,0.707,0.509,0.47,-0.035,0.28,-0.18
2874.5,0.748,0.489,0.488,0.00463,0.272,-0.17
2874.75,0.505,0.489,0.508,-0.00019,0.277,-0.15
2875.0,0.448,0.492,0.462,0.0422,0.28,-0.19
2875.25,0.47,0.493,0.485,0.0734,0.283,-0.18
2875.5,0.473,0.494,0.593,0.0844,0.289,-0.038
2875.75,0.508,0.496,0.567,0.129,0.29,-0.056
2876.0,0.488,0.5,0.576,0.115,0.3,-0.063
2876.25,0.417,0.515,0.584,0.0444,0.31,-0.047
2876.5,0.394,0.525,0.531,0.0202,0.309,-0.098
2876.75,0.392,0.5,0.596,0.0105,0.305,-0.037
2877.0,0.435,0.501,0.525,0.0486,0.3,-0.12
2877.25,0.445,0.502,0.469,0.0556,0.304,-0.18
2877.5,0.391,0.502,0.515,0.019,0.309,-0.15
2877.75,0.408,0.504,0.478,0.0267,0.31,-0.18
2878.0,0.483,0.503,0.464,0.0845,0.309,-0.19
2878.25,0.513,0.507,0.577,0.131,0.31,-0.037
2878.5,0.471,0.507,0.553,0.0856,0.31,-0.039
2878.75,0.468,0.531,0.542,0.0884,0.311,-0.04
2879.0,0.508,0.503,0.561,0.113,0.31,-0.044
2879.25,0.462,0.5,0.534,0.084,0.317,-0.055
2879.5,0.401,0.501,0.484,0.0205,0.32,-0.11
2879.75,0.4,0.5,0.489,0.0176,0.32,-0.13
