Hora_decimal,P fase A,P fase B,P fase C,Q fase A,Q fase B,Q fase C
2160.0,3.45,4.25,6.26,1.27,1.33,0.232
2160.25,3.4,3.86,5.72,1.11,1.31,0.317
2160.5,2.67,5.05,6.29,0.6,1.52,0.27
2160.75,3.24,4.18,6.12,1.02,1.45,0.34
2161.0,3.74,4.49,6.74,1.14,1.52,0.394
2161.25,3.28,4.35,6.02,1.14,1.49,0.539
2161.5,3.44,3.77,6.13,1.24,1.38,0.38
2161.75,3.32,3.89,5.85,1.16,1.44,0.0945
2162.0,3.23,4.33,6.25,1.08,1.42,0.124
2162.25,3.25,3.99,5.59,0.868,1.36,0.223
2162.5,3.05,3.99,5.94,0.82,1.38,0.535
2162.75,3.5,4.12,6.09,1.26,1.48,0.366
2163.0,3.21,3.6,6.01,1.03,1.27,0.359
2163.25,3.02,4.13,5.87,0.959,1.38,0.375
2163.5,3.24,3.66,5.94,1.15,1.27,0.41
2163.75,2.85,4.2,5.54,0.684,1.41,0.0925
2164.0,3.1,3.55,5.49,0.83,1.27,0.166
2164.25,3.12,3.47,6.62,0.995,1.34,0.355
2164.5,3.1,3.4,5.27,0.913,1.26,0.542
2164.75,3.02,4.16,6.4,0.938,1.44,0.453
2165.0,3.26,3.48,5.42,1.21,1.27,0.257
2165.25,3.09,3.78,5.58,0.931,1.37,0.117
2165.5,2.97,3.4,5.83,0.783,1.28,0.371
2165.75,3.04,4.07,5.75,0.907,1.42,0.264
2166.0,3.21,3.43,5.78,0.952,1.28,0.129
2166.25,2.94,3.93,5.62,0.844,1.39,0.352
2166.5,3.18,3.44,6.25,1.08,1.3,0.535
2166.75,2.84,4.86,5.45,0.806,1.57,0.263
2167.0,3.35,3.65,5.98,1.06,1.27,-0.015
2167.25,3.12,4.14,5.63,0.949,1.41,-0.0018
2167.5,2.87,3.65,6.62,0.647,1.29,0.214
2167.75,3.2,3.8,6.71,0.999,1.4,0.215
2168.0,3.58,4.76,6.16,1.25,1.43,0.204
2168.25,4.54,5.17,7.49,1.14,1.4,0.613
2168.5,3.92,5.6,8.69,1.37,1.62,0.939
2168.75,4.84,8.64,11.7,1.98,2.78,1.39
2169.0,5.58,9.4,12.9,1.87,2.87,1.3
2169.25,5.48,8.96,11.8,2.17,2.84,1.35
2169.5,5.97,10.5,13.0,2.66,3.14,2.0
2169.75,6.17,10.2,12.5,2.95,4.27,2.44
2170.0,5.78,10.0,13.3,2.94,4.3,2.51
2170.25,6.93,10.8,15.5,2.91,4.39,2.55
2170.5,7.18,11.9,14.7,2.9,4.5,2.43
2170.75,7.38,9.94,15.2,3.33,4.27,2.46
2171.0,0.0,0.0,0.0,0.0,0.0,0.0
2171.25,6.99,11.5,14.2,2.95,4.55,2.79
2171.5,7.36,9.58,14.5,3.34,4.24,2.68
2171.75,7.06,10.0,12.9,3.05,4.3,2.5
2172.0,7.21,10.1,12.4,3.24,4.29,2.53
2172.25,7.42,10.9,12.2,3.55,4.51,2.55
2172.5,7.13,11.3,12.9,3.49,4.54,2.43
2172.75,7.63,10.3,14.0,3.7,4.31,2.59
2173.0,7.16,10.4,15.0,3.41,4.4,2.94
2173.25,7.04,10.6,15.2,3.19,4.41,3.06
2173.5,7.87,10.1,16.4,3.29,4.26,3.09
2173.75,7.79,11.8,16.7,3.44,4.56,2.99
2174.0,7.6,11.5,15.8,3.2,4.54,2.95
2174.25,7.78,11.7,16.5,3.44,4.61,3.11
2174.5,8.0,10.2,17.3,3.43,4.15,3.42
2174.75,7.82,10.9,17.3,3.26,4.48,3.35
2175.0,8.0,10.2,17.2,3.41,4.37,3.36
2175.25,7.85,9.76,17.5,3.35,4.2,3.06
2175.5,8.6,11.0,17.3,3.14,4.38,2.94
2175.75,7.91,10.9,17.7,3.34,4.38,3.09
2176.0,7.97,11.1,16.2,3.36,4.43,2.97
2176.25,7.75,10.3,15.1,3.02,3.94,2.45
2176.5,7.61,9.42,13.5,2.95,3.29,2.02
2176.75,6.83,7.33,13.4,2.5,2.23,1.91
2177.0,6.84,6.31,13.4,2.47,2.15,1.8
2177.25,6.93,6.6,12.3,2.45,2.26,1.63
2177.5,6.06,6.86,12.4,1.83,2.09,1.47
2177.75,4.59,5.35,12.3,1.45,1.74,1.46
2178.0,3.51,5.68,11.1,1.39,1.42,0.779
2178.25,3.44,5.32,11.5,1.3,1.3,0.945
2178.5,3.22,5.62,11.5,1.09,1.36,1.21
2178.75,2.79,5.34,11.3,0.766,1.31,1.14
2179.0,3.18,5.04,10.4,1.05,1.32,0.94
2179.25,3.31,5.03,9.72,1.15,1.32,0.652
2179.5,3.57,5.23,10.0,1.31,1.35,0.892
2179.75,3.39,5.27,11.3,1.21,1.37,0.776
2180.0,3.5,4.85,10.9,1.33,1.25,0.614
2180.25,3.1,5.33,11.4,1.13,1.34,0.867
2180.5,3.13,5.16,9.43,1.03,1.36,0.901
2180.75,2.89,4.5,6.95,0.835,1.42,0.464
2181.0,3.21,4.79,5.88,1.04,1.48,0.158
2181.25,3.34,5.04,6.15,1.22,1.52,0.314
2181.5,3.32,4.92,5.6,1.22,1.5,0.293
2181.75,2.94,4.21,6.19,1.0,1.31,0.187
2182.0,3.7,5.35,7.62,1.52,1.56,0.528
2182.25,3.38,4.96,6.85,1.3,1.48,0.627
2182.5,3.31,4.13,6.05,1.23,1.33,0.529
2182.75,3.27,4.35,5.95,1.14,1.35,0.217
2183.0,3.13,4.32,5.49,1.05,1.33,0.119
2183.25,3.12,4.7,6.97,1.02,1.37,0.526
2183.5,3.17,4.53,7.2,1.14,1.35,0.368
2183.75,3.39,4.69,6.85,1.31,1.45,0.369
2184.0,3.43,4.7,6.13,1.38,1.44,0.455
2184.25,3.38,4.67,6.13,1.31,1.41,0.66
2184.5,3.1,4.72,5.95,1.11,1.39,0.208
2184.75,3.21,4.22,7.56,1.17,1.31,0.326
2185.0,2.95,3.8,6.87,0.927,1.2,0.415
2185.25,3.15,3.96,6.31,1.04,1.22,0.413
2185.5,3.27,4.54,6.17,1.1,1.4,0.633
2185.75,3.19,4.22,5.9,1.07,1.29,0.6
2186.0,3.1,4.51,6.33,1.08,1.33,0.653
2186.25,3.22,4.52,7.13,1.2,1.39,0.494
2186.5,3.21,4.56,6.8,1.18,1.34,0.29
2186.75,3.09,4.45,5.72,1.1,1.34,0.14
2187.0,3.08,4.32,5.83,1.07,1.34,0.229
2187.25,3.64,4.49,5.77,1.34,1.32,0.598
2187.5,3.24,4.62,7.03,1.09,1.37,0.773
2187.75,3.34,4.45,7.1,1.31,1.33,0.489
2188.0,3.1,4.13,5.47,1.17,1.29,0.0979
2188.25,3.33,4.31,5.74,1.28,1.28,0.269
2188.5,3.17,4.55,5.91,1.07,1.36,0.426
2188.75,2.85,4.14,6.8,0.812,1.3,0.469
2189.0,3.23,4.18,7.4,1.18,1.29,0.559
2189.25,3.01,4.13,5.91,0.935,1.25,0.383
2189.5,3.26,4.33,5.85,1.13,1.37,0.46
2189.75,3.64,4.77,5.84,1.41,1.43,0.395
2190.0,3.41,4.04,5.83,1.34,1.31,0.111
2190.25,3.19,4.17,6.94,1.13,1.37,0.19
2190.5,3.42,4.6,6.83,1.26,1.46,0.461
2190.75,3.12,4.71,6.3,0.991,1.45,0.46
2191.0,3.05,4.76,7.27,0.883,1.36,0.221
2191.25,2.97,4.7,7.55,0.837,1.28,0.143
2191.5,3.14,4.77,7.13,1.01,1.39,0.127
2191.75,3.71,5.43,8.2,1.4,1.44,0.375
2192.0,3.06,5.1,7.39,0.919,1.26,0.329
2192.25,3.15,5.93,7.21,0.789,1.42,0.595
2192.5,4.96,5.79,7.51,1.17,1.28,0.322
2192.75,5.61,5.79,7.52,1.43,1.18,0.196
2193.0,6.31,6.46,8.54,1.53,1.31,0.515
2193.25,6.01,5.86,10.3,1.21,1.18,0.603
2193.5,5.81,8.24,11.7,1.29,1.78,0.716
2193.75,5.79,6.85,11.1,1.71,1.7,1.28
2194.0,6.59,7.96,10.9,2.05,1.83,1.41
2194.25,6.59,8.88,11.6,2.03,2.14,1.16
2194.5,6.66,9.53,10.9,2.0,2.34,0.932
2194.75,6.81,9.8,11.5,1.94,2.23,1.03
2195.0,7.39,9.21,11.9,1.86,2.04,1.19
2195.25,6.61,9.56,12.0,1.88,2.2,1.14
2195.5,6.61,8.99,10.2,1.93,2.16,1.05
2195.75,6.55,8.6,9.2,1.97,2.09,1.09
2196.0,6.59,9.77,10.6,2.03,2.15,1.29
2196.25,6.06,8.99,9.32,2.07,2.06,1.04
2196.5,6.02,8.3,8.75,2.09,1.91,0.781
2196.75,5.94,8.02,8.47,2.03,2.01,0.843
2197.0,6.19,9.41,9.62,2.09,2.41,1.41
2197.25,6.31,9.09,9.76,2.38,2.53,1.67
2197.5,6.9,9.8,11.8,2.58,2.71,1.32
2197.75,7.18,7.95,13.7,2.57,2.03,1.4
2198.0,0.0,0.0,0.0,0.0,0.0,0.0
2198.25,7.29,9.94,15.9,2.26,2.61,2.0
2198.5,7.24,9.48,15.4,2.14,2.54,1.64
2198.75,0.0,0.0,0.0,0.0,0.0,0.0
2199.0,7.48,9.7,15.8,2.38,2.44,1.5
2199.25,7.77,9.0,15.0,2.44,2.4,1.37
2199.5,7.22,9.31,15.3,2.31,2.39,1.27
2199.75,6.74,9.0,13.8,2.37,2.44,1.53
2200.0,0.0,0.0,0.0,0.0,0.0,0.0
2200.25,0.0,0.0,0.0,0.0,0.0,0.0
2200.5,13.9,7.11,16.5,2.06,2.07,1.45
2200.75,14.0,9.19,13.8,2.28,2.47,1.47
2201.0,14.1,9.0,11.9,2.6,2.47,1.2
2201.25,12.3,8.42,14.3,2.22,2.46,1.32
2201.5,5.21,7.6,15.2,2.19,2.22,1.53
2201.75,5.44,6.55,13.6,2.37,2.1,1.56
2202.0,4.85,6.54,12.6,2.08,1.81,1.03
2202.25,3.72,6.13,8.12,1.33,1.38,0.36
2202.5,3.37,5.8,7.16,1.17,1.42,0.385
2202.75,3.69,4.85,7.39,1.35,1.46,0.427
2203.0,3.51,4.45,6.37,1.3,1.47,0.475
2203.25,3.4,4.89,5.87,1.28,1.49,0.541
2203.5,3.47,4.49,6.24,1.19,1.43,0.585
2203.75,3.39,4.91,7.12,1.16,1.47,0.563
2204.0,3.22,4.62,6.93,1.13,1.48,0.394
2204.25,3.56,4.38,6.73,1.33,1.45,0.411
2204.5,3.58,4.36,6.19,1.33,1.41,0.38
2204.75,3.35,4.62,5.9,1.22,1.39,0.571
2205.0,3.69,5.15,6.92,1.48,1.45,0.663
2205.25,3.16,4.81,7.88,1.08,1.49,0.774
2205.5,3.42,5.18,5.85,1.2,1.56,0.354
2205.75,3.51,4.32,5.95,1.33,1.38,0.362
2206.0,3.35,4.07,6.08,1.25,1.3,0.408
2206.25,3.69,4.13,6.6,1.45,1.33,0.43
2206.5,3.08,4.7,7.02,0.975,1.42,0.622
2206.75,3.1,4.4,6.57,0.966,1.34,0.459
2207.0,3.29,4.27,6.15,1.21,1.33,0.518
2207.25,3.25,4.39,6.09,1.19,1.37,0.394
2207.5,3.56,4.13,6.92,1.42,1.27,0.498
2207.75,3.73,4.85,5.87,1.54,1.42,0.376
2208.0,3.04,4.36,5.96,1.05,1.44,0.453
2208.25,3.36,4.31,6.63,1.24,1.43,0.662
2208.5,3.1,3.96,6.98,1.0,1.37,0.655
2208.75,3.05,4.21,5.74,0.925,1.41,0.412
2209.0,3.36,4.32,5.9,1.07,1.39,0.353
2209.25,3.13,4.23,6.15,1.06,1.45,0.369
2209.5,3.1,4.4,6.31,1.07,1.48,0.356
2209.75,3.25,3.68,6.17,1.17,1.29,0.567
2210.0,3.02,3.77,5.91,1.03,1.31,0.58
2210.25,3.18,4.11,6.63,1.13,1.36,0.631
2210.5,3.17,4.43,6.68,1.07,1.47,0.448
2210.75,3.17,4.21,5.78,1.02,1.42,0.342
2211.0,3.02,4.37,5.82,0.921,1.43,0.345
2211.25,3.07,3.69,6.7,0.96,1.32,0.507
2211.5,3.03,3.52,5.98,0.994,1.27,0.422
2211.75,3.32,4.44,5.76,1.22,1.47,0.423
2212.0,3.23,4.0,6.12,1.16,1.35,0.418
2212.25,3.29,4.26,6.2,1.2,1.43,0.366
2212.5,3.18,3.64,5.87,0.724,1.29,0.346
2212.75,3.05,4.2,6.13,0.874,1.42,0.394
2213.0,3.23,4.39,5.75,1.11,1.47,0.528
2213.25,3.4,3.31,6.73,1.28,1.32,0.674
2213.5,3.22,3.87,5.95,1.13,1.39,0.47
2213.75,3.43,3.8,5.81,1.25,1.38,0.309
2214.0,3.0,3.84,6.76,0.996,1.41,0.462
2214.25,3.03,4.07,5.82,1.01,1.47,0.293
2214.5,3.16,4.19,6.22,0.943,1.52,0.53
2214.75,3.16,4.29,6.63,0.986,1.51,0.518
2215.0,3.21,4.46,7.22,1.1,1.42,0.414
2215.25,3.13,4.76,7.49,1.02,1.42,0.284
2215.5,2.99,5.7,7.27,0.813,1.62,0.258
2215.75,3.12,4.07,7.22,0.982,1.34,0.255
2216.0,3.29,4.47,6.43,1.13,1.44,0.403
2216.25,7.14,5.4,6.27,1.03,1.43,0.351
2216.5,13.3,5.25,7.11,1.13,1.46,0.389
2216.75,12.5,7.1,7.1,1.47,2.2,0.412
2217.0,13.1,7.7,9.02,2.25,3.49,1.15
2217.25,13.9,9.82,12.6,2.71,3.98,1.97
2217.5,14.5,8.09,14.4,2.8,3.69,2.12
2217.75,14.1,7.76,14.2,2.5,3.57,1.94
2218.0,14.2,8.47,14.6,2.49,3.64,2.01
2218.25,14.3,7.38,14.4,2.6,3.45,1.99
2218.5,14.3,8.2,15.0,2.67,3.56,1.94
2218.75,15.2,8.56,15.4,2.8,3.66,1.82
2219.0,14.4,7.02,14.3,2.61,3.37,1.72
2219.25,14.3,9.67,13.9,2.58,3.73,1.72
2219.5,14.4,7.5,15.3,2.74,3.28,2.0
2219.75,14.8,9.69,15.5,2.71,3.77,2.06
2220.0,13.3,8.5,12.7,2.08,3.28,1.7
2220.25,13.8,7.06,12.7,2.12,3.06,1.68
2220.5,13.6,8.19,13.1,2.57,3.21,1.68
2220.75,13.7,8.59,11.8,2.57,3.35,1.42
2221.0,13.4,8.1,11.1,2.28,3.21,1.15
2221.25,13.3,7.46,11.8,2.16,3.17,1.2
2221.5,13.5,7.04,13.2,2.2,3.11,1.67
2221.75,13.6,8.63,11.7,2.22,3.38,1.62
2222.0,13.7,9.04,11.7,2.28,3.42,1.61
2222.25,13.8,9.08,12.6,2.35,3.37,1.6
2222.5,13.8,8.21,12.7,2.45,3.35,1.47
2222.75,13.7,7.44,11.5,2.46,3.13,1.32
2223.0,13.9,8.72,11.6,2.33,3.46,1.34
2223.25,14.1,8.74,13.2,2.18,3.38,1.57
2223.5,13.6,8.44,13.6,2.2,3.27,1.52
2223.75,6.54,7.91,14.7,2.13,3.32,1.74
2224.0,6.85,9.05,13.4,2.17,3.29,1.55
2224.25,6.79,7.56,12.3,2.43,3.07,1.58
2224.5,6.72,8.82,13.4,2.51,3.28,2.02
2224.75,0.0,0.0,0.0,0.0,0.0,0.0
2225.0,6.36,7.7,11.9,2.18,3.32,1.47
2225.25,6.24,7.7,11.5,2.21,3.23,1.55
2225.5,6.18,7.06,11.7,2.26,2.43,1.57
2225.75,4.71,6.6,10.6,1.52,1.42,0.986
2226.0,4.3,5.69,11.1,1.41,1.23,0.84
2226.25,3.99,6.51,11.0,1.47,1.52,0.8
2226.5,0.0,0.0,0.0,0.0,0.0,0.0
2226.75,0.0,0.0,0.0,0.0,0.0,0.0
2227.0,0.0,0.0,0.0,0.0,0.0,0.0
2227.25,3.71,4.7,5.63,1.33,1.57,0.287
2227.5,3.64,3.96,6.71,1.3,1.42,0.381
2227.75,3.64,4.69,6.11,1.32,1.5,0.531
2228.0,3.67,4.93,5.76,1.3,1.57,0.506
2228.25,3.37,5.43,6.46,0.992,1.58,0.156
2228.5,3.46,3.71,6.01,1.16,1.33,0.141
2228.75,3.9,5.13,6.13,1.49,1.58,0.256
2229.0,3.46,4.73,6.22,1.25,1.5,0.469
2229.25,3.45,4.33,6.28,1.25,1.43,0.408
2229.5,3.49,4.33,6.3,1.26,1.35,0.325
2229.75,3.61,4.83,6.09,1.24,1.54,0.478
2230.0,3.91,4.41,6.44,1.49,1.42,0.389
2230.25,3.51,4.13,5.64,1.23,1.35,0.301
2230.5,3.2,3.82,6.09,1.06,1.25,0.378
2230.75,3.33,4.85,6.43,1.22,1.39,0.424
2231.0,3.14,3.93,6.11,1.06,1.41,0.597
2231.25,3.19,4.14,6.29,1.03,1.36,0.606
2231.5,2.96,3.22,5.73,0.927,1.2,0.524
2231.75,3.19,3.93,6.15,1.01,1.28,0.204
2232.0,3.25,3.85,6.06,1.15,1.2,0.143
2232.25,3.51,3.8,5.8,1.41,1.35,0.288
2232.5,3.07,3.54,6.61,1.01,1.15,0.546
2232.75,3.15,3.42,5.83,1.04,1.15,0.56
2233.0,2.98,4.0,6.21,0.895,1.2,0.472
2233.25,3.09,3.88,6.31,0.955,1.17,0.387
2233.5,3.33,3.15,5.76,1.19,1.16,0.328
2233.75,3.07,4.16,6.3,1.08,1.27,0.446
2234.0,3.43,3.32,5.71,1.35,1.24,0.175
2234.25,3.09,4.04,5.91,1.07,1.25,0.304
2234.5,3.22,3.68,5.44,1.05,1.17,0.452
2234.75,2.7,3.02,6.19,0.606,1.13,0.657
2235.0,3.05,3.63,5.21,1.04,1.17,0.42
2235.25,3.16,3.45,6.39,1.13,1.17,0.207
2235.5,3.32,3.88,5.06,1.25,1.16,0.0993
2235.75,3.06,3.45,5.52,1.07,1.15,0.408
2236.0,3.07,3.22,5.9,0.975,1.16,0.463
2236.25,3.02,3.47,5.24,0.859,1.15,0.397
2236.5,2.84,3.67,5.2,0.808,1.16,0.383
2236.75,3.53,3.67,5.34,1.4,1.13,0.427
2237.0,3.25,3.34,5.92,1.21,1.08,0.439
2237.25,2.95,3.18,4.92,0.998,0.927,0.137
2237.5,3.08,3.22,5.15,1.04,0.919,0.202
2237.75,2.78,3.34,5.23,0.695,0.92,0.491
2238.0,3.16,3.71,5.32,1.05,0.927,0.624
2238.25,2.94,2.99,5.65,0.951,0.983,0.38
2238.5,3.19,3.3,4.84,1.14,0.977,0.0867
2238.75,2.9,3.22,5.36,0.909,0.946,0.191
2239.0,3.0,3.57,5.38,0.892,0.935,0.222
2239.25,3.09,4.0,5.83,1.0,0.948,0.247
2239.5,3.08,3.64,6.27,1.23,2.12,1.23
2239.75,3.44,4.34,7.09,1.57,2.34,1.31
2240.0,3.38,4.07,6.99,1.56,2.26,1.34
2240.25,3.28,4.72,6.57,1.3,2.19,0.964
2240.5,4.42,5.25,7.19,1.4,2.17,0.906
2240.75,4.83,4.36,8.36,1.64,2.18,1.1
2241.0,3.72,5.52,10.2,1.46,2.31,1.72
2241.25,3.95,5.41,12.4,1.45,2.21,1.84
2241.5,4.34,5.49,11.9,1.5,1.93,1.86
2241.75,5.47,5.64,15.0,2.47,2.52,2.56
2242.0,4.27,5.36,10.9,1.94,2.55,1.61
2242.25,4.27,5.32,10.7,1.66,2.53,2.16
2242.5,5.14,6.14,12.2,2.44,3.02,2.33
2242.75,5.26,6.4,11.7,2.47,3.0,2.46
2243.0,4.66,5.95,12.1,2.02,3.0,2.62
2243.25,4.7,6.53,9.43,2.21,3.0,2.25
2243.5,4.24,6.14,10.0,1.96,2.71,1.8
2243.75,0.0,0.0,0.0,0.0,0.0,0.0
2244.0,4.98,6.1,9.65,2.63,3.05,2.16
2244.25,4.44,5.8,9.66,2.1,2.88,1.94
2244.5,5.59,5.79,8.99,2.05,2.59,1.84
2244.75,5.64,5.71,11.2,1.95,2.25,1.97
2245.0,5.7,5.44,12.3,1.6,2.56,2.14
2245.25,4.89,5.96,10.6,1.73,2.6,1.98
2245.5,6.32,6.03,11.0,2.46,2.63,1.57
2245.75,4.84,6.72,10.7,1.6,2.78,1.65
2246.0,5.74,6.49,12.9,2.5,3.28,2.48
2246.25,5.89,7.13,12.0,2.57,3.24,2.31
2246.5,5.78,7.06,11.6,2.44,3.22,2.41
2246.75,5.62,7.26,11.7,2.33,3.42,2.42
2247.0,5.83,7.06,12.1,2.24,3.44,2.47
2247.25,6.05,7.29,12.7,2.63,3.49,2.45
2247.5,5.83,7.53,10.6,2.58,3.53,2.06
2247.75,5.71,6.83,9.78,2.45,3.49,1.99
2248.0,5.59,6.38,10.3,2.25,3.45,2.33
2248.25,6.33,6.93,10.4,2.29,3.65,2.53
2248.5,5.82,7.09,10.7,2.42,3.68,2.6
2248.75,5.9,6.64,10.6,2.51,3.43,2.25
2249.0,5.53,6.8,9.92,2.26,3.5,1.99
2249.25,5.83,6.59,8.31,2.4,3.48,1.88
2249.5,5.57,6.09,8.16,1.93,3.13,1.64
2249.75,5.6,5.7,7.8,2.12,3.01,1.33
2250.0,5.38,5.44,6.87,2.02,2.98,1.04
2250.25,5.13,4.6,7.13,1.79,2.49,0.715
2250.5,3.89,4.32,5.8,1.24,1.31,0.203
2250.75,3.3,3.93,5.4,0.946,1.2,0.0735
2251.0,3.05,3.98,5.41,0.94,1.21,0.282
2251.25,3.25,3.89,5.65,1.03,1.16,0.438
2251.5,3.23,3.93,5.22,1.05,1.16,0.379
2251.75,3.63,3.91,5.19,1.34,1.13,0.065
2252.0,2.87,3.94,5.6,0.744,1.12,0.035
2252.25,3.07,3.84,5.3,0.885,1.08,0.223
2252.5,3.08,3.89,5.39,1.09,1.08,0.255
2252.75,2.84,3.31,5.06,0.866,1.17,0.372
2253.0,3.02,3.33,5.15,0.975,1.16,0.321
2253.25,2.91,3.36,5.37,0.932,1.2,0.539
2253.5,3.43,3.42,5.3,1.39,1.23,0.224
2253.75,2.94,3.39,4.55,1.01,1.21,0.119
2254.0,2.78,3.29,4.78,0.801,1.2,0.0973
2254.25,2.75,3.15,5.25,0.746,1.17,0.428
2254.5,3.17,3.39,5.66,1.06,1.19,0.71
2254.75,2.86,3.13,5.24,0.861,1.14,0.383
2255.0,2.87,3.2,4.96,0.89,1.14,0.163
2255.25,2.88,3.13,5.11,0.896,1.12,0.29
2255.5,2.86,3.1,4.77,0.871,1.18,0.328
2255.75,2.96,3.08,5.03,1.03,1.16,0.216
2256.0,3.3,3.12,5.06,1.25,1.19,0.34
2256.25,2.82,3.16,5.09,0.805,1.19,0.51
2256.5,2.79,3.25,5.03,0.755,1.19,0.338
2256.75,2.76,3.44,4.61,0.716,1.18,0.119
2257.0,2.86,3.22,5.31,0.863,1.17,0.14
2257.25,3.01,3.13,5.04,1.08,1.16,0.332
2257.5,3.04,3.19,5.05,1.12,1.16,0.586
2257.75,2.84,3.14,4.94,0.828,1.14,0.358
2258.0,2.69,3.2,5.0,0.607,1.14,0.135
2258.25,2.71,2.9,4.8,0.641,1.12,0.334
2258.5,2.95,3.07,4.91,0.988,1.13,0.325
2258.75,2.94,3.23,4.72,0.999,1.15,0.16
2259.0,2.94,2.99,5.25,1.0,1.13,0.354
2259.25,2.98,3.06,5.13,1.01,1.11,0.551
2259.5,2.83,3.24,4.86,0.783,1.15,0.337
2259.75,2.68,3.15,4.89,0.594,1.13,0.0989
2260.0,2.92,3.13,4.8,0.939,1.12,0.113
2260.25,2.95,2.98,5.04,1.0,1.11,0.482
2260.5,2.95,3.1,4.99,1.0,1.11,0.528
2260.75,2.92,3.02,5.03,0.954,1.11,0.324
2261.0,2.67,3.04,5.0,0.568,1.11,0.352
2261.25,2.77,3.14,4.87,0.696,1.12,0.353
2261.5,2.99,2.94,4.69,1.01,1.12,0.365
2261.75,2.95,3.05,5.08,0.996,1.12,0.484
2262.0,2.94,3.21,5.04,0.99,1.12,0.579
2262.25,2.94,3.08,5.09,0.986,1.15,0.279
2262.5,2.67,3.15,4.53,0.547,1.14,0.124
2262.75,2.7,3.22,4.99,0.611,1.12,0.283
2263.0,2.9,3.25,4.86,0.863,1.09,0.328
2263.25,3.04,3.45,5.12,1.08,1.12,0.296
2263.5,3.0,3.1,4.98,1.02,1.08,0.308
2263.75,2.76,3.44,5.44,0.701,1.12,0.393
2264.0,2.78,3.12,4.8,0.733,1.13,0.3
2264.25,2.83,3.04,4.61,0.777,1.12,0.192
2264.5,2.85,3.29,4.77,0.799,1.13,0.0537
2264.75,2.92,3.46,5.34,0.943,1.23,0.292
2265.0,2.77,3.37,5.23,0.703,1.13,0.519
2265.25,3.18,3.76,4.9,1.21,1.11,0.362
2265.5,4.15,6.66,5.43,1.92,1.83,0.512
2265.75,4.63,6.99,5.51,1.64,1.87,0.502
2266.0,4.07,6.87,5.49,1.6,1.84,0.724
2266.25,4.82,7.39,6.25,2.19,1.88,0.883
2266.5,4.26,7.41,6.34,1.74,1.89,0.716
2266.75,4.47,7.42,5.86,1.74,1.89,0.532
2267.0,5.22,7.36,5.95,2.44,1.88,0.521
2267.25,5.52,7.29,6.11,2.32,1.88,0.648
2267.5,5.04,7.19,6.39,2.25,1.88,0.627
2267.75,4.67,7.43,5.61,1.99,1.89,0.668
2268.0,5.07,7.47,5.94,1.89,1.88,0.609
2268.25,5.25,7.42,6.17,2.06,1.9,0.619
2268.5,3.91,7.12,6.53,1.62,1.87,0.609
2268.75,4.3,7.48,6.67,1.8,1.85,0.467
2269.0,4.44,7.53,6.14,1.75,1.86,0.594
2269.25,4.44,7.3,6.09,1.96,1.82,0.85
2269.5,4.58,7.6,5.88,2.09,1.85,0.803
2269.75,4.13,7.62,5.77,1.53,1.86,0.427
2270.0,4.24,7.44,6.1,1.75,1.86,0.401
2270.25,4.24,8.1,6.68,1.77,2.02,0.65
2270.5,4.35,7.88,6.52,1.79,1.94,0.917
2270.75,4.29,7.58,6.2,1.65,1.93,0.711
2271.0,3.63,4.4,5.71,0.981,1.01,-0.063
2271.25,3.26,3.98,5.65,1.11,1.1,-0.011
2271.5,3.02,3.91,5.6,1.09,1.25,0.255
2271.75,3.13,3.94,5.84,1.08,1.25,0.274
2272.0,3.1,3.83,5.09,0.97,1.18,0.298
2272.25,3.24,4.22,5.93,0.997,1.31,0.479
2272.5,2.91,3.86,5.04,0.782,1.31,0.294
2272.75,3.32,3.84,5.3,1.16,1.33,0.143
2273.0,3.26,3.44,5.51,1.13,1.24,-0.0014
2273.25,3.26,3.56,5.27,1.18,1.32,0.265
2273.5,3.4,3.64,5.36,1.15,1.36,0.49
2273.75,3.3,3.22,5.93,1.06,1.28,0.431
2274.0,3.29,3.56,5.07,1.1,1.31,0.0276
2274.25,2.9,3.56,5.11,0.916,1.35,0.0311
2274.5,3.46,3.18,5.96,1.21,1.34,0.259
2274.75,3.38,3.02,5.01,1.2,1.31,0.373
2275.0,2.84,3.22,5.3,0.852,1.42,0.273
2275.25,2.8,3.25,5.39,0.784,1.33,0.149
2275.5,3.03,3.54,5.08,0.872,1.3,0.21
2275.75,2.84,3.25,5.46,0.844,1.24,0.25
2276.0,3.27,3.22,5.31,1.19,1.19,0.0615
2276.25,2.93,3.11,5.11,0.984,1.18,0.307
2276.5,2.98,3.11,5.3,0.963,1.18,0.518
2276.75,3.16,3.29,5.06,1.03,1.17,0.297
2277.0,2.71,3.16,5.39,0.658,1.16,0.132
2277.25,3.11,3.18,5.15,1.01,1.14,0.078
2277.5,2.99,3.13,5.37,1.05,1.14,0.461
2277.75,3.0,3.19,5.19,1.08,1.13,0.562
2278.0,3.18,3.16,5.5,1.17,1.12,0.21
2278.25,2.83,3.29,5.13,0.819,1.11,0.157
2278.5,3.03,3.17,5.16,0.908,1.07,0.357
2278.75,2.77,3.18,5.26,0.724,1.07,0.329
2279.0,3.3,3.28,5.78,1.22,1.18,0.639
2279.25,2.93,2.94,5.1,0.996,1.14,0.561
2279.5,3.29,3.15,5.01,1.29,1.12,0.261
2279.75,2.78,3.19,5.22,0.734,1.18,0.0544
2280.0,2.65,3.11,4.91,0.573,1.2,0.0893
2280.25,3.16,3.25,5.48,1.05,1.22,0.425
2280.5,2.94,3.08,5.18,0.974,1.22,0.5
2280.75,2.94,2.97,5.24,0.97,1.22,0.286
2281.0,3.41,3.08,5.14,1.16,1.23,0.106
2281.25,2.93,3.25,5.44,0.734,1.24,0.179
2281.5,2.95,3.29,5.34,0.944,1.22,0.282
2281.75,3.32,3.22,5.05,1.19,1.23,0.187
2282.0,2.94,3.04,5.11,0.974,1.21,0.305
2282.25,2.92,3.44,5.27,0.978,1.22,0.318
2282.5,2.93,3.18,5.54,0.976,1.2,0.335
2282.75,3.17,3.25,5.71,1.1,1.19,0.275
2283.0,2.82,3.02,4.74,0.788,1.17,0.0857
2283.25,2.69,2.99,4.86,0.603,1.17,0.28
2283.5,2.88,3.21,5.34,0.868,1.19,0.544
2283.75,3.03,3.28,5.52,1.09,1.26,0.419
2284.0,2.93,3.15,5.1,0.98,1.17,0.0609
2284.25,2.91,3.11,4.95,0.952,1.17,0.091
2284.5,3.17,3.25,4.96,1.06,1.18,0.309
2284.75,2.78,3.03,5.42,0.714,1.16,0.538
2285.0,2.7,3.26,4.83,0.634,1.17,0.377
2285.25,2.88,3.33,5.01,0.894,1.18,0.15
2285.5,3.02,3.13,5.19,1.08,1.16,0.152
2285.75,3.03,3.08,4.97,1.11,1.15,0.324
2286.0,2.81,3.08,5.03,0.779,1.17,0.301
2286.25,2.65,3.11,5.09,0.553,1.16,0.322
2286.5,2.77,3.35,4.87,0.714,1.17,0.274
2286.75,2.95,3.15,4.87,0.97,1.14,0.305
2287.0,2.94,3.38,4.79,0.969,1.09,0.231
2287.25,2.86,3.14,5.08,0.863,1.1,0.0253
2287.5,2.75,3.42,5.39,0.665,1.11,0.269
2287.75,2.91,3.34,5.04,0.825,1.11,0.54
2288.0,2.88,3.28,5.63,0.854,1.11,0.316
2288.25,2.95,3.2,4.89,0.958,1.12,0.0333
2288.5,2.82,3.35,4.75,0.783,1.13,0.0437
2288.75,2.76,3.45,5.26,0.703,1.12,0.22
2289.0,2.92,3.39,5.89,0.862,1.14,0.594
2289.25,3.11,3.28,5.21,0.991,1.13,0.213
2289.5,3.33,3.36,5.18,1.18,1.13,0.0183
2289.75,3.01,3.58,5.16,0.965,1.15,0.125
2290.0,3.39,3.35,5.51,1.14,1.16,0.318
2290.25,3.12,3.45,5.68,1.09,1.15,0.333
2290.5,3.54,3.28,5.9,1.31,1.16,0.313
2290.75,3.34,3.23,5.45,1.13,1.16,0.276
2291.0,3.57,3.32,5.81,1.26,1.17,0.259
2291.25,3.01,3.29,5.14,0.83,1.17,0.119
2291.5,3.51,3.58,5.41,1.27,1.18,0.0323
2291.75,3.42,3.51,5.67,1.32,1.21,0.348
2292.0,3.45,3.65,5.56,1.33,1.2,0.535
2292.25,3.99,3.74,5.6,1.52,1.26,0.137
2292.5,3.36,3.92,4.9,1.12,1.3,0.045
2292.75,3.33,3.67,5.91,1.09,1.23,0.163
2293.0,3.09,3.44,5.63,0.922,1.19,0.389
2293.25,3.36,3.91,5.79,1.16,1.26,0.45
2293.5,3.5,3.81,5.42,1.34,1.26,0.231
2293.75,3.01,3.92,5.91,1.04,1.29,0.097
2294.0,3.78,3.49,4.91,1.43,1.2,0.274
2294.25,2.89,3.98,5.26,0.685,1.34,0.151
2294.5,3.14,3.94,5.62,0.967,1.29,0.205
2294.75,3.48,3.74,5.84,1.29,1.27,0.376
2295.0,3.15,4.0,5.51,1.08,1.26,0.418
2295.25,3.18,4.6,5.7,1.13,1.47,0.112
2295.5,3.57,4.01,5.91,1.25,1.28,0.0731
2295.75,3.05,3.9,5.53,0.856,1.25,0.257
2296.0,3.42,4.82,5.81,1.1,1.51,0.471
2296.25,3.46,4.32,5.47,1.26,1.4,0.477
2296.5,3.27,4.12,5.7,1.13,1.42,0.322
2296.75,3.02,4.17,5.63,0.967,1.38,0.205
2297.0,3.46,3.68,5.32,1.01,1.31,0.02
2297.25,3.2,3.45,5.49,0.933,1.36,0.18
2297.5,2.93,3.57,5.67,0.85,1.35,0.312
2297.75,3.38,3.42,5.82,1.28,1.22,0.472
2298.0,3.44,3.96,5.59,1.32,1.34,0.149
2298.25,3.16,4.01,5.89,1.09,1.33,0.0768
2298.5,3.08,3.94,5.18,0.939,1.35,0.0785
2298.75,2.78,4.27,5.53,0.61,1.43,0.479
2299.0,2.82,3.01,5.73,0.719,1.28,0.432
2299.25,3.11,3.27,5.35,1.05,1.28,0.179
2299.5,3.16,3.5,5.61,1.09,1.34,0.0972
2299.75,3.26,3.1,5.8,1.2,1.22,0.255
2300.0,3.29,3.24,5.69,1.18,1.2,0.38
2300.25,2.66,3.91,5.01,0.58,1.37,0.317
2300.5,2.97,3.14,5.66,0.812,1.2,0.426
2300.75,3.24,3.66,5.03,1.17,1.27,0.218
2301.0,3.06,3.6,5.48,1.07,1.2,0.28
2301.25,3.02,3.3,5.16,0.966,1.18,0.147
2301.5,3.23,3.48,5.91,1.05,1.22,0.307
2301.75,2.86,3.38,5.55,0.832,1.13,0.492
2302.0,3.55,3.32,5.33,1.39,1.15,0.551
2302.25,3.16,3.11,5.29,1.12,1.1,0.244
2302.5,2.8,3.12,5.19,0.8,1.09,0.0686
2302.75,3.37,3.4,5.08,1.17,1.14,0.0923
2303.0,2.94,3.24,6.02,0.997,1.17,0.613
2303.25,2.98,3.14,5.68,0.963,1.16,0.514
2303.5,2.95,3.37,5.3,0.879,1.2,0.219
2303.75,2.77,3.31,5.04,0.706,1.15,0.0824
2304.0,2.96,3.38,5.13,0.922,1.16,0.261
2304.25,3.01,3.33,5.53,1.08,1.15,0.45
2304.5,3.59,3.43,5.21,1.46,1.16,0.379
2304.75,2.94,3.06,5.16,0.986,1.12,0.333
2305.0,3.19,3.1,5.17,0.959,1.13,0.158
2305.25,2.8,2.99,5.43,0.635,1.11,0.317
2305.5,3.05,3.19,5.79,1.04,1.13,0.258
2305.75,3.24,3.12,5.22,1.19,1.12,0.34
2306.0,3.39,3.4,5.52,1.36,1.13,0.333
2306.25,3.03,3.4,5.25,1.12,1.15,0.465
2306.5,2.64,3.01,5.44,0.538,1.12,0.137
2306.75,2.72,3.53,4.63,0.612,1.12,0.11
2307.0,3.35,3.26,5.22,1.22,1.1,0.145
2307.25,2.96,3.08,5.68,1.0,1.08,0.682
2307.5,3.17,3.49,5.44,1.16,1.11,0.586
2307.75,2.78,3.35,5.0,0.753,1.09,0.105
2308.0,3.2,3.16,5.11,1.05,1.08,0.0847
2308.25,2.93,3.44,5.41,0.94,1.12,0.291
2308.5,3.17,3.18,5.39,1.07,1.1,0.469
2308.75,2.95,3.66,5.23,0.969,1.12,0.337
2309.0,2.76,3.06,5.56,0.727,1.11,0.369
2309.25,2.88,3.3,5.14,0.84,1.12,0.223
2309.5,2.92,3.48,5.08,0.941,1.15,0.341
2309.75,2.92,3.38,5.43,0.855,1.17,0.205
2310.0,3.06,3.22,5.48,0.981,1.17,0.309
2310.25,2.82,3.16,5.17,0.771,1.19,0.429
2310.5,3.12,3.17,5.31,1.04,1.21,0.461
2310.75,2.95,3.35,5.46,0.944,1.21,0.004
2311.0,3.21,4.05,5.31,1.14,1.32,0.0333
2311.25,2.69,3.56,5.69,0.602,1.16,0.132
2311.5,2.85,4.03,5.71,0.667,1.26,0.412
2311.75,2.84,3.53,5.82,0.773,1.19,0.255
2312.0,3.16,3.81,6.34,1.12,1.21,0.00176
2312.25,3.05,3.99,5.73,1.05,1.08,0.0285
2312.5,3.88,4.4,5.83,1.01,1.27,0.227
2312.75,2.96,4.21,9.02,0.874,1.24,0.792
2313.0,3.74,5.12,11.3,1.48,1.54,1.48
2313.25,3.36,5.2,10.9,1.09,1.43,1.56
2313.5,3.19,5.26,10.9,1.11,1.56,1.35
2313.75,3.07,5.8,10.8,0.97,1.75,1.31
2314.0,3.53,5.44,10.4,1.24,1.65,1.27
2314.25,3.34,5.07,11.0,1.21,1.5,1.4
2314.5,3.29,5.51,7.43,1.24,1.9,1.19
2314.75,3.19,5.01,6.33,1.28,2.09,1.32
2315.0,3.31,4.76,7.07,1.42,2.06,1.25
2315.25,3.96,5.15,6.93,1.76,2.16,1.33
2315.5,3.62,5.1,6.33,1.44,1.86,0.864
2315.75,3.27,5.22,6.91,1.18,1.46,0.802
2316.0,3.19,5.16,6.64,1.07,1.52,0.948
2316.25,3.03,4.91,6.17,0.984,1.41,0.899
2316.5,3.17,4.72,7.2,1.06,1.37,0.899
2316.75,3.05,5.05,6.06,1.14,1.51,0.63
2317.0,3.09,4.35,7.11,1.25,1.27,0.77
2317.25,3.28,5.04,7.32,1.01,1.44,1.13
2317.5,3.68,5.14,7.33,0.831,1.51,1.16
2317.75,3.87,4.79,7.55,1.05,1.47,0.819
2318.0,4.0,5.17,7.4,1.31,1.7,0.835
2318.25,4.17,5.01,7.27,1.74,1.97,1.14
2318.5,4.07,4.63,7.71,1.65,1.92,1.32
2318.75,4.06,5.29,7.43,1.62,2.0,1.36
2319.0,4.14,5.02,7.36,1.5,1.93,1.42
2319.25,4.1,5.56,8.72,1.46,2.03,1.51
2319.5,4.07,5.26,7.02,1.43,2.03,1.51
2319.75,3.68,4.13,6.67,1.47,1.92,1.17
2320.0,4.0,5.43,7.72,1.49,2.26,1.4
2320.25,3.33,4.99,7.35,1.6,2.01,1.39
2320.5,3.37,5.2,7.79,1.7,1.97,1.64
2320.75,3.47,4.69,6.83,1.51,1.92,1.54
2321.0,3.57,4.87,7.26,1.35,1.98,1.42
2321.25,3.55,5.13,8.07,1.73,2.31,1.75
2321.5,3.79,5.23,7.35,2.08,2.4,1.96
2321.75,3.77,5.28,7.7,1.82,2.3,1.64
2322.0,3.47,5.87,6.19,1.43,1.74,0.669
2322.25,3.39,7.39,5.51,1.2,2.07,0.4
2322.5,3.22,7.15,5.57,1.01,2.02,0.599
2322.75,3.12,5.42,5.86,1.17,1.66,0.605
2323.0,3.09,5.05,5.5,1.13,1.51,0.424
2323.25,2.86,3.38,6.49,0.97,1.28,0.377
2323.5,2.67,3.84,5.49,0.725,1.29,0.42
2323.75,2.63,2.81,5.35,0.635,1.25,0.2
2324.0,2.81,3.28,4.82,0.9,1.21,-0.0054
2324.25,2.85,3.37,5.21,0.962,1.22,-0.021
2324.5,2.89,3.1,4.99,1.02,1.27,0.344
2324.75,2.68,3.22,5.11,0.744,1.26,0.345
2325.0,2.7,3.52,5.46,0.789,1.26,0.227
2325.25,2.82,3.26,5.17,0.933,1.24,0.201
2325.5,2.74,3.1,5.81,0.793,1.21,0.351
2325.75,2.73,3.43,4.65,0.787,1.21,0.116
2326.0,2.71,3.68,5.22,0.761,1.43,0.0115
2326.25,2.87,3.24,5.06,0.992,1.16,0.231
2326.5,2.92,3.21,4.9,1.08,1.13,0.473
2326.75,2.87,3.17,4.98,1.01,1.11,0.396
2327.0,2.76,3.26,5.04,0.832,1.12,0.141
2327.25,2.7,3.29,5.05,0.748,1.12,0.000588
2327.5,2.65,3.11,5.37,0.665,1.08,0.313
2327.75,2.82,3.61,5.06,0.915,1.24,0.295
2328.0,2.89,3.08,5.36,1.04,1.08,0.23
2328.25,2.97,3.07,4.91,1.14,1.08,0.255
2328.5,2.84,3.09,5.17,0.932,1.08,0.456
2328.75,2.6,3.52,5.34,0.573,1.2,0.302
2329.0,2.66,3.49,5.15,0.666,1.09,0.156
2329.25,2.88,3.35,5.39,0.986,1.19,0.0821
2329.5,2.86,3.75,5.4,0.991,1.33,0.28
2329.75,2.79,3.26,5.11,0.876,1.18,0.4
2330.0,2.67,3.12,5.2,0.723,1.17,0.235
2330.25,2.75,3.25,5.34,0.781,1.16,0.216
2330.5,2.86,4.07,4.99,0.974,1.36,0.233
2330.75,2.87,3.36,4.64,1.0,1.16,0.103
2331.0,2.74,3.31,5.47,0.813,1.16,-0.0021
2331.25,2.68,3.45,5.17,0.735,1.23,0.418
2331.5,2.79,3.07,5.5,0.888,1.13,0.463
2331.75,2.78,3.52,5.5,0.847,1.16,0.472
2332.0,2.77,3.39,5.16,0.847,1.15,0.481
2332.25,2.75,3.67,5.34,0.808,1.33,0.194
2332.5,2.79,3.28,5.15,0.868,1.14,0.0004
2332.75,2.87,3.16,4.98,1.0,1.14,0.0644
2333.0,2.87,3.33,5.64,1.0,1.23,0.351
2333.25,2.83,3.27,5.21,0.944,1.17,0.505
2333.5,2.75,3.12,5.7,0.812,1.14,0.348
2333.75,2.61,3.22,5.31,0.608,1.16,0.138
2334.0,2.68,3.49,4.95,0.709,1.24,0.12
2334.25,2.87,3.14,5.38,0.978,1.22,0.201
2334.5,2.94,3.16,4.85,1.08,1.25,0.0156
2334.75,2.87,4.18,5.66,0.95,1.4,0.125
2335.0,2.59,3.42,5.46,0.539,1.3,0.17
2335.25,2.74,3.48,6.16,0.668,1.27,0.348
2335.5,2.76,3.08,3.99,0.755,1.25,0.05
2335.75,2.89,3.61,6.31,0.95,1.14,-0.13
2336.0,2.72,3.94,4.63,0.722,1.15,0.007
2336.25,2.69,4.35,5.69,0.7,1.15,0.09
2336.5,7.02,4.48,8.12,1.26,1.42,1.0
2336.75,11.0,5.69,10.8,1.6,1.88,1.82
2337.0,11.4,6.71,12.2,1.91,2.43,2.1
2337.25,11.2,7.63,12.1,1.87,2.53,2.11
2337.5,11.4,8.41,11.8,1.84,2.68,2.03
2337.75,11.6,9.07,11.9,2.08,2.8,1.97
2338.0,11.5,8.47,12.2,2.07,2.64,2.18
2338.25,11.9,9.14,11.8,2.36,3.86,2.72
2338.5,11.7,9.76,12.2,2.57,4.19,2.85
2338.75,11.7,9.05,12.1,2.58,4.0,2.71
2339.0,11.5,10.0,11.9,2.42,4.22,2.42
2339.25,11.5,9.38,11.9,2.31,4.14,2.46
2339.5,11.6,10.0,12.5,2.42,4.22,2.7
2339.75,11.8,9.36,12.9,2.45,4.01,2.8
2340.0,11.9,10.3,13.0,2.56,4.28,2.84
2340.25,11.4,9.28,12.1,2.39,4.01,2.7
2340.5,11.7,10.5,14.1,2.61,4.28,2.92
2340.75,11.6,9.32,14.7,2.66,4.05,2.81
2341.0,11.6,10.1,14.4,2.58,4.18,2.46
2341.25,12.1,9.46,14.3,2.52,4.06,2.47
2341.5,15.0,10.2,16.3,3.13,4.13,2.89
2341.75,14.5,10.9,15.0,3.07,4.24,2.84
2342.0,14.4,9.64,14.7,2.98,4.02,2.66
2342.25,14.7,10.6,14.5,3.15,4.17,2.64
2342.5,14.6,11.2,14.3,3.3,4.28,2.74
2342.75,14.6,9.19,14.4,3.25,3.73,2.72
2343.0,14.6,11.0,14.1,3.24,4.2,2.44
2343.25,14.7,10.3,14.4,3.27,3.79,2.45
2343.5,14.8,9.38,14.8,3.22,3.93,2.62
2343.75,15.0,9.66,14.8,3.19,4.08,2.78
2344.0,14.3,10.8,14.4,2.88,4.3,2.65
2344.25,14.3,11.1,14.5,2.97,4.35,2.64
2344.5,14.5,9.09,14.9,3.33,3.98,2.88
2344.75,14.4,9.44,13.1,3.1,3.95,2.34
2345.0,9.74,8.54,12.0,2.87,3.56,1.87
2345.25,6.04,6.78,11.8,1.98,2.68,1.37
2345.5,5.98,5.47,11.5,1.58,1.62,1.28
2345.75,5.02,5.91,10.3,1.24,1.3,0.679
2346.0,3.35,4.77,10.2,0.949,1.17,0.513
2346.25,3.09,5.17,10.6,1.0,1.3,0.785
2346.5,2.97,4.17,5.49,1.02,1.32,0.248
2346.75,2.88,4.32,5.3,0.922,1.43,-0.012
2347.0,2.86,3.74,5.44,0.926,1.39,-0.0059
2347.25,2.86,4.4,6.17,0.929,1.65,0.139
2347.5,2.74,3.66,5.49,0.76,1.36,0.338
2347.75,2.74,3.97,5.86,0.763,1.47,0.214
2348.0,2.84,3.54,5.42,0.896,1.31,0.208
2348.25,2.97,3.97,5.69,1.08,1.6,0.331
2348.5,2.96,3.56,5.84,1.08,1.33,0.218
2348.75,2.87,3.3,5.53,0.969,1.26,-0.029
2349.0,2.85,4.13,6.1,0.927,1.45,0.152
2349.25,2.76,3.34,5.81,0.787,1.28,0.368
2349.5,2.78,3.56,5.57,0.814,1.33,0.433
2349.75,2.86,3.24,6.09,0.924,1.21,0.488
2350.0,2.9,2.99,5.53,0.981,1.22,0.391
2350.25,2.98,4.13,5.59,1.1,1.38,0.055
2350.5,2.97,3.27,5.72,1.11,1.21,0.02
2350.75,2.77,4.17,5.34,0.832,1.35,0.0762
2351.0,2.6,3.22,5.48,0.561,1.17,0.331
2351.25,2.72,3.84,6.02,0.743,1.31,0.413
2351.5,2.9,3.37,5.38,0.997,1.14,0.336
2351.75,2.9,3.38,5.4,1.01,1.16,0.218
2352.0,2.91,3.41,5.49,1.02,1.13,0.287
2352.25,2.95,3.79,5.34,0.986,1.2,0.113
2352.5,2.99,3.36,5.5,0.827,1.08,0.124
2352.75,2.86,3.3,5.71,0.912,1.09,0.245
2353.0,2.85,3.66,5.26,0.893,1.18,0.518
2353.25,2.91,3.12,5.44,1.0,1.13,0.351
2353.5,2.9,3.75,5.58,1.0,1.23,0.0963
2353.75,2.9,3.22,5.94,1.01,1.14,0.148
2354.0,2.9,3.52,5.19,0.996,1.21,0.262
2354.25,2.84,3.75,5.69,0.878,1.22,0.281
2354.5,2.91,3.0,5.3,0.986,1.12,0.291
2354.75,2.88,3.63,5.13,0.955,1.23,0.251
2355.0,2.9,3.28,5.79,0.994,1.17,0.454
2355.25,2.89,3.03,5.33,0.995,1.16,0.277
2355.5,2.71,3.7,5.25,0.739,1.28,0.00765
2355.75,2.69,3.47,4.97,0.703,1.17,0.02
2356.0,2.79,4.1,5.87,0.807,1.38,0.47
2356.25,2.85,3.31,5.5,0.893,1.16,0.534
2356.5,2.87,3.08,5.34,0.934,1.16,0.202
2356.75,2.74,3.57,5.14,0.774,1.26,0.00357
2357.0,2.87,3.18,5.9,0.941,1.19,0.238
2357.25,2.88,3.48,4.96,0.979,1.18,0.256
2357.5,2.77,3.54,5.19,0.789,1.25,0.202
2357.75,2.72,3.25,5.58,0.712,1.23,0.265
2358.0,2.64,3.22,5.44,0.595,1.21,0.412
2358.25,2.84,3.57,5.44,0.893,1.34,0.285
2358.5,3.0,3.31,4.92,1.07,1.25,0.012
2358.75,2.92,3.44,6.37,1.01,1.25,0.00111
2359.0,2.83,4.06,5.41,0.879,1.29,0.0159
2359.25,2.58,3.62,5.83,0.511,1.16,0.323
2359.5,2.75,4.5,5.74,0.75,1.37,0.155
2359.75,2.92,4.01,6.1,0.941,1.18,0.093
2360.0,2.88,4.5,5.67,0.932,1.32,-0.038
2360.25,3.04,3.98,6.51,0.945,1.14,0.129
2360.5,4.07,4.42,8.44,1.4,1.52,1.21
2360.75,4.89,5.68,6.47,1.13,1.86,0.523
2361.0,5.63,5.33,9.04,1.82,2.58,1.3
2361.25,6.55,6.0,12.2,2.17,2.8,2.04
2361.5,12.7,6.58,11.0,2.02,2.89,1.68
2361.75,13.3,5.85,10.8,2.01,2.2,1.63
2362.0,13.0,6.86,9.94,1.92,2.92,1.34
2362.25,14.1,6.23,11.9,2.29,2.76,1.48
2362.5,13.3,6.64,12.2,2.28,2.97,1.9
2362.75,13.5,6.83,13.0,2.56,3.24,2.36
2363.0,13.6,7.15,13.6,2.54,3.34,2.18
2363.25,13.8,6.69,13.2,2.62,3.21,1.96
2363.5,13.5,7.42,12.5,2.61,3.48,2.08
2363.75,13.8,7.23,12.2,2.88,3.5,2.16
2364.0,13.3,7.88,11.9,2.89,3.49,1.93
2364.25,12.9,7.04,11.3,2.7,3.36,1.65
2364.5,13.1,8.34,11.3,2.76,3.52,1.65
2364.75,13.8,7.33,11.3,3.01,3.49,1.96
2365.0,14.2,8.01,12.4,3.06,3.61,2.14
2365.25,13.4,7.61,14.4,2.81,3.41,2.12
2365.5,7.15,7.7,13.8,2.73,3.43,2.03
2365.75,0.0,0.0,0.0,0.0,0.0,0.0
2366.0,7.51,7.34,14.6,3.14,3.37,2.28
2366.25,6.51,8.88,14.3,2.75,3.88,2.07
2366.5,6.25,8.8,14.3,2.69,3.66,2.05
2366.75,6.68,7.86,14.0,2.91,3.49,2.14
2367.0,6.49,7.6,14.2,2.52,3.39,1.87
2367.25,7.01,6.61,13.3,3.11,3.27,1.79
2367.5,7.06,7.81,15.2,2.71,3.47,2.12
2367.75,6.38,7.07,14.8,2.78,3.38,2.27
2368.0,6.1,7.65,15.2,2.65,3.26,2.18
2368.25,6.46,7.67,15.0,2.85,3.29,2.02
2368.5,6.28,6.98,14.1,2.73,3.23,1.8
2368.75,5.91,7.14,14.1,2.62,3.31,1.8
2369.0,6.32,7.49,14.5,2.56,3.38,1.98
2369.25,5.59,5.79,12.9,1.83,2.07,1.7
2369.5,5.28,5.99,11.3,1.78,1.62,1.01
2369.75,4.0,4.55,10.7,1.41,1.21,0.542
2370.0,3.79,5.47,9.9,1.34,1.32,0.534
2370.25,3.39,4.61,9.79,1.09,1.2,0.565
2370.5,3.47,5.65,9.52,1.22,1.34,0.398
2370.75,3.8,4.76,10.0,1.34,1.22,0.399
2371.0,3.56,4.24,9.73,1.18,1.23,0.528
2371.25,3.5,4.94,9.82,1.18,1.28,0.87
2371.5,3.44,4.46,9.58,1.27,1.19,0.624
2371.75,3.24,4.94,6.82,1.12,1.26,0.282
2372.0,3.07,4.36,5.02,0.957,1.21,0.0111
2372.25,2.73,3.48,4.97,0.734,1.27,0.118
2372.5,2.86,3.77,4.1,0.91,1.31,-0.011
2372.75,3.02,3.35,4.1,1.15,1.22,-0.089
2373.0,2.98,3.58,5.07,1.09,1.21,0.285
2373.25,2.88,3.36,4.69,0.957,1.3,0.415
2373.5,2.82,3.14,4.27,0.851,1.22,0.189
2373.75,2.78,3.19,4.51,0.801,1.17,-0.1
2374.0,2.76,3.2,4.17,0.795,1.19,-0.028
2374.25,2.92,3.8,5.46,1.01,1.16,0.236
2374.5,3.01,3.27,4.53,1.14,1.22,-0.061
2374.75,2.96,3.54,4.32,1.04,1.14,0.137
2375.0,2.92,3.05,5.01,0.958,1.17,0.247
2375.25,2.84,3.5,4.78,0.894,1.23,0.353
2375.5,2.77,3.5,4.69,0.791,1.15,0.0231
2375.75,2.92,3.1,4.43,1.0,1.17,-0.099
2376.0,2.93,3.46,4.92,1.01,1.12,0.0206
2376.25,2.84,3.15,4.65,0.858,1.21,0.11
2376.5,2.72,3.35,5.16,0.685,1.13,0.327
2376.75,2.85,3.56,4.27,0.865,1.23,0.161
2377.0,3.0,3.17,4.29,1.1,1.2,0.137
2377.25,2.96,3.27,4.64,1.04,1.13,0.106
2377.5,2.95,3.49,4.57,1.04,1.24,0.0633
2377.75,2.94,3.4,4.39,1.02,1.13,-0.087
2378.0,2.68,3.55,4.86,0.615,1.25,0.11
2378.25,2.72,3.11,4.58,0.687,1.15,0.373
2378.5,2.96,3.61,4.25,1.01,1.23,0.203
2378.75,3.06,3.07,4.8,1.17,1.15,0.0436
2379.0,3.0,3.65,4.66,1.09,1.12,-0.057
2379.25,2.76,3.99,4.4,0.783,1.34,0.133
2379.5,2.86,2.83,4.02,0.909,1.15,0.127
2379.75,2.87,3.41,4.48,0.915,1.12,0.153
2380.0,2.86,3.54,5.39,0.868,1.23,0.29
2380.25,2.82,3.67,4.36,0.825,1.13,0.258
2380.5,2.81,3.17,4.32,0.832,1.17,0.03
2380.75,3.01,3.52,4.13,1.13,1.26,-0.08
2381.0,3.05,3.41,5.05,1.17,1.11,-0.0056
2381.25,2.95,3.54,4.91,1.06,1.22,0.443
2381.5,2.89,3.71,4.27,0.961,1.12,0.276
2381.75,2.84,2.96,4.09,0.861,1.14,-0.00048
2382.0,2.72,3.39,5.01,0.695,1.16,-0.042
2382.25,2.76,3.39,3.96,0.781,1.33,0.146
2382.5,2.87,3.35,5.12,0.928,1.21,0.0478
2382.75,3.03,3.62,4.74,1.13,1.22,0.0294
2383.0,3.03,3.43,5.38,1.12,1.29,0.189
2383.25,2.72,3.51,4.69,0.688,1.18,0.196
2383.5,2.68,4.01,4.69,0.621,1.34,-1.4e-18
2383.75,2.83,3.83,5.41,0.836,1.25,0.0233
2384.0,2.93,4.2,4.8,0.961,1.3,-0.023
2384.25,3.11,3.91,5.15,0.925,1.04,-0.11
2384.5,3.62,4.48,5.13,0.834,1.03,-0.047
2384.75,3.75,4.7,6.01,1.3,1.54,0.675
2385.0,4.43,5.72,7.91,1.84,3.05,1.32
2385.25,5.1,6.19,9.8,1.59,2.93,1.4
2385.5,6.54,7.71,10.7,1.91,3.4,1.73
2385.75,5.38,7.92,11.3,2.0,3.73,1.89
2386.0,5.4,6.87,14.0,2.14,3.25,2.46
2386.25,5.45,7.62,12.8,2.3,3.48,2.36
2386.5,5.5,7.42,12.7,2.32,3.51,2.31
2386.75,5.55,7.06,13.5,2.24,3.55,2.21
2387.0,5.53,7.22,12.9,2.21,3.52,2.09
2387.25,5.16,7.17,12.6,2.17,3.53,2.08
2387.5,5.19,8.02,12.9,2.34,3.61,2.03
2387.75,4.96,7.88,12.7,2.39,3.77,2.37
2388.0,4.79,7.38,12.8,2.16,3.62,2.42
2388.25,4.82,7.9,12.6,2.21,3.7,2.12
2388.5,5.26,7.34,10.4,2.47,3.62,1.67
2388.75,5.03,9.19,10.4,2.36,4.0,1.81
2389.0,5.51,6.91,10.7,2.34,3.49,1.93
2389.25,5.0,7.66,10.5,2.32,3.74,2.07
2389.5,5.07,7.13,11.1,2.08,3.56,1.96
2389.75,5.14,8.18,10.5,2.17,3.79,1.74
2390.0,8.29,8.01,12.5,2.16,3.74,1.79
2390.25,11.7,7.87,13.6,2.19,3.76,2.05
2390.5,5.09,8.32,12.8,2.19,3.81,1.9
2390.75,5.09,7.71,12.8,2.14,3.62,1.86
2391.0,5.29,7.91,13.4,2.23,3.66,2.12
2391.25,11.7,7.57,12.5,2.2,3.57,2.2
2391.5,5.38,7.5,11.3,2.17,3.61,1.79
2391.75,11.1,8.81,10.9,1.97,3.87,1.5
2392.0,6.97,7.53,11.4,1.9,3.62,1.74
2392.25,5.29,8.45,10.8,2.18,3.77,1.71
2392.5,5.14,6.77,9.09,1.86,3.55,1.48
2392.75,5.2,7.44,9.19,1.91,3.67,1.49
2393.0,5.21,6.92,9.67,2.15,3.62,1.53
2393.25,5.13,6.61,9.08,2.08,3.31,1.39
2393.5,4.86,6.33,8.81,1.74,2.38,0.945
2393.75,3.68,5.32,8.6,1.7,2.16,1.04
2394.0,3.38,5.36,8.19,1.44,1.9,0.591
2394.25,3.43,5.1,8.29,1.52,1.88,0.731
2394.5,3.45,4.74,7.63,1.52,1.8,0.411
2394.75,3.36,4.65,7.56,1.43,1.76,0.311
2395.0,3.33,4.07,7.94,1.43,1.68,0.501
2395.25,3.1,4.83,5.68,1.14,1.56,0.0219
2395.5,2.97,3.67,4.68,1.03,1.18,-0.076
2395.75,2.93,3.34,4.95,1.03,1.36,0.114
2396.0,2.94,3.0,4.76,1.03,1.3,0.249
2396.25,2.87,3.55,4.41,0.908,1.43,0.168
2396.5,2.75,2.98,4.97,0.719,1.32,-0.09
2396.75,2.95,3.71,4.51,1.03,1.5,-0.16
2397.0,2.94,2.81,4.11,1.04,1.28,0.0113
2397.25,2.94,3.47,5.27,1.04,1.4,0.355
2397.5,2.94,3.02,4.67,1.04,1.26,0.08
2397.75,2.95,3.36,4.76,1.06,1.29,0.161
2398.0,2.75,2.75,4.81,0.751,1.0,0.25
2398.25,2.81,2.65,4.66,0.802,0.989,0.0714
2398.5,3.01,3.3,3.99,1.12,1.11,0.113
2398.75,2.97,2.74,4.65,1.08,1.04,0.0965
2399.0,2.95,3.35,4.84,1.06,1.21,0.408
2399.25,2.95,2.65,4.45,1.06,1.0,0.339
2399.5,2.75,3.03,4.62,0.724,0.998,0.0838
2399.75,2.72,3.2,4.2,0.687,1.06,-0.13
2400.0,2.85,2.84,4.78,0.908,0.964,-0.026
2400.25,3.02,3.03,4.62,1.13,1.17,0.0544
2400.5,3.15,2.88,4.22,0.907,1.05,0.136
2400.75,2.89,3.34,4.63,0.918,1.21,0.0833
2401.0,2.85,2.81,4.48,0.849,1.04,0.192
2401.25,2.85,2.93,4.25,0.849,1.09,0.158
2401.5,2.95,2.76,4.65,0.982,1.04,0.076
2401.75,2.97,3.35,4.25,1.04,1.17,-0.056
2402.0,2.97,2.73,5.11,1.04,1.02,-0.043
2402.25,3.04,3.13,3.99,1.14,1.05,0.08
2402.5,3.06,2.61,4.79,1.17,0.995,0.334
2402.75,2.95,3.09,4.84,1.01,1.03,0.363
2403.0,2.88,2.76,4.69,0.892,0.993,-0.058
2403.25,2.96,3.31,4.12,1.04,1.12,-0.13
2403.5,2.98,2.8,4.63,1.05,0.982,0.0506
2403.75,2.86,3.28,4.9,0.9,1.11,0.189
2404.0,2.76,2.82,4.68,0.769,1.0,0.151
2404.25,2.83,3.23,4.34,0.817,1.09,0.104
2404.5,2.95,2.93,4.62,0.976,1.21,0.176
2404.75,2.96,3.53,4.72,1.02,1.38,0.115
2405.0,2.78,3.02,4.33,0.781,1.24,-0.033
2405.25,2.8,3.42,4.48,0.818,1.34,-0.16
2405.5,2.96,2.84,4.96,1.04,1.24,0.0643
2405.75,2.94,3.03,4.78,1.03,1.32,0.311
2406.0,2.85,3.11,4.29,0.862,1.3,0.299
2406.25,2.86,3.46,4.62,0.859,1.49,-0.075
2406.5,2.94,2.88,4.34,0.975,1.36,-0.11
2406.75,2.81,3.61,4.9,0.802,1.45,-0.097
2407.0,2.89,3.25,4.73,0.922,1.27,-0.019
2407.25,2.87,3.79,5.27,0.879,1.38,0.035
2407.5,3.75,3.51,5.31,1.27,1.92,0.732
2407.75,3.27,4.88,5.56,1.55,3.08,0.998
2408.0,3.98,5.11,5.06,1.54,3.22,1.13
2408.25,4.48,5.36,6.93,1.74,3.01,0.799
2408.5,5.99,6.32,7.78,1.88,3.19,0.887
2408.75,11.9,5.7,11.4,1.84,2.97,1.18
2409.0,9.88,7.31,12.2,1.6,3.3,1.54
2409.25,4.96,7.51,11.7,1.36,3.32,1.57
2409.5,5.16,6.27,11.0,1.47,3.03,1.45
2409.75,5.21,7.64,10.9,1.78,3.36,1.22
2410.0,5.79,7.97,11.5,1.94,3.47,1.62
2410.25,5.73,7.85,11.7,2.28,3.68,2.13
2410.5,5.59,8.99,12.8,2.18,3.85,2.49
2410.75,5.77,7.64,11.5,2.21,3.6,1.94
2411.0,7.66,10.6,12.0,2.88,4.2,2.15
2411.25,7.71,10.3,11.9,2.84,4.14,1.96
2411.5,7.67,10.3,11.5,2.85,4.08,1.75
2411.75,7.66,11.0,9.2,2.89,4.24,1.49
2412.0,7.86,10.9,9.22,2.71,4.23,1.67
2412.25,7.46,10.2,9.21,2.84,4.08,1.92
2412.5,7.6,11.9,8.91,3.04,4.45,1.92
2412.75,7.32,11.6,9.44,2.96,4.34,1.84
2413.0,7.19,10.7,8.77,2.88,4.14,1.46
2413.25,7.23,10.4,8.76,2.7,4.15,1.58
2413.5,7.4,10.8,9.04,2.86,4.09,1.68
2413.75,7.62,10.7,9.37,2.84,4.01,1.75
2414.0,7.72,10.8,11.1,2.62,3.98,2.1
2414.25,8.17,10.2,13.6,2.75,3.89,2.39
2414.5,7.98,10.8,12.9,2.92,4.0,2.3
2414.75,8.55,12.1,12.5,2.86,4.33,1.99
2415.0,14.9,12.0,10.4,2.86,4.34,1.77
2415.25,10.0,10.5,9.55,2.88,4.08,1.71
2415.5,7.82,11.7,11.2,2.62,4.3,1.95
2415.75,7.7,11.6,11.8,2.45,4.28,2.12
2416.0,7.44,11.6,11.5,2.69,4.32,2.11
2416.25,8.04,11.2,11.7,2.91,4.21,1.96
2416.5,7.67,10.6,8.26,2.98,4.2,1.3
2416.75,7.45,9.86,7.84,2.78,4.07,1.24
2417.0,7.2,10.2,7.64,2.36,3.9,1.32
2417.25,7.26,8.41,7.77,2.47,2.8,1.39
2417.5,7.29,9.06,7.67,2.61,2.92,1.41
2417.75,6.38,7.85,6.57,1.91,2.0,0.626
2418.0,4.58,6.97,5.93,1.05,1.48,0.0671
2418.25,3.19,5.71,5.11,1.1,1.6,0.0363
2418.5,3.1,3.85,4.79,1.03,1.39,0.0454
2418.75,2.69,4.71,5.39,0.651,1.54,0.243
2419.0,2.75,4.08,4.91,0.739,1.48,0.314
2419.25,2.94,3.37,5.29,1.02,1.3,0.318
2419.5,2.95,4.31,4.73,1.04,1.49,0.0636
2419.75,2.95,3.8,4.88,1.03,1.43,-0.13
2420.0,2.89,4.15,5.14,0.929,1.48,0.106
2420.25,2.95,3.52,4.97,0.976,1.36,0.0905
2420.5,2.76,3.41,5.29,0.735,1.45,0.1
2420.75,2.78,3.7,4.71,0.781,1.51,0.0547
2421.0,2.92,4.14,5.2,0.994,1.53,0.194
2421.25,2.93,3.32,4.79,1.02,1.38,0.226
2421.5,2.93,4.62,5.19,1.03,1.66,0.0147
2421.75,2.93,3.04,4.57,1.03,1.33,-0.16
2422.0,2.83,4.11,4.96,0.855,1.53,-0.11
2422.25,2.96,4.08,4.83,1.0,1.42,0.285
2422.5,2.86,3.09,5.22,0.902,1.12,0.247
2422.75,2.83,3.33,4.67,0.867,1.18,0.0685
2423.0,2.96,3.09,4.91,1.05,1.13,0.00429
2423.25,2.94,3.74,4.7,1.04,1.2,0.0767
2423.5,2.84,3.35,5.12,0.864,1.1,0.0823
2423.75,2.88,3.55,4.61,0.906,1.16,-0.069
2424.0,2.78,3.79,5.19,0.771,1.29,0.174
2424.25,2.87,3.11,4.84,0.918,1.24,0.319
2424.5,3.04,3.76,5.14,1.16,1.49,0.238
2424.75,2.96,3.33,4.54,1.06,1.37,-0.16
2425.0,2.95,3.56,5.1,1.04,1.34,-0.096
2425.25,2.86,3.41,4.71,0.881,1.35,0.0707
2425.5,2.87,3.21,5.08,0.897,1.33,0.187
2425.75,2.78,3.72,4.74,0.796,1.43,0.0858
2426.0,2.85,2.93,4.81,0.806,1.26,0.176
2426.25,3.05,3.66,5.13,1.17,1.39,0.194
2426.5,3.03,3.85,4.57,1.15,1.45,-0.11
2426.75,2.84,3.11,5.0,0.857,1.25,-0.11
2427.0,2.91,3.36,4.64,0.954,1.36,0.015
2427.25,2.82,3.65,5.14,0.847,1.38,0.361
2427.5,2.89,3.15,4.68,0.852,1.26,0.127
2427.75,2.96,3.47,4.37,1.05,1.37,0.0624
2428.0,2.96,3.43,4.64,0.967,1.2,0.00947
2428.25,2.95,3.18,4.67,0.983,1.04,0.0836
2428.5,2.88,3.07,4.53,0.898,1.08,-0.07
2428.75,2.79,3.63,4.67,0.791,1.19,0.0936
2429.0,2.92,3.22,4.69,0.967,1.11,0.318
2429.25,2.97,3.31,4.8,1.05,1.07,0.303
2429.5,2.97,3.15,4.69,1.04,1.15,-0.093
2429.75,2.89,3.32,4.53,0.928,1.37,-0.15
2430.0,2.68,3.09,4.67,0.605,1.24,0.00933
2430.25,2.9,3.88,4.56,0.912,1.47,0.281
2430.5,3.03,3.41,4.66,1.09,1.36,0.0906
2430.75,2.97,3.09,5.06,1.03,1.25,0.146
2431.0,2.98,3.93,4.65,1.03,1.39,0.0758
2431.25,2.95,3.91,4.59,1.03,1.45,0.00722
2431.5,2.95,3.47,4.72,1.02,1.25,-0.15
2431.75,2.73,3.5,4.57,0.688,1.14,-0.069
2432.0,2.71,3.25,5.17,0.644,1.18,0.325
2432.25,2.97,3.89,4.87,1.0,1.27,0.088
2432.5,3.05,3.04,5.02,1.13,1.12,-0.11
2432.75,2.94,2.97,4.69,1.01,1.07,0.038
2433.0,2.94,4.04,4.79,1.01,1.18,0.03
2433.25,3.22,4.55,5.31,1.08,1.3,0.281
2433.5,4.86,6.84,7.84,2.05,2.03,1.06
2433.75,5.21,7.58,8.84,2.12,2.2,1.13
2434.0,5.33,8.86,9.54,2.26,2.45,1.07
2434.25,5.45,7.37,9.17,2.45,2.14,0.829
2434.5,5.5,7.91,9.61,2.44,2.24,0.776
2434.75,5.26,7.55,8.99,2.16,2.16,0.979
2435.0,5.14,8.4,9.88,1.93,2.35,1.24
2435.25,5.18,7.41,9.36,1.97,2.15,1.13
2435.5,5.34,7.85,9.94,2.16,2.23,0.782
2435.75,5.43,8.71,9.44,2.3,2.4,0.673
2436.0,5.73,7.34,10.3,2.31,1.95,0.94
2436.25,5.77,8.23,9.64,2.44,2.1,0.935
2436.5,5.73,8.24,10.2,2.45,2.1,0.941
2436.75,6.33,8.26,9.62,2.28,2.11,0.876
2437.0,5.21,8.61,10.5,1.86,2.19,0.961
2437.25,5.23,7.35,9.64,1.93,1.92,0.873
2437.5,5.47,8.12,10.0,2.24,2.1,0.763
2437.75,5.45,7.9,9.52,2.24,2.08,0.681
2438.0,5.46,9.18,10.1,2.22,2.49,0.932
2438.25,5.37,7.5,9.77,2.08,2.17,1.08
2438.5,5.3,8.21,10.0,1.95,2.31,0.88
2438.75,5.37,8.66,9.49,2.03,2.41,0.64
2439.0,5.46,7.34,10.0,2.2,2.15,0.728
2439.25,5.49,8.89,9.64,2.27,2.42,0.874
2439.5,5.35,8.24,10.3,2.12,2.3,1.06
2439.75,5.31,8.08,9.63,2.04,2.11,0.881
2440.0,5.42,8.68,10.2,2.13,2.19,0.862
2440.25,5.5,7.31,9.66,2.23,1.91,0.878
2440.5,5.49,8.5,10.0,2.23,2.15,0.816
2440.75,5.51,8.02,9.52,2.26,2.06,0.665
2441.0,5.46,7.77,10.1,2.24,2.03,0.95
2441.25,5.3,9.11,9.77,2.01,2.39,1.1
2441.5,5.3,8.42,9.94,1.99,2.32,0.924
2441.75,5.09,6.97,7.09,1.98,1.85,0.197
2442.0,4.66,6.55,6.63,1.58,1.58,-0.093
2442.25,4.51,4.46,5.2,1.59,1.24,-0.06
2442.5,2.96,4.44,5.3,1.01,1.53,0.163
2442.75,2.92,4.91,4.79,0.986,1.46,0.0443
2443.0,2.75,3.92,5.1,0.762,1.32,0.07
2443.25,2.74,3.73,4.79,0.751,1.29,0.0513
2443.5,2.92,3.6,4.94,0.998,1.28,-0.097
2443.75,2.85,4.18,4.89,0.891,1.33,-0.14
2444.0,2.89,3.9,4.78,0.882,1.32,0.062
2444.25,3.04,3.82,5.52,1.13,1.35,0.344
2444.5,3.02,3.53,4.77,1.14,1.42,0.0921
2444.75,2.83,4.82,5.06,0.887,1.68,-0.11
2445.0,2.73,3.05,4.73,0.744,1.35,-0.027
2445.25,2.81,3.75,5.16,0.812,1.49,0.103
2445.5,2.85,3.86,4.76,0.893,1.5,0.0479
2445.75,2.89,3.77,5.21,0.947,1.38,0.114
2446.0,2.97,3.27,4.83,1.05,1.18,0.155
2446.25,3.06,4.0,5.03,1.16,1.32,0.0993
2446.5,3.06,4.17,4.68,0.911,1.31,-0.1
2446.75,2.9,3.54,5.14,0.951,1.21,-0.12
2447.0,2.85,3.82,4.83,0.857,1.27,0.144
2447.25,2.89,3.9,5.29,0.906,1.27,0.36
2447.5,2.91,3.64,4.93,0.951,1.39,0.0781
2447.75,2.96,3.91,4.73,1.05,1.46,-0.14
2448.0,2.96,4.3,5.08,1.04,1.49,-0.01
2448.25,3.05,3.54,4.84,1.17,1.38,0.0858
2448.5,3.04,3.89,5.6,1.16,1.48,0.174
2448.75,2.87,3.89,4.95,0.907,1.53,0.0773
2449.0,2.74,4.0,5.21,0.719,1.37,0.216
2449.25,2.7,3.24,4.78,0.645,1.14,0.0747
2449.5,2.87,3.47,5.17,0.908,1.14,0.11
2449.75,2.96,3.67,4.79,1.04,1.22,0.0779
2450.0,2.95,3.75,5.38,1.04,1.23,0.366
2450.25,3.06,3.47,4.84,1.15,1.14,0.223
2450.5,3.01,3.51,4.86,1.09,1.39,0.0119
2450.75,2.78,3.55,4.9,0.745,1.43,-0.12
2451.0,2.69,3.42,4.6,0.629,1.4,0.0755
2451.25,2.85,3.23,5.35,0.842,1.28,0.138
2451.5,2.96,3.74,4.72,1.03,1.4,0.0789
2451.75,2.95,3.36,5.06,1.03,1.31,0.115
2452.0,2.95,3.76,4.73,1.03,1.24,0.105
2452.25,3.06,3.08,5.27,1.14,1.08,0.123
2452.5,2.84,2.97,4.65,0.839,1.08,-0.13
2452.75,2.7,3.6,4.73,0.634,1.19,-0.11
2453.0,2.79,3.76,5.16,0.768,1.25,0.184
2453.25,2.98,3.21,4.85,1.03,1.1,0.316
2453.5,2.95,3.56,5.14,1.03,1.35,0.143
2453.75,2.95,3.03,4.57,1.03,1.27,-0.15
2454.0,2.79,3.24,5.21,0.804,1.32,-0.097
2454.25,2.81,3.63,4.73,0.779,1.45,0.103
2454.5,2.9,3.12,4.89,0.91,1.32,0.253
2454.75,2.88,3.71,5.06,0.883,1.47,0.082
2455.0,2.95,4.25,4.6,0.99,1.34,-0.12
2455.25,2.97,3.29,5.14,1.01,1.06,0.0267
2455.5,2.95,3.6,4.71,1.0,1.17,0.035
2455.75,2.88,4.47,4.71,0.911,1.34,-0.18
2456.0,2.75,3.64,4.8,0.712,1.14,0.0438
2456.25,2.83,3.87,4.79,0.777,1.24,0.182
2456.5,2.94,3.96,5.15,0.941,1.29,0.251
2456.75,2.95,3.46,4.4,0.975,1.32,-0.14
2457.0,2.88,4.25,4.95,0.896,1.51,-0.17
2457.25,2.77,4.01,4.7,0.73,1.49,-0.073
2457.5,2.92,4.5,5.34,0.946,1.56,0.291
2457.75,2.94,3.87,5.0,0.98,1.47,0.0971
2458.0,2.83,4.87,4.64,0.807,1.52,-0.16
2458.25,2.93,2.9,5.12,0.908,1.08,-0.071
2458.5,2.96,3.89,4.79,0.968,1.27,0.0337
2458.75,2.85,4.21,5.19,0.855,1.31,-0.0011
2459.0,2.77,3.86,4.77,0.734,1.25,0.04
2459.25,2.9,3.81,5.31,0.911,1.32,0.158
2459.5,2.94,3.44,4.88,0.986,1.38,0.06
2459.75,2.9,4.45,4.95,0.906,1.57,-0.11
2460.0,2.84,4.29,5.02,0.809,1.47,-0.17
2460.25,2.75,3.94,4.78,0.659,1.38,-0.046
2460.5,2.9,4.14,5.41,0.878,1.44,0.314
2460.75,3.01,3.92,4.88,1.08,1.17,0.178
2461.0,2.96,4.37,5.31,1.01,1.23,-0.028
2461.25,2.97,4.62,4.74,1.01,1.34,-0.1
2461.5,2.96,4.0,5.19,1.01,1.18,0.062
2461.75,2.85,4.96,4.83,0.836,1.41,0.03
2462.0,2.7,3.37,5.07,0.609,1.1,0.0686
2462.25,2.82,5.32,4.83,0.747,1.61,0.0706
2462.5,3.06,3.6,5.21,1.14,1.29,0.0879
2462.75,3.0,4.5,4.75,1.06,1.53,-0.12
2463.0,2.96,4.38,5.07,1.01,1.5,-0.15
2463.25,2.97,4.74,5.22,1.01,1.59,0.0646
2463.5,2.86,4.62,5.07,0.854,1.5,0.297
2463.75,2.69,4.87,5.21,0.598,1.45,0.0813
2464.0,2.71,3.99,4.69,0.633,1.25,-0.17
2464.25,3.05,5.27,5.18,1.1,1.47,-0.019
2464.5,3.04,3.62,4.83,1.11,1.2,0.002
2464.75,2.96,4.11,5.2,1.02,1.28,-0.02
2465.0,2.93,4.12,4.82,0.98,1.39,0.0329
2465.25,2.78,3.46,5.19,0.766,1.28,0.29
2465.5,2.64,3.37,4.86,0.558,1.41,-0.056
2465.75,2.81,4.34,5.21,0.788,1.53,-0.16
2466.0,2.94,3.91,4.72,1.01,1.4,-0.056
2466.25,3.08,3.59,5.34,1.12,1.4,0.22
2466.5,3.03,3.87,4.88,1.12,1.47,0.279
2466.75,2.89,4.24,5.17,0.963,1.6,0.291
2467.0,2.69,3.77,4.96,0.678,1.62,0.03
2467.25,2.69,3.16,4.57,0.637,1.41,-0.17
2467.5,2.84,3.63,5.16,0.865,1.36,-0.12
2467.75,2.88,3.43,4.75,0.924,1.26,0.129
2468.0,2.94,3.15,5.47,1.01,1.24,0.329
2468.25,2.98,2.83,4.67,1.05,1.12,0.0687
2468.5,2.85,3.27,4.74,0.9,1.19,-0.097
2468.75,2.89,3.23,4.21,0.957,1.21,0.07
2469.0,2.84,3.06,4.66,0.876,1.15,0.0786
2469.25,2.88,3.17,4.45,0.903,1.3,0.0547
2469.5,2.88,3.06,4.1,0.926,1.28,0.116
2469.75,2.77,3.22,4.8,0.784,1.38,0.226
2470.0,2.78,3.44,4.33,0.795,1.44,0.0838
2470.25,3.06,2.94,4.07,1.16,1.29,-0.13
2470.5,3.04,3.25,4.6,1.16,1.38,-0.11
2470.75,2.87,3.37,4.53,0.903,1.22,0.201
2471.0,2.87,2.86,4.61,0.898,1.03,0.325
2471.25,2.7,3.08,4.98,0.642,1.12,0.129
2471.5,2.82,2.89,4.13,0.834,1.01,-0.13
2471.75,2.96,2.77,4.5,1.05,1.01,0.0107
2472.0,2.96,3.15,4.35,1.05,1.1,0.127
2472.25,3.06,2.87,3.99,1.17,1.03,0.199
2472.5,2.98,2.91,4.6,1.06,1.23,0.142
2472.75,2.83,3.13,4.45,0.829,1.23,0.121
2473.0,2.69,3.55,4.27,0.627,1.36,0.113
2473.25,2.84,3.13,4.26,0.85,1.22,0.00412
2473.5,2.97,2.93,4.25,1.05,1.21,-0.048
2473.75,2.97,2.92,4.1,1.06,1.11,0.254
2474.0,2.98,3.06,4.83,1.07,1.1,0.353
2474.25,2.94,2.9,4.31,0.958,0.975,0.0473
2474.5,2.79,2.72,4.11,0.763,0.985,-0.13
2474.75,2.71,2.73,4.07,0.654,0.974,-0.11
2475.0,2.97,2.79,4.58,1.03,1.03,0.251
2475.25,2.97,2.65,4.19,1.03,1.02,0.191
2475.5,2.83,2.79,4.3,0.856,1.16,0.0922
2475.75,2.78,2.98,3.85,0.773,1.26,-0.041
2476.0,2.87,2.98,4.26,0.891,1.25,0.156
2476.25,3.1,2.95,4.14,1.05,1.25,-0.061
2476.5,2.97,3.11,4.09,1.02,1.25,-0.0068
2476.75,2.78,3.02,4.41,0.776,1.13,0.253
2477.0,2.85,2.74,4.33,0.862,1.0,0.309
2477.25,2.97,2.81,4.1,1.03,1.04,-0.09
2477.5,2.95,2.87,4.05,1.03,1.03,-0.14
2477.75,2.84,2.72,4.05,0.843,1.04,-0.06
2478.0,2.76,2.68,4.23,0.72,1.06,0.339
2478.25,2.85,2.69,4.27,0.814,1.1,0.144
2478.5,3.0,2.98,3.95,1.06,1.32,-0.018
2478.75,2.96,3.09,4.28,1.01,1.29,-0.18
2479.0,2.92,3.25,4.8,0.977,1.25,0.0142
2479.25,2.74,3.66,4.09,0.697,1.35,-0.17
2479.5,2.72,3.69,4.17,0.674,1.34,-7.7e-19
2479.75,2.86,3.14,4.58,0.847,1.12,0.039
2480.0,2.95,3.05,4.86,0.973,1.07,0.109
2480.25,3.43,4.03,4.71,0.936,1.15,-0.15
2480.5,3.63,3.66,5.33,0.895,1.06,0.186
2480.75,4.96,3.79,7.17,1.29,1.29,0.755
2481.0,3.99,5.19,9.55,1.17,1.58,1.17
2481.25,4.31,4.72,10.0,1.2,1.38,1.01
2481.5,3.77,5.42,9.37,1.31,1.6,0.85
2481.75,4.09,5.38,10.4,1.33,1.62,0.984
2482.0,5.08,5.7,10.8,1.75,2.28,1.22
2482.25,4.96,6.16,10.1,1.98,3.14,1.5
2482.5,5.07,6.12,10.5,1.89,3.0,1.65
2482.75,4.87,6.31,10.3,1.84,3.08,1.79
2483.0,4.8,6.03,10.1,1.84,2.91,1.4
2483.25,4.79,5.88,10.4,1.84,2.81,1.35
2483.5,4.76,5.5,10.0,1.85,2.74,1.55
2483.75,4.8,5.82,10.6,1.87,2.73,1.82
2484.0,5.35,6.03,8.16,2.04,2.82,1.65
2484.25,4.72,6.16,8.26,2.03,2.93,1.67
2484.5,4.68,6.74,7.85,2.01,3.04,1.46
2484.75,4.59,6.67,8.13,1.91,3.15,1.2
2485.0,4.71,6.15,7.63,1.9,3.0,1.15
2485.25,4.68,6.5,7.77,1.87,3.16,1.35
2485.5,4.7,6.79,8.29,1.83,3.26,1.6
2485.75,4.8,6.19,9.66,1.82,3.08,1.53
2486.0,5.11,6.72,11.6,1.87,2.98,1.58
2486.25,5.02,7.33,10.7,1.64,3.04,1.55
2486.5,4.96,5.96,11.0,1.57,2.89,1.61
2486.75,5.0,6.49,9.33,1.57,2.99,1.19
2487.0,4.9,6.67,6.81,1.59,2.95,0.928
2487.25,4.61,5.5,7.71,1.07,1.92,0.829
2487.5,4.57,6.29,7.36,1.05,1.86,0.786
2487.75,4.73,5.43,7.24,1.28,1.91,0.571
2488.0,4.88,6.04,7.17,1.39,1.95,0.604
2488.25,5.39,6.45,6.58,1.38,2.07,0.562
2488.5,4.93,5.55,7.55,1.28,1.73,0.679
2488.75,4.73,6.34,7.07,1.26,1.98,0.808
2489.0,4.68,4.77,7.04,1.12,1.94,0.796
2489.25,4.41,5.21,6.5,1.03,1.73,0.521
2489.5,3.75,5.21,6.22,1.05,1.53,0.224
2489.75,2.97,4.57,5.58,0.568,1.2,-0.018
2490.0,2.95,4.26,5.7,0.848,1.12,0.0885
2490.25,3.03,3.38,5.15,1.09,1.18,0.00833
2490.5,2.93,4.42,5.21,0.976,1.2,0.135
2490.75,2.92,3.57,5.37,0.982,1.15,0.251
2491.0,2.93,4.39,5.69,1.0,1.28,0.0795
2491.25,2.89,3.8,4.73,0.945,1.28,-0.078
2491.5,2.84,2.98,4.93,0.842,1.26,0.01
2491.75,2.95,3.77,5.12,1.03,1.39,0.336
2492.0,3.05,2.84,4.76,1.16,1.26,0.118
2492.25,3.04,3.5,4.39,1.16,1.25,0.169
2492.5,2.95,2.77,5.29,1.04,1.04,0.283
2492.75,2.91,2.81,4.32,0.98,1.05,0.0206
2493.0,2.84,2.93,4.62,0.86,1.07,-0.027
2493.25,2.94,2.91,4.45,1.02,1.02,0.0818
2493.5,2.78,3.06,5.04,0.802,0.985,0.45
2493.75,2.85,3.35,4.73,0.911,1.22,0.229
2494.0,3.06,3.11,4.52,1.2,1.18,0.0613
2494.25,2.97,3.67,4.57,1.06,1.36,0.163
2494.5,2.85,3.26,4.27,0.87,1.28,-0.048
2494.75,2.96,3.31,4.62,1.04,1.19,-0.043
2495.0,2.82,2.85,4.44,0.861,1.18,0.263
2495.25,2.75,3.01,4.46,0.776,1.12,0.312
2495.5,2.88,2.7,4.83,0.938,1.08,0.0859
2495.75,2.89,3.44,4.24,0.928,1.24,-0.13
2496.0,2.95,3.0,4.73,0.995,1.05,0.206
2496.25,3.02,2.67,4.22,1.13,1.05,-0.038
2496.5,2.95,3.0,5.37,1.04,1.21,0.3
2496.75,2.94,2.85,3.99,1.03,1.24,0.283
2497.0,2.76,3.21,4.53,0.78,1.24,0.314
2497.25,2.65,3.35,4.7,0.585,1.25,-0.062
2497.5,2.88,2.54,3.99,0.903,1.26,-0.091
2497.75,2.96,2.88,4.1,0.812,1.13,0.247
2498.0,3.01,2.47,4.39,1.05,1.01,0.295
2498.25,3.04,3.05,4.84,1.14,1.01,0.249
2498.5,2.92,2.84,4.48,0.963,1.02,0.164
2498.75,2.84,2.54,4.05,0.84,1.02,0.141
2499.0,2.95,2.79,4.28,1.01,0.994,0.259
2499.25,2.96,2.72,4.29,1.03,1.01,0.135
2499.5,2.96,3.47,4.52,1.03,1.2,0.403
2499.75,2.97,2.88,4.4,1.05,1.22,0.436
2500.0,2.99,2.72,4.33,1.04,1.21,0.187
2500.25,2.95,3.1,3.57,0.997,1.22,-0.09
2500.5,2.97,3.06,4.76,1.03,1.21,0.0108
2500.75,2.95,3.22,4.09,1.03,1.0,0.23
2501.0,2.78,2.71,4.18,0.789,1.02,0.362
2501.25,2.74,2.93,4.55,0.711,1.06,0.085
2501.5,2.85,2.73,3.96,0.833,1.03,-0.019
2501.75,2.93,2.83,4.34,0.976,1.02,0.0953
2502.0,3.05,2.95,4.13,1.13,1.06,0.109
2502.25,3.02,2.55,4.13,1.12,1.19,0.152
2502.5,2.83,3.07,4.42,0.846,1.3,0.181
2502.75,2.68,3.25,4.16,0.606,1.26,0.0576
2503.0,2.81,3.48,4.6,0.788,1.22,0.0135
2503.25,2.95,3.73,4.91,0.999,1.25,-0.088
2503.5,2.95,3.23,4.54,0.994,1.29,-0.17
2503.75,2.8,3.25,4.75,0.801,1.03,-0.0039
2504.0,2.83,3.06,4.45,0.81,1.02,0.233
2504.25,3.67,3.82,5.69,0.902,0.985,0.0454
2504.5,3.81,5.11,7.51,1.77,1.84,0.794
2504.75,5.72,8.11,9.95,2.92,3.66,1.83
2505.0,5.96,8.69,11.4,2.82,3.66,2.1
2505.25,5.96,8.52,11.3,2.95,3.88,2.33
2505.5,7.95,9.21,12.6,3.21,4.34,2.69
2505.75,7.93,9.48,13.9,3.54,4.38,2.61
2506.0,7.34,9.0,13.2,3.6,4.43,2.43
2506.25,7.91,9.44,14.1,3.97,4.65,2.83
2506.5,7.96,9.61,14.0,4.08,4.64,2.89
2506.75,7.71,9.76,14.4,3.84,4.68,3.12
2507.0,7.9,9.53,14.5,3.62,4.65,3.11
2507.25,8.04,9.65,13.9,3.98,4.74,3.07
2507.5,8.01,9.91,14.0,4.01,4.72,2.88
2507.75,8.06,9.35,14.4,4.18,4.64,2.94
2508.0,7.85,10.2,13.8,4.22,4.8,2.73
2508.25,8.11,10.4,14.1,4.14,4.92,2.8
2508.5,7.88,9.42,12.6,4.04,4.73,2.98
2508.75,7.55,10.3,12.7,3.68,4.63,2.88
2509.0,7.54,9.48,12.3,3.6,4.45,2.38
2509.25,7.88,10.1,12.3,3.38,4.47,2.34
2509.5,7.86,10.3,12.1,3.07,4.49,2.4
2509.75,7.98,11.3,12.2,3.37,4.77,2.58
2510.0,8.62,10.5,12.3,3.42,4.37,2.53
2510.25,8.52,11.0,12.4,3.53,4.55,2.53
2510.5,7.73,11.7,13.2,3.21,4.58,2.69
2510.75,8.48,9.93,11.4,3.44,4.32,2.25
2511.0,8.05,9.65,12.4,3.44,4.39,2.29
2511.25,7.81,9.76,12.2,3.2,4.26,2.46
2511.5,8.35,10.3,12.7,3.28,4.49,2.66
2511.75,8.41,9.28,12.1,2.89,3.94,1.99
2512.0,7.82,7.46,12.5,2.84,3.72,1.79
2512.25,7.85,7.56,12.3,2.9,3.83,2.02
2512.5,7.35,6.95,13.3,2.71,3.74,2.16
2512.75,7.02,7.49,13.7,2.32,3.86,2.22
2513.0,7.77,7.84,12.4,2.74,3.76,2.33
2513.25,7.78,7.01,12.7,2.86,3.67,2.32
2513.5,7.77,6.53,11.8,2.82,2.79,1.93
2513.75,7.47,5.21,12.0,2.61,1.89,1.71
2514.0,5.63,5.47,10.8,2.01,1.55,1.03
2514.25,4.71,5.13,10.6,2.01,1.47,1.1
2514.5,4.6,6.02,10.2,1.57,1.85,1.08
2514.75,4.14,4.64,9.88,1.47,1.56,1.42
2515.0,4.08,5.18,9.39,1.67,1.68,1.17
2515.25,4.29,4.99,8.18,1.84,1.73,0.753
2515.5,4.3,5.81,7.22,1.89,1.9,0.756
2515.75,3.99,4.35,5.42,1.68,1.65,0.646
2516.0,4.13,4.87,5.76,1.72,1.25,0.521
2516.25,2.98,3.45,4.95,0.979,1.19,0.162
2516.5,2.86,4.27,4.68,0.909,1.31,0.06
2516.75,2.94,3.53,5.75,1.03,1.06,0.116
2517.0,2.94,3.72,4.74,1.04,1.3,0.0986
2517.25,2.95,3.33,5.26,1.04,1.05,0.0888
2517.5,2.95,3.38,5.01,1.04,1.13,0.0733
2517.75,2.81,3.17,4.7,0.815,0.988,0.125
2518.0,2.78,3.15,5.02,0.762,1.05,0.437
2518.25,2.93,3.28,4.28,1.02,1.32,0.123
2518.5,2.96,3.47,4.99,1.06,1.17,-0.065
2518.75,2.95,3.37,4.8,1.05,1.31,0.0256
2519.0,2.96,3.4,4.45,1.05,1.21,0.26
2519.25,2.82,3.09,5.31,0.829,1.12,0.415
2519.5,2.69,3.28,4.71,0.643,1.17,0.215
2519.75,2.88,3.07,4.27,0.914,0.977,-0.037
2520.0,3.06,2.94,4.19,1.18,0.97,-0.056
2520.25,3.03,3.73,4.89,1.13,1.18,0.211
2520.5,2.92,3.05,4.71,0.994,1.04,0.186
2520.75,2.84,3.01,4.63,0.851,1.02,0.124
2521.0,2.9,3.34,4.6,0.949,1.19,0.235
2521.25,2.81,3.52,4.71,0.822,1.31,0.156
2521.5,2.79,3.2,4.35,0.795,1.17,0.0558
2521.75,2.97,2.61,4.11,1.06,1.18,-0.067
2522.0,3.01,3.02,4.94,1.07,1.17,0.255
2522.25,2.95,3.12,4.18,0.982,1.14,0.284
2522.5,2.97,2.98,4.64,1.06,0.941,0.303
2522.75,2.88,3.15,4.41,0.937,0.898,-0.013
2523.0,2.78,2.81,4.25,0.793,0.932,-0.028
2523.25,2.94,2.98,4.7,1.02,0.934,0.102
2523.5,2.83,2.89,4.81,0.84,1.03,0.404
2523.75,2.88,2.86,4.34,0.899,1.0,0.267
2524.0,2.94,3.21,4.12,0.962,1.22,-0.01
2524.25,2.85,2.59,4.2,0.864,1.36,0.00583
2524.5,2.94,3.32,4.11,1.0,1.38,0.116
2524.75,2.84,2.91,4.15,0.846,1.37,0.018
2525.0,2.83,3.28,4.56,0.821,1.39,0.202
2525.25,2.87,2.94,4.15,0.906,1.28,0.221
2525.5,2.74,2.4,4.16,0.74,1.2,0.107
2525.75,2.8,2.8,4.07,0.826,1.21,-0.11
2526.0,2.95,2.81,4.86,0.97,1.25,-0.032
2526.25,2.91,3.2,4.44,0.92,1.18,0.232
2526.5,2.93,2.97,4.26,0.98,1.21,0.301
2526.75,2.86,2.86,4.34,0.892,1.23,-0.037
2527.0,2.75,3.37,4.69,0.73,1.32,-0.2
2527.25,2.81,3.77,4.82,0.788,1.51,-0.031
2527.5,2.79,3.91,4.51,0.784,1.4,-0.062
2527.75,2.92,3.32,5.04,0.931,1.35,0.0436
2528.0,2.87,3.72,4.3,0.875,1.45,0.0118
2528.25,3.11,4.1,5.6,0.809,1.14,0.134
2528.5,3.59,4.47,6.39,1.07,1.61,0.252
2528.75,5.04,5.28,6.84,1.69,2.58,0.722
2529.0,6.22,5.98,8.33,2.09,2.8,1.13
2529.25,5.26,5.91,9.64,2.04,2.6,1.58
2529.5,5.73,6.85,11.5,1.89,2.81,1.7
2529.75,5.23,6.72,9.66,2.02,2.98,1.56
2530.0,6.56,9.55,11.0,2.77,3.98,1.93
2530.25,5.74,9.0,12.5,2.87,4.24,2.19
2530.5,6.42,9.51,13.2,3.07,4.29,2.1
2530.75,6.77,8.21,13.2,3.23,4.04,2.26
2531.0,6.4,7.91,13.5,2.85,3.94,2.42
2531.25,6.44,7.26,13.2,2.59,3.83,2.49
2531.5,6.27,7.24,13.3,3.08,3.77,2.23
2531.75,7.5,7.07,12.6,3.35,3.57,2.06
2532.0,7.07,9.43,13.5,3.66,4.1,2.2
2532.25,7.31,9.65,13.6,3.66,4.03,2.5
2532.5,6.96,9.74,13.4,3.27,4.07,2.67
2532.75,7.6,8.97,13.6,3.61,4.04,2.35
2533.0,7.51,10.1,12.8,3.61,4.29,2.12
2533.25,7.88,9.61,13.7,3.4,4.31,2.27
2533.5,7.39,10.6,13.2,3.15,4.39,2.29
2533.75,7.47,8.99,14.2,3.09,4.17,2.43
2534.0,7.83,11.2,13.5,3.42,4.44,2.25
2534.25,7.72,8.7,14.2,3.03,3.33,1.71
2534.5,8.12,10.3,14.1,3.31,4.31,2.06
2534.75,7.75,9.48,13.6,3.23,4.19,2.3
2535.0,7.46,10.3,13.9,3.05,3.94,2.12
2535.25,7.74,9.47,13.2,3.27,3.84,2.13
2535.5,8.52,10.4,13.6,3.32,4.46,2.29
2535.75,7.56,9.11,13.3,3.13,4.32,2.26
2536.0,7.72,11.1,13.5,3.25,4.63,2.18
2536.25,8.55,9.76,14.5,3.91,4.77,2.73
2536.5,8.14,9.82,13.5,3.48,4.41,2.31
2536.75,7.36,8.51,14.3,3.2,4.09,2.55
2537.0,7.45,7.28,14.0,3.4,3.9,2.53
2537.25,7.43,7.86,13.4,3.6,4.12,2.01
2537.5,5.72,5.4,11.3,1.97,2.07,0.701
2537.75,3.98,6.37,10.5,1.24,1.51,0.5
2538.0,3.06,5.01,10.9,0.913,1.31,0.54
2538.25,3.81,5.37,9.24,1.5,1.31,0.45
2538.5,3.65,4.57,9.34,1.42,1.24,0.621
2538.75,3.3,5.34,8.89,1.21,1.29,0.734
2539.0,2.88,4.76,7.12,0.95,1.27,0.239
2539.25,2.84,4.01,5.53,0.85,1.39,-0.0061
2539.5,2.9,3.7,4.43,0.979,1.22,-0.083
2539.75,2.99,3.61,4.8,1.11,1.3,0.306
2540.0,3.04,3.86,4.84,1.19,1.21,0.309
2540.25,2.79,3.62,4.62,0.816,1.31,0.219
2540.5,2.67,4.1,4.56,0.645,1.42,-0.011
2540.75,2.92,3.71,4.81,0.999,1.19,0.189
2541.0,2.96,3.43,4.93,1.08,1.22,0.156
2541.25,2.96,3.82,4.39,1.07,1.15,0.0117
2541.5,2.79,3.4,4.78,0.841,1.13,0.232
2541.75,2.68,3.5,4.58,0.65,1.32,0.364
2542.0,2.93,3.3,5.11,0.982,1.18,0.281
2542.25,2.96,2.98,4.75,1.05,1.26,-0.089
2542.5,2.96,3.28,4.12,1.06,1.2,-0.098
2542.75,2.95,3.47,4.22,0.866,1.3,0.164
2543.0,2.93,2.89,5.22,0.931,1.18,0.429
2543.25,2.95,3.07,4.5,1.04,1.22,0.121
2543.5,2.84,2.95,4.27,0.877,1.18,-0.046
2543.75,2.94,3.57,4.64,1.02,1.19,0.13
2544.0,3.07,3.12,4.79,1.2,1.21,0.165
2544.25,3.06,2.93,4.29,1.19,1.16,-0.054
2544.5,2.94,3.0,3.92,1.06,1.18,0.173
2544.75,2.84,3.43,4.61,0.861,1.26,0.376
2545.0,2.9,3.23,4.28,0.96,1.19,0.0632
2545.25,2.83,2.74,4.83,0.873,1.23,0.00214
2545.5,2.77,3.03,4.39,0.796,1.18,-0.073
2545.75,2.9,3.04,4.69,0.975,1.04,0.211
2546.0,2.93,3.0,3.97,0.955,1.08,0.277
2546.25,2.96,3.07,4.35,1.02,1.1,0.0933
2546.5,2.76,2.3,4.32,0.769,1.1,0.0832
2546.75,2.81,3.07,4.61,0.837,1.1,0.143
2547.0,2.94,2.85,4.16,1.03,1.19,0.124
2547.25,2.83,3.31,4.13,0.839,1.29,0.38
2547.5,2.86,3.21,4.25,0.885,1.3,0.36
2547.75,2.81,2.55,4.37,0.816,1.28,0.312
2548.0,2.87,3.11,4.04,0.899,1.28,-0.01
2548.25,2.97,2.99,4.26,1.04,1.29,-0.051
2548.5,2.95,3.52,4.15,1.04,1.3,0.00385
2548.75,2.91,2.94,4.37,0.983,1.29,0.373
2549.0,2.84,2.8,4.56,0.836,1.3,0.366
2549.25,2.84,2.89,4.03,0.852,1.15,0.0608
2549.5,2.76,3.08,4.07,0.768,1.09,-0.11
2549.75,2.9,3.0,3.89,0.947,1.08,-0.032
2550.0,3.01,3.18,4.52,1.1,1.28,0.394
2550.25,2.91,2.7,4.5,0.936,1.17,0.342
2550.5,2.83,3.21,3.94,0.85,1.25,0.153
2550.75,2.72,3.2,4.16,0.692,1.33,-0.19
2551.0,2.84,3.6,4.43,0.864,1.27,-0.11
2551.25,2.93,3.5,4.68,0.994,1.27,0.0167
2551.5,2.92,3.93,4.41,0.98,1.31,0.0435
2551.75,2.78,3.85,4.87,0.748,1.14,-0.052
2552.0,2.74,4.55,5.28,0.677,1.15,0.025
2552.25,2.97,4.11,6.08,0.839,1.09,0.403
2552.5,3.25,3.74,5.18,0.987,1.37,0.197
2552.75,4.23,7.6,5.98,1.66,3.11,1.08
2553.0,4.48,7.93,7.36,1.81,3.22,1.38
2553.25,4.72,8.79,9.11,1.87,3.55,1.79
2553.5,4.85,8.63,9.09,1.85,3.49,1.58
2553.75,4.82,8.25,8.7,1.95,3.57,1.23
2554.0,5.43,8.67,9.4,2.27,3.97,1.69
2554.25,5.59,9.24,12.8,2.41,4.31,2.4
2554.5,5.07,9.41,13.0,2.66,4.35,2.67
2554.75,4.43,8.85,13.3,2.35,4.18,2.44
2555.0,4.4,8.82,13.1,2.3,4.35,2.38
2555.25,4.54,8.83,13.3,2.47,4.43,2.39
2555.5,4.96,8.76,12.8,2.54,4.48,2.45
2555.75,5.39,8.77,12.7,2.29,4.05,2.24
2556.0,5.65,9.11,13.2,2.39,4.1,2.48
2556.25,6.75,8.32,12.8,2.49,3.96,2.52
2556.5,5.39,9.56,12.5,2.01,4.14,2.6
2556.75,5.32,8.6,11.9,1.95,3.94,2.23
2557.0,5.99,9.89,11.6,2.22,4.15,2.11
2557.25,5.49,8.75,11.8,2.37,4.15,2.16
2557.5,5.18,10.4,13.5,2.52,4.52,2.62
2557.75,4.79,8.88,14.6,2.34,4.15,2.77
2558.0,5.08,10.3,14.2,2.4,4.46,2.57
2558.25,5.46,9.61,13.9,2.73,4.19,2.53
2558.5,5.18,9.78,13.3,2.76,4.38,2.51
2558.75,4.74,8.54,12.8,2.69,3.96,2.37
2559.0,4.99,9.33,12.1,2.65,4.24,2.11
2559.25,6.5,10.0,10.5,2.94,4.37,2.04
2559.5,6.65,9.63,8.99,2.9,4.31,1.96
2559.75,6.75,9.95,7.29,2.8,4.07,1.64
2560.0,6.42,9.4,7.99,3.04,4.0,1.56
2560.25,6.3,10.5,7.38,3.05,4.15,1.42
2560.5,7.68,9.38,7.47,2.53,3.71,1.57
2560.75,7.97,10.0,7.82,2.32,3.55,1.59
2561.0,7.6,7.32,7.15,2.01,2.63,1.24
2561.25,6.93,5.35,7.09,1.88,2.03,1.15
2561.5,6.11,5.73,6.67,2.29,2.15,1.13
2561.75,4.85,6.01,5.86,1.91,1.84,0.498
2562.0,3.61,4.4,4.96,1.25,1.07,-0.19
2562.25,3.13,4.79,5.05,0.896,1.35,-0.11
2562.5,3.68,3.56,4.82,1.24,1.24,0.153
2562.75,3.61,4.48,5.39,1.39,1.54,0.27
2563.0,3.58,3.58,4.96,1.32,1.5,0.0713
2563.25,3.58,4.01,4.87,1.35,1.59,0.15
2563.5,3.61,3.6,4.72,1.25,1.45,0.0785
2563.75,3.28,4.17,5.22,1.04,1.57,0.108
2564.0,3.19,3.59,4.77,1.08,1.43,0.174
2564.25,3.41,4.52,5.38,1.3,1.63,0.408
2564.5,3.43,3.56,4.42,1.33,1.38,0.347
2564.75,3.49,4.24,4.61,1.26,1.55,-0.033
2565.0,3.22,3.55,4.97,1.07,1.35,-0.031
2565.25,3.28,4.05,4.77,1.04,1.47,-0.027
2565.5,3.21,3.65,4.61,1.17,1.35,0.204
2565.75,3.4,3.57,4.5,1.35,1.31,0.33
2566.0,3.33,3.98,5.13,1.36,1.4,0.201
2566.25,3.3,3.55,4.29,1.35,1.31,-0.036
2566.5,3.16,3.53,4.55,1.11,1.13,0.019
2566.75,3.03,3.76,4.91,0.919,1.16,0.136
2567.0,3.07,3.41,4.76,1.03,1.02,0.175
2567.25,3.16,3.95,4.3,1.22,1.17,0.133
2567.5,3.39,3.44,4.65,1.39,1.0,0.127
2567.75,3.08,3.74,4.38,1.03,1.11,0.224
2568.0,3.17,3.76,4.88,1.14,1.3,0.162
2568.25,3.01,3.57,4.44,0.994,1.28,-0.11
2568.5,3.38,3.85,4.88,1.29,1.37,0.0669
2568.75,3.36,3.57,4.93,1.31,1.34,0.335
2569.0,3.28,3.55,4.39,1.23,1.4,0.35
2569.25,3.09,3.99,4.41,1.02,1.5,-0.047
2569.5,2.93,3.57,4.2,0.782,1.39,-0.11
2569.75,3.03,3.68,4.67,0.893,1.41,-0.0039
2570.0,3.26,4.34,4.47,1.22,1.56,0.167
2570.25,3.49,3.54,4.34,1.41,1.38,0.205
2570.5,3.53,3.8,4.6,1.45,1.45,0.0775
2570.75,3.07,3.68,4.49,1.12,1.32,0.0189
2571.0,2.93,3.4,4.54,0.776,1.14,0.0981
2571.25,3.0,3.79,4.24,0.876,1.24,0.0456
2571.5,3.27,3.41,4.66,1.16,1.14,0.0342
2571.75,3.21,3.42,4.6,1.2,1.15,0.184
2572.0,2.89,4.21,4.48,0.923,1.37,0.2
2572.25,3.21,3.5,4.17,1.12,1.23,0.124
2572.5,3.2,3.83,4.24,1.2,1.41,-0.12
2572.75,3.04,3.58,5.18,0.982,1.34,-0.019
2573.0,3.21,3.57,4.42,1.14,1.35,0.0778
2573.25,3.29,4.05,4.52,1.12,1.48,0.332
2573.5,3.11,3.56,4.22,1.04,1.35,0.0494
2573.75,3.51,3.56,4.76,1.39,1.34,-0.06
2574.0,3.26,4.23,4.38,1.14,1.52,-0.074
2574.25,3.02,3.53,4.04,1.03,1.34,0.133
2574.5,3.16,3.53,4.61,1.04,1.33,0.197
2574.75,3.15,4.02,5.04,1.05,1.45,0.181
2575.0,3.03,3.69,4.54,1.07,1.29,-0.063
2575.25,3.13,4.03,4.42,1.14,1.4,0.0953
2575.5,3.19,3.9,4.89,1.1,1.19,0.0904
2575.75,3.12,3.57,4.28,1.0,1.07,-0.019
2576.0,2.88,4.37,4.2,0.839,1.29,0.109
2576.25,3.42,3.63,4.75,1.32,1.05,0.298
2576.5,3.0,4.48,4.88,1.1,1.21,0.0755
2576.75,3.27,4.3,4.43,1.16,0.906,-0.16
2577.0,3.21,4.58,4.47,1.05,1.05,-0.2
2577.25,2.86,4.45,4.7,0.729,1.13,0.13
2577.5,3.25,4.87,5.2,1.12,1.25,0.34
2577.75,3.13,5.03,4.54,1.12,1.31,-0.0035
2578.0,3.62,4.28,4.33,1.45,1.21,-0.16
2578.25,3.5,5.15,8.18,1.06,1.4,0.431
2578.5,3.64,4.3,8.41,1.27,1.2,0.52
2578.75,3.44,5.03,8.29,1.14,1.35,0.462
2579.0,4.05,4.31,9.52,1.57,1.2,0.645
2579.25,4.17,5.31,8.14,1.69,1.42,0.574
2579.5,4.1,4.74,8.77,1.65,1.29,0.412
2579.75,4.11,4.77,9.43,1.64,1.3,0.256
2580.0,3.89,5.16,9.0,1.47,1.24,0.186
2580.25,4.09,4.79,9.71,1.57,1.11,0.65
2580.5,3.64,5.64,9.32,1.39,1.3,0.623
2580.75,3.57,4.48,10.0,1.25,1.05,0.37
2581.0,3.71,5.71,9.19,1.14,1.29,0.291
2581.25,4.34,5.59,9.62,1.48,1.27,0.482
2581.5,3.43,5.27,9.26,1.15,1.32,0.463
2581.75,3.91,5.98,9.53,1.46,1.5,0.664
2582.0,3.47,5.12,8.74,1.17,1.3,0.579
2582.25,3.87,6.72,9.17,1.38,1.6,0.492
2582.5,3.97,5.29,9.52,1.47,1.34,0.378
2582.75,3.92,6.64,9.0,1.5,1.6,0.174
2583.0,3.49,6.56,7.71,1.26,1.59,0.222
2583.25,3.47,4.95,8.66,1.12,1.29,0.62
2583.5,3.52,6.58,9.51,1.18,1.66,0.736
2583.75,3.86,4.83,8.23,1.28,1.36,0.34
2584.0,3.49,6.48,7.84,1.06,1.7,0.117
2584.25,3.98,5.33,5.96,1.47,1.49,0.0233
2584.5,3.98,5.72,4.27,1.53,1.58,0.203
2584.75,3.75,4.8,5.05,1.36,1.53,0.206
2585.0,3.7,4.93,4.72,1.27,1.54,0.142
2585.25,4.07,4.73,4.78,1.5,1.33,-0.052
2585.5,3.31,5.17,4.27,1.02,1.42,0.0879
2585.75,3.72,3.94,4.6,1.31,1.15,0.169
2586.0,3.41,5.27,4.18,1.25,1.4,0.0487
2586.25,3.89,4.06,4.81,1.58,1.21,0.177
2586.5,3.34,4.07,3.86,1.28,1.25,0.257
2586.75,3.88,4.89,5.14,1.39,1.57,0.343
2587.0,3.83,3.82,3.66,1.42,1.49,-0.046
2587.25,3.58,4.1,3.86,1.2,1.52,-0.075
2587.5,3.43,4.64,4.36,1.16,1.63,0.203
2587.75,3.52,4.07,4.21,1.34,1.52,0.377
2588.0,3.78,4.76,4.81,1.38,1.62,0.244
2588.25,3.54,3.62,3.92,1.3,1.39,-0.077
2588.5,3.56,4.33,4.4,1.24,1.56,-0.12
2588.75,3.61,4.45,4.63,1.31,1.57,0.153
2589.0,3.54,3.71,4.31,1.38,1.38,0.263
2589.25,3.68,4.46,4.52,1.44,1.55,0.228
2589.5,3.66,3.71,3.92,1.44,1.31,0.099
2589.75,3.62,4.0,4.04,1.32,1.24,0.0867
2590.0,3.46,3.95,4.56,1.24,1.23,0.242
2590.25,3.59,3.46,3.94,1.3,1.1,-0.081
2590.5,3.51,4.56,4.63,1.34,1.34,0.183
2590.75,3.74,3.54,4.36,1.56,1.2,0.286
2591.0,3.34,4.47,4.82,1.3,1.5,0.341
2591.25,3.37,3.96,3.99,1.25,1.39,-0.023
2591.5,3.7,4.27,3.76,1.43,1.44,-0.078
2591.75,3.46,4.14,4.1,1.22,1.38,0.136
2592.0,3.5,3.61,4.31,1.24,1.26,0.381
2592.25,3.83,4.23,4.51,1.67,1.29,0.337
2592.5,3.03,3.87,4.22,1.16,1.19,0.161
2592.75,3.42,3.52,3.9,1.36,1.16,-0.053
2593.0,3.12,4.39,4.86,1.05,1.38,0.43
2593.25,3.35,3.38,4.04,1.06,1.17,0.0961
2593.5,3.42,4.02,4.3,1.12,1.3,0.168
2593.75,3.15,3.65,4.45,1.07,1.37,0.227
2594.0,3.33,3.88,3.74,1.28,1.43,0.19
2594.25,3.55,3.91,4.27,1.47,1.45,0.11
2594.5,3.29,3.58,3.96,1.22,1.35,-0.092
2594.75,3.05,4.44,3.64,0.908,1.57,0.0708
2595.0,3.37,3.6,4.61,1.19,1.35,0.449
2595.25,3.4,3.7,4.1,1.22,1.29,0.207
2595.5,3.52,3.83,3.96,1.4,1.21,-0.064
2595.75,3.28,3.6,3.72,1.24,1.18,-0.038
2596.0,3.46,4.01,3.84,1.23,1.26,0.145
2596.25,3.57,3.43,4.02,1.33,1.13,0.248
2596.5,3.47,4.13,4.13,1.33,1.28,0.175
2596.75,3.59,3.96,4.24,1.34,1.39,0.0741
2597.0,3.22,3.75,4.24,1.09,1.41,0.205
2597.25,3.26,4.43,3.84,1.07,1.58,-0.039
2597.5,2.86,3.6,3.96,0.852,1.37,-0.11
2597.75,3.21,4.6,4.57,1.19,1.61,0.164
2598.0,3.35,3.59,4.06,1.28,1.4,0.368
2598.25,3.49,4.13,4.28,1.27,1.51,0.0893
2598.5,3.37,3.66,4.78,1.25,1.4,0.00308
2598.75,2.79,3.65,4.17,0.703,1.25,0.11
2599.0,3.11,4.45,3.8,0.973,1.35,0.146
2599.25,3.14,3.57,4.5,1.13,1.16,0.377
2599.5,3.38,4.4,3.98,1.28,1.32,0.362
2599.75,3.16,3.6,4.16,1.13,1.13,0.177
2600.0,3.22,4.55,4.49,1.06,1.37,0.156
2600.25,3.15,4.91,4.37,1.02,1.27,-0.17
2600.5,3.71,5.13,4.78,1.46,1.68,0.376
2600.75,3.73,5.9,5.03,1.59,1.86,0.709
2601.0,4.02,4.9,4.85,1.82,1.65,0.758
2601.25,4.72,5.51,4.76,1.75,1.79,0.402
2601.5,4.09,4.88,4.91,1.85,1.65,0.416
2601.75,3.85,5.83,4.33,1.61,1.88,0.309
2602.0,3.66,4.79,4.78,1.41,1.45,0.674
2602.25,3.57,4.98,4.52,1.28,1.1,0.31
2602.5,4.02,5.75,4.41,1.75,1.43,0.307
2602.75,4.33,7.0,7.62,1.87,1.86,0.836
2603.0,4.58,7.6,9.21,2.0,2.0,1.21
2603.25,4.31,7.75,9.65,1.68,2.09,1.3
2603.5,4.12,7.17,9.87,1.56,2.04,1.33
2603.75,4.89,7.88,10.2,2.19,2.2,1.25
2604.0,4.35,7.54,9.96,1.91,2.12,1.32
2604.25,4.51,7.38,10.4,2.04,2.09,1.35
2604.5,4.8,7.89,9.77,2.19,2.21,1.2
2604.75,4.4,7.36,10.3,1.82,2.09,1.06
2605.0,4.24,7.67,9.91,1.73,2.14,1.3
2605.25,3.54,7.84,10.5,1.31,2.16,1.58
2605.5,3.73,7.4,10.3,1.29,2.06,1.35
2605.75,3.48,7.71,9.74,1.21,2.14,1.1
2606.0,3.49,7.6,10.5,1.26,2.11,1.01
2606.25,3.68,7.63,9.76,1.52,2.12,1.26
2606.5,3.71,7.0,10.7,1.57,1.81,1.57
2606.75,3.58,7.7,10.2,1.29,1.96,1.27
2607.0,3.56,7.79,10.8,1.28,1.99,1.2
2607.25,3.61,7.28,9.67,1.35,1.89,1.14
2607.5,3.67,8.03,10.3,1.44,2.04,1.37
2607.75,3.56,8.73,10.3,1.3,2.27,1.15
2608.0,3.5,7.2,9.88,1.18,2.07,1.24
2608.25,3.63,7.31,11.1,1.39,2.09,1.45
2608.5,3.63,8.18,10.1,1.35,2.29,1.3
2608.75,3.59,7.74,10.8,1.29,2.23,1.1
2609.0,3.45,7.2,9.89,1.11,2.13,1.0
2609.25,3.51,7.76,10.3,1.17,2.26,1.2
2609.5,4.07,7.63,10.1,1.68,2.22,1.45
2609.75,4.44,7.71,10.2,1.78,2.24,1.26
2610.0,4.22,7.18,10.2,1.64,2.13,1.03
2610.25,4.0,7.52,6.52,1.53,2.25,0.751
2610.5,4.07,7.45,6.07,1.7,2.4,0.889
2610.75,3.99,7.31,6.76,1.62,2.32,1.22
2611.0,3.94,6.91,5.94,1.7,2.29,1.11
2611.25,4.39,7.38,5.98,2.0,2.28,1.16
2611.5,3.87,7.57,5.72,1.6,2.13,0.813
2611.75,4.38,7.21,5.87,2.0,1.95,0.597
2612.0,3.84,7.09,5.77,1.61,1.94,0.598
2612.25,4.49,7.57,5.38,2.0,2.26,0.791
2612.5,3.74,6.93,5.27,1.29,2.04,0.936
2612.75,3.8,6.89,5.38,1.59,2.02,0.677
2613.0,3.99,7.06,4.6,1.76,2.09,0.418
2613.25,3.81,6.86,4.92,1.63,2.07,0.573
2613.5,4.0,6.88,5.35,1.78,2.06,0.651
2613.75,3.68,6.89,5.57,1.49,2.05,0.745
2614.0,3.66,6.88,4.77,1.45,2.04,0.648
2614.25,4.13,6.85,4.87,1.91,2.03,0.727
2614.5,4.06,6.87,4.63,1.91,2.01,0.588
2614.75,3.84,6.87,4.24,1.74,2.01,0.364
2615.0,3.65,5.93,4.34,1.52,1.7,0.399
2615.25,3.5,3.97,3.96,1.39,1.11,0.326
2615.5,3.43,3.48,3.71,1.33,1.2,0.384
2615.75,3.15,3.45,3.77,1.1,1.21,-0.023
2616.0,3.47,3.34,3.44,1.39,0.992,0.0119
2616.25,3.18,3.32,3.8,1.27,1.03,0.158
2616.5,3.14,3.3,3.99,1.21,1.1,0.445
2616.75,3.29,3.3,3.81,1.21,1.1,0.429
2617.0,3.05,3.42,3.62,0.957,1.27,0.347
2617.25,3.11,3.45,3.51,1.03,1.33,0.155
2617.5,3.23,3.43,3.28,1.24,1.29,-0.058
2617.75,3.1,3.45,3.36,1.16,1.28,-0.062
2618.0,3.27,3.43,3.5,1.31,1.27,0.296
2618.25,3.39,3.43,3.69,1.37,1.27,0.403
2618.5,3.05,3.32,3.29,1.04,1.14,0.144
2618.75,3.05,3.29,3.56,0.952,1.02,-0.082
2619.0,3.42,3.29,3.55,1.38,1.02,-0.077
2619.25,3.17,3.27,3.54,1.24,1.01,0.294
2619.5,3.16,3.3,3.86,1.23,1.01,0.399
2619.75,2.94,3.28,3.34,1.04,1.01,0.176
2620.0,3.23,3.46,3.46,1.18,1.23,-0.081
2620.25,2.95,3.43,3.32,0.911,1.22,-0.032
2620.5,3.3,3.43,3.45,1.25,1.21,0.167
2620.75,3.01,3.42,3.85,1.14,1.21,0.346
2621.0,3.04,3.43,3.4,1.13,1.21,0.179
2621.25,3.35,3.4,3.2,1.41,1.2,0.00429
2621.5,2.8,3.41,3.37,0.835,1.18,0.0427
2621.75,2.97,3.23,3.29,0.893,0.98,0.177
2622.0,2.96,3.21,3.44,1.04,0.976,0.133
2622.25,3.3,3.19,3.47,1.4,0.983,0.174
2622.5,3.06,3.01,3.28,1.19,0.947,0.168
2622.75,3.22,3.2,3.42,1.15,1.03,0.159
2623.0,2.71,3.57,3.46,0.642,1.21,0.0676
2623.25,2.89,3.57,3.31,0.93,1.26,-0.085
2623.5,3.18,3.25,3.47,1.22,1.23,0.144
2623.75,2.94,3.37,3.43,1.01,1.25,0.289
2624.0,2.97,3.58,3.43,0.9,1.26,0.218
2624.25,2.71,3.56,3.66,0.648,1.25,-0.12
2624.5,3.16,3.48,3.41,1.12,1.12,-0.11
2624.75,3.02,2.98,3.31,1.12,1.0,0.103
2625.0,3.17,3.4,3.74,1.18,1.03,0.376
2625.25,3.08,3.47,3.26,1.02,1.03,0.211
2625.5,2.95,3.6,3.79,0.85,1.15,-0.13
2625.75,3.44,3.63,3.53,1.31,1.27,-0.11
2626.0,3.48,3.67,3.43,1.32,1.25,0.145
2626.25,3.74,3.66,3.91,1.62,1.27,0.309
2626.5,3.72,3.66,3.8,1.57,1.28,0.246
2626.75,3.43,2.96,3.67,1.29,1.02,-0.0004
2627.0,3.33,3.52,3.42,1.22,1.08,0.0367
2627.25,3.65,3.56,3.68,1.4,1.07,0.118
2627.5,3.6,3.54,3.74,1.4,1.06,-0.075
2627.75,3.73,3.56,3.06,1.49,1.09,0.165
2628.0,3.32,3.73,3.67,1.14,1.32,0.218
2628.25,3.37,3.72,4.04,1.27,1.32,0.204
2628.5,3.36,3.72,3.46,1.36,1.34,-0.028
2628.75,3.57,3.71,3.72,1.47,1.31,-0.14
2629.0,3.14,3.93,3.83,1.01,1.26,0.122
2629.25,2.92,3.53,3.79,0.795,1.11,0.359
2629.5,3.11,3.46,3.78,1.09,1.09,0.0662
2629.75,3.07,3.49,3.38,1.09,1.14,-0.11
2630.0,3.1,3.63,3.47,1.12,1.1,-0.11
2630.25,3.4,4.06,3.61,1.35,1.38,0.154
2630.5,3.01,4.23,3.34,0.995,1.43,0.266
2630.75,3.26,3.92,3.73,1.14,1.37,0.116
2631.0,3.56,4.64,4.75,1.35,1.52,0.05
2631.25,3.04,4.12,3.65,1.09,1.42,0.0827
2631.5,3.1,4.01,3.54,1.12,1.24,0.0631
2631.75,3.24,3.99,3.64,1.12,1.2,0.0614
2632.0,3.23,3.75,3.58,1.04,1.15,0.122
2632.25,3.02,3.28,3.91,0.88,1.2,0.24
2632.5,3.35,4.02,3.68,1.26,1.42,0.078
2632.75,3.46,3.84,3.82,1.39,1.43,-0.13
2633.0,3.46,3.75,3.93,1.36,1.43,-0.12
2633.25,3.29,3.88,3.97,1.13,1.44,0.292
2633.5,3.02,3.7,3.4,0.909,1.41,0.371
2633.75,2.97,3.39,3.55,0.814,1.43,-0.018
2634.0,3.11,3.12,3.54,1.0,1.36,-0.0058
2634.25,3.05,3.54,3.73,1.09,1.21,0.143
2634.5,3.15,3.53,3.6,1.19,1.21,0.296
2634.75,3.22,3.52,3.87,1.22,1.19,0.364
2635.0,3.04,3.36,3.65,0.884,1.22,0.348
2635.25,2.85,3.41,3.3,0.759,1.27,0.0794
2635.5,2.9,3.04,3.69,0.988,1.41,-0.084
2635.75,3.19,3.49,3.12,1.2,1.41,-0.04
2636.0,3.06,3.49,4.0,1.06,1.38,0.376
2636.25,2.75,2.9,3.52,0.782,1.35,0.409
2636.5,3.15,3.49,3.82,1.08,1.36,-0.0071
2636.75,3.05,3.5,3.31,1.09,1.34,-0.057
2637.0,3.16,2.85,3.61,1.17,1.24,0.01
2637.25,3.18,3.33,3.53,1.23,1.12,0.258
2637.5,2.75,3.35,3.84,0.789,1.1,0.268
2637.75,3.13,2.74,3.4,1.07,1.07,0.134
2638.0,2.89,3.34,3.5,0.984,1.09,-0.076
2638.25,3.27,2.72,3.56,1.22,1.06,0.128
2638.5,2.87,3.47,3.44,0.934,1.31,0.21
2638.75,3.27,2.77,3.61,1.23,1.27,-0.088
2639.0,2.88,3.43,3.12,0.944,1.3,-0.054
2639.25,3.16,3.03,3.7,1.19,1.28,0.0495
2639.5,2.83,3.44,3.59,0.858,1.3,0.251
2639.75,2.77,3.12,3.4,0.78,1.27,0.0845
2640.0,2.85,3.27,3.13,0.831,1.24,-0.053
2640.25,2.88,3.03,3.11,0.952,1.04,-0.052
2640.5,3.03,2.84,3.52,1.12,1.02,0.226
2640.75,3.01,3.05,3.55,1.14,1.03,0.198
2641.0,2.93,2.91,3.42,0.979,1.07,-0.017
2641.25,3.14,3.2,3.64,1.06,1.08,0.0244
2641.5,2.82,3.16,3.57,0.856,1.29,0.121
2641.75,2.94,3.27,3.23,1.05,1.28,0.188
2642.0,2.92,3.05,3.6,0.998,1.27,0.00889
2642.25,3.05,3.34,3.46,1.05,1.29,-0.024
2642.5,2.71,2.93,3.46,0.687,1.24,-0.048
2642.75,2.77,3.13,3.42,0.755,1.26,0.174
2643.0,3.19,3.16,3.45,1.28,1.06,0.0105
2643.25,3.07,2.72,3.46,1.17,1.03,-0.078
2643.5,2.92,3.32,3.44,1.02,1.05,-0.053
2643.75,2.67,2.89,3.32,0.612,1.03,0.176
2644.0,3.08,3.03,3.31,1.03,1.03,0.0159
2644.25,2.88,3.07,3.22,0.917,1.2,-0.056
2644.5,2.96,2.88,3.42,1.06,1.22,-0.041
2644.75,2.9,3.4,3.41,0.964,1.27,0.175
2645.0,2.88,2.89,3.61,0.918,1.23,0.00786
2645.25,2.89,3.0,3.22,0.945,1.24,-0.055
2645.5,2.84,3.18,3.37,0.854,1.25,-0.044
2645.75,2.85,2.82,4.01,0.872,1.02,0.128
2646.0,2.86,3.2,3.34,0.882,1.06,0.0335
2646.25,2.77,2.88,3.29,0.775,1.04,-0.072
2646.5,2.86,2.74,3.53,0.913,1.03,-0.012
2646.75,2.95,3.33,3.56,1.03,1.11,0.152
2647.0,2.94,2.96,3.22,0.952,1.17,-0.011
2647.25,2.89,3.39,3.29,0.9,1.2,-0.089
2647.5,2.72,3.18,3.53,0.661,1.2,-0.04
2647.75,2.89,2.98,3.47,0.924,1.19,0.14
2648.0,2.97,3.41,3.21,1.02,1.22,-0.06
2648.25,2.89,2.96,3.29,0.936,1.2,-0.1
2648.5,2.95,3.72,3.58,0.662,0.954,-0.024
2648.75,2.87,3.65,3.53,0.843,0.863,0.166
2649.0,2.93,3.57,3.82,0.932,0.824,0.0238
2649.25,3.09,4.06,4.36,1.16,0.892,-0.015
2649.5,3.65,3.47,4.32,1.73,1.0,0.233
2649.75,3.52,4.24,4.69,1.5,1.16,0.415
2650.0,3.3,3.49,4.79,1.29,1.06,-0.076
2650.25,3.41,4.25,4.52,1.3,1.13,-0.088
2650.5,3.5,3.57,4.87,1.44,1.08,0.0328
2650.75,3.83,4.15,4.95,1.72,1.13,0.126
2651.0,3.31,4.02,4.97,1.23,1.13,-0.097
2651.25,3.62,4.07,8.47,1.5,1.12,0.313
2651.5,3.32,4.2,7.24,1.31,0.958,0.318
2651.75,3.99,4.17,6.67,1.64,0.898,0.377
2652.0,3.57,4.17,6.63,1.44,0.908,0.142
2652.25,4.18,4.16,6.88,1.72,0.92,0.231
2652.5,3.61,4.18,6.59,1.64,0.889,0.537
2652.75,3.16,4.35,6.11,1.2,1.07,0.381
2653.0,2.96,4.36,6.42,0.957,1.12,0.366
2653.25,3.24,4.37,6.6,1.18,1.12,0.302
2653.5,3.38,4.37,5.8,1.27,1.11,0.133
2653.75,3.51,4.37,6.34,1.5,1.14,0.126
2654.0,3.47,4.38,8.82,1.49,1.21,0.661
2654.25,3.49,4.36,8.62,1.32,1.14,0.598
2654.5,3.89,4.22,8.69,1.27,0.979,0.337
2654.75,3.12,4.23,8.75,1.0,0.937,0.344
2655.0,3.26,4.2,9.71,1.07,0.952,0.565
2655.25,3.29,4.42,8.37,1.12,1.01,0.612
2655.5,3.5,4.36,8.48,1.4,1.15,0.344
2655.75,3.68,4.82,8.41,1.5,1.31,0.333
2656.0,3.59,4.82,8.39,1.48,1.35,0.447
2656.25,3.13,4.34,8.81,1.03,1.26,0.534
2656.5,3.26,4.32,8.45,1.16,1.21,0.431
2656.75,3.13,4.2,8.46,1.04,1.04,0.341
2657.0,3.47,4.16,8.65,1.35,1.06,0.376
2657.25,3.28,4.18,8.89,1.28,1.08,0.548
2657.5,3.38,4.21,8.63,1.29,1.18,0.45
2657.75,3.0,4.27,8.08,0.889,1.32,0.312
2658.0,3.11,4.25,6.29,0.972,1.32,0.097
2658.25,3.08,4.17,6.36,1.12,1.19,0.284
2658.5,3.23,4.16,4.78,1.28,0.998,0.229
2658.75,3.17,3.66,3.72,1.26,0.996,-0.12
2659.0,3.02,3.38,3.65,1.06,1.05,-0.12
2659.25,2.89,3.42,3.24,0.882,1.04,0.0587
2659.5,2.99,3.52,3.63,1.03,1.32,0.116
2659.75,3.13,3.5,3.13,1.23,1.35,-0.051
2660.0,3.18,3.48,3.45,1.28,1.33,-0.11
2660.25,3.11,3.51,3.44,1.16,1.32,-0.035
2660.5,2.78,2.83,3.29,0.803,1.09,0.143
2660.75,2.86,3.35,3.61,0.845,1.08,-0.023
2661.0,3.19,3.35,3.08,1.24,1.1,-0.082
2661.25,2.94,2.81,3.11,1.06,1.16,-0.071
2661.5,3.22,3.32,3.41,1.34,1.32,0.121
2661.75,2.97,3.5,3.19,1.08,1.32,0.113
2662.0,2.94,2.86,3.43,0.944,1.27,-0.089
2662.25,2.78,3.51,3.31,0.787,1.31,-0.084
2662.5,2.88,3.4,3.48,0.953,1.2,-0.00071
2662.75,3.03,2.88,3.52,1.15,1.01,0.134
2663.0,2.96,3.32,3.2,1.08,1.02,-0.059
2663.25,3.14,2.7,3.38,1.23,1.09,-0.1
2663.5,2.72,3.27,3.28,0.691,1.2,-0.043
2663.75,2.86,2.64,3.23,0.837,1.37,0.151
2664.0,3.12,3.46,3.17,1.16,1.51,-0.023
2664.25,3.03,3.25,3.13,1.09,1.52,-0.079
2664.5,2.92,3.15,3.22,0.987,1.52,-0.07
2664.75,2.88,3.24,3.66,0.958,1.51,0.102
2665.0,3.31,2.83,3.2,1.37,1.49,0.0492
2665.25,3.62,2.77,2.89,1.87,1.36,-0.056
2665.5,3.2,3.03,3.46,1.24,1.28,-0.096
2665.75,3.08,2.62,3.41,1.08,1.27,0.129
2666.0,3.62,3.25,3.18,1.84,1.28,0.0759
2666.25,3.46,2.83,3.53,1.66,1.37,-0.11
2666.5,2.88,3.42,3.36,0.836,1.49,-0.068
2666.75,3.12,2.83,3.42,1.13,1.47,0.135
2667.0,3.74,3.27,3.37,2.1,1.39,0.0157
2667.25,2.81,3.05,3.53,0.714,1.39,-0.12
2667.5,2.98,2.96,3.29,0.955,1.18,0.0695
2667.75,3.88,3.05,3.27,2.34,1.17,0.12
2668.0,3.28,2.61,3.54,1.4,1.16,0.00733
2668.25,2.89,3.01,3.06,0.822,1.18,-0.078
2668.5,2.75,2.82,3.17,0.697,1.18,-0.097
2668.75,2.89,2.91,3.34,0.931,1.4,0.117
2669.0,2.93,3.24,3.37,1.0,1.41,0.0869
2669.25,2.92,2.67,2.98,0.985,1.38,-0.066
2669.5,2.74,3.01,3.05,0.704,1.41,-0.074
2669.75,2.67,3.11,3.65,0.618,1.27,0.121
2670.0,2.92,2.58,3.21,0.94,1.22,0.052
2670.25,3.88,3.29,3.55,2.21,1.26,-0.1
2670.5,3.75,2.88,3.45,2.07,1.27,0.0707
2670.75,3.11,3.14,3.88,1.12,1.29,0.0142
2671.0,2.77,3.39,3.96,0.619,1.39,-0.00063
2671.25,3.66,3.04,3.81,1.92,1.39,0.0241
2671.5,3.48,3.77,3.91,1.58,1.39,0.00667
2671.75,2.94,2.91,3.5,0.845,1.29,-0.2
2672.0,3.67,3.9,4.28,1.92,1.26,-0.22
2672.25,3.93,3.39,3.82,2.24,1.21,-0.2
2672.5,4.25,4.56,6.4,0.883,1.35,0.658
2672.75,4.86,5.63,7.4,1.86,2.7,1.33
2673.0,4.59,5.67,9.49,1.72,2.75,1.35
2673.25,4.52,4.78,7.99,1.11,2.65,1.28
2673.5,4.77,4.71,8.54,2.04,2.61,1.65
2673.75,5.23,6.54,9.99,2.26,3.41,2.06
2674.0,4.96,7.4,10.4,1.69,3.77,2.12
2674.25,6.07,7.35,9.7,2.88,3.76,1.95
2674.5,6.06,7.43,10.3,2.66,3.72,2.07
2674.75,5.62,7.42,9.05,1.86,3.74,2.03
2675.0,5.36,6.69,7.97,2.38,3.43,1.8
2675.25,5.67,4.92,7.3,2.47,2.68,1.2
2675.5,5.09,6.96,9.52,1.88,3.38,1.77
2675.75,5.19,6.14,9.86,2.12,3.1,1.85
2676.0,5.7,4.64,9.44,2.59,2.5,1.54
2676.25,4.42,4.68,9.69,1.53,2.56,1.37
2676.5,4.97,5.88,9.53,2.15,3.08,1.62
2676.75,5.68,6.12,10.1,3.11,3.42,1.83
2677.0,4.69,5.14,10.2,1.94,3.25,2.0
2677.25,4.71,5.13,9.69,1.93,3.24,1.9
2677.5,5.81,5.7,10.0,3.13,3.21,1.77
2677.75,4.83,5.01,10.1,1.85,3.02,1.81
2678.0,5.45,6.41,9.82,1.85,3.37,2.0
2678.25,5.95,8.12,10.1,2.79,3.68,1.82
2678.5,5.86,7.87,10.1,2.21,3.68,1.73
2678.75,5.14,8.19,10.1,1.93,4.01,1.78
2679.0,5.6,8.21,10.0,2.51,3.96,1.97
2679.25,6.22,8.75,10.1,2.51,4.09,1.75
2679.5,5.36,8.04,10.1,1.78,3.89,1.7
2679.75,5.42,8.27,9.92,1.79,3.82,1.82
2680.0,5.97,7.68,10.6,2.98,3.68,1.95
2680.25,5.21,9.53,9.46,1.94,3.97,1.73
2680.5,5.88,9.26,10.3,1.94,4.01,1.77
2680.75,6.35,8.95,10.7,2.88,3.91,1.84
2681.0,5.52,8.7,10.2,2.15,3.61,1.99
2681.25,4.92,7.24,10.4,1.71,2.93,1.69
2681.5,4.83,5.42,6.35,1.87,2.15,0.726
2681.75,4.82,5.27,5.13,1.32,1.38,0.075
2682.0,3.44,4.48,4.84,0.825,1.22,-0.21
2682.25,3.1,4.22,4.7,0.989,1.36,-0.22
2682.5,3.15,3.72,4.59,1.09,1.48,0.0235
2682.75,3.15,3.7,4.22,1.1,1.48,0.07
2683.0,3.08,3.37,4.38,1.04,1.48,0.0548
2683.25,3.04,3.56,4.4,0.999,1.46,0.0571
2683.5,3.04,3.55,4.39,1.01,1.46,0.064
2683.75,3.05,3.56,4.52,1.01,1.44,0.0514
2684.0,3.04,3.24,4.09,1.02,1.42,0.0896
2684.25,2.98,3.54,4.34,0.899,1.41,0.0333
2684.5,2.98,3.36,4.15,0.889,1.4,-0.15
2684.75,3.15,3.52,3.88,1.14,1.39,-0.12
2685.0,3.1,3.51,4.01,1.1,1.37,0.0708
2685.25,3.05,3.22,3.79,1.03,1.36,0.105
2685.5,3.05,3.51,3.99,1.04,1.35,-0.13
2685.75,3.06,3.36,4.22,1.05,1.33,-0.15
2686.0,3.06,3.49,4.07,1.06,1.31,0.0512
2686.25,3.05,3.27,4.11,1.05,1.29,0.106
2686.5,2.96,3.57,3.68,0.884,1.3,-0.11
2686.75,3.12,3.03,4.0,1.08,1.05,-0.13
2687.0,3.17,3.37,4.17,1.2,1.01,-0.031
2687.25,3.08,2.98,4.17,1.08,1.0,0.11
2687.5,3.07,3.36,3.96,1.08,1.0,-0.058
2687.75,3.08,2.91,4.25,1.08,0.961,-0.14
2688.0,3.06,3.21,4.13,1.07,1.01,-0.037
2688.25,3.11,3.3,3.95,0.743,1.25,0.106
2688.5,2.91,3.18,4.19,0.756,1.31,-0.063
2688.75,3.07,3.27,4.1,0.982,1.37,-0.15
2689.0,3.16,3.16,3.85,1.14,1.36,-0.059
2689.25,3.09,3.48,4.18,1.07,1.35,0.0705
2689.5,3.06,2.98,4.04,1.02,1.32,-0.12
2689.75,3.07,3.5,3.68,1.03,1.35,-0.11
2690.0,3.05,3.09,4.06,1.02,1.31,-0.022
2690.25,2.95,3.19,4.39,0.839,1.16,0.0717
2690.5,2.98,2.95,3.62,0.882,1.08,-0.067
2690.75,3.07,3.01,3.71,1.03,1.07,-0.13
2691.0,3.17,2.99,4.2,1.15,1.08,-0.044
2691.25,3.14,2.89,4.13,1.12,1.19,0.068
2691.5,3.03,3.31,3.63,0.99,1.23,-0.13
2691.75,3.04,2.95,3.89,0.984,1.41,-0.15
2692.0,2.95,3.3,4.02,0.827,1.43,-0.0086
2692.25,2.95,3.28,3.95,0.824,1.43,0.0294
2692.5,3.02,2.85,3.85,0.951,1.43,-0.14
2692.75,2.88,3.52,3.83,0.733,1.44,-0.15
2693.0,2.99,3.45,4.21,0.903,1.43,0.0147
2693.25,3.13,3.25,3.87,1.11,1.24,0.0683
2693.5,3.09,3.13,3.66,1.04,1.21,-0.14
2693.75,2.94,3.15,3.75,0.798,1.22,-0.14
2694.0,2.96,3.14,3.98,0.842,1.23,0.0607
2694.25,3.01,3.15,4.12,0.933,1.26,-0.023
2694.5,2.85,3.18,4.09,0.726,1.27,-0.19
2694.75,2.99,3.43,3.98,0.895,1.38,-0.14
2695.0,3.05,3.63,4.13,0.996,1.31,0.004
2695.25,3.09,3.64,4.09,1.01,1.26,-0.2
2695.5,3.03,3.75,4.47,0.931,1.2,-0.27
2695.75,3.06,3.83,4.43,0.96,1.17,-0.17
2696.0,2.89,3.79,4.42,0.759,1.08,-0.0092
2696.25,3.77,4.08,5.01,0.891,0.917,-0.12
2696.5,4.33,4.34,8.77,1.88,1.21,0.583
2696.75,4.85,4.6,9.64,2.53,1.18,0.86
2697.0,4.26,4.69,9.8,1.69,1.12,0.956
2697.25,4.18,4.65,9.91,1.43,1.15,0.813
2697.5,5.02,5.47,9.48,2.92,2.64,1.25
2697.75,4.78,5.46,10.3,2.51,2.8,1.37
2698.0,4.32,5.49,10.5,1.74,2.8,1.6
2698.25,5.07,5.68,10.9,2.99,2.61,1.52
2698.5,4.69,5.88,10.2,1.94,2.79,1.4
2698.75,4.49,5.22,10.2,1.49,2.6,1.51
2699.0,5.19,5.39,9.71,2.18,2.57,1.62
2699.25,5.06,5.55,9.87,2.21,2.71,1.62
2699.5,5.31,5.59,7.68,1.75,2.59,1.38
2699.75,5.28,5.72,7.6,2.27,2.59,1.32
2700.0,5.08,5.2,7.59,2.29,2.74,1.28
2700.25,4.16,5.87,7.52,1.69,2.92,1.07
2700.5,4.54,5.38,8.66,1.79,2.91,1.17
2700.75,5.93,6.13,10.5,2.22,3.02,1.51
2701.0,5.14,6.68,10.3,1.67,3.09,1.53
2701.25,5.39,5.19,10.0,1.48,2.9,1.29
2701.5,5.44,5.75,10.4,2.49,2.92,1.32
2701.75,4.55,5.22,10.3,1.59,2.75,1.35
2702.0,4.49,6.88,10.2,1.4,2.9,1.52
2702.25,5.69,5.59,10.3,2.23,2.75,1.4
2702.5,5.37,6.19,10.4,1.81,3.06,1.46
2702.75,4.51,6.29,10.8,2.02,3.3,1.75
2703.0,0.0,0.0,0.0,0.0,0.0,0.0
2703.25,5.83,8.6,9.61,2.71,3.76,1.62
2703.5,4.9,8.26,7.77,2.09,3.87,1.3
2703.75,5.6,8.92,8.02,1.87,4.0,1.33
2704.0,6.18,8.27,10.2,2.59,3.84,1.82
2704.25,5.56,9.6,10.7,2.33,4.06,1.95
2704.5,5.09,8.48,10.8,1.76,3.85,2.0
2704.75,5.69,9.18,10.6,1.79,4.04,1.86
2705.0,5.03,7.9,10.8,1.57,3.55,1.77
2705.25,5.44,8.3,9.98,0.767,2.6,1.01
2705.5,4.75,7.16,6.85,1.17,2.0,0.742
2705.75,3.75,5.94,5.57,1.43,1.63,0.144
2706.0,3.15,4.64,4.74,1.03,1.23,-0.21
2706.25,3.05,3.96,4.7,1.02,1.12,-0.19
2706.5,3.01,3.46,4.67,1.03,1.42,0.0413
2706.75,3.01,3.8,4.03,1.03,1.43,-0.03
2707.0,3.0,3.73,4.46,1.03,1.45,-0.18
2707.25,3.01,3.19,4.28,1.04,1.43,-0.16
2707.5,3.07,3.46,4.13,1.11,1.41,0.0733
2707.75,3.09,3.23,4.32,1.14,1.34,0.004
2708.0,2.96,3.48,4.22,0.94,1.14,-0.14
2708.25,2.97,3.46,4.45,0.99,1.14,-0.17
2708.5,3.02,2.95,4.34,1.06,1.19,0.0326
2708.75,3.03,3.42,4.43,1.07,1.14,0.0133
2709.0,3.02,3.17,3.93,1.08,1.14,-0.13
2709.25,3.02,3.56,4.26,1.08,1.13,-0.16
2709.5,3.06,3.44,4.36,1.12,1.34,0.03
2709.75,3.08,3.12,4.3,1.12,1.34,0.000769
2710.0,3.01,3.5,4.27,1.01,1.3,-0.15
2710.25,3.03,3.32,4.13,1.07,1.28,-0.15
2710.5,3.05,3.71,4.39,1.11,1.23,0.059
2710.75,3.04,3.32,4.38,1.11,1.05,0.0453
2711.0,3.04,3.05,4.04,1.12,1.01,-0.13
2711.25,3.04,3.34,4.03,1.12,0.973,-0.11
2711.5,3.03,3.34,4.07,0.735,0.987,0.094
2711.75,3.05,3.58,3.89,0.826,0.946,0.0794
2712.0,3.17,3.03,3.99,1.25,1.0,-0.11
2712.25,3.06,3.42,4.03,1.12,1.29,-0.13
2712.5,3.04,3.34,4.44,1.09,1.31,0.0542
2712.75,3.05,3.49,4.26,1.09,1.31,0.0195
2713.0,3.02,3.69,3.88,1.06,1.28,-0.11
2713.25,2.93,3.34,3.95,0.902,1.29,-0.11
2713.5,2.98,3.41,3.86,0.974,1.27,0.121
2713.75,3.08,3.17,4.03,1.11,1.08,-0.004
2714.0,3.13,3.41,3.71,1.21,1.09,-0.1
2714.25,3.11,3.56,4.03,1.19,1.06,-0.11
2714.5,3.03,2.94,3.78,1.09,1.1,0.131
2714.75,2.95,3.4,3.54,0.917,1.08,-0.037
2715.0,2.94,3.11,3.92,0.905,1.07,-0.11
2715.25,3.05,3.63,4.03,1.08,1.27,-0.068
2715.5,2.97,3.65,4.03,0.993,1.29,0.104
2715.75,2.87,3.08,4.08,0.829,1.29,-0.094
2716.0,3.07,3.51,4.05,1.12,1.3,-0.11
2716.25,3.07,3.25,3.81,1.09,1.28,0.118
2716.5,2.95,3.62,4.1,0.934,1.28,0.0975
2716.75,3.03,3.43,4.07,1.04,1.21,0.101
2717.0,3.03,2.94,3.78,1.08,1.08,0.117
2717.25,2.96,3.25,3.9,0.974,1.1,0.085
2717.5,2.85,3.18,3.91,0.825,1.1,-0.12
2717.75,3.0,3.54,3.7,1.02,1.08,-0.11
2718.0,2.93,3.23,3.38,0.896,1.12,0.0113
2718.25,3.08,3.03,3.78,1.1,1.15,0.109
2718.5,3.11,3.52,4.07,1.17,1.35,-0.067
2718.75,2.96,3.56,4.06,0.949,1.37,-0.2
2719.0,2.84,4.01,3.89,0.79,1.32,-0.19
2719.25,2.98,3.59,4.07,0.974,1.34,0.000526
2719.5,2.9,3.68,4.21,0.845,1.39,-0.13
2719.75,2.96,4.34,4.34,0.924,1.31,0.0471
2720.0,3.04,4.68,5.32,1.03,1.3,0.0267
2720.25,3.31,5.12,5.12,1.14,1.48,0.268
2720.5,3.67,5.86,5.14,1.77,2.62,0.852
2720.75,4.95,7.83,6.94,2.58,3.78,1.68
2721.0,4.97,8.5,8.75,2.68,4.14,1.92
2721.25,4.89,8.04,11.1,2.65,4.05,2.18
2721.5,5.22,8.84,11.7,2.39,4.18,2.22
2721.75,5.62,7.84,11.5,2.61,4.14,2.16
2722.0,5.07,9.38,10.3,2.56,4.42,1.91
2722.25,5.01,8.7,8.68,2.52,4.43,1.81
2722.5,5.01,9.5,8.74,2.7,4.4,1.91
2722.75,4.82,9.79,8.88,2.69,4.43,1.82
2723.0,5.67,9.62,8.65,3.68,4.61,1.63
2723.25,4.74,9.5,8.52,2.65,4.5,1.89
2723.5,4.67,10.2,9.04,2.63,4.62,2.35
2723.75,4.49,9.51,9.03,2.52,4.41,2.39
2724.0,5.01,8.16,8.93,2.63,4.08,2.17
2724.25,4.88,7.73,8.5,2.48,3.59,1.7
2724.5,3.87,6.75,8.56,2.45,3.4,1.79
2724.75,3.85,7.95,8.79,2.43,3.78,1.99
2725.0,3.74,6.74,8.61,2.27,3.56,1.73
2725.25,3.65,7.95,12.1,1.91,3.79,2.17
2725.5,4.32,6.67,12.6,2.16,3.56,2.27
2725.75,5.87,6.49,12.6,2.73,3.56,1.91
2726.0,5.97,10.1,12.9,2.91,4.55,2.23
2726.25,7.21,10.2,10.8,2.78,4.6,1.87
2726.5,7.57,9.23,11.8,2.85,4.31,1.98
2726.75,7.6,11.0,13.0,2.88,4.52,2.29
2727.0,7.55,9.96,12.8,2.79,4.33,2.18
2727.25,7.71,9.7,12.8,2.72,4.27,2.03
2727.5,7.77,11.4,13.3,2.79,4.56,1.99
2727.75,8.26,9.69,13.1,2.73,4.26,2.05
2728.0,7.82,10.7,13.2,2.53,4.49,2.26
2728.25,7.48,9.29,11.3,2.49,4.38,2.09
2728.5,7.26,9.25,8.5,2.82,4.11,1.51
2728.75,8.09,9.01,8.51,2.27,3.89,1.41
2729.0,7.68,6.53,8.04,1.78,3.34,1.16
2729.25,7.66,6.62,7.82,2.08,3.36,1.17
2729.5,7.25,6.22,5.24,1.09,2.02,-0.12
2729.75,5.7,4.87,5.07,1.09,1.38,-0.33
2730.0,5.07,5.06,5.02,1.83,1.41,-0.32
2730.25,5.48,5.51,5.14,1.35,1.57,-0.098
2730.5,4.7,4.2,4.86,1.58,1.36,-0.085
2730.75,4.89,4.65,4.34,1.45,1.59,-0.16
2731.0,4.51,3.58,4.49,1.25,1.42,-0.17
2731.25,4.5,3.53,4.17,1.34,1.39,0.0375
2731.5,4.37,3.59,4.14,1.42,1.39,0.0205
2731.75,4.29,3.66,4.09,1.33,1.38,-0.15
2732.0,4.1,3.6,4.12,1.17,1.34,-0.14
2732.25,4.05,3.57,4.45,1.38,1.32,0.0309
2732.5,4.15,3.56,4.21,1.46,1.3,0.0628
2732.75,3.96,3.57,4.13,1.02,1.29,-0.12
2733.0,4.51,3.57,4.01,1.15,1.3,-0.13
2733.25,4.26,3.56,3.99,1.39,1.31,0.0306
2733.5,4.2,3.59,4.3,1.47,1.28,0.0542
2733.75,4.16,3.61,4.05,1.42,1.26,-0.13
2734.0,4.24,3.56,4.15,1.26,1.35,-0.15
2734.25,3.28,3.55,4.52,0.898,1.33,-0.0035
2734.5,4.18,3.53,4.21,1.3,1.32,0.0793
2734.75,4.09,3.56,4.16,1.49,1.3,-0.13
2735.0,4.18,3.55,4.23,1.42,1.27,-0.14
2735.25,3.82,3.57,3.95,1.29,1.28,0.00381
2735.5,4.0,3.55,4.21,1.24,1.27,0.0939
2735.75,3.75,3.55,4.19,1.11,1.29,-0.13
2736.0,4.08,3.55,3.79,1.3,1.28,-0.11
2736.25,3.96,3.54,4.16,1.3,1.28,0.0281
2736.5,3.78,3.55,4.03,0.95,1.28,0.062
2736.75,3.7,3.55,4.33,1.18,1.26,-0.14
2737.0,3.89,3.55,4.35,1.31,1.26,-0.14
2737.25,3.85,3.52,4.28,1.25,1.24,0.05
2737.5,3.75,3.55,4.17,1.06,1.31,0.0594
2737.75,3.63,3.52,3.9,0.979,1.33,-0.12
2738.0,4.14,3.48,3.69,1.39,1.32,-0.11
2738.25,3.95,3.47,3.87,1.24,1.35,0.0325
2738.5,3.79,3.39,4.01,1.3,1.35,0.0518
2738.75,3.59,3.25,3.56,0.877,1.34,-0.099
2739.0,3.75,3.52,4.19,0.92,1.34,-0.15
2739.25,3.75,3.52,3.49,1.21,1.34,0.145
2739.5,3.84,3.53,3.9,1.39,1.35,0.0167
2739.75,3.83,3.52,3.7,1.14,1.34,-0.11
2740.0,3.39,3.49,3.94,0.938,1.34,-0.082
2740.25,3.58,3.52,3.87,0.878,1.34,0.108
2740.5,3.89,3.46,3.65,1.2,1.36,-0.011
2740.75,3.7,3.4,4.21,1.41,1.36,-0.15
2741.0,3.55,3.37,3.91,1.07,1.36,-0.096
2741.25,3.75,3.39,3.71,1.17,1.36,0.119
2741.5,3.62,3.31,3.64,1.12,1.36,-0.011
2741.75,3.25,3.3,4.03,0.988,1.38,-0.15
2742.0,3.74,3.31,3.78,0.8,1.39,-0.072
2742.25,3.67,3.3,3.88,1.23,1.38,0.0994
2742.5,3.51,3.29,3.83,1.09,1.4,-0.1
2742.75,3.55,3.49,4.05,0.938,1.41,-0.22
2743.0,3.62,3.62,3.96,1.06,1.38,-0.11
2743.25,3.58,3.6,4.28,1.14,1.4,-0.017
2743.5,3.99,4.33,5.32,1.44,2.58,0.496
2743.75,3.81,4.67,5.24,1.88,3.21,0.812
2744.0,4.41,5.18,5.4,1.81,3.11,0.969
2744.25,5.04,5.31,5.15,2.1,3.1,0.944
2744.5,5.28,5.41,6.52,2.02,3.09,1.02
2744.75,5.35,5.57,8.19,2.01,3.14,1.24
2745.0,5.46,5.97,12.4,2.38,3.5,1.83
2745.25,6.06,5.96,12.3,2.6,3.5,1.64
2745.5,6.26,5.97,12.4,3.06,3.49,1.64
2745.75,5.94,5.91,12.4,2.58,3.38,1.85
2746.0,6.47,5.74,12.7,2.5,3.28,1.86
2746.25,6.42,5.88,12.0,2.81,3.28,1.87
2746.5,5.97,5.81,12.0,2.64,3.29,1.85
2746.75,6.34,5.96,12.5,2.87,3.37,1.81
2747.0,6.64,5.78,12.3,2.66,3.29,1.73
2747.25,6.99,5.91,12.4,2.77,3.32,1.58
2747.5,6.41,5.81,12.4,3.02,3.28,1.59
2747.75,6.66,6.04,12.3,3.11,3.31,1.79
2748.0,6.82,5.9,12.5,2.75,3.25,1.84
2748.25,6.52,5.94,12.2,2.9,3.26,1.68
2748.5,5.59,6.36,12.1,2.97,3.39,1.65
2748.75,6.7,6.13,12.0,3.06,3.46,1.78
2749.0,7.85,6.34,12.3,2.89,3.53,1.86
2749.25,6.95,6.26,12.3,3.14,3.52,1.86
2749.5,7.06,6.16,12.4,3.17,3.54,1.88
2749.75,6.5,6.62,12.8,3.52,4.01,2.27
2750.0,6.52,6.61,12.9,3.18,3.98,2.24
2750.25,6.57,6.91,12.9,3.16,3.97,2.24
2750.5,6.93,6.85,12.9,3.26,3.96,2.22
2750.75,7.75,7.24,12.9,3.26,4.02,2.25
2751.0,7.78,7.59,13.0,3.37,4.11,2.4
2751.25,7.96,7.15,13.1,3.35,4.03,2.38
2751.5,8.12,7.11,13.6,3.36,4.02,2.38
2751.75,7.8,7.33,13.4,3.26,4.11,2.37
2752.0,7.75,7.46,13.0,3.19,4.15,2.38
2752.25,7.57,6.64,10.7,2.99,3.77,1.86
2752.5,7.5,6.57,11.1,2.86,3.67,1.77
2752.75,7.55,6.26,11.2,2.98,3.61,1.88
2753.0,7.46,6.07,10.7,2.71,3.28,1.65
2753.25,6.26,4.71,9.87,1.77,1.57,0.606
2753.5,4.6,4.49,10.1,1.49,1.36,0.624
2753.75,3.35,4.57,9.59,1.02,1.17,0.581
2754.0,3.29,4.41,9.63,1.02,1.12,0.292
2754.25,3.26,4.25,9.39,1.03,1.14,0.157
2754.5,3.15,4.25,9.64,0.979,1.11,0.275
2754.75,2.98,4.55,9.05,0.854,1.11,0.599
2755.0,3.02,4.42,9.55,0.942,1.15,0.615
2755.25,3.18,4.14,8.96,1.15,1.06,0.486
2755.5,3.19,4.25,8.95,1.18,1.09,0.49
2755.75,3.02,4.37,5.49,0.992,1.27,0.297
2756.0,3.11,3.47,4.77,0.77,1.13,0.273
2756.25,2.95,3.6,4.69,0.846,1.16,0.168
2756.5,3.04,3.66,4.4,0.964,1.19,0.0765
2756.75,3.09,3.66,4.36,1.08,1.17,-0.049
2757.0,3.08,3.57,4.42,1.08,1.14,-0.051
2757.25,3.13,3.62,4.38,1.14,1.19,0.292
2757.5,3.14,3.77,4.58,1.17,1.26,0.118
2757.75,3.02,3.55,4.31,0.978,1.19,-0.08
2758.0,3.02,3.45,4.36,0.989,1.19,-0.11
2758.25,3.08,3.61,4.3,1.07,1.21,0.126
2758.5,3.08,3.77,4.29,1.08,1.25,0.253
2758.75,3.06,3.46,4.27,1.08,1.14,0.00464
2759.0,3.02,3.45,4.17,1.01,1.18,-0.1
2759.25,2.95,3.43,4.55,0.874,1.2,0.0015
2759.5,3.11,3.6,4.58,1.09,1.27,0.253
2759.75,3.14,3.42,4.63,1.17,1.19,0.129
2760.0,3.04,3.61,4.27,1.05,1.28,-0.12
2760.25,3.05,3.4,4.22,1.05,1.15,-0.048
2760.5,3.01,3.33,4.44,0.976,0.984,0.164
2760.75,2.93,3.29,4.41,0.857,0.999,0.0783
2761.0,2.99,3.51,3.96,0.952,1.07,-0.069
2761.25,3.05,3.31,4.24,1.04,0.985,-0.096
2761.5,3.12,3.3,4.07,1.14,0.977,0.124
2761.75,3.14,3.29,4.45,1.17,0.975,0.0735
2762.0,3.04,3.32,3.69,1.02,0.97,0.0686
2762.25,2.91,3.28,4.23,0.833,0.972,-0.0053
2762.5,3.1,3.45,4.32,0.753,1.03,0.115
2762.75,3.04,3.29,4.18,0.866,0.954,-0.087
2763.0,3.08,3.3,4.53,1.06,0.961,0.002
2763.25,3.08,3.31,4.06,1.06,0.95,0.119
2763.5,3.02,3.45,4.28,0.923,1.17,0.11
2763.75,3.09,3.45,3.81,1.04,1.16,-0.095
2764.0,3.16,3.46,4.13,1.17,1.15,-0.1
2764.25,3.07,3.45,4.17,1.06,1.16,0.241
2764.5,3.08,3.44,4.72,1.06,1.15,0.117
2764.75,3.07,3.44,3.8,1.06,1.15,-0.098
2765.0,2.95,3.43,4.28,0.864,1.15,-0.13
2765.25,2.99,3.43,4.39,0.925,1.17,0.175
2765.5,3.08,3.41,4.06,1.05,1.17,0.147
2765.75,3.14,3.43,4.02,1.15,1.16,-0.11
2766.0,3.16,3.42,3.85,1.17,1.2,-0.063
2766.25,3.06,3.4,4.0,1.04,1.19,0.116
2766.5,2.94,3.41,4.16,0.846,1.2,0.0763
2766.75,3.0,3.42,4.32,0.952,1.22,-0.073
2767.0,3.05,3.56,3.92,1.02,1.15,0.143
2767.25,3.05,3.56,4.1,1.02,1.15,0.085
2767.5,3.05,3.54,4.23,1.02,1.16,-0.047
2767.75,3.03,3.58,4.08,0.977,1.13,0.00118
2768.0,3.03,3.67,4.16,0.982,1.13,0.0456
2768.25,3.12,3.59,4.2,1.14,1.1,0.0721
2768.5,3.07,3.84,3.74,1.06,1.16,-0.097
2768.75,3.06,3.71,4.15,1.07,1.11,0.0757
2769.0,3.04,3.88,5.15,1.05,1.15,0.383
2769.25,4.39,4.64,5.43,1.59,1.3,0.322
2769.5,5.38,6.32,7.52,2.36,1.76,0.71
2769.75,5.63,7.37,9.63,2.53,1.97,1.04
2770.0,5.77,7.18,9.33,2.6,1.91,1.21
2770.25,5.77,7.46,9.16,2.6,1.98,0.869
2770.5,5.69,7.77,9.12,2.43,2.06,0.795
2770.75,5.58,7.54,9.68,2.27,2.01,0.999
2771.0,5.62,8.28,9.34,2.32,2.19,1.13
2771.25,5.64,7.94,9.47,2.41,2.1,0.924
2771.5,5.43,7.69,9.28,2.3,1.88,0.811
2771.75,3.71,7.37,9.63,1.49,1.78,1.08
2772.0,3.75,7.18,9.67,1.34,1.72,1.12
2772.25,5.55,7.78,10.0,1.26,1.88,1.24
2772.5,3.8,7.71,9.37,1.43,1.84,1.08
2772.75,4.38,7.65,10.6,1.49,1.85,1.32
2773.0,4.1,7.8,9.52,1.63,1.93,1.19
2773.25,5.78,7.79,9.44,2.44,1.88,1.06
2773.5,4.78,8.19,10.2,1.86,1.94,1.18
2773.75,5.49,8.77,9.95,2.14,2.01,1.08
2774.0,5.26,8.17,9.51,2.2,1.93,1.16
2774.25,5.02,8.07,10.1,2.12,2.09,1.15
2774.5,5.03,8.11,10.1,2.11,2.15,1.16
2774.75,5.24,8.41,9.62,2.14,2.19,1.01
2775.0,5.25,8.11,9.85,2.03,2.14,1.17
2775.25,3.69,7.5,9.55,1.24,1.74,0.884
2775.5,3.15,5.91,9.71,1.01,1.33,0.557
2775.75,3.07,5.37,9.08,1.02,1.35,0.612
2776.0,3.08,5.68,9.39,1.01,1.42,0.535
2776.25,3.14,5.28,10.5,1.11,1.32,0.688
2776.5,3.05,5.16,9.24,0.958,1.31,0.35
2776.75,2.96,5.28,9.54,0.86,1.35,0.537
2777.0,3.03,4.99,9.66,0.995,1.32,0.715
2777.25,3.03,5.31,9.05,0.986,1.39,0.651
2777.5,3.03,4.89,7.96,0.983,1.32,0.324
2777.75,3.07,4.71,6.69,0.98,1.28,0.209
2778.0,2.92,4.34,6.7,0.841,1.23,0.544
2778.25,2.99,4.17,4.86,0.935,1.37,0.106
2778.5,3.13,4.04,4.23,1.16,1.29,-0.09
2778.75,3.12,4.0,4.82,1.15,1.21,-0.092
2779.0,3.05,3.86,4.69,1.06,1.2,0.0693
2779.25,3.05,3.82,4.91,1.07,1.02,0.419
2779.5,2.94,3.79,5.03,0.891,1.01,-0.032
2779.75,2.96,3.63,4.24,0.893,1.04,-0.074
2780.0,3.05,3.78,4.62,1.07,1.05,0.0104
2780.25,3.07,3.54,5.03,1.12,0.989,0.326
2780.5,3.14,3.63,4.79,1.2,1.0,0.168
2780.75,3.15,3.58,4.56,1.18,0.959,-0.11
2781.0,2.94,3.77,4.63,0.894,1.04,0.05
2781.25,2.97,3.33,4.4,0.942,0.908,0.17
2781.5,3.05,3.52,4.67,1.08,1.04,0.0936
2781.75,3.06,3.63,5.07,1.09,1.17,0.0294
2782.0,3.05,3.5,4.6,1.08,1.13,-0.012
2782.25,3.03,3.81,4.33,1.05,1.22,0.135
2782.5,3.04,3.47,4.54,1.02,1.1,0.088
2782.75,3.07,3.85,4.95,1.08,1.25,0.0575
2783.0,3.07,3.48,4.79,1.11,1.13,0.181
2783.25,3.05,3.76,4.7,1.08,1.22,0.196
2783.5,3.05,3.46,4.51,1.08,1.13,0.00522
2783.75,3.01,3.68,4.26,1.01,1.21,-0.095
2784.0,2.92,3.47,4.8,0.869,1.2,0.26
2784.25,3.01,3.68,4.45,1.02,1.26,0.0543
2784.5,3.09,3.45,4.76,1.12,1.2,-0.015
2784.75,3.14,3.64,4.27,1.18,1.24,-0.044
2785.0,3.09,3.46,4.67,1.13,1.19,0.139
2785.25,2.97,3.76,4.75,0.944,1.16,0.146
2785.5,2.92,3.31,4.11,0.871,0.966,-0.022
2785.75,3.04,3.33,5.04,1.04,0.975,0.119
2786.0,3.04,3.73,4.48,1.06,1.09,0.0782
2786.25,3.04,3.33,4.47,1.06,0.967,-0.0015
2786.5,3.04,3.45,4.33,1.06,1.04,0.0263
2786.75,3.07,3.33,4.61,1.05,0.96,0.0583
2787.0,3.02,3.59,4.17,0.991,1.03,0.0539
2787.25,3.05,3.32,4.86,1.06,0.943,0.0421
2787.5,3.05,3.49,4.38,1.06,1.01,0.117
2787.75,3.06,3.45,4.68,1.06,1.13,0.169
2788.0,3.04,3.62,4.3,1.04,1.23,-0.077
2788.25,2.93,3.9,4.12,0.861,1.33,-0.098
2788.5,2.95,3.48,4.94,0.9,1.18,0.134
2788.75,3.12,3.62,4.68,1.14,1.24,0.237
2789.0,3.14,3.47,4.91,1.18,1.18,-0.039
2789.25,3.05,3.6,4.28,1.08,1.22,0.0311
2789.5,3.01,3.75,4.41,1.02,1.26,0.157
2789.75,2.93,3.46,4.57,0.862,1.19,0.313
2790.0,2.98,3.54,4.59,0.938,1.21,0.219
2790.25,3.05,3.47,4.01,1.05,1.19,0.145
2790.5,3.03,3.55,4.41,1.04,1.22,0.0171
2790.75,3.09,3.51,4.35,1.1,1.2,-0.064
2791.0,3.05,3.45,4.15,1.03,0.927,0.213
2791.25,2.99,4.02,4.53,0.932,1.06,0.115
2791.5,2.99,3.54,4.25,0.933,0.92,-0.0024
2791.75,3.05,3.63,4.38,1.03,0.938,-0.07
2792.0,3.04,3.64,4.76,1.03,0.973,0.174
2792.25,3.03,3.96,4.63,1.03,1.1,0.265
2792.5,2.96,3.47,4.58,0.912,0.915,-0.015
2792.75,2.93,3.67,4.32,0.84,0.977,-0.14
2793.0,3.14,3.85,4.27,1.16,1.18,-0.074
2793.25,3.12,3.65,5.14,1.15,1.18,0.351
2793.5,3.04,4.2,4.68,1.05,1.32,0.0536
2793.75,3.02,3.88,4.2,1.01,1.3,-0.13
2794.0,2.9,4.02,4.06,0.828,1.35,-0.12
2794.25,2.95,3.6,5.02,0.906,1.24,0.236
2794.5,2.86,3.99,4.43,0.777,1.34,0.201
2794.75,2.9,3.93,4.69,0.836,1.34,-0.11
2795.0,3.1,3.97,4.39,1.1,1.35,-0.15
2795.25,3.06,3.97,4.62,1.04,1.34,0.0471
2795.5,2.92,3.85,4.77,0.847,1.31,0.202
2795.75,2.99,3.84,4.15,0.955,1.3,-0.095
2796.0,3.01,3.58,4.99,1.01,1.07,-0.012
2796.25,3.01,3.81,4.56,1.01,1.13,0.0562
2796.5,3.0,3.8,4.64,1.01,1.13,0.044
2796.75,2.96,3.77,4.65,0.925,1.1,0.0818
2797.0,2.94,4.0,4.55,0.79,1.16,-0.14
2797.25,3.27,3.6,4.73,0.876,1.09,0.0808
2797.5,3.07,3.64,4.57,1.05,1.03,-0.056
2797.75,3.04,3.55,4.46,1.03,0.994,0.004
2798.0,3.02,4.13,4.45,1.03,1.14,0.0448
2798.25,2.94,3.84,4.7,0.884,1.2,0.0592
2798.5,2.91,3.75,5.15,0.85,1.24,0.00235
2798.75,3.04,3.83,4.09,1.03,1.3,-0.1
2799.0,3.02,3.9,4.6,1.02,1.31,0.00389
2799.25,3.12,3.95,4.43,1.14,1.31,0.168
2799.5,3.08,4.15,4.59,1.11,1.36,0.0405
2799.75,2.9,4.04,4.58,0.811,1.33,-0.17
2800.0,2.87,3.88,4.56,0.683,1.27,0.00333
2800.25,2.96,4.17,4.54,0.913,1.34,0.232
2800.5,3.03,3.97,4.57,1.05,1.27,-0.055
2800.75,2.94,3.69,4.58,0.935,1.17,-0.064
2801.0,2.8,4.22,4.11,0.708,1.33,-0.11
2801.25,3.0,4.02,4.77,0.949,1.19,0.217
2801.5,3.07,3.68,4.5,1.08,1.09,0.0417
2801.75,2.91,3.64,4.71,0.861,0.998,-0.026
2802.0,2.9,3.92,4.4,0.861,1.1,-0.014
2802.25,3.02,3.76,4.25,1.04,1.13,0.145
2802.5,2.93,3.46,4.61,0.899,0.993,0.0214
2802.75,2.8,3.44,4.36,0.7,1.02,-0.14
2803.0,2.79,3.3,4.48,0.69,1.09,-0.14
2803.25,3.02,3.25,4.02,1.03,1.01,0.1
2803.5,3.12,3.66,4.92,1.15,1.21,0.096
2803.75,2.97,3.46,4.51,0.955,1.31,-0.09
2804.0,2.72,3.48,4.4,0.609,1.27,0.04
2804.25,2.97,3.44,4.36,0.948,1.29,0.0325
2804.5,3.03,3.59,4.47,1.04,1.3,-0.11
2804.75,2.97,3.4,4.05,0.956,1.26,0.0689
2805.0,2.83,3.49,4.35,0.792,1.3,0.0669
2805.25,3.01,3.43,4.63,1.02,1.27,0.0277
2805.5,3.01,3.46,4.3,0.97,1.26,-0.098
2805.75,3.02,3.62,4.45,1.02,1.28,0.0989
2806.0,2.86,3.45,4.31,0.794,1.24,0.228
2806.25,3.01,3.87,4.0,0.989,1.36,-0.017
2806.5,3.03,3.32,4.1,1.04,1.1,-0.11
2806.75,2.94,3.29,4.05,0.901,1.03,0.0833
2807.0,2.87,3.26,4.29,0.806,1.03,0.303
2807.25,2.85,3.28,4.44,0.798,1.04,-0.14
2807.5,3.13,3.26,4.78,1.17,1.03,-0.034
2807.75,3.12,3.24,3.43,1.17,1.03,0.02
2808.0,2.98,3.29,4.06,0.976,1.03,0.119
2808.25,2.92,3.27,4.63,0.866,1.03,-0.0014
2808.5,3.0,3.23,4.18,0.992,1.03,0.05
2808.75,3.04,3.43,4.12,1.05,1.26,0.127
2809.0,2.98,3.41,4.52,0.971,1.24,0.0971
2809.25,2.84,3.37,4.35,0.79,1.23,0.262
2809.5,3.02,3.37,3.86,0.996,1.22,0.092
2809.75,3.03,3.38,3.67,0.983,1.25,-0.073
2810.0,3.05,3.35,4.16,1.08,1.23,-0.085
2810.25,3.04,3.39,4.09,1.05,1.17,0.124
2810.5,2.99,3.19,3.85,0.99,1.02,0.236
2810.75,2.86,3.02,3.38,0.795,1.02,-0.046
2811.0,2.85,3.18,3.92,0.76,1.01,-0.1
2811.25,2.98,3.19,3.79,0.951,1.01,0.147
2811.5,3.12,3.08,3.77,1.14,0.987,0.221
2811.75,3.13,3.2,3.59,1.17,1.0,0.048
2812.0,2.99,3.14,3.27,0.993,1.01,-0.059
2812.25,2.75,2.98,3.56,0.628,1.07,0.129
2812.5,2.94,3.38,3.44,0.866,1.23,0.0994
2812.75,3.05,3.23,4.0,1.04,1.24,0.0532
2813.0,3.03,3.37,3.67,1.04,1.22,-0.02
2813.25,3.03,3.22,3.8,1.04,1.25,0.0923
2813.5,2.92,3.24,3.78,0.868,1.25,0.0791
2813.75,2.85,3.29,3.48,0.707,1.26,-0.026
2814.0,3.07,3.12,3.53,1.06,1.29,0.0936
2814.25,3.02,3.2,3.54,1.01,1.1,0.125
2814.5,3.01,2.9,3.57,1.01,1.12,0.074
2814.75,2.99,3.27,3.62,0.941,1.1,-0.12
2815.0,2.79,3.51,4.42,0.57,1.04,-0.15
2815.25,2.92,3.36,3.86,0.752,1.01,0.134
2815.5,3.08,3.64,4.0,1.0,1.0,-0.047
2815.75,3.16,3.53,3.67,1.09,1.06,-0.17
2816.0,3.11,3.66,4.71,1.02,1.22,-0.24
2816.25,2.85,4.14,4.2,0.679,1.18,0.0508
2816.5,3.08,4.28,4.48,0.808,1.14,0.0633
2816.75,4.13,7.27,6.92,1.76,2.44,1.2
2817.0,5.23,8.83,9.98,2.5,4.23,2.09
2817.25,4.7,8.41,11.5,2.65,4.16,2.45
2817.5,4.85,8.76,12.6,2.66,4.23,2.65
2817.75,4.81,8.96,12.7,2.72,4.26,2.45
2818.0,4.81,8.61,12.4,2.71,4.15,2.44
2818.25,4.93,8.75,12.8,2.49,4.09,2.5
2818.5,4.83,8.83,12.5,2.67,4.03,2.67
2818.75,4.81,8.72,12.8,2.7,4.03,2.45
2819.0,4.72,8.81,13.1,2.59,4.06,2.39
2819.25,4.61,8.79,12.3,2.58,3.96,2.76
2819.5,5.25,9.27,13.4,3.24,4.48,3.05
2819.75,5.25,9.38,14.0,3.27,4.53,3.27
2820.0,5.76,7.19,13.1,3.16,3.91,2.82
2820.25,4.14,6.41,11.5,2.54,3.44,2.22
2820.5,3.54,5.95,7.88,1.78,2.81,1.33
2820.75,3.43,5.97,8.3,1.81,2.92,1.42
2821.0,3.91,6.29,10.4,2.41,3.45,1.98
2821.25,4.23,6.08,10.1,2.4,3.49,2.03
2821.5,3.97,6.09,10.6,2.38,3.44,1.72
2821.75,4.04,6.08,10.3,2.36,3.37,1.71
2822.0,4.04,5.8,10.7,2.27,3.19,2.02
2822.25,4.09,5.7,12.7,2.31,3.11,1.97
2822.5,4.14,5.55,12.6,2.32,3.06,1.91
2822.75,4.06,5.56,12.7,2.32,3.07,2.1
2823.0,4.07,5.68,13.0,2.31,3.1,2.1
2823.25,4.02,5.55,12.8,2.24,3.21,1.85
2823.5,3.95,5.82,11.9,2.12,3.34,1.85
2823.75,4.36,5.58,12.7,2.28,3.27,2.1
2824.0,4.19,5.62,12.3,2.41,3.3,2.06
2824.25,4.11,6.13,12.0,2.38,3.32,1.8
2824.5,3.95,5.75,12.8,2.19,3.22,1.82
2824.75,3.96,5.62,12.4,1.79,3.22,2.1
2825.0,3.84,5.61,12.1,1.96,3.28,1.95
2825.25,3.67,4.93,9.88,1.84,2.42,1.43
2825.5,3.34,4.47,9.66,1.21,1.18,0.974
2825.75,3.11,4.26,9.31,1.02,0.9,0.599
2826.0,3.09,4.18,9.09,1.08,0.905,0.447
2826.25,3.0,4.13,8.18,0.953,0.969,0.404
2826.5,3.02,4.14,9.09,1.01,0.947,0.572
2826.75,3.12,4.25,9.07,1.03,1.04,0.519
2827.0,3.04,4.16,8.47,1.06,1.15,0.554
2827.25,3.03,4.14,8.69,1.05,1.12,0.711
2827.5,2.93,4.17,8.57,0.887,1.11,0.777
2827.75,2.98,4.14,8.6,1.0,1.09,0.717
2828.0,3.12,4.02,8.43,1.2,1.11,0.68
2828.25,3.24,3.9,6.31,1.22,1.12,0.555
2828.5,3.06,3.94,8.19,1.13,1.12,0.503
2828.75,2.93,3.91,7.63,0.951,1.1,0.479
2829.0,2.91,3.91,4.18,0.922,1.05,0.416
2829.25,2.98,3.78,4.29,1.02,0.897,0.229
2829.5,2.85,3.78,4.08,0.857,0.888,0.0433
2829.75,3.02,3.77,3.83,1.1,0.89,0.168
2830.0,3.05,3.78,4.25,1.13,0.886,0.158
2830.25,3.0,3.77,4.48,1.04,0.894,0.115
2830.5,3.13,3.85,4.12,1.13,0.974,-0.049
2830.75,2.91,3.69,3.84,0.934,1.16,-0.012
2831.0,2.85,3.36,3.91,0.857,1.22,0.368
2831.25,3.02,3.37,3.58,1.09,1.19,0.327
2831.5,2.93,3.34,3.68,0.948,1.17,0.038
2831.75,2.91,3.37,3.58,0.9,1.18,0.0238
2832.0,3.13,3.35,3.64,0.857,1.23,0.166
2832.25,3.13,3.32,3.96,1.18,1.23,0.379
2832.5,3.13,3.3,3.78,1.21,1.19,0.365
2832.75,2.98,3.17,3.72,0.987,1.05,0.0235
2833.0,2.91,3.09,3.79,0.888,1.07,0.00391
2833.25,2.99,3.11,3.87,1.01,1.06,0.378
2833.5,3.03,3.17,3.97,1.07,1.04,0.254
2833.75,3.03,3.18,3.59,1.08,1.04,0.0217
2834.0,3.01,3.17,3.65,1.06,1.05,0.0192
2834.25,2.99,3.31,3.79,0.976,1.21,0.333
2834.5,3.05,3.35,3.92,1.08,1.26,0.259
2834.75,3.06,3.35,3.51,1.11,1.26,0.028
2835.0,3.02,3.3,3.57,1.08,1.25,0.0232
2835.25,2.89,3.32,3.58,0.886,1.26,0.221
2835.5,2.82,3.33,3.63,0.761,1.25,0.275
2835.75,2.92,3.3,3.59,0.89,1.25,0.0879
2836.0,3.03,3.15,3.21,1.08,1.1,0.0461
2836.25,3.05,3.19,3.44,1.11,1.04,0.251
2836.5,3.02,3.17,3.64,1.06,1.04,0.155
2836.75,2.86,3.15,3.22,0.812,1.03,0.189
2837.0,2.91,3.05,3.63,0.889,1.07,0.349
2837.25,2.99,3.17,3.62,1.03,1.05,0.259
2837.5,3.0,3.11,3.43,1.04,1.08,0.181
2837.75,2.84,3.32,3.65,0.812,1.28,0.00438
2838.0,2.95,3.11,3.67,0.964,1.33,0.162
2838.25,2.9,3.32,3.69,0.867,1.32,0.365
2838.5,3.04,3.33,3.55,1.05,1.33,0.0689
2838.75,2.96,3.21,3.69,0.93,1.33,-0.07
2839.0,2.93,3.46,3.53,0.909,1.07,-0.012
2839.25,3.0,3.44,3.9,1.05,1.0,0.22
2839.5,2.98,3.68,4.26,0.897,0.868,0.265
2839.75,3.08,4.1,6.5,0.827,0.724,0.448
2840.0,3.07,4.42,7.91,0.823,0.673,0.674
2840.25,3.21,4.43,9.01,1.06,0.676,0.991
2840.5,3.58,4.8,9.16,1.63,1.64,1.44
2840.75,4.64,8.11,11.4,2.74,3.93,2.65
2841.0,6.36,8.75,12.1,2.76,4.07,2.55
2841.25,4.64,8.82,12.9,2.81,4.03,2.7
2841.5,5.13,8.84,13.0,2.68,4.03,2.81
2841.75,5.22,8.83,12.9,2.93,3.94,2.72
2842.0,5.03,8.8,12.8,2.72,3.74,2.53
2842.25,5.7,9.31,13.4,3.08,4.2,3.12
2842.5,5.38,9.22,13.0,3.12,4.22,3.21
2842.75,5.44,9.25,13.3,3.25,4.22,2.97
2843.0,6.34,9.13,13.0,3.9,4.24,3.12
2843.25,6.14,9.25,13.5,3.62,4.37,3.16
2843.5,5.81,9.34,13.5,3.42,4.44,3.14
2843.75,5.59,8.75,12.5,3.09,3.99,2.55
2844.0,6.05,8.63,12.9,3.35,4.0,2.5
2844.25,5.58,8.56,12.8,3.13,3.87,2.87
2844.5,5.45,8.53,13.0,2.99,3.79,2.77
2844.75,6.15,8.93,13.0,3.41,4.23,2.92
2845.0,6.72,8.92,13.3,3.4,4.22,2.82
2845.25,6.47,8.62,13.5,3.55,4.13,2.9
2845.5,6.09,9.01,13.2,3.18,4.31,3.03
2845.75,6.14,9.07,13.8,3.42,4.41,2.72
2846.0,6.24,9.14,13.2,3.14,4.42,2.77
2846.25,6.22,9.09,13.8,3.26,4.38,2.9
2846.5,7.16,9.07,13.3,3.59,4.24,2.91
2846.75,5.03,6.93,13.5,2.84,3.62,2.68
2847.0,4.94,6.27,13.3,2.81,3.4,2.55
2847.25,4.87,6.11,13.2,2.61,3.4,2.22
2847.5,4.12,5.64,12.5,2.04,3.0,1.74
2847.75,4.55,5.94,12.8,2.15,3.26,1.89
2848.0,4.53,5.43,12.7,2.15,3.28,2.09
2848.25,4.47,5.51,10.9,1.94,3.04,1.62
2848.5,4.12,5.47,10.1,1.77,2.94,1.5
2848.75,4.08,5.28,10.3,1.68,2.78,1.47
2849.0,4.61,5.38,10.4,2.01,2.86,1.81
2849.25,5.45,7.5,10.3,2.49,3.14,1.85
2849.5,5.06,7.04,9.79,2.1,2.23,1.08
2849.75,4.38,6.96,9.32,1.68,2.02,0.777
2850.0,4.17,6.9,9.35,1.52,1.97,0.892
2850.25,4.2,6.87,9.35,1.55,2.01,0.819
2850.5,4.31,6.92,9.32,1.72,2.0,0.731
2850.75,4.14,6.5,9.07,1.68,1.88,0.78
2851.0,3.09,4.08,8.34,1.1,1.1,0.307
2851.25,3.07,3.95,8.26,1.04,1.1,0.618
2851.5,2.88,3.75,8.24,0.781,0.879,0.434
2851.75,2.99,3.82,8.5,0.946,0.829,0.227
2852.0,3.07,3.73,8.24,1.09,0.82,0.379
2852.25,3.07,3.75,8.31,1.1,0.808,0.612
2852.5,3.02,3.82,8.07,1.01,0.79,0.449
2852.75,2.88,3.82,8.36,0.762,0.837,0.196
2853.0,2.88,3.88,8.17,0.804,0.948,0.204
2853.25,3.12,3.98,8.5,1.13,1.09,0.488
2853.5,3.17,4.0,8.39,1.21,1.08,0.516
2853.75,3.08,3.95,8.26,1.09,1.06,0.373
2854.0,2.92,3.95,8.03,0.841,1.04,0.208
2854.25,2.85,3.96,8.44,0.761,1.02,0.185
2854.5,3.1,3.97,8.39,1.12,0.998,0.537
2854.75,3.09,3.95,6.57,1.11,1.0,0.571
2855.0,3.1,3.53,4.04,1.11,1.09,-0.14
2855.25,3.01,3.36,3.58,0.966,1.18,-0.1
2855.5,3.09,3.41,3.52,1.07,1.17,-0.015
2855.75,3.03,3.29,4.11,1.03,1.01,0.232
2856.0,2.89,3.2,3.81,0.84,0.965,0.0695
2856.25,3.04,3.24,3.71,1.05,0.957,-0.11
2856.5,2.99,3.24,3.61,0.96,0.944,-0.093
2856.75,2.97,3.22,3.46,0.913,0.933,0.145
2857.0,2.96,3.06,3.64,0.924,0.944,0.0311
2857.25,2.96,3.22,3.72,0.922,0.934,0.07
2857.5,3.14,3.37,3.5,1.16,1.19,-0.042
2857.75,3.12,3.35,3.81,1.12,1.17,0.0971
2858.0,2.99,3.36,3.78,0.948,1.18,0.0393
2858.25,2.91,3.04,3.36,0.843,1.2,-0.088
2858.5,2.97,3.35,3.45,0.934,1.17,-0.021
2858.75,3.07,3.19,3.6,1.1,0.938,0.274
2859.0,3.02,3.19,3.61,1.02,0.953,0.0535
2859.25,2.89,3.05,3.41,0.802,0.962,-0.1
2859.5,2.87,3.18,3.61,0.774,0.948,0.0879
2859.75,3.15,3.19,3.59,1.18,0.955,0.0942
2860.0,3.15,2.88,3.66,1.2,0.972,0.179
2860.25,3.04,3.36,3.69,1.04,1.14,-0.025
2860.5,2.8,3.36,3.39,0.668,1.18,-0.097
2860.75,2.96,3.24,3.47,0.907,1.19,0.0963
2861.0,3.07,3.33,3.41,1.09,1.18,0.0406
2861.25,3.07,3.24,3.48,1.09,1.15,-0.097
2861.5,3.01,3.18,3.7,1.01,0.955,0.0609
2861.75,2.82,3.16,3.3,0.697,0.975,0.184
2862.0,3.04,2.89,3.52,1.02,1.0,0.0133
2862.25,3.12,3.17,3.43,1.15,0.999,-0.094
2862.5,3.04,3.02,3.62,1.04,1.04,-0.092
2862.75,2.86,3.27,3.57,0.774,1.05,0.199
2863.0,2.88,3.52,4.1,0.774,1.18,0.016
2863.25,2.98,3.77,3.81,0.945,1.14,-0.19
2863.5,2.98,3.69,3.65,0.939,1.16,0.0276
2863.75,2.91,3.52,3.86,0.809,1.04,0.0322
2864.0,3.12,3.76,4.52,1.13,0.893,-0.0058
2864.25,3.1,3.87,4.56,0.98,0.844,0.154
2864.5,3.47,4.33,6.54,0.826,0.773,0.501
2864.75,4.65,6.08,9.17,1.45,1.66,1.07
2865.0,5.05,8.52,11.8,2.5,3.83,2.23
2865.25,5.13,8.45,12.1,2.42,4.02,2.44
2865.5,4.95,7.55,12.4,2.52,3.76,2.4
2865.75,4.92,7.53,12.4,2.65,3.83,2.35
2866.0,5.17,8.32,12.4,2.76,3.86,2.3
2866.25,5.56,8.61,14.0,3.07,3.83,2.42
2866.5,5.76,8.42,14.0,3.13,3.71,2.4
2866.75,5.47,8.34,14.3,2.78,3.8,2.16
2867.0,4.85,6.16,14.5,2.6,3.35,2.2
2867.25,5.77,7.25,14.7,3.12,3.61,2.57
2867.5,5.7,8.28,12.9,3.0,4.0,2.41
2867.75,5.36,6.2,12.8,2.9,3.63,2.37
2868.0,5.73,6.24,12.7,3.08,3.6,2.39
2868.25,5.4,6.22,12.5,2.99,3.61,2.48
2868.5,4.65,6.19,11.0,2.96,3.62,2.33
2868.75,4.43,6.27,10.4,2.91,3.59,2.11
2869.0,4.71,7.12,10.2,2.98,3.78,2.11
2869.25,4.92,8.44,10.3,2.82,4.08,2.24
2869.5,5.34,8.25,10.8,2.97,3.92,2.01
2869.75,5.26,8.29,9.95,2.98,3.86,2.1
2870.0,5.36,8.24,10.5,3.01,3.86,2.11
2870.25,6.29,8.24,9.85,3.38,3.87,2.21
2870.5,7.03,8.41,10.3,3.28,4.09,2.04
2870.75,6.7,8.49,10.2,3.53,4.08,1.93
2871.0,6.95,8.38,9.92,3.44,4.08,1.95
2871.25,6.77,8.38,10.7,3.51,4.08,2.29
2871.5,6.01,8.39,10.1,3.15,4.08,2.1
2871.75,6.09,8.24,10.5,3.17,3.91,1.9
2872.0,5.64,8.27,10.1,2.97,3.87,1.96
2872.25,6.29,8.09,10.6,3.24,3.47,2.13
2872.5,5.73,7.76,10.6,3.04,3.03,2.09
2872.75,6.28,7.67,10.6,3.37,3.1,2.05
2873.0,5.76,7.4,8.06,2.7,2.72,1.32
2873.25,5.12,7.23,7.37,2.06,2.26,1.02
2873.5,4.88,7.07,7.14,1.96,2.08,0.842
2873.75,5.01,6.99,7.32,1.93,1.95,0.694
2874.0,4.41,7.05,6.71,1.74,1.97,0.706
2874.25,4.5,6.99,6.31,1.72,2.01,0.816
2874.5,4.97,6.92,6.75,1.92,2.04,0.826
2874.75,4.48,6.94,6.34,1.76,2.03,0.606
2875.0,4.56,6.7,6.69,1.8,1.95,0.572
2875.25,3.75,6.66,6.15,1.43,1.83,0.587
2875.5,3.11,4.18,6.45,0.974,1.1,0.39
2875.75,2.87,3.25,5.19,0.739,1.06,0.332
2876.0,2.86,3.3,5.64,0.743,1.11,0.199
2876.25,3.07,3.39,5.12,1.03,1.23,0.248
2876.5,3.14,3.43,5.56,1.14,1.23,0.519
2876.75,3.2,3.39,5.31,1.14,1.23,0.235
2877.0,3.03,3.39,4.92,0.918,1.26,0.145
2877.25,2.87,3.4,5.32,0.735,1.23,0.166
2877.5,3.01,3.38,5.24,0.962,1.23,0.367
2877.75,3.08,3.34,5.12,1.07,1.14,0.292
2878.0,3.03,3.23,5.3,0.976,1.01,0.304
2878.25,2.94,3.25,5.28,0.824,1.02,0.181
2878.5,2.87,3.21,5.13,0.751,1.01,0.38
2878.75,3.12,3.22,5.52,1.09,0.99,0.188
2879.0,3.15,3.24,5.03,1.16,1.01,0.227
2879.25,3.04,3.38,5.34,1.0,1.17,0.322
2879.5,2.86,3.38,5.25,0.721,1.19,0.386
2879.75,2.9,3.36,5.03,0.79,1.2,0.275
