Hora_decimal,P fase A,P fase B,P fase C,Q fase A,Q fase B,Q fase C
2160.0,4.15,1.76,1.99,1.67,0.745,1.42
2160.25,4.08,2.51,2.35,1.64,1.22,1.66
2160.5,3.93,1.28,2.11,1.51,0.696,1.58
2160.75,3.94,2.46,2.08,1.45,1.15,1.5
2161.0,4.02,1.75,2.08,1.52,0.7,1.43
2161.25,3.99,2.55,2.1,1.46,1.34,1.42
2161.5,4.19,1.33,2.45,1.57,0.654,1.61
2161.75,4.24,2.79,2.17,1.65,1.26,1.51
2162.0,4.23,1.55,2.13,1.64,0.849,1.45
2162.25,4.25,2.31,2.21,1.7,1.1,1.56
2162.5,3.92,1.25,2.1,1.29,0.53,1.45
2162.75,4.05,2.56,2.45,1.52,1.27,1.66
2163.0,4.14,1.44,2.27,1.63,0.497,1.73
2163.25,4.17,2.46,2.13,1.74,1.12,1.44
2163.5,4.12,1.36,2.0,1.62,0.82,1.3
2163.75,4.12,2.48,2.05,1.64,1.29,1.4
2164.0,4.17,1.39,2.14,1.54,0.755,1.43
2164.25,4.23,2.13,2.25,1.64,1.08,1.33
2164.5,4.17,1.15,2.02,1.5,0.683,1.36
2164.75,4.3,2.39,2.0,1.62,1.06,1.3
2165.0,4.2,1.4,2.19,1.52,0.619,1.57
2165.25,4.28,2.32,2.11,1.64,0.932,1.48
2165.5,5.49,1.39,2.92,1.35,0.635,1.22
2165.75,5.58,2.69,3.04,1.49,1.21,1.3
2166.0,4.54,1.74,2.89,1.59,0.814,1.35
2166.25,4.41,2.47,2.59,1.62,1.29,1.53
2166.5,4.22,1.77,2.28,1.45,0.732,1.34
2166.75,3.75,2.25,2.49,1.02,0.818,1.29
2167.0,2.81,2.14,2.85,1.31,0.676,1.4
2167.25,5.23,2.96,4.32,3.18,0.711,1.6
2167.5,5.45,2.87,5.66,3.13,0.336,1.62
2167.75,5.1,3.4,6.22,3.26,0.807,1.64
2168.0,6.93,3.96,7.34,2.84,0.526,1.59
2168.25,6.55,3.28,6.98,2.79,0.428,1.79
2168.5,6.75,3.76,7.22,2.87,0.485,1.55
2168.75,7.11,4.3,9.74,2.76,0.674,1.78
2169.0,7.33,3.64,12.5,3.07,0.324,2.06
2169.25,6.5,6.5,10.4,1.22,0.796,1.35
2169.5,4.83,7.04,10.2,0.64,1.08,1.25
2169.75,5.91,8.71,11.3,0.363,0.521,0.664
2170.0,8.58,6.94,10.3,0.378,0.586,0.776
2170.25,8.41,7.74,10.7,0.34,0.558,0.71
2170.5,8.49,6.88,11.0,0.364,0.229,0.886
2170.75,7.71,8.79,11.8,0.0373,0.518,0.836
2171.0,8.79,8.55,11.3,0.427,0.523,0.603
2171.25,7.19,8.68,9.14,0.579,0.523,0.797
2171.5,7.56,10.3,8.57,0.923,0.597,1.03
2171.75,7.12,8.97,6.8,1.43,0.44,1.02
2172.0,8.01,5.3,8.64,1.7,0.644,1.08
2172.25,6.98,6.67,6.4,1.63,0.653,1.03
2172.5,6.64,3.58,6.7,1.64,0.438,1.39
2172.75,9.12,4.15,5.48,1.22,0.505,1.31
2173.0,11.0,3.93,6.39,1.54,0.498,1.2
2173.25,10.7,4.51,6.72,1.41,0.493,1.49
2173.5,11.9,5.75,7.3,3.39,0.361,2.6
2173.75,12.1,6.76,9.89,3.33,0.552,2.93
2174.0,12.3,6.55,10.3,3.12,0.458,2.68
2174.25,12.3,6.56,10.3,3.29,0.284,2.61
2174.5,11.7,6.42,10.2,3.4,0.43,2.99
2174.75,10.6,6.67,11.6,3.2,0.399,2.83
2175.0,10.1,6.16,10.3,3.2,0.245,2.43
2175.25,11.0,6.26,10.7,3.29,0.554,2.08
2175.5,11.1,5.34,10.3,3.25,0.546,2.09
2175.75,11.5,3.96,9.69,3.43,0.376,2.25
2176.0,11.3,4.5,9.31,3.42,0.677,2.14
2176.25,10.8,3.36,7.56,3.48,0.644,1.07
2176.5,10.2,4.34,5.82,2.98,0.545,1.39
2176.75,8.54,3.47,4.61,2.9,0.334,1.39
2177.0,6.68,3.85,4.24,2.93,0.8,1.21
2177.25,5.25,3.34,4.18,1.85,0.442,1.28
2177.5,4.32,3.19,3.67,0.81,0.586,1.39
2177.75,4.26,2.84,3.4,0.814,0.61,1.45
2178.0,3.34,3.06,3.55,0.65,0.826,1.73
2178.25,3.33,2.82,2.91,0.711,0.53,1.5
2178.5,4.64,3.07,3.7,1.37,0.945,1.49
2178.75,4.9,3.04,2.75,1.38,0.781,1.41
2179.0,5.49,2.63,2.65,1.18,0.817,1.44
2179.25,6.13,3.0,2.6,1.45,1.02,1.55
2179.5,5.86,3.42,3.36,1.25,1.07,1.35
2179.75,5.83,2.03,3.48,1.28,0.391,1.34
2180.0,5.1,3.09,3.67,1.69,0.853,1.6
2180.25,4.79,2.57,3.8,1.59,0.572,1.66
2180.5,4.94,3.37,2.75,1.59,0.888,1.66
2180.75,4.78,2.39,2.62,1.42,0.756,1.52
2181.0,4.65,3.02,2.8,1.44,0.881,1.4
2181.25,4.92,2.32,3.56,1.59,0.504,1.61
2181.5,4.58,3.26,3.79,1.71,0.973,1.79
2181.75,4.02,2.16,2.27,1.64,0.548,1.45
2182.0,3.93,2.62,2.38,1.59,0.715,1.53
2182.25,3.92,2.12,2.35,1.55,0.511,1.66
2182.5,4.0,3.07,2.46,1.7,1.28,2.0
2182.75,3.91,2.06,2.58,1.52,0.607,1.95
2183.0,3.92,2.57,2.57,1.66,1.02,1.67
2183.25,3.92,1.64,1.97,1.73,0.827,1.69
2183.5,3.79,2.35,2.2,1.61,1.22,1.98
2183.75,3.81,1.12,2.09,1.56,0.579,1.88
2184.0,3.85,2.99,2.02,1.66,1.38,1.74
2184.25,3.9,1.44,2.27,1.67,0.945,1.73
2184.5,4.0,2.69,2.1,1.72,1.27,1.86
2184.75,3.99,1.46,2.12,1.62,0.82,1.91
2185.0,3.8,2.62,2.03,1.48,1.25,1.78
2185.25,3.96,1.21,1.9,1.66,0.537,1.62
2185.5,3.95,2.69,2.07,1.76,1.35,1.87
2185.75,3.92,1.44,2.38,1.74,0.87,1.95
2186.0,3.79,2.26,2.06,1.55,1.12,1.82
2186.25,3.95,1.56,2.1,1.71,0.914,1.85
2186.5,3.83,2.41,2.11,1.58,1.35,1.88
2186.75,3.85,1.42,2.24,1.59,0.803,2.05
2187.0,3.96,2.73,2.47,1.64,1.31,2.04
2187.25,4.06,1.54,2.0,1.81,0.655,1.78
2187.5,3.93,2.32,2.02,1.58,1.25,1.81
2187.75,4.05,1.41,2.04,1.77,0.821,1.86
2188.0,3.79,2.47,1.98,1.5,1.37,1.78
2188.25,3.97,1.55,1.93,1.75,0.975,1.66
2188.5,3.92,2.42,2.31,1.68,1.21,1.75
2188.75,3.93,1.65,1.97,1.69,0.694,1.74
2189.0,3.76,2.48,1.96,1.39,1.33,1.78
2189.25,3.97,1.81,2.17,1.6,1.02,1.59
2189.5,4.15,2.69,3.31,1.69,1.26,1.6
2189.75,5.2,1.43,2.7,1.8,0.643,1.71
2190.0,5.56,2.8,2.27,1.64,1.35,1.84
2190.25,4.79,1.53,1.99,1.78,0.63,1.72
2190.5,3.51,2.64,2.17,1.2,1.06,1.67
2190.75,1.87,1.62,2.24,0.819,0.834,1.63
2191.0,2.83,3.34,2.63,0.802,1.08,1.72
2191.25,3.07,2.43,3.49,0.819,0.619,1.97
2191.5,3.09,3.09,3.87,0.869,0.988,2.15
2191.75,3.31,5.61,4.55,1.04,0.623,2.1
2192.0,5.75,7.7,6.34,0.812,0.906,2.91
2192.25,8.42,8.06,9.02,0.81,0.516,3.06
2192.5,8.66,7.53,9.48,0.806,0.974,2.76
2192.75,10.3,9.34,11.0,2.53,1.02,2.99
2193.0,9.39,9.86,13.4,0.841,1.73,3.11
2193.25,9.84,9.72,13.4,0.556,1.51,3.16
2193.5,11.4,8.79,12.8,0.753,2.02,3.01
2193.75,11.8,10.6,11.8,0.77,2.34,3.06
2194.0,11.8,11.3,13.7,0.812,2.34,2.83
2194.25,12.6,8.39,11.8,0.884,1.05,2.47
2194.5,13.7,10.2,12.3,1.37,1.81,2.42
2194.75,14.6,8.33,11.1,1.35,1.0,2.32
2195.0,13.9,8.69,10.7,1.16,0.762,2.07
2195.25,12.7,7.85,12.3,0.307,0.411,2.08
2195.5,12.0,8.56,12.0,0.917,1.2,2.31
2195.75,11.7,6.74,10.6,0.569,0.595,2.39
2196.0,11.3,7.27,10.3,0.672,0.986,2.4
2196.25,5.79,5.05,9.9,0.606,0.348,2.49
2196.5,6.58,6.42,10.2,0.657,0.967,2.38
2196.75,7.0,7.55,8.8,0.692,1.72,1.98
2197.0,7.6,7.83,8.59,0.885,1.1,1.28
2197.25,12.0,10.2,14.4,2.1,1.26,2.7
2197.5,12.1,7.92,13.4,1.78,0.833,1.51
2197.75,10.5,8.2,13.4,1.33,0.205,1.5
2198.0,9.96,10.5,16.1,0.967,1.55,1.41
2198.25,9.95,9.52,16.3,1.03,1.29,1.5
2198.5,9.39,9.49,13.7,0.922,1.75,1.28
2198.75,10.4,9.64,11.4,1.16,1.29,1.24
2199.0,12.8,10.4,13.1,3.21,1.76,2.41
2199.25,11.4,9.64,14.8,2.78,1.54,3.06
2199.5,11.0,9.37,14.1,2.61,1.16,2.8
2199.75,10.3,7.06,13.1,2.61,0.356,2.85
2200.0,9.85,7.95,11.4,2.59,1.12,3.08
2200.25,9.69,6.06,11.3,2.42,0.458,3.34
2200.5,9.26,6.17,10.8,2.55,0.843,3.64
2200.75,7.6,7.71,9.48,1.69,0.903,3.23
2201.0,6.35,4.7,9.43,2.25,0.832,3.73
2201.25,5.77,3.94,9.21,2.96,0.499,3.99
2201.5,5.57,5.54,8.26,3.46,1.11,3.84
2201.75,4.32,3.22,5.41,3.36,0.791,3.22
2202.0,4.37,4.77,5.52,3.16,1.07,3.01
2202.25,4.76,4.72,4.81,2.18,0.616,2.51
2202.5,4.92,5.57,4.76,1.15,1.16,2.44
2202.75,5.01,4.64,4.94,1.33,0.542,2.75
2203.0,5.02,4.89,4.76,1.28,0.668,2.46
2203.25,5.01,4.81,4.86,1.17,0.656,2.31
2203.5,4.73,5.59,3.05,1.22,0.93,1.42
2203.75,4.78,4.89,3.13,1.48,0.699,1.52
2204.0,4.43,4.93,2.9,1.37,0.879,1.35
2204.25,4.3,3.26,2.83,1.47,0.856,1.33
2204.5,4.29,3.74,2.89,1.63,1.17,1.5
2204.75,4.15,2.74,3.39,1.44,0.643,1.69
2205.0,4.07,3.15,2.72,1.48,1.07,1.55
2205.25,3.8,2.78,2.02,1.27,1.01,1.49
2205.5,3.95,2.44,2.06,1.49,0.982,1.57
2205.75,4.19,2.52,2.23,1.67,1.05,1.8
2206.0,4.4,3.04,2.25,1.76,1.29,1.81
2206.25,3.96,2.44,2.38,1.52,0.933,1.63
2206.5,4.06,2.71,2.26,1.65,1.01,1.83
2206.75,3.91,2.79,2.33,1.45,1.11,1.81
2207.0,4.11,3.1,2.21,1.78,1.45,1.83
2207.25,3.91,2.35,2.3,1.48,0.982,2.0
2207.5,4.01,2.88,2.21,1.64,1.32,1.86
2207.75,3.93,2.71,2.48,1.57,1.15,1.78
2208.0,4.03,2.48,2.09,1.64,1.01,1.65
2208.25,4.08,2.55,2.06,1.55,0.908,1.5
2208.5,4.23,2.63,2.29,1.71,0.924,1.75
2208.75,4.2,2.3,2.35,1.64,0.831,1.89
2209.0,4.1,2.68,2.17,1.52,1.08,1.66
2209.25,3.96,2.71,2.52,1.4,1.17,1.64
2209.5,3.92,2.79,2.27,1.38,1.23,1.8
2209.75,4.04,2.73,2.25,1.58,1.02,1.77
2210.0,4.18,2.41,2.17,1.71,1.04,1.66
2210.25,4.08,2.82,2.16,1.59,0.924,1.63
2210.5,4.1,2.4,2.21,1.48,0.769,1.65
2210.75,4.19,2.45,2.62,1.62,1.07,1.81
2211.0,4.03,2.82,2.06,1.4,1.01,1.49
2211.25,4.22,2.4,2.03,1.68,0.966,1.45
2211.5,3.98,2.76,2.12,1.42,1.18,1.6
2211.75,4.08,2.61,2.13,1.58,1.15,1.66
2212.0,4.0,1.95,1.97,1.45,0.847,1.45
2212.25,4.07,2.71,2.44,1.59,1.07,1.55
2212.5,4.02,1.95,1.99,1.51,0.878,1.43
2212.75,4.14,2.91,2.11,1.64,1.1,1.63
2213.0,4.22,2.18,2.05,1.5,0.74,1.5
2213.25,4.32,2.83,2.84,1.62,1.01,1.35
2213.5,5.06,2.49,2.99,1.09,0.966,1.41
2213.75,5.75,2.58,2.98,1.65,1.05,1.5
2214.0,4.24,2.54,2.02,1.42,0.867,1.44
2214.25,4.31,2.7,2.05,1.46,0.914,1.48
2214.5,4.22,2.62,2.15,1.24,0.97,1.3
2214.75,2.73,2.58,2.28,0.737,1.18,1.37
2215.0,2.66,2.65,2.45,0.773,0.59,1.6
2215.25,3.28,2.95,4.17,0.809,0.948,1.25
2215.5,3.54,3.21,5.04,0.441,0.619,1.31
2215.75,3.93,3.55,6.4,0.916,0.812,1.38
2216.0,5.14,5.56,7.43,0.751,1.0,0.982
2216.25,5.66,7.09,7.65,0.907,1.15,1.07
2216.5,5.73,6.39,7.3,0.581,0.505,1.48
2216.75,6.99,6.4,8.24,0.584,0.872,1.18
2217.0,7.76,7.59,11.6,0.441,0.845,2.24
2217.25,7.51,10.4,11.3,0.373,1.03,2.26
2217.5,7.4,12.0,11.8,0.062,0.49,2.45
2217.75,7.56,14.6,11.2,0.474,1.09,2.66
2218.0,7.52,14.2,11.7,0.293,0.625,2.5
2218.25,7.38,11.7,12.9,0.433,0.866,2.52
2218.5,8.09,10.4,14.0,0.264,0.642,3.28
2218.75,7.87,12.0,11.0,0.0742,0.905,2.17
2219.0,8.91,10.1,9.87,0.091,0.523,2.0
2219.25,9.27,10.3,8.46,0.0873,1.1,1.43
2219.5,8.15,9.25,6.12,0.0733,0.709,1.33
2219.75,7.83,10.4,6.32,0.226,1.2,1.4
2220.0,8.53,9.98,7.61,0.553,0.73,1.29
2220.25,10.9,7.26,7.81,0.344,1.75,1.59
2220.5,9.38,6.76,9.18,0.47,1.32,1.53
2220.75,9.87,9.31,7.09,0.427,2.81,1.19
2221.0,9.07,6.96,6.76,0.747,1.43,1.29
2221.25,8.53,7.93,5.1,0.595,1.57,1.33
2221.5,8.78,5.96,6.29,0.489,0.442,1.21
2221.75,8.58,6.77,7.63,0.45,0.925,1.34
2222.0,8.72,5.44,6.89,0.553,0.69,1.08
2222.25,8.8,6.37,7.32,0.684,0.969,1.33
2222.5,9.19,4.98,8.29,0.847,0.384,1.26
2222.75,9.0,6.02,7.91,0.745,0.797,1.22
2223.0,8.31,6.87,8.74,0.628,0.997,1.32
2223.25,7.64,7.73,8.71,0.666,1.31,1.38
2223.5,7.57,9.26,9.91,0.662,1.14,2.16
2223.75,7.07,7.87,9.01,0.643,1.26,2.03
2224.0,7.4,6.08,9.17,0.815,0.424,2.08
2224.25,6.66,7.36,8.82,0.812,0.86,2.21
2224.5,5.62,6.38,8.52,0.728,0.891,2.32
2224.75,4.94,7.33,7.15,0.694,1.09,2.14
2225.0,4.66,2.94,5.89,0.947,0.378,2.18
2225.25,4.66,5.09,5.82,0.982,1.55,2.3
2225.5,4.5,2.53,5.57,0.917,0.46,2.32
2225.75,3.46,3.42,5.66,0.802,0.892,2.27
2226.0,3.61,2.83,5.28,1.07,0.484,2.24
2226.25,4.8,3.58,5.2,1.77,1.14,2.16
2226.5,4.28,2.46,4.89,1.31,0.398,2.29
2226.75,4.56,2.94,4.66,1.49,0.661,2.2
2227.0,4.46,2.0,4.84,1.37,0.425,2.45
2227.25,4.31,3.85,4.96,1.32,1.2,2.21
2227.5,4.29,2.11,4.59,1.3,0.385,2.3
2227.75,4.07,3.23,4.67,1.04,1.01,2.47
2228.0,4.07,2.37,2.91,1.6,0.521,1.38
2228.25,3.94,2.55,2.73,1.68,1.21,1.53
2228.5,3.78,1.43,2.42,1.52,0.643,1.68
2228.75,3.82,2.33,2.22,1.55,1.1,1.62
2229.0,3.76,1.53,2.31,1.49,0.724,1.78
2229.25,3.93,2.47,2.27,1.61,1.2,1.8
2229.5,3.94,1.24,2.24,1.63,0.673,1.74
2229.75,3.77,2.7,2.11,1.38,1.4,1.57
2230.0,3.97,1.62,2.59,1.62,0.813,1.83
2230.25,3.9,2.42,2.37,1.57,1.07,1.96
2230.5,3.96,1.56,2.23,1.56,0.809,1.84
2230.75,3.97,2.62,2.11,1.61,1.17,1.63
2231.0,3.97,1.69,2.2,1.62,0.792,1.68
2231.25,3.94,2.63,2.06,1.55,1.21,1.73
2231.5,3.92,1.38,2.38,1.48,0.71,1.86
2231.75,3.9,2.41,2.0,1.35,1.11,1.86
2232.0,4.17,1.57,1.92,1.58,0.881,1.74
2232.25,4.12,2.11,1.83,1.72,1.1,1.59
2232.5,4.12,1.52,1.86,1.66,0.868,1.63
2232.75,4.02,2.32,2.01,1.51,1.21,1.88
2233.0,4.11,1.81,2.44,1.66,1.06,1.78
2233.25,3.88,2.16,1.79,1.51,0.945,1.55
2233.5,3.95,1.41,1.89,1.7,0.826,1.68
2233.75,3.86,2.36,1.75,1.6,1.14,1.54
2234.0,3.8,1.63,1.8,1.54,0.859,1.6
2234.25,3.86,2.21,1.73,1.6,1.06,1.56
2234.5,3.89,1.42,2.0,1.6,0.816,1.39
2234.75,3.9,2.15,1.74,1.61,1.03,1.53
2235.0,4.05,1.9,1.92,1.74,1.31,1.75
2235.25,3.96,1.9,1.81,1.6,1.14,1.61
2235.5,3.9,1.49,1.86,1.52,0.698,1.69
2235.75,3.87,1.98,1.74,1.53,1.19,1.5
2236.0,3.81,1.81,2.04,1.56,1.05,1.48
2236.25,3.94,1.69,1.88,1.76,0.802,1.71
2236.5,3.93,1.8,1.76,1.72,1.05,1.55
2236.75,3.85,2.0,1.66,1.54,0.921,1.38
2237.0,4.24,1.8,1.86,1.55,0.969,1.67
2237.25,5.43,1.95,2.03,1.57,1.07,1.45
2237.5,5.27,1.88,1.79,1.52,0.878,1.62
2237.75,4.03,1.86,1.84,1.61,1.08,1.67
2238.0,4.22,2.05,1.59,1.46,1.1,1.34
2238.25,3.71,1.62,1.61,1.42,0.755,1.39
2238.5,3.03,1.8,1.7,1.04,0.973,1.39
2238.75,2.19,2.04,2.39,0.905,0.877,1.6
2239.0,2.78,2.35,2.71,1.23,0.631,1.48
2239.25,4.15,2.32,2.76,3.27,0.69,1.31
2239.5,4.31,3.33,3.04,3.22,0.832,1.14
2239.75,4.1,3.17,3.49,3.19,0.691,1.44
2240.0,4.89,3.05,4.98,3.11,0.732,1.37
2240.25,6.2,3.03,4.41,3.29,0.613,1.04
2240.5,7.52,3.62,5.07,3.18,0.793,1.04
2240.75,7.51,3.07,4.94,3.24,0.577,1.11
2241.0,7.67,4.1,6.42,3.27,0.619,1.34
2241.25,6.76,3.79,7.29,1.53,0.387,1.23
2241.5,6.42,5.67,7.77,0.726,0.813,0.989
2241.75,6.43,8.98,8.68,0.702,0.684,1.01
2242.0,6.53,8.98,7.23,0.374,0.859,0.819
2242.25,7.49,6.98,7.24,0.508,0.49,1.06
2242.5,7.35,8.86,7.55,0.465,0.623,1.04
2242.75,7.41,8.04,7.92,0.764,0.525,1.12
2243.0,7.7,8.75,6.93,0.767,0.974,1.34
2243.25,5.8,7.76,6.92,0.618,0.483,1.31
2243.5,5.69,8.16,7.18,0.625,0.789,1.34
2243.75,5.37,7.85,6.12,0.461,0.993,1.42
2244.0,4.54,7.94,7.11,0.155,0.715,1.22
2244.25,4.73,7.69,6.39,0.834,0.47,1.3
2244.5,4.79,5.89,7.46,0.66,0.881,1.69
2244.75,4.69,3.99,4.96,0.362,0.234,1.25
2245.0,5.67,4.57,4.75,0.88,0.671,1.21
2245.25,5.82,4.02,4.93,0.505,0.593,1.23
2245.5,7.19,5.22,5.42,0.814,1.18,1.02
2245.75,7.17,3.05,4.57,0.621,0.221,1.23
2246.0,6.8,4.63,6.41,0.369,0.816,1.87
2246.25,6.8,3.18,4.76,0.554,0.549,1.42
2246.5,6.59,3.66,6.29,0.828,0.654,1.93
2246.75,6.57,2.85,4.28,0.846,0.339,1.44
2247.0,6.6,3.66,4.32,0.836,0.903,1.44
2247.25,6.18,2.48,4.25,1.06,0.408,1.56
2247.5,5.85,3.35,3.95,0.725,0.628,1.45
2247.75,5.55,2.05,4.3,0.685,0.3,1.38
2248.0,4.96,3.45,3.61,0.62,0.859,1.38
2248.25,4.42,2.58,3.55,0.741,0.373,1.51
2248.5,4.2,3.81,3.35,0.881,1.06,1.48
2248.75,3.97,2.16,2.99,0.747,0.454,1.39
2249.0,3.65,3.21,2.62,0.697,0.85,1.28
2249.25,3.5,2.22,2.7,0.84,0.413,1.45
2249.5,2.79,3.19,2.92,0.911,0.853,1.54
2249.75,2.52,1.71,2.4,1.05,0.306,1.44
2250.0,2.2,3.13,2.41,0.801,0.998,1.51
2250.25,2.2,1.76,2.39,0.854,0.532,1.4
2250.5,2.75,2.79,2.38,1.33,0.876,1.49
2250.75,4.15,1.63,2.27,1.6,0.689,1.37
2251.0,4.39,2.65,2.7,1.59,1.01,1.41
2251.25,4.32,1.23,2.39,1.49,0.319,1.51
2251.5,4.22,2.6,2.43,1.41,0.9,1.64
2251.75,4.26,1.83,2.37,1.44,0.557,1.56
2252.0,4.33,2.47,2.32,1.56,0.931,1.48
2252.25,4.21,1.42,2.26,1.49,0.481,1.56
2252.5,4.25,2.11,2.35,1.67,1.14,1.76
2252.75,4.24,0.966,2.01,1.65,0.692,1.52
2253.0,3.93,2.28,2.05,1.71,1.14,1.74
2253.25,3.99,1.02,1.99,1.79,0.675,1.75
2253.5,3.98,2.05,1.94,1.8,1.12,1.64
2253.75,3.99,1.12,2.3,1.72,0.924,1.56
2254.0,3.81,1.92,1.8,1.51,1.02,1.44
2254.25,4.07,1.02,1.84,1.59,0.501,1.48
2254.5,3.97,1.92,1.93,1.82,1.12,1.62
2254.75,3.93,1.42,1.86,1.78,0.78,1.55
2255.0,4.03,1.8,2.1,1.69,0.992,1.52
2255.25,4.02,1.59,1.88,1.64,0.982,1.49
2255.5,3.94,1.93,1.89,1.54,1.17,1.51
2255.75,4.02,1.43,2.02,1.65,0.671,1.73
2256.0,4.18,1.6,1.89,1.75,0.924,1.53
2256.25,3.99,1.5,1.91,1.5,0.86,1.52
2256.5,4.18,1.56,2.3,1.76,0.943,1.57
2256.75,4.1,1.58,2.01,1.65,0.941,1.75
2257.0,4.03,1.57,1.84,1.65,0.858,1.52
2257.25,4.08,1.68,1.73,1.75,0.979,1.39
2257.5,4.08,1.93,1.84,1.74,1.02,1.5
2257.75,4.03,1.25,2.13,1.63,0.699,1.48
2258.0,3.97,1.59,1.98,1.56,0.929,1.73
2258.25,3.89,1.68,1.96,1.44,0.98,1.65
2258.5,4.16,1.62,1.85,1.81,0.942,1.48
2258.75,4.08,1.77,1.84,1.72,1.04,1.48
2259.0,4.05,1.67,1.84,1.65,0.973,1.48
2259.25,4.14,1.36,2.12,1.68,0.775,1.48
2259.5,4.1,1.62,1.88,1.6,0.953,1.5
2259.75,4.15,1.8,1.78,1.67,1.09,1.42
2260.0,4.24,1.36,1.84,1.82,0.661,1.53
2260.25,3.93,1.98,1.95,1.51,1.05,1.67
2260.5,4.09,1.26,2.18,1.71,0.787,1.63
2260.75,4.07,1.75,1.95,1.68,0.94,1.7
2261.0,4.05,1.43,1.83,1.66,0.761,1.54
2261.25,4.02,1.9,1.81,1.64,0.88,1.46
2261.5,4.09,1.12,1.86,1.73,0.656,1.52
2261.75,4.01,2.11,2.18,1.66,1.4,1.52
2262.0,3.98,1.3,1.94,1.62,0.795,1.53
2262.25,3.63,2.1,1.9,1.41,1.02,1.48
2262.5,2.81,1.09,1.98,1.23,0.704,1.71
2262.75,1.85,2.02,1.88,1.16,0.891,1.53
2263.0,1.98,0.974,1.82,1.25,0.623,1.33
2263.25,1.85,2.29,2.02,1.12,1.15,1.45
2263.5,1.85,0.782,1.77,1.13,0.529,1.57
2263.75,1.74,1.79,1.75,0.979,1.13,1.53
2264.0,1.78,1.01,1.86,1.14,0.784,1.74
2264.25,1.81,2.19,1.72,1.18,1.09,1.49
2264.5,1.73,0.91,1.97,1.01,0.708,1.45
2264.75,1.81,2.23,1.6,1.09,1.15,1.35
2265.0,1.82,1.02,1.79,1.15,0.768,1.56
2265.25,1.67,2.2,1.82,0.928,1.19,1.65
2265.5,1.88,0.873,1.64,1.22,0.467,1.38
2265.75,1.78,2.12,1.96,1.08,1.08,1.53
2266.0,1.8,1.05,1.77,1.09,0.797,1.5
2266.25,1.78,2.23,1.77,0.924,1.08,1.6
2266.5,1.86,0.936,1.71,1.07,0.688,1.51
2266.75,1.9,2.39,1.72,1.1,1.29,1.48
2267.0,2.0,0.891,1.69,1.3,0.616,1.48
2267.25,1.87,2.18,2.02,1.0,1.13,1.4
2267.5,1.88,1.14,1.86,1.08,0.86,1.6
2267.75,1.71,2.49,1.76,0.957,1.1,1.47
2268.0,1.75,1.15,1.69,0.968,0.622,1.38
2268.25,1.89,2.11,1.73,1.15,1.25,1.54
2268.5,1.71,0.904,1.7,0.995,0.664,1.49
2268.75,1.93,2.23,2.02,1.22,1.11,1.57
2269.0,1.83,1.18,1.83,1.1,0.756,1.62
2269.25,1.84,2.44,1.81,1.17,1.35,1.57
2269.5,1.77,1.18,1.81,1.04,0.52,1.66
2269.75,2.73,2.42,2.28,0.919,1.17,1.69
2270.0,3.01,1.39,2.39,0.823,0.853,1.62
2270.25,2.93,2.26,2.67,0.687,1.13,1.57
2270.5,2.77,1.26,2.31,0.491,0.651,1.46
2270.75,3.02,2.3,3.4,0.845,1.1,1.74
2271.0,2.97,1.36,2.45,0.757,0.64,1.67
2271.25,3.05,2.29,2.31,0.791,1.13,1.41
2271.5,3.12,1.65,2.5,0.867,0.898,1.54
2271.75,2.96,2.25,2.48,0.625,1.08,1.69
2272.0,3.02,1.26,2.12,0.746,0.561,1.7
2272.25,2.22,2.11,1.95,0.733,1.1,1.65
2272.5,1.74,1.41,1.69,0.955,0.808,1.36
2272.75,1.84,2.34,2.24,1.12,1.13,1.35
2273.0,1.71,1.38,1.86,0.902,0.685,1.5
2273.25,1.79,2.31,1.91,1.02,1.26,1.58
2273.5,1.58,1.37,1.71,0.804,0.688,1.32
2273.75,1.74,2.27,1.72,1.02,1.01,1.33
2274.0,1.72,1.43,1.69,0.957,0.694,1.31
2274.25,1.72,2.35,1.76,0.995,1.05,1.37
2274.5,2.14,1.33,2.23,0.789,0.56,1.32
2274.75,3.28,1.93,1.59,1.11,1.11,1.2
2275.0,3.29,1.35,1.64,1.15,0.679,1.26
2275.25,3.69,2.25,1.84,1.59,0.986,1.56
2275.5,3.78,1.51,1.74,1.64,0.825,1.43
2275.75,3.75,1.56,1.77,1.62,0.944,1.53
2276.0,3.8,1.38,1.65,1.56,0.717,1.36
2276.25,3.91,2.3,2.22,1.69,1.13,1.52
2276.5,3.77,1.49,1.79,1.51,0.899,1.58
2276.75,3.9,1.74,1.7,1.72,0.884,1.45
2277.0,3.84,1.29,1.65,1.74,0.734,1.35
2277.25,3.75,1.89,1.85,1.58,1.01,1.61
2277.5,3.82,1.58,2.0,1.7,0.719,1.69
2277.75,3.71,1.84,2.6,1.53,0.852,1.58
2278.0,3.95,1.86,1.8,1.86,1.19,1.6
2278.25,3.79,1.88,1.77,1.62,1.1,1.6
2278.5,3.82,1.5,1.84,1.65,0.957,1.74
2278.75,3.9,1.8,1.66,1.6,1.0,1.43
2279.0,3.9,1.48,1.65,1.64,0.643,1.36
2279.25,3.86,1.88,1.7,1.55,0.87,1.46
2279.5,3.97,1.39,1.78,1.76,0.977,1.64
2279.75,3.82,2.12,2.16,1.67,0.877,1.45
2280.0,3.75,1.67,1.72,1.61,0.895,1.47
2280.25,3.62,1.8,1.87,1.4,1.0,1.57
2280.5,3.79,1.75,1.97,1.66,0.906,1.78
2280.75,3.58,1.77,1.82,1.35,0.989,1.52
2281.0,3.86,1.8,2.52,1.75,0.828,1.5
2281.25,3.76,1.6,1.88,1.58,0.744,1.56
2281.5,3.82,1.82,1.97,1.6,1.05,1.77
2281.75,3.81,1.63,2.09,1.5,0.889,1.94
2282.0,3.87,1.69,1.96,1.62,0.851,1.79
2282.25,3.85,1.29,1.81,1.61,0.635,1.57
2282.5,3.81,1.95,1.9,1.72,1.07,1.66
2282.75,3.63,1.46,1.86,1.42,0.785,1.63
2283.0,3.87,1.87,2.54,1.73,1.02,1.79
2283.25,3.72,1.37,1.81,1.49,0.887,1.6
2283.5,3.77,2.09,1.68,1.58,1.19,1.46
2283.75,3.8,1.16,1.71,1.58,0.752,1.45
2284.0,3.81,1.94,1.95,1.62,1.05,1.78
2284.25,3.86,0.863,1.82,1.6,0.497,1.6
2284.5,3.91,2.08,1.78,1.6,1.02,1.53
2284.75,3.83,1.08,2.3,1.44,0.913,1.46
2285.0,3.91,2.34,1.79,1.62,1.17,1.55
2285.25,3.88,0.885,1.77,1.6,0.711,1.58
2285.5,3.87,2.23,1.68,1.65,1.12,1.42
2285.75,3.76,0.885,1.79,1.47,0.63,1.59
2286.0,3.78,2.22,1.7,1.51,1.15,1.45
2286.25,3.47,0.907,1.87,1.43,0.74,1.71
2286.5,2.51,2.15,2.43,1.03,1.05,1.6
2286.75,1.6,1.09,1.63,0.981,0.862,1.38
2287.0,1.68,2.38,1.65,1.15,1.08,1.41
2287.25,1.6,1.0,1.61,1.06,0.609,1.38
2287.5,1.68,2.13,1.76,1.04,1.11,1.62
2287.75,1.72,1.04,1.68,1.08,0.712,1.42
2288.0,1.78,2.38,1.68,1.19,1.23,1.41
2288.25,1.72,1.08,2.22,1.13,0.737,1.48
2288.5,1.58,2.14,1.72,1.03,1.09,1.5
2288.75,1.53,0.988,1.77,0.963,0.654,1.58
2289.0,1.57,2.32,1.68,1.03,1.33,1.44
2289.25,1.66,0.825,1.65,1.14,0.545,1.39
2289.5,1.61,2.24,1.69,1.08,1.01,1.45
2289.75,1.67,1.04,1.8,1.17,0.811,1.61
2290.0,1.57,2.38,2.2,1.02,1.26,1.49
2290.25,1.7,0.905,1.77,1.07,0.582,1.53
2290.5,1.75,2.3,1.81,1.12,1.08,1.4
2290.75,1.66,1.18,1.95,0.912,0.622,1.67
2291.0,1.82,2.37,1.87,1.1,1.02,1.7
2291.25,1.84,1.33,1.73,1.25,0.684,1.56
2291.5,1.59,2.07,1.73,0.887,1.13,1.46
2291.75,1.75,1.31,2.21,1.13,0.703,1.45
2292.0,1.61,2.59,1.61,0.926,1.3,1.31
2292.25,1.73,1.45,1.89,1.12,0.855,1.73
2292.5,1.78,1.91,1.75,1.09,0.901,1.54
2292.75,1.8,1.5,1.68,1.08,0.65,1.43
2293.0,1.77,2.29,1.71,1.0,1.14,1.49
2293.25,1.83,1.47,1.78,1.14,0.806,1.57
2293.5,1.73,2.23,2.06,0.947,0.943,1.66
2293.75,1.85,1.41,2.03,1.21,0.703,1.37
2294.0,1.66,2.4,1.62,1.02,1.11,1.33
2294.25,1.74,1.67,1.82,1.11,0.802,1.63
2294.5,1.7,2.18,1.88,1.03,1.13,1.74
2294.75,1.68,1.59,1.73,0.999,0.9,1.51
2295.0,1.71,1.95,1.68,0.906,0.913,1.46
2295.25,1.92,1.77,1.66,1.17,0.747,1.39
2295.5,1.9,2.26,2.38,1.16,0.959,1.7
2295.75,1.81,1.61,1.73,1.07,0.814,1.49
2296.0,1.76,2.06,1.66,0.995,0.86,1.36
2296.25,1.85,1.92,1.67,1.1,0.861,1.36
2296.5,1.77,2.05,1.76,0.995,1.02,1.5
2296.75,1.7,1.91,1.72,0.896,1.02,1.45
2297.0,1.74,2.08,1.74,1.05,0.96,1.39
2297.25,1.65,1.84,2.25,0.918,0.917,1.29
2297.5,1.64,1.8,1.77,0.885,0.901,1.5
2297.75,1.7,1.83,1.78,0.979,0.675,1.56
2298.0,1.73,1.75,2.11,1.0,0.93,1.3
2298.25,1.82,2.02,1.67,0.953,0.958,1.38
2298.5,3.16,1.71,1.76,1.76,0.68,1.51
2298.75,3.82,1.85,1.75,1.3,0.834,1.4
2299.0,3.87,2.01,1.76,1.29,0.849,1.33
2299.25,3.98,1.97,1.85,1.45,0.974,1.46
2299.5,3.92,2.08,1.95,1.49,0.92,1.6
2299.75,3.91,1.98,1.81,1.45,0.86,1.46
2300.0,4.08,1.93,2.33,1.69,0.852,1.45
2300.25,3.88,1.51,1.89,1.35,0.698,1.39
2300.5,4.08,1.89,1.81,1.57,0.83,1.44
2300.75,4.03,1.8,2.0,1.42,0.875,1.73
2301.0,4.07,1.63,1.94,1.54,0.757,1.68
2301.25,4.19,2.13,1.87,1.69,0.973,1.58
2301.5,4.17,1.87,2.24,1.74,0.986,1.62
2301.75,3.98,2.05,1.95,1.49,0.978,1.57
2302.0,4.09,1.89,2.01,1.65,1.15,1.76
2302.25,4.19,1.77,1.8,1.5,0.847,1.57
2302.5,4.06,1.83,1.75,1.75,0.641,1.52
2302.75,4.03,2.05,1.85,1.68,1.13,1.61
2303.0,3.97,1.89,1.93,1.55,0.872,1.67
2303.25,4.06,1.92,2.29,1.58,0.845,1.65
2303.5,4.13,1.56,1.93,1.72,0.782,1.68
2303.75,3.98,2.04,1.76,1.5,1.13,1.43
2304.0,4.1,1.75,1.87,1.73,0.819,1.61
2304.25,4.09,1.88,2.0,1.77,1.0,1.77
2304.5,4.02,1.55,1.78,1.69,0.87,1.48
2304.75,3.92,2.28,2.02,1.52,0.98,1.57
2305.0,3.94,1.72,2.05,1.58,0.977,1.54
2305.25,3.93,1.89,2.01,1.6,1.07,1.8
2305.5,4.03,1.5,1.96,1.69,0.68,1.7
2305.75,4.21,2.04,1.91,1.84,0.983,1.64
2306.0,4.06,1.61,1.86,1.65,0.878,1.61
2306.25,4.03,2.0,1.94,1.59,0.985,1.75
2306.5,4.12,1.52,2.34,1.72,0.806,1.82
2306.75,3.95,2.3,1.97,1.62,1.23,1.69
2307.0,3.96,1.61,1.98,1.62,0.909,1.72
2307.25,4.07,2.3,2.09,1.78,1.17,1.9
2307.5,4.05,1.29,2.12,1.75,0.712,1.95
2307.75,4.03,2.07,1.99,1.71,0.885,1.74
2308.0,3.94,1.26,2.4,1.57,0.732,1.64
2308.25,4.15,2.09,1.91,1.83,1.1,1.67
2308.5,4.14,1.5,2.05,1.74,0.801,1.87
2308.75,4.16,2.43,1.98,1.82,1.16,1.74
2309.0,4.07,1.51,2.0,1.62,0.884,1.76
2309.25,4.14,2.26,3.57,1.72,0.956,1.72
2309.5,5.54,1.38,3.04,1.65,0.593,1.68
2309.75,5.58,2.34,3.32,1.73,1.13,1.75
2310.0,4.26,1.51,2.62,1.73,0.601,1.86
2310.25,4.26,2.51,2.25,1.64,1.06,1.72
2310.5,4.16,1.31,2.23,1.51,0.752,1.65
2310.75,3.13,2.68,2.11,1.03,0.969,1.48
2311.0,2.72,1.69,2.75,0.733,0.568,1.3
2311.25,3.36,3.18,3.6,0.669,0.912,1.78
2311.5,3.95,1.9,4.82,0.96,0.119,1.99
2311.75,4.59,4.14,5.68,0.776,0.789,1.52
2312.0,4.37,3.58,5.34,0.737,0.449,1.56
2312.25,6.84,4.42,5.74,0.479,0.743,1.3
2312.5,7.02,4.21,7.24,0.456,0.265,1.1
2312.75,8.43,5.76,6.15,0.68,0.699,1.1
2313.0,8.61,4.56,7.84,0.71,0.141,1.0
2313.25,8.23,5.79,9.37,0.353,0.703,1.25
2313.5,8.47,5.73,9.35,0.746,0.363,1.3
2313.75,8.61,10.3,9.65,0.665,0.836,1.01
2314.0,8.77,8.38,9.93,0.645,0.349,1.03
2314.25,8.33,6.24,8.89,0.785,0.64,1.01
2314.5,8.26,5.14,8.91,0.759,0.0083,1.07
2314.75,7.64,6.25,8.16,0.581,0.829,1.06
2315.0,8.1,7.5,8.33,0.609,0.338,0.962
2315.25,7.52,6.77,8.3,0.282,0.564,1.13
2315.5,7.94,6.48,6.75,0.947,0.405,1.25
2315.75,8.57,9.34,7.09,3.33,0.762,1.53
2316.0,6.69,8.73,8.02,3.15,0.309,1.44
2316.25,6.5,10.5,7.14,3.08,0.904,1.37
2316.5,6.54,7.96,6.87,3.2,0.49,1.62
2316.75,6.42,4.59,6.0,2.24,0.655,1.4
2317.0,5.25,7.64,5.49,0.732,1.33,1.18
2317.25,6.0,6.93,5.07,0.553,0.696,1.3
2317.5,7.11,4.79,6.96,0.61,0.28,1.2
2317.75,7.76,5.25,6.26,0.692,0.496,1.22
2318.0,7.38,4.09,6.59,0.685,-0.005,1.22
2318.25,7.62,5.51,6.58,0.675,0.495,1.01
2318.5,7.47,5.48,7.17,0.674,0.476,1.08
2318.75,7.76,5.09,8.43,0.958,0.419,2.28
2319.0,6.56,4.51,7.83,0.71,0.425,2.22
2319.25,6.24,4.35,8.09,0.644,0.605,2.4
2319.5,6.22,3.39,7.72,0.636,0.397,2.51
2319.75,6.0,3.71,8.59,0.771,0.537,2.45
2320.0,5.63,2.76,6.7,0.887,0.493,2.19
2320.25,4.59,3.41,6.32,0.792,0.744,2.04
2320.5,4.68,2.5,6.01,0.928,0.606,2.1
2320.75,3.95,2.67,6.11,0.894,0.774,2.32
2321.0,3.91,2.49,5.56,0.953,0.558,2.27
2321.25,3.63,2.88,5.29,0.644,0.879,2.04
2321.5,3.58,2.51,5.44,0.692,0.572,2.2
2321.75,3.5,2.61,5.95,0.843,0.556,2.39
2322.0,3.28,1.89,4.88,1.08,0.805,2.39
2322.25,4.11,2.47,4.42,1.79,0.839,2.35
2322.5,4.44,1.8,4.46,1.58,0.631,2.4
2322.75,5.05,2.08,4.44,1.5,0.937,2.41
2323.0,4.83,1.98,4.51,1.32,0.876,2.57
2323.25,4.86,1.96,4.84,1.37,0.862,2.53
2323.5,4.82,1.87,4.76,1.33,0.871,2.46
2323.75,5.02,1.92,3.84,1.63,0.775,2.1
2324.0,4.14,2.1,2.99,1.54,0.939,1.6
2324.25,4.0,1.81,2.9,1.72,0.791,1.45
2324.5,3.83,2.0,2.86,1.65,0.654,1.35
2324.75,3.9,1.96,2.81,1.54,0.721,1.34
2325.0,4.11,2.1,3.41,1.82,0.816,1.41
2325.25,4.01,1.89,3.0,1.68,0.805,1.46
2325.5,3.92,2.15,2.74,1.58,1.11,1.26
2325.75,3.97,1.9,2.89,1.74,0.778,1.55
2326.0,3.96,2.07,2.46,1.75,0.875,1.64
2326.25,4.19,1.58,3.02,1.68,0.933,1.71
2326.5,4.05,2.09,2.09,1.81,1.2,1.61
2326.75,4.09,1.51,2.1,1.91,0.892,1.64
2327.0,4.0,1.94,2.13,1.72,1.22,1.69
2327.25,4.02,1.44,2.21,1.78,0.831,1.83
2327.5,3.92,2.25,2.13,1.49,1.2,1.7
2327.75,4.29,1.35,2.15,2.01,0.928,1.73
2328.0,4.38,1.88,2.12,1.79,1.13,1.65
2328.25,4.22,1.41,2.88,1.94,0.811,1.8
2328.5,4.15,2.31,2.14,1.9,1.42,1.63
2328.75,4.0,1.45,2.09,1.72,0.903,1.68
2329.0,4.07,2.11,2.16,1.83,1.15,1.81
2329.25,3.9,1.53,1.92,1.58,0.808,1.39
2329.5,4.13,1.8,1.83,1.54,0.994,1.31
2329.75,4.05,1.27,1.84,1.83,0.664,1.33
2330.0,3.98,2.14,2.5,1.78,1.2,1.39
2330.25,3.92,1.22,1.99,1.62,0.828,1.55
2330.5,4.02,2.27,1.87,1.77,1.15,1.43
2330.75,3.93,1.33,1.76,1.72,1.01,1.29
2331.0,4.02,2.23,1.89,1.8,1.15,1.48
2331.25,4.06,1.29,2.07,1.84,0.834,1.66
2331.5,3.74,2.1,1.98,1.46,1.23,1.51
2331.75,4.05,1.28,2.4,1.92,0.64,1.43
2332.0,3.81,2.33,1.96,1.59,1.21,1.5
2332.25,3.91,1.03,2.12,1.74,0.85,1.71
2332.5,3.99,2.06,2.07,1.79,1.07,1.67
2332.75,4.14,1.22,2.12,1.97,0.877,1.58
2333.0,4.01,2.38,3.32,1.67,1.13,1.56
2333.25,4.61,0.957,2.82,1.68,0.572,1.44
2333.5,5.42,2.65,2.44,1.59,1.42,1.6
2333.75,4.63,1.4,1.88,1.65,0.887,1.48
2334.0,4.22,2.24,1.81,1.7,1.18,1.36
2334.25,3.95,1.27,1.92,1.77,0.709,1.37
2334.5,4.61,2.28,2.0,1.8,1.08,1.55
2334.75,3.88,1.14,1.92,1.13,0.603,1.38
2335.0,3.71,3.25,2.72,1.69,1.05,1.3
2335.25,4.51,1.74,3.76,3.07,0.473,1.59
2335.5,4.75,3.38,4.95,2.97,0.92,1.76
2335.75,4.88,2.47,6.44,3.25,0.442,1.72
2336.0,5.63,4.33,5.73,3.33,0.895,1.05
2336.25,6.08,3.48,9.6,2.99,0.278,1.04
2336.5,6.14,4.79,7.17,3.06,1.04,1.19
2336.75,6.67,3.64,7.12,3.0,0.249,1.14
2337.0,7.6,5.5,9.86,2.99,0.854,0.815
2337.25,7.77,6.05,9.85,2.65,0.577,1.05
2337.5,6.38,10.1,9.24,0.631,0.876,0.998
2337.75,7.15,11.1,9.23,0.554,0.305,0.912
2338.0,7.55,10.7,8.96,0.491,0.867,1.18
2338.25,7.08,10.1,8.74,0.704,0.15,1.11
2338.5,7.18,10.6,8.86,0.66,0.628,1.19
2338.75,6.95,10.7,8.26,0.778,0.632,1.15
2339.0,6.68,11.9,8.09,0.568,1.16,0.971
2339.25,6.18,8.57,7.8,0.769,0.342,1.18
2339.5,6.75,9.66,8.0,0.492,1.51,1.37
2339.75,6.65,7.75,6.22,0.337,0.761,1.25
2340.0,5.86,8.24,7.18,0.703,0.733,1.54
2340.25,5.37,4.38,7.48,0.504,0.391,1.43
2340.5,4.66,4.51,7.06,0.399,0.673,1.45
2340.75,5.57,3.85,5.3,0.517,0.346,1.27
2341.0,5.03,4.51,5.13,0.662,0.772,1.09
2341.25,5.87,4.12,4.95,0.438,0.31,1.08
2341.5,7.02,5.33,5.47,1.05,0.833,0.915
2341.75,7.6,5.04,5.88,2.48,0.598,0.892
2342.0,7.86,5.29,6.81,2.92,0.631,1.42
2342.25,7.84,4.72,6.9,2.82,0.155,1.74
2342.5,8.01,5.19,7.08,3.0,0.51,1.98
2342.75,8.24,5.08,7.0,2.84,0.249,1.85
2343.0,8.0,5.1,7.19,2.91,0.625,1.9
2343.25,7.63,4.8,7.63,2.89,0.311,1.82
2343.5,7.71,4.36,7.22,2.11,0.507,1.97
2343.75,7.11,4.18,8.16,2.22,0.506,2.17
2344.0,8.41,3.63,7.18,2.77,0.687,1.95
2344.25,7.89,3.42,6.79,2.66,0.702,2.03
2344.5,7.29,5.45,6.7,2.46,1.09,2.43
2344.75,6.46,3.22,6.19,2.54,0.36,2.21
2345.0,6.04,2.91,5.57,2.4,0.525,2.14
2345.25,6.07,3.06,5.46,2.62,0.681,2.12
2345.5,6.19,3.47,5.39,2.74,0.82,2.27
2345.75,5.78,4.35,4.91,2.49,1.28,2.34
2346.0,4.94,2.6,4.24,2.61,0.797,2.19
2346.25,4.73,3.01,4.19,2.86,0.816,2.27
2346.5,5.44,2.32,4.43,2.6,0.703,2.48
2346.75,6.09,2.65,4.52,2.91,0.87,2.27
2347.0,5.62,2.35,4.46,2.85,0.667,2.24
2347.25,5.45,2.73,4.47,1.96,0.79,2.19
2347.5,3.76,2.21,2.93,0.812,0.674,1.71
2347.75,3.23,2.16,2.52,0.64,0.733,1.54
2348.0,3.67,1.77,2.46,1.43,0.708,1.54
2348.25,3.92,2.17,2.3,1.65,1.22,1.47
2348.5,3.91,1.47,2.32,1.64,0.864,1.48
2348.75,3.88,1.95,2.52,1.57,0.821,1.67
2349.0,3.75,1.67,2.59,1.52,0.997,1.81
2349.25,3.61,2.27,2.05,1.33,1.19,1.59
2349.5,3.76,1.14,1.89,1.54,0.834,1.47
2349.75,3.72,1.87,1.98,1.51,1.14,1.66
2350.0,3.86,1.64,2.06,1.53,0.738,1.75
2350.25,3.95,1.94,2.01,1.6,1.1,1.7
2350.5,3.9,1.55,1.89,1.49,0.92,1.52
2350.75,3.92,2.14,1.96,1.54,1.1,1.63
2351.0,3.91,1.28,2.15,1.47,0.799,1.93
2351.25,4.0,2.29,2.05,1.71,1.27,1.77
2351.5,3.95,1.5,2.04,1.61,0.843,1.72
2351.75,3.88,2.0,1.98,1.53,1.19,1.68
2352.0,3.77,1.57,1.97,1.35,1.01,1.69
2352.25,4.03,2.08,2.13,1.71,1.25,1.97
2352.5,3.88,1.49,2.0,1.47,0.954,1.68
2352.75,4.09,2.28,2.03,1.65,1.37,1.79
2353.0,4.17,1.4,2.12,1.75,0.958,1.93
2353.25,3.98,1.91,2.07,1.49,1.02,1.8
2353.5,3.9,1.37,2.02,1.41,0.828,1.72
2353.75,3.81,2.11,1.95,1.37,1.1,1.62
2354.0,3.86,1.34,1.84,1.49,0.748,1.49
2354.25,3.99,2.11,1.98,1.64,1.38,1.74
2354.5,3.94,1.4,1.89,1.58,0.95,1.61
2354.75,3.88,2.32,1.82,1.47,1.22,1.46
2355.0,3.85,1.39,1.82,1.46,0.96,1.49
2355.25,3.98,2.3,2.03,1.5,1.14,1.77
2355.5,4.04,0.955,2.0,1.55,0.68,1.75
2355.75,4.06,2.39,1.74,1.57,1.32,1.43
2356.0,3.87,1.34,1.83,1.32,0.752,1.55
2356.25,4.02,2.09,1.89,1.66,1.15,1.57
2356.5,3.81,1.05,1.93,1.38,0.893,1.44
2356.75,3.98,2.46,1.99,1.62,1.16,1.66
2357.0,3.99,1.48,2.26,1.55,0.635,1.67
2357.25,4.07,2.8,3.25,1.76,1.31,1.67
2357.5,3.87,1.43,2.69,1.44,0.952,1.76
2357.75,3.78,2.63,2.71,1.37,1.12,1.53
2358.0,4.64,1.43,1.84,1.22,0.706,1.44
2358.25,5.29,2.49,1.99,1.42,1.04,1.68
2358.5,4.16,1.15,1.84,1.41,0.54,1.46
2358.75,3.46,2.63,2.12,1.07,1.2,1.44
2359.0,2.45,2.05,2.93,0.823,0.401,1.36
2359.25,3.19,3.07,2.87,0.621,0.845,1.54
2359.5,2.75,4.76,3.66,0.655,0.779,1.78
2359.75,3.39,9.7,5.5,0.848,1.26,1.61
2360.0,3.38,8.13,7.31,0.36,0.363,1.58
2360.25,4.4,9.1,6.42,0.549,0.958,1.23
2360.5,4.44,7.78,6.07,0.56,0.287,1.09
2360.75,4.43,7.16,6.71,0.404,0.757,1.0
2361.0,5.41,3.92,7.54,0.3,0.441,0.748
2361.25,5.59,6.01,7.94,0.301,1.03,1.03
2361.5,6.75,5.83,8.11,0.439,0.35,1.16
2361.75,5.72,6.93,7.98,0.313,0.956,1.01
2362.0,5.31,6.88,7.35,0.276,0.708,0.91
2362.25,6.05,8.18,7.58,0.266,1.04,0.853
2362.5,5.81,6.77,7.92,0.36,0.563,1.07
2362.75,5.59,7.06,9.24,0.305,1.01,1.25
2363.0,6.28,5.93,8.16,0.492,0.84,1.06
2363.25,5.75,6.79,8.44,0.559,0.942,1.19
2363.5,5.91,5.94,7.97,0.372,0.263,1.38
2363.75,6.42,10.1,10.3,1.14,1.63,2.0
2364.0,5.93,5.52,7.33,0.462,0.653,1.45
2364.25,6.37,5.14,7.89,0.483,0.842,1.6
2364.5,4.39,4.25,5.64,0.703,0.658,1.39
2364.75,4.04,5.22,4.84,0.767,0.98,1.46
2365.0,5.09,7.41,6.77,1.21,1.6,1.9
2365.25,4.61,5.1,4.88,0.721,0.879,1.15
2365.5,4.55,5.32,5.73,0.642,0.487,0.975
2365.75,5.93,6.31,6.15,0.88,0.557,1.19
2366.0,7.12,6.29,6.59,1.26,0.204,1.24
2366.25,8.34,6.48,6.2,3.11,0.906,0.911
2366.5,8.41,6.08,6.1,3.06,0.686,0.981
2366.75,8.29,5.84,6.03,3.17,0.719,0.971
2367.0,7.76,5.42,5.44,3.17,0.475,1.06
2367.25,7.06,5.64,5.21,3.03,0.579,1.1
2367.5,7.69,4.48,4.83,3.12,0.279,1.24
2367.75,6.19,5.29,6.62,3.02,0.73,1.2
2368.0,5.94,4.66,6.45,2.72,0.671,0.951
2368.25,4.65,4.77,6.22,2.47,0.753,0.979
2368.5,4.82,6.33,6.45,2.83,0.804,1.2
2368.75,5.75,4.49,4.73,2.65,0.739,1.22
2369.0,5.23,11.0,3.7,2.88,1.21,1.44
2369.25,5.77,4.74,3.68,2.83,0.512,1.61
2369.5,6.29,4.61,3.83,2.81,0.582,1.74
2369.75,5.98,5.21,3.98,2.82,1.05,2.0
2370.0,5.85,4.83,3.64,3.4,0.525,1.74
2370.25,3.13,4.4,3.31,0.441,0.686,1.29
2370.5,4.35,4.17,3.0,1.33,0.906,1.2
2370.75,4.69,4.45,2.78,1.36,0.915,1.29
2371.0,4.5,3.62,2.53,1.24,0.861,1.13
2371.25,4.44,2.44,2.5,1.21,0.886,1.12
2371.5,4.45,2.13,2.74,1.24,0.793,1.36
2371.75,4.14,2.17,2.85,1.47,0.845,1.55
2372.0,4.0,1.62,2.74,1.39,0.807,1.45
2372.25,3.82,2.21,2.65,1.28,0.941,1.34
2372.5,3.69,1.73,2.67,1.41,0.769,1.47
2372.75,3.76,1.97,2.64,1.53,0.942,1.66
2373.0,3.82,1.79,2.56,1.5,1.11,1.54
2373.25,4.23,2.25,2.5,1.63,1.14,1.48
2373.5,4.09,1.51,2.41,1.65,0.924,1.4
2373.75,4.02,1.99,2.64,1.63,0.985,1.72
2374.0,3.93,1.7,2.54,1.52,0.757,1.58
2374.25,3.65,1.61,2.44,1.23,0.828,1.54
2374.5,3.87,1.85,2.19,1.52,1.09,1.72
2374.75,3.8,1.94,1.97,1.61,0.844,1.57
2375.0,3.85,1.82,1.95,1.75,1.03,1.74
2375.25,3.76,1.97,1.81,1.55,1.14,1.55
2375.5,3.81,1.95,1.8,1.62,1.17,1.5
2375.75,3.85,1.74,1.98,1.53,1.2,1.75
2376.0,4.04,2.18,2.05,1.78,1.32,1.93
2376.25,3.76,1.71,1.86,1.46,0.973,1.6
2376.5,3.78,1.69,1.92,1.52,1.0,1.68
2376.75,3.87,1.59,2.01,1.66,0.913,1.65
2377.0,3.76,2.04,1.87,1.54,1.13,1.64
2377.25,3.71,1.64,1.83,1.51,0.879,1.61
2377.5,3.76,1.84,1.81,1.54,1.19,1.6
2377.75,3.89,1.73,1.81,1.76,1.01,1.58
2378.0,3.7,2.01,1.83,1.44,1.11,1.59
2378.25,3.76,1.4,1.82,1.44,0.842,1.6
2378.5,3.83,2.33,1.94,1.46,1.25,1.82
2378.75,3.88,1.36,1.78,1.6,0.859,1.63
2379.0,3.85,1.85,1.74,1.55,1.15,1.52
2379.25,3.86,1.26,1.78,1.69,0.912,1.53
2379.5,3.73,1.95,1.81,1.55,0.966,1.63
2379.75,3.7,1.21,1.87,1.45,0.926,1.69
2380.0,3.75,1.88,1.81,1.52,1.23,1.6
2380.25,3.6,1.37,1.76,1.33,0.89,1.5
2380.5,3.75,2.08,1.75,1.56,1.21,1.5
2380.75,3.97,1.3,1.84,1.67,0.78,1.65
2381.0,4.05,2.1,2.54,1.66,1.12,1.58
2381.25,3.95,1.64,2.59,1.52,0.949,1.46
2381.5,4.04,2.31,2.82,1.65,1.13,1.52
2381.75,4.06,1.22,2.16,1.5,0.746,1.58
2382.0,5.39,2.13,1.87,1.66,1.27,1.67
2382.25,4.54,1.43,1.81,1.4,0.691,1.57
2382.5,3.58,2.54,1.7,1.18,1.1,1.41
2382.75,2.94,1.3,1.94,0.825,0.903,1.44
2383.0,2.69,2.53,2.5,0.859,0.836,1.61
2383.25,2.7,1.92,3.15,0.705,0.411,1.32
2383.5,3.53,3.03,2.74,0.706,1.02,1.13
2383.75,3.56,1.47,2.96,0.733,0.28,1.13
2384.0,3.96,3.72,4.47,0.608,1.05,1.1
2384.25,4.32,2.73,5.92,0.762,0.595,1.23
2384.5,4.12,4.84,6.79,0.399,0.585,1.27
2384.75,4.73,4.82,5.7,0.76,0.276,1.16
2385.0,4.68,5.7,8.69,0.768,0.791,1.23
2385.25,4.58,4.47,9.22,0.783,0.243,1.31
2385.5,4.67,5.66,9.79,0.72,0.823,1.07
2385.75,4.67,9.45,9.64,0.681,0.347,1.2
2386.0,5.31,10.2,8.15,0.715,0.761,0.992
2386.25,5.09,9.56,8.95,0.59,0.44,1.36
2386.5,5.6,9.35,9.08,0.172,1.05,1.44
2386.75,6.04,7.76,11.2,0.679,0.675,1.89
2387.0,7.09,10.0,8.94,0.681,1.14,1.62
2387.25,6.81,7.98,8.29,0.448,0.623,1.39
2387.5,6.99,8.82,9.98,0.56,0.928,2.01
2387.75,8.31,8.56,8.72,3.22,0.709,1.31
2388.0,7.56,8.35,8.72,3.11,1.12,1.44
2388.25,7.09,8.31,9.42,3.17,1.05,2.12
2388.5,6.58,10.1,8.03,3.12,1.73,1.27
2388.75,5.82,8.08,6.62,1.37,1.6,1.02
2389.0,5.72,6.54,10.7,0.774,1.78,2.2
2389.25,5.9,7.63,8.63,0.651,1.49,1.49
2389.5,5.58,8.13,7.4,0.778,1.94,0.884
2389.75,7.28,6.77,10.3,0.656,1.17,1.75
2390.0,7.56,7.53,10.3,0.752,1.61,1.85
2390.25,6.37,6.35,10.2,0.731,1.39,1.93
2390.5,5.82,6.16,9.95,0.588,0.96,1.73
2390.75,5.47,4.3,9.94,0.663,0.456,1.72
2391.0,6.0,5.37,7.09,0.746,1.01,1.28
2391.25,5.4,4.31,6.8,0.695,0.511,0.97
2391.5,5.31,4.56,9.62,0.638,0.747,1.67
2391.75,5.36,3.57,9.37,0.896,0.26,1.74
2392.0,4.88,4.23,8.02,0.773,0.881,1.71
2392.25,4.53,3.07,8.51,0.644,0.385,1.4
2392.5,3.79,8.73,8.78,0.663,1.23,1.51
2392.75,3.54,2.48,6.8,0.535,0.585,2.01
2393.0,3.18,3.04,3.5,0.765,0.9,1.36
2393.25,3.15,3.01,3.38,0.918,0.759,1.2
2393.5,2.99,5.12,7.28,1.01,0.922,3.04
2393.75,2.88,2.16,4.71,0.893,0.576,1.98
2394.0,2.8,2.47,4.65,0.946,0.657,2.06
2394.25,2.68,2.05,4.1,1.0,0.38,1.94
2394.5,3.86,2.55,4.01,1.42,0.797,1.64
2394.75,4.23,2.53,3.07,1.57,0.767,1.28
2395.0,4.39,2.41,4.46,1.76,0.584,1.77
2395.25,4.05,2.3,3.11,1.76,0.761,1.46
2395.5,4.04,2.6,2.66,1.72,0.933,1.38
2395.75,4.13,1.72,3.89,1.87,0.659,1.85
2396.0,4.06,2.28,2.53,1.79,0.862,1.56
2396.25,4.01,1.93,2.56,1.78,0.792,1.61
2396.5,4.06,2.82,4.29,1.88,0.741,2.27
2396.75,3.79,1.65,2.43,1.48,0.765,1.55
2397.0,4.04,1.95,2.24,1.77,0.865,1.39
2397.25,4.08,1.67,2.41,1.77,0.998,1.63
2397.5,4.07,2.08,2.28,1.77,0.996,1.56
2397.75,4.19,1.76,2.2,1.82,0.992,1.46
2398.0,4.28,1.99,2.38,1.89,0.884,1.62
2398.25,4.25,1.69,2.38,1.78,0.851,1.5
2398.5,4.02,2.05,2.51,1.73,0.984,1.86
2398.75,3.81,1.74,2.65,1.53,0.796,2.02
2399.0,4.06,1.74,2.29,1.86,0.651,1.82
2399.25,4.06,2.07,2.09,1.89,1.08,1.78
2399.5,3.95,1.75,1.99,1.72,0.925,1.66
2399.75,4.1,2.35,1.96,1.91,0.91,1.62
2400.0,4.0,1.75,2.14,1.7,1.08,1.9
2400.25,4.03,2.16,2.01,1.71,1.02,1.67
2400.5,4.17,1.65,2.03,1.86,0.763,1.6
2400.75,3.94,1.85,2.02,1.59,0.994,1.64
2401.0,4.08,1.75,2.01,1.79,0.763,1.68
2401.25,3.95,2.09,2.14,1.69,0.945,1.95
2401.5,4.04,1.43,1.89,1.82,0.739,1.57
2401.75,3.87,2.11,1.97,1.57,0.927,1.63
2402.0,4.14,1.63,2.02,1.93,0.788,1.69
2402.25,4.02,2.93,2.13,1.8,1.0,1.89
2402.5,3.99,1.49,2.02,1.73,0.666,1.7
2402.75,3.87,2.1,1.98,1.46,1.25,1.62
2403.0,4.23,1.64,1.93,1.98,0.907,1.59
2403.25,4.04,2.32,2.07,1.74,1.04,1.76
2403.5,4.04,1.36,2.08,1.78,0.643,1.82
2403.75,4.1,2.56,1.86,1.92,1.19,1.5
2404.0,3.94,1.46,1.87,1.71,0.676,1.51
2404.25,3.96,2.25,1.88,1.77,1.16,1.56
2404.5,3.91,1.22,1.98,1.66,0.748,1.7
2404.75,3.92,2.3,1.91,1.74,1.01,1.57
2405.0,4.11,1.59,1.9,1.82,0.604,1.61
2405.25,4.28,2.91,1.81,1.97,1.25,1.48
2405.5,4.19,1.53,2.03,1.82,0.609,1.7
2405.75,5.08,2.64,1.91,1.89,1.1,1.67
2406.0,5.54,1.55,1.81,1.73,0.648,1.51
2406.25,4.3,2.51,1.8,1.8,0.989,1.45
2406.5,3.92,1.28,1.85,1.7,0.673,1.49
2406.75,2.33,2.6,1.94,0.833,1.01,1.59
2407.0,2.83,1.74,2.26,1.6,0.227,1.5
2407.25,4.69,3.39,2.98,3.4,0.921,1.41
2407.5,4.1,2.27,4.14,3.57,0.359,1.31
2407.75,4.78,3.5,3.92,3.47,0.63,1.5
2408.0,4.82,1.97,4.19,3.41,0.418,1.37
2408.25,6.71,5.04,5.66,3.28,0.939,1.3
2408.5,7.23,4.4,5.73,3.26,0.305,1.23
2408.75,6.95,5.04,4.51,2.83,0.892,0.984
2409.0,7.76,5.36,7.0,3.01,0.169,1.11
2409.25,7.07,7.79,8.07,2.37,0.679,1.21
2409.5,6.24,7.05,8.84,0.78,0.408,1.2
2409.75,6.23,8.94,8.34,0.495,0.741,1.08
2410.0,6.04,8.57,8.08,0.58,0.363,0.945
2410.25,6.36,7.66,8.45,0.672,0.753,1.19
2410.5,6.21,6.45,9.25,0.765,0.402,1.42
2410.75,6.28,10.1,10.1,0.479,0.832,1.16
2411.0,8.11,6.74,8.34,0.56,0.299,1.11
2411.25,6.93,8.54,6.38,0.518,0.648,1.09
2411.5,6.14,7.16,6.84,0.501,0.228,1.36
2411.75,5.51,8.65,6.97,0.396,0.961,1.5
2412.0,6.02,8.02,7.72,0.524,0.459,1.43
2412.25,5.17,8.98,6.93,0.782,0.712,1.15
2412.5,4.58,7.97,7.4,0.798,0.364,1.29
2412.75,6.31,6.31,6.71,0.605,0.8,1.32
2413.0,6.32,5.32,7.37,0.398,0.318,1.52
2413.25,6.56,4.78,6.13,0.695,0.788,1.25
2413.5,8.99,4.65,6.78,0.868,0.363,1.22
2413.75,10.3,5.99,8.92,0.929,0.786,1.08
2414.0,9.24,5.63,8.4,0.949,0.461,1.12
2414.25,8.76,9.67,8.42,0.793,1.21,0.902
2414.5,8.6,4.41,8.5,0.821,0.44,1.04
2414.75,8.51,5.09,10.4,0.879,0.82,1.25
2415.0,6.23,4.75,10.2,0.617,0.552,1.22
2415.25,7.49,5.25,10.1,0.99,0.788,1.08
2415.5,10.0,4.54,10.3,1.69,0.548,1.22
2415.75,9.51,4.56,9.93,1.69,0.852,1.48
2416.0,9.93,3.86,9.44,1.68,0.496,1.18
2416.25,7.86,4.12,9.27,1.41,0.889,1.1
2416.5,5.67,3.29,7.91,2.28,0.46,1.77
2416.75,4.36,4.05,5.02,3.41,0.898,1.78
2417.0,3.66,2.63,3.38,3.03,0.328,1.43
2417.25,3.75,3.03,3.02,3.22,0.86,1.48
2417.5,3.76,2.37,2.96,3.33,0.69,1.67
2417.75,2.92,2.84,2.88,2.11,0.987,1.74
2418.0,2.35,2.3,2.54,1.02,0.508,1.4
2418.25,2.54,2.88,2.6,1.16,0.959,1.52
2418.5,4.16,2.38,2.61,1.52,0.787,1.54
2418.75,4.81,2.86,2.79,1.46,0.897,1.75
2419.0,4.76,2.21,2.65,1.3,0.604,1.62
2419.25,4.83,2.64,2.62,1.43,0.81,1.57
2419.5,4.89,2.25,2.67,1.63,0.623,1.73
2419.75,4.85,2.86,2.82,1.63,0.954,1.96
2420.0,4.27,2.1,2.57,1.53,0.672,1.6
2420.25,3.83,2.2,2.6,1.66,0.742,1.66
2420.5,3.7,1.95,2.64,1.52,0.773,1.54
2420.75,3.89,2.42,2.9,1.64,0.894,1.65
2421.0,3.76,1.97,2.93,1.49,0.697,1.7
2421.25,3.85,2.28,2.83,1.6,0.751,1.53
2421.5,3.97,2.16,2.89,1.7,0.873,1.63
2421.75,3.8,2.28,2.91,1.55,0.81,1.67
2422.0,3.77,2.12,2.85,1.55,0.627,1.59
2422.25,3.86,2.25,2.79,1.67,0.862,1.76
2422.5,3.91,1.99,2.28,1.75,0.834,1.78
2422.75,3.87,1.94,2.35,1.69,0.881,1.89
2423.0,3.89,1.96,2.23,1.55,0.95,1.76
2423.25,3.97,1.7,2.43,1.53,0.898,1.96
2423.5,4.17,1.93,2.34,1.72,0.912,1.89
2423.75,4.14,2.06,2.47,1.73,1.02,2.06
2424.0,4.12,1.92,2.39,1.78,1.09,1.95
2424.25,3.96,1.57,2.26,1.65,0.826,1.76
2424.5,3.91,1.96,2.28,1.59,0.781,1.76
2424.75,3.97,1.91,2.36,1.66,0.928,1.93
2425.0,3.82,1.58,2.36,1.48,0.923,1.93
2425.25,3.81,1.84,2.34,1.48,0.798,1.83
2425.5,4.22,1.87,2.17,1.88,0.934,1.65
2425.75,3.99,1.63,2.42,1.58,0.889,2.01
2426.0,3.99,2.02,2.3,1.57,1.04,1.86
2426.25,4.06,1.79,2.28,1.66,1.12,1.85
2426.5,3.92,1.73,2.37,1.57,0.922,1.99
2426.75,3.97,1.6,2.2,1.67,0.664,1.84
2427.0,3.99,1.78,1.9,1.72,1.05,1.73
2427.25,3.81,2.24,1.9,1.46,0.878,1.7
2427.5,3.99,1.65,1.8,1.68,0.948,1.6
2427.75,3.97,1.61,1.8,1.62,0.829,1.65
2428.0,4.04,1.83,1.93,1.61,1.08,1.88
2428.25,4.13,1.52,2.03,1.73,0.79,1.91
2428.5,4.13,1.81,1.89,1.75,1.17,1.69
2428.75,4.05,1.62,1.83,1.63,0.965,1.61
2429.0,3.93,1.8,2.0,1.58,0.987,1.88
2429.25,3.76,1.38,1.88,1.37,0.767,1.69
2429.5,4.04,2.07,1.86,1.75,1.17,1.7
2429.75,3.97,1.41,1.92,1.68,0.707,1.71
2430.0,3.95,1.86,1.99,1.66,1.1,1.7
2430.25,3.99,1.2,1.9,1.65,0.712,1.69
2430.5,3.7,2.28,1.98,1.44,1.08,1.74
2430.75,2.51,1.14,1.94,0.979,0.768,1.75
2431.0,1.87,2.34,1.88,1.1,1.05,1.67
2431.25,1.73,1.46,1.8,0.969,0.721,1.55
2431.5,1.92,2.89,1.79,1.2,1.16,1.61
2431.75,1.85,1.37,1.86,1.02,0.713,1.69
2432.0,1.97,2.29,1.98,0.979,0.958,1.62
2432.25,1.96,1.39,1.9,0.951,0.586,1.46
2432.5,2.56,3.78,3.2,0.717,1.47,2.21
2432.75,2.92,3.75,3.9,0.971,1.33,2.43
2433.0,2.81,4.72,3.89,0.826,1.77,2.41
2433.25,2.59,3.6,4.01,0.584,1.29,2.34
2433.5,2.76,4.48,4.18,0.819,1.5,2.4
2433.75,2.72,3.72,4.08,0.713,1.48,2.3
2434.0,2.56,2.9,2.48,0.729,1.29,1.7
2434.25,1.99,1.82,2.17,1.1,0.585,1.49
2434.5,1.85,2.54,2.18,1.03,1.05,1.51
2434.75,1.72,1.54,2.09,0.833,0.74,1.41
2435.0,1.84,2.61,2.2,0.948,0.932,1.6
2435.25,1.83,1.49,2.18,0.794,0.475,1.66
2435.5,1.89,2.89,2.03,0.964,1.07,1.47
2435.75,1.9,1.3,2.0,1.13,0.374,1.43
2436.0,1.85,2.49,2.13,1.11,0.913,1.62
2436.25,1.65,1.65,1.97,0.916,0.741,1.48
2436.5,1.79,2.87,1.86,1.01,1.17,1.54
2436.75,1.78,1.48,1.9,0.963,0.533,1.63
2437.0,1.77,2.77,2.05,0.966,1.09,1.74
2437.25,1.75,2.53,2.2,0.909,0.667,1.67
2437.5,1.89,2.56,2.13,0.982,0.847,1.48
2437.75,1.88,1.76,2.07,0.951,0.52,1.43
2438.0,1.83,2.78,2.07,0.96,1.05,1.45
2438.25,1.9,1.51,2.75,0.947,0.387,1.42
2438.5,2.07,3.35,3.0,0.933,1.02,1.37
2438.75,1.98,1.72,2.94,0.933,0.558,1.39
2439.0,1.82,3.13,2.76,0.831,1.29,1.37
2439.25,1.84,2.06,2.12,0.798,0.586,1.61
2439.5,1.78,2.78,2.15,0.804,0.985,1.59
2439.75,3.63,2.42,3.54,1.19,0.646,2.2
2440.0,3.33,2.66,2.01,1.38,0.862,1.67
2440.25,2.0,1.91,2.14,1.04,0.392,1.91
2440.5,1.9,3.25,1.98,0.863,1.17,1.67
2440.75,1.97,2.12,2.03,0.968,0.606,1.71
2441.0,1.84,2.64,2.06,0.863,0.979,1.71
2441.25,1.77,2.14,2.07,0.804,0.606,1.77
2441.5,1.86,3.22,2.28,0.925,1.22,1.82
2441.75,1.95,1.76,2.02,1.05,0.621,1.7
2442.0,1.89,3.7,2.74,0.815,0.986,2.09
2442.25,2.7,1.83,3.78,1.12,0.507,2.59
2442.5,3.48,2.45,2.53,1.54,1.09,1.85
2442.75,3.67,1.54,1.89,1.49,0.643,1.44
2443.0,3.91,2.26,1.86,1.58,0.882,1.4
2443.25,3.87,1.71,2.1,1.55,0.663,1.71
2443.5,3.56,2.38,2.13,1.2,1.15,1.76
2443.75,3.84,1.74,2.01,1.56,0.679,1.61
2444.0,3.78,2.41,2.05,1.49,1.07,1.66
2444.25,3.79,1.58,2.08,1.48,0.838,1.69
2444.5,3.96,2.37,1.99,1.59,0.992,1.58
2444.75,3.96,1.41,2.05,1.55,0.464,1.65
2445.0,4.08,2.17,2.05,1.53,0.954,1.65
2445.25,4.02,1.68,2.19,1.45,0.637,1.68
2445.5,3.93,2.23,2.21,1.31,0.889,1.87
2445.75,4.07,1.82,2.33,1.6,0.88,2.06
2446.0,4.07,2.24,2.11,1.59,1.04,1.77
2446.25,4.01,1.79,1.93,1.49,0.633,1.57
2446.5,4.39,2.35,1.92,1.5,0.927,1.59
2446.75,4.03,2.07,1.86,1.43,0.882,1.56
2447.0,4.13,2.51,1.9,1.52,1.05,1.6
2447.25,4.08,1.55,2.08,1.69,0.597,1.85
2447.5,3.88,2.17,1.97,1.47,0.955,1.69
2447.75,3.98,1.61,1.98,1.6,0.789,1.65
2448.0,3.9,2.37,1.97,1.59,1.07,1.63
2448.25,3.78,1.96,2.03,1.43,0.824,1.73
2448.5,3.81,1.97,1.91,1.47,0.878,1.52
2448.75,3.89,1.64,1.88,1.55,0.799,1.52
2449.0,3.89,1.96,1.96,1.5,0.748,1.64
2449.25,3.97,2.06,2.1,1.53,0.908,1.82
2449.5,3.82,1.91,2.03,1.32,0.981,1.72
2449.75,3.93,1.85,2.14,1.48,0.628,1.86
2450.0,4.18,1.96,1.94,1.59,0.896,1.61
2450.25,4.08,2.7,1.92,1.56,0.976,1.63
2450.5,4.02,2.24,1.97,1.48,0.995,1.71
2450.75,4.01,2.24,1.97,1.48,0.821,1.69
2451.0,3.94,1.75,1.88,1.33,0.851,1.5
2451.25,4.09,2.06,1.99,1.54,0.874,1.71
2451.5,4.1,1.87,2.1,1.42,0.797,1.89
2451.75,4.17,1.91,1.98,1.56,1.03,1.67
2452.0,4.23,1.86,1.9,1.65,0.88,1.51
2452.25,4.08,2.07,1.96,1.43,0.981,1.6
2452.5,4.02,1.44,2.04,1.48,0.78,1.79
2452.75,4.03,2.37,1.92,1.5,1.13,1.61
2453.0,4.08,1.87,1.89,1.6,0.815,1.57
2453.25,4.08,2.07,2.05,1.63,0.834,1.82
2453.5,3.98,1.97,2.08,1.45,0.749,1.81
2453.75,4.02,1.94,2.11,1.45,1.01,1.8
2454.0,4.11,1.95,1.99,1.5,0.787,1.74
2454.25,4.17,1.87,1.81,1.6,0.865,1.46
2454.5,3.73,2.26,1.96,1.37,0.851,1.62
2454.75,2.72,2.25,2.04,1.06,1.19,1.67
2455.0,1.51,1.56,1.79,0.939,0.809,1.48
2455.25,1.48,1.87,1.79,0.987,1.08,1.49
2455.5,1.39,1.24,1.87,0.92,0.755,1.56
2455.75,1.32,1.91,1.93,0.826,0.937,1.67
2456.0,1.67,1.1,1.85,1.27,0.704,1.56
2456.25,1.57,1.85,1.79,1.03,0.979,1.46
2456.5,1.56,1.3,1.89,1.02,0.656,1.63
2456.75,1.48,1.88,1.86,0.884,0.984,1.61
2457.0,1.58,1.42,1.78,1.03,0.96,1.45
2457.25,1.36,2.03,1.82,0.834,1.17,1.52
2457.5,1.53,1.49,1.91,1.08,0.578,1.48
2457.75,1.32,2.15,1.9,0.8,1.06,1.52
2458.0,1.64,1.12,2.1,1.06,0.658,1.75
2458.25,1.55,2.14,1.96,0.799,0.869,1.58
2458.5,1.77,1.04,1.94,1.07,0.665,1.68
2458.75,1.63,2.35,1.84,0.87,1.08,1.53
2459.0,1.79,1.01,1.86,1.11,0.578,1.57
2459.25,1.79,2.11,1.81,1.04,1.11,1.5
2459.5,1.67,1.43,1.82,0.924,0.99,1.52
2459.75,1.48,2.43,1.85,0.672,1.12,1.55
2460.0,1.84,0.967,1.84,1.16,0.534,1.53
2460.25,1.68,2.35,1.78,0.962,1.25,1.48
2460.5,1.75,1.19,1.97,1.1,0.577,1.76
2460.75,1.73,2.0,1.89,1.13,0.967,1.7
2461.0,1.57,1.26,1.84,0.958,0.649,1.63
2461.25,1.58,2.43,1.86,0.987,1.23,1.62
2461.5,1.56,1.43,1.92,0.933,0.744,1.65
2461.75,1.54,2.3,1.88,0.881,1.18,1.68
2462.0,1.8,1.4,1.86,1.16,0.957,1.63
2462.25,1.79,2.78,1.87,1.17,1.29,1.6
2462.5,1.67,0.992,1.95,0.958,0.545,1.77
2462.75,1.74,2.61,1.93,1.06,1.09,1.76
2463.0,1.63,1.05,1.85,0.904,0.682,1.64
2463.25,1.67,2.43,1.88,1.1,1.17,1.67
2463.5,1.62,1.12,1.78,1.02,0.613,1.49
2463.75,1.51,2.59,1.88,0.905,1.24,1.62
2464.0,1.57,1.42,1.91,0.916,0.775,1.62
2464.25,1.71,2.42,1.78,1.01,1.18,1.46
2464.5,1.65,1.28,1.84,0.888,0.698,1.53
2464.75,1.71,2.17,1.89,0.976,1.14,1.63
2465.0,1.72,1.89,1.93,0.988,0.68,1.65
2465.25,1.71,2.18,1.7,0.984,1.11,1.31
2465.5,1.59,1.28,1.67,0.84,0.459,1.32
2465.75,1.48,2.04,1.87,0.795,1.17,1.65
2466.0,1.5,1.56,2.0,0.845,0.776,1.76
2466.25,1.71,2.02,2.04,1.0,1.1,1.63
2466.5,3.31,0.976,2.01,1.79,0.538,1.62
2466.75,3.61,2.5,2.12,1.45,1.26,1.76
2467.0,3.75,1.19,1.97,1.52,0.657,1.56
2467.25,3.66,2.25,1.91,1.41,1.08,1.49
2467.5,3.81,1.52,1.96,1.43,0.566,1.55
2467.75,3.76,2.18,1.99,1.33,0.997,1.62
2468.0,3.84,1.45,2.14,1.53,0.737,1.82
2468.25,3.83,2.3,2.0,1.48,1.0,1.69
2468.5,3.86,1.51,1.92,1.5,0.784,1.57
2468.75,3.84,2.56,2.04,1.41,0.998,1.64
2469.0,3.92,1.73,1.98,1.45,0.598,1.67
2469.25,3.98,2.8,1.93,1.54,0.984,1.63
2469.5,3.91,1.51,1.86,1.67,0.82,1.57
2469.75,3.73,2.21,1.95,1.41,1.06,1.62
2470.0,3.55,1.81,2.24,1.28,0.665,2.02
2470.25,3.69,2.11,1.99,1.54,1.22,1.55
2470.5,3.64,1.83,2.02,1.52,0.977,1.6
2470.75,3.6,1.76,2.23,1.42,0.786,1.93
2471.0,3.73,1.55,2.13,1.62,0.768,1.85
2471.25,3.84,1.86,1.95,1.61,0.978,1.54
2471.5,3.74,1.63,1.91,1.49,0.672,1.51
2471.75,3.74,1.61,1.99,1.48,0.972,1.63
2472.0,3.68,1.87,2.04,1.37,0.984,1.71
2472.25,3.87,1.84,1.92,1.68,0.981,1.5
2472.5,3.73,2.08,1.93,1.54,1.1,1.55
2472.75,3.83,1.78,1.91,1.67,0.916,1.54
2473.0,3.63,1.49,1.95,1.37,0.85,1.67
2473.25,3.79,1.62,1.9,1.59,0.902,1.6
2473.5,3.72,1.68,1.9,1.45,0.988,1.57
2473.75,3.91,1.48,1.9,1.7,0.917,1.54
2474.0,3.76,1.4,2.07,1.39,0.918,1.79
2474.25,4.04,1.55,2.1,1.79,0.792,1.79
2474.5,3.8,1.52,2.0,1.44,0.909,1.59
2474.75,3.86,1.46,1.94,1.6,1.06,1.55
2475.0,3.65,1.77,2.05,1.37,1.12,1.7
2475.25,3.81,1.7,2.01,1.63,0.949,1.65
2475.5,3.71,2.27,1.86,1.51,1.03,1.42
2475.75,3.69,1.18,1.91,1.5,0.714,1.46
2476.0,3.62,1.66,1.93,1.35,0.985,1.52
2476.25,3.72,1.29,2.0,1.48,0.808,1.62
2476.5,3.77,1.81,2.08,1.5,0.935,1.78
2476.75,3.91,1.12,1.89,1.57,0.669,1.57
2477.0,4.1,1.86,1.82,1.81,1.14,1.41
2477.25,3.98,1.52,2.08,1.59,0.83,1.41
2477.5,3.99,2.04,3.08,1.68,1.23,1.69
2477.75,4.8,1.43,3.22,1.38,0.755,1.68
2478.0,5.15,2.13,3.16,1.31,0.853,1.59
2478.25,4.59,1.18,2.4,1.46,0.721,1.51
2478.5,3.14,2.09,2.24,1.17,0.933,1.51
2478.75,2.42,1.3,2.22,0.749,0.64,1.47
2479.0,2.71,3.14,2.8,0.727,0.825,1.68
2479.25,3.62,1.98,3.3,0.772,0.315,1.48
2479.5,3.72,3.35,3.09,0.58,0.732,1.2
2479.75,4.16,2.41,3.76,0.808,0.376,0.97
2480.0,4.0,4.28,5.01,0.606,0.643,1.1
2480.25,5.59,3.87,4.96,0.525,0.585,1.27
2480.5,5.56,9.75,5.18,0.61,1.09,1.11
2480.75,5.79,7.76,6.45,0.614,0.571,1.92
2481.0,5.71,9.59,8.41,0.532,0.733,1.97
2481.25,7.02,9.18,9.55,0.642,0.898,2.26
2481.5,7.12,7.91,8.88,0.778,0.669,2.17
2481.75,7.48,10.7,9.21,0.648,0.888,2.05
2482.0,6.95,9.59,9.42,0.635,1.13,2.08
2482.25,7.5,7.22,9.76,0.329,0.874,2.3
2482.5,7.81,11.2,9.21,0.831,1.06,2.37
2482.75,8.14,12.0,9.32,0.676,1.12,2.26
2483.0,8.17,11.5,9.88,0.841,0.958,2.21
2483.25,8.38,9.16,9.73,0.963,0.728,2.32
2483.5,7.74,6.3,8.62,0.812,0.85,2.38
2483.75,8.83,7.37,9.29,3.02,0.499,2.4
2484.0,7.5,10.3,8.77,3.41,0.888,2.63
2484.25,7.27,9.17,8.35,2.99,1.06,2.11
2484.5,7.2,4.82,8.75,3.32,0.834,1.53
2484.75,6.35,5.01,7.13,1.09,0.854,1.55
2485.0,7.67,4.62,7.65,1.24,0.756,1.98
2485.25,7.06,9.13,7.59,0.68,1.92,2.14
2485.5,7.83,4.7,6.39,0.614,0.238,0.941
2485.75,7.97,6.42,6.36,0.62,0.971,1.07
2486.0,7.86,5.21,5.87,0.639,0.433,0.982
2486.25,7.32,6.33,5.85,0.371,0.843,0.9
2486.5,8.28,5.37,5.73,0.572,0.265,1.02
2486.75,7.84,6.36,5.62,0.589,0.969,1.07
2487.0,8.16,5.33,5.67,0.529,0.463,0.973
2487.25,7.94,5.51,5.64,0.594,0.792,1.11
2487.5,8.0,4.1,5.42,0.739,0.322,1.01
2487.75,8.08,5.52,5.14,0.81,0.91,0.879
2488.0,8.0,4.45,5.35,0.846,0.451,1.03
2488.25,7.07,4.87,4.84,0.585,0.817,0.993
2488.5,5.16,4.45,4.28,0.871,0.531,0.975
2488.75,4.7,3.77,5.24,0.908,0.915,1.11
2489.0,4.89,2.59,6.31,1.05,0.431,1.17
2489.25,5.01,3.42,5.39,0.843,1.09,1.28
2489.5,3.25,2.41,3.31,0.915,0.553,1.19
2489.75,3.53,3.98,3.5,1.04,1.48,1.31
2490.0,3.59,1.86,3.46,0.933,0.543,1.39
2490.25,3.62,2.61,6.26,0.828,0.801,2.14
2490.5,5.42,3.31,4.37,1.64,1.75,1.62
2490.75,5.64,2.62,3.69,1.65,1.2,1.57
2491.0,5.57,2.31,3.57,1.48,0.69,1.51
2491.25,5.6,2.52,3.53,1.62,1.03,1.52
2491.5,5.67,2.48,3.64,1.64,0.975,1.74
2491.75,5.75,2.53,3.24,1.7,0.878,1.65
2492.0,4.95,2.37,2.49,1.81,0.787,1.61
2492.25,4.5,1.83,2.55,1.63,0.718,1.7
2492.5,4.42,2.41,2.52,1.56,1.0,1.63
2492.75,4.44,1.9,2.51,1.66,0.658,1.65
2493.0,4.51,2.45,2.48,1.72,1.09,1.62
2493.25,4.42,1.93,2.56,1.64,0.978,1.77
2493.5,4.43,3.17,2.54,1.63,1.25,1.78
2493.75,4.89,1.54,2.38,1.92,0.603,1.67
2494.0,4.32,2.79,2.24,1.81,1.31,1.79
2494.25,3.94,1.35,2.08,1.73,0.656,1.73
2494.5,3.93,2.99,2.04,1.68,1.02,1.68
2494.75,3.95,1.6,2.13,1.74,0.926,1.84
2495.0,3.96,1.9,2.25,1.84,0.992,1.93
2495.25,3.98,1.45,2.08,1.88,0.646,1.68
2495.5,3.82,2.24,2.05,1.61,1.11,1.65
2495.75,3.9,1.91,2.12,1.73,1.02,1.8
2496.0,3.9,1.84,2.04,1.67,1.01,1.72
2496.25,3.95,1.98,2.1,1.69,0.959,1.72
2496.5,3.94,1.94,2.16,1.75,0.903,1.8
2496.75,4.08,2.71,2.08,1.83,0.961,1.71
2497.0,4.13,1.7,2.1,1.93,0.935,1.75
2497.25,3.99,1.81,2.1,1.73,0.96,1.74
2497.5,3.95,1.47,2.11,1.71,0.632,1.77
2497.75,3.93,2.35,2.02,1.75,1.11,1.7
2498.0,3.97,1.26,2.02,1.81,0.832,1.66
2498.25,3.93,2.72,2.03,1.79,1.21,1.67
2498.5,3.77,1.28,1.93,1.54,0.835,1.53
2498.75,4.0,2.32,1.95,1.88,1.22,1.57
2499.0,3.89,1.35,2.0,1.66,0.671,1.65
2499.25,3.95,2.71,1.98,1.78,1.2,1.61
2499.5,4.05,1.13,1.92,1.73,0.651,1.59
2499.75,4.12,2.45,1.96,1.89,1.19,1.65
2500.0,4.0,1.51,2.05,1.71,0.921,1.68
2500.25,4.09,2.22,2.06,1.84,1.15,1.7
2500.5,3.72,1.36,2.02,1.4,0.783,1.7
2500.75,4.08,2.76,1.96,1.86,1.04,1.6
2501.0,4.04,1.63,2.95,1.77,0.918,1.59
2501.25,4.66,2.2,2.89,1.89,0.974,1.61
2501.5,5.43,2.03,2.88,1.62,1.05,1.63
2501.75,4.65,1.83,2.53,1.72,0.766,1.54
2502.0,3.95,1.97,2.02,1.68,0.953,1.52
2502.25,4.29,1.64,1.99,1.64,0.809,1.52
2502.5,3.09,2.12,1.95,1.07,0.946,1.46
2502.75,3.15,1.54,2.26,1.22,0.8,1.49
2503.0,3.0,3.08,2.76,1.85,0.942,1.44
2503.25,4.95,1.88,3.87,3.26,0.34,1.41
2503.5,5.02,3.35,3.51,3.08,0.885,1.77
2503.75,6.83,2.48,5.61,3.54,0.357,1.8
2504.0,10.1,4.05,4.94,3.55,0.705,1.51
2504.25,6.61,4.74,5.13,1.04,1.14,1.51
2504.5,6.21,5.51,5.73,0.324,0.591,1.49
2504.75,5.95,3.81,5.43,0.645,0.365,1.29
2505.0,6.14,4.69,6.42,0.401,0.795,1.14
2505.25,7.26,4.6,7.77,0.779,0.476,1.13
2505.5,6.66,8.42,8.22,0.473,0.547,1.17
2505.75,8.31,11.4,8.46,0.722,0.668,0.951
2506.0,9.32,10.7,9.57,0.606,0.519,1.09
2506.25,9.33,11.2,8.5,0.453,0.645,1.14
2506.5,8.87,10.2,8.36,0.183,0.631,1.02
2506.75,9.61,7.72,8.31,0.44,0.687,1.1
2507.0,9.9,4.83,7.08,0.459,0.528,1.06
2507.25,9.37,8.78,8.16,0.802,0.745,1.07
2507.5,9.55,7.3,6.81,0.539,0.182,1.55
2507.75,8.66,8.4,6.75,0.792,0.696,1.34
2508.0,8.26,5.25,7.89,0.557,0.395,1.54
2508.25,7.82,6.93,8.0,0.68,0.81,1.4
2508.5,7.06,4.73,9.48,0.413,0.704,1.93
2508.75,7.15,6.9,9.51,0.747,1.83,2.31
2509.0,7.97,6.19,9.14,0.822,1.23,2.09
2509.25,9.13,6.92,9.12,0.637,1.65,1.85
2509.5,8.75,5.84,10.1,0.46,1.15,1.84
2509.75,9.79,6.93,11.6,0.711,1.44,2.1
2510.0,9.51,6.74,11.6,0.64,1.12,1.95
2510.25,9.24,7.28,11.9,0.743,1.48,1.97
2510.5,9.06,6.94,10.7,0.683,1.1,1.8
2510.75,8.76,6.88,10.5,0.427,1.37,1.66
2511.0,7.31,7.11,10.3,0.687,1.23,1.69
2511.25,8.02,6.55,11.5,2.09,1.03,1.6
2511.5,7.73,6.43,12.6,2.48,1.26,1.69
2511.75,7.15,5.99,9.51,2.88,1.18,1.84
2512.0,6.84,5.73,8.67,2.71,1.25,1.89
2512.25,6.87,5.21,8.95,2.76,0.962,2.04
2512.5,5.97,4.66,7.3,2.51,1.4,1.52
2512.75,5.32,2.44,6.02,2.51,0.386,1.28
2513.0,5.01,3.36,4.9,2.75,0.751,1.28
2513.25,4.52,2.04,3.91,2.33,0.363,1.4
2513.5,3.63,4.94,3.57,1.17,1.8,1.55
2513.75,3.39,2.4,3.04,1.19,0.904,1.47
2514.0,3.28,3.07,2.69,1.09,1.05,1.4
2514.25,3.62,2.12,2.73,1.29,0.775,1.44
2514.5,4.73,2.86,2.64,1.42,1.11,1.39
2514.75,4.71,2.12,2.56,1.2,0.454,1.38
2515.0,5.36,2.66,2.48,1.75,0.867,1.47
2515.25,4.59,2.24,2.47,1.35,0.817,1.39
2515.5,4.35,3.02,2.35,1.46,1.18,1.43
2515.75,4.16,2.35,2.3,1.46,0.664,1.6
2516.0,4.08,2.46,2.33,1.6,1.01,1.62
2516.25,3.99,2.24,2.32,1.54,0.857,1.65
2516.5,4.04,2.32,2.33,1.66,0.621,1.68
2516.75,3.73,2.62,2.35,1.32,0.988,1.62
2517.0,3.93,1.92,2.59,1.62,0.697,1.65
2517.25,3.84,2.58,2.57,1.49,0.776,1.64
2517.5,3.93,1.87,2.49,1.57,0.661,1.55
2517.75,3.94,2.72,2.6,1.57,1.01,1.73
2518.0,4.1,1.73,2.7,1.65,0.488,1.84
2518.25,4.12,2.99,2.46,1.65,1.27,1.57
2518.5,4.62,1.82,2.17,1.5,0.687,1.58
2518.75,4.01,2.78,2.17,1.43,0.974,1.59
2519.0,3.86,1.29,1.9,1.49,0.718,1.7
2519.25,3.95,2.25,1.85,1.71,1.27,1.67
2519.5,3.85,1.47,1.92,1.56,0.892,1.74
2519.75,3.97,1.95,1.97,1.71,1.15,1.8
2520.0,3.8,1.64,1.9,1.43,0.947,1.68
2520.25,3.9,1.77,1.84,1.57,0.943,1.61
2520.5,3.87,1.62,1.96,1.41,1.04,1.72
2520.75,3.97,1.93,1.9,1.58,1.11,1.68
2521.0,3.98,1.55,1.9,1.59,0.85,1.72
2521.25,3.99,1.7,1.99,1.61,0.887,1.88
2521.5,3.88,1.94,1.94,1.53,1.24,1.79
2521.75,3.88,1.35,1.79,1.56,0.751,1.59
2522.0,3.83,2.21,1.76,1.49,1.35,1.59
2522.25,3.9,1.39,1.79,1.56,0.942,1.66
2522.5,3.97,2.16,1.67,1.69,1.11,1.52
2522.75,3.82,0.992,1.71,1.45,0.904,1.52
2523.0,3.96,2.36,1.77,1.57,1.37,1.61
2523.25,4.02,1.1,1.78,1.57,0.635,1.61
2523.5,3.94,2.35,1.71,1.59,1.33,1.5
2523.75,3.9,0.855,1.77,1.48,0.759,1.54
2524.0,3.88,2.11,1.84,1.6,0.985,1.57
2524.25,3.78,1.28,1.77,1.49,0.805,1.47
2524.5,3.8,1.98,1.69,1.44,1.05,1.33
2524.75,3.79,1.47,2.99,1.34,0.866,1.43
2525.0,3.72,2.17,2.36,1.27,1.06,1.35
2525.25,3.85,1.58,2.45,1.43,0.83,1.35
2525.5,3.96,1.84,2.14,1.56,0.997,1.45
2525.75,5.32,1.71,1.7,1.46,0.955,1.37
2526.0,5.18,1.43,1.57,1.21,0.637,1.22
2526.25,4.03,2.04,1.71,1.41,0.889,1.42
2526.5,4.15,1.5,1.82,1.32,0.804,1.47
2526.75,3.34,2.11,2.02,0.794,0.863,1.37
2527.0,3.13,2.46,3.03,0.424,0.621,1.33
2527.25,3.6,5.8,4.01,0.753,2.32,1.44
2527.5,3.59,5.85,4.85,0.485,0.389,1.4
2527.75,4.09,7.11,5.36,0.564,0.887,1.42
2528.0,5.61,6.45,5.96,0.309,0.218,1.38
2528.25,5.12,9.37,6.6,0.611,0.863,1.53
2528.5,5.36,6.99,7.74,0.446,0.413,1.59
2528.75,5.17,7.87,6.12,0.629,0.892,1.51
2529.0,4.94,4.48,11.4,0.317,0.542,2.46
2529.25,5.15,5.07,9.05,0.518,0.892,1.59
2529.5,5.18,5.93,9.01,0.57,0.637,1.58
2529.75,5.38,7.75,8.98,0.547,1.03,1.53
2530.0,5.56,7.3,8.88,0.631,0.881,1.54
2530.25,5.33,7.47,9.34,0.574,0.73,1.64
2530.5,5.81,4.93,8.65,0.681,0.549,1.22
2530.75,5.28,5.19,9.08,0.513,0.705,1.11
2531.0,6.02,5.17,8.92,0.267,0.713,1.17
2531.25,7.07,7.06,9.54,0.779,0.702,1.61
2531.5,7.15,6.98,8.33,0.731,0.916,1.25
2531.75,6.73,6.19,9.26,0.966,0.551,1.38
2532.0,6.7,6.8,9.88,1.15,0.946,1.63
2532.25,6.46,5.98,10.7,1.19,0.755,1.46
2532.5,5.8,5.52,7.39,0.862,1.06,1.27
2532.75,6.06,5.43,6.7,0.989,0.447,1.98
2533.0,5.9,8.4,5.39,0.784,1.6,1.64
2533.25,6.56,5.56,5.75,0.95,0.378,1.77
2533.5,7.84,5.4,5.39,1.05,0.718,1.36
2533.75,10.4,4.51,4.78,1.17,0.269,1.26
2534.0,9.92,5.47,5.89,0.997,0.686,1.72
2534.25,9.98,4.14,7.26,1.02,0.363,2.04
2534.5,11.0,5.22,7.53,3.11,0.658,2.08
2534.75,11.2,5.32,9.18,3.59,0.504,2.18
2535.0,10.8,4.77,8.79,3.34,0.59,2.35
2535.25,9.44,3.98,8.61,3.47,0.636,2.31
2535.5,8.7,4.48,8.38,3.29,0.571,1.98
2535.75,8.74,6.28,8.14,3.41,0.595,1.89
2536.0,7.47,5.8,8.02,3.11,0.442,2.04
2536.25,7.61,5.46,8.41,3.46,0.867,2.28
2536.5,6.82,3.69,8.08,3.28,0.63,2.43
2536.75,5.86,4.23,7.3,3.43,0.84,2.59
2537.0,5.56,3.32,5.44,3.38,0.608,2.83
2537.25,4.81,3.98,5.2,3.52,0.964,2.74
2537.5,5.23,3.23,5.13,3.57,0.507,2.95
2537.75,5.0,4.59,5.2,3.84,1.36,3.06
2538.0,5.49,3.32,5.17,3.34,1.06,3.1
2538.25,4.22,4.01,4.77,1.23,1.05,2.81
2538.5,6.04,5.0,4.26,1.61,1.83,2.55
2538.75,6.08,3.38,2.75,1.51,1.15,1.53
2539.0,5.87,2.84,2.76,1.32,0.633,1.51
2539.25,6.01,3.41,2.68,1.38,0.957,1.66
2539.5,6.06,3.13,3.31,1.63,0.894,2.22
2539.75,6.01,3.72,2.64,1.58,0.998,1.88
2540.0,6.21,2.61,2.51,1.65,0.912,1.7
2540.25,5.98,4.02,2.46,1.51,0.983,1.58
2540.5,5.83,2.48,2.47,1.6,0.851,1.61
2540.75,5.88,2.11,2.35,1.69,0.799,1.89
2541.0,5.34,2.53,2.23,1.72,1.07,1.96
2541.25,4.93,1.89,2.11,1.25,0.747,1.83
2541.5,4.77,2.53,2.05,1.64,0.962,1.73
2541.75,4.25,1.62,2.15,1.73,0.866,1.87
2542.0,3.99,1.96,2.24,1.65,1.06,2.0
2542.25,3.94,1.33,2.18,1.66,0.669,1.87
2542.5,4.01,2.67,2.13,1.76,1.43,1.83
2542.75,4.06,1.38,2.03,1.81,0.711,1.71
2543.0,3.93,2.64,2.11,1.56,1.41,1.8
2543.25,3.88,1.08,2.15,1.53,0.742,1.87
2543.5,4.09,2.22,2.11,1.78,0.978,1.85
2543.75,4.06,1.53,2.1,1.82,0.84,1.85
2544.0,3.96,2.14,2.07,1.73,1.11,1.8
2544.25,3.97,1.34,2.04,1.72,0.702,1.75
2544.5,3.89,2.11,2.17,1.65,1.05,1.93
2544.75,3.87,1.72,2.08,1.58,1.01,1.82
2545.0,3.94,1.85,1.99,1.67,1.05,1.67
2545.25,3.8,1.9,2.03,1.49,1.16,1.74
2545.5,4.16,1.77,2.05,1.92,0.839,1.73
2545.75,3.94,1.98,2.07,1.55,0.924,1.74
2546.0,3.98,1.5,2.16,1.66,0.78,1.83
2546.25,3.86,1.97,1.96,1.48,0.977,1.54
2546.5,3.83,1.47,1.92,1.53,0.699,1.5
2546.75,3.92,1.95,1.95,1.7,1.05,1.57
2547.0,3.83,1.29,2.06,1.58,0.506,1.73
2547.25,3.71,2.42,2.02,1.41,1.19,1.67
2547.5,3.81,1.12,1.86,1.51,0.837,1.46
2547.75,3.87,2.52,1.95,1.62,1.21,1.57
2548.0,3.79,1.06,1.96,1.47,0.699,1.61
2548.25,3.99,2.33,1.95,1.72,1.08,1.58
2548.5,4.1,1.24,1.94,1.65,0.6,1.44
2548.75,3.96,2.3,3.21,1.53,0.908,1.46
2549.0,4.07,1.4,2.56,1.69,0.745,1.35
2549.25,3.85,2.26,2.77,1.41,0.786,1.56
2549.5,5.35,1.84,2.09,1.6,0.881,1.71
2549.75,5.69,2.01,1.82,1.71,0.975,1.38
2550.0,4.29,2.02,1.86,1.66,0.914,1.43
2550.25,4.27,1.85,1.95,1.51,0.919,1.51
2550.5,4.01,1.97,2.11,1.34,0.957,1.69
2550.75,3.64,1.58,2.18,1.24,0.624,1.54
2551.0,2.79,2.53,2.67,0.834,0.836,1.42
2551.25,2.66,2.03,2.94,0.863,0.338,1.45
2551.5,3.23,3.55,3.31,0.671,0.955,1.3
2551.75,5.24,7.95,3.75,1.42,1.08,1.19
2552.0,7.55,6.9,6.04,1.26,1.19,1.99
2552.25,4.5,6.08,4.97,0.684,0.508,1.01
2552.5,4.81,8.69,7.27,0.795,1.03,0.94
2552.75,4.84,7.22,6.04,0.787,0.31,1.19
2553.0,4.79,8.43,7.36,0.808,0.976,1.07
2553.25,4.91,10.3,7.65,0.556,0.671,0.881
2553.5,4.52,11.1,8.45,0.737,0.84,1.14
2553.75,5.26,11.6,9.15,0.62,0.676,1.1
2554.0,6.11,12.0,9.36,0.731,1.03,1.39
2554.25,7.34,11.5,8.68,0.73,0.585,1.24
2554.5,7.09,10.7,8.03,0.746,0.76,1.25
2554.75,7.4,9.76,7.41,0.771,0.731,1.17
2555.0,7.41,10.8,6.78,0.662,0.714,1.46
2555.25,7.9,9.29,6.5,0.593,0.683,1.31
2555.5,7.27,10.4,6.48,0.426,1.17,1.06
2555.75,7.78,8.76,6.74,3.15,0.699,1.15
2556.0,6.85,8.72,7.32,3.21,0.871,1.22
2556.25,6.64,8.72,7.35,3.12,0.732,1.26
2556.5,6.14,10.9,7.06,3.19,2.07,1.03
2556.75,5.27,6.32,5.22,1.1,0.977,1.18
2557.0,5.06,4.45,4.73,0.915,0.878,1.21
2557.25,5.67,4.51,4.52,0.834,0.752,1.42
2557.5,6.65,5.27,4.65,0.483,0.744,1.16
2557.75,7.25,4.89,4.68,0.803,0.851,0.971
2558.0,7.51,4.86,5.53,0.688,0.672,1.47
2558.25,6.62,5.07,6.81,0.724,1.1,2.19
2558.5,7.14,4.71,7.0,1.03,0.817,2.02
2558.75,6.48,5.54,6.93,0.777,1.05,2.15
2559.0,6.81,6.06,6.9,0.693,0.915,2.15
2559.25,6.04,6.17,6.92,0.782,1.0,2.05
2559.5,6.42,4.49,6.78,0.686,0.415,1.86
2559.75,6.52,4.92,6.82,1.03,1.0,2.25
2560.0,6.19,2.41,6.15,1.06,0.401,2.28
2560.25,4.47,3.36,5.79,0.793,0.805,2.43
2560.5,3.26,1.95,5.65,0.673,0.494,2.57
2560.75,2.92,2.87,5.17,0.741,1.05,2.33
2561.0,2.69,2.01,4.92,0.738,0.578,2.4
2561.25,2.69,2.73,5.02,0.739,0.877,2.45
2561.5,2.57,2.39,5.0,0.741,0.633,2.3
2561.75,2.81,2.75,4.93,0.921,0.742,2.36
2562.0,2.77,2.05,4.7,0.737,0.614,2.47
2562.25,3.01,2.68,4.71,0.771,0.895,2.45
2562.5,3.93,1.8,4.44,0.944,0.392,2.55
2562.75,3.61,2.69,4.36,0.839,0.738,2.51
2563.0,3.25,1.95,2.15,1.03,0.547,1.51
2563.25,3.27,2.52,2.24,1.21,0.843,1.72
2563.5,3.48,2.02,2.15,1.35,0.633,1.62
2563.75,3.68,2.63,2.06,1.49,1.02,1.5
2564.0,3.71,1.85,2.05,1.51,0.515,1.52
2564.25,3.8,2.62,2.28,1.63,0.694,1.86
2564.5,3.76,1.7,2.27,1.6,0.47,1.89
2564.75,3.63,2.57,2.15,1.52,0.804,1.71
2565.0,3.69,1.58,2.05,1.57,0.305,1.56
2565.25,3.65,2.65,2.23,1.5,0.846,1.82
2565.5,3.54,1.73,2.16,1.37,0.543,1.75
2565.75,3.72,2.91,2.05,1.62,0.963,1.59
2566.0,3.81,1.66,2.2,1.74,0.702,1.8
2566.25,3.85,3.09,2.52,1.68,1.04,1.89
2566.5,3.84,1.57,2.58,1.61,0.276,1.99
2566.75,3.83,2.84,2.6,1.61,0.954,1.99
2567.0,3.84,1.73,2.41,1.65,0.501,1.86
2567.25,3.87,2.83,2.2,1.74,1.0,1.84
2567.5,3.82,1.74,2.32,1.72,0.601,2.04
2567.75,3.73,2.57,2.18,1.59,0.871,1.83
2568.0,3.76,1.72,2.1,1.61,0.607,1.67
2568.25,3.8,2.62,2.07,1.63,0.839,1.68
2568.5,3.86,1.84,2.23,1.67,0.617,1.91
2568.75,3.87,2.57,2.12,1.57,0.988,1.73
2569.0,3.85,1.66,1.98,1.65,0.387,1.47
2569.25,3.87,2.5,1.99,1.61,0.75,1.49
2569.5,3.71,2.01,2.03,1.4,0.689,1.54
2569.75,3.69,2.04,2.04,1.4,0.483,1.57
2570.0,3.87,2.22,1.98,1.64,0.604,1.47
2570.25,3.81,2.03,1.97,1.59,0.666,1.47
2570.5,3.85,2.09,2.1,1.68,0.624,1.55
2570.75,3.68,2.0,2.16,1.5,0.657,1.69
2571.0,3.68,2.54,2.2,1.52,0.855,1.81
2571.25,3.68,1.94,2.22,1.53,0.601,1.83
2571.5,3.64,2.23,2.09,1.48,0.805,1.63
2571.75,3.59,1.68,2.04,1.39,0.437,1.56
2572.0,3.87,2.49,2.03,1.81,0.689,1.56
2572.25,3.81,1.4,2.02,1.65,0.458,1.56
2572.5,3.85,2.62,2.09,1.66,0.892,1.66
2572.75,3.81,1.6,2.08,1.6,0.425,1.63
2573.0,3.74,2.81,1.99,1.52,1.08,1.53
2573.25,3.73,1.3,2.12,1.58,0.506,1.7
2573.5,3.73,2.67,2.15,1.61,0.747,1.78
2573.75,3.63,1.63,1.98,1.47,0.463,1.5
2574.0,3.82,2.72,2.02,1.74,1.04,1.55
2574.25,3.72,1.28,1.96,1.58,0.329,1.47
2574.5,3.68,2.43,2.05,1.52,0.738,1.61
2574.75,3.27,1.86,2.14,1.34,0.698,1.71
2575.0,2.29,2.45,2.0,0.986,0.807,1.53
2575.25,1.74,1.67,1.99,1.12,0.636,1.56
2575.5,1.75,2.44,2.26,1.18,0.737,1.91
2575.75,1.53,1.68,2.15,0.906,0.461,1.78
2576.0,1.62,2.12,2.07,1.14,0.695,1.64
2576.25,1.55,1.88,2.09,1.03,0.67,1.64
2576.5,1.49,2.46,1.95,0.952,0.807,1.47
2576.75,1.63,2.04,2.07,1.12,0.759,1.65
2577.0,1.61,1.89,2.17,1.12,0.642,1.75
2577.25,1.58,2.1,1.96,1.1,0.72,1.49
2577.5,1.67,2.17,1.94,1.11,0.598,1.46
2577.75,1.55,2.06,2.12,0.882,0.763,1.82
2578.0,1.62,1.56,1.82,1.02,0.555,1.71
2578.25,1.67,2.13,1.71,1.06,0.844,1.55
2578.5,1.75,1.36,1.84,1.13,0.809,1.64
2578.75,1.69,1.89,1.86,1.03,0.979,1.59
2579.0,1.74,1.15,1.99,1.11,0.556,1.71
2579.25,1.72,2.36,1.96,1.05,1.2,1.63
2579.5,1.63,1.21,1.87,0.92,0.629,1.54
2579.75,1.62,2.31,1.94,0.913,1.0,1.6
2580.0,1.76,1.32,2.05,1.01,0.717,1.67
2580.25,1.9,2.27,2.1,1.18,1.19,1.88
2580.5,1.85,1.17,2.02,1.13,0.424,1.8
2580.75,1.75,2.55,2.0,0.969,1.06,1.77
2581.0,1.83,1.31,1.87,1.07,0.609,1.54
2581.25,1.65,2.22,1.88,0.959,0.88,1.55
2581.5,1.57,1.66,1.88,0.966,0.682,1.56
2581.75,1.62,2.35,1.98,1.12,1.1,1.73
2582.0,1.51,1.76,1.87,0.988,0.982,1.61
2582.25,1.63,2.2,1.83,1.06,0.837,1.54
2582.5,1.7,1.72,1.84,1.07,0.734,1.53
2582.75,1.7,2.11,2.03,1.07,0.913,1.79
2583.0,1.64,1.85,1.9,1.02,0.636,1.59
2583.25,1.72,1.99,1.83,1.14,0.8,1.46
2583.5,1.71,2.11,1.97,1.13,0.927,1.62
2583.75,1.44,1.99,1.88,0.867,0.826,1.54
2584.0,1.42,2.1,2.03,0.816,0.805,1.73
2584.25,1.6,1.86,1.99,1.03,0.863,1.66
2584.5,1.57,2.49,1.9,0.98,1.17,1.53
2584.75,1.71,1.45,1.95,1.05,0.587,1.57
2585.0,1.65,2.42,1.96,0.999,0.886,1.66
2585.25,1.76,1.45,1.86,0.947,0.74,1.52
2585.5,1.79,2.72,1.91,0.985,1.15,1.57
2585.75,1.76,1.22,1.91,0.953,0.421,1.63
2586.0,1.64,2.39,2.12,0.945,1.14,1.98
2586.25,2.42,1.35,1.89,1.49,0.581,1.63
2586.5,3.5,2.6,1.66,1.55,1.14,1.4
2586.75,3.75,1.43,1.86,1.44,0.671,1.57
2587.0,3.87,2.64,1.93,1.43,1.29,1.65
2587.25,3.88,1.86,1.83,1.4,0.712,1.53
2587.5,3.98,2.43,1.94,1.53,0.884,1.66
2587.75,4.0,1.44,1.92,1.54,0.554,1.68
2588.0,3.8,2.33,2.03,1.26,1.01,1.86
2588.25,3.92,1.58,1.93,1.52,0.623,1.68
2588.5,3.85,2.19,1.92,1.44,0.774,1.66
2588.75,3.89,1.8,1.89,1.5,0.861,1.63
2589.0,3.95,2.25,1.96,1.59,1.02,1.76
2589.25,3.99,1.89,2.01,1.59,0.901,1.85
2589.5,3.97,2.11,1.93,1.46,0.919,1.73
2589.75,3.98,1.97,1.91,1.48,0.829,1.71
2590.0,3.91,1.65,2.08,1.36,0.733,1.92
2590.25,4.13,2.11,1.92,1.68,0.808,1.73
2590.5,4.2,1.76,1.83,1.66,0.851,1.6
2590.75,3.9,2.22,1.96,1.59,1.06,1.74
2591.0,3.9,1.65,2.07,1.55,0.597,1.97
2591.25,3.87,2.24,2.12,1.53,1.18,2.05
2591.5,3.87,1.68,2.05,1.52,0.799,1.94
2591.75,4.1,2.51,2.09,1.71,1.03,1.95
2592.0,3.96,1.44,2.1,1.56,0.773,1.98
2592.25,4.02,2.56,2.08,1.62,1.33,1.97
2592.5,4.06,1.29,2.12,1.64,0.55,2.01
2592.75,3.84,2.43,2.04,1.45,1.02,1.84
2593.0,3.78,1.29,2.02,1.42,0.566,1.83
2593.25,3.9,2.48,2.19,1.62,1.01,2.07
2593.5,3.84,1.37,2.09,1.56,0.611,1.93
2593.75,3.8,2.42,1.98,1.46,1.1,1.73
2594.0,3.77,1.45,2.1,1.37,0.676,1.91
2594.25,3.93,2.36,2.03,1.51,1.02,1.83
2594.5,3.96,1.57,2.03,1.55,0.829,1.85
2594.75,4.02,2.11,2.03,1.65,0.918,1.85
2595.0,4.02,1.68,1.98,1.65,0.656,1.81
2595.25,3.81,2.05,2.04,1.49,0.887,1.85
2595.5,3.83,1.68,2.14,1.51,0.775,2.01
2595.75,3.81,2.12,2.03,1.46,0.909,1.83
2596.0,3.82,1.98,2.02,1.49,1.08,1.79
2596.25,3.83,1.83,2.01,1.5,0.693,1.8
2596.5,3.99,1.7,2.11,1.63,0.743,1.95
2596.75,3.99,1.86,2.06,1.6,0.794,1.86
2597.0,3.89,2.03,2.08,1.46,0.93,1.87
2597.25,3.86,1.7,2.01,1.45,0.745,1.82
2597.5,3.95,2.14,1.99,1.61,0.979,1.82
2597.75,3.83,1.46,1.97,1.53,0.603,1.79
2598.0,3.74,2.31,1.96,1.43,1.02,1.71
2598.25,3.74,1.47,1.89,1.39,0.705,1.62
2598.5,3.81,2.31,1.89,1.54,0.908,1.59
2598.75,2.81,1.32,1.99,0.979,0.522,1.76
2599.0,1.9,2.33,1.75,1.02,1.08,1.52
2599.25,1.86,1.25,1.7,1.1,0.494,1.51
2599.5,1.76,2.53,1.85,0.985,1.16,1.61
2599.75,1.77,1.36,1.85,1.0,0.701,1.65
2600.0,1.68,2.28,1.9,0.974,0.917,1.77
2600.25,1.5,1.32,1.94,0.748,0.601,1.81
2600.5,1.78,2.28,1.81,1.12,1.09,1.63
2600.75,1.73,1.37,1.67,1.04,0.648,1.43
2601.0,1.67,2.09,1.76,0.971,0.884,1.54
2601.25,1.65,1.58,1.83,0.934,0.807,1.64
2601.5,1.73,2.13,1.89,0.915,0.771,1.75
2601.75,1.76,1.51,1.81,1.02,0.657,1.65
2602.0,1.81,2.07,1.8,1.11,0.912,1.64
2602.25,1.62,1.56,1.89,0.902,0.727,1.77
2602.5,1.75,1.78,1.93,1.11,0.959,1.75
2602.75,1.63,1.94,1.91,0.905,0.88,1.6
2603.0,1.64,1.68,1.87,0.903,0.853,1.51
2603.25,1.68,1.77,1.91,0.99,0.834,1.59
2603.5,1.72,1.8,2.04,1.06,0.636,1.81
2603.75,1.77,1.89,1.97,1.11,0.789,1.71
2604.0,1.76,1.8,1.88,0.971,0.747,1.55
2604.25,1.63,1.96,1.96,0.797,0.994,1.64
2604.5,1.84,1.64,1.96,1.09,0.773,1.64
2604.75,1.8,2.34,2.06,1.01,1.25,1.79
2605.0,1.82,1.48,2.03,1.16,0.867,1.64
2605.25,1.78,2.72,2.07,1.14,1.22,1.66
2605.5,1.67,1.12,2.07,0.958,0.541,1.66
2605.75,1.75,2.4,2.08,1.08,1.04,1.71
2606.0,1.69,1.23,2.06,0.991,0.674,1.65
2606.25,1.68,2.36,2.05,0.899,1.16,1.62
2606.5,1.86,1.26,2.04,1.12,0.627,1.64
2606.75,1.91,2.25,2.18,1.2,1.01,1.86
2607.0,1.69,1.3,2.05,0.901,0.695,1.65
2607.25,1.79,2.37,1.92,1.03,1.19,1.44
2607.5,1.68,1.4,1.93,0.955,0.798,1.45
2607.75,1.66,2.27,2.02,0.978,1.06,1.59
2608.0,1.72,1.72,2.13,1.03,0.76,1.66
2608.25,1.63,1.88,2.11,0.925,0.82,1.58
2608.5,1.64,1.7,2.05,0.787,0.774,1.46
2608.75,1.89,1.72,2.06,0.965,0.864,1.56
2609.0,1.8,1.65,2.03,0.842,0.65,1.55
2609.25,1.87,1.92,1.9,0.928,0.8,1.34
2609.5,1.9,1.73,1.99,0.971,0.93,1.52
2609.75,1.76,2.16,2.13,0.866,0.975,1.69
2610.0,1.72,1.8,2.09,0.796,1.03,1.59
2610.25,2.19,1.98,1.99,0.781,0.877,1.42
2610.5,3.23,1.62,2.03,0.736,0.85,1.48
2610.75,3.62,1.7,2.0,1.31,0.635,1.48
2611.0,3.95,1.79,2.11,1.49,1.04,1.69
2611.25,3.77,1.44,1.98,1.44,0.637,1.54
2611.5,3.79,1.88,1.86,1.45,0.906,1.39
2611.75,3.89,1.5,1.98,1.62,0.944,1.64
2612.0,3.75,2.31,2.03,1.41,1.18,1.69
2612.25,3.88,1.2,1.92,1.65,0.647,1.56
2612.5,3.77,2.42,2.0,1.49,1.31,1.66
2612.75,3.83,1.25,2.02,1.59,0.726,1.73
2613.0,3.77,2.25,2.14,1.51,1.1,1.92
2613.25,3.84,0.999,1.99,1.57,0.714,1.67
2613.5,3.82,2.62,1.89,1.42,1.18,1.49
2613.75,3.99,1.11,1.96,1.69,0.562,1.6
2614.0,3.95,2.25,2.06,1.6,1.15,1.73
2614.25,3.9,1.34,2.04,1.56,0.77,1.72
2614.5,3.66,1.89,2.03,1.29,1.1,1.74
2614.75,3.92,1.39,2.03,1.68,0.813,1.73
2615.0,3.83,1.97,2.05,1.54,1.06,1.79
2615.25,3.92,1.43,2.12,1.69,1.02,1.89
2615.5,3.85,1.99,1.93,1.56,1.11,1.63
2615.75,3.85,1.37,1.99,1.56,0.747,1.7
2616.0,3.88,1.61,2.0,1.53,0.924,1.58
2616.25,3.89,1.59,1.98,1.52,0.958,1.58
2616.5,3.79,1.5,2.08,1.39,0.778,1.76
2616.75,4.0,1.84,2.03,1.71,1.12,1.69
2617.0,3.85,1.46,1.96,1.52,0.863,1.57
2617.25,3.75,1.66,1.98,1.43,0.882,1.62
2617.5,3.81,1.33,1.92,1.53,0.792,1.53
2617.75,3.75,1.81,1.93,1.42,1.06,1.56
2618.0,3.81,1.21,2.07,1.52,0.694,1.78
2618.25,3.92,1.95,2.0,1.65,1.22,1.67
2618.5,3.7,0.993,1.98,1.38,0.594,1.64
2618.75,3.83,2.1,1.99,1.53,1.23,1.67
2619.0,3.89,0.969,2.09,1.53,0.826,1.8
2619.25,3.97,2.2,2.08,1.6,1.19,1.81
2619.5,3.88,0.768,1.92,1.47,0.59,1.59
2619.75,4.11,2.0,1.94,1.79,1.16,1.61
2620.0,3.87,0.936,1.96,1.48,0.601,1.64
2620.25,3.87,1.74,2.01,1.61,1.11,1.72
2620.5,3.67,1.38,1.98,1.27,0.93,1.69
2620.75,3.95,1.69,1.93,1.66,1.05,1.6
2621.0,3.87,1.4,1.95,1.58,0.861,1.61
2621.25,3.9,1.62,2.0,1.63,1.05,1.68
2621.5,3.85,1.38,2.0,1.56,0.904,1.72
2621.75,3.82,1.37,1.96,1.51,0.852,1.67
2622.0,3.86,1.55,1.99,1.57,1.01,1.69
2622.25,3.79,1.25,1.94,1.45,0.821,1.61
2622.5,3.1,1.41,1.93,1.27,0.996,1.6
2622.75,2.21,1.18,2.1,0.929,0.691,1.81
2623.0,1.75,1.71,1.99,1.03,0.973,1.66
2623.25,1.69,0.99,2.03,0.928,0.773,1.67
2623.5,1.57,2.1,1.91,0.914,1.1,1.52
2623.75,1.58,0.996,1.84,0.944,0.749,1.42
2624.0,1.56,1.96,2.04,0.892,1.23,1.69
2624.25,1.72,0.79,1.94,1.18,0.522,1.57
2624.5,1.49,2.21,1.92,0.813,1.07,1.54
2624.75,1.55,0.823,1.91,0.933,0.623,1.53
2625.0,1.62,2.21,1.85,0.987,1.09,1.45
2625.25,1.59,0.866,2.03,0.982,0.599,1.66
2625.5,1.58,2.12,2.08,0.966,1.14,1.62
2625.75,1.75,0.987,2.04,1.07,0.571,1.67
2626.0,1.85,1.98,2.2,1.11,1.17,1.87
2626.25,1.67,1.34,2.13,0.838,0.912,1.76
2626.5,1.79,1.77,2.03,0.969,0.929,1.6
2626.75,1.68,1.28,2.13,0.844,0.741,1.74
2627.0,1.84,1.74,2.18,1.14,0.957,1.81
2627.25,1.82,1.42,2.25,1.07,0.807,1.91
2627.5,1.74,1.84,2.22,0.992,0.906,1.87
2627.75,1.65,1.66,2.09,0.954,0.821,1.66
2628.0,1.6,1.42,2.06,0.881,0.698,1.6
2628.25,1.65,1.66,2.14,0.968,0.96,1.74
2628.5,1.63,1.62,2.14,0.926,0.856,1.75
2628.75,1.64,1.84,2.05,0.971,0.994,1.6
2629.0,1.64,1.7,2.08,0.945,1.03,1.66
2629.25,1.82,2.05,2.04,1.07,0.983,1.58
2629.5,1.71,1.16,2.22,0.894,0.568,1.87
2629.75,1.79,1.98,2.13,1.03,1.06,1.73
2630.0,1.77,1.16,2.09,0.962,0.639,1.65
2630.25,1.85,2.19,2.09,1.19,0.946,1.68
2630.5,1.59,1.25,2.12,0.869,0.646,1.73
2630.75,1.48,2.36,2.1,0.733,1.23,1.74
2631.0,1.76,1.2,1.97,1.1,0.6,1.52
2631.25,1.56,2.3,1.95,0.839,1.14,1.53
2631.5,1.81,1.1,2.05,1.1,0.761,1.67
2631.75,1.79,2.34,2.11,0.984,1.14,1.75
2632.0,1.82,0.98,2.02,1.03,0.527,1.55
2632.25,1.68,2.27,2.01,0.799,1.09,1.52
2632.5,1.81,1.3,1.89,0.996,0.651,1.35
2632.75,1.49,2.02,1.99,0.633,0.879,1.49
2633.0,1.8,1.38,2.04,1.09,0.71,1.53
2633.25,1.63,1.83,1.9,0.838,0.997,1.38
2633.5,1.68,1.42,1.89,0.911,0.652,1.36
2633.75,1.6,2.05,2.18,0.766,0.961,1.58
2634.0,1.74,1.51,2.24,0.791,0.866,1.48
2634.25,3.1,1.6,2.15,1.3,0.871,1.36
2634.5,3.92,1.59,2.08,1.56,0.894,1.32
2634.75,3.6,1.81,2.1,1.26,0.733,1.33
2635.0,3.75,1.73,2.1,1.31,0.7,1.5
2635.25,3.83,1.62,1.84,1.42,0.78,1.44
2635.5,3.71,2.12,1.95,1.24,0.912,1.61
2635.75,3.82,1.41,1.9,1.42,0.708,1.55
2636.0,3.82,2.14,1.79,1.41,1.09,1.4
2636.25,3.87,1.29,1.88,1.54,0.551,1.52
2636.5,3.83,1.88,1.97,1.32,0.895,1.67
2636.75,3.89,1.39,1.86,1.38,0.75,1.55
2637.0,3.9,2.42,1.79,1.36,1.11,1.45
2637.25,4.03,0.915,1.83,1.56,0.49,1.51
2637.5,3.91,2.5,1.77,1.44,1.23,1.42
2637.75,3.94,1.05,1.92,1.56,0.656,1.66
2638.0,3.82,2.35,1.87,1.39,1.1,1.58
2638.25,3.83,1.22,1.75,1.42,0.74,1.38
2638.5,4.07,2.08,1.86,1.42,0.96,1.54
2638.75,3.79,1.3,1.9,1.41,0.604,1.59
2639.0,3.83,1.94,1.92,1.54,1.03,1.65
2639.25,3.94,1.33,1.82,1.51,0.674,1.52
2639.5,3.98,1.99,1.76,1.58,1.13,1.42
2639.75,3.86,1.55,1.81,1.41,0.83,1.47
2640.0,3.93,1.79,2.03,1.54,0.899,1.8
2640.25,3.8,1.65,1.88,1.41,0.847,1.59
2640.5,3.93,1.83,1.84,1.65,1.06,1.53
2640.75,3.83,1.67,1.9,1.49,0.82,1.62
2641.0,3.67,1.65,1.83,1.29,0.858,1.5
2641.25,3.91,1.75,1.97,1.6,0.926,1.71
2641.5,3.81,1.37,1.84,1.49,0.64,1.48
2641.75,3.77,1.95,1.81,1.46,1.0,1.43
2642.0,3.89,1.17,1.85,1.57,0.729,1.5
2642.25,4.01,2.33,1.86,1.67,1.14,1.52
2642.5,3.88,1.05,1.89,1.42,0.717,1.59
2642.75,3.93,2.7,1.87,1.51,1.21,1.51
2643.0,3.78,1.1,1.86,1.28,0.646,1.49
2643.25,3.92,2.39,1.83,1.6,1.19,1.47
2643.5,3.89,1.06,1.92,1.57,0.674,1.62
2643.75,3.85,2.08,1.9,1.53,1.16,1.58
2644.0,3.89,1.31,1.94,1.56,0.668,1.55
2644.25,3.75,1.94,1.96,1.36,1.08,1.53
2644.5,3.9,1.52,1.99,1.59,0.747,1.72
2644.75,3.81,1.82,2.03,1.4,1.01,1.77
2645.0,3.79,1.64,1.89,1.45,0.926,1.55
2645.25,3.94,1.85,1.84,1.64,1.01,1.48
2645.5,3.92,1.32,1.87,1.55,0.899,1.53
2645.75,3.91,1.6,1.79,1.46,0.765,1.41
2646.0,3.91,1.68,1.95,1.49,0.827,1.64
2646.25,3.87,1.54,1.88,1.43,0.867,1.54
2646.5,3.52,1.69,1.84,1.44,0.844,1.48
2646.75,2.3,1.19,1.8,0.921,0.754,1.42
2647.0,1.39,1.61,1.75,0.829,1.06,1.47
2647.25,1.49,0.979,1.78,1.1,0.611,1.6
2647.5,1.34,1.99,1.78,0.901,1.22,1.58
2647.75,1.48,0.847,1.68,1.1,0.813,1.42
2648.0,1.31,2.24,1.64,0.851,1.31,1.37
2648.25,1.61,0.752,1.74,1.31,0.694,1.52
2648.5,1.33,1.75,1.78,0.867,1.09,1.59
2648.75,1.53,0.694,1.74,1.06,0.59,1.51
2649.0,1.37,2.15,1.77,0.802,1.26,1.56
2649.25,1.58,0.669,1.8,1.1,0.547,1.59
2649.5,1.66,1.86,1.77,1.02,1.15,1.46
2649.75,1.7,1.06,1.88,1.09,0.794,1.65
2650.0,1.62,1.73,1.74,1.05,1.04,1.45
2650.25,1.51,1.38,1.75,0.929,0.92,1.49
2650.5,1.51,1.59,1.73,0.939,1.08,1.45
2650.75,1.52,1.29,1.75,0.922,0.789,1.46
2651.0,1.52,1.55,1.84,0.936,0.994,1.6
2651.25,1.53,1.42,1.76,0.955,0.934,1.45
2651.5,1.7,1.46,1.71,1.23,0.921,1.39
2651.75,1.55,1.44,1.77,0.881,0.885,1.51
2652.0,1.7,1.58,1.91,1.11,0.851,1.68
2652.25,1.45,1.69,1.88,0.909,0.856,1.64
2652.5,1.54,1.42,1.75,1.08,0.964,1.51
2652.75,1.62,1.68,1.68,1.17,1.1,1.46
2653.0,1.47,1.49,1.87,1.02,0.769,1.66
2653.25,1.42,1.93,1.96,0.945,1.18,1.8
2653.5,1.53,1.38,1.92,1.07,0.987,1.54
2653.75,1.51,1.98,1.89,1.07,0.973,1.64
2654.0,1.41,1.15,1.88,0.891,0.703,1.65
2654.25,1.66,1.72,1.89,1.22,1.1,1.68
2654.5,1.62,1.12,1.79,1.06,0.649,1.5
2654.75,1.64,2.27,1.73,1.11,1.19,1.42
2655.0,1.46,1.17,1.68,0.817,0.806,1.35
2655.25,1.52,2.16,1.84,0.928,1.14,1.57
2655.5,1.49,0.979,1.75,0.993,0.504,1.45
2655.75,1.54,2.58,1.72,1.06,1.15,1.39
2656.0,1.5,1.23,1.83,1.01,0.692,1.48
2656.25,1.44,2.37,1.9,0.904,0.944,1.53
2656.5,1.46,1.23,2.02,0.885,0.622,1.7
2656.75,1.41,2.35,2.01,0.802,0.991,1.71
2657.0,1.6,1.05,1.82,0.98,0.429,1.42
2657.25,1.39,2.21,1.91,0.681,1.07,1.51
2657.5,1.7,1.39,2.01,1.14,0.688,1.65
2657.75,1.51,1.83,1.84,0.813,0.872,1.42
2658.0,1.54,1.16,1.84,0.863,0.804,1.41
2658.25,2.92,1.71,1.82,1.3,0.904,1.41
2658.5,3.57,1.27,1.9,1.51,0.71,1.56
2658.75,3.86,1.59,2.06,1.54,1.08,1.67
2659.0,3.89,1.4,2.02,1.59,0.924,1.59
2659.25,3.79,1.78,1.95,1.33,0.789,1.56
2659.5,3.97,1.55,2.05,1.52,0.856,1.63
2659.75,3.97,1.49,2.06,1.44,0.904,1.66
2660.0,3.93,1.65,1.9,1.38,0.868,1.43
2660.25,3.93,1.57,1.96,1.45,0.848,1.51
2660.5,3.98,1.8,1.96,1.55,0.958,1.53
2660.75,3.91,1.34,1.96,1.49,0.563,1.57
2661.0,3.83,1.82,1.91,1.36,0.98,1.45
2661.25,3.78,1.34,1.8,1.31,0.688,1.3
2661.5,3.85,2.22,1.89,1.38,1.02,1.43
2661.75,3.91,1.54,2.02,1.48,0.753,1.62
2662.0,4.02,2.26,1.9,1.52,1.11,1.46
2662.25,4.08,1.0,1.92,1.59,0.654,1.48
2662.5,4.02,2.43,1.86,1.48,1.24,1.46
2662.75,3.82,1.05,1.72,1.42,0.517,1.41
2663.0,3.86,2.35,1.79,1.61,1.12,1.5
2663.25,3.56,1.4,1.83,1.24,0.606,1.56
2663.5,3.79,2.16,1.76,1.56,0.92,1.46
2663.75,3.68,1.1,1.69,1.39,0.568,1.34
2664.0,3.61,1.93,1.57,1.32,1.04,1.12
2664.25,3.52,1.46,1.7,1.16,0.68,1.28
2664.5,3.6,1.68,1.63,1.29,0.864,1.21
2664.75,3.55,1.52,1.7,1.19,0.836,1.3
2665.0,3.75,1.42,1.65,1.43,0.74,1.24
2665.25,3.67,1.44,1.62,1.26,0.844,1.19
2665.5,3.68,1.44,1.65,1.28,0.748,1.21
2665.75,3.74,1.5,1.73,1.36,0.766,1.34
2666.0,3.57,1.32,1.67,1.2,0.731,1.26
2666.25,3.62,1.57,1.68,1.29,0.823,1.26
2666.5,3.6,1.1,1.71,1.23,0.62,1.32
2666.75,3.77,1.94,1.67,1.52,1.1,1.26
2667.0,3.6,1.19,1.76,1.27,0.883,1.43
2667.25,3.69,1.96,1.67,1.38,0.956,1.33
2667.5,3.6,0.883,1.63,1.23,0.675,1.28
2667.75,3.78,1.63,1.71,1.53,0.856,1.37
2668.0,3.58,0.786,1.7,1.22,0.575,1.37
2668.25,3.86,2.07,1.71,1.59,1.06,1.4
2668.5,3.86,0.702,1.69,1.44,0.435,1.35
2668.75,3.92,2.16,1.6,1.49,1.09,1.22
2669.0,3.94,1.05,1.67,1.46,0.531,1.24
2669.25,3.86,2.01,3.16,1.39,1.02,1.41
2669.5,4.88,1.05,2.74,1.24,0.717,1.49
2669.75,5.3,2.19,2.36,1.48,1.12,1.24
2670.0,4.91,1.09,2.52,1.59,0.526,1.37
2670.25,4.01,1.87,1.91,1.41,1.03,1.21
2670.5,4.26,1.37,2.06,1.24,0.521,1.43
2670.75,3.82,1.96,2.06,0.918,0.783,1.4
2671.0,3.33,2.23,2.28,1.54,0.394,1.23
2671.25,4.91,2.73,4.05,2.88,0.485,1.52
2671.5,4.39,2.15,3.72,2.98,0.469,1.53
2671.75,5.26,3.49,4.33,3.21,0.75,1.76
2672.0,6.02,4.48,5.04,2.94,0.553,1.61
2672.25,4.48,7.96,5.57,0.46,1.62,1.42
2672.5,4.54,4.11,5.76,0.303,0.628,1.18
2672.75,6.54,5.47,8.28,0.453,0.701,1.4
2673.0,6.83,6.79,8.72,0.351,0.783,1.25
2673.25,8.05,8.76,7.38,0.462,0.73,1.1
2673.5,6.59,11.9,7.66,0.385,0.805,1.1
2673.75,7.46,7.59,8.01,0.643,0.494,1.23
2674.0,7.07,9.25,7.88,0.524,1.06,1.23
2674.25,6.29,7.91,7.74,0.626,0.714,1.25
2674.5,7.19,8.65,7.54,0.47,0.96,1.19
2674.75,7.05,7.29,7.16,0.838,0.739,1.32
2675.0,5.71,8.23,6.76,0.726,1.03,1.23
2675.25,5.81,6.5,6.75,0.807,0.751,1.38
2675.5,5.27,6.33,6.4,0.766,1.19,1.34
2675.75,5.24,4.29,6.18,0.649,0.281,1.25
2676.0,4.71,5.22,8.06,0.903,0.937,1.37
2676.25,5.25,2.93,7.52,0.739,0.451,1.6
2676.5,5.46,3.97,6.35,0.468,0.863,1.48
2676.75,5.47,7.02,4.75,0.586,0.576,1.17
2677.0,6.13,5.35,4.97,0.789,0.885,1.3
2677.25,5.94,3.54,4.75,0.532,0.417,1.05
2677.5,6.68,4.62,5.97,0.786,0.747,1.25
2677.75,6.97,4.38,5.62,0.776,0.439,1.14
2678.0,6.52,5.1,5.81,0.927,0.708,1.3
2678.25,6.93,4.21,5.8,0.588,0.598,1.64
2678.5,5.94,4.47,6.12,0.501,0.741,1.65
2678.75,5.98,3.88,7.76,0.516,0.507,2.43
2679.0,5.83,4.65,6.38,0.753,0.751,1.49
2679.25,5.85,3.89,6.32,0.67,0.437,1.69
2679.5,7.31,3.65,7.85,2.7,0.209,2.45
2679.75,6.13,3.87,8.43,1.59,0.584,2.73
2680.0,6.53,3.41,7.1,1.88,0.393,2.48
2680.25,5.94,3.14,7.13,1.89,0.399,2.62
2680.5,4.68,2.75,6.34,1.83,0.629,2.41
2680.75,4.31,3.06,5.86,1.94,0.814,2.46
2681.0,4.33,2.75,5.41,2.01,0.395,2.49
2681.25,3.47,3.21,5.07,1.93,0.855,2.22
2681.5,2.87,2.42,3.59,0.842,0.599,1.34
2681.75,2.5,3.59,3.16,0.904,1.1,1.3
2682.0,2.34,2.05,3.15,0.691,0.424,1.36
2682.25,3.71,3.07,3.03,0.974,0.895,1.38
2682.5,3.82,2.03,2.86,0.609,0.381,1.41
2682.75,3.86,2.91,2.53,0.677,0.822,1.26
2683.0,3.88,1.44,2.82,0.692,0.343,1.58
2683.25,3.91,2.97,2.65,0.744,1.04,1.59
2683.5,3.97,1.7,2.71,1.11,0.392,1.74
2683.75,3.83,2.57,2.53,1.33,0.921,1.52
2684.0,3.88,1.41,2.22,1.46,0.558,1.35
2684.25,3.82,2.21,1.91,1.48,1.01,1.51
2684.5,3.66,1.11,2.19,1.25,0.779,1.88
2684.75,3.68,2.14,1.99,1.16,0.901,1.59
2685.0,4.07,1.36,1.95,1.68,0.662,1.57
2685.25,3.93,1.93,2.05,1.5,1.06,1.67
2685.5,4.07,1.5,2.1,1.71,0.69,1.82
2685.75,3.95,1.68,2.07,1.6,0.939,1.84
2686.0,4.11,1.77,2.01,1.66,1.11,1.69
2686.25,3.81,1.68,2.0,1.55,0.964,1.77
2686.5,3.71,1.87,2.11,1.41,1.03,1.84
2686.75,3.67,1.76,2.09,1.34,1.02,1.9
2687.0,3.85,1.92,2.04,1.61,0.885,1.77
2687.25,3.92,1.48,2.09,1.72,0.848,1.82
2687.5,3.79,1.94,2.08,1.44,1.16,1.84
2687.75,4.04,1.13,2.17,1.72,0.674,1.96
2688.0,3.84,1.91,2.21,1.41,1.13,2.07
2688.25,3.92,1.07,1.99,1.63,0.72,1.67
2688.5,3.8,2.17,1.94,1.47,1.02,1.56
2688.75,3.65,1.13,1.9,1.38,0.866,1.58
2689.0,3.73,2.59,2.02,1.46,1.34,1.72
2689.25,3.76,0.988,1.89,1.5,0.649,1.57
2689.5,3.69,2.34,1.88,1.39,1.2,1.57
2689.75,3.67,0.941,1.89,1.39,0.602,1.57
2690.0,3.73,1.87,2.01,1.46,0.899,1.7
2690.25,3.82,1.23,1.95,1.57,0.78,1.62
2690.5,3.82,1.75,1.88,1.54,0.941,1.54
2690.75,3.67,1.49,1.89,1.21,0.709,1.61
2691.0,4.0,2.0,2.02,1.59,1.15,1.55
2691.25,3.7,1.6,1.9,1.33,0.846,1.5
2691.5,3.73,1.74,1.97,1.41,0.997,1.6
2691.75,3.75,1.96,2.03,1.4,1.07,1.61
2692.0,3.85,1.56,1.85,1.52,0.652,1.44
2692.25,3.65,1.48,1.94,1.32,0.811,1.57
2692.5,3.61,1.42,1.97,1.34,0.81,1.56
2692.75,3.51,1.81,1.92,1.16,0.849,1.57
2693.0,3.71,1.41,2.23,1.32,0.702,1.58
2693.25,3.8,2.23,3.06,1.45,0.935,1.33
2693.5,4.79,1.16,2.89,1.36,0.538,1.38
2693.75,5.2,2.5,3.2,1.41,1.15,1.41
2694.0,4.46,1.26,2.51,1.2,0.684,1.6
2694.25,4.08,2.5,2.13,1.29,1.22,1.42
2694.5,4.04,1.19,2.14,1.21,0.682,1.37
2694.75,3.45,2.6,1.87,0.873,0.903,1.26
2695.0,2.59,1.78,2.86,0.891,0.365,1.53
2695.25,4.49,4.19,3.16,0.863,0.837,1.65
2695.5,3.83,3.37,4.02,0.591,0.288,1.69
2695.75,4.16,8.02,4.54,0.737,0.863,1.8
2696.0,5.07,5.58,5.44,0.501,0.412,1.76
2696.25,4.63,8.5,6.24,0.427,0.828,1.59
2696.5,6.4,7.42,6.55,0.639,0.446,1.17
2696.75,5.63,8.08,6.18,0.481,0.996,1.01
2697.0,6.14,5.9,6.88,0.551,0.631,1.16
2697.25,6.16,4.71,7.43,0.522,1.01,1.16
2697.5,6.03,4.25,7.83,0.705,0.608,1.21
2697.75,6.47,7.27,9.12,0.425,0.949,0.956
2698.0,7.62,10.2,9.93,0.625,0.885,1.11
2698.25,8.68,10.1,9.24,0.636,0.87,1.27
2698.5,8.74,6.46,8.61,0.459,0.7,1.32
2698.75,8.11,5.61,8.06,0.437,0.917,1.38
2699.0,7.37,5.16,7.46,0.141,0.609,1.22
2699.25,6.58,7.59,9.79,0.702,0.941,1.57
2699.5,6.86,4.29,7.93,0.611,0.807,1.47
2699.75,6.32,4.52,8.11,0.72,0.822,1.58
2700.0,6.39,3.87,7.93,0.715,0.806,1.57
2700.25,5.69,3.64,8.42,0.757,0.656,1.58
2700.5,4.01,5.29,6.64,0.807,1.05,1.44
2700.75,4.52,5.04,5.1,0.945,0.885,1.63
2701.0,4.16,5.86,6.74,0.819,1.44,1.87
2701.25,5.05,3.25,4.83,0.921,0.367,1.5
2701.5,7.12,4.09,4.98,0.873,0.874,1.25
2701.75,5.61,4.36,4.87,0.684,0.564,1.22
2702.0,4.87,5.0,6.3,0.83,0.76,1.19
2702.25,4.75,3.84,6.08,0.689,0.429,1.13
2702.5,9.37,5.36,5.34,2.82,1.16,0.952
2702.75,6.67,4.35,5.26,3.22,0.474,0.993
2703.0,6.48,5.32,5.22,2.71,1.08,1.01
2703.25,6.57,7.98,5.06,3.1,1.04,1.3
2703.5,6.12,4.96,4.86,3.03,0.707,0.958
2703.75,5.74,3.92,4.73,3.12,0.382,0.806
2704.0,5.57,4.37,4.06,3.02,0.791,0.999
2704.25,5.52,3.29,4.52,3.19,0.247,1.34
2704.5,5.01,5.38,4.21,3.21,1.09,1.51
2704.75,4.97,2.98,4.31,3.07,0.785,1.69
2705.0,4.99,3.6,4.13,2.94,0.93,1.71
2705.25,5.07,2.93,6.27,3.12,0.779,2.43
2705.5,5.32,3.28,5.56,3.27,0.732,2.08
2705.75,4.96,3.78,4.51,3.27,0.909,1.84
2706.0,5.89,6.45,4.33,2.91,1.22,1.66
2706.25,4.66,2.94,3.04,1.52,0.721,1.26
2706.5,5.09,2.3,3.02,1.41,0.535,1.29
2706.75,5.01,2.97,2.77,1.45,0.833,1.21
2707.0,4.89,2.49,2.82,1.22,0.76,1.26
2707.25,5.16,2.15,2.84,2.03,0.816,1.52
2707.5,5.27,2.2,2.86,2.1,0.681,1.56
2707.75,5.58,2.29,2.68,2.12,0.969,1.32
2708.0,4.81,1.81,2.8,2.18,0.622,1.54
2708.25,4.29,2.51,2.64,2.41,0.891,1.44
2708.5,4.03,1.57,2.63,2.37,0.686,1.6
2708.75,4.08,2.46,2.48,2.48,1.05,1.57
2709.0,3.89,1.46,2.25,2.3,0.703,1.4
2709.25,3.93,2.36,2.08,2.35,1.15,1.54
2709.5,4.01,0.883,2.19,2.45,0.548,1.85
2709.75,3.96,2.4,2.07,2.37,1.09,1.69
2710.0,4.08,1.36,2.15,2.54,0.66,1.69
2710.25,4.12,2.41,2.17,2.5,1.23,1.82
2710.5,4.29,1.33,2.16,2.68,0.845,1.94
2710.75,4.17,2.32,2.08,2.5,1.02,1.88
2711.0,4.23,1.25,2.05,2.57,0.853,1.74
2711.25,4.05,2.06,1.99,2.37,1.22,1.64
2711.5,4.18,1.32,2.03,2.6,0.936,1.74
2711.75,4.16,1.8,2.05,2.55,1.15,1.76
2712.0,4.17,1.61,2.14,2.58,1.03,1.91
2712.25,4.16,1.65,2.06,2.63,1.02,1.72
2712.5,3.95,1.6,2.04,2.31,0.887,1.69
2712.75,4.08,1.72,2.12,2.5,0.907,1.79
2713.0,4.03,1.94,2.08,2.33,1.12,1.77
2713.25,4.03,1.61,1.9,2.32,0.961,1.54
2713.5,4.2,1.77,1.9,2.52,1.09,1.5
2713.75,4.24,1.02,1.91,2.61,0.691,1.5
2714.0,4.04,1.8,1.95,2.39,1.11,1.59
2714.25,3.97,1.11,2.03,2.34,0.778,1.72
2714.5,4.05,1.77,1.83,2.45,0.985,1.51
2714.75,4.0,0.959,1.88,2.37,0.726,1.54
2715.0,4.05,2.04,2.11,2.46,1.16,1.83
2715.25,3.93,0.905,1.96,2.29,0.756,1.62
2715.5,4.21,2.42,1.93,2.7,1.44,1.59
2715.75,3.96,0.918,1.88,2.27,0.861,1.48
2716.0,4.15,2.12,1.82,2.45,1.11,1.41
2716.25,4.15,0.793,1.94,2.43,0.737,1.55
2716.5,4.14,2.05,2.02,2.44,1.06,1.71
2716.75,4.26,1.07,1.87,2.56,0.729,1.5
2717.0,4.2,1.76,2.09,2.5,0.98,1.54
2717.25,4.02,1.36,3.38,2.28,0.774,1.56
2717.5,4.09,1.9,2.8,2.35,1.21,1.65
2717.75,4.19,1.65,2.76,2.51,0.932,1.66
2718.0,4.04,1.58,1.83,2.28,0.77,1.46
2718.25,4.72,1.66,1.86,2.46,0.996,1.51
2718.5,5.59,1.69,1.93,2.45,0.852,1.56
2718.75,4.91,1.82,2.03,1.83,0.732,1.69
2719.0,3.09,1.88,3.15,1.76,0.691,1.38
2719.25,4.01,2.53,4.25,1.04,0.8,1.29
2719.5,4.97,3.6,6.27,1.21,1.0,1.88
2719.75,5.45,5.54,6.61,1.2,1.73,1.96
2720.0,7.04,4.87,8.76,1.31,0.848,2.03
2720.25,7.6,6.43,7.83,1.1,1.03,1.35
2720.5,8.56,4.36,7.59,0.952,0.222,1.18
2720.75,9.15,7.8,7.68,1.01,0.781,1.19
2721.0,9.12,4.35,9.25,0.882,0.532,1.31
2721.25,8.65,9.65,9.68,0.819,1.01,1.62
2721.5,8.46,8.68,8.43,1.03,0.31,1.36
2721.75,9.21,10.3,8.26,1.12,0.847,1.17
2722.0,8.81,8.46,8.82,1.01,0.61,1.24
2722.25,9.24,8.31,8.46,0.88,0.56,1.37
2722.5,8.79,8.36,8.96,1.02,0.528,1.29
2722.75,8.07,9.09,8.62,0.947,0.682,1.14
2723.0,7.53,8.75,7.53,1.08,0.547,1.02
2723.25,7.07,7.55,6.59,0.785,0.707,1.04
2723.5,7.18,7.01,6.8,0.885,0.65,1.17
2723.75,6.55,7.87,5.33,1.41,0.789,1.25
2724.0,7.26,8.01,8.85,2.78,1.09,1.33
2724.25,6.99,6.64,7.84,2.8,0.573,1.3
2724.5,7.38,8.31,7.37,2.93,0.79,1.54
2724.75,6.7,6.89,7.03,1.31,0.59,1.61
2725.0,5.61,7.98,5.31,0.317,0.708,1.08
2725.25,7.31,5.21,5.54,0.25,0.487,1.08
2725.5,7.19,5.59,6.12,0.255,0.792,1.13
2725.75,7.59,3.85,5.96,0.664,0.274,1.22
2726.0,7.27,5.17,5.88,0.59,0.97,1.14
2726.25,7.17,3.6,6.18,0.692,0.654,1.16
2726.5,7.36,4.56,5.81,0.586,1.05,0.962
2726.75,6.83,3.18,6.28,0.772,0.382,1.14
2727.0,6.96,4.5,5.62,0.601,1.02,1.23
2727.25,6.14,3.12,5.02,0.604,0.27,1.04
2727.5,6.34,4.21,5.95,0.403,0.733,1.55
2727.75,5.16,3.03,6.89,0.614,0.243,1.89
2728.0,5.05,3.93,6.68,0.667,0.925,2.01
2728.25,4.24,2.68,6.48,0.689,0.448,2.02
2728.5,4.03,5.15,5.9,0.57,0.98,1.93
2728.75,2.71,2.84,5.44,0.458,0.511,1.81
2729.0,2.83,2.94,5.35,0.637,0.688,1.82
2729.25,2.56,2.03,3.78,0.555,0.639,1.14
2729.5,2.55,6.9,3.65,0.531,1.52,1.16
2729.75,2.43,2.25,5.42,0.733,0.499,1.99
2730.0,2.62,2.62,6.27,1.02,0.94,2.25
2730.25,3.79,2.38,5.63,1.35,0.753,1.55
2730.5,4.08,2.36,3.22,1.22,0.616,1.16
2730.75,4.17,2.28,3.31,1.37,0.68,1.35
2731.0,4.04,2.35,3.33,1.17,0.625,1.34
2731.25,4.23,2.3,3.3,1.44,0.62,1.29
2731.5,4.06,2.48,3.2,1.07,0.647,1.24
2731.75,4.08,2.19,2.86,1.65,1.09,1.48
2732.0,3.79,1.66,2.86,1.42,0.785,1.58
2732.25,3.9,2.18,2.71,1.58,0.962,1.36
2732.5,3.83,1.52,2.76,1.54,0.827,1.46
2732.75,3.87,2.41,2.84,1.64,1.16,1.57
2733.0,3.86,1.29,2.59,1.65,0.668,1.77
2733.25,3.86,2.37,2.11,1.65,1.18,1.61
2733.5,3.63,1.04,1.96,1.34,0.771,1.66
2733.75,3.76,2.41,2.03,1.49,1.18,1.63
2734.0,4.22,1.33,2.11,1.65,0.742,1.71
2734.25,3.98,2.51,2.04,1.67,1.3,1.64
2734.5,3.99,0.978,2.0,1.72,0.662,1.59
2734.75,3.92,2.37,2.1,1.61,1.26,1.77
2735.0,3.86,1.41,2.24,1.63,0.875,2.01
2735.25,3.82,2.12,2.18,1.58,1.1,1.94
2735.5,3.64,1.36,2.06,1.31,0.897,1.71
2735.75,3.84,2.16,2.06,1.62,1.1,1.71
2736.0,3.91,1.42,1.98,1.72,0.716,1.6
2736.25,3.86,1.87,2.08,1.67,1.08,1.76
2736.5,3.88,1.6,2.01,1.58,0.915,1.64
2736.75,4.02,1.79,2.1,1.74,0.979,1.8
2737.0,3.95,1.87,1.98,1.65,1.25,1.72
2737.25,4.04,2.17,1.94,1.77,1.22,1.72
2737.5,3.84,1.67,2.0,1.63,0.887,1.65
2737.75,3.72,1.65,1.94,1.42,0.949,1.55
2738.0,3.82,1.73,1.83,1.62,0.973,1.39
2738.25,3.76,1.47,1.94,1.5,0.709,1.34
2738.5,3.85,1.84,1.98,1.64,1.05,1.55
2738.75,3.88,1.49,2.0,1.64,0.753,1.58
2739.0,3.84,2.17,2.08,1.63,0.996,1.66
2739.25,3.87,1.31,2.01,1.6,0.858,1.63
2739.5,3.77,2.1,1.97,1.38,1.13,1.57
2739.75,3.8,1.22,1.92,1.44,0.891,1.53
2740.0,3.83,2.29,2.0,1.48,1.24,1.65
2740.25,4.07,0.887,1.94,1.86,0.531,1.55
2740.5,3.84,2.48,1.89,1.6,1.16,1.46
2740.75,3.8,1.24,1.77,1.4,0.752,1.35
2741.0,3.84,2.41,1.76,1.43,0.98,1.33
2741.25,3.71,1.26,1.99,1.28,0.645,1.57
2741.5,3.74,2.28,1.99,1.4,1.04,1.6
2741.75,4.71,1.49,1.83,1.27,0.603,1.37
2742.0,5.32,2.37,1.82,1.63,1.22,1.36
2742.25,4.22,1.64,2.03,1.28,0.771,1.53
2742.5,3.83,2.1,2.27,1.37,1.05,1.59
2742.75,3.51,1.58,2.08,1.11,0.779,1.28
2743.0,2.84,2.61,2.97,1.22,0.772,1.26
2743.25,4.21,3.1,3.09,3.14,0.518,1.21
2743.5,4.71,4.48,3.63,2.89,0.765,1.34
2743.75,5.14,3.39,3.89,2.76,0.411,1.12
2744.0,5.44,3.55,3.68,2.49,0.59,1.13
2744.25,5.09,5.04,4.67,0.427,0.863,1.01
2744.5,5.37,5.45,4.2,0.603,0.679,0.936
2744.75,5.92,6.33,4.7,0.356,0.818,1.11
2745.0,6.15,8.78,6.15,0.511,0.788,0.918
2745.25,6.84,8.74,7.49,0.185,0.95,0.891
2745.5,6.1,8.27,7.65,0.204,0.681,0.904
2745.75,6.02,8.25,7.83,-0.078,1.06,1.04
2746.0,6.16,8.35,7.66,0.261,0.643,0.915
2746.25,6.55,9.82,8.55,0.279,1.31,0.954
2746.5,6.28,6.8,7.97,0.251,0.476,1.06
2746.75,6.21,8.14,7.61,0.184,0.957,1.03
2747.0,5.55,7.67,7.06,0.231,0.442,1.0
2747.25,5.72,9.4,7.38,0.351,0.714,0.998
2747.5,5.81,6.41,6.78,0.41,0.357,1.01
2747.75,5.28,6.95,8.44,0.305,0.921,1.4
2748.0,5.59,5.59,8.32,0.617,0.453,1.61
2748.25,5.28,5.55,7.09,0.542,0.839,1.53
2748.5,5.15,3.86,8.3,0.589,0.57,1.68
2748.75,5.05,6.79,7.89,0.566,0.598,2.46
2749.0,7.16,5.32,6.73,0.604,0.628,2.04
2749.25,6.27,6.37,7.81,0.895,0.952,2.21
2749.5,5.29,4.25,6.83,0.376,0.368,2.09
2749.75,5.34,4.11,7.02,0.168,0.595,1.85
2750.0,6.35,4.56,7.17,0.453,0.574,1.93
2750.25,6.51,7.89,7.0,0.588,1.09,1.66
2750.5,6.95,8.18,7.12,0.668,1.16,1.82
2750.75,6.83,3.8,8.88,0.661,0.549,2.42
2751.0,7.16,4.03,7.9,0.793,0.781,2.21
2751.25,6.94,3.03,6.49,0.743,0.545,1.82
2751.5,6.78,3.82,6.36,0.715,0.834,1.99
2751.75,5.57,3.03,6.02,0.591,0.447,2.07
2752.0,4.19,4.16,5.5,0.537,0.895,2.12
2752.25,4.73,2.11,5.19,0.604,0.334,2.14
2752.5,4.27,3.24,4.76,0.568,0.81,2.09
2752.75,3.6,1.87,4.74,0.686,0.423,2.54
2753.0,3.4,2.96,4.42,0.723,1.06,2.19
2753.25,3.18,1.76,4.67,0.774,0.367,2.2
2753.5,3.02,3.05,4.79,0.783,0.953,2.49
2753.75,2.0,1.98,4.78,0.866,0.57,2.5
2754.0,1.93,2.93,3.68,0.796,0.88,1.76
2754.25,3.57,2.02,2.66,1.59,0.412,1.31
2754.5,4.08,2.69,2.85,1.33,0.725,1.57
2754.75,4.09,2.01,2.69,1.38,0.464,1.37
2755.0,4.09,2.37,2.77,1.39,0.569,1.26
2755.25,4.08,2.19,2.96,1.51,0.628,1.39
2755.5,4.01,2.24,3.15,1.44,0.863,1.69
2755.75,3.88,2.04,2.98,1.41,0.705,1.51
2756.0,3.56,2.29,2.79,1.42,0.849,1.32
2756.25,3.81,2.0,2.82,1.69,0.975,1.51
2756.5,3.72,1.63,2.56,1.67,0.757,1.97
2756.75,3.8,1.78,2.38,1.78,0.988,1.9
2757.0,3.73,1.43,2.24,1.69,0.834,1.73
2757.25,3.52,2.01,2.22,1.57,0.888,1.66
2757.5,3.59,1.4,2.3,1.65,0.806,1.63
2757.75,3.51,1.87,2.33,1.51,1.06,1.77
2758.0,3.46,1.26,2.32,1.41,0.628,1.77
2758.25,3.8,2.31,2.28,1.88,1.22,1.76
2758.5,3.58,1.26,2.18,1.6,0.793,1.62
2758.75,3.62,2.29,2.29,1.58,1.12,1.78
2759.0,3.67,0.936,2.23,1.61,0.777,1.67
2759.25,3.65,2.27,2.22,1.58,1.17,1.62
2759.5,3.6,1.11,1.91,1.5,0.427,1.54
2759.75,3.66,2.22,1.62,1.69,1.17,1.27
2760.0,3.42,0.902,1.75,1.43,0.616,1.44
2760.25,3.57,2.09,1.83,1.6,0.931,1.53
2760.5,3.53,1.15,1.88,1.55,0.731,1.58
2760.75,3.55,1.85,1.89,1.57,1.05,1.57
2761.0,3.51,1.48,1.84,1.57,0.902,1.48
2761.25,3.64,1.94,1.74,1.68,1.12,1.37
2761.5,3.68,1.19,1.9,1.59,0.706,1.63
2761.75,3.67,1.99,1.88,1.59,0.941,1.63
2762.0,3.53,1.47,1.7,1.39,0.871,1.34
2762.25,3.64,1.5,1.71,1.6,0.78,1.33
2762.5,3.63,1.53,1.84,1.64,0.828,1.53
2762.75,3.59,1.49,1.81,1.61,0.952,1.51
2763.0,3.59,1.58,1.79,1.6,0.827,1.47
2763.25,3.56,1.45,1.82,1.56,0.811,1.55
2763.5,3.57,2.1,1.66,1.57,1.21,1.36
2763.75,3.53,1.35,1.77,1.5,0.9,1.49
2764.0,3.52,1.72,1.83,1.46,0.982,1.48
2764.25,3.83,1.09,1.72,1.81,0.748,1.37
2764.5,3.66,1.93,1.72,1.59,1.04,1.37
2764.75,3.61,1.15,1.73,1.45,0.675,1.39
2765.0,3.63,2.1,2.01,1.59,1.14,1.82
2765.25,3.54,0.716,1.94,1.5,0.524,1.67
2765.5,3.54,2.25,1.83,1.53,1.16,1.51
2765.75,3.55,0.748,1.73,1.53,0.641,1.36
2766.0,3.48,2.23,1.88,1.45,1.19,1.59
2766.25,3.45,1.01,1.74,1.39,0.916,1.39
2766.5,3.08,2.18,1.67,1.25,1.07,1.26
2766.75,2.36,0.897,1.77,0.961,0.596,1.33
2767.0,1.49,2.16,1.82,0.925,1.01,1.4
2767.25,1.55,1.15,1.77,1.08,0.647,1.51
2767.5,1.35,1.94,1.92,0.821,0.916,1.69
2767.75,1.49,1.41,1.86,1.06,0.8,1.55
2768.0,1.15,1.8,1.67,0.724,1.06,1.31
2768.25,1.31,1.5,1.76,0.979,0.879,1.45
2768.5,1.37,1.68,2.12,1.02,1.03,1.42
2768.75,1.46,1.61,1.81,1.2,0.932,1.55
2769.0,1.24,1.68,1.82,0.883,0.933,1.56
2769.25,1.31,1.89,1.78,0.999,1.02,1.5
2769.5,1.3,1.56,1.8,0.952,0.675,1.53
2769.75,1.41,1.73,2.02,0.995,0.913,1.82
2770.0,1.36,1.53,1.95,0.949,0.909,1.7
2770.25,1.4,2.09,1.73,0.997,0.927,1.35
2770.5,1.47,1.35,1.75,1.11,0.703,1.42
2770.75,1.25,1.96,1.71,0.891,1.21,1.38
2771.0,1.26,1.45,1.78,0.944,0.698,1.56
2771.25,1.29,2.08,1.77,0.921,1.01,1.53
2771.5,1.37,1.38,1.73,1.05,0.886,1.39
2771.75,1.43,2.54,1.78,0.959,1.21,1.29
2772.0,1.47,1.26,1.94,0.944,0.688,1.61
2772.25,1.4,2.37,1.96,0.766,1.15,1.62
2772.5,1.59,1.18,1.77,1.02,0.571,1.37
2772.75,1.5,2.25,1.84,0.91,1.0,1.48
2773.0,1.71,1.25,1.86,1.1,0.703,1.52
2773.25,1.56,2.52,1.88,1.03,1.31,1.52
2773.5,1.43,1.32,1.79,0.806,0.677,1.38
2773.75,1.52,2.36,1.8,0.954,1.04,1.39
2774.0,1.47,1.49,1.84,0.804,0.685,1.44
2774.25,1.46,2.35,2.01,0.678,1.09,1.7
2774.5,1.79,1.32,1.99,0.972,0.722,1.66
2774.75,1.7,2.22,1.73,1.12,1.0,1.32
2775.0,1.65,1.44,1.67,0.772,0.677,1.22
2775.25,1.85,2.81,1.86,0.714,0.775,1.38
2775.5,1.87,2.32,1.91,0.745,0.865,1.46
2775.75,1.68,2.07,1.79,0.705,0.98,1.35
2776.0,1.72,2.09,1.78,0.821,0.654,1.32
2776.25,1.56,2.12,1.9,0.539,0.733,1.28
2776.5,1.84,1.9,1.94,0.88,0.792,1.39
2776.75,1.77,2.42,1.93,0.565,0.904,1.45
2777.0,1.88,2.42,1.84,0.705,0.922,1.36
2777.25,1.75,1.79,1.91,0.651,0.675,1.46
2777.5,1.84,2.35,1.81,0.833,0.892,1.32
2777.75,1.77,1.93,1.8,0.666,0.478,1.14
2778.0,1.79,2.18,1.84,0.751,0.919,1.35
2778.25,3.18,1.98,1.93,1.22,0.754,1.47
2778.5,3.56,2.3,1.77,1.49,0.965,1.44
2778.75,3.48,1.32,1.98,1.4,0.694,1.66
2779.0,3.83,2.48,1.93,1.71,1.22,1.58
2779.25,3.83,1.41,2.09,1.55,0.657,1.61
2779.5,3.78,2.52,1.85,1.51,1.21,1.61
2779.75,3.75,1.34,1.81,1.45,0.623,1.5
2780.0,3.72,2.42,1.91,1.43,1.1,1.66
2780.25,3.65,1.33,2.04,1.41,0.545,1.87
2780.5,3.68,2.42,2.12,1.51,1.16,1.9
2780.75,3.78,1.57,1.97,1.63,0.869,1.72
2781.0,3.64,2.29,2.02,1.42,1.01,1.76
2781.25,3.71,1.56,2.07,1.51,0.688,1.88
2781.5,3.75,2.29,2.09,1.43,1.07,1.95
2781.75,3.86,1.51,2.0,1.6,0.569,1.82
2782.0,3.81,2.24,1.99,1.5,0.96,1.76
2782.25,3.85,1.8,1.92,1.52,0.997,1.72
2782.5,3.94,2.15,2.08,1.4,0.916,1.95
2782.75,3.74,1.65,2.07,1.57,0.829,1.84
2783.0,3.61,2.05,2.11,1.36,0.952,1.94
2783.25,3.79,1.71,2.13,1.63,0.842,2.0
2783.5,3.68,2.1,2.03,1.48,0.913,1.82
2783.75,3.7,1.78,1.97,1.51,0.962,1.74
2784.0,3.72,1.9,1.98,1.39,0.699,1.7
2784.25,3.71,1.89,1.89,1.4,0.895,1.56
2784.5,3.6,1.72,2.01,1.26,0.864,1.78
2784.75,3.83,2.24,2.13,1.59,1.02,1.96
2785.0,3.73,1.58,1.96,1.59,0.704,1.7
2785.25,3.6,2.22,1.98,1.39,0.975,1.68
2785.5,3.63,1.51,2.04,1.41,0.691,1.79
2785.75,3.65,2.36,1.99,1.4,1.07,1.73
2786.0,3.66,1.32,1.85,1.44,0.821,1.62
2786.25,3.69,2.31,1.77,1.41,0.993,1.54
2786.5,3.78,1.24,1.8,1.46,0.557,1.53
2786.75,3.8,2.63,2.07,1.48,1.24,1.83
2787.0,3.76,1.34,1.92,1.47,0.537,1.66
2787.25,3.72,2.55,1.9,1.41,1.17,1.6
2787.5,3.72,1.29,1.94,1.52,0.77,1.68
2787.75,3.7,2.36,1.88,1.47,1.03,1.62
2788.0,3.69,1.19,1.95,1.5,0.579,1.74
2788.25,3.66,2.51,1.89,1.4,1.25,1.63
2788.5,3.49,1.4,1.79,1.23,0.62,1.5
2788.75,3.77,2.1,1.81,1.53,0.969,1.47
2789.0,3.73,1.39,1.96,1.41,0.641,1.69
2789.25,3.9,2.3,1.84,1.67,0.827,1.55
2789.5,3.71,1.61,1.86,1.39,0.848,1.54
2789.75,3.76,2.03,1.82,1.49,1.06,1.59
2790.0,3.61,1.84,1.9,1.35,0.957,1.57
2790.25,3.69,1.89,1.92,1.49,0.935,1.69
2790.5,3.21,1.75,1.93,1.03,0.888,1.65
2790.75,2.85,1.8,1.91,1.23,0.817,1.63
2791.0,1.52,2.03,1.9,0.871,1.11,1.69
2791.25,1.32,1.4,1.73,0.954,0.917,1.51
2791.5,1.32,1.49,1.8,0.851,0.863,1.61
2791.75,1.41,1.32,1.9,0.987,0.809,1.78
2792.0,1.39,1.88,1.82,0.953,1.08,1.69
2792.25,1.4,1.22,1.78,1.02,0.712,1.6
2792.5,1.22,1.67,1.7,0.859,1.14,1.46
2792.75,1.27,1.17,1.64,0.9,0.75,1.37
2793.0,1.3,2.02,1.8,0.946,1.03,1.59
2793.25,1.19,1.15,1.75,0.79,0.756,1.54
2793.5,1.36,2.23,1.62,1.04,1.21,1.39
2793.75,1.27,0.653,1.7,0.881,0.586,1.49
2794.0,1.42,2.14,1.79,0.977,1.11,1.59
2794.25,1.31,0.898,1.74,0.807,0.445,1.48
2794.5,1.28,2.14,1.76,0.759,1.09,1.46
2794.75,1.28,1.16,1.63,0.794,0.759,1.3
2795.0,1.24,1.98,1.68,0.833,1.06,1.35
2795.25,1.36,0.869,1.92,1.01,0.689,1.68
2795.5,1.23,2.04,1.75,0.794,1.05,1.48
2795.75,1.23,1.05,1.74,0.815,0.595,1.45
2796.0,1.2,2.16,1.85,0.755,1.21,1.6
2796.25,1.25,1.26,1.77,0.857,0.841,1.5
2796.5,1.3,1.91,1.71,0.745,0.914,1.41
2796.75,1.39,1.26,1.72,0.926,0.752,1.42
2797.0,1.41,1.55,1.59,0.937,0.958,1.26
2797.25,1.32,1.37,1.79,0.825,0.679,1.58
2797.5,1.27,1.63,1.71,0.814,0.943,1.52
2797.75,1.2,1.5,1.59,0.764,0.968,1.34
2798.0,1.33,1.74,1.73,0.962,0.772,1.41
2798.25,1.34,1.62,1.82,0.849,1.03,1.47
2798.5,1.46,1.55,1.85,0.855,0.831,1.49
2798.75,1.33,2.0,1.86,0.663,0.738,1.49
2799.0,1.72,1.58,1.83,0.939,0.651,1.4
2799.25,1.58,2.31,1.98,0.687,0.862,1.47
2799.5,1.78,1.53,2.13,0.969,0.534,1.63
2799.75,1.69,2.02,2.05,0.901,0.842,1.64
2800.0,1.62,1.63,2.11,0.851,0.65,1.76
2800.25,1.58,2.43,2.09,0.81,0.938,1.72
2800.5,1.53,1.47,1.88,0.775,0.593,1.46
2800.75,1.36,2.62,1.87,0.718,1.13,1.51
2801.0,1.57,1.59,1.81,0.917,0.475,1.5
2801.25,1.61,2.55,1.86,1.04,0.914,1.63
2801.5,1.52,1.2,1.81,0.784,0.525,1.53
2801.75,1.91,2.62,1.67,1.02,1.12,1.34
2802.0,2.2,1.17,1.65,1.0,0.692,1.34
2802.25,3.37,2.2,1.83,1.65,1.1,1.53
2802.5,3.3,1.01,1.8,1.44,0.612,1.52
2802.75,3.27,2.09,1.71,1.37,1.05,1.41
2803.0,3.45,1.27,1.7,1.51,0.78,1.42
2803.25,3.39,2.05,1.7,1.42,1.15,1.44
2803.5,3.36,1.42,1.87,1.37,0.848,1.67
2803.75,3.35,2.04,1.73,1.32,0.852,1.39
2804.0,3.58,1.8,1.69,1.55,0.678,1.37
2804.25,3.5,1.74,1.72,1.41,0.907,1.43
2804.5,3.48,1.51,1.87,1.4,0.648,1.63
2804.75,3.38,1.84,1.79,1.23,0.819,1.55
2805.0,3.44,1.79,1.6,1.46,0.873,1.37
2805.25,3.37,1.51,1.62,1.33,0.715,1.39
2805.5,3.48,1.9,1.73,1.53,1.13,1.49
2805.75,3.45,1.73,1.87,1.48,0.921,1.68
2806.0,3.34,1.91,1.68,1.34,0.861,1.38
2806.25,3.43,1.4,1.63,1.44,0.615,1.33
2806.5,3.48,2.23,1.69,1.42,1.01,1.4
2806.75,3.41,0.893,1.88,1.3,0.558,1.66
2807.0,3.56,2.25,1.66,1.5,0.991,1.35
2807.25,3.61,1.16,1.64,1.56,0.641,1.36
2807.5,3.46,2.11,1.83,1.35,1.02,1.59
2807.75,3.43,1.04,1.87,1.42,0.652,1.65
2808.0,3.4,2.35,1.9,1.33,1.14,1.68
2808.25,3.5,0.884,1.98,1.49,0.615,1.79
2808.5,3.5,2.28,1.82,1.49,1.14,1.56
2808.75,3.32,0.936,1.85,1.27,0.661,1.5
2809.0,3.48,2.16,1.97,1.45,0.986,1.78
2809.25,3.48,1.19,1.89,1.36,0.728,1.69
2809.5,3.59,1.83,1.87,1.47,0.899,1.66
2809.75,3.51,1.24,1.83,1.36,0.632,1.58
2810.0,3.76,1.66,1.8,1.72,0.952,1.57
2810.25,3.58,1.38,1.73,1.34,0.704,1.45
2810.5,3.61,1.7,1.86,1.47,0.977,1.64
2810.75,3.44,1.52,1.99,1.25,0.887,1.85
2811.0,3.59,1.65,1.79,1.47,0.907,1.57
2811.25,3.51,1.59,1.84,1.37,0.977,1.6
2811.5,3.6,1.36,1.85,1.54,0.701,1.63
2811.75,3.52,1.45,1.85,1.5,0.785,1.65
2812.0,3.42,1.26,1.73,1.33,0.762,1.5
2812.25,3.47,1.74,1.65,1.42,0.918,1.43
2812.5,3.43,1.03,1.73,1.33,0.718,1.5
2812.75,3.46,2.06,1.63,1.42,1.15,1.39
2813.0,3.45,0.955,1.82,1.37,0.699,1.67
2813.25,3.56,2.2,1.77,1.46,0.973,1.52
2813.5,3.57,0.974,1.79,1.41,0.532,1.46
2813.75,3.99,1.98,3.16,1.24,0.983,1.37
2814.0,5.31,1.04,3.45,1.34,0.699,1.57
2814.25,5.11,2.3,3.39,1.13,0.982,1.57
2814.5,3.77,1.05,1.96,1.4,0.556,1.33
2814.75,2.87,2.06,1.96,0.64,1.09,1.32
2815.0,2.23,1.46,2.2,0.619,0.293,1.19
2815.25,3.79,3.6,3.4,0.497,0.957,1.19
2815.5,4.12,2.74,3.76,0.439,0.444,1.24
2815.75,4.41,3.35,4.64,0.322,0.655,1.04
2816.0,4.78,2.83,6.42,0.425,0.441,1.01
2816.25,4.86,3.94,5.83,0.604,0.847,0.946
2816.5,5.81,4.52,7.83,0.314,0.308,1.14
2816.75,6.65,5.6,6.78,0.381,0.785,0.995
2817.0,7.48,6.2,7.41,0.213,0.434,0.946
2817.25,9.29,7.59,7.43,1.28,0.616,1.01
2817.5,9.19,10.3,7.7,1.24,0.495,0.986
2817.75,9.03,12.0,7.15,1.19,0.716,1.13
2818.0,8.37,11.3,7.49,1.18,0.586,1.04
2818.25,8.64,7.18,7.25,1.07,0.621,0.847
2818.5,7.97,6.27,6.93,1.3,0.454,0.994
2818.75,8.13,4.86,6.79,1.17,0.564,1.23
2819.0,7.54,4.24,6.36,1.01,0.445,1.15
2819.25,6.98,6.88,6.7,1.26,0.418,1.02
2819.5,6.63,8.74,7.06,1.23,0.651,1.11
2819.75,7.2,8.91,6.56,2.44,0.823,1.26
2820.0,7.51,6.26,5.89,3.02,0.611,1.5
2820.25,6.58,7.72,6.79,2.91,0.515,1.45
2820.5,7.05,9.06,5.91,3.2,0.778,1.56
2820.75,5.64,7.39,4.14,1.48,0.307,1.3
2821.0,6.84,7.16,6.0,0.432,1.31,2.18
2821.25,6.04,4.16,5.67,0.52,0.444,1.72
2821.5,6.02,6.36,5.16,0.689,0.754,1.17
2821.75,6.47,4.7,5.01,0.752,0.328,1.09
2822.0,6.75,5.32,8.54,0.606,0.819,1.75
2822.25,6.81,4.44,5.28,0.843,0.363,1.16
2822.5,5.83,5.44,5.06,0.525,0.992,1.06
2822.75,6.16,3.75,5.31,0.624,0.568,1.06
2823.0,5.59,4.84,5.57,0.301,0.762,1.17
2823.25,5.39,4.14,5.04,0.54,0.604,1.03
2823.5,5.85,4.19,4.95,0.721,0.617,0.97
2823.75,5.08,3.67,4.63,0.803,0.313,1.05
2824.0,5.77,4.64,4.48,0.792,0.696,1.24
2824.25,4.91,3.63,4.24,0.705,0.617,1.13
2824.5,4.42,3.44,4.34,0.755,0.433,1.19
2824.75,3.92,3.77,4.49,0.623,0.769,1.15
2825.0,3.27,3.42,4.04,0.647,0.716,1.09
2825.25,2.96,3.81,3.89,0.606,0.737,1.11
2825.5,3.27,2.29,3.78,0.682,0.452,1.31
2825.75,3.42,2.96,3.68,0.676,0.874,1.37
2826.0,3.89,2.7,3.55,0.633,0.709,1.27
2826.25,4.23,2.8,3.43,0.749,0.861,1.16
2826.5,4.24,1.35,3.52,0.895,0.468,1.18
2826.75,4.38,2.78,3.42,1.27,1.09,1.17
2827.0,3.98,1.31,3.07,1.11,0.495,1.23
2827.25,3.91,2.61,2.53,1.15,1.04,1.44
2827.5,4.01,1.57,2.23,1.31,0.595,1.54
2827.75,3.69,2.29,2.17,1.51,0.988,1.58
2828.0,3.56,1.68,2.13,1.39,0.643,1.55
2828.25,3.8,2.04,2.14,1.7,0.805,1.56
2828.5,3.66,1.77,2.16,1.35,0.766,1.51
2828.75,3.76,1.87,2.03,1.52,0.742,1.6
2829.0,3.66,1.71,2.0,1.35,0.642,1.68
2829.25,3.64,1.71,1.94,1.36,0.793,1.59
2829.5,3.72,1.67,2.05,1.58,0.842,1.71
2829.75,3.67,1.43,2.01,1.52,0.758,1.7
2830.0,3.93,1.81,2.09,1.5,1.05,1.82
2830.25,3.65,1.08,2.01,1.47,0.671,1.71
2830.5,3.61,2.38,1.92,1.45,1.23,1.57
2830.75,3.59,0.924,2.03,1.38,0.631,1.71
2831.0,3.77,2.18,2.04,1.67,0.892,1.75
2831.25,3.56,0.939,1.96,1.33,0.605,1.64
2831.5,3.83,1.99,1.9,1.61,1.11,1.61
2831.75,3.78,1.19,2.0,1.5,0.569,1.81
2832.0,3.74,1.97,1.88,1.49,1.1,1.6
2832.25,3.73,1.45,1.93,1.46,0.774,1.61
2832.5,3.62,1.69,1.91,1.44,0.799,1.56
2832.75,3.75,1.26,1.88,1.62,0.845,1.54
2833.0,3.55,1.66,1.82,1.36,0.82,1.46
2833.25,3.52,1.72,1.85,1.3,0.831,1.45
2833.5,3.58,1.64,1.97,1.38,0.877,1.64
2833.75,3.71,1.66,1.82,1.58,0.821,1.45
2834.0,3.55,1.16,1.87,1.33,0.665,1.53
2834.25,3.71,1.78,1.88,1.58,1.02,1.55
2834.5,3.57,1.15,1.92,1.38,0.608,1.61
2834.75,3.69,2.13,1.85,1.53,1.03,1.49
2835.0,3.67,0.982,1.89,1.42,0.638,1.48
2835.25,3.59,1.97,1.83,1.24,0.96,1.48
2835.5,3.8,0.947,1.86,1.57,0.534,1.54
2835.75,3.75,2.19,1.79,1.5,1.14,1.48
2836.0,3.7,1.29,1.78,1.54,0.495,1.47
2836.25,3.53,2.04,1.89,1.3,1.05,1.54
2836.5,3.71,1.06,1.86,1.56,0.71,1.51
2836.75,3.54,1.92,1.86,1.32,1.06,1.51
2837.0,3.66,1.58,1.81,1.46,0.808,1.44
2837.25,3.65,2.09,2.91,1.31,1.1,1.47
2837.5,3.75,1.33,2.77,1.49,0.661,1.47
2837.75,4.28,1.78,2.52,1.35,0.742,1.47
2838.0,5.04,1.53,1.87,1.27,0.822,1.44
2838.25,4.9,1.6,1.86,1.33,0.606,1.48
2838.5,3.72,1.84,2.13,1.03,0.83,1.49
2838.75,3.27,1.27,2.12,0.9,0.543,1.4
2839.0,3.05,2.68,2.41,1.31,0.785,1.44
2839.25,4.92,2.16,3.09,3.04,0.652,1.45
2839.5,4.96,3.18,3.38,3.03,0.899,1.27
2839.75,5.29,3.14,3.63,3.18,0.503,1.2
2840.0,12.0,4.72,4.73,3.6,0.857,1.13
2840.25,5.6,3.77,5.14,1.35,0.399,1.15
2840.5,4.99,5.36,5.16,0.685,0.847,0.896
2840.75,4.97,3.65,6.8,0.489,0.317,0.953
2841.0,5.1,4.58,7.21,0.556,0.778,0.931
2841.25,6.6,4.54,7.35,0.357,0.402,0.98
2841.5,5.58,7.02,7.89,0.396,0.672,0.912
2841.75,5.98,11.2,8.31,0.66,0.608,1.06
2842.0,7.42,12.2,9.75,0.535,0.844,0.964
2842.25,7.55,7.64,7.74,0.265,0.583,1.17
2842.5,7.86,7.61,7.96,0.402,0.628,1.11
2842.75,6.24,11.1,7.75,0.388,0.402,1.08
2843.0,5.63,10.5,7.52,0.521,0.337,1.09
2843.25,5.27,11.4,7.31,0.479,0.481,1.27
2843.5,5.04,9.97,8.24,0.629,0.413,1.43
2843.75,4.47,8.83,6.87,0.725,0.375,1.2
2844.0,4.37,9.02,6.6,0.725,0.425,1.56
2844.25,4.06,6.55,6.82,0.53,0.768,1.39
2844.5,4.78,7.11,6.93,0.729,0.572,1.23
2844.75,4.52,6.74,4.6,0.559,1.14,1.3
2845.0,4.81,7.48,4.31,0.571,0.245,1.2
2845.25,4.73,6.95,4.81,0.631,0.745,1.1
2845.5,5.86,5.99,4.84,2.27,0.233,1.1
2845.75,6.22,7.46,5.04,2.47,0.663,1.06
2846.0,6.06,6.6,4.76,2.55,0.313,1.05
2846.25,5.76,7.51,4.74,2.68,0.705,1.13
2846.5,6.68,6.74,4.39,2.61,0.288,1.11
2846.75,5.74,7.38,5.26,2.72,0.573,1.23
2847.0,5.72,6.2,4.68,2.52,0.596,1.28
2847.25,5.78,6.33,5.07,2.7,0.665,1.22
2847.5,5.53,5.85,4.76,2.26,0.473,1.15
2847.75,5.2,5.65,4.47,2.59,0.398,1.07
2848.0,4.81,4.55,4.36,2.81,0.512,1.21
2848.25,4.16,2.35,4.2,1.61,0.39,1.09
2848.5,3.45,2.62,4.19,0.647,0.688,1.13
2848.75,2.58,2.17,3.92,0.702,0.369,1.18
2849.0,2.16,2.74,3.74,0.815,0.633,1.34
2849.25,1.97,2.15,3.48,0.706,0.579,1.39
2849.5,1.81,2.85,3.34,0.726,1.02,1.44
2849.75,1.85,2.03,3.31,0.781,0.448,1.55
2850.0,2.29,2.93,3.13,1.0,0.904,1.38
2850.25,3.12,1.53,3.27,0.697,0.451,1.24
2850.5,3.57,2.86,3.73,1.25,0.826,1.32
2850.75,3.7,1.64,3.6,1.42,0.362,1.41
2851.0,3.54,2.6,3.31,1.5,0.768,1.3
2851.25,3.41,1.84,3.37,1.36,0.413,1.42
2851.5,3.78,2.37,3.43,1.3,0.84,1.57
2851.75,3.52,2.01,3.42,1.4,0.547,1.59
2852.0,3.4,2.19,3.45,1.38,0.726,1.55
2852.25,3.54,2.19,3.44,1.6,0.733,1.57
2852.5,3.5,2.11,3.39,1.5,0.583,1.5
2852.75,3.58,2.28,3.24,1.61,0.821,1.5
2853.0,3.45,2.15,3.06,1.37,0.782,1.5
2853.25,3.58,2.17,3.02,1.53,0.609,1.45
2853.5,3.4,1.57,3.08,1.33,0.409,1.54
2853.75,3.38,2.71,3.19,1.35,0.923,1.69
2854.0,3.84,0.927,2.77,1.63,0.422,1.63
2854.25,3.53,2.43,2.46,1.51,1.22,1.75
2854.5,3.52,1.12,2.42,1.53,0.756,1.71
2854.75,3.42,2.19,2.36,1.35,1.09,1.66
2855.0,3.56,1.23,2.31,1.56,0.701,1.57
2855.25,3.41,1.86,2.33,1.34,0.971,1.58
2855.5,3.49,1.43,2.31,1.5,0.673,1.59
2855.75,3.51,1.84,2.29,1.38,1.05,1.55
2856.0,3.63,1.43,2.48,1.52,0.719,1.73
2856.25,3.58,1.56,2.38,1.46,0.86,1.6
2856.5,3.51,1.22,2.43,1.36,0.972,1.66
2856.75,3.52,1.56,2.4,1.49,0.954,1.65
2857.0,3.54,1.6,2.35,1.51,1.01,1.59
2857.25,3.52,1.22,2.34,1.52,0.761,1.53
2857.5,3.39,1.88,2.37,1.31,0.894,1.55
2857.75,3.38,0.873,2.41,1.31,0.683,1.65
2858.0,3.48,1.83,2.24,1.45,1.14,1.45
2858.25,3.44,0.924,2.38,1.39,0.803,1.58
2858.5,3.5,2.3,2.37,1.49,1.42,1.6
2858.75,3.52,0.945,2.37,1.51,0.804,1.61
2859.0,3.5,1.78,2.29,1.49,1.04,1.54
2859.25,3.35,0.814,2.32,1.28,0.677,1.53
2859.5,3.67,1.85,2.32,1.59,1.25,1.59
2859.75,3.41,1.13,2.31,1.19,0.651,1.6
2860.0,3.66,1.55,2.26,1.56,1.01,1.47
2860.25,3.66,1.06,2.3,1.56,0.897,1.49
2860.5,3.47,1.33,2.42,1.44,0.77,1.65
2860.75,3.5,1.56,2.45,1.47,0.957,1.69
2861.0,3.48,1.4,3.39,1.32,0.756,1.58
2861.25,4.12,1.43,3.2,1.41,0.909,1.58
2861.5,4.97,1.51,3.04,1.3,0.929,1.54
2861.75,4.97,1.82,2.54,1.37,0.992,1.51
2862.0,3.51,1.12,2.28,1.34,0.771,1.44
2862.25,4.19,1.87,2.27,1.48,1.1,1.41
2862.5,3.71,0.914,2.52,1.07,0.473,1.52
2862.75,3.01,1.99,2.7,0.837,1.05,1.62
2863.0,2.43,1.69,4.13,0.673,0.403,1.43
2863.25,3.26,3.42,6.09,0.618,0.86,1.65
2863.5,3.75,3.91,4.49,0.701,0.612,1.81
2863.75,2.98,6.7,5.26,0.559,0.796,1.7
2864.0,3.95,5.97,7.38,0.687,0.327,1.74
2864.25,4.3,7.03,7.07,0.685,0.862,1.74
2864.5,4.62,6.5,7.28,0.735,0.589,1.51
2864.75,4.74,6.47,7.39,0.782,0.679,1.54
2865.0,4.77,7.82,8.65,0.871,0.502,1.5
2865.25,4.8,12.3,8.77,0.518,0.955,1.5
2865.5,4.81,4.59,9.43,0.542,0.614,1.81
2865.75,4.55,4.92,9.76,0.43,0.57,1.7
2866.0,4.82,4.63,10.6,0.512,0.498,1.81
2866.25,4.91,4.63,10.5,0.65,0.481,1.79
2866.5,5.22,5.45,11.3,0.61,0.644,1.9
2866.75,6.23,4.48,9.52,0.545,0.221,1.4
2867.0,7.49,6.4,11.3,0.771,0.882,1.76
2867.25,6.31,5.06,9.52,0.636,0.365,1.62
2867.5,6.79,5.91,10.6,0.64,0.707,1.46
2867.75,6.06,4.62,11.1,0.63,0.403,1.45
2868.0,4.86,5.66,11.9,1.46,0.68,1.9
2868.25,5.52,4.44,11.0,2.57,0.233,1.75
2868.5,5.25,7.95,9.41,2.39,1.12,1.56
2868.75,5.52,7.33,5.58,2.6,0.988,1.68
2869.0,6.52,7.0,7.35,2.88,1.45,2.28
2869.25,5.96,5.12,6.8,2.39,0.772,2.19
2869.5,7.89,5.62,6.18,3.26,0.426,1.17
2869.75,8.2,4.84,8.19,3.22,0.782,1.43
2870.0,8.36,9.67,7.34,3.11,2.35,1.4
2870.25,6.45,5.33,8.12,2.58,0.625,1.18
2870.5,6.66,4.91,7.75,2.41,0.455,1.11
2870.75,6.31,4.96,7.98,2.33,0.667,1.29
2871.0,6.05,4.1,7.62,2.34,0.321,1.28
2871.25,5.44,4.14,5.01,2.65,0.466,1.29
2871.5,5.32,3.61,5.3,2.59,0.336,1.58
2871.75,5.1,4.28,5.08,2.48,0.601,1.58
2872.0,4.29,3.65,4.67,2.29,0.191,1.72
2872.25,4.57,5.63,4.68,2.62,0.793,1.56
2872.5,3.97,2.91,4.1,2.7,0.495,1.68
2872.75,3.41,3.66,3.89,2.08,0.813,1.77
2873.0,3.14,2.6,3.62,1.66,0.42,1.72
2873.25,3.48,3.1,3.67,2.58,0.631,1.86
2873.5,3.85,2.52,3.58,3.3,0.335,1.75
2873.75,3.64,2.82,3.53,3.32,0.678,1.69
2874.0,3.61,2.63,3.31,3.14,0.912,1.25
2874.25,3.89,2.38,3.46,1.53,0.773,1.46
2874.5,5.71,2.12,2.85,2.07,0.697,1.46
2874.75,5.18,2.0,2.38,1.9,0.702,1.34
2875.0,4.5,2.03,2.27,1.69,0.794,1.35
2875.25,3.84,2.0,2.33,1.47,0.842,1.46
2875.5,3.88,2.15,2.65,1.6,0.9,1.36
2875.75,3.74,1.75,2.5,1.59,0.512,1.5
2876.0,3.52,2.11,2.45,1.25,0.849,1.46
2876.25,3.67,1.55,2.3,1.44,0.643,1.64
2876.5,3.79,1.76,2.01,1.55,0.8,1.67
2876.75,3.84,1.38,1.96,1.55,0.663,1.6
2877.0,3.86,1.94,2.02,1.61,0.964,1.69
2877.25,3.89,1.26,2.05,1.53,0.487,1.77
2877.5,4.0,2.11,1.98,1.57,1.14,1.67
2877.75,3.97,1.39,1.98,1.54,0.701,1.66
2878.0,4.05,2.08,1.99,1.33,1.05,1.66
2878.25,3.86,1.06,2.07,1.45,0.714,1.65
2878.5,3.93,2.41,1.89,1.7,1.01,1.58
2878.75,3.83,0.985,2.17,1.54,0.48,1.92
2879.0,3.82,2.03,2.13,1.54,1.05,1.88
2879.25,3.87,1.45,2.04,1.59,0.612,1.8
2879.5,3.85,1.91,1.93,1.57,0.912,1.66
2879.75,3.92,1.54,1.78,1.67,0.777,1.49
