Segmento,Year,LDCurve,Hour,Meter,kWh,kvarh,Max kW,Max kVA,Zone kWh,Zone kvarh,Zone Max kW,Zone Max kVA,Overload kWh Normal,Overload kWh Emerg,Load EEN,Load UE,Zone Losses kWh,Zone Losses kvarh,Zone Max kW Losses,Zone Max kvar Losses,Load Losses kWh,Load Losses kvarh,No Load Losses kWh,No Load Losses kvarh,Max kW Load Losses,Max kW No Load Losses,Line Losses,Transformer Losses,Line Mode Line Losses,Zero Mode Line Losses,3-phase Line Losses,1- and 2-phase Line Losses,Gen kWh,Gen kvarh,Gen Max kW,Gen Max kVA,13.8 kV Losses,Aux1,Aux6,Aux11,Aux16,Aux21,Aux26,13.8 kV Line Loss,Aux2,Aux7,Aux12,Aux17,Aux22,Aux27,13.8 kV Load Loss,Aux3,Aux8,Aux13,Aux18,Aux23,Aux28,13.8 kV No Load Loss,Aux4,Aux9,Aux14,Aux19,Aux24,Aux29,13.8 kV Load Energy,Aux5,Aux10,Aux15,Aux20,Aux25,Aux30
S00000_FORA_PONTA,0, ,41.0," ""GERAL""       ",70065.0,8147.0,3391.0,3402.0,59238.0,9255.0,3134.0,3167.0,0.0,0.0,2865.0,2487.0,4411.0,11162.0,128.0,353.0,264.0,-791.0,4148.0,11952.0,31.0,100.0,107.0,4305.0,107.0,0.0,107.0,0.0,0.0,0.0,0.0,0.0,4411.0,0.0,0.0,0.0,0.0,0.0,0.0,107.0,0.0,0.0,0.0,0.0,0.0,0.0,157.0,0.0,0.0,0.0,0.0,0.0,0.0,4148.0,0.0,0.0,0.0,0.0,0.0,0.0,59238.0,0.0,0.0,0.0,0.0,0.0,0.0
S00001_PONTA,0, ,44.0," ""GERAL""       ",0.0,606.0,0.0,222.0,4345.0,576.0,1488.0,1503.0,0.0,0.0,207.0,179.0,345.0,926.0,116.0,311.0,41.0,50.0,303.0,875.0,15.0,101.0,2.0,342.0,2.0,0.0,2.0,0.0,0.0,0.0,0.0,0.0,345.0,0.0,0.0,0.0,0.0,0.0,0.0,2.0,0.0,0.0,0.0,0.0,0.0,0.0,39.0,0.0,0.0,0.0,0.0,0.0,0.0,303.0,0.0,0.0,0.0,0.0,0.0,0.0,4345.0,0.0,0.0,0.0,0.0,0.0,0.0
S00002_FORA_PONTA,0, ,65.0," ""GERAL""       ",44705.0,4728.0,3690.0,3702.0,36007.0,5083.0,2726.0,2745.0,0.0,0.0,1440.0,1250.0,2271.0,5785.0,130.0,355.0,197.0,-192.0,2074.0,5977.0,33.0,100.0,73.0,2198.0,73.0,0.0,73.0,0.0,0.0,0.0,0.0,0.0,2271.0,0.0,0.0,0.0,0.0,0.0,0.0,73.0,0.0,0.0,0.0,0.0,0.0,0.0,123.0,0.0,0.0,0.0,0.0,0.0,0.0,2074.0,0.0,0.0,0.0,0.0,0.0,0.0,36007.0,0.0,0.0,0.0,0.0,0.0,0.0
S00003_PONTA,0, ,68.0," ""GERAL""       ",0.0,530.0,0.0,204.0,3925.0,528.0,1373.0,1388.0,0.0,0.0,207.0,180.0,338.0,898.0,114.0,303.0,34.0,22.0,304.0,876.0,12.0,101.0,2.0,336.0,2.0,0.0,2.0,0.0,0.0,0.0,0.0,0.0,338.0,0.0,0.0,0.0,0.0,0.0,0.0,2.0,0.0,0.0,0.0,0.0,0.0,0.0,32.0,0.0,0.0,0.0,0.0,0.0,0.0,304.0,0.0,0.0,0.0,0.0,0.0,0.0,3925.0,0.0,0.0,0.0,0.0,0.0,0.0
S00004_FORA_PONTA,0, ,137.0," ""GERAL""       ",107217.0,11705.0,3569.0,3577.0,92876.0,13827.0,3261.0,3277.0,0.0,0.0,4742.0,4115.0,7208.0,18193.0,129.0,354.0,339.0,-1600.0,6869.0,19794.0,32.0,100.0,143.0,7065.0,143.0,0.0,143.0,0.0,0.0,0.0,0.0,0.0,7208.0,0.0,0.0,0.0,0.0,0.0,0.0,143.0,0.0,0.0,0.0,0.0,0.0,0.0,196.0,0.0,0.0,0.0,0.0,0.0,0.0,6869.0,0.0,0.0,0.0,0.0,0.0,0.0,92876.0,0.0,0.0,0.0,0.0,0.0,0.0
S00005_PONTA,0, ,140.0," ""GERAL""       ",0.0,573.0,0.0,227.0,4473.0,535.0,1661.0,1673.0,0.0,0.0,207.0,179.0,347.0,934.0,119.0,324.0,43.0,59.0,304.0,876.0,18.0,101.0,2.0,344.0,2.0,0.0,2.0,0.0,0.0,0.0,0.0,0.0,347.0,0.0,0.0,0.0,0.0,0.0,0.0,2.0,0.0,0.0,0.0,0.0,0.0,0.0,41.0,0.0,0.0,0.0,0.0,0.0,0.0,304.0,0.0,0.0,0.0,0.0,0.0,0.0,4473.0,0.0,0.0,0.0,0.0,0.0,0.0
S00006_FORA_PONTA,0, ,161.0," ""GERAL""       ",50286.0,4923.0,3650.0,3657.0,41388.0,5190.0,3316.0,3336.0,0.0,0.0,1438.0,1249.0,2296.0,5855.0,129.0,355.0,229.0,-102.0,2068.0,5957.0,32.0,100.0,91.0,2205.0,91.0,0.0,91.0,0.0,0.0,0.0,0.0,0.0,2296.0,0.0,0.0,0.0,0.0,0.0,0.0,91.0,0.0,0.0,0.0,0.0,0.0,0.0,138.0,0.0,0.0,0.0,0.0,0.0,0.0,2068.0,0.0,0.0,0.0,0.0,0.0,0.0,41388.0,0.0,0.0,0.0,0.0,0.0,0.0
S00007_PONTA,0, ,164.0," ""GERAL""       ",0.0,595.0,0.0,237.0,4555.0,551.0,1739.0,1751.0,0.0,0.0,207.0,179.0,348.0,940.0,120.0,330.0,45.0,65.0,303.0,875.0,19.0,101.0,2.0,346.0,2.0,0.0,2.0,0.0,0.0,0.0,0.0,0.0,348.0,0.0,0.0,0.0,0.0,0.0,0.0,2.0,0.0,0.0,0.0,0.0,0.0,0.0,42.0,0.0,0.0,0.0,0.0,0.0,0.0,303.0,0.0,0.0,0.0,0.0,0.0,0.0,4555.0,0.0,0.0,0.0,0.0,0.0,0.0
S00008_FORA_PONTA,0, ,185.0," ""GERAL""       ",50060.0,4735.0,3705.0,3714.0,40984.0,5005.0,3096.0,3111.0,0.0,0.0,1438.0,1249.0,2294.0,5853.0,130.0,355.0,226.0,-106.0,2068.0,5959.0,33.0,100.0,89.0,2206.0,89.0,0.0,89.0,0.0,0.0,0.0,0.0,0.0,2294.0,0.0,0.0,0.0,0.0,0.0,0.0,89.0,0.0,0.0,0.0,0.0,0.0,0.0,138.0,0.0,0.0,0.0,0.0,0.0,0.0,2068.0,0.0,0.0,0.0,0.0,0.0,0.0,40984.0,0.0,0.0,0.0,0.0,0.0,0.0
S00009_PONTA,0, ,188.0," ""GERAL""       ",0.0,731.0,0.0,294.0,4659.0,678.0,1764.0,1783.0,0.0,0.0,207.0,179.0,350.0,948.0,121.0,332.0,47.0,73.0,303.0,874.0,20.0,101.0,2.0,348.0,2.0,0.0,2.0,0.0,0.0,0.0,0.0,0.0,350.0,0.0,0.0,0.0,0.0,0.0,0.0,2.0,0.0,0.0,0.0,0.0,0.0,0.0,44.0,0.0,0.0,0.0,0.0,0.0,0.0,303.0,0.0,0.0,0.0,0.0,0.0,0.0,4659.0,0.0,0.0,0.0,0.0,0.0,0.0
S00010_FORA_PONTA,0, ,209.0," ""GERAL""       ",51924.0,5101.0,3745.0,3754.0,42668.0,5324.0,3332.0,3347.0,0.0,0.0,1438.0,1249.0,2309.0,5892.0,130.0,356.0,243.0,-58.0,2065.0,5951.0,33.0,100.0,97.0,2212.0,97.0,0.0,97.0,0.0,0.0,0.0,0.0,0.0,2309.0,0.0,0.0,0.0,0.0,0.0,0.0,97.0,0.0,0.0,0.0,0.0,0.0,0.0,146.0,0.0,0.0,0.0,0.0,0.0,0.0,2065.0,0.0,0.0,0.0,0.0,0.0,0.0,42668.0,0.0,0.0,0.0,0.0,0.0,0.0
S00011_PONTA,0, ,212.0," ""GERAL""       ",0.0,702.0,0.0,270.0,4798.0,639.0,1832.0,1846.0,0.0,0.0,207.0,179.0,353.0,959.0,122.0,338.0,50.0,84.0,303.0,875.0,21.0,101.0,3.0,350.0,3.0,0.0,3.0,0.0,0.0,0.0,0.0,0.0,353.0,0.0,0.0,0.0,0.0,0.0,0.0,3.0,0.0,0.0,0.0,0.0,0.0,0.0,47.0,0.0,0.0,0.0,0.0,0.0,0.0,303.0,0.0,0.0,0.0,0.0,0.0,0.0,4798.0,0.0,0.0,0.0,0.0,0.0,0.0
S00012_FORA_PONTA,0, ,233.0," ""GERAL""       ",53309.0,6100.0,3710.0,3720.0,44040.0,6267.0,3288.0,3321.0,0.0,0.0,1437.0,1249.0,2322.0,5938.0,130.0,356.0,261.0,-1.0,2061.0,5940.0,33.0,100.0,106.0,2216.0,106.0,0.0,106.0,0.0,0.0,0.0,0.0,0.0,2322.0,0.0,0.0,0.0,0.0,0.0,0.0,106.0,0.0,0.0,0.0,0.0,0.0,0.0,155.0,0.0,0.0,0.0,0.0,0.0,0.0,2061.0,0.0,0.0,0.0,0.0,0.0,0.0,44040.0,0.0,0.0,0.0,0.0,0.0,0.0
S00013_PONTA,0, ,236.0," ""GERAL""       ",93.0,1099.0,151.0,473.0,5365.0,988.0,2132.0,2167.0,0.0,0.0,207.0,179.0,364.0,1004.0,127.0,357.0,62.0,133.0,302.0,872.0,26.0,101.0,4.0,359.0,4.0,0.0,4.0,0.0,0.0,0.0,0.0,0.0,364.0,0.0,0.0,0.0,0.0,0.0,0.0,4.0,0.0,0.0,0.0,0.0,0.0,0.0,57.0,0.0,0.0,0.0,0.0,0.0,0.0,302.0,0.0,0.0,0.0,0.0,0.0,0.0,5365.0,0.0,0.0,0.0,0.0,0.0,0.0
S00014_FORA_PONTA,0, ,305.0," ""GERAL""       ",134436.0,15008.0,3709.0,3721.0,118422.0,16722.0,3214.0,3233.0,0.0,0.0,4733.0,4110.0,7319.0,18501.0,130.0,355.0,488.0,-1183.0,6830.0,19684.0,33.0,100.0,214.0,7105.0,214.0,0.0,214.0,0.0,0.0,0.0,0.0,0.0,7319.0,0.0,0.0,0.0,0.0,0.0,0.0,214.0,0.0,0.0,0.0,0.0,0.0,0.0,274.0,0.0,0.0,0.0,0.0,0.0,0.0,6830.0,0.0,0.0,0.0,0.0,0.0,0.0,118422.0,0.0,0.0,0.0,0.0,0.0,0.0
S00015_PONTA,0, ,308.0," ""GERAL""       ",0.0,728.0,0.0,274.0,4890.0,658.0,1892.0,1905.0,0.0,0.0,207.0,179.0,354.0,965.0,123.0,343.0,51.0,91.0,303.0,875.0,22.0,101.0,3.0,352.0,3.0,0.0,3.0,0.0,0.0,0.0,0.0,0.0,354.0,0.0,0.0,0.0,0.0,0.0,0.0,3.0,0.0,0.0,0.0,0.0,0.0,0.0,49.0,0.0,0.0,0.0,0.0,0.0,0.0,303.0,0.0,0.0,0.0,0.0,0.0,0.0,4890.0,0.0,0.0,0.0,0.0,0.0,0.0
S00016_FORA_PONTA,0, ,329.0," ""GERAL""       ",54201.0,5293.0,3774.0,3783.0,44757.0,5475.0,3507.0,3521.0,0.0,0.0,1437.0,1249.0,2322.0,5926.0,130.0,356.0,259.0,-16.0,2062.0,5942.0,33.0,100.0,105.0,2217.0,105.0,0.0,105.0,0.0,0.0,0.0,0.0,0.0,2322.0,0.0,0.0,0.0,0.0,0.0,0.0,105.0,0.0,0.0,0.0,0.0,0.0,0.0,155.0,0.0,0.0,0.0,0.0,0.0,0.0,2062.0,0.0,0.0,0.0,0.0,0.0,0.0,44757.0,0.0,0.0,0.0,0.0,0.0,0.0
S00017_PONTA,0, ,332.0," ""GERAL""       ",0.0,818.0,0.0,325.0,5004.0,739.0,1950.0,1969.0,0.0,0.0,207.0,179.0,356.0,974.0,125.0,348.0,53.0,100.0,303.0,874.0,24.0,101.0,3.0,354.0,3.0,0.0,3.0,0.0,0.0,0.0,0.0,0.0,356.0,0.0,0.0,0.0,0.0,0.0,0.0,3.0,0.0,0.0,0.0,0.0,0.0,0.0,51.0,0.0,0.0,0.0,0.0,0.0,0.0,303.0,0.0,0.0,0.0,0.0,0.0,0.0,5004.0,0.0,0.0,0.0,0.0,0.0,0.0
S00018_FORA_PONTA,0, ,353.0," ""GERAL""       ",55371.0,5366.0,3826.0,3837.0,45924.0,5539.0,3549.0,3564.0,0.0,0.0,1437.0,1248.0,2324.0,5931.0,130.0,356.0,264.0,-7.0,2061.0,5938.0,33.0,100.0,107.0,2218.0,107.0,0.0,107.0,0.0,0.0,0.0,0.0,0.0,2324.0,0.0,0.0,0.0,0.0,0.0,0.0,107.0,0.0,0.0,0.0,0.0,0.0,0.0,157.0,0.0,0.0,0.0,0.0,0.0,0.0,2061.0,0.0,0.0,0.0,0.0,0.0,0.0,45924.0,0.0,0.0,0.0,0.0,0.0,0.0
S00019_PONTA,0, ,356.0," ""GERAL""       ",0.0,772.0,1.0,315.0,5156.0,681.0,1982.0,2000.0,0.0,0.0,207.0,179.0,359.0,986.0,125.0,351.0,56.0,112.0,303.0,874.0,24.0,101.0,3.0,357.0,3.0,0.0,3.0,0.0,0.0,0.0,0.0,0.0,359.0,0.0,0.0,0.0,0.0,0.0,0.0,3.0,0.0,0.0,0.0,0.0,0.0,0.0,54.0,0.0,0.0,0.0,0.0,0.0,0.0,303.0,0.0,0.0,0.0,0.0,0.0,0.0,5156.0,0.0,0.0,0.0,0.0,0.0,0.0
S00020_FORA_PONTA,0, ,377.0," ""GERAL""       ",58483.0,6226.0,4307.0,4332.0,48670.0,6330.0,4162.0,4186.0,0.0,0.0,1435.0,1248.0,2345.0,5986.0,130.0,356.0,290.0,64.0,2055.0,5922.0,33.0,100.0,122.0,2223.0,122.0,0.0,122.0,0.0,0.0,0.0,0.0,0.0,2345.0,0.0,0.0,0.0,0.0,0.0,0.0,122.0,0.0,0.0,0.0,0.0,0.0,0.0,168.0,0.0,0.0,0.0,0.0,0.0,0.0,2055.0,0.0,0.0,0.0,0.0,0.0,0.0,48670.0,0.0,0.0,0.0,0.0,0.0,0.0
S00021_PONTA,0, ,380.0," ""GERAL""       ",0.0,867.0,0.0,318.0,5058.0,782.0,1927.0,1942.0,0.0,0.0,207.0,179.0,358.0,980.0,124.0,346.0,55.0,107.0,303.0,874.0,23.0,101.0,3.0,355.0,3.0,0.0,3.0,0.0,0.0,0.0,0.0,0.0,358.0,0.0,0.0,0.0,0.0,0.0,0.0,3.0,0.0,0.0,0.0,0.0,0.0,0.0,52.0,0.0,0.0,0.0,0.0,0.0,0.0,303.0,0.0,0.0,0.0,0.0,0.0,0.0,5058.0,0.0,0.0,0.0,0.0,0.0,0.0
S00022_FORA_PONTA,0, ,401.0," ""GERAL""       ",58054.0,6818.0,4185.0,4219.0,48394.0,6877.0,4040.0,4074.0,0.0,0.0,1435.0,1248.0,2358.0,6027.0,131.0,359.0,304.0,108.0,2054.0,5919.0,34.0,100.0,133.0,2225.0,133.0,0.0,133.0,0.0,0.0,0.0,0.0,0.0,2358.0,0.0,0.0,0.0,0.0,0.0,0.0,133.0,0.0,0.0,0.0,0.0,0.0,0.0,171.0,0.0,0.0,0.0,0.0,0.0,0.0,2054.0,0.0,0.0,0.0,0.0,0.0,0.0,48394.0,0.0,0.0,0.0,0.0,0.0,0.0
S00023_PONTA,0, ,404.0," ""GERAL""       ",435.0,1403.0,378.0,639.0,6322.0,1225.0,2357.0,2400.0,0.0,0.0,207.0,179.0,379.0,1067.0,128.0,360.0,78.0,199.0,301.0,869.0,28.0,101.0,7.0,373.0,7.0,0.0,7.0,0.0,0.0,0.0,0.0,0.0,379.0,0.0,0.0,0.0,0.0,0.0,0.0,7.0,0.0,0.0,0.0,0.0,0.0,0.0,72.0,0.0,0.0,0.0,0.0,0.0,0.0,301.0,0.0,0.0,0.0,0.0,0.0,0.0,6322.0,0.0,0.0,0.0,0.0,0.0,0.0
S00024_FORA_PONTA,0, ,473.0," ""GERAL""       ",137786.0,17224.0,4405.0,4428.0,120862.0,18796.0,4259.0,4280.0,0.0,0.0,4732.0,4109.0,7354.0,18618.0,132.0,361.0,533.0,-1041.0,6821.0,19658.0,36.0,100.0,238.0,7115.0,238.0,0.0,238.0,0.0,0.0,0.0,0.0,0.0,7354.0,0.0,0.0,0.0,0.0,0.0,0.0,238.0,0.0,0.0,0.0,0.0,0.0,0.0,294.0,0.0,0.0,0.0,0.0,0.0,0.0,6821.0,0.0,0.0,0.0,0.0,0.0,0.0,120862.0,0.0,0.0,0.0,0.0,0.0,0.0
S00025_PONTA,0, ,476.0," ""GERAL""       ",41.0,839.0,120.0,349.0,5350.0,735.0,2102.0,2119.0,0.0,0.0,207.0,179.0,363.0,999.0,126.0,352.0,60.0,126.0,303.0,874.0,25.0,101.0,3.0,360.0,3.0,0.0,3.0,0.0,0.0,0.0,0.0,0.0,363.0,0.0,0.0,0.0,0.0,0.0,0.0,3.0,0.0,0.0,0.0,0.0,0.0,0.0,57.0,0.0,0.0,0.0,0.0,0.0,0.0,303.0,0.0,0.0,0.0,0.0,0.0,0.0,5350.0,0.0,0.0,0.0,0.0,0.0,0.0
S00026_FORA_PONTA,0, ,497.0," ""GERAL""       ",60048.0,6344.0,4172.0,4199.0,50226.0,6417.0,4029.0,4056.0,0.0,0.0,1435.0,1247.0,2354.0,6011.0,131.0,357.0,300.0,96.0,2053.0,5916.0,34.0,100.0,128.0,2226.0,128.0,0.0,128.0,0.0,0.0,0.0,0.0,0.0,2354.0,0.0,0.0,0.0,0.0,0.0,0.0,128.0,0.0,0.0,0.0,0.0,0.0,0.0,173.0,0.0,0.0,0.0,0.0,0.0,0.0,2053.0,0.0,0.0,0.0,0.0,0.0,0.0,50226.0,0.0,0.0,0.0,0.0,0.0,0.0
S00027_PONTA,0, ,500.0," ""GERAL""       ",41.0,771.0,128.0,319.0,5333.0,668.0,2109.0,2123.0,0.0,0.0,207.0,179.0,362.0,998.0,126.0,352.0,59.0,124.0,303.0,874.0,25.0,101.0,3.0,359.0,3.0,0.0,3.0,0.0,0.0,0.0,0.0,0.0,362.0,0.0,0.0,0.0,0.0,0.0,0.0,3.0,0.0,0.0,0.0,0.0,0.0,0.0,56.0,0.0,0.0,0.0,0.0,0.0,0.0,303.0,0.0,0.0,0.0,0.0,0.0,0.0,5333.0,0.0,0.0,0.0,0.0,0.0,0.0
S00028_FORA_PONTA,0, ,521.0," ""GERAL""       ",61522.0,6554.0,4480.0,4506.0,51687.0,6582.0,4333.0,4358.0,0.0,0.0,1434.0,1247.0,2368.0,6049.0,130.0,356.0,317.0,139.0,2051.0,5909.0,33.0,100.0,137.0,2231.0,137.0,0.0,137.0,0.0,0.0,0.0,0.0,0.0,2368.0,0.0,0.0,0.0,0.0,0.0,0.0,137.0,0.0,0.0,0.0,0.0,0.0,0.0,180.0,0.0,0.0,0.0,0.0,0.0,0.0,2051.0,0.0,0.0,0.0,0.0,0.0,0.0,51687.0,0.0,0.0,0.0,0.0,0.0,0.0
S00029_PONTA,0, ,524.0," ""GERAL""       ",81.0,840.0,186.0,374.0,5565.0,720.0,2168.0,2184.0,0.0,0.0,207.0,179.0,366.0,1014.0,126.0,353.0,63.0,140.0,303.0,874.0,25.0,101.0,3.0,363.0,3.0,0.0,3.0,0.0,0.0,0.0,0.0,0.0,366.0,0.0,0.0,0.0,0.0,0.0,0.0,3.0,0.0,0.0,0.0,0.0,0.0,0.0,60.0,0.0,0.0,0.0,0.0,0.0,0.0,303.0,0.0,0.0,0.0,0.0,0.0,0.0,5565.0,0.0,0.0,0.0,0.0,0.0,0.0
S00030_FORA_PONTA,0, ,545.0," ""GERAL""       ",67353.0,7255.0,5135.0,5172.0,57106.0,7112.0,4981.0,5014.0,0.0,0.0,1432.0,1246.0,2425.0,6198.0,131.0,357.0,383.0,313.0,2042.0,5885.0,36.0,100.0,176.0,2249.0,176.0,0.0,176.0,0.0,0.0,0.0,0.0,0.0,2425.0,0.0,0.0,0.0,0.0,0.0,0.0,176.0,0.0,0.0,0.0,0.0,0.0,0.0,207.0,0.0,0.0,0.0,0.0,0.0,0.0,2042.0,0.0,0.0,0.0,0.0,0.0,0.0,57106.0,0.0,0.0,0.0,0.0,0.0,0.0
S00031_PONTA,0, ,548.0," ""GERAL""       ",181.0,976.0,323.0,483.0,5795.0,843.0,2304.0,2324.0,0.0,0.0,207.0,179.0,369.0,1026.0,126.0,354.0,67.0,154.0,302.0,872.0,26.0,101.0,4.0,366.0,4.0,0.0,4.0,0.0,0.0,0.0,0.0,0.0,369.0,0.0,0.0,0.0,0.0,0.0,0.0,4.0,0.0,0.0,0.0,0.0,0.0,0.0,63.0,0.0,0.0,0.0,0.0,0.0,0.0,302.0,0.0,0.0,0.0,0.0,0.0,0.0,5795.0,0.0,0.0,0.0,0.0,0.0,0.0
S00032_FORA_PONTA,0, ,569.0," ""GERAL""       ",64110.0,7379.0,4888.0,4925.0,53890.0,7309.0,4736.0,4770.0,0.0,0.0,1433.0,1246.0,2398.0,6134.0,130.0,357.0,352.0,239.0,2046.0,5895.0,34.0,99.0,157.0,2240.0,157.0,0.0,157.0,0.0,0.0,0.0,0.0,0.0,2398.0,0.0,0.0,0.0,0.0,0.0,0.0,157.0,0.0,0.0,0.0,0.0,0.0,0.0,195.0,0.0,0.0,0.0,0.0,0.0,0.0,2046.0,0.0,0.0,0.0,0.0,0.0,0.0,53890.0,0.0,0.0,0.0,0.0,0.0,0.0
S00033_PONTA,0, ,572.0," ""GERAL""       ",388.0,1393.0,365.0,607.0,6310.0,1215.0,2344.0,2382.0,0.0,0.0,207.0,179.0,380.0,1068.0,127.0,359.0,79.0,199.0,301.0,869.0,27.0,101.0,6.0,373.0,6.0,0.0,6.0,0.0,0.0,0.0,0.0,0.0,380.0,0.0,0.0,0.0,0.0,0.0,0.0,6.0,0.0,0.0,0.0,0.0,0.0,0.0,72.0,0.0,0.0,0.0,0.0,0.0,0.0,301.0,0.0,0.0,0.0,0.0,0.0,0.0,6310.0,0.0,0.0,0.0,0.0,0.0,0.0
S00034_FORA_PONTA,0, ,641.0," ""GERAL""       ",134735.0,15736.0,4288.0,4306.0,117824.0,17360.0,4142.0,4159.0,0.0,0.0,4733.0,4110.0,7341.0,18585.0,132.0,361.0,513.0,-1094.0,6828.0,19678.0,36.0,100.0,228.0,7114.0,228.0,0.0,228.0,0.0,0.0,0.0,0.0,0.0,7341.0,0.0,0.0,0.0,0.0,0.0,0.0,228.0,0.0,0.0,0.0,0.0,0.0,0.0,285.0,0.0,0.0,0.0,0.0,0.0,0.0,6828.0,0.0,0.0,0.0,0.0,0.0,0.0,117824.0,0.0,0.0,0.0,0.0,0.0,0.0
S00035_PONTA,0, ,644.0," ""GERAL""       ",0.0,847.0,0.0,323.0,5069.0,764.0,1931.0,1950.0,0.0,0.0,207.0,179.0,357.0,978.0,124.0,346.0,55.0,105.0,303.0,874.0,23.0,101.0,3.0,355.0,3.0,0.0,3.0,0.0,0.0,0.0,0.0,0.0,357.0,0.0,0.0,0.0,0.0,0.0,0.0,3.0,0.0,0.0,0.0,0.0,0.0,0.0,52.0,0.0,0.0,0.0,0.0,0.0,0.0,303.0,0.0,0.0,0.0,0.0,0.0,0.0,5069.0,0.0,0.0,0.0,0.0,0.0,0.0
S00036_FORA_PONTA,0, ,665.0," ""GERAL""       ",59700.0,5665.0,4134.0,4147.0,49877.0,5740.0,3991.0,4004.0,0.0,0.0,1435.0,1248.0,2355.0,6014.0,130.0,356.0,300.0,93.0,2055.0,5921.0,33.0,100.0,127.0,2228.0,127.0,0.0,127.0,0.0,0.0,0.0,0.0,0.0,2355.0,0.0,0.0,0.0,0.0,0.0,0.0,127.0,0.0,0.0,0.0,0.0,0.0,0.0,173.0,0.0,0.0,0.0,0.0,0.0,0.0,2055.0,0.0,0.0,0.0,0.0,0.0,0.0,49877.0,0.0,0.0,0.0,0.0,0.0,0.0
S00037_PONTA,0, ,668.0," ""GERAL""       ",50.0,856.0,147.0,351.0,5531.0,737.0,2128.0,2144.0,0.0,0.0,207.0,179.0,366.0,1013.0,126.0,352.0,63.0,140.0,303.0,874.0,25.0,101.0,3.0,363.0,3.0,0.0,3.0,0.0,0.0,0.0,0.0,0.0,366.0,0.0,0.0,0.0,0.0,0.0,0.0,3.0,0.0,0.0,0.0,0.0,0.0,0.0,60.0,0.0,0.0,0.0,0.0,0.0,0.0,303.0,0.0,0.0,0.0,0.0,0.0,0.0,5531.0,0.0,0.0,0.0,0.0,0.0,0.0
S00038_FORA_PONTA,0, ,689.0," ""GERAL""       ",61330.0,6074.0,4201.0,4217.0,51144.0,6112.0,4058.0,4073.0,0.0,0.0,1434.0,1247.0,2365.0,6043.0,131.0,357.0,313.0,130.0,2052.0,5913.0,34.0,100.0,133.0,2232.0,133.0,0.0,133.0,0.0,0.0,0.0,0.0,0.0,2365.0,0.0,0.0,0.0,0.0,0.0,0.0,133.0,0.0,0.0,0.0,0.0,0.0,0.0,180.0,0.0,0.0,0.0,0.0,0.0,0.0,2052.0,0.0,0.0,0.0,0.0,0.0,0.0,51144.0,0.0,0.0,0.0,0.0,0.0,0.0
S00039_PONTA,0, ,692.0," ""GERAL""       ",0.0,842.0,0.0,305.0,5182.0,750.0,1932.0,1949.0,0.0,0.0,207.0,179.0,360.0,988.0,124.0,347.0,57.0,114.0,303.0,874.0,23.0,101.0,3.0,357.0,3.0,0.0,3.0,0.0,0.0,0.0,0.0,0.0,360.0,0.0,0.0,0.0,0.0,0.0,0.0,3.0,0.0,0.0,0.0,0.0,0.0,0.0,54.0,0.0,0.0,0.0,0.0,0.0,0.0,303.0,0.0,0.0,0.0,0.0,0.0,0.0,5182.0,0.0,0.0,0.0,0.0,0.0,0.0
S00040_FORA_PONTA,0, ,713.0," ""GERAL""       ",57554.0,6103.0,3920.0,3938.0,47750.0,6231.0,3779.0,3798.0,0.0,0.0,1436.0,1248.0,2337.0,5965.0,130.0,357.0,280.0,40.0,2056.0,5926.0,33.0,100.0,117.0,2220.0,117.0,0.0,117.0,0.0,0.0,0.0,0.0,0.0,2337.0,0.0,0.0,0.0,0.0,0.0,0.0,117.0,0.0,0.0,0.0,0.0,0.0,0.0,163.0,0.0,0.0,0.0,0.0,0.0,0.0,2056.0,0.0,0.0,0.0,0.0,0.0,0.0,47750.0,0.0,0.0,0.0,0.0,0.0,0.0
S00041_PONTA,0, ,716.0," ""GERAL""       ",0.0,729.0,0.0,278.0,4857.0,663.0,1780.0,1797.0,0.0,0.0,207.0,179.0,353.0,962.0,121.0,333.0,50.0,87.0,303.0,875.0,20.0,101.0,2.0,351.0,2.0,0.0,2.0,0.0,0.0,0.0,0.0,0.0,353.0,0.0,0.0,0.0,0.0,0.0,0.0,2.0,0.0,0.0,0.0,0.0,0.0,0.0,48.0,0.0,0.0,0.0,0.0,0.0,0.0,303.0,0.0,0.0,0.0,0.0,0.0,0.0,4857.0,0.0,0.0,0.0,0.0,0.0,0.0
S00042_FORA_PONTA,0, ,737.0," ""GERAL""       ",56469.0,6540.0,3890.0,3927.0,47190.0,6677.0,3749.0,3787.0,0.0,0.0,1436.0,1248.0,2332.0,5956.0,130.0,356.0,275.0,30.0,2057.0,5926.0,33.0,100.0,118.0,2214.0,118.0,0.0,118.0,0.0,0.0,0.0,0.0,0.0,2332.0,0.0,0.0,0.0,0.0,0.0,0.0,118.0,0.0,0.0,0.0,0.0,0.0,0.0,157.0,0.0,0.0,0.0,0.0,0.0,0.0,2057.0,0.0,0.0,0.0,0.0,0.0,0.0,47190.0,0.0,0.0,0.0,0.0,0.0,0.0
S00043_PONTA,0, ,740.0," ""GERAL""       ",92.0,1086.0,218.0,482.0,5701.0,946.0,2199.0,2230.0,0.0,0.0,207.0,179.0,371.0,1033.0,127.0,357.0,69.0,161.0,302.0,872.0,26.0,101.0,5.0,366.0,5.0,0.0,5.0,0.0,0.0,0.0,0.0,0.0,371.0,0.0,0.0,0.0,0.0,0.0,0.0,5.0,0.0,0.0,0.0,0.0,0.0,0.0,64.0,0.0,0.0,0.0,0.0,0.0,0.0,302.0,0.0,0.0,0.0,0.0,0.0,0.0,5701.0,0.0,0.0,0.0,0.0,0.0,0.0
S00044_FORA_PONTA,0, ,809.0," ""GERAL""       ",138850.0,16618.0,4946.0,4970.0,122253.0,18122.0,4793.0,4814.0,0.0,0.0,4732.0,4109.0,7381.0,18686.0,131.0,360.0,560.0,-973.0,6821.0,19658.0,35.0,100.0,254.0,7127.0,254.0,0.0,254.0,0.0,0.0,0.0,0.0,0.0,7381.0,0.0,0.0,0.0,0.0,0.0,0.0,254.0,0.0,0.0,0.0,0.0,0.0,0.0,306.0,0.0,0.0,0.0,0.0,0.0,0.0,6821.0,0.0,0.0,0.0,0.0,0.0,0.0,122253.0,0.0,0.0,0.0,0.0,0.0,0.0
S00045_PONTA,0, ,812.0," ""GERAL""       ",306.0,969.0,424.0,566.0,6153.0,815.0,2404.0,2425.0,0.0,0.0,207.0,179.0,374.0,1047.0,127.0,355.0,72.0,175.0,302.0,872.0,26.0,101.0,4.0,371.0,4.0,0.0,4.0,0.0,0.0,0.0,0.0,0.0,374.0,0.0,0.0,0.0,0.0,0.0,0.0,4.0,0.0,0.0,0.0,0.0,0.0,0.0,68.0,0.0,0.0,0.0,0.0,0.0,0.0,302.0,0.0,0.0,0.0,0.0,0.0,0.0,6153.0,0.0,0.0,0.0,0.0,0.0,0.0
S00046_FORA_PONTA,0, ,833.0," ""GERAL""       ",71614.0,7286.0,5264.0,5293.0,60818.0,7036.0,5108.0,5132.0,0.0,0.0,1431.0,1245.0,2455.0,6291.0,132.0,359.0,417.0,421.0,2037.0,5871.0,36.0,99.0,188.0,2267.0,188.0,0.0,188.0,0.0,0.0,0.0,0.0,0.0,2455.0,0.0,0.0,0.0,0.0,0.0,0.0,188.0,0.0,0.0,0.0,0.0,0.0,0.0,230.0,0.0,0.0,0.0,0.0,0.0,0.0,2037.0,0.0,0.0,0.0,0.0,0.0,0.0,60818.0,0.0,0.0,0.0,0.0,0.0,0.0
S00047_PONTA,0, ,836.0," ""GERAL""       ",479.0,997.0,564.0,682.0,6405.0,833.0,2545.0,2565.0,0.0,0.0,207.0,179.0,377.0,1056.0,127.0,356.0,75.0,185.0,302.0,871.0,27.0,101.0,4.0,373.0,4.0,0.0,4.0,0.0,0.0,0.0,0.0,0.0,377.0,0.0,0.0,0.0,0.0,0.0,0.0,4.0,0.0,0.0,0.0,0.0,0.0,0.0,71.0,0.0,0.0,0.0,0.0,0.0,0.0,302.0,0.0,0.0,0.0,0.0,0.0,0.0,6405.0,0.0,0.0,0.0,0.0,0.0,0.0
S00048_FORA_PONTA,0, ,857.0," ""GERAL""       ",74320.0,7653.0,5456.0,5487.0,63496.0,7323.0,5297.0,5323.0,0.0,0.0,1438.0,1244.0,2482.0,6361.0,134.0,361.0,449.0,502.0,2033.0,5859.0,40.0,99.0,205.0,2277.0,205.0,0.0,205.0,0.0,0.0,0.0,0.0,0.0,2482.0,0.0,0.0,0.0,0.0,0.0,0.0,205.0,0.0,0.0,0.0,0.0,0.0,0.0,243.0,0.0,0.0,0.0,0.0,0.0,0.0,2033.0,0.0,0.0,0.0,0.0,0.0,0.0,63496.0,0.0,0.0,0.0,0.0,0.0,0.0
S00049_PONTA,0, ,860.0," ""GERAL""       ",784.0,1051.0,719.0,840.0,6724.0,883.0,2699.0,2724.0,0.0,0.0,207.0,179.0,378.0,1059.0,127.0,358.0,76.0,189.0,301.0,870.0,27.0,101.0,5.0,373.0,5.0,0.0,5.0,0.0,0.0,0.0,0.0,0.0,378.0,0.0,0.0,0.0,0.0,0.0,0.0,5.0,0.0,0.0,0.0,0.0,0.0,0.0,72.0,0.0,0.0,0.0,0.0,0.0,0.0,301.0,0.0,0.0,0.0,0.0,0.0,0.0,6724.0,0.0,0.0,0.0,0.0,0.0,0.0
S00050_FORA_PONTA,0, ,881.0," ""GERAL""       ",66774.0,6888.0,4580.0,4602.0,56027.0,6800.0,4433.0,4453.0,0.0,0.0,1433.0,1246.0,2404.0,6147.0,132.0,362.0,360.0,258.0,2044.0,5890.0,36.0,99.0,159.0,2246.0,159.0,0.0,159.0,0.0,0.0,0.0,0.0,0.0,2404.0,0.0,0.0,0.0,0.0,0.0,0.0,159.0,0.0,0.0,0.0,0.0,0.0,0.0,202.0,0.0,0.0,0.0,0.0,0.0,0.0,2044.0,0.0,0.0,0.0,0.0,0.0,0.0,56027.0,0.0,0.0,0.0,0.0,0.0,0.0
S00051_PONTA,0, ,884.0," ""GERAL""       ",130.0,874.0,222.0,423.0,5791.0,739.0,2203.0,2224.0,0.0,0.0,207.0,179.0,370.0,1028.0,126.0,353.0,67.0,155.0,303.0,873.0,25.0,101.0,3.0,366.0,3.0,0.0,3.0,0.0,0.0,0.0,0.0,0.0,370.0,0.0,0.0,0.0,0.0,0.0,0.0,3.0,0.0,0.0,0.0,0.0,0.0,0.0,64.0,0.0,0.0,0.0,0.0,0.0,0.0,303.0,0.0,0.0,0.0,0.0,0.0,0.0,5791.0,0.0,0.0,0.0,0.0,0.0,0.0
S00052_FORA_PONTA,0, ,905.0," ""GERAL""       ",65345.0,7288.0,4600.0,4625.0,54950.0,7184.0,4451.0,4474.0,0.0,0.0,1433.0,1246.0,2407.0,6165.0,131.0,358.0,362.0,273.0,2045.0,5892.0,34.0,100.0,162.0,2245.0,162.0,0.0,162.0,0.0,0.0,0.0,0.0,0.0,2407.0,0.0,0.0,0.0,0.0,0.0,0.0,162.0,0.0,0.0,0.0,0.0,0.0,0.0,200.0,0.0,0.0,0.0,0.0,0.0,0.0,2045.0,0.0,0.0,0.0,0.0,0.0,0.0,54950.0,0.0,0.0,0.0,0.0,0.0,0.0
S00053_PONTA,0, ,908.0," ""GERAL""       ",763.0,1289.0,595.0,762.0,6703.0,1105.0,2574.0,2606.0,0.0,0.0,207.0,179.0,381.0,1074.0,128.0,362.0,80.0,205.0,301.0,869.0,28.0,101.0,7.0,374.0,7.0,0.0,7.0,0.0,0.0,0.0,0.0,0.0,381.0,0.0,0.0,0.0,0.0,0.0,0.0,7.0,0.0,0.0,0.0,0.0,0.0,0.0,74.0,0.0,0.0,0.0,0.0,0.0,0.0,301.0,0.0,0.0,0.0,0.0,0.0,0.0,6703.0,0.0,0.0,0.0,0.0,0.0,0.0
S00054_FORA_PONTA,0, ,977.0," ""GERAL""       ",153097.0,18883.0,5338.0,5378.0,136075.0,20142.0,5180.0,5215.0,0.0,0.0,4731.0,4106.0,7453.0,18874.0,133.0,364.0,653.0,-723.0,6800.0,19597.0,38.0,100.0,309.0,7144.0,309.0,0.0,309.0,0.0,0.0,0.0,0.0,0.0,7453.0,0.0,0.0,0.0,0.0,0.0,0.0,309.0,0.0,0.0,0.0,0.0,0.0,0.0,345.0,0.0,0.0,0.0,0.0,0.0,0.0,6800.0,0.0,0.0,0.0,0.0,0.0,0.0,136075.0,0.0,0.0,0.0,0.0,0.0,0.0
S00055_PONTA,0, ,980.0," ""GERAL""       ",321.0,985.0,562.0,693.0,6236.0,824.0,2542.0,2565.0,0.0,0.0,207.0,179.0,377.0,1054.0,127.0,357.0,74.0,182.0,302.0,872.0,27.0,101.0,4.0,372.0,4.0,0.0,4.0,0.0,0.0,0.0,0.0,0.0,377.0,0.0,0.0,0.0,0.0,0.0,0.0,4.0,0.0,0.0,0.0,0.0,0.0,0.0,70.0,0.0,0.0,0.0,0.0,0.0,0.0,302.0,0.0,0.0,0.0,0.0,0.0,0.0,6236.0,0.0,0.0,0.0,0.0,0.0,0.0
S00056_FORA_PONTA,0, ,1001.0," ""GERAL""       ",75058.0,7689.0,5605.0,5637.0,63993.0,7300.0,5745.0,5775.0,0.0,0.0,1447.0,1244.0,2498.0,6417.0,139.0,360.0,466.0,560.0,2032.0,5856.0,45.0,99.0,211.0,2287.0,211.0,0.0,211.0,0.0,0.0,0.0,0.0,0.0,2498.0,0.0,0.0,0.0,0.0,0.0,0.0,211.0,0.0,0.0,0.0,0.0,0.0,0.0,255.0,0.0,0.0,0.0,0.0,0.0,0.0,2032.0,0.0,0.0,0.0,0.0,0.0,0.0,63993.0,0.0,0.0,0.0,0.0,0.0,0.0
S00057_PONTA,0, ,1004.0," ""GERAL""       ",108.0,845.0,222.0,365.0,5783.0,707.0,2203.0,2216.0,0.0,0.0,207.0,179.0,371.0,1032.0,126.0,353.0,68.0,159.0,303.0,873.0,25.0,101.0,4.0,367.0,4.0,0.0,4.0,0.0,0.0,0.0,0.0,0.0,371.0,0.0,0.0,0.0,0.0,0.0,0.0,4.0,0.0,0.0,0.0,0.0,0.0,0.0,64.0,0.0,0.0,0.0,0.0,0.0,0.0,303.0,0.0,0.0,0.0,0.0,0.0,0.0,5783.0,0.0,0.0,0.0,0.0,0.0,0.0
S00058_FORA_PONTA,0, ,1025.0," ""GERAL""       ",65268.0,6216.0,4742.0,4767.0,54882.0,6146.0,4592.0,4615.0,0.0,0.0,1433.0,1246.0,2398.0,6138.0,132.0,359.0,350.0,238.0,2047.0,5899.0,35.0,99.0,154.0,2244.0,154.0,0.0,154.0,0.0,0.0,0.0,0.0,0.0,2398.0,0.0,0.0,0.0,0.0,0.0,0.0,154.0,0.0,0.0,0.0,0.0,0.0,0.0,197.0,0.0,0.0,0.0,0.0,0.0,0.0,2047.0,0.0,0.0,0.0,0.0,0.0,0.0,54882.0,0.0,0.0,0.0,0.0,0.0,0.0
S00059_PONTA,0, ,1028.0," ""GERAL""       ",45.0,913.0,145.0,374.0,5549.0,794.0,2126.0,2146.0,0.0,0.0,207.0,179.0,366.0,1014.0,126.0,352.0,64.0,141.0,303.0,873.0,25.0,101.0,3.0,363.0,3.0,0.0,3.0,0.0,0.0,0.0,0.0,0.0,366.0,0.0,0.0,0.0,0.0,0.0,0.0,3.0,0.0,0.0,0.0,0.0,0.0,0.0,60.0,0.0,0.0,0.0,0.0,0.0,0.0,303.0,0.0,0.0,0.0,0.0,0.0,0.0,5549.0,0.0,0.0,0.0,0.0,0.0,0.0
S00060_FORA_PONTA,0, ,1049.0," ""GERAL""       ",62706.0,6273.0,4398.0,4417.0,52513.0,6288.0,4253.0,4270.0,0.0,0.0,1434.0,1247.0,2371.0,6060.0,130.0,357.0,321.0,153.0,2050.0,5908.0,34.0,99.0,139.0,2232.0,139.0,0.0,139.0,0.0,0.0,0.0,0.0,0.0,2371.0,0.0,0.0,0.0,0.0,0.0,0.0,139.0,0.0,0.0,0.0,0.0,0.0,0.0,182.0,0.0,0.0,0.0,0.0,0.0,0.0,2050.0,0.0,0.0,0.0,0.0,0.0,0.0,52513.0,0.0,0.0,0.0,0.0,0.0,0.0
S00061_PONTA,0, ,1052.0," ""GERAL""       ",15.0,846.0,62.0,319.0,5465.0,732.0,2044.0,2060.0,0.0,0.0,207.0,179.0,365.0,1009.0,125.0,351.0,62.0,135.0,303.0,874.0,24.0,101.0,3.0,362.0,3.0,0.0,3.0,0.0,0.0,0.0,0.0,0.0,365.0,0.0,0.0,0.0,0.0,0.0,0.0,3.0,0.0,0.0,0.0,0.0,0.0,0.0,59.0,0.0,0.0,0.0,0.0,0.0,0.0,303.0,0.0,0.0,0.0,0.0,0.0,0.0,5465.0,0.0,0.0,0.0,0.0,0.0,0.0
S00062_FORA_PONTA,0, ,1073.0," ""GERAL""       ",61221.0,6390.0,4367.0,4392.0,51214.0,6418.0,4222.0,4245.0,0.0,0.0,1434.0,1247.0,2365.0,6051.0,131.0,357.0,313.0,140.0,2052.0,5912.0,34.0,100.0,136.0,2229.0,136.0,0.0,136.0,0.0,0.0,0.0,0.0,0.0,2365.0,0.0,0.0,0.0,0.0,0.0,0.0,136.0,0.0,0.0,0.0,0.0,0.0,0.0,178.0,0.0,0.0,0.0,0.0,0.0,0.0,2052.0,0.0,0.0,0.0,0.0,0.0,0.0,51214.0,0.0,0.0,0.0,0.0,0.0,0.0
S00063_PONTA,0, ,1076.0," ""GERAL""       ",488.0,1336.0,338.0,596.0,6426.0,1156.0,2317.0,2356.0,0.0,0.0,207.0,179.0,380.0,1071.0,127.0,360.0,79.0,202.0,301.0,869.0,27.0,101.0,6.0,374.0,6.0,0.0,6.0,0.0,0.0,0.0,0.0,0.0,380.0,0.0,0.0,0.0,0.0,0.0,0.0,6.0,0.0,0.0,0.0,0.0,0.0,0.0,73.0,0.0,0.0,0.0,0.0,0.0,0.0,301.0,0.0,0.0,0.0,0.0,0.0,0.0,6426.0,0.0,0.0,0.0,0.0,0.0,0.0
S00064_FORA_PONTA,0, ,1145.0," ""GERAL""       ",138146.0,17110.0,4280.0,4304.0,121228.0,18703.0,4135.0,4158.0,0.0,0.0,4732.0,4109.0,7348.0,18597.0,133.0,363.0,527.0,-1060.0,6821.0,19658.0,37.0,100.0,237.0,7112.0,237.0,0.0,237.0,0.0,0.0,0.0,0.0,0.0,7348.0,0.0,0.0,0.0,0.0,0.0,0.0,237.0,0.0,0.0,0.0,0.0,0.0,0.0,291.0,0.0,0.0,0.0,0.0,0.0,0.0,6821.0,0.0,0.0,0.0,0.0,0.0,0.0,121228.0,0.0,0.0,0.0,0.0,0.0,0.0
S00065_PONTA,0, ,1148.0," ""GERAL""       ",0.0,856.0,0.0,395.0,4922.0,785.0,1905.0,1937.0,0.0,0.0,207.0,179.0,354.0,966.0,123.0,343.0,52.0,93.0,303.0,874.0,23.0,101.0,3.0,352.0,3.0,0.0,3.0,0.0,0.0,0.0,0.0,0.0,354.0,0.0,0.0,0.0,0.0,0.0,0.0,3.0,0.0,0.0,0.0,0.0,0.0,0.0,49.0,0.0,0.0,0.0,0.0,0.0,0.0,303.0,0.0,0.0,0.0,0.0,0.0,0.0,4922.0,0.0,0.0,0.0,0.0,0.0,0.0
S00066_FORA_PONTA,0, ,1169.0," ""GERAL""       ",56845.0,6529.0,3814.0,3829.0,47393.0,6675.0,3634.0,3660.0,0.0,0.0,1436.0,1248.0,2330.0,5945.0,130.0,356.0,273.0,20.0,2056.0,5925.0,33.0,100.0,118.0,2212.0,118.0,0.0,118.0,0.0,0.0,0.0,0.0,0.0,2330.0,0.0,0.0,0.0,0.0,0.0,0.0,118.0,0.0,0.0,0.0,0.0,0.0,0.0,156.0,0.0,0.0,0.0,0.0,0.0,0.0,2056.0,0.0,0.0,0.0,0.0,0.0,0.0,47393.0,0.0,0.0,0.0,0.0,0.0,0.0
S00067_PONTA,0, ,1172.0," ""GERAL""       ",21.0,750.0,84.0,418.0,4986.0,674.0,2066.0,2096.0,0.0,0.0,207.0,179.0,356.0,971.0,125.0,351.0,52.0,96.0,303.0,874.0,25.0,101.0,3.0,353.0,3.0,0.0,3.0,0.0,0.0,0.0,0.0,0.0,356.0,0.0,0.0,0.0,0.0,0.0,0.0,3.0,0.0,0.0,0.0,0.0,0.0,0.0,50.0,0.0,0.0,0.0,0.0,0.0,0.0,303.0,0.0,0.0,0.0,0.0,0.0,0.0,4986.0,0.0,0.0,0.0,0.0,0.0,0.0
S00068_FORA_PONTA,0, ,1193.0," ""GERAL""       ",55426.0,6126.0,3763.0,3774.0,45980.0,6292.0,3611.0,3635.0,0.0,0.0,1436.0,1248.0,2324.0,5933.0,130.0,355.0,265.0,0.0,2059.0,5932.0,33.0,100.0,111.0,2213.0,111.0,0.0,111.0,0.0,0.0,0.0,0.0,0.0,2324.0,0.0,0.0,0.0,0.0,0.0,0.0,111.0,0.0,0.0,0.0,0.0,0.0,0.0,154.0,0.0,0.0,0.0,0.0,0.0,0.0,2059.0,0.0,0.0,0.0,0.0,0.0,0.0,45980.0,0.0,0.0,0.0,0.0,0.0,0.0
S00069_PONTA,0, ,1196.0," ""GERAL""       ",0.0,713.0,0.0,317.0,4981.0,636.0,1935.0,1953.0,0.0,0.0,207.0,179.0,356.0,972.0,124.0,347.0,53.0,97.0,303.0,875.0,23.0,101.0,3.0,353.0,3.0,0.0,3.0,0.0,0.0,0.0,0.0,0.0,356.0,0.0,0.0,0.0,0.0,0.0,0.0,3.0,0.0,0.0,0.0,0.0,0.0,0.0,50.0,0.0,0.0,0.0,0.0,0.0,0.0,303.0,0.0,0.0,0.0,0.0,0.0,0.0,4981.0,0.0,0.0,0.0,0.0,0.0,0.0
S00070_FORA_PONTA,0, ,1217.0," ""GERAL""       ",56410.0,5690.0,3860.0,3879.0,46955.0,5826.0,3719.0,3738.0,0.0,0.0,1436.0,1248.0,2332.0,5962.0,130.0,356.0,274.0,30.0,2059.0,5932.0,33.0,100.0,115.0,2218.0,115.0,0.0,115.0,0.0,0.0,0.0,0.0,0.0,2332.0,0.0,0.0,0.0,0.0,0.0,0.0,115.0,0.0,0.0,0.0,0.0,0.0,0.0,159.0,0.0,0.0,0.0,0.0,0.0,0.0,2059.0,0.0,0.0,0.0,0.0,0.0,0.0,46955.0,0.0,0.0,0.0,0.0,0.0,0.0
S00071_PONTA,0, ,1220.0," ""GERAL""       ",1.0,731.0,4.0,311.0,5128.0,643.0,1986.0,2003.0,0.0,0.0,207.0,179.0,359.0,983.0,125.0,351.0,56.0,109.0,303.0,875.0,24.0,101.0,3.0,356.0,3.0,0.0,3.0,0.0,0.0,0.0,0.0,0.0,359.0,0.0,0.0,0.0,0.0,0.0,0.0,3.0,0.0,0.0,0.0,0.0,0.0,0.0,53.0,0.0,0.0,0.0,0.0,0.0,0.0,303.0,0.0,0.0,0.0,0.0,0.0,0.0,5128.0,0.0,0.0,0.0,0.0,0.0,0.0
S00072_FORA_PONTA,0, ,1241.0," ""GERAL""       ",59168.0,6782.0,4092.0,4121.0,49343.0,6839.0,3948.0,3977.0,0.0,0.0,1435.0,1247.0,2357.0,6026.0,130.0,356.0,304.0,111.0,2053.0,5916.0,33.0,100.0,133.0,2224.0,133.0,0.0,133.0,0.0,0.0,0.0,0.0,0.0,2357.0,0.0,0.0,0.0,0.0,0.0,0.0,133.0,0.0,0.0,0.0,0.0,0.0,0.0,171.0,0.0,0.0,0.0,0.0,0.0,0.0,2053.0,0.0,0.0,0.0,0.0,0.0,0.0,49343.0,0.0,0.0,0.0,0.0,0.0,0.0
S00073_PONTA,0, ,1244.0," ""GERAL""       ",191.0,1207.0,279.0,527.0,6061.0,1041.0,2259.0,2292.0,0.0,0.0,207.0,179.0,377.0,1058.0,127.0,358.0,75.0,187.0,302.0,871.0,27.0,101.0,6.0,372.0,6.0,0.0,6.0,0.0,0.0,0.0,0.0,0.0,377.0,0.0,0.0,0.0,0.0,0.0,0.0,6.0,0.0,0.0,0.0,0.0,0.0,0.0,70.0,0.0,0.0,0.0,0.0,0.0,0.0,302.0,0.0,0.0,0.0,0.0,0.0,0.0,6061.0,0.0,0.0,0.0,0.0,0.0,0.0
S00074_FORA_PONTA,0, ,1313.0," ""GERAL""       ",141984.0,14999.0,4927.0,4950.0,125032.0,16517.0,4775.0,4795.0,0.0,0.0,4731.0,4109.0,7382.0,18673.0,132.0,359.0,560.0,-985.0,6822.0,19659.0,35.0,100.0,254.0,7128.0,254.0,0.0,254.0,0.0,0.0,0.0,0.0,0.0,7382.0,0.0,0.0,0.0,0.0,0.0,0.0,254.0,0.0,0.0,0.0,0.0,0.0,0.0,306.0,0.0,0.0,0.0,0.0,0.0,0.0,6822.0,0.0,0.0,0.0,0.0,0.0,0.0,125032.0,0.0,0.0,0.0,0.0,0.0,0.0
S00075_PONTA,0, ,1316.0," ""GERAL""       ",541.0,1070.0,488.0,651.0,6485.0,904.0,2469.0,2496.0,0.0,0.0,207.0,179.0,377.0,1058.0,126.0,356.0,75.0,187.0,302.0,871.0,26.0,101.0,4.0,373.0,4.0,0.0,4.0,0.0,0.0,0.0,0.0,0.0,377.0,0.0,0.0,0.0,0.0,0.0,0.0,4.0,0.0,0.0,0.0,0.0,0.0,0.0,71.0,0.0,0.0,0.0,0.0,0.0,0.0,302.0,0.0,0.0,0.0,0.0,0.0,0.0,6485.0,0.0,0.0,0.0,0.0,0.0,0.0
S00076_FORA_PONTA,0, ,1337.0," ""GERAL""       ",67093.0,6702.0,5597.0,5624.0,56304.0,6482.0,5438.0,5460.0,0.0,0.0,1435.0,1246.0,2447.0,6279.0,134.0,361.0,403.0,389.0,2044.0,5889.0,40.0,101.0,179.0,2268.0,179.0,0.0,179.0,0.0,0.0,0.0,0.0,0.0,2447.0,0.0,0.0,0.0,0.0,0.0,0.0,179.0,0.0,0.0,0.0,0.0,0.0,0.0,224.0,0.0,0.0,0.0,0.0,0.0,0.0,2044.0,0.0,0.0,0.0,0.0,0.0,0.0,56304.0,0.0,0.0,0.0,0.0,0.0,0.0
S00077_PONTA,0, ,1340.0," ""GERAL""       ",934.0,964.0,436.0,590.0,6876.0,790.0,2416.0,2440.0,0.0,0.0,207.0,179.0,379.0,1065.0,127.0,358.0,78.0,195.0,302.0,870.0,27.0,101.0,5.0,374.0,5.0,0.0,5.0,0.0,0.0,0.0,0.0,0.0,379.0,0.0,0.0,0.0,0.0,0.0,0.0,5.0,0.0,0.0,0.0,0.0,0.0,0.0,73.0,0.0,0.0,0.0,0.0,0.0,0.0,302.0,0.0,0.0,0.0,0.0,0.0,0.0,6876.0,0.0,0.0,0.0,0.0,0.0,0.0
S00078_FORA_PONTA,0, ,1361.0," ""GERAL""       ",75061.0,8266.0,5432.0,5461.0,64245.0,7954.0,5275.0,5299.0,0.0,0.0,1429.0,1244.0,2473.0,6337.0,133.0,363.0,442.0,484.0,2031.0,5853.0,38.0,99.0,206.0,2267.0,206.0,0.0,206.0,0.0,0.0,0.0,0.0,0.0,2473.0,0.0,0.0,0.0,0.0,0.0,0.0,206.0,0.0,0.0,0.0,0.0,0.0,0.0,236.0,0.0,0.0,0.0,0.0,0.0,0.0,2031.0,0.0,0.0,0.0,0.0,0.0,0.0,64245.0,0.0,0.0,0.0,0.0,0.0,0.0
S00079_PONTA,0, ,1364.0," ""GERAL""       ",899.0,1534.0,546.0,780.0,6840.0,1352.0,2525.0,2573.0,0.0,0.0,207.0,179.0,380.0,1070.0,127.0,359.0,80.0,204.0,300.0,866.0,28.0,100.0,6.0,374.0,6.0,0.0,6.0,0.0,0.0,0.0,0.0,0.0,380.0,0.0,0.0,0.0,0.0,0.0,0.0,6.0,0.0,0.0,0.0,0.0,0.0,0.0,74.0,0.0,0.0,0.0,0.0,0.0,0.0,300.0,0.0,0.0,0.0,0.0,0.0,0.0,6840.0,0.0,0.0,0.0,0.0,0.0,0.0
S00080_FORA_PONTA,0, ,1385.0," ""GERAL""       ",68839.0,8064.0,4909.0,4948.0,58062.0,7869.0,4756.0,4792.0,0.0,0.0,1431.0,1245.0,2435.0,6240.0,133.0,362.0,396.0,365.0,2039.0,5875.0,37.0,100.0,181.0,2254.0,181.0,0.0,181.0,0.0,0.0,0.0,0.0,0.0,2435.0,0.0,0.0,0.0,0.0,0.0,0.0,181.0,0.0,0.0,0.0,0.0,0.0,0.0,216.0,0.0,0.0,0.0,0.0,0.0,0.0,2039.0,0.0,0.0,0.0,0.0,0.0,0.0,58062.0,0.0,0.0,0.0,0.0,0.0,0.0
S00081_PONTA,0, ,1388.0," ""GERAL""       ",366.0,1046.0,593.0,791.0,6196.0,888.0,2572.0,2613.0,0.0,0.0,207.0,179.0,376.0,1051.0,128.0,361.0,74.0,180.0,302.0,871.0,28.0,101.0,5.0,371.0,5.0,0.0,5.0,0.0,0.0,0.0,0.0,0.0,376.0,0.0,0.0,0.0,0.0,0.0,0.0,5.0,0.0,0.0,0.0,0.0,0.0,0.0,69.0,0.0,0.0,0.0,0.0,0.0,0.0,302.0,0.0,0.0,0.0,0.0,0.0,0.0,6196.0,0.0,0.0,0.0,0.0,0.0,0.0
S00082_FORA_PONTA,0, ,1409.0," ""GERAL""       ",62417.0,6140.0,4493.0,4512.0,51696.0,6113.0,4345.0,4363.0,0.0,0.0,1434.0,1247.0,2378.0,6104.0,131.0,359.0,327.0,194.0,2051.0,5909.0,35.0,99.0,136.0,2243.0,136.0,0.0,136.0,0.0,0.0,0.0,0.0,0.0,2378.0,0.0,0.0,0.0,0.0,0.0,0.0,136.0,0.0,0.0,0.0,0.0,0.0,0.0,192.0,0.0,0.0,0.0,0.0,0.0,0.0,2051.0,0.0,0.0,0.0,0.0,0.0,0.0,51696.0,0.0,0.0,0.0,0.0,0.0,0.0
S00083_PONTA,0, ,1412.0," ""GERAL""       ",0.0,821.0,0.0,327.0,5174.0,728.0,1872.0,1893.0,0.0,0.0,207.0,179.0,359.0,987.0,123.0,341.0,57.0,113.0,303.0,874.0,22.0,101.0,3.0,357.0,3.0,0.0,3.0,0.0,0.0,0.0,0.0,0.0,359.0,0.0,0.0,0.0,0.0,0.0,0.0,3.0,0.0,0.0,0.0,0.0,0.0,0.0,54.0,0.0,0.0,0.0,0.0,0.0,0.0,303.0,0.0,0.0,0.0,0.0,0.0,0.0,5174.0,0.0,0.0,0.0,0.0,0.0,0.0
S00084_FORA_PONTA,0, ,1481.0," ""GERAL""       ",117828.0,13753.0,3839.0,3850.0,101901.0,15754.0,1887.0,1906.0,0.0,0.0,4739.0,4113.0,7232.0,18272.0,130.0,357.0,379.0,-1474.0,6852.0,19747.0,33.0,100.0,154.0,7078.0,154.0,0.0,154.0,0.0,0.0,0.0,0.0,0.0,7232.0,0.0,0.0,0.0,0.0,0.0,0.0,154.0,0.0,0.0,0.0,0.0,0.0,0.0,226.0,0.0,0.0,0.0,0.0,0.0,0.0,6852.0,0.0,0.0,0.0,0.0,0.0,0.0,101901.0,0.0,0.0,0.0,0.0,0.0,0.0
S00085_PONTA,0, ,1484.0," ""GERAL""       ",0.0,859.0,0.0,320.0,5125.0,770.0,1744.0,1760.0,0.0,0.0,207.0,179.0,359.0,983.0,120.0,330.0,56.0,110.0,303.0,874.0,19.0,101.0,3.0,356.0,3.0,0.0,3.0,0.0,0.0,0.0,0.0,0.0,359.0,0.0,0.0,0.0,0.0,0.0,0.0,3.0,0.0,0.0,0.0,0.0,0.0,0.0,53.0,0.0,0.0,0.0,0.0,0.0,0.0,303.0,0.0,0.0,0.0,0.0,0.0,0.0,5125.0,0.0,0.0,0.0,0.0,0.0,0.0
S00086_FORA_PONTA,0, ,1529.0," ""GERAL""       ",99135.0,10953.0,4082.0,4099.0,86225.0,11874.0,3939.0,3956.0,0.0,0.0,3084.0,2678.0,4828.0,12221.0,131.0,358.0,389.0,-571.0,4439.0,12793.0,34.0,100.0,170.0,4658.0,170.0,0.0,170.0,0.0,0.0,0.0,0.0,0.0,4828.0,0.0,0.0,0.0,0.0,0.0,0.0,170.0,0.0,0.0,0.0,0.0,0.0,0.0,219.0,0.0,0.0,0.0,0.0,0.0,0.0,4439.0,0.0,0.0,0.0,0.0,0.0,0.0,86225.0,0.0,0.0,0.0,0.0,0.0,0.0
S00087_PONTA,0, ,1532.0," ""GERAL""       ",247.0,1005.0,437.0,566.0,6144.0,846.0,2418.0,2436.0,0.0,0.0,207.0,179.0,376.0,1052.0,127.0,355.0,74.0,180.0,302.0,872.0,26.0,101.0,4.0,372.0,4.0,0.0,4.0,0.0,0.0,0.0,0.0,0.0,376.0,0.0,0.0,0.0,0.0,0.0,0.0,4.0,0.0,0.0,0.0,0.0,0.0,0.0,70.0,0.0,0.0,0.0,0.0,0.0,0.0,302.0,0.0,0.0,0.0,0.0,0.0,0.0,6144.0,0.0,0.0,0.0,0.0,0.0,0.0
S00088_FORA_PONTA,0, ,1553.0," ""GERAL""       ",77556.0,7906.0,5594.0,5617.0,66494.0,7478.0,5661.0,5682.0,0.0,0.0,1431.0,1244.0,2510.0,6447.0,137.0,361.0,481.0,600.0,2029.0,5847.0,43.0,99.0,221.0,2289.0,221.0,0.0,221.0,0.0,0.0,0.0,0.0,0.0,2510.0,0.0,0.0,0.0,0.0,0.0,0.0,221.0,0.0,0.0,0.0,0.0,0.0,0.0,260.0,0.0,0.0,0.0,0.0,0.0,0.0,2029.0,0.0,0.0,0.0,0.0,0.0,0.0,66494.0,0.0,0.0,0.0,0.0,0.0,0.0
S00089_PONTA,0, ,1556.0," ""GERAL""       ",1126.0,1144.0,786.0,891.0,7068.0,967.0,2766.0,2788.0,0.0,0.0,207.0,179.0,379.0,1066.0,127.0,359.0,78.0,198.0,301.0,868.0,28.0,101.0,5.0,374.0,5.0,0.0,5.0,0.0,0.0,0.0,0.0,0.0,379.0,0.0,0.0,0.0,0.0,0.0,0.0,5.0,0.0,0.0,0.0,0.0,0.0,0.0,73.0,0.0,0.0,0.0,0.0,0.0,0.0,301.0,0.0,0.0,0.0,0.0,0.0,0.0,7068.0,0.0,0.0,0.0,0.0,0.0,0.0
S00090_FORA_PONTA,0, ,1577.0," ""GERAL""       ",76994.0,8001.0,5605.0,5631.0,66123.0,7638.0,5505.0,5528.0,0.0,0.0,1431.0,1244.0,2490.0,6383.0,134.0,362.0,460.0,535.0,2030.0,5848.0,40.0,99.0,213.0,2277.0,213.0,0.0,213.0,0.0,0.0,0.0,0.0,0.0,2490.0,0.0,0.0,0.0,0.0,0.0,0.0,213.0,0.0,0.0,0.0,0.0,0.0,0.0,248.0,0.0,0.0,0.0,0.0,0.0,0.0,2030.0,0.0,0.0,0.0,0.0,0.0,0.0,66123.0,0.0,0.0,0.0,0.0,0.0,0.0
S00091_PONTA,0, ,1580.0," ""GERAL""       ",895.0,1056.0,642.0,766.0,6838.0,882.0,2622.0,2646.0,0.0,0.0,207.0,179.0,379.0,1065.0,127.0,358.0,77.0,195.0,301.0,870.0,27.0,101.0,4.0,374.0,4.0,0.0,4.0,0.0,0.0,0.0,0.0,0.0,379.0,0.0,0.0,0.0,0.0,0.0,0.0,4.0,0.0,0.0,0.0,0.0,0.0,0.0,73.0,0.0,0.0,0.0,0.0,0.0,0.0,301.0,0.0,0.0,0.0,0.0,0.0,0.0,6838.0,0.0,0.0,0.0,0.0,0.0,0.0
S00092_FORA_PONTA,0, ,1649.0," ""GERAL""       ",147226.0,16447.0,4648.0,4668.0,130279.0,17966.0,4500.0,4519.0,0.0,0.0,4729.0,4108.0,7377.0,18648.0,132.0,362.0,565.0,-984.0,6813.0,19633.0,36.0,100.0,263.0,7114.0,263.0,0.0,263.0,0.0,0.0,0.0,0.0,0.0,7377.0,0.0,0.0,0.0,0.0,0.0,0.0,263.0,0.0,0.0,0.0,0.0,0.0,0.0,302.0,0.0,0.0,0.0,0.0,0.0,0.0,6813.0,0.0,0.0,0.0,0.0,0.0,0.0,130279.0,0.0,0.0,0.0,0.0,0.0,0.0
S00093_PONTA,0, ,1652.0," ""GERAL""       ",633.0,831.0,482.0,599.0,6525.0,668.0,2462.0,2480.0,0.0,0.0,207.0,179.0,376.0,1055.0,127.0,356.0,74.0,183.0,302.0,872.0,26.0,101.0,4.0,372.0,4.0,0.0,4.0,0.0,0.0,0.0,0.0,0.0,376.0,0.0,0.0,0.0,0.0,0.0,0.0,4.0,0.0,0.0,0.0,0.0,0.0,0.0,70.0,0.0,0.0,0.0,0.0,0.0,0.0,302.0,0.0,0.0,0.0,0.0,0.0,0.0,6525.0,0.0,0.0,0.0,0.0,0.0,0.0
S00094_FORA_PONTA,0, ,1673.0," ""GERAL""       ",60302.0,5986.0,4170.0,4186.0,49599.0,6038.0,4026.0,4043.0,0.0,0.0,1435.0,1247.0,2360.0,6034.0,131.0,359.0,306.0,117.0,2054.0,5917.0,35.0,100.0,128.0,2232.0,128.0,0.0,128.0,0.0,0.0,0.0,0.0,0.0,2360.0,0.0,0.0,0.0,0.0,0.0,0.0,128.0,0.0,0.0,0.0,0.0,0.0,0.0,178.0,0.0,0.0,0.0,0.0,0.0,0.0,2054.0,0.0,0.0,0.0,0.0,0.0,0.0,49599.0,0.0,0.0,0.0,0.0,0.0,0.0
S00095_PONTA,0, ,1676.0," ""GERAL""       ",483.0,824.0,356.0,457.0,6418.0,660.0,2337.0,2348.0,0.0,0.0,207.0,179.0,377.0,1058.0,126.0,356.0,75.0,186.0,302.0,872.0,26.0,101.0,4.0,373.0,4.0,0.0,4.0,0.0,0.0,0.0,0.0,0.0,377.0,0.0,0.0,0.0,0.0,0.0,0.0,4.0,0.0,0.0,0.0,0.0,0.0,0.0,71.0,0.0,0.0,0.0,0.0,0.0,0.0,302.0,0.0,0.0,0.0,0.0,0.0,0.0,6418.0,0.0,0.0,0.0,0.0,0.0,0.0
S00096_FORA_PONTA,0, ,1697.0," ""GERAL""       ",66305.0,6099.0,4927.0,4944.0,55559.0,6023.0,4775.0,4790.0,0.0,0.0,1433.0,1246.0,2403.0,6142.0,132.0,360.0,357.0,246.0,2047.0,5896.0,35.0,100.0,158.0,2245.0,158.0,0.0,158.0,0.0,0.0,0.0,0.0,0.0,2403.0,0.0,0.0,0.0,0.0,0.0,0.0,158.0,0.0,0.0,0.0,0.0,0.0,0.0,199.0,0.0,0.0,0.0,0.0,0.0,0.0,2047.0,0.0,0.0,0.0,0.0,0.0,0.0,55559.0,0.0,0.0,0.0,0.0,0.0,0.0
S00097_PONTA,0, ,1700.0," ""GERAL""       ",1079.0,975.0,556.0,646.0,7021.0,800.0,2537.0,2551.0,0.0,0.0,207.0,179.0,379.0,1066.0,127.0,357.0,78.0,196.0,301.0,870.0,27.0,101.0,5.0,374.0,5.0,0.0,5.0,0.0,0.0,0.0,0.0,0.0,379.0,0.0,0.0,0.0,0.0,0.0,0.0,5.0,0.0,0.0,0.0,0.0,0.0,0.0,73.0,0.0,0.0,0.0,0.0,0.0,0.0,301.0,0.0,0.0,0.0,0.0,0.0,0.0,7021.0,0.0,0.0,0.0,0.0,0.0,0.0
S00098_FORA_PONTA,0, ,1721.0," ""GERAL""       ",64058.0,6330.0,4543.0,4563.0,53334.0,6317.0,4395.0,4414.0,0.0,0.0,1434.0,1247.0,2382.0,6085.0,133.0,362.0,333.0,183.0,2049.0,5902.0,37.0,100.0,144.0,2238.0,144.0,0.0,144.0,0.0,0.0,0.0,0.0,0.0,2382.0,0.0,0.0,0.0,0.0,0.0,0.0,144.0,0.0,0.0,0.0,0.0,0.0,0.0,189.0,0.0,0.0,0.0,0.0,0.0,0.0,2049.0,0.0,0.0,0.0,0.0,0.0,0.0,53334.0,0.0,0.0,0.0,0.0,0.0,0.0
S00099_PONTA,0, ,1724.0," ""GERAL""       ",457.0,745.0,417.0,521.0,6339.0,586.0,2398.0,2411.0,0.0,0.0,207.0,179.0,376.0,1054.0,126.0,355.0,73.0,180.0,303.0,873.0,26.0,101.0,4.0,372.0,4.0,0.0,4.0,0.0,0.0,0.0,0.0,0.0,376.0,0.0,0.0,0.0,0.0,0.0,0.0,4.0,0.0,0.0,0.0,0.0,0.0,0.0,69.0,0.0,0.0,0.0,0.0,0.0,0.0,303.0,0.0,0.0,0.0,0.0,0.0,0.0,6339.0,0.0,0.0,0.0,0.0,0.0,0.0
S00100_FORA_PONTA,0, ,1745.0," ""GERAL""       ",56366.0,5444.0,4071.0,4079.0,45689.0,5571.0,3513.0,3534.0,0.0,0.0,1436.0,1248.0,2335.0,5974.0,131.0,359.0,276.0,40.0,2059.0,5934.0,35.0,100.0,110.0,2225.0,110.0,0.0,110.0,0.0,0.0,0.0,0.0,0.0,2335.0,0.0,0.0,0.0,0.0,0.0,0.0,110.0,0.0,0.0,0.0,0.0,0.0,0.0,166.0,0.0,0.0,0.0,0.0,0.0,0.0,2059.0,0.0,0.0,0.0,0.0,0.0,0.0,45689.0,0.0,0.0,0.0,0.0,0.0,0.0
S00101_PONTA,0, ,1748.0," ""GERAL""       ",352.0,899.0,292.0,497.0,6092.0,754.0,2273.0,2299.0,0.0,0.0,207.0,179.0,372.0,1039.0,126.0,354.0,70.0,167.0,302.0,872.0,26.0,101.0,4.0,368.0,4.0,0.0,4.0,0.0,0.0,0.0,0.0,0.0,372.0,0.0,0.0,0.0,0.0,0.0,0.0,4.0,0.0,0.0,0.0,0.0,0.0,0.0,66.0,0.0,0.0,0.0,0.0,0.0,0.0,302.0,0.0,0.0,0.0,0.0,0.0,0.0,6092.0,0.0,0.0,0.0,0.0,0.0,0.0
S00102_FORA_PONTA,0, ,1817.0," ""GERAL""       ",131748.0,13891.0,4540.0,4555.0,115219.0,15634.0,4392.0,4407.0,0.0,0.0,4735.0,4111.0,7314.0,18487.0,131.0,357.0,477.0,-1213.0,6836.0,19699.0,34.0,100.0,212.0,7101.0,212.0,0.0,212.0,0.0,0.0,0.0,0.0,0.0,7314.0,0.0,0.0,0.0,0.0,0.0,0.0,212.0,0.0,0.0,0.0,0.0,0.0,0.0,265.0,0.0,0.0,0.0,0.0,0.0,0.0,6836.0,0.0,0.0,0.0,0.0,0.0,0.0,115219.0,0.0,0.0,0.0,0.0,0.0,0.0
S00103_PONTA,0, ,1820.0," ""GERAL""       ",891.0,1086.0,441.0,573.0,6834.0,914.0,2421.0,2439.0,0.0,0.0,207.0,179.0,378.0,1063.0,127.0,357.0,77.0,194.0,301.0,869.0,26.0,101.0,5.0,373.0,5.0,0.0,5.0,0.0,0.0,0.0,0.0,0.0,378.0,0.0,0.0,0.0,0.0,0.0,0.0,5.0,0.0,0.0,0.0,0.0,0.0,0.0,72.0,0.0,0.0,0.0,0.0,0.0,0.0,301.0,0.0,0.0,0.0,0.0,0.0,0.0,6834.0,0.0,0.0,0.0,0.0,0.0,0.0
S00104_FORA_PONTA,0, ,1841.0," ""GERAL""       ",67749.0,5762.0,5287.0,5303.0,56986.0,5643.0,5131.0,5144.0,0.0,0.0,1433.0,1246.0,2420.0,6183.0,132.0,361.0,375.0,289.0,2046.0,5894.0,36.0,100.0,169.0,2252.0,169.0,0.0,169.0,0.0,0.0,0.0,0.0,0.0,2420.0,0.0,0.0,0.0,0.0,0.0,0.0,169.0,0.0,0.0,0.0,0.0,0.0,0.0,206.0,0.0,0.0,0.0,0.0,0.0,0.0,2046.0,0.0,0.0,0.0,0.0,0.0,0.0,56986.0,0.0,0.0,0.0,0.0,0.0,0.0
S00105_PONTA,0, ,1844.0," ""GERAL""       ",1260.0,982.0,737.0,815.0,7201.0,806.0,2717.0,2732.0,0.0,0.0,207.0,179.0,379.0,1067.0,127.0,358.0,78.0,198.0,301.0,869.0,27.0,101.0,5.0,374.0,5.0,0.0,5.0,0.0,0.0,0.0,0.0,0.0,379.0,0.0,0.0,0.0,0.0,0.0,0.0,5.0,0.0,0.0,0.0,0.0,0.0,0.0,73.0,0.0,0.0,0.0,0.0,0.0,0.0,301.0,0.0,0.0,0.0,0.0,0.0,0.0,7201.0,0.0,0.0,0.0,0.0,0.0,0.0
S00106_FORA_PONTA,0, ,1865.0," ""GERAL""       ",66965.0,6743.0,4979.0,4996.0,56209.0,6635.0,4827.0,4842.0,0.0,0.0,1432.0,1246.0,2413.0,6168.0,133.0,362.0,369.0,278.0,2044.0,5889.0,37.0,100.0,165.0,2248.0,165.0,0.0,165.0,0.0,0.0,0.0,0.0,0.0,2413.0,0.0,0.0,0.0,0.0,0.0,0.0,165.0,0.0,0.0,0.0,0.0,0.0,0.0,204.0,0.0,0.0,0.0,0.0,0.0,0.0,2044.0,0.0,0.0,0.0,0.0,0.0,0.0,56209.0,0.0,0.0,0.0,0.0,0.0,0.0
S00107_PONTA,0, ,1868.0," ""GERAL""       ",1201.0,984.0,773.0,852.0,7143.0,809.0,2753.0,2769.0,0.0,0.0,207.0,179.0,379.0,1065.0,127.0,359.0,78.0,196.0,301.0,869.0,27.0,101.0,5.0,374.0,5.0,0.0,5.0,0.0,0.0,0.0,0.0,0.0,379.0,0.0,0.0,0.0,0.0,0.0,0.0,5.0,0.0,0.0,0.0,0.0,0.0,0.0,73.0,0.0,0.0,0.0,0.0,0.0,0.0,301.0,0.0,0.0,0.0,0.0,0.0,0.0,7143.0,0.0,0.0,0.0,0.0,0.0,0.0
S00108_FORA_PONTA,0, ,1889.0," ""GERAL""       ",65017.0,6110.0,4788.0,4804.0,54278.0,6055.0,4639.0,4653.0,0.0,0.0,1433.0,1247.0,2396.0,6125.0,132.0,361.0,348.0,225.0,2048.0,5900.0,36.0,100.0,153.0,2243.0,153.0,0.0,153.0,0.0,0.0,0.0,0.0,0.0,2396.0,0.0,0.0,0.0,0.0,0.0,0.0,153.0,0.0,0.0,0.0,0.0,0.0,0.0,195.0,0.0,0.0,0.0,0.0,0.0,0.0,2048.0,0.0,0.0,0.0,0.0,0.0,0.0,54278.0,0.0,0.0,0.0,0.0,0.0,0.0
S00109_PONTA,0, ,1892.0," ""GERAL""       ",913.0,888.0,637.0,722.0,6856.0,717.0,2617.0,2632.0,0.0,0.0,207.0,179.0,379.0,1063.0,127.0,357.0,77.0,192.0,302.0,871.0,27.0,101.0,5.0,374.0,5.0,0.0,5.0,0.0,0.0,0.0,0.0,0.0,379.0,0.0,0.0,0.0,0.0,0.0,0.0,5.0,0.0,0.0,0.0,0.0,0.0,0.0,72.0,0.0,0.0,0.0,0.0,0.0,0.0,302.0,0.0,0.0,0.0,0.0,0.0,0.0,6856.0,0.0,0.0,0.0,0.0,0.0,0.0
S00110_FORA_PONTA,0, ,1913.0," ""GERAL""       ",63983.0,6113.0,4453.0,4470.0,53256.0,6076.0,4307.0,4323.0,0.0,0.0,1434.0,1247.0,2385.0,6110.0,132.0,361.0,336.0,206.0,2049.0,5904.0,36.0,100.0,144.0,2241.0,144.0,0.0,144.0,0.0,0.0,0.0,0.0,0.0,2385.0,0.0,0.0,0.0,0.0,0.0,0.0,144.0,0.0,0.0,0.0,0.0,0.0,0.0,192.0,0.0,0.0,0.0,0.0,0.0,0.0,2049.0,0.0,0.0,0.0,0.0,0.0,0.0,53256.0,0.0,0.0,0.0,0.0,0.0,0.0
S00111_PONTA,0, ,1916.0," ""GERAL""       ",534.0,929.0,429.0,564.0,6441.0,765.0,2410.0,2430.0,0.0,0.0,207.0,179.0,377.0,1057.0,126.0,355.0,75.0,185.0,302.0,872.0,26.0,101.0,4.0,373.0,4.0,0.0,4.0,0.0,0.0,0.0,0.0,0.0,377.0,0.0,0.0,0.0,0.0,0.0,0.0,4.0,0.0,0.0,0.0,0.0,0.0,0.0,71.0,0.0,0.0,0.0,0.0,0.0,0.0,302.0,0.0,0.0,0.0,0.0,0.0,0.0,6441.0,0.0,0.0,0.0,0.0,0.0,0.0
S00112_FORA_PONTA,0, ,1985.0," ""GERAL""       ",148002.0,15438.0,5598.0,5622.0,131403.0,16746.0,5892.0,5909.0,0.0,0.0,4734.0,4107.0,7452.0,18861.0,141.0,362.0,638.0,-774.0,6814.0,19635.0,47.0,100.0,297.0,7154.0,297.0,0.0,297.0,0.0,0.0,0.0,0.0,0.0,7452.0,0.0,0.0,0.0,0.0,0.0,0.0,297.0,0.0,0.0,0.0,0.0,0.0,0.0,340.0,0.0,0.0,0.0,0.0,0.0,0.0,6814.0,0.0,0.0,0.0,0.0,0.0,0.0,131403.0,0.0,0.0,0.0,0.0,0.0,0.0
S00113_PONTA,0, ,1988.0," ""GERAL""       ",2103.0,1127.0,1078.0,1161.0,8042.0,937.0,3056.0,3078.0,0.0,0.0,206.0,179.0,382.0,1077.0,129.0,363.0,83.0,211.0,300.0,865.0,29.0,100.0,7.0,376.0,7.0,0.0,7.0,0.0,0.0,0.0,0.0,0.0,382.0,0.0,0.0,0.0,0.0,0.0,0.0,7.0,0.0,0.0,0.0,0.0,0.0,0.0,76.0,0.0,0.0,0.0,0.0,0.0,0.0,300.0,0.0,0.0,0.0,0.0,0.0,0.0,8042.0,0.0,0.0,0.0,0.0,0.0,0.0
S00114_FORA_PONTA,0, ,2009.0," ""GERAL""       ",73203.0,7042.0,5193.0,5211.0,61954.0,6803.0,5039.0,5054.0,0.0,0.0,1431.0,1245.0,2457.0,6277.0,134.0,366.0,421.0,410.0,2036.0,5867.0,39.0,99.0,194.0,2264.0,194.0,0.0,194.0,0.0,0.0,0.0,0.0,0.0,2457.0,0.0,0.0,0.0,0.0,0.0,0.0,194.0,0.0,0.0,0.0,0.0,0.0,0.0,228.0,0.0,0.0,0.0,0.0,0.0,0.0,2036.0,0.0,0.0,0.0,0.0,0.0,0.0,61954.0,0.0,0.0,0.0,0.0,0.0,0.0
S00115_PONTA,0, ,2012.0," ""GERAL""       ",1357.0,952.0,757.0,866.0,7298.0,775.0,2737.0,2760.0,0.0,0.0,207.0,179.0,380.0,1067.0,127.0,358.0,79.0,198.0,301.0,869.0,27.0,101.0,6.0,374.0,6.0,0.0,6.0,0.0,0.0,0.0,0.0,0.0,380.0,0.0,0.0,0.0,0.0,0.0,0.0,6.0,0.0,0.0,0.0,0.0,0.0,0.0,73.0,0.0,0.0,0.0,0.0,0.0,0.0,301.0,0.0,0.0,0.0,0.0,0.0,0.0,7298.0,0.0,0.0,0.0,0.0,0.0,0.0
S00116_FORA_PONTA,0, ,2033.0," ""GERAL""       ",73698.0,7213.0,5595.0,5615.0,62888.0,6935.0,5436.0,5452.0,0.0,0.0,1432.0,1245.0,2468.0,6314.0,134.0,362.0,433.0,450.0,2035.0,5864.0,39.0,99.0,201.0,2267.0,201.0,0.0,201.0,0.0,0.0,0.0,0.0,0.0,2468.0,0.0,0.0,0.0,0.0,0.0,0.0,201.0,0.0,0.0,0.0,0.0,0.0,0.0,232.0,0.0,0.0,0.0,0.0,0.0,0.0,2035.0,0.0,0.0,0.0,0.0,0.0,0.0,62888.0,0.0,0.0,0.0,0.0,0.0,0.0
S00117_PONTA,0, ,2036.0," ""GERAL""       ",1734.0,1110.0,971.0,1040.0,7674.0,926.0,2950.0,2966.0,0.0,0.0,207.0,179.0,381.0,1072.0,128.0,361.0,81.0,205.0,300.0,867.0,28.0,100.0,6.0,375.0,6.0,0.0,6.0,0.0,0.0,0.0,0.0,0.0,381.0,0.0,0.0,0.0,0.0,0.0,0.0,6.0,0.0,0.0,0.0,0.0,0.0,0.0,74.0,0.0,0.0,0.0,0.0,0.0,0.0,300.0,0.0,0.0,0.0,0.0,0.0,0.0,7674.0,0.0,0.0,0.0,0.0,0.0,0.0
S00118_FORA_PONTA,0, ,2057.0," ""GERAL""       ",65252.0,6380.0,4427.0,4444.0,54527.0,6350.0,4041.0,4052.0,0.0,0.0,1433.0,1246.0,2386.0,6097.0,133.0,363.0,339.0,200.0,2047.0,5898.0,38.0,99.0,148.0,2238.0,148.0,0.0,148.0,0.0,0.0,0.0,0.0,0.0,2386.0,0.0,0.0,0.0,0.0,0.0,0.0,148.0,0.0,0.0,0.0,0.0,0.0,0.0,191.0,0.0,0.0,0.0,0.0,0.0,0.0,2047.0,0.0,0.0,0.0,0.0,0.0,0.0,54527.0,0.0,0.0,0.0,0.0,0.0,0.0
S00119_PONTA,0, ,2060.0," ""GERAL""       ",1154.0,1156.0,552.0,691.0,7096.0,980.0,2533.0,2557.0,0.0,0.0,207.0,179.0,379.0,1066.0,127.0,357.0,79.0,198.0,301.0,868.0,27.0,101.0,6.0,373.0,6.0,0.0,6.0,0.0,0.0,0.0,0.0,0.0,379.0,0.0,0.0,0.0,0.0,0.0,0.0,6.0,0.0,0.0,0.0,0.0,0.0,0.0,73.0,0.0,0.0,0.0,0.0,0.0,0.0,301.0,0.0,0.0,0.0,0.0,0.0,0.0,7096.0,0.0,0.0,0.0,0.0,0.0,0.0
S00120_FORA_PONTA,0, ,2081.0," ""GERAL""       ",58483.0,5239.0,4339.0,4356.0,47798.0,5342.0,3488.0,3498.0,0.0,0.0,1436.0,1248.0,2342.0,5992.0,133.0,363.0,284.0,64.0,2058.0,5928.0,37.0,100.0,115.0,2227.0,115.0,0.0,115.0,0.0,0.0,0.0,0.0,0.0,2342.0,0.0,0.0,0.0,0.0,0.0,0.0,115.0,0.0,0.0,0.0,0.0,0.0,0.0,169.0,0.0,0.0,0.0,0.0,0.0,0.0,2058.0,0.0,0.0,0.0,0.0,0.0,0.0,47798.0,0.0,0.0,0.0,0.0,0.0,0.0
S00121_PONTA,0, ,2084.0," ""GERAL""       ",179.0,906.0,145.0,377.0,6018.0,753.0,2127.0,2146.0,0.0,0.0,207.0,179.0,374.0,1047.0,126.0,354.0,72.0,175.0,303.0,873.0,25.0,101.0,4.0,371.0,4.0,0.0,4.0,0.0,0.0,0.0,0.0,0.0,374.0,0.0,0.0,0.0,0.0,0.0,0.0,4.0,0.0,0.0,0.0,0.0,0.0,0.0,68.0,0.0,0.0,0.0,0.0,0.0,0.0,303.0,0.0,0.0,0.0,0.0,0.0,0.0,6018.0,0.0,0.0,0.0,0.0,0.0,0.0
S00122_FORA_PONTA,0, ,2153.0," ""GERAL""       ",148584.0,16448.0,5604.0,5636.0,131340.0,17796.0,5683.0,5708.0,0.0,0.0,4729.0,4107.0,7437.0,18814.0,136.0,359.0,626.0,-812.0,6811.0,19626.0,43.0,100.0,294.0,7142.0,294.0,0.0,294.0,0.0,0.0,0.0,0.0,0.0,7437.0,0.0,0.0,0.0,0.0,0.0,0.0,294.0,0.0,0.0,0.0,0.0,0.0,0.0,332.0,0.0,0.0,0.0,0.0,0.0,0.0,6811.0,0.0,0.0,0.0,0.0,0.0,0.0,131340.0,0.0,0.0,0.0,0.0,0.0,0.0
S00123_PONTA,0, ,2156.0," ""GERAL""       ",940.0,976.0,521.0,620.0,6882.0,805.0,2502.0,2517.0,0.0,0.0,207.0,179.0,378.0,1062.0,127.0,356.0,77.0,193.0,301.0,870.0,26.0,101.0,5.0,373.0,5.0,0.0,5.0,0.0,0.0,0.0,0.0,0.0,378.0,0.0,0.0,0.0,0.0,0.0,0.0,5.0,0.0,0.0,0.0,0.0,0.0,0.0,72.0,0.0,0.0,0.0,0.0,0.0,0.0,301.0,0.0,0.0,0.0,0.0,0.0,0.0,6882.0,0.0,0.0,0.0,0.0,0.0,0.0
S00124_FORA_PONTA,0, ,2177.0," ""GERAL""       ",55168.0,4302.0,4216.0,4228.0,44499.0,4455.0,3056.0,3066.0,0.0,0.0,1437.0,1249.0,2327.0,5958.0,133.0,362.0,263.0,12.0,2064.0,5945.0,37.0,100.0,103.0,2223.0,103.0,0.0,103.0,0.0,0.0,0.0,0.0,0.0,2327.0,0.0,0.0,0.0,0.0,0.0,0.0,103.0,0.0,0.0,0.0,0.0,0.0,0.0,160.0,0.0,0.0,0.0,0.0,0.0,0.0,2064.0,0.0,0.0,0.0,0.0,0.0,0.0,44499.0,0.0,0.0,0.0,0.0,0.0,0.0
S00125_PONTA,0, ,2180.0," ""GERAL""       ",39.0,765.0,51.0,289.0,5827.0,622.0,2033.0,2043.0,0.0,0.0,207.0,179.0,372.0,1039.0,125.0,352.0,69.0,164.0,303.0,874.0,25.0,101.0,3.0,369.0,3.0,0.0,3.0,0.0,0.0,0.0,0.0,0.0,372.0,0.0,0.0,0.0,0.0,0.0,0.0,3.0,0.0,0.0,0.0,0.0,0.0,0.0,66.0,0.0,0.0,0.0,0.0,0.0,0.0,303.0,0.0,0.0,0.0,0.0,0.0,0.0,5827.0,0.0,0.0,0.0,0.0,0.0,0.0
S00126_FORA_PONTA,0, ,2201.0," ""GERAL""       ",58651.0,5212.0,4018.0,4028.0,48147.0,5320.0,3757.0,3771.0,0.0,0.0,1436.0,1248.0,2341.0,5986.0,131.0,358.0,284.0,58.0,2058.0,5928.0,35.0,100.0,118.0,2223.0,118.0,0.0,118.0,0.0,0.0,0.0,0.0,0.0,2341.0,0.0,0.0,0.0,0.0,0.0,0.0,118.0,0.0,0.0,0.0,0.0,0.0,0.0,166.0,0.0,0.0,0.0,0.0,0.0,0.0,2058.0,0.0,0.0,0.0,0.0,0.0,0.0,48147.0,0.0,0.0,0.0,0.0,0.0,0.0
S00127_PONTA,0, ,2204.0," ""GERAL""       ",420.0,780.0,242.0,368.0,6311.0,620.0,2223.0,2234.0,0.0,0.0,207.0,179.0,376.0,1054.0,126.0,354.0,74.0,181.0,303.0,873.0,25.0,101.0,4.0,372.0,4.0,0.0,4.0,0.0,0.0,0.0,0.0,0.0,376.0,0.0,0.0,0.0,0.0,0.0,0.0,4.0,0.0,0.0,0.0,0.0,0.0,0.0,69.0,0.0,0.0,0.0,0.0,0.0,0.0,303.0,0.0,0.0,0.0,0.0,0.0,0.0,6311.0,0.0,0.0,0.0,0.0,0.0,0.0
S00128_FORA_PONTA,0, ,2225.0," ""GERAL""       ",58442.0,4682.0,4065.0,4074.0,47752.0,4776.0,3643.0,3652.0,0.0,0.0,1436.0,1248.0,2347.0,6005.0,132.0,360.0,288.0,73.0,2059.0,5932.0,36.0,100.0,119.0,2227.0,119.0,0.0,119.0,0.0,0.0,0.0,0.0,0.0,2347.0,0.0,0.0,0.0,0.0,0.0,0.0,119.0,0.0,0.0,0.0,0.0,0.0,0.0,169.0,0.0,0.0,0.0,0.0,0.0,0.0,2059.0,0.0,0.0,0.0,0.0,0.0,0.0,47752.0,0.0,0.0,0.0,0.0,0.0,0.0
S00129_PONTA,0, ,2228.0," ""GERAL""       ",161.0,704.0,125.0,289.0,5973.0,557.0,2106.0,2116.0,0.0,0.0,207.0,179.0,373.0,1043.0,126.0,353.0,70.0,168.0,303.0,874.0,25.0,101.0,4.0,369.0,4.0,0.0,4.0,0.0,0.0,0.0,0.0,0.0,373.0,0.0,0.0,0.0,0.0,0.0,0.0,4.0,0.0,0.0,0.0,0.0,0.0,0.0,66.0,0.0,0.0,0.0,0.0,0.0,0.0,303.0,0.0,0.0,0.0,0.0,0.0,0.0,5973.0,0.0,0.0,0.0,0.0,0.0,0.0
S00130_FORA_PONTA,0, ,2249.0," ""GERAL""       ",46764.0,3937.0,4010.0,4018.0,36320.0,4234.0,2508.0,2517.0,0.0,0.0,1440.0,1250.0,2281.0,5842.0,131.0,358.0,207.0,-134.0,2074.0,5975.0,34.0,100.0,74.0,2208.0,74.0,0.0,74.0,0.0,0.0,0.0,0.0,0.0,2281.0,0.0,0.0,0.0,0.0,0.0,0.0,74.0,0.0,0.0,0.0,0.0,0.0,0.0,134.0,0.0,0.0,0.0,0.0,0.0,0.0,2074.0,0.0,0.0,0.0,0.0,0.0,0.0,36320.0,0.0,0.0,0.0,0.0,0.0,0.0
S00131_PONTA,0, ,2252.0," ""GERAL""       ",0.0,496.0,0.0,184.0,4418.0,463.0,1575.0,1582.0,0.0,0.0,207.0,180.0,345.0,929.0,117.0,317.0,41.0,53.0,304.0,876.0,16.0,101.0,2.0,343.0,2.0,0.0,2.0,0.0,0.0,0.0,0.0,0.0,345.0,0.0,0.0,0.0,0.0,0.0,0.0,2.0,0.0,0.0,0.0,0.0,0.0,0.0,39.0,0.0,0.0,0.0,0.0,0.0,0.0,304.0,0.0,0.0,0.0,0.0,0.0,0.0,4418.0,0.0,0.0,0.0,0.0,0.0,0.0
S00132_FORA_PONTA,0, ,2321.0," ""GERAL""       ",108133.0,9905.0,3653.0,3662.0,93117.0,12071.0,2585.0,2590.0,0.0,0.0,4743.0,4116.0,7187.0,18158.0,129.0,355.0,315.0,-1646.0,6873.0,19804.0,32.0,100.0,135.0,7053.0,135.0,0.0,135.0,0.0,0.0,0.0,0.0,0.0,7187.0,0.0,0.0,0.0,0.0,0.0,0.0,135.0,0.0,0.0,0.0,0.0,0.0,0.0,180.0,0.0,0.0,0.0,0.0,0.0,0.0,6873.0,0.0,0.0,0.0,0.0,0.0,0.0,93117.0,0.0,0.0,0.0,0.0,0.0,0.0
S00133_PONTA,0, ,2324.0," ""GERAL""       ",0.0,585.0,0.0,216.0,5295.0,482.0,1870.0,1878.0,0.0,0.0,207.0,179.0,363.0,999.0,123.0,341.0,59.0,123.0,303.0,875.0,22.0,101.0,3.0,359.0,3.0,0.0,3.0,0.0,0.0,0.0,0.0,0.0,363.0,0.0,0.0,0.0,0.0,0.0,0.0,3.0,0.0,0.0,0.0,0.0,0.0,0.0,56.0,0.0,0.0,0.0,0.0,0.0,0.0,303.0,0.0,0.0,0.0,0.0,0.0,0.0,5295.0,0.0,0.0,0.0,0.0,0.0,0.0
S00134_FORA_PONTA,0, ,2345.0," ""GERAL""       ",49567.0,3689.0,3872.0,3879.0,39804.0,3954.0,2795.0,2804.0,0.0,0.0,1439.0,1250.0,2295.0,5867.0,131.0,359.0,224.0,-101.0,2071.0,5968.0,34.0,100.0,86.0,2209.0,86.0,0.0,86.0,0.0,0.0,0.0,0.0,0.0,2295.0,0.0,0.0,0.0,0.0,0.0,0.0,86.0,0.0,0.0,0.0,0.0,0.0,0.0,138.0,0.0,0.0,0.0,0.0,0.0,0.0,2071.0,0.0,0.0,0.0,0.0,0.0,0.0,39804.0,0.0,0.0,0.0,0.0,0.0,0.0
S00135_PONTA,0, ,2348.0," ""GERAL""       ",0.0,584.0,0.0,233.0,5474.0,470.0,1924.0,1932.0,0.0,0.0,207.0,179.0,365.0,1010.0,124.0,346.0,62.0,134.0,303.0,876.0,23.0,101.0,3.0,362.0,3.0,0.0,3.0,0.0,0.0,0.0,0.0,0.0,365.0,0.0,0.0,0.0,0.0,0.0,0.0,3.0,0.0,0.0,0.0,0.0,0.0,0.0,59.0,0.0,0.0,0.0,0.0,0.0,0.0,303.0,0.0,0.0,0.0,0.0,0.0,0.0,5474.0,0.0,0.0,0.0,0.0,0.0,0.0
S00136_FORA_PONTA,0, ,2369.0," ""GERAL""       ",50239.0,3928.0,3938.0,3945.0,40306.0,4200.0,2786.0,2794.0,0.0,0.0,1439.0,1250.0,2291.0,5856.0,131.0,358.0,221.0,-108.0,2070.0,5965.0,34.0,100.0,84.0,2207.0,84.0,0.0,84.0,0.0,0.0,0.0,0.0,0.0,2291.0,0.0,0.0,0.0,0.0,0.0,0.0,84.0,0.0,0.0,0.0,0.0,0.0,0.0,136.0,0.0,0.0,0.0,0.0,0.0,0.0,2070.0,0.0,0.0,0.0,0.0,0.0,0.0,40306.0,0.0,0.0,0.0,0.0,0.0,0.0
S00137_PONTA,0, ,2372.0," ""GERAL""       ",0.0,586.0,0.0,219.0,5412.0,477.0,1918.0,1926.0,0.0,0.0,207.0,179.0,364.0,1005.0,124.0,345.0,61.0,130.0,303.0,876.0,23.0,101.0,3.0,361.0,3.0,0.0,3.0,0.0,0.0,0.0,0.0,0.0,364.0,0.0,0.0,0.0,0.0,0.0,0.0,3.0,0.0,0.0,0.0,0.0,0.0,0.0,58.0,0.0,0.0,0.0,0.0,0.0,0.0,303.0,0.0,0.0,0.0,0.0,0.0,0.0,5412.0,0.0,0.0,0.0,0.0,0.0,0.0
S00138_FORA_PONTA,0, ,2393.0," ""GERAL""       ",52082.0,4786.0,3925.0,3934.0,42139.0,5023.0,3243.0,3261.0,0.0,0.0,1438.0,1249.0,2300.0,5881.0,131.0,358.0,234.0,-72.0,2066.0,5952.0,34.0,100.0,93.0,2208.0,93.0,0.0,93.0,0.0,0.0,0.0,0.0,0.0,2300.0,0.0,0.0,0.0,0.0,0.0,0.0,93.0,0.0,0.0,0.0,0.0,0.0,0.0,142.0,0.0,0.0,0.0,0.0,0.0,0.0,2066.0,0.0,0.0,0.0,0.0,0.0,0.0,42139.0,0.0,0.0,0.0,0.0,0.0,0.0
S00139_PONTA,0, ,2396.0," ""GERAL""       ",287.0,875.0,284.0,494.0,6029.0,733.0,2266.0,2292.0,0.0,0.0,207.0,179.0,371.0,1036.0,126.0,353.0,69.0,163.0,302.0,873.0,25.0,101.0,4.0,368.0,4.0,0.0,4.0,0.0,0.0,0.0,0.0,0.0,371.0,0.0,0.0,0.0,0.0,0.0,0.0,4.0,0.0,0.0,0.0,0.0,0.0,0.0,65.0,0.0,0.0,0.0,0.0,0.0,0.0,302.0,0.0,0.0,0.0,0.0,0.0,0.0,6029.0,0.0,0.0,0.0,0.0,0.0,0.0
S00140_FORA_PONTA,0, ,2417.0," ""GERAL""       ",54866.0,4873.0,3900.0,3909.0,44558.0,5047.0,3394.0,3404.0,0.0,0.0,1437.0,1249.0,2319.0,5935.0,130.0,357.0,257.0,-8.0,2063.0,5943.0,34.0,100.0,103.0,2216.0,103.0,0.0,103.0,0.0,0.0,0.0,0.0,0.0,2319.0,0.0,0.0,0.0,0.0,0.0,0.0,103.0,0.0,0.0,0.0,0.0,0.0,0.0,153.0,0.0,0.0,0.0,0.0,0.0,0.0,2063.0,0.0,0.0,0.0,0.0,0.0,0.0,44558.0,0.0,0.0,0.0,0.0,0.0,0.0
S00141_PONTA,0, ,2420.0," ""GERAL""       ",20.0,803.0,46.0,302.0,5721.0,668.0,2027.0,2038.0,0.0,0.0,207.0,179.0,370.0,1030.0,125.0,351.0,67.0,156.0,303.0,874.0,24.0,101.0,3.0,367.0,3.0,0.0,3.0,0.0,0.0,0.0,0.0,0.0,370.0,0.0,0.0,0.0,0.0,0.0,0.0,3.0,0.0,0.0,0.0,0.0,0.0,0.0,64.0,0.0,0.0,0.0,0.0,0.0,0.0,303.0,0.0,0.0,0.0,0.0,0.0,0.0,5721.0,0.0,0.0,0.0,0.0,0.0,0.0
S00142_FORA_PONTA,0, ,2489.0," ""GERAL""       ",121400.0,12074.0,3938.0,3947.0,104949.0,14051.0,3097.0,3105.0,0.0,0.0,4739.0,4113.0,7235.0,18295.0,131.0,357.0,383.0,-1452.0,6853.0,19747.0,34.0,100.0,167.0,7068.0,167.0,0.0,167.0,0.0,0.0,0.0,0.0,0.0,7235.0,0.0,0.0,0.0,0.0,0.0,0.0,167.0,0.0,0.0,0.0,0.0,0.0,0.0,215.0,0.0,0.0,0.0,0.0,0.0,0.0,6853.0,0.0,0.0,0.0,0.0,0.0,0.0,104949.0,0.0,0.0,0.0,0.0,0.0,0.0
S00143_PONTA,0, ,2492.0," ""GERAL""       ",3.0,696.0,10.0,260.0,5691.0,563.0,1992.0,2002.0,0.0,0.0,207.0,179.0,370.0,1028.0,125.0,351.0,67.0,154.0,303.0,875.0,24.0,101.0,3.0,366.0,3.0,0.0,3.0,0.0,0.0,0.0,0.0,0.0,370.0,0.0,0.0,0.0,0.0,0.0,0.0,3.0,0.0,0.0,0.0,0.0,0.0,0.0,63.0,0.0,0.0,0.0,0.0,0.0,0.0,303.0,0.0,0.0,0.0,0.0,0.0,0.0,5691.0,0.0,0.0,0.0,0.0,0.0,0.0
S00144_FORA_PONTA,0, ,2513.0," ""GERAL""       ",52406.0,4257.0,3991.0,4002.0,42110.0,4475.0,3263.0,3277.0,0.0,0.0,1438.0,1249.0,2308.0,5902.0,131.0,358.0,241.0,-53.0,2067.0,5955.0,35.0,100.0,93.0,2215.0,93.0,0.0,93.0,0.0,0.0,0.0,0.0,0.0,2308.0,0.0,0.0,0.0,0.0,0.0,0.0,93.0,0.0,0.0,0.0,0.0,0.0,0.0,148.0,0.0,0.0,0.0,0.0,0.0,0.0,2067.0,0.0,0.0,0.0,0.0,0.0,0.0,42110.0,0.0,0.0,0.0,0.0,0.0,0.0
S00145_PONTA,0, ,2516.0," ""GERAL""       ",127.0,798.0,104.0,315.0,5991.0,647.0,2086.0,2100.0,0.0,0.0,207.0,179.0,374.0,1046.0,126.0,352.0,71.0,172.0,303.0,874.0,25.0,101.0,4.0,371.0,4.0,0.0,4.0,0.0,0.0,0.0,0.0,0.0,374.0,0.0,0.0,0.0,0.0,0.0,0.0,4.0,0.0,0.0,0.0,0.0,0.0,0.0,68.0,0.0,0.0,0.0,0.0,0.0,0.0,303.0,0.0,0.0,0.0,0.0,0.0,0.0,5991.0,0.0,0.0,0.0,0.0,0.0,0.0
S00146_FORA_PONTA,0, ,2537.0," ""GERAL""       ",52418.0,4282.0,4071.0,4081.0,41768.0,4493.0,3115.0,3127.0,0.0,0.0,1438.0,1249.0,2308.0,5908.0,131.0,359.0,241.0,-47.0,2067.0,5955.0,35.0,100.0,92.0,2216.0,92.0,0.0,92.0,0.0,0.0,0.0,0.0,0.0,2308.0,0.0,0.0,0.0,0.0,0.0,0.0,92.0,0.0,0.0,0.0,0.0,0.0,0.0,149.0,0.0,0.0,0.0,0.0,0.0,0.0,2067.0,0.0,0.0,0.0,0.0,0.0,0.0,41768.0,0.0,0.0,0.0,0.0,0.0,0.0
S00147_PONTA,0, ,2540.0," ""GERAL""       ",75.0,814.0,64.0,298.0,5851.0,672.0,2046.0,2059.0,0.0,0.0,207.0,179.0,372.0,1036.0,125.0,351.0,69.0,163.0,303.0,874.0,24.0,101.0,4.0,368.0,4.0,0.0,4.0,0.0,0.0,0.0,0.0,0.0,372.0,0.0,0.0,0.0,0.0,0.0,0.0,4.0,0.0,0.0,0.0,0.0,0.0,0.0,65.0,0.0,0.0,0.0,0.0,0.0,0.0,303.0,0.0,0.0,0.0,0.0,0.0,0.0,5851.0,0.0,0.0,0.0,0.0,0.0,0.0
S00148_FORA_PONTA,0, ,2561.0," ""GERAL""       ",49564.0,4181.0,3935.0,3948.0,39109.0,4443.0,2643.0,2655.0,0.0,0.0,1439.0,1250.0,2292.0,5867.0,131.0,357.0,221.0,-98.0,2070.0,5965.0,34.0,100.0,82.0,2210.0,82.0,0.0,82.0,0.0,0.0,0.0,0.0,0.0,2292.0,0.0,0.0,0.0,0.0,0.0,0.0,82.0,0.0,0.0,0.0,0.0,0.0,0.0,140.0,0.0,0.0,0.0,0.0,0.0,0.0,2070.0,0.0,0.0,0.0,0.0,0.0,0.0,39109.0,0.0,0.0,0.0,0.0,0.0,0.0
S00149_PONTA,0, ,2564.0," ""GERAL""       ",0.0,542.0,0.0,200.0,4920.0,474.0,1729.0,1737.0,0.0,0.0,207.0,180.0,354.0,965.0,120.0,329.0,50.0,89.0,304.0,876.0,19.0,101.0,3.0,351.0,3.0,0.0,3.0,0.0,0.0,0.0,0.0,0.0,354.0,0.0,0.0,0.0,0.0,0.0,0.0,3.0,0.0,0.0,0.0,0.0,0.0,0.0,48.0,0.0,0.0,0.0,0.0,0.0,0.0,304.0,0.0,0.0,0.0,0.0,0.0,0.0,4920.0,0.0,0.0,0.0,0.0,0.0,0.0
S00150_FORA_PONTA,0, ,2681.0," ""GERAL""       ",160362.0,13977.0,3710.0,3718.0,138696.0,18044.0,2527.0,2536.0,0.0,0.0,8050.0,6983.0,12089.0,30482.0,129.0,355.0,404.0,-3193.0,11686.0,33675.0,32.0,100.0,174.0,11915.0,174.0,0.0,174.0,0.0,0.0,0.0,0.0,0.0,12089.0,0.0,0.0,0.0,0.0,0.0,0.0,174.0,0.0,0.0,0.0,0.0,0.0,0.0,229.0,0.0,0.0,0.0,0.0,0.0,0.0,11686.0,0.0,0.0,0.0,0.0,0.0,0.0,138696.0,0.0,0.0,0.0,0.0,0.0,0.0
S00151_PONTA,0, ,2684.0," ""GERAL""       ",21.0,712.0,45.0,275.0,5747.0,575.0,2027.0,2038.0,0.0,0.0,207.0,179.0,371.0,1032.0,125.0,351.0,68.0,158.0,303.0,875.0,24.0,101.0,4.0,367.0,4.0,0.0,4.0,0.0,0.0,0.0,0.0,0.0,371.0,0.0,0.0,0.0,0.0,0.0,0.0,4.0,0.0,0.0,0.0,0.0,0.0,0.0,64.0,0.0,0.0,0.0,0.0,0.0,0.0,303.0,0.0,0.0,0.0,0.0,0.0,0.0,5747.0,0.0,0.0,0.0,0.0,0.0,0.0
S00152_FORA_PONTA,0, ,2705.0," ""GERAL""       ",49631.0,3839.0,3956.0,3965.0,39350.0,4104.0,2680.0,2690.0,0.0,0.0,1439.0,1250.0,2292.0,5865.0,131.0,359.0,221.0,-102.0,2071.0,5967.0,35.0,100.0,83.0,2209.0,83.0,0.0,83.0,0.0,0.0,0.0,0.0,0.0,2292.0,0.0,0.0,0.0,0.0,0.0,0.0,83.0,0.0,0.0,0.0,0.0,0.0,0.0,138.0,0.0,0.0,0.0,0.0,0.0,0.0,2071.0,0.0,0.0,0.0,0.0,0.0,0.0,39350.0,0.0,0.0,0.0,0.0,0.0,0.0
S00153_PONTA,0, ,2708.0," ""GERAL""       ",0.0,644.0,0.0,245.0,5626.0,515.0,1977.0,1985.0,0.0,0.0,207.0,179.0,369.0,1025.0,125.0,351.0,65.0,149.0,303.0,875.0,24.0,101.0,3.0,365.0,3.0,0.0,3.0,0.0,0.0,0.0,0.0,0.0,369.0,0.0,0.0,0.0,0.0,0.0,0.0,3.0,0.0,0.0,0.0,0.0,0.0,0.0,62.0,0.0,0.0,0.0,0.0,0.0,0.0,303.0,0.0,0.0,0.0,0.0,0.0,0.0,5626.0,0.0,0.0,0.0,0.0,0.0,0.0
S00154_FORA_PONTA,0, ,2729.0," ""GERAL""       ",50116.0,3782.0,3963.0,3970.0,39833.0,4045.0,2906.0,2922.0,0.0,0.0,1439.0,1250.0,2294.0,5866.0,131.0,359.0,224.0,-100.0,2071.0,5966.0,34.0,100.0,85.0,2209.0,85.0,0.0,85.0,0.0,0.0,0.0,0.0,0.0,2294.0,0.0,0.0,0.0,0.0,0.0,0.0,85.0,0.0,0.0,0.0,0.0,0.0,0.0,138.0,0.0,0.0,0.0,0.0,0.0,0.0,2071.0,0.0,0.0,0.0,0.0,0.0,0.0,39833.0,0.0,0.0,0.0,0.0,0.0,0.0
S00155_PONTA,0, ,2732.0," ""GERAL""       ",400.0,922.0,254.0,429.0,6234.0,769.0,2235.0,2254.0,0.0,0.0,207.0,179.0,374.0,1046.0,126.0,354.0,72.0,174.0,302.0,872.0,25.0,101.0,5.0,370.0,5.0,0.0,5.0,0.0,0.0,0.0,0.0,0.0,374.0,0.0,0.0,0.0,0.0,0.0,0.0,5.0,0.0,0.0,0.0,0.0,0.0,0.0,67.0,0.0,0.0,0.0,0.0,0.0,0.0,302.0,0.0,0.0,0.0,0.0,0.0,0.0,6234.0,0.0,0.0,0.0,0.0,0.0,0.0
S00156_FORA_PONTA,0, ,2753.0," ""GERAL""       ",52347.0,4755.0,3938.0,3948.0,41697.0,4960.0,2924.0,2941.0,0.0,0.0,1438.0,1249.0,2308.0,5912.0,131.0,357.0,242.0,-40.0,2066.0,5952.0,34.0,100.0,95.0,2213.0,95.0,0.0,95.0,0.0,0.0,0.0,0.0,0.0,2308.0,0.0,0.0,0.0,0.0,0.0,0.0,95.0,0.0,0.0,0.0,0.0,0.0,0.0,147.0,0.0,0.0,0.0,0.0,0.0,0.0,2066.0,0.0,0.0,0.0,0.0,0.0,0.0,41697.0,0.0,0.0,0.0,0.0,0.0,0.0
S00157_PONTA,0, ,2756.0," ""GERAL""       ",0.0,722.0,0.0,294.0,5468.0,606.0,1980.0,1995.0,0.0,0.0,207.0,179.0,365.0,1011.0,125.0,350.0,62.0,136.0,303.0,875.0,24.0,101.0,3.0,362.0,3.0,0.0,3.0,0.0,0.0,0.0,0.0,0.0,365.0,0.0,0.0,0.0,0.0,0.0,0.0,3.0,0.0,0.0,0.0,0.0,0.0,0.0,59.0,0.0,0.0,0.0,0.0,0.0,0.0,303.0,0.0,0.0,0.0,0.0,0.0,0.0,5468.0,0.0,0.0,0.0,0.0,0.0,0.0
S00158_FORA_PONTA,0, ,2825.0," ""GERAL""       ",110947.0,9472.0,3857.0,3870.0,94694.0,11578.0,2484.0,2493.0,0.0,0.0,4743.0,4115.0,7203.0,18213.0,130.0,357.0,332.0,-1585.0,6871.0,19798.0,34.0,100.0,138.0,7065.0,138.0,0.0,138.0,0.0,0.0,0.0,0.0,0.0,7203.0,0.0,0.0,0.0,0.0,0.0,0.0,138.0,0.0,0.0,0.0,0.0,0.0,0.0,194.0,0.0,0.0,0.0,0.0,0.0,0.0,6871.0,0.0,0.0,0.0,0.0,0.0,0.0,94694.0,0.0,0.0,0.0,0.0,0.0,0.0
S00159_PONTA,0, ,2828.0," ""GERAL""       ",0.0,586.0,0.0,207.0,5545.0,464.0,1964.0,1970.0,0.0,0.0,207.0,179.0,367.0,1018.0,125.0,350.0,64.0,142.0,303.0,876.0,24.0,101.0,3.0,364.0,3.0,0.0,3.0,0.0,0.0,0.0,0.0,0.0,367.0,0.0,0.0,0.0,0.0,0.0,0.0,3.0,0.0,0.0,0.0,0.0,0.0,0.0,60.0,0.0,0.0,0.0,0.0,0.0,0.0,303.0,0.0,0.0,0.0,0.0,0.0,0.0,5545.0,0.0,0.0,0.0,0.0,0.0,0.0
S00160_FORA_PONTA,0, ,2849.0," ""GERAL""       ",48398.0,3502.0,3918.0,3925.0,38290.0,3790.0,2515.0,2528.0,0.0,0.0,1440.0,1250.0,2286.0,5849.0,131.0,358.0,213.0,-124.0,2073.0,5973.0,34.0,100.0,79.0,2207.0,79.0,0.0,79.0,0.0,0.0,0.0,0.0,0.0,2286.0,0.0,0.0,0.0,0.0,0.0,0.0,79.0,0.0,0.0,0.0,0.0,0.0,0.0,134.0,0.0,0.0,0.0,0.0,0.0,0.0,2073.0,0.0,0.0,0.0,0.0,0.0,0.0,38290.0,0.0,0.0,0.0,0.0,0.0,0.0
S00161_PONTA,0, ,2852.0," ""GERAL""       ",63.0,850.0,63.0,312.0,5906.0,699.0,2045.0,2059.0,0.0,0.0,207.0,179.0,374.0,1045.0,126.0,352.0,71.0,171.0,303.0,874.0,25.0,101.0,4.0,370.0,4.0,0.0,4.0,0.0,0.0,0.0,0.0,0.0,374.0,0.0,0.0,0.0,0.0,0.0,0.0,4.0,0.0,0.0,0.0,0.0,0.0,0.0,67.0,0.0,0.0,0.0,0.0,0.0,0.0,303.0,0.0,0.0,0.0,0.0,0.0,0.0,5906.0,0.0,0.0,0.0,0.0,0.0,0.0
S00162_FORA_PONTA,0, ,2873.0," ""GERAL""       ",48974.0,3722.0,3968.0,3976.0,38339.0,3982.0,2558.0,2566.0,0.0,0.0,1439.0,1250.0,2292.0,5873.0,131.0,359.0,220.0,-97.0,2072.0,5970.0,35.0,100.0,80.0,2212.0,80.0,0.0,80.0,0.0,0.0,0.0,0.0,0.0,2292.0,0.0,0.0,0.0,0.0,0.0,0.0,80.0,0.0,0.0,0.0,0.0,0.0,0.0,140.0,0.0,0.0,0.0,0.0,0.0,0.0,2072.0,0.0,0.0,0.0,0.0,0.0,0.0,38339.0,0.0,0.0,0.0,0.0,0.0,0.0
S00163_PONTA,0, ,2876.0," ""GERAL""       ",0.0,636.0,0.0,255.0,5398.0,527.0,1937.0,1946.0,0.0,0.0,207.0,179.0,364.0,1005.0,124.0,347.0,61.0,130.0,303.0,875.0,23.0,101.0,3.0,361.0,3.0,0.0,3.0,0.0,0.0,0.0,0.0,0.0,364.0,0.0,0.0,0.0,0.0,0.0,0.0,3.0,0.0,0.0,0.0,0.0,0.0,0.0,57.0,0.0,0.0,0.0,0.0,0.0,0.0,303.0,0.0,0.0,0.0,0.0,0.0,0.0,5398.0,0.0,0.0,0.0,0.0,0.0,0.0
S00164_FORA_PONTA,0, ,2921.0," ""GERAL""       ",66839.0,5461.0,3873.0,3882.0,53874.0,6792.0,1636.0,1646.0,0.0,0.0,3095.0,2685.0,4709.0,11941.0,131.0,357.0,220.0,-993.0,4489.0,12934.0,34.0,100.0,76.0,4633.0,76.0,0.0,76.0,0.0,0.0,0.0,0.0,0.0,4709.0,0.0,0.0,0.0,0.0,0.0,0.0,76.0,0.0,0.0,0.0,0.0,0.0,0.0,145.0,0.0,0.0,0.0,0.0,0.0,0.0,4489.0,0.0,0.0,0.0,0.0,0.0,0.0,53874.0,0.0,0.0,0.0,0.0,0.0,0.0
S00165_PONTA,0, ,2924.0," ""GERAL""       ",0.0,549.0,0.0,198.0,4251.0,526.0,1508.0,1518.0,0.0,0.0,207.0,180.0,343.0,919.0,116.0,313.0,39.0,43.0,304.0,876.0,15.0,101.0,2.0,340.0,2.0,0.0,2.0,0.0,0.0,0.0,0.0,0.0,343.0,0.0,0.0,0.0,0.0,0.0,0.0,2.0,0.0,0.0,0.0,0.0,0.0,0.0,37.0,0.0,0.0,0.0,0.0,0.0,0.0,304.0,0.0,0.0,0.0,0.0,0.0,0.0,4251.0,0.0,0.0,0.0,0.0,0.0,0.0
S00166_FORA_PONTA,0, ,2993.0," ""GERAL""       ",105495.0,8198.0,3551.0,3559.0,90659.0,10401.0,2936.0,2945.0,0.0,0.0,4745.0,4116.0,7181.0,18140.0,129.0,354.0,302.0,-1685.0,6880.0,19825.0,32.0,100.0,128.0,7053.0,128.0,0.0,128.0,0.0,0.0,0.0,0.0,0.0,7181.0,0.0,0.0,0.0,0.0,0.0,0.0,128.0,0.0,0.0,0.0,0.0,0.0,0.0,174.0,0.0,0.0,0.0,0.0,0.0,0.0,6880.0,0.0,0.0,0.0,0.0,0.0,0.0,90659.0,0.0,0.0,0.0,0.0,0.0,0.0
S00167_PONTA,0, ,2996.0," ""GERAL""       ",120.0,730.0,119.0,299.0,5963.0,580.0,2101.0,2112.0,0.0,0.0,207.0,179.0,374.0,1044.0,125.0,352.0,71.0,170.0,303.0,874.0,24.0,101.0,3.0,370.0,3.0,0.0,3.0,0.0,0.0,0.0,0.0,0.0,374.0,0.0,0.0,0.0,0.0,0.0,0.0,3.0,0.0,0.0,0.0,0.0,0.0,0.0,67.0,0.0,0.0,0.0,0.0,0.0,0.0,303.0,0.0,0.0,0.0,0.0,0.0,0.0,5963.0,0.0,0.0,0.0,0.0,0.0,0.0
S00168_FORA_PONTA,0, ,3017.0," ""GERAL""       ",55614.0,5122.0,4051.0,4060.0,44946.0,5270.0,3632.0,3645.0,0.0,0.0,1437.0,1248.0,2326.0,5956.0,131.0,359.0,265.0,17.0,2061.0,5939.0,35.0,100.0,105.0,2221.0,105.0,0.0,105.0,0.0,0.0,0.0,0.0,0.0,2326.0,0.0,0.0,0.0,0.0,0.0,0.0,105.0,0.0,0.0,0.0,0.0,0.0,0.0,160.0,0.0,0.0,0.0,0.0,0.0,0.0,2061.0,0.0,0.0,0.0,0.0,0.0,0.0,44946.0,0.0,0.0,0.0,0.0,0.0,0.0
S00169_PONTA,0, ,3020.0," ""GERAL""       ",415.0,837.0,296.0,391.0,6345.0,678.0,2278.0,2286.0,0.0,0.0,207.0,179.0,376.0,1053.0,126.0,353.0,73.0,181.0,302.0,873.0,25.0,101.0,4.0,372.0,4.0,0.0,4.0,0.0,0.0,0.0,0.0,0.0,376.0,0.0,0.0,0.0,0.0,0.0,0.0,4.0,0.0,0.0,0.0,0.0,0.0,0.0,70.0,0.0,0.0,0.0,0.0,0.0,0.0,302.0,0.0,0.0,0.0,0.0,0.0,0.0,6345.0,0.0,0.0,0.0,0.0,0.0,0.0
S00170_FORA_PONTA,0, ,3041.0," ""GERAL""       ",55482.0,4476.0,4177.0,4192.0,44817.0,4641.0,3196.0,3208.0,0.0,0.0,1437.0,1249.0,2323.0,5944.0,132.0,360.0,260.0,1.0,2063.0,5944.0,36.0,100.0,103.0,2220.0,103.0,0.0,103.0,0.0,0.0,0.0,0.0,0.0,2323.0,0.0,0.0,0.0,0.0,0.0,0.0,103.0,0.0,0.0,0.0,0.0,0.0,0.0,157.0,0.0,0.0,0.0,0.0,0.0,0.0,2063.0,0.0,0.0,0.0,0.0,0.0,0.0,44817.0,0.0,0.0,0.0,0.0,0.0,0.0
S00171_PONTA,0, ,3044.0," ""GERAL""       ",391.0,855.0,270.0,398.0,6300.0,694.0,2252.0,2264.0,0.0,0.0,207.0,179.0,376.0,1054.0,126.0,355.0,74.0,182.0,302.0,873.0,26.0,101.0,4.0,372.0,4.0,0.0,4.0,0.0,0.0,0.0,0.0,0.0,376.0,0.0,0.0,0.0,0.0,0.0,0.0,4.0,0.0,0.0,0.0,0.0,0.0,0.0,69.0,0.0,0.0,0.0,0.0,0.0,0.0,302.0,0.0,0.0,0.0,0.0,0.0,0.0,6300.0,0.0,0.0,0.0,0.0,0.0,0.0
S00172_FORA_PONTA,0, ,3065.0," ""GERAL""       ",57413.0,5239.0,4096.0,4107.0,46737.0,5371.0,3421.0,3435.0,0.0,0.0,1436.0,1248.0,2333.0,5967.0,131.0,359.0,274.0,35.0,2059.0,5932.0,35.0,100.0,113.0,2220.0,113.0,0.0,113.0,0.0,0.0,0.0,0.0,0.0,2333.0,0.0,0.0,0.0,0.0,0.0,0.0,113.0,0.0,0.0,0.0,0.0,0.0,0.0,161.0,0.0,0.0,0.0,0.0,0.0,0.0,2059.0,0.0,0.0,0.0,0.0,0.0,0.0,46737.0,0.0,0.0,0.0,0.0,0.0,0.0
S00173_PONTA,0, ,3068.0," ""GERAL""       ",197.0,790.0,216.0,371.0,6006.0,638.0,2197.0,2211.0,0.0,0.0,207.0,179.0,374.0,1046.0,126.0,354.0,72.0,173.0,303.0,873.0,25.0,101.0,4.0,370.0,4.0,0.0,4.0,0.0,0.0,0.0,0.0,0.0,374.0,0.0,0.0,0.0,0.0,0.0,0.0,4.0,0.0,0.0,0.0,0.0,0.0,0.0,67.0,0.0,0.0,0.0,0.0,0.0,0.0,303.0,0.0,0.0,0.0,0.0,0.0,0.0,6006.0,0.0,0.0,0.0,0.0,0.0,0.0
S00174_FORA_PONTA,0, ,3089.0," ""GERAL""       ",49285.0,3044.0,3983.0,3991.0,38823.0,3298.0,2641.0,2645.0,0.0,0.0,1439.0,1250.0,2299.0,5883.0,132.0,360.0,226.0,-91.0,2073.0,5973.0,35.0,100.0,84.0,2215.0,84.0,0.0,84.0,0.0,0.0,0.0,0.0,0.0,2299.0,0.0,0.0,0.0,0.0,0.0,0.0,84.0,0.0,0.0,0.0,0.0,0.0,0.0,142.0,0.0,0.0,0.0,0.0,0.0,0.0,2073.0,0.0,0.0,0.0,0.0,0.0,0.0,38823.0,0.0,0.0,0.0,0.0,0.0,0.0
S00175_PONTA,0, ,3092.0," ""GERAL""       ",0.0,642.0,0.0,243.0,5365.0,535.0,1915.0,1924.0,0.0,0.0,207.0,179.0,364.0,1003.0,124.0,346.0,60.0,128.0,303.0,875.0,23.0,101.0,3.0,360.0,3.0,0.0,3.0,0.0,0.0,0.0,0.0,0.0,364.0,0.0,0.0,0.0,0.0,0.0,0.0,3.0,0.0,0.0,0.0,0.0,0.0,0.0,57.0,0.0,0.0,0.0,0.0,0.0,0.0,303.0,0.0,0.0,0.0,0.0,0.0,0.0,5365.0,0.0,0.0,0.0,0.0,0.0,0.0
S00176_FORA_PONTA,0, ,3161.0," ""GERAL""       ",106362.0,9305.0,3724.0,3730.0,90306.0,11469.0,2368.0,2376.0,0.0,0.0,4744.0,4116.0,7186.0,18169.0,130.0,355.0,310.0,-1645.0,6876.0,19815.0,32.0,100.0,126.0,7060.0,126.0,0.0,126.0,0.0,0.0,0.0,0.0,0.0,7186.0,0.0,0.0,0.0,0.0,0.0,0.0,126.0,0.0,0.0,0.0,0.0,0.0,0.0,184.0,0.0,0.0,0.0,0.0,0.0,0.0,6876.0,0.0,0.0,0.0,0.0,0.0,0.0,90306.0,0.0,0.0,0.0,0.0,0.0,0.0
S00177_PONTA,0, ,3164.0," ""GERAL""       ",0.0,616.0,0.0,225.0,5617.0,486.0,1960.0,1965.0,0.0,0.0,207.0,179.0,369.0,1025.0,125.0,349.0,65.0,150.0,303.0,875.0,24.0,101.0,3.0,366.0,3.0,0.0,3.0,0.0,0.0,0.0,0.0,0.0,369.0,0.0,0.0,0.0,0.0,0.0,0.0,3.0,0.0,0.0,0.0,0.0,0.0,0.0,62.0,0.0,0.0,0.0,0.0,0.0,0.0,303.0,0.0,0.0,0.0,0.0,0.0,0.0,5617.0,0.0,0.0,0.0,0.0,0.0,0.0
S00178_FORA_PONTA,0, ,3185.0," ""GERAL""       ",49663.0,3236.0,3985.0,3993.0,39382.0,3504.0,2616.0,2621.0,0.0,0.0,1439.0,1250.0,2293.0,5866.0,131.0,360.0,220.0,-105.0,2073.0,5971.0,35.0,100.0,82.0,2210.0,82.0,0.0,82.0,0.0,0.0,0.0,0.0,0.0,2293.0,0.0,0.0,0.0,0.0,0.0,0.0,82.0,0.0,0.0,0.0,0.0,0.0,0.0,138.0,0.0,0.0,0.0,0.0,0.0,0.0,2073.0,0.0,0.0,0.0,0.0,0.0,0.0,39382.0,0.0,0.0,0.0,0.0,0.0,0.0
S00179_PONTA,0, ,3188.0," ""GERAL""       ",51.0,699.0,84.0,268.0,5739.0,563.0,2066.0,2075.0,0.0,0.0,207.0,179.0,370.0,1031.0,126.0,353.0,67.0,156.0,303.0,875.0,25.0,101.0,3.0,367.0,3.0,0.0,3.0,0.0,0.0,0.0,0.0,0.0,370.0,0.0,0.0,0.0,0.0,0.0,0.0,3.0,0.0,0.0,0.0,0.0,0.0,0.0,64.0,0.0,0.0,0.0,0.0,0.0,0.0,303.0,0.0,0.0,0.0,0.0,0.0,0.0,5739.0,0.0,0.0,0.0,0.0,0.0,0.0
S00180_FORA_PONTA,0, ,3209.0," ""GERAL""       ",52238.0,4111.0,3955.0,3964.0,41944.0,4330.0,3164.0,3173.0,0.0,0.0,1438.0,1249.0,2305.0,5902.0,131.0,359.0,238.0,-55.0,2068.0,5957.0,34.0,100.0,92.0,2214.0,92.0,0.0,92.0,0.0,0.0,0.0,0.0,0.0,2305.0,0.0,0.0,0.0,0.0,0.0,0.0,92.0,0.0,0.0,0.0,0.0,0.0,0.0,146.0,0.0,0.0,0.0,0.0,0.0,0.0,2068.0,0.0,0.0,0.0,0.0,0.0,0.0,41944.0,0.0,0.0,0.0,0.0,0.0,0.0
S00181_PONTA,0, ,3212.0," ""GERAL""       ",504.0,840.0,297.0,410.0,6441.0,678.0,2278.0,2290.0,0.0,0.0,207.0,179.0,376.0,1055.0,126.0,353.0,74.0,183.0,302.0,872.0,25.0,101.0,4.0,372.0,4.0,0.0,4.0,0.0,0.0,0.0,0.0,0.0,376.0,0.0,0.0,0.0,0.0,0.0,0.0,4.0,0.0,0.0,0.0,0.0,0.0,0.0,70.0,0.0,0.0,0.0,0.0,0.0,0.0,302.0,0.0,0.0,0.0,0.0,0.0,0.0,6441.0,0.0,0.0,0.0,0.0,0.0,0.0
S00182_FORA_PONTA,0, ,3233.0," ""GERAL""       ",54863.0,4311.0,4144.0,4156.0,44199.0,4477.0,3470.0,3480.0,0.0,0.0,1437.0,1249.0,2322.0,5946.0,132.0,359.0,257.0,-1.0,2064.0,5947.0,35.0,100.0,99.0,2222.0,99.0,0.0,99.0,0.0,0.0,0.0,0.0,0.0,2322.0,0.0,0.0,0.0,0.0,0.0,0.0,99.0,0.0,0.0,0.0,0.0,0.0,0.0,158.0,0.0,0.0,0.0,0.0,0.0,0.0,2064.0,0.0,0.0,0.0,0.0,0.0,0.0,44199.0,0.0,0.0,0.0,0.0,0.0,0.0
S00183_PONTA,0, ,3236.0," ""GERAL""       ",313.0,710.0,245.0,370.0,6168.0,556.0,2226.0,2237.0,0.0,0.0,207.0,179.0,375.0,1049.0,126.0,354.0,72.0,175.0,303.0,874.0,25.0,101.0,4.0,371.0,4.0,0.0,4.0,0.0,0.0,0.0,0.0,0.0,375.0,0.0,0.0,0.0,0.0,0.0,0.0,4.0,0.0,0.0,0.0,0.0,0.0,0.0,68.0,0.0,0.0,0.0,0.0,0.0,0.0,303.0,0.0,0.0,0.0,0.0,0.0,0.0,6168.0,0.0,0.0,0.0,0.0,0.0,0.0
S00184_FORA_PONTA,0, ,3257.0," ""GERAL""       ",51815.0,4287.0,4007.0,4016.0,41169.0,4509.0,2939.0,2948.0,0.0,0.0,1438.0,1249.0,2303.0,5899.0,131.0,358.0,235.0,-58.0,2068.0,5957.0,34.0,100.0,88.0,2215.0,88.0,0.0,88.0,0.0,0.0,0.0,0.0,0.0,2303.0,0.0,0.0,0.0,0.0,0.0,0.0,88.0,0.0,0.0,0.0,0.0,0.0,0.0,147.0,0.0,0.0,0.0,0.0,0.0,0.0,2068.0,0.0,0.0,0.0,0.0,0.0,0.0,41169.0,0.0,0.0,0.0,0.0,0.0,0.0
S00185_PONTA,0, ,3260.0," ""GERAL""       ",21.0,811.0,48.0,289.0,5700.0,678.0,2029.0,2042.0,0.0,0.0,207.0,179.0,369.0,1028.0,125.0,351.0,66.0,154.0,303.0,874.0,24.0,101.0,3.0,366.0,3.0,0.0,3.0,0.0,0.0,0.0,0.0,0.0,369.0,0.0,0.0,0.0,0.0,0.0,0.0,3.0,0.0,0.0,0.0,0.0,0.0,0.0,63.0,0.0,0.0,0.0,0.0,0.0,0.0,303.0,0.0,0.0,0.0,0.0,0.0,0.0,5700.0,0.0,0.0,0.0,0.0,0.0,0.0
S00186_FORA_PONTA,0, ,3329.0," ""GERAL""       ",111847.0,8833.0,3922.0,3934.0,95424.0,10927.0,2593.0,2605.0,0.0,0.0,4743.0,4115.0,7207.0,18226.0,130.0,357.0,336.0,-1574.0,6871.0,19800.0,34.0,100.0,139.0,7068.0,139.0,0.0,139.0,0.0,0.0,0.0,0.0,0.0,7207.0,0.0,0.0,0.0,0.0,0.0,0.0,139.0,0.0,0.0,0.0,0.0,0.0,0.0,196.0,0.0,0.0,0.0,0.0,0.0,0.0,6871.0,0.0,0.0,0.0,0.0,0.0,0.0,95424.0,0.0,0.0,0.0,0.0,0.0,0.0
S00187_PONTA,0, ,3332.0," ""GERAL""       ",92.0,674.0,71.0,244.0,5924.0,527.0,2053.0,2061.0,0.0,0.0,207.0,179.0,373.0,1043.0,125.0,351.0,70.0,168.0,303.0,875.0,24.0,101.0,4.0,370.0,4.0,0.0,4.0,0.0,0.0,0.0,0.0,0.0,373.0,0.0,0.0,0.0,0.0,0.0,0.0,4.0,0.0,0.0,0.0,0.0,0.0,0.0,66.0,0.0,0.0,0.0,0.0,0.0,0.0,303.0,0.0,0.0,0.0,0.0,0.0,0.0,5924.0,0.0,0.0,0.0,0.0,0.0,0.0
S00188_FORA_PONTA,0, ,3353.0," ""GERAL""       ",49271.0,2954.0,3978.0,3987.0,38635.0,3217.0,2689.0,2695.0,0.0,0.0,1440.0,1250.0,2294.0,5874.0,131.0,358.0,220.0,-100.0,2074.0,5974.0,34.0,100.0,80.0,2214.0,80.0,0.0,80.0,0.0,0.0,0.0,0.0,0.0,2294.0,0.0,0.0,0.0,0.0,0.0,0.0,80.0,0.0,0.0,0.0,0.0,0.0,0.0,140.0,0.0,0.0,0.0,0.0,0.0,0.0,2074.0,0.0,0.0,0.0,0.0,0.0,0.0,38635.0,0.0,0.0,0.0,0.0,0.0,0.0
S00189_PONTA,0, ,3356.0," ""GERAL""       ",0.0,565.0,0.0,206.0,5566.0,441.0,1973.0,1978.0,0.0,0.0,207.0,180.0,368.0,1020.0,125.0,350.0,64.0,144.0,304.0,876.0,24.0,101.0,3.0,364.0,3.0,0.0,3.0,0.0,0.0,0.0,0.0,0.0,368.0,0.0,0.0,0.0,0.0,0.0,0.0,3.0,0.0,0.0,0.0,0.0,0.0,0.0,61.0,0.0,0.0,0.0,0.0,0.0,0.0,304.0,0.0,0.0,0.0,0.0,0.0,0.0,5566.0,0.0,0.0,0.0,0.0,0.0,0.0
S00190_FORA_PONTA,0, ,3377.0," ""GERAL""       ",49361.0,3129.0,3924.0,3930.0,39250.0,3401.0,2661.0,2665.0,0.0,0.0,1439.0,1250.0,2289.0,5864.0,131.0,358.0,216.0,-109.0,2073.0,5973.0,34.0,100.0,80.0,2209.0,80.0,0.0,80.0,0.0,0.0,0.0,0.0,0.0,2289.0,0.0,0.0,0.0,0.0,0.0,0.0,80.0,0.0,0.0,0.0,0.0,0.0,0.0,136.0,0.0,0.0,0.0,0.0,0.0,0.0,2073.0,0.0,0.0,0.0,0.0,0.0,0.0,39250.0,0.0,0.0,0.0,0.0,0.0,0.0
S00191_PONTA,0, ,3380.0," ""GERAL""       ",3.0,617.0,7.0,227.0,5702.0,480.0,1989.0,1993.0,0.0,0.0,207.0,179.0,371.0,1032.0,125.0,351.0,67.0,157.0,303.0,875.0,24.0,101.0,3.0,367.0,3.0,0.0,3.0,0.0,0.0,0.0,0.0,0.0,371.0,0.0,0.0,0.0,0.0,0.0,0.0,3.0,0.0,0.0,0.0,0.0,0.0,0.0,64.0,0.0,0.0,0.0,0.0,0.0,0.0,303.0,0.0,0.0,0.0,0.0,0.0,0.0,5702.0,0.0,0.0,0.0,0.0,0.0,0.0
S00192_FORA_PONTA,0, ,3401.0," ""GERAL""       ",47322.0,3596.0,3957.0,3965.0,37051.0,3895.0,2398.0,2406.0,0.0,0.0,1440.0,1250.0,2282.0,5840.0,131.0,359.0,208.0,-137.0,2074.0,5976.0,34.0,100.0,75.0,2207.0,75.0,0.0,75.0,0.0,0.0,0.0,0.0,0.0,2282.0,0.0,0.0,0.0,0.0,0.0,0.0,75.0,0.0,0.0,0.0,0.0,0.0,0.0,133.0,0.0,0.0,0.0,0.0,0.0,0.0,2074.0,0.0,0.0,0.0,0.0,0.0,0.0,37051.0,0.0,0.0,0.0,0.0,0.0,0.0
S00193_PONTA,0, ,3404.0," ""GERAL""       ",0.0,510.0,0.0,206.0,5563.0,385.0,1949.0,1956.0,0.0,0.0,207.0,180.0,368.0,1022.0,125.0,349.0,64.0,146.0,304.0,876.0,23.0,101.0,3.0,365.0,3.0,0.0,3.0,0.0,0.0,0.0,0.0,0.0,368.0,0.0,0.0,0.0,0.0,0.0,0.0,3.0,0.0,0.0,0.0,0.0,0.0,0.0,61.0,0.0,0.0,0.0,0.0,0.0,0.0,304.0,0.0,0.0,0.0,0.0,0.0,0.0,5563.0,0.0,0.0,0.0,0.0,0.0,0.0
S00194_FORA_PONTA,0, ,3425.0," ""GERAL""       ",47462.0,2738.0,3925.0,3929.0,37190.0,3039.0,2516.0,2521.0,0.0,0.0,1440.0,1251.0,2284.0,5842.0,131.0,358.0,208.0,-139.0,2076.0,5982.0,34.0,100.0,75.0,2209.0,75.0,0.0,75.0,0.0,0.0,0.0,0.0,0.0,2284.0,0.0,0.0,0.0,0.0,0.0,0.0,75.0,0.0,0.0,0.0,0.0,0.0,0.0,132.0,0.0,0.0,0.0,0.0,0.0,0.0,2076.0,0.0,0.0,0.0,0.0,0.0,0.0,37190.0,0.0,0.0,0.0,0.0,0.0,0.0
S00195_PONTA,0, ,3428.0," ""GERAL""       ",0.0,476.0,0.0,186.0,5363.0,370.0,1894.0,1898.0,0.0,0.0,207.0,180.0,364.0,1003.0,123.0,343.0,60.0,127.0,304.0,876.0,22.0,101.0,3.0,360.0,3.0,0.0,3.0,0.0,0.0,0.0,0.0,0.0,364.0,0.0,0.0,0.0,0.0,0.0,0.0,3.0,0.0,0.0,0.0,0.0,0.0,0.0,57.0,0.0,0.0,0.0,0.0,0.0,0.0,304.0,0.0,0.0,0.0,0.0,0.0,0.0,5363.0,0.0,0.0,0.0,0.0,0.0,0.0
S00196_FORA_PONTA,0, ,3497.0," ""GERAL""       ",115655.0,7375.0,3849.0,3854.0,99548.0,9392.0,2773.0,2779.0,0.0,0.0,4743.0,4115.0,7237.0,18299.0,130.0,357.0,367.0,-1498.0,6870.0,19797.0,33.0,100.0,158.0,7079.0,158.0,0.0,158.0,0.0,0.0,0.0,0.0,0.0,7237.0,0.0,0.0,0.0,0.0,0.0,0.0,158.0,0.0,0.0,0.0,0.0,0.0,0.0,209.0,0.0,0.0,0.0,0.0,0.0,0.0,6870.0,0.0,0.0,0.0,0.0,0.0,0.0,99548.0,0.0,0.0,0.0,0.0,0.0,0.0
S00197_PONTA,0, ,3500.0," ""GERAL""       ",185.0,656.0,147.0,268.0,5996.0,508.0,2128.0,2135.0,0.0,0.0,207.0,179.0,373.0,1043.0,126.0,353.0,70.0,168.0,303.0,875.0,25.0,101.0,4.0,370.0,4.0,0.0,4.0,0.0,0.0,0.0,0.0,0.0,373.0,0.0,0.0,0.0,0.0,0.0,0.0,4.0,0.0,0.0,0.0,0.0,0.0,0.0,66.0,0.0,0.0,0.0,0.0,0.0,0.0,303.0,0.0,0.0,0.0,0.0,0.0,0.0,5996.0,0.0,0.0,0.0,0.0,0.0,0.0
S00198_FORA_PONTA,0, ,3521.0," ""GERAL""       ",52379.0,3278.0,4037.0,4045.0,41907.0,3494.0,2900.0,2905.0,0.0,0.0,1439.0,1250.0,2310.0,5909.0,132.0,360.0,240.0,-53.0,2069.0,5962.0,35.0,100.0,93.0,2217.0,93.0,0.0,93.0,0.0,0.0,0.0,0.0,0.0,2310.0,0.0,0.0,0.0,0.0,0.0,0.0,93.0,0.0,0.0,0.0,0.0,0.0,0.0,147.0,0.0,0.0,0.0,0.0,0.0,0.0,2069.0,0.0,0.0,0.0,0.0,0.0,0.0,41907.0,0.0,0.0,0.0,0.0,0.0,0.0
S00199_PONTA,0, ,3524.0," ""GERAL""       ",177.0,598.0,195.0,291.0,6036.0,441.0,2176.0,2181.0,0.0,0.0,207.0,179.0,376.0,1053.0,126.0,354.0,73.0,178.0,303.0,875.0,25.0,101.0,4.0,372.0,4.0,0.0,4.0,0.0,0.0,0.0,0.0,0.0,376.0,0.0,0.0,0.0,0.0,0.0,0.0,4.0,0.0,0.0,0.0,0.0,0.0,0.0,68.0,0.0,0.0,0.0,0.0,0.0,0.0,303.0,0.0,0.0,0.0,0.0,0.0,0.0,6036.0,0.0,0.0,0.0,0.0,0.0,0.0
S00200_FORA_PONTA,0, ,3545.0," ""GERAL""       ",53677.0,3367.0,4060.0,4066.0,43009.0,3531.0,3060.0,3065.0,0.0,0.0,1438.0,1249.0,2325.0,5958.0,132.0,361.0,258.0,1.0,2067.0,5957.0,36.0,100.0,101.0,2225.0,101.0,0.0,101.0,0.0,0.0,0.0,0.0,0.0,2325.0,0.0,0.0,0.0,0.0,0.0,0.0,101.0,0.0,0.0,0.0,0.0,0.0,0.0,157.0,0.0,0.0,0.0,0.0,0.0,0.0,2067.0,0.0,0.0,0.0,0.0,0.0,0.0,43009.0,0.0,0.0,0.0,0.0,0.0,0.0
S00201_PONTA,0, ,3548.0," ""GERAL""       ",611.0,565.0,402.0,457.0,6550.0,394.0,2382.0,2387.0,0.0,0.0,207.0,179.0,379.0,1066.0,127.0,358.0,77.0,192.0,303.0,874.0,26.0,101.0,5.0,374.0,5.0,0.0,5.0,0.0,0.0,0.0,0.0,0.0,379.0,0.0,0.0,0.0,0.0,0.0,0.0,5.0,0.0,0.0,0.0,0.0,0.0,0.0,71.0,0.0,0.0,0.0,0.0,0.0,0.0,303.0,0.0,0.0,0.0,0.0,0.0,0.0,6550.0,0.0,0.0,0.0,0.0,0.0,0.0
S00202_FORA_PONTA,0, ,3569.0," ""GERAL""       ",60203.0,3104.0,4212.0,4218.0,49497.0,3157.0,3589.0,3593.0,0.0,0.0,1437.0,1249.0,2364.0,6049.0,134.0,365.0,303.0,111.0,2061.0,5938.0,37.0,100.0,131.0,2233.0,131.0,0.0,131.0,0.0,0.0,0.0,0.0,0.0,2364.0,0.0,0.0,0.0,0.0,0.0,0.0,131.0,0.0,0.0,0.0,0.0,0.0,0.0,172.0,0.0,0.0,0.0,0.0,0.0,0.0,2061.0,0.0,0.0,0.0,0.0,0.0,0.0,49497.0,0.0,0.0,0.0,0.0,0.0,0.0
S00203_PONTA,0, ,3572.0," ""GERAL""       ",1575.0,681.0,733.0,769.0,7512.0,492.0,2711.0,2716.0,0.0,0.0,207.0,179.0,384.0,1080.0,129.0,364.0,82.0,210.0,302.0,870.0,29.0,101.0,8.0,376.0,8.0,0.0,8.0,0.0,0.0,0.0,0.0,0.0,384.0,0.0,0.0,0.0,0.0,0.0,0.0,8.0,0.0,0.0,0.0,0.0,0.0,0.0,74.0,0.0,0.0,0.0,0.0,0.0,0.0,302.0,0.0,0.0,0.0,0.0,0.0,0.0,7512.0,0.0,0.0,0.0,0.0,0.0,0.0
S00204_FORA_PONTA,0, ,3593.0," ""GERAL""       ",60470.0,3851.0,4240.0,4247.0,49766.0,3901.0,3718.0,3726.0,0.0,0.0,1436.0,1248.0,2361.0,6046.0,133.0,363.0,303.0,114.0,2059.0,5932.0,37.0,100.0,131.0,2230.0,131.0,0.0,131.0,0.0,0.0,0.0,0.0,0.0,2361.0,0.0,0.0,0.0,0.0,0.0,0.0,131.0,0.0,0.0,0.0,0.0,0.0,0.0,171.0,0.0,0.0,0.0,0.0,0.0,0.0,2059.0,0.0,0.0,0.0,0.0,0.0,0.0,49766.0,0.0,0.0,0.0,0.0,0.0,0.0
S00205_PONTA,0, ,3596.0," ""GERAL""       ",304.0,568.0,502.0,547.0,6035.0,422.0,2482.0,2487.0,0.0,0.0,207.0,179.0,373.0,1042.0,127.0,358.0,70.0,167.0,303.0,875.0,27.0,101.0,4.0,369.0,4.0,0.0,4.0,0.0,0.0,0.0,0.0,0.0,373.0,0.0,0.0,0.0,0.0,0.0,0.0,4.0,0.0,0.0,0.0,0.0,0.0,0.0,66.0,0.0,0.0,0.0,0.0,0.0,0.0,303.0,0.0,0.0,0.0,0.0,0.0,0.0,6035.0,0.0,0.0,0.0,0.0,0.0,0.0
S00206_FORA_PONTA,0, ,3665.0," ""GERAL""       ",124080.0,6601.0,4401.0,4407.0,107525.0,8326.0,4257.0,4262.0,0.0,0.0,4105.0,3564.0,7340.0,18569.0,132.0,360.0,477.0,-1206.0,6862.0,19775.0,35.0,102.0,222.0,7117.0,222.0,0.0,222.0,0.0,0.0,0.0,0.0,0.0,7340.0,0.0,0.0,0.0,0.0,0.0,0.0,222.0,0.0,0.0,0.0,0.0,0.0,0.0,255.0,0.0,0.0,0.0,0.0,0.0,0.0,6862.0,0.0,0.0,0.0,0.0,0.0,0.0,107525.0,0.0,0.0,0.0,0.0,0.0,0.0
S00207_PONTA,0, ,3668.0," ""GERAL""       ",1426.0,605.0,785.0,815.0,7364.0,420.0,2764.0,2768.0,0.0,0.0,207.0,179.0,382.0,1078.0,128.0,361.0,81.0,206.0,302.0,871.0,28.0,101.0,6.0,376.0,6.0,0.0,6.0,0.0,0.0,0.0,0.0,0.0,382.0,0.0,0.0,0.0,0.0,0.0,0.0,6.0,0.0,0.0,0.0,0.0,0.0,0.0,74.0,0.0,0.0,0.0,0.0,0.0,0.0,302.0,0.0,0.0,0.0,0.0,0.0,0.0,7364.0,0.0,0.0,0.0,0.0,0.0,0.0
S00208_FORA_PONTA,0, ,3689.0," ""GERAL""       ",63049.0,3330.0,4425.0,4432.0,52337.0,3345.0,3828.0,3835.0,0.0,0.0,1436.0,1248.0,2377.0,6077.0,135.0,368.0,320.0,150.0,2057.0,5927.0,39.0,100.0,139.0,2238.0,139.0,0.0,139.0,0.0,0.0,0.0,0.0,0.0,2377.0,0.0,0.0,0.0,0.0,0.0,0.0,139.0,0.0,0.0,0.0,0.0,0.0,0.0,181.0,0.0,0.0,0.0,0.0,0.0,0.0,2057.0,0.0,0.0,0.0,0.0,0.0,0.0,52337.0,0.0,0.0,0.0,0.0,0.0,0.0
S00209_PONTA,0, ,3692.0," ""GERAL""       ",959.0,692.0,543.0,591.0,6900.0,515.0,2523.0,2529.0,0.0,0.0,207.0,179.0,380.0,1070.0,127.0,359.0,78.0,198.0,302.0,872.0,27.0,101.0,6.0,375.0,6.0,0.0,6.0,0.0,0.0,0.0,0.0,0.0,380.0,0.0,0.0,0.0,0.0,0.0,0.0,6.0,0.0,0.0,0.0,0.0,0.0,0.0,73.0,0.0,0.0,0.0,0.0,0.0,0.0,302.0,0.0,0.0,0.0,0.0,0.0,0.0,6900.0,0.0,0.0,0.0,0.0,0.0,0.0
S00210_FORA_PONTA,0, ,3713.0," ""GERAL""       ",56846.0,3444.0,4337.0,4346.0,46170.0,3582.0,3429.0,3437.0,0.0,0.0,1437.0,1249.0,2334.0,5973.0,134.0,366.0,270.0,26.0,2064.0,5946.0,38.0,100.0,110.0,2224.0,110.0,0.0,110.0,0.0,0.0,0.0,0.0,0.0,2334.0,0.0,0.0,0.0,0.0,0.0,0.0,110.0,0.0,0.0,0.0,0.0,0.0,0.0,160.0,0.0,0.0,0.0,0.0,0.0,0.0,2064.0,0.0,0.0,0.0,0.0,0.0,0.0,46170.0,0.0,0.0,0.0,0.0,0.0,0.0
S00211_PONTA,0, ,3716.0," ""GERAL""       ",361.0,631.0,216.0,304.0,6277.0,470.0,2197.0,2202.0,0.0,0.0,207.0,179.0,377.0,1056.0,126.0,354.0,74.0,182.0,303.0,874.0,25.0,101.0,4.0,372.0,4.0,0.0,4.0,0.0,0.0,0.0,0.0,0.0,377.0,0.0,0.0,0.0,0.0,0.0,0.0,4.0,0.0,0.0,0.0,0.0,0.0,0.0,69.0,0.0,0.0,0.0,0.0,0.0,0.0,303.0,0.0,0.0,0.0,0.0,0.0,0.0,6277.0,0.0,0.0,0.0,0.0,0.0,0.0
S00212_FORA_PONTA,0, ,3737.0," ""GERAL""       ",53383.0,3295.0,4142.0,4148.0,42725.0,3490.0,3020.0,3026.0,0.0,0.0,1438.0,1249.0,2315.0,5928.0,132.0,362.0,247.0,-30.0,2068.0,5959.0,36.0,100.0,95.0,2220.0,95.0,0.0,95.0,0.0,0.0,0.0,0.0,0.0,2315.0,0.0,0.0,0.0,0.0,0.0,0.0,95.0,0.0,0.0,0.0,0.0,0.0,0.0,152.0,0.0,0.0,0.0,0.0,0.0,0.0,2068.0,0.0,0.0,0.0,0.0,0.0,0.0,42725.0,0.0,0.0,0.0,0.0,0.0,0.0
S00213_PONTA,0, ,3740.0," ""GERAL""       ",277.0,621.0,223.0,302.0,6164.0,465.0,2204.0,2209.0,0.0,0.0,207.0,179.0,376.0,1052.0,126.0,353.0,73.0,177.0,303.0,875.0,25.0,101.0,4.0,371.0,4.0,0.0,4.0,0.0,0.0,0.0,0.0,0.0,376.0,0.0,0.0,0.0,0.0,0.0,0.0,4.0,0.0,0.0,0.0,0.0,0.0,0.0,68.0,0.0,0.0,0.0,0.0,0.0,0.0,303.0,0.0,0.0,0.0,0.0,0.0,0.0,6164.0,0.0,0.0,0.0,0.0,0.0,0.0
S00214_FORA_PONTA,0, ,3761.0," ""GERAL""       ",50942.0,3159.0,4094.0,4100.0,40299.0,3400.0,2780.0,2783.0,0.0,0.0,1439.0,1250.0,2301.0,5890.0,132.0,361.0,230.0,-77.0,2071.0,5968.0,36.0,100.0,86.0,2215.0,86.0,0.0,86.0,0.0,0.0,0.0,0.0,0.0,2301.0,0.0,0.0,0.0,0.0,0.0,0.0,86.0,0.0,0.0,0.0,0.0,0.0,0.0,144.0,0.0,0.0,0.0,0.0,0.0,0.0,2071.0,0.0,0.0,0.0,0.0,0.0,0.0,40299.0,0.0,0.0,0.0,0.0,0.0,0.0
S00215_PONTA,0, ,3764.0," ""GERAL""       ",9.0,602.0,25.0,221.0,5675.0,467.0,2007.0,2013.0,0.0,0.0,207.0,179.0,370.0,1030.0,125.0,351.0,67.0,155.0,303.0,875.0,24.0,101.0,4.0,367.0,4.0,0.0,4.0,0.0,0.0,0.0,0.0,0.0,370.0,0.0,0.0,0.0,0.0,0.0,0.0,4.0,0.0,0.0,0.0,0.0,0.0,0.0,63.0,0.0,0.0,0.0,0.0,0.0,0.0,303.0,0.0,0.0,0.0,0.0,0.0,0.0,5675.0,0.0,0.0,0.0,0.0,0.0,0.0
S00216_FORA_PONTA,0, ,3833.0," ""GERAL""       ",130004.0,8055.0,3952.0,3959.0,113488.0,9872.0,3717.0,3723.0,0.0,0.0,4739.0,4113.0,7300.0,18452.0,131.0,359.0,448.0,-1295.0,6852.0,19747.0,34.0,100.0,206.0,7094.0,206.0,0.0,206.0,0.0,0.0,0.0,0.0,0.0,7300.0,0.0,0.0,0.0,0.0,0.0,0.0,206.0,0.0,0.0,0.0,0.0,0.0,0.0,241.0,0.0,0.0,0.0,0.0,0.0,0.0,6852.0,0.0,0.0,0.0,0.0,0.0,0.0,113488.0,0.0,0.0,0.0,0.0,0.0,0.0
S00217_PONTA,0, ,3836.0," ""GERAL""       ",1119.0,694.0,550.0,614.0,7059.0,515.0,2530.0,2539.0,0.0,0.0,207.0,179.0,381.0,1071.0,127.0,358.0,79.0,199.0,302.0,871.0,27.0,101.0,6.0,375.0,6.0,0.0,6.0,0.0,0.0,0.0,0.0,0.0,381.0,0.0,0.0,0.0,0.0,0.0,0.0,6.0,0.0,0.0,0.0,0.0,0.0,0.0,73.0,0.0,0.0,0.0,0.0,0.0,0.0,302.0,0.0,0.0,0.0,0.0,0.0,0.0,7059.0,0.0,0.0,0.0,0.0,0.0,0.0
S00218_FORA_PONTA,0, ,3857.0," ""GERAL""       ",66483.0,4051.0,4476.0,4482.0,55738.0,3995.0,4331.0,4336.0,0.0,0.0,1434.0,1247.0,2402.0,6133.0,136.0,370.0,351.0,223.0,2051.0,5910.0,40.0,100.0,159.0,2243.0,159.0,0.0,159.0,0.0,0.0,0.0,0.0,0.0,2402.0,0.0,0.0,0.0,0.0,0.0,0.0,159.0,0.0,0.0,0.0,0.0,0.0,0.0,192.0,0.0,0.0,0.0,0.0,0.0,0.0,2051.0,0.0,0.0,0.0,0.0,0.0,0.0,55738.0,0.0,0.0,0.0,0.0,0.0,0.0
S00219_PONTA,0, ,3860.0," ""GERAL""       ",1593.0,698.0,696.0,743.0,7530.0,509.0,2675.0,2682.0,0.0,0.0,207.0,179.0,384.0,1080.0,129.0,363.0,83.0,210.0,301.0,870.0,28.0,101.0,8.0,376.0,8.0,0.0,8.0,0.0,0.0,0.0,0.0,0.0,384.0,0.0,0.0,0.0,0.0,0.0,0.0,8.0,0.0,0.0,0.0,0.0,0.0,0.0,75.0,0.0,0.0,0.0,0.0,0.0,0.0,301.0,0.0,0.0,0.0,0.0,0.0,0.0,7530.0,0.0,0.0,0.0,0.0,0.0,0.0
S00220_FORA_PONTA,0, ,3881.0," ""GERAL""       ",67518.0,4181.0,4466.0,4473.0,56815.0,4109.0,4246.0,4253.0,0.0,0.0,1434.0,1247.0,2407.0,6145.0,136.0,371.0,358.0,239.0,2050.0,5906.0,40.0,99.0,164.0,2243.0,164.0,0.0,164.0,0.0,0.0,0.0,0.0,0.0,2407.0,0.0,0.0,0.0,0.0,0.0,0.0,164.0,0.0,0.0,0.0,0.0,0.0,0.0,194.0,0.0,0.0,0.0,0.0,0.0,0.0,2050.0,0.0,0.0,0.0,0.0,0.0,0.0,56815.0,0.0,0.0,0.0,0.0,0.0,0.0
S00221_PONTA,0, ,3884.0," ""GERAL""       ",1607.0,629.0,710.0,744.0,7545.0,442.0,2690.0,2694.0,0.0,0.0,207.0,179.0,383.0,1079.0,128.0,362.0,82.0,208.0,302.0,870.0,28.0,101.0,7.0,376.0,7.0,0.0,7.0,0.0,0.0,0.0,0.0,0.0,383.0,0.0,0.0,0.0,0.0,0.0,0.0,7.0,0.0,0.0,0.0,0.0,0.0,0.0,74.0,0.0,0.0,0.0,0.0,0.0,0.0,302.0,0.0,0.0,0.0,0.0,0.0,0.0,7545.0,0.0,0.0,0.0,0.0,0.0,0.0
S00222_FORA_PONTA,0, ,3905.0," ""GERAL""       ",62268.0,3309.0,4457.0,4463.0,51605.0,3345.0,4068.0,4072.0,0.0,0.0,1436.0,1248.0,2374.0,6059.0,135.0,369.0,316.0,130.0,2058.0,5930.0,39.0,100.0,141.0,2233.0,141.0,0.0,141.0,0.0,0.0,0.0,0.0,0.0,2374.0,0.0,0.0,0.0,0.0,0.0,0.0,141.0,0.0,0.0,0.0,0.0,0.0,0.0,175.0,0.0,0.0,0.0,0.0,0.0,0.0,2058.0,0.0,0.0,0.0,0.0,0.0,0.0,51605.0,0.0,0.0,0.0,0.0,0.0,0.0
S00223_PONTA,0, ,3908.0," ""GERAL""       ",1096.0,717.0,486.0,542.0,7036.0,538.0,2465.0,2472.0,0.0,0.0,207.0,179.0,382.0,1071.0,127.0,358.0,80.0,200.0,302.0,871.0,27.0,101.0,7.0,374.0,7.0,0.0,7.0,0.0,0.0,0.0,0.0,0.0,382.0,0.0,0.0,0.0,0.0,0.0,0.0,7.0,0.0,0.0,0.0,0.0,0.0,0.0,73.0,0.0,0.0,0.0,0.0,0.0,0.0,302.0,0.0,0.0,0.0,0.0,0.0,0.0,7036.0,0.0,0.0,0.0,0.0,0.0,0.0
S00224_FORA_PONTA,0, ,3929.0," ""GERAL""       ",59120.0,3062.0,4329.0,4336.0,48428.0,3161.0,3643.0,3648.0,0.0,0.0,1437.0,1249.0,2349.0,6008.0,135.0,367.0,286.0,66.0,2062.0,5942.0,38.0,100.0,120.0,2229.0,120.0,0.0,120.0,0.0,0.0,0.0,0.0,0.0,2349.0,0.0,0.0,0.0,0.0,0.0,0.0,120.0,0.0,0.0,0.0,0.0,0.0,0.0,166.0,0.0,0.0,0.0,0.0,0.0,0.0,2062.0,0.0,0.0,0.0,0.0,0.0,0.0,48428.0,0.0,0.0,0.0,0.0,0.0,0.0
S00225_PONTA,0, ,3932.0," ""GERAL""       ",195.0,586.0,209.0,295.0,5977.0,437.0,2190.0,2195.0,0.0,0.0,207.0,179.0,374.0,1045.0,126.0,355.0,71.0,170.0,303.0,875.0,25.0,101.0,4.0,370.0,4.0,0.0,4.0,0.0,0.0,0.0,0.0,0.0,374.0,0.0,0.0,0.0,0.0,0.0,0.0,4.0,0.0,0.0,0.0,0.0,0.0,0.0,67.0,0.0,0.0,0.0,0.0,0.0,0.0,303.0,0.0,0.0,0.0,0.0,0.0,0.0,5977.0,0.0,0.0,0.0,0.0,0.0,0.0
S00226_FORA_PONTA,0, ,4001.0," ""GERAL""       ",133343.0,7600.0,4107.0,4114.0,116628.0,9343.0,3657.0,3662.0,0.0,0.0,4739.0,4113.0,7325.0,18519.0,133.0,362.0,475.0,-1221.0,6850.0,19740.0,36.0,100.0,221.0,7104.0,221.0,0.0,221.0,0.0,0.0,0.0,0.0,0.0,7325.0,0.0,0.0,0.0,0.0,0.0,0.0,221.0,0.0,0.0,0.0,0.0,0.0,0.0,254.0,0.0,0.0,0.0,0.0,0.0,0.0,6850.0,0.0,0.0,0.0,0.0,0.0,0.0,116628.0,0.0,0.0,0.0,0.0,0.0,0.0
S00227_PONTA,0, ,4004.0," ""GERAL""       ",531.0,613.0,360.0,419.0,6445.0,447.0,2341.0,2346.0,0.0,0.0,207.0,179.0,378.0,1061.0,127.0,356.0,75.0,187.0,303.0,874.0,26.0,101.0,5.0,373.0,5.0,0.0,5.0,0.0,0.0,0.0,0.0,0.0,378.0,0.0,0.0,0.0,0.0,0.0,0.0,5.0,0.0,0.0,0.0,0.0,0.0,0.0,70.0,0.0,0.0,0.0,0.0,0.0,0.0,303.0,0.0,0.0,0.0,0.0,0.0,0.0,6445.0,0.0,0.0,0.0,0.0,0.0,0.0
S00228_FORA_PONTA,0, ,4025.0," ""GERAL""       ",55605.0,3165.0,4174.0,4182.0,44932.0,3320.0,3154.0,3158.0,0.0,0.0,1438.0,1249.0,2330.0,5961.0,133.0,364.0,265.0,9.0,2066.0,5952.0,37.0,100.0,108.0,2223.0,108.0,0.0,108.0,0.0,0.0,0.0,0.0,0.0,2330.0,0.0,0.0,0.0,0.0,0.0,0.0,108.0,0.0,0.0,0.0,0.0,0.0,0.0,157.0,0.0,0.0,0.0,0.0,0.0,0.0,2066.0,0.0,0.0,0.0,0.0,0.0,0.0,44932.0,0.0,0.0,0.0,0.0,0.0,0.0
S00229_PONTA,0, ,4028.0," ""GERAL""       ",344.0,622.0,286.0,350.0,6200.0,464.0,2266.0,2271.0,0.0,0.0,207.0,179.0,376.0,1053.0,126.0,355.0,73.0,179.0,303.0,874.0,26.0,101.0,5.0,372.0,5.0,0.0,5.0,0.0,0.0,0.0,0.0,0.0,376.0,0.0,0.0,0.0,0.0,0.0,0.0,5.0,0.0,0.0,0.0,0.0,0.0,0.0,69.0,0.0,0.0,0.0,0.0,0.0,0.0,303.0,0.0,0.0,0.0,0.0,0.0,0.0,6200.0,0.0,0.0,0.0,0.0,0.0,0.0
S00230_FORA_PONTA,0, ,4049.0," ""GERAL""       ",45167.0,3245.0,4117.0,4125.0,34540.0,3541.0,2073.0,2081.0,0.0,0.0,1440.0,1251.0,2284.0,5851.0,133.0,364.0,207.0,-134.0,2077.0,5985.0,37.0,100.0,72.0,2212.0,72.0,0.0,72.0,0.0,0.0,0.0,0.0,0.0,2284.0,0.0,0.0,0.0,0.0,0.0,0.0,72.0,0.0,0.0,0.0,0.0,0.0,0.0,135.0,0.0,0.0,0.0,0.0,0.0,0.0,2077.0,0.0,0.0,0.0,0.0,0.0,0.0,34540.0,0.0,0.0,0.0,0.0,0.0,0.0
S00231_PONTA,0, ,4052.0," ""GERAL""       ",0.0,561.0,0.0,200.0,5002.0,479.0,1741.0,1749.0,0.0,0.0,207.0,180.0,358.0,979.0,121.0,332.0,54.0,103.0,304.0,876.0,19.0,101.0,3.0,354.0,3.0,0.0,3.0,0.0,0.0,0.0,0.0,0.0,358.0,0.0,0.0,0.0,0.0,0.0,0.0,3.0,0.0,0.0,0.0,0.0,0.0,0.0,51.0,0.0,0.0,0.0,0.0,0.0,0.0,304.0,0.0,0.0,0.0,0.0,0.0,0.0,5002.0,0.0,0.0,0.0,0.0,0.0,0.0
S00232_FORA_PONTA,0, ,4097.0," ""GERAL""       ",70713.0,4573.0,3830.0,3838.0,58257.0,5874.0,1592.0,1601.0,0.0,0.0,3094.0,2685.0,4720.0,11964.0,131.0,360.0,234.0,-964.0,4486.0,12928.0,35.0,100.0,88.0,4632.0,88.0,0.0,88.0,0.0,0.0,0.0,0.0,0.0,4720.0,0.0,0.0,0.0,0.0,0.0,0.0,88.0,0.0,0.0,0.0,0.0,0.0,0.0,146.0,0.0,0.0,0.0,0.0,0.0,0.0,4486.0,0.0,0.0,0.0,0.0,0.0,0.0,58257.0,0.0,0.0,0.0,0.0,0.0,0.0
S00233_PONTA,0, ,4100.0," ""GERAL""       ",0.0,482.0,0.0,187.0,4501.0,438.0,1534.0,1541.0,0.0,0.0,207.0,180.0,348.0,940.0,117.0,316.0,45.0,64.0,304.0,876.0,15.0,101.0,3.0,345.0,3.0,0.0,3.0,0.0,0.0,0.0,0.0,0.0,348.0,0.0,0.0,0.0,0.0,0.0,0.0,3.0,0.0,0.0,0.0,0.0,0.0,0.0,42.0,0.0,0.0,0.0,0.0,0.0,0.0,304.0,0.0,0.0,0.0,0.0,0.0,0.0,4501.0,0.0,0.0,0.0,0.0,0.0,0.0
S00234_FORA_PONTA,0, ,4169.0," ""GERAL""       ",126207.0,7319.0,3923.0,3928.0,111091.0,9193.0,3781.0,3787.0,0.0,0.0,4740.0,4114.0,7287.0,18411.0,130.0,357.0,429.0,-1353.0,6858.0,19765.0,33.0,100.0,201.0,7086.0,201.0,0.0,201.0,0.0,0.0,0.0,0.0,0.0,7287.0,0.0,0.0,0.0,0.0,0.0,0.0,201.0,0.0,0.0,0.0,0.0,0.0,0.0,228.0,0.0,0.0,0.0,0.0,0.0,0.0,6858.0,0.0,0.0,0.0,0.0,0.0,0.0,111091.0,0.0,0.0,0.0,0.0,0.0,0.0
S00235_PONTA,0, ,4172.0," ""GERAL""       ",1523.0,624.0,735.0,770.0,7460.0,434.0,2714.0,2719.0,0.0,0.0,207.0,179.0,384.0,1082.0,129.0,363.0,82.0,211.0,302.0,871.0,28.0,101.0,7.0,377.0,7.0,0.0,7.0,0.0,0.0,0.0,0.0,0.0,384.0,0.0,0.0,0.0,0.0,0.0,0.0,7.0,0.0,0.0,0.0,0.0,0.0,0.0,75.0,0.0,0.0,0.0,0.0,0.0,0.0,302.0,0.0,0.0,0.0,0.0,0.0,0.0,7460.0,0.0,0.0,0.0,0.0,0.0,0.0
S00236_FORA_PONTA,0, ,4193.0," ""GERAL""       ",70313.0,3684.0,4660.0,4666.0,59568.0,3527.0,4513.0,4518.0,0.0,0.0,1434.0,1247.0,2433.0,6224.0,136.0,371.0,385.0,324.0,2048.0,5900.0,40.0,100.0,177.0,2256.0,177.0,0.0,177.0,0.0,0.0,0.0,0.0,0.0,2433.0,0.0,0.0,0.0,0.0,0.0,0.0,177.0,0.0,0.0,0.0,0.0,0.0,0.0,208.0,0.0,0.0,0.0,0.0,0.0,0.0,2048.0,0.0,0.0,0.0,0.0,0.0,0.0,59568.0,0.0,0.0,0.0,0.0,0.0,0.0
S00237_PONTA,0, ,4196.0," ""GERAL""       ",2006.0,644.0,860.0,891.0,7940.0,443.0,2839.0,2843.0,0.0,0.0,207.0,179.0,386.0,1091.0,129.0,366.0,85.0,222.0,301.0,869.0,29.0,101.0,8.0,378.0,8.0,0.0,8.0,0.0,0.0,0.0,0.0,0.0,386.0,0.0,0.0,0.0,0.0,0.0,0.0,8.0,0.0,0.0,0.0,0.0,0.0,0.0,77.0,0.0,0.0,0.0,0.0,0.0,0.0,301.0,0.0,0.0,0.0,0.0,0.0,0.0,7940.0,0.0,0.0,0.0,0.0,0.0,0.0
S00238_FORA_PONTA,0, ,4217.0," ""GERAL""       ",68399.0,3633.0,4632.0,4641.0,57706.0,3536.0,4484.0,4492.0,0.0,0.0,1434.0,1247.0,2416.0,6170.0,136.0,371.0,366.0,263.0,2050.0,5907.0,40.0,100.0,167.0,2249.0,167.0,0.0,167.0,0.0,0.0,0.0,0.0,0.0,2416.0,0.0,0.0,0.0,0.0,0.0,0.0,167.0,0.0,0.0,0.0,0.0,0.0,0.0,199.0,0.0,0.0,0.0,0.0,0.0,0.0,2050.0,0.0,0.0,0.0,0.0,0.0,0.0,57706.0,0.0,0.0,0.0,0.0,0.0,0.0
S00239_PONTA,0, ,4220.0," ""GERAL""       ",1654.0,697.0,778.0,812.0,7592.0,508.0,2757.0,2762.0,0.0,0.0,207.0,179.0,384.0,1080.0,129.0,363.0,82.0,211.0,301.0,870.0,28.0,101.0,7.0,376.0,7.0,0.0,7.0,0.0,0.0,0.0,0.0,0.0,384.0,0.0,0.0,0.0,0.0,0.0,0.0,7.0,0.0,0.0,0.0,0.0,0.0,0.0,75.0,0.0,0.0,0.0,0.0,0.0,0.0,301.0,0.0,0.0,0.0,0.0,0.0,0.0,7592.0,0.0,0.0,0.0,0.0,0.0,0.0
S00240_FORA_PONTA,0, ,4241.0," ""GERAL""       ",63070.0,3148.0,4460.0,4467.0,52378.0,3165.0,3745.0,3749.0,0.0,0.0,1436.0,1248.0,2377.0,6076.0,135.0,369.0,319.0,148.0,2057.0,5928.0,39.0,100.0,139.0,2237.0,139.0,0.0,139.0,0.0,0.0,0.0,0.0,0.0,2377.0,0.0,0.0,0.0,0.0,0.0,0.0,139.0,0.0,0.0,0.0,0.0,0.0,0.0,180.0,0.0,0.0,0.0,0.0,0.0,0.0,2057.0,0.0,0.0,0.0,0.0,0.0,0.0,52378.0,0.0,0.0,0.0,0.0,0.0,0.0
S00241_PONTA,0, ,4244.0," ""GERAL""       ",1215.0,633.0,592.0,633.0,7154.0,452.0,2572.0,2577.0,0.0,0.0,207.0,179.0,382.0,1074.0,128.0,360.0,80.0,202.0,302.0,872.0,27.0,101.0,6.0,375.0,6.0,0.0,6.0,0.0,0.0,0.0,0.0,0.0,382.0,0.0,0.0,0.0,0.0,0.0,0.0,6.0,0.0,0.0,0.0,0.0,0.0,0.0,73.0,0.0,0.0,0.0,0.0,0.0,0.0,302.0,0.0,0.0,0.0,0.0,0.0,0.0,7154.0,0.0,0.0,0.0,0.0,0.0,0.0
S00242_FORA_PONTA,0, ,4265.0," ""GERAL""       ",69248.0,3503.0,4885.0,4891.0,58481.0,3378.0,4734.0,4739.0,0.0,0.0,1434.0,1247.0,2427.0,6197.0,135.0,369.0,378.0,292.0,2049.0,5905.0,39.0,100.0,176.0,2251.0,176.0,0.0,176.0,0.0,0.0,0.0,0.0,0.0,2427.0,0.0,0.0,0.0,0.0,0.0,0.0,176.0,0.0,0.0,0.0,0.0,0.0,0.0,202.0,0.0,0.0,0.0,0.0,0.0,0.0,2049.0,0.0,0.0,0.0,0.0,0.0,0.0,58481.0,0.0,0.0,0.0,0.0,0.0,0.0
S00243_PONTA,0, ,4268.0," ""GERAL""       ",1228.0,634.0,746.0,778.0,7168.0,453.0,2726.0,2730.0,0.0,0.0,207.0,179.0,382.0,1073.0,128.0,359.0,80.0,201.0,302.0,871.0,28.0,101.0,7.0,375.0,7.0,0.0,7.0,0.0,0.0,0.0,0.0,0.0,382.0,0.0,0.0,0.0,0.0,0.0,0.0,7.0,0.0,0.0,0.0,0.0,0.0,0.0,73.0,0.0,0.0,0.0,0.0,0.0,0.0,302.0,0.0,0.0,0.0,0.0,0.0,0.0,7168.0,0.0,0.0,0.0,0.0,0.0,0.0
S00244_FORA_PONTA,0, ,4337.0," ""GERAL""       ",150628.0,7507.0,4600.0,4608.0,133626.0,8906.0,4453.0,4460.0,0.0,0.0,4734.0,4110.0,7433.0,18810.0,135.0,367.0,602.0,-874.0,6830.0,19684.0,38.0,100.0,289.0,7144.0,289.0,0.0,289.0,0.0,0.0,0.0,0.0,0.0,7433.0,0.0,0.0,0.0,0.0,0.0,0.0,289.0,0.0,0.0,0.0,0.0,0.0,0.0,313.0,0.0,0.0,0.0,0.0,0.0,0.0,6830.0,0.0,0.0,0.0,0.0,0.0,0.0,133626.0,0.0,0.0,0.0,0.0,0.0,0.0
S00245_PONTA,0, ,4340.0," ""GERAL""       ",2013.0,616.0,888.0,913.0,7948.0,416.0,2866.0,2869.0,0.0,0.0,207.0,179.0,386.0,1090.0,129.0,365.0,85.0,221.0,301.0,869.0,29.0,101.0,8.0,378.0,8.0,0.0,8.0,0.0,0.0,0.0,0.0,0.0,386.0,0.0,0.0,0.0,0.0,0.0,0.0,8.0,0.0,0.0,0.0,0.0,0.0,0.0,77.0,0.0,0.0,0.0,0.0,0.0,0.0,301.0,0.0,0.0,0.0,0.0,0.0,0.0,7948.0,0.0,0.0,0.0,0.0,0.0,0.0
S00246_FORA_PONTA,0, ,4361.0," ""GERAL""       ",74140.0,3790.0,5005.0,5011.0,63424.0,3556.0,4854.0,4859.0,0.0,0.0,1432.0,1246.0,2462.0,6289.0,136.0,372.0,419.0,402.0,2043.0,5887.0,40.0,100.0,196.0,2266.0,196.0,0.0,196.0,0.0,0.0,0.0,0.0,0.0,2462.0,0.0,0.0,0.0,0.0,0.0,0.0,196.0,0.0,0.0,0.0,0.0,0.0,0.0,223.0,0.0,0.0,0.0,0.0,0.0,0.0,2043.0,0.0,0.0,0.0,0.0,0.0,0.0,63424.0,0.0,0.0,0.0,0.0,0.0,0.0
S00247_PONTA,0, ,4364.0," ""GERAL""       ",2529.0,707.0,1172.0,1206.0,8461.0,496.0,3149.0,3156.0,0.0,0.0,207.0,179.0,389.0,1100.0,130.0,368.0,89.0,232.0,300.0,867.0,31.0,101.0,10.0,380.0,10.0,0.0,10.0,0.0,0.0,0.0,0.0,0.0,389.0,0.0,0.0,0.0,0.0,0.0,0.0,10.0,0.0,0.0,0.0,0.0,0.0,0.0,79.0,0.0,0.0,0.0,0.0,0.0,0.0,300.0,0.0,0.0,0.0,0.0,0.0,0.0,8461.0,0.0,0.0,0.0,0.0,0.0,0.0
S00248_FORA_PONTA,0, ,4385.0," ""GERAL""       ",76827.0,3547.0,5142.0,5147.0,66190.0,3250.0,4990.0,4994.0,0.0,0.0,1432.0,1245.0,2486.0,6345.0,137.0,373.0,446.0,465.0,2040.0,5880.0,40.0,100.0,216.0,2270.0,216.0,0.0,216.0,0.0,0.0,0.0,0.0,0.0,2486.0,0.0,0.0,0.0,0.0,0.0,0.0,216.0,0.0,0.0,0.0,0.0,0.0,0.0,230.0,0.0,0.0,0.0,0.0,0.0,0.0,2040.0,0.0,0.0,0.0,0.0,0.0,0.0,66190.0,0.0,0.0,0.0,0.0,0.0,0.0
S00249_PONTA,0, ,4388.0," ""GERAL""       ",3701.0,812.0,1470.0,1492.0,9625.0,576.0,3444.0,3449.0,0.0,0.0,206.0,179.0,397.0,1121.0,133.0,375.0,98.0,258.0,299.0,863.0,33.0,100.0,15.0,382.0,15.0,0.0,15.0,0.0,0.0,0.0,0.0,0.0,397.0,0.0,0.0,0.0,0.0,0.0,0.0,15.0,0.0,0.0,0.0,0.0,0.0,0.0,83.0,0.0,0.0,0.0,0.0,0.0,0.0,299.0,0.0,0.0,0.0,0.0,0.0,0.0,9625.0,0.0,0.0,0.0,0.0,0.0,0.0
S00250_FORA_PONTA,0, ,4409.0," ""GERAL""       ",74018.0,3714.0,4973.0,4979.0,63368.0,3513.0,4822.0,4828.0,0.0,0.0,1432.0,1246.0,2454.0,6258.0,136.0,372.0,410.0,369.0,2043.0,5888.0,40.0,99.0,196.0,2257.0,196.0,0.0,196.0,0.0,0.0,0.0,0.0,0.0,2454.0,0.0,0.0,0.0,0.0,0.0,0.0,196.0,0.0,0.0,0.0,0.0,0.0,0.0,214.0,0.0,0.0,0.0,0.0,0.0,0.0,2043.0,0.0,0.0,0.0,0.0,0.0,0.0,63368.0,0.0,0.0,0.0,0.0,0.0,0.0
S00251_PONTA,0, ,4412.0," ""GERAL""       ",1947.0,571.0,911.0,937.0,7883.0,376.0,2889.0,2893.0,0.0,0.0,207.0,179.0,385.0,1086.0,129.0,364.0,84.0,216.0,301.0,870.0,29.0,101.0,7.0,378.0,7.0,0.0,7.0,0.0,0.0,0.0,0.0,0.0,385.0,0.0,0.0,0.0,0.0,0.0,0.0,7.0,0.0,0.0,0.0,0.0,0.0,0.0,76.0,0.0,0.0,0.0,0.0,0.0,0.0,301.0,0.0,0.0,0.0,0.0,0.0,0.0,7883.0,0.0,0.0,0.0,0.0,0.0,0.0
S00252_FORA_PONTA,0, ,4433.0," ""GERAL""       ",67875.0,3157.0,4849.0,4853.0,57156.0,3060.0,4699.0,4703.0,0.0,0.0,1434.0,1247.0,2414.0,6176.0,136.0,370.0,362.0,263.0,2052.0,5912.0,39.0,100.0,163.0,2251.0,163.0,0.0,163.0,0.0,0.0,0.0,0.0,0.0,2414.0,0.0,0.0,0.0,0.0,0.0,0.0,163.0,0.0,0.0,0.0,0.0,0.0,0.0,199.0,0.0,0.0,0.0,0.0,0.0,0.0,2052.0,0.0,0.0,0.0,0.0,0.0,0.0,57156.0,0.0,0.0,0.0,0.0,0.0,0.0
S00253_PONTA,0, ,4436.0," ""GERAL""       ",573.0,506.0,370.0,407.0,6505.0,336.0,2350.0,2352.0,0.0,0.0,207.0,179.0,379.0,1065.0,127.0,357.0,76.0,190.0,303.0,874.0,26.0,101.0,5.0,374.0,5.0,0.0,5.0,0.0,0.0,0.0,0.0,0.0,379.0,0.0,0.0,0.0,0.0,0.0,0.0,5.0,0.0,0.0,0.0,0.0,0.0,0.0,71.0,0.0,0.0,0.0,0.0,0.0,0.0,303.0,0.0,0.0,0.0,0.0,0.0,0.0,6505.0,0.0,0.0,0.0,0.0,0.0,0.0
S00254_FORA_PONTA,0, ,4505.0," ""GERAL""       ",145920.0,7188.0,4497.0,4502.0,128953.0,8701.0,4351.0,4356.0,0.0,0.0,4735.0,4111.0,7398.0,18712.0,134.0,365.0,561.0,-990.0,6836.0,19702.0,37.0,100.0,269.0,7129.0,269.0,0.0,269.0,0.0,0.0,0.0,0.0,0.0,7398.0,0.0,0.0,0.0,0.0,0.0,0.0,269.0,0.0,0.0,0.0,0.0,0.0,0.0,292.0,0.0,0.0,0.0,0.0,0.0,0.0,6836.0,0.0,0.0,0.0,0.0,0.0,0.0,128953.0,0.0,0.0,0.0,0.0,0.0,0.0
S00255_PONTA,0, ,4508.0," ""GERAL""       ",1182.0,578.0,657.0,687.0,7121.0,397.0,2637.0,2640.0,0.0,0.0,207.0,179.0,382.0,1074.0,128.0,359.0,80.0,202.0,302.0,872.0,27.0,101.0,6.0,376.0,6.0,0.0,6.0,0.0,0.0,0.0,0.0,0.0,382.0,0.0,0.0,0.0,0.0,0.0,0.0,6.0,0.0,0.0,0.0,0.0,0.0,0.0,73.0,0.0,0.0,0.0,0.0,0.0,0.0,302.0,0.0,0.0,0.0,0.0,0.0,0.0,7121.0,0.0,0.0,0.0,0.0,0.0,0.0
S00256_FORA_PONTA,0, ,4529.0," ""GERAL""       ",59476.0,2920.0,4343.0,4349.0,48781.0,3010.0,3638.0,3644.0,0.0,0.0,1437.0,1249.0,2352.0,6016.0,135.0,368.0,290.0,74.0,2062.0,5942.0,39.0,100.0,122.0,2230.0,122.0,0.0,122.0,0.0,0.0,0.0,0.0,0.0,2352.0,0.0,0.0,0.0,0.0,0.0,0.0,122.0,0.0,0.0,0.0,0.0,0.0,0.0,168.0,0.0,0.0,0.0,0.0,0.0,0.0,2062.0,0.0,0.0,0.0,0.0,0.0,0.0,48781.0,0.0,0.0,0.0,0.0,0.0,0.0
S00257_PONTA,0, ,4532.0," ""GERAL""       ",528.0,604.0,357.0,420.0,6442.0,436.0,2337.0,2342.0,0.0,0.0,207.0,179.0,379.0,1062.0,127.0,357.0,76.0,188.0,303.0,874.0,26.0,101.0,5.0,373.0,5.0,0.0,5.0,0.0,0.0,0.0,0.0,0.0,379.0,0.0,0.0,0.0,0.0,0.0,0.0,5.0,0.0,0.0,0.0,0.0,0.0,0.0,71.0,0.0,0.0,0.0,0.0,0.0,0.0,303.0,0.0,0.0,0.0,0.0,0.0,0.0,6442.0,0.0,0.0,0.0,0.0,0.0,0.0
S00258_FORA_PONTA,0, ,4553.0," ""GERAL""       ",65593.0,3325.0,4381.0,4385.0,54852.0,3273.0,4235.0,4239.0,0.0,0.0,1435.0,1248.0,2399.0,6136.0,133.0,364.0,345.0,217.0,2054.0,5919.0,37.0,100.0,152.0,2247.0,152.0,0.0,152.0,0.0,0.0,0.0,0.0,0.0,2399.0,0.0,0.0,0.0,0.0,0.0,0.0,152.0,0.0,0.0,0.0,0.0,0.0,0.0,193.0,0.0,0.0,0.0,0.0,0.0,0.0,2054.0,0.0,0.0,0.0,0.0,0.0,0.0,54852.0,0.0,0.0,0.0,0.0,0.0,0.0
S00259_PONTA,0, ,4556.0," ""GERAL""       ",1035.0,597.0,647.0,680.0,6975.0,420.0,2627.0,2631.0,0.0,0.0,207.0,179.0,381.0,1070.0,127.0,359.0,79.0,198.0,302.0,872.0,27.0,101.0,6.0,375.0,6.0,0.0,6.0,0.0,0.0,0.0,0.0,0.0,381.0,0.0,0.0,0.0,0.0,0.0,0.0,6.0,0.0,0.0,0.0,0.0,0.0,0.0,73.0,0.0,0.0,0.0,0.0,0.0,0.0,302.0,0.0,0.0,0.0,0.0,0.0,0.0,6975.0,0.0,0.0,0.0,0.0,0.0,0.0
S00260_FORA_PONTA,0, ,4577.0," ""GERAL""       ",62667.0,3181.0,4319.0,4326.0,51949.0,3191.0,3930.0,3934.0,0.0,0.0,1436.0,1248.0,2375.0,6083.0,135.0,368.0,318.0,154.0,2058.0,5929.0,39.0,100.0,137.0,2238.0,137.0,0.0,137.0,0.0,0.0,0.0,0.0,0.0,2375.0,0.0,0.0,0.0,0.0,0.0,0.0,137.0,0.0,0.0,0.0,0.0,0.0,0.0,181.0,0.0,0.0,0.0,0.0,0.0,0.0,2058.0,0.0,0.0,0.0,0.0,0.0,0.0,51949.0,0.0,0.0,0.0,0.0,0.0,0.0
S00261_PONTA,0, ,4580.0," ""GERAL""       ",499.0,602.0,348.0,398.0,6422.0,433.0,2329.0,2332.0,0.0,0.0,207.0,179.0,379.0,1064.0,127.0,357.0,76.0,190.0,303.0,874.0,26.0,101.0,5.0,374.0,5.0,0.0,5.0,0.0,0.0,0.0,0.0,0.0,379.0,0.0,0.0,0.0,0.0,0.0,0.0,5.0,0.0,0.0,0.0,0.0,0.0,0.0,71.0,0.0,0.0,0.0,0.0,0.0,0.0,303.0,0.0,0.0,0.0,0.0,0.0,0.0,6422.0,0.0,0.0,0.0,0.0,0.0,0.0
S00262_FORA_PONTA,0, ,4601.0," ""GERAL""       ",57949.0,2887.0,4111.0,4118.0,47264.0,2995.0,3609.0,3613.0,0.0,0.0,1437.0,1249.0,2343.0,6002.0,133.0,363.0,279.0,55.0,2064.0,5947.0,36.0,100.0,114.0,2229.0,114.0,0.0,114.0,0.0,0.0,0.0,0.0,0.0,2343.0,0.0,0.0,0.0,0.0,0.0,0.0,114.0,0.0,0.0,0.0,0.0,0.0,0.0,165.0,0.0,0.0,0.0,0.0,0.0,0.0,2064.0,0.0,0.0,0.0,0.0,0.0,0.0,47264.0,0.0,0.0,0.0,0.0,0.0,0.0
S00263_PONTA,0, ,4604.0," ""GERAL""       ",11.0,476.0,27.0,179.0,5603.0,350.0,2009.0,2012.0,0.0,0.0,207.0,180.0,369.0,1023.0,125.0,351.0,65.0,147.0,304.0,876.0,24.0,101.0,3.0,365.0,3.0,0.0,3.0,0.0,0.0,0.0,0.0,0.0,369.0,0.0,0.0,0.0,0.0,0.0,0.0,3.0,0.0,0.0,0.0,0.0,0.0,0.0,61.0,0.0,0.0,0.0,0.0,0.0,0.0,304.0,0.0,0.0,0.0,0.0,0.0,0.0,5603.0,0.0,0.0,0.0,0.0,0.0,0.0
S00264_FORA_PONTA,0, ,4673.0," ""GERAL""       ",129958.0,5997.0,3896.0,3901.0,113615.0,7829.0,3613.0,3618.0,0.0,0.0,4740.0,4114.0,7294.0,18450.0,131.0,358.0,436.0,-1313.0,6858.0,19762.0,34.0,100.0,198.0,7096.0,198.0,0.0,198.0,0.0,0.0,0.0,0.0,0.0,7294.0,0.0,0.0,0.0,0.0,0.0,0.0,198.0,0.0,0.0,0.0,0.0,0.0,0.0,238.0,0.0,0.0,0.0,0.0,0.0,0.0,6858.0,0.0,0.0,0.0,0.0,0.0,0.0,113615.0,0.0,0.0,0.0,0.0,0.0,0.0
S00265_PONTA,0, ,4676.0," ""GERAL""       ",223.0,578.0,224.0,293.0,5932.0,435.0,2206.0,2210.0,0.0,0.0,207.0,179.0,372.0,1038.0,126.0,354.0,69.0,163.0,303.0,875.0,25.0,101.0,4.0,368.0,4.0,0.0,4.0,0.0,0.0,0.0,0.0,0.0,372.0,0.0,0.0,0.0,0.0,0.0,0.0,4.0,0.0,0.0,0.0,0.0,0.0,0.0,65.0,0.0,0.0,0.0,0.0,0.0,0.0,303.0,0.0,0.0,0.0,0.0,0.0,0.0,5932.0,0.0,0.0,0.0,0.0,0.0,0.0
S00266_FORA_PONTA,0, ,4697.0," ""GERAL""       ",51250.0,2611.0,4043.0,4049.0,40957.0,2847.0,2987.0,2993.0,0.0,0.0,1439.0,1250.0,2305.0,5898.0,132.0,361.0,233.0,-73.0,2072.0,5971.0,35.0,100.0,88.0,2217.0,88.0,0.0,88.0,0.0,0.0,0.0,0.0,0.0,2305.0,0.0,0.0,0.0,0.0,0.0,0.0,88.0,0.0,0.0,0.0,0.0,0.0,0.0,144.0,0.0,0.0,0.0,0.0,0.0,0.0,2072.0,0.0,0.0,0.0,0.0,0.0,0.0,40957.0,0.0,0.0,0.0,0.0,0.0,0.0
S00267_PONTA,0, ,4700.0," ""GERAL""       ",0.0,547.0,0.0,216.0,5254.0,449.0,1833.0,1840.0,0.0,0.0,207.0,180.0,362.0,995.0,122.0,338.0,58.0,119.0,304.0,876.0,21.0,101.0,3.0,359.0,3.0,0.0,3.0,0.0,0.0,0.0,0.0,0.0,362.0,0.0,0.0,0.0,0.0,0.0,0.0,3.0,0.0,0.0,0.0,0.0,0.0,0.0,55.0,0.0,0.0,0.0,0.0,0.0,0.0,304.0,0.0,0.0,0.0,0.0,0.0,0.0,5254.0,0.0,0.0,0.0,0.0,0.0,0.0
S00268_FORA_PONTA,0, ,4721.0," ""GERAL""       ",46450.0,2614.0,3874.0,3881.0,36705.0,2940.0,2518.0,2523.0,0.0,0.0,1441.0,1251.0,2278.0,5822.0,131.0,359.0,200.0,-165.0,2078.0,5986.0,35.0,100.0,74.0,2204.0,74.0,0.0,74.0,0.0,0.0,0.0,0.0,0.0,2278.0,0.0,0.0,0.0,0.0,0.0,0.0,74.0,0.0,0.0,0.0,0.0,0.0,0.0,126.0,0.0,0.0,0.0,0.0,0.0,0.0,2078.0,0.0,0.0,0.0,0.0,0.0,0.0,36705.0,0.0,0.0,0.0,0.0,0.0,0.0
S00269_PONTA,0, ,4724.0," ""GERAL""       ",93.0,708.0,155.0,294.0,5788.0,567.0,2136.0,2145.0,0.0,0.0,207.0,179.0,372.0,1036.0,126.0,354.0,69.0,162.0,303.0,875.0,25.0,101.0,5.0,367.0,5.0,0.0,5.0,0.0,0.0,0.0,0.0,0.0,372.0,0.0,0.0,0.0,0.0,0.0,0.0,5.0,0.0,0.0,0.0,0.0,0.0,0.0,64.0,0.0,0.0,0.0,0.0,0.0,0.0,303.0,0.0,0.0,0.0,0.0,0.0,0.0,5788.0,0.0,0.0,0.0,0.0,0.0,0.0
S00270_FORA_PONTA,0, ,4745.0," ""GERAL""       ",52260.0,2458.0,4012.0,4020.0,41955.0,2653.0,2970.0,2973.0,0.0,0.0,1439.0,1250.0,2317.0,5935.0,134.0,365.0,246.0,-33.0,2071.0,5968.0,37.0,100.0,95.0,2222.0,95.0,0.0,95.0,0.0,0.0,0.0,0.0,0.0,2317.0,0.0,0.0,0.0,0.0,0.0,0.0,95.0,0.0,0.0,0.0,0.0,0.0,0.0,151.0,0.0,0.0,0.0,0.0,0.0,0.0,2071.0,0.0,0.0,0.0,0.0,0.0,0.0,41955.0,0.0,0.0,0.0,0.0,0.0,0.0
S00271_PONTA,0, ,4748.0," ""GERAL""       ",98.0,558.0,113.0,231.0,5789.0,420.0,2094.0,2099.0,0.0,0.0,207.0,179.0,371.0,1034.0,126.0,353.0,68.0,159.0,303.0,876.0,25.0,101.0,4.0,368.0,4.0,0.0,4.0,0.0,0.0,0.0,0.0,0.0,371.0,0.0,0.0,0.0,0.0,0.0,0.0,4.0,0.0,0.0,0.0,0.0,0.0,0.0,64.0,0.0,0.0,0.0,0.0,0.0,0.0,303.0,0.0,0.0,0.0,0.0,0.0,0.0,5789.0,0.0,0.0,0.0,0.0,0.0,0.0
S00272_FORA_PONTA,0, ,4769.0," ""GERAL""       ",52091.0,2549.0,3909.0,3913.0,41795.0,2774.0,3101.0,3103.0,0.0,0.0,1439.0,1250.0,2308.0,5906.0,131.0,359.0,236.0,-62.0,2071.0,5968.0,34.0,100.0,91.0,2216.0,91.0,0.0,91.0,0.0,0.0,0.0,0.0,0.0,2308.0,0.0,0.0,0.0,0.0,0.0,0.0,91.0,0.0,0.0,0.0,0.0,0.0,0.0,145.0,0.0,0.0,0.0,0.0,0.0,0.0,2071.0,0.0,0.0,0.0,0.0,0.0,0.0,41795.0,0.0,0.0,0.0,0.0,0.0,0.0
S00273_PONTA,0, ,4772.0," ""GERAL""       ",0.0,418.0,0.0,158.0,4934.0,346.0,1837.0,1841.0,0.0,0.0,207.0,180.0,355.0,970.0,122.0,338.0,51.0,93.0,304.0,877.0,21.0,101.0,3.0,353.0,3.0,0.0,3.0,0.0,0.0,0.0,0.0,0.0,355.0,0.0,0.0,0.0,0.0,0.0,0.0,3.0,0.0,0.0,0.0,0.0,0.0,0.0,49.0,0.0,0.0,0.0,0.0,0.0,0.0,304.0,0.0,0.0,0.0,0.0,0.0,0.0,4934.0,0.0,0.0,0.0,0.0,0.0,0.0
S00274_FORA_PONTA,0, ,4841.0," ""GERAL""       ",113358.0,5674.0,3744.0,3749.0,97790.0,7763.0,2794.0,2798.0,0.0,0.0,4744.0,4116.0,7218.0,18246.0,130.0,357.0,341.0,-1572.0,6877.0,19818.0,33.0,100.0,147.0,7071.0,147.0,0.0,147.0,0.0,0.0,0.0,0.0,0.0,7218.0,0.0,0.0,0.0,0.0,0.0,0.0,147.0,0.0,0.0,0.0,0.0,0.0,0.0,194.0,0.0,0.0,0.0,0.0,0.0,0.0,6877.0,0.0,0.0,0.0,0.0,0.0,0.0,97790.0,0.0,0.0,0.0,0.0,0.0,0.0
S00275_PONTA,0, ,4844.0," ""GERAL""       ",0.0,521.0,0.0,196.0,4782.0,462.0,1673.0,1680.0,0.0,0.0,207.0,180.0,352.0,956.0,119.0,325.0,48.0,80.0,304.0,876.0,18.0,101.0,3.0,349.0,3.0,0.0,3.0,0.0,0.0,0.0,0.0,0.0,352.0,0.0,0.0,0.0,0.0,0.0,0.0,3.0,0.0,0.0,0.0,0.0,0.0,0.0,46.0,0.0,0.0,0.0,0.0,0.0,0.0,304.0,0.0,0.0,0.0,0.0,0.0,0.0,4782.0,0.0,0.0,0.0,0.0,0.0,0.0
S00276_FORA_PONTA,0, ,4865.0," ""GERAL""       ",43624.0,1904.0,3772.0,3779.0,34415.0,2291.0,2406.0,2409.0,0.0,0.0,1442.0,1251.0,2262.0,5775.0,130.0,356.0,180.0,-226.0,2083.0,6000.0,33.0,100.0,64.0,2198.0,64.0,0.0,64.0,0.0,0.0,0.0,0.0,0.0,2262.0,0.0,0.0,0.0,0.0,0.0,0.0,64.0,0.0,0.0,0.0,0.0,0.0,0.0,116.0,0.0,0.0,0.0,0.0,0.0,0.0,2083.0,0.0,0.0,0.0,0.0,0.0,0.0,34415.0,0.0,0.0,0.0,0.0,0.0,0.0
S00277_PONTA,0, ,4868.0," ""GERAL""       ",0.0,312.0,0.0,114.0,4574.0,268.0,1602.0,1604.0,0.0,0.0,207.0,180.0,348.0,941.0,118.0,319.0,44.0,64.0,304.0,877.0,16.0,101.0,2.0,346.0,2.0,0.0,2.0,0.0,0.0,0.0,0.0,0.0,348.0,0.0,0.0,0.0,0.0,0.0,0.0,2.0,0.0,0.0,0.0,0.0,0.0,0.0,42.0,0.0,0.0,0.0,0.0,0.0,0.0,304.0,0.0,0.0,0.0,0.0,0.0,0.0,4574.0,0.0,0.0,0.0,0.0,0.0,0.0
S00278_FORA_PONTA,0, ,4889.0," ""GERAL""       ",46010.0,1632.0,3683.0,3686.0,36959.0,1997.0,2677.0,2680.0,0.0,0.0,1441.0,1251.0,2270.0,5789.0,130.0,356.0,190.0,-205.0,2080.0,5995.0,32.0,100.0,71.0,2199.0,71.0,0.0,71.0,0.0,0.0,0.0,0.0,0.0,2270.0,0.0,0.0,0.0,0.0,0.0,0.0,71.0,0.0,0.0,0.0,0.0,0.0,0.0,118.0,0.0,0.0,0.0,0.0,0.0,0.0,2080.0,0.0,0.0,0.0,0.0,0.0,0.0,36959.0,0.0,0.0,0.0,0.0,0.0,0.0
S00279_PONTA,0, ,4892.0," ""GERAL""       ",0.0,442.0,0.0,193.0,4891.0,373.0,1749.0,1751.0,0.0,0.0,207.0,180.0,355.0,966.0,120.0,331.0,51.0,90.0,304.0,877.0,19.0,101.0,3.0,352.0,3.0,0.0,3.0,0.0,0.0,0.0,0.0,0.0,355.0,0.0,0.0,0.0,0.0,0.0,0.0,3.0,0.0,0.0,0.0,0.0,0.0,0.0,48.0,0.0,0.0,0.0,0.0,0.0,0.0,304.0,0.0,0.0,0.0,0.0,0.0,0.0,4891.0,0.0,0.0,0.0,0.0,0.0,0.0
S00280_FORA_PONTA,0, ,4913.0," ""GERAL""       ",46701.0,2564.0,3794.0,3800.0,37304.0,2904.0,2762.0,2767.0,0.0,0.0,1440.0,1251.0,2275.0,5808.0,130.0,357.0,198.0,-178.0,2077.0,5986.0,33.0,100.0,74.0,2201.0,74.0,0.0,74.0,0.0,0.0,0.0,0.0,0.0,2275.0,0.0,0.0,0.0,0.0,0.0,0.0,74.0,0.0,0.0,0.0,0.0,0.0,0.0,124.0,0.0,0.0,0.0,0.0,0.0,0.0,2077.0,0.0,0.0,0.0,0.0,0.0,0.0,37304.0,0.0,0.0,0.0,0.0,0.0,0.0
S00281_PONTA,0, ,4916.0," ""GERAL""       ",0.0,505.0,0.0,184.0,4827.0,442.0,1709.0,1713.0,0.0,0.0,207.0,180.0,353.0,960.0,120.0,328.0,49.0,84.0,304.0,876.0,19.0,101.0,3.0,350.0,3.0,0.0,3.0,0.0,0.0,0.0,0.0,0.0,353.0,0.0,0.0,0.0,0.0,0.0,0.0,3.0,0.0,0.0,0.0,0.0,0.0,0.0,47.0,0.0,0.0,0.0,0.0,0.0,0.0,304.0,0.0,0.0,0.0,0.0,0.0,0.0,4827.0,0.0,0.0,0.0,0.0,0.0,0.0
S00282_FORA_PONTA,0, ,4937.0," ""GERAL""       ",44710.0,2467.0,3751.0,3757.0,35497.0,2840.0,2578.0,2584.0,0.0,0.0,1441.0,1251.0,2265.0,5781.0,130.0,356.0,185.0,-212.0,2080.0,5993.0,33.0,100.0,68.0,2198.0,68.0,0.0,68.0,0.0,0.0,0.0,0.0,0.0,2265.0,0.0,0.0,0.0,0.0,0.0,0.0,68.0,0.0,0.0,0.0,0.0,0.0,0.0,118.0,0.0,0.0,0.0,0.0,0.0,0.0,2080.0,0.0,0.0,0.0,0.0,0.0,0.0,35497.0,0.0,0.0,0.0,0.0,0.0,0.0
S00283_PONTA,0, ,4940.0," ""GERAL""       ",0.0,514.0,0.0,192.0,5024.0,436.0,1767.0,1772.0,0.0,0.0,207.0,180.0,357.0,975.0,121.0,333.0,53.0,99.0,304.0,876.0,20.0,101.0,3.0,354.0,3.0,0.0,3.0,0.0,0.0,0.0,0.0,0.0,357.0,0.0,0.0,0.0,0.0,0.0,0.0,3.0,0.0,0.0,0.0,0.0,0.0,0.0,50.0,0.0,0.0,0.0,0.0,0.0,0.0,304.0,0.0,0.0,0.0,0.0,0.0,0.0,5024.0,0.0,0.0,0.0,0.0,0.0,0.0
S00284_FORA_PONTA,0, ,5009.0," ""GERAL""       ",106868.0,6129.0,3841.0,3850.0,91129.0,8261.0,2567.0,2571.0,0.0,0.0,4745.0,4117.0,7209.0,18220.0,130.0,357.0,326.0,-1615.0,6883.0,19834.0,34.0,100.0,134.0,7075.0,134.0,0.0,134.0,0.0,0.0,0.0,0.0,0.0,7209.0,0.0,0.0,0.0,0.0,0.0,0.0,134.0,0.0,0.0,0.0,0.0,0.0,0.0,193.0,0.0,0.0,0.0,0.0,0.0,0.0,6883.0,0.0,0.0,0.0,0.0,0.0,0.0,91129.0,0.0,0.0,0.0,0.0,0.0,0.0
S00285_PONTA,0, ,5012.0," ""GERAL""       ",0.0,397.0,0.0,155.0,4815.0,335.0,1717.0,1721.0,0.0,0.0,207.0,180.0,353.0,960.0,120.0,328.0,49.0,83.0,304.0,877.0,19.0,101.0,3.0,350.0,3.0,0.0,3.0,0.0,0.0,0.0,0.0,0.0,353.0,0.0,0.0,0.0,0.0,0.0,0.0,3.0,0.0,0.0,0.0,0.0,0.0,0.0,46.0,0.0,0.0,0.0,0.0,0.0,0.0,304.0,0.0,0.0,0.0,0.0,0.0,0.0,4815.0,0.0,0.0,0.0,0.0,0.0,0.0
S00286_FORA_PONTA,0, ,5033.0," ""GERAL""       ",44048.0,2117.0,3767.0,3773.0,34836.0,2493.0,2329.0,2332.0,0.0,0.0,1441.0,1251.0,2265.0,5782.0,130.0,357.0,183.0,-216.0,2081.0,5998.0,33.0,100.0,66.0,2199.0,66.0,0.0,66.0,0.0,0.0,0.0,0.0,0.0,2265.0,0.0,0.0,0.0,0.0,0.0,0.0,66.0,0.0,0.0,0.0,0.0,0.0,0.0,117.0,0.0,0.0,0.0,0.0,0.0,0.0,2081.0,0.0,0.0,0.0,0.0,0.0,0.0,34836.0,0.0,0.0,0.0,0.0,0.0,0.0
S00287_PONTA,0, ,5036.0," ""GERAL""       ",0.0,462.0,0.0,206.0,4978.0,388.0,1754.0,1762.0,0.0,0.0,207.0,180.0,356.0,972.0,120.0,331.0,52.0,95.0,304.0,876.0,19.0,101.0,3.0,353.0,3.0,0.0,3.0,0.0,0.0,0.0,0.0,0.0,356.0,0.0,0.0,0.0,0.0,0.0,0.0,3.0,0.0,0.0,0.0,0.0,0.0,0.0,49.0,0.0,0.0,0.0,0.0,0.0,0.0,304.0,0.0,0.0,0.0,0.0,0.0,0.0,4978.0,0.0,0.0,0.0,0.0,0.0,0.0
S00288_FORA_PONTA,0, ,5057.0," ""GERAL""       ",43862.0,2126.0,3825.0,3830.0,34474.0,2490.0,2186.0,2189.0,0.0,0.0,1441.0,1251.0,2266.0,5794.0,131.0,358.0,185.0,-204.0,2082.0,5998.0,34.0,100.0,65.0,2202.0,65.0,0.0,65.0,0.0,0.0,0.0,0.0,0.0,2266.0,0.0,0.0,0.0,0.0,0.0,0.0,65.0,0.0,0.0,0.0,0.0,0.0,0.0,120.0,0.0,0.0,0.0,0.0,0.0,0.0,2082.0,0.0,0.0,0.0,0.0,0.0,0.0,34474.0,0.0,0.0,0.0,0.0,0.0,0.0
S00289_PONTA,0, ,5060.0," ""GERAL""       ",0.0,562.0,0.0,250.0,5093.0,475.0,1760.0,1768.0,0.0,0.0,207.0,180.0,359.0,983.0,121.0,334.0,55.0,108.0,304.0,876.0,20.0,101.0,3.0,355.0,3.0,0.0,3.0,0.0,0.0,0.0,0.0,0.0,359.0,0.0,0.0,0.0,0.0,0.0,0.0,3.0,0.0,0.0,0.0,0.0,0.0,0.0,52.0,0.0,0.0,0.0,0.0,0.0,0.0,304.0,0.0,0.0,0.0,0.0,0.0,0.0,5093.0,0.0,0.0,0.0,0.0,0.0,0.0
S00290_FORA_PONTA,0, ,5081.0," ""GERAL""       ",47672.0,2711.0,3901.0,3910.0,37922.0,3021.0,2760.0,2764.0,0.0,0.0,1440.0,1251.0,2283.0,5833.0,131.0,358.0,207.0,-148.0,2076.0,5982.0,34.0,100.0,77.0,2205.0,77.0,0.0,77.0,0.0,0.0,0.0,0.0,0.0,2283.0,0.0,0.0,0.0,0.0,0.0,0.0,77.0,0.0,0.0,0.0,0.0,0.0,0.0,129.0,0.0,0.0,0.0,0.0,0.0,0.0,2076.0,0.0,0.0,0.0,0.0,0.0,0.0,37922.0,0.0,0.0,0.0,0.0,0.0,0.0
S00291_PONTA,0, ,5084.0," ""GERAL""       ",0.0,492.0,0.0,179.0,4905.0,422.0,1719.0,1724.0,0.0,0.0,207.0,180.0,354.0,967.0,120.0,329.0,51.0,91.0,304.0,876.0,19.0,101.0,3.0,352.0,3.0,0.0,3.0,0.0,0.0,0.0,0.0,0.0,354.0,0.0,0.0,0.0,0.0,0.0,0.0,3.0,0.0,0.0,0.0,0.0,0.0,0.0,48.0,0.0,0.0,0.0,0.0,0.0,0.0,304.0,0.0,0.0,0.0,0.0,0.0,0.0,4905.0,0.0,0.0,0.0,0.0,0.0,0.0
S00292_FORA_PONTA,0, ,5105.0," ""GERAL""       ",42940.0,2380.0,3761.0,3768.0,33555.0,2756.0,2211.0,2215.0,0.0,0.0,1442.0,1251.0,2264.0,5783.0,130.0,357.0,182.0,-216.0,2082.0,5999.0,33.0,100.0,63.0,2201.0,63.0,0.0,63.0,0.0,0.0,0.0,0.0,0.0,2264.0,0.0,0.0,0.0,0.0,0.0,0.0,63.0,0.0,0.0,0.0,0.0,0.0,0.0,119.0,0.0,0.0,0.0,0.0,0.0,0.0,2082.0,0.0,0.0,0.0,0.0,0.0,0.0,33555.0,0.0,0.0,0.0,0.0,0.0,0.0
S00293_PONTA,0, ,5108.0," ""GERAL""       ",0.0,480.0,0.0,210.0,4620.0,431.0,1624.0,1635.0,0.0,0.0,207.0,180.0,350.0,946.0,119.0,324.0,46.0,70.0,304.0,876.0,18.0,101.0,3.0,347.0,3.0,0.0,3.0,0.0,0.0,0.0,0.0,0.0,350.0,0.0,0.0,0.0,0.0,0.0,0.0,3.0,0.0,0.0,0.0,0.0,0.0,0.0,43.0,0.0,0.0,0.0,0.0,0.0,0.0,304.0,0.0,0.0,0.0,0.0,0.0,0.0,4620.0,0.0,0.0,0.0,0.0,0.0,0.0
S00294_FORA_PONTA,0, ,5177.0," ""GERAL""       ",114776.0,6806.0,3671.0,3676.0,99371.0,8866.0,2970.0,2973.0,0.0,0.0,4743.0,4115.0,7230.0,18264.0,129.0,355.0,358.0,-1541.0,6872.0,19804.0,32.0,100.0,155.0,7075.0,155.0,0.0,155.0,0.0,0.0,0.0,0.0,0.0,7230.0,0.0,0.0,0.0,0.0,0.0,0.0,155.0,0.0,0.0,0.0,0.0,0.0,0.0,202.0,0.0,0.0,0.0,0.0,0.0,0.0,6872.0,0.0,0.0,0.0,0.0,0.0,0.0,99371.0,0.0,0.0,0.0,0.0,0.0,0.0
S00295_PONTA,0, ,5180.0," ""GERAL""       ",156.0,596.0,156.0,309.0,5955.0,447.0,2137.0,2142.0,0.0,0.0,207.0,179.0,374.0,1045.0,127.0,358.0,71.0,170.0,303.0,875.0,26.0,101.0,4.0,370.0,4.0,0.0,4.0,0.0,0.0,0.0,0.0,0.0,374.0,0.0,0.0,0.0,0.0,0.0,0.0,4.0,0.0,0.0,0.0,0.0,0.0,0.0,67.0,0.0,0.0,0.0,0.0,0.0,0.0,303.0,0.0,0.0,0.0,0.0,0.0,0.0,5955.0,0.0,0.0,0.0,0.0,0.0,0.0
S00296_FORA_PONTA,0, ,5201.0," ""GERAL""       ",55350.0,2993.0,4042.0,4047.0,44863.0,3168.0,3121.0,3125.0,0.0,0.0,1438.0,1249.0,2324.0,5944.0,132.0,361.0,257.0,-10.0,2067.0,5955.0,35.0,100.0,103.0,2221.0,103.0,0.0,103.0,0.0,0.0,0.0,0.0,0.0,2324.0,0.0,0.0,0.0,0.0,0.0,0.0,103.0,0.0,0.0,0.0,0.0,0.0,0.0,154.0,0.0,0.0,0.0,0.0,0.0,0.0,2067.0,0.0,0.0,0.0,0.0,0.0,0.0,44863.0,0.0,0.0,0.0,0.0,0.0,0.0
S00297_PONTA,0, ,5204.0," ""GERAL""       ",366.0,706.0,292.0,420.0,6201.0,547.0,2270.0,2282.0,0.0,0.0,207.0,179.0,376.0,1054.0,129.0,363.0,74.0,181.0,303.0,874.0,28.0,101.0,5.0,371.0,5.0,0.0,5.0,0.0,0.0,0.0,0.0,0.0,376.0,0.0,0.0,0.0,0.0,0.0,0.0,5.0,0.0,0.0,0.0,0.0,0.0,0.0,68.0,0.0,0.0,0.0,0.0,0.0,0.0,303.0,0.0,0.0,0.0,0.0,0.0,0.0,6201.0,0.0,0.0,0.0,0.0,0.0,0.0
S00298_FORA_PONTA,0, ,5225.0," ""GERAL""       ",51698.0,2812.0,4019.0,4026.0,41050.0,3038.0,2800.0,2803.0,0.0,0.0,1439.0,1250.0,2306.0,5904.0,132.0,360.0,234.0,-63.0,2071.0,5968.0,35.0,100.0,88.0,2217.0,88.0,0.0,88.0,0.0,0.0,0.0,0.0,0.0,2306.0,0.0,0.0,0.0,0.0,0.0,0.0,88.0,0.0,0.0,0.0,0.0,0.0,0.0,146.0,0.0,0.0,0.0,0.0,0.0,0.0,2071.0,0.0,0.0,0.0,0.0,0.0,0.0,41050.0,0.0,0.0,0.0,0.0,0.0,0.0
S00299_PONTA,0, ,5228.0," ""GERAL""       ",148.0,692.0,142.0,308.0,5980.0,538.0,2123.0,2134.0,0.0,0.0,207.0,179.0,375.0,1049.0,127.0,359.0,72.0,174.0,303.0,874.0,26.0,101.0,4.0,370.0,4.0,0.0,4.0,0.0,0.0,0.0,0.0,0.0,375.0,0.0,0.0,0.0,0.0,0.0,0.0,4.0,0.0,0.0,0.0,0.0,0.0,0.0,67.0,0.0,0.0,0.0,0.0,0.0,0.0,303.0,0.0,0.0,0.0,0.0,0.0,0.0,5980.0,0.0,0.0,0.0,0.0,0.0,0.0
S00300_FORA_PONTA,0, ,5249.0," ""GERAL""       ",51687.0,2868.0,4026.0,4034.0,41040.0,3097.0,2919.0,2923.0,0.0,0.0,1439.0,1250.0,2305.0,5902.0,132.0,360.0,234.0,-66.0,2071.0,5967.0,35.0,100.0,88.0,2217.0,88.0,0.0,88.0,0.0,0.0,0.0,0.0,0.0,2305.0,0.0,0.0,0.0,0.0,0.0,0.0,88.0,0.0,0.0,0.0,0.0,0.0,0.0,146.0,0.0,0.0,0.0,0.0,0.0,0.0,2071.0,0.0,0.0,0.0,0.0,0.0,0.0,41040.0,0.0,0.0,0.0,0.0,0.0,0.0
S00301_PONTA,0, ,5252.0," ""GERAL""       ",34.0,583.0,62.0,265.0,5786.0,439.0,2043.0,2047.0,0.0,0.0,207.0,179.0,373.0,1040.0,126.0,353.0,70.0,164.0,303.0,875.0,25.0,101.0,4.0,369.0,4.0,0.0,4.0,0.0,0.0,0.0,0.0,0.0,373.0,0.0,0.0,0.0,0.0,0.0,0.0,4.0,0.0,0.0,0.0,0.0,0.0,0.0,65.0,0.0,0.0,0.0,0.0,0.0,0.0,303.0,0.0,0.0,0.0,0.0,0.0,0.0,5786.0,0.0,0.0,0.0,0.0,0.0,0.0
S00302_FORA_PONTA,0, ,5273.0," ""GERAL""       ",53834.0,3138.0,3969.0,3975.0,43531.0,3339.0,3166.0,3173.0,0.0,0.0,1438.0,1249.0,2315.0,5921.0,132.0,360.0,247.0,-38.0,2068.0,5959.0,35.0,100.0,99.0,2216.0,99.0,0.0,99.0,0.0,0.0,0.0,0.0,0.0,2315.0,0.0,0.0,0.0,0.0,0.0,0.0,99.0,0.0,0.0,0.0,0.0,0.0,0.0,148.0,0.0,0.0,0.0,0.0,0.0,0.0,2068.0,0.0,0.0,0.0,0.0,0.0,0.0,43531.0,0.0,0.0,0.0,0.0,0.0,0.0
S00303_PONTA,0, ,5276.0," ""GERAL""       ",855.0,613.0,429.0,475.0,6797.0,443.0,2409.0,2413.0,0.0,0.0,207.0,179.0,379.0,1064.0,127.0,356.0,77.0,191.0,302.0,873.0,26.0,101.0,5.0,374.0,5.0,0.0,5.0,0.0,0.0,0.0,0.0,0.0,379.0,0.0,0.0,0.0,0.0,0.0,0.0,5.0,0.0,0.0,0.0,0.0,0.0,0.0,71.0,0.0,0.0,0.0,0.0,0.0,0.0,302.0,0.0,0.0,0.0,0.0,0.0,0.0,6797.0,0.0,0.0,0.0,0.0,0.0,0.0
S00304_FORA_PONTA,0, ,5345.0," ""GERAL""       ",131609.0,7371.0,4260.0,4267.0,114727.0,9142.0,3694.0,3698.0,0.0,0.0,4739.0,4113.0,7312.0,18498.0,133.0,364.0,460.0,-1249.0,6852.0,19747.0,37.0,100.0,209.0,7103.0,209.0,0.0,209.0,0.0,0.0,0.0,0.0,0.0,7312.0,0.0,0.0,0.0,0.0,0.0,0.0,209.0,0.0,0.0,0.0,0.0,0.0,0.0,250.0,0.0,0.0,0.0,0.0,0.0,0.0,6852.0,0.0,0.0,0.0,0.0,0.0,0.0,114727.0,0.0,0.0,0.0,0.0,0.0,0.0
S00305_PONTA,0, ,5348.0," ""GERAL""       ",741.0,672.0,349.0,408.0,6683.0,500.0,2330.0,2335.0,0.0,0.0,207.0,179.0,379.0,1066.0,127.0,356.0,77.0,193.0,302.0,873.0,26.0,101.0,5.0,374.0,5.0,0.0,5.0,0.0,0.0,0.0,0.0,0.0,379.0,0.0,0.0,0.0,0.0,0.0,0.0,5.0,0.0,0.0,0.0,0.0,0.0,0.0,71.0,0.0,0.0,0.0,0.0,0.0,0.0,302.0,0.0,0.0,0.0,0.0,0.0,0.0,6683.0,0.0,0.0,0.0,0.0,0.0,0.0
S00306_FORA_PONTA,0, ,5369.0," ""GERAL""       ",59700.0,3219.0,4326.0,4331.0,49004.0,3302.0,3612.0,3616.0,0.0,0.0,1437.0,1249.0,2354.0,6021.0,135.0,367.0,292.0,82.0,2061.0,5939.0,38.0,100.0,123.0,2230.0,123.0,0.0,123.0,0.0,0.0,0.0,0.0,0.0,2354.0,0.0,0.0,0.0,0.0,0.0,0.0,123.0,0.0,0.0,0.0,0.0,0.0,0.0,169.0,0.0,0.0,0.0,0.0,0.0,0.0,2061.0,0.0,0.0,0.0,0.0,0.0,0.0,49004.0,0.0,0.0,0.0,0.0,0.0,0.0
S00307_PONTA,0, ,5372.0," ""GERAL""       ",286.0,629.0,280.0,358.0,5391.0,515.0,2261.0,2267.0,0.0,0.0,207.0,179.0,365.0,1009.0,127.0,355.0,62.0,135.0,303.0,874.0,26.0,102.0,4.0,361.0,4.0,0.0,4.0,0.0,0.0,0.0,0.0,0.0,365.0,0.0,0.0,0.0,0.0,0.0,0.0,4.0,0.0,0.0,0.0,0.0,0.0,0.0,58.0,0.0,0.0,0.0,0.0,0.0,0.0,303.0,0.0,0.0,0.0,0.0,0.0,0.0,5391.0,0.0,0.0,0.0,0.0,0.0,0.0
S00308_FORA_PONTA,0, ,5393.0," ""GERAL""       ",56187.0,2738.0,4373.0,4379.0,46560.0,2915.0,3327.0,3331.0,0.0,0.0,1438.0,1249.0,2325.0,5940.0,135.0,368.0,258.0,-13.0,2066.0,5954.0,39.0,100.0,108.0,2217.0,108.0,0.0,108.0,0.0,0.0,0.0,0.0,0.0,2325.0,0.0,0.0,0.0,0.0,0.0,0.0,108.0,0.0,0.0,0.0,0.0,0.0,0.0,150.0,0.0,0.0,0.0,0.0,0.0,0.0,2066.0,0.0,0.0,0.0,0.0,0.0,0.0,46560.0,0.0,0.0,0.0,0.0,0.0,0.0
S00309_PONTA,0, ,5396.0," ""GERAL""       ",456.0,710.0,275.0,426.0,6399.0,542.0,2255.0,2271.0,0.0,0.0,207.0,179.0,378.0,1062.0,127.0,360.0,75.0,188.0,303.0,873.0,27.0,101.0,5.0,373.0,5.0,0.0,5.0,0.0,0.0,0.0,0.0,0.0,378.0,0.0,0.0,0.0,0.0,0.0,0.0,5.0,0.0,0.0,0.0,0.0,0.0,0.0,71.0,0.0,0.0,0.0,0.0,0.0,0.0,303.0,0.0,0.0,0.0,0.0,0.0,0.0,6399.0,0.0,0.0,0.0,0.0,0.0,0.0
S00310_FORA_PONTA,0, ,5417.0," ""GERAL""       ",59941.0,3140.0,4247.0,4258.0,49243.0,3217.0,3722.0,3725.0,0.0,0.0,1437.0,1248.0,2355.0,6027.0,133.0,362.0,294.0,88.0,2061.0,5939.0,37.0,100.0,125.0,2231.0,125.0,0.0,125.0,0.0,0.0,0.0,0.0,0.0,2355.0,0.0,0.0,0.0,0.0,0.0,0.0,125.0,0.0,0.0,0.0,0.0,0.0,0.0,170.0,0.0,0.0,0.0,0.0,0.0,0.0,2061.0,0.0,0.0,0.0,0.0,0.0,0.0,49243.0,0.0,0.0,0.0,0.0,0.0,0.0
S00311_PONTA,0, ,5420.0," ""GERAL""       ",1312.0,632.0,585.0,632.0,7252.0,456.0,2564.0,2568.0,0.0,0.0,207.0,179.0,381.0,1069.0,128.0,360.0,79.0,198.0,302.0,871.0,27.0,101.0,6.0,374.0,6.0,0.0,6.0,0.0,0.0,0.0,0.0,0.0,381.0,0.0,0.0,0.0,0.0,0.0,0.0,6.0,0.0,0.0,0.0,0.0,0.0,0.0,73.0,0.0,0.0,0.0,0.0,0.0,0.0,302.0,0.0,0.0,0.0,0.0,0.0,0.0,7252.0,0.0,0.0,0.0,0.0,0.0,0.0
S00312_FORA_PONTA,0, ,5441.0," ""GERAL""       ",40249.0,1839.0,4440.0,4448.0,29639.0,2178.0,2232.0,2240.0,0.0,0.0,1442.0,1252.0,2275.0,5831.0,135.0,369.0,189.0,-180.0,2086.0,6011.0,39.0,100.0,59.0,2216.0,59.0,0.0,59.0,0.0,0.0,0.0,0.0,0.0,2275.0,0.0,0.0,0.0,0.0,0.0,0.0,59.0,0.0,0.0,0.0,0.0,0.0,0.0,130.0,0.0,0.0,0.0,0.0,0.0,0.0,2086.0,0.0,0.0,0.0,0.0,0.0,0.0,29639.0,0.0,0.0,0.0,0.0,0.0,0.0
S00313_PONTA,0, ,5444.0," ""GERAL""       ",0.0,470.0,0.0,186.0,4682.0,412.0,1636.0,1642.0,0.0,0.0,207.0,180.0,352.0,955.0,119.0,325.0,48.0,79.0,304.0,876.0,18.0,101.0,3.0,349.0,3.0,0.0,3.0,0.0,0.0,0.0,0.0,0.0,352.0,0.0,0.0,0.0,0.0,0.0,0.0,3.0,0.0,0.0,0.0,0.0,0.0,0.0,45.0,0.0,0.0,0.0,0.0,0.0,0.0,304.0,0.0,0.0,0.0,0.0,0.0,0.0,4682.0,0.0,0.0,0.0,0.0,0.0,0.0
S00314_FORA_PONTA,0, ,5513.0," ""GERAL""       ",118001.0,5913.0,3761.0,3769.0,102592.0,7956.0,3185.0,3189.0,0.0,0.0,4743.0,4115.0,7234.0,18276.0,130.0,357.0,363.0,-1525.0,6871.0,19801.0,33.0,100.0,162.0,7072.0,162.0,0.0,162.0,0.0,0.0,0.0,0.0,0.0,7234.0,0.0,0.0,0.0,0.0,0.0,0.0,162.0,0.0,0.0,0.0,0.0,0.0,0.0,201.0,0.0,0.0,0.0,0.0,0.0,0.0,6871.0,0.0,0.0,0.0,0.0,0.0,0.0,102592.0,0.0,0.0,0.0,0.0,0.0,0.0
S00315_PONTA,0, ,5516.0," ""GERAL""       ",502.0,773.0,254.0,366.0,6443.0,601.0,2234.0,2241.0,0.0,0.0,207.0,179.0,379.0,1066.0,128.0,360.0,77.0,193.0,302.0,873.0,27.0,101.0,6.0,374.0,6.0,0.0,6.0,0.0,0.0,0.0,0.0,0.0,379.0,0.0,0.0,0.0,0.0,0.0,0.0,6.0,0.0,0.0,0.0,0.0,0.0,0.0,71.0,0.0,0.0,0.0,0.0,0.0,0.0,302.0,0.0,0.0,0.0,0.0,0.0,0.0,6443.0,0.0,0.0,0.0,0.0,0.0,0.0
S00316_FORA_PONTA,0, ,5537.0," ""GERAL""       ",57487.0,3210.0,4177.0,4185.0,46797.0,3306.0,3277.0,3281.0,0.0,0.0,1437.0,1249.0,2348.0,6014.0,133.0,363.0,284.0,68.0,2064.0,5946.0,37.0,100.0,117.0,2231.0,117.0,0.0,117.0,0.0,0.0,0.0,0.0,0.0,2348.0,0.0,0.0,0.0,0.0,0.0,0.0,117.0,0.0,0.0,0.0,0.0,0.0,0.0,168.0,0.0,0.0,0.0,0.0,0.0,0.0,2064.0,0.0,0.0,0.0,0.0,0.0,0.0,46797.0,0.0,0.0,0.0,0.0,0.0,0.0
S00317_PONTA,0, ,5540.0," ""GERAL""       ",458.0,680.0,263.0,346.0,6400.0,511.0,2244.0,2250.0,0.0,0.0,207.0,179.0,379.0,1063.0,127.0,356.0,76.0,190.0,303.0,873.0,26.0,101.0,5.0,374.0,5.0,0.0,5.0,0.0,0.0,0.0,0.0,0.0,379.0,0.0,0.0,0.0,0.0,0.0,0.0,5.0,0.0,0.0,0.0,0.0,0.0,0.0,71.0,0.0,0.0,0.0,0.0,0.0,0.0,303.0,0.0,0.0,0.0,0.0,0.0,0.0,6400.0,0.0,0.0,0.0,0.0,0.0,0.0
S00318_FORA_PONTA,0, ,5561.0," ""GERAL""       ",55625.0,2938.0,4220.0,4227.0,44954.0,3095.0,3177.0,3184.0,0.0,0.0,1438.0,1249.0,2329.0,5960.0,134.0,365.0,262.0,6.0,2066.0,5954.0,37.0,100.0,105.0,2223.0,105.0,0.0,105.0,0.0,0.0,0.0,0.0,0.0,2329.0,0.0,0.0,0.0,0.0,0.0,0.0,105.0,0.0,0.0,0.0,0.0,0.0,0.0,157.0,0.0,0.0,0.0,0.0,0.0,0.0,2066.0,0.0,0.0,0.0,0.0,0.0,0.0,44954.0,0.0,0.0,0.0,0.0,0.0,0.0
S00319_PONTA,0, ,5564.0," ""GERAL""       ",334.0,651.0,205.0,329.0,6265.0,487.0,2185.0,2194.0,0.0,0.0,207.0,179.0,378.0,1059.0,127.0,357.0,75.0,185.0,303.0,874.0,26.0,101.0,5.0,373.0,5.0,0.0,5.0,0.0,0.0,0.0,0.0,0.0,378.0,0.0,0.0,0.0,0.0,0.0,0.0,5.0,0.0,0.0,0.0,0.0,0.0,0.0,70.0,0.0,0.0,0.0,0.0,0.0,0.0,303.0,0.0,0.0,0.0,0.0,0.0,0.0,6265.0,0.0,0.0,0.0,0.0,0.0,0.0
S00320_FORA_PONTA,0, ,5585.0," ""GERAL""       ",52389.0,3149.0,4143.0,4151.0,41737.0,3365.0,2843.0,2848.0,0.0,0.0,1439.0,1250.0,2309.0,5911.0,133.0,363.0,240.0,-52.0,2070.0,5963.0,37.0,100.0,92.0,2217.0,92.0,0.0,92.0,0.0,0.0,0.0,0.0,0.0,2309.0,0.0,0.0,0.0,0.0,0.0,0.0,92.0,0.0,0.0,0.0,0.0,0.0,0.0,148.0,0.0,0.0,0.0,0.0,0.0,0.0,2070.0,0.0,0.0,0.0,0.0,0.0,0.0,41737.0,0.0,0.0,0.0,0.0,0.0,0.0
S00321_PONTA,0, ,5588.0," ""GERAL""       ",165.0,719.0,170.0,343.0,5994.0,567.0,2151.0,2160.0,0.0,0.0,207.0,179.0,374.0,1047.0,127.0,359.0,71.0,173.0,303.0,874.0,27.0,101.0,4.0,370.0,4.0,0.0,4.0,0.0,0.0,0.0,0.0,0.0,374.0,0.0,0.0,0.0,0.0,0.0,0.0,4.0,0.0,0.0,0.0,0.0,0.0,0.0,67.0,0.0,0.0,0.0,0.0,0.0,0.0,303.0,0.0,0.0,0.0,0.0,0.0,0.0,5994.0,0.0,0.0,0.0,0.0,0.0,0.0
S00322_FORA_PONTA,0, ,5609.0," ""GERAL""       ",51703.0,2941.0,4063.0,4071.0,41050.0,3157.0,2755.0,2759.0,0.0,0.0,1439.0,1250.0,2310.0,5915.0,133.0,362.0,240.0,-52.0,2071.0,5966.0,36.0,100.0,91.0,2220.0,91.0,0.0,91.0,0.0,0.0,0.0,0.0,0.0,2310.0,0.0,0.0,0.0,0.0,0.0,0.0,91.0,0.0,0.0,0.0,0.0,0.0,0.0,149.0,0.0,0.0,0.0,0.0,0.0,0.0,2071.0,0.0,0.0,0.0,0.0,0.0,0.0,41050.0,0.0,0.0,0.0,0.0,0.0,0.0
S00323_PONTA,0, ,5612.0," ""GERAL""       ",25.0,739.0,52.0,284.0,5795.0,596.0,2033.0,2045.0,0.0,0.0,207.0,179.0,372.0,1038.0,126.0,353.0,69.0,163.0,303.0,875.0,25.0,101.0,4.0,368.0,4.0,0.0,4.0,0.0,0.0,0.0,0.0,0.0,372.0,0.0,0.0,0.0,0.0,0.0,0.0,4.0,0.0,0.0,0.0,0.0,0.0,0.0,65.0,0.0,0.0,0.0,0.0,0.0,0.0,303.0,0.0,0.0,0.0,0.0,0.0,0.0,5795.0,0.0,0.0,0.0,0.0,0.0,0.0
S00324_FORA_PONTA,0, ,5681.0," ""GERAL""       ",122400.0,7645.0,4003.0,4012.0,105733.0,9537.0,3447.0,3451.0,0.0,0.0,4741.0,4114.0,7276.0,18403.0,131.0,359.0,414.0,-1371.0,6862.0,19774.0,35.0,101.0,182.0,7094.0,182.0,0.0,182.0,0.0,0.0,0.0,0.0,0.0,7276.0,0.0,0.0,0.0,0.0,0.0,0.0,182.0,0.0,0.0,0.0,0.0,0.0,0.0,232.0,0.0,0.0,0.0,0.0,0.0,0.0,6862.0,0.0,0.0,0.0,0.0,0.0,0.0,105733.0,0.0,0.0,0.0,0.0,0.0,0.0
S00325_PONTA,0, ,5684.0," ""GERAL""       ",609.0,608.0,288.0,348.0,6552.0,442.0,2269.0,2273.0,0.0,0.0,207.0,179.0,378.0,1061.0,126.0,355.0,75.0,187.0,303.0,874.0,26.0,101.0,5.0,373.0,5.0,0.0,5.0,0.0,0.0,0.0,0.0,0.0,378.0,0.0,0.0,0.0,0.0,0.0,0.0,5.0,0.0,0.0,0.0,0.0,0.0,0.0,71.0,0.0,0.0,0.0,0.0,0.0,0.0,303.0,0.0,0.0,0.0,0.0,0.0,0.0,6552.0,0.0,0.0,0.0,0.0,0.0,0.0
S00326_FORA_PONTA,0, ,5705.0," ""GERAL""       ",58767.0,3169.0,4350.0,4355.0,48079.0,3273.0,3411.0,3418.0,0.0,0.0,1437.0,1249.0,2345.0,6003.0,135.0,368.0,283.0,61.0,2062.0,5942.0,39.0,100.0,118.0,2228.0,118.0,0.0,118.0,0.0,0.0,0.0,0.0,0.0,2345.0,0.0,0.0,0.0,0.0,0.0,0.0,118.0,0.0,0.0,0.0,0.0,0.0,0.0,166.0,0.0,0.0,0.0,0.0,0.0,0.0,2062.0,0.0,0.0,0.0,0.0,0.0,0.0,48079.0,0.0,0.0,0.0,0.0,0.0,0.0
S00327_PONTA,0, ,5708.0," ""GERAL""       ",1440.0,721.0,564.0,627.0,7378.0,537.0,2543.0,2549.0,0.0,0.0,207.0,179.0,383.0,1076.0,129.0,362.0,81.0,206.0,302.0,870.0,28.0,101.0,7.0,375.0,7.0,0.0,7.0,0.0,0.0,0.0,0.0,0.0,383.0,0.0,0.0,0.0,0.0,0.0,0.0,7.0,0.0,0.0,0.0,0.0,0.0,0.0,74.0,0.0,0.0,0.0,0.0,0.0,0.0,302.0,0.0,0.0,0.0,0.0,0.0,0.0,7378.0,0.0,0.0,0.0,0.0,0.0,0.0
S00328_FORA_PONTA,0, ,5729.0," ""GERAL""       ",56363.0,3186.0,4478.0,4488.0,45786.0,3332.0,3277.0,3284.0,0.0,0.0,1438.0,1249.0,2333.0,5968.0,135.0,365.0,268.0,18.0,2065.0,5950.0,39.0,100.0,110.0,2223.0,110.0,0.0,110.0,0.0,0.0,0.0,0.0,0.0,2333.0,0.0,0.0,0.0,0.0,0.0,0.0,110.0,0.0,0.0,0.0,0.0,0.0,0.0,158.0,0.0,0.0,0.0,0.0,0.0,0.0,2065.0,0.0,0.0,0.0,0.0,0.0,0.0,45786.0,0.0,0.0,0.0,0.0,0.0,0.0
S00329_PONTA,0, ,5732.0," ""GERAL""       ",177.0,656.0,131.0,311.0,6105.0,495.0,2112.0,2118.0,0.0,0.0,207.0,179.0,377.0,1057.0,127.0,359.0,74.0,182.0,303.0,875.0,27.0,101.0,4.0,372.0,4.0,0.0,4.0,0.0,0.0,0.0,0.0,0.0,377.0,0.0,0.0,0.0,0.0,0.0,0.0,4.0,0.0,0.0,0.0,0.0,0.0,0.0,69.0,0.0,0.0,0.0,0.0,0.0,0.0,303.0,0.0,0.0,0.0,0.0,0.0,0.0,6105.0,0.0,0.0,0.0,0.0,0.0,0.0
S00330_FORA_PONTA,0, ,5753.0," ""GERAL""       ",53249.0,2969.0,4194.0,4201.0,42594.0,3173.0,2991.0,2995.0,0.0,0.0,1439.0,1250.0,2313.0,5921.0,133.0,364.0,244.0,-40.0,2069.0,5961.0,37.0,100.0,95.0,2219.0,95.0,0.0,95.0,0.0,0.0,0.0,0.0,0.0,2313.0,0.0,0.0,0.0,0.0,0.0,0.0,95.0,0.0,0.0,0.0,0.0,0.0,0.0,149.0,0.0,0.0,0.0,0.0,0.0,0.0,2069.0,0.0,0.0,0.0,0.0,0.0,0.0,42594.0,0.0,0.0,0.0,0.0,0.0,0.0
S00331_PONTA,0, ,5756.0," ""GERAL""       ",24.0,613.0,44.0,275.0,5754.0,472.0,2024.0,2035.0,0.0,0.0,207.0,179.0,372.0,1036.0,126.0,354.0,68.0,161.0,303.0,875.0,25.0,101.0,4.0,368.0,4.0,0.0,4.0,0.0,0.0,0.0,0.0,0.0,372.0,0.0,0.0,0.0,0.0,0.0,0.0,4.0,0.0,0.0,0.0,0.0,0.0,0.0,65.0,0.0,0.0,0.0,0.0,0.0,0.0,303.0,0.0,0.0,0.0,0.0,0.0,0.0,5754.0,0.0,0.0,0.0,0.0,0.0,0.0
S00332_FORA_PONTA,0, ,5777.0," ""GERAL""       ",49488.0,3036.0,4051.0,4057.0,39207.0,3303.0,2666.0,2671.0,0.0,0.0,1439.0,1250.0,2293.0,5869.0,132.0,360.0,219.0,-105.0,2073.0,5973.0,35.0,100.0,82.0,2211.0,82.0,0.0,82.0,0.0,0.0,0.0,0.0,0.0,2293.0,0.0,0.0,0.0,0.0,0.0,0.0,82.0,0.0,0.0,0.0,0.0,0.0,0.0,137.0,0.0,0.0,0.0,0.0,0.0,0.0,2073.0,0.0,0.0,0.0,0.0,0.0,0.0,39207.0,0.0,0.0,0.0,0.0,0.0,0.0
S00333_PONTA,0, ,5780.0," ""GERAL""       ",0.0,630.0,0.0,266.0,5152.0,540.0,1830.0,1840.0,0.0,0.0,207.0,179.0,359.0,986.0,122.0,338.0,56.0,111.0,303.0,875.0,21.0,101.0,3.0,356.0,3.0,0.0,3.0,0.0,0.0,0.0,0.0,0.0,359.0,0.0,0.0,0.0,0.0,0.0,0.0,3.0,0.0,0.0,0.0,0.0,0.0,0.0,53.0,0.0,0.0,0.0,0.0,0.0,0.0,303.0,0.0,0.0,0.0,0.0,0.0,0.0,5152.0,0.0,0.0,0.0,0.0,0.0,0.0
S00334_FORA_PONTA,0, ,5849.0," ""GERAL""       ",110412.0,7861.0,3802.0,3808.0,94513.0,9982.0,2637.0,2642.0,0.0,0.0,4744.0,4116.0,7204.0,18210.0,130.0,357.0,329.0,-1601.0,6875.0,19811.0,33.0,100.0,137.0,7067.0,137.0,0.0,137.0,0.0,0.0,0.0,0.0,0.0,7204.0,0.0,0.0,0.0,0.0,0.0,0.0,137.0,0.0,0.0,0.0,0.0,0.0,0.0,192.0,0.0,0.0,0.0,0.0,0.0,0.0,6875.0,0.0,0.0,0.0,0.0,0.0,0.0,94513.0,0.0,0.0,0.0,0.0,0.0,0.0
S00335_PONTA,0, ,5852.0," ""GERAL""       ",0.0,722.0,0.0,291.0,5712.0,584.0,1969.0,1979.0,0.0,0.0,207.0,179.0,371.0,1033.0,126.0,352.0,68.0,159.0,303.0,875.0,25.0,101.0,3.0,368.0,3.0,0.0,3.0,0.0,0.0,0.0,0.0,0.0,371.0,0.0,0.0,0.0,0.0,0.0,0.0,3.0,0.0,0.0,0.0,0.0,0.0,0.0,64.0,0.0,0.0,0.0,0.0,0.0,0.0,303.0,0.0,0.0,0.0,0.0,0.0,0.0,5712.0,0.0,0.0,0.0,0.0,0.0,0.0
S00336_FORA_PONTA,0, ,5873.0," ""GERAL""       ",51791.0,3438.0,3993.0,4003.0,41501.0,3669.0,2838.0,2844.0,0.0,0.0,1439.0,1250.0,2301.0,5896.0,131.0,359.0,231.0,-67.0,2070.0,5963.0,35.0,100.0,88.0,2213.0,88.0,0.0,88.0,0.0,0.0,0.0,0.0,0.0,2301.0,0.0,0.0,0.0,0.0,0.0,0.0,88.0,0.0,0.0,0.0,0.0,0.0,0.0,143.0,0.0,0.0,0.0,0.0,0.0,0.0,2070.0,0.0,0.0,0.0,0.0,0.0,0.0,41501.0,0.0,0.0,0.0,0.0,0.0,0.0
S00337_PONTA,0, ,5876.0," ""GERAL""       ",208.0,804.0,220.0,358.0,6047.0,650.0,2200.0,2212.0,0.0,0.0,207.0,179.0,374.0,1048.0,126.0,356.0,72.0,175.0,303.0,873.0,25.0,101.0,4.0,370.0,4.0,0.0,4.0,0.0,0.0,0.0,0.0,0.0,374.0,0.0,0.0,0.0,0.0,0.0,0.0,4.0,0.0,0.0,0.0,0.0,0.0,0.0,68.0,0.0,0.0,0.0,0.0,0.0,0.0,303.0,0.0,0.0,0.0,0.0,0.0,0.0,6047.0,0.0,0.0,0.0,0.0,0.0,0.0
S00338_FORA_PONTA,0, ,5897.0," ""GERAL""       ",52213.0,3678.0,4050.0,4060.0,41562.0,3888.0,2885.0,2891.0,0.0,0.0,1438.0,1250.0,2309.0,5914.0,131.0,359.0,241.0,-46.0,2069.0,5960.0,35.0,100.0,91.0,2218.0,91.0,0.0,91.0,0.0,0.0,0.0,0.0,0.0,2309.0,0.0,0.0,0.0,0.0,0.0,0.0,91.0,0.0,0.0,0.0,0.0,0.0,0.0,149.0,0.0,0.0,0.0,0.0,0.0,0.0,2069.0,0.0,0.0,0.0,0.0,0.0,0.0,41562.0,0.0,0.0,0.0,0.0,0.0,0.0
S00339_PONTA,0, ,5900.0," ""GERAL""       ",36.0,718.0,58.0,281.0,5783.0,577.0,2039.0,2051.0,0.0,0.0,207.0,179.0,372.0,1037.0,126.0,353.0,69.0,162.0,303.0,875.0,25.0,101.0,4.0,368.0,4.0,0.0,4.0,0.0,0.0,0.0,0.0,0.0,372.0,0.0,0.0,0.0,0.0,0.0,0.0,4.0,0.0,0.0,0.0,0.0,0.0,0.0,65.0,0.0,0.0,0.0,0.0,0.0,0.0,303.0,0.0,0.0,0.0,0.0,0.0,0.0,5783.0,0.0,0.0,0.0,0.0,0.0,0.0
S00340_FORA_PONTA,0, ,5921.0," ""GERAL""       ",50215.0,3144.0,3962.0,3970.0,39925.0,3386.0,2740.0,2744.0,0.0,0.0,1439.0,1250.0,2302.0,5891.0,131.0,358.0,230.0,-79.0,2072.0,5970.0,34.0,100.0,87.0,2215.0,87.0,0.0,87.0,0.0,0.0,0.0,0.0,0.0,2302.0,0.0,0.0,0.0,0.0,0.0,0.0,87.0,0.0,0.0,0.0,0.0,0.0,0.0,143.0,0.0,0.0,0.0,0.0,0.0,0.0,2072.0,0.0,0.0,0.0,0.0,0.0,0.0,39925.0,0.0,0.0,0.0,0.0,0.0,0.0
S00341_PONTA,0, ,5924.0," ""GERAL""       ",11.0,566.0,30.0,240.0,5763.0,426.0,2012.0,2020.0,0.0,0.0,207.0,180.0,372.0,1037.0,125.0,351.0,68.0,161.0,303.0,876.0,24.0,101.0,4.0,368.0,4.0,0.0,4.0,0.0,0.0,0.0,0.0,0.0,372.0,0.0,0.0,0.0,0.0,0.0,0.0,4.0,0.0,0.0,0.0,0.0,0.0,0.0,65.0,0.0,0.0,0.0,0.0,0.0,0.0,303.0,0.0,0.0,0.0,0.0,0.0,0.0,5763.0,0.0,0.0,0.0,0.0,0.0,0.0
S00342_FORA_PONTA,0, ,5945.0," ""GERAL""       ",50469.0,3095.0,3973.0,3978.0,40183.0,3351.0,2759.0,2766.0,0.0,0.0,1439.0,1250.0,2298.0,5877.0,131.0,359.0,226.0,-93.0,2072.0,5970.0,34.0,100.0,86.0,2212.0,86.0,0.0,86.0,0.0,0.0,0.0,0.0,0.0,2298.0,0.0,0.0,0.0,0.0,0.0,0.0,86.0,0.0,0.0,0.0,0.0,0.0,0.0,140.0,0.0,0.0,0.0,0.0,0.0,0.0,2072.0,0.0,0.0,0.0,0.0,0.0,0.0,40183.0,0.0,0.0,0.0,0.0,0.0,0.0
S00343_PONTA,0, ,5948.0," ""GERAL""       ",449.0,670.0,261.0,347.0,6392.0,507.0,2242.0,2249.0,0.0,0.0,207.0,179.0,377.0,1057.0,126.0,353.0,75.0,184.0,303.0,874.0,25.0,101.0,5.0,373.0,5.0,0.0,5.0,0.0,0.0,0.0,0.0,0.0,377.0,0.0,0.0,0.0,0.0,0.0,0.0,5.0,0.0,0.0,0.0,0.0,0.0,0.0,70.0,0.0,0.0,0.0,0.0,0.0,0.0,303.0,0.0,0.0,0.0,0.0,0.0,0.0,6392.0,0.0,0.0,0.0,0.0,0.0,0.0
S00344_FORA_PONTA,0, ,6017.0," ""GERAL""       ",121112.0,6912.0,4286.0,4296.0,104275.0,8834.0,3018.0,3023.0,0.0,0.0,4742.0,4115.0,7267.0,18382.0,134.0,364.0,402.0,-1402.0,6865.0,19783.0,37.0,100.0,176.0,7091.0,176.0,0.0,176.0,0.0,0.0,0.0,0.0,0.0,7267.0,0.0,0.0,0.0,0.0,0.0,0.0,176.0,0.0,0.0,0.0,0.0,0.0,0.0,226.0,0.0,0.0,0.0,0.0,0.0,0.0,6865.0,0.0,0.0,0.0,0.0,0.0,0.0,104275.0,0.0,0.0,0.0,0.0,0.0,0.0
S00345_PONTA,0, ,6020.0," ""GERAL""       ",413.0,738.0,262.0,404.0,6310.0,574.0,2242.0,2256.0,0.0,0.0,207.0,179.0,377.0,1058.0,127.0,357.0,75.0,185.0,303.0,873.0,26.0,101.0,5.0,372.0,5.0,0.0,5.0,0.0,0.0,0.0,0.0,0.0,377.0,0.0,0.0,0.0,0.0,0.0,0.0,5.0,0.0,0.0,0.0,0.0,0.0,0.0,70.0,0.0,0.0,0.0,0.0,0.0,0.0,303.0,0.0,0.0,0.0,0.0,0.0,0.0,6310.0,0.0,0.0,0.0,0.0,0.0,0.0
S00346_FORA_PONTA,0, ,6041.0," ""GERAL""       ",51380.0,2980.0,4132.0,4139.0,40728.0,3198.0,2801.0,2810.0,0.0,0.0,1439.0,1250.0,2310.0,5912.0,133.0,363.0,239.0,-56.0,2071.0,5967.0,36.0,100.0,91.0,2218.0,91.0,0.0,91.0,0.0,0.0,0.0,0.0,0.0,2310.0,0.0,0.0,0.0,0.0,0.0,0.0,91.0,0.0,0.0,0.0,0.0,0.0,0.0,147.0,0.0,0.0,0.0,0.0,0.0,0.0,2071.0,0.0,0.0,0.0,0.0,0.0,0.0,40728.0,0.0,0.0,0.0,0.0,0.0,0.0
S00347_PONTA,0, ,6044.0," ""GERAL""       ",16.0,649.0,34.0,263.0,5819.0,503.0,2015.0,2021.0,0.0,0.0,207.0,179.0,373.0,1042.0,126.0,352.0,70.0,167.0,303.0,875.0,24.0,101.0,4.0,369.0,4.0,0.0,4.0,0.0,0.0,0.0,0.0,0.0,373.0,0.0,0.0,0.0,0.0,0.0,0.0,4.0,0.0,0.0,0.0,0.0,0.0,0.0,66.0,0.0,0.0,0.0,0.0,0.0,0.0,303.0,0.0,0.0,0.0,0.0,0.0,0.0,5819.0,0.0,0.0,0.0,0.0,0.0,0.0
S00348_FORA_PONTA,0, ,6065.0," ""GERAL""       ",49648.0,3067.0,4070.0,4079.0,39191.0,3327.0,2454.0,2458.0,0.0,0.0,1439.0,1250.0,2295.0,5875.0,132.0,360.0,222.0,-98.0,2073.0,5972.0,35.0,100.0,82.0,2212.0,82.0,0.0,82.0,0.0,0.0,0.0,0.0,0.0,2295.0,0.0,0.0,0.0,0.0,0.0,0.0,82.0,0.0,0.0,0.0,0.0,0.0,0.0,139.0,0.0,0.0,0.0,0.0,0.0,0.0,2073.0,0.0,0.0,0.0,0.0,0.0,0.0,39191.0,0.0,0.0,0.0,0.0,0.0,0.0
S00349_PONTA,0, ,6068.0," ""GERAL""       ",0.0,669.0,0.0,282.0,5607.0,538.0,1975.0,1985.0,0.0,0.0,207.0,179.0,370.0,1027.0,126.0,353.0,66.0,152.0,303.0,875.0,25.0,101.0,4.0,366.0,4.0,0.0,4.0,0.0,0.0,0.0,0.0,0.0,370.0,0.0,0.0,0.0,0.0,0.0,0.0,4.0,0.0,0.0,0.0,0.0,0.0,0.0,62.0,0.0,0.0,0.0,0.0,0.0,0.0,303.0,0.0,0.0,0.0,0.0,0.0,0.0,5607.0,0.0,0.0,0.0,0.0,0.0,0.0
S00350_FORA_PONTA,0, ,6089.0," ""GERAL""       ",48385.0,3174.0,4048.0,4059.0,38108.0,3457.0,2432.0,2437.0,0.0,0.0,1440.0,1250.0,2288.0,5855.0,132.0,361.0,214.0,-121.0,2074.0,5976.0,36.0,100.0,79.0,2209.0,79.0,0.0,79.0,0.0,0.0,0.0,0.0,0.0,2288.0,0.0,0.0,0.0,0.0,0.0,0.0,79.0,0.0,0.0,0.0,0.0,0.0,0.0,135.0,0.0,0.0,0.0,0.0,0.0,0.0,2074.0,0.0,0.0,0.0,0.0,0.0,0.0,38108.0,0.0,0.0,0.0,0.0,0.0,0.0
S00351_PONTA,0, ,6092.0," ""GERAL""       ",0.0,629.0,0.0,274.0,5580.0,503.0,1959.0,1968.0,0.0,0.0,207.0,179.0,368.0,1022.0,125.0,350.0,65.0,147.0,303.0,875.0,24.0,101.0,3.0,365.0,3.0,0.0,3.0,0.0,0.0,0.0,0.0,0.0,368.0,0.0,0.0,0.0,0.0,0.0,0.0,3.0,0.0,0.0,0.0,0.0,0.0,0.0,61.0,0.0,0.0,0.0,0.0,0.0,0.0,303.0,0.0,0.0,0.0,0.0,0.0,0.0,5580.0,0.0,0.0,0.0,0.0,0.0,0.0
S00352_FORA_PONTA,0, ,6113.0," ""GERAL""       ",48415.0,3200.0,3948.0,3954.0,38140.0,3485.0,2538.0,2546.0,0.0,0.0,1440.0,1250.0,2286.0,5853.0,131.0,358.0,212.0,-123.0,2074.0,5975.0,34.0,100.0,77.0,2209.0,77.0,0.0,77.0,0.0,0.0,0.0,0.0,0.0,2286.0,0.0,0.0,0.0,0.0,0.0,0.0,77.0,0.0,0.0,0.0,0.0,0.0,0.0,135.0,0.0,0.0,0.0,0.0,0.0,0.0,2074.0,0.0,0.0,0.0,0.0,0.0,0.0,38140.0,0.0,0.0,0.0,0.0,0.0,0.0
S00353_PONTA,0, ,6116.0," ""GERAL""       ",0.0,540.0,0.0,216.0,5149.0,452.0,1780.0,1786.0,0.0,0.0,207.0,180.0,359.0,985.0,121.0,334.0,55.0,109.0,304.0,876.0,20.0,101.0,3.0,356.0,3.0,0.0,3.0,0.0,0.0,0.0,0.0,0.0,359.0,0.0,0.0,0.0,0.0,0.0,0.0,3.0,0.0,0.0,0.0,0.0,0.0,0.0,53.0,0.0,0.0,0.0,0.0,0.0,0.0,304.0,0.0,0.0,0.0,0.0,0.0,0.0,5149.0,0.0,0.0,0.0,0.0,0.0,0.0
S00354_FORA_PONTA,0, ,6185.0," ""GERAL""       ",113291.0,8069.0,3836.0,3844.0,97382.0,10151.0,2663.0,2667.0,0.0,0.0,4743.0,4116.0,7214.0,18238.0,130.0,357.0,343.0,-1562.0,6871.0,19801.0,33.0,100.0,145.0,7069.0,145.0,0.0,145.0,0.0,0.0,0.0,0.0,0.0,7214.0,0.0,0.0,0.0,0.0,0.0,0.0,145.0,0.0,0.0,0.0,0.0,0.0,0.0,198.0,0.0,0.0,0.0,0.0,0.0,0.0,6871.0,0.0,0.0,0.0,0.0,0.0,0.0,97382.0,0.0,0.0,0.0,0.0,0.0,0.0
S00355_PONTA,0, ,6188.0," ""GERAL""       ",6.0,595.0,13.0,235.0,5717.0,454.0,1994.0,2001.0,0.0,0.0,207.0,179.0,372.0,1037.0,126.0,353.0,69.0,161.0,303.0,875.0,25.0,101.0,4.0,368.0,4.0,0.0,4.0,0.0,0.0,0.0,0.0,0.0,372.0,0.0,0.0,0.0,0.0,0.0,0.0,4.0,0.0,0.0,0.0,0.0,0.0,0.0,65.0,0.0,0.0,0.0,0.0,0.0,0.0,303.0,0.0,0.0,0.0,0.0,0.0,0.0,5717.0,0.0,0.0,0.0,0.0,0.0,0.0
S00356_FORA_PONTA,0, ,6209.0," ""GERAL""       ",49998.0,3237.0,3993.0,4000.0,39714.0,3498.0,2723.0,2730.0,0.0,0.0,1439.0,1250.0,2296.0,5872.0,132.0,361.0,224.0,-98.0,2072.0,5970.0,35.0,100.0,85.0,2211.0,85.0,0.0,85.0,0.0,0.0,0.0,0.0,0.0,2296.0,0.0,0.0,0.0,0.0,0.0,0.0,85.0,0.0,0.0,0.0,0.0,0.0,0.0,139.0,0.0,0.0,0.0,0.0,0.0,0.0,2072.0,0.0,0.0,0.0,0.0,0.0,0.0,39714.0,0.0,0.0,0.0,0.0,0.0,0.0
S00357_PONTA,0, ,6212.0," ""GERAL""       ",0.0,752.0,0.0,296.0,5644.0,619.0,1967.0,1980.0,0.0,0.0,207.0,179.0,370.0,1028.0,125.0,350.0,67.0,154.0,303.0,874.0,24.0,101.0,4.0,366.0,4.0,0.0,4.0,0.0,0.0,0.0,0.0,0.0,370.0,0.0,0.0,0.0,0.0,0.0,0.0,4.0,0.0,0.0,0.0,0.0,0.0,0.0,63.0,0.0,0.0,0.0,0.0,0.0,0.0,303.0,0.0,0.0,0.0,0.0,0.0,0.0,5644.0,0.0,0.0,0.0,0.0,0.0,0.0
S00358_FORA_PONTA,0, ,6233.0," ""GERAL""       ",50137.0,3672.0,3999.0,4008.0,39854.0,3934.0,2703.0,2712.0,0.0,0.0,1439.0,1250.0,2294.0,5868.0,131.0,359.0,223.0,-99.0,2071.0,5967.0,35.0,100.0,84.0,2210.0,84.0,0.0,84.0,0.0,0.0,0.0,0.0,0.0,2294.0,0.0,0.0,0.0,0.0,0.0,0.0,84.0,0.0,0.0,0.0,0.0,0.0,0.0,139.0,0.0,0.0,0.0,0.0,0.0,0.0,2071.0,0.0,0.0,0.0,0.0,0.0,0.0,39854.0,0.0,0.0,0.0,0.0,0.0,0.0
S00359_PONTA,0, ,6236.0," ""GERAL""       ",10.0,746.0,21.0,316.0,5729.0,608.0,2003.0,2016.0,0.0,0.0,207.0,179.0,371.0,1034.0,126.0,356.0,68.0,159.0,303.0,874.0,26.0,101.0,4.0,367.0,4.0,0.0,4.0,0.0,0.0,0.0,0.0,0.0,371.0,0.0,0.0,0.0,0.0,0.0,0.0,4.0,0.0,0.0,0.0,0.0,0.0,0.0,64.0,0.0,0.0,0.0,0.0,0.0,0.0,303.0,0.0,0.0,0.0,0.0,0.0,0.0,5729.0,0.0,0.0,0.0,0.0,0.0,0.0
S00360_FORA_PONTA,0, ,6257.0," ""GERAL""       ",52527.0,3947.0,4045.0,4056.0,42230.0,4164.0,3321.0,3328.0,0.0,0.0,1438.0,1249.0,2308.0,5904.0,132.0,360.0,241.0,-53.0,2068.0,5957.0,35.0,100.0,94.0,2214.0,94.0,0.0,94.0,0.0,0.0,0.0,0.0,0.0,2308.0,0.0,0.0,0.0,0.0,0.0,0.0,94.0,0.0,0.0,0.0,0.0,0.0,0.0,146.0,0.0,0.0,0.0,0.0,0.0,0.0,2068.0,0.0,0.0,0.0,0.0,0.0,0.0,42230.0,0.0,0.0,0.0,0.0,0.0,0.0
S00361_PONTA,0, ,6260.0," ""GERAL""       ",117.0,747.0,103.0,305.0,5992.0,594.0,2085.0,2098.0,0.0,0.0,207.0,179.0,375.0,1048.0,126.0,352.0,72.0,174.0,303.0,874.0,25.0,101.0,4.0,371.0,4.0,0.0,4.0,0.0,0.0,0.0,0.0,0.0,375.0,0.0,0.0,0.0,0.0,0.0,0.0,4.0,0.0,0.0,0.0,0.0,0.0,0.0,68.0,0.0,0.0,0.0,0.0,0.0,0.0,303.0,0.0,0.0,0.0,0.0,0.0,0.0,5992.0,0.0,0.0,0.0,0.0,0.0,0.0
S00362_FORA_PONTA,0, ,6281.0," ""GERAL""       ",53151.0,4177.0,3983.0,3993.0,42498.0,4377.0,3072.0,3083.0,0.0,0.0,1438.0,1249.0,2311.0,5918.0,132.0,360.0,245.0,-35.0,2066.0,5953.0,35.0,100.0,94.0,2217.0,94.0,0.0,94.0,0.0,0.0,0.0,0.0,0.0,2311.0,0.0,0.0,0.0,0.0,0.0,0.0,94.0,0.0,0.0,0.0,0.0,0.0,0.0,151.0,0.0,0.0,0.0,0.0,0.0,0.0,2066.0,0.0,0.0,0.0,0.0,0.0,0.0,42498.0,0.0,0.0,0.0,0.0,0.0,0.0
S00363_PONTA,0, ,6284.0," ""GERAL""       ",16.0,796.0,49.0,315.0,5731.0,659.0,2031.0,2046.0,0.0,0.0,207.0,179.0,371.0,1033.0,125.0,351.0,68.0,159.0,303.0,874.0,24.0,101.0,4.0,367.0,4.0,0.0,4.0,0.0,0.0,0.0,0.0,0.0,371.0,0.0,0.0,0.0,0.0,0.0,0.0,4.0,0.0,0.0,0.0,0.0,0.0,0.0,64.0,0.0,0.0,0.0,0.0,0.0,0.0,303.0,0.0,0.0,0.0,0.0,0.0,0.0,5731.0,0.0,0.0,0.0,0.0,0.0,0.0
S00364_FORA_PONTA,0, ,6353.0," ""GERAL""       ",114192.0,8962.0,3976.0,3987.0,97744.0,10973.0,2541.0,2547.0,0.0,0.0,4742.0,4115.0,7233.0,18301.0,131.0,358.0,365.0,-1490.0,6868.0,19791.0,34.0,100.0,152.0,7080.0,152.0,0.0,152.0,0.0,0.0,0.0,0.0,0.0,7233.0,0.0,0.0,0.0,0.0,0.0,0.0,152.0,0.0,0.0,0.0,0.0,0.0,0.0,213.0,0.0,0.0,0.0,0.0,0.0,0.0,6868.0,0.0,0.0,0.0,0.0,0.0,0.0,97744.0,0.0,0.0,0.0,0.0,0.0,0.0
S00365_PONTA,0, ,6356.0," ""GERAL""       ",0.0,680.0,0.0,275.0,5606.0,550.0,1939.0,1946.0,0.0,0.0,207.0,179.0,369.0,1025.0,124.0,348.0,65.0,151.0,303.0,875.0,23.0,101.0,4.0,365.0,4.0,0.0,4.0,0.0,0.0,0.0,0.0,0.0,369.0,0.0,0.0,0.0,0.0,0.0,0.0,4.0,0.0,0.0,0.0,0.0,0.0,0.0,62.0,0.0,0.0,0.0,0.0,0.0,0.0,303.0,0.0,0.0,0.0,0.0,0.0,0.0,5606.0,0.0,0.0,0.0,0.0,0.0,0.0
S00366_FORA_PONTA,0, ,6377.0," ""GERAL""       ",49892.0,3476.0,4009.0,4017.0,39610.0,3738.0,2600.0,2604.0,0.0,0.0,1439.0,1250.0,2294.0,5870.0,131.0,359.0,222.0,-98.0,2072.0,5969.0,35.0,100.0,83.0,2210.0,83.0,0.0,83.0,0.0,0.0,0.0,0.0,0.0,2294.0,0.0,0.0,0.0,0.0,0.0,0.0,83.0,0.0,0.0,0.0,0.0,0.0,0.0,139.0,0.0,0.0,0.0,0.0,0.0,0.0,2072.0,0.0,0.0,0.0,0.0,0.0,0.0,39610.0,0.0,0.0,0.0,0.0,0.0,0.0
S00367_PONTA,0, ,6380.0," ""GERAL""       ",0.0,634.0,0.0,281.0,5603.0,505.0,1962.0,1970.0,0.0,0.0,207.0,179.0,369.0,1025.0,125.0,350.0,65.0,150.0,303.0,875.0,24.0,101.0,4.0,365.0,4.0,0.0,4.0,0.0,0.0,0.0,0.0,0.0,369.0,0.0,0.0,0.0,0.0,0.0,0.0,4.0,0.0,0.0,0.0,0.0,0.0,0.0,62.0,0.0,0.0,0.0,0.0,0.0,0.0,303.0,0.0,0.0,0.0,0.0,0.0,0.0,5603.0,0.0,0.0,0.0,0.0,0.0,0.0
S00368_FORA_PONTA,0, ,6401.0," ""GERAL""       ",48906.0,2923.0,3949.0,3955.0,38629.0,3204.0,2530.0,2534.0,0.0,0.0,1440.0,1250.0,2289.0,5857.0,131.0,359.0,214.0,-119.0,2074.0,5976.0,34.0,100.0,79.0,2209.0,79.0,0.0,79.0,0.0,0.0,0.0,0.0,0.0,2289.0,0.0,0.0,0.0,0.0,0.0,0.0,79.0,0.0,0.0,0.0,0.0,0.0,0.0,135.0,0.0,0.0,0.0,0.0,0.0,0.0,2074.0,0.0,0.0,0.0,0.0,0.0,0.0,38629.0,0.0,0.0,0.0,0.0,0.0,0.0
S00369_PONTA,0, ,6404.0," ""GERAL""       ",0.0,652.0,0.0,265.0,5437.0,538.0,1849.0,1863.0,0.0,0.0,207.0,179.0,365.0,1010.0,123.0,342.0,62.0,135.0,303.0,875.0,22.0,101.0,4.0,362.0,4.0,0.0,4.0,0.0,0.0,0.0,0.0,0.0,365.0,0.0,0.0,0.0,0.0,0.0,0.0,4.0,0.0,0.0,0.0,0.0,0.0,0.0,58.0,0.0,0.0,0.0,0.0,0.0,0.0,303.0,0.0,0.0,0.0,0.0,0.0,0.0,5437.0,0.0,0.0,0.0,0.0,0.0,0.0
S00370_FORA_PONTA,0, ,6425.0," ""GERAL""       ",48938.0,3212.0,4001.0,4009.0,39009.0,3504.0,2546.0,2552.0,0.0,0.0,1440.0,1250.0,2287.0,5845.0,131.0,359.0,213.0,-129.0,2073.0,5974.0,35.0,100.0,81.0,2206.0,81.0,0.0,81.0,0.0,0.0,0.0,0.0,0.0,2287.0,0.0,0.0,0.0,0.0,0.0,0.0,81.0,0.0,0.0,0.0,0.0,0.0,0.0,133.0,0.0,0.0,0.0,0.0,0.0,0.0,2073.0,0.0,0.0,0.0,0.0,0.0,0.0,39009.0,0.0,0.0,0.0,0.0,0.0,0.0
S00371_PONTA,0, ,6428.0," ""GERAL""       ",0.0,621.0,0.0,240.0,5422.0,511.0,1888.0,1895.0,0.0,0.0,207.0,179.0,364.0,1006.0,123.0,342.0,61.0,131.0,303.0,875.0,22.0,101.0,3.0,361.0,3.0,0.0,3.0,0.0,0.0,0.0,0.0,0.0,364.0,0.0,0.0,0.0,0.0,0.0,0.0,3.0,0.0,0.0,0.0,0.0,0.0,0.0,58.0,0.0,0.0,0.0,0.0,0.0,0.0,303.0,0.0,0.0,0.0,0.0,0.0,0.0,5422.0,0.0,0.0,0.0,0.0,0.0,0.0
S00372_FORA_PONTA,0, ,6449.0," ""GERAL""       ",48170.0,3040.0,4005.0,4013.0,38244.0,3340.0,2508.0,2512.0,0.0,0.0,1440.0,1250.0,2283.0,5840.0,131.0,359.0,208.0,-138.0,2075.0,5977.0,35.0,100.0,77.0,2206.0,77.0,0.0,77.0,0.0,0.0,0.0,0.0,0.0,2283.0,0.0,0.0,0.0,0.0,0.0,0.0,77.0,0.0,0.0,0.0,0.0,0.0,0.0,131.0,0.0,0.0,0.0,0.0,0.0,0.0,2075.0,0.0,0.0,0.0,0.0,0.0,0.0,38244.0,0.0,0.0,0.0,0.0,0.0,0.0
S00373_PONTA,0, ,6452.0," ""GERAL""       ",0.0,581.0,0.0,231.0,5156.0,491.0,1793.0,1800.0,0.0,0.0,207.0,180.0,359.0,986.0,121.0,335.0,56.0,110.0,303.0,876.0,20.0,101.0,3.0,356.0,3.0,0.0,3.0,0.0,0.0,0.0,0.0,0.0,359.0,0.0,0.0,0.0,0.0,0.0,0.0,3.0,0.0,0.0,0.0,0.0,0.0,0.0,53.0,0.0,0.0,0.0,0.0,0.0,0.0,303.0,0.0,0.0,0.0,0.0,0.0,0.0,5156.0,0.0,0.0,0.0,0.0,0.0,0.0
S00374_FORA_PONTA,0, ,6521.0," ""GERAL""       ",115995.0,7719.0,3834.0,3840.0,100079.0,9777.0,2494.0,2502.0,0.0,0.0,4743.0,4115.0,7221.0,18256.0,130.0,356.0,352.0,-1538.0,6869.0,19794.0,33.0,100.0,152.0,7070.0,152.0,0.0,152.0,0.0,0.0,0.0,0.0,0.0,7221.0,0.0,0.0,0.0,0.0,0.0,0.0,152.0,0.0,0.0,0.0,0.0,0.0,0.0,201.0,0.0,0.0,0.0,0.0,0.0,0.0,6869.0,0.0,0.0,0.0,0.0,0.0,0.0,100079.0,0.0,0.0,0.0,0.0,0.0,0.0
S00375_PONTA,0, ,6524.0," ""GERAL""       ",10.0,673.0,24.0,247.0,5674.0,541.0,2006.0,2015.0,0.0,0.0,207.0,179.0,369.0,1028.0,125.0,351.0,66.0,153.0,303.0,875.0,24.0,101.0,3.0,366.0,3.0,0.0,3.0,0.0,0.0,0.0,0.0,0.0,369.0,0.0,0.0,0.0,0.0,0.0,0.0,3.0,0.0,0.0,0.0,0.0,0.0,0.0,63.0,0.0,0.0,0.0,0.0,0.0,0.0,303.0,0.0,0.0,0.0,0.0,0.0,0.0,5674.0,0.0,0.0,0.0,0.0,0.0,0.0
S00376_FORA_PONTA,0, ,6545.0," ""GERAL""       ",50121.0,3096.0,4016.0,4026.0,39837.0,3358.0,2702.0,2706.0,0.0,0.0,1439.0,1250.0,2296.0,5872.0,131.0,359.0,223.0,-98.0,2072.0,5971.0,35.0,100.0,84.0,2211.0,84.0,0.0,84.0,0.0,0.0,0.0,0.0,0.0,2296.0,0.0,0.0,0.0,0.0,0.0,0.0,84.0,0.0,0.0,0.0,0.0,0.0,0.0,139.0,0.0,0.0,0.0,0.0,0.0,0.0,2072.0,0.0,0.0,0.0,0.0,0.0,0.0,39837.0,0.0,0.0,0.0,0.0,0.0,0.0
S00377_PONTA,0, ,6548.0," ""GERAL""       ",14.0,630.0,28.0,238.0,5753.0,491.0,2009.0,2015.0,0.0,0.0,207.0,179.0,371.0,1035.0,126.0,352.0,68.0,160.0,303.0,875.0,24.0,101.0,4.0,368.0,4.0,0.0,4.0,0.0,0.0,0.0,0.0,0.0,371.0,0.0,0.0,0.0,0.0,0.0,0.0,4.0,0.0,0.0,0.0,0.0,0.0,0.0,65.0,0.0,0.0,0.0,0.0,0.0,0.0,303.0,0.0,0.0,0.0,0.0,0.0,0.0,5753.0,0.0,0.0,0.0,0.0,0.0,0.0
S00378_FORA_PONTA,0, ,6569.0," ""GERAL""       ",50635.0,3294.0,3968.0,3977.0,40346.0,3541.0,2725.0,2729.0,0.0,0.0,1439.0,1250.0,2301.0,5884.0,132.0,360.0,230.0,-84.0,2071.0,5968.0,35.0,100.0,84.0,2217.0,84.0,0.0,84.0,0.0,0.0,0.0,0.0,0.0,2301.0,0.0,0.0,0.0,0.0,0.0,0.0,84.0,0.0,0.0,0.0,0.0,0.0,0.0,145.0,0.0,0.0,0.0,0.0,0.0,0.0,2071.0,0.0,0.0,0.0,0.0,0.0,0.0,40346.0,0.0,0.0,0.0,0.0,0.0,0.0
S00379_PONTA,0, ,6572.0," ""GERAL""       ",71.0,750.0,90.0,290.0,5885.0,600.0,2071.0,2080.0,0.0,0.0,207.0,179.0,374.0,1045.0,126.0,353.0,71.0,170.0,303.0,874.0,25.0,101.0,4.0,370.0,4.0,0.0,4.0,0.0,0.0,0.0,0.0,0.0,374.0,0.0,0.0,0.0,0.0,0.0,0.0,4.0,0.0,0.0,0.0,0.0,0.0,0.0,67.0,0.0,0.0,0.0,0.0,0.0,0.0,303.0,0.0,0.0,0.0,0.0,0.0,0.0,5885.0,0.0,0.0,0.0,0.0,0.0,0.0
S00380_FORA_PONTA,0, ,6593.0," ""GERAL""       ",50321.0,3388.0,4014.0,4023.0,39858.0,3637.0,2831.0,2838.0,0.0,0.0,1439.0,1250.0,2300.0,5883.0,132.0,361.0,229.0,-85.0,2071.0,5968.0,35.0,100.0,84.0,2216.0,84.0,0.0,84.0,0.0,0.0,0.0,0.0,0.0,2300.0,0.0,0.0,0.0,0.0,0.0,0.0,84.0,0.0,0.0,0.0,0.0,0.0,0.0,145.0,0.0,0.0,0.0,0.0,0.0,0.0,2071.0,0.0,0.0,0.0,0.0,0.0,0.0,39858.0,0.0,0.0,0.0,0.0,0.0,0.0
S00381_PONTA,0, ,6596.0," ""GERAL""       ",0.0,662.0,0.0,234.0,5715.0,525.0,1977.0,1983.0,0.0,0.0,207.0,179.0,371.0,1033.0,125.0,351.0,68.0,158.0,303.0,875.0,24.0,101.0,3.0,368.0,3.0,0.0,3.0,0.0,0.0,0.0,0.0,0.0,371.0,0.0,0.0,0.0,0.0,0.0,0.0,3.0,0.0,0.0,0.0,0.0,0.0,0.0,65.0,0.0,0.0,0.0,0.0,0.0,0.0,303.0,0.0,0.0,0.0,0.0,0.0,0.0,5715.0,0.0,0.0,0.0,0.0,0.0,0.0
S00382_FORA_PONTA,0, ,6617.0," ""GERAL""       ",51538.0,3936.0,3960.0,3970.0,41246.0,4171.0,2898.0,2905.0,0.0,0.0,1438.0,1249.0,2304.0,5889.0,131.0,358.0,235.0,-71.0,2069.0,5960.0,34.0,100.0,88.0,2215.0,88.0,0.0,88.0,0.0,0.0,0.0,0.0,0.0,2304.0,0.0,0.0,0.0,0.0,0.0,0.0,88.0,0.0,0.0,0.0,0.0,0.0,0.0,147.0,0.0,0.0,0.0,0.0,0.0,0.0,2069.0,0.0,0.0,0.0,0.0,0.0,0.0,41246.0,0.0,0.0,0.0,0.0,0.0,0.0
S00383_PONTA,0, ,6620.0," ""GERAL""       ",0.0,737.0,0.0,298.0,5461.0,621.0,1939.0,1953.0,0.0,0.0,207.0,179.0,366.0,1011.0,124.0,347.0,63.0,137.0,303.0,874.0,23.0,101.0,3.0,362.0,3.0,0.0,3.0,0.0,0.0,0.0,0.0,0.0,366.0,0.0,0.0,0.0,0.0,0.0,0.0,3.0,0.0,0.0,0.0,0.0,0.0,0.0,59.0,0.0,0.0,0.0,0.0,0.0,0.0,303.0,0.0,0.0,0.0,0.0,0.0,0.0,5461.0,0.0,0.0,0.0,0.0,0.0,0.0
S00384_FORA_PONTA,0, ,6689.0," ""GERAL""       ",122007.0,11389.0,3882.0,3890.0,105886.0,13339.0,2920.0,2925.0,0.0,0.0,4739.0,4113.0,7251.0,18324.0,130.0,357.0,398.0,-1425.0,6853.0,19749.0,34.0,100.0,170.0,7081.0,170.0,0.0,170.0,0.0,0.0,0.0,0.0,0.0,7251.0,0.0,0.0,0.0,0.0,0.0,0.0,170.0,0.0,0.0,0.0,0.0,0.0,0.0,228.0,0.0,0.0,0.0,0.0,0.0,0.0,6853.0,0.0,0.0,0.0,0.0,0.0,0.0,105886.0,0.0,0.0,0.0,0.0,0.0,0.0
S00385_PONTA,0, ,6692.0," ""GERAL""       ",0.0,660.0,0.0,246.0,5489.0,543.0,1884.0,1892.0,0.0,0.0,207.0,179.0,366.0,1013.0,123.0,343.0,63.0,138.0,303.0,875.0,22.0,101.0,3.0,363.0,3.0,0.0,3.0,0.0,0.0,0.0,0.0,0.0,366.0,0.0,0.0,0.0,0.0,0.0,0.0,3.0,0.0,0.0,0.0,0.0,0.0,0.0,60.0,0.0,0.0,0.0,0.0,0.0,0.0,303.0,0.0,0.0,0.0,0.0,0.0,0.0,5489.0,0.0,0.0,0.0,0.0,0.0,0.0
S00386_FORA_PONTA,0, ,6713.0," ""GERAL""       ",49224.0,3425.0,3953.0,3962.0,39108.0,3695.0,2633.0,2639.0,0.0,0.0,1439.0,1250.0,2293.0,5864.0,131.0,358.0,221.0,-107.0,2073.0,5971.0,34.0,100.0,81.0,2212.0,81.0,0.0,81.0,0.0,0.0,0.0,0.0,0.0,2293.0,0.0,0.0,0.0,0.0,0.0,0.0,81.0,0.0,0.0,0.0,0.0,0.0,0.0,140.0,0.0,0.0,0.0,0.0,0.0,0.0,2073.0,0.0,0.0,0.0,0.0,0.0,0.0,39108.0,0.0,0.0,0.0,0.0,0.0,0.0
S00387_PONTA,0, ,6716.0," ""GERAL""       ",0.0,602.0,0.0,230.0,5514.0,482.0,1937.0,1942.0,0.0,0.0,207.0,179.0,367.0,1017.0,125.0,349.0,64.0,141.0,303.0,875.0,24.0,101.0,3.0,364.0,3.0,0.0,3.0,0.0,0.0,0.0,0.0,0.0,367.0,0.0,0.0,0.0,0.0,0.0,0.0,3.0,0.0,0.0,0.0,0.0,0.0,0.0,60.0,0.0,0.0,0.0,0.0,0.0,0.0,303.0,0.0,0.0,0.0,0.0,0.0,0.0,5514.0,0.0,0.0,0.0,0.0,0.0,0.0
S00388_FORA_PONTA,0, ,6737.0," ""GERAL""       ",48686.0,3354.0,3928.0,3935.0,38573.0,3631.0,2580.0,2586.0,0.0,0.0,1439.0,1250.0,2291.0,5859.0,131.0,358.0,218.0,-114.0,2073.0,5973.0,34.0,100.0,80.0,2211.0,80.0,0.0,80.0,0.0,0.0,0.0,0.0,0.0,2291.0,0.0,0.0,0.0,0.0,0.0,0.0,80.0,0.0,0.0,0.0,0.0,0.0,0.0,138.0,0.0,0.0,0.0,0.0,0.0,0.0,2073.0,0.0,0.0,0.0,0.0,0.0,0.0,38573.0,0.0,0.0,0.0,0.0,0.0,0.0
S00389_PONTA,0, ,6740.0," ""GERAL""       ",0.0,644.0,0.0,267.0,5470.0,527.0,1918.0,1930.0,0.0,0.0,207.0,179.0,366.0,1013.0,124.0,346.0,63.0,137.0,303.0,875.0,23.0,101.0,3.0,363.0,3.0,0.0,3.0,0.0,0.0,0.0,0.0,0.0,366.0,0.0,0.0,0.0,0.0,0.0,0.0,3.0,0.0,0.0,0.0,0.0,0.0,0.0,59.0,0.0,0.0,0.0,0.0,0.0,0.0,303.0,0.0,0.0,0.0,0.0,0.0,0.0,5470.0,0.0,0.0,0.0,0.0,0.0,0.0
S00390_FORA_PONTA,0, ,6761.0," ""GERAL""       ",49094.0,3537.0,3933.0,3939.0,39159.0,3815.0,2776.0,2785.0,0.0,0.0,1439.0,1250.0,2292.0,5856.0,131.0,358.0,220.0,-115.0,2072.0,5971.0,34.0,100.0,82.0,2210.0,82.0,0.0,82.0,0.0,0.0,0.0,0.0,0.0,2292.0,0.0,0.0,0.0,0.0,0.0,0.0,82.0,0.0,0.0,0.0,0.0,0.0,0.0,138.0,0.0,0.0,0.0,0.0,0.0,0.0,2072.0,0.0,0.0,0.0,0.0,0.0,0.0,39159.0,0.0,0.0,0.0,0.0,0.0,0.0
S00391_PONTA,0, ,6764.0," ""GERAL""       ",100.0,733.0,132.0,293.0,5919.0,584.0,2113.0,2121.0,0.0,0.0,207.0,179.0,374.0,1043.0,126.0,355.0,71.0,169.0,303.0,874.0,25.0,101.0,4.0,370.0,4.0,0.0,4.0,0.0,0.0,0.0,0.0,0.0,374.0,0.0,0.0,0.0,0.0,0.0,0.0,4.0,0.0,0.0,0.0,0.0,0.0,0.0,67.0,0.0,0.0,0.0,0.0,0.0,0.0,303.0,0.0,0.0,0.0,0.0,0.0,0.0,5919.0,0.0,0.0,0.0,0.0,0.0,0.0
S00392_FORA_PONTA,0, ,6785.0," ""GERAL""       ",52247.0,4046.0,3972.0,3981.0,41592.0,4250.0,3267.0,3284.0,0.0,0.0,1438.0,1249.0,2313.0,5917.0,131.0,358.0,246.0,-40.0,2068.0,5957.0,34.0,100.0,93.0,2220.0,93.0,0.0,93.0,0.0,0.0,0.0,0.0,0.0,2313.0,0.0,0.0,0.0,0.0,0.0,0.0,93.0,0.0,0.0,0.0,0.0,0.0,0.0,152.0,0.0,0.0,0.0,0.0,0.0,0.0,2068.0,0.0,0.0,0.0,0.0,0.0,0.0,41592.0,0.0,0.0,0.0,0.0,0.0,0.0
S00393_PONTA,0, ,6788.0," ""GERAL""       ",141.0,891.0,146.0,376.0,6010.0,735.0,2128.0,2142.0,0.0,0.0,207.0,179.0,375.0,1050.0,127.0,359.0,73.0,177.0,303.0,873.0,27.0,101.0,4.0,371.0,4.0,0.0,4.0,0.0,0.0,0.0,0.0,0.0,375.0,0.0,0.0,0.0,0.0,0.0,0.0,4.0,0.0,0.0,0.0,0.0,0.0,0.0,68.0,0.0,0.0,0.0,0.0,0.0,0.0,303.0,0.0,0.0,0.0,0.0,0.0,0.0,6010.0,0.0,0.0,0.0,0.0,0.0,0.0
S00394_FORA_PONTA,0, ,6857.0," ""GERAL""       ",120367.0,10818.0,4069.0,4086.0,103545.0,12763.0,3000.0,3016.0,0.0,0.0,4740.0,4113.0,7252.0,18338.0,132.0,360.0,396.0,-1421.0,6857.0,19758.0,35.0,100.0,165.0,7087.0,165.0,0.0,165.0,0.0,0.0,0.0,0.0,0.0,7252.0,0.0,0.0,0.0,0.0,0.0,0.0,165.0,0.0,0.0,0.0,0.0,0.0,0.0,231.0,0.0,0.0,0.0,0.0,0.0,0.0,6857.0,0.0,0.0,0.0,0.0,0.0,0.0,103545.0,0.0,0.0,0.0,0.0,0.0,0.0
S00395_PONTA,0, ,6860.0," ""GERAL""       ",52.0,804.0,82.0,305.0,5800.0,661.0,2064.0,2074.0,0.0,0.0,207.0,179.0,372.0,1037.0,126.0,352.0,69.0,163.0,303.0,874.0,25.0,101.0,4.0,368.0,4.0,0.0,4.0,0.0,0.0,0.0,0.0,0.0,372.0,0.0,0.0,0.0,0.0,0.0,0.0,4.0,0.0,0.0,0.0,0.0,0.0,0.0,65.0,0.0,0.0,0.0,0.0,0.0,0.0,303.0,0.0,0.0,0.0,0.0,0.0,0.0,5800.0,0.0,0.0,0.0,0.0,0.0,0.0
S00396_FORA_PONTA,0, ,6881.0," ""GERAL""       ",52426.0,3923.0,3984.0,3994.0,42126.0,4135.0,3160.0,3172.0,0.0,0.0,1438.0,1249.0,2312.0,5910.0,131.0,358.0,244.0,-47.0,2068.0,5957.0,34.0,100.0,94.0,2217.0,94.0,0.0,94.0,0.0,0.0,0.0,0.0,0.0,2312.0,0.0,0.0,0.0,0.0,0.0,0.0,94.0,0.0,0.0,0.0,0.0,0.0,0.0,150.0,0.0,0.0,0.0,0.0,0.0,0.0,2068.0,0.0,0.0,0.0,0.0,0.0,0.0,42126.0,0.0,0.0,0.0,0.0,0.0,0.0
S00397_PONTA,0, ,6884.0," ""GERAL""       ",140.0,808.0,173.0,382.0,5976.0,657.0,2154.0,2172.0,0.0,0.0,207.0,179.0,374.0,1046.0,126.0,355.0,71.0,172.0,303.0,874.0,26.0,101.0,4.0,370.0,4.0,0.0,4.0,0.0,0.0,0.0,0.0,0.0,374.0,0.0,0.0,0.0,0.0,0.0,0.0,4.0,0.0,0.0,0.0,0.0,0.0,0.0,68.0,0.0,0.0,0.0,0.0,0.0,0.0,303.0,0.0,0.0,0.0,0.0,0.0,0.0,5976.0,0.0,0.0,0.0,0.0,0.0,0.0
S00398_FORA_PONTA,0, ,6905.0," ""GERAL""       ",57168.0,4759.0,4016.0,4025.0,46483.0,4857.0,3850.0,3868.0,0.0,0.0,1436.0,1248.0,2343.0,6004.0,131.0,359.0,283.0,68.0,2060.0,5936.0,35.0,100.0,113.0,2230.0,113.0,0.0,113.0,0.0,0.0,0.0,0.0,0.0,2343.0,0.0,0.0,0.0,0.0,0.0,0.0,113.0,0.0,0.0,0.0,0.0,0.0,0.0,170.0,0.0,0.0,0.0,0.0,0.0,0.0,2060.0,0.0,0.0,0.0,0.0,0.0,0.0,46483.0,0.0,0.0,0.0,0.0,0.0,0.0
S00399_PONTA,0, ,6908.0," ""GERAL""       ",886.0,978.0,433.0,531.0,6828.0,804.0,2414.0,2427.0,0.0,0.0,207.0,179.0,379.0,1065.0,127.0,356.0,77.0,195.0,302.0,870.0,26.0,101.0,5.0,374.0,5.0,0.0,5.0,0.0,0.0,0.0,0.0,0.0,379.0,0.0,0.0,0.0,0.0,0.0,0.0,5.0,0.0,0.0,0.0,0.0,0.0,0.0,72.0,0.0,0.0,0.0,0.0,0.0,0.0,302.0,0.0,0.0,0.0,0.0,0.0,0.0,6828.0,0.0,0.0,0.0,0.0,0.0,0.0
S00400_FORA_PONTA,0, ,6929.0," ""GERAL""       ",55347.0,4374.0,4196.0,4207.0,44677.0,4529.0,3247.0,3261.0,0.0,0.0,1437.0,1249.0,2327.0,5956.0,132.0,361.0,264.0,11.0,2063.0,5944.0,36.0,100.0,103.0,2224.0,103.0,0.0,103.0,0.0,0.0,0.0,0.0,0.0,2327.0,0.0,0.0,0.0,0.0,0.0,0.0,103.0,0.0,0.0,0.0,0.0,0.0,0.0,160.0,0.0,0.0,0.0,0.0,0.0,0.0,2063.0,0.0,0.0,0.0,0.0,0.0,0.0,44677.0,0.0,0.0,0.0,0.0,0.0,0.0
S00401_PONTA,0, ,6932.0," ""GERAL""       ",229.0,827.0,185.0,340.0,6119.0,670.0,2166.0,2177.0,0.0,0.0,207.0,179.0,375.0,1050.0,126.0,353.0,73.0,177.0,303.0,873.0,25.0,101.0,4.0,371.0,4.0,0.0,4.0,0.0,0.0,0.0,0.0,0.0,375.0,0.0,0.0,0.0,0.0,0.0,0.0,4.0,0.0,0.0,0.0,0.0,0.0,0.0,69.0,0.0,0.0,0.0,0.0,0.0,0.0,303.0,0.0,0.0,0.0,0.0,0.0,0.0,6119.0,0.0,0.0,0.0,0.0,0.0,0.0
S00402_FORA_PONTA,0, ,6953.0," ""GERAL""       ",41004.0,3507.0,4027.0,4036.0,30384.0,3832.0,2580.0,2604.0,0.0,0.0,1195.0,1038.0,2278.0,5833.0,131.0,358.0,196.0,-163.0,2081.0,5997.0,34.0,102.0,65.0,2213.0,65.0,0.0,65.0,0.0,0.0,0.0,0.0,0.0,2278.0,0.0,0.0,0.0,0.0,0.0,0.0,65.0,0.0,0.0,0.0,0.0,0.0,0.0,131.0,0.0,0.0,0.0,0.0,0.0,0.0,2081.0,0.0,0.0,0.0,0.0,0.0,0.0,30384.0,0.0,0.0,0.0,0.0,0.0,0.0
S00403_PONTA,0, ,6956.0," ""GERAL""       ",4.0,819.0,14.0,317.0,5478.0,702.0,1995.0,2011.0,0.0,0.0,207.0,179.0,366.0,1013.0,126.0,351.0,63.0,139.0,303.0,874.0,25.0,101.0,4.0,362.0,4.0,0.0,4.0,0.0,0.0,0.0,0.0,0.0,366.0,0.0,0.0,0.0,0.0,0.0,0.0,4.0,0.0,0.0,0.0,0.0,0.0,0.0,60.0,0.0,0.0,0.0,0.0,0.0,0.0,303.0,0.0,0.0,0.0,0.0,0.0,0.0,5478.0,0.0,0.0,0.0,0.0,0.0,0.0
S00404_FORA_PONTA,0, ,7025.0," ""GERAL""       ",110258.0,8821.0,3758.0,3767.0,93995.0,10916.0,2730.0,2741.0,0.0,0.0,4743.0,4116.0,7214.0,18230.0,130.0,355.0,341.0,-1574.0,6873.0,19804.0,33.0,100.0,138.0,7076.0,138.0,0.0,138.0,0.0,0.0,0.0,0.0,0.0,7214.0,0.0,0.0,0.0,0.0,0.0,0.0,138.0,0.0,0.0,0.0,0.0,0.0,0.0,204.0,0.0,0.0,0.0,0.0,0.0,0.0,6873.0,0.0,0.0,0.0,0.0,0.0,0.0,93995.0,0.0,0.0,0.0,0.0,0.0,0.0
S00405_PONTA,0, ,7028.0," ""GERAL""       ",0.0,631.0,0.0,224.0,5414.0,520.0,1889.0,1897.0,0.0,0.0,207.0,179.0,365.0,1007.0,123.0,343.0,61.0,132.0,303.0,875.0,22.0,101.0,3.0,362.0,3.0,0.0,3.0,0.0,0.0,0.0,0.0,0.0,365.0,0.0,0.0,0.0,0.0,0.0,0.0,3.0,0.0,0.0,0.0,0.0,0.0,0.0,58.0,0.0,0.0,0.0,0.0,0.0,0.0,303.0,0.0,0.0,0.0,0.0,0.0,0.0,5414.0,0.0,0.0,0.0,0.0,0.0,0.0
S00406_FORA_PONTA,0, ,7049.0," ""GERAL""       ",50384.0,3606.0,3915.0,3923.0,40444.0,3865.0,3074.0,3083.0,0.0,0.0,1439.0,1250.0,2298.0,5871.0,131.0,358.0,227.0,-95.0,2071.0,5966.0,34.0,100.0,87.0,2211.0,87.0,0.0,87.0,0.0,0.0,0.0,0.0,0.0,2298.0,0.0,0.0,0.0,0.0,0.0,0.0,87.0,0.0,0.0,0.0,0.0,0.0,0.0,140.0,0.0,0.0,0.0,0.0,0.0,0.0,2071.0,0.0,0.0,0.0,0.0,0.0,0.0,40444.0,0.0,0.0,0.0,0.0,0.0,0.0
S00407_PONTA,0, ,7052.0," ""GERAL""       ",146.0,814.0,195.0,353.0,6022.0,661.0,2177.0,2190.0,0.0,0.0,207.0,179.0,375.0,1047.0,126.0,352.0,72.0,174.0,303.0,874.0,25.0,101.0,4.0,371.0,4.0,0.0,4.0,0.0,0.0,0.0,0.0,0.0,375.0,0.0,0.0,0.0,0.0,0.0,0.0,4.0,0.0,0.0,0.0,0.0,0.0,0.0,68.0,0.0,0.0,0.0,0.0,0.0,0.0,303.0,0.0,0.0,0.0,0.0,0.0,0.0,6022.0,0.0,0.0,0.0,0.0,0.0,0.0
S00408_FORA_PONTA,0, ,7073.0," ""GERAL""       ",52441.0,4200.0,4097.0,4109.0,41786.0,4407.0,3262.0,3277.0,0.0,0.0,1438.0,1249.0,2313.0,5913.0,132.0,359.0,246.0,-42.0,2067.0,5955.0,35.0,100.0,94.0,2219.0,94.0,0.0,94.0,0.0,0.0,0.0,0.0,0.0,2313.0,0.0,0.0,0.0,0.0,0.0,0.0,94.0,0.0,0.0,0.0,0.0,0.0,0.0,152.0,0.0,0.0,0.0,0.0,0.0,0.0,2067.0,0.0,0.0,0.0,0.0,0.0,0.0,41786.0,0.0,0.0,0.0,0.0,0.0,0.0
S00409_PONTA,0, ,7076.0," ""GERAL""       ",120.0,796.0,137.0,305.0,6001.0,643.0,2119.0,2128.0,0.0,0.0,207.0,179.0,375.0,1047.0,126.0,352.0,72.0,174.0,303.0,874.0,25.0,101.0,3.0,371.0,3.0,0.0,3.0,0.0,0.0,0.0,0.0,0.0,375.0,0.0,0.0,0.0,0.0,0.0,0.0,3.0,0.0,0.0,0.0,0.0,0.0,0.0,68.0,0.0,0.0,0.0,0.0,0.0,0.0,303.0,0.0,0.0,0.0,0.0,0.0,0.0,6001.0,0.0,0.0,0.0,0.0,0.0,0.0
S00410_FORA_PONTA,0, ,7097.0," ""GERAL""       ",58111.0,4547.0,4133.0,4145.0,47421.0,4647.0,3990.0,4001.0,0.0,0.0,1436.0,1248.0,2347.0,6000.0,131.0,359.0,288.0,66.0,2060.0,5934.0,35.0,100.0,118.0,2230.0,118.0,0.0,118.0,0.0,0.0,0.0,0.0,0.0,2347.0,0.0,0.0,0.0,0.0,0.0,0.0,118.0,0.0,0.0,0.0,0.0,0.0,0.0,170.0,0.0,0.0,0.0,0.0,0.0,0.0,2060.0,0.0,0.0,0.0,0.0,0.0,0.0,47421.0,0.0,0.0,0.0,0.0,0.0,0.0
S00411_PONTA,0, ,7100.0," ""GERAL""       ",581.0,913.0,503.0,618.0,6495.0,751.0,2483.0,2502.0,0.0,0.0,207.0,179.0,377.0,1055.0,126.0,355.0,74.0,183.0,302.0,872.0,26.0,101.0,4.0,372.0,4.0,0.0,4.0,0.0,0.0,0.0,0.0,0.0,377.0,0.0,0.0,0.0,0.0,0.0,0.0,4.0,0.0,0.0,0.0,0.0,0.0,0.0,70.0,0.0,0.0,0.0,0.0,0.0,0.0,302.0,0.0,0.0,0.0,0.0,0.0,0.0,6495.0,0.0,0.0,0.0,0.0,0.0,0.0
S00412_FORA_PONTA,0, ,7121.0," ""GERAL""       ",59553.0,5106.0,4353.0,4376.0,48858.0,5189.0,4208.0,4231.0,0.0,0.0,1436.0,1248.0,2352.0,6009.0,131.0,359.0,295.0,84.0,2057.0,5926.0,35.0,100.0,123.0,2229.0,123.0,0.0,123.0,0.0,0.0,0.0,0.0,0.0,2352.0,0.0,0.0,0.0,0.0,0.0,0.0,123.0,0.0,0.0,0.0,0.0,0.0,0.0,172.0,0.0,0.0,0.0,0.0,0.0,0.0,2057.0,0.0,0.0,0.0,0.0,0.0,0.0,48858.0,0.0,0.0,0.0,0.0,0.0,0.0
S00413_PONTA,0, ,7124.0," ""GERAL""       ",424.0,1143.0,244.0,469.0,6344.0,981.0,2226.0,2252.0,0.0,0.0,207.0,179.0,376.0,1054.0,126.0,353.0,75.0,183.0,302.0,870.0,26.0,101.0,5.0,372.0,5.0,0.0,5.0,0.0,0.0,0.0,0.0,0.0,376.0,0.0,0.0,0.0,0.0,0.0,0.0,5.0,0.0,0.0,0.0,0.0,0.0,0.0,70.0,0.0,0.0,0.0,0.0,0.0,0.0,302.0,0.0,0.0,0.0,0.0,0.0,0.0,6344.0,0.0,0.0,0.0,0.0,0.0,0.0
S00414_FORA_PONTA,0, ,7193.0," ""GERAL""       ",103026.0,9280.0,4097.0,4113.0,86258.0,11430.0,1858.0,1881.0,0.0,0.0,4745.0,4116.0,7198.0,18194.0,132.0,359.0,318.0,-1631.0,6880.0,19825.0,35.0,100.0,120.0,7078.0,120.0,0.0,120.0,0.0,0.0,0.0,0.0,0.0,7198.0,0.0,0.0,0.0,0.0,0.0,0.0,120.0,0.0,0.0,0.0,0.0,0.0,0.0,198.0,0.0,0.0,0.0,0.0,0.0,0.0,6880.0,0.0,0.0,0.0,0.0,0.0,0.0,86258.0,0.0,0.0,0.0,0.0,0.0,0.0
S00415_PONTA,0, ,7196.0," ""GERAL""       ",0.0,537.0,0.0,217.0,4254.0,514.0,1501.0,1511.0,0.0,0.0,207.0,180.0,343.0,920.0,116.0,312.0,40.0,44.0,304.0,876.0,15.0,101.0,2.0,341.0,2.0,0.0,2.0,0.0,0.0,0.0,0.0,0.0,343.0,0.0,0.0,0.0,0.0,0.0,0.0,2.0,0.0,0.0,0.0,0.0,0.0,0.0,37.0,0.0,0.0,0.0,0.0,0.0,0.0,304.0,0.0,0.0,0.0,0.0,0.0,0.0,4254.0,0.0,0.0,0.0,0.0,0.0,0.0
S00416_FORA_PONTA,0, ,7217.0," ""GERAL""       ",35537.0,2455.0,3705.0,3711.0,26874.0,2933.0,1468.0,1476.0,0.0,0.0,1443.0,1252.0,2236.0,5704.0,130.0,355.0,146.0,-319.0,2090.0,6022.0,33.0,100.0,44.0,2192.0,44.0,0.0,44.0,0.0,0.0,0.0,0.0,0.0,2236.0,0.0,0.0,0.0,0.0,0.0,0.0,44.0,0.0,0.0,0.0,0.0,0.0,0.0,102.0,0.0,0.0,0.0,0.0,0.0,0.0,2090.0,0.0,0.0,0.0,0.0,0.0,0.0,26874.0,0.0,0.0,0.0,0.0,0.0,0.0
S00417_PONTA,0, ,7220.0," ""GERAL""       ",0.0,426.0,0.0,164.0,4241.0,398.0,1484.0,1489.0,0.0,0.0,207.0,180.0,345.0,925.0,116.0,314.0,41.0,49.0,304.0,876.0,15.0,101.0,3.0,342.0,3.0,0.0,3.0,0.0,0.0,0.0,0.0,0.0,345.0,0.0,0.0,0.0,0.0,0.0,0.0,3.0,0.0,0.0,0.0,0.0,0.0,0.0,39.0,0.0,0.0,0.0,0.0,0.0,0.0,304.0,0.0,0.0,0.0,0.0,0.0,0.0,4241.0,0.0,0.0,0.0,0.0,0.0,0.0
S00418_FORA_PONTA,0, ,7241.0," ""GERAL""       ",44546.0,2867.0,3655.0,3660.0,35853.0,3242.0,2460.0,2465.0,0.0,0.0,1441.0,1251.0,2266.0,5777.0,130.0,357.0,187.0,-213.0,2079.0,5990.0,33.0,100.0,68.0,2197.0,68.0,0.0,68.0,0.0,0.0,0.0,0.0,0.0,2266.0,0.0,0.0,0.0,0.0,0.0,0.0,68.0,0.0,0.0,0.0,0.0,0.0,0.0,118.0,0.0,0.0,0.0,0.0,0.0,0.0,2079.0,0.0,0.0,0.0,0.0,0.0,0.0,35853.0,0.0,0.0,0.0,0.0,0.0,0.0
S00419_PONTA,0, ,7244.0," ""GERAL""       ",0.0,558.0,0.0,208.0,5329.0,451.0,1861.0,1867.0,0.0,0.0,207.0,179.0,364.0,1003.0,123.0,342.0,61.0,128.0,303.0,876.0,22.0,101.0,3.0,361.0,3.0,0.0,3.0,0.0,0.0,0.0,0.0,0.0,364.0,0.0,0.0,0.0,0.0,0.0,0.0,3.0,0.0,0.0,0.0,0.0,0.0,0.0,57.0,0.0,0.0,0.0,0.0,0.0,0.0,303.0,0.0,0.0,0.0,0.0,0.0,0.0,5329.0,0.0,0.0,0.0,0.0,0.0,0.0
S00420_FORA_PONTA,0, ,7265.0," ""GERAL""       ",46319.0,2805.0,3898.0,3904.0,36397.0,3125.0,2335.0,2341.0,0.0,0.0,1440.0,1251.0,2280.0,5827.0,131.0,358.0,203.0,-158.0,2077.0,5985.0,34.0,100.0,72.0,2208.0,72.0,0.0,72.0,0.0,0.0,0.0,0.0,0.0,2280.0,0.0,0.0,0.0,0.0,0.0,0.0,72.0,0.0,0.0,0.0,0.0,0.0,0.0,131.0,0.0,0.0,0.0,0.0,0.0,0.0,2077.0,0.0,0.0,0.0,0.0,0.0,0.0,36397.0,0.0,0.0,0.0,0.0,0.0,0.0
S00421_PONTA,0, ,7268.0," ""GERAL""       ",0.0,573.0,0.0,219.0,5291.0,473.0,1903.0,1911.0,0.0,0.0,207.0,179.0,362.0,997.0,124.0,344.0,59.0,121.0,303.0,876.0,23.0,101.0,3.0,359.0,3.0,0.0,3.0,0.0,0.0,0.0,0.0,0.0,362.0,0.0,0.0,0.0,0.0,0.0,0.0,3.0,0.0,0.0,0.0,0.0,0.0,0.0,56.0,0.0,0.0,0.0,0.0,0.0,0.0,303.0,0.0,0.0,0.0,0.0,0.0,0.0,5291.0,0.0,0.0,0.0,0.0,0.0,0.0
S00422_FORA_PONTA,0, ,7289.0," ""GERAL""       ",48677.0,3515.0,3861.0,3868.0,38923.0,3812.0,2679.0,2688.0,0.0,0.0,1439.0,1250.0,2286.0,5838.0,130.0,357.0,213.0,-134.0,2073.0,5972.0,33.0,100.0,80.0,2206.0,80.0,0.0,80.0,0.0,0.0,0.0,0.0,0.0,2286.0,0.0,0.0,0.0,0.0,0.0,0.0,80.0,0.0,0.0,0.0,0.0,0.0,0.0,133.0,0.0,0.0,0.0,0.0,0.0,0.0,2073.0,0.0,0.0,0.0,0.0,0.0,0.0,38923.0,0.0,0.0,0.0,0.0,0.0,0.0
S00423_PONTA,0, ,7292.0," ""GERAL""       ",0.0,683.0,0.0,245.0,5191.0,590.0,1852.0,1863.0,0.0,0.0,207.0,179.0,360.0,988.0,122.0,340.0,57.0,113.0,303.0,875.0,21.0,101.0,3.0,357.0,3.0,0.0,3.0,0.0,0.0,0.0,0.0,0.0,360.0,0.0,0.0,0.0,0.0,0.0,0.0,3.0,0.0,0.0,0.0,0.0,0.0,0.0,54.0,0.0,0.0,0.0,0.0,0.0,0.0,303.0,0.0,0.0,0.0,0.0,0.0,0.0,5191.0,0.0,0.0,0.0,0.0,0.0,0.0
S00424_FORA_PONTA,0, ,7361.0," ""GERAL""       ",117086.0,10630.0,3782.0,3790.0,101150.0,12633.0,3388.0,3402.0,0.0,0.0,4740.0,4114.0,7241.0,18290.0,130.0,356.0,380.0,-1480.0,6861.0,19770.0,33.0,100.0,160.0,7081.0,160.0,0.0,160.0,0.0,0.0,0.0,0.0,0.0,7241.0,0.0,0.0,0.0,0.0,0.0,0.0,160.0,0.0,0.0,0.0,0.0,0.0,0.0,220.0,0.0,0.0,0.0,0.0,0.0,0.0,6861.0,0.0,0.0,0.0,0.0,0.0,0.0,101150.0,0.0,0.0,0.0,0.0,0.0,0.0
S00425_PONTA,0, ,7364.0," ""GERAL""       ",35.0,826.0,98.0,338.0,5690.0,694.0,2080.0,2097.0,0.0,0.0,207.0,179.0,369.0,1027.0,125.0,351.0,67.0,153.0,303.0,874.0,24.0,101.0,3.0,366.0,3.0,0.0,3.0,0.0,0.0,0.0,0.0,0.0,369.0,0.0,0.0,0.0,0.0,0.0,0.0,3.0,0.0,0.0,0.0,0.0,0.0,0.0,63.0,0.0,0.0,0.0,0.0,0.0,0.0,303.0,0.0,0.0,0.0,0.0,0.0,0.0,5690.0,0.0,0.0,0.0,0.0,0.0,0.0
S00426_FORA_PONTA,0, ,7385.0," ""GERAL""       ",60591.0,5671.0,4430.0,4449.0,50242.0,5728.0,4284.0,4303.0,0.0,0.0,1435.0,1247.0,2361.0,6028.0,131.0,358.0,307.0,110.0,2054.0,5918.0,34.0,100.0,132.0,2229.0,132.0,0.0,132.0,0.0,0.0,0.0,0.0,0.0,2361.0,0.0,0.0,0.0,0.0,0.0,0.0,132.0,0.0,0.0,0.0,0.0,0.0,0.0,175.0,0.0,0.0,0.0,0.0,0.0,0.0,2054.0,0.0,0.0,0.0,0.0,0.0,0.0,50242.0,0.0,0.0,0.0,0.0,0.0,0.0
S00427_PONTA,0, ,7388.0," ""GERAL""       ",498.0,942.0,432.0,545.0,6427.0,779.0,2413.0,2428.0,0.0,0.0,207.0,179.0,377.0,1056.0,126.0,355.0,74.0,184.0,302.0,872.0,26.0,101.0,4.0,373.0,4.0,0.0,4.0,0.0,0.0,0.0,0.0,0.0,377.0,0.0,0.0,0.0,0.0,0.0,0.0,4.0,0.0,0.0,0.0,0.0,0.0,0.0,71.0,0.0,0.0,0.0,0.0,0.0,0.0,302.0,0.0,0.0,0.0,0.0,0.0,0.0,6427.0,0.0,0.0,0.0,0.0,0.0,0.0
S00428_FORA_PONTA,0, ,7409.0," ""GERAL""       ",58939.0,5758.0,4120.0,4133.0,48254.0,5859.0,3610.0,3628.0,0.0,0.0,1435.0,1248.0,2342.0,5990.0,132.0,360.0,286.0,67.0,2056.0,5923.0,35.0,100.0,118.0,2224.0,118.0,0.0,118.0,0.0,0.0,0.0,0.0,0.0,2342.0,0.0,0.0,0.0,0.0,0.0,0.0,118.0,0.0,0.0,0.0,0.0,0.0,0.0,168.0,0.0,0.0,0.0,0.0,0.0,0.0,2056.0,0.0,0.0,0.0,0.0,0.0,0.0,48254.0,0.0,0.0,0.0,0.0,0.0,0.0
S00429_PONTA,0, ,7412.0," ""GERAL""       ",306.0,1033.0,309.0,460.0,6191.0,875.0,2290.0,2307.0,0.0,0.0,207.0,179.0,375.0,1050.0,126.0,354.0,73.0,178.0,302.0,872.0,25.0,101.0,4.0,371.0,4.0,0.0,4.0,0.0,0.0,0.0,0.0,0.0,375.0,0.0,0.0,0.0,0.0,0.0,0.0,4.0,0.0,0.0,0.0,0.0,0.0,0.0,69.0,0.0,0.0,0.0,0.0,0.0,0.0,302.0,0.0,0.0,0.0,0.0,0.0,0.0,6191.0,0.0,0.0,0.0,0.0,0.0,0.0
S00430_FORA_PONTA,0, ,7433.0," ""GERAL""       ",51157.0,4366.0,4076.0,4087.0,40509.0,4593.0,2935.0,2954.0,0.0,0.0,1438.0,1249.0,2306.0,5896.0,132.0,359.0,238.0,-62.0,2068.0,5958.0,35.0,100.0,90.0,2216.0,90.0,0.0,90.0,0.0,0.0,0.0,0.0,0.0,2306.0,0.0,0.0,0.0,0.0,0.0,0.0,90.0,0.0,0.0,0.0,0.0,0.0,0.0,148.0,0.0,0.0,0.0,0.0,0.0,0.0,2068.0,0.0,0.0,0.0,0.0,0.0,0.0,40509.0,0.0,0.0,0.0,0.0,0.0,0.0
S00431_PONTA,0, ,7436.0," ""GERAL""       ",9.0,753.0,34.0,344.0,5337.0,649.0,2016.0,2037.0,0.0,0.0,207.0,179.0,363.0,1000.0,125.0,351.0,60.0,125.0,303.0,874.0,24.0,101.0,3.0,360.0,3.0,0.0,3.0,0.0,0.0,0.0,0.0,0.0,363.0,0.0,0.0,0.0,0.0,0.0,0.0,3.0,0.0,0.0,0.0,0.0,0.0,0.0,57.0,0.0,0.0,0.0,0.0,0.0,0.0,303.0,0.0,0.0,0.0,0.0,0.0,0.0,5337.0,0.0,0.0,0.0,0.0,0.0,0.0
S00432_FORA_PONTA,0, ,7457.0," ""GERAL""       ",46307.0,3219.0,3786.0,3796.0,36382.0,3528.0,2462.0,2466.0,0.0,0.0,1440.0,1251.0,2283.0,5835.0,130.0,356.0,207.0,-147.0,2076.0,5982.0,33.0,100.0,73.0,2209.0,73.0,0.0,73.0,0.0,0.0,0.0,0.0,0.0,2283.0,0.0,0.0,0.0,0.0,0.0,0.0,73.0,0.0,0.0,0.0,0.0,0.0,0.0,133.0,0.0,0.0,0.0,0.0,0.0,0.0,2076.0,0.0,0.0,0.0,0.0,0.0,0.0,36382.0,0.0,0.0,0.0,0.0,0.0,0.0
S00433_PONTA,0, ,7460.0," ""GERAL""       ",0.0,474.0,0.0,175.0,4597.0,425.0,1603.0,1608.0,0.0,0.0,207.0,180.0,350.0,946.0,118.0,320.0,46.0,70.0,304.0,876.0,17.0,101.0,3.0,347.0,3.0,0.0,3.0,0.0,0.0,0.0,0.0,0.0,350.0,0.0,0.0,0.0,0.0,0.0,0.0,3.0,0.0,0.0,0.0,0.0,0.0,0.0,44.0,0.0,0.0,0.0,0.0,0.0,0.0,304.0,0.0,0.0,0.0,0.0,0.0,0.0,4597.0,0.0,0.0,0.0,0.0,0.0,0.0
S00434_FORA_PONTA,0, ,7529.0," ""GERAL""       ",108146.0,8141.0,3689.0,3695.0,92927.0,10270.0,2808.0,2817.0,0.0,0.0,4744.0,4116.0,7211.0,18207.0,130.0,357.0,334.0,-1609.0,6877.0,19815.0,33.0,100.0,137.0,7073.0,137.0,0.0,137.0,0.0,0.0,0.0,0.0,0.0,7211.0,0.0,0.0,0.0,0.0,0.0,0.0,137.0,0.0,0.0,0.0,0.0,0.0,0.0,196.0,0.0,0.0,0.0,0.0,0.0,0.0,6877.0,0.0,0.0,0.0,0.0,0.0,0.0,92927.0,0.0,0.0,0.0,0.0,0.0,0.0
S00435_PONTA,0, ,7532.0," ""GERAL""       ",0.0,681.0,0.0,273.0,5479.0,566.0,1962.0,1975.0,0.0,0.0,207.0,179.0,366.0,1011.0,125.0,348.0,62.0,136.0,303.0,875.0,24.0,101.0,3.0,363.0,3.0,0.0,3.0,0.0,0.0,0.0,0.0,0.0,366.0,0.0,0.0,0.0,0.0,0.0,0.0,3.0,0.0,0.0,0.0,0.0,0.0,0.0,59.0,0.0,0.0,0.0,0.0,0.0,0.0,303.0,0.0,0.0,0.0,0.0,0.0,0.0,5479.0,0.0,0.0,0.0,0.0,0.0,0.0
S00436_FORA_PONTA,0, ,7553.0," ""GERAL""       ",55049.0,4163.0,3972.0,3981.0,44900.0,4325.0,3768.0,3784.0,0.0,0.0,1437.0,1249.0,2327.0,5950.0,131.0,358.0,263.0,3.0,2064.0,5947.0,34.0,100.0,104.0,2223.0,104.0,0.0,104.0,0.0,0.0,0.0,0.0,0.0,2327.0,0.0,0.0,0.0,0.0,0.0,0.0,104.0,0.0,0.0,0.0,0.0,0.0,0.0,159.0,0.0,0.0,0.0,0.0,0.0,0.0,2064.0,0.0,0.0,0.0,0.0,0.0,0.0,44900.0,0.0,0.0,0.0,0.0,0.0,0.0
S00437_PONTA,0, ,7556.0," ""GERAL""       ",216.0,777.0,283.0,410.0,6101.0,621.0,2264.0,2277.0,0.0,0.0,207.0,179.0,375.0,1050.0,126.0,353.0,72.0,176.0,303.0,874.0,25.0,101.0,4.0,372.0,4.0,0.0,4.0,0.0,0.0,0.0,0.0,0.0,375.0,0.0,0.0,0.0,0.0,0.0,0.0,4.0,0.0,0.0,0.0,0.0,0.0,0.0,69.0,0.0,0.0,0.0,0.0,0.0,0.0,303.0,0.0,0.0,0.0,0.0,0.0,0.0,6101.0,0.0,0.0,0.0,0.0,0.0,0.0
S00438_FORA_PONTA,0, ,7577.0," ""GERAL""       ",66461.0,6031.0,5126.0,5143.0,55711.0,5942.0,4973.0,4988.0,0.0,0.0,1433.0,1246.0,2408.0,6154.0,131.0,359.0,361.0,258.0,2046.0,5896.0,35.0,100.0,160.0,2248.0,160.0,0.0,160.0,0.0,0.0,0.0,0.0,0.0,2408.0,0.0,0.0,0.0,0.0,0.0,0.0,160.0,0.0,0.0,0.0,0.0,0.0,0.0,201.0,0.0,0.0,0.0,0.0,0.0,0.0,2046.0,0.0,0.0,0.0,0.0,0.0,0.0,55711.0,0.0,0.0,0.0,0.0,0.0,0.0
S00439_PONTA,0, ,7580.0," ""GERAL""       ",1650.0,1219.0,869.0,989.0,7590.0,1036.0,2848.0,2877.0,0.0,0.0,206.0,179.0,381.0,1071.0,128.0,360.0,81.0,205.0,300.0,866.0,28.0,101.0,7.0,374.0,7.0,0.0,7.0,0.0,0.0,0.0,0.0,0.0,381.0,0.0,0.0,0.0,0.0,0.0,0.0,7.0,0.0,0.0,0.0,0.0,0.0,0.0,74.0,0.0,0.0,0.0,0.0,0.0,0.0,300.0,0.0,0.0,0.0,0.0,0.0,0.0,7590.0,0.0,0.0,0.0,0.0,0.0,0.0
S00440_FORA_PONTA,0, ,7601.0," ""GERAL""       ",64113.0,5311.0,4623.0,4636.0,53385.0,5296.0,4476.0,4487.0,0.0,0.0,1434.0,1247.0,2386.0,6093.0,133.0,361.0,335.0,184.0,2051.0,5909.0,37.0,100.0,145.0,2241.0,145.0,0.0,145.0,0.0,0.0,0.0,0.0,0.0,2386.0,0.0,0.0,0.0,0.0,0.0,0.0,145.0,0.0,0.0,0.0,0.0,0.0,0.0,190.0,0.0,0.0,0.0,0.0,0.0,0.0,2051.0,0.0,0.0,0.0,0.0,0.0,0.0,53385.0,0.0,0.0,0.0,0.0,0.0,0.0
S00441_PONTA,0, ,7604.0," ""GERAL""       ",848.0,869.0,561.0,638.0,6791.0,701.0,2542.0,2553.0,0.0,0.0,207.0,179.0,378.0,1061.0,127.0,356.0,76.0,190.0,302.0,871.0,26.0,101.0,4.0,373.0,4.0,0.0,4.0,0.0,0.0,0.0,0.0,0.0,378.0,0.0,0.0,0.0,0.0,0.0,0.0,4.0,0.0,0.0,0.0,0.0,0.0,0.0,72.0,0.0,0.0,0.0,0.0,0.0,0.0,302.0,0.0,0.0,0.0,0.0,0.0,0.0,6791.0,0.0,0.0,0.0,0.0,0.0,0.0
S00442_FORA_PONTA,0, ,7625.0," ""GERAL""       ",60220.0,5186.0,4188.0,4203.0,49521.0,5255.0,4045.0,4059.0,0.0,0.0,1435.0,1248.0,2357.0,6022.0,132.0,360.0,301.0,99.0,2056.0,5923.0,36.0,100.0,126.0,2231.0,126.0,0.0,126.0,0.0,0.0,0.0,0.0,0.0,2357.0,0.0,0.0,0.0,0.0,0.0,0.0,126.0,0.0,0.0,0.0,0.0,0.0,0.0,175.0,0.0,0.0,0.0,0.0,0.0,0.0,2056.0,0.0,0.0,0.0,0.0,0.0,0.0,49521.0,0.0,0.0,0.0,0.0,0.0,0.0
S00443_PONTA,0, ,7628.0," ""GERAL""       ",938.0,1108.0,550.0,677.0,6881.0,936.0,2530.0,2552.0,0.0,0.0,207.0,179.0,379.0,1062.0,127.0,356.0,77.0,193.0,301.0,869.0,27.0,101.0,5.0,373.0,5.0,0.0,5.0,0.0,0.0,0.0,0.0,0.0,379.0,0.0,0.0,0.0,0.0,0.0,0.0,5.0,0.0,0.0,0.0,0.0,0.0,0.0,72.0,0.0,0.0,0.0,0.0,0.0,0.0,301.0,0.0,0.0,0.0,0.0,0.0,0.0,6881.0,0.0,0.0,0.0,0.0,0.0,0.0
S00444_FORA_PONTA,0, ,7697.0," ""GERAL""       ",124513.0,11438.0,4275.0,4292.0,107674.0,13333.0,3114.0,3122.0,0.0,0.0,4738.0,4113.0,7270.0,18372.0,133.0,362.0,419.0,-1369.0,6850.0,19741.0,37.0,100.0,176.0,7094.0,176.0,0.0,176.0,0.0,0.0,0.0,0.0,0.0,7270.0,0.0,0.0,0.0,0.0,0.0,0.0,176.0,0.0,0.0,0.0,0.0,0.0,0.0,243.0,0.0,0.0,0.0,0.0,0.0,0.0,6850.0,0.0,0.0,0.0,0.0,0.0,0.0,107674.0,0.0,0.0,0.0,0.0,0.0,0.0
S00445_PONTA,0, ,7700.0," ""GERAL""       ",49.0,707.0,138.0,288.0,5822.0,564.0,2119.0,2129.0,0.0,0.0,207.0,179.0,372.0,1038.0,125.0,352.0,69.0,163.0,303.0,875.0,25.0,101.0,3.0,369.0,3.0,0.0,3.0,0.0,0.0,0.0,0.0,0.0,372.0,0.0,0.0,0.0,0.0,0.0,0.0,3.0,0.0,0.0,0.0,0.0,0.0,0.0,66.0,0.0,0.0,0.0,0.0,0.0,0.0,303.0,0.0,0.0,0.0,0.0,0.0,0.0,5822.0,0.0,0.0,0.0,0.0,0.0,0.0
S00446_FORA_PONTA,0, ,7721.0," ""GERAL""       ",54996.0,4111.0,4004.0,4013.0,44505.0,4272.0,3581.0,3594.0,0.0,0.0,1437.0,1249.0,2328.0,5951.0,131.0,358.0,264.0,4.0,2064.0,5947.0,35.0,100.0,104.0,2223.0,104.0,0.0,104.0,0.0,0.0,0.0,0.0,0.0,2328.0,0.0,0.0,0.0,0.0,0.0,0.0,104.0,0.0,0.0,0.0,0.0,0.0,0.0,159.0,0.0,0.0,0.0,0.0,0.0,0.0,2064.0,0.0,0.0,0.0,0.0,0.0,0.0,44505.0,0.0,0.0,0.0,0.0,0.0,0.0
S00447_PONTA,0, ,7724.0," ""GERAL""       ",179.0,715.0,246.0,369.0,6063.0,561.0,2227.0,2238.0,0.0,0.0,207.0,179.0,375.0,1048.0,126.0,353.0,72.0,174.0,303.0,874.0,25.0,101.0,4.0,371.0,4.0,0.0,4.0,0.0,0.0,0.0,0.0,0.0,375.0,0.0,0.0,0.0,0.0,0.0,0.0,4.0,0.0,0.0,0.0,0.0,0.0,0.0,68.0,0.0,0.0,0.0,0.0,0.0,0.0,303.0,0.0,0.0,0.0,0.0,0.0,0.0,6063.0,0.0,0.0,0.0,0.0,0.0,0.0
S00448_FORA_PONTA,0, ,7745.0," ""GERAL""       ",57121.0,4527.0,4078.0,4087.0,46441.0,4642.0,3680.0,3690.0,0.0,0.0,1436.0,1248.0,2337.0,5989.0,131.0,359.0,276.0,51.0,2061.0,5938.0,35.0,100.0,110.0,2227.0,110.0,0.0,110.0,0.0,0.0,0.0,0.0,0.0,2337.0,0.0,0.0,0.0,0.0,0.0,0.0,110.0,0.0,0.0,0.0,0.0,0.0,0.0,166.0,0.0,0.0,0.0,0.0,0.0,0.0,2061.0,0.0,0.0,0.0,0.0,0.0,0.0,46441.0,0.0,0.0,0.0,0.0,0.0,0.0
S00449_PONTA,0, ,7748.0," ""GERAL""       ",196.0,883.0,335.0,482.0,6017.0,735.0,2316.0,2334.0,0.0,0.0,207.0,179.0,373.0,1042.0,126.0,353.0,71.0,169.0,303.0,873.0,26.0,101.0,4.0,369.0,4.0,0.0,4.0,0.0,0.0,0.0,0.0,0.0,373.0,0.0,0.0,0.0,0.0,0.0,0.0,4.0,0.0,0.0,0.0,0.0,0.0,0.0,67.0,0.0,0.0,0.0,0.0,0.0,0.0,303.0,0.0,0.0,0.0,0.0,0.0,0.0,6017.0,0.0,0.0,0.0,0.0,0.0,0.0
S00450_FORA_PONTA,0, ,7793.0," ""GERAL""       ",77034.0,6732.0,3963.0,3971.0,63333.0,7931.0,1968.0,1981.0,0.0,0.0,3091.0,2683.0,4745.0,12035.0,131.0,357.0,271.0,-857.0,4474.0,12892.0,34.0,100.0,99.0,4646.0,99.0,0.0,99.0,0.0,0.0,0.0,0.0,0.0,4745.0,0.0,0.0,0.0,0.0,0.0,0.0,99.0,0.0,0.0,0.0,0.0,0.0,0.0,172.0,0.0,0.0,0.0,0.0,0.0,0.0,4474.0,0.0,0.0,0.0,0.0,0.0,0.0,63333.0,0.0,0.0,0.0,0.0,0.0,0.0
S00451_PONTA,0, ,7796.0," ""GERAL""       ",0.0,639.0,0.0,260.0,4539.0,596.0,1605.0,1623.0,0.0,0.0,207.0,179.0,348.0,939.0,117.0,320.0,44.0,64.0,303.0,875.0,16.0,101.0,2.0,345.0,2.0,0.0,2.0,0.0,0.0,0.0,0.0,0.0,348.0,0.0,0.0,0.0,0.0,0.0,0.0,2.0,0.0,0.0,0.0,0.0,0.0,0.0,42.0,0.0,0.0,0.0,0.0,0.0,0.0,303.0,0.0,0.0,0.0,0.0,0.0,0.0,4539.0,0.0,0.0,0.0,0.0,0.0,0.0
S00452_FORA_PONTA,0, ,7865.0," ""GERAL""       ",117514.0,9460.0,3930.0,3942.0,102446.0,11488.0,3789.0,3801.0,0.0,0.0,4741.0,4114.0,7239.0,18272.0,129.0,355.0,376.0,-1505.0,6863.0,19776.0,32.0,100.0,164.0,7075.0,164.0,0.0,164.0,0.0,0.0,0.0,0.0,0.0,7239.0,0.0,0.0,0.0,0.0,0.0,0.0,164.0,0.0,0.0,0.0,0.0,0.0,0.0,212.0,0.0,0.0,0.0,0.0,0.0,0.0,6863.0,0.0,0.0,0.0,0.0,0.0,0.0,102446.0,0.0,0.0,0.0,0.0,0.0,0.0
S00453_PONTA,0, ,7868.0," ""GERAL""       ",340.0,823.0,372.0,475.0,6249.0,665.0,2353.0,2365.0,0.0,0.0,207.0,179.0,376.0,1052.0,126.0,354.0,73.0,179.0,303.0,873.0,25.0,101.0,4.0,372.0,4.0,0.0,4.0,0.0,0.0,0.0,0.0,0.0,376.0,0.0,0.0,0.0,0.0,0.0,0.0,4.0,0.0,0.0,0.0,0.0,0.0,0.0,69.0,0.0,0.0,0.0,0.0,0.0,0.0,303.0,0.0,0.0,0.0,0.0,0.0,0.0,6249.0,0.0,0.0,0.0,0.0,0.0,0.0
S00454_FORA_PONTA,0, ,7889.0," ""GERAL""       ",63681.0,5117.0,4885.0,4901.0,52950.0,5097.0,4734.0,4749.0,0.0,0.0,1434.0,1247.0,2388.0,6100.0,131.0,359.0,337.0,188.0,2052.0,5912.0,35.0,100.0,146.0,2242.0,146.0,0.0,146.0,0.0,0.0,0.0,0.0,0.0,2388.0,0.0,0.0,0.0,0.0,0.0,0.0,146.0,0.0,0.0,0.0,0.0,0.0,0.0,190.0,0.0,0.0,0.0,0.0,0.0,0.0,2052.0,0.0,0.0,0.0,0.0,0.0,0.0,52950.0,0.0,0.0,0.0,0.0,0.0,0.0
S00455_PONTA,0, ,7892.0," ""GERAL""       ",1063.0,943.0,750.0,828.0,7006.0,772.0,2730.0,2745.0,0.0,0.0,207.0,179.0,379.0,1062.0,127.0,358.0,77.0,192.0,301.0,870.0,27.0,101.0,5.0,374.0,5.0,0.0,5.0,0.0,0.0,0.0,0.0,0.0,379.0,0.0,0.0,0.0,0.0,0.0,0.0,5.0,0.0,0.0,0.0,0.0,0.0,0.0,72.0,0.0,0.0,0.0,0.0,0.0,0.0,301.0,0.0,0.0,0.0,0.0,0.0,0.0,7006.0,0.0,0.0,0.0,0.0,0.0,0.0
S00456_FORA_PONTA,0, ,7913.0," ""GERAL""       ",69410.0,6262.0,5298.0,5314.0,58643.0,6117.0,5143.0,5157.0,0.0,0.0,1432.0,1246.0,2425.0,6200.0,132.0,361.0,383.0,315.0,2043.0,5885.0,36.0,100.0,173.0,2252.0,173.0,0.0,173.0,0.0,0.0,0.0,0.0,0.0,2425.0,0.0,0.0,0.0,0.0,0.0,0.0,173.0,0.0,0.0,0.0,0.0,0.0,0.0,210.0,0.0,0.0,0.0,0.0,0.0,0.0,2043.0,0.0,0.0,0.0,0.0,0.0,0.0,58643.0,0.0,0.0,0.0,0.0,0.0,0.0
S00457_PONTA,0, ,7916.0," ""GERAL""       ",1356.0,963.0,991.0,1071.0,7298.0,785.0,2970.0,2989.0,0.0,0.0,207.0,179.0,380.0,1068.0,128.0,363.0,78.0,199.0,301.0,869.0,29.0,101.0,5.0,374.0,5.0,0.0,5.0,0.0,0.0,0.0,0.0,0.0,380.0,0.0,0.0,0.0,0.0,0.0,0.0,5.0,0.0,0.0,0.0,0.0,0.0,0.0,73.0,0.0,0.0,0.0,0.0,0.0,0.0,301.0,0.0,0.0,0.0,0.0,0.0,0.0,7298.0,0.0,0.0,0.0,0.0,0.0,0.0
S00458_FORA_PONTA,0, ,7937.0," ""GERAL""       ",73204.0,6422.0,5604.0,5632.0,62201.0,6159.0,5698.0,5714.0,0.0,0.0,1433.0,1245.0,2467.0,6304.0,136.0,360.0,429.0,434.0,2038.0,5871.0,42.0,100.0,197.0,2269.0,197.0,0.0,197.0,0.0,0.0,0.0,0.0,0.0,2467.0,0.0,0.0,0.0,0.0,0.0,0.0,197.0,0.0,0.0,0.0,0.0,0.0,0.0,232.0,0.0,0.0,0.0,0.0,0.0,0.0,2038.0,0.0,0.0,0.0,0.0,0.0,0.0,62201.0,0.0,0.0,0.0,0.0,0.0,0.0
S00459_PONTA,0, ,7940.0," ""GERAL""       ",2714.0,1329.0,1387.0,1476.0,8650.0,1127.0,3364.0,3391.0,0.0,0.0,206.0,179.0,385.0,1085.0,130.0,368.0,86.0,223.0,299.0,862.0,31.0,100.0,9.0,376.0,9.0,0.0,9.0,0.0,0.0,0.0,0.0,0.0,385.0,0.0,0.0,0.0,0.0,0.0,0.0,9.0,0.0,0.0,0.0,0.0,0.0,0.0,77.0,0.0,0.0,0.0,0.0,0.0,0.0,299.0,0.0,0.0,0.0,0.0,0.0,0.0,8650.0,0.0,0.0,0.0,0.0,0.0,0.0
S00460_FORA_PONTA,0, ,7961.0," ""GERAL""       ",79393.0,7224.0,5603.0,5625.0,68536.0,6793.0,5824.0,5839.0,0.0,0.0,1431.0,1244.0,2527.0,6449.0,139.0,361.0,499.0,604.0,2028.0,5844.0,45.0,100.0,237.0,2291.0,237.0,0.0,237.0,0.0,0.0,0.0,0.0,0.0,2527.0,0.0,0.0,0.0,0.0,0.0,0.0,237.0,0.0,0.0,0.0,0.0,0.0,0.0,262.0,0.0,0.0,0.0,0.0,0.0,0.0,2028.0,0.0,0.0,0.0,0.0,0.0,0.0,68536.0,0.0,0.0,0.0,0.0,0.0,0.0
S00461_PONTA,0, ,7964.0," ""GERAL""       ",1602.0,1096.0,989.0,1071.0,7542.0,916.0,2967.0,2987.0,0.0,0.0,207.0,179.0,381.0,1069.0,129.0,362.0,80.0,202.0,300.0,867.0,29.0,101.0,6.0,375.0,6.0,0.0,6.0,0.0,0.0,0.0,0.0,0.0,381.0,0.0,0.0,0.0,0.0,0.0,0.0,6.0,0.0,0.0,0.0,0.0,0.0,0.0,74.0,0.0,0.0,0.0,0.0,0.0,0.0,300.0,0.0,0.0,0.0,0.0,0.0,0.0,7542.0,0.0,0.0,0.0,0.0,0.0,0.0
S00462_FORA_PONTA,0, ,8033.0," ""GERAL""       ",156867.0,16343.0,5602.0,5627.0,139780.0,17670.0,5561.0,5582.0,0.0,0.0,4729.0,4106.0,7448.0,18810.0,134.0,362.0,646.0,-791.0,6802.0,19600.0,40.0,100.0,310.0,7138.0,310.0,0.0,310.0,0.0,0.0,0.0,0.0,0.0,7448.0,0.0,0.0,0.0,0.0,0.0,0.0,310.0,0.0,0.0,0.0,0.0,0.0,0.0,336.0,0.0,0.0,0.0,0.0,0.0,0.0,6802.0,0.0,0.0,0.0,0.0,0.0,0.0,139780.0,0.0,0.0,0.0,0.0,0.0,0.0
S00463_PONTA,0, ,8036.0," ""GERAL""       ",1330.0,1141.0,980.0,1101.0,7272.0,965.0,2958.0,2990.0,0.0,0.0,207.0,179.0,379.0,1065.0,128.0,361.0,79.0,197.0,301.0,868.0,29.0,101.0,6.0,374.0,6.0,0.0,6.0,0.0,0.0,0.0,0.0,0.0,379.0,0.0,0.0,0.0,0.0,0.0,0.0,6.0,0.0,0.0,0.0,0.0,0.0,0.0,73.0,0.0,0.0,0.0,0.0,0.0,0.0,301.0,0.0,0.0,0.0,0.0,0.0,0.0,7272.0,0.0,0.0,0.0,0.0,0.0,0.0
S00464_FORA_PONTA,0, ,8057.0," ""GERAL""       ",76475.0,7289.0,5589.0,5620.0,65480.0,6943.0,5724.0,5747.0,0.0,0.0,1434.0,1244.0,2500.0,6373.0,136.0,361.0,468.0,519.0,2032.0,5854.0,42.0,100.0,222.0,2278.0,222.0,0.0,222.0,0.0,0.0,0.0,0.0,0.0,2500.0,0.0,0.0,0.0,0.0,0.0,0.0,222.0,0.0,0.0,0.0,0.0,0.0,0.0,246.0,0.0,0.0,0.0,0.0,0.0,0.0,2032.0,0.0,0.0,0.0,0.0,0.0,0.0,65480.0,0.0,0.0,0.0,0.0,0.0,0.0
S00465_PONTA,0, ,8060.0," ""GERAL""       ",2033.0,1306.0,1195.0,1309.0,7972.0,1120.0,3173.0,3207.0,0.0,0.0,206.0,179.0,382.0,1072.0,129.0,363.0,82.0,208.0,300.0,864.0,30.0,100.0,8.0,374.0,8.0,0.0,8.0,0.0,0.0,0.0,0.0,0.0,382.0,0.0,0.0,0.0,0.0,0.0,0.0,8.0,0.0,0.0,0.0,0.0,0.0,0.0,75.0,0.0,0.0,0.0,0.0,0.0,0.0,300.0,0.0,0.0,0.0,0.0,0.0,0.0,7972.0,0.0,0.0,0.0,0.0,0.0,0.0
S00466_FORA_PONTA,0, ,8081.0," ""GERAL""       ",68931.0,6777.0,4902.0,4927.0,58182.0,6666.0,4752.0,4775.0,0.0,0.0,1432.0,1246.0,2418.0,6164.0,134.0,363.0,376.0,281.0,2042.0,5883.0,38.0,100.0,173.0,2244.0,173.0,0.0,173.0,0.0,0.0,0.0,0.0,0.0,2418.0,0.0,0.0,0.0,0.0,0.0,0.0,173.0,0.0,0.0,0.0,0.0,0.0,0.0,203.0,0.0,0.0,0.0,0.0,0.0,0.0,2042.0,0.0,0.0,0.0,0.0,0.0,0.0,58182.0,0.0,0.0,0.0,0.0,0.0,0.0
S00467_PONTA,0, ,8084.0," ""GERAL""       ",1796.0,1303.0,961.0,1087.0,7736.0,1117.0,2940.0,2973.0,0.0,0.0,206.0,179.0,381.0,1074.0,128.0,361.0,81.0,208.0,300.0,865.0,29.0,100.0,7.0,374.0,7.0,0.0,7.0,0.0,0.0,0.0,0.0,0.0,381.0,0.0,0.0,0.0,0.0,0.0,0.0,7.0,0.0,0.0,0.0,0.0,0.0,0.0,74.0,0.0,0.0,0.0,0.0,0.0,0.0,300.0,0.0,0.0,0.0,0.0,0.0,0.0,7736.0,0.0,0.0,0.0,0.0,0.0,0.0
S00468_FORA_PONTA,0, ,8105.0," ""GERAL""       ",66998.0,6122.0,4616.0,4630.0,56257.0,6043.0,4469.0,4482.0,0.0,0.0,1433.0,1246.0,2404.0,6142.0,133.0,363.0,359.0,248.0,2046.0,5894.0,38.0,100.0,160.0,2244.0,160.0,0.0,160.0,0.0,0.0,0.0,0.0,0.0,2404.0,0.0,0.0,0.0,0.0,0.0,0.0,160.0,0.0,0.0,0.0,0.0,0.0,0.0,199.0,0.0,0.0,0.0,0.0,0.0,0.0,2046.0,0.0,0.0,0.0,0.0,0.0,0.0,56257.0,0.0,0.0,0.0,0.0,0.0,0.0
S00469_PONTA,0, ,8108.0," ""GERAL""       ",772.0,948.0,770.0,867.0,6699.0,781.0,2749.0,2769.0,0.0,0.0,207.0,179.0,378.0,1059.0,128.0,359.0,76.0,188.0,302.0,871.0,28.0,101.0,5.0,373.0,5.0,0.0,5.0,0.0,0.0,0.0,0.0,0.0,378.0,0.0,0.0,0.0,0.0,0.0,0.0,5.0,0.0,0.0,0.0,0.0,0.0,0.0,71.0,0.0,0.0,0.0,0.0,0.0,0.0,302.0,0.0,0.0,0.0,0.0,0.0,0.0,6699.0,0.0,0.0,0.0,0.0,0.0,0.0
S00470_FORA_PONTA,0, ,8129.0," ""GERAL""       ",70436.0,6731.0,5066.0,5089.0,59662.0,6568.0,4915.0,4935.0,0.0,0.0,1432.0,1245.0,2432.0,6212.0,132.0,359.0,392.0,334.0,2040.0,5878.0,35.0,100.0,179.0,2253.0,179.0,0.0,179.0,0.0,0.0,0.0,0.0,0.0,2432.0,0.0,0.0,0.0,0.0,0.0,0.0,179.0,0.0,0.0,0.0,0.0,0.0,0.0,213.0,0.0,0.0,0.0,0.0,0.0,0.0,2040.0,0.0,0.0,0.0,0.0,0.0,0.0,59662.0,0.0,0.0,0.0,0.0,0.0,0.0
S00471_PONTA,0, ,8132.0," ""GERAL""       ",1372.0,1353.0,945.0,1083.0,7314.0,1175.0,2924.0,2960.0,0.0,0.0,206.0,179.0,379.0,1065.0,128.0,361.0,79.0,199.0,300.0,866.0,29.0,100.0,6.0,373.0,6.0,0.0,6.0,0.0,0.0,0.0,0.0,0.0,379.0,0.0,0.0,0.0,0.0,0.0,0.0,6.0,0.0,0.0,0.0,0.0,0.0,0.0,73.0,0.0,0.0,0.0,0.0,0.0,0.0,300.0,0.0,0.0,0.0,0.0,0.0,0.0,7314.0,0.0,0.0,0.0,0.0,0.0,0.0
S00472_FORA_PONTA,0, ,8201.0," ""GERAL""       ",152166.0,16565.0,5123.0,5143.0,135181.0,17968.0,4970.0,4988.0,0.0,0.0,4728.0,4107.0,7415.0,18747.0,132.0,361.0,608.0,-868.0,6807.0,19615.0,36.0,101.0,287.0,7128.0,287.0,0.0,287.0,0.0,0.0,0.0,0.0,0.0,7415.0,0.0,0.0,0.0,0.0,0.0,0.0,287.0,0.0,0.0,0.0,0.0,0.0,0.0,322.0,0.0,0.0,0.0,0.0,0.0,0.0,6807.0,0.0,0.0,0.0,0.0,0.0,0.0,135181.0,0.0,0.0,0.0,0.0,0.0,0.0
S00473_PONTA,0, ,8204.0," ""GERAL""       ",1114.0,990.0,541.0,643.0,7054.0,812.0,2520.0,2537.0,0.0,0.0,207.0,179.0,381.0,1069.0,128.0,358.0,80.0,200.0,301.0,869.0,27.0,101.0,6.0,375.0,6.0,0.0,6.0,0.0,0.0,0.0,0.0,0.0,381.0,0.0,0.0,0.0,0.0,0.0,0.0,6.0,0.0,0.0,0.0,0.0,0.0,0.0,74.0,0.0,0.0,0.0,0.0,0.0,0.0,301.0,0.0,0.0,0.0,0.0,0.0,0.0,7054.0,0.0,0.0,0.0,0.0,0.0,0.0
S00474_FORA_PONTA,0, ,8225.0," ""GERAL""       ",64042.0,5517.0,4297.0,4311.0,53313.0,5493.0,4036.0,4057.0,0.0,0.0,1434.0,1247.0,2386.0,6100.0,134.0,365.0,336.0,192.0,2050.0,5908.0,38.0,100.0,145.0,2242.0,145.0,0.0,145.0,0.0,0.0,0.0,0.0,0.0,2386.0,0.0,0.0,0.0,0.0,0.0,0.0,145.0,0.0,0.0,0.0,0.0,0.0,0.0,191.0,0.0,0.0,0.0,0.0,0.0,0.0,2050.0,0.0,0.0,0.0,0.0,0.0,0.0,53313.0,0.0,0.0,0.0,0.0,0.0,0.0
S00475_PONTA,0, ,8228.0," ""GERAL""       ",444.0,1066.0,519.0,653.0,6353.0,907.0,2499.0,2522.0,0.0,0.0,207.0,179.0,375.0,1051.0,126.0,355.0,74.0,180.0,302.0,871.0,26.0,101.0,4.0,371.0,4.0,0.0,4.0,0.0,0.0,0.0,0.0,0.0,375.0,0.0,0.0,0.0,0.0,0.0,0.0,4.0,0.0,0.0,0.0,0.0,0.0,0.0,69.0,0.0,0.0,0.0,0.0,0.0,0.0,302.0,0.0,0.0,0.0,0.0,0.0,0.0,6353.0,0.0,0.0,0.0,0.0,0.0,0.0
S00476_FORA_PONTA,0, ,8249.0," ""GERAL""       ",55674.0,4975.0,4103.0,4118.0,45002.0,5120.0,3170.0,3190.0,0.0,0.0,1437.0,1248.0,2330.0,5960.0,132.0,360.0,268.0,21.0,2061.0,5939.0,35.0,100.0,106.0,2224.0,106.0,0.0,106.0,0.0,0.0,0.0,0.0,0.0,2330.0,0.0,0.0,0.0,0.0,0.0,0.0,106.0,0.0,0.0,0.0,0.0,0.0,0.0,162.0,0.0,0.0,0.0,0.0,0.0,0.0,2061.0,0.0,0.0,0.0,0.0,0.0,0.0,45002.0,0.0,0.0,0.0,0.0,0.0,0.0
S00477_PONTA,0, ,8252.0," ""GERAL""       ",34.0,895.0,109.0,373.0,5562.0,773.0,2090.0,2112.0,0.0,0.0,207.0,179.0,367.0,1016.0,125.0,352.0,64.0,143.0,303.0,873.0,25.0,101.0,4.0,363.0,4.0,0.0,4.0,0.0,0.0,0.0,0.0,0.0,367.0,0.0,0.0,0.0,0.0,0.0,0.0,4.0,0.0,0.0,0.0,0.0,0.0,0.0,60.0,0.0,0.0,0.0,0.0,0.0,0.0,303.0,0.0,0.0,0.0,0.0,0.0,0.0,5562.0,0.0,0.0,0.0,0.0,0.0,0.0
S00478_FORA_PONTA,0, ,8273.0," ""GERAL""       ",57906.0,5011.0,4279.0,4299.0,47737.0,5110.0,4135.0,4155.0,0.0,0.0,1436.0,1248.0,2346.0,5998.0,131.0,357.0,288.0,67.0,2059.0,5932.0,34.0,100.0,121.0,2226.0,121.0,0.0,121.0,0.0,0.0,0.0,0.0,0.0,2346.0,0.0,0.0,0.0,0.0,0.0,0.0,121.0,0.0,0.0,0.0,0.0,0.0,0.0,167.0,0.0,0.0,0.0,0.0,0.0,0.0,2059.0,0.0,0.0,0.0,0.0,0.0,0.0,47737.0,0.0,0.0,0.0,0.0,0.0,0.0
S00479_PONTA,0, ,8276.0," ""GERAL""       ",481.0,1095.0,361.0,524.0,6419.0,928.0,2342.0,2364.0,0.0,0.0,207.0,179.0,377.0,1058.0,126.0,354.0,76.0,187.0,302.0,871.0,26.0,101.0,5.0,372.0,5.0,0.0,5.0,0.0,0.0,0.0,0.0,0.0,377.0,0.0,0.0,0.0,0.0,0.0,0.0,5.0,0.0,0.0,0.0,0.0,0.0,0.0,70.0,0.0,0.0,0.0,0.0,0.0,0.0,302.0,0.0,0.0,0.0,0.0,0.0,0.0,6419.0,0.0,0.0,0.0,0.0,0.0,0.0
S00480_FORA_PONTA,0, ,8297.0," ""GERAL""       ",56881.0,5375.0,4180.0,4194.0,46197.0,5488.0,3403.0,3419.0,0.0,0.0,1436.0,1248.0,2341.0,5986.0,133.0,361.0,282.0,53.0,2059.0,5932.0,36.0,100.0,114.0,2227.0,114.0,0.0,114.0,0.0,0.0,0.0,0.0,0.0,2341.0,0.0,0.0,0.0,0.0,0.0,0.0,114.0,0.0,0.0,0.0,0.0,0.0,0.0,168.0,0.0,0.0,0.0,0.0,0.0,0.0,2059.0,0.0,0.0,0.0,0.0,0.0,0.0,46197.0,0.0,0.0,0.0,0.0,0.0,0.0
S00481_PONTA,0, ,8300.0," ""GERAL""       ",110.0,1027.0,212.0,446.0,5921.0,876.0,2193.0,2219.0,0.0,0.0,207.0,179.0,374.0,1044.0,126.0,354.0,72.0,172.0,302.0,872.0,26.0,101.0,5.0,369.0,5.0,0.0,5.0,0.0,0.0,0.0,0.0,0.0,374.0,0.0,0.0,0.0,0.0,0.0,0.0,5.0,0.0,0.0,0.0,0.0,0.0,0.0,67.0,0.0,0.0,0.0,0.0,0.0,0.0,302.0,0.0,0.0,0.0,0.0,0.0,0.0,5921.0,0.0,0.0,0.0,0.0,0.0,0.0
S00482_FORA_PONTA,0, ,8369.0," ""GERAL""       ",132393.0,13297.0,4887.0,4907.0,115669.0,14983.0,4736.0,4754.0,0.0,0.0,4735.0,4111.0,7334.0,18544.0,132.0,360.0,497.0,-1158.0,6837.0,19702.0,36.0,100.0,220.0,7114.0,220.0,0.0,220.0,0.0,0.0,0.0,0.0,0.0,7334.0,0.0,0.0,0.0,0.0,0.0,0.0,220.0,0.0,0.0,0.0,0.0,0.0,0.0,277.0,0.0,0.0,0.0,0.0,0.0,0.0,6837.0,0.0,0.0,0.0,0.0,0.0,0.0,115669.0,0.0,0.0,0.0,0.0,0.0,0.0
S00483_PONTA,0, ,8372.0," ""GERAL""       ",0.0,775.0,0.0,277.0,4971.0,698.0,1844.0,1859.0,0.0,0.0,207.0,179.0,356.0,972.0,122.0,339.0,53.0,98.0,303.0,874.0,21.0,101.0,3.0,353.0,3.0,0.0,3.0,0.0,0.0,0.0,0.0,0.0,356.0,0.0,0.0,0.0,0.0,0.0,0.0,3.0,0.0,0.0,0.0,0.0,0.0,0.0,50.0,0.0,0.0,0.0,0.0,0.0,0.0,303.0,0.0,0.0,0.0,0.0,0.0,0.0,4971.0,0.0,0.0,0.0,0.0,0.0,0.0
S00484_FORA_PONTA,0, ,8393.0," ""GERAL""       ",50379.0,4525.0,3716.0,3726.0,40959.0,4776.0,2986.0,2997.0,0.0,0.0,1438.0,1249.0,2298.0,5873.0,129.0,355.0,229.0,-87.0,2069.0,5960.0,33.0,100.0,89.0,2209.0,89.0,0.0,89.0,0.0,0.0,0.0,0.0,0.0,2298.0,0.0,0.0,0.0,0.0,0.0,0.0,89.0,0.0,0.0,0.0,0.0,0.0,0.0,141.0,0.0,0.0,0.0,0.0,0.0,0.0,2069.0,0.0,0.0,0.0,0.0,0.0,0.0,40959.0,0.0,0.0,0.0,0.0,0.0,0.0
S00485_PONTA,0, ,8396.0," ""GERAL""       ",15.0,823.0,58.0,351.0,5284.0,722.0,2040.0,2061.0,0.0,0.0,207.0,179.0,362.0,996.0,125.0,352.0,59.0,122.0,303.0,874.0,25.0,101.0,3.0,358.0,3.0,0.0,3.0,0.0,0.0,0.0,0.0,0.0,362.0,0.0,0.0,0.0,0.0,0.0,0.0,3.0,0.0,0.0,0.0,0.0,0.0,0.0,56.0,0.0,0.0,0.0,0.0,0.0,0.0,303.0,0.0,0.0,0.0,0.0,0.0,0.0,5284.0,0.0,0.0,0.0,0.0,0.0,0.0
S00486_FORA_PONTA,0, ,8417.0," ""GERAL""       ",48251.0,4356.0,3827.0,3837.0,38491.0,4626.0,2840.0,2863.0,0.0,0.0,1439.0,1250.0,2292.0,5862.0,130.0,356.0,221.0,-106.0,2071.0,5968.0,33.0,100.0,81.0,2211.0,81.0,0.0,81.0,0.0,0.0,0.0,0.0,0.0,2292.0,0.0,0.0,0.0,0.0,0.0,0.0,81.0,0.0,0.0,0.0,0.0,0.0,0.0,139.0,0.0,0.0,0.0,0.0,0.0,0.0,2071.0,0.0,0.0,0.0,0.0,0.0,0.0,38491.0,0.0,0.0,0.0,0.0,0.0,0.0
S00487_PONTA,0, ,8420.0," ""GERAL""       ",0.0,579.0,0.0,202.0,4545.0,537.0,1673.0,1683.0,0.0,0.0,207.0,179.0,348.0,938.0,119.0,324.0,44.0,63.0,303.0,875.0,18.0,101.0,2.0,345.0,2.0,0.0,2.0,0.0,0.0,0.0,0.0,0.0,348.0,0.0,0.0,0.0,0.0,0.0,0.0,2.0,0.0,0.0,0.0,0.0,0.0,0.0,42.0,0.0,0.0,0.0,0.0,0.0,0.0,303.0,0.0,0.0,0.0,0.0,0.0,0.0,4545.0,0.0,0.0,0.0,0.0,0.0,0.0
S00488_FORA_PONTA,0, ,8441.0," ""GERAL""       ",50704.0,5020.0,3689.0,3698.0,41802.0,5268.0,3166.0,3188.0,0.0,0.0,1438.0,1249.0,2301.0,5872.0,129.0,354.0,234.0,-84.0,2067.0,5955.0,32.0,100.0,96.0,2205.0,96.0,0.0,96.0,0.0,0.0,0.0,0.0,0.0,2301.0,0.0,0.0,0.0,0.0,0.0,0.0,96.0,0.0,0.0,0.0,0.0,0.0,0.0,138.0,0.0,0.0,0.0,0.0,0.0,0.0,2067.0,0.0,0.0,0.0,0.0,0.0,0.0,41802.0,0.0,0.0,0.0,0.0,0.0,0.0
S00489_PONTA,0, ,8444.0," ""GERAL""       ",60.0,1012.0,127.0,428.0,5533.0,890.0,2108.0,2137.0,0.0,0.0,207.0,179.0,367.0,1016.0,126.0,353.0,64.0,143.0,302.0,872.0,25.0,101.0,4.0,362.0,4.0,0.0,4.0,0.0,0.0,0.0,0.0,0.0,367.0,0.0,0.0,0.0,0.0,0.0,0.0,4.0,0.0,0.0,0.0,0.0,0.0,0.0,60.0,0.0,0.0,0.0,0.0,0.0,0.0,302.0,0.0,0.0,0.0,0.0,0.0,0.0,5533.0,0.0,0.0,0.0,0.0,0.0,0.0
S00490_FORA_PONTA,0, ,8465.0," ""GERAL""       ",55079.0,5706.0,3927.0,3942.0,44920.0,5824.0,3688.0,3707.0,0.0,0.0,1436.0,1248.0,2337.0,5984.0,131.0,359.0,277.0,47.0,2060.0,5936.0,35.0,100.0,112.0,2225.0,112.0,0.0,112.0,0.0,0.0,0.0,0.0,0.0,2337.0,0.0,0.0,0.0,0.0,0.0,0.0,112.0,0.0,0.0,0.0,0.0,0.0,0.0,165.0,0.0,0.0,0.0,0.0,0.0,0.0,2060.0,0.0,0.0,0.0,0.0,0.0,0.0,44920.0,0.0,0.0,0.0,0.0,0.0,0.0
S00491_PONTA,0, ,8468.0," ""GERAL""       ",100.0,1227.0,164.0,481.0,5782.0,1083.0,2145.0,2181.0,0.0,0.0,207.0,179.0,372.0,1036.0,126.0,354.0,70.0,165.0,302.0,871.0,26.0,101.0,5.0,367.0,5.0,0.0,5.0,0.0,0.0,0.0,0.0,0.0,372.0,0.0,0.0,0.0,0.0,0.0,0.0,5.0,0.0,0.0,0.0,0.0,0.0,0.0,65.0,0.0,0.0,0.0,0.0,0.0,0.0,302.0,0.0,0.0,0.0,0.0,0.0,0.0,5782.0,0.0,0.0,0.0,0.0,0.0,0.0
S00492_FORA_PONTA,0, ,8537.0," ""GERAL""       ",121685.0,13508.0,3982.0,4001.0,105193.0,15364.0,3238.0,3250.0,0.0,0.0,4738.0,4112.0,7276.0,18405.0,131.0,359.0,427.0,-1331.0,6848.0,19736.0,35.0,100.0,181.0,7094.0,181.0,0.0,181.0,0.0,0.0,0.0,0.0,0.0,7276.0,0.0,0.0,0.0,0.0,0.0,0.0,181.0,0.0,0.0,0.0,0.0,0.0,0.0,246.0,0.0,0.0,0.0,0.0,0.0,0.0,6848.0,0.0,0.0,0.0,0.0,0.0,0.0,105193.0,0.0,0.0,0.0,0.0,0.0,0.0
S00493_PONTA,0, ,8540.0," ""GERAL""       ",0.0,1011.0,0.0,354.0,5023.0,926.0,1727.0,1756.0,0.0,0.0,207.0,179.0,358.0,978.0,120.0,330.0,55.0,106.0,302.0,873.0,20.0,101.0,4.0,354.0,4.0,0.0,4.0,0.0,0.0,0.0,0.0,0.0,358.0,0.0,0.0,0.0,0.0,0.0,0.0,4.0,0.0,0.0,0.0,0.0,0.0,0.0,51.0,0.0,0.0,0.0,0.0,0.0,0.0,302.0,0.0,0.0,0.0,0.0,0.0,0.0,5023.0,0.0,0.0,0.0,0.0,0.0,0.0
S00494_FORA_PONTA,0, ,8561.0," ""GERAL""       ",43752.0,3845.0,3914.0,3931.0,34175.0,4175.0,2486.0,2494.0,0.0,0.0,1440.0,1251.0,2275.0,5818.0,131.0,359.0,197.0,-168.0,2078.0,5986.0,35.0,100.0,68.0,2207.0,68.0,0.0,68.0,0.0,0.0,0.0,0.0,0.0,2275.0,0.0,0.0,0.0,0.0,0.0,0.0,68.0,0.0,0.0,0.0,0.0,0.0,0.0,129.0,0.0,0.0,0.0,0.0,0.0,0.0,2078.0,0.0,0.0,0.0,0.0,0.0,0.0,34175.0,0.0,0.0,0.0,0.0,0.0,0.0
S00495_PONTA,0, ,8564.0," ""GERAL""       ",0.0,526.0,0.0,196.0,3882.0,527.0,1365.0,1374.0,0.0,0.0,207.0,180.0,337.0,895.0,113.0,303.0,33.0,20.0,304.0,876.0,12.0,101.0,2.0,335.0,2.0,0.0,2.0,0.0,0.0,0.0,0.0,0.0,337.0,0.0,0.0,0.0,0.0,0.0,0.0,2.0,0.0,0.0,0.0,0.0,0.0,0.0,32.0,0.0,0.0,0.0,0.0,0.0,0.0,304.0,0.0,0.0,0.0,0.0,0.0,0.0,3882.0,0.0,0.0,0.0,0.0,0.0,0.0
S00496_FORA_PONTA,0, ,8585.0," ""GERAL""       ",38106.0,3564.0,3599.0,3606.0,29956.0,4008.0,2256.0,2268.0,0.0,0.0,1442.0,1252.0,2243.0,5723.0,129.0,354.0,159.0,-283.0,2085.0,6006.0,32.0,100.0,53.0,2191.0,53.0,0.0,53.0,0.0,0.0,0.0,0.0,0.0,2243.0,0.0,0.0,0.0,0.0,0.0,0.0,53.0,0.0,0.0,0.0,0.0,0.0,0.0,106.0,0.0,0.0,0.0,0.0,0.0,0.0,2085.0,0.0,0.0,0.0,0.0,0.0,0.0,29956.0,0.0,0.0,0.0,0.0,0.0,0.0
S00497_PONTA,0, ,8588.0," ""GERAL""       ",0.0,536.0,0.0,208.0,3717.0,546.0,1329.0,1341.0,0.0,0.0,207.0,180.0,335.0,886.0,113.0,300.0,31.0,10.0,304.0,876.0,12.0,101.0,2.0,333.0,2.0,0.0,2.0,0.0,0.0,0.0,0.0,0.0,335.0,0.0,0.0,0.0,0.0,0.0,0.0,2.0,0.0,0.0,0.0,0.0,0.0,0.0,29.0,0.0,0.0,0.0,0.0,0.0,0.0,304.0,0.0,0.0,0.0,0.0,0.0,0.0,3717.0,0.0,0.0,0.0,0.0,0.0,0.0
S00498_FORA_PONTA,0, ,8633.0," ""GERAL""       ",62055.0,5749.0,3591.0,3604.0,51015.0,7183.0,1374.0,1385.0,0.0,0.0,3096.0,2685.0,4686.0,11851.0,129.0,354.0,193.0,-1096.0,4493.0,12947.0,32.0,100.0,67.0,4619.0,67.0,0.0,67.0,0.0,0.0,0.0,0.0,0.0,4686.0,0.0,0.0,0.0,0.0,0.0,0.0,67.0,0.0,0.0,0.0,0.0,0.0,0.0,126.0,0.0,0.0,0.0,0.0,0.0,0.0,4493.0,0.0,0.0,0.0,0.0,0.0,0.0,51015.0,0.0,0.0,0.0,0.0,0.0,0.0
S00499_PONTA,0, ,8636.0," ""GERAL""       ",0.0,530.0,0.0,191.0,3586.0,549.0,1295.0,1307.0,0.0,0.0,207.0,180.0,333.0,878.0,112.0,298.0,29.0,2.0,304.0,876.0,11.0,101.0,2.0,331.0,2.0,0.0,2.0,0.0,0.0,0.0,0.0,0.0,333.0,0.0,0.0,0.0,0.0,0.0,0.0,2.0,0.0,0.0,0.0,0.0,0.0,0.0,28.0,0.0,0.0,0.0,0.0,0.0,0.0,304.0,0.0,0.0,0.0,0.0,0.0,0.0,3586.0,0.0,0.0,0.0,0.0,0.0,0.0
S00500_FORA_PONTA,0, ,8705.0," ""GERAL""       ",98453.0,9759.0,3514.0,3523.0,84500.0,12029.0,2081.0,2090.0,0.0,0.0,4745.0,4117.0,7165.0,18084.0,129.0,353.0,281.0,-1752.0,6883.0,19836.0,31.0,100.0,110.0,7055.0,110.0,0.0,110.0,0.0,0.0,0.0,0.0,0.0,7165.0,0.0,0.0,0.0,0.0,0.0,0.0,110.0,0.0,0.0,0.0,0.0,0.0,0.0,171.0,0.0,0.0,0.0,0.0,0.0,0.0,6883.0,0.0,0.0,0.0,0.0,0.0,0.0,84500.0,0.0,0.0,0.0,0.0,0.0,0.0
S00501_PONTA,0, ,8708.0," ""GERAL""       ",0.0,482.0,0.0,167.0,3874.0,484.0,1415.0,1424.0,0.0,0.0,207.0,180.0,337.0,895.0,114.0,306.0,33.0,19.0,304.0,876.0,13.0,101.0,2.0,335.0,2.0,0.0,2.0,0.0,0.0,0.0,0.0,0.0,337.0,0.0,0.0,0.0,0.0,0.0,0.0,2.0,0.0,0.0,0.0,0.0,0.0,0.0,32.0,0.0,0.0,0.0,0.0,0.0,0.0,304.0,0.0,0.0,0.0,0.0,0.0,0.0,3874.0,0.0,0.0,0.0,0.0,0.0,0.0
S00502_FORA_PONTA,0, ,8729.0," ""GERAL""       ",40677.0,3475.0,3578.0,3585.0,32518.0,3888.0,2347.0,2354.0,0.0,0.0,1441.0,1251.0,2253.0,5747.0,129.0,354.0,171.0,-252.0,2082.0,5999.0,32.0,100.0,60.0,2193.0,60.0,0.0,60.0,0.0,0.0,0.0,0.0,0.0,2253.0,0.0,0.0,0.0,0.0,0.0,0.0,60.0,0.0,0.0,0.0,0.0,0.0,0.0,112.0,0.0,0.0,0.0,0.0,0.0,0.0,2082.0,0.0,0.0,0.0,0.0,0.0,0.0,32518.0,0.0,0.0,0.0,0.0,0.0,0.0
S00503_PONTA,0, ,8732.0," ""GERAL""       ",0.0,524.0,0.0,198.0,4001.0,517.0,1388.0,1397.0,0.0,0.0,207.0,180.0,339.0,903.0,114.0,304.0,35.0,27.0,304.0,876.0,12.0,101.0,2.0,337.0,2.0,0.0,2.0,0.0,0.0,0.0,0.0,0.0,339.0,0.0,0.0,0.0,0.0,0.0,0.0,2.0,0.0,0.0,0.0,0.0,0.0,0.0,34.0,0.0,0.0,0.0,0.0,0.0,0.0,304.0,0.0,0.0,0.0,0.0,0.0,0.0,4001.0,0.0,0.0,0.0,0.0,0.0,0.0
S00504_FORA_PONTA,0, ,8753.0," ""GERAL""       ",36384.0,3292.0,3607.0,3614.0,28068.0,3764.0,1787.0,1799.0,0.0,0.0,1443.0,1252.0,2235.0,5701.0,129.0,354.0,148.0,-313.0,2087.0,6014.0,32.0,100.0,46.0,2189.0,46.0,0.0,46.0,0.0,0.0,0.0,0.0,0.0,2235.0,0.0,0.0,0.0,0.0,0.0,0.0,46.0,0.0,0.0,0.0,0.0,0.0,0.0,102.0,0.0,0.0,0.0,0.0,0.0,0.0,2087.0,0.0,0.0,0.0,0.0,0.0,0.0,28068.0,0.0,0.0,0.0,0.0,0.0,0.0
S00505_PONTA,0, ,8756.0," ""GERAL""       ",0.0,494.0,0.0,181.0,3591.0,512.0,1303.0,1316.0,0.0,0.0,207.0,180.0,333.0,879.0,112.0,299.0,29.0,3.0,304.0,876.0,11.0,101.0,2.0,331.0,2.0,0.0,2.0,0.0,0.0,0.0,0.0,0.0,333.0,0.0,0.0,0.0,0.0,0.0,0.0,2.0,0.0,0.0,0.0,0.0,0.0,0.0,28.0,0.0,0.0,0.0,0.0,0.0,0.0,304.0,0.0,0.0,0.0,0.0,0.0,0.0,3591.0,0.0,0.0,0.0,0.0,0.0,0.0
S00506_FORA_PONTA,0, ,8760.0," ""GERAL""       ",9539.0,756.0,3548.0,3557.0,4036.0,631.0,1313.0,1326.0,0.0,0.0,224.0,195.0,395.0,1067.0,129.0,353.0,77.0,151.0,318.0,916.0,31.0,100.0,15.0,380.0,15.0,0.0,15.0,0.0,0.0,0.0,0.0,0.0,395.0,0.0,0.0,0.0,0.0,0.0,0.0,15.0,0.0,0.0,0.0,0.0,0.0,0.0,62.0,0.0,0.0,0.0,0.0,0.0,0.0,318.0,0.0,0.0,0.0,0.0,0.0,0.0,4036.0,0.0,0.0,0.0,0.0,0.0,0.0
TOTAL,0,,8760.0,GERAL,18063633.0,1657819.0,5605.0,5637.0,16530882.0,1754103.0,5892.0,5909.0,0.0,0.0,599969.0,520857.0,961797.0,2468341.0,141.0,375.0,95187.0,-29089.0,866608.0,2497428.0,47.0,102.0,33924.0,927861.0,33924.0,0.0,33924.0,0.0,0.0,0.0,0.0,0.0,961797.0,0.0,0.0,0.0,0.0,0.0,0.0,33924.0,0.0,0.0,0.0,0.0,0.0,0.0,61257.0,0.0,0.0,0.0,0.0,0.0,0.0,866608.0,0.0,0.0,0.0,0.0,0.0,0.0,16530882.0,0.0,0.0,0.0,0.0,0.0,0.0
