Hora_decimal,P fase A,P fase B,P fase C,Q fase A,Q fase B,Q fase C
8016.0,1.89,2.09,3.95,0.675,1.69,1.77
8016.25,2.3,2.22,4.5,0.217,1.87,2.03
8016.5,2.17,2.46,4.38,0.528,2.19,2.18
8016.75,3.01,3.03,5.54,0.185,2.16,2.33
8017.0,2.25,2.19,4.36,0.103,1.8,2.03
8017.25,1.88,2.1,4.27,0.541,1.67,1.83
8017.5,2.22,2.07,4.23,0.121,1.64,1.8
8017.75,2.51,2.96,4.76,0.628,1.88,1.73
8018.0,2.69,3.2,4.54,0.584,1.86,1.59
8018.25,2.11,2.4,4.46,0.616,2.07,2.14
8018.5,2.05,1.98,4.03,0.0356,1.61,1.74
8018.75,2.37,2.28,4.31,0.134,1.79,2.01
8019.0,3.09,2.93,5.06,-0.029,1.49,1.7
8019.25,2.26,2.26,4.37,-0.087,1.46,1.51
8019.5,1.82,2.1,3.79,0.149,1.31,1.37
8019.75,2.49,2.27,4.36,-0.091,1.46,1.79
8020.0,2.25,2.45,4.17,0.284,1.63,1.66
8020.25,3.16,3.11,5.14,0.036,1.77,1.79
8020.5,2.76,2.49,4.66,-0.11,1.73,1.84
8020.75,1.7,2.16,3.55,0.233,1.39,1.13
8021.0,2.73,2.32,4.67,-0.16,1.51,1.98
8021.25,2.0,2.1,3.88,0.112,1.32,1.49
8021.5,3.48,3.59,5.56,0.129,1.77,1.86
8021.75,1.87,2.12,3.73,0.0698,1.51,1.44
8022.0,2.26,2.33,3.99,0.0859,1.73,1.33
8022.25,2.26,2.33,4.12,0.146,1.71,1.62
8022.5,2.28,2.09,4.49,0.123,1.35,1.78
8022.75,3.72,4.83,5.78,0.446,1.93,1.82
8023.0,1.54,2.69,3.61,0.362,1.42,1.37
8023.25,3.04,3.84,6.19,0.111,2.3,2.82
8023.5,2.89,7.82,7.76,-0.0071,4.77,3.83
8023.75,4.22,7.66,9.06,-0.13,4.77,4.74
8024.0,4.95,9.07,9.3,0.242,4.62,3.93
8024.25,5.17,8.6,8.72,0.193,4.23,3.2
8024.5,10.1,11.2,8.59,0.804,4.2,2.64
8024.75,9.3,13.5,10.3,1.51,4.41,2.34
8025.0,10.2,15.4,11.8,1.46,5.21,3.0
8025.25,11.9,17.6,14.9,1.76,5.78,2.68
8025.5,12.1,16.3,12.7,1.84,5.65,2.36
8025.75,11.6,14.6,11.7,2.12,5.29,1.88
8026.0,10.6,14.6,11.2,1.95,5.28,2.35
8026.25,6.41,10.4,9.91,0.842,2.54,2.07
8026.5,8.44,12.3,12.8,0.487,2.64,2.93
8026.75,6.46,12.4,11.7,0.181,2.55,2.54
8027.0,6.27,12.8,10.6,0.233,2.57,2.18
8027.25,6.71,12.3,12.2,0.366,2.69,2.38
8027.5,6.32,12.4,10.8,0.333,3.08,1.88
8027.75,7.83,12.4,11.9,0.445,2.74,3.19
8028.0,5.98,10.4,9.66,0.608,1.99,2.45
8028.25,5.21,9.28,9.14,0.754,1.8,2.1
8028.5,4.91,8.44,10.2,0.574,1.57,1.77
8028.75,5.33,9.03,11.3,0.778,1.89,1.9
8029.0,6.38,9.73,13.0,0.536,2.32,2.85
8029.25,6.22,11.4,13.3,0.583,3.25,3.56
8029.5,8.97,16.8,19.2,1.2,4.82,5.2
8029.75,10.7,16.1,20.2,1.56,4.63,5.55
8030.0,11.5,16.2,22.5,2.4,5.05,7.56
8030.25,11.8,17.0,24.2,2.44,5.22,8.87
8030.5,11.9,17.4,23.9,2.94,5.58,9.05
8030.75,7.89,13.6,21.5,2.24,4.94,7.86
8031.0,7.22,14.0,17.8,2.27,5.18,7.84
8031.25,8.31,13.9,19.0,2.99,5.99,7.86
8031.5,12.6,17.0,22.4,3.55,7.04,8.26
8031.75,15.1,16.6,24.7,5.07,7.21,9.15
8032.0,11.9,15.7,20.2,3.35,6.82,8.05
8032.25,11.0,13.1,22.8,2.96,4.46,8.68
8032.5,8.15,9.98,21.0,2.18,2.13,7.45
8032.75,7.84,10.3,14.7,2.24,2.67,3.99
8033.0,5.42,9.56,13.1,1.64,2.9,4.08
8033.25,5.27,8.99,12.4,2.16,3.17,3.85
8033.5,4.64,8.36,11.1,1.94,2.83,3.53
8033.75,5.0,8.27,11.3,2.21,2.79,3.63
8034.0,4.2,6.92,9.28,1.89,2.54,2.95
8034.25,3.42,6.67,5.58,1.03,2.17,1.89
8034.5,4.59,8.3,5.55,1.82,3.55,1.87
8034.75,6.86,9.16,5.09,2.44,5.47,1.52
8035.0,8.26,10.1,6.63,2.2,5.69,1.93
8035.25,8.35,12.2,10.5,2.28,5.99,4.73
8035.5,8.14,11.8,10.5,1.69,5.7,4.73
8035.75,7.2,11.3,9.62,2.2,5.82,4.47
8036.0,6.42,11.2,9.56,1.94,5.48,4.34
8036.25,4.03,11.8,9.37,0.968,5.97,4.28
8036.5,5.52,12.5,10.2,0.97,6.18,4.89
8036.75,3.89,9.4,6.25,0.467,5.27,2.41
8037.0,3.97,6.66,4.93,1.19,3.84,1.56
8037.25,3.39,3.89,4.26,0.948,2.14,0.886
8037.5,3.77,4.06,4.93,1.23,2.49,1.53
8037.75,5.24,4.87,6.65,0.806,2.32,2.07
8038.0,3.22,3.9,4.78,1.16,2.26,1.54
8038.25,1.73,2.92,3.66,1.03,2.36,1.45
8038.5,2.17,2.99,4.14,1.24,2.72,1.74
8038.75,2.02,3.03,3.79,1.34,2.42,1.67
8039.0,3.8,3.99,5.89,0.849,2.51,2.3
8039.25,1.8,2.84,3.71,0.954,2.09,1.28
8039.5,2.02,2.89,3.78,0.962,2.05,1.53
8039.75,2.2,3.16,4.21,0.911,2.39,1.64
8040.0,2.22,2.88,4.13,0.759,2.15,1.53
8040.25,3.7,3.94,5.7,0.815,2.46,2.37
8040.5,2.02,2.83,3.6,1.07,2.07,1.4
8040.75,2.58,2.97,4.32,0.802,2.21,1.58
8041.0,2.08,2.78,3.8,0.927,2.03,1.3
8041.25,2.19,2.64,3.96,0.607,1.88,1.48
8041.5,3.54,3.54,5.44,0.572,2.28,2.1
8041.75,1.79,2.52,3.53,0.776,1.81,1.49
8042.0,2.22,2.74,4.02,0.617,2.02,1.43
8042.25,2.1,2.97,3.87,0.978,2.44,1.81
8042.5,2.62,2.52,4.12,0.597,2.33,2.05
8042.75,3.45,3.39,5.01,0.884,2.33,2.19
8043.0,1.94,2.33,3.53,1.08,2.03,1.89
8043.25,2.29,2.37,3.96,0.628,2.15,2.16
8043.5,2.34,2.71,3.91,0.8,2.59,2.07
8043.75,2.39,2.82,4.2,0.975,2.6,2.34
8044.0,3.2,3.37,4.63,0.769,2.34,1.88
8044.25,1.65,2.15,3.05,0.822,1.93,1.48
8044.5,2.81,2.44,4.48,0.75,2.15,2.5
8044.75,1.97,2.28,3.37,0.724,2.04,1.73
8045.0,3.06,2.87,4.71,0.831,2.64,2.66
8045.25,3.46,3.49,5.19,0.612,2.44,2.45
8045.5,1.84,2.08,3.13,0.597,1.89,1.36
8045.75,2.64,2.58,4.39,0.568,2.16,2.18
8046.0,2.2,2.6,3.89,0.495,2.1,1.76
8046.25,3.2,3.02,4.86,0.436,2.01,2.18
8046.5,3.1,2.82,4.77,0.36,2.0,2.17
8046.75,2.34,2.76,3.77,0.769,1.87,1.65
8047.0,3.15,2.77,4.54,0.359,1.82,1.72
8047.25,2.39,3.13,3.88,0.687,2.18,1.4
8047.5,3.28,4.57,5.79,0.29,2.48,2.23
8047.75,3.76,5.51,6.23,0.592,2.73,2.42
8048.0,2.66,6.91,5.31,0.698,3.78,1.52
8048.25,4.13,8.35,5.82,0.678,4.76,1.8
8048.5,7.19,9.9,9.06,1.83,5.81,2.17
8048.75,9.77,12.1,11.8,1.83,6.61,2.41
8049.0,10.6,15.0,14.6,2.04,6.48,2.23
8049.25,9.13,10.3,13.2,1.98,3.96,1.88
8049.5,12.1,11.9,14.3,2.09,5.36,2.6
8049.75,9.75,13.4,17.7,1.52,6.4,4.46
8050.0,8.7,14.7,19.0,1.69,6.86,5.26
8050.25,12.3,15.4,19.7,2.09,7.3,5.55
8050.5,21.9,19.9,20.3,6.01,8.46,4.94
8050.75,21.5,20.3,18.5,5.84,7.64,4.16
8051.0,21.0,17.9,14.6,5.82,6.52,1.85
8051.25,23.1,20.3,16.7,5.84,8.14,2.54
8051.5,22.7,20.0,17.3,5.78,8.04,3.31
8051.75,19.6,18.0,15.4,5.85,7.88,2.43
8052.0,21.2,19.1,14.0,7.29,8.99,2.1
8052.25,16.9,16.1,14.0,5.52,7.46,2.46
8052.5,9.68,13.8,12.8,3.05,6.46,2.4
8052.75,8.85,10.9,15.6,3.43,4.95,3.01
8053.0,9.41,9.75,14.6,3.62,4.43,2.88
8053.25,10.8,10.7,15.2,4.03,4.36,3.23
8053.5,16.2,21.4,24.8,5.91,8.07,6.43
8053.75,17.6,26.0,26.9,7.06,10.6,8.03
8054.0,16.9,25.7,25.8,6.81,10.6,8.03
8054.25,17.6,25.7,24.9,7.34,11.0,8.11
8054.5,18.2,25.4,22.6,6.96,10.8,6.62
8054.75,18.1,22.8,16.8,6.96,9.45,3.46
8055.0,15.2,21.1,15.9,6.16,8.74,2.69
8055.25,12.5,17.0,15.0,4.55,7.11,3.01
8055.5,14.0,15.0,15.2,3.32,5.72,3.49
8055.75,18.4,15.8,17.5,4.32,7.0,4.18
8056.0,15.1,14.1,14.2,3.06,5.99,2.82
8056.25,13.7,13.8,12.8,2.5,5.48,2.33
8056.5,13.1,13.7,10.5,2.78,5.85,2.5
8056.75,13.9,14.5,10.1,2.9,6.14,2.77
8057.0,13.2,13.3,10.4,3.12,6.71,3.27
8057.25,10.4,11.6,8.59,2.3,5.75,2.22
8057.5,3.34,11.2,9.27,1.03,4.66,3.41
8057.75,4.0,8.65,10.2,1.57,3.41,4.69
8058.0,3.78,8.5,9.89,1.32,2.9,4.34
8058.25,3.5,8.13,10.5,1.55,2.83,4.8
8058.5,3.31,7.27,9.94,1.64,2.86,4.72
8058.75,3.02,7.12,9.76,1.38,2.59,4.64
8059.0,6.75,10.5,11.0,2.14,5.41,4.7
8059.25,7.08,11.5,11.3,1.93,5.16,4.59
8059.5,5.95,10.4,11.0,1.63,4.86,4.15
8059.75,5.78,10.7,11.2,1.5,4.73,4.34
8060.0,4.83,10.2,9.02,1.13,4.35,3.53
8060.25,3.73,10.7,8.28,0.973,4.67,3.5
8060.5,3.52,10.9,8.41,0.977,4.69,3.42
8060.75,3.31,10.8,9.11,0.897,4.66,4.04
8061.0,2.54,6.85,7.21,0.811,2.45,3.04
8061.25,2.09,5.77,6.7,0.724,1.78,2.84
8061.5,1.95,5.46,4.56,0.59,1.93,0.831
8061.75,2.39,5.68,4.62,0.684,2.17,0.581
8062.0,1.93,5.06,3.74,0.65,1.9,0.903
8062.25,2.37,4.99,4.08,0.957,2.03,1.38
8062.5,1.05,3.1,1.99,0.573,1.38,0.576
8062.75,1.94,4.41,3.45,0.992,2.18,1.33
8063.0,1.26,3.69,2.55,0.67,2.11,0.964
8063.25,1.82,4.42,3.39,1.03,2.72,1.39
8063.5,1.42,3.73,3.03,0.778,2.09,1.14
8063.75,2.33,3.99,3.78,1.13,2.61,1.97
8064.0,1.87,3.53,3.01,0.694,2.15,1.42
8064.25,1.75,4.1,3.17,1.17,2.74,1.56
8064.5,1.54,3.64,2.72,0.975,2.19,1.25
8064.75,1.85,4.01,3.32,1.25,2.58,1.77
8065.0,3.25,4.57,4.76,0.739,2.49,2.26
8065.25,1.85,3.79,3.36,1.04,2.4,1.75
8065.5,1.45,3.75,2.76,0.928,2.43,1.35
8065.75,1.89,3.98,3.22,1.08,2.62,1.6
8066.0,2.22,4.03,3.65,0.805,2.7,1.94
8066.25,2.89,3.73,4.35,0.525,2.34,2.45
8066.5,2.42,3.55,3.62,0.763,2.16,2.07
8066.75,1.72,3.86,3.02,1.26,2.6,1.7
8067.0,2.29,3.88,3.65,0.891,2.63,2.09
8067.25,1.56,3.64,2.7,0.878,2.36,1.31
8067.5,3.36,5.0,4.92,0.879,2.86,2.37
8067.75,1.49,3.65,2.85,0.881,2.15,1.43
8068.0,2.11,3.76,3.49,0.524,2.13,1.77
8068.25,1.8,3.71,3.14,0.827,2.06,1.55
8068.5,2.55,3.89,3.81,0.621,2.22,1.84
8068.75,2.88,3.84,4.16,0.337,2.21,1.96
8069.0,2.33,3.85,3.62,0.455,2.28,1.8
8069.25,1.68,3.88,3.03,0.638,2.44,1.47
8069.5,1.78,3.55,3.16,0.596,1.99,1.53
8069.75,2.44,3.6,3.72,0.535,1.98,1.88
8070.0,2.8,3.62,4.05,0.221,1.98,1.85
8070.25,2.45,3.68,3.85,0.329,2.02,1.88
8070.5,1.98,3.99,3.19,0.792,2.41,1.5
8070.75,2.68,4.32,3.75,0.518,2.28,1.92
8071.0,2.66,4.5,3.29,0.744,2.0,1.55
8071.25,3.9,5.4,4.81,0.594,2.07,2.0
8071.5,5.22,5.05,4.19,0.594,2.4,1.55
8071.75,6.97,6.4,3.61,1.39,2.99,1.27
8072.0,8.02,7.62,4.14,1.46,3.38,1.75
8072.25,6.0,7.06,4.14,0.534,3.07,2.02
8072.5,8.11,9.17,5.31,1.23,4.14,2.19
8072.75,8.15,8.79,6.24,1.79,3.94,2.05
8073.0,8.9,10.7,7.92,1.99,4.04,1.94
8073.25,8.81,12.3,8.32,1.85,4.49,2.03
8073.5,8.03,12.8,9.01,1.43,3.73,2.08
8073.75,9.09,12.1,12.0,1.24,3.92,3.09
8074.0,8.73,12.1,12.0,2.06,4.4,2.76
8074.25,9.33,12.7,12.7,2.71,5.33,3.28
8074.5,15.7,15.6,19.0,5.64,5.75,4.7
8074.75,15.3,18.6,20.1,4.74,6.87,5.39
8075.0,14.8,18.4,20.4,4.58,6.93,5.4
8075.25,14.4,21.1,21.9,4.75,8.31,6.53
8075.5,14.7,23.2,23.6,4.89,10.8,8.23
8075.75,13.8,20.3,22.5,4.17,9.75,7.8
8076.0,13.8,20.4,17.2,4.28,10.1,3.88
8076.25,12.6,18.2,16.3,4.0,8.87,2.89
8076.5,9.12,10.5,12.7,1.99,4.83,3.04
8076.75,8.2,7.93,10.6,1.79,3.62,2.27
8077.0,8.83,8.75,12.3,2.31,3.95,3.18
8077.25,6.94,10.5,15.6,1.92,3.68,3.88
8077.5,9.18,12.3,19.8,2.07,4.14,5.5
8077.75,9.71,12.0,19.8,1.8,3.54,5.6
8078.0,9.63,11.1,18.5,1.77,3.78,5.71
8078.25,10.7,12.2,21.0,2.17,4.13,6.25
8078.5,11.5,15.5,23.3,2.31,6.24,8.57
8078.75,12.5,16.3,22.1,2.31,6.39,8.53
8079.0,13.3,18.0,21.3,3.04,7.13,8.53
8079.25,14.0,15.9,19.6,3.78,6.56,7.78
8079.5,19.2,22.5,17.8,7.43,10.5,6.05
8079.75,19.8,21.7,16.4,7.74,10.2,5.61
8080.0,20.5,23.1,17.9,8.28,11.1,6.56
8080.25,16.8,19.7,12.4,6.74,9.05,4.33
8080.5,12.3,17.4,10.4,3.91,7.77,3.87
8080.75,12.8,15.1,14.0,4.39,5.61,5.41
8081.0,9.91,11.8,13.9,4.54,5.28,6.21
8081.25,8.39,9.5,11.7,3.69,4.4,4.64
8081.5,5.11,9.55,10.7,1.44,3.96,4.78
8081.75,3.96,8.49,7.91,0.709,3.38,3.93
8082.0,6.04,10.2,10.7,1.75,4.61,5.38
8082.25,4.0,7.72,7.71,1.41,3.16,3.74
8082.5,3.98,5.57,5.13,1.28,3.17,1.7
8082.75,2.62,5.01,4.54,1.07,2.92,1.42
8083.0,2.27,4.22,3.77,0.482,1.72,0.641
8083.25,2.51,6.97,5.09,0.926,4.47,1.46
8083.5,2.17,7.86,4.57,0.859,5.05,1.19
8083.75,2.06,7.62,4.46,0.794,4.6,1.1
8084.0,2.29,7.52,4.8,0.938,4.61,1.34
8084.25,2.28,7.4,4.59,1.01,4.55,1.2
8084.5,1.45,6.28,3.41,0.426,3.75,0.495
8084.75,2.53,7.84,5.03,1.09,5.11,1.53
8085.0,4.52,8.0,4.47,2.83,5.39,1.25
8085.25,4.89,7.89,3.79,3.05,5.14,0.848
8085.5,4.37,6.4,2.62,2.72,3.97,0.16
8085.75,4.17,6.02,4.06,2.29,3.54,0.978
8086.0,1.57,3.29,3.22,0.715,2.0,1.02
8086.25,1.54,2.82,2.96,0.864,1.77,1.08
8086.5,1.66,3.05,3.29,1.01,2.04,1.24
8086.75,1.84,3.28,3.61,0.716,2.16,1.43
8087.0,1.89,3.03,3.46,0.662,2.32,1.3
8087.25,1.34,3.1,2.97,0.748,2.27,1.08
8087.5,1.46,2.9,2.95,0.841,1.97,1.33
8087.75,1.61,2.61,3.06,0.958,1.85,1.37
8088.0,2.22,2.9,3.93,0.575,1.89,1.87
8088.25,2.04,2.82,3.37,0.715,2.11,1.41
8088.5,1.39,3.0,2.59,0.846,2.24,0.852
8088.75,1.55,2.98,3.25,0.878,2.38,1.18
8089.0,1.47,2.56,2.98,0.832,1.87,1.2
8089.25,2.37,3.34,3.86,0.642,1.9,1.6
8089.5,2.11,2.88,3.62,0.641,2.0,1.7
8089.75,1.39,2.52,2.75,0.766,1.87,1.12
8090.0,1.85,2.66,3.27,1.01,2.39,1.83
8090.25,1.83,2.62,2.98,0.962,2.34,1.42
8090.5,2.66,3.34,3.99,0.965,2.53,1.95
8090.75,2.16,2.89,3.79,0.849,2.39,2.02
8091.0,1.61,2.24,3.18,0.625,1.91,1.37
8091.25,2.01,2.66,3.76,0.898,2.37,1.76
8091.5,1.69,2.31,3.19,0.849,1.93,1.58
8091.75,2.39,3.06,3.73,0.708,2.17,1.56
8092.0,2.15,2.95,3.66,0.826,2.47,1.9
8092.25,2.02,2.46,3.4,0.642,2.27,1.89
8092.5,1.85,2.66,3.25,0.984,2.45,1.83
8092.75,2.03,2.29,3.61,0.482,1.95,2.02
8093.0,2.36,2.72,3.61,0.764,1.88,1.53
8093.25,2.16,2.6,3.57,0.708,2.18,1.84
8093.5,1.99,2.34,3.44,0.353,2.08,1.85
8093.75,1.91,2.34,3.36,0.569,2.12,1.91
8094.0,2.04,2.48,3.52,0.623,2.35,2.0
8094.25,2.05,2.35,3.29,0.681,2.04,1.61
8094.5,2.6,2.95,3.88,0.693,1.9,1.59
8094.75,2.51,2.98,3.94,0.359,1.88,1.53
8095.0,1.94,3.01,3.46,0.564,1.72,1.35
8095.25,3.12,3.61,4.27,0.337,2.02,1.94
8095.5,2.33,3.88,7.23,0.588,1.81,4.36
8095.75,3.67,6.05,7.8,0.453,2.47,4.22
8096.0,5.07,5.45,7.69,1.47,2.47,4.19
8096.25,5.53,6.15,8.16,0.911,2.47,4.59
8096.5,6.99,9.78,9.24,1.2,3.79,3.9
8096.75,8.45,12.3,9.21,0.208,4.47,2.09
8097.0,8.61,13.6,9.69,0.423,5.1,2.36
8097.25,8.35,13.7,7.93,0.594,4.83,1.26
8097.5,7.96,14.9,10.1,0.931,5.25,2.13
8097.75,8.38,14.2,15.0,1.08,6.04,4.82
8098.0,7.94,11.0,15.2,0.918,4.71,5.52
8098.25,9.44,11.9,14.1,0.767,6.09,5.02
8098.5,9.7,12.2,10.9,1.22,5.12,3.14
8098.75,7.81,13.2,11.5,1.28,5.22,3.28
8099.0,7.14,10.6,10.9,1.32,3.92,2.34
8099.25,6.11,9.31,9.65,0.964,2.01,1.29
8099.5,6.93,10.3,9.26,1.3,2.78,2.1
8099.75,5.61,8.91,8.32,0.804,1.82,1.76
8100.0,6.95,9.85,10.6,1.34,2.26,2.54
8100.25,7.02,10.3,9.76,1.43,2.56,2.32
8100.5,5.45,8.45,9.64,1.27,2.37,2.4
8100.75,5.43,8.88,9.61,1.27,2.63,2.57
8101.0,4.67,8.57,10.2,0.724,1.92,3.24
8101.25,8.66,10.8,14.3,3.11,3.36,4.95
8101.5,14.4,18.5,19.5,5.01,8.38,7.28
8101.75,14.0,17.6,18.7,4.46,7.45,7.28
8102.0,14.4,16.2,20.2,4.36,6.23,7.38
8102.25,12.7,15.0,17.3,4.15,5.82,6.85
8102.5,10.2,11.7,16.2,3.45,3.26,6.82
8102.75,12.5,14.0,15.6,4.5,4.84,5.92
8103.0,10.4,11.7,11.7,3.85,3.75,3.99
8103.25,16.1,16.8,15.7,5.37,5.61,5.75
8103.5,16.0,20.0,17.5,6.03,6.6,6.67
8103.75,12.7,20.5,17.0,4.24,6.97,6.28
8104.0,11.6,18.6,15.1,3.76,6.26,5.17
8104.25,12.5,18.1,13.8,3.74,7.22,4.27
8104.5,12.2,17.1,11.2,3.62,7.21,3.96
8104.75,9.26,12.8,9.89,1.75,5.32,3.3
8105.0,8.23,14.5,10.2,1.6,6.61,3.28
8105.25,7.2,15.0,12.2,1.94,6.73,4.4
8105.5,3.58,7.63,9.18,1.25,2.54,3.4
8105.75,3.09,6.11,4.62,0.728,1.83,0.876
8106.0,2.18,3.59,3.71,0.45,1.56,0.462
8106.25,2.73,4.78,4.43,0.824,1.84,0.954
8106.5,3.66,7.32,5.63,1.14,2.9,1.51
8106.75,2.57,5.97,4.15,0.895,2.33,0.933
8107.0,2.53,4.74,4.25,0.919,2.07,1.16
8107.25,1.48,3.24,3.11,0.381,1.31,0.617
8107.5,1.36,3.01,2.75,0.322,1.1,0.231
8107.75,3.22,5.32,5.22,1.26,2.8,1.53
8108.0,2.03,3.77,3.88,0.786,1.91,1.08
8108.25,2.03,3.83,3.67,0.904,2.06,0.978
8108.5,1.69,3.44,3.13,0.545,1.65,0.411
8108.75,1.82,3.63,3.47,0.733,1.87,0.805
8109.0,1.63,3.24,3.21,0.543,1.47,0.74
8109.25,1.71,3.26,3.34,0.585,1.44,0.575
8109.5,1.89,3.5,3.55,0.749,1.83,0.899
8109.75,1.56,2.85,3.11,0.49,1.69,0.631
8110.0,2.23,2.79,3.71,0.238,1.7,0.949
8110.25,1.48,2.52,2.64,0.691,1.95,0.656
8110.5,1.15,1.74,2.51,0.641,1.35,0.689
8110.75,1.68,2.6,3.14,1.04,1.98,1.27
8111.0,1.26,2.09,2.43,0.744,1.7,0.64
8111.25,2.38,2.57,4.15,0.577,2.27,1.89
8111.5,1.69,2.17,3.22,0.549,1.85,1.25
8111.75,1.5,2.52,2.84,0.735,1.94,0.779
8112.0,1.69,2.63,3.43,0.839,1.94,1.05
8112.25,1.82,2.69,3.34,0.753,2.07,1.19
8112.5,3.21,3.3,4.67,0.557,1.92,1.38
8112.75,1.45,2.19,2.81,0.718,1.49,0.813
8113.0,1.28,2.15,2.63,0.591,1.52,0.904
8113.25,1.9,2.16,3.35,0.383,1.54,1.25
8113.5,1.43,2.53,2.69,0.666,2.04,0.718
8113.75,2.95,3.15,4.68,0.307,1.91,1.37
8114.0,1.64,2.19,3.48,0.482,1.62,0.838
8114.25,1.57,2.27,3.31,0.819,1.65,0.712
8114.5,2.1,2.12,3.7,0.37,1.52,1.06
8114.75,1.44,2.12,3.0,0.515,1.62,0.9
8115.0,3.07,2.93,4.6,0.213,1.68,1.24
8115.25,2.02,2.36,3.72,0.268,1.84,1.05
8115.5,1.35,2.07,3.07,0.453,1.58,0.792
8115.75,1.98,2.22,3.35,0.212,1.69,1.05
8116.0,1.85,2.29,3.53,0.473,1.72,1.36
8116.25,2.88,2.36,4.24,0.405,1.77,2.0
8116.5,2.54,1.93,3.69,0.239,1.67,1.73
8116.75,1.54,1.91,2.85,0.562,1.69,1.14
8117.0,2.1,2.43,3.49,0.47,2.29,1.7
8117.25,1.61,1.89,3.05,0.304,1.7,1.45
8117.5,2.92,3.13,4.24,0.394,1.79,1.29
8117.75,1.89,2.03,3.27,0.545,1.89,1.51
8118.0,1.57,1.72,2.99,0.372,1.51,1.38
8118.25,2.15,1.85,3.31,0.217,1.68,1.4
8118.5,2.07,2.09,3.3,0.561,1.95,1.45
8118.75,3.14,3.13,4.26,0.348,1.89,1.84
8119.0,2.46,2.83,4.57,0.311,1.74,1.46
8119.25,1.85,2.52,3.84,0.376,1.66,1.44
8119.5,2.16,3.11,4.79,0.463,1.88,1.96
8119.75,2.46,3.11,4.52,0.314,1.76,1.96
8120.0,3.24,5.96,5.3,0.307,1.85,2.0
8120.25,4.65,6.7,5.1,0.465,1.64,1.76
8120.5,10.2,5.92,6.52,1.13,2.43,2.33
8120.75,10.2,5.9,4.78,1.09,2.39,1.66
8121.0,11.8,5.82,6.78,1.21,2.77,2.37
8121.25,11.8,7.57,9.18,1.94,3.31,3.77
8121.5,12.2,11.2,10.2,1.67,3.66,3.39
8121.75,11.5,10.6,8.91,1.9,3.97,3.0
8122.0,11.1,9.05,9.45,2.01,4.03,3.07
8122.25,14.6,14.5,9.95,3.17,7.15,3.36
8122.5,18.5,20.8,15.8,5.48,10.2,4.21
8122.75,19.6,24.1,20.7,5.42,11.2,6.4
8123.0,16.3,20.6,18.1,5.01,9.26,5.26
8123.25,16.6,19.2,19.5,5.46,9.15,5.81
8123.5,16.1,20.2,18.6,5.37,8.91,5.6
8123.75,16.0,19.6,15.6,5.5,9.41,3.36
8124.0,12.7,19.6,16.0,3.94,9.64,3.79
8124.25,8.5,16.2,12.4,2.14,8.66,3.23
8124.5,6.88,13.5,11.0,2.17,7.3,3.37
8124.75,6.14,10.0,10.1,2.03,5.9,3.16
8125.0,10.0,14.8,10.8,4.92,8.27,3.79
8125.25,11.5,17.8,14.1,5.46,9.22,5.21
8125.5,14.5,20.8,16.5,6.05,9.63,5.51
8125.75,16.2,21.0,17.2,6.68,9.64,5.75
8126.0,18.2,23.0,21.6,7.37,10.3,8.49
8126.25,15.8,23.8,21.3,5.85,10.2,8.46
8126.5,13.1,21.5,18.4,3.97,9.06,7.64
8126.75,16.1,24.2,21.7,5.37,10.5,9.23
8127.0,10.6,19.0,17.3,3.71,7.55,6.82
8127.25,10.4,19.1,16.8,3.58,7.42,6.8
8127.5,7.24,19.1,13.2,1.81,6.76,5.38
8127.75,6.48,18.3,9.53,1.28,6.66,2.7
8128.0,8.88,20.4,12.3,2.03,7.09,3.59
8128.25,11.6,22.1,12.9,4.18,8.96,3.38
8128.5,9.92,19.4,11.8,3.45,8.1,2.41
8128.75,7.82,16.3,9.29,3.09,8.08,1.72
8129.0,7.39,14.2,8.49,2.87,8.12,1.22
8129.25,8.48,15.1,10.6,3.7,8.42,2.15
8129.5,3.0,9.72,7.83,0.85,5.22,1.62
8129.75,3.1,9.18,7.19,0.762,4.71,1.39
8130.0,4.18,10.4,8.36,1.3,5.34,1.85
8130.25,2.11,7.88,5.78,0.776,4.37,1.38
8130.5,3.02,8.89,7.18,1.01,4.91,1.65
8130.75,2.96,12.0,7.2,0.954,7.11,1.65
8131.0,3.29,12.2,8.39,1.05,7.61,2.18
8131.25,2.74,10.9,6.51,0.969,7.47,1.75
8131.5,1.95,10.2,5.62,0.69,7.11,1.33
8131.75,2.39,10.4,6.24,0.946,7.35,1.78
8132.0,2.71,10.6,6.39,1.08,7.74,1.78
8132.25,2.59,8.99,6.22,1.15,6.74,1.86
8132.5,2.2,6.18,5.37,0.986,4.67,1.73
8132.75,1.65,5.82,4.65,0.546,4.46,1.22
8133.0,1.87,5.93,4.97,0.684,4.49,1.4
8133.25,2.19,6.39,5.32,0.877,4.94,1.66
8133.5,2.24,6.52,5.27,0.988,5.05,1.5
8133.75,1.53,5.26,4.39,0.435,3.86,0.901
8134.0,2.01,5.74,4.81,0.946,4.49,1.53
8134.25,1.85,5.13,4.6,0.637,4.35,1.46
8134.5,1.44,4.68,4.19,0.677,4.06,1.32
8134.75,1.33,4.51,4.03,0.571,3.64,1.21
8135.0,1.43,5.29,4.29,0.654,4.69,1.37
8135.25,1.44,4.73,4.25,0.621,3.97,1.33
8135.5,2.11,5.31,4.86,0.382,4.51,1.71
8135.75,1.8,4.98,4.84,0.846,4.12,1.59
8136.0,1.51,4.43,4.02,0.709,3.74,1.12
8136.25,1.73,5.31,4.56,0.866,4.6,1.42
8136.5,2.02,4.96,4.89,0.715,4.26,1.78
8136.75,2.19,4.57,4.82,0.245,4.03,1.68
8137.0,1.29,4.19,3.95,0.542,3.65,1.2
8137.25,1.23,4.1,3.87,0.525,3.55,1.44
8137.5,1.3,4.26,3.76,0.552,3.74,1.21
8137.75,1.64,4.45,4.25,0.459,3.89,1.37
8138.0,2.07,4.55,4.67,0.102,4.09,1.71
8138.25,1.46,3.8,4.0,0.704,3.32,1.42
8138.5,1.19,3.44,3.63,0.501,2.93,1.14
8138.75,1.35,5.01,3.95,0.596,4.4,1.4
8139.0,1.6,3.57,4.12,0.671,3.08,1.69
8139.25,2.75,4.73,5.29,0.627,3.86,1.98
8139.5,1.22,4.44,3.7,0.634,4.14,1.52
8139.75,1.42,3.55,3.88,0.598,3.31,1.56
8140.0,1.76,3.34,4.16,0.692,3.08,1.93
8140.25,1.96,4.71,4.39,0.651,4.54,1.95
8140.5,2.46,2.86,4.36,0.493,1.86,1.42
8140.75,1.43,4.89,3.93,0.831,4.49,1.63
8141.0,1.76,3.51,3.93,0.416,3.09,1.85
8141.25,1.29,2.9,3.43,0.672,2.57,1.52
8141.5,2.41,4.5,5.23,0.486,4.06,2.29
8141.75,2.14,3.14,4.56,0.454,2.56,1.39
8142.0,2.14,4.94,4.63,0.579,4.88,2.01
8142.25,1.58,2.37,3.86,0.771,2.13,1.71
8142.5,2.17,4.16,4.85,0.84,3.92,2.5
8142.75,2.15,4.01,4.69,0.618,3.62,2.08
8143.0,2.69,3.89,5.58,0.629,2.98,2.15
8143.25,1.81,5.03,4.64,0.816,4.71,1.85
8143.5,1.92,3.31,4.68,0.745,2.98,1.75
8143.75,1.97,3.76,4.73,0.675,3.17,1.57
8144.0,2.33,5.6,5.45,0.576,4.74,1.98
8144.25,3.39,5.85,6.44,0.367,4.84,2.54
8144.5,2.5,2.88,5.4,0.671,2.1,1.88
8144.75,2.23,5.45,5.4,1.01,4.12,1.87
8145.0,1.95,5.5,4.95,0.808,4.22,1.5
8145.25,2.36,6.23,5.66,0.961,4.82,1.87
8145.5,3.4,5.93,6.94,0.483,4.71,2.8
8145.75,2.89,6.25,6.39,0.792,4.96,2.18
8146.0,2.48,6.38,6.08,0.985,4.66,1.93
8146.25,2.64,6.39,6.31,1.09,4.6,2.02
8146.5,2.55,6.28,5.83,1.05,4.5,1.78
8146.75,3.35,6.58,7.08,1.34,4.61,2.56
8147.0,3.13,6.87,6.8,0.911,5.19,2.43
8147.25,2.98,7.27,6.64,1.42,5.61,2.32
8147.5,2.37,6.46,6.06,1.11,4.93,1.94
8147.75,2.85,6.94,6.94,1.35,5.19,2.49
8148.0,2.3,6.46,6.22,1.03,4.84,2.01
8148.25,1.92,6.12,5.71,0.834,4.56,1.68
8148.5,3.47,7.51,7.68,1.7,5.42,2.93
8148.75,2.91,7.18,6.85,1.24,5.07,2.18
8149.0,3.49,7.82,7.65,1.59,5.61,2.72
8149.25,1.9,6.5,5.75,0.757,4.77,1.58
8149.5,3.58,8.11,7.88,1.61,5.88,2.83
8149.75,3.52,7.76,7.85,1.66,5.52,2.89
8150.0,3.74,8.15,8.05,1.68,5.64,2.9
8150.25,3.48,7.83,7.7,1.68,5.6,2.78
8150.5,2.61,7.02,6.5,1.1,4.95,1.94
8150.75,3.23,7.97,7.44,1.37,5.49,2.28
8151.0,3.92,8.59,8.19,1.56,5.42,2.46
8151.25,3.86,8.61,8.17,1.52,5.46,2.49
8151.5,3.69,8.4,8.05,1.44,5.31,2.38
8151.75,3.64,8.39,7.97,1.42,5.34,2.38
8152.0,3.52,8.36,7.81,1.46,5.38,2.35
8152.25,3.78,8.4,8.17,1.47,5.19,2.45
8152.5,3.73,8.5,7.91,1.49,5.33,2.28
8152.75,3.78,8.39,7.87,1.59,5.35,2.34
8153.0,3.69,8.57,7.99,1.55,5.63,2.43
8153.25,3.6,8.44,7.76,1.57,5.61,2.32
8153.5,3.83,8.64,8.06,1.47,5.47,2.34
8153.75,3.52,8.39,7.82,1.43,5.18,2.34
8154.0,3.67,8.29,7.88,1.44,5.02,2.29
8154.25,3.31,8.09,7.54,1.45,5.28,2.33
8154.5,3.27,8.11,7.5,1.46,5.63,2.34
8154.75,3.54,8.46,7.62,1.47,5.81,2.29
8155.0,3.51,8.17,7.59,1.56,5.48,2.34
8155.25,3.63,8.17,7.53,1.58,5.26,2.19
8155.5,2.53,6.9,6.02,1.25,4.8,1.86
8155.75,2.8,7.42,6.61,1.59,5.57,2.62
8156.0,2.92,7.57,6.63,1.68,5.85,2.63
8156.25,2.32,6.65,5.77,1.31,5.12,2.05
8156.5,2.85,7.32,6.7,1.69,5.93,2.77
8156.75,2.03,6.58,5.39,1.08,4.99,1.83
8157.0,2.35,6.7,5.76,1.34,5.17,2.08
8157.25,2.24,6.6,5.6,1.36,5.36,2.09
8157.5,2.35,6.58,5.59,1.49,5.25,2.11
8157.75,2.4,6.72,5.64,1.57,5.41,2.32
8158.0,2.4,6.64,5.81,1.49,5.44,2.41
8158.25,2.47,6.27,5.71,0.936,5.22,2.2
8158.5,2.26,6.59,5.61,1.09,5.36,1.87
8158.75,2.57,7.03,5.97,1.31,5.25,2.15
8159.0,2.38,6.69,5.74,1.17,5.13,1.96
8159.25,2.51,6.91,5.88,1.32,5.27,2.23
8159.5,2.59,6.28,5.79,1.09,5.14,2.1
8159.75,1.89,5.76,4.77,0.953,4.57,1.48
8160.0,2.41,6.72,5.74,1.23,5.26,2.07
8160.25,1.81,5.92,4.74,0.905,4.82,1.52
8160.5,1.93,6.05,4.98,0.92,4.91,1.65
8160.75,2.59,6.4,5.91,1.03,5.36,2.32
8161.0,1.85,5.95,4.95,0.893,4.89,1.66
8161.25,1.7,5.75,4.67,0.815,4.72,1.54
8161.5,1.91,5.47,4.9,1.25,4.85,2.02
8161.75,1.85,5.38,4.72,1.12,4.93,1.93
8162.0,3.38,5.72,6.6,0.949,5.12,3.11
8162.25,1.44,4.77,4.23,0.813,4.41,1.52
8162.5,1.79,5.95,4.74,1.09,5.53,1.96
8162.75,1.76,4.76,4.71,1.12,4.37,1.96
8163.0,2.07,5.49,4.91,0.951,4.84,1.91
8163.25,3.5,5.82,6.66,0.913,4.71,2.58
8163.5,1.61,4.67,4.5,0.942,4.33,1.76
8163.75,1.89,5.15,4.76,1.22,4.92,1.98
8164.0,1.63,4.65,4.35,0.999,4.3,1.69
8164.25,2.33,4.99,5.34,1.11,4.73,2.42
8164.5,3.04,5.4,6.03,0.696,4.37,2.33
8164.75,1.73,4.73,4.69,0.993,4.31,1.96
8165.0,1.71,5.61,4.55,0.802,4.9,1.76
8165.25,1.97,4.23,4.94,0.603,3.52,1.83
8165.5,2.37,4.75,5.08,0.587,4.1,1.76
8165.75,2.67,4.75,5.39,0.167,4.2,1.9
8166.0,1.72,4.8,4.56,0.846,4.28,1.61
8166.25,1.87,4.57,4.63,0.911,4.01,1.55
8166.5,1.95,4.8,4.71,0.686,4.08,1.8
8166.75,1.96,4.82,4.95,0.656,4.09,1.87
8167.0,3.39,5.75,6.47,0.624,4.53,2.41
8167.25,1.9,5.34,5.14,0.845,4.53,1.69
8167.5,1.97,5.51,5.46,0.87,4.76,1.87
8167.75,1.9,5.04,5.23,0.823,4.22,1.58
8168.0,2.79,6.17,6.36,1.15,5.11,2.35
8168.25,3.67,5.52,7.27,0.74,4.66,3.03
8168.5,2.41,5.69,5.65,0.899,5.02,2.13
8168.75,2.08,5.2,5.54,1.22,4.65,2.14
8169.0,2.1,5.83,5.76,1.19,5.07,2.29
8169.25,2.49,6.46,6.16,1.38,5.55,2.49
8169.5,3.09,6.35,6.77,0.776,5.31,2.64
8169.75,2.84,6.03,6.76,1.36,5.07,2.78
8170.0,2.25,6.36,5.93,1.19,5.43,2.26
8170.25,2.35,6.26,6.04,1.25,5.15,2.24
8170.5,2.76,6.47,6.82,1.55,5.21,2.71
8170.75,2.77,6.63,6.67,1.28,4.88,2.35
8171.0,3.15,7.2,7.28,1.4,5.58,2.73
8171.25,3.24,7.75,7.62,1.66,6.2,2.96
8171.5,3.2,7.86,7.57,1.66,6.26,2.95
8171.75,3.22,7.45,7.62,1.66,5.67,2.95
8172.0,2.93,7.45,7.44,1.25,5.02,2.3
8172.25,2.81,7.3,7.3,1.14,4.81,2.04
8172.5,3.57,8.21,8.26,1.51,5.43,2.47
8172.75,3.63,8.47,8.37,1.55,5.68,2.48
8173.0,3.64,8.37,8.33,1.58,5.49,2.52
8173.25,3.62,8.57,8.32,1.55,5.63,2.45
8173.5,3.51,8.32,8.31,1.45,5.32,2.51
8173.75,3.72,8.65,8.39,1.45,5.43,2.41
8174.0,2.66,7.36,7.03,1.16,5.08,2.11
8174.25,3.86,8.56,8.65,1.64,5.75,2.97
8174.5,2.32,7.06,6.67,1.11,5.01,2.0
8174.75,3.73,8.48,8.31,1.83,5.9,2.83
8175.0,3.46,8.42,8.0,1.39,5.46,2.18
8175.25,3.1,7.86,7.53,1.54,5.69,2.47
8175.5,4.51,9.29,9.32,1.92,6.06,3.05
8175.75,3.57,8.37,8.37,1.53,5.23,2.51
8176.0,3.74,8.74,8.44,1.48,5.49,2.39
8176.25,0.0,0.0,0.0,0.0,0.0,0.0
8176.5,0.0,0.0,0.0,0.0,0.0,0.0
8176.75,0.0,0.0,0.0,0.0,0.0,0.0
8177.0,0.0,0.0,0.0,0.0,0.0,0.0
8177.25,0.0,0.0,0.0,0.0,0.0,0.0
8177.5,0.0,0.0,0.0,0.0,0.0,0.0
8177.75,3.05,4.81,4.8,1.46,3.69,2.81
8178.0,6.68,12.2,13.4,2.81,7.78,4.7
8178.25,3.65,9.07,9.94,1.58,5.98,2.94
8178.5,3.82,9.02,9.99,1.57,5.88,2.83
8178.75,3.81,8.91,10.0,1.6,5.85,2.88
8179.0,3.54,8.66,9.87,1.57,5.88,2.97
8179.25,3.52,8.18,9.74,1.53,5.49,2.84
8179.5,3.33,8.22,9.46,1.52,5.72,2.79
8179.75,3.25,8.13,9.42,1.5,5.66,2.76
8180.0,3.19,8.18,9.18,1.48,5.76,2.58
8180.25,3.15,7.77,9.14,1.49,5.35,2.6
8180.5,3.25,7.71,9.09,1.63,5.35,2.64
8180.75,3.14,7.48,8.98,1.57,5.2,2.56
8181.0,3.13,7.76,9.07,1.59,5.68,2.76
8181.25,3.04,7.68,8.86,1.55,5.73,2.67
8181.5,3.29,7.86,9.1,1.41,5.46,2.5
8181.75,1.68,5.76,6.91,0.963,4.74,2.05
8182.0,2.31,6.52,7.57,1.45,5.46,2.63
8182.25,2.56,7.07,7.92,1.43,5.88,2.7
8182.5,2.26,6.46,7.39,1.27,5.32,2.47
8182.75,1.92,5.96,6.61,1.26,5.11,2.24
8183.0,1.76,5.52,6.53,1.15,4.71,2.27
8183.25,1.79,5.82,6.42,1.17,5.13,2.23
8183.5,2.24,6.28,7.04,1.28,5.35,2.45
8183.75,1.79,5.88,6.62,1.12,5.3,2.38
8184.0,1.75,5.82,6.47,1.1,5.22,2.29
8184.25,1.38,5.38,5.93,0.828,4.9,1.92
8184.5,1.6,5.75,6.24,1.01,4.91,2.15
8184.75,1.9,5.83,6.59,0.977,4.86,2.14
8185.0,1.6,5.49,6.14,0.827,4.62,1.94
8185.25,1.89,5.7,6.38,1.03,4.67,2.0
8185.5,1.63,5.41,5.98,0.879,4.55,1.82
8185.75,1.66,5.72,6.23,0.856,4.98,1.98
8186.0,1.56,5.57,6.03,0.744,4.77,1.77
8186.25,1.95,5.88,6.54,0.953,4.87,2.18
8186.5,1.69,5.46,6.07,0.818,4.51,1.92
8186.75,1.71,5.45,6.1,0.841,4.52,1.85
8187.0,1.88,5.39,6.35,0.7,4.53,2.15
8187.25,1.63,5.51,6.02,0.818,4.83,1.86
8187.5,1.74,5.54,6.11,0.89,4.81,1.95
8187.75,1.84,5.45,6.16,0.968,4.65,2.0
8188.0,2.15,5.65,6.43,0.86,4.77,2.14
8188.25,2.38,5.56,6.98,0.481,4.51,2.32
8188.5,1.58,5.33,5.9,0.878,4.65,1.89
8188.75,1.5,5.04,5.83,0.856,4.42,1.9
8189.0,1.78,5.37,6.23,1.06,4.79,2.29
8189.25,2.31,5.5,6.76,0.836,4.86,2.45
8189.5,3.37,6.08,8.0,0.823,5.18,3.07
8189.75,1.56,5.31,5.9,0.927,4.93,2.01
8190.0,1.9,5.29,6.07,1.19,4.78,2.22
8190.25,1.77,5.31,6.16,1.08,4.81,2.22
8190.5,2.67,5.66,7.13,0.831,4.79,2.59
8190.75,3.13,6.63,7.59,0.654,4.94,2.82
8191.0,2.53,6.31,6.54,0.859,4.83,2.29
8191.25,2.57,8.65,7.06,0.846,6.4,2.12
8191.5,2.41,9.31,7.11,0.872,6.9,1.93
8191.75,4.79,11.5,9.82,0.941,8.4,2.63
8192.0,7.93,13.8,11.4,3.0,9.77,2.76
8192.25,6.95,13.6,11.2,3.27,9.5,1.92
8192.5,7.74,18.2,12.6,2.83,11.3,1.93
8192.75,5.36,18.1,12.5,0.507,11.0,1.46
8193.0,8.37,22.4,14.9,0.709,11.6,2.85
8193.25,9.68,22.3,18.5,1.07,11.7,3.95
8193.5,7.56,19.0,18.4,1.37,9.58,3.04
8193.75,8.13,16.6,18.0,1.88,8.19,3.8
8194.0,8.08,16.9,18.2,1.83,7.84,4.01
8194.25,8.75,17.1,18.7,2.25,8.08,4.38
8194.5,11.1,18.5,21.3,1.91,9.37,6.03
8194.75,8.36,18.9,18.7,1.77,9.3,5.34
8195.0,8.55,18.3,18.6,1.88,9.34,5.71
8195.25,8.69,16.7,17.1,2.03,8.09,5.05
8195.5,9.09,16.5,17.9,2.13,7.8,5.8
8195.75,9.47,16.6,16.4,1.59,7.65,5.47
8196.0,8.35,14.3,13.7,2.23,6.78,3.86
8196.25,8.13,13.1,13.3,2.18,5.75,3.71
8196.5,8.01,14.0,13.4,2.23,5.93,3.7
8196.75,8.94,13.9,14.7,2.67,6.03,4.16
8197.0,9.49,14.5,16.1,1.81,6.15,4.06
8197.25,13.2,19.2,15.8,5.34,10.0,4.24
8197.5,17.4,24.1,22.3,8.05,13.2,6.85
8197.75,13.8,24.4,23.0,6.54,13.2,6.89
8198.0,12.7,22.6,23.3,5.41,12.0,7.3
8198.25,12.3,22.6,24.5,3.89,12.4,7.62
8198.5,10.5,18.3,22.9,4.23,10.1,6.78
8198.75,10.7,19.4,21.7,4.77,10.6,6.46
8199.0,10.6,18.5,19.7,4.7,10.4,6.15
8199.25,10.5,19.0,20.7,4.37,10.6,7.01
8199.5,7.29,17.2,19.7,2.38,8.81,7.82
8199.75,7.68,15.3,18.7,2.29,7.52,8.69
8200.0,0.0,0.0,0.0,0.0,0.0,0.0
8200.25,0.0,0.0,0.0,0.0,0.0,0.0
8200.5,0.0,0.0,0.0,0.0,0.0,0.0
8200.75,8.02,9.17,7.8,4.21,5.82,4.03
8201.0,9.02,15.4,12.8,3.6,7.3,5.05
8201.25,7.93,13.1,8.93,2.8,5.72,2.49
8201.5,7.08,10.2,8.9,2.88,3.59,2.61
8201.75,5.2,6.74,8.3,2.28,3.8,2.59
8202.0,6.2,6.56,10.4,2.59,3.99,3.59
8202.25,5.19,5.94,10.5,2.41,3.48,3.41
8202.5,5.19,5.07,11.2,1.74,3.34,4.33
8202.75,6.08,7.51,11.2,1.16,4.99,4.35
8203.0,4.76,7.52,10.1,1.54,5.53,3.97
8203.25,4.6,7.52,9.09,1.48,5.68,3.48
8203.5,4.54,7.38,8.43,1.39,5.55,3.17
8203.75,4.93,7.97,10.7,1.62,5.87,4.21
8204.0,5.1,7.56,9.88,1.01,5.48,3.87
8204.25,4.05,7.42,7.1,1.4,5.68,3.02
8204.5,3.71,7.22,7.29,1.38,5.6,3.01
8204.75,3.6,4.79,7.01,1.27,3.36,2.98
8205.0,3.2,4.32,6.9,1.21,2.94,2.9
8205.25,4.0,4.9,8.04,1.17,2.51,2.87
8205.5,3.03,4.14,6.33,1.41,2.88,2.51
8205.75,2.35,3.68,5.41,1.37,2.81,2.23
8206.0,2.62,3.26,6.07,1.17,2.35,2.75
8206.25,2.7,3.28,5.56,1.06,2.34,2.6
8206.5,4.25,4.5,7.37,1.21,2.73,3.13
8206.75,2.47,3.16,5.47,1.01,2.4,2.63
8207.0,2.33,3.19,5.04,1.01,2.46,2.31
8207.25,2.87,3.42,5.98,1.1,2.59,2.8
8207.5,2.32,3.34,5.52,1.37,2.54,2.54
8207.75,4.5,4.75,7.5,1.42,2.81,3.14
8208.0,2.86,3.02,5.6,0.987,2.2,2.56
8208.25,2.46,3.23,5.19,1.01,2.37,2.3
8208.5,2.81,3.39,5.74,1.07,2.41,2.68
8208.75,2.72,3.54,5.84,1.15,2.59,2.59
8209.0,4.34,4.66,7.51,1.35,3.16,3.52
8209.25,3.18,3.15,5.97,0.796,2.73,3.11
8209.5,2.19,3.22,5.11,1.62,2.67,2.84
8209.75,3.55,3.33,6.31,1.12,2.47,3.24
8210.0,2.68,3.31,5.51,1.54,2.9,3.04
8210.25,4.27,4.77,7.2,1.37,2.98,3.08
8210.5,2.3,3.07,5.04,1.18,2.78,2.4
8210.75,2.67,3.13,5.61,1.17,2.93,3.12
8211.0,2.64,3.01,5.51,1.21,2.74,3.05
8211.25,3.05,3.14,6.03,1.24,2.75,3.36
8211.5,3.96,4.65,6.97,1.46,2.73,3.07
8211.75,1.96,2.57,4.4,1.24,2.28,2.34
8212.0,3.15,3.03,5.82,1.03,2.66,3.22
8212.25,2.44,3.14,5.18,0.999,2.45,2.39
8212.5,3.87,4.19,6.6,1.07,2.63,2.74
8212.75,2.78,3.31,5.55,0.916,2.41,2.56
8213.0,2.5,3.08,5.44,0.92,2.41,2.69
8213.25,2.55,2.69,5.3,0.616,1.96,2.52
8213.5,2.44,2.85,5.15,0.789,2.07,2.47
8213.75,4.08,4.51,7.01,1.14,2.4,2.94
8214.0,2.25,2.91,4.85,0.909,2.31,2.11
8214.25,2.62,2.95,5.24,0.842,2.32,2.26
8214.5,3.35,3.5,6.15,0.916,2.17,2.75
8214.75,3.14,3.64,6.36,0.567,2.2,2.62
8215.0,3.87,4.6,7.68,0.928,1.99,2.43
8215.25,2.79,3.59,6.49,0.791,2.15,2.05
8215.5,2.9,3.47,6.21,0.734,2.35,2.16
8215.75,3.64,3.96,6.69,1.03,2.82,2.98
8216.0,4.44,4.18,7.01,0.794,2.74,2.87
8216.25,5.32,5.99,7.82,1.01,2.43,2.54
8216.5,6.42,5.63,7.77,2.18,2.96,2.84
8216.75,8.9,8.8,10.0,2.26,2.42,3.4
8217.0,8.7,11.3,10.8,2.25,3.99,3.54
8217.25,9.77,13.0,14.2,2.53,4.31,3.84
8217.5,9.42,11.6,13.1,2.39,4.05,4.04
8217.75,9.36,11.4,12.1,2.54,4.8,3.71
8218.0,8.8,11.4,11.8,2.15,4.63,3.99
8218.25,9.29,11.7,12.6,2.54,4.26,4.31
8218.5,11.2,11.7,11.9,4.05,3.86,3.69
8218.75,9.4,9.16,10.7,3.77,3.24,3.73
8219.0,9.41,9.74,10.6,3.87,3.18,3.97
8219.25,9.97,10.3,10.6,3.81,4.21,4.04
8219.5,10.3,11.4,10.1,4.27,5.12,3.62
8219.75,9.06,12.0,10.9,3.26,5.46,3.89
8220.0,7.58,12.0,11.0,1.99,5.7,4.44
8220.25,6.72,11.6,10.8,1.87,5.3,4.09
8220.5,6.31,9.15,11.2,1.73,3.44,3.83
8220.75,7.68,10.5,12.5,2.19,3.41,4.14
8221.0,6.09,9.22,10.8,2.04,3.31,3.88
8221.25,7.24,10.4,11.5,2.15,3.75,4.08
8221.5,10.4,14.7,11.6,4.31,6.22,3.84
8221.75,9.44,14.7,11.0,4.1,6.5,3.54
8222.0,10.3,14.8,12.9,4.18,6.15,3.78
8222.25,9.46,14.5,12.8,4.45,6.38,3.93
8222.5,7.32,11.2,12.3,2.38,4.57,4.05
8222.75,9.63,9.45,12.0,4.35,3.86,3.93
8223.0,10.0,13.0,13.1,3.42,4.96,4.01
8223.25,7.97,11.4,12.7,2.42,4.25,4.45
8223.5,7.69,12.1,11.2,1.63,5.08,3.6
8223.75,7.71,12.6,10.5,1.63,5.2,3.68
8224.0,7.37,11.3,10.1,1.22,3.84,3.57
8224.25,9.76,12.6,11.3,1.89,3.76,4.23
8224.5,9.07,12.3,11.4,1.64,4.73,4.25
8224.75,7.48,13.6,9.77,1.62,5.55,3.1
8225.0,5.24,14.1,8.93,1.5,5.88,3.06
8225.25,5.52,10.7,9.23,1.65,3.63,3.79
8225.5,5.45,10.8,8.96,1.46,3.97,3.77
8225.75,4.28,9.15,7.01,1.43,3.37,2.96
8226.0,3.91,8.26,6.86,1.57,3.46,3.0
8226.25,4.44,8.68,7.59,1.44,3.84,3.44
8226.5,4.47,8.31,7.09,1.51,3.31,2.98
8226.75,5.27,8.53,8.46,1.72,3.47,3.56
8227.0,4.78,9.3,8.17,1.81,4.82,2.96
8227.25,5.29,9.76,7.58,1.32,5.5,3.27
8227.5,5.01,10.9,9.01,1.78,6.35,3.59
8227.75,6.0,13.2,12.1,1.55,7.76,6.05
8228.0,5.33,9.41,11.3,1.43,5.83,6.51
8228.25,3.89,6.49,10.7,1.89,2.89,6.22
8228.5,3.84,6.39,10.9,1.68,2.9,6.16
8228.75,4.01,6.62,10.8,1.69,3.23,6.47
8229.0,5.24,7.59,11.4,1.7,3.19,6.29
8229.25,4.37,6.78,10.4,1.86,3.36,6.15
8229.5,3.8,6.11,9.71,1.56,2.73,5.65
8229.75,4.32,6.55,7.93,1.72,3.13,4.14
8230.0,4.75,7.04,7.68,1.47,2.92,3.36
8230.25,4.78,6.96,7.97,1.56,2.81,3.65
8230.5,3.49,6.32,6.2,1.57,2.58,2.96
8230.75,3.52,5.67,6.4,1.56,2.97,3.5
8231.0,2.92,5.31,5.68,1.41,2.84,2.89
8231.25,4.36,6.62,7.4,1.92,3.6,3.88
8231.5,3.49,5.44,6.28,1.68,2.63,3.29
8231.75,2.71,4.97,5.59,1.56,2.48,2.97
8232.0,3.21,5.15,6.11,1.55,2.55,3.29
8232.25,2.91,4.92,5.56,1.29,2.31,2.77
8232.5,4.49,6.89,7.61,1.7,3.32,3.71
8232.75,2.74,5.09,5.6,1.52,2.72,3.1
8233.0,3.11,5.43,6.13,1.52,2.84,3.45
8233.25,3.36,5.56,6.26,1.67,2.98,3.49
8233.5,3.87,5.8,6.63,1.6,2.85,3.55
8233.75,4.1,5.97,6.9,1.74,2.98,3.44
8234.0,3.31,5.46,6.21,1.75,3.2,3.72
8234.25,3.62,5.23,6.48,1.45,3.03,3.81
8234.5,3.08,4.96,6.15,1.59,2.75,3.68
8234.75,4.67,6.81,7.61,1.95,3.29,3.77
8235.0,3.43,5.34,6.19,1.39,3.26,3.49
8235.25,2.86,4.62,5.63,1.29,2.47,3.2
8235.5,3.8,5.44,6.87,1.72,3.28,4.28
8235.75,3.29,4.95,6.02,1.42,2.83,3.58
8236.0,4.55,6.41,7.59,1.86,2.97,3.93
8236.25,3.02,5.02,5.67,1.3,2.77,3.14
8236.5,2.97,5.11,5.82,1.48,2.54,3.0
8236.75,2.88,5.06,5.7,1.38,2.57,3.09
8237.0,3.69,5.65,6.67,1.64,2.86,3.55
8237.25,3.55,5.77,6.46,1.56,2.76,3.23
8237.5,3.31,5.45,6.3,1.28,3.02,3.48
8237.75,2.94,4.93,5.45,1.48,2.34,2.77
8238.0,2.83,4.77,5.59,1.36,2.25,2.97
8238.25,4.15,6.31,7.03,1.69,2.62,3.23
8238.5,2.42,5.02,5.04,1.36,2.19,2.51
8238.75,3.38,5.5,6.34,1.21,2.85,3.13
8239.0,2.81,5.16,6.01,1.23,2.46,2.66
8239.25,2.93,4.81,5.91,1.1,2.23,2.73
8239.5,4.99,7.05,7.63,1.27,2.52,3.12
8239.75,3.44,5.67,5.9,1.63,2.52,3.09
8240.0,4.09,5.63,6.52,1.18,2.67,3.29
8240.25,4.06,5.85,6.23,1.41,2.47,2.95
8240.5,5.36,6.04,6.98,1.05,2.81,3.29
8240.75,6.23,7.89,8.88,1.42,2.88,3.0
8241.0,4.32,5.96,10.0,1.39,2.5,5.03
8241.25,4.61,6.13,10.7,1.15,2.43,5.3
8241.5,6.79,8.96,11.6,1.48,4.01,5.35
8241.75,6.73,9.91,13.3,0.799,3.87,4.88
8242.0,6.55,8.41,10.5,1.14,2.37,2.74
8242.25,5.01,8.42,8.44,0.952,2.67,2.56
8242.5,4.9,10.1,9.54,0.648,4.25,2.71
8242.75,3.72,10.6,7.45,0.583,4.76,2.44
8243.0,4.75,11.6,9.24,0.519,4.54,2.23
8243.25,3.76,9.72,8.16,0.481,4.57,2.48
8243.5,3.9,8.13,7.47,0.401,4.03,2.35
8243.75,4.02,8.95,7.52,0.514,4.87,2.64
8244.0,3.72,6.93,7.27,0.562,3.67,2.59
8244.25,5.2,6.65,8.12,0.883,2.21,2.45
8244.5,2.8,4.79,5.55,0.941,2.25,1.51
8244.75,4.03,6.63,6.74,0.358,2.47,2.3
8245.0,3.31,6.39,6.33,0.653,2.28,1.74
8245.25,3.78,6.39,7.48,0.329,2.22,2.02
8245.5,5.71,8.47,7.48,2.18,3.85,1.4
8245.75,3.35,7.4,7.48,0.468,4.37,1.35
8246.0,3.42,7.65,7.56,0.469,4.8,1.54
8246.25,4.04,8.52,8.27,0.706,5.2,1.83
8246.5,3.76,8.05,7.73,0.884,4.81,1.58
8246.75,3.78,6.21,7.68,0.668,4.26,2.27
8247.0,3.36,5.99,6.84,0.545,4.29,1.5
8247.25,4.22,9.78,7.58,0.614,7.5,1.98
8247.5,6.46,9.74,8.98,2.24,6.9,2.45
8247.75,7.79,10.3,9.36,3.3,6.6,1.78
8248.0,6.48,9.65,8.42,3.17,7.35,1.98
8248.25,4.76,7.69,8.3,1.42,5.55,2.4
8248.5,3.66,3.71,7.59,0.514,2.1,2.66
8248.75,4.94,4.5,8.79,0.833,2.42,3.4
8249.0,3.43,3.72,5.99,0.973,2.24,2.4
8249.25,3.13,3.04,4.98,0.435,1.98,2.42
8249.5,2.6,3.55,4.12,0.983,2.61,2.05
8249.75,2.89,3.24,4.48,0.38,2.11,2.02
8250.0,4.24,4.95,6.11,0.816,2.23,1.9
8250.25,2.44,3.42,4.06,0.859,2.16,1.69
8250.5,3.17,3.22,4.84,0.439,1.91,2.18
8250.75,2.92,3.78,4.11,0.903,2.46,1.73
8251.0,4.07,4.14,7.52,0.445,2.07,4.46
8251.25,4.44,4.41,8.06,0.534,1.95,4.63
8251.5,3.73,4.09,7.13,0.536,1.91,4.39
8251.75,3.42,3.93,6.31,0.485,1.72,3.72
8252.0,3.26,4.16,6.17,0.428,2.09,3.68
8252.25,3.65,3.92,6.03,0.281,1.77,3.31
8252.5,4.28,4.68,7.17,0.394,1.84,3.74
8252.75,3.26,3.93,5.82,0.446,1.81,3.3
8253.0,3.63,3.48,4.38,0.512,1.79,2.0
8253.25,3.43,3.62,4.02,0.61,1.97,1.73
8253.5,4.5,4.66,5.16,0.654,2.12,1.75
8253.75,3.2,3.85,3.7,0.813,2.09,1.39
8254.0,3.0,3.2,4.16,0.356,1.98,2.06
8254.25,2.75,3.43,4.18,0.789,2.34,2.34
8254.5,2.38,3.05,3.6,0.549,2.14,1.94
8254.75,3.39,4.05,4.93,1.09,2.44,2.32
8255.0,1.97,2.38,3.38,0.941,1.84,1.71
8255.25,2.61,2.32,3.82,0.718,2.24,2.28
8255.5,2.15,2.37,3.48,0.879,2.39,1.99
8255.75,2.79,2.91,4.03,0.811,2.51,1.95
8256.0,3.34,3.91,4.93,1.11,2.58,2.26
8256.25,1.64,1.95,3.01,0.737,1.8,1.74
8256.5,2.71,2.41,4.15,0.691,2.35,2.49
8256.75,2.11,2.09,3.26,0.626,2.0,1.68
8257.0,2.81,2.44,4.26,0.728,2.41,2.59
8257.25,3.26,3.38,4.79,0.773,2.47,2.36
8257.5,2.06,2.23,3.16,0.708,1.9,1.72
8257.75,2.58,2.42,3.85,0.822,2.42,2.21
8258.0,2.27,2.4,3.59,0.37,2.1,1.85
8258.25,2.91,2.9,4.42,0.48,2.0,2.08
8258.5,2.63,2.99,4.06,0.755,1.93,1.73
8258.75,2.65,2.18,4.0,0.347,1.69,1.89
8259.0,2.29,2.52,3.75,0.48,2.18,1.93
8259.25,2.61,2.54,4.09,0.339,2.26,2.18
8259.5,3.16,3.29,4.53,0.672,2.23,1.88
8259.75,2.4,2.79,3.61,0.757,1.93,1.45
8260.0,2.78,2.22,4.21,0.398,1.73,2.23
8260.25,2.21,2.21,3.79,0.474,1.77,1.94
8260.5,2.64,2.26,3.99,0.273,1.84,1.87
8260.75,3.33,3.56,4.8,0.517,2.05,1.76
8261.0,1.89,2.5,3.37,0.61,1.92,1.5
8261.25,2.58,2.18,4.08,0.231,1.82,2.1
8261.5,1.75,2.05,2.95,0.451,1.79,1.31
8261.75,3.04,3.01,4.56,0.739,2.18,2.12
8262.0,2.96,2.89,4.36,0.743,1.92,1.95
8262.25,2.65,3.17,4.0,0.879,1.82,1.43
8262.5,2.51,2.15,3.89,0.354,1.82,1.81
8262.75,2.78,2.97,4.2,0.362,2.03,2.27
8263.0,3.17,3.08,4.12,0.338,2.14,2.12
8263.25,2.61,3.08,4.11,0.517,1.97,2.2
8263.5,3.44,4.67,4.89,0.901,2.06,1.56
8263.75,2.83,3.65,4.15,0.644,1.87,2.01
8264.0,3.06,3.91,4.15,0.576,1.8,2.12
8264.25,3.43,4.37,4.44,0.677,2.1,2.14
8264.5,4.39,4.29,4.95,1.08,2.55,2.49
8264.75,5.7,5.43,6.22,1.33,2.8,2.81
8265.0,5.63,5.01,6.49,1.05,2.57,2.9
8265.25,6.13,8.43,5.83,1.83,2.29,2.59
8265.5,6.42,9.44,9.92,1.8,2.26,3.07
8265.75,6.53,8.59,11.0,1.58,2.52,3.75
8266.0,6.36,8.2,9.85,1.33,2.36,3.14
8266.25,7.66,8.98,12.1,1.81,2.85,3.57
8266.5,7.37,9.26,11.1,1.96,3.09,3.46
8266.75,6.14,9.26,10.9,1.66,2.87,3.4
8267.0,6.03,9.26,10.8,1.46,2.96,3.47
8267.25,6.77,8.99,9.06,2.1,3.09,3.59
8267.5,6.95,9.61,9.14,1.9,3.05,3.22
8267.75,5.32,8.56,7.48,2.22,2.41,2.65
8268.0,5.57,7.92,8.25,2.5,3.23,3.26
8268.25,5.37,7.67,7.8,2.52,3.23,2.92
8268.5,5.87,7.54,8.47,2.68,3.17,3.34
8268.75,6.51,7.58,8.95,2.09,3.13,3.62
8269.0,5.49,7.43,8.05,2.29,2.82,3.03
8269.25,5.9,7.33,7.62,2.19,2.88,2.49
8269.5,9.76,8.11,8.2,4.07,3.12,2.55
8269.75,10.9,9.09,8.94,4.69,3.59,2.64
8270.0,10.9,12.3,10.2,3.24,5.54,2.48
8270.25,9.19,9.56,7.52,2.98,4.05,0.945
8270.5,8.69,7.94,7.31,2.88,3.78,0.719
8270.75,10.7,8.07,9.38,3.03,3.8,1.62
8271.0,10.7,6.77,13.7,3.03,1.56,3.93
8271.25,9.86,5.69,14.5,3.08,1.59,4.42
8271.5,7.04,8.39,13.9,1.49,2.74,4.21
8271.75,4.93,8.53,12.7,0.546,2.49,4.19
8272.0,4.93,8.46,13.2,0.53,2.5,3.86
8272.25,4.9,8.2,9.69,0.543,2.36,1.9
8272.5,4.98,8.07,6.97,0.595,2.26,1.74
8272.75,2.28,7.12,6.83,0.522,1.97,1.71
8273.0,2.05,7.85,7.64,0.617,2.63,1.91
8273.25,1.66,5.87,7.68,0.211,2.21,1.44
8273.5,1.05,4.74,4.62,-0.095,1.92,0.455
8273.75,0.822,3.58,3.85,-0.046,1.04,0.457
8274.0,0.885,2.23,3.9,-0.011,1.09,0.396
8274.25,0.887,2.02,3.93,-0.0085,0.931,0.56
8274.5,0.891,1.99,3.75,0.013,1.02,0.373
8274.75,0.936,2.26,3.76,0.0718,1.29,0.43
8275.0,0.89,1.94,3.76,0.0517,1.04,0.329
8275.25,0.888,2.17,3.57,0.00286,1.15,0.124
8275.5,0.813,2.12,3.73,-0.028,1.05,0.374
8275.75,0.85,2.33,3.73,0.0103,1.24,0.401
8276.0,0.882,2.08,3.69,0.0078,1.11,0.473
8276.25,0.866,1.95,3.74,-0.011,0.817,0.417
8276.5,0.829,1.98,3.74,-0.023,0.951,0.462
8276.75,0.963,2.2,3.66,0.0775,1.14,0.387
8277.0,0.939,2.14,3.7,0.0721,1.12,0.368
8277.25,0.98,2.56,3.61,0.0783,1.56,0.335
8277.5,0.432,1.67,2.98,0.0668,1.01,0.361
8277.75,0.436,1.47,3.18,0.0754,0.959,0.63
8278.0,0.447,1.51,2.93,0.128,1.03,0.657
8278.25,0.424,1.54,3.02,0.0717,1.07,0.697
8278.5,0.445,1.76,3.04,0.076,1.44,0.738
8278.75,0.498,1.63,2.92,0.136,1.14,0.279
8279.0,0.542,1.51,3.03,0.183,1.25,0.379
8279.25,0.511,1.46,3.04,0.182,1.12,0.719
8279.5,0.409,1.66,2.48,0.0665,1.1,0.679
8279.75,0.404,1.72,1.66,0.0684,1.3,0.431
8280.0,0.427,1.64,2.1,0.114,1.12,0.466
8280.25,0.397,1.54,1.96,0.0731,1.05,0.4
8280.5,0.404,1.47,1.56,0.0667,1.28,0.209
8280.75,0.386,1.71,1.59,0.0569,1.32,0.377
8281.0,0.5,1.7,1.58,0.161,1.28,0.337
8281.25,0.482,1.62,2.72,0.164,1.11,0.786
8281.5,0.434,1.74,1.57,0.109,0.927,0.319
8281.75,0.404,1.65,1.54,0.0581,1.06,0.21
8282.0,0.363,1.77,1.5,0.049,1.32,0.176
8282.25,0.42,2.0,1.61,0.111,1.54,0.388
8282.5,0.396,1.41,2.47,0.0561,1.25,0.675
8282.75,0.387,1.62,2.29,0.0538,1.06,0.613
8283.0,0.428,1.79,1.43,0.105,1.21,0.0624
8283.25,0.491,1.7,1.73,0.162,1.1,0.395
8283.5,0.457,1.78,1.6,0.155,1.19,0.349
8283.75,0.386,1.66,1.61,0.0575,1.11,0.393
8284.0,0.386,1.32,1.64,0.0553,1.15,0.387
8284.25,0.387,1.79,1.51,0.0703,1.34,0.188
8284.5,0.424,1.67,1.51,0.108,1.23,0.132
8284.75,0.386,1.93,1.67,0.0529,1.48,0.443
8285.0,0.386,1.59,1.54,0.0556,1.05,0.329
8285.25,0.477,1.32,1.67,0.16,0.824,0.452
8285.5,0.458,1.33,1.47,0.154,1.06,0.135
8285.75,0.412,1.75,1.46,0.098,1.36,0.176
8286.0,0.348,1.94,1.6,0.0392,1.5,0.325
8286.25,0.39,1.79,1.67,0.0545,1.29,0.43
8286.5,0.407,1.43,1.6,0.084,1.05,0.367
8286.75,0.703,1.75,2.27,0.0856,0.976,0.532
8287.0,0.39,1.79,2.16,0.0549,0.912,0.272
8287.25,0.566,2.19,1.59,0.0589,1.23,0.364
8287.5,0.714,2.66,1.63,0.0979,1.09,0.451
8287.75,1.11,2.51,1.86,0.0942,0.93,0.369
8288.0,1.34,2.64,2.12,0.101,1.25,0.446
8288.25,1.64,2.52,2.15,0.0418,1.08,0.242
8288.5,1.77,2.5,3.15,-0.026,1.02,0.402
8288.75,1.9,2.49,2.35,-0.039,1.11,0.308
8289.0,1.95,4.6,4.17,-0.07,0.856,0.244
8289.25,2.18,3.97,5.94,-0.023,0.89,0.145
8289.5,2.13,4.33,5.51,-0.023,1.08,-0.037
8289.75,3.31,4.38,5.25,0.252,1.4,0.294
8290.0,2.44,4.46,5.43,0.232,1.07,0.421
8290.25,2.2,4.27,6.34,0.222,0.925,0.806
8290.5,2.49,4.66,6.58,0.644,1.57,1.31
8290.75,2.61,4.63,6.28,0.648,1.44,1.78
8291.0,1.91,4.09,5.22,0.685,1.55,1.81
8291.25,1.6,6.88,5.55,0.603,2.19,1.54
8291.5,1.59,6.78,5.83,0.622,2.82,1.52
8291.75,1.98,6.5,6.03,0.973,1.6,1.8
8292.0,1.85,6.01,5.6,0.986,1.6,1.61
8292.25,1.98,5.61,5.26,1.1,1.36,1.13
8292.5,2.18,6.23,5.54,1.29,1.33,1.17
8292.75,1.91,6.52,5.47,0.891,1.25,1.18
8293.0,1.88,6.26,5.41,0.966,1.17,1.16
8293.25,1.97,6.96,5.47,0.71,1.37,1.17
8293.5,1.91,6.58,5.45,0.59,1.34,1.13
8293.75,1.86,6.75,5.89,0.686,1.31,0.919
8294.0,1.76,6.64,5.92,0.662,1.29,1.06
8294.25,2.04,7.05,5.71,0.923,1.16,1.05
8294.5,1.98,9.67,7.19,1.03,1.09,0.934
8294.75,1.82,8.46,7.38,0.645,1.42,0.839
8295.0,1.82,7.07,7.28,0.592,1.23,0.798
8295.25,1.96,6.86,7.68,0.734,1.27,1.04
8295.5,1.75,7.06,8.1,0.601,2.11,1.05
8295.75,1.66,8.57,9.38,0.546,2.18,0.783
8296.0,1.38,8.22,7.46,0.422,2.61,0.694
8296.25,1.22,6.31,5.27,0.0662,2.27,0.353
8296.5,1.12,4.69,5.08,-0.012,0.799,0.243
8296.75,1.07,4.63,4.99,-0.045,1.06,0.352
8297.0,1.1,4.26,4.47,-0.11,0.633,0.301
8297.25,0.947,4.14,2.39,-0.27,0.972,-0.13
8297.5,0.962,3.93,2.96,-0.3,0.773,0.108
8297.75,0.925,3.8,2.33,-0.31,0.695,-0.041
8298.0,1.0,3.93,2.16,-0.23,0.843,-0.1
8298.25,0.933,3.65,2.73,-0.15,0.725,0.186
8298.5,0.534,3.46,1.82,-0.18,1.01,-0.14
8298.75,0.496,3.26,2.34,-0.23,0.784,-0.063
8299.0,0.475,3.27,2.68,-0.23,0.778,0.143
8299.25,0.521,3.28,1.78,-0.18,0.817,-0.066
8299.5,0.459,3.34,2.23,-0.24,0.842,-0.065
8299.75,0.436,3.5,2.35,-0.24,1.08,0.0622
8300.0,0.513,3.22,1.94,-0.16,0.765,-0.15
8300.25,0.562,3.15,1.59,-0.13,0.657,-0.34
8300.5,0.519,3.18,1.95,-0.16,0.72,-0.16
8300.75,0.384,3.19,2.13,-0.26,0.732,-0.04
8301.0,0.436,3.39,2.09,-0.24,0.973,0.0488
8301.25,0.494,3.42,1.62,-0.17,1.08,-0.15
8301.5,0.421,3.19,1.97,-0.25,0.802,-0.014
8301.75,0.471,3.04,2.02,-0.24,0.621,0.126
8302.0,0.484,3.07,1.47,-0.19,0.621,-0.0039
8302.25,0.579,3.3,1.83,-0.13,0.955,-0.22
8302.5,0.537,3.31,2.01,-0.14,0.969,-0.033
8302.75,0.444,3.24,1.5,-0.24,0.89,-0.12
8303.0,0.469,3.37,2.02,-0.24,1.08,0.0656
8303.25,0.454,3.18,1.87,-0.2,0.838,0.0726
8303.5,0.476,3.18,1.57,-0.22,0.852,-0.052
8303.75,0.41,2.92,1.87,-0.26,0.764,0.0458
8304.0,0.451,3.04,1.92,-0.23,0.603,-0.019
8304.25,0.548,3.28,1.69,-0.14,0.932,-0.27
8304.5,0.528,3.29,1.48,-0.14,0.989,-0.071
8304.75,0.483,3.38,1.78,-0.19,1.2,-0.1
8305.0,0.416,2.98,1.93,-0.25,0.923,0.105
8305.25,0.418,2.95,1.82,-0.25,0.581,0.191
8305.5,0.452,3.0,1.44,-0.2,0.605,-0.022
8305.75,0.41,2.94,1.63,-0.25,0.597,0.121
8306.0,0.391,3.16,1.67,-0.27,1.16,0.0292
8306.25,0.484,3.44,1.32,-0.19,1.3,-0.087
8306.5,0.483,2.87,1.74,-0.16,0.858,0.08
8306.75,0.46,2.83,1.56,-0.17,0.814,0.0951
8307.0,0.389,2.73,1.54,-0.27,0.659,0.161
8307.25,0.373,2.75,1.29,-0.27,0.716,-0.14
8307.5,0.392,2.7,1.47,-0.27,0.835,0.005
8307.75,0.406,2.61,1.33,-0.22,0.646,0.0404
8308.0,0.404,3.07,1.71,-0.25,1.1,0.26
8308.25,0.394,2.8,1.38,-0.26,1.02,0.124
8308.5,0.498,2.79,1.27,-0.16,0.865,-0.14
8308.75,0.46,3.09,1.42,-0.17,0.887,-0.042
8309.0,0.413,2.45,1.38,-0.24,0.555,0.0574
8309.25,0.377,2.43,1.3,-0.27,0.551,0.0619
8309.5,0.381,2.68,1.36,-0.28,0.822,0.0637
8309.75,0.366,2.94,1.26,-0.28,1.06,-0.1
8310.0,0.381,3.01,1.23,-0.27,1.14,-0.18
8310.25,0.416,2.58,1.53,-0.22,0.821,0.159
8310.5,0.445,2.67,1.51,-0.21,0.679,0.102
8310.75,0.467,2.78,1.69,-0.17,0.749,0.183
8311.0,0.485,2.93,1.46,-0.17,0.683,0.12
8311.25,0.391,2.91,1.74,-0.27,0.834,0.12
8311.5,0.395,2.94,1.63,-0.26,0.858,-0.093
8311.75,0.431,3.08,1.82,-0.25,0.84,0.02
8312.0,0.414,3.04,1.87,-0.25,1.04,-0.09
8312.25,0.425,3.12,2.07,-0.25,0.833,0.0136
8312.5,0.439,1.27,2.16,-0.16,0.756,0.0614
8312.75,0.54,0.95,2.02,-0.12,0.595,-0.033
8313.0,0.514,0.905,1.48,-0.12,0.539,-0.15
8313.25,0.485,1.16,2.45,-0.17,0.861,0.0742
8313.5,0.431,1.21,1.87,-0.22,0.991,-0.099
8313.75,0.431,1.14,2.0,-0.22,0.895,-0.12
8314.0,0.458,1.06,2.51,-0.21,0.77,-0.15
8314.25,0.423,0.801,2.21,-0.22,0.422,-0.075
8314.5,0.424,1.1,2.22,-0.22,0.759,-0.052
8314.75,0.552,1.09,2.6,-0.084,0.791,0.134
8315.0,0.525,1.01,2.56,-0.12,0.695,0.00414
8315.25,0.537,1.17,2.44,-0.12,0.899,-0.025
8315.5,0.439,1.02,3.19,-0.22,0.733,0.195
8315.75,0.441,1.15,2.69,-0.22,0.908,-0.1
8316.0,0.462,1.04,3.15,-0.21,0.734,0.106
8316.25,0.535,1.05,3.32,-0.18,0.722,0.226
8316.5,0.459,1.07,3.46,-0.21,0.729,0.0608
8316.75,0.542,0.879,3.0,-0.14,0.516,0.0642
8317.0,0.622,1.07,3.35,-0.054,0.8,0.181
8317.25,0.544,1.25,3.34,-0.11,1.02,0.167
8317.5,0.6,1.44,3.63,-0.13,0.933,0.19
8317.75,0.506,0.953,3.34,-0.19,0.571,0.18
8318.0,0.461,1.19,3.17,-0.2,0.845,0.00873
8318.25,0.516,1.06,3.62,-0.19,0.728,0.185
8318.5,0.465,1.04,3.35,-0.2,0.729,0.164
8318.75,0.54,1.26,3.52,-0.17,1.02,0.0615
8319.0,0.671,0.984,3.24,-0.027,0.696,0.108
8319.25,0.621,1.13,3.68,-0.079,0.864,0.238
8319.5,0.593,1.12,3.61,-0.11,0.82,0.164
8319.75,0.522,1.08,3.63,-0.19,0.774,0.142
8320.0,0.523,1.23,3.71,-0.19,0.937,0.274
8320.25,0.509,0.907,3.21,-0.19,0.586,0.1
8320.5,0.509,1.09,3.64,-0.19,0.79,0.18
8320.75,0.525,1.02,3.6,-0.18,0.721,0.14
8321.0,0.602,1.15,3.22,-0.11,0.877,0.0728
8321.25,0.666,1.41,3.64,-0.029,1.2,0.248
8321.5,0.626,1.04,3.44,-0.096,0.746,0.0461
8321.75,0.48,1.03,3.6,-0.21,0.706,0.0937
8322.0,0.544,0.953,3.82,-0.19,0.629,0.245
8322.25,0.519,0.991,3.37,-0.2,0.69,0.0702
8322.5,0.503,1.21,3.14,-0.2,0.989,0.0385
8322.75,0.469,1.14,3.25,-0.22,0.894,0.183
8323.0,0.589,1.28,2.47,-0.14,1.04,-0.0038
8323.25,0.583,1.06,2.67,-0.076,0.73,0.0756
8323.5,0.575,1.02,3.1,-0.089,0.625,0.214
8323.75,0.468,1.18,2.16,-0.2,0.843,-0.12
8324.0,0.451,1.08,2.47,-0.22,0.706,0.0534
8324.25,0.453,1.12,2.51,-0.22,0.783,0.0575
8324.5,0.446,1.07,2.1,-0.22,0.707,-0.011
8324.75,0.426,1.29,2.32,-0.23,0.974,0.0375
8325.0,0.47,1.33,2.24,-0.2,1.09,0.0189
8325.25,0.512,1.22,2.28,-0.13,0.897,0.0688
8325.5,0.543,1.06,2.53,-0.07,0.689,0.233
8325.75,0.468,0.873,1.76,-0.19,0.469,-0.16
8326.0,0.418,1.16,2.12,-0.24,0.831,-0.0087
8326.25,0.399,1.3,2.4,-0.25,1.05,0.175
8326.5,0.358,1.25,1.97,-0.26,1.01,-0.16
8326.75,0.421,1.24,1.62,-0.24,0.921,-0.33
8327.0,0.398,1.01,2.07,-0.25,0.654,0.0341
8327.25,0.521,1.13,2.0,-0.14,0.787,-0.0005
8327.5,0.528,1.1,2.21,-0.12,0.753,0.141
8327.75,0.529,1.19,1.61,-0.091,0.917,0.146
8328.0,0.399,1.25,1.77,-0.24,0.94,0.0602
8328.25,0.419,1.12,2.1,-0.23,0.801,0.271
8328.5,0.383,1.03,1.9,-0.25,0.678,-0.15
8328.75,0.425,1.24,1.62,-0.23,0.955,-0.12
8329.0,0.382,1.19,2.05,-0.25,0.842,0.129
8329.25,0.453,1.02,1.83,-0.19,0.621,0.248
8329.5,0.486,1.35,1.57,-0.13,0.728,0.112
8329.75,0.488,1.08,1.79,-0.11,0.724,0.279
8330.0,0.426,1.42,1.68,-0.17,1.17,-0.11
8330.25,0.361,1.26,1.55,-0.25,0.968,-0.0012
8330.5,0.365,0.963,1.74,-0.25,0.593,0.243
8330.75,0.363,1.13,1.74,-0.25,0.778,0.0558
8331.0,0.357,1.03,1.82,-0.25,0.627,0.314
8331.25,0.347,1.25,1.54,-0.26,0.971,0.0822
8331.5,0.492,1.35,1.62,-0.14,1.14,0.0877
8331.75,0.459,1.07,1.75,-0.15,0.772,-0.088
8332.0,0.454,1.06,1.38,-0.15,0.693,0.031
8332.25,0.419,1.01,1.68,-0.2,0.635,0.199
8332.5,0.362,1.14,1.74,-0.26,0.838,0.218
8332.75,0.356,1.27,1.43,-0.26,0.991,0.0355
8333.0,0.373,1.12,1.64,-0.25,0.774,0.0427
8333.25,0.357,1.17,1.64,-0.26,0.881,0.0349
8333.5,0.406,1.07,1.32,-0.22,0.756,0.0405
8333.75,0.467,1.02,1.67,-0.15,0.754,0.193
8334.0,0.466,1.17,1.73,-0.15,0.958,0.322
8334.25,0.421,0.97,1.34,-0.2,0.671,0.0468
8334.5,0.396,1.03,1.74,-0.21,0.738,0.258
8334.75,0.369,1.18,1.66,-0.26,0.931,-0.036
8335.0,0.401,1.21,1.63,-0.24,1.03,-0.25
8335.25,0.393,1.18,1.92,-0.25,0.993,0.0384
8335.5,0.405,0.885,2.37,-0.24,0.564,0.0527
8335.75,0.493,0.934,2.0,-0.15,0.609,0.00214
8336.0,0.505,0.964,1.85,-0.13,0.651,-0.0014
8336.25,0.523,1.22,2.6,-0.14,0.98,0.121
8336.5,0.459,1.34,2.49,-0.19,1.17,0.093
8336.75,0.46,1.02,2.8,-0.2,0.745,0.143
8337.0,0.362,1.03,2.48,-0.26,0.762,0.135
8337.25,0.464,0.954,2.32,-0.23,0.64,0.00345
8337.5,0.443,1.01,2.97,-0.23,0.725,0.167
8337.75,0.483,1.12,2.45,-0.19,0.862,0.0243
8338.0,0.561,1.05,2.58,-0.12,0.732,0.0418
8338.25,0.57,1.21,3.2,-0.11,0.949,0.147
8338.5,0.51,1.12,3.09,-0.17,0.872,0.00224
8338.75,0.548,1.05,3.28,-0.13,0.821,0.124
8339.0,0.471,1.15,3.29,-0.22,0.929,0.132
8339.25,0.563,0.856,3.51,-0.18,0.554,0.0826
8339.5,0.526,0.97,3.36,-0.18,0.645,0.156
8339.75,0.502,0.977,3.87,-0.19,0.675,0.221
8340.0,0.613,1.23,3.97,-0.099,1.03,0.181
8340.25,0.633,1.29,4.01,-0.079,1.14,0.224
8340.5,0.624,0.909,4.0,-0.083,0.661,0.143
8340.75,0.569,1.06,3.9,-0.13,0.806,0.155
8341.0,0.512,0.932,3.66,-0.18,0.609,0.138
8341.25,0.496,0.981,3.89,-0.19,0.667,0.155
8341.5,0.506,1.32,3.48,-0.18,0.775,0.0252
8341.75,0.545,1.11,3.95,-0.18,0.849,0.205
8342.0,0.562,1.2,3.73,-0.14,0.927,0.096
8342.25,0.612,1.14,3.68,-0.089,0.905,0.133
8342.5,0.596,0.979,4.09,-0.097,0.747,0.361
8342.75,0.594,1.2,3.99,-0.11,0.957,0.189
8343.0,0.593,1.1,3.91,-0.14,0.821,0.107
8343.25,0.575,1.03,4.04,-0.17,0.756,0.266
8343.5,0.568,0.948,3.93,-0.17,0.654,0.169
8343.75,0.556,1.19,3.9,-0.17,0.971,0.174
8344.0,0.577,1.22,3.93,-0.16,1.06,0.153
8344.25,0.674,1.14,3.91,-0.063,0.919,0.155
8344.5,0.665,1.02,3.92,-0.065,0.709,0.187
8344.75,0.636,0.907,3.95,-0.079,0.576,0.199
8345.0,0.599,1.09,4.01,-0.11,0.799,0.202
8345.25,0.549,1.02,4.37,-0.18,0.77,0.506
8345.5,0.558,1.28,3.99,-0.17,1.1,0.346
8345.75,0.555,1.15,3.96,-0.17,0.915,0.313
8346.0,0.544,1.04,4.05,-0.18,0.792,0.415
8346.25,0.607,1.15,3.53,-0.1,0.891,0.173
8346.5,0.619,1.07,3.86,-0.085,0.811,0.331
8346.75,0.605,1.11,3.78,-0.091,0.884,0.431
8347.0,0.562,0.881,3.18,-0.12,0.572,0.251
8347.25,0.454,1.04,3.21,-0.22,0.791,0.297
8347.5,0.538,1.14,3.06,-0.18,0.889,0.34
8347.75,0.491,1.35,3.04,-0.19,1.12,0.334
8348.0,0.498,1.37,2.94,-0.2,1.18,0.32
8348.25,0.503,1.08,2.69,-0.17,0.767,0.228
8348.5,0.639,1.05,3.0,-0.08,0.705,0.242
8348.75,0.552,0.857,2.64,-0.11,0.48,0.247
8349.0,0.54,1.16,2.48,-0.097,0.862,0.165
8349.25,0.437,1.31,2.99,-0.22,1.07,0.306
8349.5,0.443,1.22,2.87,-0.21,0.963,0.335
8349.75,0.432,1.34,1.91,-0.22,1.11,-0.048
8350.0,0.436,0.97,3.17,-0.22,0.616,0.404
8350.25,0.428,1.04,2.76,-0.22,0.711,0.335
8350.5,0.534,1.15,1.87,-0.12,0.869,0.00879
8350.75,0.515,1.05,2.66,-0.12,0.763,0.245
8351.0,0.532,1.18,2.64,-0.078,0.891,0.219
8351.25,0.408,1.17,2.49,-0.22,0.898,0.219
8351.5,0.401,1.32,2.55,-0.24,1.14,0.336
8351.75,0.426,1.15,1.95,-0.22,0.882,-0.046
8352.0,0.418,1.03,2.41,-0.22,0.698,0.206
8352.25,0.395,1.02,2.64,-0.23,0.701,0.343
8352.5,0.453,0.938,2.13,-0.17,0.576,0.117
8352.75,0.473,1.25,2.1,-0.14,0.992,0.193
8353.0,0.549,1.29,2.54,-0.073,1.1,0.22
8353.25,0.439,1.34,2.43,-0.18,1.14,0.21
8353.5,0.366,1.19,2.49,-0.25,0.557,0.264
8353.75,0.371,0.933,2.01,-0.25,0.559,0.0917
8354.0,0.4,1.17,2.1,-0.24,0.819,0.0853
8354.25,0.339,1.22,2.49,-0.25,0.908,0.31
8354.5,0.387,1.21,1.68,-0.24,0.925,-0.15
8354.75,0.526,1.21,1.81,-0.12,0.913,-0.13
8355.0,0.503,1.04,2.36,-0.12,0.719,0.07
8355.25,0.502,1.2,1.89,-0.1,0.89,0.119
8355.5,0.401,1.12,1.94,-0.23,0.838,0.188
8355.75,0.374,1.06,2.05,-0.24,0.707,0.112
8356.0,0.398,1.11,2.01,-0.24,0.749,0.14
8356.25,0.395,1.06,1.93,-0.23,0.738,0.153
8356.5,0.38,1.25,1.6,-0.24,0.986,-0.25
8356.75,0.453,1.11,1.92,-0.19,0.835,-0.013
8357.0,0.484,1.14,2.0,-0.13,0.836,0.193
8357.25,0.517,1.1,1.65,-0.071,0.779,0.019
8357.5,0.403,0.894,2.04,-0.22,0.547,0.117
8357.75,0.393,1.18,1.69,-0.24,0.948,0.0787
8358.0,0.394,1.18,1.97,-0.24,1.0,0.183
8358.25,0.388,1.12,2.14,-0.24,0.941,0.0695
8358.5,0.404,0.969,1.6,-0.24,0.7,-0.2
8358.75,0.468,1.38,2.21,-0.2,0.649,0.173
8359.0,0.538,1.44,2.41,-0.12,0.781,0.291
8359.25,0.528,1.44,2.08,-0.082,0.779,0.114
8359.5,0.453,1.5,2.81,-0.14,0.846,0.261
8359.75,0.415,1.52,2.68,-0.22,0.899,0.266
8360.0,1.14,2.51,2.6,-0.27,0.292,0.0891
8360.25,2.2,3.22,3.22,-0.0025,0.645,0.524
8360.5,2.57,3.68,3.92,0.383,1.34,0.999
8360.75,3.18,5.3,8.1,0.925,1.75,1.44
8361.0,3.08,7.36,8.76,0.836,1.9,1.54
8361.25,2.9,6.62,8.54,0.708,1.62,1.33
8361.5,2.99,5.43,8.57,0.707,1.9,1.16
8361.75,2.94,5.59,8.8,0.668,1.83,1.43
8362.0,2.43,7.11,8.76,0.652,1.66,1.33
8362.25,2.15,6.61,10.8,0.703,1.38,1.16
8362.5,2.15,6.72,10.7,0.654,1.52,1.25
8362.75,2.32,7.16,10.6,0.807,1.99,1.27
8363.0,1.88,7.39,10.0,0.679,1.89,1.26
8363.25,1.9,6.96,10.2,0.724,1.91,1.12
8363.5,1.88,6.6,9.55,0.656,1.76,1.29
8363.75,1.83,6.73,9.66,0.651,1.98,1.44
8364.0,2.15,7.04,9.62,1.02,2.43,1.78
8364.25,1.78,6.23,8.67,1.14,1.97,2.06
8364.5,1.27,5.92,8.31,1.02,2.02,2.19
8364.75,1.33,5.48,8.13,1.08,1.61,1.94
8365.0,1.45,5.85,8.33,1.38,1.94,2.3
8365.25,1.46,5.26,8.02,1.22,1.6,2.29
8365.5,1.74,5.41,8.69,1.44,1.78,1.87
8365.75,2.17,6.48,8.13,1.9,2.13,2.3
8366.0,2.19,7.64,8.88,1.8,2.64,2.43
8366.25,2.72,5.54,8.84,2.62,2.2,2.73
8366.5,2.4,5.23,8.52,2.1,2.08,2.53
8366.75,2.47,6.06,8.81,2.21,2.2,2.96
8367.0,2.58,6.76,9.7,2.43,1.97,2.91
8367.25,2.62,7.15,9.51,2.22,1.99,2.66
8367.5,2.33,7.72,9.38,1.83,2.96,2.75
8367.75,2.08,8.89,9.02,1.67,3.26,2.76
8368.0,2.5,8.26,9.38,1.86,3.73,2.65
8368.25,2.32,7.72,9.63,1.59,3.61,2.68
8368.5,2.27,6.2,8.9,1.72,2.03,2.85
8368.75,1.98,5.82,8.51,1.49,2.05,2.4
8369.0,1.09,5.17,8.01,0.657,1.3,1.9
8369.25,0.912,3.46,5.8,0.561,1.19,1.56
8369.5,0.74,2.48,3.5,0.299,0.974,0.795
8369.75,0.536,1.25,2.82,0.0229,1.04,0.65
8370.0,0.472,1.16,1.86,0.0,1.12,0.372
8370.25,0.473,1.38,1.58,0.0,1.34,0.312
8370.5,0.458,1.5,1.68,0.0,1.57,0.467
8370.75,0.462,1.12,1.41,0.0,1.0,0.121
8371.0,0.466,1.1,1.58,0.00877,0.949,0.472
8371.25,0.591,1.1,1.94,0.144,0.935,0.247
8371.5,0.57,1.1,1.96,0.127,0.943,0.212
8371.75,0.507,1.34,1.71,0.0519,1.29,0.0956
8372.0,0.449,1.35,1.66,0.0,1.28,0.236
8372.25,0.446,1.28,2.03,0.0,1.2,0.13
8372.5,0.466,1.27,2.08,0.0,1.18,0.303
8372.75,0.461,1.14,1.95,0.0,1.02,0.213
8373.0,0.45,1.22,1.9,0.0,1.14,0.129
8373.25,0.55,1.13,1.85,0.0729,0.983,-0.047
8373.5,0.608,1.11,1.95,0.163,0.951,0.197
8373.75,0.532,1.36,1.92,0.0879,1.29,0.159
8374.0,0.468,1.31,1.87,0.0,1.29,0.434
8374.25,0.448,1.38,1.43,0.0,1.34,0.135
8374.5,0.464,1.18,1.66,0.0,1.04,0.426
8374.75,0.445,0.959,1.64,0.0,0.761,0.447
8375.0,0.467,1.1,1.65,0.0,0.929,0.5
8375.25,0.492,1.32,1.62,0.0312,1.25,0.351
8375.5,0.594,1.36,1.52,0.127,1.28,0.256
8375.75,0.573,1.28,1.66,0.121,1.17,0.503
8376.0,0.482,1.15,1.75,0.0229,1.05,0.557
8376.25,0.461,1.18,1.57,0.0,1.05,0.377
8376.5,0.46,1.19,1.45,0.0,1.06,0.156
8376.75,0.449,1.08,1.73,0.0,0.894,0.512
8377.0,0.453,1.2,1.61,0.0,1.02,0.44
8377.25,0.456,1.19,1.62,0.0,1.07,0.436
8377.5,0.55,1.48,1.56,0.078,1.13,0.26
8377.75,0.594,1.37,1.55,0.156,1.32,0.32
8378.0,0.525,1.31,1.69,0.0636,1.18,0.516
8378.25,0.459,1.12,1.64,0.0,0.942,0.448
8378.5,0.452,1.03,1.53,0.0,0.843,0.266
8378.75,0.456,1.22,1.64,0.0,1.07,0.396
8379.0,0.464,1.42,1.69,0.0,1.38,0.523
8379.25,0.465,1.06,1.57,0.0,0.921,0.379
8379.5,0.494,1.3,1.6,0.032,1.21,0.286
8379.75,0.561,1.16,1.59,0.09,1.04,0.357
8380.0,0.6,1.14,1.61,0.154,0.995,0.437
8380.25,0.473,1.29,1.69,0.015,1.15,0.509
8380.5,0.458,1.08,1.4,0.0,0.898,0.115
8380.75,0.462,1.22,1.55,0.0,1.09,0.367
8381.0,0.462,1.16,1.64,0.0,1.03,0.463
8381.25,0.462,1.26,1.56,0.0,1.21,0.411
8381.5,0.461,1.28,1.41,0.0,1.17,0.168
8381.75,0.553,1.05,1.68,0.0747,0.9,0.507
8382.0,0.566,1.01,1.54,0.0926,0.891,0.399
8382.25,0.562,1.22,1.45,0.118,1.15,0.247
8382.5,0.457,1.21,1.63,-0.00036,1.2,0.339
8382.75,1.2,1.62,2.09,0.19,1.31,0.663
8383.0,0.459,1.22,1.74,0.0,1.09,0.535
8383.25,0.529,1.11,1.63,0.0422,0.868,0.443
8383.5,0.452,1.24,1.34,0.0,1.09,0.145
8383.75,0.485,1.19,1.36,0.0257,1.02,0.3
8384.0,1.04,1.41,1.55,0.0828,0.99,0.476
8384.25,0.56,1.89,1.4,0.0843,1.12,0.384
8384.5,0.56,1.64,1.38,0.0633,0.731,0.236
8384.75,0.559,2.06,1.58,-0.03,0.935,0.327
8385.0,0.56,3.81,1.51,-0.03,0.966,0.329
8385.25,0.586,4.07,2.64,-0.031,1.19,0.326
8385.5,0.679,3.45,3.98,0.0184,0.923,0.306
8385.75,0.723,3.44,4.75,0.169,0.849,0.513
8386.0,0.883,5.83,4.13,0.441,1.05,0.399
8386.25,2.27,5.94,4.42,0.562,1.48,0.628
8386.5,1.27,6.57,4.31,0.519,0.86,0.676
8386.75,0.931,7.24,4.45,0.396,1.94,0.714
8387.0,1.69,6.06,4.87,0.324,1.37,0.784
8387.25,1.38,5.27,4.86,0.318,1.09,0.773
8387.5,0.678,5.0,4.16,0.399,1.14,0.811
8387.75,0.757,4.65,4.38,0.449,0.832,0.823
8388.0,0.871,5.37,3.84,0.498,0.93,0.78
8388.25,1.78,8.11,3.87,0.422,1.24,1.02
8388.5,1.92,5.84,3.98,0.474,1.15,1.15
8388.75,1.74,5.36,3.35,0.377,1.01,0.611
8389.0,1.77,5.07,3.6,0.377,0.887,0.549
8389.25,1.7,5.06,3.33,0.334,0.91,0.369
8389.5,2.06,5.27,3.54,0.69,1.19,1.07
8389.75,1.88,5.13,4.86,0.877,1.68,1.71
8390.0,3.72,5.43,7.37,2.31,1.94,2.4
8390.25,2.23,6.46,6.33,1.44,1.64,1.99
8390.5,1.51,6.72,5.93,0.989,1.65,1.94
8390.75,1.2,9.24,6.04,0.768,1.92,1.58
8391.0,0.773,7.92,3.77,0.441,2.67,0.557
8391.25,0.726,5.31,3.59,0.376,0.922,0.589
8391.5,0.781,4.83,3.44,0.427,0.98,0.499
8391.75,0.828,4.92,3.37,0.479,0.928,0.599
8392.0,0.712,6.87,3.31,0.44,1.04,0.612
8392.25,0.768,6.11,3.06,0.498,1.8,0.456
8392.5,0.759,4.68,3.18,0.494,1.11,0.608
8392.75,0.674,4.92,3.0,0.402,1.34,0.403
8393.0,0.658,4.64,2.93,0.389,1.34,0.299
8393.25,0.661,3.95,3.11,0.311,1.17,0.552
8393.5,0.47,2.57,1.95,-0.0075,1.5,0.135
8393.75,0.403,1.67,1.55,0.00467,1.2,0.245
8394.0,0.438,1.74,1.63,0.0332,1.17,0.343
8394.25,0.516,1.64,1.46,0.103,1.1,0.185
8394.5,0.502,1.74,1.55,0.1,1.25,0.289
8394.75,0.426,2.0,1.52,0.0312,1.58,0.233
8395.0,0.407,1.68,1.3,0.0022,1.21,0.0892
8395.25,0.431,1.83,1.46,0.0154,1.3,0.139
8395.5,0.439,1.52,1.49,0.0546,0.989,0.36
8395.75,0.403,1.77,1.42,0.01,1.2,0.339
8396.0,0.416,1.93,1.52,0.0172,1.41,0.648
8396.25,0.519,1.7,1.29,0.119,1.15,0.251
8396.5,0.496,1.83,1.3,0.114,1.32,0.183
8396.75,0.443,1.77,1.44,0.0571,1.21,0.344
8397.0,0.403,1.81,1.38,0.01,1.26,0.423
8397.25,0.404,1.95,1.42,0.01,1.42,0.481
8397.5,0.429,1.44,1.39,0.0328,0.972,0.483
8397.75,0.435,1.87,1.17,0.0542,1.2,0.0867
8398.0,0.405,1.75,1.45,0.01,1.17,0.493
8398.25,0.487,1.93,1.37,0.0972,1.43,0.422
8398.5,0.507,2.17,1.54,0.12,1.64,0.527
8398.75,0.471,1.8,1.66,0.085,1.25,0.546
8399.0,0.407,1.76,1.51,0.02,1.12,0.385
8399.25,0.415,1.83,1.54,0.0191,1.2,0.473
8399.5,0.419,1.48,1.56,0.0226,1.25,0.591
8399.75,0.441,1.92,1.44,0.0416,1.39,0.452
8400.0,0.444,1.91,1.47,0.0541,1.35,0.424
8400.25,0.474,1.92,1.36,0.0738,1.32,0.253
8400.5,0.509,1.89,1.45,0.126,1.37,0.448
8400.75,0.49,1.52,1.61,0.113,1.18,0.628
8401.0,0.419,1.7,1.4,0.0198,1.21,0.397
8401.25,0.413,1.77,1.29,0.02,1.18,0.194
8401.5,0.413,1.83,1.6,0.02,1.06,0.548
8401.75,0.416,1.87,1.43,0.0202,1.29,0.446
8402.0,0.422,1.81,1.5,0.0361,1.6,0.546
8402.25,0.466,1.81,1.4,0.0874,1.4,0.296
8402.5,0.523,1.75,1.39,0.13,1.07,0.374
8402.75,0.511,1.87,1.49,0.13,1.17,0.546
8403.0,0.441,2.04,1.41,0.0342,1.42,0.406
8403.25,0.416,1.43,1.25,0.0198,1.23,0.179
8403.5,0.421,1.86,1.51,0.0202,1.27,0.532
8403.75,0.416,1.89,1.44,0.0212,1.37,0.479
8404.0,0.418,1.83,1.3,0.0208,1.19,0.276
8404.25,0.422,1.86,1.41,0.0234,1.34,0.358
8404.5,0.546,1.35,1.41,0.18,1.09,0.451
8404.75,0.516,1.92,1.39,0.131,1.28,0.445
8405.0,0.466,1.93,1.39,0.0783,1.4,0.317
8405.25,0.412,1.62,1.37,0.0209,1.09,0.373
8405.5,0.419,1.69,1.39,0.01,1.47,0.448
8405.75,0.409,1.82,1.47,0.01,1.19,0.486
8406.0,0.419,1.64,1.19,0.01,1.04,0.132
8406.25,0.413,1.62,1.35,0.01,1.1,0.406
8406.5,0.561,1.79,1.51,0.0452,1.18,0.562
8406.75,1.37,2.3,1.57,0.366,1.67,0.404
8407.0,0.665,1.96,1.4,0.171,1.23,0.329
8407.25,0.488,1.82,1.7,0.0555,1.02,0.655
8407.5,0.412,2.09,1.38,0.01,1.28,0.407
8407.75,0.574,2.09,1.34,0.101,1.25,0.224
8408.0,0.574,2.1,1.91,-0.023,1.17,0.407
8408.25,1.11,2.2,2.23,-0.023,1.32,0.463
8408.5,1.13,1.76,2.02,-0.16,1.09,0.282
8408.75,1.33,2.44,2.9,0.0417,1.34,0.363
8409.0,1.32,2.44,4.75,0.039,1.1,-0.017
8409.25,1.89,2.75,4.82,0.188,1.49,0.466
8409.5,1.44,2.77,6.01,0.551,1.87,1.3
8409.75,1.86,3.96,6.9,0.749,1.91,1.61
8410.0,2.29,5.54,6.91,1.04,2.88,1.91
8410.25,2.6,7.62,5.45,1.19,4.17,1.83
8410.5,2.53,5.85,5.98,1.11,3.99,2.3
8410.75,2.47,4.98,7.03,1.07,2.69,2.92
8411.0,2.46,4.28,7.13,1.34,2.82,3.09
8411.25,2.59,6.69,6.25,1.44,3.01,2.01
8411.5,2.58,6.29,6.04,1.52,3.67,2.02
8411.75,2.84,4.95,6.33,1.52,2.66,2.04
8412.0,2.19,5.12,6.22,1.03,2.62,2.14
8412.25,2.17,4.23,6.0,1.03,2.53,1.91
8412.5,2.22,3.63,6.12,1.08,2.32,2.05
8412.75,2.14,4.17,5.91,1.04,2.52,1.92
8413.0,2.41,3.93,6.09,1.22,2.51,2.0
8413.25,2.25,3.95,5.89,1.15,2.51,1.87
8413.5,2.84,4.43,5.84,1.68,2.46,1.76
8413.75,2.63,4.18,6.02,1.49,2.59,1.98
8414.0,2.53,4.67,5.68,1.26,3.02,1.85
8414.25,2.55,4.42,7.3,1.31,2.58,1.94
8414.5,2.72,4.1,7.75,1.44,2.49,1.94
8414.75,2.82,4.27,7.52,1.57,2.5,1.96
8415.0,3.02,4.5,7.57,1.7,2.74,1.84
8415.25,2.8,5.74,7.6,1.59,2.72,1.97
8415.5,2.66,7.78,8.34,1.43,4.17,2.46
8415.75,2.36,5.13,7.02,1.33,3.24,2.38
8416.0,1.29,3.66,4.11,0.416,1.4,0.475
8416.25,1.27,3.25,3.59,0.239,1.33,0.128
8416.5,1.35,5.47,3.85,0.211,1.57,0.375
8416.75,1.19,4.44,3.77,0.253,2.22,0.428
8417.0,1.12,3.02,3.26,0.146,1.38,0.375
8417.25,1.04,1.31,2.4,0.128,1.24,0.374
8417.5,1.01,1.36,1.91,0.125,1.45,0.398
8417.75,0.906,1.14,1.8,0.0293,1.19,0.403
8418.0,0.912,1.2,1.95,0.0287,1.23,0.416
8418.25,0.95,1.08,1.77,0.073,1.09,0.398
8418.5,0.91,1.13,1.85,0.042,1.14,0.383
8418.75,0.904,1.3,1.92,0.031,1.41,0.535
8419.0,0.971,1.4,1.83,0.0808,1.53,0.431
8419.25,1.02,1.3,1.63,0.139,1.4,0.155
8419.5,1.02,1.24,1.75,0.14,1.22,0.362
8419.75,0.924,0.987,1.62,0.0422,0.91,0.402
8420.0,0.915,1.26,1.9,0.0341,1.25,0.526
8420.25,0.902,1.34,1.56,0.0382,1.39,0.469
8420.5,0.932,1.34,1.84,0.0821,1.42,0.527
8420.75,0.935,1.43,1.64,0.0736,1.52,0.336
8421.0,0.935,1.21,1.76,0.0665,1.24,0.257
8421.25,1.01,1.32,1.73,0.15,1.34,0.514
8421.5,1.01,1.21,1.69,0.148,1.22,0.629
8421.75,0.945,1.14,1.65,0.0744,1.11,0.605
8422.0,0.911,1.18,1.74,0.0555,1.2,0.795
8422.25,0.916,1.29,1.66,0.0547,1.36,0.304
8422.5,0.916,1.33,1.59,0.0582,1.44,0.412
8422.75,0.93,1.62,1.89,0.0663,1.78,0.538
8423.0,0.952,1.25,1.99,0.0983,1.28,0.42
8423.25,1.03,1.11,2.04,0.155,1.09,0.382
8423.5,1.03,1.15,1.71,0.154,1.14,0.398
8423.75,0.978,1.15,1.59,0.105,1.19,0.415
8424.0,0.927,1.43,1.81,0.0397,1.52,0.729
8424.25,0.915,1.22,1.73,0.04,1.26,0.67
8424.5,0.916,1.41,1.62,0.04,1.45,0.523
8424.75,0.914,1.27,1.7,0.0407,1.3,0.523
8425.0,0.919,1.15,1.75,0.0465,1.15,0.697
8425.25,1.03,1.27,1.72,0.179,1.31,0.668
8425.5,1.03,1.31,1.83,0.158,1.07,0.771
8425.75,1.0,1.18,1.53,0.138,1.2,0.347
8426.0,0.931,1.35,1.76,0.0581,1.43,0.661
8426.25,0.925,1.58,1.77,0.0487,1.73,0.698
8426.5,0.924,1.28,1.7,0.0488,1.34,0.659
8426.75,0.936,1.17,1.69,0.0488,1.15,0.555
8427.0,0.934,1.12,1.59,0.0479,1.12,0.455
8427.25,0.958,1.09,1.69,0.0714,1.07,0.67
8427.5,1.07,1.42,1.77,0.214,1.56,0.732
8427.75,1.03,1.23,1.6,0.168,1.3,0.461
8428.0,0.946,1.3,1.67,0.0675,1.37,0.536
8428.25,0.923,1.33,1.91,0.0495,1.4,0.833
8428.5,0.936,1.21,1.71,0.0504,1.22,0.651
8428.75,0.931,1.24,1.66,0.0511,1.29,0.525
8429.0,0.941,1.19,1.71,0.0518,1.2,0.524
8429.25,0.933,1.13,1.75,0.0498,1.18,0.696
8429.5,1.01,1.29,1.74,0.122,1.36,0.69
8429.75,1.05,1.17,1.62,0.143,1.21,0.447
8430.0,1.04,1.37,1.69,0.166,1.46,0.558
8430.25,0.934,1.21,1.76,0.0305,1.29,0.7
8430.5,0.939,0.923,1.71,0.0315,0.915,0.609
8430.75,1.55,1.36,1.7,0.0755,1.34,0.443
8431.0,1.31,1.57,2.11,0.164,1.52,0.573
8431.25,0.936,1.33,1.8,0.0288,1.41,0.72
8431.5,1.28,1.47,2.25,0.263,1.32,0.97
8431.75,1.44,1.44,2.22,0.208,1.24,0.417
8432.0,1.1,1.57,2.01,0.132,1.21,0.469
8432.25,1.04,1.31,2.11,-0.17,1.03,0.288
8432.5,1.36,1.29,2.02,-0.33,0.861,0.113
8432.75,1.34,1.77,2.04,-0.15,0.897,0.271
8433.0,1.07,1.86,2.62,-0.088,0.749,-0.017
8433.25,1.2,1.98,3.3,-0.063,0.754,0.281
8433.5,1.91,4.14,4.19,-0.12,1.23,0.522
8433.75,3.46,3.96,8.21,1.25,1.66,2.4
8434.0,5.21,6.88,9.17,1.81,2.51,3.42
8434.25,4.52,8.25,9.21,1.67,3.46,3.57
8434.5,4.23,7.51,9.51,1.53,2.88,3.09
8434.75,3.77,7.08,9.47,1.29,2.42,2.82
8435.0,3.93,7.39,7.78,1.34,2.33,2.02
8435.25,4.07,6.84,6.42,1.48,2.47,1.7
8435.5,4.05,7.45,6.82,1.47,2.87,1.76
8435.75,2.88,7.66,8.43,1.53,3.34,1.75
8436.0,3.01,6.64,9.01,1.56,2.35,1.84
8436.25,2.05,6.68,9.15,1.15,2.17,1.84
8436.5,2.07,8.4,8.69,1.4,2.69,1.57
8436.75,2.32,6.71,10.2,1.64,2.24,2.21
8437.0,2.15,6.15,8.94,1.67,2.01,1.93
8437.25,1.98,6.09,9.13,1.29,2.18,1.93
8437.5,2.1,6.2,8.85,1.11,1.82,1.97
8437.75,1.95,6.93,8.08,1.08,2.24,1.94
8438.0,2.04,8.77,7.46,1.13,3.53,1.94
8438.25,2.35,7.62,10.4,1.39,3.34,2.94
8438.5,2.34,5.59,9.78,1.28,2.27,2.24
8438.75,2.04,4.67,6.53,0.715,1.4,1.14
8439.0,2.15,4.88,6.72,0.968,1.38,1.58
8439.25,2.27,6.62,6.4,1.12,2.05,1.24
8439.5,1.49,6.08,5.87,0.381,2.59,1.11
8439.75,1.29,4.76,6.56,0.346,1.21,0.777
8440.0,1.06,4.26,7.41,0.348,1.09,0.776
8440.25,1.03,4.24,8.37,0.437,1.06,0.688
8440.5,1.08,4.06,9.4,0.428,0.89,0.769
8440.75,1.19,4.11,8.12,0.785,1.04,0.759
8441.0,0.896,3.75,4.4,0.367,0.742,0.487
8441.25,0.959,4.12,3.45,0.323,1.38,0.823
8441.5,1.01,3.13,3.56,0.397,1.33,0.918
8441.75,0.952,2.61,3.51,0.364,1.14,0.825
8442.0,0.949,2.83,3.52,0.353,1.44,0.869
8442.25,0.828,1.62,3.44,0.165,1.2,0.737
8442.5,0.637,1.1,3.02,0.0358,1.29,0.412
8442.75,0.421,0.839,2.95,0.0551,0.944,0.509
8443.0,0.363,1.01,2.84,0.0,1.11,0.541
8443.25,0.363,1.05,2.7,0.0,1.19,0.421
8443.5,0.359,1.13,2.81,0.0,1.24,0.561
8443.75,0.389,1.18,2.72,0.0339,1.34,0.47
8444.0,0.378,0.987,2.57,0.0176,1.06,0.485
8444.25,0.46,0.936,2.59,0.0852,1.01,0.587
8444.5,0.462,1.03,2.48,0.09,1.07,0.496
8444.75,0.432,1.06,2.28,0.0634,1.12,0.177
8445.0,0.36,1.32,2.41,0.0,1.47,0.361
8445.25,0.358,1.0,2.43,0.0,1.07,0.524
8445.5,0.362,1.05,2.51,0.0,1.15,0.527
8445.75,0.368,1.04,2.34,0.0,1.16,0.498
8446.0,0.394,1.08,2.11,0.0319,1.22,0.352
8446.25,0.467,1.01,2.42,0.0949,1.1,0.58
8446.5,0.466,1.05,2.24,0.09,1.1,0.438
8446.75,0.445,0.934,2.05,0.0742,0.992,0.396
8447.0,0.374,1.17,2.23,0.0,1.29,0.33
8447.25,0.38,1.17,1.97,0.0,1.38,0.458
8447.5,0.374,1.18,2.2,0.0,1.38,0.521
8447.75,0.364,0.997,2.15,0.0,1.13,0.566
8448.0,0.376,0.906,2.11,0.0,0.941,0.759
8448.25,0.464,1.02,2.06,0.092,1.11,0.791
8448.5,0.491,1.14,1.81,0.136,1.28,0.436
8448.75,0.465,1.09,1.68,0.0966,1.23,0.321
8449.0,0.37,1.19,2.28,0.0,1.36,0.632
8449.25,0.367,0.951,1.7,0.0,1.08,0.337
8449.5,0.38,1.27,2.09,0.0,1.11,0.657
8449.75,0.363,0.987,1.87,0.0,1.08,0.668
8450.0,0.379,1.25,1.71,0.0,1.34,0.438
8450.25,0.413,1.06,1.63,0.0354,1.16,0.356
8450.5,0.48,0.999,2.17,0.106,1.05,0.479
8450.75,0.489,1.14,2.02,0.132,1.27,0.246
8451.0,0.38,1.29,2.37,0.0136,1.47,0.367
8451.25,0.364,0.904,2.03,0.0,0.966,0.364
8451.5,0.368,1.01,1.58,0.0,1.05,0.0153
8451.75,0.366,0.932,2.35,0.0,0.95,0.458
8452.0,0.365,0.998,2.02,0.0,1.06,0.246
8452.25,0.381,1.21,1.83,0.012,1.33,0.397
8452.5,0.475,0.979,1.91,0.09,1.09,0.592
8452.75,0.461,1.21,1.6,0.09,1.37,0.301
8453.0,0.449,0.936,2.0,0.0963,1.02,0.708
8453.25,0.375,0.964,1.78,0.0,1.02,0.611
8453.5,0.374,1.15,1.71,0.0,1.28,0.609
8453.75,0.373,0.953,1.68,0.0,1.03,0.476
8454.0,0.372,0.885,1.62,0.0,1.03,0.369
8454.25,0.365,0.964,1.91,0.0,1.12,0.477
8454.5,0.466,1.03,2.09,0.0768,1.24,0.299
8454.75,0.462,1.18,2.05,0.0898,1.39,0.366
8455.0,0.916,1.0,2.0,0.113,1.01,0.715
8455.25,0.465,1.11,2.01,0.0802,1.13,0.859
8455.5,0.449,1.05,1.79,0.0506,1.04,0.551
8455.75,0.357,1.15,1.84,0.01,1.24,0.432
8456.0,0.353,0.988,2.24,0.00983,1.08,0.633
8456.25,0.518,1.4,2.2,0.0419,1.53,0.524
8456.5,0.711,1.54,3.78,0.235,1.46,0.517
8456.75,1.04,3.12,6.33,0.282,1.29,1.56
8457.0,1.1,3.5,8.92,0.325,2.03,3.27
8457.25,1.03,2.89,9.39,0.179,1.12,3.33
8457.5,1.79,3.24,10.9,0.311,1.85,3.7
8457.75,3.33,4.43,10.2,0.58,2.21,4.14
8458.0,3.9,5.2,10.6,1.08,1.83,3.84
8458.25,4.41,6.16,6.79,1.13,1.33,1.1
8458.5,3.21,5.84,6.54,0.885,1.22,1.07
8458.75,2.7,6.0,6.45,1.42,1.68,1.64
8459.0,2.72,5.59,6.23,1.64,1.64,1.63
8459.25,2.36,5.76,7.57,0.757,1.49,1.58
8459.5,1.61,5.93,6.67,0.0629,1.67,1.17
8459.75,1.41,4.48,7.04,0.133,1.96,1.34
8460.0,6.06,9.2,12.4,2.53,4.94,4.67
8460.25,8.3,11.4,15.4,2.98,5.33,5.49
8460.5,7.57,10.9,12.9,2.6,4.82,4.52
8460.75,6.9,10.0,11.0,2.07,3.91,3.77
8461.0,6.93,9.87,10.3,2.03,3.75,3.45
8461.25,6.6,9.75,10.2,1.89,3.83,3.31
8461.5,5.88,9.09,9.75,1.65,3.52,3.27
8461.75,5.9,8.44,8.53,1.38,3.3,2.87
8462.0,5.82,8.68,8.2,1.54,3.68,2.93
8462.25,5.53,8.5,9.25,1.39,3.69,3.21
8462.5,5.78,6.79,8.03,1.48,3.67,2.79
8462.75,5.51,6.05,9.42,1.59,3.75,3.5
8463.0,6.01,6.09,8.49,1.77,3.44,3.2
8463.25,5.81,6.16,9.55,2.01,3.56,3.36
8463.5,4.58,5.3,7.3,1.85,3.08,2.6
8463.75,6.49,7.52,10.9,2.21,3.94,3.62
8464.0,4.89,8.07,9.51,1.95,3.55,3.05
8464.25,6.05,8.58,11.6,2.43,3.84,4.01
8464.5,5.07,6.89,9.2,2.06,3.68,3.14
8464.75,3.11,4.02,7.01,1.05,2.24,1.93
8465.0,5.52,6.84,9.11,2.36,4.37,3.43
8465.25,4.38,5.52,8.06,1.84,3.51,2.73
8465.5,4.52,5.62,8.3,1.9,3.51,2.95
8465.75,5.1,6.24,8.57,2.14,3.92,3.01
8466.0,3.35,4.4,7.72,1.44,2.8,2.56
8466.25,3.38,4.58,6.59,1.62,3.34,2.35
8466.5,4.52,5.79,7.94,1.98,3.9,2.86
8466.75,3.21,4.32,7.36,1.48,3.08,2.54
8467.0,3.57,4.85,6.54,1.56,3.29,2.3
8467.25,2.64,3.6,5.3,1.18,2.35,1.65
8467.5,3.53,4.8,6.47,1.79,3.43,2.49
8467.75,3.24,4.39,6.51,1.64,3.07,2.36
8468.0,2.46,3.72,5.06,1.06,2.54,1.7
8468.25,2.85,4.15,5.49,1.43,2.95,2.05
8468.5,2.88,4.2,5.41,1.23,2.61,1.71
8468.75,2.53,3.94,5.11,1.21,2.79,1.76
8469.0,3.04,4.39,5.6,1.48,3.13,2.06
8469.25,2.15,3.39,5.29,0.888,2.19,1.66
8469.5,3.0,3.96,5.46,1.51,2.58,2.0
8469.75,1.97,2.96,3.99,0.83,1.83,1.14
8470.0,2.52,3.8,4.78,1.25,2.68,1.77
8470.25,2.31,3.74,4.45,1.05,2.62,1.48
8470.5,2.6,3.88,4.92,1.18,2.82,1.82
8470.75,2.42,3.58,4.75,1.12,2.29,1.68
8471.0,1.93,2.9,3.85,0.791,1.79,1.24
8471.25,2.29,3.51,4.51,1.05,2.32,1.64
8471.5,1.85,2.91,3.67,0.866,2.1,1.27
8471.75,2.45,3.78,4.56,1.19,2.68,1.72
8472.0,1.95,3.07,3.82,0.921,2.14,1.32
8472.25,2.44,3.65,4.43,1.17,2.5,1.57
8472.5,1.88,3.04,3.94,0.821,2.11,1.41
8472.75,2.34,3.46,4.43,1.14,2.34,1.63
8473.0,1.9,3.08,3.84,0.879,2.17,1.3
8473.25,1.91,2.78,3.68,0.852,1.76,1.2
8473.5,1.97,3.45,3.99,0.879,2.23,1.35
8473.75,2.12,3.35,4.2,0.965,2.32,1.55
8474.0,2.11,3.52,3.91,0.968,2.62,1.33
8474.25,2.02,3.12,3.88,0.922,2.17,1.36
8474.5,1.95,2.81,3.85,0.88,1.8,1.38
8474.75,1.92,2.9,3.83,0.861,1.93,1.55
8475.0,1.94,2.91,3.84,0.9,1.96,1.71
8475.25,1.91,3.07,3.75,0.843,2.24,1.6
8475.5,1.86,3.19,3.65,0.792,2.34,1.15
8475.75,1.91,3.06,3.9,0.825,2.16,1.31
8476.0,1.96,2.94,3.7,0.896,2.02,1.35
8476.25,1.96,2.79,3.77,0.908,1.84,1.7
8476.5,1.96,3.0,3.69,0.885,2.11,1.53
8476.75,1.92,2.95,3.63,0.829,2.0,1.57
8477.0,1.86,2.81,3.78,0.822,1.9,1.48
8477.25,1.85,3.04,3.61,0.826,2.22,1.52
8477.5,1.52,2.62,3.02,0.562,1.92,0.972
8477.75,1.44,2.53,3.01,0.467,1.86,1.03
8478.0,1.4,2.12,2.87,0.44,1.39,1.05
8478.25,1.8,2.4,3.41,0.673,1.44,1.29
8478.5,1.44,2.18,2.9,0.448,1.4,1.02
8478.75,1.63,2.49,3.27,0.5,1.65,1.22
8479.0,1.53,2.56,3.24,0.424,1.81,1.18
8479.25,1.87,3.1,3.67,0.653,2.26,1.49
8479.5,1.71,2.55,3.5,0.53,1.66,1.37
8479.75,1.68,2.53,3.4,0.495,1.6,1.25
8480.0,1.71,2.42,3.38,0.515,1.49,1.27
8480.25,1.64,2.46,3.33,0.51,1.66,1.26
8480.5,2.35,3.21,4.97,0.884,2.14,2.01
8480.75,2.25,3.09,4.22,0.751,1.95,1.46
8481.0,2.15,3.11,5.15,0.684,2.07,1.68
8481.25,1.74,2.7,3.63,0.618,2.13,1.19
8481.5,1.69,2.37,4.64,0.682,1.91,1.68
8481.75,2.68,3.44,5.83,1.3,2.93,2.68
8482.0,2.29,2.87,4.91,0.977,2.25,1.96
8482.25,2.32,2.94,6.23,1.05,2.4,2.43
8482.5,2.27,2.93,4.56,1.01,2.41,1.68
8482.75,1.88,2.68,5.55,0.729,2.18,1.84
8483.0,3.0,3.84,5.74,1.38,3.19,2.43
8483.25,3.48,4.09,7.23,1.38,2.88,2.82
8483.5,3.18,3.79,6.16,1.42,2.88,2.56
8483.75,2.32,3.04,5.7,0.963,2.4,2.01
8484.0,2.99,3.99,5.96,1.01,2.51,1.76
8484.25,3.4,4.44,8.33,1.23,2.8,2.69
8484.5,3.42,4.21,6.28,1.25,2.47,1.89
8484.75,3.52,4.51,8.68,1.26,2.69,2.72
8485.0,3.64,4.52,7.9,1.15,2.44,2.45
8485.25,3.35,4.49,6.49,1.15,2.73,1.95
8485.5,3.78,4.95,9.43,1.15,2.5,2.84
8485.75,3.62,4.46,6.77,1.21,2.39,1.88
8486.0,3.87,5.04,10.0,1.14,2.7,2.92
8486.25,3.72,4.86,6.64,1.17,2.73,1.91
8486.5,3.76,4.72,8.52,1.26,2.62,2.47
8486.75,3.75,4.76,7.96,1.27,2.65,2.31
8487.0,3.9,4.84,8.02,1.21,2.46,2.19
8487.25,3.88,4.99,8.65,1.16,2.6,2.41
8487.5,4.42,5.63,7.79,1.61,3.24,2.59
8487.75,3.63,4.88,8.72,1.21,2.8,2.46
8488.0,3.67,4.91,6.62,1.17,2.74,1.8
8488.25,3.72,4.67,9.0,1.17,2.32,2.54
8488.5,3.92,4.8,6.8,1.3,2.42,1.85
8488.75,4.47,5.51,8.32,1.79,3.22,2.79
8489.0,3.4,4.6,7.43,1.27,2.77,2.13
8489.25,3.57,4.8,6.48,1.21,2.73,1.76
8489.5,3.52,4.83,8.07,1.16,2.76,2.29
8489.75,3.59,4.71,6.45,1.19,2.55,1.7
8490.0,3.19,4.29,6.76,1.21,2.53,2.07
8490.25,3.14,4.28,6.64,1.17,2.5,1.89
8490.5,3.28,4.47,6.86,1.15,2.54,1.95
8490.75,3.27,4.36,6.25,1.25,2.51,1.85
8491.0,3.29,4.5,6.28,1.24,2.66,1.81
8491.25,3.09,4.38,6.26,1.24,2.72,1.95
8491.5,2.97,4.25,6.28,1.16,2.61,1.87
8491.75,2.91,4.37,5.82,1.13,2.75,1.74
8492.0,2.95,3.95,6.26,1.21,2.22,1.94
8492.25,2.91,4.15,5.78,1.19,2.48,1.78
8492.5,2.86,3.99,5.94,1.17,2.34,2.06
8492.75,2.82,4.36,5.54,1.17,2.85,1.78
8493.0,2.92,4.43,5.5,1.25,2.98,1.78
8493.25,2.87,4.05,5.82,1.24,2.51,1.89
8493.5,2.89,4.12,5.17,1.25,2.56,1.62
8493.75,2.77,3.82,6.23,1.16,2.19,2.07
8494.0,2.76,4.09,5.13,1.18,2.55,1.6
8494.25,2.73,4.0,5.94,1.14,2.46,1.93
8494.5,2.72,4.28,5.15,1.13,2.78,1.66
8494.75,2.73,4.15,5.91,1.14,2.67,1.93
8495.0,1.68,2.74,3.78,0.776,2.07,1.34
8495.25,2.22,3.33,4.56,1.23,2.72,1.76
8495.5,2.5,3.48,5.2,1.46,2.77,2.17
8495.75,2.23,3.14,4.38,1.26,2.48,1.76
8496.0,2.09,3.01,4.85,1.15,2.33,1.84
8496.25,1.68,2.71,3.74,0.771,2.02,1.27
8496.5,1.93,3.33,4.29,0.963,2.73,1.55
8496.75,2.49,3.91,5.34,1.46,3.42,2.32
8497.0,2.28,3.44,4.61,1.31,2.92,1.97
8497.25,2.03,2.94,4.82,1.1,2.28,1.89
8497.5,2.44,3.58,4.8,1.1,2.03,1.66
8497.75,2.27,3.21,4.26,1.08,2.15,1.48
8498.0,2.46,3.74,5.29,1.09,2.5,1.72
8498.25,2.66,4.21,5.09,1.14,2.87,1.75
8498.5,2.34,3.56,4.47,1.01,2.44,1.51
8498.75,2.8,3.74,5.92,1.03,2.81,2.52
8499.0,2.14,2.82,4.2,0.649,1.78,1.33
8499.25,2.35,3.67,4.48,0.942,2.44,1.47
8499.5,2.28,3.33,5.11,0.927,2.11,1.8
8499.75,2.0,2.97,3.71,0.853,1.99,1.19
8500.0,2.66,3.49,4.72,1.1,2.53,1.93
8500.25,2.12,2.98,4.53,0.939,2.53,1.85
8500.5,1.72,2.86,3.8,0.874,2.5,1.54
8500.75,2.07,2.97,4.09,1.15,2.48,1.83
8501.0,1.98,2.93,3.86,1.03,2.35,1.61
8501.25,2.75,2.83,5.49,0.575,2.08,2.41
8501.5,2.12,3.12,4.07,1.0,2.58,1.76
8501.75,1.8,2.92,3.56,0.919,2.57,1.38
8502.0,2.1,3.01,4.1,1.19,2.66,1.85
8502.25,2.05,2.8,4.42,1.04,2.38,1.84
8502.5,3.55,3.66,5.96,1.16,2.89,2.77
8502.75,1.62,2.45,3.65,0.726,2.01,1.36
8503.0,1.87,2.93,4.4,0.634,1.97,1.32
8503.25,2.42,3.46,4.6,0.925,2.25,1.61
8503.5,2.05,3.24,4.28,0.711,2.2,1.28
8503.75,1.92,2.81,4.48,0.622,1.79,1.34
8504.0,2.14,3.22,4.22,0.761,2.11,1.27
8504.25,2.58,3.56,5.35,1.06,2.36,1.74
8504.5,2.21,3.18,4.34,0.843,2.09,1.32
8504.75,2.2,2.99,3.97,0.834,1.85,1.23
8505.0,2.31,3.27,5.42,0.924,2.16,1.86
8505.25,2.22,3.35,4.29,0.801,2.25,1.36
8505.5,2.24,3.39,4.17,0.863,2.42,1.46
8505.75,2.18,3.12,4.42,0.912,2.24,1.7
8506.0,2.88,3.64,5.56,1.27,2.87,2.55
8506.25,2.86,3.05,4.81,0.744,2.3,2.06
8506.5,2.72,3.58,4.8,1.43,2.8,2.1
8506.75,2.21,3.12,4.05,1.1,2.53,1.62
8507.0,2.43,3.44,5.26,1.27,2.82,2.25
8507.25,3.2,3.63,5.34,0.963,2.9,2.49
8507.5,3.2,3.35,5.03,0.756,2.26,2.11
8507.75,2.45,3.56,4.52,1.29,2.87,1.93
8508.0,2.0,2.91,3.72,0.986,2.34,1.69
8508.25,2.16,3.14,4.13,1.16,2.57,2.18
8508.5,3.64,3.98,5.76,1.02,2.85,2.74
8508.75,3.01,2.93,4.8,0.674,2.4,2.26
8509.0,2.33,3.29,4.33,1.28,2.85,2.22
8509.25,2.19,3.08,3.93,0.979,2.25,1.7
8509.5,2.32,3.41,4.3,0.959,2.18,1.95
8509.75,3.7,3.54,5.97,0.73,2.64,3.16
8510.0,3.01,3.33,5.03,0.707,2.56,2.54
8510.25,2.22,3.42,4.2,0.985,2.68,1.89
8510.5,2.22,3.26,4.72,0.875,2.4,2.08
8510.75,2.66,3.63,4.92,0.942,2.67,2.27
8511.0,3.98,3.48,6.11,0.482,2.15,2.87
8511.25,2.8,3.31,4.67,1.03,2.27,2.14
8511.5,2.44,3.23,4.35,1.14,2.34,2.06
8511.75,2.39,3.46,4.81,0.986,2.52,2.18
8512.0,3.25,3.97,5.76,0.773,2.74,2.53
8512.25,3.86,3.77,5.98,0.498,2.46,2.71
8512.5,2.22,3.14,4.13,0.975,2.43,1.98
8512.75,2.37,3.18,5.22,1.13,2.47,2.54
8513.0,2.4,3.21,4.48,1.12,2.5,2.25
8513.25,2.55,3.06,4.33,0.987,2.32,2.1
8513.5,4.56,4.37,6.75,1.13,2.86,3.34
8513.75,2.6,3.29,4.55,0.887,2.62,2.27
8514.0,2.74,3.8,5.66,1.33,3.07,2.7
8514.25,2.2,3.11,4.09,0.984,2.42,1.93
8514.5,3.41,3.78,5.58,1.07,2.69,2.76
8514.75,3.59,3.61,6.49,0.663,2.29,2.89
8515.0,2.41,3.28,4.55,1.01,2.22,1.99
8515.25,2.31,3.45,4.25,0.891,2.28,1.74
8515.5,2.67,3.91,4.66,1.2,2.82,2.06
8515.75,3.42,4.06,5.27,0.868,2.72,2.14
8516.0,3.57,3.3,5.23,0.531,2.19,2.25
8516.25,2.32,3.17,5.1,0.958,2.07,1.96
8516.5,2.37,3.39,4.32,0.938,2.1,1.51
8516.75,2.91,3.42,4.81,0.56,2.12,1.76
8517.0,3.14,3.74,5.23,0.705,2.26,1.95
8517.25,3.33,3.7,5.29,0.537,2.54,2.14
8517.5,2.04,3.27,3.94,0.842,2.3,1.4
8517.75,2.34,3.41,4.94,1.05,2.34,1.76
8518.0,2.82,3.39,4.7,1.02,2.6,2.06
8518.25,3.52,3.27,5.39,0.672,2.13,2.31
8518.5,3.24,3.18,4.97,0.667,2.3,2.03
8518.75,2.31,3.23,3.98,0.956,2.49,1.84
8519.0,2.54,3.29,4.48,0.807,2.6,2.29
8519.25,2.87,3.36,4.74,0.737,2.68,2.08
8519.5,3.56,3.72,5.66,0.751,2.72,2.57
8519.75,2.98,3.29,4.95,0.824,2.32,2.18
8520.0,2.17,2.75,3.65,0.715,2.09,1.71
8520.25,3.33,3.52,5.19,1.24,2.7,2.76
8520.5,2.31,3.12,3.88,0.701,2.32,1.74
8520.75,3.85,4.07,5.77,0.632,2.49,2.13
8521.0,2.69,3.1,5.27,0.629,2.15,1.93
8521.25,2.18,3.09,4.0,0.685,2.11,1.39
8521.5,2.45,3.26,4.21,0.537,2.0,1.57
8521.75,3.03,3.23,5.01,0.686,2.23,2.51
8522.0,3.84,4.22,5.75,0.651,2.41,2.44
8522.25,2.06,2.94,3.58,0.687,2.05,1.48
8522.5,2.25,3.02,3.77,0.728,2.04,1.54
8522.75,2.14,3.19,3.77,0.732,2.24,1.51
8523.0,2.94,3.36,4.85,0.804,2.43,2.25
8523.25,3.78,3.96,5.44,0.563,2.41,2.2
8523.5,1.91,2.47,3.46,0.446,1.62,1.4
8523.75,2.66,3.04,4.51,0.778,2.4,2.39
8524.0,2.3,2.83,3.86,0.427,2.33,1.91
8524.25,3.78,4.06,5.71,0.987,2.86,2.8
8524.5,3.33,3.36,4.94,0.751,2.33,2.39
8524.75,2.5,2.73,4.06,0.658,2.15,2.04
8525.0,2.72,3.01,4.47,0.803,2.35,2.24
8525.25,2.56,3.09,4.08,0.556,2.6,1.91
8525.5,3.62,3.89,5.53,0.771,2.6,2.59
8525.75,3.18,3.2,4.99,0.553,2.35,2.49
8526.0,1.93,2.8,3.54,0.943,2.35,1.79
8526.25,2.48,2.82,4.24,0.445,1.85,1.85
8526.5,2.41,3.07,3.94,0.749,2.24,1.69
8526.75,4.26,4.17,6.13,0.938,2.5,2.39
8527.0,3.83,3.4,5.33,0.531,2.36,2.31
8527.25,2.05,3.1,3.93,0.689,1.99,1.31
8527.5,2.33,3.42,4.24,0.831,2.05,1.37
8527.75,3.14,3.7,6.07,0.704,2.59,2.41
8528.0,4.19,3.9,5.82,0.54,2.48,2.25
8528.25,4.73,3.55,6.11,0.258,2.19,2.11
8528.5,4.15,3.77,5.33,0.807,1.84,1.22
8528.75,5.3,4.07,7.14,0.981,2.18,1.91
8529.0,6.17,5.25,6.59,1.22,2.69,2.04
8529.25,7.79,5.88,8.08,0.858,2.81,2.78
8529.5,6.4,5.04,7.76,0.95,2.51,2.68
8529.75,6.07,5.55,7.07,1.4,2.86,2.37
8530.0,4.44,4.49,5.95,0.801,2.07,1.68
8530.25,4.63,5.77,8.29,1.31,3.09,2.76
8530.5,5.36,4.97,6.93,0.828,2.53,2.17
8530.75,5.06,4.89,8.59,1.07,2.94,3.06
8531.0,3.22,3.82,7.24,1.24,2.59,2.42
8531.25,3.57,4.18,7.32,1.44,2.89,2.55
8531.5,3.06,3.84,7.68,1.09,2.74,2.43
8531.75,3.87,4.53,7.99,1.28,3.05,2.67
8532.0,3.77,3.97,8.72,0.773,2.44,2.81
8532.25,3.31,4.11,7.53,1.16,2.54,2.29
8532.5,3.36,3.98,6.87,1.2,2.35,2.16
8532.75,3.19,4.31,7.6,1.12,2.59,2.3
8533.0,4.35,5.26,8.23,1.38,3.19,2.75
8533.25,4.12,4.42,9.5,0.884,2.46,3.11
8533.5,3.37,4.64,6.17,1.26,2.67,1.93
8533.75,3.28,4.26,7.03,1.28,2.42,2.33
8534.0,3.33,4.78,7.56,1.2,2.71,2.19
8534.25,2.82,4.09,5.39,1.04,2.48,1.61
8534.5,3.79,4.51,7.18,1.38,2.83,2.3
8534.75,2.53,5.41,8.71,1.11,3.89,3.19
8535.0,3.1,7.54,9.44,1.49,5.49,4.73
8535.25,2.67,7.06,8.34,1.21,5.32,4.06
8535.5,3.57,4.14,6.22,1.04,2.99,2.53
8535.75,3.22,3.76,6.72,1.07,2.66,2.83
8536.0,2.7,3.63,4.87,1.34,2.54,1.92
8536.25,2.44,3.41,4.75,1.18,2.38,1.87
8536.5,2.87,4.19,5.3,1.45,3.08,2.15
8536.75,3.73,4.34,6.88,1.08,3.2,3.0
8537.0,3.49,3.96,5.72,1.03,2.79,2.4
8537.25,2.41,3.38,4.4,1.1,2.19,1.55
8537.5,2.62,3.51,4.74,1.22,2.27,1.91
8537.75,2.45,3.65,5.0,1.12,2.57,1.88
8538.0,3.74,3.92,6.47,0.815,2.78,2.9
8538.25,3.29,3.99,5.71,0.974,2.87,2.42
8538.5,2.31,3.57,4.23,1.11,2.59,1.6
8538.75,2.49,3.7,5.16,1.21,2.64,1.9
8539.0,2.68,3.74,5.22,1.18,2.63,1.92
8539.25,4.22,4.4,6.5,1.07,2.77,2.63
8539.5,2.97,3.37,5.03,0.773,2.35,2.22
8539.75,2.13,3.26,4.22,1.09,2.39,1.73
8540.0,2.64,3.42,4.65,0.976,2.48,1.91
8540.25,3.08,4.0,5.4,1.06,3.14,2.46
8540.5,3.88,4.35,5.98,0.715,2.75,2.29
8540.75,2.81,3.51,5.64,1.04,2.5,2.35
8541.0,2.38,3.38,4.35,1.15,2.16,1.73
8541.25,2.51,3.25,4.26,0.909,1.93,1.54
8541.5,3.38,4.52,5.23,0.866,2.37,1.56
8541.75,2.78,3.72,4.61,0.737,2.37,1.56
8542.0,2.67,3.74,4.56,1.04,2.63,1.74
8542.25,2.37,3.33,4.32,0.744,2.12,1.56
8542.5,2.74,3.32,5.42,0.766,2.15,2.25
8542.75,2.81,3.72,4.84,0.885,2.61,2.02
8543.0,3.97,4.19,6.03,0.814,2.62,2.49
8543.25,2.23,3.12,3.9,0.799,2.02,1.39
8543.5,2.34,3.34,4.18,0.738,2.08,1.44
8543.75,2.35,3.56,4.37,1.08,2.51,1.74
8544.0,3.95,4.89,5.94,0.775,2.31,1.78
8544.25,2.41,3.32,4.3,0.892,2.45,1.74
8544.5,2.2,3.03,3.81,0.932,2.28,1.43
8544.75,3.03,3.41,5.03,0.868,2.55,2.38
8545.0,2.66,3.26,4.59,0.957,2.45,2.24
8545.25,3.59,4.19,5.35,0.9,2.93,2.48
8545.5,3.18,3.43,5.04,0.595,2.39,2.31
8545.75,2.5,3.22,4.49,1.05,2.29,2.08
8546.0,2.85,3.32,4.67,0.727,2.5,2.04
8546.25,2.69,3.45,4.56,0.848,2.65,1.91
8546.5,3.69,4.11,5.6,0.783,2.6,2.22
8546.75,3.1,3.54,4.92,0.55,2.78,2.2
8547.0,2.41,3.52,4.51,1.09,2.37,1.85
8547.25,2.93,3.2,4.56,0.614,2.11,2.15
8547.5,2.85,3.32,4.54,0.824,2.11,2.09
8547.75,3.78,4.0,5.78,0.632,2.39,2.73
8548.0,3.16,3.47,4.98,0.487,2.41,2.03
8548.25,2.27,3.54,4.07,1.01,2.35,1.32
8548.5,3.02,3.33,4.88,0.467,2.31,2.06
8548.75,2.25,3.19,4.02,0.804,2.27,1.58
8549.0,4.21,4.85,6.41,0.983,2.64,2.42
8549.25,2.59,3.27,4.23,0.811,2.3,1.99
8549.5,2.69,3.12,4.35,0.993,2.04,2.1
8549.75,2.83,3.1,4.53,0.535,2.08,2.22
8550.0,2.98,3.58,4.71,0.815,2.59,2.2
8550.25,4.14,4.72,6.07,0.761,2.96,2.55
8550.5,2.52,3.23,4.42,0.718,2.54,2.04
8550.75,2.66,3.62,4.54,1.18,2.39,2.07
8551.0,2.69,3.11,4.55,0.422,1.93,2.0
8551.25,3.13,3.7,4.98,1.0,2.43,2.39
8551.5,4.01,4.48,5.67,0.76,2.43,2.48
8551.75,2.81,3.69,4.37,0.666,2.52,2.08
8552.0,2.94,4.16,4.89,1.09,2.75,2.24
8552.25,2.57,3.66,4.84,0.466,2.1,1.67
8552.5,3.07,4.14,6.24,0.755,2.26,2.4
8552.75,4.19,4.94,6.71,0.767,2.27,2.31
8553.0,2.65,4.15,5.16,0.892,2.33,1.85
8553.25,2.1,3.59,4.47,0.815,1.8,1.34
8553.5,3.26,4.51,5.78,1.06,2.57,2.12
8553.75,4.57,4.43,6.29,0.644,2.39,2.26
8554.0,6.35,5.49,6.68,0.673,2.75,2.44
8554.25,4.87,4.95,5.87,0.874,2.6,1.95
8554.5,4.27,4.66,5.09,1.07,2.27,1.53
8554.75,3.59,4.04,4.61,0.878,1.8,1.3
8555.0,4.7,4.98,6.22,0.853,2.76,2.36
8555.25,5.22,5.25,7.24,0.598,2.5,2.53
8555.5,3.18,4.48,5.75,1.06,2.71,2.1
8555.75,2.73,4.15,5.19,1.19,2.58,2.09
8556.0,3.07,4.27,5.62,1.1,2.56,2.26
8556.25,3.37,4.49,5.76,0.893,2.34,2.02
8556.5,3.89,4.58,7.36,0.762,2.62,3.03
8556.75,3.05,4.51,4.99,1.33,2.81,2.29
8557.0,2.44,3.69,4.1,0.658,2.03,1.55
8557.25,3.05,4.51,5.16,1.25,2.47,2.16
8557.5,3.36,4.64,5.29,0.805,2.12,1.87
8557.75,4.04,4.79,6.98,0.799,2.5,2.79
8558.0,2.74,4.44,4.82,1.1,2.45,1.81
8558.25,2.8,4.44,4.57,1.03,2.44,1.58
8558.5,2.64,4.06,4.68,0.869,2.16,1.85
8558.75,4.04,5.11,7.05,1.1,3.08,3.15
8559.0,4.02,4.72,6.42,0.659,2.65,2.7
8559.25,2.44,4.14,4.69,0.946,2.21,1.84
8559.5,2.99,4.52,5.13,1.31,2.35,2.02
8559.75,2.87,4.34,5.83,1.11,2.45,2.26
8560.0,4.34,5.27,6.65,1.02,3.02,2.89
8560.25,3.83,4.84,6.1,1.05,2.93,2.65
8560.5,2.27,3.66,5.41,1.01,2.36,2.03
8560.75,2.96,4.19,5.27,1.46,2.82,2.28
8561.0,2.43,3.44,4.46,0.947,2.19,1.74
8561.25,4.46,5.09,6.73,0.928,3.1,2.82
8561.5,2.56,3.74,5.47,0.896,2.47,2.16
8561.75,2.73,4.18,4.75,1.26,2.64,1.82
8562.0,2.8,4.1,5.02,1.33,2.54,1.99
8562.25,3.26,3.94,5.34,0.87,2.42,2.2
8562.5,4.08,4.65,7.38,0.909,3.02,3.23
8562.75,2.6,3.95,4.69,1.19,2.46,1.79
8563.0,2.3,3.84,4.2,0.972,2.34,1.54
8563.25,2.9,4.46,5.27,1.4,2.78,2.19
8563.5,4.12,4.64,6.41,0.909,2.75,2.8
8563.75,3.58,5.16,6.35,0.959,2.68,2.08
8564.0,2.89,4.5,5.21,1.21,2.5,1.76
8564.25,2.96,4.5,4.77,1.21,2.43,1.33
8564.5,3.71,4.53,5.6,0.78,2.41,1.92
8564.75,2.91,4.2,5.16,1.01,2.14,1.86
8565.0,2.72,4.43,4.81,1.09,2.41,1.6
8565.25,2.76,4.38,5.87,1.1,2.39,2.05
8565.5,3.2,4.55,5.35,0.871,2.57,1.97
8565.75,3.87,4.39,5.87,0.462,2.41,2.23
8566.0,2.58,3.84,4.62,0.905,2.41,1.88
8566.25,2.67,4.19,4.69,1.47,2.85,2.05
8566.5,2.92,3.74,5.58,0.866,2.52,2.29
8566.75,4.24,4.78,6.5,1.06,2.83,2.84
8567.0,2.77,3.6,4.54,0.752,2.34,1.78
8567.25,2.0,3.31,3.7,0.842,2.18,1.29
8567.5,3.41,4.47,5.65,1.05,3.22,2.7
8567.75,2.92,3.98,4.84,0.711,2.56,2.03
8568.0,3.79,4.45,6.74,0.689,2.58,2.73
8568.25,2.36,3.67,4.39,0.97,2.15,1.73
8568.5,3.15,3.89,5.05,1.09,2.25,2.1
8568.75,2.91,3.94,4.85,0.902,2.45,1.95
8569.0,4.06,4.95,6.01,0.857,2.7,2.21
8569.25,2.71,4.11,4.55,0.862,2.68,1.67
8569.5,2.54,4.28,4.47,1.06,2.21,1.38
8569.75,2.59,3.62,5.37,0.782,2.06,2.12
8570.0,3.49,4.37,5.75,1.02,2.75,2.62
8570.25,3.9,4.63,5.93,0.669,2.65,2.37
8570.5,2.59,3.83,4.6,1.07,2.41,1.96
8570.75,2.54,3.88,4.51,1.1,2.5,1.88
8571.0,3.07,3.87,4.89,0.836,2.39,2.0
8571.25,4.53,5.26,6.67,1.09,3.1,2.85
8571.5,2.82,3.9,5.65,0.911,2.63,2.35
8571.75,2.6,3.59,4.27,0.826,2.29,1.56
8572.0,2.91,3.94,5.03,1.06,2.67,2.34
8572.25,3.27,4.18,5.28,0.957,2.47,2.21
8572.5,3.51,4.11,5.31,0.773,2.71,2.63
8572.75,2.84,3.97,4.9,0.962,2.8,2.31
8573.0,2.78,3.79,4.67,1.07,2.59,2.13
8573.25,2.98,3.65,4.74,0.776,2.31,2.05
8573.5,4.19,4.5,6.17,0.926,2.46,2.52
8573.75,2.69,3.62,4.47,0.674,2.31,1.74
8574.0,2.66,3.91,4.64,0.939,2.63,1.94
8574.25,3.17,3.65,5.15,0.516,2.35,2.27
8574.5,3.28,4.11,5.79,0.71,2.37,2.25
8574.75,4.35,4.47,5.84,0.589,2.23,2.8
8575.0,2.83,4.48,4.44,1.06,2.32,2.08
8575.25,3.53,5.04,5.19,1.06,2.86,2.3
8575.5,2.91,4.04,4.9,0.666,1.97,1.79
8575.75,4.14,5.18,6.27,0.77,2.58,2.49
8576.0,3.28,4.67,6.54,0.911,2.42,2.39
8576.25,2.67,4.52,5.66,1.16,2.37,1.98
8576.5,3.07,4.29,5.54,0.694,2.3,1.92
8576.75,3.79,4.86,6.49,1.02,2.79,2.56
8577.0,4.06,4.9,7.58,0.688,2.66,2.94
8577.25,2.6,4.47,5.14,1.14,2.45,1.78
8577.5,2.83,4.74,5.37,1.33,2.64,1.89
8577.75,3.44,5.14,6.11,1.28,3.03,2.38
8578.0,4.29,5.06,7.8,0.836,2.35,2.81
8578.25,2.75,4.31,5.37,0.909,2.03,1.62
8578.5,2.83,4.58,5.61,1.22,2.29,1.93
8578.75,2.95,5.05,6.91,1.23,2.76,2.35
8579.0,2.85,4.99,5.85,1.1,2.79,1.9
8579.25,4.23,5.19,7.18,0.749,2.83,2.71
8579.5,2.94,4.93,6.97,1.2,2.61,2.28
8579.75,3.76,5.38,6.82,1.67,2.75,2.35
8580.0,3.31,4.86,7.12,1.47,2.7,2.44
8580.25,2.94,4.5,5.53,1.29,2.56,1.95
8580.5,3.24,4.95,5.92,1.39,2.9,2.16
8580.75,3.1,4.69,7.18,1.13,2.79,2.18
8581.0,3.12,4.46,6.19,1.14,2.73,1.9
8581.25,3.07,4.31,5.96,1.14,2.45,1.65
8581.5,3.03,4.52,6.38,1.14,2.47,2.0
8581.75,2.86,3.94,5.26,1.11,2.27,1.81
8582.0,2.72,3.94,4.83,1.21,2.56,1.59
8582.25,2.9,4.12,6.06,1.22,2.64,2.01
8582.5,2.88,4.27,5.46,1.19,2.76,1.79
8582.75,2.83,4.38,5.2,1.1,2.97,1.72
8583.0,2.88,4.06,5.67,1.12,2.51,1.94
8583.25,2.91,4.06,6.14,1.1,2.41,2.0
8583.5,2.92,4.02,5.24,1.1,2.29,1.71
8583.75,2.52,3.75,5.7,1.0,2.45,1.99
8584.0,2.9,4.26,5.52,1.49,3.34,2.17
8584.25,2.91,3.66,5.24,1.07,2.74,2.04
8584.5,3.05,4.19,6.52,1.5,3.11,2.63
8584.75,2.59,3.64,5.04,1.21,2.61,1.69
8585.0,2.82,4.01,5.51,1.32,2.87,2.1
8585.25,2.69,3.65,6.06,0.93,2.65,2.28
8585.5,3.65,4.63,6.13,1.28,3.19,2.43
8585.75,2.55,3.96,5.21,1.11,2.72,1.72
8586.0,2.83,4.08,6.63,1.28,2.7,2.21
8586.25,2.81,4.17,5.5,1.24,2.76,1.9
8586.5,3.28,4.72,5.72,1.42,2.98,1.89
8586.75,3.03,4.39,6.71,1.26,2.63,1.97
8587.0,2.93,4.35,5.54,1.2,2.64,1.7
8587.25,2.85,4.31,5.56,1.12,2.64,1.6
8587.5,2.85,4.49,6.46,1.15,2.85,1.94
8587.75,2.87,4.37,5.53,1.22,2.69,1.71
8588.0,2.82,4.35,5.18,1.15,2.56,1.58
8588.25,2.81,4.2,5.21,1.16,2.42,1.62
8588.5,2.85,4.29,6.31,1.21,2.53,2.03
8588.75,2.92,4.53,5.23,1.29,2.89,1.7
8589.0,2.99,4.53,5.43,1.32,2.89,1.88
8589.25,2.91,4.35,6.08,1.28,2.73,1.99
8589.5,2.88,4.26,5.23,1.24,2.54,1.71
8589.75,2.85,4.15,5.19,1.2,2.42,1.78
8590.0,2.81,4.26,5.86,1.17,2.58,1.92
8590.25,2.85,4.36,5.59,1.17,2.66,1.86
8590.5,2.83,4.54,5.26,1.17,2.94,1.69
8590.75,2.84,4.29,5.13,1.21,2.7,1.68
8591.0,2.96,4.15,6.24,1.3,2.47,2.15
8591.25,2.98,4.36,5.16,1.3,2.67,1.73
8591.5,2.95,4.18,5.2,1.32,2.49,1.88
8591.75,2.89,4.44,5.63,1.2,2.72,1.98
8592.0,2.85,4.26,5.63,1.2,2.53,1.97
8592.25,3.58,4.41,6.03,0.726,2.81,2.29
8592.5,2.74,4.05,4.96,1.16,2.96,1.87
8592.75,2.0,3.35,4.92,1.01,2.52,1.65
8593.0,2.55,3.82,4.57,1.38,2.79,1.82
8593.25,2.86,3.61,4.91,1.19,2.58,2.07
8593.5,4.0,4.47,6.1,0.831,2.63,2.59
8593.75,2.56,3.67,5.23,1.19,2.64,2.17
8594.0,2.43,3.84,4.56,1.01,3.0,1.9
8594.25,2.91,4.01,5.31,1.06,3.07,2.31
8594.5,3.21,3.89,5.32,0.847,2.65,2.18
8594.75,3.23,3.64,5.26,0.7,2.63,2.26
8595.0,2.48,3.77,5.31,1.28,2.72,2.01
8595.25,2.62,3.52,4.37,0.825,2.47,1.56
8595.5,3.04,4.34,5.28,1.4,3.0,2.16
8595.75,3.71,4.0,5.6,0.676,2.39,2.13
8596.0,2.63,3.55,4.63,0.868,2.6,1.94
8596.25,1.97,3.2,3.92,0.956,2.25,1.76
8596.5,2.57,3.87,4.75,1.09,2.81,1.88
8596.75,3.08,3.73,5.18,0.606,2.45,2.15
8597.0,4.01,4.58,6.84,0.888,2.6,2.45
8597.25,2.28,3.62,4.15,1.07,2.54,1.49
8597.5,2.16,3.09,4.04,0.768,2.12,1.52
8597.75,2.93,4.04,4.97,1.2,3.01,2.16
8598.0,3.76,4.0,5.71,0.681,2.48,2.28
8598.25,2.85,3.46,4.89,0.64,2.43,2.08
8598.5,2.51,3.73,4.55,1.22,2.7,1.87
8598.75,2.62,3.16,4.42,0.643,2.39,1.73
8599.0,3.39,3.96,5.93,1.01,3.14,2.73
8599.25,3.3,3.53,5.62,0.436,2.43,2.55
8599.5,2.5,2.95,4.43,0.659,2.27,2.37
8599.75,2.83,3.24,4.54,0.82,2.55,2.4
8600.0,2.63,3.22,4.3,0.669,2.6,2.25
8600.25,3.89,4.47,5.98,0.729,2.93,2.29
8600.5,2.9,3.31,4.74,0.479,2.39,1.86
8600.75,2.09,2.99,4.04,0.686,2.11,1.58
8601.0,2.84,3.41,4.83,0.743,2.55,2.19
8601.25,2.8,3.13,4.7,0.543,2.37,2.4
8601.5,3.52,3.94,5.48,0.425,2.6,2.53
8601.75,2.26,2.91,3.83,0.663,2.05,1.71
8602.0,2.58,3.31,4.26,0.914,2.38,1.81
8602.25,3.19,3.49,5.2,0.646,2.59,2.43
8602.5,3.18,3.71,5.02,0.451,2.38,2.1
8602.75,3.29,3.49,5.26,0.365,2.6,2.57
8603.0,2.6,3.16,4.52,0.652,2.27,2.2
8603.25,3.0,3.12,4.91,0.395,2.2,2.39
8603.5,2.25,2.87,4.16,0.345,1.93,1.48
8603.75,4.01,4.4,5.74,0.657,2.47,2.06
8604.0,2.52,3.34,4.36,0.946,2.82,2.23
8604.25,3.22,3.26,5.3,0.72,2.68,2.7
8604.5,2.79,3.05,4.68,0.576,2.42,2.08
8604.75,3.77,4.04,5.89,0.781,2.83,2.62
8605.0,3.45,3.78,5.63,0.568,2.57,2.45
8605.25,2.46,2.85,4.18,0.381,2.23,1.71
8605.5,2.37,3.18,4.2,0.553,1.99,1.45
8605.75,2.61,3.23,4.55,0.5,2.14,1.59
8606.0,3.83,4.34,5.79,0.722,2.74,2.2
8606.25,3.23,3.62,5.23,0.482,2.74,2.27
8606.5,2.63,3.2,4.5,0.665,2.26,1.77
8606.75,2.63,3.14,4.39,0.525,2.19,1.98
8607.0,2.81,3.27,4.82,0.602,2.0,2.18
8607.25,3.77,4.69,5.65,0.817,2.47,1.87
8607.5,2.3,3.34,4.31,0.727,2.51,1.43
8607.75,2.74,3.44,4.91,0.541,2.51,2.0
8608.0,2.72,3.68,5.47,0.897,2.75,2.15
8608.25,3.97,4.23,6.2,0.873,2.54,2.43
8608.5,3.56,3.6,5.7,0.73,2.52,2.46
8608.75,2.55,3.2,4.26,0.766,2.43,2.07
8609.0,2.75,3.24,4.59,0.7,2.44,2.28
8609.25,2.85,3.28,4.77,0.548,2.5,1.78
8609.5,3.77,4.17,5.81,0.552,2.69,2.17
8609.75,2.93,3.63,5.18,0.895,2.9,2.44
8610.0,2.91,3.48,4.94,0.716,2.78,2.13
8610.25,3.02,3.25,5.02,0.919,2.46,2.31
8610.5,3.49,3.74,5.49,0.69,2.48,2.32
8610.75,3.34,3.25,4.94,0.477,2.48,2.41
8611.0,2.41,3.4,4.23,0.789,2.42,1.81
8611.25,2.91,3.88,4.92,0.672,2.87,2.29
8611.5,3.08,3.39,5.02,0.414,2.34,2.15
8611.75,3.07,3.67,5.14,0.523,2.27,1.98
8612.0,3.65,4.08,5.72,0.636,2.3,2.13
8612.25,2.16,3.3,3.86,0.989,2.27,1.57
8612.5,3.37,3.92,5.2,0.817,2.89,2.36
8612.75,2.83,3.26,4.5,0.532,2.26,2.01
8613.0,3.34,4.05,5.35,0.662,2.52,2.3
8613.25,3.46,3.81,5.51,0.435,2.46,2.55
8613.5,2.39,3.38,4.23,0.758,2.35,1.95
8613.75,3.07,3.82,4.97,0.693,2.75,2.2
8614.0,2.81,3.29,4.61,0.518,2.21,2.01
8614.25,3.67,4.16,5.57,0.628,2.46,2.37
8614.5,3.54,3.72,5.5,0.649,2.7,2.54
8614.75,2.95,3.53,4.9,0.912,2.71,2.14
8615.0,2.56,3.0,4.26,0.387,2.26,1.74
8615.25,3.13,3.52,5.0,0.814,2.62,2.33
8615.5,3.53,3.95,5.41,0.604,2.49,2.38
8615.75,3.25,3.37,5.06,0.386,2.43,2.52
8616.0,2.66,3.46,4.47,0.541,2.51,2.08
8616.25,3.01,3.79,5.0,0.682,2.74,2.45
8616.5,2.99,3.41,4.65,0.709,2.34,2.14
8616.75,3.62,3.78,5.24,0.612,2.03,2.0
8617.0,3.59,3.96,5.46,0.732,2.41,2.43
8617.25,2.33,3.23,4.07,0.612,2.21,1.78
8617.5,3.31,4.01,5.3,0.473,2.72,2.63
8617.75,2.99,3.59,4.87,0.681,2.51,2.37
8618.0,3.81,4.44,5.63,0.577,2.62,2.12
8618.25,3.38,3.5,5.31,0.387,2.41,2.53
8618.5,2.81,3.25,4.45,0.59,2.24,2.06
8618.75,2.96,3.27,4.71,0.504,2.29,2.27
8619.0,3.1,3.23,4.9,0.559,2.19,2.41
8619.25,3.76,4.4,5.73,0.823,2.85,2.58
8619.5,3.4,3.91,5.21,0.528,2.88,2.39
8619.75,2.49,3.23,4.21,0.644,2.56,2.04
8620.0,3.02,3.06,4.83,0.364,2.28,2.5
8620.25,3.07,3.36,5.03,0.718,2.52,2.65
8620.5,3.58,3.79,5.24,0.564,1.99,2.1
8620.75,3.28,3.39,4.92,0.501,2.55,2.32
8621.0,2.71,3.5,4.56,0.949,2.81,2.36
8621.25,3.38,3.58,5.11,0.44,2.68,2.57
8621.5,2.84,3.23,4.56,0.282,2.34,2.11
8621.75,3.81,4.14,5.83,0.616,2.19,2.48
8622.0,3.13,3.25,4.69,0.359,2.23,2.07
8622.25,2.35,3.03,4.05,0.536,2.14,1.85
8622.5,3.41,3.42,5.32,0.516,2.46,2.67
8622.75,3.43,3.76,4.98,0.706,2.76,2.45
8623.0,4.59,5.0,6.26,0.856,2.55,2.53
8623.25,3.2,3.76,5.17,0.459,2.44,2.08
8623.5,2.74,3.55,4.58,0.512,2.21,1.56
8623.75,3.02,3.45,5.03,0.405,1.98,2.04
8624.0,3.11,3.81,5.16,0.703,2.25,2.41
8624.25,4.1,5.01,6.5,0.799,2.73,2.71
8624.5,3.5,4.29,5.89,0.558,2.54,2.61
8624.75,2.49,3.91,4.93,0.885,2.56,2.0
8625.0,3.24,3.74,5.58,0.503,2.25,2.01
8625.25,3.32,4.21,5.83,1.13,2.67,2.31
8625.5,4.36,4.9,6.83,0.953,2.53,2.61
8625.75,3.35,3.87,5.86,0.613,2.33,2.36
8626.0,2.56,3.97,4.92,0.991,2.67,1.73
8626.25,3.42,4.01,6.14,0.863,2.61,2.46
8626.5,3.07,3.86,5.53,0.898,2.32,1.93
8626.75,4.11,4.46,7.79,0.733,2.32,2.87
8627.0,3.47,4.21,5.94,0.829,2.54,1.92
8627.25,2.75,4.06,5.24,1.21,2.64,1.68
8627.5,3.34,4.28,6.1,1.12,2.71,2.35
8627.75,3.18,3.98,5.72,0.832,2.48,1.95
8628.0,4.14,4.63,7.23,0.798,2.71,2.73
8628.25,3.85,4.14,7.36,0.732,2.48,2.88
8628.5,2.79,4.2,4.95,1.22,2.69,1.94
8628.75,3.22,4.33,5.56,1.16,2.68,2.36
8629.0,2.78,4.03,4.9,0.997,2.4,1.79
8629.25,6.16,6.15,7.5,1.16,3.46,2.94
8629.5,4.47,5.23,5.55,0.919,2.69,2.09
8629.75,3.57,4.78,5.47,1.05,2.47,2.11
8630.0,3.16,5.09,5.51,1.31,2.85,2.38
8630.25,2.83,4.55,5.11,1.09,2.53,2.11
8630.5,4.53,5.32,6.97,1.19,2.82,3.14
8630.75,3.5,4.96,6.68,0.791,2.98,2.73
8631.0,2.56,3.95,4.87,0.974,2.58,1.8
8631.25,3.0,4.23,5.55,1.21,2.7,1.98
8631.5,3.18,4.24,5.29,1.4,2.54,2.01
8631.75,4.47,4.73,7.86,0.961,2.34,2.91
8632.0,3.19,4.04,5.26,1.01,2.44,1.61
8632.25,3.02,4.11,5.14,1.14,2.55,1.46
8632.5,2.93,4.16,5.33,1.07,2.67,1.72
8632.75,2.89,4.05,5.31,1.06,2.58,1.66
8633.0,3.27,4.01,6.28,0.906,2.41,2.06
8633.25,3.09,3.93,5.93,0.984,2.4,2.0
8633.5,2.92,3.99,5.1,1.15,2.51,1.64
8633.75,2.94,3.8,5.28,1.2,2.28,1.81
8634.0,2.96,4.16,5.22,1.22,2.7,1.76
8634.25,2.89,3.95,5.19,1.19,2.53,1.7
8634.5,2.79,4.1,5.33,1.12,2.76,1.72
8634.75,2.78,4.01,6.14,1.11,2.64,2.15
8635.0,2.77,3.86,5.04,1.11,2.44,1.69
8635.25,2.99,3.88,5.22,0.976,2.4,1.69
8635.5,3.11,3.89,5.24,0.934,2.3,1.58
8635.75,2.84,4.19,5.11,1.22,2.77,1.65
8636.0,2.81,4.07,5.05,1.23,2.63,1.62
8636.25,2.8,3.92,5.02,1.22,2.42,1.64
8636.5,2.96,3.92,5.29,0.983,2.4,1.9
8636.75,3.05,3.9,6.2,0.958,2.35,2.3
8637.0,2.71,4.04,4.99,1.13,2.57,1.71
8637.25,2.71,4.16,5.0,1.12,2.73,1.63
8637.5,3.02,3.87,5.1,0.938,2.41,1.87
8637.75,3.36,3.99,5.4,0.847,2.55,1.93
8638.0,2.84,3.85,4.67,1.31,2.35,1.36
8638.25,2.79,3.99,4.82,1.26,2.55,1.65
8638.5,2.7,4.01,4.95,1.17,2.61,1.79
8638.75,3.83,3.98,6.04,0.471,2.51,2.34
8639.0,3.24,3.72,6.09,0.599,2.58,2.44
8639.25,2.49,3.58,4.86,1.37,2.81,2.17
8639.5,2.55,3.32,4.56,0.864,2.6,1.86
8639.75,3.46,3.85,5.74,1.03,2.91,2.63
8640.0,4.12,3.98,6.15,0.961,2.57,2.64
8640.25,2.71,3.46,4.6,1.18,2.64,1.96
8640.5,2.67,3.28,4.42,0.757,2.68,1.73
8640.75,3.19,3.96,5.28,1.16,3.31,2.33
8641.0,3.95,4.33,6.79,0.874,2.87,2.78
8641.25,3.24,3.26,5.5,0.747,2.29,2.45
8641.5,2.37,3.49,4.44,0.997,2.38,1.67
8641.75,3.4,3.65,5.65,1.1,2.57,2.53
8642.0,3.21,4.17,5.92,1.06,3.0,2.44
8642.25,4.47,4.94,7.04,0.906,3.16,2.73
8642.5,2.95,3.67,5.07,1.07,2.57,1.98
8642.75,2.92,3.56,4.96,0.902,2.36,1.97
8643.0,3.28,3.45,5.31,0.658,2.2,1.85
8643.25,3.47,4.23,6.61,0.904,2.72,2.38
8643.5,3.89,4.21,5.94,0.671,2.52,2.22
8643.75,2.45,3.51,4.47,1.08,2.38,1.68
8644.0,3.49,3.97,5.74,0.905,2.83,2.49
8644.25,3.09,3.59,4.97,0.903,2.51,1.97
8644.5,4.39,4.56,6.47,0.887,2.81,2.58
8644.75,3.02,3.48,5.01,0.81,2.37,2.02
8645.0,2.99,3.51,4.87,0.976,2.24,1.89
8645.25,3.24,3.72,6.02,0.844,2.78,2.81
8645.5,3.19,3.45,5.1,0.643,2.61,2.5
8645.75,3.85,3.85,6.01,0.719,2.96,2.67
8646.0,2.79,3.41,4.84,1.04,2.75,2.25
8646.25,3.22,3.21,5.2,0.819,2.5,2.41
8646.5,2.78,3.04,4.57,0.804,2.43,2.03
8646.75,4.02,4.03,6.23,1.01,2.8,2.8
8647.0,3.62,3.74,5.9,0.644,2.86,2.31
8647.25,2.5,3.57,5.15,1.14,2.72,1.95
8647.5,2.74,3.14,4.96,0.731,2.19,1.94
8647.75,2.99,3.5,5.23,1.06,2.47,2.18
8648.0,4.45,4.56,6.89,0.906,2.98,2.9
8648.25,2.98,3.65,5.21,0.929,2.63,2.08
8648.5,2.8,3.83,5.99,1.22,2.85,2.34
8648.75,2.65,3.59,4.77,1.09,2.48,1.72
8649.0,4.39,4.57,6.74,1.13,2.82,2.62
8649.25,3.8,4.08,7.25,0.729,2.44,2.66
8649.5,3.15,4.07,5.58,1.11,2.44,1.94
8649.75,3.26,4.23,5.63,1.18,2.53,1.57
8650.0,3.26,4.23,8.12,1.13,2.48,2.5
8650.25,3.21,4.39,5.79,1.12,2.71,1.93
8650.5,3.24,4.36,6.7,1.13,2.71,2.09
8650.75,3.4,4.29,8.91,1.24,2.56,2.77
8651.0,3.37,4.29,6.15,1.23,2.46,1.85
8651.25,3.3,4.13,5.81,1.19,2.35,1.71
8651.5,3.33,4.34,8.58,1.15,2.44,2.68
8651.75,3.38,4.46,9.52,1.21,2.6,2.88
8652.0,3.28,4.67,7.48,1.16,2.91,2.12
8652.25,3.05,4.26,6.05,1.11,2.63,1.78
8652.5,2.51,3.43,5.28,1.05,2.28,1.61
8652.75,2.85,3.23,5.11,1.07,2.52,2.11
8653.0,2.33,3.12,4.58,1.21,2.42,1.87
8653.25,2.38,3.33,4.48,1.32,2.73,1.88
8653.5,2.17,3.3,4.8,1.13,2.52,1.42
8653.75,3.37,3.67,6.26,0.915,2.87,2.43
8654.0,3.33,3.73,6.68,0.851,2.92,2.64
8654.25,2.56,3.58,5.73,1.38,3.02,2.32
8654.5,2.11,3.01,4.8,0.954,2.32,1.57
8654.75,2.81,3.96,5.74,1.33,2.91,2.06
8655.0,4.08,3.98,7.73,0.747,2.45,2.77
8655.25,2.87,3.51,5.48,1.07,2.54,1.85
8655.5,2.41,3.43,4.93,1.2,2.56,1.44
8655.75,2.52,3.65,5.4,1.35,2.95,1.99
8656.0,3.1,3.77,5.78,0.758,2.5,1.93
8656.25,3.46,3.62,6.4,0.874,2.49,2.48
8656.5,2.41,3.53,5.18,1.2,2.71,1.78
8656.75,2.36,3.43,5.15,1.16,2.64,1.8
8657.0,2.55,3.14,5.1,0.873,2.38,1.59
8657.25,4.58,4.83,7.52,1.12,3.31,2.63
8657.5,2.74,3.22,6.07,1.19,2.32,2.19
8657.75,2.03,2.81,4.56,0.829,2.16,1.45
8658.0,3.14,3.81,6.03,1.17,3.06,2.42
8658.25,2.89,3.53,5.64,0.833,2.56,1.99
8658.5,3.74,3.87,6.58,0.886,2.98,2.63
8658.75,2.39,3.26,5.92,1.19,2.47,2.14
8659.0,2.33,3.25,5.01,1.12,2.55,1.58
8659.25,2.92,3.48,5.45,0.981,2.65,1.78
8659.5,4.02,4.28,6.9,0.971,2.66,2.42
8659.75,3.02,3.81,5.82,0.93,2.65,1.99
8660.0,2.82,3.88,5.71,1.19,2.8,1.97
8660.25,2.23,3.06,4.98,0.83,2.08,1.58
8660.5,3.02,3.86,5.86,1.01,2.81,2.04
8660.75,4.35,4.97,7.1,0.957,2.88,1.99
8661.0,2.47,3.73,5.43,1.19,2.65,1.8
8661.25,2.34,3.06,4.89,0.975,2.03,1.5
8661.5,3.41,3.91,6.55,1.15,2.78,2.52
8661.75,3.87,4.28,7.25,0.768,2.76,2.52
8662.0,3.15,3.75,5.87,0.822,2.88,2.1
8662.25,1.97,3.0,4.43,0.735,2.22,1.05
8662.5,3.21,3.78,6.25,1.2,2.94,2.5
8662.75,3.15,3.52,5.84,0.758,2.46,2.05
8663.0,3.67,3.9,6.6,0.725,2.75,2.54
8663.25,2.78,3.58,5.22,1.23,2.88,2.12
8663.5,2.64,3.19,4.62,0.967,2.56,1.59
8663.75,2.94,3.58,5.55,1.12,2.93,2.24
8664.0,3.86,4.08,6.72,0.897,2.73,2.44
8664.25,3.49,3.9,6.39,0.792,2.81,2.44
8664.5,2.0,3.09,4.32,0.944,2.28,1.51
8664.75,2.99,3.51,5.18,0.764,2.6,1.77
8665.0,3.43,3.64,5.9,0.772,2.58,2.4
8665.25,3.92,3.96,6.29,0.721,2.41,2.38
8665.5,3.08,3.94,5.21,0.865,2.76,2.07
8665.75,2.87,3.24,5.63,0.684,2.45,1.96
8666.0,3.22,3.69,5.77,0.948,2.69,1.91
8666.25,3.92,4.29,6.53,0.935,2.77,2.33
8666.5,3.37,3.56,5.83,0.592,2.34,2.26
8666.75,2.5,3.26,4.77,0.907,2.39,1.8
8667.0,3.04,3.28,5.28,0.421,2.45,2.18
8667.25,3.0,3.34,5.05,0.946,2.62,2.07
8667.5,4.27,4.65,6.52,0.962,3.18,2.59
8667.75,2.71,3.22,4.86,0.964,2.58,2.14
8668.0,2.7,3.03,4.82,0.735,2.44,1.96
8668.25,3.24,3.5,5.51,1.06,2.88,2.39
8668.5,3.39,3.57,5.54,0.628,2.35,2.0
8668.75,3.4,3.29,5.59,0.461,2.52,2.37
8669.0,2.53,2.95,4.61,0.693,2.12,1.81
8669.25,3.27,3.57,5.52,0.735,2.77,2.46
8669.5,3.02,3.56,5.07,0.752,2.75,1.95
8669.75,4.13,4.33,6.41,0.767,2.81,2.43
8670.0,3.25,2.95,5.51,0.553,2.13,2.3
8670.25,2.82,3.04,4.9,0.86,2.22,1.91
8670.5,2.92,3.18,5.04,0.536,2.53,2.11
8670.75,3.25,3.46,5.39,0.585,2.61,1.93
8671.0,3.87,3.66,6.29,0.651,2.69,2.56
8671.25,3.01,3.44,5.51,0.895,2.61,2.28
8671.5,2.95,3.37,5.34,0.89,2.55,2.09
8671.75,2.93,3.2,5.58,0.529,2.36,2.13
8672.0,3.74,3.81,6.69,0.759,2.61,2.56
8672.25,3.58,3.43,5.65,0.742,2.58,2.12
8672.5,3.28,3.52,5.68,1.09,2.83,2.4
8672.75,2.37,3.05,4.75,0.947,2.3,1.83
8673.0,3.54,3.75,6.09,1.0,2.87,2.66
8673.25,3.83,3.76,7.27,0.637,2.67,2.9
8673.5,2.98,3.53,5.4,0.936,2.67,2.08
8673.75,3.11,3.86,5.66,1.13,2.79,2.19
8674.0,2.76,3.36,5.37,0.901,2.27,1.63
8674.25,3.98,4.16,7.74,0.998,2.79,2.64
8674.5,3.94,4.19,6.72,0.888,2.84,2.42
8674.75,2.85,3.54,5.71,1.19,2.32,1.9
8675.0,3.03,3.51,6.91,0.864,2.27,2.25
8675.25,3.08,3.62,5.95,1.05,2.38,2.05
8675.5,4.56,4.84,7.71,0.991,3.24,2.95
8675.75,3.54,4.02,6.45,0.879,2.89,2.35
8676.0,2.52,3.49,6.54,0.994,2.48,2.15
8676.25,2.9,3.8,5.69,1.22,2.71,1.66
8676.5,3.52,3.99,7.9,1.24,2.57,2.61
8676.75,3.7,3.94,6.66,0.898,2.32,2.19
8677.0,3.2,4.26,6.08,1.19,2.69,1.73
8677.25,3.15,4.14,7.32,1.1,2.56,2.23
8677.5,3.2,4.69,6.29,1.12,2.8,1.89
8677.75,3.06,4.09,6.74,1.11,2.39,1.94
8678.0,3.02,4.16,6.08,1.11,2.45,1.7
8678.25,3.0,4.17,6.04,1.1,2.53,1.81
8678.5,3.09,4.05,5.89,1.2,2.4,1.66
8678.75,3.06,4.01,6.92,1.21,2.39,2.01
8679.0,3.12,4.16,5.99,1.23,2.55,1.72
8679.25,2.98,4.27,5.83,1.11,2.78,1.57
8679.5,3.03,4.36,7.04,1.12,2.92,1.91
8679.75,3.1,4.2,6.06,1.12,2.57,1.68
8680.0,3.07,4.01,6.13,1.12,2.29,1.76
8680.25,3.02,3.95,7.1,1.11,2.25,2.13
8680.5,3.04,4.02,5.81,1.16,2.4,1.6
8680.75,3.08,4.22,5.96,1.25,2.69,1.76
8681.0,2.8,3.99,6.67,1.15,2.66,2.09
8681.25,2.83,3.86,5.58,0.991,2.52,1.59
8681.5,3.16,3.73,6.14,0.764,2.37,2.01
8681.75,2.5,3.6,5.17,1.17,2.61,1.55
8682.0,1.99,2.91,4.49,0.96,2.24,1.28
8682.25,2.52,3.71,6.22,1.36,2.97,2.45
8682.5,3.64,3.87,6.54,0.626,2.7,2.37
8682.75,2.54,3.25,5.15,1.3,2.63,1.94
8683.0,2.26,3.29,4.94,1.33,2.79,1.91
8683.25,2.8,3.31,5.37,0.948,2.73,2.06
8683.5,3.69,4.08,6.41,0.725,2.86,2.17
8683.75,3.27,3.15,5.97,0.491,2.25,2.29
8684.0,2.2,3.02,4.86,0.882,2.12,1.62
8684.25,2.54,3.07,5.1,0.499,2.29,1.69
8684.5,2.62,3.54,5.32,1.02,2.76,1.92
8684.75,4.25,4.57,6.96,0.913,2.92,2.29
8685.0,2.62,3.19,5.04,0.888,2.27,1.5
8685.25,2.89,3.33,5.52,0.997,2.26,1.96
8685.5,2.75,3.23,5.43,0.544,2.31,1.86
8685.75,2.99,3.54,5.64,0.658,2.44,1.9
8686.0,3.74,4.02,6.54,0.622,2.73,2.36
8686.25,2.22,3.09,4.69,0.785,2.16,1.19
8686.5,2.83,3.01,5.38,0.494,2.02,1.75
8686.75,2.73,3.04,5.37,0.775,2.36,2.02
8687.0,3.96,4.11,6.57,0.796,2.62,2.32
8687.25,3.27,3.3,5.71,0.625,2.63,2.15
8687.5,2.17,2.87,4.53,0.685,2.37,1.36
8687.75,3.1,3.24,5.75,0.691,2.64,2.3
8688.0,3.11,3.26,5.72,0.698,2.46,2.19
8688.25,3.99,4.39,6.24,0.762,2.65,2.35
8688.5,2.19,2.59,3.99,0.691,1.96,1.37
8688.75,2.97,3.33,5.14,0.607,2.36,1.87
8689.0,2.96,3.09,5.05,0.548,2.25,2.06
8689.25,3.71,4.02,5.73,0.702,2.62,2.15
8689.5,3.33,3.75,5.48,0.638,2.36,2.23
8689.75,1.86,2.71,3.69,0.524,1.84,0.936
8690.0,3.18,3.13,5.17,0.434,2.27,2.01
8690.25,2.64,3.21,4.82,0.672,2.29,1.89
8690.5,4.07,4.27,6.28,0.783,2.25,2.18
8690.75,2.66,3.28,4.76,0.59,2.61,1.93
8691.0,2.95,3.12,4.86,0.319,2.47,1.81
8691.25,3.11,3.14,5.07,0.582,2.38,2.07
8691.5,3.33,3.29,5.33,0.525,2.16,2.03
8691.75,3.86,3.75,6.19,0.712,2.27,2.44
8692.0,1.93,2.82,3.73,0.688,2.18,1.19
8692.25,3.24,3.23,5.51,0.699,2.64,2.46
8692.5,2.73,2.67,4.55,0.382,2.17,1.92
8692.75,3.83,4.13,5.94,0.673,2.48,2.17
8693.0,2.8,2.97,4.86,0.463,2.41,2.14
8693.25,2.92,3.23,4.77,0.707,2.72,1.97
8693.5,2.88,2.62,4.62,0.424,1.99,1.84
8693.75,3.29,2.96,5.42,0.627,2.16,2.36
8694.0,3.69,3.88,5.79,0.592,2.42,2.19
8694.25,2.53,3.03,4.53,0.626,2.32,1.72
8694.5,3.03,2.93,4.83,0.243,2.26,1.78
8694.75,3.08,3.15,4.59,0.302,2.0,1.61
8695.0,3.98,4.58,6.38,0.815,2.33,2.23
8695.25,2.9,3.62,5.11,0.493,2.07,1.68
8695.5,3.24,3.67,5.5,0.434,2.01,1.9
8695.75,3.01,3.75,5.29,0.551,2.27,1.55
8696.0,2.66,3.72,5.12,0.321,1.9,1.43
8696.25,4.27,5.4,7.13,0.663,2.37,1.93
8696.5,3.79,3.57,5.66,0.413,1.79,1.73
8696.75,3.72,3.72,5.34,0.564,1.86,1.28
8697.0,3.93,4.1,5.59,0.54,2.15,1.46
8697.25,4.59,4.5,6.32,0.716,2.06,1.84
8697.5,4.95,4.97,6.58,0.909,2.32,1.91
8697.75,3.91,3.56,5.26,0.536,1.99,1.69
8698.0,4.55,4.32,6.29,0.892,2.66,2.19
8698.25,4.17,3.84,5.76,0.715,2.19,1.72
8698.5,5.04,4.92,6.88,0.821,2.24,1.95
8698.75,3.95,3.78,5.77,0.755,2.09,1.88
8699.0,4.39,4.46,6.29,1.03,2.73,2.19
8699.25,4.2,4.57,6.5,0.76,2.84,2.37
8699.5,3.24,4.49,5.99,0.471,2.55,1.73
8699.75,3.88,4.92,6.7,0.605,2.61,1.99
8700.0,3.45,4.3,6.49,0.732,2.19,2.17
8700.25,3.09,4.63,6.09,1.03,2.43,1.89
8700.5,3.42,4.41,7.1,0.453,2.34,2.37
8700.75,3.74,5.11,6.34,0.711,2.73,2.18
8701.0,3.29,4.67,5.57,0.567,2.61,1.93
8701.25,2.63,4.59,5.2,1.08,2.54,1.5
8701.5,3.33,4.98,6.41,0.687,2.25,2.0
8701.75,2.8,4.54,6.99,0.851,2.37,2.04
8702.0,4.08,4.95,7.43,0.747,2.73,2.16
8702.25,3.07,4.15,6.38,0.903,2.48,1.9
8702.5,2.82,4.21,6.09,1.2,2.55,1.72
8702.75,3.42,4.65,7.71,1.05,2.93,2.47
8703.0,3.29,4.43,6.66,0.849,2.93,1.92
8703.25,4.4,4.76,7.7,0.876,3.04,2.67
8703.5,3.01,4.14,5.96,1.16,2.6,2.23
8703.75,2.41,3.39,6.14,0.87,2.1,2.06
8704.0,3.24,4.23,6.01,1.23,2.86,2.22
8704.25,3.83,3.88,6.63,0.739,2.86,2.61
8704.5,3.5,3.94,6.13,0.791,2.97,2.29
8704.75,2.72,3.93,6.44,1.26,2.93,2.2
8705.0,2.73,3.86,5.62,1.14,2.58,1.85
8705.25,2.75,3.43,5.32,0.757,2.18,1.47
8705.5,4.51,4.85,7.43,0.845,2.97,2.48
8705.75,2.82,3.8,5.61,0.973,2.59,1.85
8706.0,2.94,4.11,5.78,1.09,2.91,1.92
8706.25,2.79,3.58,6.58,0.927,2.43,2.22
8706.5,3.85,4.24,6.62,0.91,2.89,2.39
8706.75,3.71,4.09,6.42,0.804,2.83,2.28
8707.0,2.62,3.85,5.56,1.16,2.66,1.82
8707.25,2.47,3.71,5.21,1.08,2.53,1.55
8707.5,2.99,3.61,5.64,0.753,2.39,1.65
8707.75,4.16,4.79,7.12,0.779,3.02,2.46
8708.0,2.86,4.03,6.52,1.04,3.0,2.32
8708.25,2.53,3.83,5.41,1.31,2.81,1.86
8708.5,2.94,3.58,5.55,0.964,2.61,1.99
8708.75,3.96,4.35,6.73,1.04,2.9,2.52
8709.0,3.52,3.7,6.31,0.611,2.48,2.35
8709.25,2.39,3.48,4.86,0.763,2.61,1.48
8709.5,3.0,3.96,5.64,0.925,2.9,1.84
8709.75,3.06,4.03,5.96,0.916,2.83,2.06
8710.0,3.89,4.25,6.65,0.606,2.51,2.23
8710.25,2.73,3.22,5.42,0.587,2.03,1.77
8710.5,2.79,3.92,5.37,0.936,2.64,1.63
8710.75,2.97,3.64,5.5,0.697,2.51,1.8
8711.0,3.09,3.88,5.75,0.868,2.68,1.8
8711.25,3.85,4.39,6.49,0.579,2.77,2.03
8711.5,2.59,3.32,5.2,0.718,2.3,1.72
8711.75,3.14,3.62,5.78,0.533,2.59,2.21
8712.0,2.55,3.36,4.87,0.694,2.31,1.78
8712.25,3.64,4.04,5.95,0.547,2.29,2.01
8712.5,3.13,3.57,5.37,0.627,2.48,1.98
8712.75,2.9,3.49,4.84,0.765,2.57,1.65
8713.0,3.33,3.78,5.56,0.811,3.01,2.41
8713.25,3.14,3.74,5.47,0.815,2.94,2.37
8713.5,3.83,4.32,6.08,0.661,2.52,2.28
8713.75,2.67,2.86,4.88,0.451,2.0,1.97
8714.0,2.95,3.47,5.15,0.703,2.62,2.06
8714.25,3.23,3.75,5.32,0.773,3.01,2.19
8714.5,3.82,4.5,6.07,0.789,2.99,2.3
8714.75,3.47,3.68,5.54,0.529,2.81,2.34
8715.0,2.9,3.38,5.1,0.753,2.35,2.06
8715.25,3.01,3.04,5.13,0.41,1.97,1.93
8715.5,2.9,3.55,5.01,0.527,2.42,1.76
8715.75,4.06,4.53,6.14,0.646,2.47,1.89
8716.0,2.07,3.14,4.15,0.648,2.15,1.4
8716.25,3.05,3.42,5.05,0.345,2.5,2.05
8716.5,2.98,3.5,5.05,0.572,2.6,2.08
8716.75,3.78,4.45,6.02,0.671,2.78,2.2
8717.0,3.48,3.36,5.4,0.522,2.43,2.1
8717.25,2.47,2.94,4.39,0.57,1.92,1.48
8717.5,3.1,3.34,5.1,0.449,2.26,1.97
8717.75,2.54,2.94,4.45,0.284,1.96,1.64
8718.0,4.0,4.65,6.2,0.636,2.83,2.24
8718.25,2.65,3.17,4.6,0.461,2.65,1.86
8718.5,2.99,3.27,4.95,0.879,2.66,2.09
8718.75,3.31,2.86,5.07,0.229,2.17,2.14
8719.0,3.21,3.68,5.11,1.06,2.49,1.98
8719.25,3.65,4.22,5.79,0.738,2.65,2.05
8719.5,3.16,3.37,5.24,0.53,2.63,2.13
8719.75,3.39,3.22,4.82,0.68,2.48,1.79
8720.0,4.3,3.87,6.06,0.947,2.64,2.19
8720.25,4.79,4.35,6.61,0.763,2.26,2.11
8720.5,3.49,3.19,5.27,0.63,2.22,1.5
8720.75,3.14,3.35,5.39,0.806,2.0,1.6
8721.0,3.19,3.43,5.24,0.666,1.94,1.34
8721.25,4.05,3.63,5.41,1.05,2.08,1.44
8721.5,6.2,4.46,7.3,0.852,2.48,2.37
8721.75,4.93,3.91,6.91,0.943,2.44,2.16
8722.0,3.91,3.53,5.4,0.814,2.13,1.56
8722.25,3.53,4.18,6.08,1.03,2.23,1.73
8722.5,4.19,4.46,6.89,0.81,2.56,2.11
8722.75,3.93,4.33,7.19,0.851,2.4,2.26
8723.0,3.47,4.33,5.87,1.01,2.43,1.62
8723.25,3.75,4.61,7.29,1.15,2.57,2.11
8723.5,3.99,4.55,6.42,1.26,2.31,1.87
8723.75,3.75,4.44,6.23,1.16,2.32,1.67
8724.0,3.68,4.4,7.33,1.1,2.29,2.05
8724.25,3.63,4.69,6.29,1.05,2.69,1.5
8724.5,3.65,4.53,7.88,1.09,2.56,2.1
8724.75,3.73,4.47,7.19,1.11,2.4,1.91
8725.0,3.68,4.52,6.87,1.05,2.44,1.75
8725.25,3.79,4.49,6.93,1.13,2.42,1.74
8725.5,4.06,4.77,8.28,1.31,2.41,2.35
8725.75,4.04,4.48,6.7,1.3,2.31,1.8
8726.0,3.74,4.75,7.08,1.2,2.63,1.79
8726.25,3.68,4.78,8.29,1.14,2.69,2.3
8726.5,3.77,4.77,6.76,1.29,2.58,1.79
8726.75,3.59,4.9,6.99,1.28,2.77,1.84
8727.0,3.48,4.6,8.34,1.25,2.43,2.36
8727.25,3.51,4.5,6.6,1.26,2.29,1.69
8727.5,3.6,4.64,7.04,1.37,2.49,1.84
8727.75,3.66,4.53,8.54,1.44,2.55,2.59
8728.0,3.55,4.63,6.11,1.4,2.99,1.81
8728.25,3.5,4.48,6.49,1.3,2.74,1.98
8728.5,3.53,4.37,7.59,1.36,2.56,2.28
8728.75,3.44,4.19,6.17,1.28,2.36,1.79
8729.0,3.4,4.19,6.42,1.28,2.32,1.92
8729.25,3.35,4.32,6.8,1.26,2.61,1.97
8729.5,3.46,4.35,6.19,1.32,2.61,1.87
8729.75,3.44,4.24,7.28,1.38,2.52,2.23
8730.0,3.39,4.35,5.99,1.37,2.65,1.72
8730.25,3.34,4.39,6.1,1.33,2.69,1.78
8730.5,3.31,4.33,6.91,1.3,2.67,2.01
8730.75,3.19,4.15,5.68,1.25,2.45,1.72
8731.0,3.15,4.09,5.58,1.24,2.47,1.75
8731.25,3.13,4.03,6.43,1.24,2.38,1.99
8731.5,3.12,4.14,5.38,1.25,2.51,1.71
8731.75,3.19,4.35,5.26,1.34,2.7,1.67
8732.0,3.22,4.27,6.29,1.49,2.73,2.2
8732.25,2.61,3.5,4.6,1.33,2.52,1.76
8732.5,2.7,3.42,4.71,1.36,2.35,1.78
8732.75,2.68,3.71,5.85,1.36,2.72,2.24
8733.0,2.54,3.63,4.59,1.28,2.76,1.77
8733.25,3.45,4.03,5.53,1.18,3.06,2.28
8733.5,2.97,3.66,5.74,1.14,2.65,2.24
8733.75,2.94,3.78,4.9,1.63,2.73,1.85
8734.0,2.27,3.11,3.9,1.16,2.28,1.47
8734.25,3.25,3.94,5.27,1.55,3.04,2.24
8734.5,3.8,3.83,6.49,0.856,2.84,2.82
8734.75,2.71,3.62,4.95,1.36,2.74,2.11
8735.0,2.7,3.68,4.72,1.4,2.66,1.96
8735.25,2.4,3.36,4.15,1.18,2.33,1.52
8735.5,3.8,4.2,5.93,1.13,2.98,2.68
8735.75,3.79,4.24,6.45,1.11,2.65,2.5
8736.0,2.37,3.36,3.77,1.15,2.41,1.12
8736.25,2.62,3.38,4.29,1.37,2.35,1.61
8736.5,3.06,3.79,5.03,1.31,2.76,2.06
8736.75,4.35,4.64,6.37,0.918,2.9,2.59
8737.0,2.64,3.39,4.35,1.12,2.42,1.74
8737.25,2.3,3.18,4.0,1.08,2.19,1.52
8737.5,3.34,3.89,6.23,1.21,2.47,2.88
8737.75,3.8,3.93,5.49,0.866,2.62,2.16
8738.0,3.74,3.77,5.35,0.781,2.91,2.24
8738.25,2.83,3.48,4.43,1.09,2.73,1.9
8738.5,2.73,2.88,4.15,0.891,2.16,1.75
8738.75,3.04,3.5,4.93,1.12,2.78,2.39
8739.0,3.7,3.53,5.37,0.736,2.21,2.22
8739.25,3.03,3.26,4.66,0.771,2.52,2.06
8739.5,2.93,3.53,4.82,1.33,2.82,2.29
8739.75,3.13,3.23,4.62,0.769,2.5,1.85
8740.0,3.26,3.4,4.96,0.77,2.5,2.1
8740.25,3.87,3.58,5.62,0.719,2.45,2.53
8740.5,3.21,3.62,4.86,1.04,2.62,2.01
8740.75,3.13,3.29,4.94,0.913,2.27,2.19
8741.0,3.02,3.06,4.69,0.673,2.19,2.02
8741.25,3.95,4.24,5.68,1.0,2.74,2.13
8741.5,3.26,3.25,4.8,0.545,2.1,1.76
8741.75,2.79,3.77,4.53,1.04,2.8,1.81
8742.0,3.07,3.17,4.73,0.691,2.26,2.01
8742.25,3.04,2.92,4.59,0.738,2.01,1.95
8742.5,4.15,3.85,5.6,0.816,2.41,2.53
8742.75,3.78,3.52,5.23,0.81,2.33,2.33
8743.0,3.28,3.96,4.72,1.08,2.65,1.8
8743.25,3.35,3.36,4.96,0.608,2.22,2.06
8743.5,4.5,3.58,5.25,0.842,2.16,2.0
8743.75,4.74,4.27,6.08,0.881,2.65,2.15
8744.0,3.07,3.49,4.98,1.19,2.48,1.95
8744.25,3.38,3.22,5.15,0.594,2.31,1.89
8744.5,4.32,3.84,5.46,1.35,2.62,2.12
8744.75,5.29,4.11,6.15,1.14,2.48,2.21
8745.0,4.77,3.49,6.15,0.922,2.38,2.14
8745.25,4.14,3.68,4.94,1.33,2.28,1.91
8745.5,4.46,3.75,5.44,0.993,2.26,1.85
8745.75,4.52,3.67,5.78,0.843,2.27,1.9
8746.0,3.95,3.56,7.14,0.599,2.28,2.65
8746.25,3.74,3.86,5.97,0.937,2.57,2.15
8746.5,3.41,4.14,5.47,1.27,2.81,1.74
8746.75,3.72,4.25,7.57,1.46,2.74,2.51
8747.0,3.4,3.89,6.16,1.23,2.35,1.63
8747.25,4.56,4.3,7.44,0.939,2.35,2.29
8747.5,3.92,4.79,8.12,1.36,2.72,2.46
8747.75,3.48,4.65,6.48,1.23,2.76,1.72
8748.0,3.38,4.48,8.51,1.21,2.52,2.51
8748.25,3.44,4.56,6.18,1.28,2.52,1.74
8748.5,3.25,4.15,5.69,1.22,2.18,1.71
8748.75,3.38,4.25,6.71,1.32,2.38,2.21
8749.0,3.49,4.29,6.53,1.33,2.42,1.92
8749.25,3.36,4.54,5.98,1.27,2.75,1.67
8749.5,3.28,4.45,7.19,1.22,2.4,2.2
8749.75,3.29,4.32,6.09,1.28,2.5,1.76
8750.0,3.32,4.43,5.94,1.23,2.52,1.79
8750.25,3.39,4.59,8.02,1.24,2.71,2.65
8750.5,3.39,4.4,6.09,1.24,2.41,1.71
8750.75,3.42,4.42,6.08,1.34,2.42,1.79
8751.0,3.41,4.35,7.02,1.38,2.42,2.16
8751.25,3.36,4.45,5.66,1.37,2.63,1.68
8751.5,3.24,4.54,5.66,1.29,2.79,1.78
8751.75,3.22,4.49,6.67,1.26,2.72,2.09
8752.0,3.17,4.17,5.68,1.23,2.31,1.75
8752.25,3.17,4.16,5.29,1.24,2.29,1.64
8752.5,3.15,4.26,6.64,1.24,2.45,2.08
8752.75,3.17,4.21,5.88,1.27,2.5,1.88
8753.0,3.25,4.47,5.55,1.34,2.79,1.69
8753.25,3.26,4.24,6.69,1.35,2.47,2.09
8753.5,3.25,4.37,5.63,1.37,2.6,1.76
8753.75,3.21,4.35,5.64,1.27,2.55,1.73
8754.0,3.31,4.33,7.0,1.28,2.38,2.24
8754.25,3.14,4.49,5.4,1.24,2.74,1.65
8754.5,3.12,4.15,5.87,1.23,2.34,1.58
8754.75,3.1,4.35,6.56,1.22,2.55,2.03
8755.0,3.18,4.3,5.39,1.32,2.51,1.61
8755.25,3.23,4.42,5.61,1.37,2.61,1.73
8755.5,3.19,4.33,6.33,1.37,2.49,2.05
8755.75,3.03,4.1,5.36,1.22,2.16,1.58
8756.0,3.0,4.29,5.25,1.23,2.43,1.7
8756.25,2.98,4.24,5.57,1.25,2.42,1.62
8756.5,2.98,4.49,5.95,1.26,2.77,1.91
8756.75,3.66,4.34,5.82,0.868,2.59,2.13
8757.0,2.98,4.11,4.96,1.3,2.33,1.58
8757.25,3.1,4.14,5.9,1.44,2.4,1.85
8757.5,3.04,4.17,5.04,1.38,2.47,1.51
8757.75,3.67,4.28,5.71,0.922,2.62,2.1
8758.0,3.19,4.04,5.45,1.03,2.65,2.11
8758.25,2.69,3.76,5.64,1.48,2.75,2.42
8758.5,2.35,3.39,4.24,1.21,2.41,1.69
8758.75,3.42,3.85,5.54,1.28,2.72,2.52
8759.0,3.97,4.14,5.79,0.82,2.63,2.28
8759.25,2.95,3.74,4.59,1.3,2.82,1.88
8759.5,3.24,3.8,5.91,1.36,2.9,2.59
8759.75,2.91,3.38,4.52,1.01,2.51,1.97
