Hora_decimal,P fase A,P fase B,P fase C,Q fase A,Q fase B,Q fase C
8016.0,1.11,0.576,0.322,1.07,0.394,-0.23
8016.25,1.12,0.494,0.307,1.08,0.264,-0.24
8016.5,0.993,0.479,0.217,0.924,0.245,-0.32
8016.75,0.972,0.526,0.19,0.892,0.331,-0.34
8017.0,1.07,0.576,0.205,0.937,0.353,-0.32
8017.25,1.07,0.504,0.185,1.02,0.28,-0.34
8017.5,0.86,0.534,0.208,0.716,0.316,-0.32
8017.75,0.929,0.574,0.295,0.805,0.369,-0.25
8018.0,0.994,0.433,0.324,0.902,0.193,-0.22
8018.25,1.08,0.483,0.192,0.96,0.24,-0.33
8018.5,0.989,0.638,0.192,0.907,0.461,-0.33
8018.75,1.1,0.527,0.216,1.07,0.302,-0.32
8019.0,1.07,0.46,0.183,0.984,0.211,-0.34
8019.25,1.07,0.472,0.22,1.0,0.244,-0.31
8019.5,1.27,0.524,0.283,1.24,0.306,-0.26
8019.75,1.09,0.561,0.334,1.07,0.347,-0.22
8020.0,0.895,0.515,0.184,0.769,0.302,-0.34
8020.25,0.987,0.501,0.211,0.847,0.284,-0.32
8020.5,1.04,0.52,0.181,0.956,0.282,-0.34
8020.75,0.917,0.453,0.22,0.768,0.215,-0.31
8021.0,0.89,0.505,0.181,0.74,0.288,-0.34
8021.25,1.05,0.601,0.31,1.01,0.409,-0.24
8021.5,1.12,0.508,0.33,1.04,0.294,0.0733
8021.75,1.04,0.454,0.213,0.937,0.219,0.0805
8022.0,0.684,0.628,0.224,0.431,0.473,0.09
8022.25,0.651,0.618,0.206,0.352,0.425,0.0714
8022.5,0.594,0.652,0.232,0.295,0.479,0.0954
8022.75,0.651,0.598,0.193,0.288,0.346,0.06
8023.0,0.624,0.522,0.315,0.283,0.264,0.157
8023.25,0.525,0.476,0.318,0.202,0.234,0.164
8023.5,0.701,0.623,0.222,0.219,0.192,0.0725
8023.75,0.654,0.717,0.181,0.0292,0.328,0.04
8024.0,0.948,0.874,0.236,0.18,0.32,0.0796
8024.25,2.08,1.87,0.376,0.594,0.37,0.0671
8024.5,2.65,2.85,0.676,0.819,0.577,0.301
8024.75,3.4,2.76,0.672,0.658,0.39,0.344
8025.0,2.49,2.68,0.92,0.424,0.305,0.254
8025.25,2.18,2.0,0.935,0.293,0.218,0.0713
8025.5,2.17,1.72,1.11,0.149,0.189,0.0343
8025.75,2.28,1.5,1.51,0.0655,0.146,0.0261
8026.0,1.69,1.72,1.7,0.0394,0.113,-0.027
8026.25,1.67,1.82,1.64,0.0571,0.234,-0.013
8026.5,1.76,1.75,2.58,-0.14,0.294,0.0607
8026.75,2.48,1.35,2.53,0.0994,0.135,0.141
8027.0,2.33,1.5,2.45,0.234,0.25,0.0114
8027.25,2.46,1.4,2.28,0.459,0.167,0.0242
8027.5,2.49,2.15,2.38,0.435,0.152,0.0173
8027.75,1.94,1.87,2.48,0.274,0.456,0.18
8028.0,1.78,1.8,2.27,0.356,0.492,0.266
8028.25,1.7,1.71,2.01,0.338,0.37,0.304
8028.5,1.53,1.43,2.16,0.271,0.235,0.148
8028.75,1.48,1.36,1.89,0.115,0.115,0.0259
8029.0,2.48,1.57,3.19,0.105,0.351,0.107
8029.25,2.55,1.73,2.78,0.303,0.465,0.03
8029.5,3.56,3.63,2.78,0.072,0.386,0.0255
8029.75,5.23,4.78,5.7,0.267,0.341,0.116
8030.0,5.62,4.65,7.44,0.437,0.499,0.228
8030.25,4.05,4.45,6.54,0.239,0.346,0.367
8030.5,4.1,4.26,6.4,0.13,0.265,0.325
8030.75,4.08,4.08,6.05,0.244,0.447,0.252
8031.0,4.05,3.43,5.84,0.469,0.274,0.194
8031.25,3.7,2.79,6.62,0.156,0.153,0.127
8031.5,3.62,3.32,6.52,0.0547,0.256,0.152
8031.75,3.66,2.26,5.55,0.359,0.156,0.131
8032.0,3.64,2.95,4.9,0.297,0.081,0.219
8032.25,3.37,2.61,4.52,0.104,0.134,0.228
8032.5,3.32,2.21,4.2,0.0871,0.238,0.183
8032.75,3.4,3.45,4.98,0.212,0.0821,0.18
8033.0,2.44,3.89,2.61,0.234,0.121,0.095
8033.25,2.46,3.62,2.54,0.165,0.102,0.136
8033.5,2.38,3.47,2.91,0.225,-0.0026,0.133
8033.75,2.82,3.29,1.84,0.233,0.143,0.218
8034.0,3.02,3.38,1.47,0.0421,0.154,0.0574
8034.25,3.21,4.34,0.723,0.0719,0.251,0.0681
8034.5,3.72,3.86,0.56,0.346,0.254,0.0294
8034.75,3.18,4.12,1.06,0.391,0.18,0.0479
8035.0,2.59,6.6,3.88,0.0888,0.826,0.851
8035.25,2.58,6.21,3.49,0.878,0.812,0.917
8035.5,2.8,6.13,3.69,0.873,0.752,0.585
8035.75,2.73,5.69,3.4,0.82,0.794,0.321
8036.0,2.55,5.46,3.32,0.65,0.698,0.336
8036.25,2.51,3.62,2.34,0.82,0.492,0.00958
8036.5,2.21,1.55,1.25,0.828,0.168,-0.33
8036.75,2.15,2.04,0.528,0.655,0.0986,-0.39
8037.0,2.23,2.42,0.48,0.843,0.144,-0.31
8037.25,2.17,2.64,0.506,0.897,0.34,-0.28
8037.5,1.92,2.54,0.406,0.663,0.254,-0.34
8037.75,1.96,2.46,0.34,0.724,0.278,-0.38
8038.0,1.93,1.56,0.37,0.736,0.277,-0.36
8038.25,1.55,0.74,0.284,0.87,0.0989,-0.36
8038.5,0.89,0.619,0.2,0.648,0.305,-0.33
8038.75,0.876,0.581,0.248,0.71,0.373,-0.29
8039.0,1.04,0.419,0.327,0.92,0.244,-0.23
8039.25,0.987,0.478,0.257,0.906,0.312,-0.28
8039.5,0.991,0.419,0.192,0.89,0.264,-0.34
8039.75,1.11,0.376,0.227,1.08,0.182,-0.31
8040.0,1.06,0.528,0.19,1.02,0.371,-0.34
8040.25,0.998,0.536,0.227,0.91,0.421,-0.31
8040.5,0.995,0.423,0.262,0.926,0.248,-0.29
8040.75,1.09,0.428,0.353,1.04,0.246,-0.21
8041.0,0.91,0.483,0.22,0.843,0.323,-0.31
8041.25,0.918,0.437,0.223,0.805,0.252,-0.31
8041.5,1.01,0.449,0.188,0.887,0.284,-0.34
8041.75,0.989,0.5,0.219,0.92,0.368,-0.32
8042.0,0.88,0.466,0.189,0.726,0.286,-0.34
8042.25,0.829,0.435,0.247,0.701,0.26,-0.3
8042.5,1.12,0.411,0.34,1.07,0.248,-0.22
8042.75,1.13,0.448,0.253,1.07,0.269,-0.29
8043.0,0.944,0.505,0.211,0.862,0.361,-0.32
8043.25,1.1,0.482,0.193,1.06,0.36,-0.34
8043.5,1.2,0.44,0.23,1.21,0.259,-0.31
8043.75,1.1,0.542,0.191,1.04,0.414,-0.34
8044.0,0.998,0.551,0.261,0.86,0.438,-0.29
8044.25,0.881,0.617,0.326,0.758,0.519,-0.23
8044.5,0.856,0.511,0.297,0.722,0.366,-0.25
8044.75,0.793,0.451,0.185,0.609,0.285,-0.35
8045.0,0.827,0.5,0.225,0.663,0.347,-0.31
8045.25,1.0,0.346,0.187,0.876,0.154,-0.35
8045.5,0.882,0.412,0.231,0.779,0.228,0.0493
8045.75,0.743,0.596,0.205,0.522,0.467,0.064
8046.0,0.748,0.405,0.361,0.412,0.235,0.196
8046.25,0.79,0.391,0.282,0.504,0.184,0.134
8046.5,0.659,0.527,0.234,0.359,0.353,0.0745
8046.75,0.52,0.395,0.199,0.154,0.214,0.0545
8047.0,0.571,0.386,0.205,0.23,0.186,0.0559
8047.25,0.653,0.664,0.255,0.276,0.488,0.0497
8047.5,0.781,0.709,0.301,0.235,0.436,0.0647
8047.75,1.19,1.18,0.411,0.196,0.212,0.176
8048.0,0.94,1.4,0.32,0.296,0.356,0.115
8048.25,1.03,0.782,0.287,0.41,0.343,0.0878
8048.5,1.2,0.774,0.251,0.372,0.321,0.0583
8048.75,1.16,0.89,0.598,0.313,0.403,0.063
8049.0,1.71,0.901,0.493,0.51,0.271,0.0447
8049.25,1.73,0.902,1.17,0.304,0.259,0.0989
8049.5,1.9,1.8,1.62,0.508,0.465,0.428
8049.75,1.48,1.77,1.85,0.579,0.495,0.368
8050.0,1.17,2.01,2.22,0.277,0.57,0.117
8050.25,0.953,1.55,1.65,0.0215,0.266,0.0554
8050.5,1.12,1.28,1.05,0.106,0.262,0.0662
8050.75,1.37,1.38,1.36,0.118,0.415,0.0683
8051.0,1.19,1.35,0.963,0.136,0.104,0.0642
8051.25,1.24,2.55,1.42,0.0957,0.21,0.106
8051.5,1.66,2.05,0.451,0.131,0.417,0.159
8051.75,1.76,1.1,0.764,0.186,0.201,0.0524
8052.0,1.92,0.573,1.24,0.519,0.177,0.0088
8052.25,1.63,0.614,1.28,0.435,0.233,-0.022
8052.5,1.78,0.614,1.41,0.509,0.247,0.00381
8052.75,1.65,0.662,1.34,0.231,0.288,0.00588
8053.0,1.06,0.668,2.13,0.15,0.229,0.132
8053.25,1.03,0.695,2.02,0.227,0.191,0.0605
8053.5,1.93,0.831,1.61,0.496,0.15,0.0414
8053.75,1.74,0.827,1.17,0.433,0.139,0.0408
8054.0,1.33,0.794,1.95,0.154,0.229,0.0081
8054.25,1.02,0.907,2.03,0.228,0.365,0.0123
8054.5,1.24,0.91,2.77,0.444,0.384,0.0452
8054.75,1.14,1.38,3.46,0.315,0.257,0.028
8055.0,1.55,1.9,3.58,0.193,0.211,0.0225
8055.25,2.05,1.87,3.69,0.374,0.113,-0.071
8055.5,2.65,1.87,3.64,0.445,0.134,-0.047
8055.75,2.87,1.91,3.47,0.313,0.233,-0.058
8056.0,2.75,1.8,2.87,0.0747,0.0526,-0.0047
8056.25,3.42,1.87,2.49,0.223,0.0372,0.0016
8056.5,3.62,2.28,3.3,0.446,0.24,0.0695
8056.75,3.94,2.67,4.35,0.538,0.0112,0.0324
8057.0,3.71,2.72,4.03,0.23,0.0763,-0.061
8057.25,2.97,2.92,2.02,0.303,0.319,0.0386
8057.5,3.64,3.37,2.1,0.326,0.104,0.00818
8057.75,3.95,3.57,2.82,0.382,0.0872,-0.056
8058.0,3.96,3.7,2.71,0.222,0.293,-0.017
8058.25,3.23,2.85,2.82,0.201,0.106,0.182
8058.5,3.13,1.86,2.74,0.473,0.166,0.0688
8058.75,3.75,4.43,3.8,0.483,0.788,0.667
8059.0,3.25,4.85,3.95,0.396,0.773,0.749
8059.25,3.19,4.65,3.35,0.661,0.665,0.801
8059.5,3.37,4.35,3.04,1.15,0.733,0.555
8059.75,3.47,4.43,2.89,1.04,0.697,0.314
8060.0,2.26,4.23,2.7,0.822,0.582,0.369
8060.25,1.69,2.11,1.46,0.723,0.341,-0.072
8060.5,1.64,1.32,0.472,0.762,0.372,-0.35
8060.75,1.49,1.12,0.38,0.615,0.121,-0.38
8061.0,1.51,1.21,0.418,0.596,0.153,-0.35
8061.25,1.62,1.29,0.374,0.693,0.171,-0.38
8061.5,1.69,1.13,0.419,0.853,0.131,-0.35
8061.75,1.68,1.1,0.47,0.817,0.0644,-0.31
8062.0,1.08,0.537,0.372,0.784,0.208,-0.22
8062.25,1.09,0.416,0.228,1.01,0.241,-0.31
8062.5,1.14,0.43,0.197,1.06,0.245,-0.33
8062.75,0.956,0.38,0.226,0.872,0.2,-0.31
8063.0,0.96,0.517,0.191,0.862,0.396,-0.34
8063.25,1.08,0.489,0.238,1.02,0.342,-0.3
8063.5,0.992,0.331,0.249,0.874,0.138,-0.3
8063.75,0.957,0.439,0.352,0.786,0.275,-0.2
8064.0,0.884,0.436,0.225,0.756,0.268,-0.31
8064.25,0.978,0.443,0.23,0.872,0.274,-0.31
8064.5,0.935,0.453,0.18,0.808,0.285,-0.35
8064.75,0.983,0.41,0.22,0.836,0.246,-0.32
8065.0,1.2,0.395,0.18,1.12,0.201,-0.35
8065.25,1.05,0.452,0.25,0.993,0.276,-0.29
8065.5,0.9,0.346,0.326,0.805,0.17,-0.23
8065.75,1.11,0.441,0.256,1.01,0.259,-0.29
8066.0,1.21,0.514,0.2,1.17,0.368,-0.33
8066.25,1.2,0.397,0.196,1.18,0.232,-0.34
8066.5,0.952,0.387,0.204,0.855,0.191,-0.33
8066.75,0.858,0.428,0.192,0.726,0.261,-0.34
8067.0,1.15,0.519,0.252,1.05,0.383,-0.29
8067.25,0.977,0.627,0.322,0.864,0.513,-0.24
8067.5,0.806,0.572,0.244,0.663,0.476,-0.29
8067.75,0.909,0.341,0.19,0.744,0.141,-0.34
8068.0,1.03,0.457,0.224,0.941,0.277,-0.31
8068.25,1.08,0.38,0.19,0.99,0.208,-0.34
8068.5,1.03,0.379,0.222,0.925,0.193,-0.32
8068.75,1.01,0.515,0.2,0.928,0.366,-0.33
8069.0,1.15,0.496,0.371,1.1,0.378,-0.2
8069.25,1.05,0.312,0.25,0.974,0.113,-0.29
8069.5,1.01,0.46,0.235,0.935,0.278,0.0891
8069.75,0.816,0.445,0.2,0.556,0.282,0.06
8070.0,0.472,0.353,0.223,0.145,0.155,0.0754
8070.25,0.392,0.466,0.202,0.012,0.288,0.055
8070.5,0.542,0.512,0.232,0.159,0.339,0.0797
8070.75,0.612,0.528,0.338,0.283,0.195,0.164
8071.0,0.668,0.451,0.282,0.342,0.103,0.119
8071.25,0.703,0.556,0.207,0.432,0.231,0.0532
8071.5,0.671,0.645,0.192,0.218,0.209,0.0385
8071.75,0.909,0.986,0.205,0.284,0.221,0.0522
8072.0,1.24,1.42,0.214,0.509,0.242,0.0412
8072.25,0.962,0.734,0.281,0.237,0.256,0.0405
8072.5,1.01,0.701,1.39,0.0775,0.26,0.0788
8072.75,0.988,0.93,1.98,0.309,0.398,0.2
8073.0,1.29,1.63,1.94,0.579,0.402,0.253
8073.25,0.98,2.11,1.86,0.281,0.347,0.167
8073.5,0.941,1.68,1.2,0.111,0.278,0.036
8073.75,1.79,1.48,0.954,0.244,0.0505,0.04
8074.0,1.9,2.25,0.657,0.266,0.025,0.0323
8074.25,1.98,2.51,1.84,0.166,0.204,0.161
8074.5,1.99,2.14,1.48,0.299,0.0725,0.141
8074.75,2.44,3.04,1.48,0.392,0.055,0.0661
8075.0,3.2,3.19,1.36,0.444,0.122,0.0411
8075.25,2.99,2.99,1.08,0.495,0.0314,0.0855
8075.5,2.9,2.69,1.67,0.511,-0.026,0.03
8075.75,2.9,1.05,1.78,0.332,0.0977,0.0264
8076.0,2.6,1.93,2.28,0.196,0.254,0.0618
8076.25,2.32,2.39,1.88,0.192,0.152,0.0724
8076.5,2.0,1.52,2.66,0.176,0.0353,-0.049
8076.75,2.02,0.943,2.54,-0.089,0.159,-0.06
8077.0,2.11,1.22,1.88,-0.058,0.0781,0.0193
8077.25,2.06,2.6,1.86,0.0665,0.164,0.0229
8077.5,2.4,2.19,3.28,0.422,0.216,-0.029
8077.75,2.51,2.54,2.51,0.346,0.233,0.0868
8078.0,2.17,2.68,3.91,0.266,0.251,0.0929
8078.25,3.32,2.64,3.64,0.459,0.219,0.02
8078.5,4.06,2.81,2.98,0.384,0.337,0.127
8078.75,4.3,2.76,2.9,0.291,0.355,0.0983
8079.0,4.47,2.28,3.56,0.48,0.244,0.057
8079.25,5.07,1.92,3.25,0.468,0.286,0.0764
8079.5,4.43,1.28,2.66,0.294,0.245,0.175
8079.75,3.58,1.4,2.65,0.186,0.0817,0.111
8080.0,3.41,3.94,2.96,0.364,0.177,0.0164
8080.25,3.11,3.43,2.87,0.195,0.265,0.0243
8080.5,2.95,3.01,2.7,-0.002,0.234,0.039
8080.75,3.14,2.55,2.76,0.179,0.157,0.085
8081.0,3.24,2.61,2.76,0.408,0.27,0.093
8081.25,3.57,2.68,3.29,0.181,0.2,0.237
8081.5,3.4,3.01,1.79,-0.0077,0.133,0.111
8081.75,3.12,3.82,1.03,0.0785,0.314,0.009
8082.0,3.09,3.78,0.748,0.147,0.304,0.000833
8082.25,3.81,2.49,1.01,0.0593,0.192,0.0228
8082.5,4.24,2.81,2.69,0.0556,0.355,0.00969
8082.75,3.87,3.16,2.65,0.373,0.413,0.15
8083.0,2.89,2.32,2.24,0.526,0.574,0.432
8083.25,3.56,2.53,2.93,0.774,0.554,0.244
8083.5,3.24,1.98,2.74,0.843,0.32,-0.15
8083.75,2.54,1.9,0.515,0.785,0.353,-0.38
8084.0,2.33,1.71,0.498,0.8,0.279,-0.36
8084.25,2.07,1.83,0.463,0.682,0.22,-0.39
8084.5,2.17,1.68,0.615,0.681,0.333,-0.28
8084.75,2.16,1.43,0.6,0.78,0.297,-0.28
8085.0,1.99,1.19,0.528,0.703,0.293,-0.35
8085.25,1.86,1.03,0.542,0.53,0.164,-0.41
8085.5,2.01,0.858,0.473,0.719,0.139,-0.37
8085.75,1.98,0.791,0.374,0.911,0.083,-0.36
8086.0,1.93,0.875,0.374,0.951,0.238,-0.36
8086.25,1.65,0.906,0.413,0.777,0.261,-0.32
8086.5,1.32,0.527,0.365,0.826,0.241,-0.22
8086.75,1.48,0.482,0.248,1.18,0.36,-0.29
8087.0,1.53,0.359,0.2,1.19,0.193,-0.33
8087.25,1.39,0.39,0.236,1.05,0.224,-0.3
8087.5,1.37,0.565,0.2,1.04,0.446,-0.33
8087.75,1.29,0.439,0.236,1.02,0.303,-0.3
8088.0,1.31,0.391,0.249,0.861,0.245,-0.29
8088.25,1.23,0.508,0.372,0.803,0.38,-0.19
8088.5,1.18,0.393,0.238,0.781,0.243,-0.29
8088.75,1.28,0.378,0.222,1.03,0.222,-0.31
8089.0,1.18,0.47,0.208,0.806,0.333,-0.33
8089.25,1.24,0.509,0.212,0.934,0.382,-0.32
8089.5,1.5,0.416,0.21,1.17,0.279,-0.32
8089.75,1.25,0.428,0.27,1.05,0.273,-0.28
8090.0,1.19,0.422,0.356,0.883,0.261,-0.2
8090.25,1.24,0.414,0.243,0.934,0.274,-0.3
8090.5,1.43,0.438,0.226,1.02,0.29,-0.31
8090.75,1.36,0.5,0.2,1.12,0.362,-0.34
8091.0,1.19,0.451,0.233,0.805,0.321,-0.31
8091.25,1.15,0.41,0.2,0.813,0.254,-0.34
8091.5,1.42,0.371,0.268,0.968,0.192,-0.28
8091.75,1.19,0.439,0.333,0.944,0.298,-0.22
8092.0,0.927,0.57,0.284,0.719,0.413,-0.26
8092.25,0.996,0.399,0.2,0.742,0.26,-0.34
8092.5,1.27,0.457,0.235,1.01,0.331,-0.31
8092.75,1.38,0.609,0.2,1.11,0.517,-0.34
8093.0,1.21,0.456,0.229,0.923,0.329,-0.31
8093.25,1.14,0.49,0.253,0.884,0.374,-0.3
8093.5,1.3,0.574,0.364,1.19,0.46,0.199
8093.75,1.25,0.4,0.26,0.909,0.257,0.119
8094.0,0.828,0.425,0.234,0.315,0.273,0.0919
8094.25,0.774,0.46,0.205,0.15,0.3,0.0738
8094.5,0.716,0.32,0.216,0.219,0.143,0.0778
8094.75,0.562,0.545,0.216,0.18,0.311,0.0753
8095.0,0.74,0.619,0.229,0.199,0.351,0.0832
8095.25,0.851,0.504,0.362,0.283,0.177,0.194
8095.5,0.953,0.821,0.258,0.36,0.297,0.113
8095.75,0.868,1.45,0.242,0.126,0.332,0.0748
8096.0,1.22,2.26,0.23,0.358,0.215,0.0465
8096.25,1.44,2.37,0.267,0.585,0.463,0.0678
8096.5,1.21,1.78,0.309,0.319,0.304,0.0286
8096.75,1.63,1.74,0.51,0.271,0.283,0.07
8097.0,1.77,2.07,2.03,0.408,0.407,0.122
8097.25,1.87,1.97,2.11,0.226,0.161,0.061
8097.5,2.55,1.21,2.04,0.351,0.121,0.00111
8097.75,1.6,1.94,2.12,0.201,0.332,0.0237
8098.0,1.58,1.5,2.09,0.164,0.119,0.00136
8098.25,1.77,2.15,2.74,0.309,0.137,0.0109
8098.5,2.04,2.52,2.14,0.55,0.299,0.0329
8098.75,1.99,1.92,2.16,0.434,0.157,0.14
8099.0,1.98,2.37,0.603,0.526,0.104,0.0295
8099.25,1.78,2.82,0.522,0.484,0.332,0.00435
8099.5,1.74,2.14,1.09,0.434,0.324,0.03
8099.75,2.01,1.44,1.65,0.55,0.347,0.164
8100.0,1.83,1.31,1.67,0.439,0.424,0.156
8100.25,1.43,1.16,1.41,0.251,0.202,-0.054
8100.5,1.56,1.34,1.51,0.246,0.149,0.0809
8100.75,1.64,2.54,1.68,0.319,0.473,0.187
8101.0,2.06,3.56,1.68,0.282,0.408,0.167
8101.25,2.63,5.5,2.97,0.301,0.674,0.614
8101.5,2.33,5.5,2.97,0.454,0.714,0.53
8101.75,3.53,6.87,4.66,0.43,0.634,0.483
8102.0,4.08,7.17,5.17,0.348,0.759,0.486
8102.25,3.97,7.22,4.98,0.387,0.846,0.574
8102.5,3.98,6.94,4.97,0.251,0.646,0.559
8102.75,3.55,7.93,4.48,0.074,0.617,0.535
8103.0,3.77,8.36,4.09,-0.022,0.748,0.585
8103.25,3.4,8.71,4.76,0.159,0.625,0.533
8103.5,2.73,10.1,4.17,0.227,0.724,0.583
8103.75,2.7,7.79,2.93,0.07,0.47,0.348
8104.0,2.29,5.14,1.64,0.0222,0.245,0.132
8104.25,2.24,4.28,2.26,0.261,0.363,0.0744
8104.5,2.32,3.05,2.05,0.306,0.398,-0.046
8104.75,2.0,3.15,0.613,0.0632,0.387,0.0268
8105.0,1.91,3.12,1.23,0.05,0.378,-0.062
8105.25,1.77,2.87,0.539,0.208,0.351,0.046
8105.5,1.86,1.73,0.831,0.252,0.254,0.0282
8105.75,1.86,1.86,0.672,0.16,0.309,0.16
8106.0,1.22,1.83,0.573,0.15,0.28,0.0917
8106.25,0.993,1.55,0.593,0.192,0.322,0.0573
8106.5,0.977,1.2,0.438,0.128,0.292,0.0568
8106.75,0.783,0.796,0.659,0.0753,0.226,0.0416
8107.0,0.651,0.682,1.01,0.0267,0.167,0.0233
8107.25,0.786,0.74,0.381,0.311,0.192,0.0843
8107.5,1.05,0.804,0.454,0.866,0.372,0.00581
8107.75,1.06,0.818,0.409,0.82,0.236,-0.3
8108.0,1.1,0.808,0.46,0.874,0.093,-0.35
8108.25,1.17,0.792,0.347,0.993,0.304,-0.37
8108.5,1.15,0.651,0.369,0.964,0.216,-0.33
8108.75,0.974,0.576,0.32,0.776,0.13,-0.37
8109.0,1.03,0.82,0.381,0.843,0.425,-0.32
8109.25,1.24,0.697,0.454,1.02,0.274,-0.26
8109.5,1.06,0.579,0.42,0.859,0.133,-0.29
8109.75,0.851,0.561,0.261,0.654,0.299,-0.36
8110.0,0.879,0.439,0.258,0.747,0.271,-0.33
8110.25,1.03,0.412,0.231,0.92,0.241,-0.36
8110.5,1.02,0.534,0.257,0.895,0.406,-0.33
8110.75,0.857,0.463,0.252,0.744,0.288,-0.33
8111.0,0.913,0.409,0.38,0.821,0.244,-0.23
8111.25,1.11,0.543,0.294,1.06,0.358,-0.29
8111.5,1.25,0.379,0.243,1.28,0.225,-0.33
8111.75,1.13,0.483,0.266,1.07,0.345,-0.32
8112.0,1.03,0.561,0.234,0.977,0.445,-0.34
8112.25,1.0,0.41,0.255,0.953,0.285,-0.32
8112.5,1.06,0.414,0.243,1.01,0.242,-0.34
8112.75,0.902,0.504,0.412,0.773,0.361,-0.2
8113.0,0.94,0.439,0.282,0.782,0.308,-0.3
8113.25,0.875,0.565,0.27,0.753,0.466,-0.31
8113.5,0.925,0.668,0.23,0.846,0.596,-0.35
8113.75,0.901,0.522,0.263,0.738,0.416,-0.32
8114.0,0.98,0.454,0.23,0.888,0.297,-0.35
8114.25,1.23,0.475,0.284,1.21,0.339,-0.3
8114.5,1.12,0.387,0.369,1.09,0.237,-0.23
8114.75,0.906,0.518,0.337,0.833,0.386,-0.26
8115.0,1.01,0.525,0.23,0.896,0.421,-0.35
8115.25,1.05,0.374,0.249,0.958,0.214,-0.33
8115.5,1.03,0.426,0.238,1.01,0.253,-0.34
8115.75,0.853,0.478,0.251,0.709,0.345,-0.33
8116.0,0.819,0.431,0.265,0.692,0.289,-0.32
8116.25,0.996,0.493,0.38,0.848,0.349,-0.23
8116.5,1.04,0.462,0.328,0.955,0.337,-0.26
8116.75,0.859,0.428,0.232,0.759,0.28,-0.35
8117.0,0.991,0.445,0.266,0.88,0.284,-0.32
8117.25,1.02,0.434,0.231,0.939,0.296,-0.35
8117.5,1.15,0.49,0.277,1.11,0.36,0.0783
8117.75,0.616,0.492,0.262,0.326,0.353,0.0761
8118.0,0.517,0.412,0.413,0.227,0.272,0.204
8118.25,0.669,0.463,0.295,0.376,0.308,0.11
8118.5,0.798,0.448,0.256,0.521,0.288,0.07
8118.75,0.658,0.419,0.231,0.337,0.179,0.05
8119.0,0.543,0.589,0.266,0.161,0.374,0.0752
8119.25,0.513,0.522,0.233,0.186,0.296,0.0429
8119.5,0.567,0.584,0.272,0.176,0.17,0.078
8119.75,0.799,0.962,0.399,0.11,0.317,0.173
8120.0,1.92,1.37,0.325,0.237,0.184,0.134
8120.25,2.11,0.603,0.259,0.312,0.159,0.0689
8120.5,2.02,0.916,0.264,0.277,0.504,0.0714
8120.75,1.68,0.881,0.27,0.18,0.382,0.0767
8121.0,1.83,0.919,0.288,0.184,0.26,0.0472
8121.25,2.26,2.0,1.29,0.459,0.576,0.289
8121.5,2.31,2.1,2.37,0.539,0.53,0.401
8121.75,2.28,1.88,2.22,0.205,0.392,0.22
8122.0,1.41,1.75,2.02,0.0414,0.255,0.0486
8122.25,1.44,1.74,2.83,0.163,0.23,0.177
8122.5,1.33,1.2,2.96,0.0369,0.202,0.154
8122.75,1.42,1.0,3.03,-0.048,0.178,0.201
8123.0,1.42,2.07,2.59,0.114,0.169,0.229
8123.25,1.49,2.6,2.38,0.216,0.376,0.298
8123.5,1.52,1.78,1.76,0.261,0.325,0.134
8123.75,1.47,1.57,1.64,0.22,0.22,0.0568
8124.0,1.25,1.67,2.2,0.249,0.34,0.0186
8124.25,1.03,1.63,2.03,-0.037,0.362,0.0191
8124.5,0.985,1.77,1.33,-0.022,0.244,0.00545
8124.75,0.956,1.92,1.36,0.149,0.419,0.0369
8125.0,0.987,1.99,1.47,0.156,0.42,0.126
8125.25,0.944,0.947,1.34,0.0155,0.357,0.0277
8125.5,1.36,1.7,1.3,0.271,0.409,0.0055
8125.75,2.12,1.58,0.344,0.413,0.181,0.0522
8126.0,3.3,1.6,0.365,0.352,0.174,0.0814
8126.25,3.37,1.88,1.54,0.305,0.364,0.0247
8126.5,3.62,1.71,1.44,0.296,0.207,0.1
8126.75,4.25,1.67,2.03,0.676,0.121,0.0786
8127.0,3.98,1.73,2.37,0.629,0.324,0.04
8127.25,3.7,1.36,1.51,0.361,0.203,0.0429
8127.5,2.98,1.68,1.73,0.0853,0.305,0.0847
8127.75,2.34,1.77,0.989,0.0884,0.543,0.0616
8128.0,2.32,2.54,0.911,0.141,0.437,0.0332
8128.25,2.01,3.43,0.711,0.155,0.376,0.0887
8128.5,1.99,3.48,0.842,0.178,0.554,0.216
8128.75,2.24,3.5,1.48,0.44,0.549,0.255
8129.0,2.08,3.34,0.733,0.302,0.606,0.23
8129.25,1.98,3.27,0.589,0.189,0.548,0.0729
8129.5,2.49,3.35,0.575,0.248,0.366,0.0508
8129.75,2.95,3.23,0.584,0.189,0.324,0.0931
8130.0,2.39,2.61,0.984,0.256,0.407,0.183
8130.25,2.35,1.64,1.75,0.229,0.249,0.186
8130.5,2.2,1.73,1.71,0.112,0.286,0.056
8130.75,1.69,1.43,0.97,-0.025,0.328,0.135
8131.0,1.32,0.853,1.16,0.208,0.156,0.0018
8131.25,1.24,0.98,1.15,0.273,0.212,0.0151
8131.5,1.58,0.935,0.507,0.665,0.139,-0.16
8131.75,1.54,0.913,1.05,0.63,0.0933,-0.3
8132.0,1.73,1.05,0.682,0.835,0.285,-0.21
8132.25,1.59,1.06,0.853,0.7,0.314,-0.37
8132.5,1.5,0.778,0.54,0.696,0.106,-0.34
8132.75,1.69,0.869,0.507,0.905,0.263,-0.37
8133.0,1.57,0.685,0.445,0.952,0.213,-0.32
8133.25,1.39,0.647,0.429,0.751,0.18,-0.37
8133.5,1.38,0.783,0.517,0.726,0.334,-0.27
8133.75,1.62,0.676,0.531,1.02,0.248,-0.25
8134.0,1.48,0.505,0.36,0.991,0.229,-0.29
8134.25,1.33,0.59,0.313,0.827,0.345,-0.33
8134.5,1.2,0.438,0.319,0.697,0.153,-0.32
8134.75,1.21,0.545,0.323,0.736,0.281,-0.31
8135.0,1.13,0.651,0.332,0.678,0.43,-0.31
8135.25,1.23,0.511,0.411,0.769,0.264,-0.25
8135.5,1.36,0.542,0.444,0.938,0.29,-0.22
8135.75,1.19,0.679,0.388,0.794,0.454,-0.27
8136.0,1.27,0.585,0.314,0.863,0.356,-0.33
8136.25,1.33,0.677,0.355,0.918,0.474,-0.29
8136.5,1.32,0.568,0.312,0.918,0.316,-0.33
8136.75,1.25,0.529,0.354,0.811,0.273,-0.3
8137.0,1.15,0.594,0.41,0.757,0.36,-0.25
8137.25,1.21,0.497,0.467,0.755,0.226,-0.2
8137.5,1.21,0.444,0.35,0.737,0.146,-0.3
8137.75,1.24,0.62,0.333,0.821,0.387,-0.31
8138.0,1.17,0.586,0.341,0.706,0.338,-0.31
8138.25,1.17,0.514,0.311,0.715,0.257,-0.33
8138.5,1.18,0.519,0.339,0.757,0.254,-0.31
8138.75,1.39,0.517,0.403,0.978,0.23,-0.26
8139.0,1.37,0.508,0.475,0.979,0.247,-0.19
8139.25,1.2,0.551,0.312,0.779,0.308,-0.34
8139.5,1.23,0.55,0.349,0.809,0.283,-0.3
8139.75,1.28,0.553,0.31,0.872,0.293,-0.34
8140.0,1.37,0.54,0.339,0.959,0.288,-0.31
8140.25,1.23,0.51,0.311,0.795,0.235,-0.33
8140.5,1.17,0.462,0.435,0.752,0.19,-0.23
8140.75,1.36,0.578,0.435,0.909,0.322,-0.23
8141.0,1.21,0.623,0.328,0.758,0.375,-0.32
8141.25,1.2,0.482,0.325,0.722,0.222,-0.33
8141.5,1.2,0.503,0.327,0.746,0.218,-0.082
8141.75,1.01,0.57,0.347,0.475,0.287,0.0923
8142.0,0.913,0.487,0.324,0.282,0.223,0.0734
8142.25,0.826,0.532,0.467,0.184,0.273,0.192
8142.5,0.899,0.651,0.424,0.257,0.414,0.161
8142.75,0.751,0.632,0.353,0.104,0.418,0.0969
8143.0,0.707,0.587,0.32,0.0796,0.352,0.07
8143.25,0.808,0.583,0.332,0.116,0.318,0.0804
8143.5,0.814,0.549,0.314,0.134,0.284,0.0665
8143.75,0.662,0.58,0.342,-0.0028,0.334,0.0892
8144.0,0.667,0.536,0.447,-0.019,0.278,0.175
8144.25,0.76,0.524,0.412,0.0904,0.267,0.149
8144.5,0.821,0.502,0.311,0.148,0.217,0.06
8144.75,0.817,0.467,0.346,0.171,0.178,0.0863
8145.0,0.823,0.574,0.31,0.176,0.322,0.06
8145.25,0.863,0.55,0.329,0.196,0.28,0.0718
8145.5,0.714,0.527,0.339,0.0753,0.26,0.0806
8145.75,0.821,0.607,0.459,0.169,0.361,0.179
8146.0,0.987,0.445,0.378,0.348,0.148,0.109
8146.25,0.804,0.458,0.311,0.193,0.16,0.05
8146.5,0.765,0.64,0.342,0.0822,0.393,0.0761
8146.75,0.833,0.552,0.311,0.176,0.289,0.0496
8147.0,0.855,0.444,0.344,0.206,0.158,0.0759
8147.25,0.786,0.572,0.353,0.0877,0.298,0.0754
8147.5,0.626,0.564,0.479,-0.042,0.286,0.18
8147.75,0.864,0.409,0.341,0.177,0.101,0.0687
8148.0,0.813,0.505,0.332,0.14,0.219,0.0613
8148.25,0.805,0.668,0.328,0.154,0.416,0.0569
8148.5,0.918,0.515,0.312,0.239,0.243,0.0419
8148.75,0.761,0.512,0.347,0.112,0.233,0.0728
8149.0,0.716,0.552,0.38,0.0717,0.275,0.0983
8149.25,0.98,0.62,0.476,0.303,0.358,0.187
8149.5,0.895,0.68,0.311,0.246,0.455,0.0446
8149.75,0.661,0.633,0.355,-0.034,0.388,0.0891
8150.0,0.676,0.567,0.312,0.00147,0.276,0.0494
8150.25,0.835,0.545,0.331,0.172,0.277,0.0667
8150.5,0.791,0.532,0.329,0.0653,0.26,0.0775
8150.75,0.673,0.485,0.449,0.00938,0.201,0.174
8151.0,0.843,0.521,0.406,0.173,0.259,0.141
8151.25,0.859,0.615,0.31,0.196,0.348,0.0503
8151.5,0.867,0.514,0.344,0.201,0.231,0.0779
8151.75,0.897,0.522,0.31,0.244,0.253,0.0516
8152.0,0.871,0.542,0.349,0.217,0.257,0.0856
8152.25,0.739,0.471,0.349,0.106,0.165,0.0891
8152.5,0.803,0.563,0.479,0.119,0.294,0.193
8152.75,0.944,0.602,0.381,0.306,0.338,0.119
8153.0,0.941,0.56,0.323,0.327,0.295,0.0677
8153.25,0.885,0.458,0.337,0.246,0.27,0.078
8153.5,0.851,0.391,0.31,0.239,0.157,0.0592
8153.75,0.791,0.512,0.356,0.0782,0.296,0.0871
8154.0,0.848,0.495,0.386,0.192,0.305,0.116
8154.25,0.718,0.494,0.481,0.039,0.305,0.202
8154.5,0.79,0.587,0.313,0.0916,0.418,0.0675
8154.75,0.629,0.367,0.33,-0.038,0.143,0.0763
8155.0,0.784,0.415,0.339,0.102,0.192,0.0851
8155.25,1.15,0.562,0.313,0.725,0.376,0.0613
8155.5,1.22,0.517,0.355,0.813,0.33,-0.15
8155.75,1.2,0.613,0.435,0.751,0.46,-0.23
8156.0,1.2,0.619,0.425,0.789,0.453,-0.24
8156.25,1.4,0.512,0.309,0.989,0.306,-0.34
8156.5,1.27,0.489,0.339,0.826,0.294,-0.32
8156.75,1.19,0.481,0.33,0.781,0.274,-0.32
8157.0,1.33,0.539,0.316,0.896,0.344,-0.33
8157.25,1.19,0.483,0.394,0.769,0.313,-0.27
8157.5,1.25,0.425,0.442,0.848,0.211,-0.23
8157.75,1.44,0.525,0.393,1.02,0.328,-0.26
8158.0,1.15,0.462,0.31,0.697,0.283,-0.33
8158.25,1.1,0.434,0.35,0.651,0.237,-0.3
8158.5,1.26,0.586,0.319,0.805,0.43,-0.32
8158.75,1.24,0.462,0.338,0.783,0.283,-0.3
8159.0,1.23,0.46,0.447,0.791,0.271,-0.22
8159.25,1.33,0.55,0.421,0.938,0.354,-0.23
8159.5,1.37,0.482,0.365,0.985,0.283,-0.29
8159.75,1.38,0.442,0.312,0.963,0.247,-0.33
8160.0,1.32,0.531,0.362,0.889,0.357,-0.28
8160.25,1.27,0.544,0.313,0.863,0.374,-0.32
8160.5,1.25,0.479,0.371,0.831,0.316,-0.28
8160.75,1.27,0.382,0.47,0.915,0.175,-0.2
8161.0,1.31,0.516,0.38,0.877,0.316,-0.27
8161.25,1.38,0.497,0.355,0.981,0.324,-0.3
8161.5,1.27,0.474,0.314,0.905,0.288,-0.32
8161.75,1.29,0.672,0.364,0.874,0.56,-0.29
8162.0,1.2,0.569,0.316,0.748,0.434,-0.32
8162.25,1.2,0.564,0.425,0.734,0.405,-0.24
8162.5,1.18,0.627,0.45,0.712,0.492,-0.21
8162.75,1.15,0.384,0.345,0.693,0.171,-0.3
8163.0,1.25,0.57,0.337,0.81,0.395,-0.31
8163.25,1.25,0.601,0.318,0.822,0.465,-0.32
8163.5,1.29,0.426,0.356,0.858,0.2,-0.3
8163.75,1.36,0.408,0.31,0.931,0.212,-0.33
8164.0,1.19,0.538,0.487,0.794,0.347,-0.19
8164.25,1.21,0.507,0.399,0.783,0.325,-0.26
8164.5,1.39,0.517,0.341,0.978,0.375,-0.31
8164.75,1.27,0.466,0.321,0.873,0.278,-0.32
8165.0,1.27,0.46,0.33,0.842,0.251,-0.32
8165.25,1.34,0.483,0.341,0.978,0.311,-0.31
8165.5,1.35,0.432,0.377,0.947,0.237,0.0936
8165.75,1.2,0.563,0.498,0.683,0.385,0.239
8166.0,0.746,0.497,0.357,0.0767,0.336,0.121
8166.25,0.778,0.447,0.357,0.0812,0.25,0.104
8166.5,0.643,0.522,0.32,-0.02,0.337,0.07
8166.75,0.79,0.494,0.352,0.131,0.308,0.0973
8167.0,0.963,0.418,0.327,0.309,0.219,0.0764
8167.25,0.799,0.519,0.421,0.167,0.346,0.155
8167.5,0.808,0.525,0.438,0.149,0.348,0.182
8167.75,0.83,0.459,0.32,0.193,0.27,0.0713
8168.0,0.935,0.522,0.366,0.333,0.355,0.111
8168.25,0.883,0.574,0.32,0.227,0.426,0.07
8168.5,0.779,0.522,0.358,0.152,0.366,0.101
8168.75,0.819,0.665,0.345,0.167,0.525,0.09
8169.0,0.681,0.619,0.478,0.007,0.473,0.204
8169.25,0.798,0.443,0.398,0.145,0.275,0.14
8169.5,0.877,0.401,0.337,0.17,0.195,0.0814
8169.75,0.635,0.5,0.361,-0.022,0.289,0.104
8170.0,0.699,0.544,0.317,0.0195,0.383,0.07
8170.25,0.835,0.512,0.372,0.166,0.339,0.111
8170.5,0.915,0.531,0.384,0.302,0.372,0.125
8170.75,0.858,0.452,0.482,0.19,0.258,0.211
8171.0,0.764,0.418,0.329,0.122,0.205,0.0771
8171.25,0.897,0.493,0.313,0.286,0.31,0.0625
8171.5,0.932,0.545,0.34,0.31,0.365,0.0827
8171.75,0.893,0.515,0.31,0.28,0.342,0.06
8172.0,0.937,0.493,0.359,0.28,0.328,0.097
8172.25,0.754,0.443,0.448,0.113,0.225,0.17
8172.5,0.728,0.469,0.422,0.084,0.261,0.153
8172.75,0.97,0.446,0.313,0.287,0.251,0.0622
8173.0,0.831,0.512,0.334,0.175,0.316,0.0736
8173.25,0.656,0.578,0.334,-0.029,0.407,0.0711
8173.5,0.799,0.453,0.31,0.0913,0.265,0.0504
8173.75,0.691,0.394,0.419,0.0085,0.161,0.137
8174.0,0.864,0.536,0.437,0.194,0.34,0.16
8174.25,0.853,0.533,0.359,0.182,0.343,0.0875
8174.5,0.762,0.605,0.315,0.119,0.444,0.0512
8174.75,0.791,0.67,0.337,0.127,0.529,0.0742
8175.0,0.824,0.62,0.332,0.183,0.459,0.0758
8175.25,0.977,0.42,0.31,0.336,0.205,0.0468
8175.5,0.838,0.46,0.496,0.156,0.242,0.199
8175.75,0.743,0.474,0.381,0.111,0.26,0.115
8176.0,0.866,0.604,0.358,0.215,0.439,0.0919
8176.25,0.0,0.0,0.0,0.0,0.0,0.0
8176.5,0.0,0.0,0.0,0.0,0.0,0.0
8176.75,0.0,0.0,0.0,0.0,0.0,0.0
8177.0,0.0,0.0,0.0,0.0,0.0,0.0
8177.25,0.0,0.0,0.0,0.0,0.0,0.0
8177.5,0.0,0.0,0.0,0.0,0.0,0.0
8177.75,1.56,0.847,0.647,0.813,0.523,0.17
8178.0,1.48,0.795,0.597,0.805,0.537,0.182
8178.25,1.08,0.603,0.503,0.394,0.401,0.158
8178.5,1.03,0.601,0.341,0.371,0.439,0.03
8178.75,1.05,0.604,0.392,0.427,0.47,0.0836
8179.0,0.844,0.507,0.403,0.205,0.326,0.0955
8179.25,1.11,0.452,0.355,0.653,0.266,0.0621
8179.5,1.29,0.499,0.507,0.898,0.326,0.0562
8179.75,1.29,0.597,0.475,0.868,0.408,-0.25
8180.0,1.37,0.541,0.333,0.972,0.376,-0.37
8180.25,1.33,0.503,0.36,0.934,0.33,-0.35
8180.5,1.22,0.531,0.4,0.799,0.347,-0.31
8180.75,1.25,0.607,0.353,0.828,0.444,-0.35
8181.0,1.36,0.571,0.493,0.967,0.43,-0.23
8181.25,1.35,0.634,0.466,0.933,0.497,-0.25
8181.5,1.32,0.565,0.333,0.928,0.387,-0.37
8181.75,1.27,0.53,0.366,0.87,0.37,-0.34
8182.0,1.34,0.446,0.386,0.934,0.259,-0.32
8182.25,1.28,0.503,0.338,0.855,0.314,-0.37
8182.5,1.21,0.531,0.517,0.764,0.346,-0.22
8182.75,1.15,0.498,0.434,0.677,0.321,-0.28
8183.0,1.12,0.49,0.346,0.657,0.321,-0.36
8183.25,1.24,0.49,0.389,0.778,0.323,-0.32
8183.5,1.26,0.543,0.34,0.791,0.369,-0.36
8183.75,1.27,0.512,0.375,0.869,0.348,-0.33
8184.0,1.4,0.432,0.498,1.02,0.252,-0.23
8184.25,1.38,0.494,0.428,0.987,0.319,-0.28
8184.5,1.42,0.583,0.375,1.04,0.432,-0.33
8184.75,1.51,0.512,0.34,1.14,0.367,-0.36
8185.0,1.4,0.412,0.396,1.02,0.227,-0.31
8185.25,1.25,0.457,0.343,0.857,0.263,-0.36
8185.5,1.35,0.511,0.474,0.93,0.328,-0.25
8185.75,1.3,0.535,0.436,0.897,0.37,-0.28
8186.0,1.3,0.486,0.349,0.898,0.319,-0.36
8186.25,1.37,0.588,0.386,0.967,0.422,-0.33
8186.5,1.23,0.493,0.34,0.842,0.31,-0.36
8186.75,1.3,0.477,0.383,0.898,0.316,-0.32
8187.0,1.39,0.607,0.449,0.972,0.469,-0.27
8187.25,1.28,0.703,0.468,0.888,0.589,-0.25
8187.5,1.3,0.585,0.367,0.903,0.464,-0.34
8187.75,1.23,0.452,0.353,0.792,0.288,-0.35
8188.0,1.15,0.516,0.369,0.688,0.315,-0.34
8188.25,1.28,0.463,0.329,0.797,0.249,-0.37
8188.5,1.24,0.452,0.492,0.804,0.261,-0.24
8188.75,1.15,0.538,0.446,0.719,0.348,-0.27
8189.0,1.22,0.523,0.359,0.755,0.301,-0.35
8189.25,1.33,0.555,0.355,0.893,0.352,-0.35
8189.5,1.26,0.478,0.35,0.84,0.289,-0.36
8189.75,1.36,0.467,0.374,0.914,0.271,0.0145
8190.0,1.23,0.394,0.414,0.814,0.19,0.0884
8190.25,0.995,0.537,0.51,0.436,0.358,0.173
8190.5,1.11,0.558,0.349,0.443,0.373,0.0381
8190.75,0.99,0.511,0.379,0.339,0.233,0.0572
8191.0,0.998,0.522,0.337,0.33,0.21,0.0213
8191.25,0.895,0.605,0.358,0.118,0.285,0.0406
8191.5,1.16,0.861,0.438,0.0243,0.298,0.0682
8191.75,1.16,1.09,0.528,-0.02,0.315,0.118
8192.0,1.64,1.85,0.451,0.189,0.384,0.056
8192.25,1.28,1.79,0.397,-0.005,0.373,0.0428
8192.5,1.59,1.7,0.423,0.132,0.272,0.0857
8192.75,2.74,1.77,0.511,0.174,0.203,0.0244
8193.0,3.13,2.03,0.754,0.425,0.418,0.271
8193.25,3.49,2.04,1.05,0.462,0.526,0.39
8193.5,3.49,2.08,2.63,0.186,0.287,0.203
8193.75,3.28,2.71,3.0,0.119,0.203,0.07
8194.0,3.34,2.77,3.94,0.199,0.205,0.006
8194.25,3.31,2.42,4.3,0.188,0.147,0.0055
8194.5,3.13,2.44,4.11,0.0187,0.175,-0.078
8194.75,3.46,2.58,3.78,0.117,0.278,0.0445
8195.0,3.08,1.75,3.71,-0.045,0.14,-0.017
8195.25,3.42,2.39,2.92,0.248,0.218,-0.042
8195.5,2.92,2.65,2.25,0.207,0.24,-0.055
8195.75,1.77,2.08,2.24,0.322,0.182,-0.078
8196.0,2.63,2.78,2.29,0.233,0.399,-0.039
8196.25,3.06,2.75,2.39,0.172,0.458,-0.01
8196.5,2.99,1.93,2.47,0.278,0.292,0.02
8196.75,2.98,1.84,3.35,0.0746,0.17,0.00385
8197.0,3.84,1.04,3.48,0.35,0.155,0.0266
8197.25,4.32,2.16,4.19,0.124,0.0923,0.125
8197.5,3.59,3.09,4.41,0.00667,0.092,0.00333
8197.75,4.06,4.0,4.67,0.292,0.14,0.108
8198.0,3.94,3.13,3.86,0.208,0.246,0.182
8198.25,3.79,2.83,3.6,0.138,0.199,0.14
8198.5,3.82,2.72,4.3,0.226,0.142,0.0286
8198.75,3.57,2.73,4.6,0.433,0.155,0.0121
8199.0,3.89,3.03,4.67,0.384,0.346,0.06
8199.25,3.41,2.95,5.2,0.259,0.263,0.137
8199.5,3.03,2.89,3.98,0.368,0.267,0.102
8199.75,2.42,2.91,3.01,0.357,0.411,-0.068
8200.0,0.0,0.0,0.0,0.0,0.0,0.0
8200.25,0.0,0.0,0.0,0.0,0.0,0.0
8200.5,0.0,0.0,0.0,0.0,0.0,0.0
8200.75,2.05,1.77,1.04,0.607,0.59,0.18
8201.0,1.83,1.62,3.26,0.578,0.492,0.127
8201.25,1.4,1.47,3.26,0.331,0.302,0.0395
8201.5,1.37,2.05,3.04,0.272,0.199,-0.013
8201.75,1.31,1.91,2.24,0.242,0.211,0.095
8202.0,1.04,1.62,1.24,0.109,0.271,-0.018
8202.25,0.926,1.79,0.497,0.157,0.164,0.106
8202.5,1.32,1.72,0.916,0.837,0.215,0.122
8202.75,1.37,1.62,0.977,0.876,0.186,0.0917
8203.0,1.32,0.816,1.03,0.923,0.249,0.0427
8203.25,1.34,0.871,1.61,0.847,0.221,-0.22
8203.5,1.45,0.896,1.08,0.872,0.0994,-0.4
8203.75,1.5,0.946,0.615,0.908,0.162,-0.38
8204.0,1.45,1.13,1.1,0.849,0.407,-0.28
8204.25,1.34,1.08,0.943,0.703,0.351,-0.35
8204.5,1.33,1.11,0.701,0.722,0.391,-0.37
8204.75,1.18,0.846,0.637,0.625,0.301,-0.37
8205.0,1.37,0.597,0.379,0.719,0.33,-0.35
8205.25,1.43,0.491,0.376,0.977,0.198,-0.33
8205.5,1.12,0.558,0.434,0.963,0.29,-0.27
8205.75,1.09,0.675,0.487,0.993,0.436,-0.22
8206.0,1.2,0.592,0.325,1.12,0.333,-0.36
8206.25,1.22,0.484,0.4,1.07,0.203,-0.33
8206.5,1.09,0.528,0.42,0.917,0.242,-0.38
8206.75,1.13,0.548,0.441,1.0,0.256,-0.36
8207.0,1.05,0.642,0.501,0.869,0.406,-0.31
8207.25,1.02,0.557,0.557,0.861,0.319,-0.25
8207.5,1.06,0.615,0.456,0.868,0.349,-0.34
8207.75,1.0,0.588,0.42,0.768,0.311,-0.38
8208.0,0.888,0.469,0.469,0.679,0.165,-0.34
8208.25,0.981,0.549,0.42,0.768,0.276,-0.38
8208.5,0.973,0.626,0.489,0.736,0.367,-0.32
8208.75,1.13,0.558,0.559,0.986,0.288,-0.26
8209.0,1.22,0.542,0.455,1.05,0.273,-0.35
8209.25,1.02,0.565,0.446,0.84,0.304,-0.35
8209.5,1.0,0.559,0.42,0.854,0.272,-0.38
8209.75,1.18,0.571,0.458,1.01,0.309,-0.34
8210.0,1.17,0.543,0.483,1.03,0.293,-0.33
8210.25,1.06,0.602,0.574,0.907,0.348,-0.25
8210.5,1.06,0.702,0.466,0.853,0.491,-0.34
8210.75,0.899,0.663,0.441,0.691,0.434,-0.36
8211.0,0.945,0.623,0.457,0.741,0.383,-0.35
8211.25,1.25,0.615,0.421,1.07,0.354,-0.38
8211.5,1.16,0.596,0.487,1.03,0.335,-0.32
8211.75,1.14,0.565,0.553,1.02,0.314,-0.26
8212.0,1.16,0.504,0.5,0.999,0.238,-0.3
8212.25,1.08,0.572,0.42,0.918,0.284,-0.38
8212.5,0.965,0.57,0.441,0.821,0.309,-0.36
8212.75,1.17,0.519,0.453,1.01,0.234,-0.36
8213.0,0.954,0.637,0.421,0.81,0.37,-0.39
8213.25,0.877,0.588,0.614,0.693,0.328,-0.23
8213.5,1.18,0.521,0.46,0.989,0.223,-0.35
8213.75,1.01,0.593,0.447,0.851,0.283,-0.37
8214.0,0.997,0.565,0.416,0.806,0.241,-0.39
8214.25,1.02,0.54,0.451,0.809,0.206,-0.36
8214.5,1.01,0.662,0.427,0.828,0.347,-0.38
8214.75,1.17,0.582,0.551,0.959,0.222,-0.28
8215.0,1.23,0.633,0.504,0.988,0.266,-0.11
8215.25,1.3,0.703,0.436,0.752,0.176,0.006
8215.5,1.45,0.939,0.485,0.425,0.124,0.0353
8215.75,1.4,1.2,0.45,0.265,0.309,0.0
8216.0,1.36,2.07,0.487,0.03,0.394,0.0335
8216.25,1.75,2.67,0.584,0.224,0.374,0.126
8216.5,1.28,1.73,0.582,0.0386,0.208,0.129
8216.75,1.3,1.41,0.859,0.0113,0.303,-0.012
8217.0,1.6,2.34,1.3,0.163,0.0665,-0.049
8217.25,1.45,2.02,1.42,0.095,0.207,-0.01
8217.5,1.96,2.13,2.15,0.112,0.326,0.166
8217.75,2.05,2.38,3.57,0.334,0.386,0.36
8218.0,2.1,2.25,4.98,0.255,0.243,0.188
8218.25,2.03,2.02,4.17,0.212,0.147,0.0712
8218.5,1.91,2.3,3.69,0.0662,0.0485,0.0138
8218.75,2.02,1.92,3.32,-0.014,0.189,0.0194
8219.0,2.0,1.97,2.81,0.0243,0.152,0.055
8219.25,2.03,2.04,1.45,0.0616,0.239,0.101
8219.5,1.83,2.13,1.63,0.0389,0.188,0.107
8219.75,1.59,2.55,2.35,0.0871,0.315,-0.032
8220.0,1.48,2.45,2.13,0.118,0.261,-0.017
8220.25,1.55,2.27,2.1,0.237,0.368,-0.049
8220.5,2.03,2.09,1.42,0.114,0.334,0.0375
8220.75,3.38,1.93,1.48,0.174,0.243,0.0644
8221.0,3.37,1.88,2.22,0.00714,0.203,0.163
8221.25,3.31,2.56,2.1,-0.067,0.213,0.0643
8221.5,3.37,2.06,2.8,0.124,0.188,0.0505
8221.75,4.29,2.3,3.8,0.284,0.318,-0.026
8222.0,3.63,1.91,3.81,-0.045,0.267,-0.055
8222.25,3.76,1.9,4.07,-0.063,0.247,-0.0096
8222.5,4.18,1.85,4.15,-0.12,0.131,0.0132
8222.75,4.19,1.89,3.91,0.0963,0.106,0.0693
8223.0,4.2,1.96,3.73,0.175,0.16,0.0288
8223.25,4.47,2.96,4.36,0.117,0.214,-0.05
8223.5,4.47,3.62,4.19,0.268,0.232,0.00821
8223.75,4.29,3.57,3.37,0.235,0.165,0.0713
8224.0,3.14,3.21,3.59,0.2,0.22,0.214
8224.25,3.7,2.94,3.57,0.238,0.0782,0.0686
8224.5,3.29,2.96,3.23,0.0774,0.0295,-0.045
8224.75,3.04,3.14,2.89,0.123,0.144,-0.046
8225.0,3.4,3.97,2.31,0.00182,0.261,0.0341
8225.25,4.04,3.69,2.08,0.3,0.38,0.0246
8225.5,4.0,2.97,2.76,0.263,0.331,0.0196
8225.75,3.94,3.54,2.91,0.155,0.29,0.0064
8226.0,3.05,3.54,2.29,0.0486,0.255,-0.021
8226.25,3.17,3.38,1.44,0.055,0.261,0.0488
8226.5,3.26,1.89,1.03,0.172,0.259,0.00172
8226.75,3.76,3.02,2.55,-0.05,0.211,-0.062
8227.0,3.74,3.11,2.25,-0.22,0.237,0.0773
8227.25,3.48,3.16,1.56,0.112,0.358,0.137
8227.5,3.32,3.1,1.44,0.457,0.325,0.0218
8227.75,3.17,2.43,1.5,0.655,0.409,-0.38
8228.0,2.95,2.57,1.55,0.813,0.296,-0.34
8228.25,1.75,2.03,0.579,0.736,0.306,-0.4
8228.5,1.26,0.64,0.514,0.773,0.259,-0.27
8228.75,1.4,0.539,0.476,0.958,0.213,-0.25
8229.0,1.42,0.584,0.4,0.973,0.276,-0.32
8229.25,1.26,0.582,0.344,0.915,0.265,-0.35
8229.5,1.22,0.543,0.247,0.946,0.39,-0.33
8229.75,1.12,0.372,0.256,0.866,0.19,-0.33
8230.0,1.16,0.567,0.272,0.922,0.45,-0.31
8230.25,1.21,0.491,0.404,0.979,0.344,-0.2
8230.5,1.07,0.597,0.272,0.813,0.475,-0.31
8230.75,1.03,0.49,0.269,0.815,0.346,-0.31
8231.0,1.21,0.512,0.232,0.993,0.386,-0.34
8231.25,1.18,0.42,0.254,0.937,0.244,-0.32
8231.5,1.1,0.392,0.253,0.895,0.227,-0.33
8231.75,1.17,0.434,0.376,0.954,0.251,-0.23
8232.0,0.975,0.444,0.316,0.694,0.276,-0.28
8232.25,0.977,0.494,0.23,0.706,0.339,-0.35
8232.5,1.15,0.436,0.267,0.881,0.283,-0.31
8232.75,1.01,0.436,0.233,0.726,0.274,-0.35
8233.0,0.959,0.395,0.264,0.718,0.212,-0.32
8233.25,1.24,0.438,0.353,1.04,0.27,-0.25
8233.5,1.14,0.407,0.355,0.892,0.222,-0.25
8233.75,1.09,0.487,0.239,0.873,0.331,-0.34
8234.0,1.31,0.474,0.239,1.12,0.322,-0.34
8234.25,1.09,0.399,0.258,0.845,0.22,-0.32
8234.5,1.0,0.425,0.23,0.776,0.247,-0.35
8234.75,1.19,0.39,0.335,0.913,0.205,-0.26
8235.0,1.05,0.464,0.358,0.765,0.296,-0.24
8235.25,0.958,0.444,0.267,0.706,0.276,-0.32
8235.5,1.12,0.441,0.235,0.893,0.283,-0.35
8235.75,1.15,0.413,0.249,0.909,0.217,-0.33
8236.0,1.24,0.428,0.246,1.06,0.253,-0.34
8236.25,1.31,0.47,0.299,1.13,0.278,-0.29
8236.5,1.08,0.593,0.402,0.846,0.482,-0.21
8236.75,1.02,0.537,0.263,0.814,0.414,-0.32
8237.0,1.23,0.592,0.269,1.01,0.441,-0.33
8237.25,1.06,0.444,0.231,0.775,0.285,-0.35
8237.5,0.953,0.454,0.273,0.694,0.268,-0.31
8237.75,1.08,0.403,0.236,0.817,0.239,-0.35
8238.0,1.06,0.404,0.389,0.789,0.222,-0.22
8238.25,1.09,0.563,0.334,0.844,0.431,-0.27
8238.5,1.27,0.391,0.231,1.07,0.221,-0.36
8238.75,1.01,0.463,0.249,0.757,0.223,0.0636
8239.0,0.691,0.463,0.236,0.264,0.159,0.0528
8239.25,0.654,0.552,0.266,0.201,0.232,0.0786
8239.5,0.943,0.853,0.544,0.496,0.441,0.348
8239.75,0.933,1.3,0.61,0.385,0.513,0.396
8240.0,1.23,1.08,0.255,0.0492,0.254,0.0631
8240.25,2.08,0.628,0.249,0.0535,0.0759,0.0512
8240.5,1.77,0.755,0.281,0.00652,0.185,0.0452
8240.75,2.11,1.3,0.372,-0.05,0.12,0.00917
8241.0,2.25,1.58,0.452,0.148,0.191,0.0858
8241.25,2.08,2.6,0.566,0.00444,0.323,0.109
8241.5,2.62,2.33,0.509,0.0936,0.179,0.035
8241.75,3.51,2.63,0.525,0.363,0.205,0.0325
8242.0,3.19,3.13,1.26,0.223,0.252,0.0776
8242.25,3.12,3.04,1.26,0.118,0.359,0.0495
8242.5,3.1,2.58,0.866,0.2,0.332,0.0549
8242.75,3.44,3.09,1.02,0.00455,0.368,0.17
8243.0,3.34,3.12,1.21,0.228,0.236,-0.0052
8243.25,3.12,2.35,1.12,0.0255,0.209,-0.033
8243.5,2.94,2.13,0.352,0.0853,0.187,0.0353
8243.75,2.71,2.07,0.999,0.334,0.22,0.07
8244.0,2.86,1.7,1.06,0.295,0.265,0.046
8244.25,2.07,2.02,1.39,0.163,0.302,0.113
8244.5,1.44,1.16,0.922,0.105,0.106,0.143
8244.75,1.36,1.31,0.666,-0.065,0.229,0.05
8245.0,1.52,1.93,0.753,-0.21,0.194,0.0926
8245.25,1.57,2.16,1.54,0.0118,0.198,0.00441
8245.5,1.6,2.03,1.99,0.0419,0.219,0.0904
8245.75,1.45,3.21,3.14,-0.1,0.428,0.253
8246.0,1.72,3.65,3.88,0.0848,0.406,0.438
8246.25,2.33,3.75,3.42,0.0888,0.412,0.297
8246.5,2.49,3.65,3.16,0.132,0.424,0.298
8246.75,1.9,3.78,3.26,0.15,0.461,0.345
8247.0,1.98,3.49,3.49,0.197,0.689,0.309
8247.25,2.41,3.34,2.85,0.0643,0.684,0.389
8247.5,2.44,3.26,4.05,0.273,0.662,0.511
8247.75,2.39,3.28,3.63,0.426,0.811,0.657
8248.0,1.93,2.1,3.39,0.511,0.456,0.541
8248.25,1.78,1.42,3.41,0.342,0.441,0.378
8248.5,1.6,1.43,3.3,0.187,0.231,0.194
8248.75,1.96,1.89,1.45,0.13,0.199,0.0517
8249.0,1.87,2.28,1.54,0.234,0.21,0.161
8249.25,1.59,2.12,2.3,0.0478,0.243,0.178
8249.5,1.6,2.04,2.55,0.0357,0.179,0.0825
8249.75,1.65,1.33,1.99,0.113,0.223,0.0397
8250.0,1.47,1.25,2.33,0.043,0.311,0.0618
8250.25,1.49,1.2,2.02,-0.0054,0.202,0.0531
8250.5,1.57,1.15,1.98,-0.01,0.15,0.0821
8250.75,1.39,1.52,2.02,-0.0093,0.223,0.217
8251.0,1.09,1.07,1.52,0.038,0.189,0.0744
8251.25,1.3,0.948,1.2,0.363,0.192,0.099
8251.5,1.72,0.999,1.43,0.93,0.291,0.0424
8251.75,1.51,0.798,1.2,0.739,0.15,-0.31
8252.0,1.51,0.896,1.59,0.726,0.272,-0.36
8252.25,1.44,0.877,1.34,0.652,0.264,-0.29
8252.5,1.3,0.937,1.27,0.547,0.336,-0.28
8252.75,1.31,0.918,1.01,0.566,0.311,-0.38
8253.0,1.43,1.09,0.576,0.713,0.548,-0.21
8253.25,1.35,0.994,0.617,0.832,0.48,-0.14
8253.5,1.22,0.606,0.388,0.791,0.302,-0.26
8253.75,1.22,0.469,0.322,0.759,0.193,-0.31
8254.0,1.28,0.501,0.4,0.847,0.241,-0.25
8254.25,0.94,0.405,0.308,0.686,0.292,-0.32
8254.5,1.06,0.445,0.26,0.82,0.359,-0.36
8254.75,1.31,0.34,0.296,1.04,0.227,-0.33
8255.0,1.11,0.416,0.261,0.872,0.306,-0.36
8255.25,0.943,0.313,0.29,0.694,0.185,-0.34
8255.5,1.1,0.408,0.384,0.841,0.297,-0.26
8255.75,1.1,0.413,0.348,0.85,0.301,-0.29
8256.0,1.09,0.442,0.29,0.883,0.359,-0.34
8256.25,1.16,0.361,0.269,0.959,0.243,-0.36
8256.5,1.23,0.379,0.293,1.02,0.261,-0.33
8256.75,1.01,0.353,0.26,0.804,0.229,-0.36
8257.0,1.0,0.367,0.348,0.749,0.25,-0.29
8257.25,1.14,0.434,0.395,0.856,0.317,-0.25
8257.5,1.0,0.435,0.292,0.742,0.355,-0.34
8257.75,0.901,0.342,0.281,0.652,0.219,-0.34
8258.0,0.999,0.395,0.262,0.739,0.288,-0.36
8258.25,1.26,0.346,0.295,1.04,0.215,-0.34
8258.5,1.07,0.335,0.261,0.874,0.221,-0.36
8258.75,1.08,0.464,0.424,0.83,0.368,-0.23
8259.0,1.22,0.419,0.353,0.979,0.346,-0.28
8259.25,1.06,0.362,0.279,0.854,0.23,-0.35
8259.5,0.994,0.345,0.283,0.731,0.233,-0.34
8259.75,1.05,0.387,0.262,0.769,0.259,-0.36
8260.0,1.02,0.338,0.297,0.776,0.226,-0.33
8260.25,0.898,0.51,0.303,0.646,0.418,-0.33
8260.5,1.01,0.531,0.428,0.72,0.495,-0.23
8260.75,1.31,0.484,0.284,1.11,0.39,-0.34
8261.0,1.11,0.404,0.284,0.941,0.313,-0.36
8261.25,1.24,0.379,0.286,1.07,0.25,-0.34
8261.5,1.21,0.308,0.268,1.02,0.182,-0.05
8261.75,1.06,0.488,0.3,0.786,0.405,0.0781
8262.0,0.55,0.395,0.382,0.0571,0.3,0.147
8262.25,0.569,0.388,0.387,0.0561,0.278,0.14
8262.5,0.547,0.319,0.284,0.0549,0.182,0.0551
8262.75,0.518,0.461,0.265,-0.002,0.293,0.04
8263.0,0.799,0.32,0.288,0.29,0.138,0.06
8263.25,0.659,0.522,0.262,0.211,0.395,0.04
8263.5,0.604,0.879,0.331,0.157,0.26,0.0987
8263.75,0.699,1.3,0.409,0.237,0.296,0.168
8264.0,0.666,1.36,0.318,0.187,0.152,0.0832
8264.25,1.01,1.64,0.292,0.248,0.236,0.0569
8264.5,0.942,0.867,0.304,0.174,0.0415,0.0346
8264.75,0.823,0.96,0.489,0.00437,0.26,0.0322
8265.0,0.826,0.896,0.429,0.00387,0.133,0.01
8265.25,1.39,1.16,0.683,0.105,0.286,0.0782
8265.5,2.07,1.1,1.38,0.065,0.226,0.0743
8265.75,1.94,1.32,3.03,0.236,0.276,0.0576
8266.0,2.17,1.12,3.03,0.328,0.057,0.0585
8266.25,1.65,1.26,2.57,0.262,0.197,0.0448
8266.5,1.44,3.51,4.77,0.174,0.226,0.181
8266.75,1.44,4.37,4.6,0.0988,0.157,0.14
8267.0,1.37,3.9,5.23,0.0288,0.114,0.266
8267.25,1.44,4.15,4.73,-0.099,0.171,0.12
8267.5,1.26,4.57,4.73,-0.064,0.168,0.0373
8267.75,1.34,3.56,4.53,0.0228,0.228,0.0717
8268.0,1.3,3.77,3.39,-0.029,0.255,0.125
8268.25,1.29,4.23,4.07,0.0405,0.187,0.126
8268.5,1.24,3.58,4.73,0.139,0.26,0.104
8268.75,1.4,4.45,4.92,0.316,0.346,0.256
8269.0,1.49,4.83,5.26,0.372,0.536,0.288
8269.25,1.41,4.73,5.04,0.225,0.477,0.337
8269.5,1.32,4.46,5.14,-0.028,0.359,0.113
8269.75,1.26,1.98,3.47,-0.11,0.146,0.0152
8270.0,1.47,1.98,4.41,0.169,0.25,0.0512
8270.25,1.61,1.51,4.74,0.0573,0.271,0.109
8270.5,2.49,1.58,4.29,0.264,0.306,0.0739
8270.75,2.62,1.13,3.99,0.308,0.212,0.0227
8271.0,2.52,0.952,2.69,0.228,0.122,0.00424
8271.25,2.26,0.903,1.89,0.266,0.119,0.0983
8271.5,2.85,0.855,2.33,0.392,0.0118,0.101
8271.75,3.19,0.98,3.37,0.493,0.137,0.0904
8272.0,3.0,0.9,2.58,0.261,0.128,0.146
8272.25,2.94,0.859,1.99,0.353,0.167,0.141
8272.5,2.95,0.861,2.1,0.223,0.174,0.0897
8272.75,2.72,0.786,1.69,0.222,0.134,0.0773
8273.0,2.7,0.779,1.18,0.254,0.138,0.11
8273.25,2.83,0.656,0.411,0.456,0.149,0.0523
8273.5,2.28,0.696,0.94,0.303,0.229,0.144
8273.75,2.42,0.595,0.453,0.439,0.278,0.0998
8274.0,1.93,0.474,0.429,0.352,0.286,0.0778
8274.25,1.49,0.412,0.396,0.0765,0.264,0.0475
8274.5,1.11,0.443,0.363,0.0191,0.181,0.0651
8274.75,0.753,0.47,0.316,0.0564,0.248,0.0894
8275.0,0.852,0.53,0.351,0.15,0.258,0.117
8275.25,0.874,0.544,0.448,0.397,0.287,0.201
8275.5,1.15,0.498,0.285,0.748,0.226,-0.11
8275.75,1.41,0.501,0.315,1.01,0.232,-0.31
8276.0,1.38,0.476,0.28,0.955,0.205,-0.34
8276.25,1.24,0.463,0.296,0.809,0.38,-0.33
8276.5,1.17,0.535,0.294,0.755,0.448,-0.33
8276.75,1.26,0.535,0.408,0.851,0.466,-0.24
8277.0,1.29,0.385,0.372,0.829,0.28,-0.26
8277.25,1.18,0.383,0.28,0.863,0.256,-0.34
8277.5,1.11,0.358,0.307,0.854,0.222,-0.32
8277.75,0.899,0.355,0.28,0.641,0.224,-0.34
8278.0,1.02,0.395,0.305,0.752,0.28,-0.32
8278.25,1.22,0.457,0.359,0.989,0.353,-0.28
8278.5,1.24,0.366,0.411,1.03,0.245,-0.23
8278.75,1.0,0.368,0.309,0.793,0.253,-0.31
8279.0,1.01,0.331,0.28,0.803,0.214,-0.34
8279.25,1.25,0.416,0.329,1.02,0.307,-0.3
8279.5,1.04,0.346,0.281,0.771,0.226,-0.34
8279.75,0.963,0.494,0.311,0.711,0.415,-0.31
8280.0,1.04,0.379,0.427,0.81,0.276,-0.22
8280.25,1.09,0.355,0.356,0.826,0.246,-0.27
8280.5,1.09,0.379,0.308,0.813,0.26,-0.32
8280.75,1.11,0.38,0.281,0.895,0.27,-0.34
8281.0,1.16,0.409,0.318,0.959,0.299,-0.31
8281.25,1.11,0.411,0.28,0.894,0.331,-0.34
8281.5,1.12,0.417,0.4,0.903,0.302,-0.24
8281.75,1.15,0.335,0.409,0.911,0.227,-0.23
8282.0,1.05,0.358,0.304,0.807,0.232,-0.32
8282.25,0.98,0.442,0.283,0.693,0.331,-0.34
8282.5,0.975,0.442,0.288,0.687,0.351,-0.34
8282.75,1.13,0.577,0.332,0.865,0.542,-0.3
8283.0,1.13,0.451,0.308,0.911,0.373,-0.32
8283.25,1.16,0.537,0.468,0.98,0.481,-0.18
8283.5,1.23,0.331,0.301,1.01,0.2,-0.32
8283.75,1.15,0.408,0.317,0.942,0.306,-0.31
8284.0,1.16,0.409,0.288,0.973,0.308,-0.34
8284.25,1.15,0.43,0.294,0.958,0.362,-0.33
8284.5,1.17,0.363,0.305,0.91,0.24,-0.32
8284.75,0.983,0.394,0.383,0.702,0.296,-0.26
8285.0,0.948,0.347,0.415,0.677,0.221,-0.23
8285.25,1.06,0.381,0.286,0.795,0.277,-0.34
8285.5,1.1,0.442,0.321,0.821,0.34,0.0684
8285.75,0.616,0.38,0.291,0.148,0.291,0.071
8286.0,0.575,0.367,0.304,0.134,0.243,0.079
8286.25,0.736,0.335,0.334,0.302,0.208,0.0988
8286.5,0.716,0.337,0.422,0.24,0.204,0.173
8286.75,0.819,0.388,0.353,0.387,0.245,0.114
8287.0,0.666,0.495,0.551,0.193,0.301,0.0146
8287.25,0.557,0.614,0.701,0.082,0.202,0.026
8287.5,0.668,0.569,0.621,0.169,0.17,0.0
8287.75,0.815,0.551,0.664,0.319,0.186,0.00176
8288.0,0.566,0.459,0.757,0.101,0.147,0.0956
8288.25,0.714,0.604,0.695,0.0875,0.106,0.0578
8288.5,1.27,0.962,0.515,0.417,0.269,0.0743
8288.75,1.22,1.12,0.395,0.238,0.114,0.0618
8289.0,1.77,1.71,1.09,0.269,0.203,0.0982
8289.25,2.42,0.965,1.3,0.428,0.169,0.0698
8289.5,1.87,1.19,2.34,0.173,0.235,0.0928
8289.75,1.99,1.18,2.19,0.118,0.132,0.0908
8290.0,2.27,1.99,1.98,0.345,0.296,-0.01
8290.25,2.61,3.8,1.78,0.152,0.0921,0.0709
8290.5,2.23,4.26,1.9,0.0372,0.107,0.0406
8290.75,2.72,3.98,2.18,0.367,0.00075,0.015
8291.0,2.34,5.19,3.95,0.333,0.279,0.0988
8291.25,2.53,5.05,4.29,0.565,0.206,0.266
8291.5,2.05,6.03,4.05,0.384,0.377,0.228
8291.75,2.08,4.4,4.97,0.481,0.388,0.218
8292.0,2.11,4.41,5.09,0.57,0.275,0.262
8292.25,2.16,3.39,5.11,0.438,0.29,0.181
8292.5,1.46,3.3,5.11,0.145,0.301,0.205
8292.75,0.969,2.04,3.06,0.0205,0.186,0.179
8293.0,0.897,0.809,2.17,0.02,0.248,0.165
8293.25,0.785,0.865,2.01,-0.088,0.238,0.0257
8293.5,1.3,0.999,1.65,0.358,0.289,0.267
8293.75,1.38,1.05,2.31,0.427,0.344,0.245
8294.0,1.28,0.992,2.64,0.113,0.217,0.0826
8294.25,1.26,1.01,2.84,0.178,0.26,0.0691
8294.5,1.25,1.03,1.88,0.0443,0.297,0.181
8294.75,1.27,1.09,2.18,0.144,0.352,0.0892
8295.0,1.27,0.924,1.68,0.161,0.173,0.0413
8295.25,1.06,0.864,1.92,-0.0079,0.116,0.0357
8295.5,0.988,0.702,1.28,0.119,0.1,0.0437
8295.75,1.2,0.708,1.3,0.186,0.195,0.0633
8296.0,1.76,0.749,1.3,0.379,0.26,0.076
8296.25,1.63,0.761,1.41,0.23,0.267,0.161
8296.5,1.58,0.64,1.31,0.208,0.121,0.0885
8296.75,1.57,0.692,1.27,0.183,0.185,0.0592
8297.0,1.73,0.715,1.31,0.335,0.192,0.0914
8297.25,1.75,0.693,1.28,0.35,0.177,0.0607
8297.5,1.44,0.672,1.32,0.133,0.152,0.0904
8297.75,0.707,0.771,1.28,0.119,0.319,0.198
8298.0,0.884,0.677,1.23,0.271,0.186,0.159
8298.25,0.626,0.542,0.341,0.111,0.179,0.081
8298.5,0.545,0.535,0.246,0.0829,0.17,0.0742
8298.75,0.467,0.615,0.259,0.0172,0.272,0.0855
8299.0,0.584,0.586,0.24,0.109,0.238,0.07
8299.25,0.556,0.555,0.374,0.0743,0.223,0.177
8299.5,0.968,0.606,0.333,0.81,0.251,0.15
8299.75,1.12,0.55,0.266,0.916,0.192,-0.29
8300.0,0.983,0.544,0.23,0.769,0.171,-0.33
8300.25,1.03,0.528,0.253,0.802,0.174,-0.31
8300.5,1.09,0.66,0.238,0.845,0.32,-0.32
8300.75,1.05,0.684,0.285,0.829,0.376,-0.29
8301.0,0.853,0.638,0.388,0.588,0.317,-0.21
8301.25,0.878,0.62,0.256,0.581,0.274,-0.31
8301.5,0.996,0.709,0.267,0.703,0.388,-0.3
8301.75,0.926,0.484,0.23,0.642,0.113,-0.33
8302.0,0.905,0.627,0.268,0.625,0.31,-0.3
8302.25,1.06,0.617,0.232,0.802,0.281,-0.32
8302.5,1.28,0.561,0.391,1.09,0.219,-0.2
8302.75,1.22,0.483,0.309,1.06,0.116,-0.26
8303.0,1.2,0.64,0.255,1.03,0.314,-0.31
8303.25,1.25,0.552,0.261,1.05,0.202,-0.3
8303.5,1.09,0.616,0.243,0.887,0.304,-0.32
8303.75,0.988,0.571,0.276,0.76,0.24,-0.29
8304.0,0.963,0.616,0.296,0.722,0.274,-0.28
8304.25,1.11,0.516,0.4,0.87,0.164,-0.19
8304.5,1.12,0.545,0.24,0.901,0.199,-0.32
8304.75,0.958,0.634,0.283,0.704,0.311,-0.28
8305.0,1.06,0.607,0.238,0.853,0.284,-0.32
8305.25,1.21,0.585,0.264,1.03,0.27,-0.3
8305.5,1.16,0.549,0.26,0.944,0.196,-0.3
8305.75,1.1,0.623,0.391,0.898,0.295,-0.2
8306.0,1.12,0.469,0.308,0.957,0.107,-0.26
8306.25,1.01,0.658,0.235,0.832,0.335,-0.32
8306.5,1.05,0.614,0.272,0.778,0.282,-0.29
8306.75,1.11,0.571,0.231,0.86,0.245,-0.32
8307.0,0.916,0.514,0.272,0.692,0.16,-0.3
8307.25,0.891,0.658,0.333,0.657,0.353,-0.24
8307.5,0.988,0.695,0.364,0.718,0.381,-0.22
8307.75,1.25,0.648,0.241,1.04,0.347,-0.32
8308.0,1.05,0.682,0.241,0.855,0.373,-0.32
8308.25,1.06,0.635,0.252,0.907,0.316,-0.31
8308.5,1.2,0.545,0.232,1.01,0.185,-0.33
8308.75,1.36,0.53,0.318,1.22,0.189,-0.26
8309.0,1.12,0.549,0.37,0.927,0.187,-0.21
8309.25,1.03,0.639,0.293,0.835,0.316,-0.28
8309.5,1.09,0.538,0.249,0.837,0.202,0.0245
8309.75,0.805,0.663,0.271,0.473,0.334,0.102
8310.0,0.531,0.532,0.26,0.0612,0.169,0.0896
8310.25,0.635,0.562,0.25,0.195,0.216,0.0763
8310.5,0.697,0.5,0.39,0.255,0.137,0.189
8310.75,0.609,0.642,0.324,0.17,0.31,0.14
8311.0,0.571,0.58,0.282,0.157,0.24,0.101
8311.25,0.808,0.601,0.24,0.421,0.276,0.07
8311.5,0.663,0.49,0.278,0.211,0.123,0.098
8311.75,0.508,0.621,0.241,0.035,0.276,0.07
8312.0,0.459,0.531,0.324,0.0102,0.168,0.133
8312.25,0.569,0.61,0.376,0.103,0.276,0.18
8312.5,0.589,0.582,0.249,0.0927,0.241,0.068
8312.75,0.546,0.599,0.267,0.0994,0.264,0.0863
8313.0,0.78,0.516,0.235,0.391,0.156,0.06
8313.25,0.646,0.568,0.271,0.181,0.216,0.0878
8313.5,0.617,0.53,0.232,0.192,0.165,0.06
8313.75,0.661,0.645,0.413,0.233,0.329,0.202
8314.0,0.723,0.723,0.285,0.28,0.435,0.106
8314.25,0.479,0.696,0.254,0.0447,0.391,0.076
8314.5,0.481,0.64,0.241,0.0275,0.313,0.0673
8314.75,0.726,0.582,0.243,0.237,0.234,0.0683
8315.0,0.724,0.559,0.275,0.272,0.202,0.0916
8315.25,0.564,0.543,0.34,0.137,0.2,0.144
8315.5,0.676,0.64,0.375,0.266,0.314,0.171
8315.75,0.774,0.57,0.23,0.317,0.227,0.0588
8316.0,0.682,0.537,0.269,0.236,0.185,0.0827
8316.25,0.588,0.53,0.234,0.172,0.17,0.0587
8316.5,0.749,0.622,0.264,0.338,0.273,0.0805
8316.75,0.582,0.565,0.253,0.128,0.218,0.0744
8317.0,0.621,0.619,0.394,0.149,0.309,0.189
8317.25,0.559,0.564,0.259,0.106,0.198,0.0829
8317.5,0.62,0.564,0.242,0.161,0.218,0.0677
8317.75,0.515,0.485,0.259,0.0325,0.11,0.08
8318.0,0.657,0.684,0.23,0.173,0.348,0.0592
8318.25,0.729,0.542,0.283,0.293,0.188,0.0869
8318.5,0.653,0.616,0.327,0.229,0.298,0.131
8318.75,0.601,0.606,0.394,0.152,0.242,0.185
8319.0,0.6,0.554,0.236,0.165,0.208,0.0602
8319.25,0.772,0.525,0.273,0.362,0.168,0.0936
8319.5,0.645,0.533,0.232,0.232,0.182,0.06
8319.75,0.554,0.691,0.247,0.0691,0.342,0.073
8320.0,0.58,0.531,0.287,0.0993,0.199,0.104
8320.25,0.523,0.629,0.374,0.0568,0.294,0.175
8320.5,0.494,0.695,0.285,0.0268,0.374,0.102
8320.75,0.619,0.644,0.235,0.152,0.318,0.0625
8321.0,0.857,0.647,0.272,0.441,0.317,0.0865
8321.25,0.737,0.651,0.236,0.358,0.317,0.0609
8321.5,0.731,0.592,0.271,0.309,0.253,0.09
8321.75,0.815,0.536,0.373,0.381,0.185,0.18
8322.0,0.717,0.55,0.348,0.298,0.194,0.16
8322.25,0.615,0.608,0.242,0.231,0.263,0.072
8322.5,0.547,0.563,0.255,0.0959,0.202,0.0778
8322.75,0.664,0.575,0.255,0.176,0.239,0.0768
8323.0,0.569,0.585,0.24,0.0682,0.241,0.06
8323.25,0.511,0.619,0.345,0.048,0.272,0.151
8323.5,0.816,0.539,0.358,0.603,0.172,0.165
8323.75,1.08,0.547,0.266,0.856,0.189,-0.24
8324.0,1.07,0.608,0.23,0.844,0.252,-0.33
8324.25,1.07,0.574,0.259,0.874,0.238,-0.31
8324.5,1.24,0.595,0.233,1.09,0.266,-0.33
8324.75,1.11,0.567,0.277,0.868,0.206,-0.29
8325.0,1.07,0.6,0.39,0.875,0.263,-0.19
8325.25,1.17,0.489,0.275,0.972,0.136,-0.28
8325.5,1.05,0.65,0.277,0.826,0.293,-0.29
8325.75,1.0,0.646,0.24,0.751,0.326,-0.32
8326.0,0.889,0.569,0.278,0.66,0.253,-0.29
8326.25,1.06,0.492,0.24,0.826,0.138,-0.32
8326.5,1.14,0.693,0.383,0.909,0.376,-0.2
8326.75,1.23,0.652,0.343,1.05,0.337,-0.23
8327.0,1.11,0.687,0.255,0.929,0.393,-0.31
8327.25,1.14,0.739,0.257,1.0,0.442,-0.31
8327.5,1.2,0.679,0.24,1.03,0.378,-0.32
8327.75,1.2,0.549,0.276,1.06,0.205,-0.29
8328.0,1.2,0.527,0.291,0.991,0.188,-0.28
8328.25,0.94,0.634,0.408,0.684,0.298,-0.18
8328.5,0.94,0.574,0.249,0.698,0.24,-0.31
8328.75,1.03,0.588,0.274,0.798,0.276,-0.29
8329.0,1.1,0.653,0.236,0.882,0.321,-0.32
8329.25,1.2,0.556,0.246,1.01,0.206,-0.31
8329.5,1.06,0.509,0.254,0.852,0.149,-0.3
8329.75,1.1,0.639,0.354,0.92,0.282,-0.22
8330.0,1.07,0.584,0.346,0.868,0.237,-0.23
8330.25,1.14,0.626,0.237,0.926,0.318,-0.32
8330.5,1.15,0.575,0.278,0.959,0.233,-0.29
8330.75,1.04,0.59,0.24,0.857,0.26,-0.32
8331.0,0.887,0.492,0.257,0.655,0.134,-0.31
8331.25,1.03,0.603,0.322,0.768,0.278,-0.26
8331.5,1.12,0.535,0.383,0.898,0.188,-0.2
8331.75,1.0,0.652,0.257,0.754,0.352,-0.31
8332.0,1.11,0.611,0.24,0.909,0.274,-0.32
8332.25,1.09,0.57,0.282,0.892,0.241,-0.29
8332.5,1.13,0.556,0.24,0.952,0.198,-0.32
8332.75,1.12,0.607,0.292,0.922,0.287,-0.28
8333.0,1.09,0.577,0.373,0.89,0.25,-0.21
8333.25,1.32,0.769,0.332,1.2,0.52,-0.24
8333.5,1.08,0.701,0.248,0.905,0.404,0.0341
8333.75,0.976,0.661,0.275,0.679,0.37,0.113
8334.0,0.667,0.576,0.264,0.201,0.225,0.103
8334.25,0.557,0.578,0.258,0.103,0.256,0.0967
8334.5,0.438,0.538,0.369,-0.014,0.193,0.19
8334.75,0.686,0.677,0.355,0.249,0.377,0.184
8335.0,0.866,0.57,0.281,0.463,0.222,0.12
8335.25,0.601,0.549,0.246,0.185,0.215,0.08
8335.5,0.548,0.545,0.288,0.143,0.19,0.115
8335.75,0.638,0.581,0.243,0.204,0.254,0.0792
8336.0,0.816,0.614,0.286,0.393,0.279,0.115
8336.25,0.585,0.644,0.392,0.141,0.34,0.207
8336.5,0.436,0.549,0.256,-0.01,0.21,0.0843
8336.75,0.595,0.616,0.285,0.124,0.288,0.109
8337.0,0.545,0.542,0.241,0.06,0.205,0.07
8337.25,0.678,0.499,0.283,0.244,0.141,0.108
8337.5,0.676,0.655,0.242,0.258,0.351,0.07
8337.75,0.734,0.567,0.42,0.331,0.24,0.219
8338.0,0.555,0.588,0.33,0.149,0.255,0.149
8338.25,0.647,0.524,0.264,0.212,0.173,0.0875
8338.5,0.827,0.632,0.249,0.382,0.302,0.0779
8338.75,0.611,0.512,0.245,0.183,0.16,0.0732
8339.0,0.467,0.644,0.274,0.0342,0.329,0.0947
8339.25,0.672,0.701,0.323,0.208,0.412,0.13
8339.5,0.744,0.708,0.407,0.269,0.408,0.21
8339.75,0.671,0.634,0.24,0.214,0.31,0.07
8340.0,0.475,0.627,0.283,0.0325,0.302,0.103
8340.25,0.733,0.58,0.249,0.327,0.235,0.0771
8340.5,0.673,0.602,0.26,0.228,0.275,0.0857
8340.75,0.689,0.653,0.319,0.239,0.326,0.131
8341.0,0.728,0.563,0.367,0.315,0.219,0.17
8341.25,0.69,0.562,0.323,0.29,0.195,0.133
8341.5,0.591,0.524,0.23,0.146,0.164,0.0575
8341.75,0.604,0.558,0.275,0.18,0.204,0.0872
8342.0,0.665,0.632,0.237,0.181,0.297,0.0604
8342.25,0.548,0.623,0.258,0.0626,0.279,0.0813
8342.5,0.506,0.57,0.394,0.0362,0.22,0.199
8342.75,0.545,0.608,0.297,0.0938,0.285,0.121
8343.0,0.669,0.559,0.284,0.221,0.196,0.104
8343.25,0.694,0.592,0.24,0.244,0.259,0.07
8343.5,0.647,0.559,0.291,0.205,0.222,0.108
8343.75,0.667,0.651,0.251,0.25,0.329,0.0788
8344.0,0.565,0.537,0.337,0.151,0.179,0.147
8344.25,0.698,0.571,0.373,0.248,0.22,0.182
8344.5,0.817,0.563,0.235,0.369,0.208,0.0627
8344.75,0.671,0.625,0.279,0.256,0.287,0.0964
8345.0,0.794,0.562,0.23,0.45,0.215,0.0594
8345.25,0.735,0.73,0.264,0.353,0.441,0.0871
8345.5,0.874,0.707,0.308,0.451,0.391,0.121
8345.75,0.623,0.618,0.372,0.174,0.282,0.175
8346.0,0.514,0.652,0.275,0.0353,0.328,0.0965
8346.25,0.588,0.53,0.24,0.106,0.173,0.07
8346.5,0.589,0.653,0.278,0.109,0.327,0.1
8346.75,0.52,0.529,0.24,0.0559,0.183,0.07
8347.0,0.671,0.614,0.327,0.239,0.282,0.153
8347.25,0.794,0.523,0.402,0.392,0.175,0.228
8347.5,0.992,0.606,0.293,0.913,0.278,0.136
8347.75,1.07,0.606,0.287,0.886,0.278,-0.25
8348.0,1.21,0.644,0.24,1.03,0.343,-0.32
8348.25,1.08,0.589,0.282,0.873,0.261,-0.28
8348.5,1.04,0.581,0.239,0.845,0.246,-0.32
8348.75,1.16,0.568,0.379,1.01,0.23,-0.21
8349.0,1.17,0.541,0.336,1.0,0.191,-0.23
8349.25,1.12,0.66,0.237,0.915,0.339,-0.32
8349.5,1.08,0.575,0.283,0.885,0.222,-0.28
8349.75,1.11,0.673,0.239,0.907,0.367,-0.32
8350.0,0.94,0.533,0.276,0.717,0.185,-0.29
8350.25,1.05,0.582,0.345,0.795,0.244,-0.23
8350.5,1.01,0.524,0.367,0.778,0.172,-0.21
8350.75,1.03,0.68,0.281,0.809,0.375,-0.28
8351.0,1.18,0.595,0.24,0.995,0.278,-0.32
8351.25,1.23,0.734,0.289,1.05,0.465,-0.28
8351.5,1.32,0.645,0.242,1.19,0.343,-0.31
8351.75,1.12,0.73,0.318,0.947,0.437,-0.26
8352.0,1.13,0.6,0.388,0.953,0.279,-0.19
8352.25,1.13,0.639,0.267,0.93,0.318,-0.29
8352.5,1.27,0.607,0.276,1.12,0.308,-0.28
8352.75,1.08,0.617,0.242,0.905,0.294,-0.31
8353.0,0.971,0.61,0.287,0.725,0.29,-0.28
8353.25,1.12,0.472,0.239,0.88,0.114,-0.32
8353.5,0.946,0.619,0.406,0.707,0.293,-0.18
8353.75,0.973,0.586,0.331,0.744,0.254,-0.24
8354.0,1.09,0.655,0.243,0.858,0.339,-0.32
8354.25,1.17,0.544,0.281,0.965,0.198,-0.29
8354.5,1.02,0.557,0.23,0.809,0.209,-0.32
8354.75,1.05,0.542,0.277,0.852,0.177,-0.29
8355.0,1.17,0.588,0.358,0.96,0.236,-0.23
8355.25,1.1,0.579,0.378,0.88,0.231,-0.21
8355.5,1.05,0.669,0.249,0.847,0.355,-0.31
8355.75,1.11,0.518,0.23,0.93,0.152,-0.33
8356.0,1.01,0.563,0.274,0.806,0.215,-0.3
8356.25,1.2,0.59,0.23,0.992,0.235,-0.33
8356.5,1.1,0.543,0.311,0.853,0.205,-0.27
8356.75,1.06,0.67,0.373,0.852,0.344,-0.21
8357.0,0.992,0.623,0.296,0.796,0.326,-0.28
8357.25,1.18,0.723,0.266,0.961,0.417,-0.23
8357.5,1.35,0.671,0.25,1.16,0.365,0.0871
8357.75,0.674,0.672,0.285,0.291,0.364,0.117
8358.0,0.58,0.585,0.25,0.174,0.243,0.083
8358.25,0.687,0.692,0.421,0.239,0.393,0.228
8358.5,0.781,0.548,0.345,0.323,0.199,0.169
8358.75,0.74,0.697,0.269,0.339,0.297,0.0989
8359.0,0.749,0.525,0.245,0.345,0.0869,0.0738
8359.25,0.54,0.625,0.24,0.0491,0.263,0.07
8359.5,0.592,0.556,0.287,0.0828,0.21,0.106
8359.75,0.735,0.634,0.298,0.255,0.312,0.113
8360.0,0.628,0.813,0.472,0.128,0.27,0.199
8360.25,1.14,2.37,0.694,0.227,0.253,0.169
8360.5,1.25,2.51,0.526,0.415,0.359,0.319
8360.75,1.25,2.44,0.528,0.395,0.477,0.253
8361.0,1.75,2.53,1.55,0.376,0.312,0.0473
8361.25,1.31,2.41,2.11,0.303,0.354,0.089
8361.5,1.2,2.18,2.23,0.128,0.18,0.128
8361.75,1.4,2.23,2.26,0.206,0.0958,0.085
8362.0,1.32,1.57,2.9,0.253,0.158,0.0422
8362.25,1.24,2.26,2.71,0.0737,0.0528,0.055
8362.5,1.24,2.42,2.72,0.0117,0.223,0.0617
8362.75,1.92,2.38,2.7,0.0132,0.151,0.0368
8363.0,2.08,2.12,2.48,0.119,0.179,0.157
8363.25,1.96,1.7,1.98,0.0151,0.0482,0.117
8363.5,2.22,1.71,1.83,0.304,0.179,0.0718
8363.75,1.9,0.832,1.76,0.16,0.114,0.0765
8364.0,1.73,0.952,1.38,0.222,0.274,0.0884
8364.25,1.13,0.788,0.886,0.451,0.226,0.0988
8364.5,0.951,0.76,0.712,0.188,0.24,0.0877
8364.75,1.02,0.828,0.575,0.303,0.325,0.191
8365.0,0.822,0.924,0.422,0.111,0.388,0.0344
8365.25,1.12,0.821,1.14,0.205,0.307,0.0943
8365.5,1.11,0.918,1.14,0.142,0.448,0.0831
8365.75,1.1,0.844,1.15,0.157,0.326,0.0989
8366.0,1.22,0.758,1.19,0.278,0.229,0.12
8366.25,1.11,0.708,1.24,0.128,0.147,0.204
8366.5,0.945,0.789,1.23,0.163,0.263,0.169
8366.75,1.22,0.722,1.16,0.314,0.18,0.0831
8367.0,1.18,0.813,1.18,0.271,0.296,0.0844
8367.25,1.23,1.26,1.18,0.29,0.213,0.0806
8367.5,1.07,1.64,1.15,0.218,0.223,0.0527
8367.75,0.919,1.56,1.3,0.27,0.135,0.17
8368.0,0.931,1.62,1.26,0.306,0.213,0.138
8368.25,1.07,1.73,1.32,0.442,0.284,0.175
8368.5,1.03,1.95,1.44,0.364,0.51,0.283
8368.75,0.866,1.92,1.47,0.17,0.43,0.295
8369.0,0.932,1.67,0.702,0.186,0.225,0.067
8369.25,0.902,1.62,0.473,0.102,0.199,0.084
8369.5,0.848,1.61,0.596,0.0865,0.201,0.176
8369.75,0.847,1.7,0.468,0.147,0.287,0.0288
8370.0,0.884,1.83,0.488,0.213,0.506,0.0595
8370.25,0.862,1.72,0.455,0.162,0.411,0.0365
8370.5,0.844,1.75,0.453,0.173,0.451,0.0525
8370.75,0.899,0.936,0.387,0.308,0.179,0.11
8371.0,0.786,0.792,0.441,0.171,0.273,0.194
8371.25,0.721,0.701,0.419,0.116,0.178,0.179
8371.5,0.775,0.872,0.31,0.168,0.357,0.0773
8371.75,0.843,0.695,0.35,0.172,0.186,-0.23
8372.0,0.668,0.784,0.305,0.0165,0.27,-0.33
8372.25,0.644,0.671,0.315,0.0389,0.135,-0.33
8372.5,0.761,0.789,0.458,0.105,0.243,-0.21
8372.75,0.849,0.707,0.382,0.202,0.19,-0.26
8373.0,0.845,0.863,0.341,0.265,0.384,-0.3
8373.25,0.744,0.696,0.301,0.129,0.178,-0.34
8373.5,0.868,0.786,0.346,0.267,0.265,-0.3
8373.75,0.807,0.688,0.303,0.244,0.152,-0.34
8374.0,0.919,0.767,0.406,0.343,0.253,-0.25
8374.25,0.979,0.737,0.44,0.398,0.21,-0.22
8374.5,0.78,0.806,0.308,0.196,0.295,-0.33
8374.75,0.688,0.762,0.335,0.045,0.243,-0.31
8375.0,0.688,0.706,0.301,0.027,0.184,-0.34
8375.25,0.802,0.726,0.342,0.167,0.195,-0.3
8375.5,0.673,0.707,0.352,0.00636,0.175,-0.3
8375.75,0.747,0.782,0.455,0.126,0.251,-0.21
8376.0,0.733,0.761,0.324,0.136,0.245,-0.32
8376.25,0.896,0.786,0.316,0.272,0.265,-0.33
8376.5,0.79,0.78,0.307,0.174,0.287,-0.33
8376.75,0.733,0.839,0.297,0.151,0.337,-0.34
8377.0,0.932,0.791,0.327,0.339,0.3,-0.31
8377.25,0.681,0.871,0.421,0.0344,0.369,-0.24
8377.5,0.728,0.756,0.412,0.103,0.258,-0.24
8377.75,0.737,0.759,0.295,0.0773,0.226,-0.34
8378.0,0.747,0.708,0.332,0.1,0.165,-0.31
8378.25,0.601,0.749,0.293,-0.029,0.209,-0.34
8378.5,0.773,0.683,0.329,0.14,0.158,-0.32
8378.75,0.863,0.791,0.38,0.247,0.273,-0.27
8379.0,0.817,0.768,0.418,0.219,0.274,-0.24
8379.25,0.77,0.729,0.309,0.145,0.183,-0.33
8379.5,0.723,0.668,0.295,0.118,0.13,-0.34
8379.75,0.872,0.751,0.316,0.259,0.219,-0.32
8380.0,0.753,0.697,0.291,0.0788,0.165,-0.34
8380.25,0.741,0.819,0.384,0.112,0.317,-0.27
8380.5,0.742,0.698,0.429,0.15,0.173,-0.23
8380.75,0.941,0.796,0.347,0.313,0.282,-0.3
8381.0,0.801,0.642,0.292,0.172,0.0873,-0.34
8381.25,0.817,0.798,0.334,0.231,0.288,-0.31
8381.5,0.861,0.679,0.309,0.228,0.144,0.01
8381.75,0.756,0.887,0.331,0.16,0.356,0.0794
8382.0,0.708,0.662,0.448,0.105,0.129,0.179
8382.25,0.897,0.773,0.367,0.248,0.237,0.112
8382.5,0.777,0.693,0.334,0.113,0.156,0.0744
8382.75,0.628,0.706,0.3,-0.049,0.155,0.0494
8383.0,0.799,0.782,0.336,0.111,0.228,0.0772
8383.25,0.65,0.91,0.311,0.00515,0.322,0.0421
8383.5,0.725,0.856,0.435,0.0436,0.293,0.153
8383.75,0.976,0.913,0.395,0.353,0.339,0.125
8384.0,0.908,0.846,0.389,0.171,0.246,0.0444
8384.25,1.04,0.83,0.485,0.0428,0.193,0.0292
8384.5,1.38,0.803,0.479,0.264,0.143,0.0436
8384.75,1.34,1.11,0.626,0.261,0.483,0.203
8385.0,1.54,0.965,0.642,0.245,0.296,0.322
8385.25,1.49,0.973,0.624,0.29,0.297,0.302
8385.5,1.15,0.756,0.587,0.0326,0.113,0.0574
8385.75,1.31,0.75,1.08,0.183,0.123,0.0847
8386.0,1.37,0.814,0.671,0.28,0.218,0.0641
8386.25,1.07,0.72,0.804,-0.021,0.182,0.0889
8386.5,1.33,0.771,0.576,0.231,0.215,0.0826
8386.75,1.27,0.718,1.05,0.126,0.0524,0.194
8387.0,2.04,0.908,0.946,0.285,0.201,0.1
8387.25,2.24,0.787,1.08,0.203,0.112,0.0477
8387.5,1.76,0.887,0.709,0.151,0.286,0.0552
8387.75,1.85,0.803,0.744,0.256,0.217,0.053
8388.0,1.75,0.834,0.858,0.069,0.218,0.0624
8388.25,1.81,0.757,0.789,0.131,0.155,0.122
8388.5,1.29,0.77,0.91,0.0065,0.172,0.137
8388.75,0.935,0.806,0.615,-0.017,0.193,0.0718
8389.0,1.05,0.912,1.14,0.176,0.291,0.0918
8389.25,2.98,0.87,1.13,0.575,0.264,0.0524
8389.5,2.88,0.815,1.16,0.311,0.159,0.059
8389.75,3.53,0.84,1.3,0.39,0.19,0.0871
8390.0,3.73,0.91,1.38,0.631,0.273,0.157
8390.25,2.76,0.925,0.896,0.336,0.259,0.0768
8390.5,2.48,1.16,0.902,0.401,0.446,0.0381
8390.75,1.98,0.841,0.848,0.121,0.255,0.06
8391.0,1.64,0.758,0.881,0.116,0.196,0.0314
8391.25,1.06,1.38,0.833,0.226,0.166,0.055
8391.5,0.865,1.48,0.786,0.111,0.203,0.0942
8391.75,0.923,1.5,0.805,0.178,0.281,0.0617
8392.0,1.04,1.47,0.691,0.374,0.253,0.00316
8392.25,0.796,1.58,0.631,0.124,0.282,0.00923
8392.5,0.795,1.36,0.634,0.101,0.115,0.00273
8392.75,0.814,0.786,0.211,0.182,0.202,0.00154
8393.0,0.886,0.748,0.305,0.278,0.166,0.0842
8393.25,0.747,0.751,0.309,0.121,0.168,0.0963
8393.5,0.64,0.777,0.222,0.0256,0.216,0.0237
8393.75,0.76,0.774,0.181,0.13,0.194,0.0
8394.0,0.682,0.689,0.222,0.127,0.204,0.0292
8394.25,0.525,0.602,0.181,0.0429,0.126,0.0
8394.5,0.543,0.658,0.231,0.0182,0.19,0.0373
8394.75,0.678,0.72,0.324,0.185,0.26,0.104
8395.0,0.577,0.712,0.24,0.142,0.267,0.0444
8395.25,0.681,0.627,0.201,0.213,0.152,0.014
8395.5,0.642,0.656,0.194,0.193,0.198,0.01
8395.75,0.671,0.626,0.216,0.246,0.148,-0.19
8396.0,0.595,0.665,0.18,0.141,0.212,-0.39
8396.25,0.692,0.704,0.318,0.267,0.244,-0.28
8396.5,0.629,0.709,0.287,0.159,0.266,-0.31
8396.75,0.662,0.744,0.223,0.181,0.31,-0.36
8397.0,0.475,0.701,0.18,-0.0067,0.263,-0.39
8397.25,0.424,0.826,0.208,-0.034,0.406,-0.37
8397.5,0.707,0.613,0.187,0.214,0.149,-0.39
8397.75,0.745,0.795,0.221,0.31,0.376,-0.37
8398.0,0.562,0.634,0.341,0.14,0.181,-0.26
8398.25,0.579,0.686,0.214,0.134,0.216,-0.36
8398.5,0.692,0.615,0.22,0.252,0.154,-0.36
8398.75,0.665,0.659,0.181,0.248,0.197,-0.39
8399.0,0.617,0.707,0.219,0.154,0.276,-0.36
8399.25,0.476,0.669,0.19,0.013,0.228,-0.39
8399.5,0.583,0.717,0.336,0.132,0.304,-0.28
8399.75,0.558,0.647,0.275,0.0767,0.186,-0.32
8400.0,0.691,0.6,0.189,0.268,0.137,-0.38
8400.25,0.647,0.688,0.203,0.238,0.236,-0.38
8400.5,0.951,0.674,0.184,0.576,0.231,-0.39
8400.75,0.662,0.716,0.217,0.217,0.293,-0.36
8401.0,0.618,0.654,0.269,0.188,0.213,-0.34
8401.25,0.635,0.67,0.343,0.214,0.23,-0.26
8401.5,0.75,0.615,0.19,0.32,0.155,-0.39
8401.75,0.474,0.684,0.209,0.0234,0.251,-0.37
8402.0,0.465,0.703,0.201,0.00314,0.263,-0.38
8402.25,0.631,0.671,0.195,0.129,0.259,-0.39
8402.5,0.616,0.685,0.234,0.162,0.24,-0.35
8402.75,0.539,0.664,0.325,0.102,0.208,-0.28
8403.0,0.581,0.633,0.258,0.122,0.18,-0.33
8403.25,0.952,0.673,0.19,0.889,0.222,-0.39
8403.5,1.19,0.701,0.219,1.01,0.287,-0.37
8403.75,1.1,0.724,0.191,0.901,0.319,-0.39
8404.0,1.0,0.801,0.209,0.818,0.414,-0.38
8404.25,1.08,0.772,0.324,0.856,0.361,-0.28
8404.5,1.04,0.696,0.264,0.79,0.287,-0.33
8404.75,1.0,0.692,0.225,0.766,0.241,-0.36
8405.0,1.09,0.704,0.19,0.875,0.292,-0.39
8405.25,1.03,0.664,0.222,0.789,0.231,-0.36
8405.5,0.939,0.628,0.197,0.704,0.161,-0.054
8405.75,1.11,0.73,0.27,0.883,0.292,0.0713
8406.0,1.11,0.557,0.336,0.913,0.08,0.131
8406.25,1.16,0.682,0.191,0.964,0.246,0.01
8406.5,1.13,0.692,0.229,0.885,0.239,0.0379
8406.75,1.02,0.77,0.196,0.8,0.25,0.00903
8407.0,1.21,0.703,0.227,0.996,0.123,0.0367
8407.25,1.35,0.906,0.19,0.959,0.1,0.00179
8407.5,1.47,1.33,0.357,0.796,0.227,0.143
8407.75,1.49,1.13,0.228,0.771,0.136,0.0371
8408.0,1.53,1.33,0.198,0.763,0.273,0.0156
8408.25,1.57,1.1,0.222,0.722,0.11,0.0347
8408.5,1.56,1.19,0.222,0.625,0.241,0.00231
8408.75,1.89,1.06,0.276,0.852,0.091,0.0245
8409.0,1.79,1.24,0.497,0.836,0.279,0.243
8409.25,2.04,1.19,0.583,0.965,0.414,0.32
8409.5,2.4,1.03,0.432,0.96,0.282,0.0541
8409.75,2.14,0.867,0.343,0.719,0.158,-0.01
8410.0,1.9,1.09,0.628,0.492,0.196,0.0124
8410.25,1.64,1.14,0.607,0.627,0.149,0.0
8410.5,1.49,1.29,0.706,0.692,0.109,0.0613
8410.75,1.54,1.13,0.743,0.8,0.26,0.0921
8411.0,1.36,1.35,0.61,0.585,0.422,0.0225
8411.25,1.48,1.17,0.594,0.882,0.309,0.00136
8411.5,1.49,1.22,0.723,1.03,0.316,3.47e-19
8411.75,1.45,0.94,0.739,0.957,0.155,-0.0014
8412.0,1.47,0.656,0.547,0.991,0.155,-0.011
8412.25,1.3,0.719,0.993,0.864,0.181,0.0875
8412.5,1.46,0.902,0.876,1.03,0.346,0.0647
8412.75,1.5,0.684,0.815,0.825,0.0726,0.011
8413.0,1.25,0.77,0.694,0.67,0.233,0.000455
8413.25,1.28,0.653,0.749,0.801,0.176,0.0165
8413.5,1.14,0.65,0.558,0.63,0.183,0.0123
8413.75,1.19,0.68,0.386,0.679,0.224,0.0113
8414.0,1.42,0.753,0.475,0.782,0.313,0.104
8414.25,1.75,0.611,0.397,0.797,0.127,-0.034
8414.5,2.08,0.649,0.48,0.787,0.155,-0.016
8414.75,2.24,0.832,0.958,0.943,0.216,0.0
8415.0,2.12,0.806,0.763,0.808,0.164,0.0138
8415.25,2.12,0.842,0.787,0.823,0.232,0.00563
8415.5,2.37,0.842,0.987,0.988,0.231,0.08
8415.75,1.76,0.747,0.734,0.843,0.21,0.075
8416.0,1.3,0.717,0.652,0.761,0.169,0.0
8416.25,1.28,0.651,0.636,0.694,0.136,0.0258
8416.5,1.37,0.476,0.664,0.744,0.214,0.0
8416.75,1.22,0.509,0.633,0.74,0.319,0.0129
8417.0,1.05,0.489,0.636,0.578,0.309,0.0637
8417.25,1.18,0.334,0.662,0.673,0.115,0.102
8417.5,1.16,0.574,0.626,0.699,0.421,0.0167
8417.75,1.25,0.532,0.546,0.811,0.343,0.0
8418.0,1.28,0.562,0.54,0.823,0.412,0.0176
8418.25,1.28,0.442,0.293,0.848,0.249,-0.03
8418.5,1.19,0.545,0.374,0.765,0.381,0.0286
8418.75,1.07,0.334,0.39,0.833,0.128,0.098
8419.0,0.983,0.43,0.242,0.887,0.238,0.0502
8419.25,1.18,0.475,0.2,1.12,0.283,0.0161
8419.5,1.02,0.413,0.192,0.886,0.209,0.0102
8419.75,0.923,0.478,0.217,0.786,0.311,-0.099
8420.0,0.975,0.506,0.18,0.869,0.319,-0.39
8420.25,1.11,0.402,0.325,0.965,0.22,-0.28
8420.5,0.822,0.367,0.253,0.679,0.165,-0.33
8420.75,0.808,0.545,0.218,0.673,0.387,-0.36
8421.0,0.954,0.371,0.185,0.816,0.177,-0.39
8421.25,1.12,0.485,0.19,1.01,0.319,-0.38
8421.5,0.993,0.49,0.21,0.882,0.316,-0.37
8421.75,0.964,0.385,0.247,0.841,0.186,-0.34
8422.0,0.922,0.41,0.347,0.839,0.237,-0.26
8422.25,0.996,0.476,0.19,0.877,0.294,-0.39
8422.5,0.953,0.448,0.222,0.782,0.286,-0.37
8422.75,0.848,0.448,0.189,0.705,0.284,-0.39
8423.0,0.808,0.502,0.215,0.675,0.349,-0.37
8423.25,1.04,0.419,0.203,0.89,0.231,-0.38
8423.5,1.02,0.396,0.333,0.915,0.208,-0.27
8423.75,0.982,0.48,0.266,0.888,0.313,-0.33
8424.0,1.02,0.434,0.182,0.889,0.244,-0.39
8424.25,1.08,0.521,0.214,1.01,0.38,-0.37
8424.5,0.938,0.565,0.182,0.858,0.413,-0.39
8424.75,1.03,0.558,0.217,0.913,0.43,-0.37
8425.0,1.01,0.506,0.286,0.93,0.344,-0.31
8425.25,0.954,0.413,0.294,0.832,0.233,-0.3
8425.5,0.859,0.509,0.224,0.692,0.357,-0.36
8425.75,0.887,0.411,0.19,0.777,0.247,-0.39
8426.0,1.04,0.481,0.228,0.923,0.328,-0.36
8426.25,1.16,0.405,0.19,1.04,0.205,-0.39
8426.5,0.866,0.433,0.257,0.736,0.268,-0.34
8426.75,0.955,0.43,0.325,0.87,0.239,-0.28
8427.0,1.07,0.47,0.212,0.965,0.315,-0.38
8427.25,1.1,0.474,0.21,1.01,0.325,-0.38
8427.5,0.978,0.424,0.19,0.882,0.23,-0.4
8427.75,0.936,0.426,0.216,0.81,0.254,-0.37
8428.0,0.83,0.396,0.19,0.692,0.203,-0.4
8428.25,0.948,0.436,0.338,0.809,0.268,-0.28
8428.5,0.944,0.496,0.235,0.78,0.33,-0.36
8428.75,0.913,0.485,0.202,0.799,0.335,-0.39
8429.0,0.914,0.399,0.208,0.775,0.219,-0.38
8429.25,1.08,0.413,0.188,0.976,0.194,-0.4
8429.5,0.939,0.505,0.229,0.841,0.334,-0.071
8429.75,1.0,0.379,0.259,0.887,0.177,0.0579
8430.0,0.985,0.495,0.337,0.87,0.335,0.128
8430.25,1.04,0.479,0.192,0.953,0.303,0.01
8430.5,0.992,0.373,0.202,0.892,0.169,0.0159
8430.75,0.937,0.434,0.215,0.758,0.251,0.0277
8431.0,1.11,0.455,0.191,0.978,0.205,0.000556
8431.25,0.975,0.503,0.244,0.833,0.249,0.0358
8431.5,0.963,0.574,0.326,0.791,0.322,0.11
8431.75,0.955,0.623,0.268,0.687,0.394,0.0687
8432.0,1.08,0.636,0.182,0.781,0.367,0.0
8432.25,1.07,0.721,0.23,0.83,0.286,0.0168
8432.5,1.01,0.69,0.271,0.771,0.281,0.0213
8432.75,1.52,0.593,0.251,0.952,0.164,0.0227
8433.0,1.06,0.709,0.368,0.784,0.273,0.111
8433.25,1.21,0.694,0.348,0.961,0.172,0.1
8433.5,1.26,0.637,0.284,0.974,0.12,0.0467
8433.75,1.02,0.68,0.25,0.735,0.184,0.01
8434.0,1.05,0.623,0.26,0.743,0.0861,0.0183
8434.25,1.34,0.821,0.275,0.897,0.275,0.03
8434.5,1.24,1.11,0.387,0.689,0.232,0.06
8434.75,1.2,0.964,0.543,0.66,0.125,0.127
8435.0,2.07,1.04,0.342,1.07,0.229,-0.0015
8435.25,2.14,0.919,0.39,0.959,0.0949,0.00429
8435.5,2.15,0.831,0.322,1.07,0.23,-0.02
8435.75,1.92,0.686,0.33,1.13,0.205,-0.00043
8436.0,1.32,0.625,0.263,0.788,0.367,0.0041
8436.25,1.33,0.971,0.355,0.878,0.187,0.0868
8436.5,1.13,1.28,0.323,0.684,0.223,0.0706
8436.75,1.36,1.35,0.24,0.753,0.293,0.0
8437.0,1.66,1.43,0.482,1.12,0.349,0.131
8437.25,1.47,1.65,0.581,1.16,0.603,0.187
8437.5,1.24,1.35,0.434,0.873,0.278,0.0687
8437.75,1.43,0.744,0.359,1.1,0.285,0.0372
8438.0,1.44,0.503,0.419,1.24,0.182,0.0766
8438.25,1.35,0.796,0.322,0.956,0.143,0.00353
8438.5,1.62,0.926,0.232,1.01,0.26,0.0
8438.75,1.38,0.905,0.26,0.891,0.293,0.0187
8439.0,1.15,0.671,0.23,0.743,0.416,0.0
8439.25,1.17,0.677,0.284,0.894,0.237,0.0213
8439.5,1.24,1.52,0.389,0.786,0.444,0.0932
8439.75,1.05,1.27,0.289,0.788,0.156,0.0269
8440.0,1.11,1.34,0.264,0.877,0.255,0.00889
8440.25,1.09,1.35,0.25,0.865,0.263,0.0
8440.5,1.13,1.38,0.32,0.72,0.266,0.00839
8440.75,1.86,0.762,0.394,0.849,0.215,-0.03
8441.0,1.62,0.521,0.471,0.879,0.193,0.0731
8441.25,1.05,0.482,0.35,0.829,0.205,0.0782
8441.5,1.06,0.493,0.27,0.826,0.204,0.0125
8441.75,1.15,0.572,0.262,0.987,0.314,0.00762
8442.0,1.23,0.587,0.25,1.05,0.329,0.0
8442.25,1.04,0.449,0.276,0.831,0.153,0.0158
8442.5,0.959,0.526,0.299,0.76,0.229,0.0333
8442.75,0.971,0.471,0.419,0.706,0.175,0.128
8443.0,1.13,0.565,0.263,0.862,0.297,0.01
8443.25,0.894,0.52,0.286,0.65,0.242,0.0243
8443.5,0.885,0.526,0.255,0.624,0.267,0.00361
8443.75,0.914,0.522,0.263,0.642,0.223,-0.23
8444.0,1.08,0.463,0.271,0.826,0.175,-0.38
8444.25,1.09,0.461,0.372,0.863,0.173,-0.3
8444.5,1.03,0.532,0.341,0.805,0.246,-0.32
8444.75,1.06,0.582,0.25,0.884,0.325,-0.4
8445.0,1.18,0.439,0.283,0.954,0.149,-0.37
8445.25,1.08,0.539,0.25,0.855,0.269,-0.4
8445.5,1.02,0.545,0.275,0.815,0.268,-0.38
8445.75,1.01,0.627,0.33,0.8,0.389,-0.34
8446.0,1.15,0.591,0.369,0.911,0.343,-0.29
8446.25,1.02,0.685,0.283,0.768,0.447,-0.37
8446.5,1.0,0.485,0.25,0.769,0.202,-0.4
8446.75,0.944,0.454,0.279,0.692,0.158,-0.38
8447.0,1.13,0.571,0.25,0.853,0.282,-0.4
8447.25,0.947,0.453,0.296,0.684,0.161,-0.36
8447.5,1.1,0.553,0.394,0.91,0.312,-0.29
8447.75,1.23,0.583,0.313,1.07,0.324,-0.35
8448.0,1.33,0.506,0.268,1.14,0.234,-0.39
8448.25,1.08,0.481,0.252,0.918,0.201,-0.4
8448.5,1.04,0.49,0.288,0.835,0.214,-0.37
8448.75,1.13,0.544,0.254,0.92,0.289,-0.4
8449.0,1.19,0.548,0.38,1.02,0.288,-0.3
8449.25,1.0,0.551,0.349,0.803,0.317,-0.32
8449.5,0.953,0.524,0.28,0.689,0.249,-0.38
8449.75,0.919,0.479,0.259,0.676,0.219,-0.39
8450.0,1.15,0.479,0.26,0.885,0.186,-0.39
8450.25,1.03,0.541,0.277,0.769,0.273,-0.38
8450.5,0.941,0.518,0.285,0.723,0.252,-0.37
8450.75,1.02,0.519,0.406,0.776,0.244,-0.27
8451.0,1.18,0.539,0.26,0.958,0.256,-0.39
8451.25,1.07,0.429,0.281,0.862,0.13,-0.38
8451.5,1.07,0.521,0.25,0.852,0.249,-0.4
8451.75,1.03,0.485,0.266,0.811,0.196,-0.39
8452.0,1.11,0.544,0.264,0.917,0.294,-0.39
8452.25,1.07,0.602,0.367,0.846,0.361,-0.31
8452.5,1.06,0.618,0.34,0.841,0.37,-0.33
8452.75,0.917,0.592,0.25,0.68,0.352,-0.4
8453.0,1.06,0.524,0.278,0.8,0.247,-0.38
8453.25,0.943,0.531,0.25,0.707,0.263,-0.4
8453.5,0.992,0.519,0.281,0.762,0.252,-0.083
8453.75,1.01,0.555,0.331,0.74,0.286,0.0604
8454.0,1.09,0.507,0.375,0.849,0.217,0.0955
8454.25,1.07,0.478,0.285,0.892,0.189,0.0232
8454.5,1.16,0.479,0.251,0.933,0.199,0.0
8454.75,1.29,0.48,0.286,1.07,0.198,0.0218
8455.0,1.32,0.557,0.333,1.17,0.364,0.0
8455.25,1.28,0.478,0.447,1.08,0.244,0.03
8455.5,1.07,0.568,0.512,0.83,0.351,0.106
8455.75,1.0,0.474,0.415,0.803,0.195,0.043
8456.0,1.2,0.424,0.366,0.907,0.173,0.0145
8456.25,1.03,1.11,0.396,0.769,0.348,-0.024
8456.5,1.09,1.28,0.45,0.782,0.288,-0.0023
8456.75,1.15,1.34,0.41,0.754,0.326,0.0
8457.0,1.02,1.35,0.537,0.64,0.334,0.0905
8457.25,1.12,1.3,0.455,0.74,0.257,0.0936
8457.5,1.37,1.41,0.35,0.997,0.236,0.0167
8457.75,1.21,1.48,0.375,0.907,0.387,0.00524
8458.0,1.21,1.58,0.345,0.911,0.524,0.0167
8458.25,1.33,1.52,0.337,0.981,0.425,0.00909
8458.5,1.21,1.52,0.363,0.848,0.415,0.0259
8458.75,1.09,1.36,0.51,0.749,0.194,0.141
8459.0,1.1,1.44,0.333,0.795,0.278,-0.0046
8459.25,1.13,1.42,0.338,0.895,0.239,-0.0086
8459.5,1.13,1.42,0.31,0.875,0.242,-0.021
8459.75,1.27,1.48,0.328,1.02,0.33,-0.0092
8460.0,1.11,0.643,0.331,0.843,0.281,0.00966
8460.25,1.08,0.488,0.435,0.872,0.231,0.0745
8460.5,1.24,0.438,0.392,1.03,0.157,0.0508
8460.75,1.28,0.521,0.32,1.04,0.257,-0.0033
8461.0,1.07,0.475,0.363,0.836,0.201,0.0163
8461.25,1.02,0.53,0.32,0.789,0.281,-0.0051
8461.5,1.15,0.525,0.37,0.903,0.281,0.00238
8461.75,1.07,0.441,0.399,0.846,0.213,0.0381
8462.0,0.992,0.433,0.453,0.723,0.189,0.0823
8462.25,1.08,0.468,0.337,0.739,0.228,-0.0033
8462.5,1.24,0.479,0.32,0.812,0.24,-0.02
8462.75,1.11,0.526,0.354,0.706,0.268,0.00647
8463.0,1.15,0.498,0.32,0.743,0.263,-0.013
8463.25,1.51,0.427,0.366,1.09,0.233,0.0183
8463.5,1.89,0.456,0.531,1.19,0.218,0.0709
8463.75,1.97,0.397,0.534,0.892,0.233,0.0137
8464.0,2.02,0.487,0.462,0.966,0.353,-0.04
8464.25,2.13,0.497,0.467,1.07,0.39,-0.035
8464.5,1.12,0.585,0.347,0.918,0.502,-0.0092
8464.75,0.978,0.459,0.322,0.85,0.352,0.000968
8465.0,0.852,0.411,0.46,0.763,0.298,0.0913
8465.25,0.985,0.355,0.408,0.898,0.221,0.06
8465.5,0.969,0.415,0.362,0.817,0.292,0.0188
8465.75,0.885,0.432,0.323,0.737,0.34,0.0
8466.0,0.822,0.407,0.365,0.694,0.301,0.0235
8466.25,1.0,0.434,0.322,0.849,0.29,0.0
8466.5,0.822,0.325,0.438,0.689,0.194,0.0864
8466.75,0.86,0.401,0.461,0.721,0.286,0.104
8467.0,1.08,0.444,0.36,0.985,0.335,0.023
8467.25,1.12,0.481,0.353,1.04,0.408,0.0186
8467.5,1.01,0.342,0.33,0.96,0.217,0.0
8467.75,0.986,0.465,0.355,0.854,0.352,-0.31
8468.0,0.993,0.318,0.32,0.884,0.181,-0.41
8468.25,1.12,0.4,0.5,1.05,0.287,-0.27
8468.5,0.914,0.436,0.403,0.811,0.316,-0.34
8468.75,0.924,0.461,0.352,0.827,0.375,-0.39
8469.0,0.853,0.357,0.325,0.748,0.225,-0.41
8469.25,1.06,0.395,0.339,0.898,0.27,-0.4
8469.5,0.894,0.386,0.342,0.74,0.245,-0.39
8469.75,0.795,0.39,0.394,0.669,0.275,-0.35
8470.0,0.901,0.398,0.502,0.787,0.285,-0.26
8470.25,1.02,0.448,0.321,0.869,0.362,-0.41
8470.5,0.994,0.539,0.358,0.903,0.464,-0.38
8470.75,0.975,0.496,0.32,0.87,0.425,-0.41
8471.0,0.955,0.419,0.356,0.86,0.319,-0.39
8471.25,1.11,0.5,0.335,1.06,0.409,-0.4
8471.5,1.19,0.447,0.482,1.15,0.359,-0.28
8471.75,1.2,0.423,0.378,1.15,0.337,-0.37
8472.0,0.98,0.388,0.324,0.93,0.294,-0.41
8472.25,0.988,0.435,0.375,0.909,0.318,-0.37
8472.5,1.0,0.378,0.322,0.914,0.29,-0.41
8472.75,0.911,0.322,0.37,0.797,0.196,-0.38
8473.0,0.985,0.518,0.418,0.867,0.45,-0.33
8473.25,0.96,0.469,0.468,0.804,0.385,-0.29
8473.5,0.984,0.531,0.499,0.859,0.395,-0.27
8473.75,1.07,0.596,0.625,0.919,0.404,-0.18
8474.0,1.24,0.692,0.638,1.1,0.514,-0.17
8474.25,1.03,0.394,0.32,0.946,0.289,-0.41
8474.5,0.964,0.384,0.385,0.876,0.279,-0.36
8474.75,0.958,0.527,0.459,0.856,0.46,-0.3
8475.0,1.03,0.357,0.405,0.926,0.234,-0.35
8475.25,1.03,0.374,0.321,0.953,0.263,-0.41
8475.5,0.988,0.361,0.348,0.921,0.247,-0.39
8475.75,1.11,0.49,0.34,1.08,0.321,-0.4
8476.0,0.923,0.5,0.324,0.825,0.435,-0.41
8476.25,0.883,0.357,0.451,0.748,0.245,-0.31
8476.5,1.04,0.399,0.441,0.886,0.296,-0.31
8476.75,0.87,0.435,0.37,0.732,0.338,-0.38
8477.0,0.809,0.501,0.32,0.684,0.435,-0.42
8477.25,0.873,0.502,0.364,0.724,0.435,-0.38
8477.5,1.22,0.553,0.329,1.14,0.495,-0.095
8477.75,1.09,0.487,0.357,1.05,0.419,0.019
8478.0,1.08,0.348,0.475,1.02,0.228,0.128
8478.25,1.03,0.394,0.352,0.952,0.288,0.0183
8478.5,1.04,0.43,0.372,0.973,0.317,0.0345
8478.75,1.09,0.397,0.331,1.03,0.305,0.0
8479.0,1.03,0.448,0.372,0.937,0.351,0.0335
8479.25,0.91,0.439,0.33,0.845,0.356,0.0
8479.5,1.03,0.379,0.505,0.914,0.261,0.145
8479.75,0.937,0.43,0.42,0.796,0.297,0.0765
8480.0,0.926,0.391,0.363,0.813,0.277,0.025
8480.25,0.885,0.418,0.337,0.756,0.333,0.00435
8480.5,1.04,0.478,0.343,0.906,0.39,0.00938
8480.75,0.806,0.404,0.365,0.684,0.315,0.0268
8481.0,0.948,0.387,0.38,0.863,0.271,0.0383
8481.25,1.06,0.402,0.51,0.952,0.302,0.154
8481.5,1.13,0.379,0.336,1.06,0.257,0.00526
8481.75,0.974,0.401,0.363,0.923,0.306,0.025
8482.0,0.963,0.469,0.33,0.857,0.378,0.0
8482.25,0.978,0.403,0.347,0.892,0.303,0.0109
8482.5,1.1,0.363,0.367,1.03,0.251,0.0234
8482.75,1.01,0.429,0.462,0.916,0.314,0.1
8483.0,0.889,0.322,0.423,0.793,0.206,0.0741
8483.25,0.791,0.529,0.324,0.665,0.47,0.0
8483.5,1.07,0.618,0.372,0.902,0.589,0.0293
8483.75,1.06,0.429,0.322,0.947,0.345,0.0
8484.0,0.99,0.492,0.346,0.922,0.426,0.0133
8484.25,1.03,0.394,0.438,0.933,0.272,0.0782
8484.5,1.1,0.414,0.428,0.98,0.327,0.0786
8484.75,1.06,0.394,0.357,0.975,0.29,0.02
8485.0,1.02,0.569,0.322,0.906,0.514,0.0
8485.25,0.954,0.303,0.365,0.843,0.176,0.0248
8485.5,0.986,0.412,0.321,0.903,0.303,0.0
8485.75,1.03,0.382,0.386,0.937,0.257,0.043
8486.0,1.15,0.625,0.598,1.03,0.485,0.232
8486.25,1.15,0.691,0.601,1.07,0.554,0.248
8486.5,1.15,0.599,0.566,1.07,0.476,0.21
8486.75,0.986,0.385,0.32,0.873,0.251,0.0
8487.0,1.01,0.356,0.371,0.933,0.218,0.0217
8487.25,0.986,0.414,0.327,0.902,0.3,0.00429
8487.5,0.981,0.419,0.487,0.848,0.285,0.112
8487.75,0.914,0.469,0.38,0.788,0.374,0.0424
8488.0,0.86,0.374,0.339,0.738,0.246,0.00783
8488.25,0.894,0.43,0.361,0.711,0.309,0.0175
8488.5,0.965,0.37,0.32,0.805,0.217,0.0
8488.75,0.917,0.387,0.362,0.781,0.244,0.0189
8489.0,0.907,0.451,0.435,0.782,0.338,0.0729
8489.25,0.981,0.399,0.499,0.86,0.267,0.102
8489.5,1.1,0.538,0.348,0.996,0.45,0.01
8489.75,1.06,0.417,0.34,0.954,0.312,0.01
8490.0,1.06,0.559,0.358,0.982,0.474,0.02
8490.25,1.02,0.485,0.321,0.955,0.382,0.0
8490.5,1.1,0.433,0.441,1.03,0.325,0.08
8490.75,1.18,0.525,0.456,1.07,0.424,0.1
8491.0,0.986,0.359,0.373,0.883,0.229,0.0319
8491.25,0.87,0.412,0.337,0.792,0.289,0.00923
8491.5,0.985,0.399,0.321,0.885,0.265,-0.22
8491.75,1.16,0.386,0.368,1.07,0.266,-0.37
8492.0,1.01,0.448,0.326,0.959,0.335,-0.4
8492.25,0.955,0.486,0.511,0.855,0.419,-0.25
8492.5,0.912,0.376,0.358,0.749,0.256,-0.37
8492.75,0.921,0.42,0.344,0.802,0.321,-0.39
8493.0,0.871,0.411,0.354,0.724,0.273,-0.38
8493.25,0.926,0.421,0.321,0.765,0.306,-0.41
8493.5,0.901,0.402,0.372,0.768,0.288,-0.37
8493.75,1.02,0.518,0.421,0.935,0.422,-0.32
8494.0,0.968,0.344,0.447,0.848,0.223,-0.31
8494.25,1.06,0.387,0.333,0.951,0.258,-0.4
8494.5,1.0,0.456,0.329,0.931,0.338,-0.4
8494.75,1.1,0.386,0.359,1.01,0.256,-0.38
8495.0,0.936,0.454,0.32,0.829,0.354,-0.41
8495.25,0.877,0.409,0.456,0.792,0.277,-0.31
8495.5,1.13,0.515,0.451,1.03,0.416,-0.3
8495.75,1.22,0.431,0.348,1.13,0.334,-0.39
8496.0,1.01,0.537,0.353,0.967,0.459,-0.39
8496.25,1.09,0.583,0.33,0.991,0.5,-0.4
8496.5,1.11,0.413,0.361,1.01,0.319,-0.38
8496.75,1.13,0.421,0.387,1.09,0.299,-0.36
8497.0,1.02,0.458,0.5,0.953,0.352,-0.27
8497.25,0.851,0.384,0.348,0.695,0.257,-0.39
8497.5,0.867,0.377,0.348,0.74,0.275,-0.38
8497.75,0.998,0.483,0.331,0.865,0.381,-0.4
8498.0,0.937,0.487,0.334,0.78,0.415,-0.39
8498.25,0.916,0.326,0.382,0.784,0.205,-0.36
8498.5,0.88,0.466,0.464,0.771,0.37,-0.29
8498.75,1.06,0.371,0.42,0.967,0.256,-0.32
8499.0,1.04,0.444,0.326,0.936,0.328,-0.4
8499.25,1.09,0.444,0.335,1.05,0.336,-0.4
8499.5,1.07,0.5,0.345,0.994,0.432,-0.39
8499.75,1.08,0.368,0.325,0.996,0.251,-0.41
8500.0,0.902,0.393,0.495,0.827,0.29,-0.27
8500.25,1.05,0.427,0.423,0.956,0.322,-0.32
8500.5,1.09,0.379,0.376,0.99,0.275,-0.37
8500.75,1.02,0.448,0.325,0.951,0.34,-0.41
8501.0,0.935,0.475,0.351,0.856,0.391,-0.39
8501.25,0.993,0.377,0.347,0.886,0.254,-0.39
8501.5,1.03,0.506,0.405,0.963,0.45,-0.34
8501.75,1.26,0.507,0.505,1.23,0.425,-0.087
8502.0,0.985,0.584,0.332,0.864,0.541,0.009
8502.25,0.928,0.475,0.371,0.826,0.407,0.0369
8502.5,0.971,0.512,0.346,0.84,0.447,0.0191
8502.75,1.1,0.391,0.336,0.939,0.27,0.00486
8503.0,0.917,0.425,0.41,0.805,0.304,0.0645
8503.25,0.973,0.404,0.462,0.893,0.282,0.111
8503.5,0.982,0.483,0.408,0.857,0.396,0.0636
8503.75,1.14,0.419,0.332,1.04,0.31,0.0
8504.0,1.01,0.412,0.371,0.93,0.326,0.0294
8504.25,1.11,0.448,0.34,0.99,0.321,0.00714
8504.5,0.908,0.418,0.339,0.822,0.32,0.00652
8504.75,1.05,0.338,0.506,0.977,0.214,0.146
8505.0,1.04,0.531,0.389,0.926,0.447,0.0505
8505.25,1.02,0.439,0.373,0.926,0.34,0.0317
8505.5,0.955,0.422,0.338,0.887,0.326,0.00217
8505.75,1.09,0.359,0.35,0.996,0.24,0.0146
8506.0,0.923,0.479,0.352,0.831,0.37,0.017
8506.25,1.01,0.339,0.427,0.935,0.212,0.0775
8506.5,0.995,0.444,0.484,0.861,0.338,0.128
8506.75,1.03,0.508,0.329,0.905,0.394,0.0
8507.0,0.884,0.423,0.368,0.777,0.316,0.0237
8507.25,0.868,0.401,0.332,0.708,0.287,0.00327
8507.5,0.968,0.558,0.343,0.829,0.456,0.00967
8507.75,1.14,0.526,0.44,1.07,0.444,0.0786
8508.0,1.06,0.536,0.456,0.987,0.459,0.1
8508.25,1.06,0.468,0.397,0.982,0.385,0.0553
8508.5,1.06,0.438,0.33,1.02,0.328,0.0
8508.75,1.2,0.376,0.355,1.13,0.271,0.0193
8509.0,0.99,0.343,0.34,0.896,0.211,0.0096
8509.25,0.916,0.462,0.377,0.851,0.364,0.0381
8509.5,0.938,0.465,0.503,0.852,0.369,0.149
8509.75,1.2,0.438,0.382,1.08,0.372,0.0488
8510.0,0.995,0.425,0.366,0.93,0.294,0.0315
8510.25,0.977,0.449,0.332,0.898,0.357,0.00333
8510.5,1.05,0.33,0.358,0.986,0.202,0.0211
8510.75,1.09,0.427,0.356,1.03,0.318,0.0217
8511.0,0.977,0.447,0.469,0.852,0.361,0.113
8511.25,0.962,0.434,0.423,0.817,0.35,0.08
8511.5,0.848,0.405,0.331,0.722,0.293,0.0
8511.75,0.978,0.391,0.379,0.859,0.271,0.037
8512.0,0.887,0.408,0.332,0.73,0.297,0.00125
8512.25,0.975,0.403,0.355,0.881,0.294,0.0158
8512.5,1.05,0.539,0.46,0.954,0.457,0.0961
8512.75,1.11,0.424,0.412,0.997,0.326,0.0667
8513.0,0.902,0.425,0.36,0.808,0.327,0.0221
8513.25,1.1,0.486,0.322,1.07,0.398,0.0
8513.5,1.18,0.54,0.363,1.08,0.459,0.023
8513.75,1.21,0.518,0.335,1.15,0.431,0.0075
8514.0,0.965,0.484,0.409,0.898,0.381,0.0596
8514.25,1.06,0.484,0.487,0.978,0.369,0.122
8514.5,0.984,0.391,0.327,0.887,0.273,0.00463
8514.75,1.06,0.347,0.371,0.983,0.206,0.0282
8515.0,1.03,0.425,0.321,0.92,0.304,0.0
8515.25,0.851,0.446,0.348,0.73,0.315,0.015
8515.5,0.879,0.449,0.385,0.779,0.351,0.0413
8515.75,1.03,0.4,0.452,0.865,0.278,-0.2
8516.0,0.889,0.404,0.405,0.733,0.276,-0.35
8516.25,0.808,0.391,0.32,0.672,0.25,-0.41
8516.5,0.885,0.355,0.364,0.723,0.225,-0.38
8516.75,1.04,0.442,0.32,0.926,0.311,-0.41
8517.0,0.953,0.491,0.36,0.848,0.39,-0.38
8517.25,1.03,0.379,0.476,0.9,0.255,-0.29
8517.5,0.991,0.368,0.379,0.88,0.239,-0.36
8517.75,1.01,0.426,0.367,0.923,0.291,-0.38
8518.0,1.07,0.374,0.32,1.0,0.243,-0.41
8518.25,1.07,0.423,0.362,0.977,0.309,-0.38
8518.5,0.98,0.46,0.324,0.893,0.354,-0.41
8518.75,1.06,0.437,0.448,0.963,0.334,-0.31
8519.0,1.02,0.407,0.437,0.944,0.286,-0.32
8519.25,0.953,0.582,0.323,0.874,0.513,-0.41
8519.5,1.07,0.44,0.36,0.929,0.336,-0.38
8519.75,1.09,0.613,0.321,0.967,0.552,-0.41
8520.0,0.812,0.422,0.367,0.684,0.32,-0.38
8520.25,0.824,0.407,0.394,0.671,0.288,-0.35
8520.5,1.03,0.39,0.467,0.91,0.261,-0.29
8520.75,1.08,0.417,0.336,0.986,0.292,-0.4
8521.0,1.02,0.353,0.32,0.884,0.221,-0.41
8521.25,0.939,0.481,0.363,0.822,0.358,-0.38
8521.5,0.979,0.478,0.32,0.906,0.381,-0.41
8521.75,1.18,0.379,0.423,1.1,0.245,-0.33
8522.0,1.04,0.411,0.454,0.921,0.283,-0.3
8522.25,0.93,0.366,0.373,0.851,0.231,-0.37
8522.5,0.971,0.486,0.337,0.878,0.397,-0.4
8522.75,1.08,0.379,0.324,0.986,0.267,-0.41
8523.0,0.973,0.471,0.361,0.892,0.389,-0.38
8523.25,0.932,0.371,0.344,0.801,0.241,-0.39
8523.5,0.947,0.435,0.499,0.791,0.336,-0.27
8523.75,0.903,0.319,0.37,0.783,0.189,-0.38
8524.0,0.832,0.49,0.348,0.695,0.389,-0.4
8524.25,0.945,0.418,0.336,0.78,0.32,-0.4
8524.5,1.01,0.406,0.327,0.909,0.3,-0.41
8524.75,1.09,0.45,0.359,1.02,0.355,-0.38
8525.0,1.08,0.467,0.456,0.997,0.383,-0.3
8525.25,1.08,0.484,0.465,1.03,0.415,-0.3
8525.5,1.26,0.62,0.324,1.24,0.559,-0.23
8525.75,1.16,0.47,0.366,1.07,0.412,0.0274
8526.0,0.917,0.397,0.332,0.843,0.271,0.00182
8526.25,0.909,0.42,0.351,0.81,0.309,0.0126
8526.5,1.18,0.384,0.434,1.03,0.256,0.0752
8526.75,0.959,0.413,0.447,0.815,0.205,0.0938
8527.0,1.02,0.564,0.361,0.86,0.391,0.0222
8527.25,0.945,0.426,0.321,0.763,0.262,0.0
8527.5,0.95,0.435,0.361,0.645,0.297,0.02
8527.75,1.22,0.428,0.327,0.786,0.246,-0.0031
8528.0,1.36,0.363,0.426,0.857,0.235,0.0637
8528.25,1.2,0.389,0.471,0.756,0.239,0.0928
8528.5,1.42,0.525,0.362,0.811,0.396,0.00725
8528.75,1.45,0.383,0.365,0.805,0.231,0.00143
8529.0,1.38,0.403,0.288,0.867,0.272,-0.0043
8529.25,1.27,0.468,0.331,0.865,0.28,0.0185
8529.5,1.39,0.408,0.335,0.96,0.156,-0.0016
8529.75,1.25,0.552,0.47,0.88,0.305,0.112
8530.0,1.35,0.562,0.332,0.995,0.291,0.0433
8530.25,1.46,0.652,0.293,1.07,0.42,0.0107
8530.5,0.845,0.597,0.301,0.272,0.335,0.014
8530.75,0.656,0.666,0.272,0.00875,0.421,0.0
8531.0,0.769,0.477,0.319,0.0984,0.232,0.0236
8531.25,0.679,0.556,0.385,0.0202,0.368,0.0736
8531.5,0.796,0.462,0.404,0.149,0.266,0.0961
8531.75,0.774,0.503,0.284,0.0995,0.326,0.00216
8532.0,0.78,0.452,0.302,0.152,0.232,0.0139
8532.25,0.904,0.474,0.306,0.295,0.267,0.0176
8532.5,0.941,0.392,0.279,0.343,0.161,0.000909
8532.75,0.904,0.539,0.4,0.281,0.341,0.0802
8533.0,0.821,0.51,0.414,0.23,0.315,0.0946
8533.25,1.03,0.457,0.32,0.057,0.261,0.0321
8533.5,1.14,0.473,0.282,0.203,0.274,0.00167
8533.75,1.31,0.46,0.291,0.377,0.243,0.00714
8534.0,1.22,0.44,0.301,0.237,0.237,0.0138
8534.25,1.21,0.459,0.312,0.252,0.257,0.0231
8534.5,1.41,0.71,0.545,0.305,0.346,0.126
8534.75,1.24,0.748,0.412,0.0564,0.355,0.0288
8535.0,1.25,0.735,0.416,0.075,0.361,0.0258
8535.25,1.14,0.743,0.376,0.303,0.335,0.000488
8535.5,1.16,0.823,0.392,0.134,0.466,0.0126
8535.75,1.26,0.589,0.415,0.25,0.202,0.0206
8536.0,0.985,0.695,0.523,0.118,0.339,0.101
8536.25,0.969,0.687,0.493,0.151,0.315,0.0951
8536.5,1.03,0.627,0.395,0.2,0.235,0.0
8536.75,1.03,0.591,0.448,0.238,0.191,0.0375
8537.0,0.887,0.738,0.306,0.081,0.333,0.00226
8537.25,0.963,0.587,0.288,0.146,0.243,-0.01
8537.5,0.951,0.623,0.407,0.153,0.352,0.0838
8537.75,1.11,0.606,0.35,0.34,0.318,0.0435
8538.0,0.962,0.528,0.29,0.166,0.233,-0.0076
8538.25,0.92,0.582,0.31,0.136,0.272,0.0189
8538.5,1.1,0.822,0.564,0.347,0.504,0.259
8538.75,1.29,0.788,0.475,0.497,0.489,0.177
8539.0,0.862,0.62,0.39,0.0222,0.352,0.0761
8539.25,0.746,0.552,0.404,-0.086,0.258,0.0912
8539.5,1.3,0.584,0.27,0.781,0.287,-0.1
8539.75,1.47,0.525,0.3,0.85,0.225,-0.41
8540.0,1.28,0.574,0.26,0.666,0.26,-0.44
8540.25,1.39,0.686,0.304,0.784,0.423,-0.4
8540.5,1.44,0.643,0.318,0.876,0.39,-0.39
8540.75,1.44,0.67,0.424,0.87,0.406,-0.3
8541.0,1.42,0.701,0.284,0.826,0.421,-0.42
8541.25,1.5,0.598,0.266,0.922,0.323,-0.43
8541.5,1.44,0.519,0.287,0.903,0.204,-0.42
8541.75,1.53,0.724,0.26,0.989,0.429,-0.44
8542.0,1.47,0.544,0.347,0.924,0.255,-0.37
8542.25,1.4,0.571,0.394,0.84,0.286,-0.33
8542.5,1.4,0.582,0.326,0.823,0.275,-0.39
8542.75,1.46,0.539,0.269,0.877,0.242,-0.44
8543.0,1.34,0.601,0.272,0.77,0.312,-0.43
8543.25,1.35,0.589,0.291,0.74,0.303,-0.42
8543.5,1.33,0.618,0.263,0.681,0.341,-0.44
8543.75,1.39,0.578,0.434,0.771,0.27,-0.3
8544.0,1.28,0.528,0.329,0.653,0.228,-0.39
8544.25,1.34,0.534,0.293,0.726,0.221,-0.42
8544.5,1.36,0.66,0.266,0.786,0.386,-0.44
8544.75,1.51,0.566,0.277,0.921,0.279,-0.43
8545.0,1.51,0.614,0.289,0.917,0.34,-0.42
8545.25,1.29,0.56,0.39,0.726,0.252,-0.34
8545.5,1.36,0.525,0.401,0.803,0.223,-0.32
8545.75,1.53,0.572,0.26,0.93,0.255,-0.45
8546.0,1.47,0.585,0.29,0.911,0.292,-0.42
8546.25,1.37,0.682,0.266,0.807,0.444,-0.44
8546.5,1.37,0.719,0.277,0.782,0.469,-0.43
8546.75,1.33,0.655,0.363,0.748,0.402,-0.36
8547.0,1.53,0.636,0.378,0.947,0.353,-0.34
8547.25,1.47,0.607,0.293,0.857,0.317,-0.42
8547.5,1.34,0.519,0.26,0.753,0.206,-0.45
8547.75,1.34,0.639,0.301,0.748,0.366,-0.41
8548.0,1.48,0.584,0.26,0.856,0.291,-0.45
8548.25,1.41,0.508,0.343,0.822,0.189,-0.38
8548.5,1.39,0.58,0.404,0.808,0.291,-0.32
8548.75,1.4,0.518,0.276,0.799,0.202,-0.43
8549.0,1.49,0.621,0.296,0.923,0.337,-0.41
8549.25,1.31,0.655,0.26,0.737,0.384,-0.45
8549.5,1.45,0.515,0.294,0.852,0.207,-0.42
8549.75,1.11,0.603,0.3,0.403,0.319,-0.42
8550.0,1.03,0.55,0.432,0.246,0.237,0.103
8550.25,0.928,0.568,0.295,0.117,0.285,0.00027
8550.5,0.997,0.59,0.322,0.225,0.287,-0.016
8550.75,0.871,0.654,0.277,0.028,0.382,-0.019
8551.0,1.06,0.452,0.26,0.191,0.206,-0.03
8551.25,0.767,0.515,0.308,-0.063,0.266,0.000435
8551.5,0.713,0.483,0.397,-0.042,0.255,0.067
8551.75,0.894,0.486,0.35,0.163,0.258,0.0338
8552.0,0.892,0.522,0.26,0.255,0.403,-0.032
8552.25,0.746,0.527,0.302,0.111,0.455,-0.01
8552.5,0.938,0.47,0.27,0.278,0.354,-0.032
8552.75,0.918,0.54,0.281,0.341,0.452,-0.023
8553.0,0.947,0.317,0.398,0.352,0.172,0.0643
8553.25,1.08,0.53,0.331,0.44,0.4,0.0161
8553.5,0.949,0.39,0.298,0.35,0.262,-0.015
8553.75,0.834,0.457,0.257,0.227,0.343,-0.04
8554.0,0.978,0.382,0.288,0.343,0.241,-0.019
8554.25,0.935,0.367,0.258,0.28,0.219,-0.041
8554.5,0.716,0.401,0.374,0.0428,0.263,0.0444
8554.75,0.787,0.386,0.39,0.0994,0.25,0.063
8555.0,0.803,0.47,0.265,0.145,0.366,-0.037
8555.25,0.649,0.44,0.289,-0.0028,0.317,-0.021
8555.5,0.846,1.23,0.346,0.13,0.323,-0.056
8555.75,0.939,1.25,0.335,0.314,0.267,-0.018
8556.0,0.734,1.34,0.307,0.115,0.39,0.0148
8556.25,0.81,1.31,0.415,0.153,0.348,0.105
8556.5,0.817,1.34,0.257,0.171,0.39,-0.02
8556.75,0.877,1.02,0.263,0.259,0.338,-0.013
8557.0,0.842,0.424,0.233,0.196,0.299,-0.014
8557.25,0.816,0.39,0.217,0.194,0.276,-0.026
8557.5,0.849,0.402,0.285,0.243,0.274,0.019
8557.75,0.97,0.544,0.347,0.338,0.479,0.0669
8558.0,0.842,0.571,0.299,0.191,0.5,0.0237
8558.25,0.662,0.522,0.21,0.00511,0.463,-0.03
8558.5,0.857,0.529,0.251,0.0971,0.443,-0.012
8558.75,0.785,0.4,0.223,0.106,0.304,-0.021
8559.0,0.685,0.422,0.225,0.00978,0.317,-0.019
8559.25,0.829,0.41,0.385,0.14,0.317,0.104
8559.5,0.993,0.527,0.267,0.369,0.452,0.0138
8559.75,0.825,0.389,0.256,0.25,0.288,0.0108
8560.0,0.853,0.416,0.211,0.254,0.316,-0.028
8560.25,1.03,0.34,0.251,0.401,0.226,0.00548
8560.5,0.828,0.451,0.224,0.226,0.361,-0.013
8560.75,0.737,0.433,0.364,0.115,0.341,0.0863
8561.0,0.801,0.47,0.327,0.193,0.391,0.0662
8561.25,0.968,0.391,0.21,0.409,0.274,-0.03
8561.5,0.743,0.451,0.264,0.234,0.347,-0.00053
8561.75,0.743,0.394,0.21,0.228,0.281,-0.027
8562.0,0.649,0.418,0.241,0.176,0.326,0.002
8562.25,0.634,0.465,0.334,0.101,0.385,0.0694
8562.5,0.634,0.491,0.319,0.0871,0.42,0.0624
8562.75,0.613,0.381,0.241,0.0741,0.275,0.000488
8563.0,0.61,0.43,0.21,0.0696,0.325,-0.023
8563.25,0.667,0.361,0.253,0.106,0.258,0.00146
8563.5,0.683,0.57,0.21,0.177,0.502,-0.023
8563.75,1.12,0.534,0.316,0.999,0.489,-0.33
8564.0,1.19,0.601,0.354,0.874,0.523,-0.3
8564.25,1.14,0.48,0.205,0.863,0.4,-0.43
8564.5,1.18,0.409,0.245,0.914,0.277,-0.4
8564.75,1.15,0.362,0.201,0.869,0.255,-0.43
8565.0,1.23,0.469,0.249,0.991,0.35,-0.4
8565.25,1.24,0.452,0.251,1.0,0.361,-0.39
8565.5,1.42,0.437,0.357,1.16,0.342,-0.31
8565.75,1.16,0.404,0.254,0.917,0.292,-0.39
8566.0,0.993,0.399,0.213,0.709,0.291,-0.43
8566.25,1.18,0.412,0.245,0.866,0.308,-0.4
8566.5,1.17,0.405,0.21,0.847,0.313,-0.43
8566.75,1.0,0.504,0.307,0.704,0.432,-0.36
8567.0,1.05,0.474,0.345,0.717,0.401,-0.32
8567.25,1.05,0.418,0.271,0.748,0.317,-0.38
8567.5,1.22,0.425,0.239,0.955,0.348,-0.41
8567.75,1.23,0.434,0.214,0.939,0.273,-0.43
8568.0,1.13,0.508,0.242,0.862,0.442,-0.41
8568.25,1.07,0.411,0.242,0.809,0.33,-0.41
8568.5,1.29,0.504,0.387,1.04,0.438,-0.29
8568.75,1.34,0.346,0.246,1.09,0.234,-0.4
8569.0,1.17,0.491,0.239,0.932,0.412,-0.41
8569.25,1.12,0.384,0.217,0.84,0.293,-0.42
8569.5,1.16,0.657,0.224,0.871,0.631,-0.42
8569.75,1.14,0.534,0.251,0.845,0.504,-0.4
8570.0,1.09,0.522,0.348,0.744,0.465,-0.32
8570.25,1.08,0.445,0.306,0.752,0.359,-0.35
8570.5,0.99,0.379,0.21,0.682,0.272,-0.43
8570.75,1.26,0.429,0.25,0.953,0.353,-0.41
8571.0,1.17,0.423,0.213,0.883,0.335,-0.43
8571.25,1.29,0.57,0.225,1.05,0.528,-0.42
8571.5,1.32,0.34,0.363,1.08,0.23,-0.31
8571.75,1.23,0.453,0.27,0.949,0.376,-0.38
8572.0,1.16,0.383,0.253,0.93,0.269,-0.4
8572.25,1.21,0.475,0.21,0.951,0.395,-0.43
8572.5,1.18,0.443,0.252,0.899,0.36,-0.4
8572.75,1.19,0.463,0.215,0.936,0.384,-0.43
8573.0,1.19,0.421,0.343,0.927,0.333,-0.33
8573.25,1.06,0.368,0.317,0.747,0.261,-0.34
8573.5,0.914,0.492,0.21,0.555,0.427,-0.44
8573.75,0.66,0.353,0.26,0.115,0.242,-0.19
8574.0,0.817,0.548,0.21,0.293,0.488,-0.02
8574.25,0.513,0.4,0.252,-0.017,0.302,0.0002
8574.5,0.576,0.424,0.302,0.00621,0.326,0.0353
8574.75,0.89,0.349,0.351,0.332,0.213,0.0765
8575.0,0.795,0.525,0.228,0.27,0.422,-0.02
8575.25,0.707,0.534,0.211,0.143,0.474,-0.029
8575.5,1.18,0.521,0.251,0.328,0.44,-0.0062
8575.75,1.17,0.58,0.21,0.4,0.507,-0.033
8576.0,0.98,0.397,0.313,0.293,0.268,0.0374
8576.25,1.03,0.415,0.346,0.498,0.299,0.0644
8576.5,0.779,0.376,0.26,0.303,0.245,-0.0059
8576.75,0.602,0.556,0.251,0.0514,0.436,-0.024
8577.0,0.756,0.532,0.213,0.172,0.28,-0.028
8577.25,0.84,0.547,0.248,0.0543,0.293,-0.0083
8577.5,0.811,0.507,0.26,0.0221,0.236,0.00488
8577.75,0.75,0.504,0.385,0.0934,0.314,0.104
8578.0,0.67,0.439,0.235,0.131,0.245,-0.011
8578.25,0.807,0.525,0.242,0.28,0.35,-0.012
8578.5,0.876,0.552,0.229,0.292,0.396,-0.017
8578.75,0.785,0.474,0.21,0.263,0.291,-0.03
8579.0,0.831,0.425,0.291,0.131,0.251,0.0214
8579.25,0.929,0.505,0.347,0.285,0.32,0.0712
8579.5,0.838,0.52,0.319,0.338,0.375,0.0552
8579.75,0.86,0.53,0.212,0.335,0.324,-0.022
8580.0,0.872,0.645,0.24,0.37,0.438,-0.0031
8580.25,0.873,0.533,0.233,0.4,0.284,-0.0065
8580.5,0.739,0.441,0.21,0.281,0.264,-0.03
8580.75,0.586,0.567,0.391,0.104,0.507,0.117
8581.0,0.635,0.572,0.277,0.166,0.519,0.0259
8581.25,0.63,0.522,0.25,0.151,0.448,-0.0063
8581.5,0.563,0.541,0.217,0.0916,0.472,-0.025
8581.75,0.434,0.417,0.214,-0.015,0.306,-0.024
8582.0,0.714,0.442,0.257,0.271,0.33,0.00167
8582.25,0.759,0.366,0.32,0.29,0.26,0.0576
8582.5,0.622,0.495,0.329,0.206,0.392,0.07
8582.75,0.705,0.474,0.21,0.315,0.413,-0.015
8583.0,0.753,0.428,0.236,0.313,0.356,0.0113
8583.25,0.629,0.419,0.22,0.208,0.325,-0.019
8583.5,0.652,0.426,0.219,0.224,0.309,-0.025
8583.75,0.731,0.389,0.344,0.309,0.285,0.0665
8584.0,0.67,0.373,0.321,0.239,0.258,0.055
8584.25,0.614,0.562,0.26,0.207,0.497,0.00231
8584.5,0.658,0.42,0.21,0.202,0.318,-0.03
8584.75,0.655,0.409,0.232,0.215,0.308,-0.017
8585.0,0.634,0.351,0.235,0.185,0.22,-0.015
8585.25,0.562,0.517,0.299,0.0794,0.423,0.0327
8585.5,0.602,0.439,0.384,0.141,0.313,0.106
8585.75,0.648,0.444,0.21,0.192,0.349,-0.03
8586.0,0.731,0.432,0.245,0.272,0.319,-0.0098
8586.25,0.919,0.566,0.226,0.494,0.49,-0.021
8586.5,0.591,0.499,0.214,0.163,0.42,-0.023
8586.75,0.563,0.427,0.321,0.126,0.337,0.0557
8587.0,0.741,0.612,0.343,0.268,0.546,0.075
8587.25,0.787,0.469,0.265,0.355,0.373,0.0131
8587.5,0.568,0.482,0.216,0.155,0.419,0.0018
8587.75,0.95,0.332,0.225,0.8,0.218,-0.29
8588.0,1.02,0.474,0.245,0.809,0.377,-0.4
8588.25,1.21,0.422,0.263,1.02,0.316,-0.39
8588.5,1.12,0.45,0.39,0.896,0.373,-0.28
8588.75,1.01,0.494,0.228,0.776,0.422,-0.41
8589.0,1.05,0.623,0.421,0.846,0.549,-0.23
8589.25,1.32,0.636,0.498,1.11,0.518,-0.16
8589.5,1.16,0.534,0.32,0.898,0.434,-0.33
8589.75,1.13,0.394,0.304,0.954,0.298,-0.36
8590.0,1.1,0.484,0.345,0.893,0.412,-0.32
8590.25,1.15,0.456,0.288,0.915,0.382,-0.37
8590.5,1.09,0.493,0.214,0.893,0.416,-0.43
8590.75,1.11,0.373,0.227,0.908,0.274,-0.42
8591.0,1.2,0.395,0.246,1.0,0.296,-0.4
8591.25,1.23,0.452,0.249,1.09,0.371,-0.4
8591.5,1.22,0.464,0.389,1.09,0.386,-0.28
8591.75,1.16,0.559,0.249,0.948,0.556,-0.4
8592.0,1.11,0.534,0.241,0.885,0.485,-0.41
8592.25,0.989,0.627,0.229,0.757,0.601,-0.42
8592.5,1.12,0.431,0.213,0.865,0.349,-0.43
8592.75,0.977,0.452,0.268,0.713,0.378,-0.39
8593.0,1.02,0.482,0.345,0.796,0.397,-0.32
8593.25,1.17,0.51,0.31,0.994,0.448,-0.35
8593.5,1.39,0.355,0.22,1.2,0.244,-0.42
8593.75,1.07,0.477,0.225,0.847,0.386,-0.42
8594.0,0.973,0.361,0.242,0.778,0.248,-0.41
8594.25,1.07,0.446,0.216,0.861,0.346,-0.43
8594.5,1.27,0.455,0.391,1.03,0.379,-0.28
8594.75,1.11,0.403,0.26,0.912,0.317,-0.39
8595.0,0.978,0.487,0.235,0.778,0.388,-0.41
8595.25,0.938,0.378,0.224,0.658,0.261,-0.42
8595.5,1.02,0.392,0.21,0.738,0.289,-0.43
8595.75,1.1,0.461,0.242,0.869,0.357,-0.41
8596.0,1.04,0.47,0.349,0.837,0.407,-0.32
8596.25,0.974,0.459,0.311,0.717,0.372,-0.35
8596.5,1.08,0.376,0.218,0.851,0.268,-0.42
8596.75,1.29,0.368,0.213,1.1,0.239,-0.42
8597.0,1.19,0.47,0.231,0.996,0.369,-0.41
8597.25,1.24,0.423,0.202,1.04,0.327,-0.43
8597.5,0.898,0.546,0.386,0.606,0.49,-0.28
8597.75,0.713,0.622,0.252,0.313,0.586,-0.33
8598.0,0.674,0.491,0.243,0.239,0.407,-0.0069
8598.25,0.659,0.481,0.224,0.186,0.402,-0.019
8598.5,0.597,0.464,0.21,0.164,0.36,-0.029
8598.75,0.549,0.385,0.272,0.0824,0.277,0.0106
8599.0,0.569,0.557,0.348,0.08,0.493,0.0767
8599.25,0.996,0.328,0.322,0.772,0.217,0.0533
8599.5,0.723,0.499,0.21,0.357,0.425,-0.023
8599.75,0.748,0.385,0.216,0.37,0.268,-0.017
8600.0,0.899,0.417,0.255,0.591,0.316,0.00526
8600.25,0.641,0.474,0.21,0.239,0.39,-0.02
8600.5,0.658,0.462,0.393,0.235,0.384,0.118
8600.75,0.748,0.414,0.291,0.299,0.329,0.0425
8601.0,0.885,0.444,0.216,0.482,0.329,-0.018
8601.25,0.505,0.386,0.226,0.0782,0.288,-0.012
8601.5,0.501,0.438,0.217,0.0278,0.341,-0.02
8601.75,0.587,0.46,0.263,0.0826,0.363,0.0139
8602.0,0.755,0.475,0.312,0.278,0.414,0.0485
8602.25,0.482,0.374,0.371,0.0241,0.267,0.109
8602.5,0.494,0.471,0.215,0.0213,0.379,-0.017
8602.75,0.723,0.362,0.223,0.309,0.258,-0.011
8603.0,0.908,0.486,0.225,0.519,0.416,-0.011
8603.25,0.822,0.597,0.21,0.454,0.576,-0.02
8603.5,0.688,0.553,0.374,0.252,0.508,0.102
8603.75,0.598,0.565,0.329,0.198,0.525,0.0709
8604.0,0.726,0.353,0.233,0.336,0.251,-0.0019
8604.25,0.711,0.507,0.216,0.257,0.456,0.00214
8604.5,0.579,0.375,0.224,0.092,0.275,-0.01
8604.75,0.515,0.487,0.242,0.0508,0.432,0.00308
8605.0,0.54,0.481,0.293,0.0819,0.414,0.0376
8605.25,0.567,0.413,0.386,0.0952,0.32,0.122
8605.5,0.651,0.417,0.21,0.179,0.289,-0.02
8605.75,0.728,0.436,0.277,0.33,0.334,0.00667
8606.0,0.567,0.441,0.225,0.139,0.357,-0.013
8606.25,0.738,0.408,0.218,0.293,0.316,-0.018
8606.5,0.658,0.559,0.315,0.212,0.504,0.0478
8606.75,0.628,0.326,0.343,0.21,0.21,0.0716
8607.0,0.624,0.442,0.264,0.198,0.358,0.00922
8607.25,0.771,0.404,0.21,0.332,0.287,-0.03
8607.5,0.582,0.483,0.231,0.142,0.393,-0.015
8607.75,0.499,0.395,0.239,0.0359,0.306,-0.0095
8608.0,0.571,0.537,0.261,0.0736,0.435,0.0074
8608.25,0.783,0.407,0.387,0.322,0.311,0.109
8608.5,0.612,0.343,0.242,0.147,0.22,-0.0056
8608.75,0.643,0.488,0.244,0.239,0.404,-0.01
8609.0,0.712,0.565,0.221,0.307,0.497,-0.023
8609.25,0.886,0.554,0.221,0.437,0.513,-0.024
8609.5,0.711,0.568,0.293,0.272,0.487,0.0209
8609.75,0.538,0.452,0.344,0.124,0.371,0.0772
8610.0,0.597,0.392,0.278,0.164,0.292,0.025
8610.25,0.698,0.431,0.21,0.246,0.326,-0.025
8610.5,0.69,0.476,0.247,0.24,0.397,-0.003
8610.75,0.6,0.434,0.225,0.169,0.345,-0.016
8611.0,0.557,0.462,0.251,0.0822,0.376,0.00432
8611.25,0.797,0.414,0.381,0.593,0.301,0.103
8611.5,1.08,0.372,0.243,0.847,0.263,-0.12
8611.75,1.07,0.426,0.242,0.831,0.318,-0.4
8612.0,1.08,0.506,0.204,0.868,0.386,-0.43
8612.25,0.973,0.465,0.223,0.777,0.4,-0.41
8612.5,1.16,0.338,0.222,0.942,0.22,-0.41
8612.75,1.17,0.449,0.346,0.937,0.348,-0.32
8613.0,1.07,0.403,0.304,0.882,0.294,-0.35
8613.25,1.04,0.362,0.202,0.858,0.243,-0.43
8613.5,1.06,0.523,0.255,0.794,0.447,-0.39
8613.75,0.988,0.466,0.202,0.746,0.374,-0.43
8614.0,0.951,0.347,0.23,0.701,0.239,-0.41
8614.25,1.06,0.408,0.36,0.816,0.301,-0.31
8614.5,1.12,0.435,0.271,0.889,0.331,-0.37
8614.75,1.33,0.542,0.241,1.18,0.507,-0.4
8615.0,1.13,0.556,0.21,0.947,0.465,-0.43
8615.25,1.13,0.621,0.243,0.893,0.588,-0.4
8615.5,1.11,0.412,0.209,0.898,0.312,-0.43
8615.75,1.24,0.356,0.379,1.08,0.24,-0.3
8616.0,0.991,0.452,0.296,0.78,0.351,-0.35
8616.25,1.09,0.41,0.224,0.846,0.298,-0.41
8616.5,0.971,0.425,0.219,0.733,0.331,-0.42
8616.75,1.11,0.5,0.201,0.856,0.425,-0.43
8617.0,0.978,0.356,0.242,0.703,0.236,-0.4
8617.25,0.87,0.425,0.338,0.629,0.33,-0.32
8617.5,0.967,0.416,0.295,0.701,0.298,-0.36
8617.75,1.19,0.441,0.202,0.929,0.355,-0.43
8618.0,1.12,0.42,0.236,0.918,0.33,-0.41
8618.25,1.0,0.431,0.217,0.813,0.328,-0.42
8618.5,1.22,0.428,0.248,1.06,0.338,-0.42
8618.75,1.18,0.345,0.371,0.949,0.231,-0.3
8619.0,1.24,0.432,0.279,1.03,0.323,-0.37
8619.25,0.974,0.501,0.243,0.757,0.431,-0.41
8619.5,0.893,0.386,0.211,0.645,0.29,-0.43
8619.75,0.97,0.474,0.242,0.698,0.399,-0.41
8620.0,1.19,0.398,0.211,0.955,0.294,-0.43
8620.25,1.07,0.367,0.347,0.862,0.264,-0.32
8620.5,1.12,0.484,0.312,0.891,0.432,-0.34
8620.75,1.13,0.662,0.21,0.957,0.599,-0.43
8621.0,1.16,0.586,0.25,0.968,0.546,-0.4
8621.25,1.29,0.431,0.21,1.09,0.348,-0.43
8621.5,1.07,0.437,0.247,0.868,0.34,-0.41
8621.75,0.724,0.393,0.345,0.389,0.294,-0.31
8622.0,0.73,0.349,0.303,0.306,0.234,0.0514
8622.25,0.698,0.506,0.218,0.23,0.445,-0.015
8622.5,0.575,0.467,0.22,0.0746,0.383,-0.014
8622.75,0.552,0.396,0.257,0.0578,0.291,0.00444
8623.0,0.715,0.471,0.213,0.214,0.238,-0.031
8623.25,0.622,0.519,0.38,0.134,0.296,0.0963
8623.5,0.608,0.507,0.253,0.168,0.298,0.00333
8623.75,0.705,0.524,0.247,0.281,0.319,0.00105
8624.0,0.92,0.559,0.21,0.496,0.367,-0.02
8624.25,0.633,0.528,0.218,0.171,0.335,-0.014
8624.5,0.735,0.496,0.378,0.12,0.202,0.00955
8624.75,0.63,0.58,0.354,0.199,0.298,0.0796
8625.0,0.736,0.548,0.272,0.259,0.331,0.0166
8625.25,0.583,0.503,0.21,0.0768,0.342,-0.029
8625.5,0.483,0.497,0.248,0.0158,0.392,0.000698
8625.75,0.647,0.43,0.216,0.199,0.29,-0.02
8626.0,0.961,0.416,0.299,0.386,0.287,0.04
8626.25,1.03,0.552,0.353,0.487,0.462,0.0876
8626.5,0.899,0.581,0.211,0.382,0.471,-0.02
8626.75,0.847,0.665,0.248,0.337,0.629,0.00405
8627.0,0.871,0.469,0.21,0.314,0.398,-0.02
8627.25,0.885,0.483,0.249,0.394,0.401,0.0075
8627.5,0.709,0.363,0.307,0.259,0.259,0.051
8627.75,0.592,0.42,0.309,0.158,0.336,0.0534
8628.0,0.644,0.453,0.229,0.196,0.364,-0.0068
8628.25,0.567,0.499,0.21,0.0672,0.426,-0.02
8628.5,0.616,0.432,0.256,0.0979,0.37,0.00579
8628.75,0.688,0.394,0.211,0.184,0.293,-0.019
8629.0,0.644,0.449,0.379,0.177,0.349,0.0981
8629.25,0.665,0.433,0.271,0.186,0.304,0.0136
8629.5,0.712,0.438,0.235,0.232,0.356,-0.016
8629.75,0.865,0.506,0.229,0.419,0.413,-0.019
8630.0,0.926,0.427,0.215,0.509,0.325,-0.027
8630.25,0.687,0.39,0.286,0.278,0.281,0.0176
8630.5,0.656,0.341,0.343,0.234,0.214,0.0666
8630.75,0.781,0.512,0.895,0.345,0.411,0.0221
8631.0,0.948,0.375,0.784,0.554,0.251,-0.00053
8631.25,0.597,0.526,0.799,0.145,0.428,0.0151
8631.5,0.475,0.402,0.221,0.00429,0.274,-0.021
8631.75,0.693,0.445,0.31,0.321,0.34,0.04
8632.0,0.62,0.434,0.346,0.253,0.349,0.0745
8632.25,0.559,0.512,0.21,0.184,0.43,-0.03
8632.5,0.54,0.62,0.256,0.202,0.556,-0.0023
8632.75,0.658,0.544,0.21,0.357,0.44,-0.03
8633.0,0.564,0.405,0.251,0.248,0.306,-0.0039
8633.25,0.567,0.396,0.331,0.214,0.27,0.057
8633.5,0.639,0.438,0.316,0.319,0.344,0.0321
8633.75,0.725,0.372,0.237,0.432,0.259,-0.0066
8634.0,0.494,0.462,0.21,0.202,0.396,-0.0083
8634.25,0.461,0.533,0.256,0.136,0.456,0.0187
8634.5,0.507,0.411,0.239,0.124,0.321,0.0137
8634.75,0.573,0.343,0.39,0.189,0.244,0.118
8635.0,0.498,0.406,0.24,0.156,0.295,0.00756
8635.25,0.372,0.516,0.226,0.0273,0.44,-0.0089
8635.5,0.431,0.435,0.233,0.0619,0.351,0.00324
8635.75,0.959,0.414,0.21,0.963,0.345,-0.27
8636.0,1.14,0.452,0.33,1.04,0.337,-0.34
8636.25,1.01,0.457,0.328,0.956,0.37,-0.33
8636.5,1.01,0.343,0.247,0.968,0.237,-0.4
8636.75,0.95,0.444,0.21,0.856,0.366,-0.43
8637.0,1.19,0.487,0.233,1.09,0.41,-0.41
8637.25,1.05,0.493,0.251,0.956,0.411,-0.4
8637.5,0.859,0.392,0.325,0.755,0.313,-0.34
8637.75,0.802,0.503,0.315,0.678,0.439,-0.34
8638.0,0.987,0.61,0.21,0.832,0.577,-0.43
8638.25,1.05,0.527,0.251,0.896,0.465,-0.4
8638.5,1.0,0.532,0.219,0.902,0.497,-0.42
8638.75,1.03,0.407,0.226,0.961,0.318,-0.42
8639.0,1.1,0.461,0.375,1.05,0.381,-0.29
8639.25,1.43,0.615,0.518,1.38,0.495,-0.14
8639.5,1.26,0.691,0.513,1.19,0.577,-0.15
8639.75,0.984,0.427,0.21,0.907,0.343,-0.43
8640.0,0.994,0.48,0.247,0.943,0.4,-0.4
8640.25,1.16,0.435,0.285,1.06,0.362,-0.37
8640.5,1.04,0.385,0.347,0.93,0.276,-0.32
8640.75,0.983,0.435,0.233,0.844,0.358,-0.41
8641.0,0.913,0.426,0.21,0.782,0.327,-0.43
8641.25,0.916,0.437,0.242,0.81,0.371,-0.41
8641.5,1.05,0.476,0.21,0.944,0.418,-0.43
8641.75,0.892,0.441,0.344,0.742,0.345,-0.32
8642.0,1.02,0.421,0.29,0.882,0.333,-0.36
8642.25,1.02,0.433,0.285,0.943,0.283,-0.37
8642.5,1.29,0.774,0.526,1.22,0.647,-0.18
8642.75,1.23,0.709,0.499,1.11,0.53,-0.2
8643.0,1.06,0.549,0.337,0.946,0.458,-0.33
8643.25,1.02,0.441,0.344,0.91,0.338,-0.32
8643.5,1.04,0.514,0.29,0.961,0.451,-0.36
8643.75,1.09,0.488,0.215,1.06,0.42,-0.43
8644.0,0.895,0.539,0.221,0.748,0.463,-0.42
8644.25,0.978,0.54,0.238,0.849,0.49,-0.41
8644.5,1.03,0.391,0.251,0.917,0.3,-0.4
8644.75,1.13,0.475,0.38,1.04,0.385,-0.29
8645.0,0.936,0.365,0.213,0.824,0.252,-0.43
8645.25,0.948,0.445,0.268,0.829,0.361,-0.41
8645.5,0.859,0.427,0.226,0.659,0.327,-0.43
8645.75,0.674,0.482,0.232,0.363,0.414,-0.0038
8646.0,0.556,0.414,0.33,0.261,0.343,0.0685
8646.25,0.503,0.427,0.313,0.182,0.31,0.0675
8646.5,0.536,0.463,0.261,0.212,0.392,0.0178
8646.75,0.644,0.316,0.211,0.34,0.199,-0.019
8647.0,0.63,0.531,0.258,0.317,0.451,0.0145
8647.25,0.44,0.461,0.21,0.108,0.377,-0.02
8647.5,0.515,0.397,0.363,0.161,0.324,0.0965
8647.75,0.41,0.467,0.296,0.0354,0.372,0.05
8648.0,0.57,0.394,0.212,0.195,0.291,-0.02
8648.25,0.524,0.395,0.247,0.188,0.3,0.00163
8648.5,0.532,0.481,0.21,0.216,0.393,-0.02
8648.75,0.519,0.473,0.275,0.172,0.405,0.0168
8649.0,0.564,0.431,0.348,0.23,0.341,0.07
8649.25,0.685,0.58,0.27,0.367,0.517,0.0174
8649.5,0.593,0.473,0.228,0.316,0.396,-0.017
8649.75,0.527,0.513,0.21,0.209,0.448,-0.03
8650.0,0.562,0.551,0.26,0.245,0.488,0.00542
8650.25,0.757,0.441,0.242,0.444,0.349,-0.0078
8650.5,0.564,0.428,0.361,0.233,0.351,0.0865
8650.75,0.533,0.398,0.21,0.202,0.278,-0.03
8651.0,0.57,0.441,0.232,0.219,0.332,-0.017
8651.25,0.45,0.372,0.234,0.0767,0.253,-0.014
8651.5,0.499,0.444,0.21,0.142,0.361,-0.03
8651.75,0.565,0.531,0.378,0.24,0.447,0.0942
8652.0,0.606,0.395,0.286,0.296,0.286,0.0288
8652.25,0.55,0.312,0.255,0.212,0.193,-0.0023
8652.5,0.683,0.509,0.215,0.361,0.339,-0.022
8652.75,0.526,0.457,0.235,0.207,0.37,-0.0021
8653.0,0.519,0.425,0.256,0.202,0.331,0.0109
8653.25,0.566,0.506,0.352,0.253,0.447,0.08
8653.5,0.613,0.387,0.291,0.283,0.279,0.0394
8653.75,0.43,0.456,0.21,0.0677,0.377,-0.012
8654.0,0.44,0.409,0.236,0.0792,0.33,0.01
8654.25,0.436,0.439,0.225,0.086,0.357,0.006
8654.5,0.525,0.489,0.284,0.186,0.438,0.0453
8654.75,0.691,0.501,0.38,0.364,0.449,0.113
8655.0,0.516,0.619,0.21,0.168,0.578,-0.02
8655.25,0.513,0.488,0.249,0.188,0.411,0.00727
8655.5,0.556,0.531,0.215,0.254,0.469,0.000588
8655.75,0.851,0.476,0.226,0.574,0.395,0.00632
8656.0,0.611,0.452,0.366,0.315,0.385,0.101
8656.25,0.622,0.414,0.292,0.333,0.341,0.054
8656.5,0.593,0.45,0.269,0.309,0.352,0.0245
8656.75,0.577,0.426,0.211,0.277,0.343,0.0
8657.0,0.578,0.387,0.283,0.235,0.247,0.0147
8657.25,0.485,0.569,0.258,0.136,0.516,0.0194
8657.5,0.38,0.409,0.359,0.0371,0.324,0.0888
8657.75,0.388,0.457,0.307,0.0361,0.378,0.0489
8658.0,0.725,0.448,0.21,0.367,0.293,-0.02
8658.25,0.593,0.406,0.235,0.24,0.301,-0.0059
8658.5,0.491,0.416,0.217,0.161,0.32,-0.021
8658.75,0.462,0.461,0.271,0.15,0.356,0.0129
8659.0,0.662,0.49,0.377,0.333,0.417,0.101
8659.25,0.641,0.333,0.21,0.291,0.212,-0.03
8659.5,0.99,0.496,0.253,0.982,0.394,-0.21
8659.75,0.957,0.372,0.206,0.877,0.253,-0.43
8660.0,0.917,0.394,0.223,0.837,0.29,-0.42
8660.25,1.07,0.605,0.326,0.974,0.555,-0.34
8660.5,0.945,0.545,0.285,0.783,0.492,-0.36
8660.75,0.926,0.523,0.255,0.773,0.459,-0.4
8661.0,0.793,0.486,0.21,0.656,0.399,-0.43
8661.25,1.03,0.457,0.227,0.936,0.369,-0.42
8661.5,1.09,0.407,0.232,0.982,0.305,-0.41
8661.75,1.3,0.43,0.346,1.26,0.344,-0.32
8662.0,1.07,0.501,0.283,0.983,0.432,-0.37
8662.25,0.978,0.353,0.21,0.9,0.248,-0.43
8662.5,1.01,0.442,0.252,0.943,0.341,-0.4
8662.75,1.03,0.409,0.21,0.912,0.304,-0.43
8663.0,1.05,0.478,0.267,0.95,0.419,-0.38
8663.25,1.01,0.427,0.364,0.925,0.352,-0.3
8663.5,1.02,0.484,0.214,0.925,0.415,-0.43
8663.75,0.856,0.394,0.247,0.71,0.302,-0.4
8664.0,1.05,0.336,0.211,0.92,0.225,-0.43
8664.25,0.961,0.519,0.258,0.812,0.45,-0.4
8664.5,0.947,0.403,0.3,0.808,0.319,-0.36
8664.75,0.911,0.474,0.334,0.804,0.414,-0.33
8665.0,0.954,0.45,0.224,0.852,0.348,-0.42
8665.25,1.17,0.378,0.21,1.08,0.267,-0.43
8665.5,1.03,0.384,0.253,0.919,0.293,-0.4
8665.75,1.1,0.453,0.211,1.03,0.36,-0.43
8666.0,0.907,0.645,0.377,0.827,0.639,-0.3
8666.25,0.955,0.5,0.275,0.852,0.452,-0.38
8666.5,1.07,0.531,0.227,0.979,0.472,-0.42
8666.75,1.12,0.495,0.238,1.02,0.422,-0.41
8667.0,0.964,0.383,0.21,0.879,0.272,-0.43
8667.25,0.92,0.436,0.298,0.814,0.36,-0.36
8667.5,1.01,0.489,0.343,0.871,0.408,-0.32
8667.75,1.04,0.462,0.261,0.89,0.406,-0.4
8668.0,1.08,0.403,0.212,0.98,0.296,-0.43
8668.25,0.909,0.431,0.229,0.823,0.331,-0.42
8668.5,0.983,0.453,0.227,0.879,0.365,-0.42
8668.75,1.12,0.419,0.299,1.04,0.332,-0.37
8669.0,1.27,0.404,0.355,1.22,0.323,-0.31
8669.25,0.994,0.522,0.21,0.926,0.466,-0.44
8669.5,0.525,0.374,0.251,0.251,0.264,-0.11
8669.75,0.499,0.4,0.21,0.146,0.315,-0.02
8670.0,0.538,0.417,0.244,0.141,0.308,0.00361
8670.25,0.562,0.444,0.36,0.205,0.347,0.0929
8670.5,0.428,0.473,0.273,0.0821,0.412,0.03
8670.75,0.375,0.429,0.255,0.0128,0.346,0.011
8671.0,0.437,0.449,0.212,0.0584,0.359,-0.018
8671.25,0.811,0.406,0.254,0.51,0.309,0.0106
8671.5,0.575,0.407,0.247,0.272,0.31,0.00667
8671.75,0.499,0.664,0.384,0.18,0.642,0.103
8672.0,0.515,0.487,0.234,0.171,0.419,-0.012
8672.25,0.635,0.575,0.216,0.3,0.515,-0.027
8672.5,0.754,0.488,0.25,0.46,0.4,-0.0073
8672.75,0.625,0.331,0.21,0.348,0.203,-0.03
8673.0,0.581,0.44,0.332,0.238,0.357,0.0595
8673.25,0.543,0.456,0.319,0.18,0.35,0.053
8673.5,0.603,0.493,0.235,0.227,0.417,-0.016
8673.75,0.528,0.379,0.234,0.195,0.278,-0.016
8674.0,0.446,0.404,0.21,0.087,0.289,-0.031
8674.25,0.506,0.46,0.251,0.139,0.346,-0.0053
8674.5,0.615,0.336,0.346,0.265,0.208,0.0618
8674.75,0.601,0.486,0.322,0.261,0.388,0.0505
8675.0,0.537,0.466,0.211,0.208,0.364,-0.039
8675.25,0.516,0.425,0.229,0.197,0.321,-0.025
8675.5,0.565,0.413,0.236,0.221,0.285,-0.017
8675.75,0.668,0.402,0.223,0.334,0.302,-0.021
8676.0,0.604,0.423,0.388,0.303,0.277,0.107
8676.25,0.554,0.537,0.244,0.249,0.469,-0.0035
8676.5,0.469,0.41,0.254,0.112,0.321,-0.0047
8676.75,0.561,0.432,0.211,0.17,0.335,-0.029
8677.0,0.443,0.439,0.234,0.0695,0.347,-0.013
8677.25,0.431,0.512,0.335,0.0634,0.446,0.0466
8677.5,0.506,0.539,0.327,0.164,0.482,0.0586
8677.75,0.616,0.524,0.254,0.272,0.439,-0.0043
8678.0,0.667,0.618,0.21,0.318,0.556,-0.03
8678.25,0.556,0.352,0.248,0.221,0.223,-0.0076
8678.5,0.621,0.391,0.216,0.317,0.265,-0.026
8678.75,0.709,0.463,0.339,0.438,0.34,0.0615
8679.0,0.842,0.454,0.305,0.547,0.357,0.044
8679.25,0.553,0.426,0.21,0.226,0.337,-0.028
8679.5,0.621,0.489,0.257,0.324,0.419,0.00755
8679.75,0.438,0.448,0.21,0.0866,0.357,-0.026
8680.0,0.535,0.379,0.275,0.166,0.259,0.015
8680.25,0.552,0.402,0.365,0.176,0.308,0.0876
8680.5,0.413,0.418,0.235,0.0315,0.297,-0.01
8680.75,0.431,0.544,0.266,0.0595,0.465,0.0045
8681.0,0.472,0.421,0.21,0.129,0.323,-0.03
8681.25,0.797,0.327,0.233,0.513,0.211,-0.016
8681.5,0.601,0.475,0.292,0.262,0.372,0.0276
8681.75,0.535,0.38,0.345,0.19,0.269,0.0733
8682.0,0.506,0.418,0.254,0.175,0.339,0.0147
8682.25,0.92,0.478,0.21,0.903,0.393,0.0
8682.5,1.04,0.584,0.257,0.977,0.556,0.02
8682.75,1.03,0.418,0.212,0.947,0.358,0.0
8683.0,1.09,0.543,0.334,1.04,0.514,-0.3
8683.25,0.929,0.536,0.296,0.809,0.485,-0.35
8683.5,1.09,0.503,0.21,0.96,0.44,-0.43
8683.75,0.901,0.506,0.258,0.779,0.469,-0.4
8684.0,1.04,0.366,0.21,0.918,0.28,-0.43
8684.25,0.988,0.497,0.274,0.873,0.433,-0.38
8684.5,1.21,0.394,0.347,1.16,0.306,-0.32
8684.75,1.06,0.348,0.255,1.0,0.251,-0.39
8685.0,1.03,0.542,0.251,0.924,0.485,-0.4
8685.25,1.05,0.483,0.21,0.952,0.411,-0.43
8685.5,1.12,0.377,0.239,1.05,0.279,-0.41
8685.75,1.01,0.411,0.287,0.949,0.315,-0.37
8686.0,0.942,0.378,0.349,0.869,0.262,-0.31
8686.25,1.04,0.49,0.242,0.942,0.419,-0.41
8686.5,1.01,0.424,0.21,0.885,0.342,-0.43
8686.75,1.04,0.409,0.249,0.925,0.334,-0.4
8687.0,0.83,0.501,0.21,0.715,0.423,-0.43
8687.25,0.911,0.371,0.365,0.759,0.263,-0.31
8687.5,0.944,0.446,0.28,0.78,0.37,-0.37
8687.75,1.12,0.357,0.225,1.01,0.251,-0.42
8688.0,1.1,0.512,0.233,1.05,0.426,-0.41
8688.25,0.898,0.476,0.216,0.815,0.417,-0.43
8688.5,1.01,0.44,0.264,0.903,0.348,-0.39
8688.75,1.07,0.514,0.345,0.962,0.462,-0.32
8689.0,1.16,0.561,0.274,1.08,0.514,-0.38
8689.25,0.887,0.566,0.21,0.813,0.523,-0.43
8689.5,0.898,0.495,0.265,0.811,0.418,-0.4
8689.75,1.06,0.415,0.213,0.925,0.321,-0.43
8690.0,1.12,0.413,0.28,1.0,0.307,-0.38
8690.25,1.22,0.464,0.347,1.2,0.39,-0.32
8690.5,0.909,0.34,0.21,0.811,0.228,-0.43
8690.75,0.849,0.501,0.253,0.7,0.415,-0.4
8691.0,1.06,0.515,0.211,0.942,0.467,-0.44
8691.25,1.21,0.406,0.245,1.12,0.316,-0.41
8691.5,0.978,0.412,0.348,0.892,0.337,-0.32
8691.75,0.925,0.405,0.268,0.838,0.302,-0.39
8692.0,0.987,0.451,0.251,0.892,0.364,-0.41
8692.25,1.17,0.467,0.211,1.08,0.412,-0.44
8692.5,1.04,0.425,0.252,0.969,0.352,-0.41
8692.75,0.912,0.477,0.247,0.832,0.374,-0.41
8693.0,0.895,0.432,0.367,0.76,0.335,-0.3
8693.25,0.909,0.357,0.241,0.751,0.226,-0.41
8693.5,1.07,0.43,0.216,0.896,0.343,-0.43
8693.75,0.505,0.472,0.249,0.194,0.381,-0.41
8694.0,0.557,0.507,0.21,0.244,0.456,-0.19
8694.25,0.579,0.352,0.327,0.221,0.245,0.0623
8694.5,0.715,0.584,0.315,0.362,0.53,0.0525
8694.75,0.58,0.518,0.241,0.233,0.383,-0.0087
8695.0,0.651,0.664,0.217,0.317,0.433,-0.026
8695.25,0.854,0.649,0.222,0.425,0.373,-0.029
8695.5,0.906,0.71,0.257,0.313,0.273,-0.01
8695.75,0.884,0.517,0.35,0.298,0.261,0.04
8696.0,0.849,0.534,0.341,0.0741,0.255,0.0338
8696.25,0.798,0.521,0.241,0.107,0.262,-0.04
8696.5,0.614,0.588,0.339,9.42e-18,0.291,-0.02
8696.75,0.668,0.722,0.27,0.13,0.274,-0.043
8697.0,0.616,0.673,0.342,0.0778,0.413,0.0496
8697.25,0.979,0.797,0.654,0.48,0.405,0.319
8697.5,1.04,0.852,0.448,0.347,0.428,0.15
8697.75,0.743,0.671,0.261,0.122,0.243,-0.0097
8698.0,0.765,0.821,0.21,0.257,0.474,-0.03
8698.25,0.645,0.776,0.245,0.271,0.403,-0.01
8698.5,0.597,0.853,0.291,0.239,0.48,0.0259
8698.75,0.641,0.595,0.343,0.278,0.179,0.0704
8699.0,0.585,0.628,0.222,0.183,0.203,-0.023
8699.25,0.373,0.706,0.22,-0.012,0.293,-0.024
8699.5,0.663,0.707,0.243,0.319,0.306,-0.011
8699.75,0.793,0.589,0.21,0.427,0.278,-0.028
8700.0,0.634,0.66,0.363,0.268,0.328,0.0943
8700.25,0.552,0.57,0.286,0.2,0.256,0.0341
8700.5,0.693,0.522,0.241,0.142,0.277,-0.008
8700.75,1.1,0.536,0.212,0.385,0.273,-0.028
8701.0,0.968,0.636,0.224,0.326,0.418,-0.021
8701.25,0.983,0.559,0.258,0.37,0.327,0.00889
8701.5,0.922,0.553,0.736,0.336,0.303,0.0994
8701.75,1.11,0.602,1.06,0.183,0.36,0.0668
8702.0,1.24,0.55,0.744,0.175,0.334,0.0
8702.25,1.17,0.593,0.815,0.106,0.353,0.0244
8702.5,1.23,0.666,0.838,0.156,0.444,0.0
8702.75,1.13,0.694,0.841,0.0607,0.367,0.097
8703.0,1.11,0.637,0.388,0.0989,0.203,0.0607
8703.25,0.872,0.769,0.708,0.226,0.439,-0.0044
8703.5,1.17,0.672,0.78,0.307,0.37,0.0246
8703.75,0.97,0.66,0.761,0.341,0.39,0.0
8704.0,0.747,0.787,0.868,0.237,0.538,0.0267
8704.25,0.761,0.53,0.557,0.278,0.228,0.0806
8704.5,0.761,0.566,0.302,0.267,0.263,0.0342
8704.75,0.702,0.606,0.222,0.21,0.286,-0.022
8705.0,0.61,0.58,0.21,0.144,0.29,-0.03
8705.25,0.586,0.515,0.248,0.132,0.194,-0.008
8705.5,0.633,0.722,0.251,0.146,0.448,-0.0089
8705.75,0.608,0.551,0.388,0.0675,0.253,0.102
8706.0,0.698,0.565,0.238,0.195,0.261,-0.0086
8706.25,0.493,0.588,0.228,-0.01,0.28,-0.018
8706.5,0.468,0.526,0.24,-0.025,0.208,-0.013
8706.75,0.669,0.627,0.21,0.151,0.335,-0.03
8707.0,0.802,0.612,0.336,0.317,0.313,0.0586
8707.25,0.7,0.591,0.307,0.21,0.308,0.0438
8707.5,0.578,0.529,0.254,0.117,0.202,-0.005
8707.75,0.953,0.641,0.209,0.834,0.348,-0.36
8708.0,1.11,0.481,0.216,0.836,0.159,-0.42
8708.25,1.15,0.596,0.237,0.89,0.295,-0.4
8708.5,1.19,0.671,0.326,0.972,0.389,-0.33
8708.75,1.01,0.55,0.304,0.782,0.252,-0.35
8709.0,0.915,0.701,0.2,0.626,0.379,-0.43
8709.25,1.06,0.686,0.242,0.745,0.408,-0.4
8709.5,1.06,0.661,0.208,0.755,0.394,-0.42
8709.75,0.971,0.696,0.243,0.685,0.409,-0.4
8710.0,0.936,0.658,0.375,0.67,0.39,-0.29
8710.25,1.18,0.508,0.213,0.944,0.198,-0.42
8710.5,1.38,0.671,0.254,1.17,0.382,-0.4
8710.75,1.29,0.527,0.21,1.06,0.235,-0.43
8711.0,1.13,0.488,0.235,0.924,0.171,-0.41
8711.25,1.11,0.711,0.311,0.915,0.46,-0.35
8711.5,1.08,0.543,0.302,0.836,0.262,-0.35
8711.75,1.18,0.601,0.246,0.936,0.333,-0.4
8712.0,1.15,0.58,0.21,0.901,0.274,-0.43
8712.25,0.948,0.552,0.244,0.666,0.253,-0.4
8712.5,0.921,0.598,0.209,0.639,0.301,-0.43
8712.75,1.0,0.673,0.374,0.702,0.346,-0.3
8713.0,1.06,0.621,0.27,0.75,0.359,-0.38
8713.25,1.01,0.562,0.229,0.719,0.255,-0.42
8713.5,1.06,0.593,0.239,0.822,0.291,-0.41
8713.75,1.1,0.545,0.21,0.866,0.237,-0.43
8714.0,1.15,0.629,0.297,0.909,0.351,-0.36
8714.25,1.26,0.629,0.343,1.03,0.359,-0.32
8714.5,1.12,0.585,0.261,0.899,0.302,-0.4
8714.75,1.05,0.625,0.21,0.825,0.361,-0.44
8715.0,1.08,0.632,0.23,0.824,0.367,-0.42
8715.25,1.08,0.751,0.228,0.816,0.506,-0.42
8715.5,1.05,0.703,0.315,0.758,0.449,-0.35
8715.75,0.988,0.591,0.344,0.702,0.327,-0.32
8716.0,1.08,0.62,0.21,0.815,0.34,-0.44
8716.25,1.18,0.591,0.247,0.94,0.296,-0.41
8716.5,1.13,0.536,0.21,0.868,0.252,-0.44
8716.75,1.19,0.549,0.239,0.968,0.25,-0.42
8717.0,1.13,0.651,0.356,0.903,0.37,-0.32
8717.25,1.12,0.678,0.279,0.864,0.411,-0.38
8717.5,0.892,0.548,0.239,0.544,0.268,-0.4
8717.75,0.657,0.557,0.213,0.209,0.271,-0.014
8718.0,0.768,0.565,0.263,0.352,0.264,0.0203
8718.25,0.866,0.596,0.252,0.312,0.322,0.0147
8718.5,0.834,0.628,0.387,0.166,0.348,0.116
8718.75,0.724,0.623,0.24,0.122,0.364,0.00467
8719.0,0.691,0.68,0.228,0.191,0.311,-0.011
8719.25,0.674,0.59,0.238,0.151,0.213,-0.01
8719.5,0.732,0.608,0.21,0.189,0.245,-0.03
8719.75,0.731,0.707,0.333,0.215,0.333,0.0621
8720.0,0.727,0.695,0.326,0.239,0.342,0.0618
8720.25,0.772,0.625,0.297,0.28,0.28,-0.0071
8720.5,0.803,0.624,0.219,0.296,0.317,-0.032
8720.75,0.779,0.607,0.232,0.282,0.31,-0.018
8721.0,0.7,0.636,0.263,0.218,0.364,-0.027
8721.25,0.661,0.69,0.333,0.202,0.446,0.0515
8721.5,1.0,0.814,0.334,0.504,0.507,0.0438
8721.75,0.934,0.699,0.211,0.424,0.394,-0.03
8722.0,0.787,0.554,0.254,0.278,0.205,-0.0022
8722.25,0.662,0.548,0.21,0.168,0.203,-0.03
8722.5,0.705,0.653,0.262,0.103,0.325,0.00452
8722.75,0.86,0.643,0.365,0.219,0.31,0.0842
8723.0,0.964,0.561,0.235,0.356,0.238,-0.012
8723.25,0.837,0.613,0.257,0.207,0.376,-0.0014
8723.5,0.805,0.531,0.21,0.21,0.24,-0.033
8723.75,0.771,0.56,0.249,0.232,0.3,-0.0076
8724.0,0.888,0.498,0.254,0.357,0.227,0.000556
8724.25,0.919,0.567,0.356,0.446,0.318,0.0806
8724.5,0.833,0.673,0.231,0.379,0.419,-0.016
8724.75,0.68,0.488,0.21,0.231,0.223,-0.03
8725.0,0.589,0.534,0.284,0.0805,0.278,0.001
8725.25,0.79,0.523,0.21,0.252,0.215,-0.03
8725.5,0.753,0.607,0.365,0.224,0.353,0.0833
8725.75,0.68,0.575,0.298,0.179,0.323,0.0396
8726.0,0.729,0.592,0.226,0.244,0.324,-0.02
8726.25,0.798,0.573,0.227,0.292,0.307,-0.02
8726.5,0.991,0.521,0.21,0.442,0.248,-0.03
8726.75,0.924,0.607,0.265,0.432,0.376,0.00273
8727.0,0.885,0.6,0.346,0.362,0.362,0.07
8727.25,0.67,0.769,0.285,0.304,0.571,0.0274
8727.5,0.839,0.814,0.218,0.563,0.52,-0.0062
8727.75,0.82,1.35,0.213,0.556,0.323,0.00115
8728.0,0.674,1.39,0.248,0.383,0.299,0.0158
8728.25,0.574,1.39,0.256,0.254,0.304,0.0217
8728.5,0.506,1.48,0.359,0.226,0.414,0.0977
8728.75,0.606,1.43,0.21,0.31,0.358,-0.02
8729.0,0.571,1.42,0.231,0.215,0.348,-0.014
8729.25,0.508,1.4,0.231,0.149,0.301,-0.0082
8729.5,0.443,0.682,0.21,0.119,0.323,-0.024
8729.75,0.468,0.506,0.385,0.156,0.24,0.115
8730.0,0.551,0.577,0.276,0.216,0.347,0.0306
8730.25,0.616,0.615,0.247,0.261,0.366,0.00368
8730.5,0.696,0.583,0.222,0.374,0.345,-0.013
8730.75,0.531,0.502,0.215,0.226,0.229,-0.018
8731.0,0.502,0.53,0.299,0.211,0.264,0.036
8731.25,0.683,0.537,0.346,0.38,0.27,0.08
8731.5,0.708,0.634,0.276,0.399,0.375,0.024
8731.75,0.82,0.586,0.21,0.729,0.356,-0.2
8732.0,0.974,0.519,0.22,0.905,0.245,-0.42
8732.25,0.909,0.607,0.227,0.855,0.362,-0.41
8732.5,1.09,0.564,0.294,1.02,0.31,-0.36
8732.75,1.07,0.639,0.348,0.972,0.413,-0.31
8733.0,1.0,0.694,0.204,0.884,0.48,-0.43
8733.25,0.936,0.672,0.229,0.823,0.436,-0.41
8733.5,0.889,0.64,0.225,0.796,0.392,-0.41
8733.75,1.03,0.471,0.218,0.918,0.192,-0.42
8734.0,1.15,0.532,0.385,1.03,0.274,-0.29
8734.25,1.02,0.572,0.249,0.901,0.303,-0.4
8734.5,0.999,0.647,0.247,0.928,0.42,-0.4
8734.75,1.06,0.579,0.217,1.02,0.335,-0.42
8735.0,1.12,0.517,0.221,1.07,0.265,-0.42
8735.25,1.08,0.526,0.311,0.985,0.265,-0.35
8735.5,1.11,0.602,0.34,1.02,0.336,-0.32
8735.75,0.974,0.534,0.256,0.91,0.288,-0.4
8736.0,0.926,0.555,0.21,0.868,0.302,-0.43
8736.25,1.03,0.668,0.23,0.958,0.46,-0.42
8736.5,1.14,0.521,0.233,1.01,0.26,-0.41
8736.75,0.999,0.574,0.331,0.877,0.346,-0.34
8737.0,0.896,0.45,0.321,0.791,0.189,-0.33
8737.25,0.832,0.657,0.21,0.723,0.424,-0.43
8737.5,1.04,0.631,0.248,0.935,0.43,-0.4
8737.75,1.03,0.502,0.222,0.899,0.257,-0.42
8738.0,1.08,0.561,0.257,0.987,0.334,-0.39
8738.25,0.98,0.633,0.381,0.921,0.41,-0.29
8738.5,1.06,0.636,0.228,1.01,0.42,-0.41
8738.75,1.08,0.749,0.256,0.988,0.567,-0.4
8739.0,1.15,0.622,0.211,1.09,0.405,-0.43
8739.25,1.24,0.639,0.235,1.18,0.414,-0.41
8739.5,0.964,0.496,0.34,0.894,0.242,-0.33
8739.75,0.943,0.499,0.305,0.868,0.226,-0.35
8740.0,1.1,0.613,0.255,0.985,0.389,-0.4
8740.25,1.03,0.56,0.211,0.9,0.322,-0.43
8740.5,0.979,0.58,0.247,0.859,0.353,-0.4
8740.75,0.945,0.551,0.242,0.881,0.317,-0.4
8741.0,0.964,0.581,0.358,0.9,0.33,-0.31
8741.25,1.12,0.51,0.282,1.01,0.261,-0.37
8741.5,1.12,0.594,0.21,1.03,0.322,-0.43
8741.75,0.587,0.567,0.251,0.294,0.321,-0.37
8742.0,0.552,0.661,0.212,0.291,0.452,0.0
8742.25,0.495,0.499,0.309,0.169,0.238,0.0636
8742.5,0.597,0.494,0.351,0.231,0.221,0.0943
8742.75,0.591,0.585,0.21,0.257,0.352,-0.018
8743.0,0.437,0.576,0.257,0.108,0.319,0.0133
8743.25,0.478,0.615,0.211,0.145,0.373,-0.02
8743.5,0.618,0.529,0.251,0.259,0.281,0.00333
8743.75,0.669,0.52,0.349,0.315,0.243,0.0771
8744.0,0.699,0.674,0.295,0.36,0.461,0.0424
8744.25,0.621,0.58,0.234,0.332,0.349,-0.0039
8744.5,0.601,0.718,0.21,0.328,0.485,-0.02
8744.75,0.671,0.706,0.256,0.346,0.518,0.0128
8745.0,0.694,0.557,0.253,0.328,0.302,0.0127
8745.25,0.604,0.524,0.379,0.254,0.279,0.112
8745.5,0.494,0.52,0.248,0.161,0.264,0.0151
8745.75,0.521,0.6,0.213,0.184,0.359,-0.0026
8746.0,0.59,0.614,0.251,0.22,0.411,0.0157
8746.25,0.694,0.58,0.21,0.353,0.358,-0.0032
8746.5,0.637,0.513,0.336,0.298,0.257,0.0779
8746.75,0.475,0.584,0.285,0.154,0.334,0.0382
8747.0,0.55,0.501,0.232,0.242,0.241,-0.0064
8747.25,0.627,0.576,0.237,0.279,0.324,-0.0047
8747.5,0.639,0.627,0.21,0.287,0.391,-0.021
8747.75,0.566,0.641,0.349,0.195,0.39,0.092
8748.0,0.745,0.803,0.597,0.427,0.53,0.317
8748.25,0.637,0.704,0.49,0.276,0.407,0.223
8748.5,0.538,0.534,0.223,0.141,0.271,-0.022
8748.75,0.587,0.646,0.214,0.208,0.406,-0.026
8749.0,0.644,0.549,0.255,0.309,0.307,0.00194
8749.25,0.648,0.577,0.287,0.344,0.334,0.0268
8749.5,0.675,0.553,0.356,0.386,0.289,0.0883
8749.75,0.694,0.689,0.21,0.368,0.475,-0.03
8750.0,0.875,0.663,0.219,0.521,0.443,-0.023
8750.25,0.682,0.673,0.232,0.371,0.46,-0.012
8750.5,0.496,0.632,0.211,0.161,0.392,-0.027
8750.75,0.434,0.602,0.393,0.0577,0.332,0.11
8751.0,0.542,0.518,0.259,0.141,0.259,0.0103
8751.25,0.579,0.512,0.249,0.19,0.24,0.00647
8751.5,0.551,0.565,0.235,0.167,0.313,-0.0087
8751.75,0.479,0.642,0.21,0.151,0.39,-0.03
8752.0,0.577,0.606,0.342,0.248,0.372,0.0738
8752.25,0.677,0.494,0.328,0.283,0.241,0.0667
8752.5,0.639,0.541,0.225,0.283,0.266,-0.016
8752.75,0.813,0.597,0.221,0.541,0.356,-0.014
8753.0,0.579,0.525,0.217,0.284,0.258,-0.015
8753.25,0.527,0.606,0.255,0.206,0.386,0.0118
8753.5,0.508,0.55,0.358,0.0996,0.303,0.0825
8753.75,0.552,0.636,0.31,0.165,0.409,0.0597
8754.0,0.595,0.539,0.215,0.213,0.273,-0.016
8754.25,0.427,0.46,0.229,0.065,0.184,-0.0068
8754.5,0.46,0.603,0.241,0.117,0.356,-0.00059
8754.75,0.643,0.608,0.275,0.283,0.349,0.0239
8755.0,0.758,0.662,0.378,0.418,0.438,0.108
8755.25,0.851,0.58,0.21,0.557,0.34,-0.026
8755.5,0.61,0.614,0.233,0.299,0.379,-0.0094
8755.75,0.871,0.71,0.234,0.833,0.469,-0.13
8756.0,1.1,0.631,0.201,0.976,0.381,-0.43
8756.25,1.11,0.582,0.382,0.978,0.35,-0.29
8756.5,0.957,0.581,0.265,0.795,0.338,-0.38
8756.75,0.926,0.576,0.242,0.786,0.333,-0.4
8757.0,0.917,0.533,0.222,0.757,0.266,-0.42
8757.25,0.972,0.522,0.212,0.818,0.282,-0.43
8757.5,1.14,0.572,0.313,1.03,0.33,-0.35
8757.75,1.17,0.686,0.338,1.07,0.464,-0.32
8758.0,1.07,0.533,0.254,0.972,0.297,-0.4
8758.25,0.936,0.506,0.22,0.84,0.242,-0.42
8758.5,1.02,0.559,0.219,0.915,0.312,-0.42
8758.75,1.15,0.566,0.241,1.04,0.303,-0.4
8759.0,1.06,0.647,0.335,0.925,0.431,-0.33
8759.25,0.887,0.495,0.325,0.727,0.252,-0.34
8759.5,0.923,0.639,0.212,0.799,0.428,-0.43
8759.75,1.0,0.554,0.231,0.898,0.304,-0.41
