Segmento,Year,LDCurve,Hour,Meter,kWh,kvarh,Max kW,Max kVA,Zone kWh,Zone kvarh,Zone Max kW,Zone Max kVA,Overload kWh Normal,Overload kWh Emerg,Load EEN,Load UE,Zone Losses kWh,Zone Losses kvarh,Zone Max kW Losses,Zone Max kvar Losses,Load Losses kWh,Load Losses kvarh,No Load Losses kWh,No Load Losses kvarh,Max kW Load Losses,Max kW No Load Losses,Line Losses,Transformer Losses,Line Mode Line Losses,Zero Mode Line Losses,3-phase Line Losses,1- and 2-phase Line Losses,Gen kWh,Gen kvarh,Gen Max kW,Gen Max kVA,13.8 kV Losses,Aux1,Aux6,Aux11,Aux16,Aux21,Aux26,13.8 kV Line Loss,Aux2,Aux7,Aux12,Aux17,Aux22,Aux27,13.8 kV Load Loss,Aux3,Aux8,Aux13,Aux18,Aux23,Aux28,13.8 kV No Load Loss,Aux4,Aux9,Aux14,Aux19,Aux24,Aux29,13.8 kV Load Energy,Aux5,Aux10,Aux15,Aux20,Aux25,Aux30
S00000_FORA_PONTA,0, ,41.0," ""GERAL""       ",75534.0,10145.0,4480.0,4494.0,59350.0,9316.0,3135.0,3169.0,0.0,0.0,2863.0,2486.0,4822.0,13069.0,152.0,416.0,332.0,-679.0,4490.0,13748.0,48.0,109.0,153.0,4669.0,153.0,0.0,153.0,0.0,0.0,0.0,0.0,0.0,4822.0,0.0,0.0,0.0,0.0,0.0,0.0,153.0,0.0,0.0,0.0,0.0,0.0,0.0,179.0,0.0,0.0,0.0,0.0,0.0,0.0,4490.0,0.0,0.0,0.0,0.0,0.0,0.0,59350.0,0.0,0.0,0.0,0.0,0.0,0.0
S00001_PONTA,0, ,44.0," ""GERAL""       ",0.0,672.0,0.0,244.0,4346.0,577.0,1489.0,1504.0,0.0,0.0,207.0,179.0,356.0,991.0,119.0,332.0,26.0,-19.0,329.0,1010.0,10.0,110.0,4.0,351.0,4.0,0.0,4.0,0.0,0.0,0.0,0.0,0.0,356.0,0.0,0.0,0.0,0.0,0.0,0.0,4.0,0.0,0.0,0.0,0.0,0.0,0.0,22.0,0.0,0.0,0.0,0.0,0.0,0.0,329.0,0.0,0.0,0.0,0.0,0.0,0.0,4346.0,0.0,0.0,0.0,0.0,0.0,0.0
S00002_FORA_PONTA,0, ,65.0," ""GERAL""       ",45803.0,5597.0,4484.0,4495.0,36035.0,5098.0,2727.0,2747.0,0.0,0.0,1439.0,1250.0,2452.0,6629.0,147.0,398.0,204.0,-253.0,2248.0,6882.0,43.0,108.0,98.0,2353.0,98.0,0.0,98.0,0.0,0.0,0.0,0.0,0.0,2452.0,0.0,0.0,0.0,0.0,0.0,0.0,98.0,0.0,0.0,0.0,0.0,0.0,0.0,105.0,0.0,0.0,0.0,0.0,0.0,0.0,2248.0,0.0,0.0,0.0,0.0,0.0,0.0,36035.0,0.0,0.0,0.0,0.0,0.0,0.0
S00003_PONTA,0, ,68.0," ""GERAL""       ",0.0,607.0,0.0,229.0,3926.0,529.0,1374.0,1389.0,0.0,0.0,207.0,179.0,351.0,975.0,118.0,327.0,22.0,-35.0,330.0,1010.0,8.0,110.0,4.0,348.0,4.0,0.0,4.0,0.0,0.0,0.0,0.0,0.0,351.0,0.0,0.0,0.0,0.0,0.0,0.0,4.0,0.0,0.0,0.0,0.0,0.0,0.0,18.0,0.0,0.0,0.0,0.0,0.0,0.0,330.0,0.0,0.0,0.0,0.0,0.0,0.0,3926.0,0.0,0.0,0.0,0.0,0.0,0.0
S00004_FORA_PONTA,0, ,137.0," ""GERAL""       ",109996.0,14716.0,4477.0,4486.0,92941.0,13863.0,3262.0,3278.0,0.0,0.0,4740.0,4114.0,7801.0,21141.0,149.0,407.0,357.0,-1655.0,7445.0,22797.0,45.0,109.0,172.0,7629.0,172.0,0.0,172.0,0.0,0.0,0.0,0.0,0.0,7801.0,0.0,0.0,0.0,0.0,0.0,0.0,172.0,0.0,0.0,0.0,0.0,0.0,0.0,184.0,0.0,0.0,0.0,0.0,0.0,0.0,7445.0,0.0,0.0,0.0,0.0,0.0,0.0,92941.0,0.0,0.0,0.0,0.0,0.0,0.0
S00005_PONTA,0, ,140.0," ""GERAL""       ",0.0,634.0,0.0,245.0,4474.0,535.0,1661.0,1673.0,0.0,0.0,207.0,179.0,357.0,996.0,121.0,339.0,27.0,-15.0,330.0,1010.0,11.0,110.0,4.0,353.0,4.0,0.0,4.0,0.0,0.0,0.0,0.0,0.0,357.0,0.0,0.0,0.0,0.0,0.0,0.0,4.0,0.0,0.0,0.0,0.0,0.0,0.0,23.0,0.0,0.0,0.0,0.0,0.0,0.0,330.0,0.0,0.0,0.0,0.0,0.0,0.0,4474.0,0.0,0.0,0.0,0.0,0.0,0.0
S00006_FORA_PONTA,0, ,161.0," ""GERAL""       ",51344.0,5791.0,4478.0,4487.0,41415.0,5205.0,3317.0,3337.0,0.0,0.0,1437.0,1249.0,2478.0,6699.0,147.0,400.0,237.0,-161.0,2241.0,6860.0,43.0,108.0,117.0,2360.0,117.0,0.0,117.0,0.0,0.0,0.0,0.0,0.0,2478.0,0.0,0.0,0.0,0.0,0.0,0.0,117.0,0.0,0.0,0.0,0.0,0.0,0.0,120.0,0.0,0.0,0.0,0.0,0.0,0.0,2241.0,0.0,0.0,0.0,0.0,0.0,0.0,41415.0,0.0,0.0,0.0,0.0,0.0,0.0
S00007_PONTA,0, ,164.0," ""GERAL""       ",0.0,654.0,0.0,250.0,4555.0,551.0,1739.0,1752.0,0.0,0.0,207.0,179.0,358.0,999.0,122.0,343.0,29.0,-11.0,330.0,1010.0,12.0,110.0,5.0,353.0,5.0,0.0,5.0,0.0,0.0,0.0,0.0,0.0,358.0,0.0,0.0,0.0,0.0,0.0,0.0,5.0,0.0,0.0,0.0,0.0,0.0,0.0,24.0,0.0,0.0,0.0,0.0,0.0,0.0,330.0,0.0,0.0,0.0,0.0,0.0,0.0,4555.0,0.0,0.0,0.0,0.0,0.0,0.0
S00008_FORA_PONTA,0, ,185.0," ""GERAL""       ",50826.0,5583.0,4478.0,4489.0,41005.0,5016.0,3097.0,3112.0,0.0,0.0,1438.0,1249.0,2471.0,6681.0,146.0,398.0,229.0,-182.0,2242.0,6864.0,42.0,108.0,113.0,2358.0,113.0,0.0,113.0,0.0,0.0,0.0,0.0,0.0,2471.0,0.0,0.0,0.0,0.0,0.0,0.0,113.0,0.0,0.0,0.0,0.0,0.0,0.0,116.0,0.0,0.0,0.0,0.0,0.0,0.0,2242.0,0.0,0.0,0.0,0.0,0.0,0.0,41005.0,0.0,0.0,0.0,0.0,0.0,0.0
S00009_PONTA,0, ,188.0," ""GERAL""       ",0.0,787.0,0.0,306.0,4660.0,679.0,1765.0,1784.0,0.0,0.0,207.0,179.0,359.0,1003.0,122.0,344.0,30.0,-5.0,329.0,1009.0,13.0,110.0,5.0,354.0,5.0,0.0,5.0,0.0,0.0,0.0,0.0,0.0,359.0,0.0,0.0,0.0,0.0,0.0,0.0,5.0,0.0,0.0,0.0,0.0,0.0,0.0,25.0,0.0,0.0,0.0,0.0,0.0,0.0,329.0,0.0,0.0,0.0,0.0,0.0,0.0,4660.0,0.0,0.0,0.0,0.0,0.0,0.0
S00010_FORA_PONTA,0, ,209.0," ""GERAL""       ",53202.0,5962.0,4474.0,4485.0,42687.0,5334.0,3334.0,3348.0,0.0,0.0,1437.0,1249.0,2491.0,6733.0,147.0,399.0,253.0,-118.0,2238.0,6852.0,43.0,108.0,125.0,2366.0,125.0,0.0,125.0,0.0,0.0,0.0,0.0,0.0,2491.0,0.0,0.0,0.0,0.0,0.0,0.0,125.0,0.0,0.0,0.0,0.0,0.0,0.0,128.0,0.0,0.0,0.0,0.0,0.0,0.0,2238.0,0.0,0.0,0.0,0.0,0.0,0.0,42687.0,0.0,0.0,0.0,0.0,0.0,0.0
S00011_PONTA,0, ,212.0," ""GERAL""       ",0.0,754.0,0.0,282.0,4799.0,639.0,1833.0,1847.0,0.0,0.0,207.0,179.0,361.0,1010.0,124.0,348.0,32.0,1.0,329.0,1009.0,14.0,110.0,5.0,356.0,5.0,0.0,5.0,0.0,0.0,0.0,0.0,0.0,361.0,0.0,0.0,0.0,0.0,0.0,0.0,5.0,0.0,0.0,0.0,0.0,0.0,0.0,27.0,0.0,0.0,0.0,0.0,0.0,0.0,329.0,0.0,0.0,0.0,0.0,0.0,0.0,4799.0,0.0,0.0,0.0,0.0,0.0,0.0
S00012_FORA_PONTA,0, ,233.0," ""GERAL""       ",54554.0,6962.0,4482.0,4492.0,44068.0,6283.0,3290.0,3323.0,0.0,0.0,1436.0,1248.0,2503.0,6774.0,146.0,398.0,270.0,-64.0,2233.0,6838.0,42.0,108.0,134.0,2369.0,134.0,0.0,134.0,0.0,0.0,0.0,0.0,0.0,2503.0,0.0,0.0,0.0,0.0,0.0,0.0,134.0,0.0,0.0,0.0,0.0,0.0,0.0,136.0,0.0,0.0,0.0,0.0,0.0,0.0,2233.0,0.0,0.0,0.0,0.0,0.0,0.0,44068.0,0.0,0.0,0.0,0.0,0.0,0.0
S00013_PONTA,0, ,236.0," ""GERAL""       ",0.0,1134.0,0.0,459.0,5367.0,988.0,2134.0,2169.0,0.0,0.0,207.0,179.0,367.0,1039.0,127.0,366.0,38.0,33.0,328.0,1006.0,18.0,110.0,5.0,362.0,5.0,0.0,5.0,0.0,0.0,0.0,0.0,0.0,367.0,0.0,0.0,0.0,0.0,0.0,0.0,5.0,0.0,0.0,0.0,0.0,0.0,0.0,33.0,0.0,0.0,0.0,0.0,0.0,0.0,328.0,0.0,0.0,0.0,0.0,0.0,0.0,5367.0,0.0,0.0,0.0,0.0,0.0,0.0
S00014_FORA_PONTA,0, ,305.0," ""GERAL""       ",137506.0,17990.0,4474.0,4488.0,118492.0,16760.0,3215.0,3234.0,0.0,0.0,4731.0,4109.0,7911.0,21416.0,147.0,399.0,508.0,-1253.0,7403.0,22670.0,43.0,108.0,251.0,7660.0,251.0,0.0,251.0,0.0,0.0,0.0,0.0,0.0,7911.0,0.0,0.0,0.0,0.0,0.0,0.0,251.0,0.0,0.0,0.0,0.0,0.0,0.0,257.0,0.0,0.0,0.0,0.0,0.0,0.0,7403.0,0.0,0.0,0.0,0.0,0.0,0.0,118492.0,0.0,0.0,0.0,0.0,0.0,0.0
S00015_PONTA,0, ,308.0," ""GERAL""       ",0.0,777.0,0.0,285.0,4891.0,659.0,1892.0,1906.0,0.0,0.0,207.0,179.0,362.0,1013.0,124.0,350.0,33.0,4.0,329.0,1009.0,14.0,110.0,5.0,356.0,5.0,0.0,5.0,0.0,0.0,0.0,0.0,0.0,362.0,0.0,0.0,0.0,0.0,0.0,0.0,5.0,0.0,0.0,0.0,0.0,0.0,0.0,27.0,0.0,0.0,0.0,0.0,0.0,0.0,329.0,0.0,0.0,0.0,0.0,0.0,0.0,4891.0,0.0,0.0,0.0,0.0,0.0,0.0
S00016_FORA_PONTA,0, ,329.0," ""GERAL""       ",55210.0,6144.0,4473.0,4485.0,44785.0,5490.0,3508.0,3522.0,0.0,0.0,1436.0,1248.0,2499.0,6752.0,146.0,395.0,265.0,-91.0,2235.0,6843.0,42.0,108.0,132.0,2368.0,132.0,0.0,132.0,0.0,0.0,0.0,0.0,0.0,2499.0,0.0,0.0,0.0,0.0,0.0,0.0,132.0,0.0,0.0,0.0,0.0,0.0,0.0,133.0,0.0,0.0,0.0,0.0,0.0,0.0,2235.0,0.0,0.0,0.0,0.0,0.0,0.0,44785.0,0.0,0.0,0.0,0.0,0.0,0.0
S00017_PONTA,0, ,332.0," ""GERAL""       ",0.0,863.0,0.0,330.0,5004.0,740.0,1950.0,1970.0,0.0,0.0,207.0,179.0,363.0,1018.0,125.0,353.0,34.0,9.0,329.0,1008.0,15.0,110.0,6.0,357.0,6.0,0.0,6.0,0.0,0.0,0.0,0.0,0.0,363.0,0.0,0.0,0.0,0.0,0.0,0.0,6.0,0.0,0.0,0.0,0.0,0.0,0.0,28.0,0.0,0.0,0.0,0.0,0.0,0.0,329.0,0.0,0.0,0.0,0.0,0.0,0.0,5004.0,0.0,0.0,0.0,0.0,0.0,0.0
S00018_FORA_PONTA,0, ,353.0," ""GERAL""       ",56930.0,6227.0,4472.0,4484.0,45946.0,5551.0,3550.0,3565.0,0.0,0.0,1436.0,1248.0,2507.0,6769.0,145.0,393.0,275.0,-67.0,2233.0,6836.0,41.0,108.0,137.0,2371.0,137.0,0.0,137.0,0.0,0.0,0.0,0.0,0.0,2507.0,0.0,0.0,0.0,0.0,0.0,0.0,137.0,0.0,0.0,0.0,0.0,0.0,0.0,138.0,0.0,0.0,0.0,0.0,0.0,0.0,2233.0,0.0,0.0,0.0,0.0,0.0,0.0,45946.0,0.0,0.0,0.0,0.0,0.0,0.0
S00019_PONTA,0, ,356.0," ""GERAL""       ",0.0,812.0,0.0,319.0,5157.0,682.0,1983.0,2000.0,0.0,0.0,207.0,179.0,365.0,1025.0,126.0,355.0,36.0,16.0,329.0,1009.0,16.0,110.0,6.0,359.0,6.0,0.0,6.0,0.0,0.0,0.0,0.0,0.0,365.0,0.0,0.0,0.0,0.0,0.0,0.0,6.0,0.0,0.0,0.0,0.0,0.0,0.0,30.0,0.0,0.0,0.0,0.0,0.0,0.0,329.0,0.0,0.0,0.0,0.0,0.0,0.0,5157.0,0.0,0.0,0.0,0.0,0.0,0.0
S00020_FORA_PONTA,0, ,377.0," ""GERAL""       ",59646.0,7068.0,4472.0,4482.0,48698.0,6345.0,4163.0,4187.0,0.0,0.0,1435.0,1247.0,2522.0,6802.0,145.0,391.0,295.0,-16.0,2227.0,6819.0,41.0,108.0,151.0,2372.0,151.0,0.0,151.0,0.0,0.0,0.0,0.0,0.0,2522.0,0.0,0.0,0.0,0.0,0.0,0.0,151.0,0.0,0.0,0.0,0.0,0.0,0.0,145.0,0.0,0.0,0.0,0.0,0.0,0.0,2227.0,0.0,0.0,0.0,0.0,0.0,0.0,48698.0,0.0,0.0,0.0,0.0,0.0,0.0
S00021_PONTA,0, ,380.0," ""GERAL""       ",0.0,910.0,0.0,333.0,5059.0,782.0,1927.0,1943.0,0.0,0.0,207.0,179.0,364.0,1022.0,125.0,352.0,35.0,14.0,329.0,1008.0,15.0,110.0,6.0,358.0,6.0,0.0,6.0,0.0,0.0,0.0,0.0,0.0,364.0,0.0,0.0,0.0,0.0,0.0,0.0,6.0,0.0,0.0,0.0,0.0,0.0,0.0,29.0,0.0,0.0,0.0,0.0,0.0,0.0,329.0,0.0,0.0,0.0,0.0,0.0,0.0,5059.0,0.0,0.0,0.0,0.0,0.0,0.0
S00022_FORA_PONTA,0, ,401.0," ""GERAL""       ",59575.0,7680.0,4474.0,4489.0,48420.0,6891.0,4041.0,4075.0,0.0,0.0,1434.0,1247.0,2542.0,6864.0,147.0,396.0,317.0,51.0,2225.0,6813.0,43.0,108.0,165.0,2377.0,165.0,0.0,165.0,0.0,0.0,0.0,0.0,0.0,2542.0,0.0,0.0,0.0,0.0,0.0,0.0,165.0,0.0,0.0,0.0,0.0,0.0,0.0,152.0,0.0,0.0,0.0,0.0,0.0,0.0,2225.0,0.0,0.0,0.0,0.0,0.0,0.0,48420.0,0.0,0.0,0.0,0.0,0.0,0.0
S00023_PONTA,0, ,404.0," ""GERAL""       ",0.0,1432.0,0.0,538.0,6330.0,1229.0,2364.0,2407.0,0.0,0.0,207.0,179.0,380.0,1094.0,131.0,380.0,52.0,90.0,327.0,1004.0,22.0,109.0,6.0,373.0,6.0,0.0,6.0,0.0,0.0,0.0,0.0,0.0,380.0,0.0,0.0,0.0,0.0,0.0,0.0,6.0,0.0,0.0,0.0,0.0,0.0,0.0,46.0,0.0,0.0,0.0,0.0,0.0,0.0,327.0,0.0,0.0,0.0,0.0,0.0,0.0,6330.0,0.0,0.0,0.0,0.0,0.0,0.0
S00024_FORA_PONTA,0, ,473.0," ""GERAL""       ",141042.0,20195.0,4469.0,4490.0,120948.0,18842.0,4260.0,4282.0,0.0,0.0,4730.0,4108.0,7945.0,21512.0,146.0,396.0,552.0,-1126.0,7393.0,22638.0,42.0,108.0,280.0,7665.0,280.0,0.0,280.0,0.0,0.0,0.0,0.0,0.0,7945.0,0.0,0.0,0.0,0.0,0.0,0.0,280.0,0.0,0.0,0.0,0.0,0.0,0.0,272.0,0.0,0.0,0.0,0.0,0.0,0.0,7393.0,0.0,0.0,0.0,0.0,0.0,0.0,120948.0,0.0,0.0,0.0,0.0,0.0,0.0
S00025_PONTA,0, ,476.0," ""GERAL""       ",0.0,875.0,0.0,337.0,5352.0,735.0,2104.0,2122.0,0.0,0.0,207.0,179.0,368.0,1035.0,127.0,361.0,39.0,26.0,329.0,1008.0,18.0,110.0,6.0,361.0,6.0,0.0,6.0,0.0,0.0,0.0,0.0,0.0,368.0,0.0,0.0,0.0,0.0,0.0,0.0,6.0,0.0,0.0,0.0,0.0,0.0,0.0,32.0,0.0,0.0,0.0,0.0,0.0,0.0,329.0,0.0,0.0,0.0,0.0,0.0,0.0,5352.0,0.0,0.0,0.0,0.0,0.0,0.0
S00026_FORA_PONTA,0, ,497.0," ""GERAL""       ",61735.0,7199.0,4471.0,4483.0,50254.0,6432.0,4031.0,4057.0,0.0,0.0,1434.0,1247.0,2536.0,6839.0,144.0,389.0,312.0,29.0,2224.0,6810.0,40.0,108.0,160.0,2376.0,160.0,0.0,160.0,0.0,0.0,0.0,0.0,0.0,2536.0,0.0,0.0,0.0,0.0,0.0,0.0,160.0,0.0,0.0,0.0,0.0,0.0,0.0,152.0,0.0,0.0,0.0,0.0,0.0,0.0,2224.0,0.0,0.0,0.0,0.0,0.0,0.0,50254.0,0.0,0.0,0.0,0.0,0.0,0.0
S00027_PONTA,0, ,500.0," ""GERAL""       ",0.0,808.0,0.0,303.0,5334.0,669.0,2112.0,2125.0,0.0,0.0,207.0,179.0,368.0,1034.0,127.0,362.0,38.0,25.0,329.0,1009.0,18.0,110.0,6.0,361.0,6.0,0.0,6.0,0.0,0.0,0.0,0.0,0.0,368.0,0.0,0.0,0.0,0.0,0.0,0.0,6.0,0.0,0.0,0.0,0.0,0.0,0.0,32.0,0.0,0.0,0.0,0.0,0.0,0.0,329.0,0.0,0.0,0.0,0.0,0.0,0.0,5334.0,0.0,0.0,0.0,0.0,0.0,0.0
S00028_FORA_PONTA,0, ,521.0," ""GERAL""       ",62646.0,7394.0,4513.0,4544.0,51720.0,6600.0,4335.0,4359.0,0.0,0.0,1433.0,1247.0,2544.0,6861.0,144.0,391.0,321.0,56.0,2222.0,6805.0,41.0,108.0,166.0,2378.0,166.0,0.0,166.0,0.0,0.0,0.0,0.0,0.0,2544.0,0.0,0.0,0.0,0.0,0.0,0.0,166.0,0.0,0.0,0.0,0.0,0.0,0.0,156.0,0.0,0.0,0.0,0.0,0.0,0.0,2222.0,0.0,0.0,0.0,0.0,0.0,0.0,51720.0,0.0,0.0,0.0,0.0,0.0,0.0
S00029_PONTA,0, ,524.0," ""GERAL""       ",0.0,872.0,0.0,337.0,5568.0,722.0,2171.0,2188.0,0.0,0.0,207.0,179.0,370.0,1045.0,128.0,365.0,41.0,36.0,329.0,1009.0,19.0,110.0,7.0,364.0,7.0,0.0,7.0,0.0,0.0,0.0,0.0,0.0,370.0,0.0,0.0,0.0,0.0,0.0,0.0,7.0,0.0,0.0,0.0,0.0,0.0,0.0,35.0,0.0,0.0,0.0,0.0,0.0,0.0,329.0,0.0,0.0,0.0,0.0,0.0,0.0,5568.0,0.0,0.0,0.0,0.0,0.0,0.0
S00030_FORA_PONTA,0, ,545.0," ""GERAL""       ",68685.0,8091.0,5169.0,5210.0,57139.0,7130.0,4983.0,5016.0,0.0,0.0,1433.0,1245.0,2603.0,7005.0,144.0,390.0,390.0,230.0,2213.0,6775.0,40.0,108.0,208.0,2395.0,208.0,0.0,208.0,0.0,0.0,0.0,0.0,0.0,2603.0,0.0,0.0,0.0,0.0,0.0,0.0,208.0,0.0,0.0,0.0,0.0,0.0,0.0,182.0,0.0,0.0,0.0,0.0,0.0,0.0,2213.0,0.0,0.0,0.0,0.0,0.0,0.0,57139.0,0.0,0.0,0.0,0.0,0.0,0.0
S00031_PONTA,0, ,548.0," ""GERAL""       ",0.0,1008.0,0.0,381.0,5799.0,845.0,2310.0,2330.0,0.0,0.0,207.0,179.0,374.0,1057.0,131.0,373.0,45.0,49.0,329.0,1008.0,21.0,110.0,7.0,366.0,7.0,0.0,7.0,0.0,0.0,0.0,0.0,0.0,374.0,0.0,0.0,0.0,0.0,0.0,0.0,7.0,0.0,0.0,0.0,0.0,0.0,0.0,37.0,0.0,0.0,0.0,0.0,0.0,0.0,329.0,0.0,0.0,0.0,0.0,0.0,0.0,5799.0,0.0,0.0,0.0,0.0,0.0,0.0
S00032_FORA_PONTA,0, ,569.0," ""GERAL""       ",65425.0,8214.0,4921.0,4964.0,53921.0,7326.0,4737.0,4772.0,0.0,0.0,1433.0,1246.0,2575.0,6942.0,144.0,389.0,359.0,155.0,2216.0,6787.0,40.0,108.0,189.0,2386.0,189.0,0.0,189.0,0.0,0.0,0.0,0.0,0.0,2575.0,0.0,0.0,0.0,0.0,0.0,0.0,189.0,0.0,0.0,0.0,0.0,0.0,0.0,169.0,0.0,0.0,0.0,0.0,0.0,0.0,2216.0,0.0,0.0,0.0,0.0,0.0,0.0,53921.0,0.0,0.0,0.0,0.0,0.0,0.0
S00033_PONTA,0, ,572.0," ""GERAL""       ",0.0,1418.0,0.0,529.0,6315.0,1218.0,2350.0,2389.0,0.0,0.0,207.0,179.0,379.0,1091.0,130.0,378.0,51.0,87.0,327.0,1004.0,21.0,109.0,6.0,373.0,6.0,0.0,6.0,0.0,0.0,0.0,0.0,0.0,379.0,0.0,0.0,0.0,0.0,0.0,0.0,6.0,0.0,0.0,0.0,0.0,0.0,0.0,45.0,0.0,0.0,0.0,0.0,0.0,0.0,327.0,0.0,0.0,0.0,0.0,0.0,0.0,6315.0,0.0,0.0,0.0,0.0,0.0,0.0
S00034_FORA_PONTA,0, ,641.0," ""GERAL""       ",137918.0,18700.0,4470.0,4487.0,117899.0,17400.0,4143.0,4160.0,0.0,0.0,4731.0,4108.0,7932.0,21478.0,145.0,392.0,532.0,-1183.0,7400.0,22661.0,41.0,108.0,269.0,7663.0,269.0,0.0,269.0,0.0,0.0,0.0,0.0,0.0,7932.0,0.0,0.0,0.0,0.0,0.0,0.0,269.0,0.0,0.0,0.0,0.0,0.0,0.0,262.0,0.0,0.0,0.0,0.0,0.0,0.0,7400.0,0.0,0.0,0.0,0.0,0.0,0.0,117899.0,0.0,0.0,0.0,0.0,0.0,0.0
S00035_PONTA,0, ,644.0," ""GERAL""       ",0.0,889.0,0.0,328.0,5069.0,764.0,1931.0,1950.0,0.0,0.0,207.0,179.0,364.0,1020.0,125.0,352.0,35.0,12.0,329.0,1008.0,15.0,110.0,6.0,358.0,6.0,0.0,6.0,0.0,0.0,0.0,0.0,0.0,364.0,0.0,0.0,0.0,0.0,0.0,0.0,6.0,0.0,0.0,0.0,0.0,0.0,0.0,29.0,0.0,0.0,0.0,0.0,0.0,0.0,329.0,0.0,0.0,0.0,0.0,0.0,0.0,5069.0,0.0,0.0,0.0,0.0,0.0,0.0
S00036_FORA_PONTA,0, ,665.0," ""GERAL""       ",60936.0,6510.0,4472.0,4485.0,49900.0,5753.0,3992.0,4005.0,0.0,0.0,1434.0,1247.0,2534.0,6836.0,145.0,393.0,307.0,17.0,2227.0,6818.0,41.0,108.0,156.0,2378.0,156.0,0.0,156.0,0.0,0.0,0.0,0.0,0.0,2534.0,0.0,0.0,0.0,0.0,0.0,0.0,156.0,0.0,0.0,0.0,0.0,0.0,0.0,151.0,0.0,0.0,0.0,0.0,0.0,0.0,2227.0,0.0,0.0,0.0,0.0,0.0,0.0,49900.0,0.0,0.0,0.0,0.0,0.0,0.0
S00037_PONTA,0, ,668.0," ""GERAL""       ",0.0,886.0,0.0,342.0,5533.0,738.0,2131.0,2147.0,0.0,0.0,207.0,179.0,370.0,1043.0,128.0,363.0,41.0,35.0,329.0,1008.0,18.0,110.0,7.0,363.0,7.0,0.0,7.0,0.0,0.0,0.0,0.0,0.0,370.0,0.0,0.0,0.0,0.0,0.0,0.0,7.0,0.0,0.0,0.0,0.0,0.0,0.0,34.0,0.0,0.0,0.0,0.0,0.0,0.0,329.0,0.0,0.0,0.0,0.0,0.0,0.0,5533.0,0.0,0.0,0.0,0.0,0.0,0.0
S00038_FORA_PONTA,0, ,689.0," ""GERAL""       ",62534.0,6902.0,4471.0,4481.0,51172.0,6127.0,4058.0,4074.0,0.0,0.0,1434.0,1247.0,2539.0,6846.0,143.0,387.0,316.0,37.0,2224.0,6809.0,39.0,108.0,162.0,2377.0,162.0,0.0,162.0,0.0,0.0,0.0,0.0,0.0,2539.0,0.0,0.0,0.0,0.0,0.0,0.0,162.0,0.0,0.0,0.0,0.0,0.0,0.0,153.0,0.0,0.0,0.0,0.0,0.0,0.0,2224.0,0.0,0.0,0.0,0.0,0.0,0.0,51172.0,0.0,0.0,0.0,0.0,0.0,0.0
S00039_PONTA,0, ,692.0," ""GERAL""       ",0.0,881.0,0.0,313.0,5182.0,750.0,1932.0,1949.0,0.0,0.0,207.0,179.0,365.0,1026.0,125.0,352.0,36.0,18.0,329.0,1008.0,15.0,110.0,6.0,359.0,6.0,0.0,6.0,0.0,0.0,0.0,0.0,0.0,365.0,0.0,0.0,0.0,0.0,0.0,0.0,6.0,0.0,0.0,0.0,0.0,0.0,0.0,30.0,0.0,0.0,0.0,0.0,0.0,0.0,329.0,0.0,0.0,0.0,0.0,0.0,0.0,5182.0,0.0,0.0,0.0,0.0,0.0,0.0
S00040_FORA_PONTA,0, ,713.0," ""GERAL""       ",58646.0,6938.0,4472.0,4485.0,47771.0,6242.0,3780.0,3798.0,0.0,0.0,1435.0,1247.0,2513.0,6779.0,144.0,390.0,284.0,-45.0,2229.0,6823.0,40.0,108.0,146.0,2367.0,146.0,0.0,146.0,0.0,0.0,0.0,0.0,0.0,2513.0,0.0,0.0,0.0,0.0,0.0,0.0,146.0,0.0,0.0,0.0,0.0,0.0,0.0,139.0,0.0,0.0,0.0,0.0,0.0,0.0,2229.0,0.0,0.0,0.0,0.0,0.0,0.0,47771.0,0.0,0.0,0.0,0.0,0.0,0.0
S00041_PONTA,0, ,716.0," ""GERAL""       ",0.0,778.0,0.0,289.0,4857.0,663.0,1781.0,1797.0,0.0,0.0,207.0,179.0,361.0,1011.0,122.0,344.0,32.0,2.0,329.0,1009.0,13.0,110.0,5.0,356.0,5.0,0.0,5.0,0.0,0.0,0.0,0.0,0.0,361.0,0.0,0.0,0.0,0.0,0.0,0.0,5.0,0.0,0.0,0.0,0.0,0.0,0.0,27.0,0.0,0.0,0.0,0.0,0.0,0.0,329.0,0.0,0.0,0.0,0.0,0.0,0.0,4857.0,0.0,0.0,0.0,0.0,0.0,0.0
S00042_FORA_PONTA,0, ,737.0," ""GERAL""       ",57510.0,7384.0,4472.0,4484.0,47214.0,6689.0,3750.0,3788.0,0.0,0.0,1435.0,1248.0,2509.0,6778.0,144.0,391.0,280.0,-46.0,2229.0,6824.0,40.0,108.0,145.0,2364.0,145.0,0.0,145.0,0.0,0.0,0.0,0.0,0.0,2509.0,0.0,0.0,0.0,0.0,0.0,0.0,145.0,0.0,0.0,0.0,0.0,0.0,0.0,135.0,0.0,0.0,0.0,0.0,0.0,0.0,2229.0,0.0,0.0,0.0,0.0,0.0,0.0,47214.0,0.0,0.0,0.0,0.0,0.0,0.0
S00043_PONTA,0, ,740.0," ""GERAL""       ",0.0,1109.0,0.0,443.0,5702.0,947.0,2202.0,2234.0,0.0,0.0,207.0,179.0,370.0,1056.0,128.0,369.0,42.0,50.0,328.0,1006.0,19.0,110.0,5.0,365.0,5.0,0.0,5.0,0.0,0.0,0.0,0.0,0.0,370.0,0.0,0.0,0.0,0.0,0.0,0.0,5.0,0.0,0.0,0.0,0.0,0.0,0.0,37.0,0.0,0.0,0.0,0.0,0.0,0.0,328.0,0.0,0.0,0.0,0.0,0.0,0.0,5702.0,0.0,0.0,0.0,0.0,0.0,0.0
S00044_FORA_PONTA,0, ,809.0," ""GERAL""       ",141927.0,19586.0,4980.0,5008.0,122325.0,18161.0,4795.0,4816.0,0.0,0.0,4730.0,4108.0,7973.0,21586.0,146.0,398.0,580.0,-1053.0,7393.0,22639.0,42.0,108.0,295.0,7678.0,295.0,0.0,295.0,0.0,0.0,0.0,0.0,0.0,7973.0,0.0,0.0,0.0,0.0,0.0,0.0,295.0,0.0,0.0,0.0,0.0,0.0,0.0,285.0,0.0,0.0,0.0,0.0,0.0,0.0,7393.0,0.0,0.0,0.0,0.0,0.0,0.0,122325.0,0.0,0.0,0.0,0.0,0.0,0.0
S00045_PONTA,0, ,812.0," ""GERAL""       ",0.0,1000.0,0.0,403.0,6160.0,819.0,2412.0,2433.0,0.0,0.0,207.0,179.0,379.0,1075.0,132.0,380.0,50.0,68.0,329.0,1008.0,23.0,110.0,8.0,370.0,8.0,0.0,8.0,0.0,0.0,0.0,0.0,0.0,379.0,0.0,0.0,0.0,0.0,0.0,0.0,8.0,0.0,0.0,0.0,0.0,0.0,0.0,42.0,0.0,0.0,0.0,0.0,0.0,0.0,329.0,0.0,0.0,0.0,0.0,0.0,0.0,6160.0,0.0,0.0,0.0,0.0,0.0,0.0
S00046_FORA_PONTA,0, ,833.0," ""GERAL""       ",73159.0,8106.0,5298.0,5330.0,60857.0,7058.0,5110.0,5134.0,0.0,0.0,1433.0,1245.0,2629.0,7078.0,142.0,383.0,421.0,320.0,2207.0,6759.0,38.0,108.0,221.0,2407.0,221.0,0.0,221.0,0.0,0.0,0.0,0.0,0.0,2629.0,0.0,0.0,0.0,0.0,0.0,0.0,221.0,0.0,0.0,0.0,0.0,0.0,0.0,200.0,0.0,0.0,0.0,0.0,0.0,0.0,2207.0,0.0,0.0,0.0,0.0,0.0,0.0,60857.0,0.0,0.0,0.0,0.0,0.0,0.0
S00047_PONTA,0, ,836.0," ""GERAL""       ",0.0,1035.0,0.0,418.0,6415.0,838.0,2555.0,2576.0,0.0,0.0,207.0,179.0,383.0,1090.0,135.0,388.0,54.0,83.0,329.0,1008.0,25.0,110.0,9.0,374.0,9.0,0.0,9.0,0.0,0.0,0.0,0.0,0.0,383.0,0.0,0.0,0.0,0.0,0.0,0.0,9.0,0.0,0.0,0.0,0.0,0.0,0.0,45.0,0.0,0.0,0.0,0.0,0.0,0.0,329.0,0.0,0.0,0.0,0.0,0.0,0.0,6415.0,0.0,0.0,0.0,0.0,0.0,0.0
S00048_FORA_PONTA,0, ,857.0," ""GERAL""       ",76240.0,8474.0,5489.0,5525.0,63531.0,7342.0,5298.0,5324.0,0.0,0.0,1443.0,1244.0,2658.0,7150.0,142.0,381.0,455.0,406.0,2202.0,6744.0,40.0,108.0,241.0,2417.0,241.0,0.0,241.0,0.0,0.0,0.0,0.0,0.0,2658.0,0.0,0.0,0.0,0.0,0.0,0.0,241.0,0.0,0.0,0.0,0.0,0.0,0.0,215.0,0.0,0.0,0.0,0.0,0.0,0.0,2202.0,0.0,0.0,0.0,0.0,0.0,0.0,63531.0,0.0,0.0,0.0,0.0,0.0,0.0
S00049_PONTA,0, ,860.0," ""GERAL""       ",0.0,1105.0,0.0,480.0,6738.0,891.0,2711.0,2738.0,0.0,0.0,207.0,179.0,387.0,1108.0,137.0,399.0,59.0,101.0,328.0,1007.0,28.0,110.0,10.0,378.0,10.0,0.0,10.0,0.0,0.0,0.0,0.0,0.0,387.0,0.0,0.0,0.0,0.0,0.0,0.0,10.0,0.0,0.0,0.0,0.0,0.0,0.0,49.0,0.0,0.0,0.0,0.0,0.0,0.0,328.0,0.0,0.0,0.0,0.0,0.0,0.0,6738.0,0.0,0.0,0.0,0.0,0.0,0.0
S00050_FORA_PONTA,0, ,881.0," ""GERAL""       ",68744.0,7718.0,4613.0,4639.0,56067.0,6821.0,4433.0,4454.0,0.0,0.0,1432.0,1245.0,2582.0,6944.0,142.0,383.0,368.0,166.0,2214.0,6778.0,38.0,108.0,194.0,2388.0,194.0,0.0,194.0,0.0,0.0,0.0,0.0,0.0,2582.0,0.0,0.0,0.0,0.0,0.0,0.0,194.0,0.0,0.0,0.0,0.0,0.0,0.0,174.0,0.0,0.0,0.0,0.0,0.0,0.0,2214.0,0.0,0.0,0.0,0.0,0.0,0.0,56067.0,0.0,0.0,0.0,0.0,0.0,0.0
S00051_PONTA,0, ,884.0," ""GERAL""       ",0.0,902.0,0.0,376.0,5793.0,741.0,2207.0,2229.0,0.0,0.0,207.0,179.0,374.0,1056.0,129.0,367.0,45.0,47.0,329.0,1008.0,19.0,110.0,8.0,366.0,8.0,0.0,8.0,0.0,0.0,0.0,0.0,0.0,374.0,0.0,0.0,0.0,0.0,0.0,0.0,8.0,0.0,0.0,0.0,0.0,0.0,0.0,37.0,0.0,0.0,0.0,0.0,0.0,0.0,329.0,0.0,0.0,0.0,0.0,0.0,0.0,5793.0,0.0,0.0,0.0,0.0,0.0,0.0
S00052_FORA_PONTA,0, ,905.0," ""GERAL""       ",66938.0,8120.0,4633.0,4662.0,54977.0,7199.0,4452.0,4475.0,0.0,0.0,1432.0,1246.0,2584.0,6971.0,143.0,385.0,369.0,189.0,2215.0,6782.0,39.0,108.0,194.0,2390.0,194.0,0.0,194.0,0.0,0.0,0.0,0.0,0.0,2584.0,0.0,0.0,0.0,0.0,0.0,0.0,194.0,0.0,0.0,0.0,0.0,0.0,0.0,175.0,0.0,0.0,0.0,0.0,0.0,0.0,2215.0,0.0,0.0,0.0,0.0,0.0,0.0,54977.0,0.0,0.0,0.0,0.0,0.0,0.0
S00053_PONTA,0, ,908.0," ""GERAL""       ",0.0,1335.0,0.0,511.0,6715.0,1111.0,2584.0,2617.0,0.0,0.0,207.0,179.0,386.0,1116.0,134.0,394.0,58.0,110.0,328.0,1005.0,25.0,109.0,7.0,378.0,7.0,0.0,7.0,0.0,0.0,0.0,0.0,0.0,386.0,0.0,0.0,0.0,0.0,0.0,0.0,7.0,0.0,0.0,0.0,0.0,0.0,0.0,51.0,0.0,0.0,0.0,0.0,0.0,0.0,328.0,0.0,0.0,0.0,0.0,0.0,0.0,6715.0,0.0,0.0,0.0,0.0,0.0,0.0
S00054_FORA_PONTA,0, ,977.0," ""GERAL""       ",156701.0,21854.0,5372.0,5417.0,136171.0,20195.0,5182.0,5217.0,0.0,0.0,4731.0,4104.0,8044.0,21761.0,144.0,392.0,676.0,-805.0,7369.0,22566.0,40.0,108.0,353.0,7692.0,353.0,0.0,353.0,0.0,0.0,0.0,0.0,0.0,8044.0,0.0,0.0,0.0,0.0,0.0,0.0,353.0,0.0,0.0,0.0,0.0,0.0,0.0,323.0,0.0,0.0,0.0,0.0,0.0,0.0,7369.0,0.0,0.0,0.0,0.0,0.0,0.0,136171.0,0.0,0.0,0.0,0.0,0.0,0.0
S00055_PONTA,0, ,980.0," ""GERAL""       ",0.0,1013.0,0.0,442.0,6242.0,827.0,2551.0,2575.0,0.0,0.0,207.0,179.0,380.0,1080.0,135.0,389.0,51.0,73.0,329.0,1008.0,26.0,110.0,9.0,372.0,9.0,0.0,9.0,0.0,0.0,0.0,0.0,0.0,380.0,0.0,0.0,0.0,0.0,0.0,0.0,9.0,0.0,0.0,0.0,0.0,0.0,0.0,43.0,0.0,0.0,0.0,0.0,0.0,0.0,329.0,0.0,0.0,0.0,0.0,0.0,0.0,6242.0,0.0,0.0,0.0,0.0,0.0,0.0
S00056_FORA_PONTA,0, ,1001.0," ""GERAL""       ",76640.0,8476.0,5590.0,5629.0,64033.0,7321.0,5746.0,5776.0,0.0,0.0,1451.0,1244.0,2664.0,7171.0,145.0,394.0,462.0,429.0,2202.0,6742.0,44.0,108.0,244.0,2420.0,244.0,0.0,244.0,0.0,0.0,0.0,0.0,0.0,2664.0,0.0,0.0,0.0,0.0,0.0,0.0,244.0,0.0,0.0,0.0,0.0,0.0,0.0,218.0,0.0,0.0,0.0,0.0,0.0,0.0,2202.0,0.0,0.0,0.0,0.0,0.0,0.0,64033.0,0.0,0.0,0.0,0.0,0.0,0.0
S00057_PONTA,0, ,1004.0," ""GERAL""       ",0.0,870.0,0.0,311.0,5785.0,708.0,2207.0,2219.0,0.0,0.0,207.0,179.0,374.0,1057.0,129.0,367.0,45.0,49.0,329.0,1009.0,19.0,110.0,8.0,366.0,8.0,0.0,8.0,0.0,0.0,0.0,0.0,0.0,374.0,0.0,0.0,0.0,0.0,0.0,0.0,8.0,0.0,0.0,0.0,0.0,0.0,0.0,37.0,0.0,0.0,0.0,0.0,0.0,0.0,329.0,0.0,0.0,0.0,0.0,0.0,0.0,5785.0,0.0,0.0,0.0,0.0,0.0,0.0
S00058_FORA_PONTA,0, ,1025.0," ""GERAL""       ",66887.0,7051.0,4775.0,4805.0,54906.0,6159.0,4593.0,4616.0,0.0,0.0,1433.0,1246.0,2577.0,6948.0,143.0,387.0,359.0,157.0,2218.0,6791.0,39.0,108.0,187.0,2390.0,187.0,0.0,187.0,0.0,0.0,0.0,0.0,0.0,2577.0,0.0,0.0,0.0,0.0,0.0,0.0,187.0,0.0,0.0,0.0,0.0,0.0,0.0,172.0,0.0,0.0,0.0,0.0,0.0,0.0,2218.0,0.0,0.0,0.0,0.0,0.0,0.0,54906.0,0.0,0.0,0.0,0.0,0.0,0.0
S00059_PONTA,0, ,1028.0," ""GERAL""       ",0.0,942.0,0.0,355.0,5549.0,794.0,2128.0,2148.0,0.0,0.0,207.0,179.0,370.0,1042.0,127.0,362.0,41.0,34.0,329.0,1008.0,18.0,110.0,7.0,363.0,7.0,0.0,7.0,0.0,0.0,0.0,0.0,0.0,370.0,0.0,0.0,0.0,0.0,0.0,0.0,7.0,0.0,0.0,0.0,0.0,0.0,0.0,34.0,0.0,0.0,0.0,0.0,0.0,0.0,329.0,0.0,0.0,0.0,0.0,0.0,0.0,5549.0,0.0,0.0,0.0,0.0,0.0,0.0
S00060_FORA_PONTA,0, ,1049.0," ""GERAL""       ",63958.0,7102.0,4471.0,4483.0,52539.0,6302.0,4254.0,4271.0,0.0,0.0,1433.0,1247.0,2547.0,6866.0,143.0,387.0,325.0,64.0,2222.0,6802.0,39.0,108.0,169.0,2377.0,169.0,0.0,169.0,0.0,0.0,0.0,0.0,0.0,2547.0,0.0,0.0,0.0,0.0,0.0,0.0,169.0,0.0,0.0,0.0,0.0,0.0,0.0,156.0,0.0,0.0,0.0,0.0,0.0,0.0,2222.0,0.0,0.0,0.0,0.0,0.0,0.0,52539.0,0.0,0.0,0.0,0.0,0.0,0.0
S00061_PONTA,0, ,1052.0," ""GERAL""       ",0.0,875.0,0.0,324.0,5466.0,732.0,2045.0,2061.0,0.0,0.0,207.0,179.0,369.0,1038.0,126.0,357.0,40.0,30.0,329.0,1008.0,16.0,110.0,7.0,362.0,7.0,0.0,7.0,0.0,0.0,0.0,0.0,0.0,369.0,0.0,0.0,0.0,0.0,0.0,0.0,7.0,0.0,0.0,0.0,0.0,0.0,0.0,33.0,0.0,0.0,0.0,0.0,0.0,0.0,329.0,0.0,0.0,0.0,0.0,0.0,0.0,5466.0,0.0,0.0,0.0,0.0,0.0,0.0
S00062_FORA_PONTA,0, ,1073.0," ""GERAL""       ",62649.0,7230.0,4470.0,4482.0,51242.0,6433.0,4223.0,4247.0,0.0,0.0,1434.0,1247.0,2544.0,6866.0,144.0,389.0,321.0,60.0,2223.0,6806.0,40.0,108.0,167.0,2377.0,167.0,0.0,167.0,0.0,0.0,0.0,0.0,0.0,2544.0,0.0,0.0,0.0,0.0,0.0,0.0,167.0,0.0,0.0,0.0,0.0,0.0,0.0,154.0,0.0,0.0,0.0,0.0,0.0,0.0,2223.0,0.0,0.0,0.0,0.0,0.0,0.0,51242.0,0.0,0.0,0.0,0.0,0.0,0.0
S00063_PONTA,0, ,1076.0," ""GERAL""       ",0.0,1366.0,0.0,510.0,6433.0,1160.0,2323.0,2362.0,0.0,0.0,207.0,179.0,381.0,1098.0,130.0,377.0,53.0,94.0,328.0,1005.0,21.0,109.0,7.0,374.0,7.0,0.0,7.0,0.0,0.0,0.0,0.0,0.0,381.0,0.0,0.0,0.0,0.0,0.0,0.0,7.0,0.0,0.0,0.0,0.0,0.0,0.0,47.0,0.0,0.0,0.0,0.0,0.0,0.0,328.0,0.0,0.0,0.0,0.0,0.0,0.0,6433.0,0.0,0.0,0.0,0.0,0.0,0.0
S00064_FORA_PONTA,0, ,1145.0," ""GERAL""       ",141885.0,20082.0,4468.0,4488.0,121294.0,18739.0,4136.0,4159.0,0.0,0.0,4730.0,4108.0,7944.0,21502.0,145.0,393.0,552.0,-1133.0,7392.0,22635.0,41.0,108.0,281.0,7663.0,281.0,0.0,281.0,0.0,0.0,0.0,0.0,0.0,7944.0,0.0,0.0,0.0,0.0,0.0,0.0,281.0,0.0,0.0,0.0,0.0,0.0,0.0,271.0,0.0,0.0,0.0,0.0,0.0,0.0,7392.0,0.0,0.0,0.0,0.0,0.0,0.0,121294.0,0.0,0.0,0.0,0.0,0.0,0.0
S00065_PONTA,0, ,1148.0," ""GERAL""       ",0.0,903.0,0.0,401.0,4922.0,785.0,1905.0,1937.0,0.0,0.0,207.0,179.0,361.0,1013.0,124.0,349.0,32.0,5.0,329.0,1008.0,14.0,110.0,5.0,356.0,5.0,0.0,5.0,0.0,0.0,0.0,0.0,0.0,361.0,0.0,0.0,0.0,0.0,0.0,0.0,5.0,0.0,0.0,0.0,0.0,0.0,0.0,27.0,0.0,0.0,0.0,0.0,0.0,0.0,329.0,0.0,0.0,0.0,0.0,0.0,0.0,4922.0,0.0,0.0,0.0,0.0,0.0,0.0
S00066_FORA_PONTA,0, ,1169.0," ""GERAL""       ",57781.0,7370.0,4473.0,4490.0,47417.0,6688.0,3635.0,3661.0,0.0,0.0,1435.0,1247.0,2506.0,6764.0,145.0,394.0,278.0,-59.0,2228.0,6823.0,41.0,108.0,145.0,2361.0,145.0,0.0,145.0,0.0,0.0,0.0,0.0,0.0,2506.0,0.0,0.0,0.0,0.0,0.0,0.0,145.0,0.0,0.0,0.0,0.0,0.0,0.0,133.0,0.0,0.0,0.0,0.0,0.0,0.0,2228.0,0.0,0.0,0.0,0.0,0.0,0.0,47417.0,0.0,0.0,0.0,0.0,0.0,0.0
S00067_PONTA,0, ,1172.0," ""GERAL""       ",0.0,796.0,0.0,415.0,4987.0,675.0,2067.0,2098.0,0.0,0.0,207.0,179.0,362.0,1016.0,125.0,357.0,33.0,7.0,329.0,1009.0,16.0,110.0,5.0,357.0,5.0,0.0,5.0,0.0,0.0,0.0,0.0,0.0,362.0,0.0,0.0,0.0,0.0,0.0,0.0,5.0,0.0,0.0,0.0,0.0,0.0,0.0,28.0,0.0,0.0,0.0,0.0,0.0,0.0,329.0,0.0,0.0,0.0,0.0,0.0,0.0,4987.0,0.0,0.0,0.0,0.0,0.0,0.0
S00068_FORA_PONTA,0, ,1193.0," ""GERAL""       ",56429.0,6971.0,4473.0,4483.0,46001.0,6304.0,3613.0,3636.0,0.0,0.0,1435.0,1248.0,2502.0,6757.0,146.0,396.0,271.0,-75.0,2231.0,6832.0,42.0,108.0,139.0,2363.0,139.0,0.0,139.0,0.0,0.0,0.0,0.0,0.0,2502.0,0.0,0.0,0.0,0.0,0.0,0.0,139.0,0.0,0.0,0.0,0.0,0.0,0.0,132.0,0.0,0.0,0.0,0.0,0.0,0.0,2231.0,0.0,0.0,0.0,0.0,0.0,0.0,46001.0,0.0,0.0,0.0,0.0,0.0,0.0
S00069_PONTA,0, ,1196.0," ""GERAL""       ",0.0,758.0,0.0,323.0,4982.0,637.0,1935.0,1954.0,0.0,0.0,207.0,179.0,363.0,1017.0,125.0,352.0,33.0,8.0,329.0,1009.0,15.0,110.0,6.0,357.0,6.0,0.0,6.0,0.0,0.0,0.0,0.0,0.0,363.0,0.0,0.0,0.0,0.0,0.0,0.0,6.0,0.0,0.0,0.0,0.0,0.0,0.0,28.0,0.0,0.0,0.0,0.0,0.0,0.0,329.0,0.0,0.0,0.0,0.0,0.0,0.0,4982.0,0.0,0.0,0.0,0.0,0.0,0.0
S00070_FORA_PONTA,0, ,1217.0," ""GERAL""       ",57465.0,6540.0,4473.0,4484.0,46980.0,5840.0,3720.0,3739.0,0.0,0.0,1435.0,1248.0,2511.0,6789.0,146.0,396.0,280.0,-42.0,2231.0,6831.0,42.0,108.0,142.0,2369.0,142.0,0.0,142.0,0.0,0.0,0.0,0.0,0.0,2511.0,0.0,0.0,0.0,0.0,0.0,0.0,142.0,0.0,0.0,0.0,0.0,0.0,0.0,138.0,0.0,0.0,0.0,0.0,0.0,0.0,2231.0,0.0,0.0,0.0,0.0,0.0,0.0,46980.0,0.0,0.0,0.0,0.0,0.0,0.0
S00071_PONTA,0, ,1220.0," ""GERAL""       ",0.0,771.0,0.0,315.0,5129.0,644.0,1987.0,2004.0,0.0,0.0,207.0,179.0,364.0,1023.0,125.0,354.0,35.0,14.0,329.0,1009.0,16.0,110.0,6.0,359.0,6.0,0.0,6.0,0.0,0.0,0.0,0.0,0.0,364.0,0.0,0.0,0.0,0.0,0.0,0.0,6.0,0.0,0.0,0.0,0.0,0.0,0.0,29.0,0.0,0.0,0.0,0.0,0.0,0.0,329.0,0.0,0.0,0.0,0.0,0.0,0.0,5129.0,0.0,0.0,0.0,0.0,0.0,0.0
S00072_FORA_PONTA,0, ,1241.0," ""GERAL""       ",60431.0,7626.0,4473.0,4482.0,49362.0,6849.0,3949.0,3978.0,0.0,0.0,1434.0,1247.0,2537.0,6849.0,145.0,395.0,312.0,38.0,2224.0,6811.0,41.0,108.0,163.0,2374.0,163.0,0.0,163.0,0.0,0.0,0.0,0.0,0.0,2537.0,0.0,0.0,0.0,0.0,0.0,0.0,163.0,0.0,0.0,0.0,0.0,0.0,0.0,149.0,0.0,0.0,0.0,0.0,0.0,0.0,2224.0,0.0,0.0,0.0,0.0,0.0,0.0,49362.0,0.0,0.0,0.0,0.0,0.0,0.0
S00073_PONTA,0, ,1244.0," ""GERAL""       ",0.0,1225.0,0.0,463.0,6064.0,1043.0,2264.0,2297.0,0.0,0.0,207.0,179.0,375.0,1075.0,129.0,372.0,47.0,69.0,328.0,1006.0,19.0,109.0,6.0,369.0,6.0,0.0,6.0,0.0,0.0,0.0,0.0,0.0,375.0,0.0,0.0,0.0,0.0,0.0,0.0,6.0,0.0,0.0,0.0,0.0,0.0,0.0,41.0,0.0,0.0,0.0,0.0,0.0,0.0,328.0,0.0,0.0,0.0,0.0,0.0,0.0,6064.0,0.0,0.0,0.0,0.0,0.0,0.0
S00074_FORA_PONTA,0, ,1313.0," ""GERAL""       ",145273.0,17965.0,4960.0,4987.0,125102.0,16555.0,4776.0,4797.0,0.0,0.0,4729.0,4107.0,7973.0,21571.0,145.0,395.0,579.0,-1069.0,7393.0,22640.0,42.0,108.0,295.0,7678.0,295.0,0.0,295.0,0.0,0.0,0.0,0.0,0.0,7973.0,0.0,0.0,0.0,0.0,0.0,0.0,295.0,0.0,0.0,0.0,0.0,0.0,0.0,284.0,0.0,0.0,0.0,0.0,0.0,0.0,7393.0,0.0,0.0,0.0,0.0,0.0,0.0,125102.0,0.0,0.0,0.0,0.0,0.0,0.0
S00075_PONTA,0, ,1316.0," ""GERAL""       ",0.0,1108.0,0.0,461.0,6494.0,909.0,2477.0,2505.0,0.0,0.0,207.0,179.0,383.0,1093.0,133.0,383.0,55.0,86.0,328.0,1007.0,24.0,110.0,9.0,374.0,9.0,0.0,9.0,0.0,0.0,0.0,0.0,0.0,383.0,0.0,0.0,0.0,0.0,0.0,0.0,9.0,0.0,0.0,0.0,0.0,0.0,0.0,46.0,0.0,0.0,0.0,0.0,0.0,0.0,328.0,0.0,0.0,0.0,0.0,0.0,0.0,6494.0,0.0,0.0,0.0,0.0,0.0,0.0
S00076_FORA_PONTA,0, ,1337.0," ""GERAL""       ",69020.0,7531.0,5567.0,5600.0,56348.0,6505.0,5439.0,5461.0,0.0,0.0,1438.0,1245.0,2623.0,7073.0,142.0,382.0,409.0,294.0,2214.0,6778.0,40.0,110.0,214.0,2409.0,214.0,0.0,214.0,0.0,0.0,0.0,0.0,0.0,2623.0,0.0,0.0,0.0,0.0,0.0,0.0,214.0,0.0,0.0,0.0,0.0,0.0,0.0,195.0,0.0,0.0,0.0,0.0,0.0,0.0,2214.0,0.0,0.0,0.0,0.0,0.0,0.0,56348.0,0.0,0.0,0.0,0.0,0.0,0.0
S00077_PONTA,0, ,1340.0," ""GERAL""       ",0.0,1022.0,0.0,426.0,6890.0,798.0,2423.0,2448.0,0.0,0.0,207.0,179.0,389.0,1118.0,132.0,380.0,60.0,110.0,329.0,1008.0,23.0,110.0,9.0,380.0,9.0,0.0,9.0,0.0,0.0,0.0,0.0,0.0,389.0,0.0,0.0,0.0,0.0,0.0,0.0,9.0,0.0,0.0,0.0,0.0,0.0,0.0,52.0,0.0,0.0,0.0,0.0,0.0,0.0,329.0,0.0,0.0,0.0,0.0,0.0,0.0,6890.0,0.0,0.0,0.0,0.0,0.0,0.0
S00078_FORA_PONTA,0, ,1361.0," ""GERAL""       ",77555.0,9090.0,5466.0,5499.0,64285.0,7975.0,5276.0,5300.0,0.0,0.0,1429.0,1243.0,2651.0,7125.0,141.0,377.0,452.0,391.0,2199.0,6734.0,39.0,108.0,244.0,2407.0,244.0,0.0,244.0,0.0,0.0,0.0,0.0,0.0,2651.0,0.0,0.0,0.0,0.0,0.0,0.0,244.0,0.0,0.0,0.0,0.0,0.0,0.0,208.0,0.0,0.0,0.0,0.0,0.0,0.0,2199.0,0.0,0.0,0.0,0.0,0.0,0.0,64285.0,0.0,0.0,0.0,0.0,0.0,0.0
S00079_PONTA,0, ,1364.0," ""GERAL""       ",0.0,1587.0,0.0,589.0,6854.0,1359.0,2534.0,2583.0,0.0,0.0,207.0,179.0,387.0,1118.0,133.0,388.0,60.0,115.0,327.0,1003.0,24.0,109.0,8.0,379.0,8.0,0.0,8.0,0.0,0.0,0.0,0.0,0.0,387.0,0.0,0.0,0.0,0.0,0.0,0.0,8.0,0.0,0.0,0.0,0.0,0.0,0.0,52.0,0.0,0.0,0.0,0.0,0.0,0.0,327.0,0.0,0.0,0.0,0.0,0.0,0.0,6854.0,0.0,0.0,0.0,0.0,0.0,0.0
S00080_FORA_PONTA,0, ,1385.0," ""GERAL""       ",71342.0,8924.0,4942.0,4986.0,58100.0,7889.0,4757.0,4793.0,0.0,0.0,1430.0,1245.0,2622.0,7065.0,143.0,388.0,415.0,306.0,2207.0,6759.0,39.0,108.0,220.0,2402.0,220.0,0.0,220.0,0.0,0.0,0.0,0.0,0.0,2622.0,0.0,0.0,0.0,0.0,0.0,0.0,220.0,0.0,0.0,0.0,0.0,0.0,0.0,195.0,0.0,0.0,0.0,0.0,0.0,0.0,2207.0,0.0,0.0,0.0,0.0,0.0,0.0,58100.0,0.0,0.0,0.0,0.0,0.0,0.0
S00081_PONTA,0, ,1388.0," ""GERAL""       ",0.0,1079.0,0.0,558.0,6201.0,891.0,2582.0,2623.0,0.0,0.0,207.0,179.0,379.0,1082.0,134.0,392.0,51.0,75.0,328.0,1007.0,25.0,110.0,8.0,372.0,8.0,0.0,8.0,0.0,0.0,0.0,0.0,0.0,379.0,0.0,0.0,0.0,0.0,0.0,0.0,8.0,0.0,0.0,0.0,0.0,0.0,0.0,43.0,0.0,0.0,0.0,0.0,0.0,0.0,328.0,0.0,0.0,0.0,0.0,0.0,0.0,6201.0,0.0,0.0,0.0,0.0,0.0,0.0
S00082_FORA_PONTA,0, ,1409.0," ""GERAL""       ",63659.0,6957.0,4526.0,4550.0,51723.0,6128.0,4347.0,4365.0,0.0,0.0,1434.0,1247.0,2551.0,6897.0,144.0,388.0,329.0,92.0,2222.0,6804.0,40.0,108.0,166.0,2385.0,166.0,0.0,166.0,0.0,0.0,0.0,0.0,0.0,2551.0,0.0,0.0,0.0,0.0,0.0,0.0,166.0,0.0,0.0,0.0,0.0,0.0,0.0,163.0,0.0,0.0,0.0,0.0,0.0,0.0,2222.0,0.0,0.0,0.0,0.0,0.0,0.0,51723.0,0.0,0.0,0.0,0.0,0.0,0.0
S00083_PONTA,0, ,1412.0," ""GERAL""       ",0.0,859.0,0.0,335.0,5175.0,728.0,1872.0,1894.0,0.0,0.0,207.0,179.0,365.0,1026.0,123.0,349.0,36.0,17.0,329.0,1009.0,14.0,110.0,6.0,359.0,6.0,0.0,6.0,0.0,0.0,0.0,0.0,0.0,365.0,0.0,0.0,0.0,0.0,0.0,0.0,6.0,0.0,0.0,0.0,0.0,0.0,0.0,30.0,0.0,0.0,0.0,0.0,0.0,0.0,329.0,0.0,0.0,0.0,0.0,0.0,0.0,5175.0,0.0,0.0,0.0,0.0,0.0,0.0
S00084_FORA_PONTA,0, ,1481.0," ""GERAL""       ",120650.0,16730.0,4472.0,4484.0,101980.0,15797.0,1889.0,1908.0,0.0,0.0,4737.0,4112.0,7819.0,21178.0,145.0,395.0,392.0,-1565.0,7427.0,22743.0,41.0,108.0,187.0,7631.0,187.0,0.0,187.0,0.0,0.0,0.0,0.0,0.0,7819.0,0.0,0.0,0.0,0.0,0.0,0.0,187.0,0.0,0.0,0.0,0.0,0.0,0.0,204.0,0.0,0.0,0.0,0.0,0.0,0.0,7427.0,0.0,0.0,0.0,0.0,0.0,0.0,101980.0,0.0,0.0,0.0,0.0,0.0,0.0
S00085_PONTA,0, ,1484.0," ""GERAL""       ",0.0,900.0,0.0,334.0,5127.0,771.0,1745.0,1761.0,0.0,0.0,207.0,179.0,365.0,1024.0,122.0,343.0,36.0,16.0,329.0,1008.0,12.0,110.0,6.0,359.0,6.0,0.0,6.0,0.0,0.0,0.0,0.0,0.0,365.0,0.0,0.0,0.0,0.0,0.0,0.0,6.0,0.0,0.0,0.0,0.0,0.0,0.0,30.0,0.0,0.0,0.0,0.0,0.0,0.0,329.0,0.0,0.0,0.0,0.0,0.0,0.0,5127.0,0.0,0.0,0.0,0.0,0.0,0.0
S00086_FORA_PONTA,0, ,1529.0," ""GERAL""       ",100824.0,12838.0,4480.0,4491.0,86280.0,11904.0,3941.0,3958.0,0.0,0.0,3082.0,2678.0,5203.0,14059.0,143.0,387.0,391.0,-676.0,4812.0,14735.0,39.0,108.0,199.0,5004.0,199.0,0.0,199.0,0.0,0.0,0.0,0.0,0.0,5203.0,0.0,0.0,0.0,0.0,0.0,0.0,199.0,0.0,0.0,0.0,0.0,0.0,0.0,192.0,0.0,0.0,0.0,0.0,0.0,0.0,4812.0,0.0,0.0,0.0,0.0,0.0,0.0,86280.0,0.0,0.0,0.0,0.0,0.0,0.0
S00087_PONTA,0, ,1532.0," ""GERAL""       ",0.0,1030.0,0.0,388.0,6149.0,849.0,2425.0,2445.0,0.0,0.0,207.0,179.0,379.0,1075.0,132.0,380.0,50.0,68.0,329.0,1007.0,23.0,110.0,8.0,370.0,8.0,0.0,8.0,0.0,0.0,0.0,0.0,0.0,379.0,0.0,0.0,0.0,0.0,0.0,0.0,8.0,0.0,0.0,0.0,0.0,0.0,0.0,42.0,0.0,0.0,0.0,0.0,0.0,0.0,329.0,0.0,0.0,0.0,0.0,0.0,0.0,6149.0,0.0,0.0,0.0,0.0,0.0,0.0
S00088_FORA_PONTA,0, ,1553.0," ""GERAL""       ",79047.0,8699.0,5601.0,5628.0,66531.0,7499.0,5661.0,5682.0,0.0,0.0,1433.0,1243.0,2679.0,7209.0,144.0,390.0,480.0,478.0,2198.0,6731.0,42.0,108.0,255.0,2423.0,255.0,0.0,255.0,0.0,0.0,0.0,0.0,0.0,2679.0,0.0,0.0,0.0,0.0,0.0,0.0,255.0,0.0,0.0,0.0,0.0,0.0,0.0,225.0,0.0,0.0,0.0,0.0,0.0,0.0,2198.0,0.0,0.0,0.0,0.0,0.0,0.0,66531.0,0.0,0.0,0.0,0.0,0.0,0.0
S00089_PONTA,0, ,1556.0," ""GERAL""       ",0.0,1215.0,0.0,469.0,7086.0,977.0,2779.0,2803.0,0.0,0.0,207.0,179.0,392.0,1131.0,138.0,404.0,64.0,124.0,328.0,1006.0,29.0,110.0,10.0,383.0,10.0,0.0,10.0,0.0,0.0,0.0,0.0,0.0,392.0,0.0,0.0,0.0,0.0,0.0,0.0,10.0,0.0,0.0,0.0,0.0,0.0,0.0,55.0,0.0,0.0,0.0,0.0,0.0,0.0,328.0,0.0,0.0,0.0,0.0,0.0,0.0,7086.0,0.0,0.0,0.0,0.0,0.0,0.0
S00090_FORA_PONTA,0, ,1577.0," ""GERAL""       ",79865.0,8846.0,5597.0,5627.0,66171.0,7664.0,5506.0,5529.0,0.0,0.0,1433.0,1243.0,2673.0,7187.0,142.0,383.0,476.0,460.0,2197.0,6727.0,40.0,108.0,254.0,2420.0,254.0,0.0,254.0,0.0,0.0,0.0,0.0,0.0,2673.0,0.0,0.0,0.0,0.0,0.0,0.0,254.0,0.0,0.0,0.0,0.0,0.0,0.0,223.0,0.0,0.0,0.0,0.0,0.0,0.0,2197.0,0.0,0.0,0.0,0.0,0.0,0.0,66171.0,0.0,0.0,0.0,0.0,0.0,0.0
S00091_PONTA,0, ,1580.0," ""GERAL""       ",0.0,1114.0,0.0,458.0,6852.0,890.0,2633.0,2658.0,0.0,0.0,207.0,179.0,390.0,1118.0,136.0,394.0,61.0,111.0,328.0,1007.0,27.0,110.0,10.0,380.0,10.0,0.0,10.0,0.0,0.0,0.0,0.0,0.0,390.0,0.0,0.0,0.0,0.0,0.0,0.0,10.0,0.0,0.0,0.0,0.0,0.0,0.0,52.0,0.0,0.0,0.0,0.0,0.0,0.0,328.0,0.0,0.0,0.0,0.0,0.0,0.0,6852.0,0.0,0.0,0.0,0.0,0.0,0.0
S00092_FORA_PONTA,0, ,1649.0," ""GERAL""       ",150856.0,19396.0,4681.0,4705.0,130357.0,18008.0,4501.0,4520.0,0.0,0.0,4727.0,4106.0,7964.0,21524.0,142.0,383.0,581.0,-1084.0,7383.0,22608.0,38.0,108.0,306.0,7659.0,306.0,0.0,306.0,0.0,0.0,0.0,0.0,0.0,7964.0,0.0,0.0,0.0,0.0,0.0,0.0,306.0,0.0,0.0,0.0,0.0,0.0,0.0,276.0,0.0,0.0,0.0,0.0,0.0,0.0,7383.0,0.0,0.0,0.0,0.0,0.0,0.0,130357.0,0.0,0.0,0.0,0.0,0.0,0.0
S00093_PONTA,0, ,1652.0," ""GERAL""       ",0.0,876.0,0.0,386.0,6534.0,674.0,2470.0,2488.0,0.0,0.0,207.0,179.0,385.0,1098.0,132.0,382.0,56.0,89.0,329.0,1009.0,23.0,110.0,9.0,375.0,9.0,0.0,9.0,0.0,0.0,0.0,0.0,0.0,385.0,0.0,0.0,0.0,0.0,0.0,0.0,9.0,0.0,0.0,0.0,0.0,0.0,0.0,46.0,0.0,0.0,0.0,0.0,0.0,0.0,329.0,0.0,0.0,0.0,0.0,0.0,0.0,6534.0,0.0,0.0,0.0,0.0,0.0,0.0
S00094_FORA_PONTA,0, ,1673.0," ""GERAL""       ",62527.0,6851.0,4467.0,4476.0,49630.0,6054.0,4028.0,4044.0,0.0,0.0,1434.0,1247.0,2547.0,6868.0,146.0,399.0,323.0,59.0,2224.0,6809.0,42.0,108.0,165.0,2382.0,165.0,0.0,165.0,0.0,0.0,0.0,0.0,0.0,2547.0,0.0,0.0,0.0,0.0,0.0,0.0,165.0,0.0,0.0,0.0,0.0,0.0,0.0,158.0,0.0,0.0,0.0,0.0,0.0,0.0,2224.0,0.0,0.0,0.0,0.0,0.0,0.0,49630.0,0.0,0.0,0.0,0.0,0.0,0.0
S00095_PONTA,0, ,1676.0," ""GERAL""       ",0.0,859.0,0.0,323.0,6425.0,663.0,2342.0,2354.0,0.0,0.0,207.0,179.0,383.0,1091.0,131.0,376.0,53.0,82.0,329.0,1009.0,21.0,110.0,8.0,374.0,8.0,0.0,8.0,0.0,0.0,0.0,0.0,0.0,383.0,0.0,0.0,0.0,0.0,0.0,0.0,8.0,0.0,0.0,0.0,0.0,0.0,0.0,45.0,0.0,0.0,0.0,0.0,0.0,0.0,329.0,0.0,0.0,0.0,0.0,0.0,0.0,6425.0,0.0,0.0,0.0,0.0,0.0,0.0
S00096_FORA_PONTA,0, ,1697.0," ""GERAL""       ",68303.0,6945.0,4959.0,4980.0,55585.0,6037.0,4776.0,4792.0,0.0,0.0,1432.0,1246.0,2587.0,6961.0,145.0,394.0,370.0,175.0,2217.0,6786.0,41.0,108.0,194.0,2392.0,194.0,0.0,194.0,0.0,0.0,0.0,0.0,0.0,2587.0,0.0,0.0,0.0,0.0,0.0,0.0,194.0,0.0,0.0,0.0,0.0,0.0,0.0,176.0,0.0,0.0,0.0,0.0,0.0,0.0,2217.0,0.0,0.0,0.0,0.0,0.0,0.0,55585.0,0.0,0.0,0.0,0.0,0.0,0.0
S00097_PONTA,0, ,1700.0," ""GERAL""       ",0.0,1043.0,0.0,388.0,7038.0,809.0,2546.0,2560.0,0.0,0.0,207.0,179.0,393.0,1128.0,134.0,388.0,64.0,121.0,329.0,1008.0,25.0,110.0,11.0,382.0,11.0,0.0,11.0,0.0,0.0,0.0,0.0,0.0,393.0,0.0,0.0,0.0,0.0,0.0,0.0,11.0,0.0,0.0,0.0,0.0,0.0,0.0,54.0,0.0,0.0,0.0,0.0,0.0,0.0,329.0,0.0,0.0,0.0,0.0,0.0,0.0,7038.0,0.0,0.0,0.0,0.0,0.0,0.0
S00098_FORA_PONTA,0, ,1721.0," ""GERAL""       ",66944.0,7202.0,4576.0,4599.0,53375.0,6338.0,4397.0,4415.0,0.0,0.0,1432.0,1246.0,2572.0,6919.0,144.0,390.0,354.0,130.0,2218.0,6789.0,41.0,108.0,184.0,2387.0,184.0,0.0,184.0,0.0,0.0,0.0,0.0,0.0,2572.0,0.0,0.0,0.0,0.0,0.0,0.0,184.0,0.0,0.0,0.0,0.0,0.0,0.0,170.0,0.0,0.0,0.0,0.0,0.0,0.0,2218.0,0.0,0.0,0.0,0.0,0.0,0.0,53375.0,0.0,0.0,0.0,0.0,0.0,0.0
S00099_PONTA,0, ,1724.0," ""GERAL""       ",0.0,781.0,0.0,339.0,6345.0,589.0,2405.0,2418.0,0.0,0.0,207.0,179.0,381.0,1087.0,131.0,379.0,52.0,78.0,329.0,1009.0,22.0,110.0,8.0,373.0,8.0,0.0,8.0,0.0,0.0,0.0,0.0,0.0,381.0,0.0,0.0,0.0,0.0,0.0,0.0,8.0,0.0,0.0,0.0,0.0,0.0,0.0,44.0,0.0,0.0,0.0,0.0,0.0,0.0,329.0,0.0,0.0,0.0,0.0,0.0,0.0,6345.0,0.0,0.0,0.0,0.0,0.0,0.0
S00100_FORA_PONTA,0, ,1745.0," ""GERAL""       ",57852.0,6284.0,4468.0,4476.0,45719.0,5587.0,3514.0,3535.0,0.0,0.0,1436.0,1248.0,2514.0,6786.0,146.0,397.0,283.0,-45.0,2231.0,6831.0,42.0,108.0,143.0,2371.0,143.0,0.0,143.0,0.0,0.0,0.0,0.0,0.0,2514.0,0.0,0.0,0.0,0.0,0.0,0.0,143.0,0.0,0.0,0.0,0.0,0.0,0.0,140.0,0.0,0.0,0.0,0.0,0.0,0.0,2231.0,0.0,0.0,0.0,0.0,0.0,0.0,45719.0,0.0,0.0,0.0,0.0,0.0,0.0
S00101_PONTA,0, ,1748.0," ""GERAL""       ",0.0,933.0,0.0,421.0,6097.0,756.0,2277.0,2304.0,0.0,0.0,207.0,179.0,377.0,1072.0,129.0,370.0,48.0,63.0,329.0,1008.0,19.0,110.0,7.0,370.0,7.0,0.0,7.0,0.0,0.0,0.0,0.0,0.0,377.0,0.0,0.0,0.0,0.0,0.0,0.0,7.0,0.0,0.0,0.0,0.0,0.0,0.0,41.0,0.0,0.0,0.0,0.0,0.0,0.0,329.0,0.0,0.0,0.0,0.0,0.0,0.0,6097.0,0.0,0.0,0.0,0.0,0.0,0.0
S00102_FORA_PONTA,0, ,1817.0," ""GERAL""       ",134835.0,16862.0,4572.0,4592.0,115283.0,15668.0,4393.0,4408.0,0.0,0.0,4733.0,4109.0,7905.0,21394.0,147.0,401.0,495.0,-1293.0,7409.0,22687.0,43.0,108.0,250.0,7654.0,250.0,0.0,250.0,0.0,0.0,0.0,0.0,0.0,7905.0,0.0,0.0,0.0,0.0,0.0,0.0,250.0,0.0,0.0,0.0,0.0,0.0,0.0,245.0,0.0,0.0,0.0,0.0,0.0,0.0,7409.0,0.0,0.0,0.0,0.0,0.0,0.0,115283.0,0.0,0.0,0.0,0.0,0.0,0.0
S00103_PONTA,0, ,1820.0," ""GERAL""       ",0.0,1143.0,0.0,422.0,6847.0,921.0,2428.0,2447.0,0.0,0.0,207.0,179.0,390.0,1116.0,132.0,382.0,61.0,109.0,328.0,1007.0,23.0,110.0,10.0,379.0,10.0,0.0,10.0,0.0,0.0,0.0,0.0,0.0,390.0,0.0,0.0,0.0,0.0,0.0,0.0,10.0,0.0,0.0,0.0,0.0,0.0,0.0,51.0,0.0,0.0,0.0,0.0,0.0,0.0,328.0,0.0,0.0,0.0,0.0,0.0,0.0,6847.0,0.0,0.0,0.0,0.0,0.0,0.0
S00104_FORA_PONTA,0, ,1841.0," ""GERAL""       ",70362.0,6634.0,5320.0,5339.0,57024.0,5663.0,5133.0,5146.0,0.0,0.0,1432.0,1245.0,2610.0,7019.0,146.0,397.0,396.0,238.0,2215.0,6780.0,42.0,108.0,208.0,2402.0,208.0,0.0,208.0,0.0,0.0,0.0,0.0,0.0,2610.0,0.0,0.0,0.0,0.0,0.0,0.0,208.0,0.0,0.0,0.0,0.0,0.0,0.0,188.0,0.0,0.0,0.0,0.0,0.0,0.0,2215.0,0.0,0.0,0.0,0.0,0.0,0.0,57024.0,0.0,0.0,0.0,0.0,0.0,0.0
S00105_PONTA,0, ,1844.0," ""GERAL""       ",0.0,1062.0,0.0,393.0,7221.0,817.0,2730.0,2745.0,0.0,0.0,207.0,179.0,396.0,1139.0,138.0,400.0,68.0,131.0,329.0,1007.0,28.0,110.0,12.0,385.0,12.0,0.0,12.0,0.0,0.0,0.0,0.0,0.0,396.0,0.0,0.0,0.0,0.0,0.0,0.0,12.0,0.0,0.0,0.0,0.0,0.0,0.0,56.0,0.0,0.0,0.0,0.0,0.0,0.0,329.0,0.0,0.0,0.0,0.0,0.0,0.0,7221.0,0.0,0.0,0.0,0.0,0.0,0.0
S00106_FORA_PONTA,0, ,1865.0," ""GERAL""       ",70032.0,7629.0,5012.0,5033.0,56255.0,6660.0,4828.0,4843.0,0.0,0.0,1431.0,1245.0,2607.0,7011.0,145.0,393.0,395.0,238.0,2213.0,6774.0,41.0,108.0,207.0,2400.0,207.0,0.0,207.0,0.0,0.0,0.0,0.0,0.0,2607.0,0.0,0.0,0.0,0.0,0.0,0.0,207.0,0.0,0.0,0.0,0.0,0.0,0.0,187.0,0.0,0.0,0.0,0.0,0.0,0.0,2213.0,0.0,0.0,0.0,0.0,0.0,0.0,56255.0,0.0,0.0,0.0,0.0,0.0,0.0
S00107_PONTA,0, ,1868.0," ""GERAL""       ",0.0,1060.0,0.0,407.0,7161.0,819.0,2766.0,2782.0,0.0,0.0,207.0,179.0,395.0,1134.0,138.0,402.0,66.0,127.0,329.0,1007.0,29.0,110.0,11.0,384.0,11.0,0.0,11.0,0.0,0.0,0.0,0.0,0.0,395.0,0.0,0.0,0.0,0.0,0.0,0.0,11.0,0.0,0.0,0.0,0.0,0.0,0.0,55.0,0.0,0.0,0.0,0.0,0.0,0.0,329.0,0.0,0.0,0.0,0.0,0.0,0.0,7161.0,0.0,0.0,0.0,0.0,0.0,0.0
S00108_FORA_PONTA,0, ,1889.0," ""GERAL""       ",67557.0,6984.0,4821.0,4840.0,54327.0,6081.0,4640.0,4654.0,0.0,0.0,1432.0,1246.0,2585.0,6958.0,145.0,393.0,367.0,170.0,2217.0,6788.0,41.0,108.0,192.0,2393.0,192.0,0.0,192.0,0.0,0.0,0.0,0.0,0.0,2585.0,0.0,0.0,0.0,0.0,0.0,0.0,192.0,0.0,0.0,0.0,0.0,0.0,0.0,175.0,0.0,0.0,0.0,0.0,0.0,0.0,2217.0,0.0,0.0,0.0,0.0,0.0,0.0,54327.0,0.0,0.0,0.0,0.0,0.0,0.0
S00109_PONTA,0, ,1892.0," ""GERAL""       ",0.0,947.0,0.0,379.0,6870.0,724.0,2628.0,2643.0,0.0,0.0,207.0,179.0,390.0,1118.0,136.0,393.0,62.0,109.0,329.0,1008.0,26.0,110.0,10.0,380.0,10.0,0.0,10.0,0.0,0.0,0.0,0.0,0.0,390.0,0.0,0.0,0.0,0.0,0.0,0.0,10.0,0.0,0.0,0.0,0.0,0.0,0.0,51.0,0.0,0.0,0.0,0.0,0.0,0.0,329.0,0.0,0.0,0.0,0.0,0.0,0.0,6870.0,0.0,0.0,0.0,0.0,0.0,0.0
S00110_FORA_PONTA,0, ,1913.0," ""GERAL""       ",66678.0,6991.0,4486.0,4507.0,53295.0,6097.0,4309.0,4325.0,0.0,0.0,1433.0,1246.0,2576.0,6951.0,146.0,395.0,358.0,160.0,2218.0,6792.0,42.0,108.0,184.0,2393.0,184.0,0.0,184.0,0.0,0.0,0.0,0.0,0.0,2576.0,0.0,0.0,0.0,0.0,0.0,0.0,184.0,0.0,0.0,0.0,0.0,0.0,0.0,174.0,0.0,0.0,0.0,0.0,0.0,0.0,2218.0,0.0,0.0,0.0,0.0,0.0,0.0,53295.0,0.0,0.0,0.0,0.0,0.0,0.0
S00111_PONTA,0, ,1916.0," ""GERAL""       ",0.0,968.0,0.0,392.0,6449.0,769.0,2417.0,2437.0,0.0,0.0,207.0,179.0,384.0,1094.0,132.0,380.0,55.0,86.0,329.0,1008.0,23.0,110.0,9.0,374.0,9.0,0.0,9.0,0.0,0.0,0.0,0.0,0.0,384.0,0.0,0.0,0.0,0.0,0.0,0.0,9.0,0.0,0.0,0.0,0.0,0.0,0.0,46.0,0.0,0.0,0.0,0.0,0.0,0.0,329.0,0.0,0.0,0.0,0.0,0.0,0.0,6449.0,0.0,0.0,0.0,0.0,0.0,0.0
S00112_FORA_PONTA,0, ,1985.0," ""GERAL""       ",151787.0,18378.0,5575.0,5605.0,131471.0,16783.0,5893.0,5910.0,0.0,0.0,4733.0,4106.0,8037.0,21733.0,146.0,396.0,653.0,-878.0,7384.0,22611.0,44.0,108.0,340.0,7698.0,340.0,0.0,340.0,0.0,0.0,0.0,0.0,0.0,8037.0,0.0,0.0,0.0,0.0,0.0,0.0,340.0,0.0,0.0,0.0,0.0,0.0,0.0,314.0,0.0,0.0,0.0,0.0,0.0,0.0,7384.0,0.0,0.0,0.0,0.0,0.0,0.0,131471.0,0.0,0.0,0.0,0.0,0.0,0.0
S00113_PONTA,0, ,1988.0," ""GERAL""       ",0.0,1260.0,0.0,501.0,8076.0,956.0,3074.0,3097.0,0.0,0.0,207.0,179.0,413.0,1197.0,145.0,427.0,85.0,191.0,328.0,1006.0,36.0,109.0,15.0,397.0,15.0,0.0,15.0,0.0,0.0,0.0,0.0,0.0,413.0,0.0,0.0,0.0,0.0,0.0,0.0,15.0,0.0,0.0,0.0,0.0,0.0,0.0,69.0,0.0,0.0,0.0,0.0,0.0,0.0,328.0,0.0,0.0,0.0,0.0,0.0,0.0,8076.0,0.0,0.0,0.0,0.0,0.0,0.0
S00114_FORA_PONTA,0, ,2009.0," ""GERAL""       ",77194.0,7950.0,5226.0,5247.0,62023.0,6840.0,5040.0,5055.0,0.0,0.0,1429.0,1244.0,2658.0,7128.0,144.0,387.0,455.0,384.0,2203.0,6744.0,40.0,108.0,243.0,2416.0,243.0,0.0,243.0,0.0,0.0,0.0,0.0,0.0,2658.0,0.0,0.0,0.0,0.0,0.0,0.0,243.0,0.0,0.0,0.0,0.0,0.0,0.0,213.0,0.0,0.0,0.0,0.0,0.0,0.0,2203.0,0.0,0.0,0.0,0.0,0.0,0.0,62023.0,0.0,0.0,0.0,0.0,0.0,0.0
S00115_PONTA,0, ,2012.0," ""GERAL""       ",0.0,1037.0,0.0,467.0,7319.0,787.0,2749.0,2773.0,0.0,0.0,207.0,179.0,398.0,1145.0,138.0,401.0,70.0,137.0,329.0,1008.0,29.0,110.0,12.0,386.0,12.0,0.0,12.0,0.0,0.0,0.0,0.0,0.0,398.0,0.0,0.0,0.0,0.0,0.0,0.0,12.0,0.0,0.0,0.0,0.0,0.0,0.0,57.0,0.0,0.0,0.0,0.0,0.0,0.0,329.0,0.0,0.0,0.0,0.0,0.0,0.0,7319.0,0.0,0.0,0.0,0.0,0.0,0.0
S00116_FORA_PONTA,0, ,2033.0," ""GERAL""       ",76670.0,8091.0,5550.0,5573.0,62944.0,6965.0,5436.0,5452.0,0.0,0.0,1432.0,1244.0,2659.0,7146.0,144.0,390.0,456.0,401.0,2203.0,6745.0,41.0,108.0,243.0,2416.0,243.0,0.0,243.0,0.0,0.0,0.0,0.0,0.0,2659.0,0.0,0.0,0.0,0.0,0.0,0.0,243.0,0.0,0.0,0.0,0.0,0.0,0.0,213.0,0.0,0.0,0.0,0.0,0.0,0.0,2203.0,0.0,0.0,0.0,0.0,0.0,0.0,62944.0,0.0,0.0,0.0,0.0,0.0,0.0
S00117_PONTA,0, ,2036.0," ""GERAL""       ",0.0,1218.0,0.0,434.0,7702.0,941.0,2966.0,2983.0,0.0,0.0,207.0,179.0,405.0,1170.0,143.0,417.0,76.0,164.0,328.0,1006.0,33.0,109.0,13.0,392.0,13.0,0.0,13.0,0.0,0.0,0.0,0.0,0.0,405.0,0.0,0.0,0.0,0.0,0.0,0.0,13.0,0.0,0.0,0.0,0.0,0.0,0.0,63.0,0.0,0.0,0.0,0.0,0.0,0.0,328.0,0.0,0.0,0.0,0.0,0.0,0.0,7702.0,0.0,0.0,0.0,0.0,0.0,0.0
S00118_FORA_PONTA,0, ,2057.0," ""GERAL""       ",68544.0,7267.0,4462.0,4479.0,54583.0,6380.0,4042.0,4052.0,0.0,0.0,1432.0,1246.0,2579.0,6937.0,143.0,387.0,364.0,155.0,2215.0,6782.0,40.0,108.0,191.0,2388.0,191.0,0.0,191.0,0.0,0.0,0.0,0.0,0.0,2579.0,0.0,0.0,0.0,0.0,0.0,0.0,191.0,0.0,0.0,0.0,0.0,0.0,0.0,173.0,0.0,0.0,0.0,0.0,0.0,0.0,2215.0,0.0,0.0,0.0,0.0,0.0,0.0,54583.0,0.0,0.0,0.0,0.0,0.0,0.0
S00119_PONTA,0, ,2060.0," ""GERAL""       ",0.0,1225.0,0.0,448.0,7114.0,989.0,2541.0,2567.0,0.0,0.0,207.0,179.0,391.0,1128.0,133.0,386.0,63.0,122.0,328.0,1006.0,24.0,109.0,8.0,382.0,8.0,0.0,8.0,0.0,0.0,0.0,0.0,0.0,391.0,0.0,0.0,0.0,0.0,0.0,0.0,8.0,0.0,0.0,0.0,0.0,0.0,0.0,54.0,0.0,0.0,0.0,0.0,0.0,0.0,328.0,0.0,0.0,0.0,0.0,0.0,0.0,7114.0,0.0,0.0,0.0,0.0,0.0,0.0
S00120_FORA_PONTA,0, ,2081.0," ""GERAL""       ",61471.0,6122.0,4483.0,4502.0,47838.0,5363.0,3488.0,3498.0,0.0,0.0,1435.0,1247.0,2537.0,6838.0,145.0,392.0,309.0,19.0,2227.0,6818.0,41.0,108.0,158.0,2378.0,158.0,0.0,158.0,0.0,0.0,0.0,0.0,0.0,2537.0,0.0,0.0,0.0,0.0,0.0,0.0,158.0,0.0,0.0,0.0,0.0,0.0,0.0,151.0,0.0,0.0,0.0,0.0,0.0,0.0,2227.0,0.0,0.0,0.0,0.0,0.0,0.0,47838.0,0.0,0.0,0.0,0.0,0.0,0.0
S00121_PONTA,0, ,2084.0," ""GERAL""       ",0.0,928.0,0.0,358.0,6020.0,754.0,2128.0,2148.0,0.0,0.0,207.0,179.0,376.0,1069.0,127.0,363.0,47.0,61.0,329.0,1008.0,17.0,110.0,7.0,369.0,7.0,0.0,7.0,0.0,0.0,0.0,0.0,0.0,376.0,0.0,0.0,0.0,0.0,0.0,0.0,7.0,0.0,0.0,0.0,0.0,0.0,0.0,40.0,0.0,0.0,0.0,0.0,0.0,0.0,329.0,0.0,0.0,0.0,0.0,0.0,0.0,6020.0,0.0,0.0,0.0,0.0,0.0,0.0
S00122_FORA_PONTA,0, ,2153.0," ""GERAL""       ",151813.0,19380.0,5599.0,5629.0,131399.0,17828.0,5683.0,5708.0,0.0,0.0,4728.0,4106.0,8021.0,21683.0,146.0,397.0,640.0,-919.0,7381.0,22602.0,42.0,108.0,336.0,7686.0,336.0,0.0,336.0,0.0,0.0,0.0,0.0,0.0,8021.0,0.0,0.0,0.0,0.0,0.0,0.0,336.0,0.0,0.0,0.0,0.0,0.0,0.0,304.0,0.0,0.0,0.0,0.0,0.0,0.0,7381.0,0.0,0.0,0.0,0.0,0.0,0.0,131399.0,0.0,0.0,0.0,0.0,0.0,0.0
S00123_PONTA,0, ,2156.0," ""GERAL""       ",0.0,1036.0,0.0,374.0,6896.0,813.0,2510.0,2525.0,0.0,0.0,207.0,179.0,390.0,1117.0,133.0,385.0,61.0,110.0,329.0,1008.0,24.0,110.0,10.0,380.0,10.0,0.0,10.0,0.0,0.0,0.0,0.0,0.0,390.0,0.0,0.0,0.0,0.0,0.0,0.0,10.0,0.0,0.0,0.0,0.0,0.0,0.0,51.0,0.0,0.0,0.0,0.0,0.0,0.0,329.0,0.0,0.0,0.0,0.0,0.0,0.0,6896.0,0.0,0.0,0.0,0.0,0.0,0.0
S00124_FORA_PONTA,0, ,2177.0," ""GERAL""       ",57744.0,5176.0,4466.0,4478.0,44531.0,4473.0,3056.0,3067.0,0.0,0.0,1436.0,1248.0,2518.0,6799.0,146.0,395.0,284.0,-41.0,2234.0,6840.0,42.0,108.0,143.0,2375.0,143.0,0.0,143.0,0.0,0.0,0.0,0.0,0.0,2518.0,0.0,0.0,0.0,0.0,0.0,0.0,143.0,0.0,0.0,0.0,0.0,0.0,0.0,141.0,0.0,0.0,0.0,0.0,0.0,0.0,2234.0,0.0,0.0,0.0,0.0,0.0,0.0,44531.0,0.0,0.0,0.0,0.0,0.0,0.0
S00125_PONTA,0, ,2180.0," ""GERAL""       ",0.0,782.0,0.0,291.0,5827.0,622.0,2033.0,2044.0,0.0,0.0,207.0,179.0,373.0,1056.0,125.0,357.0,43.0,47.0,329.0,1009.0,16.0,110.0,7.0,366.0,7.0,0.0,7.0,0.0,0.0,0.0,0.0,0.0,373.0,0.0,0.0,0.0,0.0,0.0,0.0,7.0,0.0,0.0,0.0,0.0,0.0,0.0,37.0,0.0,0.0,0.0,0.0,0.0,0.0,329.0,0.0,0.0,0.0,0.0,0.0,0.0,5827.0,0.0,0.0,0.0,0.0,0.0,0.0
S00126_FORA_PONTA,0, ,2201.0," ""GERAL""       ",59673.0,6037.0,4469.0,4480.0,48172.0,5334.0,3758.0,3772.0,0.0,0.0,1435.0,1248.0,2516.0,6788.0,146.0,395.0,286.0,-38.0,2230.0,6827.0,42.0,108.0,149.0,2368.0,149.0,0.0,149.0,0.0,0.0,0.0,0.0,0.0,2516.0,0.0,0.0,0.0,0.0,0.0,0.0,149.0,0.0,0.0,0.0,0.0,0.0,0.0,138.0,0.0,0.0,0.0,0.0,0.0,0.0,2230.0,0.0,0.0,0.0,0.0,0.0,0.0,48172.0,0.0,0.0,0.0,0.0,0.0,0.0
S00127_PONTA,0, ,2204.0," ""GERAL""       ",0.0,812.0,0.0,300.0,6317.0,623.0,2227.0,2237.0,0.0,0.0,207.0,179.0,380.0,1084.0,128.0,368.0,51.0,75.0,329.0,1009.0,19.0,110.0,7.0,372.0,7.0,0.0,7.0,0.0,0.0,0.0,0.0,0.0,380.0,0.0,0.0,0.0,0.0,0.0,0.0,7.0,0.0,0.0,0.0,0.0,0.0,0.0,43.0,0.0,0.0,0.0,0.0,0.0,0.0,329.0,0.0,0.0,0.0,0.0,0.0,0.0,6317.0,0.0,0.0,0.0,0.0,0.0,0.0
S00128_FORA_PONTA,0, ,2225.0," ""GERAL""       ",59872.0,5517.0,4469.0,4479.0,47779.0,4790.0,3644.0,3653.0,0.0,0.0,1435.0,1248.0,2526.0,6815.0,146.0,395.0,296.0,-14.0,2231.0,6829.0,42.0,108.0,153.0,2373.0,153.0,0.0,153.0,0.0,0.0,0.0,0.0,0.0,2526.0,0.0,0.0,0.0,0.0,0.0,0.0,153.0,0.0,0.0,0.0,0.0,0.0,0.0,142.0,0.0,0.0,0.0,0.0,0.0,0.0,2231.0,0.0,0.0,0.0,0.0,0.0,0.0,47779.0,0.0,0.0,0.0,0.0,0.0,0.0
S00129_PONTA,0, ,2228.0," ""GERAL""       ",0.0,726.0,0.0,273.0,5975.0,558.0,2108.0,2118.0,0.0,0.0,207.0,179.0,374.0,1064.0,126.0,361.0,45.0,54.0,329.0,1010.0,17.0,110.0,7.0,368.0,7.0,0.0,7.0,0.0,0.0,0.0,0.0,0.0,374.0,0.0,0.0,0.0,0.0,0.0,0.0,7.0,0.0,0.0,0.0,0.0,0.0,0.0,39.0,0.0,0.0,0.0,0.0,0.0,0.0,329.0,0.0,0.0,0.0,0.0,0.0,0.0,5975.0,0.0,0.0,0.0,0.0,0.0,0.0
S00130_FORA_PONTA,0, ,2249.0," ""GERAL""       ",48548.0,4792.0,4469.0,4478.0,36336.0,4242.0,2509.0,2518.0,0.0,0.0,1439.0,1250.0,2467.0,6676.0,147.0,398.0,220.0,-201.0,2247.0,6877.0,43.0,108.0,108.0,2359.0,108.0,0.0,108.0,0.0,0.0,0.0,0.0,0.0,2467.0,0.0,0.0,0.0,0.0,0.0,0.0,108.0,0.0,0.0,0.0,0.0,0.0,0.0,112.0,0.0,0.0,0.0,0.0,0.0,0.0,2247.0,0.0,0.0,0.0,0.0,0.0,0.0,36336.0,0.0,0.0,0.0,0.0,0.0,0.0
S00131_PONTA,0, ,2252.0," ""GERAL""       ",0.0,558.0,0.0,202.0,4418.0,463.0,1575.0,1582.0,0.0,0.0,207.0,179.0,355.0,992.0,120.0,335.0,25.0,-19.0,330.0,1011.0,10.0,110.0,4.0,352.0,4.0,0.0,4.0,0.0,0.0,0.0,0.0,0.0,355.0,0.0,0.0,0.0,0.0,0.0,0.0,4.0,0.0,0.0,0.0,0.0,0.0,0.0,22.0,0.0,0.0,0.0,0.0,0.0,0.0,330.0,0.0,0.0,0.0,0.0,0.0,0.0,4418.0,0.0,0.0,0.0,0.0,0.0,0.0
S00132_FORA_PONTA,0, ,2321.0," ""GERAL""       ",110815.0,12896.0,4476.0,4486.0,93166.0,12098.0,2585.0,2591.0,0.0,0.0,4741.0,4114.0,7780.0,21094.0,148.0,403.0,331.0,-1714.0,7449.0,22808.0,44.0,109.0,167.0,7613.0,167.0,0.0,167.0,0.0,0.0,0.0,0.0,0.0,7780.0,0.0,0.0,0.0,0.0,0.0,0.0,167.0,0.0,0.0,0.0,0.0,0.0,0.0,164.0,0.0,0.0,0.0,0.0,0.0,0.0,7449.0,0.0,0.0,0.0,0.0,0.0,0.0,93166.0,0.0,0.0,0.0,0.0,0.0,0.0
S00133_PONTA,0, ,2324.0," ""GERAL""       ",0.0,618.0,0.0,223.0,5295.0,482.0,1871.0,1878.0,0.0,0.0,207.0,179.0,366.0,1032.0,123.0,349.0,36.0,22.0,330.0,1010.0,14.0,110.0,5.0,361.0,5.0,0.0,5.0,0.0,0.0,0.0,0.0,0.0,366.0,0.0,0.0,0.0,0.0,0.0,0.0,5.0,0.0,0.0,0.0,0.0,0.0,0.0,31.0,0.0,0.0,0.0,0.0,0.0,0.0,330.0,0.0,0.0,0.0,0.0,0.0,0.0,5295.0,0.0,0.0,0.0,0.0,0.0,0.0
S00134_FORA_PONTA,0, ,2345.0," ""GERAL""       ",50843.0,4546.0,4473.0,4481.0,39828.0,3967.0,2796.0,2805.0,0.0,0.0,1438.0,1249.0,2478.0,6700.0,148.0,401.0,234.0,-171.0,2244.0,6871.0,44.0,108.0,118.0,2360.0,118.0,0.0,118.0,0.0,0.0,0.0,0.0,0.0,2478.0,0.0,0.0,0.0,0.0,0.0,0.0,118.0,0.0,0.0,0.0,0.0,0.0,0.0,116.0,0.0,0.0,0.0,0.0,0.0,0.0,2244.0,0.0,0.0,0.0,0.0,0.0,0.0,39828.0,0.0,0.0,0.0,0.0,0.0,0.0
S00135_PONTA,0, ,2348.0," ""GERAL""       ",0.0,611.0,0.0,240.0,5474.0,470.0,1924.0,1932.0,0.0,0.0,207.0,179.0,367.0,1038.0,124.0,351.0,38.0,27.0,330.0,1010.0,14.0,110.0,5.0,362.0,5.0,0.0,5.0,0.0,0.0,0.0,0.0,0.0,367.0,0.0,0.0,0.0,0.0,0.0,0.0,5.0,0.0,0.0,0.0,0.0,0.0,0.0,32.0,0.0,0.0,0.0,0.0,0.0,0.0,330.0,0.0,0.0,0.0,0.0,0.0,0.0,5474.0,0.0,0.0,0.0,0.0,0.0,0.0
S00136_FORA_PONTA,0, ,2369.0," ""GERAL""       ",51962.0,4791.0,4471.0,4479.0,40325.0,4210.0,2786.0,2795.0,0.0,0.0,1438.0,1249.0,2477.0,6697.0,147.0,400.0,234.0,-168.0,2243.0,6865.0,43.0,108.0,118.0,2359.0,118.0,0.0,118.0,0.0,0.0,0.0,0.0,0.0,2477.0,0.0,0.0,0.0,0.0,0.0,0.0,118.0,0.0,0.0,0.0,0.0,0.0,0.0,117.0,0.0,0.0,0.0,0.0,0.0,0.0,2243.0,0.0,0.0,0.0,0.0,0.0,0.0,40325.0,0.0,0.0,0.0,0.0,0.0,0.0
S00137_PONTA,0, ,2372.0," ""GERAL""       ",0.0,615.0,0.0,225.0,5412.0,477.0,1918.0,1926.0,0.0,0.0,207.0,179.0,367.0,1035.0,124.0,351.0,38.0,25.0,330.0,1010.0,14.0,110.0,6.0,361.0,6.0,0.0,6.0,0.0,0.0,0.0,0.0,0.0,367.0,0.0,0.0,0.0,0.0,0.0,0.0,6.0,0.0,0.0,0.0,0.0,0.0,0.0,32.0,0.0,0.0,0.0,0.0,0.0,0.0,330.0,0.0,0.0,0.0,0.0,0.0,0.0,5412.0,0.0,0.0,0.0,0.0,0.0,0.0
S00138_FORA_PONTA,0, ,2393.0," ""GERAL""       ",53146.0,5629.0,4471.0,4481.0,42164.0,5036.0,3244.0,3262.0,0.0,0.0,1437.0,1249.0,2479.0,6700.0,147.0,400.0,240.0,-154.0,2239.0,6854.0,43.0,108.0,123.0,2356.0,123.0,0.0,123.0,0.0,0.0,0.0,0.0,0.0,2479.0,0.0,0.0,0.0,0.0,0.0,0.0,123.0,0.0,0.0,0.0,0.0,0.0,0.0,117.0,0.0,0.0,0.0,0.0,0.0,0.0,2239.0,0.0,0.0,0.0,0.0,0.0,0.0,42164.0,0.0,0.0,0.0,0.0,0.0,0.0
S00139_PONTA,0, ,2396.0," ""GERAL""       ",0.0,906.0,0.0,422.0,6033.0,735.0,2270.0,2297.0,0.0,0.0,207.0,179.0,375.0,1066.0,128.0,368.0,46.0,57.0,329.0,1008.0,19.0,110.0,7.0,368.0,7.0,0.0,7.0,0.0,0.0,0.0,0.0,0.0,375.0,0.0,0.0,0.0,0.0,0.0,0.0,7.0,0.0,0.0,0.0,0.0,0.0,0.0,39.0,0.0,0.0,0.0,0.0,0.0,0.0,329.0,0.0,0.0,0.0,0.0,0.0,0.0,6033.0,0.0,0.0,0.0,0.0,0.0,0.0
S00140_FORA_PONTA,0, ,2417.0," ""GERAL""       ",56349.0,5731.0,4471.0,4481.0,44590.0,5064.0,3395.0,3405.0,0.0,0.0,1436.0,1248.0,2503.0,6764.0,148.0,402.0,268.0,-77.0,2235.0,6841.0,44.0,108.0,136.0,2366.0,136.0,0.0,136.0,0.0,0.0,0.0,0.0,0.0,2503.0,0.0,0.0,0.0,0.0,0.0,0.0,136.0,0.0,0.0,0.0,0.0,0.0,0.0,132.0,0.0,0.0,0.0,0.0,0.0,0.0,2235.0,0.0,0.0,0.0,0.0,0.0,0.0,44590.0,0.0,0.0,0.0,0.0,0.0,0.0
S00141_PONTA,0, ,2420.0," ""GERAL""       ",0.0,822.0,0.0,306.0,5721.0,668.0,2028.0,2039.0,0.0,0.0,207.0,179.0,371.0,1050.0,125.0,356.0,42.0,41.0,329.0,1009.0,16.0,110.0,7.0,365.0,7.0,0.0,7.0,0.0,0.0,0.0,0.0,0.0,371.0,0.0,0.0,0.0,0.0,0.0,0.0,7.0,0.0,0.0,0.0,0.0,0.0,0.0,36.0,0.0,0.0,0.0,0.0,0.0,0.0,329.0,0.0,0.0,0.0,0.0,0.0,0.0,5721.0,0.0,0.0,0.0,0.0,0.0,0.0
S00142_FORA_PONTA,0, ,2489.0," ""GERAL""       ",124358.0,15039.0,4470.0,4480.0,105006.0,14082.0,3098.0,3106.0,0.0,0.0,4737.0,4112.0,7825.0,21200.0,147.0,399.0,398.0,-1542.0,7427.0,22741.0,43.0,108.0,205.0,7620.0,205.0,0.0,205.0,0.0,0.0,0.0,0.0,0.0,7825.0,0.0,0.0,0.0,0.0,0.0,0.0,205.0,0.0,0.0,0.0,0.0,0.0,0.0,193.0,0.0,0.0,0.0,0.0,0.0,0.0,7427.0,0.0,0.0,0.0,0.0,0.0,0.0,105006.0,0.0,0.0,0.0,0.0,0.0,0.0
S00143_PONTA,0, ,2492.0," ""GERAL""       ",0.0,715.0,0.0,264.0,5691.0,563.0,1992.0,2002.0,0.0,0.0,207.0,179.0,371.0,1048.0,125.0,355.0,41.0,38.0,329.0,1010.0,15.0,110.0,6.0,364.0,6.0,0.0,6.0,0.0,0.0,0.0,0.0,0.0,371.0,0.0,0.0,0.0,0.0,0.0,0.0,6.0,0.0,0.0,0.0,0.0,0.0,0.0,35.0,0.0,0.0,0.0,0.0,0.0,0.0,329.0,0.0,0.0,0.0,0.0,0.0,0.0,5691.0,0.0,0.0,0.0,0.0,0.0,0.0
S00144_FORA_PONTA,0, ,2513.0," ""GERAL""       ",53777.0,5109.0,4477.0,4488.0,42139.0,4491.0,3265.0,3279.0,0.0,0.0,1437.0,1249.0,2489.0,6726.0,148.0,402.0,250.0,-130.0,2239.0,6856.0,44.0,108.0,125.0,2364.0,125.0,0.0,125.0,0.0,0.0,0.0,0.0,0.0,2489.0,0.0,0.0,0.0,0.0,0.0,0.0,125.0,0.0,0.0,0.0,0.0,0.0,0.0,125.0,0.0,0.0,0.0,0.0,0.0,0.0,2239.0,0.0,0.0,0.0,0.0,0.0,0.0,42139.0,0.0,0.0,0.0,0.0,0.0,0.0
S00145_PONTA,0, ,2516.0," ""GERAL""       ",0.0,817.0,0.0,305.0,5992.0,648.0,2087.0,2101.0,0.0,0.0,207.0,179.0,375.0,1064.0,126.0,359.0,46.0,55.0,329.0,1009.0,17.0,110.0,7.0,368.0,7.0,0.0,7.0,0.0,0.0,0.0,0.0,0.0,375.0,0.0,0.0,0.0,0.0,0.0,0.0,7.0,0.0,0.0,0.0,0.0,0.0,0.0,39.0,0.0,0.0,0.0,0.0,0.0,0.0,329.0,0.0,0.0,0.0,0.0,0.0,0.0,5992.0,0.0,0.0,0.0,0.0,0.0,0.0
S00146_FORA_PONTA,0, ,2537.0," ""GERAL""       ",53960.0,5122.0,4468.0,4479.0,41784.0,4502.0,3116.0,3128.0,0.0,0.0,1437.0,1249.0,2490.0,6728.0,147.0,401.0,251.0,-127.0,2239.0,6855.0,43.0,108.0,126.0,2363.0,126.0,0.0,126.0,0.0,0.0,0.0,0.0,0.0,2490.0,0.0,0.0,0.0,0.0,0.0,0.0,126.0,0.0,0.0,0.0,0.0,0.0,0.0,124.0,0.0,0.0,0.0,0.0,0.0,0.0,2239.0,0.0,0.0,0.0,0.0,0.0,0.0,41784.0,0.0,0.0,0.0,0.0,0.0,0.0
S00147_PONTA,0, ,2540.0," ""GERAL""       ",0.0,832.0,0.0,301.0,5852.0,672.0,2047.0,2059.0,0.0,0.0,207.0,179.0,372.0,1055.0,126.0,357.0,43.0,46.0,329.0,1009.0,16.0,110.0,6.0,366.0,6.0,0.0,6.0,0.0,0.0,0.0,0.0,0.0,372.0,0.0,0.0,0.0,0.0,0.0,0.0,6.0,0.0,0.0,0.0,0.0,0.0,0.0,37.0,0.0,0.0,0.0,0.0,0.0,0.0,329.0,0.0,0.0,0.0,0.0,0.0,0.0,5852.0,0.0,0.0,0.0,0.0,0.0,0.0
S00148_FORA_PONTA,0, ,2561.0," ""GERAL""       ",50821.0,5029.0,4470.0,4484.0,39139.0,4459.0,2644.0,2656.0,0.0,0.0,1438.0,1249.0,2472.0,6689.0,148.0,401.0,229.0,-179.0,2243.0,6867.0,44.0,108.0,114.0,2358.0,114.0,0.0,114.0,0.0,0.0,0.0,0.0,0.0,2472.0,0.0,0.0,0.0,0.0,0.0,0.0,114.0,0.0,0.0,0.0,0.0,0.0,0.0,115.0,0.0,0.0,0.0,0.0,0.0,0.0,2243.0,0.0,0.0,0.0,0.0,0.0,0.0,39139.0,0.0,0.0,0.0,0.0,0.0,0.0
S00149_PONTA,0, ,2564.0," ""GERAL""       ",0.0,589.0,0.0,213.0,4920.0,474.0,1729.0,1737.0,0.0,0.0,207.0,179.0,361.0,1012.0,122.0,342.0,31.0,1.0,330.0,1011.0,12.0,110.0,5.0,356.0,5.0,0.0,5.0,0.0,0.0,0.0,0.0,0.0,361.0,0.0,0.0,0.0,0.0,0.0,0.0,5.0,0.0,0.0,0.0,0.0,0.0,0.0,26.0,0.0,0.0,0.0,0.0,0.0,0.0,330.0,0.0,0.0,0.0,0.0,0.0,0.0,4920.0,0.0,0.0,0.0,0.0,0.0,0.0
S00150_FORA_PONTA,0, ,2681.0," ""GERAL""       ",164780.0,19092.0,4474.0,4484.0,138778.0,18089.0,2528.0,2537.0,0.0,0.0,8047.0,6981.0,13092.0,35506.0,149.0,406.0,425.0,-3279.0,12666.0,38785.0,45.0,109.0,211.0,12880.0,211.0,0.0,211.0,0.0,0.0,0.0,0.0,0.0,13092.0,0.0,0.0,0.0,0.0,0.0,0.0,211.0,0.0,0.0,0.0,0.0,0.0,0.0,214.0,0.0,0.0,0.0,0.0,0.0,0.0,12666.0,0.0,0.0,0.0,0.0,0.0,0.0,138778.0,0.0,0.0,0.0,0.0,0.0,0.0
S00151_PONTA,0, ,2684.0," ""GERAL""       ",0.0,729.0,0.0,277.0,5747.0,575.0,2027.0,2038.0,0.0,0.0,207.0,179.0,370.0,1049.0,125.0,355.0,40.0,40.0,329.0,1010.0,15.0,110.0,5.0,365.0,5.0,0.0,5.0,0.0,0.0,0.0,0.0,0.0,370.0,0.0,0.0,0.0,0.0,0.0,0.0,5.0,0.0,0.0,0.0,0.0,0.0,0.0,35.0,0.0,0.0,0.0,0.0,0.0,0.0,329.0,0.0,0.0,0.0,0.0,0.0,0.0,5747.0,0.0,0.0,0.0,0.0,0.0,0.0
S00152_FORA_PONTA,0, ,2705.0," ""GERAL""       ",50956.0,4690.0,4471.0,4481.0,39379.0,4120.0,2681.0,2691.0,0.0,0.0,1438.0,1249.0,2475.0,6689.0,147.0,399.0,231.0,-180.0,2244.0,6870.0,43.0,108.0,117.0,2358.0,117.0,0.0,117.0,0.0,0.0,0.0,0.0,0.0,2475.0,0.0,0.0,0.0,0.0,0.0,0.0,117.0,0.0,0.0,0.0,0.0,0.0,0.0,114.0,0.0,0.0,0.0,0.0,0.0,0.0,2244.0,0.0,0.0,0.0,0.0,0.0,0.0,39379.0,0.0,0.0,0.0,0.0,0.0,0.0
S00153_PONTA,0, ,2708.0," ""GERAL""       ",0.0,664.0,0.0,248.0,5626.0,515.0,1977.0,1985.0,0.0,0.0,207.0,179.0,369.0,1045.0,125.0,354.0,40.0,35.0,330.0,1010.0,15.0,110.0,5.0,364.0,5.0,0.0,5.0,0.0,0.0,0.0,0.0,0.0,369.0,0.0,0.0,0.0,0.0,0.0,0.0,5.0,0.0,0.0,0.0,0.0,0.0,0.0,34.0,0.0,0.0,0.0,0.0,0.0,0.0,330.0,0.0,0.0,0.0,0.0,0.0,0.0,5626.0,0.0,0.0,0.0,0.0,0.0,0.0
S00154_FORA_PONTA,0, ,2729.0," ""GERAL""       ",51525.0,4631.0,4471.0,4478.0,39850.0,4054.0,2907.0,2923.0,0.0,0.0,1438.0,1249.0,2477.0,6695.0,147.0,399.0,234.0,-173.0,2243.0,6868.0,43.0,108.0,118.0,2359.0,118.0,0.0,118.0,0.0,0.0,0.0,0.0,0.0,2477.0,0.0,0.0,0.0,0.0,0.0,0.0,118.0,0.0,0.0,0.0,0.0,0.0,0.0,116.0,0.0,0.0,0.0,0.0,0.0,0.0,2243.0,0.0,0.0,0.0,0.0,0.0,0.0,39850.0,0.0,0.0,0.0,0.0,0.0,0.0
S00155_PONTA,0, ,2732.0," ""GERAL""       ",0.0,953.0,0.0,372.0,6239.0,772.0,2239.0,2258.0,0.0,0.0,207.0,179.0,376.0,1076.0,128.0,367.0,47.0,68.0,329.0,1008.0,18.0,110.0,6.0,370.0,6.0,0.0,6.0,0.0,0.0,0.0,0.0,0.0,376.0,0.0,0.0,0.0,0.0,0.0,0.0,6.0,0.0,0.0,0.0,0.0,0.0,0.0,42.0,0.0,0.0,0.0,0.0,0.0,0.0,329.0,0.0,0.0,0.0,0.0,0.0,0.0,6239.0,0.0,0.0,0.0,0.0,0.0,0.0
S00156_FORA_PONTA,0, ,2753.0," ""GERAL""       ",54164.0,5615.0,4470.0,4481.0,41717.0,4971.0,2924.0,2942.0,0.0,0.0,1437.0,1249.0,2496.0,6749.0,148.0,404.0,258.0,-101.0,2237.0,6850.0,44.0,108.0,132.0,2364.0,132.0,0.0,132.0,0.0,0.0,0.0,0.0,0.0,2496.0,0.0,0.0,0.0,0.0,0.0,0.0,132.0,0.0,0.0,0.0,0.0,0.0,0.0,127.0,0.0,0.0,0.0,0.0,0.0,0.0,2237.0,0.0,0.0,0.0,0.0,0.0,0.0,41717.0,0.0,0.0,0.0,0.0,0.0,0.0
S00157_PONTA,0, ,2756.0," ""GERAL""       ",0.0,749.0,0.0,297.0,5468.0,606.0,1980.0,1995.0,0.0,0.0,207.0,179.0,367.0,1038.0,124.0,353.0,38.0,29.0,329.0,1009.0,15.0,110.0,6.0,362.0,6.0,0.0,6.0,0.0,0.0,0.0,0.0,0.0,367.0,0.0,0.0,0.0,0.0,0.0,0.0,6.0,0.0,0.0,0.0,0.0,0.0,0.0,32.0,0.0,0.0,0.0,0.0,0.0,0.0,329.0,0.0,0.0,0.0,0.0,0.0,0.0,5468.0,0.0,0.0,0.0,0.0,0.0,0.0
S00158_FORA_PONTA,0, ,2825.0," ""GERAL""       ",113616.0,12441.0,4472.0,4486.0,94747.0,11607.0,2485.0,2494.0,0.0,0.0,4741.0,4114.0,7792.0,21125.0,148.0,403.0,346.0,-1676.0,7447.0,22801.0,44.0,109.0,174.0,7619.0,174.0,0.0,174.0,0.0,0.0,0.0,0.0,0.0,7792.0,0.0,0.0,0.0,0.0,0.0,0.0,174.0,0.0,0.0,0.0,0.0,0.0,0.0,172.0,0.0,0.0,0.0,0.0,0.0,0.0,7447.0,0.0,0.0,0.0,0.0,0.0,0.0,94747.0,0.0,0.0,0.0,0.0,0.0,0.0
S00159_PONTA,0, ,2828.0," ""GERAL""       ",0.0,610.0,0.0,212.0,5545.0,464.0,1964.0,1970.0,0.0,0.0,207.0,179.0,368.0,1042.0,125.0,353.0,39.0,32.0,330.0,1011.0,15.0,110.0,5.0,363.0,5.0,0.0,5.0,0.0,0.0,0.0,0.0,0.0,368.0,0.0,0.0,0.0,0.0,0.0,0.0,5.0,0.0,0.0,0.0,0.0,0.0,0.0,33.0,0.0,0.0,0.0,0.0,0.0,0.0,330.0,0.0,0.0,0.0,0.0,0.0,0.0,5545.0,0.0,0.0,0.0,0.0,0.0,0.0
S00160_FORA_PONTA,0, ,2849.0," ""GERAL""       ",49950.0,4358.0,4472.0,4481.0,38305.0,3798.0,2515.0,2528.0,0.0,0.0,1439.0,1250.0,2472.0,6685.0,148.0,400.0,226.0,-191.0,2246.0,6876.0,43.0,108.0,113.0,2359.0,113.0,0.0,113.0,0.0,0.0,0.0,0.0,0.0,2472.0,0.0,0.0,0.0,0.0,0.0,0.0,113.0,0.0,0.0,0.0,0.0,0.0,0.0,113.0,0.0,0.0,0.0,0.0,0.0,0.0,2246.0,0.0,0.0,0.0,0.0,0.0,0.0,38305.0,0.0,0.0,0.0,0.0,0.0,0.0
S00161_PONTA,0, ,2852.0," ""GERAL""       ",0.0,863.0,0.0,316.0,5906.0,700.0,2045.0,2059.0,0.0,0.0,207.0,179.0,372.0,1058.0,125.0,357.0,43.0,50.0,329.0,1009.0,15.0,110.0,5.0,367.0,5.0,0.0,5.0,0.0,0.0,0.0,0.0,0.0,372.0,0.0,0.0,0.0,0.0,0.0,0.0,5.0,0.0,0.0,0.0,0.0,0.0,0.0,38.0,0.0,0.0,0.0,0.0,0.0,0.0,329.0,0.0,0.0,0.0,0.0,0.0,0.0,5906.0,0.0,0.0,0.0,0.0,0.0,0.0
S00162_FORA_PONTA,0, ,2873.0," ""GERAL""       ",49936.0,4549.0,4471.0,4480.0,38357.0,3992.0,2559.0,2567.0,0.0,0.0,1439.0,1250.0,2471.0,6682.0,149.0,404.0,225.0,-193.0,2246.0,6875.0,45.0,108.0,113.0,2357.0,113.0,0.0,113.0,0.0,0.0,0.0,0.0,0.0,2471.0,0.0,0.0,0.0,0.0,0.0,0.0,113.0,0.0,0.0,0.0,0.0,0.0,0.0,112.0,0.0,0.0,0.0,0.0,0.0,0.0,2246.0,0.0,0.0,0.0,0.0,0.0,0.0,38357.0,0.0,0.0,0.0,0.0,0.0,0.0
S00163_PONTA,0, ,2876.0," ""GERAL""       ",0.0,664.0,0.0,260.0,5398.0,527.0,1937.0,1946.0,0.0,0.0,207.0,179.0,365.0,1033.0,124.0,351.0,36.0,23.0,329.0,1010.0,14.0,110.0,4.0,361.0,4.0,0.0,4.0,0.0,0.0,0.0,0.0,0.0,365.0,0.0,0.0,0.0,0.0,0.0,0.0,4.0,0.0,0.0,0.0,0.0,0.0,0.0,32.0,0.0,0.0,0.0,0.0,0.0,0.0,329.0,0.0,0.0,0.0,0.0,0.0,0.0,5398.0,0.0,0.0,0.0,0.0,0.0,0.0
S00164_FORA_PONTA,0, ,2921.0," ""GERAL""       ",68881.0,7386.0,4473.0,4482.0,53912.0,6813.0,1646.0,1657.0,0.0,0.0,3094.0,2684.0,5098.0,13826.0,149.0,404.0,234.0,-1068.0,4865.0,14895.0,44.0,109.0,110.0,4989.0,110.0,0.0,110.0,0.0,0.0,0.0,0.0,0.0,5098.0,0.0,0.0,0.0,0.0,0.0,0.0,110.0,0.0,0.0,0.0,0.0,0.0,0.0,124.0,0.0,0.0,0.0,0.0,0.0,0.0,4865.0,0.0,0.0,0.0,0.0,0.0,0.0,53912.0,0.0,0.0,0.0,0.0,0.0,0.0
S00165_PONTA,0, ,2924.0," ""GERAL""       ",0.0,616.0,0.0,221.0,4251.0,526.0,1508.0,1518.0,0.0,0.0,207.0,179.0,353.0,986.0,119.0,333.0,24.0,-24.0,330.0,1010.0,9.0,110.0,3.0,350.0,3.0,0.0,3.0,0.0,0.0,0.0,0.0,0.0,353.0,0.0,0.0,0.0,0.0,0.0,0.0,3.0,0.0,0.0,0.0,0.0,0.0,0.0,21.0,0.0,0.0,0.0,0.0,0.0,0.0,330.0,0.0,0.0,0.0,0.0,0.0,0.0,4251.0,0.0,0.0,0.0,0.0,0.0,0.0
S00166_FORA_PONTA,0, ,2993.0," ""GERAL""       ",107762.0,11183.0,4480.0,4490.0,90709.0,10429.0,2937.0,2947.0,0.0,0.0,4743.0,4115.0,7770.0,21071.0,149.0,407.0,313.0,-1763.0,7457.0,22834.0,45.0,109.0,157.0,7614.0,157.0,0.0,157.0,0.0,0.0,0.0,0.0,0.0,7770.0,0.0,0.0,0.0,0.0,0.0,0.0,157.0,0.0,0.0,0.0,0.0,0.0,0.0,156.0,0.0,0.0,0.0,0.0,0.0,0.0,7457.0,0.0,0.0,0.0,0.0,0.0,0.0,90709.0,0.0,0.0,0.0,0.0,0.0,0.0
S00167_PONTA,0, ,2996.0," ""GERAL""       ",0.0,749.0,0.0,284.0,5964.0,581.0,2102.0,2114.0,0.0,0.0,207.0,179.0,375.0,1063.0,127.0,360.0,46.0,54.0,329.0,1010.0,17.0,110.0,7.0,368.0,7.0,0.0,7.0,0.0,0.0,0.0,0.0,0.0,375.0,0.0,0.0,0.0,0.0,0.0,0.0,7.0,0.0,0.0,0.0,0.0,0.0,0.0,38.0,0.0,0.0,0.0,0.0,0.0,0.0,329.0,0.0,0.0,0.0,0.0,0.0,0.0,5964.0,0.0,0.0,0.0,0.0,0.0,0.0
S00168_FORA_PONTA,0, ,3017.0," ""GERAL""       ",57245.0,5967.0,4482.0,4495.0,44965.0,5280.0,3633.0,3646.0,0.0,0.0,1436.0,1248.0,2509.0,6779.0,147.0,400.0,276.0,-57.0,2233.0,6836.0,43.0,108.0,140.0,2369.0,140.0,0.0,140.0,0.0,0.0,0.0,0.0,0.0,2509.0,0.0,0.0,0.0,0.0,0.0,0.0,140.0,0.0,0.0,0.0,0.0,0.0,0.0,136.0,0.0,0.0,0.0,0.0,0.0,0.0,2233.0,0.0,0.0,0.0,0.0,0.0,0.0,44965.0,0.0,0.0,0.0,0.0,0.0,0.0
S00169_PONTA,0, ,3020.0," ""GERAL""       ",0.0,868.0,0.0,322.0,6351.0,681.0,2282.0,2291.0,0.0,0.0,207.0,179.0,380.0,1083.0,129.0,370.0,51.0,74.0,329.0,1009.0,20.0,110.0,8.0,372.0,8.0,0.0,8.0,0.0,0.0,0.0,0.0,0.0,380.0,0.0,0.0,0.0,0.0,0.0,0.0,8.0,0.0,0.0,0.0,0.0,0.0,0.0,43.0,0.0,0.0,0.0,0.0,0.0,0.0,329.0,0.0,0.0,0.0,0.0,0.0,0.0,6351.0,0.0,0.0,0.0,0.0,0.0,0.0
S00170_FORA_PONTA,0, ,3041.0," ""GERAL""       ",57536.0,5331.0,4466.0,4482.0,44841.0,4654.0,3197.0,3208.0,0.0,0.0,1436.0,1248.0,2509.0,6774.0,146.0,397.0,274.0,-67.0,2234.0,6840.0,42.0,108.0,139.0,2369.0,139.0,0.0,139.0,0.0,0.0,0.0,0.0,0.0,2509.0,0.0,0.0,0.0,0.0,0.0,0.0,139.0,0.0,0.0,0.0,0.0,0.0,0.0,135.0,0.0,0.0,0.0,0.0,0.0,0.0,2234.0,0.0,0.0,0.0,0.0,0.0,0.0,44841.0,0.0,0.0,0.0,0.0,0.0,0.0
S00171_PONTA,0, ,3044.0," ""GERAL""       ",0.0,884.0,0.0,309.0,6305.0,697.0,2256.0,2268.0,0.0,0.0,207.0,179.0,379.0,1082.0,129.0,369.0,50.0,74.0,329.0,1009.0,19.0,110.0,7.0,372.0,7.0,0.0,7.0,0.0,0.0,0.0,0.0,0.0,379.0,0.0,0.0,0.0,0.0,0.0,0.0,7.0,0.0,0.0,0.0,0.0,0.0,0.0,43.0,0.0,0.0,0.0,0.0,0.0,0.0,329.0,0.0,0.0,0.0,0.0,0.0,0.0,6305.0,0.0,0.0,0.0,0.0,0.0,0.0
S00172_FORA_PONTA,0, ,3065.0," ""GERAL""       ",58893.0,6076.0,4468.0,4479.0,46764.0,5385.0,3421.0,3436.0,0.0,0.0,1435.0,1248.0,2513.0,6779.0,146.0,396.0,282.0,-50.0,2231.0,6829.0,42.0,108.0,146.0,2366.0,146.0,0.0,146.0,0.0,0.0,0.0,0.0,0.0,2513.0,0.0,0.0,0.0,0.0,0.0,0.0,146.0,0.0,0.0,0.0,0.0,0.0,0.0,136.0,0.0,0.0,0.0,0.0,0.0,0.0,2231.0,0.0,0.0,0.0,0.0,0.0,0.0,46764.0,0.0,0.0,0.0,0.0,0.0,0.0
S00173_PONTA,0, ,3068.0," ""GERAL""       ",0.0,813.0,0.0,315.0,6008.0,639.0,2200.0,2214.0,0.0,0.0,207.0,179.0,376.0,1069.0,127.0,365.0,47.0,60.0,329.0,1009.0,18.0,110.0,7.0,369.0,7.0,0.0,7.0,0.0,0.0,0.0,0.0,0.0,376.0,0.0,0.0,0.0,0.0,0.0,0.0,7.0,0.0,0.0,0.0,0.0,0.0,0.0,40.0,0.0,0.0,0.0,0.0,0.0,0.0,329.0,0.0,0.0,0.0,0.0,0.0,0.0,6008.0,0.0,0.0,0.0,0.0,0.0,0.0
S00174_FORA_PONTA,0, ,3089.0," ""GERAL""       ",51122.0,3903.0,4470.0,4478.0,38840.0,3306.0,2642.0,2646.0,0.0,0.0,1439.0,1250.0,2487.0,6721.0,148.0,402.0,241.0,-154.0,2246.0,6875.0,44.0,108.0,120.0,2367.0,120.0,0.0,120.0,0.0,0.0,0.0,0.0,0.0,2487.0,0.0,0.0,0.0,0.0,0.0,0.0,120.0,0.0,0.0,0.0,0.0,0.0,0.0,121.0,0.0,0.0,0.0,0.0,0.0,0.0,2246.0,0.0,0.0,0.0,0.0,0.0,0.0,38840.0,0.0,0.0,0.0,0.0,0.0,0.0
S00175_PONTA,0, ,3092.0," ""GERAL""       ",0.0,672.0,0.0,249.0,5365.0,535.0,1915.0,1924.0,0.0,0.0,207.0,179.0,365.0,1032.0,123.0,351.0,36.0,23.0,329.0,1010.0,14.0,110.0,4.0,361.0,4.0,0.0,4.0,0.0,0.0,0.0,0.0,0.0,365.0,0.0,0.0,0.0,0.0,0.0,0.0,4.0,0.0,0.0,0.0,0.0,0.0,0.0,31.0,0.0,0.0,0.0,0.0,0.0,0.0,329.0,0.0,0.0,0.0,0.0,0.0,0.0,5365.0,0.0,0.0,0.0,0.0,0.0,0.0
S00176_FORA_PONTA,0, ,3161.0," ""GERAL""       ",109337.0,12287.0,4474.0,4482.0,90348.0,11491.0,2369.0,2377.0,0.0,0.0,4742.0,4115.0,7781.0,21100.0,149.0,405.0,328.0,-1718.0,7452.0,22819.0,45.0,109.0,162.0,7618.0,162.0,0.0,162.0,0.0,0.0,0.0,0.0,0.0,7781.0,0.0,0.0,0.0,0.0,0.0,0.0,162.0,0.0,0.0,0.0,0.0,0.0,0.0,166.0,0.0,0.0,0.0,0.0,0.0,0.0,7452.0,0.0,0.0,0.0,0.0,0.0,0.0,90348.0,0.0,0.0,0.0,0.0,0.0,0.0
S00177_PONTA,0, ,3164.0," ""GERAL""       ",0.0,636.0,0.0,235.0,5617.0,486.0,1960.0,1965.0,0.0,0.0,207.0,179.0,369.0,1047.0,124.0,353.0,39.0,36.0,330.0,1010.0,14.0,110.0,5.0,364.0,5.0,0.0,5.0,0.0,0.0,0.0,0.0,0.0,369.0,0.0,0.0,0.0,0.0,0.0,0.0,5.0,0.0,0.0,0.0,0.0,0.0,0.0,34.0,0.0,0.0,0.0,0.0,0.0,0.0,330.0,0.0,0.0,0.0,0.0,0.0,0.0,5617.0,0.0,0.0,0.0,0.0,0.0,0.0
S00178_FORA_PONTA,0, ,3185.0," ""GERAL""       ",50906.0,4081.0,4470.0,4479.0,39408.0,3518.0,2616.0,2622.0,0.0,0.0,1439.0,1250.0,2474.0,6686.0,148.0,400.0,228.0,-188.0,2246.0,6875.0,44.0,108.0,115.0,2358.0,115.0,0.0,115.0,0.0,0.0,0.0,0.0,0.0,2474.0,0.0,0.0,0.0,0.0,0.0,0.0,115.0,0.0,0.0,0.0,0.0,0.0,0.0,113.0,0.0,0.0,0.0,0.0,0.0,0.0,2246.0,0.0,0.0,0.0,0.0,0.0,0.0,39408.0,0.0,0.0,0.0,0.0,0.0,0.0
S00179_PONTA,0, ,3188.0," ""GERAL""       ",0.0,719.0,0.0,261.0,5740.0,564.0,2067.0,2076.0,0.0,0.0,207.0,179.0,371.0,1052.0,126.0,359.0,41.0,42.0,329.0,1010.0,16.0,110.0,5.0,365.0,5.0,0.0,5.0,0.0,0.0,0.0,0.0,0.0,371.0,0.0,0.0,0.0,0.0,0.0,0.0,5.0,0.0,0.0,0.0,0.0,0.0,0.0,36.0,0.0,0.0,0.0,0.0,0.0,0.0,329.0,0.0,0.0,0.0,0.0,0.0,0.0,5740.0,0.0,0.0,0.0,0.0,0.0,0.0
S00180_FORA_PONTA,0, ,3209.0," ""GERAL""       ",53706.0,4964.0,4471.0,4481.0,41963.0,4340.0,3165.0,3174.0,0.0,0.0,1438.0,1249.0,2490.0,6733.0,148.0,401.0,250.0,-124.0,2240.0,6857.0,44.0,108.0,126.0,2364.0,126.0,0.0,126.0,0.0,0.0,0.0,0.0,0.0,2490.0,0.0,0.0,0.0,0.0,0.0,0.0,126.0,0.0,0.0,0.0,0.0,0.0,0.0,124.0,0.0,0.0,0.0,0.0,0.0,0.0,2240.0,0.0,0.0,0.0,0.0,0.0,0.0,41963.0,0.0,0.0,0.0,0.0,0.0,0.0
S00181_PONTA,0, ,3212.0," ""GERAL""       ",0.0,873.0,0.0,314.0,6448.0,681.0,2283.0,2294.0,0.0,0.0,207.0,179.0,380.0,1087.0,129.0,369.0,51.0,78.0,329.0,1009.0,19.0,110.0,7.0,373.0,7.0,0.0,7.0,0.0,0.0,0.0,0.0,0.0,380.0,0.0,0.0,0.0,0.0,0.0,0.0,7.0,0.0,0.0,0.0,0.0,0.0,0.0,44.0,0.0,0.0,0.0,0.0,0.0,0.0,329.0,0.0,0.0,0.0,0.0,0.0,0.0,6448.0,0.0,0.0,0.0,0.0,0.0,0.0
S00182_FORA_PONTA,0, ,3233.0," ""GERAL""       ",56393.0,5157.0,4467.0,4480.0,44229.0,4493.0,3471.0,3481.0,0.0,0.0,1437.0,1248.0,2503.0,6764.0,147.0,400.0,267.0,-82.0,2236.0,6846.0,43.0,108.0,133.0,2370.0,133.0,0.0,133.0,0.0,0.0,0.0,0.0,0.0,2503.0,0.0,0.0,0.0,0.0,0.0,0.0,133.0,0.0,0.0,0.0,0.0,0.0,0.0,133.0,0.0,0.0,0.0,0.0,0.0,0.0,2236.0,0.0,0.0,0.0,0.0,0.0,0.0,44229.0,0.0,0.0,0.0,0.0,0.0,0.0
S00183_PONTA,0, ,3236.0," ""GERAL""       ",0.0,737.0,0.0,293.0,6172.0,558.0,2230.0,2241.0,0.0,0.0,207.0,179.0,378.0,1076.0,128.0,368.0,48.0,66.0,329.0,1010.0,19.0,110.0,7.0,371.0,7.0,0.0,7.0,0.0,0.0,0.0,0.0,0.0,378.0,0.0,0.0,0.0,0.0,0.0,0.0,7.0,0.0,0.0,0.0,0.0,0.0,0.0,42.0,0.0,0.0,0.0,0.0,0.0,0.0,329.0,0.0,0.0,0.0,0.0,0.0,0.0,6172.0,0.0,0.0,0.0,0.0,0.0,0.0
S00184_FORA_PONTA,0, ,3257.0," ""GERAL""       ",53488.0,5136.0,4469.0,4479.0,41188.0,4519.0,2939.0,2949.0,0.0,0.0,1437.0,1249.0,2487.0,6726.0,147.0,401.0,247.0,-130.0,2240.0,6857.0,43.0,108.0,122.0,2364.0,122.0,0.0,122.0,0.0,0.0,0.0,0.0,0.0,2487.0,0.0,0.0,0.0,0.0,0.0,0.0,122.0,0.0,0.0,0.0,0.0,0.0,0.0,125.0,0.0,0.0,0.0,0.0,0.0,0.0,2240.0,0.0,0.0,0.0,0.0,0.0,0.0,41188.0,0.0,0.0,0.0,0.0,0.0,0.0
S00185_PONTA,0, ,3260.0," ""GERAL""       ",0.0,830.0,0.0,290.0,5700.0,678.0,2029.0,2043.0,0.0,0.0,207.0,179.0,370.0,1047.0,125.0,356.0,41.0,38.0,329.0,1009.0,15.0,110.0,6.0,364.0,6.0,0.0,6.0,0.0,0.0,0.0,0.0,0.0,370.0,0.0,0.0,0.0,0.0,0.0,0.0,6.0,0.0,0.0,0.0,0.0,0.0,0.0,35.0,0.0,0.0,0.0,0.0,0.0,0.0,329.0,0.0,0.0,0.0,0.0,0.0,0.0,5700.0,0.0,0.0,0.0,0.0,0.0,0.0
S00186_FORA_PONTA,0, ,3329.0," ""GERAL""       ",114959.0,11810.0,4471.0,4484.0,95470.0,10952.0,2593.0,2605.0,0.0,0.0,4741.0,4114.0,7801.0,21148.0,148.0,404.0,354.0,-1653.0,7447.0,22802.0,44.0,109.0,178.0,7624.0,178.0,0.0,178.0,0.0,0.0,0.0,0.0,0.0,7801.0,0.0,0.0,0.0,0.0,0.0,0.0,178.0,0.0,0.0,0.0,0.0,0.0,0.0,177.0,0.0,0.0,0.0,0.0,0.0,0.0,7447.0,0.0,0.0,0.0,0.0,0.0,0.0,95470.0,0.0,0.0,0.0,0.0,0.0,0.0
S00187_PONTA,0, ,3332.0," ""GERAL""       ",0.0,690.0,0.0,249.0,5924.0,527.0,2053.0,2061.0,0.0,0.0,207.0,179.0,372.0,1059.0,125.0,357.0,43.0,49.0,329.0,1010.0,15.0,110.0,5.0,367.0,5.0,0.0,5.0,0.0,0.0,0.0,0.0,0.0,372.0,0.0,0.0,0.0,0.0,0.0,0.0,5.0,0.0,0.0,0.0,0.0,0.0,0.0,38.0,0.0,0.0,0.0,0.0,0.0,0.0,329.0,0.0,0.0,0.0,0.0,0.0,0.0,5924.0,0.0,0.0,0.0,0.0,0.0,0.0
S00188_FORA_PONTA,0, ,3353.0," ""GERAL""       ",50325.0,3788.0,4470.0,4481.0,38654.0,3227.0,2690.0,2695.0,0.0,0.0,1439.0,1250.0,2473.0,6689.0,149.0,404.0,226.0,-191.0,2247.0,6879.0,44.0,108.0,113.0,2361.0,113.0,0.0,113.0,0.0,0.0,0.0,0.0,0.0,2473.0,0.0,0.0,0.0,0.0,0.0,0.0,113.0,0.0,0.0,0.0,0.0,0.0,0.0,113.0,0.0,0.0,0.0,0.0,0.0,0.0,2247.0,0.0,0.0,0.0,0.0,0.0,0.0,38654.0,0.0,0.0,0.0,0.0,0.0,0.0
S00189_PONTA,0, ,3356.0," ""GERAL""       ",0.0,588.0,0.0,210.0,5566.0,441.0,1973.0,1978.0,0.0,0.0,207.0,179.0,369.0,1043.0,124.0,353.0,39.0,32.0,330.0,1011.0,15.0,110.0,5.0,363.0,5.0,0.0,5.0,0.0,0.0,0.0,0.0,0.0,369.0,0.0,0.0,0.0,0.0,0.0,0.0,5.0,0.0,0.0,0.0,0.0,0.0,0.0,34.0,0.0,0.0,0.0,0.0,0.0,0.0,330.0,0.0,0.0,0.0,0.0,0.0,0.0,5566.0,0.0,0.0,0.0,0.0,0.0,0.0
S00190_FORA_PONTA,0, ,3377.0," ""GERAL""       ",50893.0,3982.0,4471.0,4479.0,39265.0,3409.0,2661.0,2666.0,0.0,0.0,1439.0,1250.0,2474.0,6698.0,147.0,398.0,228.0,-178.0,2246.0,6876.0,43.0,108.0,114.0,2360.0,114.0,0.0,114.0,0.0,0.0,0.0,0.0,0.0,2474.0,0.0,0.0,0.0,0.0,0.0,0.0,114.0,0.0,0.0,0.0,0.0,0.0,0.0,114.0,0.0,0.0,0.0,0.0,0.0,0.0,2246.0,0.0,0.0,0.0,0.0,0.0,0.0,39265.0,0.0,0.0,0.0,0.0,0.0,0.0
S00191_PONTA,0, ,3380.0," ""GERAL""       ",0.0,634.0,0.0,230.0,5702.0,480.0,1989.0,1993.0,0.0,0.0,207.0,179.0,370.0,1050.0,125.0,355.0,40.0,40.0,330.0,1010.0,15.0,110.0,5.0,365.0,5.0,0.0,5.0,0.0,0.0,0.0,0.0,0.0,370.0,0.0,0.0,0.0,0.0,0.0,0.0,5.0,0.0,0.0,0.0,0.0,0.0,0.0,35.0,0.0,0.0,0.0,0.0,0.0,0.0,330.0,0.0,0.0,0.0,0.0,0.0,0.0,5702.0,0.0,0.0,0.0,0.0,0.0,0.0
S00192_FORA_PONTA,0, ,3401.0," ""GERAL""       ",48588.0,4441.0,4471.0,4480.0,37077.0,3909.0,2398.0,2407.0,0.0,0.0,1439.0,1250.0,2463.0,6661.0,147.0,398.0,216.0,-220.0,2247.0,6881.0,43.0,108.0,108.0,2356.0,108.0,0.0,108.0,0.0,0.0,0.0,0.0,0.0,2463.0,0.0,0.0,0.0,0.0,0.0,0.0,108.0,0.0,0.0,0.0,0.0,0.0,0.0,108.0,0.0,0.0,0.0,0.0,0.0,0.0,2247.0,0.0,0.0,0.0,0.0,0.0,0.0,37077.0,0.0,0.0,0.0,0.0,0.0,0.0
S00193_PONTA,0, ,3404.0," ""GERAL""       ",0.0,533.0,0.0,211.0,5563.0,385.0,1950.0,1956.0,0.0,0.0,207.0,179.0,369.0,1045.0,124.0,353.0,39.0,34.0,330.0,1011.0,14.0,110.0,5.0,364.0,5.0,0.0,5.0,0.0,0.0,0.0,0.0,0.0,369.0,0.0,0.0,0.0,0.0,0.0,0.0,5.0,0.0,0.0,0.0,0.0,0.0,0.0,34.0,0.0,0.0,0.0,0.0,0.0,0.0,330.0,0.0,0.0,0.0,0.0,0.0,0.0,5563.0,0.0,0.0,0.0,0.0,0.0,0.0
S00194_FORA_PONTA,0, ,3425.0," ""GERAL""       ",48765.0,3580.0,4471.0,4476.0,37203.0,3047.0,2516.0,2522.0,0.0,0.0,1440.0,1250.0,2466.0,6667.0,147.0,400.0,216.0,-220.0,2249.0,6887.0,43.0,108.0,108.0,2358.0,108.0,0.0,108.0,0.0,0.0,0.0,0.0,0.0,2466.0,0.0,0.0,0.0,0.0,0.0,0.0,108.0,0.0,0.0,0.0,0.0,0.0,0.0,108.0,0.0,0.0,0.0,0.0,0.0,0.0,2249.0,0.0,0.0,0.0,0.0,0.0,0.0,37203.0,0.0,0.0,0.0,0.0,0.0,0.0
S00195_PONTA,0, ,3428.0," ""GERAL""       ",0.0,506.0,0.0,193.0,5363.0,370.0,1894.0,1898.0,0.0,0.0,207.0,179.0,366.0,1033.0,123.0,350.0,36.0,22.0,330.0,1011.0,13.0,110.0,4.0,361.0,4.0,0.0,4.0,0.0,0.0,0.0,0.0,0.0,366.0,0.0,0.0,0.0,0.0,0.0,0.0,4.0,0.0,0.0,0.0,0.0,0.0,0.0,31.0,0.0,0.0,0.0,0.0,0.0,0.0,330.0,0.0,0.0,0.0,0.0,0.0,0.0,5363.0,0.0,0.0,0.0,0.0,0.0,0.0
S00196_FORA_PONTA,0, ,3497.0," ""GERAL""       ",118341.0,10340.0,4472.0,4478.0,99597.0,9418.0,2774.0,2780.0,0.0,0.0,4741.0,4114.0,7828.0,21210.0,148.0,402.0,381.0,-1589.0,7446.0,22799.0,44.0,109.0,195.0,7633.0,195.0,0.0,195.0,0.0,0.0,0.0,0.0,0.0,7828.0,0.0,0.0,0.0,0.0,0.0,0.0,195.0,0.0,0.0,0.0,0.0,0.0,0.0,187.0,0.0,0.0,0.0,0.0,0.0,0.0,7446.0,0.0,0.0,0.0,0.0,0.0,0.0,99597.0,0.0,0.0,0.0,0.0,0.0,0.0
S00197_PONTA,0, ,3500.0," ""GERAL""       ",0.0,677.0,0.0,239.0,5998.0,509.0,2130.0,2137.0,0.0,0.0,207.0,179.0,373.0,1064.0,127.0,362.0,44.0,54.0,329.0,1010.0,17.0,110.0,5.0,368.0,5.0,0.0,5.0,0.0,0.0,0.0,0.0,0.0,373.0,0.0,0.0,0.0,0.0,0.0,0.0,5.0,0.0,0.0,0.0,0.0,0.0,0.0,39.0,0.0,0.0,0.0,0.0,0.0,0.0,329.0,0.0,0.0,0.0,0.0,0.0,0.0,5998.0,0.0,0.0,0.0,0.0,0.0,0.0
S00198_FORA_PONTA,0, ,3521.0," ""GERAL""       ",54114.0,4130.0,4476.0,4484.0,41922.0,3502.0,2900.0,2905.0,0.0,0.0,1438.0,1249.0,2496.0,6741.0,148.0,400.0,255.0,-121.0,2241.0,6862.0,43.0,108.0,130.0,2366.0,130.0,0.0,130.0,0.0,0.0,0.0,0.0,0.0,2496.0,0.0,0.0,0.0,0.0,0.0,0.0,130.0,0.0,0.0,0.0,0.0,0.0,0.0,125.0,0.0,0.0,0.0,0.0,0.0,0.0,2241.0,0.0,0.0,0.0,0.0,0.0,0.0,41922.0,0.0,0.0,0.0,0.0,0.0,0.0
S00199_PONTA,0, ,3524.0," ""GERAL""       ",0.0,616.0,0.0,231.0,6038.0,442.0,2178.0,2184.0,0.0,0.0,207.0,179.0,375.0,1071.0,127.0,365.0,45.0,61.0,330.0,1010.0,17.0,110.0,5.0,370.0,5.0,0.0,5.0,0.0,0.0,0.0,0.0,0.0,375.0,0.0,0.0,0.0,0.0,0.0,0.0,5.0,0.0,0.0,0.0,0.0,0.0,0.0,40.0,0.0,0.0,0.0,0.0,0.0,0.0,330.0,0.0,0.0,0.0,0.0,0.0,0.0,6038.0,0.0,0.0,0.0,0.0,0.0,0.0
S00200_FORA_PONTA,0, ,3545.0," ""GERAL""       ",55140.0,4203.0,4470.0,4476.0,43023.0,3538.0,3061.0,3066.0,0.0,0.0,1438.0,1249.0,2509.0,6775.0,148.0,400.0,269.0,-82.0,2240.0,6857.0,44.0,108.0,138.0,2371.0,138.0,0.0,138.0,0.0,0.0,0.0,0.0,0.0,2509.0,0.0,0.0,0.0,0.0,0.0,0.0,138.0,0.0,0.0,0.0,0.0,0.0,0.0,131.0,0.0,0.0,0.0,0.0,0.0,0.0,2240.0,0.0,0.0,0.0,0.0,0.0,0.0,43023.0,0.0,0.0,0.0,0.0,0.0,0.0
S00201_PONTA,0, ,3548.0," ""GERAL""       ",0.0,603.0,0.0,240.0,6559.0,399.0,2388.0,2394.0,0.0,0.0,207.0,179.0,382.0,1101.0,130.0,378.0,53.0,90.0,330.0,1011.0,21.0,110.0,6.0,377.0,6.0,0.0,6.0,0.0,0.0,0.0,0.0,0.0,382.0,0.0,0.0,0.0,0.0,0.0,0.0,6.0,0.0,0.0,0.0,0.0,0.0,0.0,47.0,0.0,0.0,0.0,0.0,0.0,0.0,330.0,0.0,0.0,0.0,0.0,0.0,0.0,6559.0,0.0,0.0,0.0,0.0,0.0,0.0
S00202_FORA_PONTA,0, ,3569.0," ""GERAL""       ",62465.0,3957.0,4467.0,4474.0,49524.0,3172.0,3589.0,3594.0,0.0,0.0,1436.0,1248.0,2553.0,6873.0,146.0,391.0,322.0,42.0,2231.0,6831.0,42.0,108.0,174.0,2380.0,174.0,0.0,174.0,0.0,0.0,0.0,0.0,0.0,2553.0,0.0,0.0,0.0,0.0,0.0,0.0,174.0,0.0,0.0,0.0,0.0,0.0,0.0,148.0,0.0,0.0,0.0,0.0,0.0,0.0,2231.0,0.0,0.0,0.0,0.0,0.0,0.0,49524.0,0.0,0.0,0.0,0.0,0.0,0.0
S00203_PONTA,0, ,3572.0," ""GERAL""       ",0.0,772.0,0.0,287.0,7537.0,505.0,2722.0,2728.0,0.0,0.0,207.0,179.0,397.0,1162.0,136.0,402.0,67.0,153.0,329.0,1010.0,26.0,110.0,6.0,390.0,6.0,0.0,6.0,0.0,0.0,0.0,0.0,0.0,397.0,0.0,0.0,0.0,0.0,0.0,0.0,6.0,0.0,0.0,0.0,0.0,0.0,0.0,61.0,0.0,0.0,0.0,0.0,0.0,0.0,329.0,0.0,0.0,0.0,0.0,0.0,0.0,7537.0,0.0,0.0,0.0,0.0,0.0,0.0
S00204_FORA_PONTA,0, ,3593.0," ""GERAL""       ",63352.0,4733.0,4467.0,4474.0,49815.0,3928.0,3718.0,3727.0,0.0,0.0,1435.0,1248.0,2557.0,6887.0,145.0,391.0,328.0,65.0,2228.0,6822.0,41.0,108.0,177.0,2380.0,177.0,0.0,177.0,0.0,0.0,0.0,0.0,0.0,2557.0,0.0,0.0,0.0,0.0,0.0,0.0,177.0,0.0,0.0,0.0,0.0,0.0,0.0,152.0,0.0,0.0,0.0,0.0,0.0,0.0,2228.0,0.0,0.0,0.0,0.0,0.0,0.0,49815.0,0.0,0.0,0.0,0.0,0.0,0.0
S00205_PONTA,0, ,3596.0," ""GERAL""       ",0.0,599.0,0.0,245.0,6039.0,424.0,2490.0,2495.0,0.0,0.0,207.0,179.0,375.0,1072.0,131.0,384.0,45.0,61.0,330.0,1011.0,22.0,110.0,5.0,370.0,5.0,0.0,5.0,0.0,0.0,0.0,0.0,0.0,375.0,0.0,0.0,0.0,0.0,0.0,0.0,5.0,0.0,0.0,0.0,0.0,0.0,0.0,40.0,0.0,0.0,0.0,0.0,0.0,0.0,330.0,0.0,0.0,0.0,0.0,0.0,0.0,6039.0,0.0,0.0,0.0,0.0,0.0,0.0
S00206_FORA_PONTA,0, ,3665.0," ""GERAL""       ",127504.0,9576.0,4471.0,4478.0,107573.0,8352.0,4257.0,4263.0,0.0,0.0,4104.0,3563.0,7937.0,21487.0,147.0,396.0,501.0,-1282.0,7436.0,22770.0,43.0,110.0,266.0,7671.0,266.0,0.0,266.0,0.0,0.0,0.0,0.0,0.0,7937.0,0.0,0.0,0.0,0.0,0.0,0.0,266.0,0.0,0.0,0.0,0.0,0.0,0.0,235.0,0.0,0.0,0.0,0.0,0.0,0.0,7436.0,0.0,0.0,0.0,0.0,0.0,0.0,107573.0,0.0,0.0,0.0,0.0,0.0,0.0
S00207_PONTA,0, ,3668.0," ""GERAL""       ",0.0,690.0,0.0,268.0,7386.0,432.0,2777.0,2781.0,0.0,0.0,207.0,179.0,397.0,1155.0,138.0,404.0,67.0,144.0,329.0,1010.0,28.0,110.0,8.0,389.0,8.0,0.0,8.0,0.0,0.0,0.0,0.0,0.0,397.0,0.0,0.0,0.0,0.0,0.0,0.0,8.0,0.0,0.0,0.0,0.0,0.0,0.0,59.0,0.0,0.0,0.0,0.0,0.0,0.0,329.0,0.0,0.0,0.0,0.0,0.0,0.0,7386.0,0.0,0.0,0.0,0.0,0.0,0.0
S00208_FORA_PONTA,0, ,3689.0," ""GERAL""       ",66103.0,4208.0,4463.0,4470.0,52389.0,3373.0,3828.0,3836.0,0.0,0.0,1435.0,1247.0,2572.0,6911.0,145.0,391.0,345.0,95.0,2226.0,6816.0,41.0,108.0,186.0,2386.0,186.0,0.0,186.0,0.0,0.0,0.0,0.0,0.0,2572.0,0.0,0.0,0.0,0.0,0.0,0.0,186.0,0.0,0.0,0.0,0.0,0.0,0.0,160.0,0.0,0.0,0.0,0.0,0.0,0.0,2226.0,0.0,0.0,0.0,0.0,0.0,0.0,52389.0,0.0,0.0,0.0,0.0,0.0,0.0
S00209_PONTA,0, ,3692.0," ""GERAL""       ",0.0,749.0,0.0,278.0,6914.0,523.0,2531.0,2538.0,0.0,0.0,207.0,179.0,388.0,1122.0,133.0,388.0,59.0,112.0,329.0,1010.0,23.0,110.0,7.0,381.0,7.0,0.0,7.0,0.0,0.0,0.0,0.0,0.0,388.0,0.0,0.0,0.0,0.0,0.0,0.0,7.0,0.0,0.0,0.0,0.0,0.0,0.0,52.0,0.0,0.0,0.0,0.0,0.0,0.0,329.0,0.0,0.0,0.0,0.0,0.0,0.0,6914.0,0.0,0.0,0.0,0.0,0.0,0.0
S00210_FORA_PONTA,0, ,3713.0," ""GERAL""       ",58973.0,4295.0,4472.0,4479.0,46207.0,3602.0,3430.0,3437.0,0.0,0.0,1436.0,1248.0,2520.0,6791.0,146.0,392.0,285.0,-52.0,2235.0,6842.0,42.0,108.0,150.0,2370.0,150.0,0.0,150.0,0.0,0.0,0.0,0.0,0.0,2520.0,0.0,0.0,0.0,0.0,0.0,0.0,150.0,0.0,0.0,0.0,0.0,0.0,0.0,135.0,0.0,0.0,0.0,0.0,0.0,0.0,2235.0,0.0,0.0,0.0,0.0,0.0,0.0,46207.0,0.0,0.0,0.0,0.0,0.0,0.0
S00211_PONTA,0, ,3716.0," ""GERAL""       ",0.0,658.0,0.0,246.0,6282.0,473.0,2200.0,2205.0,0.0,0.0,207.0,179.0,378.0,1082.0,128.0,366.0,49.0,71.0,330.0,1010.0,18.0,110.0,6.0,372.0,6.0,0.0,6.0,0.0,0.0,0.0,0.0,0.0,378.0,0.0,0.0,0.0,0.0,0.0,0.0,6.0,0.0,0.0,0.0,0.0,0.0,0.0,43.0,0.0,0.0,0.0,0.0,0.0,0.0,330.0,0.0,0.0,0.0,0.0,0.0,0.0,6282.0,0.0,0.0,0.0,0.0,0.0,0.0
S00212_FORA_PONTA,0, ,3737.0," ""GERAL""       ",55185.0,4135.0,4468.0,4475.0,42745.0,3500.0,3021.0,3027.0,0.0,0.0,1438.0,1249.0,2499.0,6745.0,146.0,395.0,259.0,-112.0,2240.0,6858.0,42.0,108.0,133.0,2366.0,133.0,0.0,133.0,0.0,0.0,0.0,0.0,0.0,2499.0,0.0,0.0,0.0,0.0,0.0,0.0,133.0,0.0,0.0,0.0,0.0,0.0,0.0,126.0,0.0,0.0,0.0,0.0,0.0,0.0,2240.0,0.0,0.0,0.0,0.0,0.0,0.0,42745.0,0.0,0.0,0.0,0.0,0.0,0.0
S00213_PONTA,0, ,3740.0," ""GERAL""       ",0.0,645.0,0.0,227.0,6167.0,467.0,2207.0,2212.0,0.0,0.0,207.0,179.0,376.0,1074.0,128.0,366.0,46.0,64.0,330.0,1010.0,18.0,110.0,6.0,370.0,6.0,0.0,6.0,0.0,0.0,0.0,0.0,0.0,376.0,0.0,0.0,0.0,0.0,0.0,0.0,6.0,0.0,0.0,0.0,0.0,0.0,0.0,41.0,0.0,0.0,0.0,0.0,0.0,0.0,330.0,0.0,0.0,0.0,0.0,0.0,0.0,6167.0,0.0,0.0,0.0,0.0,0.0,0.0
S00214_FORA_PONTA,0, ,3761.0," ""GERAL""       ",52352.0,3998.0,4469.0,4476.0,40324.0,3413.0,2780.0,2783.0,0.0,0.0,1438.0,1249.0,2482.0,6705.0,147.0,397.0,238.0,-165.0,2244.0,6870.0,43.0,108.0,121.0,2361.0,121.0,0.0,121.0,0.0,0.0,0.0,0.0,0.0,2482.0,0.0,0.0,0.0,0.0,0.0,0.0,121.0,0.0,0.0,0.0,0.0,0.0,0.0,117.0,0.0,0.0,0.0,0.0,0.0,0.0,2244.0,0.0,0.0,0.0,0.0,0.0,0.0,40324.0,0.0,0.0,0.0,0.0,0.0,0.0
S00215_PONTA,0, ,3764.0," ""GERAL""       ",0.0,620.0,0.0,224.0,5675.0,467.0,2007.0,2013.0,0.0,0.0,207.0,179.0,370.0,1050.0,125.0,355.0,40.0,39.0,330.0,1010.0,15.0,110.0,5.0,365.0,5.0,0.0,5.0,0.0,0.0,0.0,0.0,0.0,370.0,0.0,0.0,0.0,0.0,0.0,0.0,5.0,0.0,0.0,0.0,0.0,0.0,0.0,35.0,0.0,0.0,0.0,0.0,0.0,0.0,330.0,0.0,0.0,0.0,0.0,0.0,0.0,5675.0,0.0,0.0,0.0,0.0,0.0,0.0
S00216_FORA_PONTA,0, ,3833.0," ""GERAL""       ",132842.0,11009.0,4471.0,4479.0,113539.0,9899.0,3717.0,3723.0,0.0,0.0,4737.0,4112.0,7890.0,21351.0,146.0,396.0,463.0,-1390.0,7427.0,22741.0,42.0,109.0,246.0,7644.0,246.0,0.0,246.0,0.0,0.0,0.0,0.0,0.0,7890.0,0.0,0.0,0.0,0.0,0.0,0.0,246.0,0.0,0.0,0.0,0.0,0.0,0.0,218.0,0.0,0.0,0.0,0.0,0.0,0.0,7427.0,0.0,0.0,0.0,0.0,0.0,0.0,113539.0,0.0,0.0,0.0,0.0,0.0,0.0
S00217_PONTA,0, ,3836.0," ""GERAL""       ",0.0,759.0,0.0,306.0,7076.0,524.0,2539.0,2548.0,0.0,0.0,207.0,179.0,390.0,1130.0,133.0,386.0,61.0,121.0,329.0,1010.0,23.0,110.0,7.0,383.0,7.0,0.0,7.0,0.0,0.0,0.0,0.0,0.0,390.0,0.0,0.0,0.0,0.0,0.0,0.0,7.0,0.0,0.0,0.0,0.0,0.0,0.0,54.0,0.0,0.0,0.0,0.0,0.0,0.0,329.0,0.0,0.0,0.0,0.0,0.0,0.0,7076.0,0.0,0.0,0.0,0.0,0.0,0.0
S00218_FORA_PONTA,0, ,3857.0," ""GERAL""       ",69398.0,4913.0,4509.0,4516.0,55776.0,4015.0,4331.0,4336.0,0.0,0.0,1433.0,1246.0,2596.0,6958.0,145.0,390.0,375.0,161.0,2220.0,6797.0,41.0,108.0,207.0,2389.0,207.0,0.0,207.0,0.0,0.0,0.0,0.0,0.0,2596.0,0.0,0.0,0.0,0.0,0.0,0.0,207.0,0.0,0.0,0.0,0.0,0.0,0.0,169.0,0.0,0.0,0.0,0.0,0.0,0.0,2220.0,0.0,0.0,0.0,0.0,0.0,0.0,55776.0,0.0,0.0,0.0,0.0,0.0,0.0
S00219_PONTA,0, ,3860.0," ""GERAL""       ",0.0,790.0,0.0,303.0,7555.0,522.0,2686.0,2694.0,0.0,0.0,207.0,179.0,398.0,1163.0,136.0,397.0,69.0,154.0,329.0,1009.0,26.0,110.0,7.0,391.0,7.0,0.0,7.0,0.0,0.0,0.0,0.0,0.0,398.0,0.0,0.0,0.0,0.0,0.0,0.0,7.0,0.0,0.0,0.0,0.0,0.0,0.0,62.0,0.0,0.0,0.0,0.0,0.0,0.0,329.0,0.0,0.0,0.0,0.0,0.0,0.0,7555.0,0.0,0.0,0.0,0.0,0.0,0.0
S00220_FORA_PONTA,0, ,3881.0," ""GERAL""       ",70689.0,5052.0,4462.0,4472.0,56869.0,4138.0,4246.0,4253.0,0.0,0.0,1433.0,1246.0,2602.0,6970.0,144.0,385.0,383.0,178.0,2218.0,6792.0,40.0,108.0,213.0,2389.0,213.0,0.0,213.0,0.0,0.0,0.0,0.0,0.0,2602.0,0.0,0.0,0.0,0.0,0.0,0.0,213.0,0.0,0.0,0.0,0.0,0.0,0.0,171.0,0.0,0.0,0.0,0.0,0.0,0.0,2218.0,0.0,0.0,0.0,0.0,0.0,0.0,56869.0,0.0,0.0,0.0,0.0,0.0,0.0
S00221_PONTA,0, ,3884.0," ""GERAL""       ",0.0,723.0,0.0,263.0,7570.0,455.0,2701.0,2706.0,0.0,0.0,207.0,179.0,398.0,1164.0,136.0,398.0,69.0,153.0,329.0,1010.0,26.0,110.0,8.0,391.0,8.0,0.0,8.0,0.0,0.0,0.0,0.0,0.0,398.0,0.0,0.0,0.0,0.0,0.0,0.0,8.0,0.0,0.0,0.0,0.0,0.0,0.0,62.0,0.0,0.0,0.0,0.0,0.0,0.0,329.0,0.0,0.0,0.0,0.0,0.0,0.0,7570.0,0.0,0.0,0.0,0.0,0.0,0.0
S00222_FORA_PONTA,0, ,3905.0," ""GERAL""       ",65698.0,4194.0,4462.0,4468.0,51652.0,3370.0,4068.0,4073.0,0.0,0.0,1435.0,1247.0,2572.0,6901.0,144.0,388.0,346.0,84.0,2227.0,6817.0,40.0,108.0,190.0,2383.0,190.0,0.0,190.0,0.0,0.0,0.0,0.0,0.0,2572.0,0.0,0.0,0.0,0.0,0.0,0.0,190.0,0.0,0.0,0.0,0.0,0.0,0.0,156.0,0.0,0.0,0.0,0.0,0.0,0.0,2227.0,0.0,0.0,0.0,0.0,0.0,0.0,51652.0,0.0,0.0,0.0,0.0,0.0,0.0
S00223_PONTA,0, ,3908.0," ""GERAL""       ",0.0,779.0,0.0,278.0,7052.0,547.0,2473.0,2480.0,0.0,0.0,207.0,179.0,388.0,1127.0,131.0,382.0,59.0,118.0,329.0,1009.0,21.0,110.0,6.0,383.0,6.0,0.0,6.0,0.0,0.0,0.0,0.0,0.0,388.0,0.0,0.0,0.0,0.0,0.0,0.0,6.0,0.0,0.0,0.0,0.0,0.0,0.0,53.0,0.0,0.0,0.0,0.0,0.0,0.0,329.0,0.0,0.0,0.0,0.0,0.0,0.0,7052.0,0.0,0.0,0.0,0.0,0.0,0.0
S00224_FORA_PONTA,0, ,3929.0," ""GERAL""       ",61922.0,3935.0,4466.0,4473.0,48465.0,3180.0,3644.0,3649.0,0.0,0.0,1436.0,1248.0,2543.0,6846.0,145.0,390.0,311.0,12.0,2232.0,6834.0,41.0,108.0,165.0,2378.0,165.0,0.0,165.0,0.0,0.0,0.0,0.0,0.0,2543.0,0.0,0.0,0.0,0.0,0.0,0.0,165.0,0.0,0.0,0.0,0.0,0.0,0.0,146.0,0.0,0.0,0.0,0.0,0.0,0.0,2232.0,0.0,0.0,0.0,0.0,0.0,0.0,48465.0,0.0,0.0,0.0,0.0,0.0,0.0
S00225_PONTA,0, ,3932.0," ""GERAL""       ",0.0,608.0,0.0,221.0,5979.0,438.0,2192.0,2198.0,0.0,0.0,207.0,179.0,374.0,1067.0,127.0,366.0,44.0,56.0,330.0,1011.0,17.0,110.0,5.0,369.0,5.0,0.0,5.0,0.0,0.0,0.0,0.0,0.0,374.0,0.0,0.0,0.0,0.0,0.0,0.0,5.0,0.0,0.0,0.0,0.0,0.0,0.0,39.0,0.0,0.0,0.0,0.0,0.0,0.0,330.0,0.0,0.0,0.0,0.0,0.0,0.0,5979.0,0.0,0.0,0.0,0.0,0.0,0.0
S00226_FORA_PONTA,0, ,4001.0," ""GERAL""       ",136381.0,10554.0,4469.0,4476.0,116684.0,9373.0,3657.0,3662.0,0.0,0.0,4737.0,4112.0,7917.0,21413.0,147.0,395.0,493.0,-1317.0,7423.0,22730.0,43.0,109.0,264.0,7652.0,264.0,0.0,264.0,0.0,0.0,0.0,0.0,0.0,7917.0,0.0,0.0,0.0,0.0,0.0,0.0,264.0,0.0,0.0,0.0,0.0,0.0,0.0,229.0,0.0,0.0,0.0,0.0,0.0,0.0,7423.0,0.0,0.0,0.0,0.0,0.0,0.0,116684.0,0.0,0.0,0.0,0.0,0.0,0.0
S00227_PONTA,0, ,4004.0," ""GERAL""       ",0.0,648.0,0.0,237.0,6453.0,451.0,2347.0,2352.0,0.0,0.0,207.0,179.0,380.0,1093.0,130.0,374.0,51.0,83.0,330.0,1010.0,20.0,110.0,5.0,375.0,5.0,0.0,5.0,0.0,0.0,0.0,0.0,0.0,380.0,0.0,0.0,0.0,0.0,0.0,0.0,5.0,0.0,0.0,0.0,0.0,0.0,0.0,45.0,0.0,0.0,0.0,0.0,0.0,0.0,330.0,0.0,0.0,0.0,0.0,0.0,0.0,6453.0,0.0,0.0,0.0,0.0,0.0,0.0
S00228_FORA_PONTA,0, ,4025.0," ""GERAL""       ",57417.0,4013.0,4468.0,4476.0,44963.0,3337.0,3154.0,3159.0,0.0,0.0,1437.0,1249.0,2516.0,6780.0,147.0,395.0,279.0,-70.0,2238.0,6850.0,43.0,108.0,147.0,2369.0,147.0,0.0,147.0,0.0,0.0,0.0,0.0,0.0,2516.0,0.0,0.0,0.0,0.0,0.0,0.0,147.0,0.0,0.0,0.0,0.0,0.0,0.0,131.0,0.0,0.0,0.0,0.0,0.0,0.0,2238.0,0.0,0.0,0.0,0.0,0.0,0.0,44963.0,0.0,0.0,0.0,0.0,0.0,0.0
S00229_PONTA,0, ,4028.0," ""GERAL""       ",0.0,650.0,0.0,233.0,6204.0,467.0,2271.0,2275.0,0.0,0.0,207.0,179.0,377.0,1079.0,129.0,370.0,47.0,69.0,330.0,1010.0,19.0,110.0,5.0,372.0,5.0,0.0,5.0,0.0,0.0,0.0,0.0,0.0,377.0,0.0,0.0,0.0,0.0,0.0,0.0,5.0,0.0,0.0,0.0,0.0,0.0,0.0,42.0,0.0,0.0,0.0,0.0,0.0,0.0,330.0,0.0,0.0,0.0,0.0,0.0,0.0,6204.0,0.0,0.0,0.0,0.0,0.0,0.0
S00230_FORA_PONTA,0, ,4049.0," ""GERAL""       ",46440.0,4077.0,4474.0,4486.0,34562.0,3553.0,2074.0,2081.0,0.0,0.0,1440.0,1250.0,2465.0,6661.0,147.0,397.0,214.0,-230.0,2251.0,6891.0,43.0,108.0,108.0,2357.0,108.0,0.0,108.0,0.0,0.0,0.0,0.0,0.0,2465.0,0.0,0.0,0.0,0.0,0.0,0.0,108.0,0.0,0.0,0.0,0.0,0.0,0.0,106.0,0.0,0.0,0.0,0.0,0.0,0.0,2251.0,0.0,0.0,0.0,0.0,0.0,0.0,34562.0,0.0,0.0,0.0,0.0,0.0,0.0
S00231_PONTA,0, ,4052.0," ""GERAL""       ",0.0,603.0,0.0,212.0,5002.0,479.0,1741.0,1749.0,0.0,0.0,207.0,179.0,361.0,1020.0,121.0,343.0,32.0,10.0,330.0,1010.0,12.0,110.0,3.0,358.0,3.0,0.0,3.0,0.0,0.0,0.0,0.0,0.0,361.0,0.0,0.0,0.0,0.0,0.0,0.0,3.0,0.0,0.0,0.0,0.0,0.0,0.0,29.0,0.0,0.0,0.0,0.0,0.0,0.0,330.0,0.0,0.0,0.0,0.0,0.0,0.0,5002.0,0.0,0.0,0.0,0.0,0.0,0.0
S00232_FORA_PONTA,0, ,4097.0," ""GERAL""       ",73122.0,6507.0,4474.0,4483.0,58286.0,5890.0,1603.0,1612.0,0.0,0.0,3093.0,2684.0,5114.0,13862.0,148.0,399.0,253.0,-1024.0,4862.0,14886.0,43.0,109.0,124.0,4990.0,124.0,0.0,124.0,0.0,0.0,0.0,0.0,0.0,5114.0,0.0,0.0,0.0,0.0,0.0,0.0,124.0,0.0,0.0,0.0,0.0,0.0,0.0,129.0,0.0,0.0,0.0,0.0,0.0,0.0,4862.0,0.0,0.0,0.0,0.0,0.0,0.0,58286.0,0.0,0.0,0.0,0.0,0.0,0.0
S00233_PONTA,0, ,4100.0," ""GERAL""       ",0.0,540.0,0.0,205.0,4501.0,438.0,1534.0,1541.0,0.0,0.0,207.0,179.0,356.0,999.0,119.0,334.0,26.0,-12.0,330.0,1011.0,9.0,110.0,3.0,353.0,3.0,0.0,3.0,0.0,0.0,0.0,0.0,0.0,356.0,0.0,0.0,0.0,0.0,0.0,0.0,3.0,0.0,0.0,0.0,0.0,0.0,0.0,24.0,0.0,0.0,0.0,0.0,0.0,0.0,330.0,0.0,0.0,0.0,0.0,0.0,0.0,4501.0,0.0,0.0,0.0,0.0,0.0,0.0
S00234_FORA_PONTA,0, ,4169.0," ""GERAL""       ",128696.0,10288.0,4475.0,4485.0,111132.0,9216.0,3782.0,3787.0,0.0,0.0,4738.0,4113.0,7878.0,21330.0,149.0,402.0,444.0,-1432.0,7434.0,22762.0,45.0,109.0,235.0,7643.0,235.0,0.0,235.0,0.0,0.0,0.0,0.0,0.0,7878.0,0.0,0.0,0.0,0.0,0.0,0.0,235.0,0.0,0.0,0.0,0.0,0.0,0.0,209.0,0.0,0.0,0.0,0.0,0.0,0.0,7434.0,0.0,0.0,0.0,0.0,0.0,0.0,111132.0,0.0,0.0,0.0,0.0,0.0,0.0
S00235_PONTA,0, ,4172.0," ""GERAL""       ",0.0,713.0,0.0,272.0,7484.0,446.0,2726.0,2731.0,0.0,0.0,207.0,179.0,398.0,1162.0,137.0,400.0,69.0,152.0,329.0,1010.0,27.0,110.0,8.0,391.0,8.0,0.0,8.0,0.0,0.0,0.0,0.0,0.0,398.0,0.0,0.0,0.0,0.0,0.0,0.0,8.0,0.0,0.0,0.0,0.0,0.0,0.0,61.0,0.0,0.0,0.0,0.0,0.0,0.0,329.0,0.0,0.0,0.0,0.0,0.0,0.0,7484.0,0.0,0.0,0.0,0.0,0.0,0.0
S00236_FORA_PONTA,0, ,4193.0," ""GERAL""       ",73726.0,4563.0,4693.0,4701.0,59615.0,3552.0,4513.0,4519.0,0.0,0.0,1432.0,1246.0,2631.0,7061.0,144.0,387.0,415.0,277.0,2216.0,6784.0,40.0,108.0,228.0,2404.0,228.0,0.0,228.0,0.0,0.0,0.0,0.0,0.0,2631.0,0.0,0.0,0.0,0.0,0.0,0.0,228.0,0.0,0.0,0.0,0.0,0.0,0.0,188.0,0.0,0.0,0.0,0.0,0.0,0.0,2216.0,0.0,0.0,0.0,0.0,0.0,0.0,59615.0,0.0,0.0,0.0,0.0,0.0,0.0
S00237_PONTA,0, ,4196.0," ""GERAL""       ",0.0,762.0,0.0,293.0,7972.0,460.0,2852.0,2857.0,0.0,0.0,207.0,179.0,407.0,1197.0,139.0,412.0,77.0,187.0,329.0,1010.0,29.0,110.0,8.0,398.0,8.0,0.0,8.0,0.0,0.0,0.0,0.0,0.0,407.0,0.0,0.0,0.0,0.0,0.0,0.0,8.0,0.0,0.0,0.0,0.0,0.0,0.0,69.0,0.0,0.0,0.0,0.0,0.0,0.0,329.0,0.0,0.0,0.0,0.0,0.0,0.0,7972.0,0.0,0.0,0.0,0.0,0.0,0.0
S00238_FORA_PONTA,0, ,4217.0," ""GERAL""       ",72253.0,4527.0,4665.0,4677.0,57760.0,3565.0,4485.0,4493.0,0.0,0.0,1433.0,1246.0,2618.0,7017.0,144.0,385.0,400.0,227.0,2218.0,6790.0,40.0,108.0,219.0,2399.0,219.0,0.0,219.0,0.0,0.0,0.0,0.0,0.0,2618.0,0.0,0.0,0.0,0.0,0.0,0.0,219.0,0.0,0.0,0.0,0.0,0.0,0.0,181.0,0.0,0.0,0.0,0.0,0.0,0.0,2218.0,0.0,0.0,0.0,0.0,0.0,0.0,57760.0,0.0,0.0,0.0,0.0,0.0,0.0
S00239_PONTA,0, ,4220.0," ""GERAL""       ",0.0,795.0,0.0,297.0,7618.0,522.0,2770.0,2775.0,0.0,0.0,207.0,179.0,400.0,1168.0,137.0,404.0,71.0,159.0,329.0,1010.0,28.0,110.0,8.0,392.0,8.0,0.0,8.0,0.0,0.0,0.0,0.0,0.0,400.0,0.0,0.0,0.0,0.0,0.0,0.0,8.0,0.0,0.0,0.0,0.0,0.0,0.0,63.0,0.0,0.0,0.0,0.0,0.0,0.0,329.0,0.0,0.0,0.0,0.0,0.0,0.0,7618.0,0.0,0.0,0.0,0.0,0.0,0.0
S00240_FORA_PONTA,0, ,4241.0," ""GERAL""       ",66447.0,4029.0,4462.0,4470.0,52424.0,3190.0,3746.0,3749.0,0.0,0.0,1435.0,1247.0,2575.0,6915.0,145.0,386.0,349.0,99.0,2226.0,6816.0,41.0,108.0,189.0,2386.0,189.0,0.0,189.0,0.0,0.0,0.0,0.0,0.0,2575.0,0.0,0.0,0.0,0.0,0.0,0.0,189.0,0.0,0.0,0.0,0.0,0.0,0.0,159.0,0.0,0.0,0.0,0.0,0.0,0.0,2226.0,0.0,0.0,0.0,0.0,0.0,0.0,52424.0,0.0,0.0,0.0,0.0,0.0,0.0
S00241_PONTA,0, ,4244.0," ""GERAL""       ",0.0,704.0,0.0,259.0,7173.0,462.0,2581.0,2587.0,0.0,0.0,207.0,179.0,392.0,1138.0,134.0,390.0,63.0,128.0,329.0,1010.0,24.0,110.0,7.0,385.0,7.0,0.0,7.0,0.0,0.0,0.0,0.0,0.0,392.0,0.0,0.0,0.0,0.0,0.0,0.0,7.0,0.0,0.0,0.0,0.0,0.0,0.0,56.0,0.0,0.0,0.0,0.0,0.0,0.0,329.0,0.0,0.0,0.0,0.0,0.0,0.0,7173.0,0.0,0.0,0.0,0.0,0.0,0.0
S00242_FORA_PONTA,0, ,4265.0," ""GERAL""       ",72114.0,4360.0,4917.0,4926.0,58519.0,3398.0,4735.0,4740.0,0.0,0.0,1433.0,1246.0,2619.0,7018.0,144.0,385.0,401.0,226.0,2218.0,6791.0,40.0,108.0,223.0,2396.0,223.0,0.0,223.0,0.0,0.0,0.0,0.0,0.0,2619.0,0.0,0.0,0.0,0.0,0.0,0.0,223.0,0.0,0.0,0.0,0.0,0.0,0.0,178.0,0.0,0.0,0.0,0.0,0.0,0.0,2218.0,0.0,0.0,0.0,0.0,0.0,0.0,58519.0,0.0,0.0,0.0,0.0,0.0,0.0
S00243_PONTA,0, ,4268.0," ""GERAL""       ",0.0,705.0,0.0,272.0,7187.0,464.0,2738.0,2742.0,0.0,0.0,207.0,179.0,391.0,1138.0,136.0,399.0,62.0,128.0,329.0,1010.0,26.0,110.0,6.0,385.0,6.0,0.0,6.0,0.0,0.0,0.0,0.0,0.0,391.0,0.0,0.0,0.0,0.0,0.0,0.0,6.0,0.0,0.0,0.0,0.0,0.0,0.0,56.0,0.0,0.0,0.0,0.0,0.0,0.0,329.0,0.0,0.0,0.0,0.0,0.0,0.0,7187.0,0.0,0.0,0.0,0.0,0.0,0.0
S00244_FORA_PONTA,0, ,4337.0," ""GERAL""       ",154880.0,10484.0,4633.0,4643.0,133697.0,8944.0,4453.0,4460.0,0.0,0.0,4732.0,4109.0,8034.0,21715.0,145.0,389.0,634.0,-946.0,7401.0,22661.0,41.0,108.0,342.0,7693.0,342.0,0.0,342.0,0.0,0.0,0.0,0.0,0.0,8034.0,0.0,0.0,0.0,0.0,0.0,0.0,342.0,0.0,0.0,0.0,0.0,0.0,0.0,292.0,0.0,0.0,0.0,0.0,0.0,0.0,7401.0,0.0,0.0,0.0,0.0,0.0,0.0,133697.0,0.0,0.0,0.0,0.0,0.0,0.0
S00245_PONTA,0, ,4340.0," ""GERAL""       ",0.0,735.0,0.0,274.0,7980.0,433.0,2880.0,2884.0,0.0,0.0,207.0,179.0,407.0,1198.0,140.0,414.0,78.0,188.0,329.0,1010.0,30.0,110.0,8.0,399.0,8.0,0.0,8.0,0.0,0.0,0.0,0.0,0.0,407.0,0.0,0.0,0.0,0.0,0.0,0.0,8.0,0.0,0.0,0.0,0.0,0.0,0.0,69.0,0.0,0.0,0.0,0.0,0.0,0.0,329.0,0.0,0.0,0.0,0.0,0.0,0.0,7980.0,0.0,0.0,0.0,0.0,0.0,0.0
S00246_FORA_PONTA,0, ,4361.0," ""GERAL""       ",77953.0,4685.0,5037.0,5045.0,63488.0,3590.0,4854.0,4859.0,0.0,0.0,1431.0,1245.0,2662.0,7131.0,143.0,383.0,452.0,364.0,2210.0,6767.0,39.0,108.0,247.0,2415.0,247.0,0.0,247.0,0.0,0.0,0.0,0.0,0.0,2662.0,0.0,0.0,0.0,0.0,0.0,0.0,247.0,0.0,0.0,0.0,0.0,0.0,0.0,205.0,0.0,0.0,0.0,0.0,0.0,0.0,2210.0,0.0,0.0,0.0,0.0,0.0,0.0,63488.0,0.0,0.0,0.0,0.0,0.0,0.0
S00247_PONTA,0, ,4364.0," ""GERAL""       ",0.0,859.0,0.0,358.0,8501.0,518.0,3168.0,3176.0,0.0,0.0,207.0,179.0,417.0,1236.0,145.0,434.0,88.0,227.0,329.0,1009.0,36.0,110.0,9.0,408.0,9.0,0.0,9.0,0.0,0.0,0.0,0.0,0.0,417.0,0.0,0.0,0.0,0.0,0.0,0.0,9.0,0.0,0.0,0.0,0.0,0.0,0.0,79.0,0.0,0.0,0.0,0.0,0.0,0.0,329.0,0.0,0.0,0.0,0.0,0.0,0.0,8501.0,0.0,0.0,0.0,0.0,0.0,0.0
S00248_FORA_PONTA,0, ,4385.0," ""GERAL""       ",81673.0,4478.0,5174.0,5182.0,66260.0,3287.0,4990.0,4994.0,0.0,0.0,1430.0,1245.0,2698.0,7216.0,143.0,384.0,493.0,462.0,2206.0,6754.0,39.0,108.0,274.0,2424.0,274.0,0.0,274.0,0.0,0.0,0.0,0.0,0.0,2698.0,0.0,0.0,0.0,0.0,0.0,0.0,274.0,0.0,0.0,0.0,0.0,0.0,0.0,218.0,0.0,0.0,0.0,0.0,0.0,0.0,2206.0,0.0,0.0,0.0,0.0,0.0,0.0,66260.0,0.0,0.0,0.0,0.0,0.0,0.0
S00249_PONTA,0, ,4388.0," ""GERAL""       ",0.0,1041.0,0.0,387.0,9686.0,608.0,3468.0,3474.0,0.0,0.0,207.0,179.0,438.0,1327.0,151.0,459.0,110.0,319.0,329.0,1008.0,41.0,110.0,10.0,428.0,10.0,0.0,10.0,0.0,0.0,0.0,0.0,0.0,438.0,0.0,0.0,0.0,0.0,0.0,0.0,10.0,0.0,0.0,0.0,0.0,0.0,0.0,99.0,0.0,0.0,0.0,0.0,0.0,0.0,329.0,0.0,0.0,0.0,0.0,0.0,0.0,9686.0,0.0,0.0,0.0,0.0,0.0,0.0
S00250_FORA_PONTA,0, ,4409.0," ""GERAL""       ",79955.0,4702.0,5005.0,5014.0,63467.0,3566.0,4823.0,4828.0,0.0,0.0,1431.0,1245.0,2680.0,7165.0,142.0,379.0,473.0,407.0,2208.0,6758.0,38.0,108.0,262.0,2419.0,262.0,0.0,262.0,0.0,0.0,0.0,0.0,0.0,2680.0,0.0,0.0,0.0,0.0,0.0,0.0,262.0,0.0,0.0,0.0,0.0,0.0,0.0,211.0,0.0,0.0,0.0,0.0,0.0,0.0,2208.0,0.0,0.0,0.0,0.0,0.0,0.0,63467.0,0.0,0.0,0.0,0.0,0.0,0.0
S00251_PONTA,0, ,4412.0," ""GERAL""       ",0.0,687.0,0.0,275.0,7914.0,392.0,2904.0,2908.0,0.0,0.0,207.0,179.0,406.0,1191.0,140.0,413.0,76.0,180.0,330.0,1011.0,30.0,110.0,9.0,397.0,9.0,0.0,9.0,0.0,0.0,0.0,0.0,0.0,406.0,0.0,0.0,0.0,0.0,0.0,0.0,9.0,0.0,0.0,0.0,0.0,0.0,0.0,68.0,0.0,0.0,0.0,0.0,0.0,0.0,330.0,0.0,0.0,0.0,0.0,0.0,0.0,7914.0,0.0,0.0,0.0,0.0,0.0,0.0
S00252_FORA_PONTA,0, ,4433.0," ""GERAL""       ",71701.0,4048.0,4881.0,4888.0,57209.0,3088.0,4700.0,4704.0,0.0,0.0,1433.0,1246.0,2614.0,7019.0,144.0,387.0,394.0,223.0,2220.0,6796.0,40.0,108.0,214.0,2400.0,214.0,0.0,214.0,0.0,0.0,0.0,0.0,0.0,2614.0,0.0,0.0,0.0,0.0,0.0,0.0,214.0,0.0,0.0,0.0,0.0,0.0,0.0,180.0,0.0,0.0,0.0,0.0,0.0,0.0,2220.0,0.0,0.0,0.0,0.0,0.0,0.0,57209.0,0.0,0.0,0.0,0.0,0.0,0.0
S00253_PONTA,0, ,4436.0," ""GERAL""       ",0.0,542.0,0.0,200.0,6513.0,340.0,2355.0,2358.0,0.0,0.0,207.0,179.0,382.0,1099.0,130.0,376.0,52.0,88.0,330.0,1011.0,20.0,110.0,6.0,376.0,6.0,0.0,6.0,0.0,0.0,0.0,0.0,0.0,382.0,0.0,0.0,0.0,0.0,0.0,0.0,6.0,0.0,0.0,0.0,0.0,0.0,0.0,47.0,0.0,0.0,0.0,0.0,0.0,0.0,330.0,0.0,0.0,0.0,0.0,0.0,0.0,6513.0,0.0,0.0,0.0,0.0,0.0,0.0
S00254_FORA_PONTA,0, ,4505.0," ""GERAL""       ",149727.0,10146.0,4529.0,4537.0,129005.0,8730.0,4352.0,4356.0,0.0,0.0,4733.0,4110.0,7995.0,21610.0,145.0,389.0,587.0,-1073.0,7408.0,22683.0,41.0,108.0,318.0,7677.0,318.0,0.0,318.0,0.0,0.0,0.0,0.0,0.0,7995.0,0.0,0.0,0.0,0.0,0.0,0.0,318.0,0.0,0.0,0.0,0.0,0.0,0.0,269.0,0.0,0.0,0.0,0.0,0.0,0.0,7408.0,0.0,0.0,0.0,0.0,0.0,0.0,129005.0,0.0,0.0,0.0,0.0,0.0,0.0
S00255_PONTA,0, ,4508.0," ""GERAL""       ",0.0,648.0,0.0,240.0,7140.0,407.0,2647.0,2651.0,0.0,0.0,207.0,179.0,392.0,1137.0,135.0,395.0,62.0,127.0,330.0,1011.0,25.0,110.0,7.0,385.0,7.0,0.0,7.0,0.0,0.0,0.0,0.0,0.0,392.0,0.0,0.0,0.0,0.0,0.0,0.0,7.0,0.0,0.0,0.0,0.0,0.0,0.0,55.0,0.0,0.0,0.0,0.0,0.0,0.0,330.0,0.0,0.0,0.0,0.0,0.0,0.0,7140.0,0.0,0.0,0.0,0.0,0.0,0.0
S00256_FORA_PONTA,0, ,4529.0," ""GERAL""       ",62033.0,3783.0,4466.0,4471.0,48825.0,3034.0,3638.0,3644.0,0.0,0.0,1436.0,1248.0,2543.0,6841.0,145.0,389.0,310.0,6.0,2233.0,6835.0,41.0,108.0,166.0,2376.0,166.0,0.0,166.0,0.0,0.0,0.0,0.0,0.0,2543.0,0.0,0.0,0.0,0.0,0.0,0.0,166.0,0.0,0.0,0.0,0.0,0.0,0.0,144.0,0.0,0.0,0.0,0.0,0.0,0.0,2233.0,0.0,0.0,0.0,0.0,0.0,0.0,48825.0,0.0,0.0,0.0,0.0,0.0,0.0
S00257_PONTA,0, ,4532.0," ""GERAL""       ",0.0,638.0,0.0,242.0,6449.0,441.0,2342.0,2348.0,0.0,0.0,207.0,179.0,380.0,1094.0,130.0,375.0,51.0,84.0,330.0,1010.0,20.0,110.0,5.0,375.0,5.0,0.0,5.0,0.0,0.0,0.0,0.0,0.0,380.0,0.0,0.0,0.0,0.0,0.0,0.0,5.0,0.0,0.0,0.0,0.0,0.0,0.0,46.0,0.0,0.0,0.0,0.0,0.0,0.0,330.0,0.0,0.0,0.0,0.0,0.0,0.0,6449.0,0.0,0.0,0.0,0.0,0.0,0.0
S00258_FORA_PONTA,0, ,4553.0," ""GERAL""       ",67159.0,4150.0,4468.0,4475.0,54879.0,3288.0,4236.0,4240.0,0.0,0.0,1434.0,1247.0,2579.0,6935.0,145.0,387.0,354.0,122.0,2225.0,6813.0,40.0,108.0,190.0,2389.0,190.0,0.0,190.0,0.0,0.0,0.0,0.0,0.0,2579.0,0.0,0.0,0.0,0.0,0.0,0.0,190.0,0.0,0.0,0.0,0.0,0.0,0.0,164.0,0.0,0.0,0.0,0.0,0.0,0.0,2225.0,0.0,0.0,0.0,0.0,0.0,0.0,54879.0,0.0,0.0,0.0,0.0,0.0,0.0
S00259_PONTA,0, ,4556.0," ""GERAL""       ",0.0,658.0,0.0,247.0,6991.0,428.0,2637.0,2642.0,0.0,0.0,207.0,179.0,389.0,1126.0,135.0,393.0,59.0,116.0,330.0,1010.0,25.0,110.0,6.0,383.0,6.0,0.0,6.0,0.0,0.0,0.0,0.0,0.0,389.0,0.0,0.0,0.0,0.0,0.0,0.0,6.0,0.0,0.0,0.0,0.0,0.0,0.0,53.0,0.0,0.0,0.0,0.0,0.0,0.0,330.0,0.0,0.0,0.0,0.0,0.0,0.0,6991.0,0.0,0.0,0.0,0.0,0.0,0.0
S00260_FORA_PONTA,0, ,4577.0," ""GERAL""       ",65192.0,4040.0,4466.0,4473.0,51992.0,3215.0,3931.0,3935.0,0.0,0.0,1435.0,1247.0,2566.0,6905.0,145.0,391.0,338.0,85.0,2228.0,6821.0,41.0,108.0,182.0,2384.0,182.0,0.0,182.0,0.0,0.0,0.0,0.0,0.0,2566.0,0.0,0.0,0.0,0.0,0.0,0.0,182.0,0.0,0.0,0.0,0.0,0.0,0.0,156.0,0.0,0.0,0.0,0.0,0.0,0.0,2228.0,0.0,0.0,0.0,0.0,0.0,0.0,51992.0,0.0,0.0,0.0,0.0,0.0,0.0
S00261_PONTA,0, ,4580.0," ""GERAL""       ",0.0,634.0,0.0,221.0,6428.0,437.0,2334.0,2338.0,0.0,0.0,207.0,179.0,380.0,1093.0,129.0,374.0,50.0,83.0,330.0,1010.0,20.0,110.0,5.0,375.0,5.0,0.0,5.0,0.0,0.0,0.0,0.0,0.0,380.0,0.0,0.0,0.0,0.0,0.0,0.0,5.0,0.0,0.0,0.0,0.0,0.0,0.0,45.0,0.0,0.0,0.0,0.0,0.0,0.0,330.0,0.0,0.0,0.0,0.0,0.0,0.0,6428.0,0.0,0.0,0.0,0.0,0.0,0.0
S00262_FORA_PONTA,0, ,4601.0," ""GERAL""       ",59678.0,3727.0,4477.0,4484.0,47294.0,3011.0,3610.0,3614.0,0.0,0.0,1437.0,1248.0,2527.0,6815.0,145.0,390.0,291.0,-30.0,2236.0,6845.0,41.0,108.0,154.0,2374.0,154.0,0.0,154.0,0.0,0.0,0.0,0.0,0.0,2527.0,0.0,0.0,0.0,0.0,0.0,0.0,154.0,0.0,0.0,0.0,0.0,0.0,0.0,138.0,0.0,0.0,0.0,0.0,0.0,0.0,2236.0,0.0,0.0,0.0,0.0,0.0,0.0,47294.0,0.0,0.0,0.0,0.0,0.0,0.0
S00263_PONTA,0, ,4604.0," ""GERAL""       ",0.0,498.0,0.0,182.0,5603.0,350.0,2009.0,2012.0,0.0,0.0,207.0,179.0,369.0,1045.0,125.0,356.0,39.0,34.0,330.0,1011.0,15.0,110.0,5.0,364.0,5.0,0.0,5.0,0.0,0.0,0.0,0.0,0.0,369.0,0.0,0.0,0.0,0.0,0.0,0.0,5.0,0.0,0.0,0.0,0.0,0.0,0.0,34.0,0.0,0.0,0.0,0.0,0.0,0.0,330.0,0.0,0.0,0.0,0.0,0.0,0.0,5603.0,0.0,0.0,0.0,0.0,0.0,0.0
S00264_FORA_PONTA,0, ,4673.0," ""GERAL""       ",132903.0,8956.0,4472.0,4478.0,113664.0,7856.0,3614.0,3619.0,0.0,0.0,4738.0,4113.0,7886.0,21353.0,146.0,395.0,453.0,-1404.0,7432.0,22757.0,42.0,109.0,238.0,7647.0,238.0,0.0,238.0,0.0,0.0,0.0,0.0,0.0,7886.0,0.0,0.0,0.0,0.0,0.0,0.0,238.0,0.0,0.0,0.0,0.0,0.0,0.0,215.0,0.0,0.0,0.0,0.0,0.0,0.0,7432.0,0.0,0.0,0.0,0.0,0.0,0.0,113664.0,0.0,0.0,0.0,0.0,0.0,0.0
S00265_PONTA,0, ,4676.0," ""GERAL""       ",0.0,605.0,0.0,231.0,5934.0,437.0,2209.0,2213.0,0.0,0.0,207.0,179.0,373.0,1064.0,128.0,366.0,44.0,54.0,330.0,1011.0,18.0,110.0,5.0,368.0,5.0,0.0,5.0,0.0,0.0,0.0,0.0,0.0,373.0,0.0,0.0,0.0,0.0,0.0,0.0,5.0,0.0,0.0,0.0,0.0,0.0,0.0,39.0,0.0,0.0,0.0,0.0,0.0,0.0,330.0,0.0,0.0,0.0,0.0,0.0,0.0,5934.0,0.0,0.0,0.0,0.0,0.0,0.0
S00266_FORA_PONTA,0, ,4697.0," ""GERAL""       ",52865.0,3462.0,4470.0,4477.0,40988.0,2863.0,2988.0,2994.0,0.0,0.0,1439.0,1250.0,2489.0,6720.0,145.0,391.0,244.0,-152.0,2245.0,6872.0,41.0,108.0,124.0,2365.0,124.0,0.0,124.0,0.0,0.0,0.0,0.0,0.0,2489.0,0.0,0.0,0.0,0.0,0.0,0.0,124.0,0.0,0.0,0.0,0.0,0.0,0.0,120.0,0.0,0.0,0.0,0.0,0.0,0.0,2245.0,0.0,0.0,0.0,0.0,0.0,0.0,40988.0,0.0,0.0,0.0,0.0,0.0,0.0
S00267_PONTA,0, ,4700.0," ""GERAL""       ",0.0,581.0,0.0,225.0,5254.0,449.0,1833.0,1840.0,0.0,0.0,207.0,179.0,364.0,1029.0,123.0,346.0,35.0,18.0,330.0,1011.0,13.0,110.0,4.0,360.0,4.0,0.0,4.0,0.0,0.0,0.0,0.0,0.0,364.0,0.0,0.0,0.0,0.0,0.0,0.0,4.0,0.0,0.0,0.0,0.0,0.0,0.0,31.0,0.0,0.0,0.0,0.0,0.0,0.0,330.0,0.0,0.0,0.0,0.0,0.0,0.0,5254.0,0.0,0.0,0.0,0.0,0.0,0.0
S00268_FORA_PONTA,0, ,4721.0," ""GERAL""       ",47571.0,3461.0,4477.0,4486.0,36727.0,2952.0,2519.0,2524.0,0.0,0.0,1440.0,1250.0,2458.0,6647.0,147.0,396.0,207.0,-245.0,2251.0,6892.0,42.0,108.0,105.0,2353.0,105.0,0.0,105.0,0.0,0.0,0.0,0.0,0.0,2458.0,0.0,0.0,0.0,0.0,0.0,0.0,105.0,0.0,0.0,0.0,0.0,0.0,0.0,102.0,0.0,0.0,0.0,0.0,0.0,0.0,2251.0,0.0,0.0,0.0,0.0,0.0,0.0,36727.0,0.0,0.0,0.0,0.0,0.0,0.0
S00269_PONTA,0, ,4724.0," ""GERAL""       ",0.0,727.0,0.0,259.0,5789.0,568.0,2138.0,2147.0,0.0,0.0,207.0,179.0,369.0,1055.0,126.0,363.0,40.0,46.0,329.0,1010.0,16.0,110.0,4.0,366.0,4.0,0.0,4.0,0.0,0.0,0.0,0.0,0.0,369.0,0.0,0.0,0.0,0.0,0.0,0.0,4.0,0.0,0.0,0.0,0.0,0.0,0.0,37.0,0.0,0.0,0.0,0.0,0.0,0.0,329.0,0.0,0.0,0.0,0.0,0.0,0.0,5789.0,0.0,0.0,0.0,0.0,0.0,0.0
S00270_FORA_PONTA,0, ,4745.0," ""GERAL""       ",53568.0,3308.0,4472.0,4481.0,41980.0,2667.0,2971.0,2973.0,0.0,0.0,1438.0,1250.0,2502.0,6761.0,149.0,404.0,258.0,-110.0,2244.0,6870.0,45.0,108.0,132.0,2370.0,132.0,0.0,132.0,0.0,0.0,0.0,0.0,0.0,2502.0,0.0,0.0,0.0,0.0,0.0,0.0,132.0,0.0,0.0,0.0,0.0,0.0,0.0,126.0,0.0,0.0,0.0,0.0,0.0,0.0,2244.0,0.0,0.0,0.0,0.0,0.0,0.0,41980.0,0.0,0.0,0.0,0.0,0.0,0.0
S00271_PONTA,0, ,4748.0," ""GERAL""       ",0.0,580.0,0.0,222.0,5790.0,420.0,2095.0,2100.0,0.0,0.0,207.0,179.0,371.0,1056.0,126.0,360.0,41.0,45.0,330.0,1011.0,16.0,110.0,5.0,366.0,5.0,0.0,5.0,0.0,0.0,0.0,0.0,0.0,371.0,0.0,0.0,0.0,0.0,0.0,0.0,5.0,0.0,0.0,0.0,0.0,0.0,0.0,37.0,0.0,0.0,0.0,0.0,0.0,0.0,330.0,0.0,0.0,0.0,0.0,0.0,0.0,5790.0,0.0,0.0,0.0,0.0,0.0,0.0
S00272_FORA_PONTA,0, ,4769.0," ""GERAL""       ",53268.0,3388.0,4472.0,4477.0,41819.0,2787.0,3102.0,3104.0,0.0,0.0,1438.0,1250.0,2488.0,6721.0,146.0,394.0,244.0,-150.0,2244.0,6872.0,42.0,108.0,125.0,2363.0,125.0,0.0,125.0,0.0,0.0,0.0,0.0,0.0,2488.0,0.0,0.0,0.0,0.0,0.0,0.0,125.0,0.0,0.0,0.0,0.0,0.0,0.0,119.0,0.0,0.0,0.0,0.0,0.0,0.0,2244.0,0.0,0.0,0.0,0.0,0.0,0.0,41819.0,0.0,0.0,0.0,0.0,0.0,0.0
S00273_PONTA,0, ,4772.0," ""GERAL""       ",0.0,464.0,0.0,168.0,4934.0,346.0,1837.0,1841.0,0.0,0.0,207.0,180.0,361.0,1015.0,123.0,347.0,31.0,4.0,330.0,1011.0,13.0,110.0,4.0,357.0,4.0,0.0,4.0,0.0,0.0,0.0,0.0,0.0,361.0,0.0,0.0,0.0,0.0,0.0,0.0,4.0,0.0,0.0,0.0,0.0,0.0,0.0,27.0,0.0,0.0,0.0,0.0,0.0,0.0,330.0,0.0,0.0,0.0,0.0,0.0,0.0,4934.0,0.0,0.0,0.0,0.0,0.0,0.0
S00274_FORA_PONTA,0, ,4841.0," ""GERAL""       ",115988.0,8650.0,4474.0,4481.0,97838.0,7789.0,2795.0,2798.0,0.0,0.0,4742.0,4115.0,7810.0,21168.0,147.0,399.0,356.0,-1655.0,7454.0,22823.0,43.0,109.0,182.0,7628.0,182.0,0.0,182.0,0.0,0.0,0.0,0.0,0.0,7810.0,0.0,0.0,0.0,0.0,0.0,0.0,182.0,0.0,0.0,0.0,0.0,0.0,0.0,174.0,0.0,0.0,0.0,0.0,0.0,0.0,7454.0,0.0,0.0,0.0,0.0,0.0,0.0,97838.0,0.0,0.0,0.0,0.0,0.0,0.0
S00275_PONTA,0, ,4844.0," ""GERAL""       ",0.0,572.0,0.0,211.0,4782.0,462.0,1673.0,1680.0,0.0,0.0,207.0,179.0,359.0,1007.0,121.0,339.0,30.0,-3.0,330.0,1011.0,11.0,110.0,4.0,355.0,4.0,0.0,4.0,0.0,0.0,0.0,0.0,0.0,359.0,0.0,0.0,0.0,0.0,0.0,0.0,4.0,0.0,0.0,0.0,0.0,0.0,0.0,26.0,0.0,0.0,0.0,0.0,0.0,0.0,330.0,0.0,0.0,0.0,0.0,0.0,0.0,4782.0,0.0,0.0,0.0,0.0,0.0,0.0
S00276_FORA_PONTA,0, ,4865.0," ""GERAL""       ",44814.0,2769.0,4474.0,4483.0,34437.0,2303.0,2406.0,2410.0,0.0,0.0,1441.0,1251.0,2444.0,6617.0,147.0,400.0,188.0,-292.0,2256.0,6908.0,43.0,109.0,92.0,2352.0,92.0,0.0,92.0,0.0,0.0,0.0,0.0,0.0,2444.0,0.0,0.0,0.0,0.0,0.0,0.0,92.0,0.0,0.0,0.0,0.0,0.0,0.0,96.0,0.0,0.0,0.0,0.0,0.0,0.0,2256.0,0.0,0.0,0.0,0.0,0.0,0.0,34437.0,0.0,0.0,0.0,0.0,0.0,0.0
S00277_PONTA,0, ,4868.0," ""GERAL""       ",0.0,370.0,0.0,131.0,4574.0,268.0,1602.0,1605.0,0.0,0.0,207.0,180.0,357.0,999.0,120.0,336.0,27.0,-13.0,330.0,1012.0,10.0,110.0,4.0,354.0,4.0,0.0,4.0,0.0,0.0,0.0,0.0,0.0,357.0,0.0,0.0,0.0,0.0,0.0,0.0,4.0,0.0,0.0,0.0,0.0,0.0,0.0,23.0,0.0,0.0,0.0,0.0,0.0,0.0,330.0,0.0,0.0,0.0,0.0,0.0,0.0,4574.0,0.0,0.0,0.0,0.0,0.0,0.0
S00278_FORA_PONTA,0, ,4889.0," ""GERAL""       ",46830.0,2487.0,4475.0,4481.0,36977.0,2007.0,2678.0,2680.0,0.0,0.0,1440.0,1251.0,2450.0,6627.0,148.0,401.0,195.0,-277.0,2255.0,6903.0,44.0,109.0,97.0,2353.0,97.0,0.0,97.0,0.0,0.0,0.0,0.0,0.0,2450.0,0.0,0.0,0.0,0.0,0.0,0.0,97.0,0.0,0.0,0.0,0.0,0.0,0.0,98.0,0.0,0.0,0.0,0.0,0.0,0.0,2255.0,0.0,0.0,0.0,0.0,0.0,0.0,36977.0,0.0,0.0,0.0,0.0,0.0,0.0
S00279_PONTA,0, ,4892.0," ""GERAL""       ",0.0,490.0,0.0,209.0,4891.0,373.0,1749.0,1751.0,0.0,0.0,207.0,180.0,361.0,1013.0,122.0,343.0,31.0,2.0,330.0,1011.0,12.0,110.0,4.0,357.0,4.0,0.0,4.0,0.0,0.0,0.0,0.0,0.0,361.0,0.0,0.0,0.0,0.0,0.0,0.0,4.0,0.0,0.0,0.0,0.0,0.0,0.0,27.0,0.0,0.0,0.0,0.0,0.0,0.0,330.0,0.0,0.0,0.0,0.0,0.0,0.0,4891.0,0.0,0.0,0.0,0.0,0.0,0.0
S00280_FORA_PONTA,0, ,4913.0," ""GERAL""       ",47610.0,3410.0,4473.0,4481.0,37323.0,2914.0,2762.0,2768.0,0.0,0.0,1440.0,1250.0,2453.0,6634.0,146.0,396.0,202.0,-259.0,2251.0,6893.0,42.0,108.0,101.0,2352.0,101.0,0.0,101.0,0.0,0.0,0.0,0.0,0.0,2453.0,0.0,0.0,0.0,0.0,0.0,0.0,101.0,0.0,0.0,0.0,0.0,0.0,0.0,101.0,0.0,0.0,0.0,0.0,0.0,0.0,2251.0,0.0,0.0,0.0,0.0,0.0,0.0,37323.0,0.0,0.0,0.0,0.0,0.0,0.0
S00281_PONTA,0, ,4916.0," ""GERAL""       ",0.0,555.0,0.0,201.0,4827.0,442.0,1709.0,1713.0,0.0,0.0,207.0,179.0,360.0,1010.0,122.0,342.0,30.0,-1.0,330.0,1011.0,12.0,110.0,4.0,356.0,4.0,0.0,4.0,0.0,0.0,0.0,0.0,0.0,360.0,0.0,0.0,0.0,0.0,0.0,0.0,4.0,0.0,0.0,0.0,0.0,0.0,0.0,26.0,0.0,0.0,0.0,0.0,0.0,0.0,330.0,0.0,0.0,0.0,0.0,0.0,0.0,4827.0,0.0,0.0,0.0,0.0,0.0,0.0
S00282_FORA_PONTA,0, ,4937.0," ""GERAL""       ",45971.0,3335.0,4474.0,4482.0,35519.0,2852.0,2578.0,2584.0,0.0,0.0,1440.0,1251.0,2449.0,6627.0,147.0,399.0,195.0,-273.0,2254.0,6900.0,43.0,108.0,96.0,2353.0,96.0,0.0,96.0,0.0,0.0,0.0,0.0,0.0,2449.0,0.0,0.0,0.0,0.0,0.0,0.0,96.0,0.0,0.0,0.0,0.0,0.0,0.0,99.0,0.0,0.0,0.0,0.0,0.0,0.0,2254.0,0.0,0.0,0.0,0.0,0.0,0.0,35519.0,0.0,0.0,0.0,0.0,0.0,0.0
S00283_PONTA,0, ,4940.0," ""GERAL""       ",0.0,557.0,0.0,208.0,5024.0,436.0,1767.0,1772.0,0.0,0.0,207.0,179.0,363.0,1019.0,123.0,344.0,33.0,8.0,330.0,1011.0,13.0,110.0,5.0,358.0,5.0,0.0,5.0,0.0,0.0,0.0,0.0,0.0,363.0,0.0,0.0,0.0,0.0,0.0,0.0,5.0,0.0,0.0,0.0,0.0,0.0,0.0,28.0,0.0,0.0,0.0,0.0,0.0,0.0,330.0,0.0,0.0,0.0,0.0,0.0,0.0,5024.0,0.0,0.0,0.0,0.0,0.0,0.0
S00284_FORA_PONTA,0, ,5009.0," ""GERAL""       ",109582.0,9116.0,4472.0,4482.0,91178.0,8287.0,2567.0,2571.0,0.0,0.0,4743.0,4116.0,7802.0,21152.0,149.0,406.0,342.0,-1690.0,7460.0,22842.0,45.0,109.0,167.0,7635.0,167.0,0.0,167.0,0.0,0.0,0.0,0.0,0.0,7802.0,0.0,0.0,0.0,0.0,0.0,0.0,167.0,0.0,0.0,0.0,0.0,0.0,0.0,175.0,0.0,0.0,0.0,0.0,0.0,0.0,7460.0,0.0,0.0,0.0,0.0,0.0,0.0,91178.0,0.0,0.0,0.0,0.0,0.0,0.0
S00285_PONTA,0, ,5012.0," ""GERAL""       ",0.0,447.0,0.0,170.0,4815.0,335.0,1717.0,1721.0,0.0,0.0,207.0,180.0,360.0,1010.0,121.0,341.0,30.0,-2.0,330.0,1012.0,11.0,110.0,4.0,356.0,4.0,0.0,4.0,0.0,0.0,0.0,0.0,0.0,360.0,0.0,0.0,0.0,0.0,0.0,0.0,4.0,0.0,0.0,0.0,0.0,0.0,0.0,26.0,0.0,0.0,0.0,0.0,0.0,0.0,330.0,0.0,0.0,0.0,0.0,0.0,0.0,4815.0,0.0,0.0,0.0,0.0,0.0,0.0
S00286_FORA_PONTA,0, ,5033.0," ""GERAL""       ",45228.0,2979.0,4484.0,4489.0,34857.0,2504.0,2329.0,2332.0,0.0,0.0,1441.0,1251.0,2446.0,6623.0,147.0,399.0,191.0,-282.0,2255.0,6905.0,43.0,108.0,93.0,2353.0,93.0,0.0,93.0,0.0,0.0,0.0,0.0,0.0,2446.0,0.0,0.0,0.0,0.0,0.0,0.0,93.0,0.0,0.0,0.0,0.0,0.0,0.0,98.0,0.0,0.0,0.0,0.0,0.0,0.0,2255.0,0.0,0.0,0.0,0.0,0.0,0.0,34857.0,0.0,0.0,0.0,0.0,0.0,0.0
S00287_PONTA,0, ,5036.0," ""GERAL""       ",0.0,507.0,0.0,218.0,4978.0,388.0,1754.0,1762.0,0.0,0.0,207.0,179.0,362.0,1016.0,122.0,343.0,32.0,5.0,330.0,1011.0,12.0,110.0,5.0,357.0,5.0,0.0,5.0,0.0,0.0,0.0,0.0,0.0,362.0,0.0,0.0,0.0,0.0,0.0,0.0,5.0,0.0,0.0,0.0,0.0,0.0,0.0,27.0,0.0,0.0,0.0,0.0,0.0,0.0,330.0,0.0,0.0,0.0,0.0,0.0,0.0,4978.0,0.0,0.0,0.0,0.0,0.0,0.0
S00288_FORA_PONTA,0, ,5057.0," ""GERAL""       ",45303.0,2984.0,4473.0,4480.0,34488.0,2498.0,2187.0,2189.0,0.0,0.0,1441.0,1251.0,2449.0,6634.0,146.0,393.0,194.0,-271.0,2255.0,6905.0,41.0,108.0,94.0,2355.0,94.0,0.0,94.0,0.0,0.0,0.0,0.0,0.0,2449.0,0.0,0.0,0.0,0.0,0.0,0.0,94.0,0.0,0.0,0.0,0.0,0.0,0.0,99.0,0.0,0.0,0.0,0.0,0.0,0.0,2255.0,0.0,0.0,0.0,0.0,0.0,0.0,34488.0,0.0,0.0,0.0,0.0,0.0,0.0
S00289_PONTA,0, ,5060.0," ""GERAL""       ",0.0,602.0,0.0,263.0,5093.0,475.0,1760.0,1768.0,0.0,0.0,207.0,179.0,362.0,1023.0,122.0,345.0,33.0,12.0,330.0,1010.0,12.0,110.0,4.0,359.0,4.0,0.0,4.0,0.0,0.0,0.0,0.0,0.0,362.0,0.0,0.0,0.0,0.0,0.0,0.0,4.0,0.0,0.0,0.0,0.0,0.0,0.0,29.0,0.0,0.0,0.0,0.0,0.0,0.0,330.0,0.0,0.0,0.0,0.0,0.0,0.0,5093.0,0.0,0.0,0.0,0.0,0.0,0.0
S00290_FORA_PONTA,0, ,5081.0," ""GERAL""       ",48764.0,3557.0,4472.0,4482.0,37948.0,3035.0,2760.0,2765.0,0.0,0.0,1439.0,1250.0,2462.0,6656.0,146.0,394.0,212.0,-232.0,2250.0,6887.0,42.0,108.0,107.0,2355.0,107.0,0.0,107.0,0.0,0.0,0.0,0.0,0.0,2462.0,0.0,0.0,0.0,0.0,0.0,0.0,107.0,0.0,0.0,0.0,0.0,0.0,0.0,105.0,0.0,0.0,0.0,0.0,0.0,0.0,2250.0,0.0,0.0,0.0,0.0,0.0,0.0,37948.0,0.0,0.0,0.0,0.0,0.0,0.0
S00291_PONTA,0, ,5084.0," ""GERAL""       ",0.0,539.0,0.0,193.0,4905.0,422.0,1719.0,1724.0,0.0,0.0,207.0,179.0,360.0,1013.0,121.0,342.0,31.0,2.0,330.0,1011.0,11.0,110.0,4.0,357.0,4.0,0.0,4.0,0.0,0.0,0.0,0.0,0.0,360.0,0.0,0.0,0.0,0.0,0.0,0.0,4.0,0.0,0.0,0.0,0.0,0.0,0.0,27.0,0.0,0.0,0.0,0.0,0.0,0.0,330.0,0.0,0.0,0.0,0.0,0.0,0.0,4905.0,0.0,0.0,0.0,0.0,0.0,0.0
S00292_FORA_PONTA,0, ,5105.0," ""GERAL""       ",43988.0,3239.0,4474.0,4482.0,33577.0,2769.0,2211.0,2215.0,0.0,0.0,1441.0,1251.0,2445.0,6620.0,147.0,399.0,189.0,-287.0,2256.0,6907.0,43.0,108.0,91.0,2354.0,91.0,0.0,91.0,0.0,0.0,0.0,0.0,0.0,2445.0,0.0,0.0,0.0,0.0,0.0,0.0,91.0,0.0,0.0,0.0,0.0,0.0,0.0,98.0,0.0,0.0,0.0,0.0,0.0,0.0,2256.0,0.0,0.0,0.0,0.0,0.0,0.0,33577.0,0.0,0.0,0.0,0.0,0.0,0.0
S00293_PONTA,0, ,5108.0," ""GERAL""       ",0.0,536.0,0.0,225.0,4620.0,431.0,1624.0,1635.0,0.0,0.0,207.0,179.0,358.0,1002.0,120.0,339.0,28.0,-9.0,330.0,1011.0,10.0,110.0,3.0,354.0,3.0,0.0,3.0,0.0,0.0,0.0,0.0,0.0,358.0,0.0,0.0,0.0,0.0,0.0,0.0,3.0,0.0,0.0,0.0,0.0,0.0,0.0,24.0,0.0,0.0,0.0,0.0,0.0,0.0,330.0,0.0,0.0,0.0,0.0,0.0,0.0,4620.0,0.0,0.0,0.0,0.0,0.0,0.0
S00294_FORA_PONTA,0, ,5177.0," ""GERAL""       ",117060.0,9775.0,4475.0,4482.0,99419.0,8892.0,2971.0,2974.0,0.0,0.0,4741.0,4114.0,7817.0,21180.0,148.0,405.0,368.0,-1630.0,7449.0,22810.0,44.0,109.0,186.0,7631.0,186.0,0.0,186.0,0.0,0.0,0.0,0.0,0.0,7817.0,0.0,0.0,0.0,0.0,0.0,0.0,186.0,0.0,0.0,0.0,0.0,0.0,0.0,182.0,0.0,0.0,0.0,0.0,0.0,0.0,7449.0,0.0,0.0,0.0,0.0,0.0,0.0,99419.0,0.0,0.0,0.0,0.0,0.0,0.0
S00295_PONTA,0, ,5180.0," ""GERAL""       ",0.0,617.0,0.0,291.0,5957.0,448.0,2139.0,2144.0,0.0,0.0,207.0,179.0,374.0,1065.0,127.0,365.0,44.0,55.0,330.0,1010.0,17.0,110.0,6.0,368.0,6.0,0.0,6.0,0.0,0.0,0.0,0.0,0.0,374.0,0.0,0.0,0.0,0.0,0.0,0.0,6.0,0.0,0.0,0.0,0.0,0.0,0.0,39.0,0.0,0.0,0.0,0.0,0.0,0.0,330.0,0.0,0.0,0.0,0.0,0.0,0.0,5957.0,0.0,0.0,0.0,0.0,0.0,0.0
S00296_FORA_PONTA,0, ,5201.0," ""GERAL""       ",56793.0,3830.0,4470.0,4477.0,44888.0,3181.0,3121.0,3126.0,0.0,0.0,1437.0,1249.0,2505.0,6757.0,146.0,393.0,266.0,-98.0,2239.0,6855.0,42.0,108.0,138.0,2366.0,138.0,0.0,138.0,0.0,0.0,0.0,0.0,0.0,2505.0,0.0,0.0,0.0,0.0,0.0,0.0,138.0,0.0,0.0,0.0,0.0,0.0,0.0,127.0,0.0,0.0,0.0,0.0,0.0,0.0,2239.0,0.0,0.0,0.0,0.0,0.0,0.0,44888.0,0.0,0.0,0.0,0.0,0.0,0.0
S00297_PONTA,0, ,5204.0," ""GERAL""       ",0.0,735.0,0.0,317.0,6206.0,549.0,2274.0,2287.0,0.0,0.0,207.0,179.0,377.0,1082.0,129.0,377.0,48.0,72.0,329.0,1010.0,19.0,110.0,5.0,372.0,5.0,0.0,5.0,0.0,0.0,0.0,0.0,0.0,377.0,0.0,0.0,0.0,0.0,0.0,0.0,5.0,0.0,0.0,0.0,0.0,0.0,0.0,42.0,0.0,0.0,0.0,0.0,0.0,0.0,329.0,0.0,0.0,0.0,0.0,0.0,0.0,6206.0,0.0,0.0,0.0,0.0,0.0,0.0
S00298_FORA_PONTA,0, ,5225.0," ""GERAL""       ",52999.0,3642.0,4483.0,4490.0,41073.0,3050.0,2800.0,2803.0,0.0,0.0,1438.0,1250.0,2484.0,6712.0,146.0,395.0,240.0,-159.0,2244.0,6870.0,42.0,108.0,122.0,2362.0,122.0,0.0,122.0,0.0,0.0,0.0,0.0,0.0,2484.0,0.0,0.0,0.0,0.0,0.0,0.0,122.0,0.0,0.0,0.0,0.0,0.0,0.0,118.0,0.0,0.0,0.0,0.0,0.0,0.0,2244.0,0.0,0.0,0.0,0.0,0.0,0.0,41073.0,0.0,0.0,0.0,0.0,0.0,0.0
S00299_PONTA,0, ,5228.0," ""GERAL""       ",0.0,710.0,0.0,289.0,5981.0,539.0,2125.0,2136.0,0.0,0.0,207.0,179.0,374.0,1067.0,127.0,365.0,44.0,57.0,329.0,1010.0,17.0,110.0,5.0,368.0,5.0,0.0,5.0,0.0,0.0,0.0,0.0,0.0,374.0,0.0,0.0,0.0,0.0,0.0,0.0,5.0,0.0,0.0,0.0,0.0,0.0,0.0,39.0,0.0,0.0,0.0,0.0,0.0,0.0,329.0,0.0,0.0,0.0,0.0,0.0,0.0,5981.0,0.0,0.0,0.0,0.0,0.0,0.0
S00300_FORA_PONTA,0, ,5249.0," ""GERAL""       ",53146.0,3703.0,4470.0,4479.0,41054.0,3104.0,2920.0,2924.0,0.0,0.0,1438.0,1249.0,2486.0,6718.0,147.0,397.0,242.0,-151.0,2244.0,6869.0,42.0,108.0,122.0,2364.0,122.0,0.0,122.0,0.0,0.0,0.0,0.0,0.0,2486.0,0.0,0.0,0.0,0.0,0.0,0.0,122.0,0.0,0.0,0.0,0.0,0.0,0.0,120.0,0.0,0.0,0.0,0.0,0.0,0.0,2244.0,0.0,0.0,0.0,0.0,0.0,0.0,41054.0,0.0,0.0,0.0,0.0,0.0,0.0
S00301_PONTA,0, ,5252.0," ""GERAL""       ",0.0,599.0,0.0,268.0,5786.0,439.0,2043.0,2048.0,0.0,0.0,207.0,179.0,372.0,1057.0,126.0,358.0,42.0,46.0,330.0,1010.0,16.0,110.0,6.0,366.0,6.0,0.0,6.0,0.0,0.0,0.0,0.0,0.0,372.0,0.0,0.0,0.0,0.0,0.0,0.0,6.0,0.0,0.0,0.0,0.0,0.0,0.0,37.0,0.0,0.0,0.0,0.0,0.0,0.0,330.0,0.0,0.0,0.0,0.0,0.0,0.0,5786.0,0.0,0.0,0.0,0.0,0.0,0.0
S00302_FORA_PONTA,0, ,5273.0," ""GERAL""       ",55017.0,3974.0,4470.0,4477.0,43555.0,3351.0,3166.0,3173.0,0.0,0.0,1438.0,1249.0,2494.0,6734.0,147.0,399.0,253.0,-126.0,2241.0,6860.0,43.0,108.0,131.0,2363.0,131.0,0.0,131.0,0.0,0.0,0.0,0.0,0.0,2494.0,0.0,0.0,0.0,0.0,0.0,0.0,131.0,0.0,0.0,0.0,0.0,0.0,0.0,122.0,0.0,0.0,0.0,0.0,0.0,0.0,2241.0,0.0,0.0,0.0,0.0,0.0,0.0,43555.0,0.0,0.0,0.0,0.0,0.0,0.0
S00303_PONTA,0, ,5276.0," ""GERAL""       ",0.0,666.0,0.0,249.0,6809.0,450.0,2415.0,2420.0,0.0,0.0,207.0,179.0,387.0,1112.0,130.0,378.0,57.0,101.0,330.0,1010.0,21.0,110.0,8.0,379.0,8.0,0.0,8.0,0.0,0.0,0.0,0.0,0.0,387.0,0.0,0.0,0.0,0.0,0.0,0.0,8.0,0.0,0.0,0.0,0.0,0.0,0.0,50.0,0.0,0.0,0.0,0.0,0.0,0.0,330.0,0.0,0.0,0.0,0.0,0.0,0.0,6809.0,0.0,0.0,0.0,0.0,0.0,0.0
S00304_FORA_PONTA,0, ,5345.0," ""GERAL""       ",135772.0,10361.0,4466.0,4474.0,114785.0,9173.0,3694.0,3699.0,0.0,0.0,4736.0,4112.0,7915.0,21423.0,147.0,398.0,490.0,-1312.0,7425.0,22734.0,43.0,109.0,257.0,7657.0,257.0,0.0,257.0,0.0,0.0,0.0,0.0,0.0,7915.0,0.0,0.0,0.0,0.0,0.0,0.0,257.0,0.0,0.0,0.0,0.0,0.0,0.0,232.0,0.0,0.0,0.0,0.0,0.0,0.0,7425.0,0.0,0.0,0.0,0.0,0.0,0.0,114785.0,0.0,0.0,0.0,0.0,0.0,0.0
S00305_PONTA,0, ,5348.0," ""GERAL""       ",0.0,717.0,0.0,285.0,6694.0,506.0,2335.0,2341.0,0.0,0.0,207.0,179.0,384.0,1107.0,130.0,375.0,55.0,97.0,329.0,1010.0,20.0,110.0,6.0,378.0,6.0,0.0,6.0,0.0,0.0,0.0,0.0,0.0,384.0,0.0,0.0,0.0,0.0,0.0,0.0,6.0,0.0,0.0,0.0,0.0,0.0,0.0,48.0,0.0,0.0,0.0,0.0,0.0,0.0,329.0,0.0,0.0,0.0,0.0,0.0,0.0,6694.0,0.0,0.0,0.0,0.0,0.0,0.0
S00306_FORA_PONTA,0, ,5369.0," ""GERAL""       ",61644.0,4056.0,4466.0,4472.0,49038.0,3320.0,3612.0,3617.0,0.0,0.0,1436.0,1248.0,2536.0,6827.0,145.0,390.0,304.0,-8.0,2232.0,6834.0,41.0,108.0,162.0,2374.0,162.0,0.0,162.0,0.0,0.0,0.0,0.0,0.0,2536.0,0.0,0.0,0.0,0.0,0.0,0.0,162.0,0.0,0.0,0.0,0.0,0.0,0.0,141.0,0.0,0.0,0.0,0.0,0.0,0.0,2232.0,0.0,0.0,0.0,0.0,0.0,0.0,49038.0,0.0,0.0,0.0,0.0,0.0,0.0
S00307_PONTA,0, ,5372.0," ""GERAL""       ",0.0,673.0,0.0,340.0,5395.0,517.0,2265.0,2271.0,0.0,0.0,207.0,179.0,371.0,1052.0,129.0,370.0,41.0,42.0,329.0,1010.0,19.0,110.0,5.0,365.0,5.0,0.0,5.0,0.0,0.0,0.0,0.0,0.0,371.0,0.0,0.0,0.0,0.0,0.0,0.0,5.0,0.0,0.0,0.0,0.0,0.0,0.0,36.0,0.0,0.0,0.0,0.0,0.0,0.0,329.0,0.0,0.0,0.0,0.0,0.0,0.0,5395.0,0.0,0.0,0.0,0.0,0.0,0.0
S00308_FORA_PONTA,0, ,5393.0," ""GERAL""       ",57801.0,3576.0,4479.0,4485.0,46589.0,2930.0,3328.0,3331.0,0.0,0.0,1437.0,1249.0,2503.0,6751.0,144.0,387.0,265.0,-102.0,2238.0,6853.0,40.0,108.0,141.0,2362.0,141.0,0.0,141.0,0.0,0.0,0.0,0.0,0.0,2503.0,0.0,0.0,0.0,0.0,0.0,0.0,141.0,0.0,0.0,0.0,0.0,0.0,0.0,124.0,0.0,0.0,0.0,0.0,0.0,0.0,2238.0,0.0,0.0,0.0,0.0,0.0,0.0,46589.0,0.0,0.0,0.0,0.0,0.0,0.0
S00309_PONTA,0, ,5396.0," ""GERAL""       ",0.0,740.0,0.0,341.0,6405.0,545.0,2259.0,2275.0,0.0,0.0,207.0,179.0,380.0,1090.0,129.0,373.0,51.0,80.0,329.0,1010.0,19.0,110.0,6.0,374.0,6.0,0.0,6.0,0.0,0.0,0.0,0.0,0.0,380.0,0.0,0.0,0.0,0.0,0.0,0.0,6.0,0.0,0.0,0.0,0.0,0.0,0.0,44.0,0.0,0.0,0.0,0.0,0.0,0.0,329.0,0.0,0.0,0.0,0.0,0.0,0.0,6405.0,0.0,0.0,0.0,0.0,0.0,0.0
S00310_FORA_PONTA,0, ,5417.0," ""GERAL""       ",61698.0,3981.0,4467.0,4477.0,49274.0,3233.0,3722.0,3726.0,0.0,0.0,1436.0,1248.0,2538.0,6839.0,147.0,396.0,306.0,4.0,2232.0,6835.0,42.0,108.0,162.0,2376.0,162.0,0.0,162.0,0.0,0.0,0.0,0.0,0.0,2538.0,0.0,0.0,0.0,0.0,0.0,0.0,162.0,0.0,0.0,0.0,0.0,0.0,0.0,143.0,0.0,0.0,0.0,0.0,0.0,0.0,2232.0,0.0,0.0,0.0,0.0,0.0,0.0,49274.0,0.0,0.0,0.0,0.0,0.0,0.0
S00311_PONTA,0, ,5420.0," ""GERAL""       ",0.0,711.0,0.0,303.0,7273.0,466.0,2574.0,2577.0,0.0,0.0,207.0,179.0,394.0,1140.0,134.0,389.0,65.0,130.0,329.0,1010.0,24.0,110.0,9.0,386.0,9.0,0.0,9.0,0.0,0.0,0.0,0.0,0.0,394.0,0.0,0.0,0.0,0.0,0.0,0.0,9.0,0.0,0.0,0.0,0.0,0.0,0.0,56.0,0.0,0.0,0.0,0.0,0.0,0.0,329.0,0.0,0.0,0.0,0.0,0.0,0.0,7273.0,0.0,0.0,0.0,0.0,0.0,0.0
S00312_FORA_PONTA,0, ,5441.0," ""GERAL""       ",43225.0,2733.0,4462.0,4471.0,29678.0,2199.0,2232.0,2241.0,0.0,0.0,1441.0,1251.0,2472.0,6689.0,147.0,398.0,214.0,-224.0,2258.0,6913.0,42.0,109.0,102.0,2370.0,102.0,0.0,102.0,0.0,0.0,0.0,0.0,0.0,2472.0,0.0,0.0,0.0,0.0,0.0,0.0,102.0,0.0,0.0,0.0,0.0,0.0,0.0,112.0,0.0,0.0,0.0,0.0,0.0,0.0,2258.0,0.0,0.0,0.0,0.0,0.0,0.0,29678.0,0.0,0.0,0.0,0.0,0.0,0.0
S00313_PONTA,0, ,5444.0," ""GERAL""       ",0.0,522.0,0.0,204.0,4682.0,412.0,1636.0,1642.0,0.0,0.0,207.0,180.0,359.0,1008.0,121.0,340.0,29.0,-3.0,330.0,1011.0,11.0,110.0,3.0,356.0,3.0,0.0,3.0,0.0,0.0,0.0,0.0,0.0,359.0,0.0,0.0,0.0,0.0,0.0,0.0,3.0,0.0,0.0,0.0,0.0,0.0,0.0,26.0,0.0,0.0,0.0,0.0,0.0,0.0,330.0,0.0,0.0,0.0,0.0,0.0,0.0,4682.0,0.0,0.0,0.0,0.0,0.0,0.0
S00314_FORA_PONTA,0, ,5513.0," ""GERAL""       ",120809.0,8891.0,4483.0,4493.0,102632.0,7978.0,3185.0,3189.0,0.0,0.0,4741.0,4114.0,7827.0,21204.0,148.0,399.0,380.0,-1600.0,7447.0,22803.0,44.0,109.0,197.0,7630.0,197.0,0.0,197.0,0.0,0.0,0.0,0.0,0.0,7827.0,0.0,0.0,0.0,0.0,0.0,0.0,197.0,0.0,0.0,0.0,0.0,0.0,0.0,183.0,0.0,0.0,0.0,0.0,0.0,0.0,7447.0,0.0,0.0,0.0,0.0,0.0,0.0,102632.0,0.0,0.0,0.0,0.0,0.0,0.0
S00315_PONTA,0, ,5516.0," ""GERAL""       ",0.0,804.0,0.0,319.0,6450.0,604.0,2238.0,2245.0,0.0,0.0,207.0,179.0,380.0,1095.0,128.0,371.0,51.0,85.0,329.0,1009.0,18.0,110.0,5.0,375.0,5.0,0.0,5.0,0.0,0.0,0.0,0.0,0.0,380.0,0.0,0.0,0.0,0.0,0.0,0.0,5.0,0.0,0.0,0.0,0.0,0.0,0.0,45.0,0.0,0.0,0.0,0.0,0.0,0.0,329.0,0.0,0.0,0.0,0.0,0.0,0.0,6450.0,0.0,0.0,0.0,0.0,0.0,0.0
S00316_FORA_PONTA,0, ,5537.0," ""GERAL""       ",59260.0,4052.0,4468.0,4476.0,46828.0,3322.0,3278.0,3282.0,0.0,0.0,1437.0,1248.0,2531.0,6828.0,146.0,395.0,296.0,-14.0,2235.0,6843.0,42.0,108.0,154.0,2377.0,154.0,0.0,154.0,0.0,0.0,0.0,0.0,0.0,2531.0,0.0,0.0,0.0,0.0,0.0,0.0,154.0,0.0,0.0,0.0,0.0,0.0,0.0,141.0,0.0,0.0,0.0,0.0,0.0,0.0,2235.0,0.0,0.0,0.0,0.0,0.0,0.0,46828.0,0.0,0.0,0.0,0.0,0.0,0.0
S00317_PONTA,0, ,5540.0," ""GERAL""       ",0.0,711.0,0.0,273.0,6406.0,515.0,2248.0,2254.0,0.0,0.0,207.0,179.0,381.0,1092.0,128.0,369.0,51.0,82.0,329.0,1010.0,19.0,110.0,7.0,374.0,7.0,0.0,7.0,0.0,0.0,0.0,0.0,0.0,381.0,0.0,0.0,0.0,0.0,0.0,0.0,7.0,0.0,0.0,0.0,0.0,0.0,0.0,45.0,0.0,0.0,0.0,0.0,0.0,0.0,329.0,0.0,0.0,0.0,0.0,0.0,0.0,6406.0,0.0,0.0,0.0,0.0,0.0,0.0
S00318_FORA_PONTA,0, ,5561.0," ""GERAL""       ",57328.0,3777.0,4467.0,4474.0,44984.0,3111.0,3178.0,3184.0,0.0,0.0,1437.0,1249.0,2511.0,6772.0,146.0,393.0,272.0,-81.0,2238.0,6853.0,41.0,108.0,143.0,2368.0,143.0,0.0,143.0,0.0,0.0,0.0,0.0,0.0,2511.0,0.0,0.0,0.0,0.0,0.0,0.0,143.0,0.0,0.0,0.0,0.0,0.0,0.0,130.0,0.0,0.0,0.0,0.0,0.0,0.0,2238.0,0.0,0.0,0.0,0.0,0.0,0.0,44984.0,0.0,0.0,0.0,0.0,0.0,0.0
S00319_PONTA,0, ,5564.0," ""GERAL""       ",0.0,675.0,0.0,269.0,6270.0,490.0,2188.0,2197.0,0.0,0.0,207.0,179.0,378.0,1082.0,127.0,368.0,48.0,72.0,329.0,1010.0,18.0,110.0,6.0,372.0,6.0,0.0,6.0,0.0,0.0,0.0,0.0,0.0,378.0,0.0,0.0,0.0,0.0,0.0,0.0,6.0,0.0,0.0,0.0,0.0,0.0,0.0,43.0,0.0,0.0,0.0,0.0,0.0,0.0,329.0,0.0,0.0,0.0,0.0,0.0,0.0,6270.0,0.0,0.0,0.0,0.0,0.0,0.0
S00320_FORA_PONTA,0, ,5585.0," ""GERAL""       ",54183.0,3990.0,4469.0,4477.0,41757.0,3375.0,2843.0,2848.0,0.0,0.0,1438.0,1249.0,2493.0,6729.0,146.0,394.0,252.0,-134.0,2242.0,6863.0,42.0,108.0,130.0,2364.0,130.0,0.0,130.0,0.0,0.0,0.0,0.0,0.0,2493.0,0.0,0.0,0.0,0.0,0.0,0.0,130.0,0.0,0.0,0.0,0.0,0.0,0.0,122.0,0.0,0.0,0.0,0.0,0.0,0.0,2242.0,0.0,0.0,0.0,0.0,0.0,0.0,41757.0,0.0,0.0,0.0,0.0,0.0,0.0
S00321_PONTA,0, ,5588.0," ""GERAL""       ",0.0,739.0,0.0,331.0,5996.0,568.0,2153.0,2162.0,0.0,0.0,207.0,179.0,374.0,1066.0,127.0,365.0,45.0,57.0,329.0,1010.0,17.0,110.0,6.0,368.0,6.0,0.0,6.0,0.0,0.0,0.0,0.0,0.0,374.0,0.0,0.0,0.0,0.0,0.0,0.0,6.0,0.0,0.0,0.0,0.0,0.0,0.0,39.0,0.0,0.0,0.0,0.0,0.0,0.0,329.0,0.0,0.0,0.0,0.0,0.0,0.0,5996.0,0.0,0.0,0.0,0.0,0.0,0.0
S00322_FORA_PONTA,0, ,5609.0," ""GERAL""       ",53057.0,3778.0,4470.0,4478.0,41077.0,3171.0,2756.0,2759.0,0.0,0.0,1438.0,1249.0,2491.0,6726.0,148.0,400.0,247.0,-143.0,2244.0,6869.0,44.0,108.0,126.0,2365.0,126.0,0.0,126.0,0.0,0.0,0.0,0.0,0.0,2491.0,0.0,0.0,0.0,0.0,0.0,0.0,126.0,0.0,0.0,0.0,0.0,0.0,0.0,122.0,0.0,0.0,0.0,0.0,0.0,0.0,2244.0,0.0,0.0,0.0,0.0,0.0,0.0,41077.0,0.0,0.0,0.0,0.0,0.0,0.0
S00323_PONTA,0, ,5612.0," ""GERAL""       ",0.0,755.0,0.0,287.0,5796.0,597.0,2034.0,2046.0,0.0,0.0,207.0,179.0,371.0,1054.0,125.0,357.0,42.0,45.0,329.0,1009.0,15.0,110.0,6.0,366.0,6.0,0.0,6.0,0.0,0.0,0.0,0.0,0.0,371.0,0.0,0.0,0.0,0.0,0.0,0.0,6.0,0.0,0.0,0.0,0.0,0.0,0.0,36.0,0.0,0.0,0.0,0.0,0.0,0.0,329.0,0.0,0.0,0.0,0.0,0.0,0.0,5796.0,0.0,0.0,0.0,0.0,0.0,0.0
S00324_FORA_PONTA,0, ,5681.0," ""GERAL""       ",125338.0,10610.0,4469.0,4480.0,105776.0,9560.0,3447.0,3452.0,0.0,0.0,4739.0,4113.0,7870.0,21315.0,150.0,408.0,433.0,-1456.0,7437.0,22771.0,46.0,109.0,222.0,7648.0,222.0,0.0,222.0,0.0,0.0,0.0,0.0,0.0,7870.0,0.0,0.0,0.0,0.0,0.0,0.0,222.0,0.0,0.0,0.0,0.0,0.0,0.0,211.0,0.0,0.0,0.0,0.0,0.0,0.0,7437.0,0.0,0.0,0.0,0.0,0.0,0.0,105776.0,0.0,0.0,0.0,0.0,0.0,0.0
S00325_PONTA,0, ,5684.0," ""GERAL""       ",0.0,647.0,0.0,232.0,6561.0,446.0,2273.0,2277.0,0.0,0.0,207.0,179.0,383.0,1097.0,130.0,372.0,53.0,87.0,330.0,1010.0,20.0,110.0,7.0,376.0,7.0,0.0,7.0,0.0,0.0,0.0,0.0,0.0,383.0,0.0,0.0,0.0,0.0,0.0,0.0,7.0,0.0,0.0,0.0,0.0,0.0,0.0,46.0,0.0,0.0,0.0,0.0,0.0,0.0,330.0,0.0,0.0,0.0,0.0,0.0,0.0,6561.0,0.0,0.0,0.0,0.0,0.0,0.0
S00326_FORA_PONTA,0, ,5705.0," ""GERAL""       ",60682.0,4004.0,4465.0,4471.0,48112.0,3290.0,3412.0,3418.0,0.0,0.0,1436.0,1248.0,2527.0,6807.0,145.0,389.0,293.0,-31.0,2234.0,6839.0,40.0,108.0,156.0,2371.0,156.0,0.0,156.0,0.0,0.0,0.0,0.0,0.0,2527.0,0.0,0.0,0.0,0.0,0.0,0.0,156.0,0.0,0.0,0.0,0.0,0.0,0.0,137.0,0.0,0.0,0.0,0.0,0.0,0.0,2234.0,0.0,0.0,0.0,0.0,0.0,0.0,48112.0,0.0,0.0,0.0,0.0,0.0,0.0
S00327_PONTA,0, ,5708.0," ""GERAL""       ",0.0,805.0,0.0,333.0,7401.0,549.0,2552.0,2558.0,0.0,0.0,207.0,179.0,395.0,1151.0,133.0,390.0,66.0,142.0,329.0,1009.0,23.0,110.0,8.0,388.0,8.0,0.0,8.0,0.0,0.0,0.0,0.0,0.0,395.0,0.0,0.0,0.0,0.0,0.0,0.0,8.0,0.0,0.0,0.0,0.0,0.0,0.0,59.0,0.0,0.0,0.0,0.0,0.0,0.0,329.0,0.0,0.0,0.0,0.0,0.0,0.0,7401.0,0.0,0.0,0.0,0.0,0.0,0.0
S00328_FORA_PONTA,0, ,5729.0," ""GERAL""       ",59635.0,4080.0,4473.0,4484.0,45829.0,3355.0,3278.0,3284.0,0.0,0.0,1436.0,1248.0,2532.0,6822.0,146.0,395.0,297.0,-20.0,2235.0,6841.0,42.0,108.0,156.0,2376.0,156.0,0.0,156.0,0.0,0.0,0.0,0.0,0.0,2532.0,0.0,0.0,0.0,0.0,0.0,0.0,156.0,0.0,0.0,0.0,0.0,0.0,0.0,141.0,0.0,0.0,0.0,0.0,0.0,0.0,2235.0,0.0,0.0,0.0,0.0,0.0,0.0,45829.0,0.0,0.0,0.0,0.0,0.0,0.0
S00329_PONTA,0, ,5732.0," ""GERAL""       ",0.0,672.0,0.0,295.0,6107.0,496.0,2113.0,2119.0,0.0,0.0,207.0,179.0,375.0,1073.0,126.0,365.0,46.0,63.0,329.0,1010.0,16.0,110.0,6.0,370.0,6.0,0.0,6.0,0.0,0.0,0.0,0.0,0.0,375.0,0.0,0.0,0.0,0.0,0.0,0.0,6.0,0.0,0.0,0.0,0.0,0.0,0.0,40.0,0.0,0.0,0.0,0.0,0.0,0.0,329.0,0.0,0.0,0.0,0.0,0.0,0.0,6107.0,0.0,0.0,0.0,0.0,0.0,0.0
S00330_FORA_PONTA,0, ,5753.0," ""GERAL""       ",54943.0,3802.0,4475.0,4484.0,42612.0,3183.0,2991.0,2996.0,0.0,0.0,1438.0,1249.0,2495.0,6733.0,146.0,391.0,253.0,-129.0,2241.0,6862.0,42.0,108.0,131.0,2364.0,131.0,0.0,131.0,0.0,0.0,0.0,0.0,0.0,2495.0,0.0,0.0,0.0,0.0,0.0,0.0,131.0,0.0,0.0,0.0,0.0,0.0,0.0,122.0,0.0,0.0,0.0,0.0,0.0,0.0,2241.0,0.0,0.0,0.0,0.0,0.0,0.0,42612.0,0.0,0.0,0.0,0.0,0.0,0.0
S00331_PONTA,0, ,5756.0," ""GERAL""       ",0.0,630.0,0.0,275.0,5754.0,473.0,2024.0,2035.0,0.0,0.0,207.0,179.0,371.0,1054.0,125.0,358.0,41.0,43.0,330.0,1010.0,15.0,110.0,5.0,366.0,5.0,0.0,5.0,0.0,0.0,0.0,0.0,0.0,371.0,0.0,0.0,0.0,0.0,0.0,0.0,5.0,0.0,0.0,0.0,0.0,0.0,0.0,36.0,0.0,0.0,0.0,0.0,0.0,0.0,330.0,0.0,0.0,0.0,0.0,0.0,0.0,5754.0,0.0,0.0,0.0,0.0,0.0,0.0
S00332_FORA_PONTA,0, ,5777.0," ""GERAL""       ",50661.0,3874.0,4477.0,4486.0,39231.0,3316.0,2667.0,2672.0,0.0,0.0,1439.0,1250.0,2471.0,6683.0,147.0,397.0,225.0,-194.0,2246.0,6877.0,42.0,108.0,114.0,2358.0,114.0,0.0,114.0,0.0,0.0,0.0,0.0,0.0,2471.0,0.0,0.0,0.0,0.0,0.0,0.0,114.0,0.0,0.0,0.0,0.0,0.0,0.0,111.0,0.0,0.0,0.0,0.0,0.0,0.0,2246.0,0.0,0.0,0.0,0.0,0.0,0.0,39231.0,0.0,0.0,0.0,0.0,0.0,0.0
S00333_PONTA,0, ,5780.0," ""GERAL""       ",0.0,668.0,0.0,277.0,5152.0,540.0,1830.0,1840.0,0.0,0.0,207.0,179.0,363.0,1024.0,123.0,347.0,33.0,14.0,329.0,1010.0,13.0,110.0,4.0,359.0,4.0,0.0,4.0,0.0,0.0,0.0,0.0,0.0,363.0,0.0,0.0,0.0,0.0,0.0,0.0,4.0,0.0,0.0,0.0,0.0,0.0,0.0,29.0,0.0,0.0,0.0,0.0,0.0,0.0,329.0,0.0,0.0,0.0,0.0,0.0,0.0,5152.0,0.0,0.0,0.0,0.0,0.0,0.0
S00334_FORA_PONTA,0, ,5849.0," ""GERAL""       ",113401.0,10841.0,4473.0,4481.0,94555.0,10005.0,2637.0,2642.0,0.0,0.0,4742.0,4115.0,7798.0,21138.0,148.0,402.0,347.0,-1677.0,7451.0,22815.0,44.0,109.0,173.0,7624.0,173.0,0.0,173.0,0.0,0.0,0.0,0.0,0.0,7798.0,0.0,0.0,0.0,0.0,0.0,0.0,173.0,0.0,0.0,0.0,0.0,0.0,0.0,173.0,0.0,0.0,0.0,0.0,0.0,0.0,7451.0,0.0,0.0,0.0,0.0,0.0,0.0,94555.0,0.0,0.0,0.0,0.0,0.0,0.0
S00335_PONTA,0, ,5852.0," ""GERAL""       ",0.0,739.0,0.0,294.0,5712.0,584.0,1969.0,1979.0,0.0,0.0,207.0,179.0,371.0,1051.0,124.0,355.0,41.0,41.0,329.0,1010.0,15.0,110.0,6.0,365.0,6.0,0.0,6.0,0.0,0.0,0.0,0.0,0.0,371.0,0.0,0.0,0.0,0.0,0.0,0.0,6.0,0.0,0.0,0.0,0.0,0.0,0.0,36.0,0.0,0.0,0.0,0.0,0.0,0.0,329.0,0.0,0.0,0.0,0.0,0.0,0.0,5712.0,0.0,0.0,0.0,0.0,0.0,0.0
S00336_FORA_PONTA,0, ,5873.0," ""GERAL""       ",53099.0,4283.0,4470.0,4481.0,41525.0,3681.0,2838.0,2845.0,0.0,0.0,1438.0,1249.0,2482.0,6718.0,147.0,398.0,239.0,-147.0,2242.0,6865.0,42.0,108.0,120.0,2362.0,120.0,0.0,120.0,0.0,0.0,0.0,0.0,0.0,2482.0,0.0,0.0,0.0,0.0,0.0,0.0,120.0,0.0,0.0,0.0,0.0,0.0,0.0,119.0,0.0,0.0,0.0,0.0,0.0,0.0,2242.0,0.0,0.0,0.0,0.0,0.0,0.0,41525.0,0.0,0.0,0.0,0.0,0.0,0.0
S00337_PONTA,0, ,5876.0," ""GERAL""       ",0.0,826.0,0.0,310.0,6049.0,652.0,2204.0,2215.0,0.0,0.0,207.0,179.0,375.0,1070.0,128.0,369.0,46.0,61.0,329.0,1009.0,18.0,110.0,6.0,369.0,6.0,0.0,6.0,0.0,0.0,0.0,0.0,0.0,375.0,0.0,0.0,0.0,0.0,0.0,0.0,6.0,0.0,0.0,0.0,0.0,0.0,0.0,40.0,0.0,0.0,0.0,0.0,0.0,0.0,329.0,0.0,0.0,0.0,0.0,0.0,0.0,6049.0,0.0,0.0,0.0,0.0,0.0,0.0
S00338_FORA_PONTA,0, ,5897.0," ""GERAL""       ",53743.0,4518.0,4478.0,4488.0,41577.0,3896.0,2885.0,2891.0,0.0,0.0,1438.0,1249.0,2491.0,6734.0,147.0,398.0,250.0,-127.0,2241.0,6860.0,43.0,108.0,126.0,2365.0,126.0,0.0,126.0,0.0,0.0,0.0,0.0,0.0,2491.0,0.0,0.0,0.0,0.0,0.0,0.0,126.0,0.0,0.0,0.0,0.0,0.0,0.0,124.0,0.0,0.0,0.0,0.0,0.0,0.0,2241.0,0.0,0.0,0.0,0.0,0.0,0.0,41577.0,0.0,0.0,0.0,0.0,0.0,0.0
S00339_PONTA,0, ,5900.0," ""GERAL""       ",0.0,736.0,0.0,285.0,5783.0,577.0,2040.0,2052.0,0.0,0.0,207.0,179.0,372.0,1055.0,125.0,358.0,42.0,45.0,329.0,1010.0,15.0,110.0,6.0,366.0,6.0,0.0,6.0,0.0,0.0,0.0,0.0,0.0,372.0,0.0,0.0,0.0,0.0,0.0,0.0,6.0,0.0,0.0,0.0,0.0,0.0,0.0,36.0,0.0,0.0,0.0,0.0,0.0,0.0,329.0,0.0,0.0,0.0,0.0,0.0,0.0,5783.0,0.0,0.0,0.0,0.0,0.0,0.0
S00340_FORA_PONTA,0, ,5921.0," ""GERAL""       ",51574.0,3995.0,4472.0,4482.0,39952.0,3400.0,2741.0,2744.0,0.0,0.0,1439.0,1250.0,2484.0,6717.0,148.0,401.0,240.0,-155.0,2245.0,6872.0,44.0,108.0,120.0,2365.0,120.0,0.0,120.0,0.0,0.0,0.0,0.0,0.0,2484.0,0.0,0.0,0.0,0.0,0.0,0.0,120.0,0.0,0.0,0.0,0.0,0.0,0.0,120.0,0.0,0.0,0.0,0.0,0.0,0.0,2245.0,0.0,0.0,0.0,0.0,0.0,0.0,39952.0,0.0,0.0,0.0,0.0,0.0,0.0
S00341_PONTA,0, ,5924.0," ""GERAL""       ",0.0,582.0,0.0,241.0,5763.0,426.0,2012.0,2020.0,0.0,0.0,207.0,179.0,371.0,1053.0,125.0,355.0,42.0,42.0,330.0,1011.0,15.0,110.0,5.0,366.0,5.0,0.0,5.0,0.0,0.0,0.0,0.0,0.0,371.0,0.0,0.0,0.0,0.0,0.0,0.0,5.0,0.0,0.0,0.0,0.0,0.0,0.0,36.0,0.0,0.0,0.0,0.0,0.0,0.0,330.0,0.0,0.0,0.0,0.0,0.0,0.0,5763.0,0.0,0.0,0.0,0.0,0.0,0.0
S00342_FORA_PONTA,0, ,5945.0," ""GERAL""       ",51693.0,3936.0,4470.0,4476.0,40208.0,3364.0,2760.0,2766.0,0.0,0.0,1439.0,1250.0,2477.0,6694.0,146.0,397.0,232.0,-179.0,2245.0,6873.0,42.0,108.0,118.0,2359.0,118.0,0.0,118.0,0.0,0.0,0.0,0.0,0.0,2477.0,0.0,0.0,0.0,0.0,0.0,0.0,118.0,0.0,0.0,0.0,0.0,0.0,0.0,114.0,0.0,0.0,0.0,0.0,0.0,0.0,2245.0,0.0,0.0,0.0,0.0,0.0,0.0,40208.0,0.0,0.0,0.0,0.0,0.0,0.0
S00343_PONTA,0, ,5948.0," ""GERAL""       ",0.0,701.0,0.0,277.0,6398.0,510.0,2246.0,2253.0,0.0,0.0,207.0,179.0,380.0,1086.0,129.0,369.0,51.0,76.0,329.0,1010.0,20.0,110.0,7.0,373.0,7.0,0.0,7.0,0.0,0.0,0.0,0.0,0.0,380.0,0.0,0.0,0.0,0.0,0.0,0.0,7.0,0.0,0.0,0.0,0.0,0.0,0.0,44.0,0.0,0.0,0.0,0.0,0.0,0.0,329.0,0.0,0.0,0.0,0.0,0.0,0.0,6398.0,0.0,0.0,0.0,0.0,0.0,0.0
S00344_FORA_PONTA,0, ,6017.0," ""GERAL""       ",124650.0,9882.0,4479.0,4489.0,104322.0,8859.0,3019.0,3024.0,0.0,0.0,4740.0,4113.0,7864.0,21295.0,148.0,401.0,424.0,-1485.0,7440.0,22780.0,43.0,109.0,220.0,7644.0,220.0,0.0,220.0,0.0,0.0,0.0,0.0,0.0,7864.0,0.0,0.0,0.0,0.0,0.0,0.0,220.0,0.0,0.0,0.0,0.0,0.0,0.0,204.0,0.0,0.0,0.0,0.0,0.0,0.0,7440.0,0.0,0.0,0.0,0.0,0.0,0.0,104322.0,0.0,0.0,0.0,0.0,0.0,0.0
S00345_PONTA,0, ,6020.0," ""GERAL""       ",0.0,767.0,0.0,324.0,6316.0,577.0,2246.0,2260.0,0.0,0.0,207.0,179.0,379.0,1086.0,129.0,371.0,50.0,77.0,329.0,1009.0,19.0,110.0,6.0,373.0,6.0,0.0,6.0,0.0,0.0,0.0,0.0,0.0,379.0,0.0,0.0,0.0,0.0,0.0,0.0,6.0,0.0,0.0,0.0,0.0,0.0,0.0,44.0,0.0,0.0,0.0,0.0,0.0,0.0,329.0,0.0,0.0,0.0,0.0,0.0,0.0,6316.0,0.0,0.0,0.0,0.0,0.0,0.0
S00346_FORA_PONTA,0, ,6041.0," ""GERAL""       ",53363.0,3835.0,4468.0,4476.0,40751.0,3211.0,2802.0,2810.0,0.0,0.0,1438.0,1249.0,2497.0,6741.0,148.0,399.0,254.0,-126.0,2243.0,6867.0,43.0,108.0,130.0,2367.0,130.0,0.0,130.0,0.0,0.0,0.0,0.0,0.0,2497.0,0.0,0.0,0.0,0.0,0.0,0.0,130.0,0.0,0.0,0.0,0.0,0.0,0.0,124.0,0.0,0.0,0.0,0.0,0.0,0.0,2243.0,0.0,0.0,0.0,0.0,0.0,0.0,40751.0,0.0,0.0,0.0,0.0,0.0,0.0
S00347_PONTA,0, ,6044.0," ""GERAL""       ",0.0,664.0,0.0,266.0,5819.0,503.0,2015.0,2021.0,0.0,0.0,207.0,179.0,372.0,1057.0,125.0,356.0,43.0,47.0,330.0,1010.0,15.0,110.0,6.0,366.0,6.0,0.0,6.0,0.0,0.0,0.0,0.0,0.0,372.0,0.0,0.0,0.0,0.0,0.0,0.0,6.0,0.0,0.0,0.0,0.0,0.0,0.0,37.0,0.0,0.0,0.0,0.0,0.0,0.0,330.0,0.0,0.0,0.0,0.0,0.0,0.0,5819.0,0.0,0.0,0.0,0.0,0.0,0.0
S00348_FORA_PONTA,0, ,6065.0," ""GERAL""       ",51086.0,3900.0,4468.0,4478.0,39209.0,3337.0,2455.0,2459.0,0.0,0.0,1439.0,1250.0,2474.0,6688.0,146.0,394.0,228.0,-188.0,2246.0,6875.0,41.0,108.0,115.0,2359.0,115.0,0.0,115.0,0.0,0.0,0.0,0.0,0.0,2474.0,0.0,0.0,0.0,0.0,0.0,0.0,115.0,0.0,0.0,0.0,0.0,0.0,0.0,113.0,0.0,0.0,0.0,0.0,0.0,0.0,2246.0,0.0,0.0,0.0,0.0,0.0,0.0,39209.0,0.0,0.0,0.0,0.0,0.0,0.0
S00349_PONTA,0, ,6068.0," ""GERAL""       ",0.0,689.0,0.0,287.0,5607.0,538.0,1975.0,1985.0,0.0,0.0,207.0,179.0,369.0,1048.0,124.0,355.0,39.0,38.0,329.0,1010.0,14.0,110.0,5.0,364.0,5.0,0.0,5.0,0.0,0.0,0.0,0.0,0.0,369.0,0.0,0.0,0.0,0.0,0.0,0.0,5.0,0.0,0.0,0.0,0.0,0.0,0.0,35.0,0.0,0.0,0.0,0.0,0.0,0.0,329.0,0.0,0.0,0.0,0.0,0.0,0.0,5607.0,0.0,0.0,0.0,0.0,0.0,0.0
S00350_FORA_PONTA,0, ,6089.0," ""GERAL""       ",49417.0,4003.0,4470.0,4483.0,38131.0,3469.0,2433.0,2438.0,0.0,0.0,1439.0,1250.0,2465.0,6662.0,146.0,394.0,217.0,-219.0,2248.0,6881.0,42.0,108.0,110.0,2354.0,110.0,0.0,110.0,0.0,0.0,0.0,0.0,0.0,2465.0,0.0,0.0,0.0,0.0,0.0,0.0,110.0,0.0,0.0,0.0,0.0,0.0,0.0,107.0,0.0,0.0,0.0,0.0,0.0,0.0,2248.0,0.0,0.0,0.0,0.0,0.0,0.0,38131.0,0.0,0.0,0.0,0.0,0.0,0.0
S00351_PONTA,0, ,6092.0," ""GERAL""       ",0.0,651.0,0.0,281.0,5580.0,503.0,1959.0,1968.0,0.0,0.0,207.0,179.0,369.0,1045.0,124.0,353.0,39.0,34.0,330.0,1010.0,14.0,110.0,5.0,364.0,5.0,0.0,5.0,0.0,0.0,0.0,0.0,0.0,369.0,0.0,0.0,0.0,0.0,0.0,0.0,5.0,0.0,0.0,0.0,0.0,0.0,0.0,34.0,0.0,0.0,0.0,0.0,0.0,0.0,330.0,0.0,0.0,0.0,0.0,0.0,0.0,5580.0,0.0,0.0,0.0,0.0,0.0,0.0
S00352_FORA_PONTA,0, ,6113.0," ""GERAL""       ",49793.0,4048.0,4471.0,4478.0,38158.0,3495.0,2539.0,2547.0,0.0,0.0,1439.0,1250.0,2469.0,6681.0,147.0,399.0,222.0,-199.0,2247.0,6879.0,43.0,108.0,110.0,2359.0,110.0,0.0,110.0,0.0,0.0,0.0,0.0,0.0,2469.0,0.0,0.0,0.0,0.0,0.0,0.0,110.0,0.0,0.0,0.0,0.0,0.0,0.0,112.0,0.0,0.0,0.0,0.0,0.0,0.0,2247.0,0.0,0.0,0.0,0.0,0.0,0.0,38158.0,0.0,0.0,0.0,0.0,0.0,0.0
S00353_PONTA,0, ,6116.0," ""GERAL""       ",0.0,578.0,0.0,231.0,5149.0,452.0,1780.0,1786.0,0.0,0.0,207.0,179.0,363.0,1023.0,122.0,345.0,33.0,13.0,330.0,1011.0,12.0,110.0,4.0,359.0,4.0,0.0,4.0,0.0,0.0,0.0,0.0,0.0,363.0,0.0,0.0,0.0,0.0,0.0,0.0,4.0,0.0,0.0,0.0,0.0,0.0,0.0,29.0,0.0,0.0,0.0,0.0,0.0,0.0,330.0,0.0,0.0,0.0,0.0,0.0,0.0,5149.0,0.0,0.0,0.0,0.0,0.0,0.0
S00354_FORA_PONTA,0, ,6185.0," ""GERAL""       ",116213.0,11044.0,4473.0,4482.0,97424.0,10174.0,2663.0,2668.0,0.0,0.0,4741.0,4114.0,7807.0,21161.0,148.0,401.0,360.0,-1642.0,7447.0,22802.0,44.0,109.0,182.0,7625.0,182.0,0.0,182.0,0.0,0.0,0.0,0.0,0.0,7807.0,0.0,0.0,0.0,0.0,0.0,0.0,182.0,0.0,0.0,0.0,0.0,0.0,0.0,178.0,0.0,0.0,0.0,0.0,0.0,0.0,7447.0,0.0,0.0,0.0,0.0,0.0,0.0,97424.0,0.0,0.0,0.0,0.0,0.0,0.0
S00355_PONTA,0, ,6188.0," ""GERAL""       ",0.0,611.0,0.0,239.0,5717.0,454.0,1994.0,2001.0,0.0,0.0,207.0,179.0,370.0,1053.0,125.0,356.0,41.0,43.0,330.0,1010.0,15.0,110.0,4.0,366.0,4.0,0.0,4.0,0.0,0.0,0.0,0.0,0.0,370.0,0.0,0.0,0.0,0.0,0.0,0.0,4.0,0.0,0.0,0.0,0.0,0.0,0.0,36.0,0.0,0.0,0.0,0.0,0.0,0.0,330.0,0.0,0.0,0.0,0.0,0.0,0.0,5717.0,0.0,0.0,0.0,0.0,0.0,0.0
S00356_FORA_PONTA,0, ,6209.0," ""GERAL""       ",51195.0,4078.0,4472.0,4480.0,39739.0,3511.0,2723.0,2731.0,0.0,0.0,1439.0,1250.0,2476.0,6689.0,147.0,399.0,231.0,-184.0,2245.0,6874.0,43.0,108.0,118.0,2359.0,118.0,0.0,118.0,0.0,0.0,0.0,0.0,0.0,2476.0,0.0,0.0,0.0,0.0,0.0,0.0,118.0,0.0,0.0,0.0,0.0,0.0,0.0,113.0,0.0,0.0,0.0,0.0,0.0,0.0,2245.0,0.0,0.0,0.0,0.0,0.0,0.0,39739.0,0.0,0.0,0.0,0.0,0.0,0.0
S00357_PONTA,0, ,6212.0," ""GERAL""       ",0.0,771.0,0.0,300.0,5644.0,619.0,1967.0,1980.0,0.0,0.0,207.0,179.0,369.0,1047.0,124.0,353.0,40.0,38.0,329.0,1009.0,14.0,110.0,5.0,364.0,5.0,0.0,5.0,0.0,0.0,0.0,0.0,0.0,369.0,0.0,0.0,0.0,0.0,0.0,0.0,5.0,0.0,0.0,0.0,0.0,0.0,0.0,35.0,0.0,0.0,0.0,0.0,0.0,0.0,329.0,0.0,0.0,0.0,0.0,0.0,0.0,5644.0,0.0,0.0,0.0,0.0,0.0,0.0
S00358_FORA_PONTA,0, ,6233.0," ""GERAL""       ",51366.0,4515.0,4470.0,4480.0,39882.0,3949.0,2704.0,2713.0,0.0,0.0,1438.0,1249.0,2474.0,6685.0,147.0,399.0,230.0,-185.0,2244.0,6870.0,43.0,108.0,117.0,2357.0,117.0,0.0,117.0,0.0,0.0,0.0,0.0,0.0,2474.0,0.0,0.0,0.0,0.0,0.0,0.0,117.0,0.0,0.0,0.0,0.0,0.0,0.0,113.0,0.0,0.0,0.0,0.0,0.0,0.0,2244.0,0.0,0.0,0.0,0.0,0.0,0.0,39882.0,0.0,0.0,0.0,0.0,0.0,0.0
S00359_PONTA,0, ,6236.0," ""GERAL""       ",0.0,763.0,0.0,317.0,5729.0,608.0,2003.0,2016.0,0.0,0.0,207.0,179.0,370.0,1051.0,125.0,358.0,41.0,42.0,329.0,1009.0,15.0,110.0,5.0,365.0,5.0,0.0,5.0,0.0,0.0,0.0,0.0,0.0,370.0,0.0,0.0,0.0,0.0,0.0,0.0,5.0,0.0,0.0,0.0,0.0,0.0,0.0,36.0,0.0,0.0,0.0,0.0,0.0,0.0,329.0,0.0,0.0,0.0,0.0,0.0,0.0,5729.0,0.0,0.0,0.0,0.0,0.0,0.0
S00360_FORA_PONTA,0, ,6257.0," ""GERAL""       ",53761.0,4789.0,4469.0,4481.0,42260.0,4179.0,3322.0,3330.0,0.0,0.0,1438.0,1249.0,2488.0,6721.0,147.0,397.0,247.0,-138.0,2240.0,6859.0,42.0,108.0,127.0,2361.0,127.0,0.0,127.0,0.0,0.0,0.0,0.0,0.0,2488.0,0.0,0.0,0.0,0.0,0.0,0.0,127.0,0.0,0.0,0.0,0.0,0.0,0.0,121.0,0.0,0.0,0.0,0.0,0.0,0.0,2240.0,0.0,0.0,0.0,0.0,0.0,0.0,42260.0,0.0,0.0,0.0,0.0,0.0,0.0
S00361_PONTA,0, ,6260.0," ""GERAL""       ",0.0,764.0,0.0,295.0,5993.0,594.0,2086.0,2099.0,0.0,0.0,207.0,179.0,375.0,1066.0,126.0,360.0,46.0,56.0,329.0,1009.0,17.0,110.0,7.0,368.0,7.0,0.0,7.0,0.0,0.0,0.0,0.0,0.0,375.0,0.0,0.0,0.0,0.0,0.0,0.0,7.0,0.0,0.0,0.0,0.0,0.0,0.0,39.0,0.0,0.0,0.0,0.0,0.0,0.0,329.0,0.0,0.0,0.0,0.0,0.0,0.0,5993.0,0.0,0.0,0.0,0.0,0.0,0.0
S00362_FORA_PONTA,0, ,6281.0," ""GERAL""       ",54763.0,5023.0,4471.0,4482.0,42518.0,4388.0,3074.0,3085.0,0.0,0.0,1437.0,1249.0,2495.0,6742.0,147.0,399.0,256.0,-111.0,2238.0,6853.0,43.0,108.0,129.0,2365.0,129.0,0.0,129.0,0.0,0.0,0.0,0.0,0.0,2495.0,0.0,0.0,0.0,0.0,0.0,0.0,129.0,0.0,0.0,0.0,0.0,0.0,0.0,127.0,0.0,0.0,0.0,0.0,0.0,0.0,2238.0,0.0,0.0,0.0,0.0,0.0,0.0,42518.0,0.0,0.0,0.0,0.0,0.0,0.0
S00363_PONTA,0, ,6284.0," ""GERAL""       ",0.0,815.0,0.0,318.0,5731.0,659.0,2032.0,2047.0,0.0,0.0,207.0,179.0,371.0,1051.0,125.0,356.0,42.0,42.0,329.0,1009.0,16.0,110.0,6.0,365.0,6.0,0.0,6.0,0.0,0.0,0.0,0.0,0.0,371.0,0.0,0.0,0.0,0.0,0.0,0.0,6.0,0.0,0.0,0.0,0.0,0.0,0.0,36.0,0.0,0.0,0.0,0.0,0.0,0.0,329.0,0.0,0.0,0.0,0.0,0.0,0.0,5731.0,0.0,0.0,0.0,0.0,0.0,0.0
S00364_FORA_PONTA,0, ,6353.0," ""GERAL""       ",117077.0,11925.0,4470.0,4482.0,97796.0,11001.0,2541.0,2547.0,0.0,0.0,4740.0,4114.0,7822.0,21207.0,147.0,397.0,379.0,-1585.0,7443.0,22792.0,43.0,109.0,189.0,7633.0,189.0,0.0,189.0,0.0,0.0,0.0,0.0,0.0,7822.0,0.0,0.0,0.0,0.0,0.0,0.0,189.0,0.0,0.0,0.0,0.0,0.0,0.0,189.0,0.0,0.0,0.0,0.0,0.0,0.0,7443.0,0.0,0.0,0.0,0.0,0.0,0.0,97796.0,0.0,0.0,0.0,0.0,0.0,0.0
S00365_PONTA,0, ,6356.0," ""GERAL""       ",0.0,701.0,0.0,282.0,5606.0,550.0,1939.0,1946.0,0.0,0.0,207.0,179.0,369.0,1047.0,124.0,352.0,39.0,37.0,329.0,1010.0,14.0,110.0,5.0,364.0,5.0,0.0,5.0,0.0,0.0,0.0,0.0,0.0,369.0,0.0,0.0,0.0,0.0,0.0,0.0,5.0,0.0,0.0,0.0,0.0,0.0,0.0,34.0,0.0,0.0,0.0,0.0,0.0,0.0,329.0,0.0,0.0,0.0,0.0,0.0,0.0,5606.0,0.0,0.0,0.0,0.0,0.0,0.0
S00366_FORA_PONTA,0, ,6377.0," ""GERAL""       ",51088.0,4316.0,4470.0,4479.0,39634.0,3751.0,2600.0,2605.0,0.0,0.0,1439.0,1250.0,2473.0,6686.0,147.0,397.0,228.0,-186.0,2245.0,6872.0,43.0,108.0,116.0,2357.0,116.0,0.0,116.0,0.0,0.0,0.0,0.0,0.0,2473.0,0.0,0.0,0.0,0.0,0.0,0.0,116.0,0.0,0.0,0.0,0.0,0.0,0.0,113.0,0.0,0.0,0.0,0.0,0.0,0.0,2245.0,0.0,0.0,0.0,0.0,0.0,0.0,39634.0,0.0,0.0,0.0,0.0,0.0,0.0
S00367_PONTA,0, ,6380.0," ""GERAL""       ",0.0,655.0,0.0,286.0,5603.0,505.0,1962.0,1970.0,0.0,0.0,207.0,179.0,369.0,1046.0,124.0,354.0,39.0,36.0,330.0,1010.0,14.0,110.0,5.0,364.0,5.0,0.0,5.0,0.0,0.0,0.0,0.0,0.0,369.0,0.0,0.0,0.0,0.0,0.0,0.0,5.0,0.0,0.0,0.0,0.0,0.0,0.0,34.0,0.0,0.0,0.0,0.0,0.0,0.0,330.0,0.0,0.0,0.0,0.0,0.0,0.0,5603.0,0.0,0.0,0.0,0.0,0.0,0.0
S00368_FORA_PONTA,0, ,6401.0," ""GERAL""       ",50171.0,3768.0,4471.0,4478.0,38654.0,3218.0,2530.0,2535.0,0.0,0.0,1439.0,1250.0,2469.0,6678.0,147.0,399.0,222.0,-202.0,2247.0,6880.0,43.0,108.0,112.0,2358.0,112.0,0.0,112.0,0.0,0.0,0.0,0.0,0.0,2469.0,0.0,0.0,0.0,0.0,0.0,0.0,112.0,0.0,0.0,0.0,0.0,0.0,0.0,110.0,0.0,0.0,0.0,0.0,0.0,0.0,2247.0,0.0,0.0,0.0,0.0,0.0,0.0,38654.0,0.0,0.0,0.0,0.0,0.0,0.0
S00369_PONTA,0, ,6404.0," ""GERAL""       ",0.0,679.0,0.0,272.0,5437.0,538.0,1849.0,1863.0,0.0,0.0,207.0,179.0,366.0,1037.0,123.0,349.0,37.0,28.0,329.0,1010.0,13.0,110.0,5.0,362.0,5.0,0.0,5.0,0.0,0.0,0.0,0.0,0.0,366.0,0.0,0.0,0.0,0.0,0.0,0.0,5.0,0.0,0.0,0.0,0.0,0.0,0.0,32.0,0.0,0.0,0.0,0.0,0.0,0.0,329.0,0.0,0.0,0.0,0.0,0.0,0.0,5437.0,0.0,0.0,0.0,0.0,0.0,0.0
S00370_FORA_PONTA,0, ,6425.0," ""GERAL""       ",50458.0,4063.0,4470.0,4479.0,39024.0,3512.0,2546.0,2552.0,0.0,0.0,1439.0,1250.0,2471.0,6676.0,147.0,397.0,224.0,-201.0,2246.0,6876.0,43.0,108.0,114.0,2356.0,114.0,0.0,114.0,0.0,0.0,0.0,0.0,0.0,2471.0,0.0,0.0,0.0,0.0,0.0,0.0,114.0,0.0,0.0,0.0,0.0,0.0,0.0,110.0,0.0,0.0,0.0,0.0,0.0,0.0,2246.0,0.0,0.0,0.0,0.0,0.0,0.0,39024.0,0.0,0.0,0.0,0.0,0.0,0.0
S00371_PONTA,0, ,6428.0," ""GERAL""       ",0.0,650.0,0.0,249.0,5422.0,511.0,1888.0,1895.0,0.0,0.0,207.0,179.0,367.0,1035.0,123.0,349.0,37.0,25.0,330.0,1010.0,13.0,110.0,5.0,362.0,5.0,0.0,5.0,0.0,0.0,0.0,0.0,0.0,367.0,0.0,0.0,0.0,0.0,0.0,0.0,5.0,0.0,0.0,0.0,0.0,0.0,0.0,32.0,0.0,0.0,0.0,0.0,0.0,0.0,330.0,0.0,0.0,0.0,0.0,0.0,0.0,5422.0,0.0,0.0,0.0,0.0,0.0,0.0
S00372_FORA_PONTA,0, ,6449.0," ""GERAL""       ",49769.0,3897.0,4470.0,4479.0,38261.0,3349.0,2509.0,2513.0,0.0,0.0,1439.0,1250.0,2468.0,6676.0,147.0,396.0,220.0,-205.0,2247.0,6880.0,42.0,108.0,110.0,2358.0,110.0,0.0,110.0,0.0,0.0,0.0,0.0,0.0,2468.0,0.0,0.0,0.0,0.0,0.0,0.0,110.0,0.0,0.0,0.0,0.0,0.0,0.0,110.0,0.0,0.0,0.0,0.0,0.0,0.0,2247.0,0.0,0.0,0.0,0.0,0.0,0.0,38261.0,0.0,0.0,0.0,0.0,0.0,0.0
S00373_PONTA,0, ,6452.0," ""GERAL""       ",0.0,619.0,0.0,242.0,5156.0,491.0,1793.0,1800.0,0.0,0.0,207.0,179.0,363.0,1024.0,122.0,345.0,34.0,14.0,330.0,1010.0,12.0,110.0,4.0,359.0,4.0,0.0,4.0,0.0,0.0,0.0,0.0,0.0,363.0,0.0,0.0,0.0,0.0,0.0,0.0,4.0,0.0,0.0,0.0,0.0,0.0,0.0,29.0,0.0,0.0,0.0,0.0,0.0,0.0,330.0,0.0,0.0,0.0,0.0,0.0,0.0,5156.0,0.0,0.0,0.0,0.0,0.0,0.0
S00374_FORA_PONTA,0, ,6521.0," ""GERAL""       ",118933.0,10693.0,4472.0,4480.0,100121.0,9800.0,2495.0,2503.0,0.0,0.0,4741.0,4114.0,7815.0,21178.0,148.0,402.0,370.0,-1617.0,7445.0,22795.0,44.0,109.0,189.0,7626.0,189.0,0.0,189.0,0.0,0.0,0.0,0.0,0.0,7815.0,0.0,0.0,0.0,0.0,0.0,0.0,189.0,0.0,0.0,0.0,0.0,0.0,0.0,181.0,0.0,0.0,0.0,0.0,0.0,0.0,7445.0,0.0,0.0,0.0,0.0,0.0,0.0,100121.0,0.0,0.0,0.0,0.0,0.0,0.0
S00375_PONTA,0, ,6524.0," ""GERAL""       ",0.0,692.0,0.0,254.0,5674.0,541.0,2006.0,2015.0,0.0,0.0,207.0,179.0,370.0,1048.0,125.0,355.0,40.0,38.0,329.0,1010.0,15.0,110.0,5.0,364.0,5.0,0.0,5.0,0.0,0.0,0.0,0.0,0.0,370.0,0.0,0.0,0.0,0.0,0.0,0.0,5.0,0.0,0.0,0.0,0.0,0.0,0.0,35.0,0.0,0.0,0.0,0.0,0.0,0.0,329.0,0.0,0.0,0.0,0.0,0.0,0.0,5674.0,0.0,0.0,0.0,0.0,0.0,0.0
S00376_FORA_PONTA,0, ,6545.0," ""GERAL""       ",51413.0,3943.0,4470.0,4481.0,39863.0,3371.0,2703.0,2707.0,0.0,0.0,1439.0,1250.0,2477.0,6695.0,147.0,399.0,232.0,-179.0,2245.0,6874.0,43.0,108.0,117.0,2360.0,117.0,0.0,117.0,0.0,0.0,0.0,0.0,0.0,2477.0,0.0,0.0,0.0,0.0,0.0,0.0,117.0,0.0,0.0,0.0,0.0,0.0,0.0,114.0,0.0,0.0,0.0,0.0,0.0,0.0,2245.0,0.0,0.0,0.0,0.0,0.0,0.0,39863.0,0.0,0.0,0.0,0.0,0.0,0.0
S00377_PONTA,0, ,6548.0," ""GERAL""       ",0.0,646.0,0.0,240.0,5753.0,491.0,2009.0,2015.0,0.0,0.0,207.0,179.0,371.0,1052.0,125.0,356.0,41.0,42.0,330.0,1010.0,15.0,110.0,5.0,365.0,5.0,0.0,5.0,0.0,0.0,0.0,0.0,0.0,371.0,0.0,0.0,0.0,0.0,0.0,0.0,5.0,0.0,0.0,0.0,0.0,0.0,0.0,36.0,0.0,0.0,0.0,0.0,0.0,0.0,330.0,0.0,0.0,0.0,0.0,0.0,0.0,5753.0,0.0,0.0,0.0,0.0,0.0,0.0
S00378_FORA_PONTA,0, ,6569.0," ""GERAL""       ",51862.0,4135.0,4481.0,4492.0,40371.0,3554.0,2725.0,2729.0,0.0,0.0,1438.0,1250.0,2481.0,6701.0,146.0,397.0,237.0,-169.0,2244.0,6871.0,42.0,108.0,117.0,2364.0,117.0,0.0,117.0,0.0,0.0,0.0,0.0,0.0,2481.0,0.0,0.0,0.0,0.0,0.0,0.0,117.0,0.0,0.0,0.0,0.0,0.0,0.0,120.0,0.0,0.0,0.0,0.0,0.0,0.0,2244.0,0.0,0.0,0.0,0.0,0.0,0.0,40371.0,0.0,0.0,0.0,0.0,0.0,0.0
S00379_PONTA,0, ,6572.0," ""GERAL""       ",0.0,765.0,0.0,294.0,5886.0,600.0,2072.0,2081.0,0.0,0.0,207.0,179.0,373.0,1060.0,126.0,359.0,43.0,51.0,329.0,1009.0,16.0,110.0,5.0,368.0,5.0,0.0,5.0,0.0,0.0,0.0,0.0,0.0,373.0,0.0,0.0,0.0,0.0,0.0,0.0,5.0,0.0,0.0,0.0,0.0,0.0,0.0,38.0,0.0,0.0,0.0,0.0,0.0,0.0,329.0,0.0,0.0,0.0,0.0,0.0,0.0,5886.0,0.0,0.0,0.0,0.0,0.0,0.0
S00380_FORA_PONTA,0, ,6593.0," ""GERAL""       ",51360.0,4216.0,4471.0,4481.0,39875.0,3646.0,2832.0,2839.0,0.0,0.0,1438.0,1250.0,2478.0,6692.0,147.0,398.0,233.0,-180.0,2245.0,6872.0,43.0,108.0,116.0,2362.0,116.0,0.0,116.0,0.0,0.0,0.0,0.0,0.0,2478.0,0.0,0.0,0.0,0.0,0.0,0.0,116.0,0.0,0.0,0.0,0.0,0.0,0.0,117.0,0.0,0.0,0.0,0.0,0.0,0.0,2245.0,0.0,0.0,0.0,0.0,0.0,0.0,39875.0,0.0,0.0,0.0,0.0,0.0,0.0
S00381_PONTA,0, ,6596.0," ""GERAL""       ",0.0,679.0,0.0,237.0,5715.0,525.0,1977.0,1983.0,0.0,0.0,207.0,179.0,371.0,1051.0,125.0,354.0,42.0,41.0,329.0,1010.0,15.0,110.0,6.0,365.0,6.0,0.0,6.0,0.0,0.0,0.0,0.0,0.0,371.0,0.0,0.0,0.0,0.0,0.0,0.0,6.0,0.0,0.0,0.0,0.0,0.0,0.0,36.0,0.0,0.0,0.0,0.0,0.0,0.0,329.0,0.0,0.0,0.0,0.0,0.0,0.0,5715.0,0.0,0.0,0.0,0.0,0.0,0.0
S00382_FORA_PONTA,0, ,6617.0," ""GERAL""       ",52868.0,4783.0,4470.0,4481.0,41273.0,4186.0,2899.0,2906.0,0.0,0.0,1438.0,1249.0,2485.0,6711.0,147.0,398.0,243.0,-151.0,2241.0,6862.0,43.0,108.0,120.0,2364.0,120.0,0.0,120.0,0.0,0.0,0.0,0.0,0.0,2485.0,0.0,0.0,0.0,0.0,0.0,0.0,120.0,0.0,0.0,0.0,0.0,0.0,0.0,123.0,0.0,0.0,0.0,0.0,0.0,0.0,2241.0,0.0,0.0,0.0,0.0,0.0,0.0,41273.0,0.0,0.0,0.0,0.0,0.0,0.0
S00383_PONTA,0, ,6620.0," ""GERAL""       ",0.0,764.0,0.0,303.0,5461.0,621.0,1939.0,1953.0,0.0,0.0,207.0,179.0,368.0,1039.0,124.0,352.0,39.0,29.0,329.0,1009.0,14.0,110.0,6.0,362.0,6.0,0.0,6.0,0.0,0.0,0.0,0.0,0.0,368.0,0.0,0.0,0.0,0.0,0.0,0.0,6.0,0.0,0.0,0.0,0.0,0.0,0.0,33.0,0.0,0.0,0.0,0.0,0.0,0.0,329.0,0.0,0.0,0.0,0.0,0.0,0.0,5461.0,0.0,0.0,0.0,0.0,0.0,0.0
S00384_FORA_PONTA,0, ,6689.0," ""GERAL""       ",124688.0,14352.0,4471.0,4481.0,105944.0,13371.0,2920.0,2925.0,0.0,0.0,4737.0,4112.0,7840.0,21227.0,147.0,401.0,411.0,-1518.0,7428.0,22745.0,43.0,109.0,206.0,7634.0,206.0,0.0,206.0,0.0,0.0,0.0,0.0,0.0,7840.0,0.0,0.0,0.0,0.0,0.0,0.0,206.0,0.0,0.0,0.0,0.0,0.0,0.0,205.0,0.0,0.0,0.0,0.0,0.0,0.0,7428.0,0.0,0.0,0.0,0.0,0.0,0.0,105944.0,0.0,0.0,0.0,0.0,0.0,0.0
S00385_PONTA,0, ,6692.0," ""GERAL""       ",0.0,687.0,0.0,254.0,5489.0,543.0,1884.0,1892.0,0.0,0.0,207.0,179.0,368.0,1040.0,124.0,349.0,39.0,30.0,329.0,1010.0,14.0,110.0,5.0,363.0,5.0,0.0,5.0,0.0,0.0,0.0,0.0,0.0,368.0,0.0,0.0,0.0,0.0,0.0,0.0,5.0,0.0,0.0,0.0,0.0,0.0,0.0,33.0,0.0,0.0,0.0,0.0,0.0,0.0,329.0,0.0,0.0,0.0,0.0,0.0,0.0,5489.0,0.0,0.0,0.0,0.0,0.0,0.0
S00386_FORA_PONTA,0, ,6713.0," ""GERAL""       ",50794.0,4282.0,4471.0,4480.0,39126.0,3705.0,2633.0,2640.0,0.0,0.0,1439.0,1250.0,2478.0,6700.0,147.0,400.0,233.0,-173.0,2245.0,6873.0,43.0,108.0,114.0,2364.0,114.0,0.0,114.0,0.0,0.0,0.0,0.0,0.0,2478.0,0.0,0.0,0.0,0.0,0.0,0.0,114.0,0.0,0.0,0.0,0.0,0.0,0.0,119.0,0.0,0.0,0.0,0.0,0.0,0.0,2245.0,0.0,0.0,0.0,0.0,0.0,0.0,39126.0,0.0,0.0,0.0,0.0,0.0,0.0
S00387_PONTA,0, ,6716.0," ""GERAL""       ",0.0,628.0,0.0,236.0,5514.0,482.0,1937.0,1942.0,0.0,0.0,207.0,179.0,368.0,1042.0,124.0,354.0,39.0,32.0,330.0,1010.0,14.0,110.0,5.0,363.0,5.0,0.0,5.0,0.0,0.0,0.0,0.0,0.0,368.0,0.0,0.0,0.0,0.0,0.0,0.0,5.0,0.0,0.0,0.0,0.0,0.0,0.0,34.0,0.0,0.0,0.0,0.0,0.0,0.0,330.0,0.0,0.0,0.0,0.0,0.0,0.0,5514.0,0.0,0.0,0.0,0.0,0.0,0.0
S00388_FORA_PONTA,0, ,6737.0," ""GERAL""       ",50236.0,4211.0,4475.0,4484.0,38593.0,3642.0,2581.0,2587.0,0.0,0.0,1439.0,1250.0,2476.0,6695.0,148.0,401.0,230.0,-181.0,2246.0,6876.0,44.0,108.0,114.0,2363.0,114.0,0.0,114.0,0.0,0.0,0.0,0.0,0.0,2476.0,0.0,0.0,0.0,0.0,0.0,0.0,114.0,0.0,0.0,0.0,0.0,0.0,0.0,117.0,0.0,0.0,0.0,0.0,0.0,0.0,2246.0,0.0,0.0,0.0,0.0,0.0,0.0,38593.0,0.0,0.0,0.0,0.0,0.0,0.0
S00389_PONTA,0, ,6740.0," ""GERAL""       ",0.0,670.0,0.0,272.0,5470.0,527.0,1918.0,1930.0,0.0,0.0,207.0,179.0,368.0,1039.0,123.0,351.0,38.0,29.0,329.0,1010.0,14.0,110.0,5.0,363.0,5.0,0.0,5.0,0.0,0.0,0.0,0.0,0.0,368.0,0.0,0.0,0.0,0.0,0.0,0.0,5.0,0.0,0.0,0.0,0.0,0.0,0.0,33.0,0.0,0.0,0.0,0.0,0.0,0.0,329.0,0.0,0.0,0.0,0.0,0.0,0.0,5470.0,0.0,0.0,0.0,0.0,0.0,0.0
S00390_FORA_PONTA,0, ,6761.0," ""GERAL""       ",50754.0,4398.0,4471.0,4478.0,39179.0,3826.0,2777.0,2786.0,0.0,0.0,1438.0,1250.0,2478.0,6695.0,147.0,400.0,233.0,-178.0,2245.0,6873.0,43.0,108.0,116.0,2362.0,116.0,0.0,116.0,0.0,0.0,0.0,0.0,0.0,2478.0,0.0,0.0,0.0,0.0,0.0,0.0,116.0,0.0,0.0,0.0,0.0,0.0,0.0,117.0,0.0,0.0,0.0,0.0,0.0,0.0,2245.0,0.0,0.0,0.0,0.0,0.0,0.0,39179.0,0.0,0.0,0.0,0.0,0.0,0.0
S00391_PONTA,0, ,6764.0," ""GERAL""       ",0.0,751.0,0.0,291.0,5920.0,585.0,2115.0,2123.0,0.0,0.0,207.0,179.0,374.0,1062.0,127.0,361.0,45.0,52.0,329.0,1009.0,17.0,110.0,6.0,368.0,6.0,0.0,6.0,0.0,0.0,0.0,0.0,0.0,374.0,0.0,0.0,0.0,0.0,0.0,0.0,6.0,0.0,0.0,0.0,0.0,0.0,0.0,38.0,0.0,0.0,0.0,0.0,0.0,0.0,329.0,0.0,0.0,0.0,0.0,0.0,0.0,5920.0,0.0,0.0,0.0,0.0,0.0,0.0
S00392_FORA_PONTA,0, ,6785.0," ""GERAL""       ",53206.0,4871.0,4470.0,4480.0,41612.0,4261.0,3268.0,3285.0,0.0,0.0,1438.0,1249.0,2489.0,6722.0,147.0,398.0,248.0,-138.0,2241.0,6860.0,43.0,108.0,125.0,2365.0,125.0,0.0,125.0,0.0,0.0,0.0,0.0,0.0,2489.0,0.0,0.0,0.0,0.0,0.0,0.0,125.0,0.0,0.0,0.0,0.0,0.0,0.0,124.0,0.0,0.0,0.0,0.0,0.0,0.0,2241.0,0.0,0.0,0.0,0.0,0.0,0.0,41612.0,0.0,0.0,0.0,0.0,0.0,0.0
S00393_PONTA,0, ,6788.0," ""GERAL""       ",0.0,909.0,0.0,369.0,6011.0,736.0,2130.0,2144.0,0.0,0.0,207.0,179.0,375.0,1067.0,127.0,365.0,46.0,59.0,329.0,1008.0,17.0,110.0,7.0,369.0,7.0,0.0,7.0,0.0,0.0,0.0,0.0,0.0,375.0,0.0,0.0,0.0,0.0,0.0,0.0,7.0,0.0,0.0,0.0,0.0,0.0,0.0,40.0,0.0,0.0,0.0,0.0,0.0,0.0,329.0,0.0,0.0,0.0,0.0,0.0,0.0,6011.0,0.0,0.0,0.0,0.0,0.0,0.0
S00394_FORA_PONTA,0, ,6857.0," ""GERAL""       ",123607.0,13785.0,4476.0,4493.0,103594.0,12790.0,3001.0,3017.0,0.0,0.0,4738.0,4112.0,7846.0,21247.0,148.0,403.0,415.0,-1506.0,7431.0,22753.0,44.0,109.0,206.0,7640.0,206.0,0.0,206.0,0.0,0.0,0.0,0.0,0.0,7846.0,0.0,0.0,0.0,0.0,0.0,0.0,206.0,0.0,0.0,0.0,0.0,0.0,0.0,209.0,0.0,0.0,0.0,0.0,0.0,0.0,7431.0,0.0,0.0,0.0,0.0,0.0,0.0,103594.0,0.0,0.0,0.0,0.0,0.0,0.0
S00395_PONTA,0, ,6860.0," ""GERAL""       ",0.0,822.0,0.0,315.0,5801.0,662.0,2065.0,2075.0,0.0,0.0,207.0,179.0,372.0,1056.0,126.0,359.0,43.0,47.0,329.0,1009.0,16.0,110.0,6.0,366.0,6.0,0.0,6.0,0.0,0.0,0.0,0.0,0.0,372.0,0.0,0.0,0.0,0.0,0.0,0.0,6.0,0.0,0.0,0.0,0.0,0.0,0.0,37.0,0.0,0.0,0.0,0.0,0.0,0.0,329.0,0.0,0.0,0.0,0.0,0.0,0.0,5801.0,0.0,0.0,0.0,0.0,0.0,0.0
S00396_FORA_PONTA,0, ,6881.0," ""GERAL""       ",53722.0,4770.0,4470.0,4480.0,42156.0,4151.0,3161.0,3174.0,0.0,0.0,1437.0,1249.0,2492.0,6730.0,146.0,397.0,251.0,-129.0,2240.0,6859.0,42.0,108.0,126.0,2366.0,126.0,0.0,126.0,0.0,0.0,0.0,0.0,0.0,2492.0,0.0,0.0,0.0,0.0,0.0,0.0,126.0,0.0,0.0,0.0,0.0,0.0,0.0,125.0,0.0,0.0,0.0,0.0,0.0,0.0,2240.0,0.0,0.0,0.0,0.0,0.0,0.0,42156.0,0.0,0.0,0.0,0.0,0.0,0.0
S00397_PONTA,0, ,6884.0," ""GERAL""       ",0.0,827.0,0.0,351.0,5978.0,658.0,2156.0,2175.0,0.0,0.0,207.0,179.0,375.0,1065.0,127.0,365.0,46.0,56.0,329.0,1009.0,17.0,110.0,7.0,368.0,7.0,0.0,7.0,0.0,0.0,0.0,0.0,0.0,375.0,0.0,0.0,0.0,0.0,0.0,0.0,7.0,0.0,0.0,0.0,0.0,0.0,0.0,39.0,0.0,0.0,0.0,0.0,0.0,0.0,329.0,0.0,0.0,0.0,0.0,0.0,0.0,5978.0,0.0,0.0,0.0,0.0,0.0,0.0
S00398_FORA_PONTA,0, ,6905.0," ""GERAL""       ",58718.0,5599.0,4483.0,4493.0,46503.0,4868.0,3852.0,3869.0,0.0,0.0,1436.0,1248.0,2526.0,6822.0,147.0,399.0,294.0,-11.0,2232.0,6833.0,43.0,108.0,149.0,2377.0,149.0,0.0,149.0,0.0,0.0,0.0,0.0,0.0,2526.0,0.0,0.0,0.0,0.0,0.0,0.0,149.0,0.0,0.0,0.0,0.0,0.0,0.0,145.0,0.0,0.0,0.0,0.0,0.0,0.0,2232.0,0.0,0.0,0.0,0.0,0.0,0.0,46503.0,0.0,0.0,0.0,0.0,0.0,0.0
S00399_PONTA,0, ,6908.0," ""GERAL""       ",0.0,1033.0,0.0,395.0,6842.0,812.0,2421.0,2434.0,0.0,0.0,207.0,179.0,388.0,1115.0,132.0,379.0,60.0,108.0,329.0,1007.0,22.0,110.0,9.0,380.0,9.0,0.0,9.0,0.0,0.0,0.0,0.0,0.0,388.0,0.0,0.0,0.0,0.0,0.0,0.0,9.0,0.0,0.0,0.0,0.0,0.0,0.0,51.0,0.0,0.0,0.0,0.0,0.0,0.0,329.0,0.0,0.0,0.0,0.0,0.0,0.0,6842.0,0.0,0.0,0.0,0.0,0.0,0.0
S00400_FORA_PONTA,0, ,6929.0," ""GERAL""       ",57987.0,5252.0,4466.0,4477.0,44711.0,4547.0,3247.0,3261.0,0.0,0.0,1436.0,1248.0,2519.0,6800.0,146.0,396.0,285.0,-38.0,2234.0,6838.0,42.0,108.0,143.0,2376.0,143.0,0.0,143.0,0.0,0.0,0.0,0.0,0.0,2519.0,0.0,0.0,0.0,0.0,0.0,0.0,143.0,0.0,0.0,0.0,0.0,0.0,0.0,142.0,0.0,0.0,0.0,0.0,0.0,0.0,2234.0,0.0,0.0,0.0,0.0,0.0,0.0,44711.0,0.0,0.0,0.0,0.0,0.0,0.0
S00401_PONTA,0, ,6932.0," ""GERAL""       ",0.0,849.0,0.0,308.0,6121.0,672.0,2169.0,2179.0,0.0,0.0,207.0,179.0,377.0,1072.0,128.0,364.0,48.0,63.0,329.0,1009.0,18.0,110.0,7.0,370.0,7.0,0.0,7.0,0.0,0.0,0.0,0.0,0.0,377.0,0.0,0.0,0.0,0.0,0.0,0.0,7.0,0.0,0.0,0.0,0.0,0.0,0.0,41.0,0.0,0.0,0.0,0.0,0.0,0.0,329.0,0.0,0.0,0.0,0.0,0.0,0.0,6121.0,0.0,0.0,0.0,0.0,0.0,0.0
S00402_FORA_PONTA,0, ,6953.0," ""GERAL""       ",42535.0,4357.0,4469.0,4478.0,30411.0,3846.0,2581.0,2604.0,0.0,0.0,1194.0,1037.0,2460.0,6657.0,146.0,397.0,205.0,-246.0,2255.0,6903.0,42.0,110.0,98.0,2361.0,98.0,0.0,98.0,0.0,0.0,0.0,0.0,0.0,2460.0,0.0,0.0,0.0,0.0,0.0,0.0,98.0,0.0,0.0,0.0,0.0,0.0,0.0,106.0,0.0,0.0,0.0,0.0,0.0,0.0,2255.0,0.0,0.0,0.0,0.0,0.0,0.0,30411.0,0.0,0.0,0.0,0.0,0.0,0.0
S00403_PONTA,0, ,6956.0," ""GERAL""       ",0.0,844.0,0.0,322.0,5478.0,702.0,1995.0,2011.0,0.0,0.0,207.0,179.0,366.0,1037.0,124.0,354.0,38.0,29.0,329.0,1009.0,15.0,110.0,4.0,362.0,4.0,0.0,4.0,0.0,0.0,0.0,0.0,0.0,366.0,0.0,0.0,0.0,0.0,0.0,0.0,4.0,0.0,0.0,0.0,0.0,0.0,0.0,33.0,0.0,0.0,0.0,0.0,0.0,0.0,329.0,0.0,0.0,0.0,0.0,0.0,0.0,5478.0,0.0,0.0,0.0,0.0,0.0,0.0
S00404_FORA_PONTA,0, ,7025.0," ""GERAL""       ",113008.0,11797.0,4474.0,4484.0,94047.0,10945.0,2730.0,2742.0,0.0,0.0,4741.0,4114.0,7806.0,21149.0,148.0,403.0,357.0,-1659.0,7449.0,22808.0,44.0,109.0,174.0,7632.0,174.0,0.0,174.0,0.0,0.0,0.0,0.0,0.0,7806.0,0.0,0.0,0.0,0.0,0.0,0.0,174.0,0.0,0.0,0.0,0.0,0.0,0.0,183.0,0.0,0.0,0.0,0.0,0.0,0.0,7449.0,0.0,0.0,0.0,0.0,0.0,0.0,94047.0,0.0,0.0,0.0,0.0,0.0,0.0
S00405_PONTA,0, ,7028.0," ""GERAL""       ",0.0,660.0,0.0,237.0,5414.0,520.0,1889.0,1897.0,0.0,0.0,207.0,179.0,367.0,1036.0,124.0,349.0,38.0,26.0,330.0,1010.0,14.0,110.0,5.0,362.0,5.0,0.0,5.0,0.0,0.0,0.0,0.0,0.0,367.0,0.0,0.0,0.0,0.0,0.0,0.0,5.0,0.0,0.0,0.0,0.0,0.0,0.0,32.0,0.0,0.0,0.0,0.0,0.0,0.0,330.0,0.0,0.0,0.0,0.0,0.0,0.0,5414.0,0.0,0.0,0.0,0.0,0.0,0.0
S00406_FORA_PONTA,0, ,7049.0," ""GERAL""       ",51422.0,4450.0,4476.0,4485.0,40468.0,3878.0,3075.0,3085.0,0.0,0.0,1438.0,1249.0,2477.0,6692.0,148.0,402.0,233.0,-178.0,2244.0,6870.0,44.0,109.0,117.0,2360.0,117.0,0.0,117.0,0.0,0.0,0.0,0.0,0.0,2477.0,0.0,0.0,0.0,0.0,0.0,0.0,117.0,0.0,0.0,0.0,0.0,0.0,0.0,116.0,0.0,0.0,0.0,0.0,0.0,0.0,2244.0,0.0,0.0,0.0,0.0,0.0,0.0,40468.0,0.0,0.0,0.0,0.0,0.0,0.0
S00407_PONTA,0, ,7052.0," ""GERAL""       ",0.0,832.0,0.0,307.0,6024.0,662.0,2179.0,2193.0,0.0,0.0,207.0,179.0,374.0,1065.0,127.0,363.0,45.0,56.0,329.0,1009.0,17.0,110.0,6.0,368.0,6.0,0.0,6.0,0.0,0.0,0.0,0.0,0.0,374.0,0.0,0.0,0.0,0.0,0.0,0.0,6.0,0.0,0.0,0.0,0.0,0.0,0.0,39.0,0.0,0.0,0.0,0.0,0.0,0.0,329.0,0.0,0.0,0.0,0.0,0.0,0.0,6024.0,0.0,0.0,0.0,0.0,0.0,0.0
S00408_FORA_PONTA,0, ,7073.0," ""GERAL""       ",53914.0,5038.0,4469.0,4481.0,41806.0,4417.0,3263.0,3278.0,0.0,0.0,1437.0,1249.0,2494.0,6730.0,147.0,400.0,255.0,-126.0,2239.0,6856.0,43.0,108.0,129.0,2366.0,129.0,0.0,129.0,0.0,0.0,0.0,0.0,0.0,2494.0,0.0,0.0,0.0,0.0,0.0,0.0,129.0,0.0,0.0,0.0,0.0,0.0,0.0,126.0,0.0,0.0,0.0,0.0,0.0,0.0,2239.0,0.0,0.0,0.0,0.0,0.0,0.0,41806.0,0.0,0.0,0.0,0.0,0.0,0.0
S00409_PONTA,0, ,7076.0," ""GERAL""       ",0.0,814.0,0.0,302.0,6003.0,644.0,2121.0,2130.0,0.0,0.0,207.0,179.0,376.0,1065.0,127.0,361.0,46.0,56.0,329.0,1009.0,17.0,110.0,7.0,368.0,7.0,0.0,7.0,0.0,0.0,0.0,0.0,0.0,376.0,0.0,0.0,0.0,0.0,0.0,0.0,7.0,0.0,0.0,0.0,0.0,0.0,0.0,39.0,0.0,0.0,0.0,0.0,0.0,0.0,329.0,0.0,0.0,0.0,0.0,0.0,0.0,6003.0,0.0,0.0,0.0,0.0,0.0,0.0
S00410_FORA_PONTA,0, ,7097.0," ""GERAL""       ",59585.0,5381.0,4468.0,4480.0,47441.0,4657.0,3991.0,4003.0,0.0,0.0,1436.0,1248.0,2528.0,6813.0,146.0,398.0,296.0,-19.0,2232.0,6832.0,42.0,109.0,152.0,2376.0,152.0,0.0,152.0,0.0,0.0,0.0,0.0,0.0,2528.0,0.0,0.0,0.0,0.0,0.0,0.0,152.0,0.0,0.0,0.0,0.0,0.0,0.0,144.0,0.0,0.0,0.0,0.0,0.0,0.0,2232.0,0.0,0.0,0.0,0.0,0.0,0.0,47441.0,0.0,0.0,0.0,0.0,0.0,0.0
S00411_PONTA,0, ,7100.0," ""GERAL""       ",0.0,954.0,0.0,391.0,6504.0,756.0,2492.0,2510.0,0.0,0.0,207.0,179.0,383.0,1093.0,133.0,382.0,54.0,85.0,329.0,1008.0,23.0,110.0,8.0,375.0,8.0,0.0,8.0,0.0,0.0,0.0,0.0,0.0,383.0,0.0,0.0,0.0,0.0,0.0,0.0,8.0,0.0,0.0,0.0,0.0,0.0,0.0,46.0,0.0,0.0,0.0,0.0,0.0,0.0,329.0,0.0,0.0,0.0,0.0,0.0,0.0,6504.0,0.0,0.0,0.0,0.0,0.0,0.0
S00412_FORA_PONTA,0, ,7121.0," ""GERAL""       ",61717.0,5969.0,4468.0,4481.0,48889.0,5206.0,4210.0,4232.0,0.0,0.0,1435.0,1247.0,2540.0,6843.0,146.0,397.0,312.0,24.0,2227.0,6819.0,42.0,108.0,161.0,2379.0,161.0,0.0,161.0,0.0,0.0,0.0,0.0,0.0,2540.0,0.0,0.0,0.0,0.0,0.0,0.0,161.0,0.0,0.0,0.0,0.0,0.0,0.0,152.0,0.0,0.0,0.0,0.0,0.0,0.0,2227.0,0.0,0.0,0.0,0.0,0.0,0.0,48889.0,0.0,0.0,0.0,0.0,0.0,0.0
S00413_PONTA,0, ,7124.0," ""GERAL""       ",0.0,1172.0,0.0,428.0,6350.0,984.0,2229.0,2256.0,0.0,0.0,207.0,179.0,379.0,1082.0,128.0,367.0,51.0,75.0,328.0,1006.0,19.0,109.0,7.0,372.0,7.0,0.0,7.0,0.0,0.0,0.0,0.0,0.0,379.0,0.0,0.0,0.0,0.0,0.0,0.0,7.0,0.0,0.0,0.0,0.0,0.0,0.0,44.0,0.0,0.0,0.0,0.0,0.0,0.0,328.0,0.0,0.0,0.0,0.0,0.0,0.0,6350.0,0.0,0.0,0.0,0.0,0.0,0.0
S00414_FORA_PONTA,0, ,7193.0," ""GERAL""       ",106103.0,12248.0,4469.0,4485.0,86314.0,11460.0,1865.0,1888.0,0.0,0.0,4743.0,4115.0,7789.0,21102.0,147.0,398.0,333.0,-1728.0,7456.0,22830.0,43.0,109.0,159.0,7630.0,159.0,0.0,159.0,0.0,0.0,0.0,0.0,0.0,7789.0,0.0,0.0,0.0,0.0,0.0,0.0,159.0,0.0,0.0,0.0,0.0,0.0,0.0,174.0,0.0,0.0,0.0,0.0,0.0,0.0,7456.0,0.0,0.0,0.0,0.0,0.0,0.0,86314.0,0.0,0.0,0.0,0.0,0.0,0.0
S00415_PONTA,0, ,7196.0," ""GERAL""       ",0.0,604.0,0.0,240.0,4254.0,514.0,1501.0,1511.0,0.0,0.0,207.0,179.0,354.0,987.0,119.0,332.0,25.0,-23.0,330.0,1010.0,9.0,110.0,4.0,351.0,4.0,0.0,4.0,0.0,0.0,0.0,0.0,0.0,354.0,0.0,0.0,0.0,0.0,0.0,0.0,4.0,0.0,0.0,0.0,0.0,0.0,0.0,21.0,0.0,0.0,0.0,0.0,0.0,0.0,330.0,0.0,0.0,0.0,0.0,0.0,0.0,4254.0,0.0,0.0,0.0,0.0,0.0,0.0
S00416_FORA_PONTA,0, ,7217.0," ""GERAL""       ",36692.0,3333.0,4475.0,4484.0,26897.0,2946.0,1481.0,1489.0,0.0,0.0,1442.0,1252.0,2420.0,6559.0,147.0,401.0,155.0,-375.0,2265.0,6934.0,43.0,109.0,70.0,2350.0,70.0,0.0,70.0,0.0,0.0,0.0,0.0,0.0,2420.0,0.0,0.0,0.0,0.0,0.0,0.0,70.0,0.0,0.0,0.0,0.0,0.0,0.0,85.0,0.0,0.0,0.0,0.0,0.0,0.0,2265.0,0.0,0.0,0.0,0.0,0.0,0.0,26897.0,0.0,0.0,0.0,0.0,0.0,0.0
S00417_PONTA,0, ,7220.0," ""GERAL""       ",0.0,493.0,0.0,187.0,4241.0,398.0,1484.0,1489.0,0.0,0.0,207.0,179.0,355.0,992.0,119.0,334.0,25.0,-19.0,330.0,1011.0,9.0,110.0,3.0,352.0,3.0,0.0,3.0,0.0,0.0,0.0,0.0,0.0,355.0,0.0,0.0,0.0,0.0,0.0,0.0,3.0,0.0,0.0,0.0,0.0,0.0,0.0,22.0,0.0,0.0,0.0,0.0,0.0,0.0,330.0,0.0,0.0,0.0,0.0,0.0,0.0,4241.0,0.0,0.0,0.0,0.0,0.0,0.0
S00418_FORA_PONTA,0, ,7241.0," ""GERAL""       ",45796.0,3743.0,4477.0,4484.0,35865.0,3248.0,2461.0,2465.0,0.0,0.0,1440.0,1250.0,2452.0,6636.0,149.0,404.0,199.0,-261.0,2253.0,6897.0,45.0,108.0,96.0,2356.0,96.0,0.0,96.0,0.0,0.0,0.0,0.0,0.0,2452.0,0.0,0.0,0.0,0.0,0.0,0.0,96.0,0.0,0.0,0.0,0.0,0.0,0.0,103.0,0.0,0.0,0.0,0.0,0.0,0.0,2253.0,0.0,0.0,0.0,0.0,0.0,0.0,35865.0,0.0,0.0,0.0,0.0,0.0,0.0
S00419_PONTA,0, ,7244.0," ""GERAL""       ",0.0,589.0,0.0,219.0,5329.0,451.0,1861.0,1867.0,0.0,0.0,207.0,179.0,366.0,1035.0,123.0,349.0,37.0,25.0,330.0,1010.0,13.0,110.0,5.0,362.0,5.0,0.0,5.0,0.0,0.0,0.0,0.0,0.0,366.0,0.0,0.0,0.0,0.0,0.0,0.0,5.0,0.0,0.0,0.0,0.0,0.0,0.0,32.0,0.0,0.0,0.0,0.0,0.0,0.0,330.0,0.0,0.0,0.0,0.0,0.0,0.0,5329.0,0.0,0.0,0.0,0.0,0.0,0.0
S00420_FORA_PONTA,0, ,7265.0," ""GERAL""       ",47237.0,3641.0,4472.0,4480.0,36417.0,3136.0,2336.0,2342.0,0.0,0.0,1440.0,1250.0,2458.0,6643.0,146.0,393.0,206.0,-249.0,2251.0,6892.0,42.0,109.0,102.0,2356.0,102.0,0.0,102.0,0.0,0.0,0.0,0.0,0.0,2458.0,0.0,0.0,0.0,0.0,0.0,0.0,102.0,0.0,0.0,0.0,0.0,0.0,0.0,104.0,0.0,0.0,0.0,0.0,0.0,0.0,2251.0,0.0,0.0,0.0,0.0,0.0,0.0,36417.0,0.0,0.0,0.0,0.0,0.0,0.0
S00421_PONTA,0, ,7268.0," ""GERAL""       ",0.0,607.0,0.0,225.0,5291.0,473.0,1903.0,1911.0,0.0,0.0,207.0,179.0,366.0,1031.0,124.0,350.0,36.0,20.0,330.0,1010.0,14.0,110.0,5.0,361.0,5.0,0.0,5.0,0.0,0.0,0.0,0.0,0.0,366.0,0.0,0.0,0.0,0.0,0.0,0.0,5.0,0.0,0.0,0.0,0.0,0.0,0.0,31.0,0.0,0.0,0.0,0.0,0.0,0.0,330.0,0.0,0.0,0.0,0.0,0.0,0.0,5291.0,0.0,0.0,0.0,0.0,0.0,0.0
S00422_FORA_PONTA,0, ,7289.0," ""GERAL""       ",49977.0,4373.0,4482.0,4490.0,38947.0,3826.0,2680.0,2689.0,0.0,0.0,1439.0,1250.0,2468.0,6672.0,147.0,398.0,222.0,-204.0,2246.0,6876.0,43.0,108.0,110.0,2358.0,110.0,0.0,110.0,0.0,0.0,0.0,0.0,0.0,2468.0,0.0,0.0,0.0,0.0,0.0,0.0,110.0,0.0,0.0,0.0,0.0,0.0,0.0,112.0,0.0,0.0,0.0,0.0,0.0,0.0,2246.0,0.0,0.0,0.0,0.0,0.0,0.0,38947.0,0.0,0.0,0.0,0.0,0.0,0.0
S00423_PONTA,0, ,7292.0," ""GERAL""       ",0.0,720.0,0.0,256.0,5191.0,590.0,1852.0,1863.0,0.0,0.0,207.0,179.0,364.0,1025.0,123.0,348.0,35.0,16.0,329.0,1010.0,13.0,110.0,5.0,359.0,5.0,0.0,5.0,0.0,0.0,0.0,0.0,0.0,364.0,0.0,0.0,0.0,0.0,0.0,0.0,5.0,0.0,0.0,0.0,0.0,0.0,0.0,30.0,0.0,0.0,0.0,0.0,0.0,0.0,329.0,0.0,0.0,0.0,0.0,0.0,0.0,5191.0,0.0,0.0,0.0,0.0,0.0,0.0
S00424_FORA_PONTA,0, ,7361.0," ""GERAL""       ",120105.0,13610.0,4473.0,4483.0,101200.0,12660.0,3389.0,3403.0,0.0,0.0,4738.0,4113.0,7834.0,21214.0,148.0,403.0,398.0,-1554.0,7436.0,22768.0,44.0,109.0,196.0,7638.0,196.0,0.0,196.0,0.0,0.0,0.0,0.0,0.0,7834.0,0.0,0.0,0.0,0.0,0.0,0.0,196.0,0.0,0.0,0.0,0.0,0.0,0.0,202.0,0.0,0.0,0.0,0.0,0.0,0.0,7436.0,0.0,0.0,0.0,0.0,0.0,0.0,101200.0,0.0,0.0,0.0,0.0,0.0,0.0
S00425_PONTA,0, ,7364.0," ""GERAL""       ",0.0,848.0,0.0,331.0,5691.0,694.0,2081.0,2098.0,0.0,0.0,207.0,179.0,371.0,1049.0,126.0,359.0,42.0,40.0,329.0,1009.0,17.0,110.0,6.0,365.0,6.0,0.0,6.0,0.0,0.0,0.0,0.0,0.0,371.0,0.0,0.0,0.0,0.0,0.0,0.0,6.0,0.0,0.0,0.0,0.0,0.0,0.0,36.0,0.0,0.0,0.0,0.0,0.0,0.0,329.0,0.0,0.0,0.0,0.0,0.0,0.0,5691.0,0.0,0.0,0.0,0.0,0.0,0.0
S00426_FORA_PONTA,0, ,7385.0," ""GERAL""       ",61766.0,6503.0,4470.0,4487.0,50272.0,5744.0,4286.0,4305.0,0.0,0.0,1434.0,1247.0,2538.0,6835.0,145.0,393.0,312.0,20.0,2226.0,6814.0,41.0,108.0,164.0,2374.0,164.0,0.0,164.0,0.0,0.0,0.0,0.0,0.0,2538.0,0.0,0.0,0.0,0.0,0.0,0.0,164.0,0.0,0.0,0.0,0.0,0.0,0.0,149.0,0.0,0.0,0.0,0.0,0.0,0.0,2226.0,0.0,0.0,0.0,0.0,0.0,0.0,50272.0,0.0,0.0,0.0,0.0,0.0,0.0
S00427_PONTA,0, ,7388.0," ""GERAL""       ",0.0,978.0,0.0,359.0,6435.0,783.0,2420.0,2436.0,0.0,0.0,207.0,179.0,382.0,1089.0,132.0,379.0,53.0,81.0,329.0,1008.0,22.0,110.0,8.0,374.0,8.0,0.0,8.0,0.0,0.0,0.0,0.0,0.0,382.0,0.0,0.0,0.0,0.0,0.0,0.0,8.0,0.0,0.0,0.0,0.0,0.0,0.0,45.0,0.0,0.0,0.0,0.0,0.0,0.0,329.0,0.0,0.0,0.0,0.0,0.0,0.0,6435.0,0.0,0.0,0.0,0.0,0.0,0.0
S00428_FORA_PONTA,0, ,7409.0," ""GERAL""       ",60861.0,6601.0,4467.0,4481.0,48277.0,5871.0,3611.0,3629.0,0.0,0.0,1435.0,1247.0,2526.0,6808.0,145.0,392.0,299.0,-9.0,2227.0,6817.0,41.0,108.0,155.0,2371.0,155.0,0.0,155.0,0.0,0.0,0.0,0.0,0.0,2526.0,0.0,0.0,0.0,0.0,0.0,0.0,155.0,0.0,0.0,0.0,0.0,0.0,0.0,144.0,0.0,0.0,0.0,0.0,0.0,0.0,2227.0,0.0,0.0,0.0,0.0,0.0,0.0,48277.0,0.0,0.0,0.0,0.0,0.0,0.0
S00429_PONTA,0, ,7412.0," ""GERAL""       ",0.0,1058.0,0.0,387.0,6195.0,877.0,2295.0,2312.0,0.0,0.0,207.0,179.0,376.0,1074.0,129.0,371.0,48.0,67.0,328.0,1007.0,19.0,110.0,6.0,370.0,6.0,0.0,6.0,0.0,0.0,0.0,0.0,0.0,376.0,0.0,0.0,0.0,0.0,0.0,0.0,6.0,0.0,0.0,0.0,0.0,0.0,0.0,42.0,0.0,0.0,0.0,0.0,0.0,0.0,328.0,0.0,0.0,0.0,0.0,0.0,0.0,6195.0,0.0,0.0,0.0,0.0,0.0,0.0
S00430_FORA_PONTA,0, ,7433.0," ""GERAL""       ",52785.0,5220.0,4469.0,4480.0,40539.0,4609.0,2936.0,2955.0,0.0,0.0,1438.0,1249.0,2489.0,6722.0,147.0,399.0,249.0,-137.0,2240.0,6858.0,43.0,109.0,125.0,2365.0,125.0,0.0,125.0,0.0,0.0,0.0,0.0,0.0,2489.0,0.0,0.0,0.0,0.0,0.0,0.0,125.0,0.0,0.0,0.0,0.0,0.0,0.0,125.0,0.0,0.0,0.0,0.0,0.0,0.0,2240.0,0.0,0.0,0.0,0.0,0.0,0.0,40539.0,0.0,0.0,0.0,0.0,0.0,0.0
S00431_PONTA,0, ,7436.0," ""GERAL""       ",0.0,785.0,0.0,346.0,5337.0,649.0,2016.0,2037.0,0.0,0.0,207.0,179.0,366.0,1031.0,125.0,355.0,37.0,22.0,329.0,1009.0,15.0,110.0,5.0,361.0,5.0,0.0,5.0,0.0,0.0,0.0,0.0,0.0,366.0,0.0,0.0,0.0,0.0,0.0,0.0,5.0,0.0,0.0,0.0,0.0,0.0,0.0,32.0,0.0,0.0,0.0,0.0,0.0,0.0,329.0,0.0,0.0,0.0,0.0,0.0,0.0,5337.0,0.0,0.0,0.0,0.0,0.0,0.0
S00432_FORA_PONTA,0, ,7457.0," ""GERAL""       ",47615.0,4084.0,4473.0,4484.0,36410.0,3544.0,2463.0,2466.0,0.0,0.0,1439.0,1250.0,2467.0,6674.0,148.0,402.0,218.0,-212.0,2249.0,6887.0,44.0,108.0,105.0,2362.0,105.0,0.0,105.0,0.0,0.0,0.0,0.0,0.0,2467.0,0.0,0.0,0.0,0.0,0.0,0.0,105.0,0.0,0.0,0.0,0.0,0.0,0.0,113.0,0.0,0.0,0.0,0.0,0.0,0.0,2249.0,0.0,0.0,0.0,0.0,0.0,0.0,36410.0,0.0,0.0,0.0,0.0,0.0,0.0
S00433_PONTA,0, ,7460.0," ""GERAL""       ",0.0,531.0,0.0,194.0,4597.0,425.0,1603.0,1608.0,0.0,0.0,207.0,179.0,358.0,1003.0,120.0,337.0,28.0,-8.0,330.0,1011.0,10.0,110.0,4.0,354.0,4.0,0.0,4.0,0.0,0.0,0.0,0.0,0.0,358.0,0.0,0.0,0.0,0.0,0.0,0.0,4.0,0.0,0.0,0.0,0.0,0.0,0.0,25.0,0.0,0.0,0.0,0.0,0.0,0.0,330.0,0.0,0.0,0.0,0.0,0.0,0.0,4597.0,0.0,0.0,0.0,0.0,0.0,0.0
S00434_FORA_PONTA,0, ,7529.0," ""GERAL""       ",110542.0,11118.0,4476.0,4483.0,92978.0,10297.0,2810.0,2818.0,0.0,0.0,4742.0,4115.0,7800.0,21129.0,150.0,407.0,346.0,-1694.0,7454.0,22823.0,46.0,109.0,169.0,7631.0,169.0,0.0,169.0,0.0,0.0,0.0,0.0,0.0,7800.0,0.0,0.0,0.0,0.0,0.0,0.0,169.0,0.0,0.0,0.0,0.0,0.0,0.0,177.0,0.0,0.0,0.0,0.0,0.0,0.0,7454.0,0.0,0.0,0.0,0.0,0.0,0.0,92978.0,0.0,0.0,0.0,0.0,0.0,0.0
S00435_PONTA,0, ,7532.0," ""GERAL""       ",0.0,708.0,0.0,277.0,5479.0,566.0,1962.0,1975.0,0.0,0.0,207.0,179.0,368.0,1039.0,125.0,353.0,39.0,29.0,329.0,1010.0,15.0,110.0,6.0,362.0,6.0,0.0,6.0,0.0,0.0,0.0,0.0,0.0,368.0,0.0,0.0,0.0,0.0,0.0,0.0,6.0,0.0,0.0,0.0,0.0,0.0,0.0,33.0,0.0,0.0,0.0,0.0,0.0,0.0,329.0,0.0,0.0,0.0,0.0,0.0,0.0,5479.0,0.0,0.0,0.0,0.0,0.0,0.0
S00436_FORA_PONTA,0, ,7553.0," ""GERAL""       ",56489.0,5010.0,4477.0,4487.0,44922.0,4337.0,3770.0,3786.0,0.0,0.0,1437.0,1248.0,2509.0,6774.0,147.0,400.0,273.0,-72.0,2236.0,6846.0,43.0,109.0,137.0,2372.0,137.0,0.0,137.0,0.0,0.0,0.0,0.0,0.0,2509.0,0.0,0.0,0.0,0.0,0.0,0.0,137.0,0.0,0.0,0.0,0.0,0.0,0.0,136.0,0.0,0.0,0.0,0.0,0.0,0.0,2236.0,0.0,0.0,0.0,0.0,0.0,0.0,44922.0,0.0,0.0,0.0,0.0,0.0,0.0
S00437_PONTA,0, ,7556.0," ""GERAL""       ",0.0,799.0,0.0,315.0,6104.0,623.0,2268.0,2281.0,0.0,0.0,207.0,179.0,378.0,1072.0,129.0,370.0,48.0,63.0,329.0,1009.0,20.0,110.0,8.0,370.0,8.0,0.0,8.0,0.0,0.0,0.0,0.0,0.0,378.0,0.0,0.0,0.0,0.0,0.0,0.0,8.0,0.0,0.0,0.0,0.0,0.0,0.0,41.0,0.0,0.0,0.0,0.0,0.0,0.0,329.0,0.0,0.0,0.0,0.0,0.0,0.0,6104.0,0.0,0.0,0.0,0.0,0.0,0.0
S00438_FORA_PONTA,0, ,7577.0," ""GERAL""       ",67919.0,6866.0,5159.0,5179.0,55742.0,5959.0,4975.0,4989.0,0.0,0.0,1432.0,1246.0,2587.0,6961.0,146.0,396.0,370.0,173.0,2217.0,6788.0,42.0,108.0,195.0,2393.0,195.0,0.0,195.0,0.0,0.0,0.0,0.0,0.0,2587.0,0.0,0.0,0.0,0.0,0.0,0.0,195.0,0.0,0.0,0.0,0.0,0.0,0.0,175.0,0.0,0.0,0.0,0.0,0.0,0.0,2217.0,0.0,0.0,0.0,0.0,0.0,0.0,55742.0,0.0,0.0,0.0,0.0,0.0,0.0
S00439_PONTA,0, ,7580.0," ""GERAL""       ",0.0,1319.0,0.0,526.0,7616.0,1050.0,2863.0,2893.0,0.0,0.0,207.0,179.0,400.0,1161.0,139.0,408.0,72.0,156.0,328.0,1005.0,30.0,110.0,10.0,390.0,10.0,0.0,10.0,0.0,0.0,0.0,0.0,0.0,400.0,0.0,0.0,0.0,0.0,0.0,0.0,10.0,0.0,0.0,0.0,0.0,0.0,0.0,62.0,0.0,0.0,0.0,0.0,0.0,0.0,328.0,0.0,0.0,0.0,0.0,0.0,0.0,7616.0,0.0,0.0,0.0,0.0,0.0,0.0
S00440_FORA_PONTA,0, ,7601.0," ""GERAL""       ",67319.0,6215.0,4657.0,4673.0,53445.0,5328.0,4477.0,4489.0,0.0,0.0,1433.0,1246.0,2583.0,6947.0,145.0,392.0,363.0,151.0,2220.0,6795.0,41.0,108.0,188.0,2394.0,188.0,0.0,188.0,0.0,0.0,0.0,0.0,0.0,2583.0,0.0,0.0,0.0,0.0,0.0,0.0,188.0,0.0,0.0,0.0,0.0,0.0,0.0,175.0,0.0,0.0,0.0,0.0,0.0,0.0,2220.0,0.0,0.0,0.0,0.0,0.0,0.0,53445.0,0.0,0.0,0.0,0.0,0.0,0.0
S00441_PONTA,0, ,7604.0," ""GERAL""       ",0.0,924.0,0.0,338.0,6804.0,708.0,2551.0,2563.0,0.0,0.0,207.0,179.0,389.0,1111.0,134.0,387.0,60.0,103.0,329.0,1008.0,25.0,110.0,10.0,379.0,10.0,0.0,10.0,0.0,0.0,0.0,0.0,0.0,389.0,0.0,0.0,0.0,0.0,0.0,0.0,10.0,0.0,0.0,0.0,0.0,0.0,0.0,50.0,0.0,0.0,0.0,0.0,0.0,0.0,329.0,0.0,0.0,0.0,0.0,0.0,0.0,6804.0,0.0,0.0,0.0,0.0,0.0,0.0
S00442_FORA_PONTA,0, ,7625.0," ""GERAL""       ",62210.0,6043.0,4466.0,4478.0,49562.0,5276.0,4047.0,4061.0,0.0,0.0,1434.0,1247.0,2541.0,6844.0,146.0,397.0,314.0,27.0,2227.0,6816.0,42.0,108.0,162.0,2379.0,162.0,0.0,162.0,0.0,0.0,0.0,0.0,0.0,2541.0,0.0,0.0,0.0,0.0,0.0,0.0,162.0,0.0,0.0,0.0,0.0,0.0,0.0,152.0,0.0,0.0,0.0,0.0,0.0,0.0,2227.0,0.0,0.0,0.0,0.0,0.0,0.0,49562.0,0.0,0.0,0.0,0.0,0.0,0.0
S00443_PONTA,0, ,7628.0," ""GERAL""       ",0.0,1165.0,0.0,433.0,6895.0,944.0,2540.0,2562.0,0.0,0.0,207.0,179.0,388.0,1115.0,133.0,386.0,59.0,108.0,328.0,1006.0,24.0,109.0,8.0,379.0,8.0,0.0,8.0,0.0,0.0,0.0,0.0,0.0,388.0,0.0,0.0,0.0,0.0,0.0,0.0,8.0,0.0,0.0,0.0,0.0,0.0,0.0,51.0,0.0,0.0,0.0,0.0,0.0,0.0,328.0,0.0,0.0,0.0,0.0,0.0,0.0,6895.0,0.0,0.0,0.0,0.0,0.0,0.0
S00444_FORA_PONTA,0, ,7697.0," ""GERAL""       ",128787.0,14441.0,4466.0,4482.0,107745.0,13372.0,3115.0,3123.0,0.0,0.0,4736.0,4111.0,7872.0,21302.0,147.0,399.0,449.0,-1427.0,7423.0,22729.0,43.0,109.0,222.0,7650.0,222.0,0.0,222.0,0.0,0.0,0.0,0.0,0.0,7872.0,0.0,0.0,0.0,0.0,0.0,0.0,222.0,0.0,0.0,0.0,0.0,0.0,0.0,227.0,0.0,0.0,0.0,0.0,0.0,0.0,7423.0,0.0,0.0,0.0,0.0,0.0,0.0,107745.0,0.0,0.0,0.0,0.0,0.0,0.0
S00445_PONTA,0, ,7700.0," ""GERAL""       ",0.0,725.0,0.0,274.0,5823.0,564.0,2121.0,2131.0,0.0,0.0,207.0,179.0,373.0,1056.0,127.0,362.0,43.0,47.0,329.0,1010.0,17.0,110.0,7.0,366.0,7.0,0.0,7.0,0.0,0.0,0.0,0.0,0.0,373.0,0.0,0.0,0.0,0.0,0.0,0.0,7.0,0.0,0.0,0.0,0.0,0.0,0.0,37.0,0.0,0.0,0.0,0.0,0.0,0.0,329.0,0.0,0.0,0.0,0.0,0.0,0.0,5823.0,0.0,0.0,0.0,0.0,0.0,0.0
S00446_FORA_PONTA,0, ,7721.0," ""GERAL""       ",56104.0,4947.0,4469.0,4479.0,44535.0,4288.0,3582.0,3596.0,0.0,0.0,1437.0,1248.0,2505.0,6761.0,147.0,398.0,268.0,-87.0,2237.0,6848.0,43.0,109.0,136.0,2370.0,136.0,0.0,136.0,0.0,0.0,0.0,0.0,0.0,2505.0,0.0,0.0,0.0,0.0,0.0,0.0,136.0,0.0,0.0,0.0,0.0,0.0,0.0,133.0,0.0,0.0,0.0,0.0,0.0,0.0,2237.0,0.0,0.0,0.0,0.0,0.0,0.0,44535.0,0.0,0.0,0.0,0.0,0.0,0.0
S00447_PONTA,0, ,7724.0," ""GERAL""       ",0.0,736.0,0.0,292.0,6065.0,563.0,2231.0,2242.0,0.0,0.0,207.0,179.0,377.0,1069.0,129.0,367.0,47.0,59.0,329.0,1010.0,19.0,110.0,7.0,369.0,7.0,0.0,7.0,0.0,0.0,0.0,0.0,0.0,377.0,0.0,0.0,0.0,0.0,0.0,0.0,7.0,0.0,0.0,0.0,0.0,0.0,0.0,40.0,0.0,0.0,0.0,0.0,0.0,0.0,329.0,0.0,0.0,0.0,0.0,0.0,0.0,6065.0,0.0,0.0,0.0,0.0,0.0,0.0
S00448_FORA_PONTA,0, ,7745.0," ""GERAL""       ",58613.0,5362.0,4480.0,4489.0,46460.0,4651.0,3682.0,3692.0,0.0,0.0,1436.0,1248.0,2518.0,6803.0,147.0,398.0,285.0,-33.0,2233.0,6836.0,42.0,108.0,144.0,2373.0,144.0,0.0,144.0,0.0,0.0,0.0,0.0,0.0,2518.0,0.0,0.0,0.0,0.0,0.0,0.0,144.0,0.0,0.0,0.0,0.0,0.0,0.0,141.0,0.0,0.0,0.0,0.0,0.0,0.0,2233.0,0.0,0.0,0.0,0.0,0.0,0.0,46460.0,0.0,0.0,0.0,0.0,0.0,0.0
S00449_PONTA,0, ,7748.0," ""GERAL""       ",0.0,906.0,0.0,367.0,6020.0,736.0,2321.0,2340.0,0.0,0.0,207.0,179.0,375.0,1064.0,129.0,372.0,46.0,56.0,329.0,1008.0,20.0,110.0,7.0,368.0,7.0,0.0,7.0,0.0,0.0,0.0,0.0,0.0,375.0,0.0,0.0,0.0,0.0,0.0,0.0,7.0,0.0,0.0,0.0,0.0,0.0,0.0,39.0,0.0,0.0,0.0,0.0,0.0,0.0,329.0,0.0,0.0,0.0,0.0,0.0,0.0,6020.0,0.0,0.0,0.0,0.0,0.0,0.0
S00450_FORA_PONTA,0, ,7793.0," ""GERAL""       ",78914.0,8634.0,4470.0,4480.0,63379.0,7956.0,1969.0,1983.0,0.0,0.0,3090.0,2682.0,5128.0,13893.0,147.0,400.0,279.0,-954.0,4849.0,14847.0,43.0,109.0,133.0,4996.0,133.0,0.0,133.0,0.0,0.0,0.0,0.0,0.0,5128.0,0.0,0.0,0.0,0.0,0.0,0.0,133.0,0.0,0.0,0.0,0.0,0.0,0.0,146.0,0.0,0.0,0.0,0.0,0.0,0.0,4849.0,0.0,0.0,0.0,0.0,0.0,0.0,63379.0,0.0,0.0,0.0,0.0,0.0,0.0
S00451_PONTA,0, ,7796.0," ""GERAL""       ",0.0,698.0,0.0,277.0,4539.0,596.0,1605.0,1623.0,0.0,0.0,207.0,179.0,357.0,998.0,120.0,337.0,28.0,-12.0,329.0,1010.0,11.0,110.0,4.0,353.0,4.0,0.0,4.0,0.0,0.0,0.0,0.0,0.0,357.0,0.0,0.0,0.0,0.0,0.0,0.0,4.0,0.0,0.0,0.0,0.0,0.0,0.0,24.0,0.0,0.0,0.0,0.0,0.0,0.0,329.0,0.0,0.0,0.0,0.0,0.0,0.0,4539.0,0.0,0.0,0.0,0.0,0.0,0.0
S00452_FORA_PONTA,0, ,7865.0," ""GERAL""       ",120048.0,12435.0,4475.0,4485.0,102494.0,11514.0,3790.0,3802.0,0.0,0.0,4739.0,4113.0,7827.0,21193.0,147.0,399.0,388.0,-1585.0,7439.0,22778.0,43.0,109.0,194.0,7633.0,194.0,0.0,194.0,0.0,0.0,0.0,0.0,0.0,7827.0,0.0,0.0,0.0,0.0,0.0,0.0,194.0,0.0,0.0,0.0,0.0,0.0,0.0,193.0,0.0,0.0,0.0,0.0,0.0,0.0,7439.0,0.0,0.0,0.0,0.0,0.0,0.0,102494.0,0.0,0.0,0.0,0.0,0.0,0.0
S00453_PONTA,0, ,7868.0," ""GERAL""       ",0.0,852.0,0.0,318.0,6253.0,668.0,2359.0,2372.0,0.0,0.0,207.0,179.0,379.0,1079.0,131.0,375.0,50.0,70.0,329.0,1009.0,21.0,110.0,8.0,371.0,8.0,0.0,8.0,0.0,0.0,0.0,0.0,0.0,379.0,0.0,0.0,0.0,0.0,0.0,0.0,8.0,0.0,0.0,0.0,0.0,0.0,0.0,42.0,0.0,0.0,0.0,0.0,0.0,0.0,329.0,0.0,0.0,0.0,0.0,0.0,0.0,6253.0,0.0,0.0,0.0,0.0,0.0,0.0
S00454_FORA_PONTA,0, ,7889.0," ""GERAL""       ",65132.0,5954.0,4918.0,4938.0,52983.0,5114.0,4736.0,4750.0,0.0,0.0,1434.0,1247.0,2567.0,6908.0,146.0,397.0,344.0,102.0,2223.0,6806.0,42.0,108.0,180.0,2387.0,180.0,0.0,180.0,0.0,0.0,0.0,0.0,0.0,2567.0,0.0,0.0,0.0,0.0,0.0,0.0,180.0,0.0,0.0,0.0,0.0,0.0,0.0,164.0,0.0,0.0,0.0,0.0,0.0,0.0,2223.0,0.0,0.0,0.0,0.0,0.0,0.0,52983.0,0.0,0.0,0.0,0.0,0.0,0.0
S00455_PONTA,0, ,7892.0," ""GERAL""       ",0.0,1011.0,0.0,397.0,7023.0,781.0,2743.0,2758.0,0.0,0.0,207.0,179.0,392.0,1124.0,138.0,400.0,63.0,116.0,329.0,1008.0,28.0,110.0,11.0,382.0,11.0,0.0,11.0,0.0,0.0,0.0,0.0,0.0,392.0,0.0,0.0,0.0,0.0,0.0,0.0,11.0,0.0,0.0,0.0,0.0,0.0,0.0,53.0,0.0,0.0,0.0,0.0,0.0,0.0,329.0,0.0,0.0,0.0,0.0,0.0,0.0,7023.0,0.0,0.0,0.0,0.0,0.0,0.0
S00456_FORA_PONTA,0, ,7913.0," ""GERAL""       ",72294.0,7134.0,5331.0,5351.0,58687.0,6141.0,5144.0,5158.0,0.0,0.0,1431.0,1245.0,2616.0,7032.0,144.0,388.0,405.0,263.0,2211.0,6769.0,40.0,108.0,215.0,2401.0,215.0,0.0,215.0,0.0,0.0,0.0,0.0,0.0,2616.0,0.0,0.0,0.0,0.0,0.0,0.0,215.0,0.0,0.0,0.0,0.0,0.0,0.0,190.0,0.0,0.0,0.0,0.0,0.0,0.0,2211.0,0.0,0.0,0.0,0.0,0.0,0.0,58687.0,0.0,0.0,0.0,0.0,0.0,0.0
S00457_PONTA,0, ,7916.0," ""GERAL""       ",0.0,1048.0,0.0,470.0,7319.0,797.0,2986.0,3006.0,0.0,0.0,207.0,179.0,397.0,1145.0,142.0,420.0,68.0,138.0,329.0,1008.0,33.0,110.0,11.0,386.0,11.0,0.0,11.0,0.0,0.0,0.0,0.0,0.0,397.0,0.0,0.0,0.0,0.0,0.0,0.0,11.0,0.0,0.0,0.0,0.0,0.0,0.0,58.0,0.0,0.0,0.0,0.0,0.0,0.0,329.0,0.0,0.0,0.0,0.0,0.0,0.0,7319.0,0.0,0.0,0.0,0.0,0.0,0.0
S00458_FORA_PONTA,0, ,7937.0," ""GERAL""       ",76329.0,7295.0,5581.0,5603.0,62250.0,6185.0,5699.0,5715.0,0.0,0.0,1432.0,1244.0,2658.0,7134.0,145.0,391.0,453.0,382.0,2205.0,6752.0,41.0,108.0,241.0,2417.0,241.0,0.0,241.0,0.0,0.0,0.0,0.0,0.0,2658.0,0.0,0.0,0.0,0.0,0.0,0.0,241.0,0.0,0.0,0.0,0.0,0.0,0.0,212.0,0.0,0.0,0.0,0.0,0.0,0.0,2205.0,0.0,0.0,0.0,0.0,0.0,0.0,62250.0,0.0,0.0,0.0,0.0,0.0,0.0
S00459_PONTA,0, ,7940.0," ""GERAL""       ",0.0,1498.0,0.0,596.0,8695.0,1151.0,3387.0,3416.0,0.0,0.0,207.0,179.0,420.0,1238.0,150.0,451.0,92.0,233.0,327.0,1004.0,42.0,109.0,13.0,407.0,13.0,0.0,13.0,0.0,0.0,0.0,0.0,0.0,420.0,0.0,0.0,0.0,0.0,0.0,0.0,13.0,0.0,0.0,0.0,0.0,0.0,0.0,80.0,0.0,0.0,0.0,0.0,0.0,0.0,327.0,0.0,0.0,0.0,0.0,0.0,0.0,8695.0,0.0,0.0,0.0,0.0,0.0,0.0
S00460_FORA_PONTA,0, ,7961.0," ""GERAL""       ",83854.0,8138.0,5580.0,5605.0,68622.0,6839.0,5825.0,5840.0,0.0,0.0,1430.0,1243.0,2728.0,7294.0,145.0,386.0,535.0,578.0,2194.0,6716.0,43.0,108.0,288.0,2440.0,288.0,0.0,288.0,0.0,0.0,0.0,0.0,0.0,2728.0,0.0,0.0,0.0,0.0,0.0,0.0,288.0,0.0,0.0,0.0,0.0,0.0,0.0,247.0,0.0,0.0,0.0,0.0,0.0,0.0,2194.0,0.0,0.0,0.0,0.0,0.0,0.0,68622.0,0.0,0.0,0.0,0.0,0.0,0.0
S00461_PONTA,0, ,7964.0," ""GERAL""       ",0.0,1197.0,0.0,474.0,7569.0,930.0,2984.0,3005.0,0.0,0.0,207.0,179.0,402.0,1160.0,143.0,419.0,74.0,153.0,328.0,1007.0,34.0,110.0,13.0,390.0,13.0,0.0,13.0,0.0,0.0,0.0,0.0,0.0,402.0,0.0,0.0,0.0,0.0,0.0,0.0,13.0,0.0,0.0,0.0,0.0,0.0,0.0,61.0,0.0,0.0,0.0,0.0,0.0,0.0,328.0,0.0,0.0,0.0,0.0,0.0,0.0,7569.0,0.0,0.0,0.0,0.0,0.0,0.0
S00462_FORA_PONTA,0, ,8033.0," ""GERAL""       ",161914.0,19336.0,5561.0,5591.0,139870.0,17718.0,5561.0,5582.0,0.0,0.0,4727.0,4104.0,8049.0,21718.0,143.0,385.0,680.0,-847.0,7369.0,22564.0,40.0,108.0,361.0,7688.0,361.0,0.0,361.0,0.0,0.0,0.0,0.0,0.0,8049.0,0.0,0.0,0.0,0.0,0.0,0.0,361.0,0.0,0.0,0.0,0.0,0.0,0.0,319.0,0.0,0.0,0.0,0.0,0.0,0.0,7369.0,0.0,0.0,0.0,0.0,0.0,0.0,139870.0,0.0,0.0,0.0,0.0,0.0,0.0
S00463_PONTA,0, ,8036.0," ""GERAL""       ",0.0,1224.0,0.0,564.0,7293.0,977.0,2975.0,3008.0,0.0,0.0,207.0,179.0,396.0,1140.0,141.0,416.0,68.0,134.0,328.0,1006.0,32.0,110.0,10.0,385.0,10.0,0.0,10.0,0.0,0.0,0.0,0.0,0.0,396.0,0.0,0.0,0.0,0.0,0.0,0.0,10.0,0.0,0.0,0.0,0.0,0.0,0.0,57.0,0.0,0.0,0.0,0.0,0.0,0.0,328.0,0.0,0.0,0.0,0.0,0.0,0.0,7293.0,0.0,0.0,0.0,0.0,0.0,0.0
S00464_FORA_PONTA,0, ,8057.0," ""GERAL""       ",79318.0,8140.0,5551.0,5585.0,65537.0,6973.0,5725.0,5748.0,0.0,0.0,1434.0,1243.0,2684.0,7177.0,143.0,384.0,485.0,444.0,2199.0,6734.0,41.0,108.0,264.0,2420.0,264.0,0.0,264.0,0.0,0.0,0.0,0.0,0.0,2684.0,0.0,0.0,0.0,0.0,0.0,0.0,264.0,0.0,0.0,0.0,0.0,0.0,0.0,221.0,0.0,0.0,0.0,0.0,0.0,0.0,2199.0,0.0,0.0,0.0,0.0,0.0,0.0,65537.0,0.0,0.0,0.0,0.0,0.0,0.0
S00465_PONTA,0, ,8060.0," ""GERAL""       ",0.0,1430.0,0.0,613.0,8005.0,1138.0,3193.0,3228.0,0.0,0.0,207.0,179.0,406.0,1184.0,146.0,432.0,79.0,180.0,328.0,1005.0,37.0,109.0,11.0,395.0,11.0,0.0,11.0,0.0,0.0,0.0,0.0,0.0,406.0,0.0,0.0,0.0,0.0,0.0,0.0,11.0,0.0,0.0,0.0,0.0,0.0,0.0,68.0,0.0,0.0,0.0,0.0,0.0,0.0,328.0,0.0,0.0,0.0,0.0,0.0,0.0,8005.0,0.0,0.0,0.0,0.0,0.0,0.0
S00466_FORA_PONTA,0, ,8081.0," ""GERAL""       ",73035.0,7700.0,4936.0,4965.0,58247.0,6701.0,4754.0,4776.0,0.0,0.0,1431.0,1245.0,2623.0,7032.0,145.0,390.0,414.0,271.0,2208.0,6762.0,41.0,108.0,223.0,2400.0,223.0,0.0,223.0,0.0,0.0,0.0,0.0,0.0,2623.0,0.0,0.0,0.0,0.0,0.0,0.0,223.0,0.0,0.0,0.0,0.0,0.0,0.0,191.0,0.0,0.0,0.0,0.0,0.0,0.0,2208.0,0.0,0.0,0.0,0.0,0.0,0.0,58247.0,0.0,0.0,0.0,0.0,0.0,0.0
S00467_PONTA,0, ,8084.0," ""GERAL""       ",0.0,1411.0,0.0,567.0,7765.0,1132.0,2956.0,2990.0,0.0,0.0,207.0,179.0,401.0,1171.0,141.0,415.0,74.0,166.0,328.0,1005.0,32.0,109.0,10.0,392.0,10.0,0.0,10.0,0.0,0.0,0.0,0.0,0.0,401.0,0.0,0.0,0.0,0.0,0.0,0.0,10.0,0.0,0.0,0.0,0.0,0.0,0.0,64.0,0.0,0.0,0.0,0.0,0.0,0.0,328.0,0.0,0.0,0.0,0.0,0.0,0.0,7765.0,0.0,0.0,0.0,0.0,0.0,0.0
S00468_FORA_PONTA,0, ,8105.0," ""GERAL""       ",70499.0,7021.0,4649.0,4667.0,56311.0,6072.0,4470.0,4483.0,0.0,0.0,1432.0,1245.0,2602.0,6994.0,144.0,389.0,389.0,217.0,2214.0,6777.0,40.0,108.0,205.0,2397.0,205.0,0.0,205.0,0.0,0.0,0.0,0.0,0.0,2602.0,0.0,0.0,0.0,0.0,0.0,0.0,205.0,0.0,0.0,0.0,0.0,0.0,0.0,183.0,0.0,0.0,0.0,0.0,0.0,0.0,2214.0,0.0,0.0,0.0,0.0,0.0,0.0,56311.0,0.0,0.0,0.0,0.0,0.0,0.0
S00469_PONTA,0, ,8108.0," ""GERAL""       ",0.0,1000.0,0.0,447.0,6711.0,788.0,2762.0,2783.0,0.0,0.0,207.0,179.0,387.0,1107.0,138.0,402.0,58.0,99.0,329.0,1008.0,28.0,110.0,9.0,378.0,9.0,0.0,9.0,0.0,0.0,0.0,0.0,0.0,387.0,0.0,0.0,0.0,0.0,0.0,0.0,9.0,0.0,0.0,0.0,0.0,0.0,0.0,49.0,0.0,0.0,0.0,0.0,0.0,0.0,329.0,0.0,0.0,0.0,0.0,0.0,0.0,6711.0,0.0,0.0,0.0,0.0,0.0,0.0
S00470_FORA_PONTA,0, ,8129.0," ""GERAL""       ",72911.0,7592.0,5100.0,5127.0,59702.0,6590.0,4917.0,4937.0,0.0,0.0,1431.0,1245.0,2620.0,7037.0,144.0,390.0,411.0,274.0,2209.0,6763.0,40.0,108.0,219.0,2401.0,219.0,0.0,219.0,0.0,0.0,0.0,0.0,0.0,2620.0,0.0,0.0,0.0,0.0,0.0,0.0,219.0,0.0,0.0,0.0,0.0,0.0,0.0,192.0,0.0,0.0,0.0,0.0,0.0,0.0,2209.0,0.0,0.0,0.0,0.0,0.0,0.0,59702.0,0.0,0.0,0.0,0.0,0.0,0.0
S00471_PONTA,0, ,8132.0," ""GERAL""       ",0.0,1437.0,0.0,587.0,7337.0,1187.0,2940.0,2978.0,0.0,0.0,207.0,179.0,395.0,1141.0,140.0,413.0,67.0,136.0,328.0,1004.0,31.0,109.0,10.0,385.0,10.0,0.0,10.0,0.0,0.0,0.0,0.0,0.0,395.0,0.0,0.0,0.0,0.0,0.0,0.0,10.0,0.0,0.0,0.0,0.0,0.0,0.0,57.0,0.0,0.0,0.0,0.0,0.0,0.0,328.0,0.0,0.0,0.0,0.0,0.0,0.0,7337.0,0.0,0.0,0.0,0.0,0.0,0.0
S00472_FORA_PONTA,0, ,8201.0," ""GERAL""       ",156862.0,19570.0,5156.0,5180.0,135281.0,18022.0,4971.0,4989.0,0.0,0.0,4725.0,4105.0,8017.0,21664.0,144.0,391.0,642.0,-919.0,7375.0,22583.0,40.0,109.0,336.0,7681.0,336.0,0.0,336.0,0.0,0.0,0.0,0.0,0.0,8017.0,0.0,0.0,0.0,0.0,0.0,0.0,336.0,0.0,0.0,0.0,0.0,0.0,0.0,306.0,0.0,0.0,0.0,0.0,0.0,0.0,7375.0,0.0,0.0,0.0,0.0,0.0,0.0,135281.0,0.0,0.0,0.0,0.0,0.0,0.0
S00473_PONTA,0, ,8204.0," ""GERAL""       ",0.0,1058.0,0.0,382.0,7071.0,821.0,2529.0,2546.0,0.0,0.0,207.0,179.0,394.0,1132.0,134.0,388.0,65.0,124.0,328.0,1007.0,25.0,110.0,10.0,383.0,10.0,0.0,10.0,0.0,0.0,0.0,0.0,0.0,394.0,0.0,0.0,0.0,0.0,0.0,0.0,10.0,0.0,0.0,0.0,0.0,0.0,0.0,55.0,0.0,0.0,0.0,0.0,0.0,0.0,328.0,0.0,0.0,0.0,0.0,0.0,0.0,7071.0,0.0,0.0,0.0,0.0,0.0,0.0
S00474_FORA_PONTA,0, ,8225.0," ""GERAL""       ",66562.0,6369.0,4465.0,4479.0,53357.0,5516.0,4036.0,4058.0,0.0,0.0,1433.0,1246.0,2571.0,6914.0,144.0,387.0,351.0,117.0,2220.0,6797.0,40.0,108.0,184.0,2387.0,184.0,0.0,184.0,0.0,0.0,0.0,0.0,0.0,2571.0,0.0,0.0,0.0,0.0,0.0,0.0,184.0,0.0,0.0,0.0,0.0,0.0,0.0,167.0,0.0,0.0,0.0,0.0,0.0,0.0,2220.0,0.0,0.0,0.0,0.0,0.0,0.0,53357.0,0.0,0.0,0.0,0.0,0.0,0.0
S00475_PONTA,0, ,8228.0," ""GERAL""       ",0.0,1100.0,0.0,428.0,6359.0,911.0,2508.0,2531.0,0.0,0.0,207.0,179.0,380.0,1083.0,133.0,384.0,52.0,76.0,328.0,1007.0,24.0,110.0,8.0,372.0,8.0,0.0,8.0,0.0,0.0,0.0,0.0,0.0,380.0,0.0,0.0,0.0,0.0,0.0,0.0,8.0,0.0,0.0,0.0,0.0,0.0,0.0,44.0,0.0,0.0,0.0,0.0,0.0,0.0,328.0,0.0,0.0,0.0,0.0,0.0,0.0,6359.0,0.0,0.0,0.0,0.0,0.0,0.0
S00476_FORA_PONTA,0, ,8249.0," ""GERAL""       ",57680.0,5826.0,4468.0,4483.0,45025.0,5132.0,3171.0,3191.0,0.0,0.0,1436.0,1248.0,2515.0,6786.0,145.0,393.0,282.0,-49.0,2233.0,6835.0,41.0,108.0,143.0,2372.0,143.0,0.0,143.0,0.0,0.0,0.0,0.0,0.0,2515.0,0.0,0.0,0.0,0.0,0.0,0.0,143.0,0.0,0.0,0.0,0.0,0.0,0.0,139.0,0.0,0.0,0.0,0.0,0.0,0.0,2233.0,0.0,0.0,0.0,0.0,0.0,0.0,45025.0,0.0,0.0,0.0,0.0,0.0,0.0
S00477_PONTA,0, ,8252.0," ""GERAL""       ",0.0,920.0,0.0,365.0,5562.0,773.0,2092.0,2114.0,0.0,0.0,207.0,179.0,368.0,1041.0,126.0,359.0,39.0,33.0,329.0,1008.0,16.0,110.0,5.0,363.0,5.0,0.0,5.0,0.0,0.0,0.0,0.0,0.0,368.0,0.0,0.0,0.0,0.0,0.0,0.0,5.0,0.0,0.0,0.0,0.0,0.0,0.0,34.0,0.0,0.0,0.0,0.0,0.0,0.0,329.0,0.0,0.0,0.0,0.0,0.0,0.0,5562.0,0.0,0.0,0.0,0.0,0.0,0.0
S00478_FORA_PONTA,0, ,8273.0," ""GERAL""       ",59546.0,5869.0,4472.0,4485.0,47758.0,5122.0,4136.0,4156.0,0.0,0.0,1435.0,1248.0,2532.0,6833.0,147.0,401.0,302.0,6.0,2230.0,6828.0,43.0,108.0,155.0,2377.0,155.0,0.0,155.0,0.0,0.0,0.0,0.0,0.0,2532.0,0.0,0.0,0.0,0.0,0.0,0.0,155.0,0.0,0.0,0.0,0.0,0.0,0.0,147.0,0.0,0.0,0.0,0.0,0.0,0.0,2230.0,0.0,0.0,0.0,0.0,0.0,0.0,47758.0,0.0,0.0,0.0,0.0,0.0,0.0
S00479_PONTA,0, ,8276.0," ""GERAL""       ",0.0,1125.0,0.0,411.0,6427.0,932.0,2348.0,2370.0,0.0,0.0,207.0,179.0,379.0,1087.0,129.0,373.0,51.0,80.0,328.0,1007.0,20.0,110.0,6.0,373.0,6.0,0.0,6.0,0.0,0.0,0.0,0.0,0.0,379.0,0.0,0.0,0.0,0.0,0.0,0.0,6.0,0.0,0.0,0.0,0.0,0.0,0.0,45.0,0.0,0.0,0.0,0.0,0.0,0.0,328.0,0.0,0.0,0.0,0.0,0.0,0.0,6427.0,0.0,0.0,0.0,0.0,0.0,0.0
S00480_FORA_PONTA,0, ,8297.0," ""GERAL""       ",58901.0,6229.0,4468.0,4482.0,46225.0,5503.0,3404.0,3420.0,0.0,0.0,1435.0,1248.0,2527.0,6812.0,147.0,398.0,297.0,-15.0,2230.0,6827.0,43.0,108.0,152.0,2375.0,152.0,0.0,152.0,0.0,0.0,0.0,0.0,0.0,2527.0,0.0,0.0,0.0,0.0,0.0,0.0,152.0,0.0,0.0,0.0,0.0,0.0,0.0,145.0,0.0,0.0,0.0,0.0,0.0,0.0,2230.0,0.0,0.0,0.0,0.0,0.0,0.0,46225.0,0.0,0.0,0.0,0.0,0.0,0.0
S00481_PONTA,0, ,8300.0," ""GERAL""       ",0.0,1044.0,0.0,406.0,5923.0,877.0,2197.0,2223.0,0.0,0.0,207.0,179.0,372.0,1061.0,127.0,366.0,44.0,54.0,328.0,1007.0,18.0,110.0,6.0,367.0,6.0,0.0,6.0,0.0,0.0,0.0,0.0,0.0,372.0,0.0,0.0,0.0,0.0,0.0,0.0,6.0,0.0,0.0,0.0,0.0,0.0,0.0,38.0,0.0,0.0,0.0,0.0,0.0,0.0,328.0,0.0,0.0,0.0,0.0,0.0,0.0,5923.0,0.0,0.0,0.0,0.0,0.0,0.0
S00482_FORA_PONTA,0, ,8369.0," ""GERAL""       ",135037.0,16248.0,4920.0,4944.0,115744.0,15024.0,4737.0,4755.0,0.0,0.0,4733.0,4109.0,7918.0,21426.0,145.0,394.0,508.0,-1265.0,7410.0,22691.0,41.0,109.0,257.0,7661.0,257.0,0.0,257.0,0.0,0.0,0.0,0.0,0.0,7918.0,0.0,0.0,0.0,0.0,0.0,0.0,257.0,0.0,0.0,0.0,0.0,0.0,0.0,251.0,0.0,0.0,0.0,0.0,0.0,0.0,7410.0,0.0,0.0,0.0,0.0,0.0,0.0,115744.0,0.0,0.0,0.0,0.0,0.0,0.0
S00483_PONTA,0, ,8372.0," ""GERAL""       ",0.0,820.0,0.0,292.0,4971.0,698.0,1844.0,1859.0,0.0,0.0,207.0,179.0,363.0,1017.0,123.0,347.0,33.0,8.0,329.0,1009.0,14.0,110.0,5.0,357.0,5.0,0.0,5.0,0.0,0.0,0.0,0.0,0.0,363.0,0.0,0.0,0.0,0.0,0.0,0.0,5.0,0.0,0.0,0.0,0.0,0.0,0.0,28.0,0.0,0.0,0.0,0.0,0.0,0.0,329.0,0.0,0.0,0.0,0.0,0.0,0.0,4971.0,0.0,0.0,0.0,0.0,0.0,0.0
S00484_FORA_PONTA,0, ,8393.0," ""GERAL""       ",51507.0,5384.0,4474.0,4486.0,40982.0,4788.0,2987.0,2998.0,0.0,0.0,1438.0,1249.0,2479.0,6710.0,147.0,399.0,238.0,-153.0,2241.0,6862.0,43.0,108.0,117.0,2362.0,117.0,0.0,117.0,0.0,0.0,0.0,0.0,0.0,2479.0,0.0,0.0,0.0,0.0,0.0,0.0,117.0,0.0,0.0,0.0,0.0,0.0,0.0,121.0,0.0,0.0,0.0,0.0,0.0,0.0,2241.0,0.0,0.0,0.0,0.0,0.0,0.0,40982.0,0.0,0.0,0.0,0.0,0.0,0.0
S00485_PONTA,0, ,8396.0," ""GERAL""       ",0.0,857.0,0.0,352.0,5285.0,723.0,2041.0,2061.0,0.0,0.0,207.0,179.0,365.0,1030.0,125.0,357.0,36.0,21.0,329.0,1008.0,16.0,110.0,5.0,360.0,5.0,0.0,5.0,0.0,0.0,0.0,0.0,0.0,365.0,0.0,0.0,0.0,0.0,0.0,0.0,5.0,0.0,0.0,0.0,0.0,0.0,0.0,31.0,0.0,0.0,0.0,0.0,0.0,0.0,329.0,0.0,0.0,0.0,0.0,0.0,0.0,5285.0,0.0,0.0,0.0,0.0,0.0,0.0
S00486_FORA_PONTA,0, ,8417.0," ""GERAL""       ",49593.0,5219.0,4473.0,4484.0,38522.0,4642.0,2841.0,2864.0,0.0,0.0,1438.0,1249.0,2475.0,6698.0,147.0,401.0,231.0,-173.0,2244.0,6871.0,43.0,109.0,113.0,2363.0,113.0,0.0,113.0,0.0,0.0,0.0,0.0,0.0,2475.0,0.0,0.0,0.0,0.0,0.0,0.0,113.0,0.0,0.0,0.0,0.0,0.0,0.0,119.0,0.0,0.0,0.0,0.0,0.0,0.0,2244.0,0.0,0.0,0.0,0.0,0.0,0.0,38522.0,0.0,0.0,0.0,0.0,0.0,0.0
S00487_PONTA,0, ,8420.0," ""GERAL""       ",0.0,638.0,0.0,223.0,4546.0,537.0,1674.0,1683.0,0.0,0.0,207.0,179.0,357.0,997.0,121.0,339.0,28.0,-13.0,330.0,1010.0,11.0,110.0,4.0,353.0,4.0,0.0,4.0,0.0,0.0,0.0,0.0,0.0,357.0,0.0,0.0,0.0,0.0,0.0,0.0,4.0,0.0,0.0,0.0,0.0,0.0,0.0,23.0,0.0,0.0,0.0,0.0,0.0,0.0,330.0,0.0,0.0,0.0,0.0,0.0,0.0,4546.0,0.0,0.0,0.0,0.0,0.0,0.0
S00488_FORA_PONTA,0, ,8441.0," ""GERAL""       ",51744.0,5885.0,4475.0,4486.0,41828.0,5282.0,3168.0,3189.0,0.0,0.0,1437.0,1249.0,2482.0,6714.0,148.0,405.0,242.0,-144.0,2240.0,6858.0,44.0,109.0,122.0,2360.0,122.0,0.0,122.0,0.0,0.0,0.0,0.0,0.0,2482.0,0.0,0.0,0.0,0.0,0.0,0.0,122.0,0.0,0.0,0.0,0.0,0.0,0.0,120.0,0.0,0.0,0.0,0.0,0.0,0.0,2240.0,0.0,0.0,0.0,0.0,0.0,0.0,41828.0,0.0,0.0,0.0,0.0,0.0,0.0
S00489_PONTA,0, ,8444.0," ""GERAL""       ",0.0,1040.0,0.0,417.0,5535.0,891.0,2110.0,2140.0,0.0,0.0,207.0,179.0,368.0,1043.0,126.0,361.0,40.0,36.0,328.0,1007.0,17.0,110.0,5.0,363.0,5.0,0.0,5.0,0.0,0.0,0.0,0.0,0.0,368.0,0.0,0.0,0.0,0.0,0.0,0.0,5.0,0.0,0.0,0.0,0.0,0.0,0.0,34.0,0.0,0.0,0.0,0.0,0.0,0.0,328.0,0.0,0.0,0.0,0.0,0.0,0.0,5535.0,0.0,0.0,0.0,0.0,0.0,0.0
S00490_FORA_PONTA,0, ,8465.0," ""GERAL""       ",56645.0,6561.0,4471.0,4488.0,44945.0,5838.0,3690.0,3709.0,0.0,0.0,1436.0,1248.0,2522.0,6814.0,147.0,401.0,290.0,-19.0,2232.0,6833.0,43.0,108.0,147.0,2375.0,147.0,0.0,147.0,0.0,0.0,0.0,0.0,0.0,2522.0,0.0,0.0,0.0,0.0,0.0,0.0,147.0,0.0,0.0,0.0,0.0,0.0,0.0,143.0,0.0,0.0,0.0,0.0,0.0,0.0,2232.0,0.0,0.0,0.0,0.0,0.0,0.0,44945.0,0.0,0.0,0.0,0.0,0.0,0.0
S00491_PONTA,0, ,8468.0," ""GERAL""       ",0.0,1249.0,0.0,471.0,5785.0,1085.0,2148.0,2184.0,0.0,0.0,207.0,179.0,371.0,1057.0,127.0,363.0,43.0,51.0,328.0,1005.0,17.0,109.0,5.0,365.0,5.0,0.0,5.0,0.0,0.0,0.0,0.0,0.0,371.0,0.0,0.0,0.0,0.0,0.0,0.0,5.0,0.0,0.0,0.0,0.0,0.0,0.0,38.0,0.0,0.0,0.0,0.0,0.0,0.0,328.0,0.0,0.0,0.0,0.0,0.0,0.0,5785.0,0.0,0.0,0.0,0.0,0.0,0.0
S00492_FORA_PONTA,0, ,8537.0," ""GERAL""       ",124640.0,16479.0,4471.0,4490.0,105267.0,15404.0,3239.0,3252.0,0.0,0.0,4736.0,4111.0,7866.0,21308.0,146.0,397.0,444.0,-1420.0,7422.0,22728.0,42.0,109.0,220.0,7646.0,220.0,0.0,220.0,0.0,0.0,0.0,0.0,0.0,7866.0,0.0,0.0,0.0,0.0,0.0,0.0,220.0,0.0,0.0,0.0,0.0,0.0,0.0,224.0,0.0,0.0,0.0,0.0,0.0,0.0,7422.0,0.0,0.0,0.0,0.0,0.0,0.0,105267.0,0.0,0.0,0.0,0.0,0.0,0.0
S00493_PONTA,0, ,8540.0," ""GERAL""       ",0.0,1051.0,0.0,369.0,5023.0,926.0,1727.0,1757.0,0.0,0.0,207.0,179.0,361.0,1019.0,121.0,342.0,33.0,12.0,328.0,1007.0,12.0,110.0,4.0,357.0,4.0,0.0,4.0,0.0,0.0,0.0,0.0,0.0,361.0,0.0,0.0,0.0,0.0,0.0,0.0,4.0,0.0,0.0,0.0,0.0,0.0,0.0,29.0,0.0,0.0,0.0,0.0,0.0,0.0,328.0,0.0,0.0,0.0,0.0,0.0,0.0,5023.0,0.0,0.0,0.0,0.0,0.0,0.0
S00494_FORA_PONTA,0, ,8561.0," ""GERAL""       ",45259.0,4713.0,4472.0,4491.0,34194.0,4186.0,2487.0,2495.0,0.0,0.0,1440.0,1250.0,2462.0,6664.0,148.0,403.0,211.0,-226.0,2251.0,6891.0,44.0,108.0,100.0,2361.0,100.0,0.0,100.0,0.0,0.0,0.0,0.0,0.0,2462.0,0.0,0.0,0.0,0.0,0.0,0.0,100.0,0.0,0.0,0.0,0.0,0.0,0.0,111.0,0.0,0.0,0.0,0.0,0.0,0.0,2251.0,0.0,0.0,0.0,0.0,0.0,0.0,34194.0,0.0,0.0,0.0,0.0,0.0,0.0
S00495_PONTA,0, ,8564.0," ""GERAL""       ",0.0,604.0,0.0,221.0,3882.0,527.0,1365.0,1374.0,0.0,0.0,207.0,179.0,351.0,973.0,118.0,327.0,21.0,-37.0,330.0,1010.0,8.0,110.0,3.0,348.0,3.0,0.0,3.0,0.0,0.0,0.0,0.0,0.0,351.0,0.0,0.0,0.0,0.0,0.0,0.0,3.0,0.0,0.0,0.0,0.0,0.0,0.0,18.0,0.0,0.0,0.0,0.0,0.0,0.0,330.0,0.0,0.0,0.0,0.0,0.0,0.0,3882.0,0.0,0.0,0.0,0.0,0.0,0.0
S00496_FORA_PONTA,0, ,8585.0," ""GERAL""       ",39241.0,4452.0,4476.0,4485.0,29983.0,4023.0,2257.0,2269.0,0.0,0.0,1441.0,1251.0,2427.0,6586.0,148.0,403.0,168.0,-329.0,2259.0,6916.0,44.0,109.0,76.0,2351.0,76.0,0.0,76.0,0.0,0.0,0.0,0.0,0.0,2427.0,0.0,0.0,0.0,0.0,0.0,0.0,76.0,0.0,0.0,0.0,0.0,0.0,0.0,92.0,0.0,0.0,0.0,0.0,0.0,0.0,2259.0,0.0,0.0,0.0,0.0,0.0,0.0,29983.0,0.0,0.0,0.0,0.0,0.0,0.0
S00497_PONTA,0, ,8588.0," ""GERAL""       ",0.0,619.0,0.0,234.0,3718.0,547.0,1329.0,1342.0,0.0,0.0,207.0,179.0,350.0,968.0,117.0,326.0,20.0,-42.0,330.0,1010.0,7.0,110.0,3.0,346.0,3.0,0.0,3.0,0.0,0.0,0.0,0.0,0.0,350.0,0.0,0.0,0.0,0.0,0.0,0.0,3.0,0.0,0.0,0.0,0.0,0.0,0.0,17.0,0.0,0.0,0.0,0.0,0.0,0.0,330.0,0.0,0.0,0.0,0.0,0.0,0.0,3718.0,0.0,0.0,0.0,0.0,0.0,0.0
S00498_FORA_PONTA,0, ,8633.0," ""GERAL""       ",64155.0,7708.0,4476.0,4491.0,51056.0,7205.0,1375.0,1392.0,0.0,0.0,3094.0,2684.0,5076.0,13768.0,148.0,403.0,206.0,-1141.0,4870.0,14910.0,44.0,109.0,92.0,4984.0,92.0,0.0,92.0,0.0,0.0,0.0,0.0,0.0,5076.0,0.0,0.0,0.0,0.0,0.0,0.0,92.0,0.0,0.0,0.0,0.0,0.0,0.0,115.0,0.0,0.0,0.0,0.0,0.0,0.0,4870.0,0.0,0.0,0.0,0.0,0.0,0.0,51056.0,0.0,0.0,0.0,0.0,0.0,0.0
S00499_PONTA,0, ,8636.0," ""GERAL""       ",0.0,616.0,0.0,218.0,3587.0,549.0,1295.0,1307.0,0.0,0.0,207.0,179.0,348.0,964.0,117.0,324.0,19.0,-46.0,330.0,1010.0,7.0,110.0,3.0,345.0,3.0,0.0,3.0,0.0,0.0,0.0,0.0,0.0,348.0,0.0,0.0,0.0,0.0,0.0,0.0,3.0,0.0,0.0,0.0,0.0,0.0,0.0,16.0,0.0,0.0,0.0,0.0,0.0,0.0,330.0,0.0,0.0,0.0,0.0,0.0,0.0,3587.0,0.0,0.0,0.0,0.0,0.0,0.0
S00500_FORA_PONTA,0, ,8705.0," ""GERAL""       ",100893.0,12763.0,4481.0,4493.0,84555.0,12060.0,2082.0,2091.0,0.0,0.0,4743.0,4116.0,7755.0,21032.0,150.0,408.0,294.0,-1814.0,7461.0,22846.0,46.0,109.0,136.0,7619.0,136.0,0.0,136.0,0.0,0.0,0.0,0.0,0.0,7755.0,0.0,0.0,0.0,0.0,0.0,0.0,136.0,0.0,0.0,0.0,0.0,0.0,0.0,158.0,0.0,0.0,0.0,0.0,0.0,0.0,7461.0,0.0,0.0,0.0,0.0,0.0,0.0,84555.0,0.0,0.0,0.0,0.0,0.0,0.0
S00501_PONTA,0, ,8708.0," ""GERAL""       ",0.0,560.0,0.0,192.0,3874.0,484.0,1415.0,1424.0,0.0,0.0,207.0,179.0,351.0,973.0,118.0,329.0,21.0,-37.0,330.0,1010.0,8.0,110.0,3.0,348.0,3.0,0.0,3.0,0.0,0.0,0.0,0.0,0.0,351.0,0.0,0.0,0.0,0.0,0.0,0.0,3.0,0.0,0.0,0.0,0.0,0.0,0.0,18.0,0.0,0.0,0.0,0.0,0.0,0.0,330.0,0.0,0.0,0.0,0.0,0.0,0.0,3874.0,0.0,0.0,0.0,0.0,0.0,0.0
S00502_FORA_PONTA,0, ,8729.0," ""GERAL""       ",41856.0,4366.0,4477.0,4486.0,32546.0,3904.0,2348.0,2356.0,0.0,0.0,1441.0,1251.0,2438.0,6612.0,148.0,404.0,182.0,-295.0,2256.0,6907.0,44.0,109.0,84.0,2354.0,84.0,0.0,84.0,0.0,0.0,0.0,0.0,0.0,2438.0,0.0,0.0,0.0,0.0,0.0,0.0,84.0,0.0,0.0,0.0,0.0,0.0,0.0,98.0,0.0,0.0,0.0,0.0,0.0,0.0,2256.0,0.0,0.0,0.0,0.0,0.0,0.0,32546.0,0.0,0.0,0.0,0.0,0.0,0.0
S00503_PONTA,0, ,8732.0," ""GERAL""       ",0.0,599.0,0.0,223.0,4003.0,518.0,1388.0,1398.0,0.0,0.0,207.0,179.0,352.0,978.0,118.0,328.0,23.0,-32.0,330.0,1010.0,8.0,110.0,4.0,349.0,4.0,0.0,4.0,0.0,0.0,0.0,0.0,0.0,352.0,0.0,0.0,0.0,0.0,0.0,0.0,4.0,0.0,0.0,0.0,0.0,0.0,0.0,19.0,0.0,0.0,0.0,0.0,0.0,0.0,330.0,0.0,0.0,0.0,0.0,0.0,0.0,4003.0,0.0,0.0,0.0,0.0,0.0,0.0
S00504_FORA_PONTA,0, ,8753.0," ""GERAL""       ",37327.0,4171.0,4476.0,4485.0,28096.0,3780.0,1789.0,1801.0,0.0,0.0,1442.0,1251.0,2416.0,6556.0,148.0,402.0,154.0,-369.0,2262.0,6925.0,43.0,109.0,69.0,2347.0,69.0,0.0,69.0,0.0,0.0,0.0,0.0,0.0,2416.0,0.0,0.0,0.0,0.0,0.0,0.0,69.0,0.0,0.0,0.0,0.0,0.0,0.0,86.0,0.0,0.0,0.0,0.0,0.0,0.0,2262.0,0.0,0.0,0.0,0.0,0.0,0.0,28096.0,0.0,0.0,0.0,0.0,0.0,0.0
S00505_PONTA,0, ,8756.0," ""GERAL""       ",0.0,580.0,0.0,210.0,3592.0,513.0,1303.0,1316.0,0.0,0.0,207.0,179.0,349.0,964.0,117.0,325.0,19.0,-46.0,330.0,1010.0,7.0,110.0,3.0,345.0,3.0,0.0,3.0,0.0,0.0,0.0,0.0,0.0,349.0,0.0,0.0,0.0,0.0,0.0,0.0,3.0,0.0,0.0,0.0,0.0,0.0,0.0,16.0,0.0,0.0,0.0,0.0,0.0,0.0,330.0,0.0,0.0,0.0,0.0,0.0,0.0,3592.0,0.0,0.0,0.0,0.0,0.0,0.0
S00506_FORA_PONTA,0, ,8760.0," ""GERAL""       ",9808.0,857.0,4477.0,4489.0,4046.0,637.0,1329.0,1344.0,0.0,0.0,224.0,195.0,426.0,1160.0,149.0,408.0,81.0,107.0,344.0,1053.0,45.0,108.0,34.0,392.0,34.0,0.0,34.0,0.0,0.0,0.0,0.0,0.0,426.0,0.0,0.0,0.0,0.0,0.0,0.0,34.0,0.0,0.0,0.0,0.0,0.0,0.0,47.0,0.0,0.0,0.0,0.0,0.0,0.0,344.0,0.0,0.0,0.0,0.0,0.0,0.0,4046.0,0.0,0.0,0.0,0.0,0.0,0.0
TOTAL,0,,8760.0,GERAL,18495653.0,2003627.0,5601.0,5629.0,16541666.0,1759918.0,5893.0,5910.0,0.0,0.0,599746.0,520665.0,1032691.0,2804591.0,152.0,459.0,93409.0,-71568.0,939265.0,2876152.0,48.0,110.0,43609.0,989083.0,43609.0,0.0,43609.0,0.0,0.0,0.0,0.0,0.0,1032691.0,0.0,0.0,0.0,0.0,0.0,0.0,43609.0,0.0,0.0,0.0,0.0,0.0,0.0,49811.0,0.0,0.0,0.0,0.0,0.0,0.0,939265.0,0.0,0.0,0.0,0.0,0.0,0.0,16541666.0,0.0,0.0,0.0,0.0,0.0,0.0
