Hora_decimal,P fase A,P fase B,P fase C,Q fase A,Q fase B,Q fase C
7296.0,3.08,2.46,3.49,1.05,1.46,0.264
7296.25,2.62,2.41,3.64,0.635,1.46,0.101
7296.5,2.99,2.45,3.4,0.926,1.45,-0.005
7296.75,2.75,2.43,3.58,0.814,1.38,0.191
7297.0,2.62,2.31,3.57,0.621,1.16,0.394
7297.25,2.88,2.28,3.38,0.792,1.25,0.0969
7297.5,2.66,2.24,3.37,0.621,1.24,0.002
7297.75,2.96,2.39,3.28,0.811,1.32,0.101
7298.0,2.8,2.43,3.44,0.852,1.5,0.23
7298.25,2.81,2.43,3.75,0.729,1.5,0.183
7298.5,2.77,2.45,3.47,0.825,1.5,0.123
7298.75,2.72,2.36,3.49,0.757,1.32,0.0977
7299.0,3.06,2.3,3.58,0.913,1.24,0.221
7299.25,2.8,2.3,3.43,0.874,1.25,0.0635
7299.5,2.91,2.31,3.51,0.714,1.24,0.01
7299.75,2.83,2.44,3.6,0.682,1.42,0.276
7300.0,2.76,2.45,3.48,0.762,1.49,0.284
7300.25,2.98,2.43,3.32,0.811,1.5,0.0637
7300.5,2.83,2.42,3.12,0.887,1.47,-0.0078
7300.75,3.06,2.24,3.37,0.95,1.22,0.154
7301.0,2.71,2.13,3.37,0.731,1.21,0.347
7301.25,2.81,2.22,3.48,0.871,1.22,0.13
7301.5,2.95,2.36,3.25,0.838,1.29,-0.0027
7301.75,2.71,2.45,3.37,0.719,1.51,0.211
7302.0,2.95,2.43,3.32,0.804,1.5,0.243
7302.25,2.53,2.43,3.64,0.455,1.51,0.0357
7302.5,3.23,2.26,3.46,1.06,1.34,0.159
7302.75,2.76,2.36,3.23,0.791,1.26,0.251
7303.0,2.93,2.46,3.45,0.855,1.27,0.202
7303.25,2.77,2.47,3.47,0.827,1.36,0.0114
7303.5,3.03,2.57,3.58,0.838,1.52,0.134
7303.75,2.78,2.56,3.9,0.849,1.61,0.379
7304.0,2.94,2.57,3.44,0.855,1.63,0.295
7304.25,2.53,2.57,3.42,0.486,1.6,0.262
7304.5,3.06,4.6,3.59,0.969,2.2,0.499
7304.75,3.35,6.57,4.72,0.979,2.84,0.619
7305.0,4.25,6.53,4.63,1.65,2.83,0.795
7305.25,4.14,6.53,4.33,1.58,2.85,0.532
7305.5,4.03,6.66,4.18,1.39,3.08,0.442
7305.75,4.1,6.38,4.17,1.55,2.76,0.536
7306.0,4.31,6.08,4.37,1.55,2.48,0.674
7306.25,4.37,6.07,4.52,1.67,2.41,0.819
7306.5,4.97,6.39,4.4,1.9,2.71,0.541
7306.75,4.47,6.5,4.53,1.5,2.83,0.45
7307.0,4.66,6.58,4.36,1.63,2.84,0.702
7307.25,5.38,6.05,4.94,2.16,2.28,0.658
7307.5,5.25,6.12,4.69,2.06,2.43,0.607
7307.75,5.37,6.1,4.98,2.12,2.43,0.506
7308.0,5.81,6.59,4.86,2.09,3.0,0.591
7308.25,4.45,6.58,5.0,1.57,3.0,0.632
7308.5,4.52,6.52,4.38,1.72,2.85,0.575
7308.75,4.13,5.68,4.81,1.47,2.14,0.477
7309.0,3.61,3.36,4.21,0.944,1.29,0.168
7309.25,3.47,3.69,4.87,1.06,1.68,0.147
7309.5,3.08,3.89,4.92,0.678,2.19,0.32
7309.75,3.64,3.82,8.5,1.19,2.2,0.536
7310.0,3.85,3.6,8.02,1.37,1.96,0.756
7310.25,2.63,3.24,9.0,0.6,1.39,0.92
7310.5,3.44,3.18,8.6,1.07,1.37,0.642
7310.75,3.44,3.49,8.56,0.999,1.73,0.529
7311.0,2.69,3.71,8.6,0.652,1.98,0.728
7311.25,3.52,3.79,8.79,1.08,2.14,0.806
7311.5,3.41,3.37,8.49,0.881,1.67,0.723
7311.75,2.57,3.3,7.88,0.46,1.55,0.578
7312.0,3.61,3.27,8.54,1.06,1.59,0.727
7312.25,4.22,3.54,8.12,1.35,1.87,0.712
7312.5,3.73,3.71,8.37,1.16,1.97,0.533
7312.75,3.75,3.61,5.56,1.27,1.82,0.283
7313.0,3.74,3.18,4.58,1.26,1.28,0.176
7313.25,3.47,3.25,4.55,1.14,1.45,0.0644
7313.5,3.56,3.16,4.38,1.03,1.68,-0.081
7313.75,3.36,2.54,4.14,0.865,1.56,0.0104
7314.0,2.99,2.55,4.59,0.782,1.57,0.323
7314.25,3.24,2.42,4.13,0.749,1.34,0.162
7314.5,3.43,2.43,3.81,1.11,1.37,-0.014
7314.75,3.39,2.34,4.29,1.08,1.37,0.0784
7315.0,3.07,2.28,3.76,0.872,1.4,0.239
7315.25,3.02,2.37,3.43,0.943,1.59,0.314
7315.5,3.85,2.33,4.43,1.18,1.56,0.0
7315.75,2.81,2.44,4.37,0.81,1.57,0.2
7316.0,2.7,2.41,4.29,0.608,1.36,0.21
7316.25,3.47,2.29,3.47,0.893,1.2,0.203
7316.5,2.93,2.28,4.24,0.739,1.18,0.106
7316.75,3.15,2.3,4.01,0.878,1.16,0.271
7317.0,3.44,2.41,3.97,1.11,1.39,0.205
7317.25,3.71,2.44,3.44,1.39,1.5,0.0586
7317.5,4.16,2.41,4.55,1.52,1.5,-0.06
7317.75,3.21,2.45,3.55,0.98,1.46,0.32
7318.0,2.87,2.25,3.9,0.87,1.15,0.305
7318.25,2.76,2.31,4.52,0.58,1.18,-0.036
7318.5,3.02,2.31,3.98,0.799,1.29,-7.9e-18
7318.75,3.52,2.32,3.72,0.982,1.33,0.212
7319.0,2.83,2.43,3.83,0.581,1.52,0.339
7319.25,3.12,2.46,4.29,0.989,1.48,0.326
7319.5,3.34,2.45,4.25,1.07,1.49,0.187
7319.75,3.39,2.44,3.77,1.13,1.43,0.22
7320.0,4.13,2.28,3.65,1.57,1.21,0.227
7320.25,2.96,2.31,3.58,0.753,1.22,0.177
7320.5,3.23,2.27,4.34,1.05,1.2,0.136
7320.75,3.31,2.36,3.71,0.953,1.27,0.0367
7321.0,3.39,2.47,4.25,0.9,1.45,0.21
7321.25,3.63,2.41,4.28,1.16,1.43,0.198
7321.5,2.7,2.47,4.52,0.59,1.43,-0.05
7321.75,2.87,2.36,3.3,0.818,1.23,0.18
7322.0,2.96,2.24,3.6,0.97,1.19,0.237
7322.25,3.37,2.33,4.14,1.05,1.14,0.22
7322.5,3.35,2.32,3.93,1.08,1.18,0.0843
7322.75,3.31,2.37,3.35,1.11,1.27,-0.005
7323.0,2.97,2.42,4.09,0.66,1.5,0.33
7323.25,3.69,2.43,3.66,1.14,1.61,0.321
7323.5,2.88,2.42,4.0,0.587,1.64,0.0533
7323.75,3.37,2.32,3.72,0.93,1.39,0.0267
7324.0,3.1,2.32,3.78,0.942,1.39,0.135
7324.25,3.38,2.31,4.57,0.982,1.39,0.367
7324.5,2.92,2.33,4.1,0.922,1.38,0.257
7324.75,2.91,2.46,4.02,0.862,1.62,0.0113
7325.0,2.77,2.46,3.68,0.683,1.62,0.087
7325.25,3.3,2.43,3.95,1.04,1.61,0.259
7325.5,2.79,2.41,4.06,0.541,1.53,0.333
7325.75,2.65,2.33,3.65,0.538,1.34,0.0355
7326.0,2.87,2.32,3.53,0.715,1.34,0.0152
7326.25,2.86,2.28,4.04,0.663,1.35,0.2
7326.5,3.27,2.37,3.82,1.03,1.44,0.188
7326.75,3.05,2.51,3.71,0.88,1.58,0.166
7327.0,2.87,2.6,3.63,0.853,1.55,0.118
7327.25,3.28,2.55,3.85,1.12,1.55,0.233
7327.5,3.06,2.49,3.66,0.787,1.41,0.176
7327.75,3.39,2.49,3.93,0.94,1.32,0.0227
7328.0,3.19,2.49,3.83,0.849,1.31,0.187
7328.25,3.77,2.47,3.66,1.03,1.32,0.296
7328.5,3.69,2.57,3.88,1.13,1.47,0.18
7328.75,3.61,2.57,4.11,1.08,1.58,0.00273
7329.0,3.72,2.56,3.85,1.17,1.57,0.199
7329.25,4.11,2.59,4.44,1.51,1.57,0.387
7329.5,4.19,2.51,4.01,1.39,1.47,0.134
7329.75,3.35,2.45,4.16,1.04,1.36,-0.005
7330.0,3.78,2.46,4.21,1.23,1.38,0.067
7330.25,3.58,2.45,4.2,0.897,1.39,0.323
7330.5,4.1,2.52,4.52,1.22,1.5,0.283
7330.75,3.9,2.57,3.86,1.11,1.63,0.0212
7331.0,3.6,2.56,4.1,0.968,1.63,0.114
7331.25,3.82,2.52,4.23,1.27,1.65,0.21
7331.5,3.38,2.49,4.17,0.973,1.56,0.17
7331.75,3.52,2.46,4.09,1.12,1.43,0.117
7332.0,4.03,2.43,4.21,1.46,1.39,0.127
7332.25,3.26,2.45,4.11,0.927,1.4,0.225
7332.5,4.65,2.5,4.58,1.65,1.55,-0.04
7332.75,3.79,2.55,4.23,1.08,1.63,0.13
7333.0,3.68,2.53,4.24,0.942,1.59,0.253
7333.25,3.83,2.56,4.54,1.18,1.54,0.194
7333.5,3.44,2.54,4.61,1.03,1.45,0.01
7333.75,3.8,2.46,3.96,1.18,1.29,-0.016
7334.0,3.99,2.44,4.31,1.47,1.28,0.348
7334.25,3.52,2.44,4.5,1.09,1.29,0.258
7334.5,4.07,2.49,4.08,1.41,1.39,0.203
7334.75,3.67,2.52,3.6,1.23,1.57,0.232
7335.0,3.36,2.56,4.75,0.862,1.54,0.158
7335.25,3.56,2.53,4.22,1.06,1.54,0.355
7335.5,3.15,2.5,4.76,0.835,1.46,0.248
7335.75,3.35,2.4,3.61,0.866,1.32,0.004
7336.0,3.31,2.41,4.54,1.06,1.32,-0.067
7336.25,3.63,2.44,3.87,1.11,1.33,0.211
7336.5,3.17,2.43,3.95,0.857,1.41,0.285
7336.75,4.74,2.58,4.2,1.76,1.62,0.162
7337.0,3.78,2.54,3.95,1.12,1.64,-0.047
7337.25,4.19,2.55,4.09,1.41,1.6,0.0744
7337.5,3.61,2.49,4.1,1.03,1.56,0.174
7337.75,3.29,2.44,3.75,0.739,1.4,0.151
7338.0,3.5,2.41,3.73,1.02,1.31,0.03
7338.25,4.44,2.5,4.64,1.47,1.34,-0.04
7338.5,3.69,2.48,3.98,1.09,1.43,0.177
7338.75,3.66,2.5,3.49,1.21,1.6,0.116
7339.0,3.64,2.4,3.59,1.1,1.65,0.152
7339.25,3.27,2.46,4.23,1.03,1.64,0.0775
7339.5,3.86,2.37,3.77,1.25,1.56,0.21
7339.75,3.73,2.25,4.07,1.11,1.34,0.177
7340.0,3.44,2.27,2.94,1.02,1.34,0.058
7340.25,3.08,2.32,4.4,0.746,1.31,0.0957
7340.5,3.03,2.28,3.92,0.7,1.36,0.268
7340.75,3.41,2.43,3.67,1.12,1.54,0.236
7341.0,3.14,2.41,3.64,0.891,1.53,0.0181
7341.25,3.71,2.41,4.16,1.29,1.51,-0.02
7341.5,4.11,2.35,4.63,1.59,1.43,0.152
7341.75,2.75,2.31,4.35,0.737,1.25,0.333
7342.0,3.66,2.3,3.73,1.31,1.24,0.0125
7342.25,3.46,2.29,4.05,1.14,1.2,-0.0043
7342.5,2.79,2.43,3.7,0.559,1.35,0.24
7342.75,3.35,2.43,4.02,1.04,1.43,0.342
7343.0,3.35,2.44,3.98,0.934,1.48,0.217
7343.25,3.33,2.41,4.64,1.07,1.51,-0.04
7343.5,3.23,2.35,4.45,1.07,1.31,0.21
7343.75,3.37,2.3,3.74,1.07,1.25,0.437
7344.0,3.52,2.3,3.42,1.22,1.24,0.219
7344.25,3.14,2.34,4.05,1.04,1.22,0.0
7344.5,3.04,2.41,3.89,0.808,1.36,0.144
7344.75,3.54,2.45,3.97,1.19,1.45,0.239
7345.0,3.21,2.41,4.14,0.853,1.45,0.27
7345.25,3.01,2.43,4.02,0.683,1.44,0.06
7345.5,3.67,2.39,3.46,1.26,1.32,0.228
7345.75,3.23,2.32,3.56,0.951,1.16,0.29
7346.0,2.75,2.31,3.5,0.689,1.22,0.0956
7346.25,3.3,2.33,3.66,1.17,1.25,0.13
7346.5,2.78,2.41,4.58,0.72,1.47,0.19
7346.75,3.89,2.44,4.3,1.42,1.51,0.214
7347.0,3.36,2.45,3.52,1.1,1.51,0.0683
7347.25,2.55,2.45,4.08,0.41,1.5,0.005
7347.5,3.2,2.4,3.42,0.891,1.41,0.319
7347.75,2.79,2.34,4.23,0.57,1.26,0.327
7348.0,3.69,2.26,3.47,1.07,1.22,0.0467
7348.25,3.3,2.31,3.57,1.1,1.25,0.0188
7348.5,3.57,2.41,3.31,1.18,1.38,0.234
7348.75,2.89,2.46,3.86,0.889,1.51,0.357
7349.0,3.2,2.42,3.91,1.1,1.51,0.131
7349.25,3.05,2.45,3.58,0.811,1.51,0.0956
7349.5,3.26,2.37,3.67,1.05,1.36,0.255
7349.75,2.76,2.32,3.84,0.696,1.27,0.224
7350.0,2.8,2.29,3.56,0.549,1.3,0.363
7350.25,2.75,2.31,3.25,0.65,1.37,0.28
7350.5,3.04,2.42,3.81,0.777,1.52,0.264
7350.75,3.36,2.63,4.36,0.989,1.56,0.199
7351.0,3.0,2.76,3.87,0.945,1.6,-0.0091
7351.25,2.77,2.68,4.88,0.7,1.57,-0.09
7351.5,3.25,2.65,4.56,1.03,1.34,0.23
7351.75,3.13,2.97,4.97,0.91,1.25,0.154
7352.0,4.11,3.2,5.26,1.15,1.12,0.068
7352.25,4.39,3.21,5.31,1.38,1.1,-0.051
7352.5,5.43,4.56,5.03,1.34,1.63,0.357
7352.75,4.6,5.7,5.78,1.37,1.92,0.674
7353.0,9.25,5.64,7.88,2.18,2.46,0.91
7353.25,9.41,5.39,8.24,2.27,2.42,0.825
7353.5,6.16,4.74,7.92,2.36,2.22,0.857
7353.75,6.31,4.44,8.47,2.38,2.18,0.994
7354.0,6.68,5.37,8.3,2.15,2.26,1.12
7354.25,6.78,4.93,8.81,2.38,2.33,1.0
7354.5,6.55,4.53,7.94,1.94,2.46,0.805
7354.75,6.71,5.13,8.31,2.01,2.44,0.92
7355.0,6.87,5.26,8.61,2.09,2.5,1.11
7355.25,6.77,4.96,8.69,2.1,2.27,1.21
7355.5,6.96,4.68,8.33,2.36,2.31,0.854
7355.75,7.4,4.88,8.84,2.47,2.17,0.908
7356.0,5.83,5.11,7.55,2.24,2.26,0.893
7356.25,5.36,5.65,8.17,2.37,2.42,1.3
7356.5,5.33,5.14,8.24,2.15,2.41,1.22
7356.75,6.17,5.03,7.67,2.0,2.43,0.857
7357.0,5.46,5.84,7.46,2.08,2.39,0.996
7357.25,5.37,4.92,7.0,1.98,2.33,1.22
7357.5,6.17,7.64,7.44,2.67,3.1,1.64
7357.75,6.24,7.72,7.36,2.66,3.06,1.51
7358.0,6.36,8.46,7.12,2.77,3.42,1.3
7358.25,6.3,7.78,7.47,2.72,3.39,1.55
7358.5,5.99,7.81,7.7,2.62,3.39,1.55
7358.75,6.12,7.98,8.31,2.76,3.42,1.6
7359.0,6.11,7.6,7.92,2.56,3.27,1.53
7359.25,5.86,8.02,7.47,2.4,3.17,1.36
7359.5,6.19,7.65,7.47,2.52,3.15,1.52
7359.75,6.17,7.46,9.44,2.41,3.06,1.43
7360.0,6.22,7.5,10.7,2.69,3.25,1.36
7360.25,6.57,8.28,10.7,2.92,3.35,1.6
7360.5,5.83,5.33,9.94,2.54,2.56,1.17
7360.75,4.3,4.32,10.2,1.85,2.42,0.953
7361.0,3.34,4.65,8.99,1.36,2.37,0.814
7361.25,3.54,4.93,9.55,1.62,2.26,0.835
7361.5,3.35,4.09,8.73,1.3,2.12,1.25
7361.75,3.09,4.16,8.54,0.963,1.82,0.35
7362.0,2.94,3.51,5.09,0.807,1.58,0.0933
7362.25,2.68,2.56,4.39,0.595,1.47,0.253
7362.5,2.78,2.51,4.22,0.803,1.49,0.423
7362.75,2.82,2.31,4.06,0.91,1.45,0.527
7363.0,2.66,2.36,3.93,0.75,1.53,0.0967
7363.25,2.71,2.3,5.92,0.793,1.37,0.25
7363.5,2.77,2.29,4.13,0.873,1.36,0.345
7363.75,2.57,2.31,3.96,0.623,1.32,0.41
7364.0,2.65,2.29,4.25,0.7,1.57,0.2
7364.25,2.55,2.35,5.03,0.55,1.53,0.216
7364.5,2.48,2.2,4.76,0.45,1.45,0.476
7364.75,2.8,2.41,4.42,0.92,1.51,0.53
7365.0,2.76,2.21,4.48,0.793,1.32,0.645
7365.25,2.81,2.21,4.52,0.875,1.25,0.528
7365.5,2.82,2.28,4.47,0.933,1.25,0.45
7365.75,2.59,2.17,4.3,0.64,1.2,0.35
7366.0,2.74,2.43,4.48,0.843,1.47,0.49
7366.25,2.75,2.31,4.05,0.857,1.44,0.265
7366.5,2.5,2.32,4.85,0.435,1.56,0.323
7366.75,2.66,2.33,4.19,0.699,1.52,0.369
7367.0,2.54,2.27,4.91,0.544,1.26,0.464
7367.25,2.73,2.18,3.73,0.795,1.22,0.38
7367.5,2.88,2.21,4.35,1.02,1.2,0.393
7367.75,2.63,2.35,4.71,0.69,1.38,0.444
7368.0,2.71,2.28,4.02,0.781,1.42,0.515
7368.25,2.78,2.4,4.36,0.876,1.47,0.494
7368.5,2.58,2.31,4.12,0.622,1.52,0.266
7368.75,2.63,2.18,4.18,0.644,1.43,0.353
7369.0,2.57,2.22,4.4,0.563,1.34,0.437
7369.25,2.47,2.18,3.63,0.428,1.29,0.414
7369.5,2.89,2.28,4.19,1.0,1.3,0.31
7369.75,2.78,2.34,4.96,0.87,1.43,0.27
7370.0,2.67,2.37,4.22,0.734,1.52,0.25
7370.25,2.77,2.35,4.21,0.875,1.54,0.498
7370.5,2.72,2.37,3.11,0.75,1.53,0.32
7370.75,2.61,2.28,3.83,0.662,1.32,0.247
7371.0,2.77,2.23,4.37,0.876,1.25,0.31
7371.25,2.47,2.2,4.24,0.43,1.24,0.688
7371.5,2.59,2.28,4.19,0.563,1.27,0.445
7371.75,2.64,2.28,4.32,0.653,1.39,0.266
7372.0,2.63,2.45,3.51,0.634,1.48,0.118
7372.25,2.84,2.38,4.43,0.95,1.48,0.416
7372.5,2.79,2.24,3.64,0.873,1.44,0.58
7372.75,2.59,2.37,4.44,0.62,1.42,0.264
7373.0,2.76,2.2,4.27,0.88,1.23,0.34
7373.25,2.64,2.32,4.59,0.672,1.3,0.346
7373.5,2.65,2.21,3.98,0.675,1.22,0.544
7373.75,2.67,2.45,3.88,0.68,1.51,0.422
7374.0,2.46,2.26,4.02,0.424,1.47,0.263
7374.25,2.64,2.38,4.34,0.637,1.53,0.288
7374.5,2.8,2.29,4.45,0.9,1.45,0.423
7374.75,2.71,2.45,4.61,0.706,1.31,0.377
7375.0,2.81,2.61,4.84,0.842,1.34,0.173
7375.25,2.99,2.47,5.12,0.674,1.29,0.193
7375.5,2.93,2.65,4.99,0.617,1.4,0.298
7375.75,3.07,2.67,5.11,0.828,1.54,0.291
7376.0,2.88,3.08,6.42,0.512,1.46,0.329
7376.25,2.93,3.28,5.78,0.459,1.4,0.314
7376.5,3.12,3.11,5.14,0.649,1.31,0.268
7376.75,2.98,3.15,5.64,0.545,1.08,0.282
7377.0,3.2,2.98,5.92,0.87,1.07,0.323
7377.25,3.42,3.03,6.63,0.822,1.16,0.512
7377.5,2.86,3.05,6.49,0.565,1.33,0.583
7377.75,2.91,3.01,6.3,0.777,1.38,0.569
7378.0,2.93,3.06,6.19,0.801,1.42,0.349
7378.25,2.98,3.09,6.29,0.592,1.43,0.49
7378.5,2.88,3.03,6.77,0.669,1.4,0.7
7378.75,2.86,3.01,6.59,0.611,1.24,0.378
7379.0,2.83,2.9,6.48,0.511,1.23,0.344
7379.25,2.99,2.99,7.0,0.712,1.27,0.558
7379.5,3.02,2.98,6.66,0.815,1.36,0.749
7379.75,2.79,3.09,6.56,0.571,1.46,0.606
7380.0,2.95,2.62,6.43,0.808,1.56,0.622
7380.25,3.09,2.91,6.0,0.807,1.47,0.583
7380.5,2.7,3.1,6.47,0.61,1.46,0.688
7380.75,2.8,2.93,6.39,0.849,1.24,0.683
7381.0,4.13,3.48,6.72,1.41,1.79,0.568
7381.25,4.5,3.57,6.51,1.26,1.97,0.47
7381.5,4.88,3.59,6.53,1.51,2.03,0.305
7381.75,4.6,3.73,6.76,1.39,2.24,0.41
7382.0,4.59,3.29,6.12,1.37,1.66,0.564
7382.25,4.73,3.23,6.37,1.55,1.54,0.486
7382.5,4.78,3.48,6.6,1.49,1.48,0.509
7382.75,4.8,3.23,6.68,1.43,1.39,0.257
7383.0,4.71,3.62,6.21,1.6,1.49,0.41
7383.25,4.65,3.0,6.09,1.37,1.3,0.51
7383.5,4.63,3.01,6.39,1.33,1.31,0.56
7383.75,5.2,3.14,6.2,1.47,1.51,0.256
7384.0,4.63,3.26,5.86,1.26,1.58,0.338
7384.25,4.64,3.54,6.27,1.26,1.49,0.63
7384.5,4.78,3.33,6.19,1.48,1.46,0.489
7384.75,4.69,3.0,6.96,1.32,1.37,0.226
7385.0,4.79,3.17,6.1,1.51,1.22,0.248
7385.25,2.86,3.25,6.24,0.836,1.22,0.362
7385.5,2.63,3.43,5.77,0.61,1.19,0.388
7385.75,2.87,3.04,5.5,0.893,1.37,0.0475
7386.0,2.86,2.84,5.32,0.983,1.45,0.272
7386.25,2.59,2.62,5.33,0.658,1.54,0.286
7386.5,2.57,2.77,5.74,0.591,1.52,0.393
7386.75,2.64,2.92,5.53,0.694,1.47,0.236
7387.0,2.47,2.06,4.86,0.481,1.37,0.133
7387.25,2.7,2.42,4.66,0.792,1.4,0.282
7387.5,2.74,2.22,4.82,0.846,1.3,0.204
7387.75,2.57,2.72,5.03,0.634,1.44,0.268
7388.0,2.79,2.74,4.64,0.912,1.46,0.298
7388.25,2.82,2.17,4.78,0.943,1.53,0.331
7388.5,2.68,2.46,5.09,0.769,1.47,0.373
7388.75,2.74,2.33,4.6,0.849,1.4,0.143
7389.0,2.64,2.68,5.22,0.693,1.18,0.493
7389.25,2.47,2.43,4.91,0.456,1.16,0.414
7389.5,2.61,2.08,4.62,0.638,1.2,0.227
7389.75,2.72,2.49,4.45,0.811,1.29,0.198
7390.0,2.59,2.48,4.75,0.643,1.47,0.468
7390.25,2.76,2.78,5.28,0.892,1.42,0.519
7390.5,2.85,2.6,4.39,0.995,1.42,0.19
7390.75,2.67,2.22,4.63,0.776,1.39,0.414
7391.0,2.79,2.39,4.44,0.943,1.15,0.413
7391.25,2.68,2.44,4.74,0.785,1.27,0.503
7391.5,2.46,2.69,4.69,0.455,1.23,0.18
7391.75,2.65,2.41,4.5,0.7,1.39,0.248
7392.0,2.55,2.26,4.34,0.566,1.51,0.357
7392.25,2.57,2.52,4.8,0.562,1.57,0.362
7392.5,2.8,2.64,4.44,0.876,1.56,0.432
7392.75,2.78,2.74,4.78,0.869,1.49,0.284
7393.0,2.73,2.22,4.34,0.847,1.31,0.274
7393.25,2.83,2.21,4.54,0.981,1.24,0.45
7393.5,2.64,2.37,4.43,0.731,1.25,0.473
7393.75,2.6,2.52,4.91,0.697,1.25,0.601
7394.0,2.77,2.85,4.58,0.881,1.44,0.444
7394.25,2.55,2.35,4.59,0.549,1.48,0.478
7394.5,2.52,2.34,4.62,0.511,1.41,0.453
7394.75,2.66,2.44,4.43,0.721,1.45,0.359
7395.0,2.72,2.52,4.12,0.747,1.24,0.399
7395.25,2.79,2.76,4.36,0.868,1.19,0.369
7395.5,2.88,2.14,4.41,1.03,1.17,0.51
7395.75,2.66,2.33,4.28,0.747,1.12,0.428
7396.0,2.66,2.37,4.39,0.752,1.4,0.371
7396.25,2.78,2.79,4.26,0.915,1.41,0.434
7396.5,2.61,2.74,4.88,0.691,1.45,0.505
7396.75,2.58,2.21,4.72,0.621,1.52,0.42
7397.0,2.66,2.47,4.26,0.713,1.29,0.188
7397.25,2.47,2.23,3.58,0.456,1.27,0.339
7397.5,2.72,2.69,4.26,0.772,1.24,0.447
7397.75,2.87,2.48,4.52,1.02,1.22,0.423
7398.0,2.64,2.22,3.46,0.707,1.49,0.135
7398.25,2.69,2.57,4.03,0.786,1.45,0.239
7398.5,2.78,2.47,4.4,0.892,1.5,0.585
7398.75,2.63,3.02,4.76,0.627,1.44,0.322
7399.0,2.72,2.9,4.62,0.784,1.37,0.125
7399.25,2.77,2.4,4.89,0.833,1.24,0.18
7399.5,2.49,2.74,5.38,0.449,1.24,0.581
7399.75,2.74,2.96,4.99,0.73,1.23,0.467
7400.0,2.78,4.26,6.21,0.809,1.99,0.337
7400.25,3.27,6.28,8.02,0.704,2.58,0.633
7400.5,3.61,7.32,10.3,1.0,2.86,1.42
7400.75,3.3,8.6,10.0,1.13,3.05,1.44
7401.0,4.41,8.39,9.88,1.73,3.04,1.28
7401.25,4.25,7.73,10.1,1.47,2.39,1.33
7401.5,4.28,7.08,10.3,1.43,2.04,1.15
7401.75,4.55,7.08,11.2,1.69,2.05,1.18
7402.0,4.87,7.07,10.0,1.9,2.13,1.61
7402.25,4.52,7.42,10.6,1.91,2.24,1.39
7402.5,4.38,7.43,10.4,1.78,2.24,1.39
7402.75,4.43,7.15,10.1,1.8,2.27,1.38
7403.0,4.99,7.23,10.9,1.88,2.24,1.38
7403.25,4.62,7.11,10.5,1.73,2.05,1.44
7403.5,4.96,6.79,9.86,2.05,1.97,1.32
7403.75,4.28,7.66,10.6,1.8,2.03,1.36
7404.0,4.85,6.5,8.78,2.13,2.0,1.23
7404.25,4.43,7.95,8.03,1.97,2.28,1.42
7404.5,4.97,7.14,8.32,2.22,2.24,1.25
7404.75,4.63,7.39,8.41,2.04,2.21,1.2
7405.0,4.17,7.77,9.1,1.59,2.22,1.27
7405.25,4.93,6.36,10.5,1.82,1.96,1.4
7405.5,6.39,6.68,10.6,2.08,1.96,1.5
7405.75,5.25,6.71,10.9,1.57,2.04,1.17
7406.0,5.37,6.36,10.7,1.8,1.93,1.21
7406.25,5.86,6.92,10.6,1.8,2.26,1.28
7406.5,5.35,6.43,10.5,1.6,2.24,1.29
7406.75,5.6,6.87,10.2,1.91,2.21,1.5
7407.0,4.54,6.24,10.5,1.69,2.01,1.36
7407.25,4.87,7.02,10.8,2.06,2.01,1.3
7407.5,5.12,7.19,10.9,2.03,2.09,1.36
7407.75,4.28,5.7,7.45,1.68,1.93,0.98
7408.0,3.45,6.59,6.78,1.25,2.15,0.965
7408.25,4.36,6.87,6.35,1.83,2.3,0.767
7408.5,3.79,6.5,6.29,1.41,2.18,0.536
7408.75,3.99,6.1,6.42,1.53,2.26,0.607
7409.0,4.13,6.09,5.01,1.5,1.92,0.441
7409.25,2.72,5.76,5.98,0.723,1.64,0.415
7409.5,2.83,6.38,5.53,0.886,1.7,0.273
7409.75,2.66,5.95,5.7,0.735,1.58,0.092
7410.0,2.61,4.04,5.44,0.678,1.7,0.249
7410.25,2.72,3.98,5.47,0.848,1.73,0.445
7410.5,2.54,4.09,5.77,0.606,1.75,0.554
7410.75,2.69,4.13,4.97,0.789,1.72,0.418
7411.0,2.64,4.21,5.34,0.747,1.56,0.227
7411.25,2.61,3.59,5.12,0.696,1.49,0.252
7411.5,2.86,3.62,5.38,1.01,1.43,0.538
7411.75,2.66,3.63,5.26,0.77,1.37,0.717
7412.0,2.63,3.7,5.46,0.724,1.58,0.547
7412.25,2.62,3.8,5.21,0.688,1.6,0.314
7412.5,2.5,3.7,5.06,0.443,1.58,0.303
7412.75,2.68,3.76,5.55,0.731,1.74,0.524
7413.0,2.64,3.65,4.74,0.726,1.6,0.66
7413.25,2.62,3.62,5.28,0.715,1.51,0.346
7413.5,2.79,3.58,4.6,0.69,1.46,0.251
7413.75,2.87,3.48,4.68,0.782,1.41,0.319
7414.0,2.86,3.66,5.24,0.997,1.65,0.611
7414.25,2.78,3.74,5.17,0.922,1.7,0.617
7414.5,2.74,3.59,5.0,0.882,1.63,0.335
7414.75,2.73,3.69,5.1,0.874,1.69,0.275
7415.0,2.5,3.57,4.77,0.545,1.49,0.401
7415.25,2.56,3.56,5.26,0.605,1.42,0.654
7415.5,2.61,3.56,4.76,0.656,1.38,0.673
7415.75,2.51,3.49,5.26,0.529,1.35,0.364
7416.0,2.83,3.73,4.92,0.942,1.61,0.364
7416.25,2.78,3.62,5.03,0.889,1.57,0.577
7416.5,2.66,3.69,5.14,0.742,1.6,0.847
7416.75,2.77,3.59,4.89,0.897,1.55,0.525
7417.0,2.59,3.59,4.62,0.656,1.32,0.409
7417.25,2.61,3.57,4.52,0.716,1.37,0.37
7417.5,2.76,3.5,4.89,0.887,1.35,0.64
7417.75,2.54,3.66,4.68,0.598,1.48,0.734
7418.0,2.58,3.6,4.88,0.587,1.58,0.466
7418.25,2.66,3.7,5.01,0.721,1.62,0.382
7418.5,2.57,3.59,4.68,0.595,1.56,0.554
7418.75,2.86,3.66,4.84,1.01,1.55,0.66
7419.0,2.68,3.54,5.06,0.773,1.35,0.669
7419.25,2.66,3.53,4.74,0.754,1.29,0.391
7419.5,2.75,3.58,4.86,0.899,1.33,0.445
7419.75,2.56,3.58,4.5,0.635,1.48,0.623
7420.0,2.71,3.68,5.2,0.814,1.58,0.684
7420.25,2.71,3.67,5.01,0.836,1.58,0.638
7420.5,2.58,3.61,5.32,0.653,1.56,0.517
7420.75,2.75,3.62,4.64,0.839,1.49,0.593
7421.0,2.57,3.46,4.71,0.592,1.47,0.521
7421.25,2.56,3.56,4.6,0.597,1.51,0.678
7421.5,2.61,3.45,5.39,0.684,1.47,0.608
7421.75,2.55,3.64,4.26,0.604,1.69,0.358
7422.0,2.73,3.59,4.79,0.824,1.76,0.279
7422.25,2.62,3.6,4.29,0.691,1.75,0.377
7422.5,2.63,3.64,4.85,0.665,1.76,0.707
7422.75,2.77,3.6,5.0,0.818,1.49,0.414
7423.0,2.66,3.8,4.52,0.659,1.45,0.219
7423.25,2.81,3.87,5.28,0.884,1.48,0.23
7423.5,2.74,3.87,5.16,0.821,1.52,0.501
7423.75,2.47,4.02,5.26,0.465,1.73,0.644
7424.0,2.66,4.04,5.33,0.689,1.68,0.359
7424.25,3.2,4.59,6.17,0.627,1.52,0.233
7424.5,3.07,4.97,5.77,0.752,1.9,0.424
7424.75,3.47,6.68,6.14,1.03,2.41,0.774
7425.0,3.37,7.22,5.77,0.96,2.52,1.05
7425.25,3.76,6.36,5.79,1.25,2.54,0.806
7425.5,3.9,6.48,6.21,1.18,2.62,0.688
7425.75,10.2,6.57,6.3,1.12,2.81,0.762
7426.0,4.94,6.34,6.7,1.15,2.17,0.975
7426.25,3.81,6.15,6.55,0.915,2.2,1.05
7426.5,4.22,5.99,6.42,1.01,2.09,0.556
7426.75,4.19,6.47,5.43,0.91,2.55,0.538
7427.0,4.51,6.55,6.03,0.724,2.56,0.59
7427.25,10.6,6.22,5.25,0.976,2.56,0.857
7427.5,8.52,6.31,5.71,0.981,2.36,0.921
7427.75,3.34,5.63,5.2,1.1,2.09,0.587
7428.0,3.1,5.59,5.5,1.23,2.07,0.558
7428.25,3.5,5.79,5.18,1.03,2.08,0.72
7428.5,3.07,5.93,5.95,1.14,1.91,0.745
7428.75,2.86,5.72,5.48,1.0,1.84,0.791
7429.0,3.67,5.44,5.75,0.969,1.92,0.541
7429.25,4.4,5.51,5.27,1.08,1.92,0.503
7429.5,7.21,5.72,5.76,0.749,2.12,0.662
7429.75,11.4,5.56,5.74,0.943,2.15,0.65
7430.0,11.6,5.42,5.66,0.966,2.09,0.668
7430.25,11.6,5.71,6.17,1.12,1.98,0.709
7430.5,11.4,5.89,5.43,1.3,1.85,0.621
7430.75,11.8,5.76,6.69,1.02,1.73,0.735
7431.0,12.0,5.66,9.05,1.14,1.74,1.17
7431.25,11.7,5.84,10.2,1.02,1.87,1.13
7431.5,11.7,5.65,10.6,1.0,2.03,1.1
7431.75,11.9,5.61,10.5,0.999,2.04,1.18
7432.0,11.8,5.88,10.4,1.0,2.07,1.3
7432.25,5.41,5.47,10.7,1.04,1.82,1.43
7432.5,4.37,5.42,11.3,1.12,1.82,1.02
7432.75,3.66,4.9,10.1,0.856,1.54,0.962
7433.0,3.67,4.38,10.6,0.7,1.39,0.969
7433.25,3.96,4.65,10.3,0.417,1.59,1.05
7433.5,3.16,4.46,9.91,0.552,1.55,0.682
7433.75,2.77,4.42,9.46,0.58,1.55,0.465
7434.0,2.45,4.35,6.98,0.43,1.42,0.22
7434.25,2.57,4.29,4.85,0.642,1.28,0.321
7434.5,2.58,3.75,4.89,0.654,1.42,0.342
7434.75,2.5,3.65,4.57,0.543,1.43,0.141
7435.0,2.7,3.61,5.14,0.81,1.61,0.12
7435.25,2.55,3.63,4.41,0.614,1.66,0.393
7435.5,2.5,3.62,5.05,0.568,1.61,0.589
7435.75,2.58,3.66,4.48,0.658,1.59,0.347
7436.0,2.44,3.58,5.2,0.457,1.4,0.194
7436.25,2.61,3.49,4.42,0.714,1.32,0.381
7436.5,2.45,3.48,4.42,0.503,1.29,0.427
7436.75,2.57,3.48,4.41,0.631,1.28,0.541
7437.0,2.62,3.61,4.69,0.714,1.49,0.451
7437.25,2.53,3.63,4.56,0.594,1.54,0.575
7437.5,2.71,3.59,4.49,0.838,1.58,0.476
7437.75,2.51,3.61,4.3,0.555,1.54,0.322
7438.0,2.51,3.52,4.09,0.568,1.26,0.315
7438.25,2.55,3.54,4.3,0.621,1.29,0.403
7438.5,2.46,3.49,4.29,0.508,1.37,0.427
7438.75,2.59,3.56,4.38,0.67,1.45,0.206
7439.0,2.43,3.64,4.49,0.459,1.53,0.258
7439.25,2.57,3.57,4.57,0.648,1.52,0.427
7439.5,2.6,3.58,4.32,0.665,1.51,0.645
7439.75,2.61,3.53,4.37,0.692,1.48,0.535
7440.0,2.7,3.47,4.32,0.816,1.32,0.179
7440.25,2.42,3.45,4.0,0.45,1.35,0.163
7440.5,2.61,3.47,4.42,0.71,1.33,0.454
7440.75,2.45,3.57,4.34,0.473,1.48,0.491
7441.0,2.47,3.59,4.3,0.498,1.56,0.232
7441.25,2.59,3.55,4.07,0.557,1.55,0.208
7441.5,2.63,3.58,4.33,0.496,1.56,0.438
7441.75,2.69,3.54,4.49,0.757,1.45,0.666
7442.0,2.74,3.45,4.41,0.83,1.28,0.609
7442.25,2.72,3.47,4.56,0.834,1.29,0.237
7442.5,2.51,3.47,4.2,0.546,1.29,0.249
7442.75,2.5,3.49,4.6,0.528,1.4,0.458
7443.0,2.62,3.54,4.16,0.71,1.53,0.518
7443.25,2.46,3.6,4.23,0.469,1.55,0.301
7443.5,2.54,3.57,4.29,0.56,1.6,0.191
7443.75,2.54,3.5,4.24,0.535,1.45,0.535
7444.0,2.48,3.45,4.44,0.484,1.34,0.618
7444.25,2.71,3.43,4.35,0.816,1.36,0.394
7444.5,2.52,3.43,4.29,0.572,1.36,0.279
7444.75,2.6,3.52,4.42,0.663,1.53,0.245
7445.0,2.5,3.54,4.41,0.55,1.61,0.436
7445.25,2.48,3.56,4.55,0.527,1.62,0.477
7445.5,2.61,3.53,4.48,0.691,1.62,0.308
7445.75,2.42,3.47,4.06,0.439,1.48,0.391
7446.0,2.57,3.4,4.32,0.643,1.37,0.346
7446.25,2.48,3.43,4.36,0.536,1.39,0.422
7446.5,2.53,3.39,4.45,0.58,1.4,0.369
7446.75,2.74,3.69,4.56,0.792,1.51,0.224
7447.0,2.51,3.86,4.34,0.535,1.64,0.123
7447.25,2.61,3.87,4.86,0.639,1.66,0.329
7447.5,2.46,4.25,4.9,0.482,1.53,0.53
7447.75,2.47,4.19,4.98,0.519,1.37,0.251
7448.0,2.64,4.16,4.63,0.614,1.29,0.134
7448.25,2.4,4.15,4.7,0.426,1.33,0.202
7448.5,2.68,4.15,4.65,0.656,1.31,0.341
7448.75,3.54,4.34,5.89,1.17,1.47,0.151
7449.0,3.76,4.33,4.75,1.01,1.49,0.0981
7449.25,3.37,4.32,4.93,1.25,1.49,0.179
7449.5,2.94,4.34,5.32,0.905,1.51,0.332
7449.75,3.55,4.23,4.7,1.04,1.27,0.454
7450.0,3.69,4.18,5.0,1.17,1.28,0.0935
7450.25,2.93,4.63,4.75,0.872,1.32,0.107
7450.5,2.99,5.3,4.31,0.85,1.51,0.064
7450.75,3.28,5.42,4.49,1.06,1.68,0.136
7451.0,3.38,4.84,4.2,1.04,1.64,0.0292
7451.25,3.94,5.08,4.34,1.09,1.69,-0.071
7451.5,3.57,4.96,4.94,1.33,1.57,0.298
7451.75,3.14,4.67,5.02,1.12,1.3,0.47
7452.0,2.75,4.7,5.12,0.792,1.34,0.305
7452.25,3.1,4.59,5.07,0.855,1.29,0.119
7452.5,2.85,4.22,5.14,0.884,1.32,0.378
7452.75,3.02,4.83,5.4,1.02,1.52,0.367
7453.0,2.9,4.36,5.04,0.969,1.41,0.393
7453.25,3.12,4.82,5.41,1.15,1.55,0.305
7453.5,3.19,5.09,4.44,1.05,1.59,0.244
7453.75,3.58,5.03,4.18,1.22,1.36,0.0076
7454.0,3.19,4.94,4.31,0.978,1.32,0.11
7454.25,3.32,5.02,4.17,0.986,1.36,0.16
7454.5,3.85,4.88,5.31,1.15,1.37,0.352
7454.75,3.75,5.23,5.26,1.04,1.57,0.105
7455.0,3.58,4.73,5.05,0.918,1.48,0.0693
7455.25,3.78,5.07,4.54,0.893,1.57,-0.063
7455.5,3.48,4.97,7.9,0.928,1.47,0.552
7455.75,4.1,4.83,9.19,1.01,1.35,0.689
7456.0,3.33,4.95,9.13,1.05,1.37,0.551
7456.25,3.22,4.93,9.03,0.986,1.36,0.699
7456.5,3.58,4.94,8.55,1.24,1.49,0.61
7456.75,3.59,4.67,8.38,1.18,1.51,0.62
7457.0,3.59,5.1,8.29,1.0,1.66,0.286
7457.25,3.88,4.93,7.83,1.15,1.61,0.273
7457.5,3.1,4.79,7.34,0.934,1.42,0.336
7457.75,3.33,4.99,6.79,1.12,1.37,0.361
7458.0,3.06,4.23,7.58,1.12,1.16,0.645
7458.25,2.86,4.25,4.85,0.902,1.18,0.313
7458.5,2.67,4.47,3.38,0.832,1.43,0.193
7458.75,3.09,4.31,3.81,1.17,1.48,0.176
7459.0,3.0,4.29,3.59,0.823,1.52,0.251
7459.25,2.71,4.29,3.71,0.881,1.54,0.297
7459.5,3.17,4.13,3.56,1.15,1.37,0.00731
7459.75,3.15,3.49,3.49,1.15,1.4,0.0696
7460.0,2.71,3.59,3.46,0.906,1.43,0.259
7460.25,2.94,3.58,3.55,1.04,1.4,0.222
7460.5,2.96,3.67,3.29,1.06,1.58,0.193
7460.75,2.75,3.73,3.54,0.957,1.63,0.138
7461.0,3.29,3.69,3.43,1.32,1.64,0.212
7461.25,3.05,3.63,3.25,1.19,1.6,0.279
7461.5,2.75,3.54,3.33,0.87,1.41,0.074
7461.75,2.91,3.58,3.33,0.918,1.35,0.0281
7462.0,2.72,3.56,3.44,0.93,1.34,0.102
7462.25,3.01,3.57,3.36,1.12,1.33,0.277
7462.5,3.09,3.68,3.5,1.13,1.59,0.335
7462.75,2.52,3.68,3.46,0.668,1.61,0.209
7463.0,2.93,3.68,3.32,1.01,1.61,0.102
7463.25,2.8,3.67,3.75,1.02,1.58,0.406
7463.5,3.21,3.61,3.65,1.29,1.39,0.277
7463.75,2.96,3.62,3.24,0.976,1.35,0.128
7464.0,2.63,3.58,3.22,0.815,1.4,0.242
7464.25,2.88,3.51,3.42,1.03,1.37,0.185
7464.5,2.69,3.59,3.52,0.898,1.62,0.285
7464.75,2.8,3.71,3.27,0.834,1.63,0.139
7465.0,2.64,3.7,3.19,0.839,1.63,0.0754
7465.25,2.95,3.68,3.13,1.08,1.61,0.106
7465.5,2.63,3.55,3.43,0.803,1.36,0.309
7465.75,2.86,3.55,3.25,0.945,1.37,0.211
7466.0,2.81,3.56,3.38,1.05,1.36,0.237
7466.25,3.15,3.58,3.29,1.24,1.41,0.217
7466.5,2.55,3.69,3.35,0.701,1.6,0.304
7466.75,2.63,3.66,3.27,0.797,1.6,0.271
7467.0,3.03,3.67,3.15,1.13,1.59,0.0581
7467.25,2.63,3.64,3.26,0.81,1.5,0.059
7467.5,3.07,3.55,3.18,1.05,1.32,0.265
7467.75,2.72,3.58,3.43,0.924,1.32,0.299
7468.0,2.7,3.57,3.46,0.823,1.34,0.103
7468.25,3.03,3.67,3.43,1.08,1.5,0.239
7468.5,2.81,3.69,3.38,1.05,1.6,0.33
7468.75,3.04,3.7,3.34,1.05,1.6,0.306
7469.0,2.61,3.67,3.6,0.778,1.57,0.11
7469.25,2.71,3.46,3.49,0.908,1.31,0.0625
7469.5,2.62,3.56,3.3,0.728,1.31,0.311
7469.75,2.69,3.59,3.55,0.885,1.31,0.295
7470.0,2.62,3.59,3.15,0.79,1.43,0.309
7470.25,2.78,3.69,3.66,0.835,1.59,0.383
7470.5,2.76,3.68,3.34,0.962,1.6,0.453
7470.75,2.63,3.73,3.51,0.767,1.55,0.108
7471.0,3.09,3.75,3.26,1.16,1.44,0.033
7471.25,2.59,3.7,3.22,0.754,1.35,0.13
7471.5,2.54,3.73,3.76,0.681,1.31,0.23
7471.75,3.11,4.3,3.69,1.17,1.19,0.131
7472.0,2.81,4.67,4.01,0.678,1.47,-0.032
7472.25,2.92,4.46,6.3,0.951,1.49,0.188
7472.5,2.64,4.54,8.34,0.774,1.52,0.786
7472.75,2.86,4.41,8.39,0.853,1.47,0.782
7473.0,2.79,5.17,8.51,0.981,1.46,0.467
7473.25,2.88,4.34,7.97,0.932,1.25,0.438
7473.5,2.7,4.37,8.59,0.873,1.24,0.407
7473.75,2.73,4.46,8.56,0.86,1.34,0.665
7474.0,3.07,4.53,8.78,0.846,1.49,0.635
7474.25,2.94,4.88,8.28,0.984,1.61,0.438
7474.5,3.06,5.08,8.67,1.12,1.62,0.598
7474.75,3.0,4.5,8.72,1.09,1.38,0.663
7475.0,3.06,4.74,8.69,0.996,1.36,0.69
7475.25,3.24,4.43,8.58,1.09,1.26,0.54
7475.5,3.21,5.41,8.71,1.26,1.5,0.417
7475.75,2.93,4.55,8.4,0.957,1.43,0.423
7476.0,3.07,4.83,8.48,1.05,1.58,0.625
7476.25,2.82,4.55,8.89,0.893,1.51,0.646
7476.5,3.11,5.09,8.34,1.01,1.66,0.502
7476.75,2.99,4.59,8.87,1.04,1.34,0.574
7477.0,2.99,5.15,8.27,0.897,1.43,0.552
7477.25,2.96,4.45,8.72,0.986,1.31,0.634
7477.5,2.72,4.83,8.55,0.845,1.4,0.551
7477.75,2.64,4.52,8.6,0.689,1.54,0.404
7478.0,3.13,5.08,8.56,1.21,1.64,0.567
7478.25,2.82,4.57,8.66,0.843,1.53,0.601
7478.5,2.72,4.86,8.62,0.839,1.6,0.709
7478.75,2.84,4.44,8.88,0.942,1.28,0.609
7479.0,2.76,4.83,8.67,0.709,1.39,0.529
7479.25,2.99,4.53,8.74,1.05,1.29,0.488
7479.5,2.85,5.29,8.4,0.805,1.51,0.673
7479.75,3.13,4.61,8.44,1.03,1.56,0.548
7480.0,3.29,4.76,8.79,1.16,1.62,0.396
7480.25,2.93,4.79,8.15,0.789,1.62,0.437
7480.5,3.28,4.8,8.75,1.22,1.56,0.623
7480.75,2.71,4.69,8.5,0.826,1.4,0.811
7481.0,2.72,4.8,8.64,0.696,1.43,0.588
7481.25,3.26,4.83,8.27,1.15,1.4,0.419
7481.5,2.78,4.56,8.48,0.671,1.38,0.483
7481.75,3.03,4.97,8.55,1.01,1.65,0.542
7482.0,2.84,4.5,5.51,0.859,1.6,0.137
7482.25,2.7,3.93,3.51,0.725,1.67,-0.012
7482.5,3.19,3.79,3.45,1.14,1.51,0.0342
7482.75,2.92,3.71,3.58,0.852,1.45,0.349
7483.0,3.06,3.64,3.84,1.03,1.5,0.368
7483.25,2.77,3.62,3.37,0.989,1.45,0.051
7483.5,2.67,3.71,3.37,0.687,1.62,0.02
7483.75,2.77,3.77,3.72,0.904,1.69,0.213
7484.0,2.59,3.76,3.48,0.733,1.66,0.23
7484.25,2.88,3.74,3.39,0.868,1.65,0.0193
7484.5,2.92,3.64,3.15,1.01,1.41,0.0423
7484.75,2.55,3.64,3.57,0.691,1.4,0.288
7485.0,3.02,3.68,3.41,1.03,1.37,0.451
7485.25,2.96,3.65,3.44,1.04,1.43,0.0791
7485.5,3.02,3.77,3.31,1.03,1.6,0.0382
7485.75,2.98,3.77,3.31,1.06,1.61,0.131
7486.0,2.62,3.74,3.36,0.794,1.6,0.274
7486.25,2.68,3.67,3.49,0.749,1.42,0.123
7486.5,3.15,3.59,3.46,1.19,1.3,0.0571
7486.75,2.58,3.59,3.31,0.741,1.31,0.272
7487.0,2.92,3.61,3.46,0.94,1.36,0.453
7487.25,2.69,3.68,3.56,0.882,1.57,0.403
7487.5,2.78,3.72,3.42,0.744,1.6,0.27
7487.75,2.75,3.7,3.36,0.945,1.65,0.278
7488.0,2.92,3.69,3.28,0.975,1.62,0.0396
7488.25,2.62,3.61,3.14,0.773,1.38,0.0356
7488.5,3.09,3.58,3.49,1.08,1.36,0.176
7488.75,2.55,3.57,3.51,0.674,1.39,0.262
7489.0,2.99,3.61,3.56,0.981,1.43,0.258
7489.25,2.63,3.68,3.45,0.787,1.63,0.194
7489.5,2.57,3.69,3.22,0.636,1.62,0.0469
7489.75,2.96,3.67,3.12,1.03,1.63,0.29
7490.0,2.58,3.63,3.33,0.709,1.48,0.261
7490.25,2.8,3.56,3.22,0.871,1.35,0.0235
7490.5,2.89,3.58,3.44,1.03,1.36,0.0126
7490.75,2.53,3.56,3.38,0.644,1.36,0.17
7491.0,3.06,3.7,3.44,1.08,1.58,0.376
7491.25,2.59,3.67,3.54,0.745,1.71,0.284
7491.5,2.82,3.66,3.23,0.786,1.72,0.118
7491.75,2.69,3.62,3.25,0.877,1.66,0.051
7492.0,2.48,3.56,3.32,0.584,1.46,0.285
7492.25,2.6,3.54,3.45,0.737,1.45,0.258
7492.5,3.17,3.57,3.22,1.1,1.45,0.0529
7492.75,2.61,3.61,3.2,0.76,1.55,0.064
7493.0,2.73,3.67,3.37,0.898,1.71,0.141
7493.25,2.6,3.65,3.51,0.756,1.69,0.462
7493.5,2.94,3.66,3.21,0.913,1.68,0.294
7493.75,2.69,3.55,3.29,0.874,1.44,0.0304
7494.0,2.46,3.54,3.24,0.533,1.42,0.0256
7494.25,2.65,3.54,3.3,0.821,1.42,0.268
7494.5,3.09,3.58,3.33,1.02,1.44,0.233
7494.75,2.48,3.78,3.24,0.57,1.67,0.0362
7495.0,2.71,3.83,3.14,0.879,1.65,0.065
7495.25,2.7,3.82,3.49,0.771,1.65,0.342
7495.5,2.71,3.79,3.48,0.879,1.53,0.413
7495.75,2.86,3.75,3.35,0.937,1.39,0.107
7496.0,2.81,3.75,3.02,0.788,1.42,0.0604
7496.25,3.22,3.75,3.74,1.12,1.42,0.0415
7496.5,3.06,3.85,3.57,0.92,1.61,0.265
7496.75,3.26,3.9,3.76,1.08,1.68,0.167
7497.0,3.09,3.92,3.38,1.04,1.68,0.0333
7497.25,3.08,3.91,3.86,0.934,1.69,0.162
7497.5,3.51,3.77,3.52,1.17,1.47,0.345
7497.75,3.69,3.78,3.89,1.35,1.47,0.248
7498.0,3.68,3.81,3.2,1.35,1.43,0.0732
7498.25,3.63,3.83,3.75,1.32,1.48,0.0252
7498.5,3.55,3.95,3.78,1.27,1.7,0.0752
7498.75,3.62,3.95,3.7,1.19,1.72,0.267
7499.0,3.61,3.98,3.48,1.35,1.71,0.166
7499.25,3.09,3.97,3.85,0.899,1.66,0.18
7499.5,3.61,3.88,3.57,1.24,1.48,0.143
7499.75,3.39,3.89,3.61,1.2,1.5,0.275
7500.0,3.5,3.87,3.8,1.12,1.47,0.231
7500.25,3.67,3.95,3.78,1.41,1.59,0.0297
7500.5,3.25,4.03,3.74,1.1,1.71,0.0307
7500.75,2.85,4.02,3.55,0.848,1.71,0.186
7501.0,2.74,4.01,3.72,0.87,1.7,0.333
7501.25,3.36,3.96,3.77,1.11,1.57,0.242
7501.5,2.87,3.93,3.41,0.8,1.47,0.129
7501.75,3.27,3.91,3.58,1.13,1.47,0.0773
7502.0,2.7,3.93,3.52,0.72,1.47,0.276
7502.25,2.95,4.02,3.65,0.917,1.66,0.143
7502.5,2.88,4.04,3.26,0.962,1.71,0.0533
7502.75,3.12,4.04,3.53,1.01,1.71,0.0406
7503.0,3.18,4.03,3.82,1.17,1.7,0.379
7503.25,2.8,3.94,3.65,0.793,1.48,0.387
7503.5,3.21,3.92,3.76,1.01,1.5,0.0609
7503.75,3.38,3.91,3.26,1.22,1.5,0.182
7504.0,2.95,3.94,3.61,0.786,1.51,0.271
7504.25,2.89,4.07,3.46,0.902,1.72,0.277
7504.5,3.36,4.08,3.99,1.11,1.71,0.226
7504.75,2.54,4.06,3.57,0.6,1.73,0.256
7505.0,2.98,4.01,3.81,1.01,1.66,0.14
7505.25,3.1,3.92,3.5,1.01,1.47,0.194
7505.5,3.0,3.91,3.69,0.984,1.48,0.0755
7505.75,2.83,3.89,3.23,0.868,1.48,0.273
7506.0,2.94,3.95,3.56,0.843,1.59,0.155
7506.25,3.05,4.05,3.08,1.01,1.66,0.0369
7506.5,3.19,3.98,3.58,1.05,1.62,-0.0062
7506.75,2.9,3.92,3.58,0.829,1.64,0.243
7507.0,3.27,3.73,3.75,1.19,1.46,0.326
7507.25,2.87,3.69,3.64,0.842,1.44,0.217
7507.5,2.82,3.69,3.31,0.869,1.46,0.0493
7507.75,2.88,3.68,3.61,1.03,1.46,0.0696
7508.0,2.86,3.79,3.33,0.838,1.68,0.291
7508.25,2.76,3.78,3.12,0.83,1.66,0.175
7508.5,2.97,3.76,3.39,0.982,1.65,0.0384
7508.75,2.47,3.73,3.5,0.561,1.6,0.0257
7509.0,2.91,3.63,3.65,0.974,1.39,0.318
7509.25,3.06,3.62,3.55,0.976,1.37,0.447
7509.5,2.54,3.61,3.33,0.658,1.4,0.132
7509.75,3.02,3.72,3.31,1.01,1.54,0.0481
7510.0,2.9,3.72,3.52,0.941,1.62,0.0568
7510.25,2.72,3.72,3.66,0.888,1.63,0.273
7510.5,3.06,3.7,3.52,1.04,1.59,0.199
7510.75,2.52,3.6,3.26,0.637,1.38,0.06
7511.0,3.03,3.63,3.2,1.08,1.38,0.161
7511.25,2.52,3.63,3.43,0.638,1.38,0.387
7511.5,3.0,3.61,3.48,0.987,1.45,0.36
7511.75,2.68,3.74,3.48,0.863,1.61,0.307
7512.0,2.76,3.75,3.42,0.774,1.59,0.065
7512.25,2.65,3.71,3.14,0.793,1.61,0.107
7512.5,2.94,3.61,3.63,1.01,1.44,0.485
7512.75,2.64,3.59,3.5,0.783,1.34,0.296
7513.0,2.75,3.58,3.25,0.89,1.32,0.0712
7513.25,2.83,3.57,3.35,0.851,1.31,0.0689
7513.5,2.63,3.71,3.43,0.768,1.54,0.21
7513.75,2.69,3.71,3.38,0.815,1.58,0.31
7514.0,2.67,3.68,3.24,0.732,1.63,0.126
7514.25,2.7,3.61,3.21,0.875,1.54,0.0677
7514.5,2.57,3.58,3.4,0.682,1.38,0.201
7514.75,2.67,3.58,3.67,0.776,1.35,0.465
7515.0,2.76,3.57,3.19,0.928,1.37,0.259
7515.25,2.56,3.64,3.25,0.682,1.52,0.0665
7515.5,2.73,3.67,3.52,0.868,1.6,0.0483
7515.75,2.71,3.65,3.21,0.814,1.59,0.209
7516.0,2.53,3.64,3.34,0.664,1.56,0.309
7516.25,2.68,3.53,3.1,0.84,1.34,0.103
7516.5,2.54,3.57,3.35,0.639,1.33,0.0615
7516.75,2.61,3.54,3.5,0.764,1.33,0.307
7517.0,2.67,3.58,3.55,0.838,1.41,0.427
7517.25,2.55,3.67,3.32,0.654,1.6,0.177
7517.5,2.75,3.43,3.13,0.922,1.58,0.0569
7517.75,2.97,3.65,2.99,1.05,1.6,0.0515
7518.0,2.51,3.56,3.43,0.615,1.45,0.25
7518.25,2.68,3.54,3.53,0.854,1.38,0.22
7518.5,2.57,3.45,3.3,0.698,1.36,0.0142
7518.75,2.65,3.82,3.65,0.705,1.36,-0.0034
7519.0,2.69,4.04,3.89,0.772,1.56,0.269
7519.25,2.55,4.01,4.09,0.577,1.61,0.356
7519.5,3.09,4.0,3.9,0.949,1.62,0.0926
7519.75,3.2,4.36,4.91,1.01,1.45,0.299
7520.0,3.1,4.44,4.52,1.01,1.2,0.353
7520.25,3.54,4.65,5.06,1.26,1.14,0.471
7520.5,3.44,4.52,5.26,0.984,1.11,0.376
7520.75,3.6,4.82,5.39,1.06,1.3,0.235
7521.0,5.41,7.0,5.89,1.94,2.27,0.984
7521.25,5.67,7.46,5.68,1.93,2.39,1.12
7521.5,5.55,8.02,6.05,2.14,2.52,0.926
7521.75,5.01,7.46,5.71,1.74,2.38,0.931
7522.0,6.1,7.57,5.67,1.99,2.24,0.93
7522.25,5.7,7.99,6.05,1.98,2.29,0.771
7522.5,6.09,7.45,5.6,2.02,2.2,0.71
7522.75,9.85,8.1,5.52,2.18,2.48,0.792
7523.0,12.4,7.61,6.24,1.63,2.46,0.922
7523.25,11.8,8.11,5.94,1.29,2.54,0.996
7523.5,12.3,7.59,5.71,1.33,2.45,0.767
7523.75,11.3,7.76,5.94,1.24,2.47,0.674
7524.0,11.1,7.65,5.73,1.04,2.27,0.842
7524.25,11.4,7.67,5.79,1.27,2.34,0.917
7524.5,11.8,7.5,5.87,1.2,2.3,0.767
7524.75,10.9,7.33,5.8,1.1,2.29,0.689
7525.0,11.2,8.04,5.77,1.41,2.63,0.774
7525.25,11.2,7.5,6.02,1.21,2.55,0.993
7525.5,12.0,7.48,9.05,1.14,2.53,1.44
7525.75,12.3,7.83,9.31,1.3,2.59,1.22
7526.0,12.1,7.55,9.66,1.2,2.45,1.24
7526.25,12.1,7.36,9.54,1.17,2.3,1.36
7526.5,12.2,7.8,9.84,1.29,2.36,1.35
7526.75,13.1,7.49,9.44,1.75,2.44,1.15
7527.0,13.7,7.84,9.63,2.28,3.07,1.62
7527.25,13.0,5.84,9.64,1.79,2.2,1.19
7527.5,12.8,4.78,9.11,1.39,1.67,1.05
7527.75,13.0,5.02,9.31,1.17,1.7,1.01
7528.0,12.6,4.55,9.3,1.11,1.47,0.654
7528.25,12.7,5.05,8.79,1.18,1.52,0.704
7528.5,12.9,4.58,9.08,1.18,1.41,0.894
7528.75,13.1,5.02,9.24,1.18,1.69,0.88
7529.0,10.9,4.89,8.91,1.09,1.68,0.636
7529.25,5.16,4.66,8.83,1.16,1.55,0.605
7529.5,5.54,5.1,9.02,1.57,1.54,0.662
7529.75,4.88,4.66,8.64,1.45,1.26,0.673
7530.0,3.51,4.51,8.86,1.21,1.23,0.493
7530.25,3.78,4.49,8.53,1.37,1.25,0.239
7530.5,3.45,4.51,8.24,0.993,1.31,0.325
7530.75,3.39,4.53,8.08,1.1,1.52,0.571
7531.0,3.13,4.28,5.54,1.01,1.6,0.306
7531.25,3.5,3.9,3.66,1.03,1.7,-0.0052
7531.5,3.0,3.85,3.67,0.921,1.73,-0.018
7531.75,2.99,3.72,4.05,0.898,1.49,0.14
7532.0,3.13,3.7,3.86,0.944,1.46,0.372
7532.25,3.33,3.69,3.92,1.2,1.44,0.195
7532.5,3.1,3.72,3.59,0.96,1.49,-0.005
7532.75,3.07,3.81,3.47,0.874,1.67,-0.0071
7533.0,3.51,3.77,3.78,1.26,1.65,0.215
7533.25,3.06,3.79,3.39,0.843,1.64,0.236
7533.5,3.16,3.75,3.47,1.02,1.58,0.00448
7533.75,3.08,3.67,3.37,0.986,1.36,0.00962
7534.0,3.29,3.67,4.06,1.01,1.32,0.261
7534.25,3.48,3.66,3.62,1.3,1.31,0.406
7534.5,3.3,3.74,3.37,1.12,1.44,0.111
7534.75,2.98,3.79,3.46,0.922,1.61,0.00423
7535.0,3.0,3.79,3.77,0.947,1.59,-0.022
7535.25,3.16,3.78,3.58,0.956,1.56,0.246
7535.5,2.97,3.69,3.37,0.894,1.45,0.215
7535.75,3.13,3.63,3.23,0.976,1.46,0.0103
7536.0,2.87,3.64,3.62,0.731,1.46,0.0754
7536.25,3.13,3.63,3.87,0.976,1.45,0.27
7536.5,3.26,3.72,3.72,0.989,1.63,0.264
7536.75,3.03,3.77,3.34,0.89,1.66,0.0846
7537.0,3.07,3.72,3.4,1.05,1.67,-0.005
7537.25,3.2,3.72,3.3,1.0,1.68,0.0663
7537.5,2.91,3.6,3.47,0.832,1.41,0.225
7537.75,2.98,3.61,3.68,0.932,1.38,0.0423
7538.0,3.12,3.62,3.5,0.868,1.38,0.0581
7538.25,3.12,3.72,3.8,0.987,1.48,0.375
7538.5,2.98,3.73,3.31,0.908,1.62,0.336
7538.75,2.84,3.72,3.41,0.706,1.6,0.236
7539.0,2.85,3.7,3.36,0.849,1.6,0.24
7539.25,3.04,3.63,3.29,0.967,1.48,0.242
7539.5,3.27,3.58,3.46,1.13,1.35,0.0324
7539.75,2.9,3.57,3.19,0.9,1.33,0.006
7540.0,3.21,3.57,3.44,0.93,1.34,0.12
7540.25,3.14,3.71,3.45,1.05,1.52,0.415
7540.5,2.83,3.73,3.34,0.727,1.59,0.315
7540.75,2.79,3.69,3.24,0.729,1.59,0.00037
7541.0,3.07,3.69,3.23,0.994,1.59,0.00609
7541.25,2.71,3.56,3.55,0.663,1.35,0.188
7541.5,3.11,3.56,3.57,0.932,1.33,0.216
7541.75,3.22,3.55,3.44,1.16,1.41,0.000476
7542.0,2.74,3.59,3.36,0.703,1.45,-0.032
7542.25,3.26,3.69,3.46,1.1,1.69,0.15
7542.5,2.72,3.7,3.56,0.668,1.69,0.475
7542.75,3.18,3.91,3.96,0.929,1.66,0.14
7543.0,3.05,3.96,3.86,0.888,1.58,-0.03
7543.25,2.73,3.9,3.8,0.683,1.44,-0.024
7543.5,2.95,3.9,3.98,0.765,1.44,0.162
7543.75,3.08,4.26,4.38,0.955,1.35,0.136
7544.0,3.18,4.46,4.12,0.887,1.52,0.00387
7544.25,3.45,4.63,5.66,1.18,1.56,0.316
7544.5,4.24,4.79,4.9,1.49,1.84,0.754
7544.75,4.86,5.14,5.76,2.27,2.43,1.25
7545.0,5.18,6.69,5.53,2.32,2.33,1.17
7545.25,11.8,6.2,5.64,2.1,2.21,1.1
7545.5,11.6,6.33,5.65,2.06,2.32,0.981
7545.75,12.1,5.99,5.58,2.35,2.52,1.18
7546.0,13.0,6.11,5.73,2.17,2.54,1.2
7546.25,13.1,6.17,5.66,2.29,2.58,1.13
7546.5,16.5,9.79,8.66,3.76,4.32,2.78
7546.75,14.1,6.8,6.04,2.58,2.66,1.29
7547.0,12.2,6.01,5.82,2.44,2.28,1.21
7547.25,6.54,6.35,5.74,2.21,2.37,1.33
7547.5,5.87,6.32,5.39,2.03,2.36,1.01
7547.75,5.9,6.48,5.57,2.23,2.54,1.02
7548.0,6.07,6.35,5.87,2.23,2.51,1.24
7548.25,6.47,6.25,5.92,2.6,2.51,1.28
7548.5,5.86,5.65,5.62,2.17,2.42,1.19
7548.75,6.13,6.56,5.7,2.33,2.34,1.07
7549.0,6.6,6.06,5.84,2.59,2.28,1.14
7549.25,6.37,5.81,5.84,2.35,2.3,1.24
7549.5,6.91,5.86,5.41,2.54,2.35,1.13
7549.75,6.94,5.61,5.56,2.3,2.42,0.986
7550.0,6.8,5.8,5.49,2.23,2.43,1.0
7550.25,6.91,6.31,5.55,2.48,2.49,1.23
7550.5,7.03,6.55,5.92,2.49,2.41,1.3
7550.75,7.31,8.23,6.12,2.85,3.06,1.63
7551.0,7.56,8.92,6.11,3.01,3.22,1.43
7551.25,7.47,8.86,6.06,2.79,3.18,1.59
7551.5,8.05,8.87,6.81,2.97,3.28,1.71
7551.75,7.76,9.55,6.39,3.11,3.44,1.41
7552.0,7.29,8.67,6.37,2.76,3.37,1.37
7552.25,7.56,8.98,6.2,2.6,3.05,1.14
7552.5,7.19,6.45,6.15,2.18,2.24,0.91
7552.75,6.69,5.96,5.85,1.82,1.99,0.707
7553.0,6.74,6.19,5.52,2.11,1.78,0.443
7553.25,5.9,5.1,5.28,1.97,1.96,0.7
7553.5,6.32,5.4,5.73,2.4,2.23,1.28
7553.75,6.39,4.9,5.2,2.11,1.8,0.547
7554.0,4.02,4.7,4.27,1.4,1.6,-0.08
7554.25,3.71,4.61,3.88,1.23,1.64,-0.04
7554.5,3.57,4.05,4.03,1.25,1.66,0.111
7554.75,3.78,4.25,4.19,1.2,1.59,0.175
7555.0,3.63,3.89,4.05,1.2,1.47,0.00364
7555.25,3.92,4.28,4.1,1.35,1.47,-0.0061
7555.5,3.6,4.26,4.17,1.09,1.43,0.256
7555.75,3.74,3.8,4.22,1.38,1.66,0.369
7556.0,3.52,4.26,3.76,1.15,1.64,0.301
7556.25,3.78,4.03,4.04,1.38,1.63,0.22
7556.5,3.65,4.44,4.0,1.38,1.6,0.222
7556.75,3.45,4.22,3.73,1.11,1.46,0.0338
7557.0,3.64,3.73,3.82,1.28,1.35,0.00739
7557.25,3.52,4.1,4.16,1.25,1.33,0.069
7557.5,3.41,3.97,3.88,1.05,1.31,0.247
7557.75,3.21,4.46,3.57,1.06,1.46,0.275
7558.0,3.33,4.15,4.14,1.16,1.58,0.16
7558.25,3.52,3.85,3.62,1.11,1.6,0.0386
7558.5,3.23,3.91,3.75,1.2,1.58,0.195
7558.75,3.29,3.87,3.93,1.12,1.36,0.247
7559.0,3.34,3.86,3.84,1.19,1.28,0.0593
7559.25,3.59,3.83,3.49,1.35,1.27,0.0329
7559.5,2.91,3.81,3.86,0.801,1.33,0.0591
7559.75,3.23,3.95,3.84,1.04,1.67,0.269
7560.0,3.39,3.93,3.85,1.11,1.66,0.374
7560.25,3.07,3.89,3.79,0.906,1.65,0.134
7560.5,3.37,3.89,3.65,1.16,1.64,0.0242
7560.75,3.36,3.79,4.03,1.14,1.4,0.154
7561.0,3.71,3.8,4.24,1.34,1.38,0.225
7561.25,3.22,3.8,3.69,1.16,1.37,0.0862
7561.5,3.53,3.84,3.68,1.17,1.39,0.0277
7561.75,3.02,3.94,4.08,0.935,1.62,0.0543
7562.0,3.22,3.94,4.25,1.09,1.57,0.415
7562.25,3.48,3.91,3.78,1.1,1.57,0.439
7562.5,3.15,3.9,3.76,1.02,1.55,0.0327
7562.75,3.48,3.8,3.65,1.24,1.29,0.0381
7563.0,3.35,3.8,3.66,1.07,1.29,0.194
7563.25,3.24,3.8,4.03,1.13,1.28,0.268
7563.5,3.17,3.84,3.88,1.15,1.34,0.135
7563.75,2.9,3.93,3.71,0.84,1.53,0.0296
7564.0,3.22,3.94,3.78,1.09,1.54,0.154
7564.25,3.46,3.91,4.13,1.19,1.53,0.426
7564.5,3.1,3.89,4.01,0.886,1.48,0.34
7564.75,3.39,3.78,3.43,1.26,1.29,0.0488
7565.0,3.11,3.76,3.83,0.908,1.35,0.0269
7565.25,3.13,3.76,3.66,0.971,1.33,0.114
7565.5,3.28,3.84,3.81,1.13,1.58,0.251
7565.75,3.07,3.88,3.43,0.897,1.67,0.144
7566.0,2.87,3.88,3.53,0.91,1.7,0.0609
7566.25,3.19,3.86,4.01,1.03,1.72,0.134
7566.5,2.94,3.81,3.7,0.777,1.55,0.326
7566.75,3.31,3.96,3.97,1.05,1.46,0.126
7567.0,3.3,4.09,4.04,1.01,1.39,-0.048
7567.25,3.22,4.08,4.37,0.921,1.41,-0.022
7567.5,3.36,4.22,4.37,1.1,1.64,0.112
7567.75,3.53,4.19,4.67,1.04,1.68,0.187
7568.0,3.95,4.53,5.31,1.41,1.58,0.0415
7568.25,4.07,4.69,5.33,1.18,1.51,0.441
7568.5,5.8,4.82,9.29,1.55,1.58,1.08
7568.75,6.81,5.07,9.66,2.33,2.01,1.54
7569.0,6.67,6.03,9.24,2.42,2.16,1.64
7569.25,6.88,6.64,8.74,2.3,2.21,1.48
7569.5,7.03,6.98,9.45,2.46,2.71,1.5
7569.75,6.96,6.62,9.88,2.48,2.65,1.82
7570.0,6.71,6.57,9.78,2.51,2.66,1.72
7570.25,7.53,6.57,9.82,2.42,2.6,1.46
7570.5,6.8,6.49,10.0,2.36,2.45,1.58
7570.75,6.9,6.46,10.1,2.48,2.47,1.64
7571.0,6.75,6.51,10.0,2.26,2.47,1.63
7571.25,6.73,6.88,10.1,2.2,2.54,1.47
7571.5,6.89,6.2,10.1,2.38,2.69,1.41
7571.75,6.64,6.44,10.1,2.25,2.69,1.64
7572.0,6.51,6.86,10.1,2.33,2.7,1.66
7572.25,6.64,6.84,10.1,2.48,2.52,1.66
7572.5,6.41,6.66,10.2,2.22,2.46,1.73
7572.75,6.57,6.6,10.2,2.54,2.46,1.81
7573.0,6.5,6.42,9.89,2.49,2.47,1.6
7573.25,6.53,6.56,9.67,2.24,2.64,1.41
7573.5,6.5,7.26,9.93,2.49,2.69,1.41
7573.75,6.53,6.54,10.1,2.23,2.74,1.61
7574.0,12.7,6.7,10.1,2.23,2.73,1.59
7574.25,13.7,7.01,9.43,2.37,2.58,1.47
7574.5,13.7,6.81,9.89,2.33,2.53,1.38
7574.75,13.2,6.65,10.1,2.03,2.51,1.6
7575.0,10.8,6.77,10.2,2.35,2.49,1.77
7575.25,6.8,6.88,9.71,2.45,2.72,1.57
7575.5,6.25,6.77,9.96,2.15,2.68,1.38
7575.75,6.79,6.67,9.95,2.51,2.7,1.42
7576.0,6.12,6.82,10.1,2.23,2.72,1.6
7576.25,6.18,7.15,10.1,2.24,3.37,1.64
7576.5,6.21,7.04,9.73,2.42,3.17,1.49
7576.75,6.12,6.35,8.0,2.25,2.56,1.25
7577.0,6.62,6.87,6.03,2.45,2.58,1.08
7577.25,6.38,6.1,6.05,2.43,2.46,1.15
7577.5,5.47,6.45,5.24,1.81,2.55,0.609
7577.75,5.42,4.74,5.21,1.43,1.55,-0.2
7578.0,5.11,4.29,4.25,1.45,1.6,-0.048
7578.25,4.59,4.06,4.78,1.23,1.53,0.0359
7578.5,4.46,3.98,4.34,1.41,1.37,0.177
7578.75,4.36,3.9,4.75,1.32,1.38,0.061
7579.0,4.19,3.81,4.1,1.15,1.45,0.115
7579.25,4.79,3.92,4.63,1.61,1.58,0.0791
7579.5,4.41,3.91,4.14,1.42,1.62,0.16
7579.75,4.35,3.83,4.14,1.36,1.58,0.199
7580.0,4.26,3.81,4.13,1.5,1.52,0.00263
7580.25,4.36,3.77,4.19,1.4,1.38,-0.06
7580.5,3.59,3.78,3.98,1.16,1.34,0.0152
7580.75,4.27,3.79,3.9,1.5,1.33,0.221
7581.0,3.58,3.85,4.37,1.0,1.48,0.18
7581.25,4.64,3.88,4.3,1.47,1.58,0.144
7581.5,4.25,3.9,4.0,1.38,1.57,0.099
7581.75,4.05,3.84,3.89,1.16,1.53,0.17
7582.0,3.48,3.74,4.31,1.11,1.48,0.172
7582.25,4.1,3.73,3.87,1.44,1.46,-0.011
7582.5,4.05,3.76,3.95,1.24,1.47,-0.036
7582.75,3.63,3.76,4.07,1.18,1.53,0.0234
7583.0,4.32,3.87,3.67,1.32,1.66,0.222
7583.25,3.85,3.86,4.26,1.14,1.64,0.173
7583.5,4.15,3.79,4.06,1.43,1.59,0.135
7583.75,3.82,3.71,3.94,1.16,1.37,0.0783
7584.0,3.7,3.75,3.81,1.04,1.35,0.191
7584.25,3.74,3.74,4.33,1.28,1.4,0.188
7584.5,3.75,3.8,4.08,1.14,1.48,-0.022
7584.75,3.85,3.89,3.73,1.22,1.64,-0.0096
7585.0,3.91,3.84,3.88,1.39,1.6,0.119
7585.25,3.59,3.81,4.23,0.962,1.59,0.207
7585.5,3.58,3.71,4.03,1.17,1.33,0.192
7585.75,3.6,3.7,4.02,1.26,1.32,0.158
7586.0,3.43,3.72,3.6,0.841,1.31,0.0404
7586.25,3.47,3.73,3.79,1.05,1.4,0.225
7586.5,3.88,3.83,3.99,1.21,1.62,0.178
7586.75,3.75,3.8,3.36,1.09,1.61,0.00619
7587.0,3.56,3.8,3.85,1.19,1.6,-0.022
7587.25,3.85,3.69,4.09,1.39,1.34,0.135
7587.5,3.61,3.7,3.53,1.04,1.36,0.238
7587.75,3.48,3.7,4.41,1.08,1.36,0.0929
7588.0,3.08,3.73,3.62,0.899,1.44,0.273
7588.25,3.49,3.85,4.12,0.942,1.61,0.192
7588.5,3.5,3.83,4.03,1.09,1.62,0.203
7588.75,3.44,3.82,3.69,0.936,1.6,0.226
7589.0,2.96,3.71,4.2,0.84,1.38,0.191
7589.25,3.73,3.71,3.73,1.31,1.39,0.233
7589.5,3.71,3.71,3.99,1.27,1.36,0.03
7589.75,3.47,3.73,3.52,1.07,1.43,-0.0064
7590.0,3.48,3.83,3.67,1.08,1.61,0.224
7590.25,3.45,3.81,4.13,0.979,1.61,0.316
7590.5,3.08,3.8,3.99,0.828,1.62,0.124
7590.75,3.41,3.92,4.22,1.02,1.41,-0.12
7591.0,3.29,4.02,3.99,0.825,1.38,-0.074
7591.25,3.63,4.03,4.36,1.11,1.4,0.123
7591.5,3.52,4.05,4.31,1.12,1.44,0.177
7591.75,3.96,4.18,4.46,1.27,1.68,-0.0076
7592.0,4.42,4.57,5.13,1.48,1.58,-0.058
7592.25,4.73,5.59,5.39,1.65,1.72,0.187
7592.5,6.81,8.96,5.49,1.96,2.44,0.817
7592.75,7.53,9.74,6.12,2.72,3.01,1.39
7593.0,6.87,8.99,6.1,2.56,3.17,1.4
7593.25,7.21,8.99,6.24,2.7,3.12,1.37
7593.5,7.1,9.09,6.6,2.65,3.33,1.53
7593.75,7.47,9.42,6.43,2.82,3.4,1.59
7594.0,7.24,9.25,6.28,2.75,3.39,1.46
7594.25,7.32,9.13,6.17,2.96,3.26,1.46
7594.5,7.05,9.05,6.52,2.7,3.11,1.63
7594.75,7.52,9.14,6.84,2.83,3.14,1.65
7595.0,7.25,9.41,6.32,2.82,3.17,1.58
7595.25,7.22,9.23,6.22,2.65,3.32,1.41
7595.5,7.22,9.17,5.99,2.91,3.4,1.45
7595.75,5.86,9.47,6.5,2.78,3.43,1.65
7596.0,5.8,9.08,6.25,2.89,3.37,1.72
7596.25,5.85,9.28,6.14,3.04,3.22,1.56
7596.5,5.62,9.15,6.06,2.79,3.19,1.65
7596.75,5.73,9.2,6.15,2.9,3.22,1.68
7597.0,5.71,9.2,6.48,2.74,3.25,1.65
7597.25,5.54,9.49,6.1,2.67,3.49,1.58
7597.5,5.87,9.25,6.15,2.73,3.47,1.38
7597.75,9.44,9.89,6.08,2.55,3.43,1.36
7598.0,12.5,6.54,5.59,2.2,2.65,1.18
7598.25,12.2,6.41,6.04,2.26,2.47,1.3
7598.5,13.0,6.39,5.66,2.29,2.41,1.09
7598.75,13.9,6.57,5.57,2.4,2.43,0.952
7599.0,13.7,6.75,5.97,2.49,2.44,1.05
7599.25,13.4,6.64,5.7,2.2,2.6,1.18
7599.5,14.2,6.71,6.07,2.22,2.63,1.07
7599.75,14.0,6.75,5.86,2.25,2.66,0.895
7600.0,13.7,7.25,6.54,2.06,3.3,1.05
7600.25,13.8,6.5,6.12,2.3,3.06,1.21
7600.5,13.7,7.09,6.5,2.14,3.15,1.11
7600.75,13.6,6.1,5.79,2.38,2.78,0.851
7601.0,10.6,5.84,5.24,2.51,2.42,0.878
7601.25,6.48,5.92,5.43,2.44,2.62,1.06
7601.5,6.37,6.03,5.52,2.33,2.61,1.07
7601.75,6.15,5.68,4.91,2.09,2.13,0.179
7602.0,5.03,4.65,4.34,1.35,1.39,-0.046
7602.25,5.46,4.3,4.11,1.75,1.38,0.265
7602.5,5.14,4.02,4.13,1.65,1.45,0.162
7602.75,4.19,3.93,4.19,1.21,1.46,-0.074
7603.0,4.69,3.97,3.64,1.45,1.62,-0.042
7603.25,4.28,3.98,4.12,1.37,1.63,0.137
7603.5,4.96,3.96,3.91,1.61,1.63,0.191
7603.75,4.19,3.91,3.92,1.43,1.53,-0.03
7604.0,3.49,3.83,3.71,0.986,1.4,-0.022
7604.25,4.33,3.84,3.74,1.36,1.36,0.359
7604.5,4.47,3.84,4.01,1.47,1.37,0.196
7604.75,4.42,3.99,3.8,1.27,1.55,-0.027
7605.0,4.03,3.97,4.02,1.37,1.58,0.129
7605.25,4.28,3.95,3.53,1.39,1.57,0.237
7605.5,3.93,3.91,4.19,1.4,1.42,0.197
7605.75,4.33,3.81,3.67,1.58,1.36,0.222
7606.0,3.87,3.87,4.05,1.43,1.34,0.162
7606.25,4.05,3.83,3.68,1.21,1.32,0.0483
7606.5,4.02,3.94,4.12,1.5,1.52,0.145
7606.75,3.95,3.93,3.63,1.1,1.59,0.278
7607.0,3.86,3.92,3.88,1.11,1.58,0.228
7607.25,3.97,3.86,3.74,1.32,1.41,0.0279
7607.5,3.33,3.82,3.83,0.973,1.29,-0.002
7607.75,3.3,3.79,3.58,1.03,1.35,0.112
7608.0,3.78,3.8,3.87,1.45,1.32,0.228
7608.25,3.33,3.89,3.75,1.01,1.51,0.0696
7608.5,4.08,3.91,3.61,1.24,1.65,0.0988
7608.75,3.59,3.89,3.95,1.07,1.67,0.191
7609.0,3.3,3.82,3.62,0.915,1.52,0.276
7609.25,3.68,3.76,3.96,1.15,1.41,0.0752
7609.5,3.23,3.74,3.33,1.01,1.39,0.0104
7609.75,3.26,3.74,3.44,0.841,1.39,0.0367
7610.0,3.42,3.84,4.0,1.09,1.58,0.206
7610.25,3.57,3.86,3.71,1.17,1.67,0.161
7610.5,3.47,3.84,3.77,1.1,1.66,-0.0073
7610.75,3.61,3.78,3.62,1.11,1.52,0.157
7611.0,3.48,3.74,3.8,1.04,1.43,0.369
7611.25,3.35,3.74,3.71,0.977,1.42,0.228
7611.5,3.08,3.72,3.45,1.04,1.42,0.02
7611.75,3.4,3.84,3.35,0.992,1.63,0.0242
7612.0,3.15,3.83,3.77,0.967,1.66,0.172
7612.25,3.27,3.84,4.02,1.1,1.64,0.218
7612.5,3.19,3.75,3.17,0.798,1.53,0.0788
7612.75,3.62,3.72,3.8,1.32,1.4,-0.0095
7613.0,3.48,3.72,3.8,1.14,1.39,0.299
7613.25,3.44,3.72,3.75,1.06,1.4,0.381
7613.5,3.49,3.86,3.63,1.16,1.63,0.0932
7613.75,3.27,3.85,3.39,0.9,1.64,-0.0067
7614.0,3.47,3.85,3.44,0.972,1.65,0.0468
7614.25,3.45,3.77,3.93,1.16,1.47,0.36
7614.5,3.3,3.75,3.53,0.929,1.45,0.0443
7614.75,3.63,3.93,3.75,0.975,1.45,-0.11
7615.0,3.7,4.03,4.1,1.32,1.42,-0.05
7615.25,3.7,4.16,4.26,1.28,1.66,0.367
7615.5,4.26,4.16,4.82,1.43,1.67,0.262
7615.75,3.83,4.19,4.22,1.15,1.69,-0.026
7616.0,4.2,4.43,4.49,1.3,1.47,-0.083
7616.25,4.28,4.63,4.96,1.48,1.53,0.21
7616.5,5.82,6.2,8.24,1.66,2.41,0.834
7616.75,5.8,7.07,9.37,1.87,2.84,1.03
7617.0,6.46,8.55,9.8,2.42,3.44,1.57
7617.25,6.41,8.82,8.34,2.4,3.51,1.55
7617.5,7.06,8.41,9.67,2.39,3.53,1.77
7617.75,6.49,7.43,9.9,2.37,2.85,1.64
7618.0,6.33,7.64,9.86,2.15,2.68,1.41
7618.25,6.42,7.8,9.76,2.42,2.67,1.45
7618.5,6.43,7.99,9.76,2.23,3.29,1.85
7618.75,6.47,7.9,9.61,2.37,3.33,1.58
7619.0,6.59,8.36,9.82,2.5,3.54,1.45
7619.25,6.33,8.22,9.57,2.16,3.05,1.55
7619.5,6.67,8.0,9.56,2.6,2.89,1.72
7619.75,6.56,7.76,9.91,2.48,2.83,1.55
7620.0,5.46,8.07,9.7,2.53,3.19,1.52
7620.25,5.06,8.05,9.68,2.46,3.27,1.54
7620.5,4.88,8.68,9.84,2.33,3.38,1.83
7620.75,5.14,8.19,9.37,2.47,2.81,1.79
7621.0,5.48,7.85,9.72,2.39,2.86,1.49
7621.25,4.89,8.14,9.67,2.22,2.88,1.48
7621.5,5.33,8.47,9.37,2.38,3.48,1.71
7621.75,5.53,8.21,10.0,2.19,3.51,1.58
7622.0,6.35,8.3,9.78,2.38,3.31,1.47
7622.25,5.31,7.82,10.1,2.55,2.62,1.65
7622.5,0.0,0.0,0.0,0.0,0.0,0.0
7622.75,0.0,0.0,0.0,0.0,0.0,0.0
7623.0,0.0,0.0,0.0,0.0,0.0,0.0
7623.25,0.0,0.0,0.0,0.0,0.0,0.0
7623.5,0.0,0.0,0.0,0.0,0.0,0.0
7623.75,0.0,0.0,0.0,0.0,0.0,0.0
7624.0,0.0,0.0,0.0,0.0,0.0,0.0
7624.25,0.0,0.0,0.0,0.0,0.0,0.0
7624.5,0.0,0.0,0.0,0.0,0.0,0.0
7624.75,0.0,0.0,0.0,0.0,0.0,0.0
7625.0,0.0,0.0,0.0,0.0,0.0,0.0
7625.25,0.0,0.0,0.0,0.0,0.0,0.0
7625.5,0.0,0.0,0.0,0.0,0.0,0.0
7625.75,0.0,0.0,0.0,0.0,0.0,0.0
7626.0,0.0,0.0,0.0,0.0,0.0,0.0
7626.25,0.0,0.0,0.0,0.0,0.0,0.0
7626.5,0.0,0.0,0.0,0.0,0.0,0.0
7626.75,0.0,0.0,0.0,0.0,0.0,0.0
7627.0,0.0,0.0,0.0,0.0,0.0,0.0
7627.25,0.0,0.0,0.0,0.0,0.0,0.0
7627.5,0.0,0.0,0.0,0.0,0.0,0.0
7627.75,0.0,0.0,0.0,0.0,0.0,0.0
7628.0,0.0,0.0,0.0,0.0,0.0,0.0
7628.25,0.0,0.0,0.0,0.0,0.0,0.0
7628.5,0.0,0.0,0.0,0.0,0.0,0.0
7628.75,0.0,0.0,0.0,0.0,0.0,0.0
7629.0,0.0,0.0,0.0,0.0,0.0,0.0
7629.25,0.0,0.0,0.0,0.0,0.0,0.0
7629.5,0.0,0.0,0.0,0.0,0.0,0.0
7629.75,0.0,0.0,0.0,0.0,0.0,0.0
7630.0,0.0,0.0,0.0,0.0,0.0,0.0
7630.25,0.0,0.0,0.0,0.0,0.0,0.0
7630.5,0.0,0.0,0.0,0.0,0.0,0.0
7630.75,0.0,0.0,0.0,0.0,0.0,0.0
7631.0,0.0,0.0,0.0,0.0,0.0,0.0
7631.25,0.0,0.0,0.0,0.0,0.0,0.0
7631.5,0.0,0.0,0.0,0.0,0.0,0.0
7631.75,0.0,0.0,0.0,0.0,0.0,0.0
7632.0,0.0,0.0,0.0,0.0,0.0,0.0
7632.25,0.0,0.0,0.0,0.0,0.0,0.0
7632.5,0.0,0.0,0.0,0.0,0.0,0.0
7632.75,0.0,0.0,0.0,0.0,0.0,0.0
7633.0,0.0,0.0,0.0,0.0,0.0,0.0
7633.25,0.0,0.0,0.0,0.0,0.0,0.0
7633.5,0.0,0.0,0.0,0.0,0.0,0.0
7633.75,0.0,0.0,0.0,0.0,0.0,0.0
7634.0,0.0,0.0,0.0,0.0,0.0,0.0
7634.25,0.0,0.0,0.0,0.0,0.0,0.0
7634.5,0.0,0.0,0.0,0.0,0.0,0.0
7634.75,0.0,0.0,0.0,0.0,0.0,0.0
7635.0,0.0,0.0,0.0,0.0,0.0,0.0
7635.25,0.0,0.0,0.0,0.0,0.0,0.0
7635.5,0.0,0.0,0.0,0.0,0.0,0.0
7635.75,0.0,0.0,0.0,0.0,0.0,0.0
7636.0,0.0,0.0,0.0,0.0,0.0,0.0
7636.25,0.0,0.0,0.0,0.0,0.0,0.0
7636.5,0.0,0.0,0.0,0.0,0.0,0.0
7636.75,0.0,0.0,0.0,0.0,0.0,0.0
7637.0,0.0,0.0,0.0,0.0,0.0,0.0
7637.25,0.0,0.0,0.0,0.0,0.0,0.0
7637.5,0.0,0.0,0.0,0.0,0.0,0.0
7637.75,0.0,0.0,0.0,0.0,0.0,0.0
7638.0,0.0,0.0,0.0,0.0,0.0,0.0
7638.25,0.0,0.0,0.0,0.0,0.0,0.0
7638.5,0.0,0.0,0.0,0.0,0.0,0.0
7638.75,0.0,0.0,0.0,0.0,0.0,0.0
7639.0,0.0,0.0,0.0,0.0,0.0,0.0
7639.25,0.0,0.0,0.0,0.0,0.0,0.0
7639.5,0.0,0.0,0.0,0.0,0.0,0.0
7639.75,0.0,0.0,0.0,0.0,0.0,0.0
7640.0,0.0,0.0,0.0,0.0,0.0,0.0
7640.25,0.0,0.0,0.0,0.0,0.0,0.0
7640.5,0.0,0.0,0.0,0.0,0.0,0.0
7640.75,0.0,0.0,0.0,0.0,0.0,0.0
7641.0,0.0,0.0,0.0,0.0,0.0,0.0
7641.25,0.0,0.0,0.0,0.0,0.0,0.0
7641.5,0.0,0.0,0.0,0.0,0.0,0.0
7641.75,0.0,0.0,0.0,0.0,0.0,0.0
7642.0,0.0,0.0,0.0,0.0,0.0,0.0
7642.25,0.0,0.0,0.0,0.0,0.0,0.0
7642.5,0.0,0.0,0.0,0.0,0.0,0.0
7642.75,0.0,0.0,0.0,0.0,0.0,0.0
7643.0,0.0,0.0,0.0,0.0,0.0,0.0
7643.25,0.0,0.0,0.0,0.0,0.0,0.0
7643.5,0.0,0.0,0.0,0.0,0.0,0.0
7643.75,0.0,0.0,0.0,0.0,0.0,0.0
7644.0,0.0,0.0,0.0,0.0,0.0,0.0
7644.25,0.0,0.0,0.0,0.0,0.0,0.0
7644.5,0.0,0.0,0.0,0.0,0.0,0.0
7644.75,0.0,0.0,0.0,0.0,0.0,0.0
7645.0,0.0,0.0,0.0,0.0,0.0,0.0
7645.25,0.0,0.0,0.0,0.0,0.0,0.0
7645.5,0.0,0.0,0.0,0.0,0.0,0.0
7645.75,0.0,0.0,0.0,0.0,0.0,0.0
7646.0,0.0,0.0,0.0,0.0,0.0,0.0
7646.25,0.0,0.0,0.0,0.0,0.0,0.0
7646.5,0.0,0.0,0.0,0.0,0.0,0.0
7646.75,0.0,0.0,0.0,0.0,0.0,0.0
7647.0,0.0,0.0,0.0,0.0,0.0,0.0
7647.25,0.0,0.0,0.0,0.0,0.0,0.0
7647.5,0.0,0.0,0.0,0.0,0.0,0.0
7647.75,0.0,0.0,0.0,0.0,0.0,0.0
7648.0,0.0,0.0,0.0,0.0,0.0,0.0
7648.25,0.0,0.0,0.0,0.0,0.0,0.0
7648.5,0.0,0.0,0.0,0.0,0.0,0.0
7648.75,0.0,0.0,0.0,0.0,0.0,0.0
7649.0,0.0,0.0,0.0,0.0,0.0,0.0
7649.25,0.0,0.0,0.0,0.0,0.0,0.0
7649.5,0.0,0.0,0.0,0.0,0.0,0.0
7649.75,0.0,0.0,0.0,0.0,0.0,0.0
7650.0,0.0,0.0,0.0,0.0,0.0,0.0
7650.25,0.0,0.0,0.0,0.0,0.0,0.0
7650.5,0.0,0.0,0.0,0.0,0.0,0.0
7650.75,0.0,0.0,0.0,0.0,0.0,0.0
7651.0,0.0,0.0,0.0,0.0,0.0,0.0
7651.25,0.0,0.0,0.0,0.0,0.0,0.0
7651.5,0.0,0.0,0.0,0.0,0.0,0.0
7651.75,0.0,0.0,0.0,0.0,0.0,0.0
7652.0,0.0,0.0,0.0,0.0,0.0,0.0
7652.25,0.0,0.0,0.0,0.0,0.0,0.0
7652.5,0.0,0.0,0.0,0.0,0.0,0.0
7652.75,0.0,0.0,0.0,0.0,0.0,0.0
7653.0,0.0,0.0,0.0,0.0,0.0,0.0
7653.25,0.0,0.0,0.0,0.0,0.0,0.0
7653.5,0.0,0.0,0.0,0.0,0.0,0.0
7653.75,0.0,0.0,0.0,0.0,0.0,0.0
7654.0,0.0,0.0,0.0,0.0,0.0,0.0
7654.25,0.0,0.0,0.0,0.0,0.0,0.0
7654.5,0.0,0.0,0.0,0.0,0.0,0.0
7654.75,0.0,0.0,0.0,0.0,0.0,0.0
7655.0,0.0,0.0,0.0,0.0,0.0,0.0
7655.25,0.0,0.0,0.0,0.0,0.0,0.0
7655.5,0.0,0.0,0.0,0.0,0.0,0.0
7655.75,0.0,0.0,0.0,0.0,0.0,0.0
7656.0,0.0,0.0,0.0,0.0,0.0,0.0
7656.25,0.0,0.0,0.0,0.0,0.0,0.0
7656.5,0.0,0.0,0.0,0.0,0.0,0.0
7656.75,0.0,0.0,0.0,0.0,0.0,0.0
7657.0,0.0,0.0,0.0,0.0,0.0,0.0
7657.25,0.0,0.0,0.0,0.0,0.0,0.0
7657.5,0.0,0.0,0.0,0.0,0.0,0.0
7657.75,0.0,0.0,0.0,0.0,0.0,0.0
7658.0,0.0,0.0,0.0,0.0,0.0,0.0
7658.25,0.0,0.0,0.0,0.0,0.0,0.0
7658.5,0.0,0.0,0.0,0.0,0.0,0.0
7658.75,0.0,0.0,0.0,0.0,0.0,0.0
7659.0,0.0,0.0,0.0,0.0,0.0,0.0
7659.25,0.0,0.0,0.0,0.0,0.0,0.0
7659.5,0.0,0.0,0.0,0.0,0.0,0.0
7659.75,0.0,0.0,0.0,0.0,0.0,0.0
7660.0,0.0,0.0,0.0,0.0,0.0,0.0
7660.25,0.0,0.0,0.0,0.0,0.0,0.0
7660.5,0.0,0.0,0.0,0.0,0.0,0.0
7660.75,0.0,0.0,0.0,0.0,0.0,0.0
7661.0,0.0,0.0,0.0,0.0,0.0,0.0
7661.25,0.0,0.0,0.0,0.0,0.0,0.0
7661.5,0.0,0.0,0.0,0.0,0.0,0.0
7661.75,0.0,0.0,0.0,0.0,0.0,0.0
7662.0,0.0,0.0,0.0,0.0,0.0,0.0
7662.25,0.0,0.0,0.0,0.0,0.0,0.0
7662.5,0.0,0.0,0.0,0.0,0.0,0.0
7662.75,0.0,0.0,0.0,0.0,0.0,0.0
7663.0,0.0,0.0,0.0,0.0,0.0,0.0
7663.25,0.0,0.0,0.0,0.0,0.0,0.0
7663.5,0.0,0.0,0.0,0.0,0.0,0.0
7663.75,0.0,0.0,0.0,0.0,0.0,0.0
7664.0,2.66,3.52,5.06,0.65,-0.39,0.12
7664.25,0.0,0.0,0.0,0.0,0.0,0.0
7664.5,0.0,0.0,0.0,0.0,0.0,0.0
7664.75,0.0,0.0,0.0,0.0,0.0,0.0
7665.0,0.0,0.0,0.0,0.0,0.0,0.0
7665.25,0.0,0.0,0.0,0.0,0.0,0.0
7665.5,0.0,0.0,0.0,0.0,0.0,0.0
7665.75,0.0,0.0,0.0,0.0,0.0,0.0
7666.0,0.0,0.0,0.0,0.0,0.0,0.0
7666.25,0.0,0.0,0.0,0.0,0.0,0.0
7666.5,0.0,0.0,0.0,0.0,0.0,0.0
7666.75,0.0,0.0,0.0,0.0,0.0,0.0
7667.0,0.0,0.0,0.0,0.0,0.0,0.0
7667.25,0.0,0.0,0.0,0.0,0.0,0.0
7667.5,0.0,0.0,0.0,0.0,0.0,0.0
7667.75,0.0,0.0,0.0,0.0,0.0,0.0
7668.0,0.0,0.0,0.0,0.0,0.0,0.0
7668.25,2.97,3.59,5.22,1.06,-0.42,0.17
7668.5,2.82,3.58,5.18,0.87,-0.42,0.17
7668.75,0.0,0.0,0.0,0.0,0.0,0.0
7669.0,0.0,0.0,0.0,0.0,0.0,0.0
7669.25,2.85,3.61,3.36,0.95,-0.18,0.24
7669.5,2.66,3.46,4.61,0.71,-0.2,-0.1
7669.75,2.78,3.45,3.04,0.84,-0.26,0.01
7670.0,2.83,3.42,5.07,0.95,-0.42,0.41
7670.25,0.0,0.0,0.0,0.0,0.0,0.0
7670.5,0.0,0.0,0.0,0.0,0.0,0.0
7670.75,2.94,3.49,4.56,1.08,-0.14,-0.12
7671.0,2.69,3.49,3.78,0.703,-0.18,0.207
7671.25,2.85,3.48,3.93,0.955,-0.16,0.188
7671.5,0.0,0.0,0.0,0.0,0.0,0.0
7671.75,0.0,0.0,0.0,0.0,0.0,0.0
7672.0,0.0,0.0,0.0,0.0,0.0,0.0
7672.25,0.0,0.0,0.0,0.0,0.0,0.0
7672.5,0.0,0.0,0.0,0.0,0.0,0.0
7672.75,0.0,0.0,0.0,0.0,0.0,0.0
7673.0,0.0,0.0,0.0,0.0,0.0,0.0
7673.25,0.0,0.0,0.0,0.0,0.0,0.0
7673.5,0.0,0.0,0.0,0.0,0.0,0.0
7673.75,0.0,0.0,0.0,0.0,0.0,0.0
7674.0,0.0,0.0,0.0,0.0,0.0,0.0
7674.25,0.0,0.0,0.0,0.0,0.0,0.0
7674.5,2.74,3.43,5.06,0.76,-0.34,0.28
7674.75,2.54,3.24,3.44,0.51,-0.37,0.01
7675.0,2.76,3.37,3.91,0.823,-0.19,0.0625
7675.25,2.77,3.37,4.72,0.807,-0.1,0.12
7675.5,0.0,0.0,0.0,0.0,0.0,0.0
7675.75,2.76,3.32,5.11,0.83,-0.15,0.45
7676.0,2.93,3.37,4.3,1.08,-0.14,0.345
7676.25,0.0,0.0,0.0,0.0,0.0,0.0
7676.5,0.0,0.0,0.0,0.0,0.0,0.0
7676.75,0.0,0.0,0.0,0.0,0.0,0.0
7677.0,0.0,0.0,0.0,0.0,0.0,0.0
7677.25,0.0,0.0,0.0,0.0,0.0,0.0
7677.5,0.0,0.0,0.0,0.0,0.0,0.0
7677.75,0.0,0.0,0.0,0.0,0.0,0.0
7678.0,0.0,0.0,0.0,0.0,0.0,0.0
7678.25,0.0,0.0,0.0,0.0,0.0,0.0
7678.5,0.0,0.0,0.0,0.0,0.0,0.0
7678.75,0.0,0.0,0.0,0.0,0.0,0.0
7679.0,0.0,0.0,0.0,0.0,0.0,0.0
7679.25,0.0,0.0,0.0,0.0,0.0,0.0
7679.5,0.0,0.0,0.0,0.0,0.0,0.0
7679.75,0.0,0.0,0.0,0.0,0.0,0.0
7680.0,0.0,0.0,0.0,0.0,0.0,0.0
7680.25,0.0,0.0,0.0,0.0,0.0,0.0
7680.5,0.0,0.0,0.0,0.0,0.0,0.0
7680.75,0.0,0.0,0.0,0.0,0.0,0.0
7681.0,0.0,0.0,0.0,0.0,0.0,0.0
7681.25,0.0,0.0,0.0,0.0,0.0,0.0
7681.5,0.0,0.0,0.0,0.0,0.0,0.0
7681.75,0.0,0.0,0.0,0.0,0.0,0.0
7682.0,0.0,0.0,0.0,0.0,0.0,0.0
7682.25,0.0,0.0,0.0,0.0,0.0,0.0
7682.5,0.0,0.0,0.0,0.0,0.0,0.0
7682.75,0.0,0.0,0.0,0.0,0.0,0.0
7683.0,0.0,0.0,0.0,0.0,0.0,0.0
7683.25,0.0,0.0,0.0,0.0,0.0,0.0
7683.5,0.0,0.0,0.0,0.0,0.0,0.0
7683.75,0.0,0.0,0.0,0.0,0.0,0.0
7684.0,0.0,0.0,0.0,0.0,0.0,0.0
7684.25,0.0,0.0,0.0,0.0,0.0,0.0
7684.5,0.0,0.0,0.0,0.0,0.0,0.0
7684.75,0.0,0.0,0.0,0.0,0.0,0.0
7685.0,0.0,0.0,0.0,0.0,0.0,0.0
7685.25,0.0,0.0,0.0,0.0,0.0,0.0
7685.5,0.0,0.0,0.0,0.0,0.0,0.0
7685.75,2.85,3.31,5.01,0.98,-0.11,0.37
7686.0,2.66,3.27,3.42,0.72,-0.12,0.25
7686.25,0.0,0.0,0.0,0.0,0.0,0.0
7686.5,0.0,0.0,0.0,0.0,0.0,0.0
7686.75,0.0,0.0,0.0,0.0,0.0,0.0
7687.0,0.0,0.0,0.0,0.0,0.0,0.0
7687.25,0.0,0.0,0.0,0.0,0.0,0.0
7687.5,3.11,3.63,5.2,0.86,-0.21,0.13
7687.75,0.0,0.0,0.0,0.0,0.0,0.0
7688.0,2.8,3.71,3.79,0.87,-0.23,0.315
7688.25,0.0,0.0,0.0,0.0,0.0,0.0
7688.5,0.0,0.0,0.0,0.0,0.0,0.0
7688.75,3.47,5.02,6.03,0.95,0.26,0.36
7689.0,4.25,5.04,4.18,1.39,0.24,0.12
7689.25,0.0,0.0,0.0,0.0,0.0,0.0
7689.5,0.0,0.0,0.0,0.0,0.0,0.0
7689.75,0.0,0.0,0.0,0.0,0.0,0.0
7690.0,0.0,0.0,0.0,0.0,0.0,0.0
7690.25,0.0,0.0,0.0,0.0,0.0,0.0
7690.5,0.0,0.0,0.0,0.0,0.0,0.0
7690.75,0.0,0.0,0.0,0.0,0.0,0.0
7691.0,0.0,0.0,0.0,0.0,0.0,0.0
7691.25,0.0,0.0,0.0,0.0,0.0,0.0
7691.5,0.0,0.0,0.0,0.0,0.0,0.0
7691.75,0.0,0.0,0.0,0.0,0.0,0.0
7692.0,4.6,4.22,5.27,1.8,-0.14,0.107
7692.25,4.72,4.25,4.55,1.99,-0.17,0.156
7692.5,4.29,4.13,5.96,1.44,-0.37,0.45
7692.75,5.0,4.13,4.51,1.78,-0.37,0.59
7693.0,5.33,4.18,5.02,1.84,-0.39,0.37
7693.25,4.46,4.18,5.14,1.54,-0.4,0.444
7693.5,4.53,4.3,4.97,1.71,-0.17,0.514
7693.75,4.56,4.3,4.91,1.76,-0.16,0.227
7694.0,4.45,4.28,5.25,1.56,-0.13,0.226
7694.25,4.63,4.31,5.02,1.72,-0.15,0.426
7694.5,4.72,4.18,5.63,1.94,-0.4,0.29
7694.75,4.65,4.22,4.52,1.89,-0.38,0.217
7695.0,4.54,4.21,5.31,1.78,-0.36,0.0608
7695.25,4.41,4.2,5.01,1.66,-0.38,0.408
7695.5,3.89,4.3,5.64,1.33,-0.18,0.598
7695.75,4.5,4.29,5.12,1.7,-0.13,0.29
7696.0,4.55,4.3,4.57,1.79,-0.14,0.197
7696.25,0.0,0.0,0.0,0.0,0.0,0.0
7696.5,0.0,0.0,0.0,0.0,0.0,0.0
7696.75,0.0,0.0,0.0,0.0,0.0,0.0
7697.0,0.0,0.0,0.0,0.0,0.0,0.0
7697.25,0.0,0.0,0.0,0.0,0.0,0.0
7697.5,0.0,0.0,0.0,0.0,0.0,0.0
7697.75,0.0,0.0,0.0,0.0,0.0,0.0
7698.0,0.0,0.0,0.0,0.0,0.0,0.0
7698.25,0.0,0.0,0.0,0.0,0.0,0.0
7698.5,0.0,0.0,0.0,0.0,0.0,0.0
7698.75,0.0,0.0,0.0,0.0,0.0,0.0
7699.0,0.0,0.0,0.0,0.0,0.0,0.0
7699.25,0.0,0.0,0.0,0.0,0.0,0.0
7699.5,0.0,0.0,0.0,0.0,0.0,0.0
7699.75,0.0,0.0,0.0,0.0,0.0,0.0
7700.0,0.0,0.0,0.0,0.0,0.0,0.0
7700.25,0.0,0.0,0.0,0.0,0.0,0.0
7700.5,0.0,0.0,0.0,0.0,0.0,0.0
7700.75,0.0,0.0,0.0,0.0,0.0,0.0
7701.0,0.0,0.0,0.0,0.0,0.0,0.0
7701.25,0.0,0.0,0.0,0.0,0.0,0.0
7701.5,0.0,0.0,0.0,0.0,0.0,0.0
7701.75,0.0,0.0,0.0,0.0,0.0,0.0
7702.0,0.0,0.0,0.0,0.0,0.0,0.0
7702.25,0.0,0.0,0.0,0.0,0.0,0.0
7702.5,0.0,0.0,0.0,0.0,0.0,0.0
7702.75,0.0,0.0,0.0,0.0,0.0,0.0
7703.0,0.0,0.0,0.0,0.0,0.0,0.0
7703.25,0.0,0.0,0.0,0.0,0.0,0.0
7703.5,0.0,0.0,0.0,0.0,0.0,0.0
7703.75,0.0,0.0,0.0,0.0,0.0,0.0
7704.0,0.0,0.0,0.0,0.0,0.0,0.0
7704.25,0.0,0.0,0.0,0.0,0.0,0.0
7704.5,0.0,0.0,0.0,0.0,0.0,0.0
7704.75,0.0,0.0,0.0,0.0,0.0,0.0
7705.0,0.0,0.0,0.0,0.0,0.0,0.0
7705.25,0.0,0.0,0.0,0.0,0.0,0.0
7705.5,0.0,0.0,0.0,0.0,0.0,0.0
7705.75,0.0,0.0,0.0,0.0,0.0,0.0
7706.0,0.0,0.0,0.0,0.0,0.0,0.0
7706.25,0.0,0.0,0.0,0.0,0.0,0.0
7706.5,2.65,3.29,3.08,0.73,-0.06,0.09
7706.75,0.0,0.0,0.0,0.0,0.0,0.0
7707.0,0.0,0.0,0.0,0.0,0.0,0.0
7707.25,0.0,0.0,0.0,0.0,0.0,0.0
7707.5,0.0,0.0,0.0,0.0,0.0,0.0
7707.75,0.0,0.0,0.0,0.0,0.0,0.0
7708.0,0.0,0.0,0.0,0.0,0.0,0.0
7708.25,0.0,0.0,0.0,0.0,0.0,0.0
7708.5,0.0,0.0,0.0,0.0,0.0,0.0
7708.75,0.0,0.0,0.0,0.0,0.0,0.0
7709.0,0.0,0.0,0.0,0.0,0.0,0.0
7709.25,0.0,0.0,0.0,0.0,0.0,0.0
7709.5,0.0,0.0,0.0,0.0,0.0,0.0
7709.75,0.0,0.0,0.0,0.0,0.0,0.0
7710.0,0.0,0.0,0.0,0.0,0.0,0.0
7710.25,0.0,0.0,0.0,0.0,0.0,0.0
7710.5,0.0,0.0,0.0,0.0,0.0,0.0
7710.75,0.0,0.0,0.0,0.0,0.0,0.0
7711.0,0.0,0.0,0.0,0.0,0.0,0.0
7711.25,0.0,0.0,0.0,0.0,0.0,0.0
7711.5,0.0,0.0,0.0,0.0,0.0,0.0
7711.75,0.0,0.0,0.0,0.0,0.0,0.0
7712.0,0.0,0.0,0.0,0.0,0.0,0.0
7712.25,0.0,0.0,0.0,0.0,0.0,0.0
7712.5,0.0,0.0,0.0,0.0,0.0,0.0
7712.75,0.0,0.0,0.0,0.0,0.0,0.0
7713.0,4.35,4.15,6.34,1.22,-0.28,0.87
7713.25,0.0,0.0,0.0,0.0,0.0,0.0
7713.5,0.0,0.0,0.0,0.0,0.0,0.0
7713.75,0.0,0.0,0.0,0.0,0.0,0.0
7714.0,2.87,4.59,6.08,1.07,-0.06,0.86
7714.25,0.0,0.0,0.0,0.0,0.0,0.0
7714.5,2.95,4.46,6.17,1.26,-0.05,0.623
7714.75,3.03,4.06,5.93,1.15,-0.26,0.61
7715.0,2.77,4.24,5.77,1.01,-0.22,0.77
7715.25,2.99,4.2,5.58,1.29,-0.23,0.693
7715.5,3.04,4.22,5.68,1.27,-0.23,0.645
7715.75,2.82,4.35,5.88,0.982,-0.06,0.85
7716.0,2.95,4.35,6.17,1.18,0.0147,1.04
7716.25,2.91,4.37,6.18,1.14,0.00606,0.782
7716.5,2.79,4.8,5.55,0.981,0.478,0.574
7716.75,2.92,4.97,5.64,1.14,0.724,0.571
7717.0,2.93,4.88,5.75,1.17,0.614,0.785
7717.25,3.5,4.87,5.83,1.01,0.541,0.872
7717.5,3.24,4.51,6.0,1.18,-0.01,0.995
7717.75,3.45,4.41,6.09,1.31,-0.15,0.933
7718.0,3.1,4.38,5.91,0.98,-0.058,0.745
7718.25,3.06,4.4,6.0,1.17,0.0197,0.839
7718.5,3.05,4.41,5.92,1.18,0.0231,0.655
7718.75,2.88,4.41,5.99,0.932,0.0256,0.541
7719.0,3.07,4.41,6.42,1.21,0.033,0.728
7719.25,3.02,4.27,6.4,1.13,-0.16,1.01
7719.5,3.1,4.29,5.86,0.993,-0.21,0.878
7719.75,3.34,4.2,5.85,1.2,-0.21,0.567
7720.0,3.39,4.29,5.78,1.26,-0.2,0.542
7720.25,3.19,4.42,5.97,1.02,0.0193,0.746
7720.5,3.27,4.44,6.03,1.1,0.0297,0.744
7720.75,3.34,4.33,5.95,1.19,0.0183,0.563
7721.0,3.25,4.33,6.35,0.832,-0.014,0.581
7721.25,3.58,4.41,6.97,1.13,-0.078,0.831
7721.5,3.35,4.22,6.46,1.06,-0.25,0.509
7721.75,3.06,4.12,5.93,0.718,-0.49,-0.027
7722.0,2.88,3.91,5.3,0.931,-0.54,0.0295
7722.25,2.82,3.46,5.68,0.898,-0.32,0.307
7722.5,2.73,3.53,5.08,0.817,-0.15,0.423
7722.75,2.76,3.47,4.9,0.827,-0.15,0.148
7723.0,2.77,3.34,4.6,0.875,-0.12,0.231
7723.25,2.59,3.34,5.4,0.635,-0.13,0.275
7723.5,2.84,3.31,4.76,0.96,-0.23,0.333
7723.75,2.79,3.21,5.56,0.882,-0.37,0.4
7724.0,2.6,3.22,4.75,0.653,-0.37,0.308
7724.25,2.82,3.2,5.02,0.942,-0.35,0.166
7724.5,2.88,3.29,5.08,1.0,-0.16,0.359
7724.75,2.7,3.33,3.93,0.755,-0.16,0.475
7725.0,2.89,3.28,4.82,1.03,-0.13,0.497
7725.25,2.73,3.28,5.45,0.793,-0.1,0.443
7725.5,2.66,3.29,4.87,0.722,-0.14,0.438
7725.75,2.84,3.15,5.27,0.885,-0.35,0.505
7726.0,2.77,3.16,4.91,0.872,-0.36,0.271
7726.25,2.65,3.17,4.5,0.684,-0.37,0.18
7726.5,2.83,3.17,4.96,0.938,-0.38,0.598
7726.75,2.84,3.31,5.32,0.953,-0.14,0.875
7727.0,2.7,3.29,5.22,0.739,-0.11,0.554
7727.25,2.85,3.31,4.35,0.944,-0.13,0.168
7727.5,2.78,3.18,4.97,0.858,-0.15,0.283
7727.75,2.57,3.23,4.7,0.546,-0.23,0.318
7728.0,2.8,3.16,5.02,0.817,-0.36,0.491
7728.25,2.71,3.12,5.17,0.716,-0.39,0.525
7728.5,2.65,3.18,4.73,0.672,-0.36,0.65
7728.75,2.87,3.2,4.97,0.953,-0.18,0.376
7729.0,2.65,3.32,4.98,0.662,-0.12,0.204
7729.25,2.79,3.25,5.02,0.868,-0.14,0.377
7729.5,2.92,3.28,5.15,1.06,-0.13,0.625
7729.75,2.79,3.29,4.71,0.874,-0.17,0.452
7730.0,2.64,3.08,4.87,0.671,-0.42,0.315
7730.25,2.8,3.19,5.34,0.897,-0.37,0.336
7730.5,2.72,3.18,4.7,0.788,-0.37,0.542
7730.75,2.66,3.16,4.54,0.692,-0.33,0.46
7731.0,2.84,3.33,4.85,0.949,-0.12,0.347
7731.25,2.67,3.2,5.17,0.713,-0.16,0.372
7731.5,2.75,3.3,4.87,0.789,-0.13,0.459
7731.75,2.95,3.26,4.58,1.07,-0.15,0.401
7732.0,2.75,3.15,4.83,0.807,-0.36,0.301
7732.25,2.7,3.12,4.57,0.746,-0.37,0.42
7732.5,2.85,3.05,5.17,0.962,-0.38,0.454
7732.75,2.7,3.15,4.41,0.723,-0.32,0.58
7733.0,2.7,3.17,4.93,0.747,-0.16,0.476
7733.25,2.82,3.24,4.48,0.91,-0.13,0.211
7733.5,2.67,3.17,4.58,0.715,-0.15,0.328
7733.75,2.78,3.17,4.58,0.83,-0.16,0.306
7734.0,2.85,3.09,4.87,0.929,-0.37,0.729
7734.25,2.76,3.06,5.14,0.833,-0.4,0.534
7734.5,2.73,3.13,4.51,0.783,-0.38,0.234
7734.75,2.87,3.26,4.78,0.888,-0.45,0.115
7735.0,2.67,3.61,4.9,0.646,-0.21,0.346
7735.25,2.81,3.51,5.85,0.84,-0.22,0.291
7735.5,2.81,3.5,5.24,0.88,-0.22,0.295
7735.75,2.69,3.66,5.37,0.642,-0.23,0.334
7736.0,2.76,3.53,5.58,0.85,-0.47,0.507
7736.25,2.9,3.53,5.69,0.92,-0.52,0.378
7736.5,3.5,3.77,5.72,0.913,-0.3,0.51
7736.75,4.11,4.2,6.46,1.29,0.239,0.668
7737.0,4.78,4.74,6.74,1.27,0.838,0.881
7737.25,4.22,4.64,7.01,1.05,0.868,1.12
7737.5,3.94,4.62,6.71,1.19,0.865,0.79
7737.75,2.99,4.61,6.86,1.28,0.873,0.838
7738.0,2.95,3.93,6.78,0.951,-0.064,0.793
7738.25,2.91,4.05,6.79,1.15,-0.032,0.863
7738.5,3.05,4.28,6.69,1.36,0.253,0.946
7738.75,2.98,4.53,6.72,1.23,0.675,0.745
7739.0,3.04,4.69,6.51,1.36,0.829,0.767
7739.25,2.86,4.21,6.75,1.12,0.439,0.777
7739.5,2.79,4.16,6.75,1.04,0.188,0.998
7739.75,2.94,4.42,6.34,1.21,0.124,0.932
7740.0,2.93,5.12,7.16,1.21,0.454,0.687
7740.25,2.69,5.02,7.83,0.84,0.373,0.747
7740.5,3.0,5.4,6.9,1.22,0.415,0.902
7740.75,3.13,4.79,7.57,1.29,-0.25,0.789
7741.0,5.36,4.82,6.86,1.98,-0.16,0.564
7741.25,6.33,4.89,7.07,2.19,0.0233,0.633
7741.5,6.81,5.36,7.79,2.06,0.532,1.11
7741.75,13.3,5.49,7.59,1.64,0.577,0.913
7742.0,11.1,5.22,7.68,1.92,0.375,0.821
7742.25,6.55,5.04,8.3,1.89,-0.024,0.654
7742.5,6.42,4.78,6.45,1.59,-0.28,0.63
7742.75,6.6,4.67,7.98,1.78,-0.3,0.708
7743.0,6.71,5.61,7.48,1.93,0.576,0.653
7743.25,6.46,5.52,6.86,1.77,0.585,0.645
7743.5,7.14,5.02,7.94,2.17,-0.095,0.695
7743.75,6.75,4.86,10.1,1.79,-0.14,1.35
7744.0,6.86,4.73,10.7,1.82,-0.33,1.11
7744.25,6.8,4.65,11.0,2.02,-0.33,1.09
7744.5,6.82,4.65,9.28,2.16,-0.056,1.38
7744.75,6.69,4.78,6.92,2.11,0.153,1.16
7745.0,6.68,4.37,6.36,1.79,-0.29,0.477
7745.25,5.49,4.31,6.45,1.6,0.13,0.831
7745.5,4.3,4.23,6.37,1.02,-0.35,0.304
7745.75,3.06,3.78,5.84,0.92,-0.42,0.2
7746.0,2.77,3.4,5.53,0.863,-0.41,-0.014
7746.25,2.85,3.41,4.84,0.948,-0.41,0.23
7746.5,2.7,3.38,6.02,0.73,-0.42,0.61
7746.75,2.7,3.47,5.57,0.76,-0.16,0.358
7747.0,2.85,3.23,4.58,0.95,-0.15,0.084
7747.25,2.67,3.33,4.89,0.737,-0.13,0.0189
7747.5,2.79,3.26,4.82,0.888,-0.18,0.218
7747.75,2.92,3.23,5.03,1.06,-0.31,0.533
7748.0,2.77,3.21,4.9,0.862,-0.39,0.204
7748.25,2.7,3.14,4.98,0.78,-0.42,0.24
7748.5,2.85,3.17,4.86,0.98,-0.38,0.233
7748.75,2.7,3.16,4.79,0.747,-0.22,0.303
7749.0,2.66,3.27,5.18,0.72,-0.16,0.345
7749.25,2.83,3.19,4.96,0.928,-0.14,0.167
7749.5,2.65,3.22,4.93,0.674,-0.15,0.305
7749.75,2.74,3.19,5.32,0.808,-0.26,0.503
7750.0,2.9,3.03,4.6,1.01,-0.42,0.194
7750.25,2.79,3.14,4.6,0.852,-0.38,0.281
7750.5,2.85,3.05,4.83,0.924,-0.4,0.146
7750.75,2.87,3.16,4.76,0.935,-0.28,0.45
7751.0,2.65,3.22,5.18,0.68,-0.14,0.564
7751.25,2.78,3.21,5.02,0.83,-0.15,0.406
7751.5,2.83,3.25,4.82,0.913,-0.14,0.265
7751.75,2.61,3.08,6.53,0.615,-0.3,1.24
7752.0,2.74,3.11,5.36,0.794,-0.39,0.409
7752.25,2.85,3.02,4.78,0.925,-0.4,0.444
7752.5,2.74,3.1,4.73,0.764,-0.38,0.365
7752.75,2.86,3.14,4.94,0.938,-0.23,0.453
7753.0,2.82,3.2,4.56,0.906,-0.12,0.429
7753.25,2.61,3.2,4.75,0.61,-0.15,0.377
7753.5,2.77,3.13,4.66,0.842,-0.18,0.297
7753.75,2.77,3.15,4.72,0.826,-0.31,0.28
7754.0,2.63,2.99,4.92,0.632,-0.41,0.458
7754.25,2.75,2.97,5.64,0.78,-0.43,0.663
7754.5,2.72,3.12,4.82,0.723,-0.38,0.333
7754.75,2.76,3.17,4.61,0.805,-0.16,0.16
7755.0,2.95,3.21,4.43,1.06,-0.14,0.22
7755.25,2.72,3.23,5.08,0.743,-0.13,0.663
7755.5,2.67,3.1,5.17,0.7,-0.16,0.832
7755.75,2.82,3.14,5.27,0.849,-0.26,0.323
7756.0,2.79,2.98,3.89,0.862,-0.44,0.012
7756.25,2.67,3.09,5.99,0.69,-0.37,0.255
7756.5,2.83,3.07,4.7,0.879,-0.41,0.401
7756.75,2.66,3.2,4.66,0.66,-0.19,0.553
7757.0,2.81,3.22,4.76,0.854,-0.14,0.424
7757.25,2.97,3.04,3.72,1.08,-0.16,0.0667
7757.5,2.75,3.17,4.68,0.81,-0.14,0.364
7757.75,2.64,2.99,4.45,0.646,-0.33,0.222
7758.0,2.79,3.08,4.91,0.852,-0.39,0.289
7758.25,2.61,3.04,4.76,0.605,-0.4,0.311
7758.5,2.8,3.08,5.25,0.898,-0.42,0.442
7758.75,2.73,3.24,4.38,0.759,-0.27,0.383
7759.0,2.6,3.3,4.62,0.601,-0.21,0.12
7759.25,2.81,3.35,4.67,0.913,-0.19,0.209
7759.5,2.82,3.23,5.19,0.895,-0.21,0.5
7759.75,2.7,3.31,5.13,0.733,-0.31,0.458
7760.0,2.84,3.21,4.8,0.917,-0.45,0.284
7760.25,2.68,3.27,5.34,0.716,-0.43,0.0867
7760.5,2.66,3.88,5.65,0.695,-0.58,-0.0088
7760.75,2.85,3.85,5.73,0.951,-0.44,0.394
7761.0,2.69,3.99,5.6,0.742,-0.3,0.464
7761.25,2.57,3.99,5.23,0.565,-0.35,0.123
7761.5,2.77,4.05,6.27,0.841,-0.31,0.356
7761.75,2.66,4.01,6.72,0.724,-0.37,0.4
7762.0,2.7,3.9,5.57,0.753,-0.57,0.231
7762.25,2.9,3.96,4.38,1.02,-0.55,0.21
7762.5,2.79,3.84,5.67,0.888,-0.6,0.206
7762.75,2.64,4.01,6.28,0.682,-0.51,0.235
7763.0,2.81,4.01,6.41,0.917,-0.34,0.308
7763.25,2.64,3.42,6.44,0.694,-0.2,0.223
7763.5,2.71,3.56,5.61,0.796,-0.16,0.241
7763.75,2.83,3.5,6.1,0.932,-0.2,0.121
7764.0,2.64,3.5,5.8,0.683,-0.35,0.0667
7764.25,2.85,3.5,6.41,0.947,-0.39,0.244
7764.5,2.93,3.49,7.05,1.08,-0.4,0.443
7764.75,2.76,3.53,5.02,0.838,-0.4,0.401
7765.0,2.71,3.52,5.33,0.769,-0.29,-0.013
7765.25,2.88,3.81,5.72,0.931,-0.17,-0.029
7765.5,2.65,4.11,8.53,0.684,-0.3,0.496
7765.75,2.76,4.14,9.53,0.817,-0.28,0.874
7766.0,2.82,4.22,9.75,0.907,-0.31,0.647
7766.25,2.61,4.01,9.85,0.627,-0.54,0.607
7766.5,2.77,4.11,9.56,0.824,-0.5,0.483
7766.75,2.89,4.03,9.66,0.963,-0.53,0.725
7767.0,2.75,4.16,9.69,0.83,-0.46,0.776
7767.25,2.94,4.25,9.78,0.828,-0.27,0.462
7767.5,2.74,4.23,10.4,0.79,-0.27,0.562
7767.75,2.66,4.28,10.0,0.7,-0.26,0.81
7768.0,2.74,4.18,9.57,0.793,-0.3,0.748
7768.25,2.69,4.22,9.23,0.722,-0.38,0.634
7768.5,2.74,4.09,9.82,0.699,-0.52,0.493
7768.75,2.85,4.17,9.43,0.924,-0.5,0.569
7769.0,2.83,4.11,9.81,0.893,-0.51,0.754
7769.25,2.74,4.15,9.98,0.78,-0.41,0.623
7769.5,2.92,4.27,9.83,1.03,-0.26,0.706
7769.75,2.76,4.13,10.1,0.789,-0.31,0.517
7770.0,2.66,4.26,8.48,0.682,-0.28,0.464
7770.25,2.85,3.67,5.76,0.957,-0.21,0.121
7770.5,2.72,3.53,5.47,0.767,-0.33,0.0169
7770.75,2.66,3.33,5.9,0.674,-0.39,0.324
7771.0,2.83,3.26,5.97,0.928,-0.37,0.415
7771.25,2.75,3.32,5.61,0.829,-0.34,0.292
7771.5,2.83,3.39,5.64,0.905,-0.13,0.0436
7771.75,2.95,3.43,5.41,1.09,-0.1,0.0426
7772.0,2.74,3.36,5.14,0.822,-0.13,0.347
7772.25,2.65,3.26,6.25,0.718,-0.15,0.634
7772.5,2.83,3.36,5.64,0.932,-0.13,0.411
7772.75,2.78,3.26,5.35,0.877,-0.38,0.183
7773.0,2.62,3.22,5.08,0.649,-0.38,0.121
7773.25,2.82,3.29,5.15,0.921,-0.37,0.464
7773.5,2.72,3.29,5.34,0.812,-0.26,0.302
7773.75,2.78,3.41,4.99,0.836,-0.12,0.261
7774.0,2.91,3.22,5.59,1.02,-0.17,0.267
7774.25,2.84,3.36,5.36,0.97,-0.099,0.344
7774.5,2.71,3.31,4.38,0.79,-0.11,0.399
7774.75,2.85,3.21,5.48,0.961,-0.33,0.289
7775.0,2.72,3.21,5.09,0.8,-0.36,0.116
7775.25,2.65,3.1,5.32,0.677,-0.41,0.348
7775.5,2.82,3.2,5.68,0.921,-0.37,0.433
7775.75,2.71,3.23,5.44,0.761,-0.19,0.424
7776.0,2.71,3.31,5.05,0.755,-0.13,0.238
7776.25,2.93,3.27,5.16,1.07,-0.14,0.0856
7776.5,2.74,3.28,5.12,0.788,-0.13,0.341
7776.75,2.76,3.29,5.22,0.836,-0.18,0.521
7777.0,2.79,3.08,5.32,0.859,-0.41,0.431
7777.25,2.73,3.21,4.43,0.805,-0.37,0.269
7777.5,2.74,3.09,5.36,0.796,-0.4,0.364
7777.75,2.85,3.25,4.92,0.946,-0.23,0.353
7778.0,2.67,3.31,5.48,0.719,-0.12,0.196
7778.25,2.8,3.29,5.52,0.866,-0.12,0.376
7778.5,2.96,3.32,5.09,1.09,-0.12,0.597
7778.75,2.78,3.22,4.93,0.848,-0.15,0.412
7779.0,2.76,3.19,5.42,0.822,-0.36,0.38
7779.25,2.85,3.09,4.85,0.967,-0.39,0.361
7779.5,2.64,3.17,5.05,0.669,-0.37,0.451
7779.75,2.76,3.17,5.58,0.802,-0.34,0.479
7780.0,2.87,3.25,5.4,0.98,-0.15,0.37
7780.25,2.66,3.3,5.23,0.674,-0.11,0.327
7780.5,2.74,3.2,5.01,0.787,-0.16,0.374
7780.75,2.95,3.29,4.83,1.07,-0.11,0.288
7781.0,2.88,3.14,5.21,0.778,-0.35,0.363
7781.25,2.93,3.03,5.33,0.949,-0.41,0.438
7781.5,2.84,3.14,5.16,0.904,-0.38,0.542
7781.75,2.83,3.13,5.11,0.866,-0.36,0.398
7782.0,2.82,3.23,4.89,0.903,-0.15,0.216
7782.25,2.78,3.3,5.41,0.852,-0.12,0.253
7782.5,2.64,3.23,5.76,0.648,-0.17,0.392
7782.75,2.83,3.41,5.12,0.899,-0.16,0.477
7783.0,2.82,3.4,5.44,0.89,-0.33,0.286
7783.25,2.72,3.44,5.22,0.751,-0.4,0.229
7783.5,2.92,3.41,5.59,1.04,-0.41,0.417
7783.75,2.87,3.89,5.79,0.844,-0.55,0.354
7784.0,2.66,3.76,5.63,0.64,-0.24,0.28
7784.25,2.86,3.5,6.24,0.968,-0.19,0.242
7784.5,2.72,4.14,6.92,0.77,-0.29,0.301
7784.75,2.72,4.19,6.11,0.702,-0.34,0.513
7785.0,3.24,4.22,6.47,0.893,-0.37,0.268
7785.25,3.06,4.11,5.67,0.751,-0.58,0.0688
7785.5,2.74,4.06,6.34,0.816,-0.56,0.0387
7785.75,2.91,4.04,6.49,1.03,-0.55,0.405
7786.0,2.81,4.01,6.91,0.905,-0.45,0.653
7786.25,2.65,4.15,6.24,0.717,-0.27,0.249
7786.5,2.79,4.07,6.45,0.876,-0.31,0.103
7786.75,2.81,4.14,6.09,0.913,-0.3,0.0993
7787.0,2.64,4.15,6.52,0.705,-0.3,0.342
7787.25,2.72,4.04,6.91,0.783,-0.39,0.521
7787.5,2.83,4.06,6.54,0.953,-0.51,0.3
7787.75,2.7,3.94,6.56,0.723,-0.55,0.219
7788.0,2.89,4.09,6.57,1.02,-0.53,0.269
7788.25,2.91,4.1,6.58,1.05,-0.39,0.431
7788.5,2.67,4.17,6.16,0.74,-0.28,0.413
7788.75,2.73,4.18,6.06,0.798,-0.29,0.0387
7789.0,2.84,4.13,6.68,0.966,-0.31,0.147
7789.25,2.66,4.21,6.35,0.712,-0.28,0.372
7789.5,2.76,4.04,6.66,0.823,-0.49,0.453
7789.75,2.85,4.09,6.29,0.972,-0.49,0.179
7790.0,2.67,4.01,6.39,0.716,-0.53,0.0429
7790.25,2.83,3.96,6.3,0.925,-0.56,0.2
7790.5,2.97,4.14,6.6,1.09,-0.36,0.323
7790.75,2.85,4.2,5.77,0.772,-0.26,0.494
7791.0,2.78,4.12,6.87,0.806,-0.3,0.337
7791.25,2.85,4.21,6.18,0.896,-0.28,0.0706
7791.5,2.72,4.09,6.85,0.744,-0.31,0.324
7791.75,2.76,4.09,9.09,0.811,-0.51,0.56
7792.0,2.84,4.04,10.1,0.955,-0.53,0.622
7792.25,2.66,4.07,10.3,0.679,-0.5,0.789
7792.5,2.88,4.17,10.7,0.988,-0.35,0.861
7792.75,2.93,4.12,9.86,1.01,-0.31,0.695
7793.0,2.75,4.1,9.29,0.803,-0.27,0.411
7793.25,2.74,3.99,9.07,0.814,-0.3,0.473
7793.5,2.8,4.1,9.51,0.856,-0.28,0.675
7793.75,2.77,3.96,10.2,0.842,-0.46,0.825
7794.0,2.73,3.95,10.7,0.788,-0.56,0.669
7794.25,2.87,3.95,7.56,0.906,-0.54,0.233
7794.5,2.76,3.39,5.41,0.789,-0.43,0.196
7794.75,2.78,3.49,5.97,0.821,-0.14,0.334
7795.0,2.92,3.32,5.78,1.03,-0.12,0.193
7795.25,2.88,3.38,6.49,1.01,-0.1,0.198
7795.5,2.63,3.3,5.78,0.673,-0.13,0.387
7795.75,2.81,3.33,5.7,0.899,-0.13,0.446
7796.0,2.79,3.24,5.62,0.889,-0.36,0.351
7796.25,2.61,3.18,5.62,0.633,-0.37,0.28
7796.5,2.86,3.24,5.29,0.976,-0.35,0.258
7796.75,2.71,3.2,5.34,0.759,-0.35,0.376
7797.0,2.69,3.39,5.78,0.758,-0.12,0.36
7797.25,2.89,3.31,5.23,0.987,-0.16,0.219
7797.5,2.88,3.29,5.65,0.992,-0.13,0.338
7797.75,2.72,3.31,5.19,0.762,-0.12,0.325
7798.0,2.79,3.21,5.16,0.871,-0.29,0.178
7798.25,2.87,3.22,5.14,0.934,-0.38,0.369
7798.5,2.67,3.09,5.85,0.692,-0.4,0.467
7798.75,2.81,3.2,5.25,0.866,-0.37,0.341
7799.0,2.86,3.3,5.1,0.977,-0.23,0.35
7799.25,2.64,3.18,5.1,0.676,-0.18,0.115
7799.5,2.9,3.26,5.24,1.01,-0.15,0.169
7799.75,2.91,3.29,5.36,1.01,-0.13,0.535
7800.0,2.7,3.21,5.43,0.763,-0.15,0.494
7800.25,2.82,3.18,5.23,0.915,-0.38,0.134
7800.5,2.81,3.08,4.9,0.896,-0.41,0.159
7800.75,2.67,3.16,5.02,0.715,-0.37,0.193
7801.0,2.79,3.1,5.59,0.89,-0.35,0.542
7801.25,2.8,3.3,5.33,0.891,-0.15,0.503
7801.5,2.65,3.26,5.45,0.704,-0.15,0.238
7801.75,2.77,3.19,4.04,0.833,-0.17,0.134
7802.0,2.91,3.27,5.25,1.03,-0.13,0.432
7802.25,2.77,3.11,4.77,0.858,-0.28,0.52
7802.5,2.78,3.14,5.08,0.851,-0.38,0.427
7802.75,2.81,3.07,5.34,0.889,-0.4,0.383
7803.0,2.67,3.13,4.76,0.743,-0.38,0.402
7803.25,2.71,3.34,4.99,0.749,-0.12,0.533
7803.5,2.86,3.23,4.98,0.996,-0.15,0.411
7803.75,2.69,3.3,4.46,0.745,-0.15,0.198
7804.0,2.78,3.21,5.08,0.856,-0.17,0.292
7804.25,2.96,3.26,5.46,1.1,-0.19,0.7
7804.5,2.74,3.09,4.74,0.805,-0.4,0.533
7804.75,2.79,3.1,5.07,0.869,-0.41,0.299
7805.0,2.84,3.15,4.15,0.95,-0.39,0.125
7805.25,2.66,3.15,4.73,0.701,-0.28,0.293
7805.5,2.75,3.27,5.12,0.828,-0.14,0.575
7805.75,2.85,3.18,5.0,0.945,-0.18,0.566
7806.0,2.65,3.26,4.94,0.674,-0.14,0.308
7806.25,2.73,3.17,4.58,0.789,-0.18,0.152
7806.5,2.93,3.1,5.15,1.04,-0.4,0.369
7806.75,2.75,3.23,5.48,0.788,-0.42,0.439
7807.0,2.79,3.21,5.19,0.866,-0.44,0.425
7807.25,2.85,3.39,5.17,0.961,-0.33,0.432
7807.5,2.63,3.34,5.01,0.651,-0.22,0.253
7807.75,2.76,3.47,4.81,0.823,-0.17,0.396
7808.0,2.86,3.39,5.05,0.974,-0.2,0.265
7808.25,2.7,3.27,4.4,0.693,-0.22,0.316
7808.5,2.76,3.31,5.52,0.802,-0.37,0.387
7808.75,2.9,3.37,4.87,1.01,-0.44,0.463
7809.0,2.69,3.26,5.35,0.738,-0.45,0.334
7809.25,2.87,3.37,5.17,1.0,-0.42,0.298
7809.5,2.83,3.4,5.6,0.928,-0.25,0.221
7809.75,2.64,3.47,5.23,0.691,-0.17,0.425
7810.0,2.76,3.4,5.31,0.847,-0.21,0.616
7810.25,2.81,3.43,5.32,0.913,-0.18,0.38
7810.5,2.64,3.48,4.73,0.702,-0.19,0.118
7810.75,2.82,3.32,5.18,0.936,-0.44,0.209
7811.0,2.83,3.37,5.18,0.93,-0.42,0.407
7811.25,2.76,3.29,5.69,0.83,-0.44,0.521
7811.5,2.87,3.47,5.63,0.991,-0.3,0.417
7811.75,2.9,3.54,5.73,1.01,-0.18,0.323
7812.0,2.68,3.53,5.47,0.733,-0.19,0.359
7812.25,2.74,3.57,5.5,0.81,-0.19,0.38
7812.5,2.8,3.45,5.24,0.88,-0.2,0.364
7812.75,2.7,3.49,5.68,0.748,-0.26,0.56
7813.0,2.71,3.39,5.8,0.757,-0.43,0.404
7813.25,2.79,3.46,5.11,0.856,-0.4,0.0906
7813.5,2.77,3.43,5.18,0.842,-0.4,0.104
7813.75,2.87,3.51,5.34,0.858,-0.2,0.277
7814.0,2.94,3.56,5.57,1.03,-0.15,0.335
7814.25,2.67,3.46,5.52,0.683,-0.21,0.334
7814.5,2.68,3.57,5.46,0.748,-0.17,0.18
7814.75,2.84,3.46,5.32,0.946,-0.23,0.222
7815.0,2.68,3.41,4.77,0.732,-0.39,0.257
7815.25,2.73,3.39,4.81,0.792,-0.41,0.215
7815.5,2.82,3.43,5.59,0.92,-0.38,0.228
7815.75,2.7,3.49,5.34,0.729,-0.33,0.219
7816.0,2.8,3.46,5.72,0.88,-0.21,0.452
7816.25,2.92,3.6,5.43,1.04,-0.15,0.259
7816.5,2.68,3.46,5.18,0.73,-0.18,0.108
7816.75,2.73,3.55,5.25,0.785,-0.17,0.18
7817.0,2.75,3.47,5.48,0.801,-0.26,0.201
7817.25,2.65,3.28,5.32,0.713,-0.43,0.442
7817.5,2.69,3.38,5.33,0.727,-0.4,0.232
7817.75,2.83,3.41,5.35,0.91,-0.4,0.15
7818.0,2.65,3.38,5.33,0.688,-0.28,0.252
7818.25,2.82,3.53,5.21,0.877,-0.15,0.209
7818.5,2.91,3.4,5.59,1.02,-0.19,0.157
7818.75,2.73,3.47,5.41,0.756,-0.15,0.214
7819.0,2.74,3.3,5.32,0.772,-0.14,0.229
7819.25,2.82,3.2,5.25,0.913,-0.31,0.408
7819.5,2.62,3.26,5.5,0.646,-0.38,0.196
7819.75,2.68,3.12,5.14,0.691,-0.39,0.0227
7820.0,2.85,3.25,5.05,0.961,-0.36,0.0913
7820.25,2.64,3.28,5.39,0.651,-0.17,0.375
7820.5,2.84,3.36,5.0,0.929,-0.1,0.691
7820.75,2.91,3.33,4.68,0.991,-0.088,0.283
7821.0,2.82,3.26,5.36,0.898,-0.13,0.158
7821.25,2.73,3.32,4.6,0.793,-0.17,0.0464
7821.5,2.81,3.17,4.8,0.877,-0.41,0.321
7821.75,2.6,3.2,5.11,0.586,-0.37,0.568
7822.0,2.69,3.13,4.82,0.724,-0.38,0.341
7822.25,2.82,3.19,5.31,0.885,-0.35,0.145
7822.5,2.76,3.31,4.39,0.822,-0.13,0.24
7822.75,2.66,3.23,5.35,0.634,-0.16,0.36
7823.0,2.93,3.3,5.06,1.04,-0.15,0.321
7823.25,2.7,3.22,4.75,0.728,-0.17,0.24
7823.5,2.81,3.21,5.16,0.899,-0.31,0.194
7823.75,2.72,3.06,4.64,0.73,-0.4,0.24
7824.0,2.93,3.13,4.77,0.676,-0.38,0.385
7824.25,2.81,3.15,4.59,0.817,-0.39,0.226
7824.5,2.85,3.21,4.68,0.927,-0.16,0.146
7824.75,2.85,3.28,5.41,0.917,-0.1,0.41
7825.0,2.8,3.19,4.98,0.847,-0.17,0.509
7825.25,2.8,3.3,4.96,0.857,-0.14,0.309
7825.5,2.81,3.13,4.66,0.872,-0.25,0.343
7825.75,2.88,3.13,4.62,0.958,-0.36,0.165
7826.0,2.75,3.15,5.01,0.802,-0.37,0.408
7826.25,2.69,3.0,4.9,0.711,-0.43,0.502
7826.5,2.83,3.11,5.12,0.891,-0.3,0.401
7826.75,2.73,3.28,4.76,0.757,-0.13,0.294
7827.0,2.68,3.17,4.41,0.669,-0.17,0.313
7827.25,2.82,3.23,4.96,0.864,-0.13,0.36
7827.5,2.76,3.15,4.7,0.796,-0.17,0.308
7827.75,2.82,3.14,4.83,0.862,-0.31,0.374
7828.0,2.9,3.09,5.02,0.973,-0.38,0.536
7828.25,2.72,3.08,4.64,0.743,-0.39,0.418
7828.5,2.66,3.11,4.76,0.665,-0.38,0.122
7828.75,2.87,3.17,4.57,0.869,-0.15,0.212
7829.0,2.74,3.28,4.93,0.779,-0.13,0.548
7829.25,2.69,3.14,5.01,0.704,-0.15,0.782
7829.5,2.87,3.18,4.67,0.956,-0.12,0.498
7829.75,2.7,3.17,4.8,0.692,-0.22,0.39
7830.0,2.8,3.05,4.76,0.844,-0.41,0.406
7830.25,2.95,3.14,4.78,1.06,-0.36,0.229
7830.5,2.69,3.04,5.13,0.69,-0.4,0.484
7830.75,2.74,3.3,4.96,0.771,-0.2,0.455
7831.0,2.81,3.34,4.76,0.862,-0.21,0.346
7831.25,2.65,3.38,4.21,0.675,-0.16,0.173
7831.5,2.71,3.39,4.73,0.726,-0.18,0.085
7831.75,2.86,3.29,4.95,0.947,-0.33,0.37
7832.0,2.65,3.32,5.63,0.676,-0.41,0.576
7832.25,2.83,3.22,5.01,0.902,-0.45,0.447
7832.5,2.94,3.34,4.17,1.05,-0.41,0.0663
7832.75,2.73,3.37,5.11,0.767,-0.24,0.145
7833.0,2.72,3.45,5.06,0.774,-0.17,0.394
7833.25,2.77,3.49,5.12,0.82,-0.17,0.568
7833.5,2.68,3.43,5.5,0.728,-0.18,0.317
7833.75,2.69,3.48,4.99,0.698,-0.17,0.223
7834.0,2.87,3.28,4.97,0.907,-0.44,0.087
7834.25,2.62,3.38,5.21,0.586,-0.41,0.488
7834.5,2.79,3.31,5.55,0.861,-0.41,0.347
7834.75,2.89,3.37,5.19,0.964,-0.38,0.17
7835.0,2.78,3.49,5.43,0.854,-0.19,0.256
7835.25,2.75,3.36,5.49,0.83,-0.2,0.267
7835.5,2.81,3.43,4.9,0.891,-0.19,0.476
7835.75,2.65,3.52,5.28,0.675,-0.17,0.195
7836.0,2.71,3.4,4.9,0.77,-0.28,0.0608
7836.25,2.8,3.42,5.36,0.873,-0.39,0.238
7836.5,2.62,3.34,5.26,0.647,-0.42,0.464
7836.75,2.73,3.39,5.14,0.76,-0.39,0.548
7837.0,2.91,3.51,5.02,1.01,-0.25,0.123
7837.25,2.76,3.47,5.03,0.814,-0.18,0.0973
7837.5,2.75,3.56,5.12,0.808,-0.15,0.25
7837.75,2.85,3.45,5.04,0.936,-0.18,0.378
7838.0,2.66,3.56,5.67,0.692,-0.15,0.467
7838.25,2.69,3.4,5.54,0.732,-0.39,0.308
7838.5,2.84,3.43,4.96,0.937,-0.39,0.127
7838.75,2.64,3.44,5.55,0.649,-0.39,0.347
7839.0,2.67,3.36,4.62,0.706,-0.38,0.226
7839.25,2.89,3.57,5.6,0.985,-0.15,0.227
7839.5,2.74,3.47,5.45,0.755,-0.19,0.23
7839.75,2.83,3.57,5.53,0.885,-0.16,0.309
7840.0,2.8,3.48,5.1,0.863,-0.18,0.287
7840.25,2.63,3.46,4.92,0.616,-0.31,0.105
7840.5,2.72,3.44,4.89,0.752,-0.4,0.182
7840.75,2.81,3.37,5.32,0.853,-0.42,0.273
7841.0,2.66,3.43,5.26,0.686,-0.41,0.429
7841.25,2.73,3.39,5.26,0.757,-0.24,0.329
7841.5,2.82,3.55,4.51,0.857,-0.16,0.117
7841.75,2.78,3.47,4.96,0.81,-0.19,0.148
7842.0,2.82,3.44,4.86,0.866,-0.18,0.334
7842.25,2.86,3.49,4.99,0.948,-0.18,0.255
7842.5,2.63,3.32,4.97,0.633,-0.43,0.201
7842.75,2.74,3.31,5.33,0.792,-0.39,0.186
7843.0,2.82,3.15,5.02,0.915,-0.39,0.352
7843.25,2.61,3.25,4.9,0.633,-0.3,0.367
7843.5,2.72,3.31,4.79,0.769,-0.14,0.108
7843.75,2.87,3.31,4.59,0.954,-0.16,0.0693
7844.0,2.69,3.32,4.96,0.677,-0.13,0.356
7844.25,2.86,3.17,5.02,0.931,-0.17,0.603
7844.5,2.93,3.13,5.25,1.07,-0.33,0.466
7844.75,2.64,3.2,4.62,0.655,-0.37,0.12
7845.0,2.76,3.09,4.79,0.833,-0.41,0.138
7845.25,2.81,3.2,4.47,0.897,-0.35,0.392
7845.5,2.67,3.28,5.51,0.726,-0.15,0.426
7845.75,2.74,3.27,5.22,0.772,-0.13,0.533
7846.0,2.84,3.28,5.04,0.94,-0.13,0.437
7846.25,2.64,3.19,4.83,0.674,-0.15,0.392
7846.5,2.85,3.19,4.84,0.918,-0.31,0.41
7846.75,2.96,3.06,4.77,1.09,-0.4,0.443
7847.0,2.65,3.18,5.08,0.657,-0.37,0.716
7847.25,2.79,3.14,5.01,0.87,-0.39,0.4
7847.5,2.81,3.29,4.51,0.872,-0.15,0.23
7847.75,2.66,3.27,4.87,0.666,-0.13,0.235
7848.0,2.78,3.2,4.58,0.847,-0.14,0.43
7848.25,2.78,3.28,4.78,0.838,-0.12,0.442
7848.5,2.67,3.14,4.7,0.702,-0.25,0.345
7848.75,2.76,3.14,4.88,0.77,-0.37,0.34
7849.0,2.9,3.11,4.71,0.992,-0.4,0.397
7849.25,2.7,3.14,4.87,0.725,-0.4,0.432
7849.5,2.85,3.26,4.57,0.94,-0.22,0.387
7849.75,2.7,3.22,4.55,0.711,-0.17,0.207
7850.0,2.66,3.29,4.7,0.671,-0.13,0.359
7850.25,2.8,3.16,5.59,0.85,-0.12,0.463
7850.5,2.74,3.29,4.76,0.776,-0.13,0.424
7850.75,2.67,3.04,3.77,0.661,-0.37,0.177
7851.0,2.81,3.04,4.75,0.847,-0.4,0.299
7851.25,2.85,3.14,5.47,0.904,-0.39,0.519
7851.5,2.75,3.05,5.38,0.79,-0.39,0.552
7851.75,2.85,3.3,4.1,0.912,-0.12,0.376
7852.0,2.79,3.15,4.54,0.85,-0.15,0.338
7852.25,2.67,3.26,4.34,0.675,-0.12,0.314
7852.5,2.86,3.2,4.59,0.947,-0.14,0.368
7852.75,2.76,3.1,4.57,0.799,-0.27,0.436
7853.0,2.68,3.1,4.91,0.698,-0.36,0.291
7853.25,2.84,3.0,4.37,0.935,-0.42,0.469
7853.5,2.73,3.0,5.17,0.747,-0.42,0.484
7853.75,2.84,3.22,4.45,0.888,-0.18,0.406
7854.0,2.95,3.14,4.73,0.996,-0.15,0.264
7854.25,2.71,3.23,4.83,0.725,-0.13,0.24
7854.5,2.7,3.19,4.96,0.716,-0.14,0.306
7854.75,2.91,3.36,5.53,0.935,-0.31,0.58
7855.0,2.67,3.51,5.36,0.62,-0.45,0.369
7855.25,2.76,3.44,4.84,0.807,-0.46,0.139
7855.5,2.82,3.55,5.52,0.906,-0.42,0.137
7855.75,2.7,3.84,5.31,0.722,-0.43,0.293
7856.0,2.86,4.25,6.68,0.834,-0.36,0.614
7856.25,3.54,4.09,6.21,1.07,-0.33,0.596
7856.5,3.91,4.63,6.73,1.4,-0.15,0.491
7856.75,5.87,4.96,6.94,2.27,0.159,0.996
7857.0,6.65,5.92,7.37,2.24,-0.14,0.918
7857.25,6.51,5.5,7.36,2.02,-0.32,0.897
7857.5,6.47,4.99,6.85,1.93,-0.37,0.877
7857.75,6.33,5.0,6.85,2.08,-0.35,1.01
7858.0,6.32,5.24,6.85,2.18,-0.19,0.878
7858.25,6.2,5.27,6.77,1.96,-0.14,0.904
7858.5,6.41,5.31,6.96,2.22,-0.11,0.854
7858.75,6.46,5.58,6.76,2.26,-0.18,0.737
7859.0,6.23,5.07,6.93,1.95,-0.1,0.87
7859.25,6.44,5.24,6.93,2.11,-0.16,1.07
7859.5,6.02,5.25,6.71,2.17,-0.35,0.851
7859.75,5.51,5.27,7.0,1.95,-0.36,0.688
7860.0,5.02,5.92,6.98,2.02,-0.39,0.869
7860.25,5.18,5.22,6.92,2.21,-0.34,0.918
7860.5,4.93,5.5,7.25,2.0,-0.14,1.01
7860.75,5.02,5.24,7.17,2.2,-0.1,0.951
7861.0,5.09,5.95,7.33,2.21,-0.044,0.855
7861.25,5.04,7.49,6.25,1.84,0.344,0.7
7861.5,6.48,6.87,6.34,1.89,0.362,0.834
7861.75,6.63,7.61,5.87,1.97,0.245,0.64
7862.0,7.02,6.68,6.05,1.75,0.0836,0.529
7862.25,7.47,7.74,5.81,1.87,0.0726,0.766
7862.5,6.52,7.54,6.08,1.73,0.149,0.894
7862.75,6.76,7.3,6.41,1.79,0.162,0.893
7863.0,6.9,7.15,5.83,1.96,0.292,0.688
7863.25,6.59,7.13,5.71,1.82,0.272,0.698
7863.5,6.72,7.49,5.83,1.88,0.321,0.575
7863.75,7.48,7.68,6.0,1.91,0.293,0.668
7864.0,6.85,6.84,6.15,1.72,0.305,0.664
7864.25,6.64,7.01,6.5,1.96,0.167,0.827
7864.5,6.2,6.89,6.03,1.69,0.0937,0.838
7864.75,6.51,6.87,5.61,1.94,0.114,0.444
7865.0,6.63,7.17,5.45,2.07,0.102,0.467
7865.25,5.19,6.57,5.53,1.17,0.213,0.358
7865.5,4.54,6.42,5.27,1.02,0.0877,0.262
7865.75,3.07,5.48,5.13,0.718,-0.1,0.297
7866.0,2.68,4.18,4.25,0.719,-0.22,0.105
7866.25,2.83,4.12,4.01,0.925,-0.19,0.0695
7866.5,2.63,3.51,4.56,0.631,-0.12,0.257
7866.75,2.74,3.69,4.44,0.803,-0.13,0.231
7867.0,2.78,3.43,4.19,0.852,-0.34,0.181
7867.25,2.63,3.69,4.48,0.649,-0.37,0.0929
7867.5,2.89,3.77,4.63,0.973,-0.36,0.364
7867.75,2.92,3.27,4.22,0.779,-0.17,0.284
7868.0,2.8,3.41,4.25,0.843,-0.095,0.323
7868.25,2.91,3.47,3.93,0.969,-0.093,0.0506
7868.5,2.87,3.49,4.49,0.918,-0.092,0.146
7868.75,2.84,3.47,4.38,0.945,-0.082,0.449
7869.0,2.74,3.46,4.15,0.789,-0.083,0.581
7869.25,2.65,3.42,4.35,0.646,-0.2,0.158
7869.5,2.88,3.34,3.71,0.964,-0.35,0.166
7869.75,2.83,3.52,4.25,0.867,-0.4,0.139
7870.0,2.77,3.31,4.22,0.83,-0.34,0.4
7870.25,2.87,3.7,4.34,0.943,-0.15,0.339
7870.5,2.81,3.63,4.48,0.878,-0.12,0.366
7870.75,2.63,3.79,3.72,0.631,-0.15,0.237
7871.0,2.79,3.53,4.19,0.842,-0.13,0.331
7871.25,2.74,3.82,3.9,0.789,-0.14,0.353
7871.5,2.6,3.57,4.09,0.582,-0.12,0.0824
7871.75,2.82,3.6,3.84,0.868,-0.39,0.292
7872.0,2.8,3.44,4.33,0.836,-0.37,0.343
7872.25,2.76,3.76,4.25,0.81,-0.41,0.586
7872.5,2.89,3.49,3.83,0.955,-0.26,0.286
7872.75,2.73,3.81,3.94,0.751,-0.11,0.107
7873.0,2.69,3.55,3.51,0.698,-0.1,0.207
7873.25,2.8,3.88,4.19,0.828,-0.14,0.481
7873.5,2.73,3.49,4.06,0.759,-0.1,0.614
7873.75,2.68,3.76,3.85,0.662,-0.16,0.353
7874.0,2.86,3.49,3.9,0.95,-0.38,0.179
7874.25,2.73,3.63,4.13,0.742,-0.36,0.336
7874.5,2.79,3.5,3.73,0.799,-0.38,0.441
7874.75,2.93,3.67,4.13,1.01,-0.29,0.392
7875.0,2.76,3.72,3.84,0.796,-0.16,0.393
7875.25,2.75,3.61,3.84,0.787,-0.097,0.398
7875.5,2.83,3.61,3.87,0.891,-0.089,0.449
7875.75,2.72,3.61,3.74,0.76,-0.089,0.368
7876.0,2.7,3.57,3.57,0.699,-0.16,0.219
7876.25,2.82,3.5,4.09,0.879,-0.32,0.302
7876.5,2.69,3.47,4.17,0.705,-0.31,0.588
7876.75,2.83,3.48,3.78,0.865,-0.34,0.645
7877.0,2.94,3.52,3.79,1.04,-0.23,0.279
7877.25,2.72,3.58,3.86,0.753,-0.1,0.198
7877.5,2.76,3.6,3.75,0.772,-0.097,0.283
7877.75,2.82,3.57,3.74,0.873,-0.1,0.574
7878.0,2.64,3.57,4.12,0.625,-0.098,0.473
7878.25,2.78,3.52,3.91,0.753,-0.22,0.359
7878.5,2.83,3.49,3.58,0.848,-0.35,0.183
7878.75,2.69,3.67,4.22,0.607,-0.37,0.323
7879.0,2.81,3.8,4.39,0.823,-0.42,0.187
7879.25,2.91,3.98,4.57,0.987,-0.31,0.211
7879.5,2.7,4.12,5.18,0.716,-0.22,0.463
7879.75,4.01,5.26,5.79,1.53,-0.24,0.774
7880.0,4.58,5.28,5.65,1.55,-0.17,0.664
7880.25,4.48,5.19,5.48,1.44,-0.22,0.631
7880.5,6.63,5.45,5.56,2.0,-0.17,0.892
7880.75,6.59,5.68,6.55,1.84,-0.035,0.884
7881.0,6.58,6.54,6.85,2.21,2.33,1.18
7881.25,6.64,6.42,6.31,2.29,2.35,1.21
7881.5,9.94,7.02,6.59,2.11,2.34,1.23
7881.75,13.7,6.37,6.32,2.06,2.07,0.857
7882.0,13.4,6.18,5.99,1.84,2.08,0.695
7882.25,13.3,6.25,6.12,1.69,2.1,0.547
7882.5,13.5,6.79,5.62,1.88,2.46,0.534
7882.75,13.4,6.96,6.37,1.72,2.67,0.807
7883.0,13.5,6.81,6.21,1.73,2.56,0.774
7883.25,13.7,6.89,6.02,1.89,2.58,0.648
7883.5,8.42,6.88,5.96,1.74,2.45,0.447
7883.75,5.13,6.5,5.56,1.96,2.0,0.677
7884.0,5.05,6.6,8.4,2.09,2.12,1.08
7884.25,4.88,6.63,9.83,1.84,2.15,1.13
7884.5,4.96,7.47,9.86,1.94,2.77,1.22
7884.75,4.94,6.33,10.2,1.93,2.36,1.21
7885.0,4.8,6.95,9.86,1.72,2.07,1.18
7885.25,5.68,8.28,10.9,2.18,2.49,1.58
7885.5,6.15,9.66,9.89,2.0,3.11,1.44
7885.75,6.6,9.32,7.79,2.13,2.99,1.24
7886.0,6.37,9.8,10.3,2.16,3.05,1.5
7886.25,6.4,10.7,10.5,2.5,3.75,2.11
7886.5,6.56,10.5,10.7,2.74,3.76,1.94
7886.75,7.83,9.7,10.2,2.55,3.72,1.86
7887.0,8.1,10.1,10.4,2.56,3.73,1.88
7887.25,8.41,10.3,10.6,2.77,3.77,2.09
7887.5,7.67,10.5,10.2,2.39,3.56,2.08
7887.75,7.89,9.9,10.5,2.66,3.52,1.78
7888.0,7.82,9.89,10.3,2.67,3.6,1.96
7888.25,7.74,10.3,10.8,2.67,3.74,2.18
7888.5,7.61,10.4,10.1,3.05,3.76,2.01
7888.75,7.43,10.4,10.4,2.75,3.72,1.86
7889.0,7.58,9.99,10.1,2.84,3.78,1.91
7889.25,7.53,9.95,10.4,2.83,3.76,1.85
7889.5,7.4,9.89,10.1,2.71,3.6,2.0
7889.75,7.08,9.73,10.1,2.28,3.0,1.37
7890.0,5.67,10.0,9.25,2.13,2.68,0.831
7890.25,5.41,9.12,9.44,1.91,2.72,0.892
7890.5,3.76,6.84,8.76,1.28,2.15,0.59
7890.75,2.95,4.77,9.0,0.913,1.64,0.549
7891.0,2.81,4.52,9.12,0.769,1.62,0.449
7891.25,3.0,4.49,8.57,1.03,1.61,0.593
7891.5,2.72,4.44,8.77,0.661,1.65,0.764
7891.75,2.78,4.35,8.73,0.77,1.38,0.663
7892.0,2.97,4.31,7.73,0.932,1.28,0.53
7892.25,2.84,4.32,5.12,0.711,1.28,0.0521
7892.5,2.97,4.31,4.49,0.858,1.27,0.0133
7892.75,3.0,4.03,5.3,0.94,1.63,0.538
7893.0,2.87,3.89,4.89,0.76,1.68,0.388
7893.25,3.04,3.85,4.17,0.971,1.73,-0.014
7893.5,3.03,3.85,4.19,1.01,1.71,-0.011
7893.75,2.7,3.89,4.36,0.594,1.7,0.122
7894.0,3.02,3.86,4.72,0.985,1.59,0.365
7894.25,2.87,3.72,4.62,0.804,1.42,0.347
7894.5,2.81,3.75,4.34,0.719,1.42,0.184
7894.75,2.96,3.74,3.82,0.945,1.42,0.125
7895.0,2.87,3.85,4.3,0.746,1.64,0.223
7895.25,2.76,3.85,4.17,0.707,1.68,0.249
7895.5,3.08,3.86,4.62,1.06,1.71,0.156
7895.75,2.97,3.86,4.4,0.884,1.72,0.309
7896.0,2.84,3.84,4.65,0.763,1.7,0.405
7896.25,2.93,3.83,4.49,0.899,1.67,0.317
7896.5,2.85,3.72,4.02,0.796,1.43,0.325
7896.75,2.92,3.73,4.56,0.787,1.41,0.419
7897.0,3.01,3.73,4.66,0.959,1.39,0.148
7897.25,2.84,3.81,4.26,0.715,1.53,0.223
7897.5,2.88,3.84,4.19,0.75,1.65,0.222
7897.75,2.99,3.81,4.48,0.968,1.69,0.238
7898.0,2.95,3.84,4.46,0.859,1.67,0.422
7898.25,2.88,3.82,3.88,0.797,1.67,0.174
7898.5,2.98,3.72,4.18,0.979,1.46,0.111
7898.75,2.82,3.71,4.22,0.723,1.41,0.299
7899.0,2.91,3.7,4.58,0.828,1.42,0.441
7899.25,2.94,3.75,4.0,0.917,1.39,0.359
7899.5,2.84,3.84,4.38,0.692,1.57,0.111
7899.75,2.92,3.83,3.7,0.856,1.65,0.0435
7900.0,2.97,3.78,4.61,0.97,1.63,0.188
7900.25,2.97,3.76,4.54,0.879,1.63,0.473
7900.5,3.01,3.78,4.55,0.943,1.63,0.376
7900.75,3.0,3.72,4.31,0.956,1.44,0.172
7901.0,2.82,3.69,4.05,0.668,1.38,0.0592
7901.25,2.94,3.69,4.18,0.871,1.37,0.277
7901.5,2.93,3.68,4.38,0.88,1.38,0.391
7901.75,2.77,3.84,3.98,0.577,1.62,0.302
7902.0,2.95,3.79,3.96,0.885,1.64,0.368
7902.25,2.99,3.8,4.23,0.916,1.66,0.232
7902.5,2.92,3.84,4.44,0.831,1.64,0.22
7902.75,3.02,3.95,4.64,0.855,1.63,0.116
7903.0,2.98,4.04,4.89,0.858,1.35,0.262
7903.25,2.84,3.96,4.8,0.708,1.38,0.201
7903.5,2.88,3.93,5.21,0.753,1.42,0.372
7903.75,3.0,3.89,4.49,0.893,1.47,0.241
7904.0,2.77,4.39,4.91,0.644,1.92,0.11
7904.25,2.97,5.35,5.24,0.966,2.46,0.335
7904.5,3.39,6.59,8.39,1.15,2.73,0.785
7904.75,9.8,7.38,9.8,1.95,2.85,1.39
7905.0,13.7,7.11,10.2,1.94,2.84,1.22
7905.25,13.9,6.96,9.54,2.05,2.1,0.998
7905.5,13.7,6.73,10.0,1.86,1.89,1.07
7905.75,13.6,6.4,9.88,1.77,1.97,1.34
7906.0,13.8,7.0,10.0,2.01,2.5,1.08
7906.25,13.7,7.12,10.3,1.76,2.8,1.08
7906.5,13.8,7.72,9.82,1.83,2.87,1.11
7906.75,13.6,7.37,10.3,1.8,2.43,1.23
7907.0,7.09,6.42,10.2,1.85,2.2,1.31
7907.25,6.83,7.03,9.77,2.08,2.2,1.03
7907.5,5.09,7.03,9.79,1.79,2.32,0.971
7907.75,5.05,7.3,10.2,1.85,2.62,1.17
7908.0,5.17,7.35,10.5,1.97,2.64,1.33
7908.25,5.09,6.96,10.4,1.69,2.27,1.2
7908.5,5.12,7.05,10.2,1.94,2.14,1.14
7908.75,5.14,7.16,10.1,1.86,2.15,1.05
7909.0,4.96,6.48,10.2,1.71,2.2,1.18
7909.25,5.13,6.91,10.1,1.91,2.23,1.06
7909.5,5.77,6.85,10.5,1.78,2.48,1.08
7909.75,7.08,7.63,11.4,1.83,2.8,1.33
7910.0,7.05,7.71,12.2,1.7,2.68,1.51
7910.25,9.49,7.48,10.5,1.53,2.79,1.22
7910.5,13.9,7.81,10.8,1.75,2.28,0.961
7910.75,14.0,7.63,9.83,1.63,2.48,0.98
7911.0,13.8,7.92,11.8,1.66,2.51,1.47
7911.25,13.8,8.02,12.0,1.7,2.82,1.45
7911.5,13.9,7.81,12.1,1.74,2.71,1.26
7911.75,14.5,7.96,11.8,2.35,2.85,1.33
7912.0,14.5,8.01,12.2,2.21,2.61,1.58
7912.25,14.4,7.98,12.5,2.27,2.52,1.57
7912.5,14.4,8.06,11.9,2.23,2.65,1.32
7912.75,14.5,7.92,12.0,1.99,2.73,1.41
7913.0,13.2,7.49,10.3,1.51,2.51,1.13
7913.25,4.59,6.8,9.72,0.906,1.98,0.754
7913.5,4.65,7.45,9.12,0.932,2.02,0.716
7913.75,3.81,5.81,9.25,0.867,1.73,0.627
7914.0,2.92,4.57,7.91,0.796,1.41,0.459
7914.25,3.04,4.57,7.62,1.02,1.33,0.324
7914.5,2.9,4.57,8.69,0.823,1.32,0.339
7914.75,2.88,4.46,8.48,0.728,1.34,0.603
7915.0,2.98,4.33,6.85,0.955,1.57,0.522
7915.25,2.71,3.93,4.4,0.585,1.75,-0.0058
7915.5,2.84,3.9,4.14,0.848,1.77,-0.051
7915.75,2.93,3.92,4.59,0.819,1.81,0.06
7916.0,2.76,3.89,4.53,0.663,1.79,0.138
7916.25,3.07,3.9,4.65,1.01,1.71,0.204
7916.5,3.02,3.8,4.15,1.0,1.5,0.00524
7916.75,2.79,3.77,4.46,0.693,1.49,-0.07
7917.0,2.97,3.75,4.46,0.884,1.5,0.165
7917.25,2.86,3.8,4.54,0.822,1.61,0.153
7917.5,2.81,3.88,4.11,0.719,1.72,0.101
7917.75,2.89,3.9,3.93,0.878,1.7,0.0429
7918.0,2.9,3.88,4.16,0.771,1.67,0.0867
7918.25,2.86,3.86,4.39,0.755,1.67,0.204
7918.5,3.05,3.8,4.51,0.99,1.54,0.263
7918.75,2.96,3.75,3.87,0.888,1.37,0.0338
7919.0,2.92,3.74,4.29,0.859,1.39,-0.03
7919.25,2.91,3.73,4.36,0.848,1.53,0.308
7919.5,2.76,3.86,4.42,0.656,1.71,0.207
7919.75,2.86,3.84,3.63,0.8,1.74,0.000625
7920.0,2.97,3.84,3.83,0.913,1.74,-0.0042
7920.25,2.77,3.84,4.1,0.619,1.74,0.112
7920.5,2.96,3.85,4.13,0.804,1.69,0.374
7920.75,3.02,3.8,4.26,0.985,1.56,0.212
7921.0,2.9,3.72,3.58,0.794,1.39,0.0253
7921.25,3.01,3.7,4.08,1.0,1.38,0.00944
7921.5,2.99,3.71,3.82,0.893,1.38,0.26
7921.75,2.79,3.81,4.03,0.612,1.55,0.326
7922.0,2.94,3.84,3.58,0.894,1.64,0.162
7922.25,2.97,3.84,3.53,0.909,1.62,0.0245
7922.5,2.83,3.82,3.47,0.663,1.63,0.133
7922.75,3.02,3.8,3.99,0.94,1.66,0.234
7923.0,2.97,3.72,3.57,0.817,1.53,0.204
7923.25,2.84,3.67,4.3,0.728,1.42,0.128
7923.5,3.15,3.67,3.44,1.06,1.43,0.0315
7923.75,2.94,3.66,4.35,0.825,1.46,0.205
7924.0,2.82,3.79,3.71,0.642,1.66,0.229
7924.25,3.06,3.76,3.95,0.961,1.69,0.0427
7924.5,2.84,3.76,3.84,0.742,1.68,0.168
7924.75,2.82,3.76,3.94,0.616,1.68,0.2
7925.0,3.03,3.8,3.92,0.956,1.68,0.24
7925.25,2.85,3.69,3.99,0.729,1.45,0.074
7925.5,2.9,3.65,3.7,0.768,1.41,0.0342
7925.75,3.13,3.67,3.79,1.08,1.42,0.206
7926.0,2.82,3.65,4.13,0.754,1.45,0.212
7926.25,2.84,3.78,4.06,0.704,1.71,0.0869
7926.5,2.97,3.76,3.44,0.938,1.72,0.00313
7926.75,2.8,3.96,3.88,0.546,1.7,-0.086
7927.0,2.86,4.07,3.99,0.788,1.7,0.354
7927.25,2.97,4.02,4.67,0.841,1.61,0.173
7927.5,2.8,3.96,4.07,0.648,1.49,-0.021
7927.75,3.02,4.01,4.43,0.836,1.57,-0.064
7928.0,3.08,4.3,5.08,0.99,1.47,0.04
7928.25,2.96,4.54,5.48,0.808,1.47,0.272
7928.5,4.84,7.65,7.98,1.33,2.88,0.371
7928.75,6.8,7.98,9.45,2.0,3.08,0.685
7929.0,7.1,8.04,9.57,1.7,3.01,0.983
7929.25,6.78,8.05,9.84,1.88,3.03,0.963
7929.5,6.5,7.95,9.94,1.81,2.6,1.11
7929.75,6.9,7.35,9.97,1.64,2.19,0.972
7930.0,6.71,7.7,9.48,1.84,2.25,1.0
7930.25,6.65,7.61,9.93,1.77,2.49,0.779
7930.5,7.59,8.4,9.87,1.87,3.05,0.732
7930.75,6.74,8.5,9.64,1.81,3.1,1.03
7931.0,6.79,8.42,10.1,1.72,2.98,1.09
7931.25,7.09,8.08,8.26,1.85,2.49,0.735
7931.5,6.69,8.07,7.54,1.8,2.33,0.569
7931.75,5.43,7.94,7.53,1.72,2.32,0.569
7932.0,6.94,8.53,9.38,2.24,3.3,1.39
7932.25,6.67,8.48,10.1,1.73,3.06,1.28
7932.5,6.68,8.56,9.78,1.96,3.14,0.779
7932.75,6.62,8.13,9.77,1.85,2.65,0.776
7933.0,6.81,7.88,9.85,1.93,2.58,0.877
7933.25,6.42,7.76,9.95,1.79,2.52,1.04
7933.5,6.52,7.67,10.1,1.77,2.27,1.04
7933.75,6.69,7.58,9.81,1.93,2.23,0.803
7934.0,6.67,7.61,9.78,1.77,2.28,0.735
7934.25,6.73,7.59,9.92,1.73,2.27,0.965
7934.5,6.86,7.79,9.9,1.93,2.46,0.92
7934.75,7.01,7.76,9.63,1.76,2.5,0.883
7935.0,6.93,7.73,9.81,2.0,2.47,0.816
7935.25,7.06,7.61,9.89,1.95,2.45,0.881
7935.5,6.66,7.61,9.8,1.98,2.43,1.02
7935.75,6.85,7.44,9.72,1.98,2.21,0.874
7936.0,6.82,7.48,9.88,1.75,2.22,0.813
7936.25,6.65,7.51,10.0,1.87,2.22,0.92
7936.5,6.9,7.67,9.98,1.69,2.42,0.91
7936.75,6.8,7.54,9.91,1.79,2.51,0.813
7937.0,6.53,7.48,9.61,1.8,2.47,0.639
7937.25,4.97,7.48,9.21,1.03,2.36,0.51
7937.5,4.71,7.37,8.82,1.01,2.17,0.55
7937.75,4.22,5.95,9.11,0.75,1.86,0.484
7938.0,2.82,4.7,8.73,0.717,1.48,0.337
7938.25,2.92,4.74,9.04,0.936,1.39,0.245
7938.5,2.69,4.72,9.2,0.62,1.39,0.501
7938.75,2.88,4.95,8.91,0.884,1.43,0.606
7939.0,2.78,5.01,9.05,0.736,1.59,0.266
7939.25,2.86,4.35,6.92,0.835,1.62,0.0125
7939.5,2.99,4.05,4.75,1.01,1.75,-0.058
7939.75,2.82,3.89,4.46,0.772,1.8,0.248
7940.0,2.82,3.92,4.86,0.795,1.8,0.221
7940.25,2.87,3.88,4.63,0.875,1.76,-0.09
7940.5,2.84,3.79,4.33,0.698,1.56,-0.067
7940.75,2.88,3.81,4.75,0.873,1.52,0.0858
7941.0,2.89,3.81,4.79,0.878,1.52,0.194
7941.25,2.7,3.82,4.73,0.646,1.61,0.0785
7941.5,2.89,3.91,4.6,0.891,1.8,-0.091
7941.75,2.95,3.94,4.05,0.938,1.78,0.0309
7942.0,2.78,3.89,4.75,0.732,1.76,0.128
7942.25,2.97,3.91,4.25,1.02,1.75,0.2
7942.5,2.77,3.92,4.71,0.721,1.72,0.0488
7942.75,2.76,3.79,4.62,0.7,1.43,-0.062
7943.0,2.86,3.83,4.75,0.854,1.42,0.16
7943.25,2.82,3.81,4.76,0.803,1.43,0.168
7943.5,2.78,3.81,4.41,0.734,1.39,0.105
7943.75,2.94,3.94,4.69,0.97,1.59,0.055
7944.0,2.89,3.93,4.24,0.889,1.61,0.0755
7944.25,2.88,3.9,4.75,0.861,1.64,0.178
7944.5,2.96,3.89,3.87,0.988,1.65,0.117
7944.75,2.81,3.92,4.58,0.776,1.61,0.113
7945.0,2.68,3.88,4.33,0.584,1.48,0.081
7945.25,2.93,3.79,4.37,0.968,1.4,0.198
7945.5,2.75,3.81,4.79,0.693,1.38,0.101
7945.75,2.79,3.78,4.31,0.731,1.41,-0.02
7946.0,2.87,3.9,4.78,0.836,1.54,0.241
7946.25,2.87,3.92,4.55,0.87,1.68,0.267
7946.5,2.89,3.88,4.62,0.874,1.64,0.194
7946.75,2.99,3.87,4.62,1.03,1.62,0.199
7947.0,2.78,3.86,3.91,0.727,1.62,0.246
7947.25,3.13,3.87,4.78,1.0,1.64,0.28
7947.5,2.91,3.78,4.28,0.908,1.4,0.0119
7947.75,2.73,3.73,4.46,0.674,1.41,-0.038
7948.0,2.87,3.76,4.69,0.866,1.39,0.176
7948.25,2.89,3.83,4.25,0.87,1.49,0.254
7948.5,2.72,3.88,4.4,0.648,1.64,0.197
7948.75,2.96,3.86,4.43,0.954,1.62,-0.00083
7949.0,2.99,3.85,4.22,1.01,1.63,0.02
7949.25,2.73,3.86,4.36,0.656,1.63,0.221
7949.5,2.85,3.82,4.71,0.83,1.57,0.223
7949.75,2.92,3.75,4.54,0.898,1.37,0.12
7950.0,2.7,3.74,3.94,0.617,1.37,-0.025
7950.25,2.82,3.74,4.64,0.771,1.4,0.0814
7950.5,2.92,3.87,4.35,0.922,1.57,0.17
7950.75,2.77,4.1,4.89,0.61,1.61,0.0207
7951.0,2.88,4.19,4.99,0.808,1.61,0.058
7951.25,3.03,4.15,4.88,1.05,1.64,-0.073
7951.5,2.78,4.18,5.25,0.729,1.68,0.128
7951.75,2.92,4.25,5.37,0.893,1.58,0.132
7952.0,2.9,4.25,5.04,0.918,1.44,0.0408
7952.25,2.74,4.44,5.34,0.686,1.4,0.0175
7952.5,6.27,7.66,5.63,1.71,2.59,0.221
7952.75,7.55,8.52,7.72,1.91,3.03,0.929
7953.0,7.24,9.02,10.4,2.14,3.58,1.54
7953.25,7.84,10.4,10.5,2.63,4.16,1.73
7953.5,8.16,11.1,10.5,2.34,3.81,1.44
7953.75,10.6,10.8,10.5,2.12,3.37,1.52
7954.0,14.7,10.8,10.5,2.31,3.31,1.53
7954.25,14.7,10.8,11.1,2.07,3.29,1.34
7954.5,14.6,10.6,8.6,2.1,3.09,1.23
7954.75,14.5,10.8,10.5,2.04,3.06,1.47
7955.0,14.1,8.68,10.5,1.86,2.66,1.51
7955.25,14.5,10.6,10.6,2.24,3.05,1.47
7955.5,14.3,10.9,10.4,2.08,3.3,1.32
7955.75,14.4,9.03,10.4,2.2,2.96,1.39
7956.0,14.6,10.8,10.5,2.46,3.37,1.65
7956.25,13.9,10.8,10.4,1.92,3.4,1.48
7956.5,13.9,8.5,10.2,2.04,2.82,1.18
7956.75,13.7,8.34,9.9,1.76,2.27,0.858
7957.0,13.4,8.18,9.99,1.69,2.28,0.983
7957.25,13.5,8.17,10.3,1.77,0.641,1.24
7957.5,13.7,8.76,10.0,1.63,0.959,0.92
7957.75,13.0,8.3,10.3,1.52,1.3,0.966
7958.0,10.3,8.61,10.3,1.28,1.26,1.07
7958.25,5.12,8.23,10.4,1.16,0.859,1.14
7958.5,4.84,8.32,10.3,1.12,0.586,1.15
7958.75,5.08,8.44,10.2,1.21,0.578,1.03
7959.0,5.08,7.76,10.1,1.13,0.556,0.939
7959.25,4.75,8.41,10.3,1.09,0.939,1.19
7959.5,4.7,8.63,10.4,1.0,0.954,1.21
7959.75,4.83,8.19,10.1,1.09,0.907,0.889
7960.0,5.31,8.06,9.94,1.03,0.618,0.833
7960.25,5.34,7.96,10.0,1.15,0.609,0.962
7960.5,5.17,8.16,10.4,1.15,0.658,1.11
7960.75,5.14,8.25,11.9,0.976,1.26,1.29
7961.0,5.24,8.21,11.6,1.04,1.33,1.17
7961.25,5.14,7.79,10.8,0.766,0.513,0.977
7961.5,4.92,7.51,11.1,0.605,0.092,0.916
7961.75,3.6,5.27,10.5,0.865,-0.33,0.573
7962.0,2.92,4.38,9.96,0.578,-0.49,0.599
7962.25,2.78,4.48,9.13,0.836,-0.28,0.615
7962.5,2.93,4.48,9.07,1.03,-0.27,0.539
7962.75,2.74,4.44,9.05,0.768,-0.25,0.543
7963.0,2.9,4.3,8.77,0.954,-0.24,0.544
7963.25,2.75,4.29,9.12,0.819,-0.22,0.628
7963.5,2.68,4.27,9.07,0.707,-0.21,0.572
7963.75,2.88,4.2,6.67,0.98,-0.49,0.085
7964.0,2.72,3.68,4.92,0.786,-0.35,-0.033
7964.25,2.75,3.62,4.72,0.814,-0.32,0.156
7964.5,2.84,3.61,4.86,0.942,-0.31,0.155
7964.75,2.8,3.7,4.39,0.872,-0.087,0.0871
7965.0,2.82,3.68,4.65,0.887,-0.093,-0.079
7965.25,2.86,3.66,4.75,0.948,-0.081,0.095
7965.5,2.71,3.64,4.3,0.767,-0.07,0.176
7965.75,2.77,3.63,4.74,0.814,-0.089,0.0829
7966.0,2.82,3.53,4.59,0.898,-0.28,0.095
7966.25,2.71,3.51,4.65,0.776,-0.35,-0.024
7966.5,2.82,3.49,4.58,0.91,-0.34,0.173
7966.75,2.8,3.49,4.77,0.853,-0.34,0.177
7967.0,2.78,3.61,4.57,0.859,-0.098,0.0808
7967.25,2.87,3.61,4.73,0.963,-0.073,0.0967
7967.5,2.9,3.61,4.71,1.01,-0.068,0.0983
7967.75,2.68,3.6,4.75,0.708,-0.058,0.188
7968.0,2.81,3.6,4.44,0.88,-0.087,0.0488
7968.25,2.84,3.59,4.63,0.932,-0.082,0.0108
7968.5,2.67,3.46,4.53,0.696,-0.34,0.107
7968.75,2.73,3.47,4.54,0.809,-0.35,0.173
7969.0,2.83,3.46,4.7,0.905,-0.34,0.19
7969.25,2.73,3.5,4.28,0.793,-0.26,0.0553
7969.5,2.87,3.57,4.65,0.984,-0.082,0.0843
7969.75,2.93,3.57,4.24,1.06,-0.097,0.187
7970.0,2.78,3.56,4.34,0.866,-0.07,0.234
7970.25,2.72,3.55,4.69,0.777,-0.082,0.168
7970.5,2.82,3.55,4.54,0.916,-0.097,-0.034
7970.75,2.78,3.47,4.63,0.882,-0.24,0.08
7971.0,2.68,3.44,4.6,0.7,-0.32,0.26
7971.25,2.87,3.41,4.4,0.987,-0.33,0.211
7971.5,2.74,3.41,4.05,0.794,-0.34,0.0811
7971.75,2.8,3.54,4.1,0.896,-0.077,-9.9e-19
7972.0,2.92,3.52,4.44,1.04,-0.094,0.238
7972.25,2.74,3.52,4.7,0.793,-0.099,0.248
7972.5,2.7,3.52,4.32,0.765,-0.11,0.0867
7972.75,2.82,3.5,4.53,0.896,-0.1,-0.04
7973.0,2.7,3.41,4.14,0.736,-0.29,0.0255
7973.25,2.67,3.39,4.33,0.726,-0.34,0.374
7973.5,2.81,3.41,4.58,0.877,-0.35,0.21
7973.75,2.81,3.41,4.52,0.884,-0.34,-0.053
7974.0,2.76,3.54,4.3,0.795,-0.11,-0.045
7974.25,2.89,3.53,4.55,0.968,-0.1,0.16
7974.5,2.88,3.53,4.51,0.971,-0.097,0.327
7974.75,2.65,3.53,4.09,0.683,-0.11,0.127
7975.0,2.86,3.66,3.95,0.957,-0.13,-0.025
7975.25,2.78,3.58,4.1,0.834,-0.33,0.0343
7975.5,2.62,3.55,4.72,0.645,-0.38,0.283
7975.75,2.83,3.55,4.19,0.906,-0.39,0.17
7976.0,2.86,3.57,4.16,0.946,-0.38,-0.026
7976.25,2.76,3.71,4.22,0.831,-0.14,-0.03
7976.5,2.83,3.71,4.37,0.908,-0.12,0.21
7976.75,2.9,3.71,4.86,1.01,-0.15,0.327
7977.0,2.77,4.03,4.9,0.842,-0.22,0.144
7977.25,2.7,4.25,8.5,0.75,-0.27,0.381
7977.5,3.38,4.74,9.19,1.43,0.137,0.945
7977.75,3.29,4.68,9.37,1.27,-0.021,1.1
7978.0,3.2,4.7,9.56,1.14,-0.025,1.02
7978.25,3.41,4.71,9.42,1.45,-0.023,1.06
7978.5,3.37,4.8,9.52,1.4,0.112,1.09
7978.75,3.31,4.85,9.45,1.3,0.216,1.16
7979.0,3.34,4.86,9.49,1.29,0.222,1.26
7979.25,2.94,4.4,8.93,1.04,-0.23,0.681
7979.5,2.85,4.36,8.89,0.925,-0.26,0.63
7979.75,2.73,4.37,8.71,0.775,-0.27,0.499
7980.0,2.84,4.32,8.78,0.913,-0.48,0.577
7980.25,2.89,4.29,8.81,0.979,-0.51,0.46
7980.5,2.82,4.35,8.94,0.873,-0.5,0.632
7980.75,2.81,4.35,8.97,0.766,-0.51,0.619
7981.0,2.84,4.46,8.89,0.879,-0.32,0.473
7981.25,2.96,4.49,8.92,1.09,-0.25,0.531
7981.5,2.84,4.49,8.82,0.881,-0.27,0.406
7981.75,2.74,5.15,8.98,0.787,0.54,0.608
7982.0,2.86,5.14,8.98,0.902,0.568,0.599
7982.25,2.85,5.14,8.91,0.899,0.514,0.476
7982.5,2.75,4.66,8.93,0.798,-0.32,0.476
7982.75,2.77,4.59,8.94,0.696,-0.4,0.443
7983.0,2.91,4.59,9.14,0.995,-0.34,0.593
7983.25,2.91,4.73,9.09,0.929,-0.2,0.513
7983.5,2.9,5.15,9.04,0.765,0.521,0.441
7983.75,2.95,5.13,5.62,0.889,0.489,0.0157
7984.0,2.91,4.66,5.0,0.854,-0.16,0.0511
7984.25,2.7,3.99,4.88,0.666,-0.13,0.128
7984.5,2.79,3.94,4.8,0.844,-0.11,0.0182
7984.75,2.79,3.86,4.82,0.835,-0.27,0.0562
7985.0,2.75,3.82,4.8,0.784,-0.35,0.0479
7985.25,2.63,3.83,4.73,0.619,-0.35,0.123
7985.5,2.94,3.82,4.84,1.03,-0.35,0.085
7985.75,2.75,3.94,4.79,0.778,-0.12,0.014
7986.0,2.82,3.91,4.79,0.885,-0.11,0.0173
7986.25,2.84,3.91,4.67,0.902,-0.11,0.108
7986.5,2.8,3.88,4.68,0.845,-0.12,0.13
7986.75,2.66,3.81,4.72,0.699,-0.088,-0.069
7987.0,2.83,3.69,4.81,0.871,-0.11,0.0608
7987.25,2.8,3.57,4.67,0.861,-0.33,0.0853
7987.5,2.63,3.55,4.81,0.65,-0.34,0.125
7987.75,2.8,3.54,4.76,0.84,-0.34,0.0458
7988.0,2.96,3.55,4.55,1.07,-0.3,-0.055
7988.25,2.69,3.63,4.77,0.724,-0.096,0.0867
7988.5,2.76,3.62,4.76,0.826,-0.079,0.144
7988.75,2.84,3.61,3.99,0.927,-0.087,0.205
7989.0,2.79,3.6,4.61,0.845,-0.082,-0.077
7989.25,2.81,3.6,4.35,0.789,-0.089,0.041
7989.5,2.87,3.55,4.75,0.981,-0.21,0.158
7989.75,2.8,3.46,4.58,0.859,-0.32,0.173
7990.0,2.71,3.47,4.52,0.754,-0.33,0.00625
7990.25,2.91,3.47,4.46,0.988,-0.34,-0.039
7990.5,2.94,3.56,4.41,1.05,-0.17,0.175
7990.75,2.73,3.58,4.7,0.785,-0.091,0.183
7991.0,2.7,3.55,4.54,0.718,-0.075,0.142
7991.25,2.88,3.57,4.21,0.984,-0.083,-0.038
7991.5,2.68,3.55,4.12,0.696,-0.077,0.0513
7991.75,2.68,3.51,4.74,0.718,-0.16,0.274
7992.0,2.82,3.42,4.27,0.862,-0.34,0.183
7992.25,2.86,3.42,4.28,0.955,-0.34,-0.049
7992.5,2.74,3.41,4.09,0.761,-0.33,-0.027
7992.75,2.95,3.49,4.27,1.08,-0.21,0.329
7993.0,2.89,3.55,4.73,0.963,-0.061,0.26
7993.25,2.67,3.53,4.62,0.705,-0.083,-0.0092
7993.5,2.73,3.51,4.46,0.742,-0.091,-0.06
7993.75,2.87,3.52,4.43,0.97,-0.07,0.282
7994.0,2.76,3.51,4.56,0.792,-0.079,0.364
7994.25,2.7,3.39,4.29,0.734,-0.3,0.189
7994.5,2.85,3.38,4.46,0.954,-0.34,0.174
7994.75,2.8,3.37,4.61,0.867,-0.35,0.159
7995.0,2.76,3.39,4.23,0.807,-0.32,0.215
7995.25,2.91,3.51,4.33,1.03,-0.11,0.0238
7995.5,2.7,3.49,4.47,0.745,-0.11,-0.011
7995.75,2.66,3.49,4.32,0.719,-0.089,0.204
7996.0,2.78,3.48,3.85,0.806,-0.1,0.25
7996.25,2.82,3.48,4.16,0.913,-0.095,0.188
7996.5,2.62,3.43,3.98,0.641,-0.19,0.02
7996.75,2.79,3.35,4.15,0.844,-0.35,0.156
7997.0,2.94,3.35,4.26,1.03,-0.35,0.214
7997.25,2.72,3.36,3.97,0.732,-0.34,0.293
7997.5,2.88,3.45,4.01,0.978,-0.19,0.104
7997.75,2.84,3.48,3.85,0.892,-0.12,-0.023
7998.0,2.71,3.49,4.29,0.729,-0.1,0.174
7998.25,2.75,3.49,3.86,0.794,-0.1,0.222
7998.5,2.82,3.48,3.82,0.883,-0.1,0.277
7998.75,2.82,3.51,4.17,0.909,-0.13,0.0606
7999.0,2.69,3.52,4.22,0.666,-0.39,0.066
7999.25,2.88,3.53,4.42,0.956,-0.4,0.202
7999.5,2.93,3.54,4.28,1.03,-0.39,0.22
7999.75,3.03,3.59,4.34,0.808,-0.27,0.153
8000.0,2.87,3.67,4.23,0.901,-0.13,-0.021
8000.25,2.88,3.65,4.0,0.967,-0.15,0.197
8000.5,2.79,3.65,4.53,0.819,-0.15,0.187
8000.75,2.86,3.66,4.16,0.935,-0.13,0.223
8001.0,2.81,3.63,4.58,0.867,-0.19,0.0583
8001.25,2.65,3.55,4.21,0.666,-0.39,-0.019
8001.5,2.77,3.56,4.35,0.812,-0.38,0.209
8001.75,2.94,3.56,4.34,1.04,-0.39,0.253
8002.0,2.81,3.64,4.67,0.873,-0.24,0.125
8002.25,2.8,3.71,4.34,0.856,-0.14,-0.013
8002.5,2.82,3.7,4.3,0.878,-0.14,0.137
8002.75,2.75,3.71,4.72,0.806,-0.14,0.176
8003.0,2.63,3.71,4.54,0.622,-0.14,0.158
8003.25,2.87,3.7,4.67,0.95,-0.12,0.0782
8003.5,2.82,3.61,4.46,0.873,-0.32,0.00455
8003.75,2.7,3.61,4.35,0.745,-0.37,0.207
8004.0,2.86,3.62,4.75,0.889,-0.37,0.191
8004.25,2.94,3.63,4.2,1.04,-0.36,0.163
8004.5,2.76,3.77,4.63,0.812,-0.15,0.0175
8004.75,2.67,3.78,4.37,0.675,-0.12,0.121
8005.0,2.84,3.8,4.75,0.906,-0.11,0.202
8005.25,2.77,3.82,4.34,0.812,-0.12,0.169
8005.5,2.67,3.84,4.56,0.717,-0.14,0.125
8005.75,2.78,3.84,4.36,0.833,-0.13,-0.0095
8006.0,2.86,3.73,4.54,0.953,-0.33,0.194
8006.25,2.68,3.71,4.71,0.705,-0.38,0.118
8006.5,2.88,3.69,4.43,0.975,-0.37,0.0867
8006.75,2.9,3.68,4.7,1.01,-0.37,0.0395
8007.0,2.79,3.78,4.64,0.848,-0.19,0.0991
8007.25,2.67,3.78,4.76,0.687,-0.13,0.14
8007.5,2.85,3.75,4.54,0.935,-0.13,-0.042
8007.75,2.74,3.75,4.37,0.773,-0.14,0.0961
8008.0,2.62,3.76,4.45,0.618,-0.12,0.0596
8008.25,2.85,3.73,4.28,0.934,-0.15,0.174
8008.5,2.78,3.62,4.64,0.815,-0.36,-0.0069
8008.75,2.77,3.62,4.22,0.823,-0.36,0.0348
8009.0,2.87,3.59,4.38,0.943,-0.38,0.141
8009.25,2.91,3.64,4.76,1.01,-0.32,0.17
8009.5,2.74,3.73,4.63,0.789,-0.13,0.000625
8009.75,2.74,3.72,4.59,0.799,-0.12,-0.0064
8010.0,2.82,3.71,4.44,0.891,-0.11,0.337
8010.25,2.82,3.72,4.59,0.917,-0.14,0.263
8010.5,2.61,3.71,4.76,0.631,-0.13,0.172
8010.75,2.81,3.6,4.36,0.913,-0.21,0.201
8011.0,2.91,3.44,4.63,0.994,-0.33,0.233
8011.25,2.75,3.44,4.54,0.811,-0.32,0.233
8011.5,2.78,3.4,4.28,0.854,-0.34,-0.034
8011.75,2.81,3.46,4.21,0.886,-0.22,-0.029
8012.0,2.72,3.52,4.48,0.771,-0.12,0.177
8012.25,2.69,3.49,4.38,0.768,-0.1,0.32
8012.5,2.8,3.49,4.62,0.87,-0.11,0.123
8012.75,2.83,3.5,4.22,0.935,-0.11,-0.029
8013.0,2.62,3.49,4.09,0.63,-0.11,0.0739
8013.25,3.0,3.4,4.37,1.08,-0.3,0.21
8013.5,2.91,3.39,4.52,1.01,-0.33,0.3
8013.75,2.78,3.39,4.44,0.885,-0.34,0.011
8014.0,2.71,3.39,3.83,0.758,-0.34,0.0025
8014.25,2.87,3.53,4.44,0.99,-0.11,0.147
8014.5,2.74,3.52,4.48,0.798,-0.1,0.246
8014.75,2.69,3.5,4.31,0.758,-0.092,0.241
8015.0,2.85,3.5,4.48,0.938,-0.091,-0.019
8015.25,2.83,3.5,4.16,0.938,-0.093,0.123
8015.5,2.73,3.47,4.28,0.797,-0.17,0.239
8015.75,2.86,3.39,4.5,0.941,-0.34,0.36
