Hora_decimal,P fase A,P fase B,P fase C,Q fase A,Q fase B,Q fase C
1416.0,11.4,4.39,7.72,3.87,1.61,1.38
1416.25,11.2,4.16,7.63,3.93,1.75,1.46
1416.5,10.3,4.46,7.52,2.17,1.63,1.18
1416.75,11.6,4.43,7.72,3.95,1.81,1.44
1417.0,11.6,4.76,8.12,4.07,1.95,1.59
1417.25,11.2,4.63,7.71,3.31,1.82,1.51
1417.5,10.0,3.99,8.2,3.13,1.59,1.61
1417.75,11.0,4.33,7.82,3.94,1.7,1.7
1418.0,11.8,4.5,7.66,4.32,1.92,1.32
1418.25,10.6,4.94,7.87,2.48,2.2,1.61
1418.5,11.3,3.8,7.6,4.73,1.35,1.55
1418.75,11.2,4.33,8.15,4.17,1.93,1.94
1419.0,11.6,4.75,8.21,3.36,2.34,1.82
1419.25,11.0,5.11,7.69,3.27,2.3,1.48
1419.5,11.8,4.23,7.61,4.11,1.84,1.53
1419.75,10.6,4.36,7.75,4.05,1.93,1.5
1420.0,10.8,4.49,8.18,3.15,1.95,1.81
1420.25,11.4,4.46,7.57,3.86,1.72,1.41
1420.5,11.3,4.26,7.63,3.71,1.73,1.75
1420.75,11.4,4.02,8.15,3.87,1.65,1.73
1421.0,9.69,4.3,7.62,2.37,1.78,1.41
1421.25,11.2,4.82,7.78,3.67,2.06,1.56
1421.5,11.1,4.47,7.84,3.32,1.87,1.67
1421.75,9.56,4.37,7.46,2.57,1.83,1.28
1422.0,10.5,4.0,7.67,3.04,1.7,1.6
1422.25,10.7,4.18,7.55,3.77,1.9,1.33
1422.5,11.0,4.52,7.51,3.85,1.79,1.83
1422.75,8.78,4.27,6.92,1.92,2.08,1.36
1423.0,10.9,3.82,7.51,3.87,1.53,1.49
1423.25,10.9,3.98,7.23,3.64,1.64,1.18
1423.5,10.4,4.94,7.36,2.76,2.13,1.29
1423.75,9.36,4.69,7.25,2.45,2.13,1.29
1424.0,10.0,4.18,7.37,2.9,1.61,1.19
1424.25,10.5,3.98,7.81,3.06,1.57,1.46
1424.5,10.1,4.56,7.72,2.0,1.94,1.46
1424.75,11.2,4.72,7.66,3.49,1.7,1.54
1425.0,11.7,8.25,8.32,3.79,1.71,1.48
1425.25,11.5,10.7,9.05,3.4,1.63,1.32
1425.5,11.0,10.2,9.49,2.16,1.47,1.12
1425.75,11.5,10.9,10.7,3.2,1.67,1.13
1426.0,11.6,10.9,10.8,2.95,1.99,1.09
1426.25,11.6,11.1,12.1,2.49,2.3,1.91
1426.5,11.3,10.7,11.7,2.67,1.82,1.48
1426.75,11.3,10.7,11.2,2.84,1.77,1.38
1427.0,11.7,10.8,11.4,2.97,1.93,1.09
1427.25,11.8,10.8,11.7,2.3,1.82,1.29
1427.5,11.8,11.0,11.0,3.01,2.04,1.16
1427.75,11.0,9.9,11.0,2.86,1.2,1.22
1428.0,12.4,10.5,12.6,3.31,1.55,1.8
1428.25,11.6,10.8,11.9,2.23,1.85,1.58
1428.5,12.1,10.8,11.8,3.1,1.75,1.4
1428.75,11.7,10.7,11.9,3.21,1.84,1.49
1429.0,11.1,7.46,9.55,2.02,1.64,0.894
1429.25,12.1,4.54,9.15,3.14,1.53,0.917
1429.5,11.8,4.55,8.78,2.96,1.59,1.02
1429.75,12.0,4.82,9.63,2.85,1.79,1.3
1430.0,11.6,4.5,9.66,1.98,1.6,1.29
1430.25,12.3,4.41,9.05,2.86,1.34,1.09
1430.5,11.6,4.37,9.22,2.74,1.44,1.18
1430.75,11.8,4.35,9.04,1.72,1.43,0.941
1431.0,11.9,4.63,8.98,2.37,1.69,1.18
1431.25,11.3,4.65,8.81,2.9,1.68,0.833
1431.5,11.6,4.54,9.19,2.52,1.63,1.04
1431.75,11.4,4.48,9.82,1.77,1.72,1.44
1432.0,12.3,4.56,9.56,3.12,1.52,1.25
1432.25,11.9,4.71,9.17,2.64,1.68,1.23
1432.5,12.0,4.48,9.11,2.55,1.55,1.09
1432.75,10.9,4.33,9.38,1.6,1.28,1.18
1433.0,11.7,4.16,10.3,2.85,1.46,1.17
1433.25,11.7,4.69,10.4,2.88,1.86,1.23
1433.5,11.3,4.85,10.5,2.24,1.89,1.34
1433.75,10.9,5.35,8.91,2.51,2.02,1.14
1434.0,11.6,4.74,6.93,3.37,1.56,1.28
1434.25,11.1,4.54,7.24,3.05,1.72,0.907
1434.5,10.8,4.78,7.69,2.42,1.98,1.19
1434.75,11.0,4.82,6.89,3.42,1.76,1.13
1435.0,11.6,4.67,6.61,3.93,1.69,1.27
1435.25,10.9,4.93,6.49,3.24,1.53,1.14
1435.5,11.1,4.36,7.02,2.6,1.5,1.45
1435.75,11.7,4.72,7.01,4.1,1.65,1.44
1436.0,12.2,4.87,7.02,4.43,1.62,1.53
1436.25,11.6,4.72,7.16,3.32,1.76,1.33
1436.5,11.6,4.78,7.35,3.64,1.9,1.66
1436.75,11.5,4.14,6.91,4.03,1.47,1.09
1437.0,11.7,4.73,6.77,3.95,1.84,1.48
1437.25,10.9,4.77,6.98,2.35,1.76,1.41
1437.5,11.4,4.6,6.59,3.64,1.66,1.4
1437.75,11.3,4.28,6.96,3.95,1.39,1.39
1438.0,11.2,4.35,6.49,3.73,1.67,1.17
1438.25,11.2,4.74,6.87,3.17,1.78,1.25
1438.5,11.2,4.65,6.78,3.82,1.82,1.46
1438.75,11.4,4.49,6.9,3.92,1.72,1.51
1439.0,11.2,4.72,6.81,3.42,1.84,1.42
1439.25,11.2,4.21,7.09,3.33,1.6,1.45
1439.5,11.3,4.71,6.75,4.0,1.86,1.55
1439.75,10.8,5.48,6.95,3.53,1.98,1.41
1440.0,10.5,4.73,6.61,2.28,1.95,1.38
1440.25,11.5,4.37,6.97,3.8,1.68,1.38
1440.5,11.2,4.22,6.2,3.77,1.33,1.1
1440.75,11.0,4.75,6.87,3.7,1.89,1.55
1441.0,10.5,4.88,6.85,2.59,2.1,1.69
1441.25,11.6,4.86,6.59,4.39,2.12,1.4
1441.5,11.6,4.62,6.99,3.98,1.95,1.45
1441.75,11.6,4.62,6.44,4.07,1.6,1.05
1442.0,11.1,4.58,6.59,3.19,1.82,1.46
1442.25,11.7,4.72,6.59,4.54,1.96,1.31
1442.5,11.4,4.55,6.75,4.39,1.86,1.63
1442.75,11.3,4.42,6.73,3.97,1.7,1.4
1443.0,11.1,4.31,6.79,3.87,1.52,1.62
1443.25,11.0,4.8,6.48,4.0,2.12,1.36
1443.5,11.7,4.56,6.7,4.64,1.88,1.4
1443.75,10.8,4.88,6.69,3.13,2.16,1.39
1444.0,11.6,4.25,6.61,4.51,1.63,1.48
1444.25,11.5,4.48,6.15,4.27,1.77,1.26
1444.5,11.8,4.69,6.7,5.01,1.93,1.67
1444.75,10.6,4.7,6.87,2.76,1.93,1.63
1445.0,11.2,4.56,6.24,4.07,1.81,1.41
1445.25,10.4,4.47,6.71,3.12,1.64,1.35
1445.5,11.3,4.19,6.67,3.59,1.47,1.14
1445.75,11.0,4.46,6.74,3.72,1.64,1.27
1446.0,11.3,4.62,6.7,4.0,1.77,1.41
1446.25,10.8,4.62,6.32,3.81,1.85,1.36
1446.5,9.8,4.2,6.81,2.3,1.82,1.54
1446.75,10.3,4.43,5.61,3.38,1.98,1.36
1447.0,10.6,4.56,5.61,3.5,1.97,1.1
1447.25,10.1,4.3,5.74,3.22,1.73,1.26
1447.5,10.2,4.65,5.8,2.23,2.03,1.19
1447.75,10.9,5.18,6.06,3.64,1.46,1.24
1448.0,10.6,5.05,5.75,3.27,1.63,1.09
1448.25,10.9,5.79,5.95,2.79,2.26,1.18
1448.5,10.6,5.77,6.16,2.65,2.14,1.27
1448.75,11.8,5.57,5.77,4.38,1.98,1.14
1449.0,11.1,4.44,6.11,3.68,1.91,1.23
1449.25,10.2,4.72,6.53,2.2,2.05,1.48
1449.5,11.2,4.7,5.92,3.45,2.11,1.13
1449.75,10.9,4.41,6.77,3.18,1.9,1.59
1450.0,11.9,4.32,6.1,4.06,1.45,1.13
1450.25,11.2,3.96,6.01,3.12,1.5,1.14
1450.5,12.0,4.83,6.32,4.24,2.21,1.17
1450.75,11.6,4.66,6.48,3.74,2.01,1.35
1451.0,11.9,4.45,6.76,3.81,1.91,1.6
1451.25,10.9,4.82,6.39,2.73,1.97,1.62
1451.5,11.8,4.28,6.15,3.76,1.7,1.18
1451.75,11.6,4.57,6.23,3.58,2.02,1.05
1452.0,10.8,4.81,6.24,1.86,2.24,1.02
1452.25,11.2,4.07,6.41,2.87,1.54,1.31
1452.5,11.9,4.4,6.95,3.78,1.57,1.49
1452.75,11.9,4.44,6.44,3.66,1.84,1.26
1453.0,10.4,4.48,6.97,1.52,1.83,1.54
1453.25,12.2,4.76,6.11,4.0,2.12,1.12
1453.5,12.3,4.09,6.97,3.76,1.7,1.49
1453.75,12.0,4.7,6.92,3.52,1.85,1.21
1454.0,11.1,4.71,6.38,1.92,1.98,1.22
1454.25,11.4,4.56,6.55,2.58,1.84,1.22
1454.5,11.7,4.19,6.83,3.02,1.65,1.42
1454.75,11.7,4.05,6.8,2.72,1.34,1.34
1455.0,11.3,5.12,7.11,2.62,2.12,1.32
1455.25,12.2,4.43,6.89,3.31,1.81,1.12
1455.5,12.7,4.48,6.83,3.55,1.73,1.06
1455.75,11.6,3.99,6.4,2.13,1.41,0.917
1456.0,11.3,4.48,6.51,2.68,1.69,1.2
1456.25,11.8,5.16,7.25,3.26,1.91,1.4
1456.5,11.6,4.63,8.51,3.2,1.73,1.28
1456.75,10.8,4.87,8.98,2.23,2.07,1.45
1457.0,11.5,4.22,7.58,3.04,1.57,0.761
1457.25,11.1,4.01,7.67,3.2,1.35,0.88
1457.5,10.9,4.77,7.36,2.47,1.55,0.952
1457.75,10.8,4.33,7.78,2.82,1.45,1.11
1458.0,10.1,4.56,7.75,2.86,1.76,1.3
1458.25,9.82,4.45,7.61,2.28,1.83,1.08
1458.5,8.96,4.34,6.91,1.26,1.71,1.26
1458.75,9.87,4.74,6.01,2.68,1.69,0.873
1459.0,9.92,4.46,6.75,2.7,1.64,1.38
1459.25,10.5,4.55,6.72,2.83,1.51,1.03
1459.5,9.92,4.6,6.81,1.86,1.59,1.13
1459.75,10.7,4.41,7.01,3.22,1.64,1.43
1460.0,10.6,4.8,6.86,3.0,1.42,1.43
1460.25,10.0,4.74,7.25,2.43,1.57,1.5
1460.5,10.3,4.49,6.83,2.32,1.43,1.16
1460.75,10.5,4.54,6.94,3.01,1.57,1.1
1461.0,10.6,4.78,6.46,3.11,1.73,0.88
1461.25,9.82,4.29,7.0,2.2,1.3,1.28
1461.5,9.78,4.41,6.65,1.79,1.59,1.21
1461.75,10.6,4.72,6.79,3.01,1.7,1.48
1462.0,10.3,4.56,6.69,3.02,1.64,1.38
1462.25,9.93,4.76,6.88,2.3,1.84,1.38
1462.5,10.2,5.11,6.52,2.47,1.72,1.13
1462.75,10.0,4.04,6.62,2.95,1.26,1.05
1463.0,10.0,4.56,6.66,2.98,1.69,1.26
1463.25,9.84,4.7,6.69,2.15,1.84,1.08
1463.5,10.4,4.7,6.85,3.18,1.79,1.47
1463.75,10.7,5.11,7.04,3.63,1.98,1.63
1464.0,10.4,4.33,7.1,3.07,1.57,1.46
1464.25,9.44,4.66,7.22,1.44,1.72,1.46
1464.5,10.6,4.6,6.42,3.37,1.76,0.964
1464.75,10.5,4.55,6.59,3.41,1.74,1.08
1465.0,10.2,4.62,6.83,2.7,1.66,1.39
1465.25,9.7,4.23,6.84,2.21,1.59,1.4
1465.5,9.9,4.25,6.39,3.0,1.46,1.29
1465.75,10.3,4.58,6.51,3.19,1.68,1.34
1466.0,9.87,4.77,7.0,2.65,1.94,1.47
1466.25,10.1,5.22,6.78,2.61,2.06,1.48
1466.5,11.1,4.43,6.75,4.02,1.77,1.37
1466.75,10.0,4.54,6.57,3.16,1.83,1.38
1467.0,9.8,4.46,6.75,2.47,1.74,1.39
1467.25,10.0,5.23,6.45,3.09,2.09,1.37
1467.5,10.7,4.24,6.87,3.79,1.44,1.56
1467.75,10.0,3.99,6.52,3.18,1.41,1.31
1468.0,9.57,4.95,6.89,1.9,2.13,1.5
1468.25,10.3,4.66,7.11,3.31,1.96,1.7
1468.5,10.3,4.58,6.81,3.74,1.89,1.49
1468.75,10.2,4.4,6.79,3.1,1.51,1.41
1469.0,9.28,4.52,6.69,1.73,1.7,1.43
1469.25,10.5,4.75,6.73,3.34,1.94,1.34
1469.5,10.8,4.9,6.3,3.62,2.1,1.14
1469.75,10.3,4.54,7.09,3.09,1.61,1.49
1470.0,9.91,4.48,6.62,1.75,1.62,1.29
1470.25,10.2,4.35,6.9,3.21,1.59,1.54
1470.5,9.63,4.43,6.51,3.0,1.79,1.34
1470.75,9.78,4.51,6.31,2.4,1.83,1.36
1471.0,9.4,4.8,6.66,2.21,1.99,0.824
1471.25,9.78,4.73,6.99,2.58,1.86,1.07
1471.5,10.2,4.99,6.55,2.77,1.95,0.879
1471.75,9.57,4.91,6.79,1.65,1.82,0.981
1472.0,10.5,5.5,6.83,2.79,2.27,1.05
1472.25,10.5,6.92,7.23,2.64,1.8,1.09
1472.5,10.3,6.45,7.26,2.65,1.54,1.09
1472.75,10.4,8.11,7.37,1.92,2.89,1.34
1473.0,11.2,8.84,6.56,3.0,3.53,0.79
1473.25,10.9,8.42,7.06,2.87,3.58,0.718
1473.5,10.5,8.56,7.49,1.99,3.61,1.2
1473.75,10.4,9.57,7.21,1.51,3.37,1.01
1474.0,10.9,10.2,10.7,2.41,3.4,0.982
1474.25,11.1,12.0,11.1,2.38,3.51,1.48
1474.5,11.3,10.2,11.3,2.11,3.24,1.21
1474.75,11.3,7.33,10.8,2.22,3.33,1.41
1475.0,11.5,6.39,11.2,2.67,3.0,1.28
1475.25,10.2,5.73,11.3,2.95,2.76,1.27
1475.5,9.07,6.01,10.3,2.04,2.59,1.6
1475.75,9.53,7.06,10.4,2.64,2.46,1.52
1476.0,10.1,6.62,10.0,2.84,1.92,1.47
1476.25,9.46,5.22,9.33,2.6,1.47,1.17
1476.5,9.27,4.69,9.48,2.1,1.56,1.03
1476.75,9.45,5.12,9.54,2.67,1.61,0.967
1477.0,9.87,5.35,9.52,2.97,2.32,0.943
1477.25,9.41,6.87,9.88,2.08,3.32,0.958
1477.5,10.6,8.53,11.5,3.57,3.48,1.22
1477.75,9.88,7.82,10.9,2.97,2.81,0.877
1478.0,9.59,8.86,11.5,2.56,2.97,0.933
1478.25,9.03,9.02,13.9,1.54,3.54,1.46
1478.5,10.2,9.15,13.2,3.25,3.09,1.16
1478.75,10.7,8.01,12.6,3.08,2.09,1.02
1479.0,9.34,7.83,13.3,1.6,1.9,1.04
1479.25,10.2,7.41,12.8,2.91,1.66,1.06
1479.5,10.8,8.19,13.5,3.51,1.99,1.29
1479.75,9.97,9.65,13.2,2.17,1.76,1.17
1480.0,10.3,10.1,12.7,2.89,1.73,1.0
1480.25,9.63,7.04,12.2,2.3,1.25,0.883
1480.5,9.69,5.11,11.8,2.45,1.13,0.966
1480.75,9.29,5.32,11.8,1.8,1.39,1.07
1481.0,10.2,5.24,11.4,2.84,1.66,1.19
1481.25,10.2,5.28,9.12,3.03,1.5,1.18
1481.5,10.6,5.48,8.46,2.27,1.55,0.964
1481.75,11.5,4.91,8.44,3.04,1.4,0.96
1482.0,12.2,5.21,9.13,3.92,1.81,1.13
1482.25,11.1,5.37,8.7,2.64,1.96,1.16
1482.5,11.1,5.12,8.46,2.79,1.98,0.983
1482.75,11.1,4.43,8.58,3.0,1.57,1.62
1483.0,11.1,4.85,8.02,3.29,1.36,1.32
1483.25,10.7,4.85,7.76,1.86,1.58,1.41
1483.5,11.5,5.05,7.95,3.24,1.86,1.2
1483.75,11.6,4.66,7.87,3.47,1.42,1.36
1484.0,11.4,4.7,7.69,3.0,1.7,1.19
1484.25,11.2,5.06,7.71,2.36,1.62,1.19
1484.5,11.4,4.94,8.02,3.24,1.6,1.31
1484.75,11.2,5.01,7.56,3.12,1.86,1.21
1485.0,11.1,5.14,7.54,2.58,2.01,1.36
1485.25,10.8,4.71,7.81,2.32,1.55,1.08
1485.5,11.1,4.64,7.71,2.9,1.5,1.23
1485.75,11.4,4.49,7.07,3.23,1.52,0.869
1486.0,11.2,4.68,7.84,2.36,1.5,1.42
1486.25,11.4,4.82,7.49,3.27,1.75,1.28
1486.5,10.9,4.6,7.18,2.84,1.62,1.41
1486.75,11.0,4.97,7.91,2.81,1.89,1.52
1487.0,10.6,4.83,7.53,2.38,1.81,1.28
1487.25,11.0,4.79,7.59,3.12,1.88,1.31
1487.5,10.9,4.97,7.55,3.03,2.01,1.43
1487.75,10.2,4.7,7.16,1.79,1.78,1.25
1488.0,11.0,4.41,7.53,2.51,1.64,1.47
1488.25,10.7,4.55,7.43,2.85,1.55,1.34
1488.5,11.6,5.13,7.59,3.43,2.13,1.61
1488.75,10.4,4.82,7.38,1.92,1.97,1.39
1489.0,11.0,5.22,7.16,3.28,1.66,1.38
1489.25,10.7,4.24,7.27,2.92,1.41,1.4
1489.5,11.0,5.07,7.04,2.9,1.86,1.33
1489.75,10.5,5.03,6.94,2.51,2.04,1.11
1490.0,11.1,5.15,7.08,3.56,2.13,1.37
1490.25,11.0,4.86,7.38,3.29,1.84,1.28
1490.5,10.3,4.34,7.22,2.11,1.41,1.43
1490.75,10.4,4.53,7.02,3.0,1.44,1.3
1491.0,10.6,5.01,6.85,3.19,1.59,1.05
1491.25,11.2,4.68,6.73,3.46,1.56,1.11
1491.5,9.65,5.21,7.24,1.75,2.11,1.26
1491.75,11.0,4.51,6.67,3.3,1.67,1.09
1492.0,10.6,4.39,7.55,2.87,1.5,1.42
1492.25,10.3,5.18,6.97,2.69,1.71,1.26
1492.5,10.4,4.84,7.07,2.81,1.86,1.54
1492.75,10.7,4.96,6.83,3.48,1.99,1.21
1493.0,10.9,4.69,7.36,3.81,1.74,1.47
1493.25,10.3,5.11,6.6,2.57,2.23,1.07
1493.5,10.4,4.95,7.14,3.27,1.72,1.37
1493.75,10.2,4.56,6.52,3.1,1.57,1.24
1494.0,10.2,4.64,7.35,2.76,1.83,1.6
1494.25,9.83,3.95,6.83,2.83,1.4,1.37
1494.5,10.1,4.7,6.8,3.19,2.02,1.33
1494.75,10.0,5.57,6.34,3.16,2.16,1.26
1495.0,9.35,4.79,6.72,1.8,2.03,1.06
1495.25,10.5,4.45,6.83,3.31,1.58,1.06
1495.5,10.8,4.66,7.85,3.01,1.87,1.06
1495.75,13.0,4.85,8.38,2.74,2.03,0.782
1496.0,15.0,5.53,7.93,1.72,2.03,0.758
1496.25,15.8,7.15,8.59,3.21,2.23,0.935
1496.5,15.8,6.4,8.14,3.09,1.73,0.732
1496.75,15.7,7.43,9.05,2.26,1.81,0.659
1497.0,15.7,7.58,10.9,2.13,1.96,1.0
1497.25,16.8,7.77,11.1,3.04,1.93,0.621
1497.5,16.5,9.12,13.1,2.95,1.67,1.16
1497.75,16.4,9.1,12.4,1.9,1.67,1.27
1498.0,16.1,9.35,12.3,2.65,1.5,1.27
1498.25,16.3,10.0,12.2,3.07,1.89,1.12
1498.5,16.4,10.6,12.0,2.9,2.3,1.13
1498.75,15.4,10.1,12.1,1.75,1.87,1.08
1499.0,16.3,9.31,12.3,2.9,1.8,1.03
1499.25,15.3,7.68,12.2,3.09,1.61,1.09
1499.5,14.2,7.38,12.1,2.07,1.51,1.21
1499.75,13.5,7.78,12.2,2.23,1.8,1.29
1500.0,12.6,7.34,12.1,2.26,2.04,1.18
1500.25,12.8,7.3,12.7,2.61,1.94,1.85
1500.5,12.1,6.72,12.3,1.32,1.83,1.4
1500.75,12.6,6.2,12.3,2.29,1.34,1.32
1501.0,12.3,6.16,12.2,2.03,1.56,1.31
1501.25,12.6,6.95,12.3,2.14,1.72,1.33
1501.5,12.1,9.45,12.0,0.944,1.88,1.3
1501.75,13.0,9.04,12.8,2.54,1.79,1.45
1502.0,12.8,8.5,12.9,2.31,1.32,1.23
1502.25,12.8,8.96,12.6,1.93,1.71,1.21
1502.5,12.5,9.14,13.1,1.32,1.75,1.35
1502.75,12.4,8.28,11.0,1.94,1.97,1.18
1503.0,12.8,7.97,10.8,2.34,1.91,1.19
1503.25,13.0,6.85,11.0,2.31,1.73,1.31
1503.5,12.6,4.71,11.1,1.69,1.44,1.14
1503.75,12.8,5.07,10.6,2.53,1.52,1.1
1504.0,13.1,4.79,11.0,2.75,1.22,1.12
1504.25,12.5,5.41,10.4,1.79,1.59,0.917
1504.5,12.9,5.15,10.9,2.31,1.49,1.19
1504.75,12.6,4.48,10.8,2.37,1.16,1.13
1505.0,13.0,4.86,11.0,2.76,1.48,1.19
1505.25,11.5,5.15,11.2,0.836,1.54,1.13
1505.5,12.2,5.02,10.8,1.94,1.51,0.832
1505.75,12.9,5.22,10.9,2.65,1.67,1.2
1506.0,11.6,5.26,11.2,2.4,1.83,1.15
1506.25,11.3,4.74,10.5,1.39,1.46,0.987
1506.5,10.9,5.41,10.8,1.76,1.82,1.28
1506.75,10.4,4.91,10.3,1.76,1.65,1.11
1507.0,10.4,5.0,9.22,1.75,1.71,1.52
1507.25,11.0,4.82,8.82,2.04,1.47,1.41
1507.5,11.5,4.47,8.44,2.49,1.31,1.31
1507.75,11.6,4.54,8.31,2.75,1.41,1.22
1508.0,10.9,5.3,9.02,1.76,1.99,1.48
1508.25,11.2,5.17,8.74,2.31,1.59,1.27
1508.5,11.5,4.88,8.29,2.74,1.67,1.43
1508.75,11.1,4.93,8.8,2.5,1.85,1.47
1509.0,11.0,4.5,8.89,1.77,1.39,1.44
1509.25,11.4,4.45,8.35,2.66,1.49,1.51
1509.5,11.1,5.03,8.32,2.15,1.83,1.11
1509.75,10.6,5.15,8.34,2.0,1.66,1.2
1510.0,10.5,4.79,8.35,1.52,1.66,1.36
1510.25,11.4,4.45,7.96,2.92,1.38,1.25
1510.5,11.0,4.22,7.66,2.44,1.39,1.43
1510.75,10.6,4.37,7.04,2.06,1.45,1.35
1511.0,10.6,4.97,7.15,2.21,1.71,1.41
1511.25,11.3,4.7,7.07,2.93,1.76,1.36
1511.5,11.2,4.94,7.05,3.22,2.02,1.37
1511.75,10.7,4.47,6.51,2.26,1.82,0.967
1512.0,10.8,4.38,7.2,2.57,1.48,1.54
1512.25,10.4,4.76,6.6,2.4,1.98,1.26
1512.5,11.1,4.86,7.02,3.21,1.88,1.65
1512.75,10.5,4.61,7.18,1.85,1.72,1.39
1513.0,11.2,4.25,6.86,3.19,1.59,1.41
1513.25,11.1,4.37,7.66,3.3,1.64,1.51
1513.5,10.9,4.95,6.94,3.09,1.99,1.21
1513.75,10.5,5.25,6.86,2.21,2.1,1.33
1514.0,10.8,4.7,7.37,3.06,1.97,1.69
1514.25,10.8,4.38,7.55,3.32,1.72,1.77
1514.5,10.5,4.9,6.75,2.48,2.17,1.32
1514.75,10.4,4.77,7.36,2.34,2.09,1.59
1515.0,10.7,4.85,6.36,2.91,1.99,1.2
1515.25,10.5,4.54,6.58,2.6,1.59,1.21
1515.5,10.5,4.41,7.06,2.14,1.7,1.62
1515.75,10.7,4.79,7.16,2.86,1.94,1.59
1516.0,10.6,4.66,7.21,2.53,1.98,1.61
1516.25,10.8,4.57,7.17,2.89,1.94,1.54
1516.5,10.4,4.76,7.06,1.89,1.69,1.62
1516.75,11.2,4.55,6.92,2.75,1.9,1.34
1517.0,10.6,4.65,6.99,2.53,1.95,1.58
1517.25,10.1,5.03,7.01,1.87,2.27,1.6
1517.5,10.9,4.31,6.64,2.75,1.76,1.46
1517.75,10.7,4.2,7.01,2.7,1.6,1.72
1518.0,10.5,4.92,6.98,2.88,1.95,1.6
1518.25,9.5,4.42,7.05,1.18,1.98,1.69
1518.5,10.2,4.35,6.43,2.23,1.89,1.05
1518.75,10.5,4.06,6.65,2.65,1.59,1.15
1519.0,9.72,4.54,6.68,1.64,1.94,0.989
1519.25,9.9,5.31,7.52,1.4,1.98,1.33
1519.5,10.4,5.17,7.49,2.28,1.87,1.24
1519.75,11.1,5.93,7.83,2.45,1.94,1.15
1520.0,10.9,5.65,7.72,1.4,2.05,0.758
1520.25,11.1,6.02,7.78,1.79,1.82,0.767
1520.5,9.94,8.42,8.17,1.86,1.69,0.976
1520.75,9.42,9.54,8.23,2.29,1.52,0.574
1521.0,12.1,9.73,7.85,1.21,1.42,0.913
1521.25,14.4,9.99,8.53,2.55,1.72,1.18
1521.5,12.2,9.71,8.4,2.62,1.48,1.1
1521.75,12.0,8.89,9.95,2.11,1.61,1.23
1522.0,11.5,10.1,9.41,1.37,2.04,1.12
1522.25,12.3,9.98,9.39,2.48,1.92,0.857
1522.5,12.4,10.1,10.0,2.34,1.94,0.757
1522.75,11.6,9.72,11.4,1.36,1.59,1.03
1523.0,11.8,7.53,11.1,1.21,1.28,1.0
1523.25,12.2,8.0,10.8,1.94,1.4,1.12
1523.5,12.1,7.48,11.0,1.92,1.28,1.12
1523.75,12.4,9.21,11.4,1.47,1.76,1.26
1524.0,12.8,7.87,11.8,1.47,1.62,1.21
1524.25,12.7,7.39,11.2,2.06,1.51,1.07
1524.5,12.6,6.43,10.7,2.09,1.32,1.0
1524.75,12.2,6.88,10.9,0.799,1.33,1.1
1525.0,13.1,6.64,11.5,1.8,1.56,1.37
1525.25,13.6,7.08,11.2,2.28,2.07,1.15
1525.5,14.8,11.1,13.1,1.99,1.55,1.35
1525.75,14.8,14.5,16.3,1.2,1.83,1.64
1526.0,15.3,14.4,18.0,1.87,1.49,1.77
1526.25,17.1,14.3,18.1,3.06,1.91,1.72
1526.5,18.1,14.5,18.3,3.63,1.86,1.56
1526.75,16.7,13.7,18.3,1.89,1.28,1.66
1527.0,16.5,14.3,21.3,2.37,1.21,1.92
1527.25,16.1,14.8,21.9,2.52,1.58,1.97
1527.5,15.5,15.6,22.4,2.94,2.7,2.24
1527.75,15.5,13.6,22.5,3.57,1.77,2.12
1528.0,15.3,11.8,20.8,2.39,1.6,2.04
1528.25,14.4,12.3,19.7,2.18,2.87,1.82
1528.5,15.0,11.3,20.9,3.09,2.53,2.0
1528.75,15.2,10.8,18.5,3.54,1.93,1.47
1529.0,12.4,10.3,17.6,1.89,1.65,0.989
1529.25,11.9,10.0,17.9,1.53,1.56,1.15
1529.5,12.4,8.89,15.4,2.23,1.34,0.856
1529.75,12.0,7.34,14.6,2.35,1.32,1.27
1530.0,12.2,8.02,14.4,2.5,1.74,1.19
1530.25,12.0,7.64,13.5,2.62,1.75,1.38
1530.5,11.6,7.61,13.1,1.7,1.67,1.27
1530.75,11.9,7.41,12.3,2.77,1.54,0.908
1531.0,12.0,8.03,9.77,2.93,1.84,1.23
1531.25,12.4,6.14,8.66,2.96,1.37,1.38
1531.5,12.1,5.55,8.14,2.6,1.46,1.3
1531.75,12.6,5.27,8.07,3.33,1.59,1.25
1532.0,12.2,5.09,8.19,3.38,1.57,1.57
1532.25,10.8,4.92,8.31,2.37,1.32,1.52
1532.5,9.92,5.17,7.8,2.09,1.65,1.32
1532.75,10.6,5.47,7.76,3.05,1.76,1.29
1533.0,10.1,5.05,8.06,2.56,1.58,1.23
1533.25,9.58,4.79,8.26,2.07,1.4,1.39
1533.5,9.74,4.76,7.63,2.08,1.42,1.31
1533.75,10.9,5.24,7.33,3.41,1.76,1.31
1534.0,10.4,5.27,7.84,3.11,1.82,1.44
1534.25,9.86,5.66,7.9,2.08,1.91,1.44
1534.5,10.2,4.92,7.7,2.92,1.58,1.25
1534.75,10.5,4.83,7.66,3.43,1.57,1.17
1535.0,11.0,5.13,7.44,3.71,1.63,1.32
1535.25,9.58,5.08,7.76,2.02,1.67,1.57
1535.5,9.97,5.64,7.85,2.96,1.86,1.83
1535.75,10.1,5.07,7.73,2.72,1.75,1.42
1536.0,9.76,5.05,7.79,2.4,1.75,1.54
1536.25,10.5,5.29,7.55,2.45,1.78,1.35
1536.5,9.86,5.31,7.53,2.76,1.75,1.16
1536.75,9.83,5.24,7.67,2.62,1.7,1.38
1537.0,9.43,4.99,7.74,1.56,1.26,1.48
1537.25,9.54,4.8,7.68,2.04,1.45,1.36
1537.5,9.94,5.09,7.66,2.89,1.59,1.45
1537.75,10.0,5.19,7.81,2.92,1.74,1.45
1538.0,9.29,5.16,7.15,1.67,1.6,1.17
1538.25,9.17,4.79,7.92,2.16,1.4,1.57
1538.5,10.2,5.09,7.87,3.37,1.56,1.54
1538.75,10.6,5.04,7.25,3.24,1.57,1.16
1539.0,9.82,5.17,7.89,2.01,1.83,1.69
1539.25,9.94,5.32,7.74,2.93,1.98,1.64
1539.5,10.1,5.15,7.55,2.82,1.85,1.52
1539.75,10.4,5.01,7.18,3.07,1.36,1.33
1540.0,9.03,5.09,7.58,1.19,1.69,1.31
1540.25,9.91,5.2,7.42,2.82,1.82,1.31
1540.5,10.2,5.14,7.77,3.22,1.86,1.7
1540.75,9.65,4.61,7.71,2.25,1.44,1.81
1541.0,10.1,4.77,7.55,2.4,1.37,1.58
1541.25,10.4,5.38,7.2,3.11,1.68,1.35
1541.5,9.82,5.38,7.5,2.83,2.06,1.44
1541.75,9.79,4.93,7.05,2.43,1.63,1.21
1542.0,10.1,4.78,7.81,3.13,1.58,1.53
1542.25,9.58,4.99,7.01,2.74,1.81,1.32
1542.5,9.05,5.17,7.59,2.1,1.72,1.43
1542.75,8.65,4.67,6.81,1.24,1.57,1.34
1543.0,11.7,7.5,9.18,2.18,1.62,1.22
1543.25,11.2,9.09,9.77,1.96,1.79,1.12
1543.5,13.5,9.88,11.4,1.7,1.64,1.33
1543.75,17.3,13.4,12.6,1.89,1.94,1.24
1544.0,19.5,16.3,16.5,2.58,2.0,0.999
1544.25,22.1,17.4,19.2,2.86,2.05,1.16
1544.5,25.6,19.9,22.6,2.88,2.21,1.85
1544.75,28.8,20.9,24.7,3.23,2.06,2.34
1545.0,29.9,24.5,28.0,2.75,2.58,2.58
1545.25,32.6,31.3,31.2,2.8,2.98,2.15
1545.5,34.4,32.3,34.8,3.31,2.66,2.39
1545.75,35.6,31.4,34.8,4.15,2.82,2.47
1546.0,35.1,31.6,32.7,2.84,3.73,2.4
1546.25,36.4,33.4,33.3,2.41,4.61,2.62
1546.5,36.1,36.0,33.5,3.27,5.01,2.6
1546.75,36.5,35.0,36.2,3.25,3.66,2.46
1547.0,36.7,35.1,36.1,2.94,4.37,2.31
1547.25,33.7,35.3,35.5,2.0,4.62,2.32
1547.5,34.5,33.4,34.0,3.07,4.35,2.52
1547.75,32.5,30.8,31.2,2.85,3.84,2.29
1548.0,32.2,29.5,26.5,2.76,3.56,2.03
1548.25,31.0,27.3,23.1,1.33,3.13,1.59
1548.5,32.3,25.5,22.2,2.87,1.95,1.76
1548.75,31.3,24.6,22.3,3.51,1.99,2.3
1549.0,28.5,23.5,21.2,2.83,2.61,1.91
1549.25,28.0,23.9,27.1,1.67,3.41,2.59
1549.5,28.7,25.8,29.7,3.62,3.43,3.01
1549.75,25.8,27.4,29.1,3.43,3.05,2.99
1550.0,24.9,25.9,28.8,3.39,2.53,2.8
1550.25,27.9,27.2,30.8,3.26,2.37,3.36
1550.5,29.7,28.2,30.3,4.2,2.9,3.03
1550.75,28.2,27.0,27.7,4.27,2.64,2.68
1551.0,27.7,30.5,27.7,4.35,2.83,2.77
1551.25,27.5,34.2,29.6,3.92,3.88,2.64
1551.5,27.2,33.5,29.9,4.77,4.34,3.26
1551.75,25.4,32.7,25.2,4.71,4.27,1.95
1552.0,23.9,28.9,25.1,3.88,3.95,1.75
1552.25,23.5,30.9,22.8,3.12,3.95,2.17
1552.5,23.4,27.8,21.1,3.48,3.71,1.66
1552.75,22.6,25.4,20.0,3.29,3.12,1.61
1553.0,20.9,18.6,17.3,3.37,2.09,1.66
1553.25,14.0,14.9,16.0,1.9,1.99,1.18
1553.5,13.5,10.3,15.4,2.46,1.54,1.3
1553.75,13.0,11.1,15.0,2.83,1.98,1.15
1554.0,12.4,9.89,14.8,2.11,1.49,1.44
1554.25,12.1,9.05,14.3,1.96,1.58,1.72
1554.5,12.2,7.03,14.4,2.41,1.87,1.92
1554.75,12.3,6.78,13.5,2.55,1.76,1.27
1555.0,11.2,6.59,10.7,1.95,1.79,1.74
1555.25,10.2,5.92,10.4,1.38,1.84,1.69
1555.5,10.8,5.38,8.69,2.37,1.07,1.38
1555.75,11.0,5.97,9.34,2.81,1.23,1.85
1556.0,11.2,5.38,7.63,2.87,1.52,1.55
1556.25,10.6,5.95,8.64,2.46,1.94,1.52
1556.5,10.6,5.58,8.84,2.35,1.84,1.64
1556.75,10.8,5.12,8.34,2.57,1.64,1.5
1557.0,10.7,5.51,7.88,2.59,1.7,1.27
1557.25,10.5,5.48,8.6,2.25,1.86,1.51
1557.5,10.3,5.24,8.85,2.41,1.58,1.62
1557.75,10.6,5.4,8.38,2.65,1.83,1.52
1558.0,10.7,5.45,8.22,2.89,1.77,1.49
1558.25,10.5,5.41,8.74,2.49,1.93,1.73
1558.5,10.3,5.37,8.75,2.56,1.88,1.6
1558.75,10.7,5.4,8.46,3.04,1.87,1.72
1559.0,10.5,5.85,8.04,3.07,2.08,1.44
1559.25,10.2,4.73,8.6,2.47,1.41,1.82
1559.5,11.2,5.37,8.45,3.15,1.92,1.55
1559.75,10.5,5.65,8.12,3.0,2.21,1.77
1560.0,10.9,6.15,8.12,3.25,2.39,1.51
1560.25,9.76,5.65,7.83,2.04,2.16,1.7
1560.5,10.2,5.06,8.58,2.48,1.78,1.58
1560.75,10.7,5.32,8.23,3.21,1.8,1.67
1561.0,10.4,6.12,8.03,2.96,2.25,1.74
1561.25,10.0,5.75,8.88,2.43,2.18,1.86
1561.5,10.0,5.49,8.43,2.55,1.97,1.73
1561.75,10.5,5.19,8.27,2.75,1.9,1.67
1562.0,10.6,5.34,7.97,3.29,1.91,1.49
1562.25,10.2,5.69,8.34,2.38,1.87,1.71
1562.5,10.7,5.25,8.19,3.11,1.92,1.88
1562.75,10.3,5.09,8.19,2.83,1.7,1.58
1563.0,10.0,5.19,7.49,2.34,1.85,1.43
1563.25,9.56,5.85,7.88,1.46,1.86,1.46
1563.5,9.87,5.27,8.34,2.49,1.61,1.45
1563.75,9.92,5.5,7.5,2.56,1.89,1.17
1564.0,9.8,5.13,8.21,2.32,1.56,1.65
1564.25,10.0,4.81,7.95,2.29,1.33,1.61
1564.5,9.9,4.98,7.86,2.67,1.68,1.49
1564.75,10.0,5.45,7.95,2.66,1.88,1.75
1565.0,10.1,5.13,7.73,2.68,1.59,1.5
1565.25,9.29,5.87,8.21,1.72,1.82,1.61
1565.5,10.4,5.35,7.9,3.06,1.84,1.51
1565.75,10.1,5.05,7.83,2.64,1.8,1.48
1566.0,9.86,5.28,7.3,2.15,1.91,1.45
1566.25,9.23,5.49,8.27,1.76,1.73,1.5
1566.5,9.62,4.95,7.54,2.36,1.76,1.76
1566.75,9.71,5.21,7.23,2.55,1.94,1.48
1567.0,11.4,6.95,12.5,1.36,1.18,1.77
1567.25,13.5,9.28,14.9,1.78,1.44,1.66
1567.5,20.3,10.8,16.4,2.87,1.61,1.4
1567.75,21.2,11.7,16.6,2.49,1.56,1.36
1568.0,23.4,16.4,19.3,2.47,2.06,1.86
1568.25,26.9,17.9,20.2,2.56,3.0,1.97
1568.5,27.9,18.3,20.9,1.22,2.47,2.11
1568.75,29.7,17.1,23.6,1.93,1.42,1.56
1569.0,31.9,19.4,25.0,2.01,1.76,1.53
1569.25,33.5,19.5,27.5,2.06,2.24,2.03
1569.5,36.7,20.7,28.4,1.23,2.44,1.8
1569.75,36.5,22.1,29.3,2.16,2.15,1.75
1570.0,37.3,25.1,32.5,2.73,1.92,1.59
1570.25,38.1,24.0,31.9,2.79,1.68,1.51
1570.5,37.2,23.5,30.2,1.74,1.5,1.24
1570.75,40.0,23.7,29.6,2.61,1.68,1.25
1571.0,39.0,23.0,27.3,2.45,1.62,0.787
1571.25,37.8,22.0,26.1,2.9,2.06,0.423
1571.5,38.4,21.3,25.9,2.65,2.25,0.633
1571.75,38.1,23.3,26.9,3.33,2.35,0.731
1572.0,36.1,21.2,23.3,3.38,2.14,1.08
1572.25,35.1,20.8,23.2,3.29,2.59,1.35
1572.5,33.1,18.3,19.5,2.87,2.27,1.05
1572.75,33.1,17.0,20.2,3.11,2.03,1.17
1573.0,28.0,18.9,18.0,3.37,1.7,1.29
1573.25,26.7,23.2,18.0,3.86,2.29,1.68
1573.5,25.5,23.2,18.5,3.41,2.28,1.43
1573.75,24.1,21.2,20.9,3.68,2.01,1.46
1574.0,25.4,22.2,22.5,3.68,2.31,1.55
1574.25,26.6,22.7,22.0,3.78,2.65,1.43
1574.5,26.7,20.9,21.6,4.17,2.32,1.35
1574.75,26.9,22.9,21.3,4.36,2.16,1.32
1575.0,27.1,22.9,20.2,4.83,2.57,1.65
1575.25,26.9,22.6,22.0,4.81,2.63,1.9
1575.5,25.1,17.7,20.1,4.44,2.42,1.79
1575.75,22.8,17.9,20.5,3.58,2.4,1.96
1576.0,22.4,18.1,19.1,3.65,2.35,2.17
1576.25,22.2,15.3,20.0,4.02,2.28,1.84
1576.5,23.5,12.6,17.6,4.21,2.33,1.67
1576.75,25.6,12.8,18.5,4.16,2.47,1.91
1577.0,21.9,12.0,17.7,3.42,2.44,1.97
1577.25,18.9,11.7,15.5,3.1,2.42,1.75
1577.5,12.9,11.3,14.6,2.92,2.33,2.08
1577.75,11.6,10.6,11.2,2.68,2.28,1.43
1578.0,10.0,10.6,10.6,2.09,2.63,1.32
1578.25,9.27,10.4,9.57,2.8,2.5,1.43
1578.5,10.3,8.08,8.46,3.13,1.99,1.14
1578.75,10.4,7.28,8.47,2.28,1.73,1.35
1579.0,10.2,6.14,8.55,1.83,1.87,1.6
1579.25,10.7,7.24,8.19,2.35,1.81,1.67
1579.5,10.8,6.09,7.99,2.64,1.67,1.1
1579.75,11.1,6.07,9.0,3.11,1.78,1.45
1580.0,10.4,5.83,8.47,2.08,1.73,1.23
1580.25,11.0,5.86,8.29,2.79,1.56,1.36
1580.5,10.6,6.23,7.87,3.04,2.0,1.6
1580.75,10.5,5.47,7.87,2.86,1.95,1.6
1581.0,10.2,5.6,7.93,2.0,2.14,1.42
1581.25,10.3,5.13,7.64,2.56,1.92,1.27
1581.5,10.3,4.86,7.71,2.97,1.63,1.34
1581.75,10.6,5.01,7.36,3.03,1.77,1.1
1582.0,10.1,5.2,7.48,2.4,2.12,1.38
1582.25,10.2,5.01,7.48,3.16,1.78,1.23
1582.5,10.2,5.46,8.22,2.85,1.98,1.65
1582.75,10.2,5.08,7.56,3.07,2.01,1.44
1583.0,10.3,4.76,7.26,3.17,1.71,1.39
1583.25,10.2,5.13,7.36,3.34,2.1,1.43
1583.5,9.95,5.03,7.42,3.03,2.09,1.41
1583.75,9.3,5.04,7.16,2.05,1.95,1.04
1584.0,10.1,5.16,7.49,3.0,1.89,1.33
1584.25,10.4,4.5,7.4,3.31,1.66,1.54
1584.5,10.2,5.23,7.5,3.38,2.01,1.56
1584.75,9.62,5.18,7.47,2.22,2.27,1.51
1585.0,9.92,5.04,7.47,3.08,2.13,1.5
1585.25,10.2,5.43,7.0,3.29,2.0,1.12
1585.5,10.3,4.82,7.39,3.36,2.05,1.28
1585.75,10.1,4.89,7.65,2.72,2.0,1.67
1586.0,9.88,4.92,7.28,3.06,1.76,1.57
1586.25,9.66,5.31,7.55,2.81,1.92,1.5
1586.5,9.58,5.47,7.36,2.01,1.9,1.36
1586.75,10.3,5.13,7.69,2.89,2.11,1.55
1587.0,10.0,5.21,7.31,3.07,1.93,1.35
1587.25,10.2,5.18,7.57,3.13,1.94,1.32
1587.5,9.39,5.42,7.33,1.57,1.92,1.68
1587.75,10.0,4.85,7.54,3.02,1.78,1.46
1588.0,10.3,4.84,7.39,3.01,1.87,1.64
1588.25,10.5,5.17,7.49,3.5,2.06,1.62
1588.5,9.43,5.21,7.37,1.96,2.19,1.49
1588.75,10.6,5.23,7.15,3.41,1.98,1.35
1589.0,10.4,4.2,7.5,3.16,1.14,1.37
1589.25,9.63,4.55,6.94,2.27,1.61,1.14
1589.5,9.76,5.12,7.6,2.71,1.99,1.61
1589.75,10.2,5.33,7.54,3.2,2.41,1.72
1590.0,10.2,5.46,7.41,3.15,2.35,1.65
1590.25,9.27,4.63,6.88,1.95,1.93,1.39
1590.5,8.54,4.61,7.23,2.62,1.86,1.65
1590.75,9.0,5.14,6.42,2.78,2.24,1.02
1591.0,8.92,5.08,6.65,2.44,2.08,1.09
1591.25,9.17,5.62,8.43,2.38,2.2,1.3
1591.5,9.39,4.64,9.21,2.73,1.68,1.57
1591.75,9.58,6.5,10.3,2.7,1.83,1.47
1592.0,9.03,9.06,10.7,1.45,2.36,1.39
1592.25,9.8,9.13,9.3,2.41,2.55,1.21
1592.5,9.81,9.03,8.78,2.97,2.6,1.23
1592.75,9.22,8.35,8.51,1.85,2.09,1.11
1593.0,9.31,9.2,9.38,1.98,2.51,1.72
1593.25,9.41,9.5,11.8,2.29,2.42,1.37
1593.5,9.91,10.1,13.7,2.78,2.38,1.79
1593.75,9.71,10.0,13.0,1.99,2.59,1.48
1594.0,9.88,9.33,13.3,2.8,2.03,1.44
1594.25,10.1,9.25,13.5,2.79,2.04,1.46
1594.5,9.63,9.5,13.7,2.2,2.26,1.47
1594.75,9.1,9.9,13.5,1.63,2.49,1.48
1595.0,10.0,9.28,13.4,2.75,2.15,1.56
1595.25,9.85,9.24,13.9,2.75,2.05,1.75
1595.5,9.21,9.59,12.9,1.3,2.2,1.72
1595.75,9.92,10.4,11.8,2.67,2.5,1.59
1596.0,10.1,9.86,10.7,2.99,2.62,1.5
1596.25,9.79,8.43,10.6,2.28,1.96,1.41
1596.5,9.13,7.38,10.6,1.35,2.08,1.35
1596.75,9.74,7.42,10.7,2.28,2.05,1.49
1597.0,9.72,7.09,10.9,2.33,1.62,1.56
1597.25,9.41,7.4,11.1,1.42,2.06,1.55
1597.5,9.49,7.41,10.9,1.96,1.94,1.58
1597.75,9.97,7.44,10.7,2.54,1.89,1.34
1598.0,9.8,7.31,10.6,2.56,1.83,1.39
1598.25,10.2,7.02,10.9,1.77,1.63,1.55
1598.5,10.3,7.11,10.5,2.7,1.61,1.31
1598.75,10.5,7.46,11.2,2.68,1.75,1.45
1599.0,10.3,7.31,11.0,2.33,1.89,1.47
1599.25,10.3,7.77,10.8,2.35,2.27,1.53
1599.5,10.7,8.0,10.7,2.97,2.55,1.5
1599.75,9.95,7.32,10.9,2.61,1.94,1.61
1600.0,10.0,7.11,10.6,1.91,1.7,1.33
1600.25,10.2,6.88,10.4,2.56,1.55,1.36
1600.5,10.5,7.76,10.5,2.86,2.16,1.5
1600.75,10.2,7.69,10.7,2.52,2.26,1.37
1601.0,9.87,7.6,10.7,1.48,1.96,1.42
1601.25,10.2,7.29,11.1,2.63,1.6,1.66
1601.5,10.0,7.05,10.9,2.41,1.76,1.28
1601.75,10.2,7.22,10.7,2.24,1.66,1.22
1602.0,9.85,6.07,10.5,2.25,1.72,1.58
1602.25,10.3,5.9,9.46,2.73,2.18,1.41
1602.5,10.7,7.56,7.84,2.9,2.09,1.15
1602.75,9.61,4.63,7.93,1.18,1.65,1.42
1603.0,10.8,4.96,7.94,3.07,1.79,1.33
1603.25,10.7,4.81,7.29,2.72,1.86,1.15
1603.5,10.9,4.83,7.73,2.81,1.8,1.35
1603.75,9.97,5.5,8.29,1.42,2.14,1.92
1604.0,10.5,4.79,7.69,2.51,1.96,1.34
1604.25,10.4,4.91,7.89,2.5,2.09,1.52
1604.5,10.3,5.01,8.12,2.2,2.15,1.7
1604.75,10.5,4.62,7.53,2.36,1.86,1.39
1605.0,10.6,4.84,7.38,2.74,1.83,1.24
1605.25,11.1,4.65,7.49,2.91,2.0,1.37
1605.5,10.4,4.26,7.67,1.75,1.83,1.39
1605.75,10.7,5.03,7.55,3.01,2.35,1.31
1606.0,10.7,4.79,7.83,2.87,2.16,1.64
1606.25,11.1,4.86,7.68,3.1,2.05,1.65
1606.5,11.0,4.63,7.15,3.03,2.07,1.35
1606.75,10.9,4.57,7.77,3.3,2.14,1.65
1607.0,10.4,4.75,7.32,3.17,2.43,1.19
1607.25,10.2,5.12,7.18,2.01,2.53,1.42
1607.5,10.7,4.73,7.44,3.31,2.28,1.36
1607.75,10.8,4.57,7.7,3.62,1.95,1.66
1608.0,10.8,4.4,7.16,3.34,2.06,1.6
1608.25,9.93,4.87,7.26,2.44,2.39,1.54
1608.5,10.8,4.8,7.72,3.39,2.6,1.76
1608.75,10.8,4.74,7.06,3.74,2.39,1.28
1609.0,10.2,4.31,7.3,2.69,1.82,1.39
1609.25,10.6,4.69,7.17,3.14,2.16,1.21
1609.5,10.6,4.51,7.49,3.36,2.31,1.65
1609.75,10.2,4.69,7.55,2.94,2.51,1.61
1610.0,10.2,4.78,7.46,2.5,2.39,1.63
1610.25,10.7,4.44,7.28,3.61,1.9,1.48
1610.5,10.2,4.48,7.3,3.2,2.07,1.49
1610.75,10.2,4.63,7.25,2.49,2.09,1.34
1611.0,10.0,4.34,7.45,2.64,2.04,1.32
1611.25,10.5,4.32,7.03,3.25,2.17,1.37
1611.5,10.6,4.47,7.18,3.38,1.95,1.57
1611.75,9.32,4.67,7.78,1.62,2.04,1.86
1612.0,9.9,4.83,7.39,2.81,2.3,1.73
1612.25,10.4,4.72,7.45,3.61,2.38,1.6
1612.5,10.2,4.23,6.98,2.79,2.16,1.26
1612.75,9.78,4.61,7.33,2.67,2.18,1.24
1613.0,9.89,4.4,7.59,2.75,1.99,1.66
1613.25,10.1,4.56,7.06,3.13,2.26,1.4
1613.5,9.7,4.09,7.55,2.19,2.07,1.67
1613.75,10.7,3.89,6.96,3.71,1.86,1.6
1614.0,10.1,4.79,7.18,3.53,2.23,1.65
1614.25,10.0,4.57,6.93,2.74,2.27,0.946
1614.5,8.88,4.54,7.22,2.87,2.29,1.38
1614.75,9.25,3.92,6.85,3.38,2.1,1.42
1615.0,8.97,4.18,7.1,3.21,2.14,1.44
1615.25,9.09,5.43,7.09,2.22,2.3,1.38
1615.5,9.87,5.07,7.48,3.6,1.96,1.65
1615.75,9.58,5.26,6.85,3.43,2.23,1.2
1616.0,9.19,4.82,7.13,2.46,1.93,1.45
1616.25,8.97,5.2,6.6,2.74,2.28,1.2
1616.5,9.19,5.53,6.56,2.88,2.23,1.1
1616.75,9.02,4.79,6.69,2.49,1.8,1.45
1617.0,8.69,4.54,6.81,2.12,1.75,1.53
1617.25,8.9,4.82,7.19,2.69,1.92,1.56
1617.5,9.24,4.91,6.78,3.12,1.88,1.49
1617.75,8.95,5.47,6.52,2.29,2.1,1.27
1618.0,9.26,5.01,7.16,2.97,1.97,1.65
1618.25,9.13,4.89,6.35,3.05,2.07,1.25
1618.5,9.18,4.85,6.58,2.64,2.02,1.38
1618.75,8.49,4.54,6.2,1.68,1.53,1.22
1619.0,9.15,4.9,6.53,2.73,1.59,1.13
1619.25,9.05,5.2,6.42,2.48,2.08,0.917
1619.5,8.64,4.56,6.11,1.58,1.48,0.899
1619.75,9.04,4.28,6.54,2.64,1.31,1.13
1620.0,8.4,5.22,6.51,2.01,1.69,1.29
1620.25,8.57,5.24,6.49,1.77,2.09,1.22
1620.5,8.35,4.97,6.16,1.51,1.9,1.17
1620.75,9.17,4.78,5.85,2.67,1.79,0.983
1621.0,8.85,4.31,6.15,2.63,1.38,0.944
1621.25,8.74,4.82,5.94,1.93,1.59,0.904
1621.5,8.74,5.34,6.26,2.32,2.07,1.05
1621.75,8.86,4.77,6.06,2.66,1.78,1.16
1622.0,9.02,4.89,6.22,2.51,1.9,1.16
1622.25,8.74,4.42,6.78,1.99,1.63,1.4
1622.5,8.97,4.88,6.35,2.43,1.61,1.36
1622.75,9.05,5.08,6.06,2.66,2.03,0.922
1623.0,8.46,5.09,6.04,1.21,1.96,0.9
1623.25,8.99,5.1,6.4,2.53,1.89,1.12
1623.5,9.58,4.63,6.21,2.73,1.74,1.2
1623.75,9.03,4.86,6.14,2.03,1.8,1.03
1624.0,8.64,5.35,6.68,1.79,2.38,1.5
1624.25,8.91,4.94,6.4,2.27,1.88,1.23
1624.5,8.67,4.71,6.33,1.96,1.68,1.17
1624.75,8.34,4.28,6.23,0.919,1.26,0.839
1625.0,9.02,4.64,6.63,2.43,1.66,1.24
1625.25,9.27,5.06,6.37,2.37,1.87,1.08
1625.5,8.41,4.84,6.33,1.41,1.71,1.07
1625.75,8.46,6.84,6.08,1.59,2.06,0.885
1626.0,9.37,6.44,6.13,2.56,1.79,1.04
1626.25,9.19,5.74,6.48,2.35,1.47,1.07
1626.5,8.88,4.77,6.39,0.948,1.56,1.01
1626.75,9.36,4.87,6.49,2.05,1.75,0.962
1627.0,9.68,5.38,7.09,2.27,1.74,1.19
1627.25,9.56,5.29,7.23,1.67,1.79,0.894
1627.5,9.77,4.69,6.88,2.14,1.26,1.08
1627.75,10.1,4.68,7.0,2.96,1.57,1.25
1628.0,10.1,5.04,7.02,2.69,1.73,1.38
1628.25,9.49,5.06,7.17,1.76,1.58,1.14
1628.5,9.63,4.93,7.1,2.62,1.67,1.31
1628.75,9.84,4.86,7.04,2.69,1.9,1.26
1629.0,9.44,4.67,6.88,1.79,1.84,0.978
1629.25,9.7,4.89,6.76,2.48,1.47,0.945
1629.5,9.94,4.94,7.1,2.52,1.65,1.25
1629.75,9.86,5.14,6.67,2.49,1.82,1.04
1630.0,9.48,4.85,6.69,2.27,1.68,1.33
1630.25,10.2,4.82,6.73,3.07,1.72,1.22
1630.5,10.2,4.66,6.97,2.93,1.34,1.48
1630.75,9.23,4.93,6.59,1.36,1.83,1.04
1631.0,10.2,5.16,6.74,2.86,1.87,1.2
1631.25,9.87,4.79,6.64,2.69,1.6,1.18
1631.5,9.46,5.57,6.56,1.86,2.0,1.32
1631.75,10.2,4.71,6.86,2.91,1.67,1.38
1632.0,10.1,5.03,6.56,2.95,1.79,1.25
1632.25,10.1,4.85,6.47,2.49,1.7,1.21
1632.5,9.36,5.15,6.46,1.82,1.78,1.23
1632.75,10.4,5.33,6.78,3.28,2.22,1.4
1633.0,9.65,4.59,6.25,2.87,1.61,1.15
1633.25,9.51,4.47,6.76,1.8,1.37,1.45
1633.5,9.76,4.78,6.71,2.74,1.64,1.35
1633.75,9.92,5.32,6.11,2.95,1.96,1.23
1634.0,9.9,5.31,6.47,2.61,2.29,1.12
1634.25,9.55,4.29,6.62,2.29,1.34,1.43
1634.5,9.96,4.68,6.35,3.0,1.63,1.25
1634.75,10.2,5.6,6.29,3.3,2.17,1.54
1635.0,9.75,4.85,6.73,2.39,1.9,1.65
1635.25,10.2,4.93,6.66,3.27,1.9,1.36
1635.5,9.83,4.33,6.26,2.9,1.53,1.13
1635.75,9.29,5.53,6.02,1.58,2.14,1.15
1636.0,9.9,5.02,6.66,2.88,1.96,1.26
1636.25,9.65,4.56,6.53,2.65,1.51,1.42
1636.5,9.65,4.7,6.09,2.37,1.71,1.37
1636.75,9.49,4.83,6.17,2.16,1.76,1.19
1637.0,10.3,5.05,6.55,3.19,1.85,1.48
1637.25,9.89,5.11,6.09,2.78,1.99,1.22
1637.5,9.22,4.91,6.55,1.56,1.92,1.56
1637.75,10.0,4.86,6.39,3.01,1.93,1.1
1638.0,10.0,4.41,6.39,3.17,1.27,1.38
1638.25,8.94,4.38,6.24,1.6,1.51,1.21
1638.5,8.33,4.46,5.85,1.93,1.73,1.22
1638.75,9.14,5.56,4.97,2.47,1.73,0.848
1639.0,9.4,5.67,7.22,2.13,1.89,1.07
1639.25,9.81,5.51,8.58,1.31,1.72,0.762
1639.5,10.4,7.15,10.7,1.98,1.91,1.07
1639.75,10.6,8.68,11.7,2.4,2.03,1.38
1640.0,11.0,9.44,13.9,1.52,1.79,1.43
1640.25,10.8,10.0,15.6,2.66,2.18,1.09
1640.5,12.5,12.5,15.5,2.9,2.7,1.4
1640.75,13.9,13.6,15.7,2.3,2.06,1.13
1641.0,16.1,15.8,18.9,3.05,2.19,1.97
1641.25,14.3,16.4,18.9,3.33,2.18,1.74
1641.5,14.7,16.2,20.3,3.18,1.8,2.02
1641.75,15.1,14.4,21.3,2.3,1.45,2.12
1642.0,16.6,14.1,23.2,3.57,1.51,1.95
1642.25,18.1,13.7,23.0,4.09,1.32,2.12
1642.5,23.2,12.8,24.2,4.0,0.941,1.66
1642.75,25.2,14.7,24.2,3.31,1.67,1.76
1643.0,23.7,15.2,22.9,3.81,1.78,1.41
1643.25,23.8,14.3,23.2,3.95,1.69,1.67
1643.5,24.1,15.4,22.9,3.82,1.66,1.4
1643.75,24.5,14.2,19.2,2.99,1.55,1.95
1644.0,22.9,12.6,19.5,3.77,1.88,2.19
1644.25,22.0,13.2,17.9,3.58,2.16,1.36
1644.5,22.7,15.5,20.1,3.24,1.59,1.32
1644.75,24.1,17.8,20.2,3.62,2.58,1.82
1645.0,25.3,19.0,21.4,3.88,1.96,1.66
1645.25,26.1,18.9,21.8,3.99,2.12,1.77
1645.5,26.4,20.5,27.0,2.2,1.87,1.65
1645.75,26.8,23.5,26.8,2.03,1.49,0.691
1646.0,26.8,25.9,29.8,2.01,1.45,1.01
1646.25,32.4,29.8,33.0,2.78,1.42,1.04
1646.5,32.1,28.7,35.4,1.87,0.996,1.41
1646.75,33.2,26.4,35.1,3.05,1.24,0.888
1647.0,32.1,26.9,35.0,3.72,1.67,1.74
1647.25,32.2,28.9,34.3,2.61,1.43,1.39
1647.5,32.2,31.4,34.9,2.83,2.27,1.47
1647.75,30.7,29.7,30.8,3.75,2.01,1.44
1648.0,30.2,26.7,29.9,3.36,1.96,1.67
1648.25,27.4,25.2,28.5,2.64,3.55,1.26
1648.5,27.6,23.2,30.1,3.64,3.91,1.59
1648.75,26.6,22.1,29.4,3.22,3.76,1.17
1649.0,24.7,21.0,25.0,3.55,1.9,1.08
1649.25,25.0,20.2,19.0,4.0,1.98,1.52
1649.5,23.5,20.2,17.2,3.24,2.06,1.38
1649.75,22.7,21.1,15.3,3.14,2.54,0.856
1650.0,19.5,18.0,15.5,2.8,3.48,1.55
1650.25,18.4,17.4,15.3,2.44,2.91,1.36
1650.5,18.0,16.8,15.0,2.5,2.7,1.15
1650.75,17.7,14.8,14.2,2.49,2.71,1.01
1651.0,16.3,15.3,13.7,2.61,2.5,1.1
1651.25,12.9,13.8,11.9,2.56,2.11,0.944
1651.5,12.5,11.9,11.6,2.55,1.98,0.61
1651.75,12.0,9.96,11.4,2.45,1.79,0.611
1652.0,11.8,10.3,11.5,2.55,1.87,0.895
1652.25,11.7,9.56,11.1,2.84,1.54,1.2
1652.5,11.9,7.47,10.3,2.78,1.21,1.22
1652.75,11.6,6.9,10.2,2.64,1.21,1.08
1653.0,11.1,7.3,10.4,2.3,1.06,1.1
1653.25,10.7,6.76,10.2,2.28,1.06,1.1
1653.5,11.0,6.92,8.79,2.71,1.54,0.941
1653.75,10.8,7.15,9.07,2.49,1.62,1.17
1654.0,10.7,6.49,9.55,2.41,1.26,1.36
1654.25,10.8,6.52,8.92,2.63,1.35,1.15
1654.5,11.1,6.72,8.67,2.87,1.51,1.13
1654.75,9.96,7.04,8.82,1.41,1.55,1.29
1655.0,10.9,6.75,8.92,2.82,1.61,1.33
1655.25,10.6,6.36,8.52,2.66,1.26,1.07
1655.5,10.5,6.08,8.79,2.57,1.13,1.2
1655.75,10.2,7.48,8.49,1.8,1.74,1.22
1656.0,10.9,6.97,8.92,2.85,1.65,1.25
1656.25,10.9,6.92,8.87,2.87,1.85,1.11
1656.5,10.7,6.96,8.07,2.73,1.59,1.0
1656.75,10.3,6.15,8.28,2.05,1.18,1.38
1657.0,10.5,6.63,8.29,2.41,1.61,1.48
1657.25,10.5,6.85,8.16,2.62,1.8,1.52
1657.5,10.5,7.42,8.0,2.77,1.8,1.45
1657.75,9.69,6.53,7.75,1.58,1.46,1.19
1658.0,10.6,6.6,8.1,2.77,1.48,1.23
1658.25,10.9,7.36,7.7,3.08,1.97,1.1
1658.5,10.7,6.76,8.01,2.69,1.67,1.15
1658.75,10.5,6.54,8.46,2.64,1.64,1.57
1659.0,11.1,6.43,8.12,3.34,1.49,1.55
1659.25,10.4,6.73,8.15,2.47,1.62,1.52
1659.5,10.4,6.8,7.86,2.11,1.81,1.38
1659.75,10.9,6.8,8.06,3.36,1.62,1.35
1660.0,10.6,6.72,7.46,2.95,1.65,1.09
1660.25,10.2,6.82,8.17,1.84,1.83,1.48
1660.5,11.0,6.66,7.37,3.4,1.68,1.2
1660.75,10.8,6.53,7.44,3.02,1.45,1.26
1661.0,9.66,7.21,7.9,1.19,1.83,1.26
1661.25,10.2,6.46,8.01,2.34,1.56,1.34
1661.5,10.6,6.43,7.73,2.87,1.34,1.36
1661.75,10.4,6.75,7.96,2.47,1.58,1.64
1662.0,10.4,6.96,8.37,2.53,1.84,1.49
1662.25,10.1,6.79,8.16,2.37,1.74,1.09
1662.5,9.42,6.03,7.58,2.22,1.33,1.21
1662.75,9.36,8.38,7.74,1.77,1.45,0.695
1663.0,10.5,8.6,7.93,2.83,1.79,0.678
1663.25,13.0,8.8,9.03,2.86,1.41,0.56
1663.5,14.4,9.75,9.3,2.3,1.61,1.02
1663.75,15.2,10.3,9.53,3.59,1.66,1.15
1664.0,15.1,9.62,9.37,2.44,0.925,0.944
1664.25,14.0,12.1,10.0,1.68,1.77,0.729
1664.5,14.9,15.4,10.4,2.9,2.22,0.668
1664.75,17.3,14.6,11.2,3.72,1.99,0.95
1665.0,17.9,14.6,11.6,3.35,1.63,1.35
1665.25,18.5,14.6,12.9,3.4,1.23,1.1
1665.5,17.9,16.7,13.6,3.49,1.75,1.3
1665.75,20.3,17.6,15.3,3.41,1.56,1.17
1666.0,22.1,23.3,18.9,3.18,1.78,1.29
1666.25,21.0,24.8,18.9,3.47,2.15,1.89
1666.5,20.4,23.3,18.9,2.77,1.86,1.6
1666.75,21.8,22.6,17.8,2.73,1.25,0.687
1667.0,20.6,22.6,17.7,2.85,1.63,1.22
1667.25,21.4,20.6,18.0,3.85,1.11,1.52
1667.5,22.5,19.4,17.8,2.87,0.871,0.906
1667.75,21.3,16.8,16.6,2.27,1.33,0.939
1668.0,19.7,16.3,14.4,2.8,1.66,1.4
1668.25,20.0,15.8,15.3,3.28,1.75,1.56
1668.5,20.6,16.2,19.5,2.88,1.71,1.37
1668.75,18.0,11.8,20.7,2.83,1.74,1.94
1669.0,17.8,13.0,23.6,0.882,1.7,2.26
1669.25,17.3,20.4,25.9,2.48,1.06,1.86
1669.5,22.2,23.0,24.5,3.3,1.76,2.12
1669.75,22.4,25.3,24.2,3.36,2.29,1.79
1670.0,22.5,24.1,22.9,3.32,1.31,1.23
1670.25,22.5,22.2,26.2,3.0,1.23,1.68
1670.5,25.5,22.8,24.4,2.75,0.878,1.47
1670.75,24.8,21.3,24.0,2.63,1.5,1.66
1671.0,24.3,20.7,24.9,2.45,1.56,2.03
1671.25,22.7,21.7,25.1,2.29,2.07,1.55
1671.5,22.5,20.9,24.9,1.75,1.68,1.29
1671.75,23.5,17.7,24.2,2.36,1.74,1.51
1672.0,22.1,16.6,21.2,2.11,2.01,0.859
1672.25,22.8,16.3,21.6,2.49,1.41,1.42
1672.5,21.4,14.2,20.6,2.23,1.69,2.15
1672.75,22.0,15.3,20.4,2.28,0.983,1.99
1673.0,19.0,14.6,15.9,2.28,1.0,1.57
1673.25,17.1,13.4,12.2,2.27,0.773,1.28
1673.5,17.1,12.5,9.66,2.09,1.37,0.992
1673.75,14.4,11.5,9.43,1.52,1.35,1.25
1674.0,14.0,9.7,10.0,2.4,1.47,1.27
1674.25,12.5,7.39,7.94,2.4,1.18,0.922
1674.5,12.1,7.83,9.14,2.69,1.11,1.02
1674.75,10.9,7.22,7.67,1.93,1.77,1.14
1675.0,10.6,6.42,9.46,1.41,1.43,1.28
1675.25,11.5,7.14,10.8,2.25,1.18,0.883
1675.5,11.3,6.85,9.63,2.09,0.902,1.0
1675.75,11.6,6.29,9.7,2.29,1.0,0.665
1676.0,11.7,7.0,10.3,2.08,1.09,0.933
1676.25,11.3,8.42,9.33,1.95,1.25,0.926
1676.5,11.7,6.73,10.8,2.75,1.22,0.975
1676.75,11.3,6.44,9.48,2.48,1.23,0.815
1677.0,11.2,6.57,9.23,1.94,1.05,0.848
1677.25,11.4,5.83,8.94,2.12,1.08,0.685
1677.5,11.4,6.26,8.9,2.41,1.37,1.02
1677.75,11.1,6.28,9.13,2.3,1.42,1.23
1678.0,10.7,5.97,8.65,1.59,1.32,1.11
1678.25,11.3,5.9,7.43,2.68,1.52,0.978
1678.5,11.2,4.92,7.83,2.61,1.12,1.02
1678.75,11.2,5.47,8.44,2.32,1.51,0.906
1679.0,11.3,5.2,7.31,2.66,1.6,1.09
1679.25,11.0,5.6,7.07,2.72,1.73,1.12
1679.5,10.8,6.08,7.89,2.6,2.06,1.54
1679.75,10.8,4.88,7.05,2.22,1.46,1.41
1680.0,10.7,5.18,7.69,2.33,1.57,1.21
1680.25,11.3,5.26,6.99,2.9,1.58,1.16
1680.5,11.2,5.58,7.39,2.9,1.79,1.0
1680.75,10.7,5.27,6.87,1.84,1.69,1.13
1681.0,11.3,4.6,7.56,2.93,1.05,1.27
1681.25,11.1,5.35,7.4,2.78,1.52,1.26
1681.5,11.0,5.53,6.8,2.57,1.9,1.19
1681.75,10.9,5.62,7.61,2.34,2.03,1.57
1682.0,11.1,5.54,7.21,2.99,1.93,1.44
1682.25,10.8,5.23,7.52,2.75,1.67,1.43
1682.5,10.6,5.3,7.06,2.19,1.76,1.42
1682.75,10.6,5.43,6.42,2.28,1.81,1.05
1683.0,10.9,5.35,6.22,2.79,1.46,1.06
1683.25,11.3,5.29,6.48,3.25,1.65,1.22
1683.5,11.5,5.02,7.23,3.3,1.58,1.05
1683.75,10.4,5.22,7.05,1.66,1.7,1.42
1684.0,11.1,5.66,7.04,3.12,1.78,1.33
1684.25,10.9,5.28,7.1,2.95,1.81,1.59
1684.5,11.2,5.3,7.05,3.34,1.74,1.17
1684.75,10.0,5.49,6.6,1.51,1.54,1.3
1685.0,10.8,5.33,7.04,2.76,1.81,1.02
1685.25,11.3,5.56,6.95,3.33,1.96,1.29
1685.5,11.4,5.37,6.73,3.31,1.74,1.17
1685.75,10.6,5.29,6.63,2.04,1.35,1.28
1686.0,10.8,5.05,6.89,2.56,1.62,0.893
1686.25,11.0,5.05,6.49,3.05,1.36,1.26
1686.5,10.1,5.28,7.23,2.78,1.46,1.18
1686.75,10.1,5.08,6.29,2.32,1.61,1.18
1687.0,9.99,6.12,7.96,1.41,1.59,1.2
1687.25,11.5,7.16,8.15,3.21,2.42,1.73
1687.5,11.4,7.57,9.59,2.22,1.4,0.877
1687.75,12.6,9.24,10.9,2.19,1.68,1.38
1688.0,15.8,11.7,13.5,3.83,2.5,1.6
1688.25,16.1,13.3,15.1,3.15,1.4,1.86
1688.5,16.8,12.8,17.5,2.82,1.17,1.37
1688.75,17.2,12.0,19.1,1.35,1.69,1.66
1689.0,18.0,10.5,19.9,3.01,1.6,1.61
1689.25,17.6,14.2,20.7,2.94,1.57,1.33
1689.5,18.7,13.2,20.3,2.39,1.44,1.32
1689.75,18.5,13.8,20.2,2.12,1.46,1.12
1690.0,19.4,13.8,19.5,2.74,1.42,1.39
1690.25,19.2,14.4,19.7,3.05,1.33,1.72
1690.5,19.8,13.4,20.1,2.17,0.876,1.29
1690.75,21.0,13.8,19.2,2.89,2.1,1.31
1691.0,20.7,13.2,17.8,2.77,1.3,1.6
1691.25,21.9,13.4,16.8,2.76,1.77,1.5
1691.5,20.7,12.1,17.7,1.49,1.28,1.54
1691.75,21.8,11.9,18.2,2.71,1.57,1.79
1692.0,22.9,13.7,18.2,3.68,1.84,2.11
1692.25,20.0,12.6,16.1,2.73,2.07,1.37
1692.5,17.8,14.2,14.8,2.33,2.93,1.32
1692.75,17.9,13.6,15.7,3.04,2.26,1.36
1693.0,17.6,15.0,17.6,2.88,3.0,1.71
1693.25,19.6,14.6,21.5,2.49,2.47,1.69
1693.5,23.1,18.3,27.1,2.78,2.52,1.61
1693.75,26.0,20.8,29.7,2.63,3.56,2.34
1694.0,29.6,26.7,27.6,2.99,4.27,2.07
1694.25,28.5,29.1,28.1,2.14,3.34,1.64
1694.5,30.3,31.9,29.4,3.09,3.5,1.6
1694.75,31.2,29.8,28.2,3.39,3.02,1.85
1695.0,31.0,26.7,29.1,2.86,3.03,1.5
1695.25,30.5,28.1,27.5,3.32,3.07,2.01
1695.5,29.1,26.7,29.0,3.51,2.84,1.74
1695.75,27.2,27.9,28.3,2.57,2.56,1.98
1696.0,25.3,25.0,26.1,2.33,1.95,1.28
1696.25,25.7,22.3,25.3,3.39,2.96,1.54
1696.5,29.9,20.2,22.0,3.26,2.93,1.23
1696.75,28.2,18.7,21.0,2.98,2.13,0.987
1697.0,27.7,16.3,19.3,3.38,0.935,0.947
1697.25,26.1,16.3,19.2,3.3,1.19,1.02
1697.5,25.7,15.6,19.3,3.38,0.73,0.916
1697.75,23.5,15.2,16.3,3.13,0.903,0.842
1698.0,22.3,13.7,14.7,3.5,0.85,0.506
1698.25,22.0,14.4,13.2,3.7,0.937,0.528
1698.5,20.8,12.3,11.5,3.4,1.01,0.739
1698.75,19.3,13.3,11.8,3.12,1.15,1.18
1699.0,19.2,12.9,11.5,3.63,0.87,0.876
1699.25,17.4,12.6,11.6,3.06,0.734,1.11
1699.5,17.2,12.4,11.1,3.09,1.06,1.16
1699.75,17.0,11.5,11.7,2.99,1.28,1.11
1700.0,12.8,12.4,10.8,2.3,1.36,1.24
1700.25,12.1,11.0,10.2,2.31,1.04,1.42
1700.5,12.5,9.86,10.1,3.05,1.59,1.27
1700.75,12.9,7.51,9.54,2.8,1.47,1.32
1701.0,12.6,7.66,9.3,3.27,1.57,1.22
1701.25,11.7,6.05,8.43,3.18,1.38,1.1
1701.5,11.7,5.8,6.84,3.62,1.21,0.735
1701.75,11.5,5.38,7.18,3.46,1.39,1.16
1702.0,11.2,5.43,7.48,3.22,1.5,1.23
1702.25,11.4,5.91,7.0,3.43,1.4,1.4
1702.5,11.5,5.64,6.71,3.53,1.83,1.23
1702.75,10.5,5.31,6.55,1.82,1.54,1.11
1703.0,11.5,5.36,6.86,3.65,1.42,1.29
1703.25,11.5,5.57,6.47,3.76,1.77,1.03
1703.5,10.8,5.86,6.47,2.57,1.94,1.19
1703.75,10.8,5.63,6.59,2.68,1.73,1.35
1704.0,11.3,4.98,6.73,3.6,1.33,1.65
1704.25,10.9,5.27,6.77,2.97,1.38,1.53
1704.5,11.0,5.85,6.31,2.67,2.05,1.29
1704.75,10.8,5.68,6.28,3.0,1.91,1.19
1705.0,11.1,5.79,6.34,3.1,1.77,1.36
1705.25,10.7,4.99,6.25,2.5,1.19,1.02
1705.5,10.5,5.21,6.56,2.4,1.47,1.39
1705.75,11.0,5.69,6.53,2.8,1.61,1.28
1706.0,10.3,5.69,6.23,1.74,1.78,1.23
1706.25,10.7,5.39,6.65,2.69,1.6,1.39
1706.5,10.7,5.26,6.43,2.96,1.46,1.32
1706.75,11.3,5.47,6.09,3.24,1.69,1.15
1707.0,10.2,5.69,6.39,2.07,1.64,1.3
1707.25,10.8,5.69,6.76,2.99,1.85,1.41
1707.5,11.6,5.61,6.57,3.36,1.86,1.44
1707.75,11.0,5.2,6.27,3.56,1.09,1.23
1708.0,10.3,5.05,6.12,2.01,1.28,1.05
1708.25,11.2,5.25,6.14,3.17,1.42,1.1
1708.5,10.8,5.78,6.4,3.2,1.71,1.38
1708.75,11.1,5.57,6.8,3.16,1.83,1.62
1709.0,10.8,4.98,6.69,3.05,1.26,1.64
1709.25,10.7,5.56,6.49,3.05,1.41,1.28
1709.5,11.0,5.46,6.09,3.05,1.7,1.16
1709.75,9.33,5.38,6.02,1.15,1.64,0.979
1710.0,10.8,5.55,6.29,2.65,1.47,1.03
1710.25,10.6,4.82,6.84,2.85,1.15,1.13
1710.5,9.47,5.54,6.88,2.09,1.67,1.39
1710.75,8.89,5.25,6.43,1.02,1.74,1.09
1711.0,10.1,6.03,7.16,2.56,1.57,0.921
1711.25,11.3,6.17,6.66,2.31,1.56,0.675
1711.5,11.8,6.91,7.54,2.85,1.38,0.736
1711.75,12.0,7.3,8.08,2.11,1.36,0.665
1712.0,14.3,9.44,11.0,3.53,2.43,0.728
1712.25,16.1,9.16,12.8,3.32,1.09,0.631
1712.5,17.1,9.61,12.9,3.2,1.17,0.845
1712.75,20.7,11.4,12.6,3.24,1.04,0.523
1713.0,20.9,12.5,13.2,3.11,1.77,0.677
1713.25,21.4,12.3,14.6,2.95,1.11,1.81
1713.5,20.9,12.4,14.6,2.14,0.779,1.49
1713.75,21.1,13.4,15.0,1.93,1.45,1.41
1714.0,22.4,14.6,14.8,2.57,1.69,1.34
1714.25,21.0,12.6,15.1,2.42,2.36,0.952
1714.5,20.8,13.3,15.3,1.73,1.35,1.04
1714.75,21.0,14.7,17.7,2.5,1.85,1.34
1715.0,21.0,16.1,18.6,2.09,1.57,1.32
1715.25,20.1,16.2,17.7,2.24,1.4,1.23
1715.5,17.0,15.1,17.5,0.909,1.39,1.35
1715.75,17.3,14.6,15.9,2.04,1.36,1.48
1716.0,17.7,14.4,16.9,2.72,2.01,1.72
1716.25,18.9,14.4,16.7,2.73,1.56,1.4
1716.5,18.1,17.3,16.4,2.14,2.05,1.92
1716.75,17.8,17.6,17.2,2.95,2.17,1.35
1717.0,20.3,16.2,19.5,2.29,1.73,2.24
1717.25,21.3,19.3,21.2,2.05,1.91,1.91
1717.5,28.9,22.4,27.6,3.56,1.68,3.09
1717.75,30.4,24.3,30.3,3.3,3.03,3.43
1718.0,29.0,24.8,30.7,4.07,2.92,2.96
1718.25,28.6,26.2,31.0,4.05,2.84,2.37
1718.5,28.5,25.8,32.5,4.52,2.83,3.03
1718.75,27.6,23.9,30.6,3.86,2.21,2.28
1719.0,29.7,24.8,30.7,4.18,2.29,2.15
1719.25,30.0,22.1,25.9,4.02,2.31,2.58
1719.5,31.3,22.5,25.8,4.59,3.32,2.33
1719.75,29.8,22.9,25.0,3.97,3.95,2.34
1720.0,30.7,22.3,24.3,3.74,2.88,1.94
1720.25,29.9,19.1,25.1,2.77,2.14,1.95
1720.5,25.9,18.9,21.8,3.58,2.35,1.75
1720.75,24.0,18.3,19.2,3.45,2.16,1.84
1721.0,19.7,17.3,19.0,3.25,2.25,1.59
1721.25,20.5,16.9,21.4,3.2,3.12,2.01
1721.5,17.6,15.1,17.0,2.82,2.19,1.37
1721.75,15.5,15.9,15.2,2.73,2.67,1.28
1722.0,12.6,16.9,14.0,1.2,3.07,1.13
1722.25,12.7,15.5,12.9,1.94,2.43,1.33
1722.5,14.1,14.2,12.1,2.18,1.97,1.32
1722.75,13.6,14.2,12.3,1.56,1.87,1.73
1723.0,12.7,13.8,10.3,2.51,1.98,1.42
1723.25,12.8,11.6,8.35,2.44,1.99,1.21
1723.5,11.8,9.54,7.98,1.41,1.85,0.999
1723.75,11.9,9.07,7.57,2.16,1.98,0.789
1724.0,12.6,9.22,7.58,2.98,1.95,0.863
1724.25,12.3,8.65,7.62,2.22,1.58,1.22
1724.5,12.1,8.01,7.33,2.38,1.73,1.03
1724.75,11.9,7.96,7.33,2.34,1.7,1.21
1725.0,12.3,6.18,7.61,2.54,1.46,1.39
1725.25,11.7,5.43,7.08,2.18,1.46,0.923
1725.5,12.1,5.27,7.09,2.58,1.4,1.08
1725.75,12.4,5.2,6.99,2.75,1.39,1.04
1726.0,11.3,5.51,7.28,1.61,1.45,1.12
1726.25,11.3,4.81,6.77,1.84,1.41,1.09
1726.5,11.5,5.25,7.04,2.56,1.58,1.17
1726.75,11.3,5.56,6.95,2.78,1.9,1.34
1727.0,11.4,5.1,7.41,2.03,1.77,1.45
1727.25,11.6,5.59,6.82,2.8,1.54,1.36
1727.5,11.7,5.25,6.81,3.11,1.85,1.28
1727.75,11.4,5.04,6.52,2.76,1.85,1.04
1728.0,10.5,5.39,7.08,1.28,1.79,1.53
1728.25,11.6,4.58,6.83,3.0,1.26,1.29
1728.5,11.6,4.59,6.31,3.1,1.39,1.13
1728.75,11.3,5.18,6.28,3.04,1.78,1.21
1729.0,11.0,5.34,6.75,1.59,1.72,1.45
1729.25,11.3,5.31,6.58,2.83,1.94,1.34
1729.5,11.4,5.11,6.69,2.76,1.87,1.54
1729.75,11.6,4.88,6.18,2.88,1.52,1.01
1730.0,10.5,5.32,6.76,1.41,1.87,1.23
1730.25,11.5,5.21,6.55,2.84,1.67,1.23
1730.5,11.4,5.11,6.41,2.71,1.47,1.25
1730.75,11.4,4.53,6.26,2.77,1.1,1.08
1731.0,11.1,4.6,6.87,1.81,1.33,1.17
1731.25,11.2,5.23,6.71,2.54,1.7,1.4
1731.5,11.1,5.27,6.4,2.66,1.87,1.29
1731.75,11.2,5.0,6.44,2.87,1.55,1.33
1732.0,10.1,4.61,6.4,1.05,1.26,1.3
1732.25,11.7,5.05,6.91,2.96,1.62,1.21
1732.5,11.3,5.16,6.05,2.82,1.8,0.966
1732.75,10.0,5.04,6.29,2.4,1.59,1.18
1733.0,9.83,5.02,6.29,1.07,1.66,1.13
1733.25,11.1,4.37,6.68,2.45,1.17,1.46
1733.5,10.7,4.57,6.58,2.72,1.21,1.25
1733.75,10.7,5.08,6.1,2.41,1.56,1.13
1734.0,11.0,4.76,6.06,2.3,1.38,1.1
1734.25,10.1,5.09,6.6,2.56,1.58,1.31
1734.5,9.58,5.13,6.06,2.94,1.63,1.21
1734.75,8.92,4.53,5.71,2.15,1.54,0.998
1735.0,9.23,5.05,7.16,1.27,1.65,0.864
1735.25,9.66,6.23,6.32,2.56,1.7,0.673
1735.5,11.6,7.25,12.0,2.92,1.53,1.25
1735.75,12.4,8.81,12.7,2.02,1.48,1.68
1736.0,12.7,8.08,13.2,1.89,1.61,1.68
1736.25,14.9,10.3,14.3,4.18,1.38,2.32
1736.5,15.8,11.9,17.5,3.17,1.28,2.36
1736.75,19.6,13.9,17.9,2.98,1.75,1.89
1737.0,19.4,13.1,18.3,1.55,1.29,1.5
1737.25,18.4,12.9,18.5,2.11,1.36,1.42
1737.5,18.9,13.0,17.7,2.37,1.13,1.82
1737.75,18.6,13.3,17.4,2.33,1.19,1.46
1738.0,18.2,13.0,17.7,1.33,1.28,1.57
1738.25,17.9,12.9,18.4,2.31,1.28,2.08
1738.5,18.2,14.6,15.5,2.7,1.66,1.97
1738.75,17.2,14.9,15.1,2.06,1.41,1.28
1739.0,16.9,13.8,15.7,1.59,1.53,1.62
1739.25,16.3,12.7,14.5,1.6,1.57,1.08
1739.5,19.0,13.5,15.3,3.08,2.06,1.97
1739.75,17.7,13.3,14.2,2.76,1.99,1.23
1740.0,16.1,9.95,13.2,1.88,1.63,1.11
1740.25,17.5,9.92,13.2,3.1,1.92,0.708
1740.5,17.8,11.9,11.9,3.14,2.55,0.764
1740.75,18.6,12.5,13.1,2.27,2.15,0.846
1741.0,18.3,14.2,13.7,2.98,3.75,0.729
1741.25,21.8,13.5,15.1,3.03,3.54,1.12
1741.5,21.4,14.2,17.1,2.31,2.6,0.685
1741.75,23.1,17.0,15.3,2.16,2.53,0.552
1742.0,23.9,16.7,15.5,2.58,2.3,0.496
1742.25,24.0,17.7,15.5,2.84,1.95,0.477
1742.5,24.7,19.0,16.0,2.53,2.07,0.836
1742.75,25.9,20.0,17.6,2.73,2.32,0.777
1743.0,27.1,19.2,18.2,3.44,2.31,0.504
1743.25,24.7,17.8,18.1,2.48,2.0,0.551
1743.5,21.6,15.8,18.1,3.04,1.26,0.978
1743.75,18.7,14.4,17.6,1.76,0.694,0.811
1744.0,18.7,13.2,15.7,2.59,0.987,0.208
1744.25,18.0,12.8,16.0,2.21,1.03,0.183
1744.5,17.4,10.5,15.1,2.14,0.699,0.17
1744.75,17.4,10.8,13.6,1.58,0.713,0.335
1745.0,16.0,10.7,12.4,1.74,0.728,0.0864
1745.25,15.3,8.76,11.7,2.41,1.23,0.328
1745.5,14.8,8.49,11.3,2.18,1.08,0.147
1745.75,13.5,7.52,9.78,2.71,1.08,0.615
1746.0,12.5,7.55,8.55,2.05,1.38,0.663
1746.25,11.4,6.56,8.7,2.06,0.742,0.425
1746.5,12.1,6.65,8.15,2.34,0.716,0.358
1746.75,12.8,8.43,8.24,2.67,1.18,0.979
1747.0,12.1,8.02,7.53,1.3,1.15,0.785
1747.25,13.4,7.11,7.47,2.19,1.06,0.766
1747.5,13.2,6.52,7.36,2.23,1.17,0.72
1747.75,12.4,5.62,7.59,2.01,0.858,0.985
1748.0,12.5,6.3,7.4,2.14,1.08,1.19
1748.25,12.6,6.02,7.35,2.24,1.48,1.16
1748.5,11.9,5.65,7.38,1.9,1.28,0.888
1748.75,12.4,5.68,6.92,2.36,1.4,1.05
1749.0,11.7,5.92,7.13,1.87,1.12,0.832
1749.25,11.0,5.43,6.88,0.736,1.07,1.0
1749.5,11.7,5.09,6.8,2.16,1.27,0.976
1749.75,11.8,5.13,7.1,2.34,1.31,1.31
1750.0,11.7,5.38,6.84,2.28,1.33,1.02
1750.25,10.7,5.02,6.84,0.813,1.28,1.14
1750.5,11.9,5.12,6.46,2.5,1.49,0.987
1750.75,11.6,5.27,5.7,2.38,1.54,1.07
1751.0,11.8,5.7,6.43,2.49,1.66,1.05
1751.25,11.8,5.13,6.85,1.69,1.61,1.28
1751.5,11.7,4.88,6.32,2.64,1.33,1.11
1751.75,11.9,4.8,6.13,2.45,1.39,1.18
1752.0,12.2,5.19,6.76,2.93,1.33,1.22
1752.25,11.2,5.13,6.36,1.89,1.56,1.06
1752.5,11.9,5.37,6.34,2.43,1.92,1.26
1752.75,12.0,4.76,6.07,2.59,1.22,1.35
1753.0,11.5,5.33,5.85,2.75,1.58,1.41
1753.25,11.2,5.39,6.49,1.65,1.77,1.51
1753.5,11.2,5.28,6.47,2.3,1.85,1.48
1753.75,11.5,4.81,6.18,2.68,1.36,1.17
1754.0,10.8,5.04,5.87,2.65,1.17,0.975
1754.25,11.8,5.0,5.77,2.77,1.45,1.01
1754.5,11.8,4.97,6.12,2.5,1.37,1.1
1754.75,10.9,5.11,6.33,2.54,1.41,1.41
1755.0,11.3,5.14,6.3,2.74,1.4,1.48
1755.25,11.3,4.96,5.62,1.93,1.44,1.36
1755.5,10.8,5.24,5.99,1.31,1.58,1.15
1755.75,11.1,5.1,6.34,2.74,1.47,1.21
1756.0,11.3,5.55,6.23,2.28,1.87,1.09
1756.25,11.5,5.06,6.23,2.02,1.56,1.15
1756.5,10.7,4.86,5.81,2.15,1.29,1.43
1756.75,11.4,5.01,6.13,2.55,1.43,1.32
1757.0,11.1,5.52,6.03,2.2,1.68,1.17
1757.25,10.8,5.02,6.0,2.04,1.35,1.03
1757.5,9.52,4.73,6.0,0.504,1.18,1.3
1757.75,11.4,4.78,5.16,2.34,1.3,1.12
1758.0,11.5,5.36,6.16,2.91,1.34,1.3
1758.25,11.0,4.88,6.48,2.25,1.11,1.11
1758.5,9.93,5.1,6.35,2.15,1.59,1.02
1758.75,9.49,5.23,5.81,2.33,1.68,0.758
1759.0,9.78,4.94,6.18,2.17,1.37,0.655
1759.25,8.78,4.97,5.25,1.83,1.31,0.595
1759.5,9.24,5.41,5.93,0.682,1.36,0.756
1759.75,10.0,5.75,6.24,1.96,1.37,0.96
1760.0,8.9,5.31,6.44,1.75,1.51,1.06
1760.25,10.0,4.61,6.19,2.14,0.942,0.921
1760.5,9.38,5.29,6.29,0.546,1.41,0.756
1760.75,10.6,5.82,5.96,2.11,1.7,0.71
1761.0,9.88,5.9,6.1,2.27,1.61,1.14
1761.25,9.45,5.41,6.7,1.84,1.26,1.06
1761.5,9.64,4.93,6.62,0.647,1.23,1.25
1761.75,10.5,5.11,6.59,2.29,1.02,1.25
1762.0,11.0,5.17,6.65,2.55,1.15,1.22
1762.25,11.1,5.85,7.17,2.78,1.96,1.7
1762.5,10.2,5.44,6.53,1.29,1.6,0.931
1762.75,10.4,5.2,6.03,1.94,1.05,0.802
1763.0,10.3,5.37,5.99,2.38,1.33,0.777
1763.25,10.9,5.74,6.48,2.52,1.75,0.746
1763.5,9.48,5.45,5.97,1.08,1.63,0.897
1763.75,9.49,5.34,6.34,0.854,1.27,1.14
1764.0,10.4,5.25,5.92,2.18,1.32,0.829
1764.25,10.7,5.14,6.31,2.05,1.55,0.967
1764.5,9.98,5.35,6.37,1.2,1.53,1.19
1764.75,9.96,5.48,6.12,1.01,1.41,0.919
1765.0,10.1,4.99,6.06,1.84,1.47,0.847
1765.25,10.1,5.01,6.33,1.86,1.32,0.877
1765.5,10.4,5.12,6.52,1.94,1.3,1.02
1765.75,10.7,5.57,6.42,2.27,1.63,1.07
1766.0,10.4,4.94,6.4,2.25,1.36,0.984
1766.25,10.5,4.77,6.13,2.31,1.17,0.87
1766.5,10.7,5.28,6.1,2.39,1.48,0.809
1766.75,10.3,5.77,6.16,1.56,1.79,0.919
1767.0,11.1,5.35,6.14,2.75,1.54,1.11
1767.25,10.6,4.69,5.94,2.42,1.08,0.882
1767.5,9.86,4.65,6.41,1.96,1.18,0.957
1767.75,9.53,4.7,5.92,2.51,1.65,0.878
1768.0,9.53,4.24,5.79,2.78,1.71,0.829
1768.25,9.36,3.54,5.92,2.44,1.11,0.844
1768.5,8.77,4.18,5.1,1.15,1.54,0.949
1768.75,9.0,4.38,5.32,2.07,1.59,1.25
1769.0,9.07,4.22,5.58,2.08,1.62,1.3
1769.25,9.19,4.34,4.98,1.99,1.6,1.05
1769.5,9.03,4.27,5.2,1.61,1.43,0.883
1769.75,8.9,3.87,4.95,1.76,1.26,0.731
1770.0,8.6,4.02,5.08,1.7,1.26,0.606
1770.25,8.41,4.2,4.79,0.695,1.21,0.629
1770.5,10.2,4.34,4.79,1.8,1.56,0.806
1770.75,10.8,4.07,5.52,2.74,1.39,1.13
1771.0,10.8,4.48,5.92,2.42,1.31,1.4
1771.25,10.4,4.27,5.57,1.86,1.48,1.19
1771.5,10.7,4.48,5.51,1.6,1.58,1.08
1771.75,11.0,4.48,5.41,2.87,1.58,0.931
1772.0,11.1,4.29,5.04,2.8,1.54,0.722
1772.25,10.8,3.88,5.51,2.99,1.3,1.07
1772.5,10.7,4.22,5.51,2.59,1.4,1.11
1772.75,10.5,4.47,5.42,2.9,1.69,1.01
1773.0,11.2,4.35,5.42,3.11,1.43,1.14
1773.25,10.5,4.61,5.74,2.49,1.49,1.21
1773.5,10.0,4.37,6.39,1.68,1.57,1.37
1773.75,10.6,3.8,6.36,2.78,1.39,1.18
1774.0,10.3,4.4,6.35,2.46,1.78,1.3
1774.25,9.69,4.4,6.57,0.886,1.86,1.42
1774.5,10.3,4.62,6.32,2.49,1.97,1.4
1774.75,10.5,4.21,6.12,2.67,1.72,1.13
1775.0,10.7,4.3,6.07,2.61,1.82,1.01
1775.25,10.3,4.22,6.29,2.77,1.77,1.15
1775.5,10.8,5.53,6.41,2.96,1.69,1.31
1775.75,11.1,4.13,6.29,3.33,1.49,1.21
1776.0,10.1,3.65,6.55,2.17,1.36,1.45
1776.25,10.5,4.34,6.53,2.69,2.01,1.38
1776.5,10.3,4.61,6.28,2.94,1.7,1.38
1776.75,10.6,4.37,6.37,2.92,1.89,1.5
1777.0,10.4,4.17,6.44,2.02,1.8,1.34
1777.25,10.4,4.1,6.16,2.61,1.78,1.11
1777.5,10.6,4.42,6.33,3.34,1.76,1.44
1777.75,10.6,4.21,5.97,3.22,1.69,1.15
1778.0,9.68,4.02,6.08,1.82,1.6,1.08
1778.25,10.1,3.87,5.92,2.67,1.37,1.0
1778.5,10.7,4.44,6.11,3.08,1.72,1.4
1778.75,10.2,4.09,6.09,2.72,1.57,1.32
1779.0,9.93,4.34,6.19,2.53,1.74,1.34
1779.25,9.72,4.25,6.22,2.73,1.8,1.24
1779.5,10.3,3.99,6.29,3.02,1.44,1.26
1779.75,10.3,4.14,6.03,2.63,1.64,1.14
1780.0,9.49,4.22,5.87,1.65,1.68,1.14
1780.25,8.66,4.14,5.73,1.76,1.61,0.895
1780.5,10.2,4.55,6.15,2.57,1.8,1.21
1780.75,10.6,4.25,6.14,3.13,1.42,1.25
1781.0,9.46,4.01,6.44,1.67,1.47,1.59
1781.25,9.81,4.07,6.17,2.83,1.63,1.36
1781.5,10.3,4.86,5.98,2.85,1.86,1.41
1781.75,10.8,3.97,5.28,3.46,1.68,0.943
1782.0,8.69,4.17,6.1,1.44,1.25,1.08
1782.25,10.5,4.55,6.05,3.33,2.14,1.12
1782.5,8.48,4.52,5.88,2.67,2.09,1.32
1782.75,7.92,4.03,5.12,2.79,1.76,1.03
1783.0,8.36,3.77,5.41,2.01,1.44,1.02
1783.25,9.11,4.04,5.01,3.12,1.71,1.03
1783.5,8.61,4.34,5.39,2.99,1.68,0.949
1783.75,7.86,4.14,5.53,2.84,1.64,1.18
1784.0,8.17,3.88,5.86,1.87,1.49,1.4
1784.25,8.2,4.01,5.55,1.94,1.64,0.85
1784.5,8.13,4.74,5.27,2.25,1.88,0.882
1784.75,8.64,4.35,5.47,2.55,1.88,1.14
1785.0,8.33,4.1,5.14,2.6,1.82,0.998
1785.25,8.6,3.76,5.34,2.85,1.52,0.825
1785.5,8.71,4.32,5.57,2.68,1.56,1.05
1785.75,8.62,4.19,5.36,2.85,1.77,0.908
1786.0,8.21,4.28,5.84,1.83,1.91,1.06
1786.25,8.49,3.77,5.64,2.07,1.36,1.14
1786.5,8.48,4.12,5.36,2.47,1.4,0.913
1786.75,8.42,4.53,5.66,2.32,2.06,0.98
1787.0,7.95,4.38,5.78,1.56,1.9,1.16
1787.25,8.52,3.99,5.49,2.6,1.58,0.962
1787.5,8.29,4.41,5.4,2.36,1.63,0.793
1787.75,8.81,4.25,5.81,2.64,1.83,1.03
1788.0,9.07,4.19,5.41,2.94,1.78,0.996
1788.25,8.59,3.95,5.88,2.49,1.6,1.21
1788.5,8.44,4.21,5.92,2.3,1.57,1.24
1788.75,7.32,3.92,5.83,0.284,1.53,1.16
1789.0,8.79,4.18,5.56,2.44,1.81,0.947
1789.25,8.59,3.97,5.72,2.43,1.62,1.02
1789.5,8.25,4.1,5.62,1.66,1.46,0.74
1789.75,8.25,4.24,5.8,1.43,1.94,1.0
1790.0,8.64,4.28,5.57,2.4,1.88,0.991
1790.25,8.99,4.14,6.18,2.72,1.68,1.42
1790.5,8.52,3.98,5.86,1.83,1.56,1.07
1790.75,8.86,3.96,5.93,2.04,1.68,1.18
1791.0,9.22,4.24,6.05,2.95,1.84,1.12
1791.25,9.06,4.05,5.74,2.79,1.58,1.11
1791.5,8.64,4.07,5.54,2.54,1.48,0.981
1791.75,8.8,3.86,6.32,2.63,1.47,1.15
1792.0,8.88,4.3,5.66,2.67,1.7,0.948
1792.25,9.23,4.19,5.92,2.98,1.81,0.969
1792.5,8.46,4.36,5.97,1.57,1.89,1.12
1792.75,8.74,4.24,5.69,2.37,1.5,1.15
1793.0,9.19,4.04,6.16,2.77,1.65,1.16
1793.25,8.3,4.12,5.86,1.96,1.6,0.959
1793.5,8.41,4.49,5.88,1.51,1.86,0.906
1793.75,8.78,4.52,5.81,2.61,1.61,0.78
1794.0,8.7,3.5,6.03,2.3,1.09,0.944
1794.25,8.34,3.84,5.6,1.67,1.34,0.738
1794.5,9.49,3.91,5.26,1.45,1.37,0.815
1794.75,9.68,4.31,5.65,2.07,1.81,1.24
1795.0,10.7,4.38,6.7,2.62,1.69,1.43
1795.25,10.5,4.13,6.46,2.68,1.46,1.35
1795.5,11.0,3.82,6.52,3.15,1.52,1.26
1795.75,11.1,4.61,6.37,3.11,1.77,1.25
1796.0,10.7,4.08,6.47,3.05,1.64,1.09
1796.25,10.7,4.12,6.49,3.15,1.69,1.25
1796.5,9.22,4.09,6.08,1.06,1.69,1.2
1796.75,10.5,4.44,6.04,2.94,1.59,1.1
1797.0,10.7,4.98,6.59,2.72,1.54,1.48
1797.25,10.3,4.73,6.51,2.2,1.85,1.38
1797.5,9.99,4.52,6.56,2.1,1.98,1.25
1797.75,11.1,3.99,6.2,3.24,1.36,1.19
1798.0,10.5,4.05,6.66,2.9,1.59,1.23
1798.25,10.4,4.24,6.41,2.54,1.73,1.15
1798.5,10.5,4.25,6.3,2.95,1.86,1.1
1798.75,10.4,4.57,5.86,2.84,1.92,1.13
1799.0,10.2,3.9,6.79,2.59,1.45,1.41
1799.25,10.2,4.34,6.46,2.37,1.91,1.13
1799.5,10.6,4.36,6.42,3.4,1.89,1.36
1799.75,10.6,4.33,6.29,3.03,1.64,1.28
1800.0,9.9,3.83,6.23,2.29,1.43,1.42
1800.25,10.1,3.92,6.29,2.11,1.55,1.37
1800.5,10.3,4.43,6.06,2.85,1.99,1.18
1800.75,10.5,5.15,5.76,3.17,2.09,1.12
1801.0,10.0,4.33,5.58,1.98,1.92,1.14
1801.25,10.0,3.68,6.1,2.68,1.4,1.41
1801.5,10.4,4.34,5.51,2.71,1.77,1.29
1801.75,10.8,4.58,5.81,3.34,1.67,1.41
1802.0,10.3,4.22,5.86,2.65,1.77,1.43
1802.25,10.4,4.1,5.92,2.78,1.66,1.35
1802.5,10.5,3.75,5.52,3.11,1.32,1.22
1802.75,10.4,4.61,6.1,2.66,1.93,1.42
1803.0,10.0,4.69,5.48,2.02,2.17,1.04
1803.25,10.7,4.08,5.26,3.33,1.61,1.23
1803.5,10.3,3.68,5.93,2.89,1.33,1.15
1803.75,9.87,4.2,5.65,2.54,1.42,1.12
1804.0,9.93,4.28,5.28,2.28,1.76,1.17
1804.25,10.5,4.26,5.83,3.33,1.77,1.42
1804.5,10.6,4.15,5.78,3.29,1.62,1.27
1804.75,10.2,4.23,5.88,2.62,1.48,1.4
1805.0,9.58,3.79,5.55,1.89,1.37,1.46
1805.25,10.2,4.34,5.83,3.07,1.85,1.36
1805.5,10.6,4.26,5.74,3.2,1.71,1.16
1805.75,10.4,4.41,5.9,2.91,1.66,1.23
1806.0,10.1,3.7,5.45,2.37,1.39,1.14
1806.25,10.4,3.99,6.34,2.42,1.41,1.17
1806.5,9.12,4.53,6.4,2.51,1.89,1.11
1806.75,8.13,4.98,6.35,1.12,1.92,1.05
1807.0,8.94,4.87,7.29,1.84,1.2,1.06
1807.25,10.2,6.39,6.96,2.38,1.21,1.21
1807.5,11.4,8.0,7.19,1.97,1.48,0.785
1807.75,12.0,9.28,10.5,2.1,1.77,1.31
1808.0,14.0,12.0,14.4,2.68,2.17,1.24
1808.25,14.2,11.7,17.5,2.65,1.26,1.15
1808.5,14.2,12.8,16.5,2.64,1.13,1.11
1808.75,16.3,13.1,17.8,2.21,1.61,1.3
1809.0,16.1,13.8,17.1,2.83,1.23,1.04
1809.25,18.2,15.2,19.7,2.6,2.75,1.25
1809.5,19.5,16.3,20.4,2.9,1.97,1.82
1809.75,20.0,16.2,21.0,2.55,1.38,1.24
1810.0,20.9,15.1,20.5,2.68,1.18,1.19
1810.25,20.7,14.8,21.3,2.51,1.45,0.987
1810.5,19.7,14.8,21.3,1.74,1.15,1.54
1810.75,20.0,14.7,22.2,2.58,1.52,1.24
1811.0,20.4,14.1,20.1,2.35,1.26,1.07
1811.25,21.2,13.8,18.8,2.14,1.28,0.846
1811.5,22.4,12.0,18.4,2.05,1.17,1.47
1811.75,21.4,11.0,18.2,2.33,1.51,1.1
1812.0,20.6,11.3,17.7,2.31,1.79,1.6
1812.25,20.9,10.8,18.4,2.22,1.59,1.54
1812.5,22.9,13.3,17.6,3.03,1.59,1.98
1812.75,23.5,15.2,20.2,3.74,1.46,2.25
1813.0,28.0,21.3,22.4,4.12,1.08,1.67
1813.25,30.9,22.2,21.3,4.41,1.99,1.57
1813.5,32.5,25.0,24.2,3.87,2.17,1.67
1813.75,32.9,24.0,28.6,4.24,2.57,2.49
1814.0,34.5,25.9,35.0,3.76,3.42,3.23
1814.25,33.0,25.0,36.1,2.57,2.51,2.48
1814.5,32.8,23.1,35.4,2.39,2.44,2.43
1814.75,32.8,25.0,36.3,2.59,2.57,2.36
1815.0,32.7,24.6,36.0,1.91,2.82,2.8
1815.25,30.8,22.6,31.8,1.67,1.76,2.07
1815.5,33.2,25.0,31.0,2.48,2.51,1.93
1815.75,32.7,24.7,32.9,3.63,2.32,2.66
1816.0,30.1,22.2,29.0,2.73,0.89,1.98
1816.25,29.4,22.2,24.5,2.96,0.506,1.94
1816.5,26.0,19.0,23.7,2.93,0.626,2.34
1816.75,25.1,18.3,25.1,3.76,0.889,2.66
1817.0,25.9,16.2,22.3,3.45,0.93,2.21
1817.25,24.0,12.8,18.7,3.1,1.46,2.19
1817.5,21.4,12.6,16.8,3.09,1.32,2.05
1817.75,21.6,12.2,14.8,3.54,1.73,1.62
1818.0,20.6,12.6,14.5,2.66,2.26,1.66
1818.25,20.5,13.6,14.1,3.6,2.39,1.62
1818.5,21.3,13.3,14.0,3.79,1.85,1.62
1818.75,20.4,13.1,12.7,4.32,2.17,2.25
1819.0,19.8,14.1,12.1,2.94,2.54,2.06
1819.25,19.7,15.6,11.5,3.77,2.58,1.78
1819.5,18.7,12.1,10.2,3.11,2.21,1.01
1819.75,17.7,11.7,9.48,3.49,1.84,1.32
1820.0,17.1,11.5,10.0,3.89,2.0,1.66
1820.25,17.1,11.9,9.72,4.31,2.11,1.38
1820.5,15.6,7.41,8.61,3.78,1.39,1.23
1820.75,14.8,7.1,7.63,2.57,1.27,1.2
1821.0,14.3,6.09,6.6,3.77,1.16,1.01
1821.25,14.4,6.37,7.05,3.91,1.5,1.46
1821.5,14.5,6.38,8.26,3.38,1.5,1.73
1821.75,14.5,6.5,7.87,3.65,1.71,1.56
1822.0,14.1,6.27,7.81,3.77,1.63,1.34
1822.25,13.8,5.73,7.22,3.56,1.36,1.18
1822.5,14.6,6.08,7.22,4.17,1.55,1.38
1822.75,14.1,6.03,6.91,4.12,1.89,1.21
1823.0,13.7,5.83,6.96,3.6,1.88,1.5
1823.25,14.0,5.22,6.7,2.91,1.28,1.47
1823.5,14.2,5.76,7.37,4.18,1.66,1.9
1823.75,13.8,6.52,7.06,3.96,1.57,1.63
1824.0,14.3,5.49,6.75,3.16,1.48,1.47
1824.25,13.4,5.57,6.14,3.19,1.57,1.22
1824.5,13.6,5.36,7.05,3.16,1.3,1.58
1824.75,13.8,5.92,6.53,3.59,1.42,1.12
1825.0,12.9,5.61,6.87,2.22,1.41,1.44
1825.25,13.9,5.91,6.98,3.37,1.74,1.47
1825.5,13.7,5.67,6.54,3.57,1.52,1.56
1825.75,13.7,5.43,6.79,3.67,1.13,1.29
1826.0,12.6,5.29,6.71,1.93,1.27,1.41
1826.25,13.5,5.58,6.85,3.42,1.31,1.4
1826.5,14.0,5.77,6.47,3.61,1.66,1.46
1826.75,13.7,6.03,6.67,3.58,1.57,1.35
1827.0,13.4,5.22,6.8,3.55,1.2,1.43
1827.25,12.8,5.34,6.67,2.92,1.26,1.3
1827.5,13.8,5.76,6.54,3.45,1.64,1.29
1827.75,13.3,6.01,7.1,3.36,1.86,1.55
1828.0,13.2,5.9,6.89,2.37,1.43,1.47
1828.25,13.5,5.14,6.51,3.63,1.11,1.32
1828.5,13.2,5.09,6.36,3.08,1.23,1.61
1828.75,13.0,5.54,6.63,2.53,1.36,1.37
1829.0,12.2,5.62,6.87,2.0,1.2,1.24
1829.25,13.2,5.7,6.75,2.96,1.57,1.37
1829.5,13.6,6.09,6.4,3.45,1.98,1.15
1829.75,13.5,5.22,7.02,3.13,1.18,1.61
1830.0,12.7,5.59,7.0,2.32,1.22,1.46
1830.25,13.4,5.77,6.7,3.2,1.64,1.4
1830.5,11.5,5.15,6.82,3.51,1.5,1.42
1830.75,11.7,5.78,6.88,2.94,1.64,1.72
1831.0,12.7,9.3,7.05,2.65,1.72,0.977
1831.25,14.3,9.91,7.58,3.59,1.71,0.751
1831.5,16.3,9.95,10.6,3.56,1.67,0.828
1831.75,17.0,11.1,11.9,3.57,1.68,1.33
1832.0,17.8,12.7,13.7,3.3,1.52,1.42
1832.25,18.2,13.9,16.2,3.48,1.83,1.57
1832.5,18.2,14.0,17.1,3.33,2.65,1.41
1832.75,18.0,15.2,19.3,2.4,1.42,1.7
1833.0,20.1,17.6,20.5,3.98,3.44,1.55
1833.25,19.3,17.6,20.6,2.81,2.77,1.44
1833.5,21.6,19.0,21.9,3.58,2.81,1.55
1833.75,20.9,20.0,21.4,2.49,2.25,1.36
1834.0,21.3,19.3,22.4,3.16,1.71,2.0
1834.25,19.7,18.6,21.4,2.68,2.41,1.69
1834.5,21.4,20.0,23.9,2.5,1.49,2.05
1834.75,23.9,19.6,25.1,3.07,1.56,2.31
1835.0,23.1,18.7,22.0,2.38,1.42,1.83
1835.25,22.9,17.8,20.6,2.69,0.712,1.35
1835.5,22.5,16.2,20.2,2.79,0.803,1.39
1835.75,21.9,16.7,21.2,2.86,1.65,1.85
1836.0,20.0,16.9,18.3,1.89,1.58,1.51
1836.25,22.6,18.0,21.8,2.51,2.31,1.99
1836.5,23.4,17.4,19.8,2.91,1.61,1.71
1836.75,27.2,19.3,22.3,3.04,2.0,1.97
1837.0,29.7,20.2,27.2,2.56,1.96,3.03
1837.25,31.3,23.1,30.8,2.96,2.24,3.18
1837.5,35.6,27.8,34.6,3.04,2.08,3.29
1837.75,38.6,31.1,36.9,3.73,2.57,3.4
1838.0,41.8,32.0,39.4,4.03,2.36,3.12
1838.25,46.0,31.5,41.5,5.46,2.58,3.54
1838.5,44.1,30.8,40.5,4.64,1.53,3.31
1838.75,42.0,30.3,41.7,4.07,2.34,3.46
1839.0,40.8,30.3,37.0,3.99,2.22,3.13
1839.25,43.3,29.4,38.6,4.82,1.66,3.54
1839.5,45.0,28.9,36.8,5.47,1.21,3.42
1839.75,43.5,27.7,34.8,5.44,0.965,3.42
1840.0,39.8,25.1,34.1,4.43,0.965,3.28
1840.25,36.9,22.1,32.5,3.91,0.87,2.86
1840.5,34.4,21.5,31.9,3.87,0.625,2.72
1840.75,29.2,19.6,27.1,3.36,0.792,2.9
1841.0,25.6,17.4,24.4,2.81,1.37,2.71
1841.25,25.7,16.1,20.6,3.45,1.08,2.51
1841.5,20.7,12.7,17.6,2.92,1.03,2.22
1841.75,19.1,13.0,15.5,3.13,1.57,2.07
1842.0,19.4,10.6,15.6,3.25,1.77,1.99
1842.25,18.4,10.4,14.3,3.19,1.77,2.0
1842.5,19.0,10.4,11.5,2.63,1.11,1.57
1842.75,16.6,9.39,8.95,2.95,1.02,1.26
1843.0,17.3,9.2,9.45,3.02,1.14,1.32
1843.25,17.4,8.44,9.38,2.99,1.26,1.25
1843.5,18.1,7.18,8.94,2.97,1.08,1.09
1843.75,18.0,7.13,8.64,3.09,1.32,1.13
1844.0,17.1,6.12,8.19,3.11,1.23,1.18
1844.25,17.7,7.44,8.46,3.19,1.37,1.38
1844.5,17.5,6.59,8.39,3.06,1.71,1.45
1844.75,16.7,6.52,8.73,3.0,1.68,1.57
1845.0,16.6,6.8,8.79,2.84,1.77,1.62
1845.25,16.2,5.54,8.29,2.82,1.36,1.22
1845.5,16.3,5.63,8.53,3.08,1.46,1.46
1845.75,15.9,5.74,8.4,3.24,1.48,1.48
1846.0,14.9,6.01,7.97,3.24,1.63,1.26
1846.25,13.2,5.41,6.84,2.91,1.59,1.52
1846.5,12.8,5.46,7.15,2.7,1.59,1.73
1846.75,13.1,5.22,6.99,2.82,1.78,1.95
1847.0,13.1,5.33,6.69,3.02,1.86,1.74
1847.25,12.7,5.18,6.63,2.78,1.76,1.57
1847.5,13.0,4.69,6.31,3.01,1.52,1.32
1847.75,13.1,5.04,6.52,3.22,1.52,1.49
1848.0,13.1,5.35,6.45,3.14,1.81,1.46
1848.25,13.2,5.49,6.46,3.14,1.77,1.7
1848.5,13.2,4.8,6.51,3.09,1.56,1.49
1848.75,12.6,4.8,6.58,2.68,1.44,1.75
1849.0,12.9,5.01,6.17,2.76,1.62,1.55
1849.25,13.1,5.57,6.14,3.21,1.86,1.63
1849.5,13.0,5.69,6.13,3.08,2.03,1.8
1849.75,12.6,4.81,6.63,2.53,1.6,1.96
1850.0,12.0,4.8,6.05,1.17,1.52,1.71
1850.25,13.0,5.45,6.05,2.74,1.69,1.56
1850.5,12.3,5.34,6.2,2.63,1.88,1.58
1850.75,13.3,5.09,6.17,3.16,1.82,1.65
1851.0,12.7,4.82,5.89,2.85,1.41,1.46
1851.25,13.0,5.28,6.11,3.18,1.53,1.78
1851.5,12.5,5.14,6.23,3.04,1.76,1.76
1851.75,12.7,5.2,6.09,2.79,1.98,1.96
1852.0,12.1,4.67,6.04,1.83,1.45,1.89
1852.25,12.9,5.3,5.83,3.16,1.85,1.41
1852.5,12.7,5.55,5.62,3.43,1.96,1.42
1852.75,13.1,5.46,5.95,3.3,2.07,1.64
1853.0,13.0,4.89,5.93,3.27,1.67,1.64
1853.25,12.7,4.82,5.83,3.25,1.48,1.54
1853.5,12.3,5.2,5.19,2.83,1.54,1.43
1853.75,12.5,5.03,5.17,2.67,1.56,1.67
1854.0,12.4,4.94,6.4,2.17,1.48,1.74
1854.25,12.5,4.6,6.28,2.74,1.46,1.61
1854.5,10.5,5.27,6.41,2.29,1.71,1.53
1854.75,9.78,4.55,5.73,2.01,1.95,1.36
1855.0,11.3,6.98,6.59,3.04,1.83,1.21
1855.25,12.2,7.32,7.02,2.78,1.82,0.991
1855.5,13.7,7.81,8.13,2.69,1.84,0.986
1855.75,13.4,10.8,8.83,0.91,1.75,0.887
1856.0,16.2,11.1,9.18,3.78,1.61,0.992
1856.25,19.7,12.9,10.3,4.14,1.92,1.45
1856.5,21.9,13.5,13.4,4.68,1.95,2.04
1856.75,23.1,13.2,16.2,3.79,0.869,2.11
1857.0,23.3,13.4,16.2,3.78,0.952,2.04
1857.25,23.4,14.4,18.7,4.04,1.49,2.34
1857.5,24.0,16.9,21.1,2.55,1.61,2.36
1857.75,26.2,18.8,23.3,4.01,1.92,2.2
1858.0,27.5,20.5,22.6,4.1,1.98,2.11
1858.25,26.8,20.4,23.6,4.11,1.62,1.68
1858.5,26.9,22.1,25.6,3.77,1.16,1.47
1858.75,25.3,23.1,26.0,3.64,1.77,1.8
1859.0,26.6,21.8,27.7,3.92,2.55,1.96
1859.25,22.9,22.1,27.2,1.64,2.33,1.55
1859.5,22.1,20.0,25.8,2.68,2.48,1.63
1859.75,24.8,19.1,25.1,2.76,2.33,1.53
1860.0,23.7,17.1,21.2,3.05,2.98,2.2
1860.25,23.7,14.1,18.6,2.41,2.06,1.12
1860.5,24.3,13.3,19.3,2.93,1.71,1.44
1860.75,21.5,12.0,20.3,2.05,1.98,1.16
1861.0,19.8,12.3,20.7,1.27,2.21,1.26
1861.25,22.7,13.6,23.6,2.66,2.74,1.3
1861.5,26.3,17.2,28.2,2.79,2.59,1.26
1861.75,25.0,18.4,30.9,2.44,2.19,0.771
1862.0,29.7,25.2,31.7,2.9,3.14,0.803
1862.25,30.6,26.5,33.3,2.81,2.71,1.05
1862.5,32.7,27.3,33.4,2.71,2.69,0.635
1862.75,33.5,29.2,36.8,2.4,3.22,0.605
1863.0,33.6,29.6,36.8,3.1,2.69,0.388
1863.25,33.4,30.3,38.1,3.43,2.03,0.844
1863.5,32.9,31.4,36.8,3.21,2.46,0.575
1863.75,33.5,29.7,35.7,3.13,2.2,0.497
1864.0,33.9,27.1,31.9,3.15,1.95,0.348
1864.25,31.6,28.9,31.6,2.71,2.9,0.866
1864.5,29.3,24.0,30.2,1.17,2.72,0.548
1864.75,29.8,25.5,26.3,1.93,3.32,0.676
1865.0,26.9,19.7,24.3,2.56,2.78,0.847
1865.25,22.7,15.3,20.5,2.55,2.17,1.94
1865.5,20.9,13.6,15.9,2.76,2.19,1.9
1865.75,20.5,12.3,14.7,2.91,2.53,2.02
1866.0,20.0,11.2,14.4,2.87,2.28,1.83
1866.25,19.1,8.79,15.0,1.57,1.37,1.75
1866.5,19.4,8.51,13.7,1.62,1.15,1.68
1866.75,18.3,7.13,14.3,2.5,1.51,2.17
1867.0,19.0,7.59,11.4,3.03,1.51,1.3
1867.25,18.2,6.69,10.6,2.04,0.984,1.19
1867.5,16.7,6.65,9.8,2.53,1.32,1.36
1867.75,13.7,7.01,9.0,2.36,1.74,1.18
1868.0,13.3,7.03,8.71,2.21,1.45,1.33
1868.25,12.8,8.34,8.47,1.61,1.37,1.01
1868.5,13.2,7.43,8.4,2.92,1.24,1.16
1868.75,13.2,6.33,8.52,2.86,1.2,1.01
1869.0,13.2,6.61,8.63,2.9,1.5,1.35
1869.25,13.1,7.61,9.87,2.8,1.37,1.31
1869.5,12.8,8.02,8.59,2.14,1.43,1.52
1869.75,12.6,6.21,8.57,2.41,1.39,1.17
1870.0,12.0,5.27,9.06,1.64,1.52,1.47
1870.25,12.3,5.2,8.11,2.37,1.51,1.24
1870.5,12.5,5.23,8.17,2.83,1.66,1.34
1870.75,12.5,5.02,8.18,2.94,1.73,1.32
1871.0,12.7,4.28,7.94,3.72,1.34,1.54
1871.25,12.7,4.48,7.78,3.22,1.53,1.69
1871.5,12.5,5.13,8.26,2.91,1.77,1.58
1871.75,11.3,5.02,7.65,1.59,1.95,1.48
1872.0,12.1,5.57,7.32,2.23,2.04,1.57
1872.25,11.9,4.62,7.94,2.83,1.24,1.88
1872.5,12.3,5.36,7.79,3.1,1.83,1.59
1872.75,12.3,4.9,7.55,3.34,1.91,1.82
1873.0,12.2,4.84,7.4,2.79,1.73,1.21
1873.25,11.9,4.74,7.39,2.91,1.58,1.57
1873.5,11.7,4.86,7.29,1.99,1.42,1.28
1873.75,11.9,4.85,7.34,2.51,1.76,1.62
1874.0,11.7,4.73,7.61,2.64,1.57,1.35
1874.25,12.8,4.84,7.69,3.66,1.88,1.87
1874.5,11.7,4.49,7.96,2.89,1.44,1.5
1874.75,12.3,4.71,7.86,3.11,1.64,1.75
1875.0,12.1,4.71,7.54,3.19,1.72,1.47
1875.25,11.3,4.77,7.41,1.82,1.83,1.76
1875.5,11.9,5.37,7.5,2.69,2.19,1.6
1875.75,11.7,4.66,6.88,2.91,1.61,1.21
1876.0,12.3,4.49,7.22,3.23,1.55,1.37
1876.25,12.2,4.65,6.99,3.01,1.53,1.34
1876.5,11.7,4.93,7.3,2.83,1.56,1.66
1876.75,11.2,3.88,6.93,3.36,1.53,1.78
1877.0,11.2,3.68,6.76,1.98,1.35,1.73
1877.25,11.0,4.38,6.84,2.44,1.86,1.65
1877.5,11.2,4.6,6.66,3.19,1.84,1.49
1877.75,11.1,4.41,6.71,2.81,1.97,1.53
1878.0,11.6,4.07,6.77,2.56,1.69,1.56
1878.25,11.4,3.91,6.79,2.84,1.78,1.53
1878.5,10.1,4.1,6.2,2.9,1.66,1.43
1878.75,8.57,3.96,6.58,0.599,1.84,1.25
1879.0,10.6,5.23,6.88,2.25,1.66,0.809
1879.25,11.9,6.25,6.64,2.42,1.61,0.56
1879.5,12.1,8.29,8.66,3.02,1.08,1.53
1879.75,12.4,8.72,10.5,2.71,1.37,1.11
1880.0,14.1,10.0,13.1,2.84,1.2,1.52
1880.25,17.4,11.7,14.1,3.37,1.73,1.7
1880.5,18.0,12.8,13.9,1.77,1.13,1.74
1880.75,22.7,13.6,17.5,3.73,1.25,2.0
1881.0,22.4,13.4,18.7,2.95,0.897,1.68
1881.25,21.5,15.5,19.9,2.68,0.783,1.76
1881.5,21.0,21.8,21.4,2.89,0.938,1.8
1881.75,20.6,22.3,21.6,3.41,1.29,2.27
1882.0,20.3,20.8,22.4,2.72,1.21,2.04
1882.25,22.0,19.4,22.0,2.56,0.578,1.89
1882.5,22.7,20.7,20.6,3.3,0.618,1.65
1882.75,22.5,21.8,21.2,3.16,1.34,1.28
1883.0,22.1,21.8,20.7,2.82,0.911,1.35
1883.25,22.8,20.5,20.3,3.47,1.12,1.37
1883.5,21.4,19.4,18.6,3.13,1.1,1.69
1883.75,18.7,19.2,17.5,1.48,2.5,1.55
1884.0,19.8,17.7,19.7,2.17,1.89,1.84
1884.25,21.3,19.8,19.5,3.25,2.59,1.89
1884.5,20.6,21.4,21.1,2.55,2.8,2.19
1884.75,21.7,21.6,21.1,2.81,2.51,1.81
1885.0,20.4,21.9,23.6,2.76,3.89,2.08
1885.25,23.1,16.4,24.0,2.77,2.24,1.69
1885.5,25.8,18.1,29.3,2.66,2.09,1.95
1885.75,26.6,18.9,30.0,3.6,1.74,1.69
1886.0,26.4,19.0,31.1,3.59,1.97,1.71
1886.25,25.4,18.1,31.1,3.53,1.57,1.48
1886.5,26.8,19.4,30.4,3.69,1.28,1.91
1886.75,25.2,20.6,30.5,3.29,2.11,1.75
1887.0,22.5,18.3,29.9,2.28,1.38,1.14
1887.25,21.4,15.0,26.9,1.95,1.64,1.34
1887.5,24.7,16.4,25.3,2.46,1.19,0.577
1887.75,26.1,16.5,25.6,3.1,0.96,0.411
1888.0,25.2,16.1,24.1,2.38,1.17,0.546
1888.25,25.4,15.3,23.4,2.52,1.11,0.679
1888.5,27.5,14.1,21.3,3.09,0.756,0.773
1888.75,26.7,13.4,19.1,2.41,1.48,0.727
1889.0,23.9,11.3,17.6,1.14,1.17,1.23
1889.25,23.7,10.2,14.6,2.3,1.0,1.06
1889.5,22.5,10.4,12.3,2.21,1.58,0.919
1889.75,21.1,10.1,11.2,2.81,1.97,1.03
1890.0,18.3,7.95,10.6,2.8,1.53,1.13
1890.25,17.3,7.95,9.42,3.19,1.47,0.959
1890.5,17.0,7.66,8.66,2.46,1.38,0.735
1890.75,15.8,7.78,9.4,2.25,1.53,1.46
1891.0,18.2,9.77,9.09,3.13,1.73,1.18
1891.25,17.2,9.6,9.67,2.74,1.8,1.21
1891.5,17.4,9.09,9.17,3.37,1.87,0.959
1891.75,15.3,9.35,9.58,3.46,1.85,0.951
1892.0,15.8,8.77,9.63,3.88,1.96,1.24
1892.25,15.3,9.07,9.15,3.32,1.95,1.12
1892.5,15.6,8.86,9.26,1.99,1.9,1.03
1892.75,16.4,10.5,9.83,3.45,2.79,1.1
1893.0,16.7,8.73,9.7,3.6,2.2,1.13
1893.25,16.0,5.93,9.15,2.68,1.26,1.07
1893.5,15.9,6.23,9.59,2.9,1.63,1.04
1893.75,15.5,6.73,8.82,3.46,1.98,1.37
1894.0,14.7,6.1,8.39,3.84,2.14,1.4
1894.25,14.0,5.4,7.83,2.33,1.49,1.14
1894.5,13.9,5.01,7.89,3.56,1.47,1.21
1894.75,13.9,5.85,7.45,3.56,1.82,1.02
1895.0,14.0,5.4,7.09,3.74,1.71,1.23
1895.25,14.0,5.28,7.48,4.05,1.76,1.45
1895.5,14.4,4.86,7.31,4.3,1.62,1.63
1895.75,14.2,5.35,7.47,3.97,1.86,1.83
1896.0,13.2,5.05,7.32,2.53,1.4,1.51
1896.25,14.4,5.03,6.85,4.45,1.55,1.24
1896.5,13.4,5.19,7.12,3.98,1.87,1.35
1896.75,14.2,5.26,6.92,3.94,1.84,1.43
1897.0,13.4,5.08,7.29,3.76,1.65,1.65
1897.25,14.0,5.37,6.78,3.98,2.08,1.35
1897.5,12.7,4.86,7.06,2.32,1.6,1.5
1897.75,13.2,5.13,7.12,2.85,1.45,1.34
1898.0,13.4,5.08,7.19,3.73,1.56,1.33
1898.25,13.1,5.11,7.31,3.26,1.6,1.6
1898.5,13.4,5.15,6.91,3.23,1.59,1.22
1898.75,13.1,4.88,6.94,3.32,1.27,1.34
1899.0,12.9,5.05,6.7,3.15,1.65,1.29
1899.25,12.2,5.47,6.9,2.07,1.91,1.47
1899.5,12.9,5.09,6.84,2.25,1.82,1.16
1899.75,13.2,5.24,6.63,3.38,1.62,1.27
1900.0,13.1,4.84,6.73,3.49,1.46,1.34
1900.25,13.6,5.4,7.01,3.79,2.0,1.63
1900.5,13.5,5.16,6.95,3.95,1.83,1.54
1900.75,12.9,5.63,7.01,3.67,1.68,1.33
1901.0,12.1,4.63,6.85,2.22,1.2,1.3
1901.25,13.3,4.86,6.59,3.34,1.44,1.1
1901.5,12.8,5.11,6.88,3.52,1.59,1.38
1901.75,13.1,5.43,6.44,3.44,1.84,1.17
1902.0,13.5,5.59,6.74,3.61,1.9,1.09
1902.25,12.5,4.63,7.0,3.11,1.38,1.33
1902.5,10.1,5.05,6.33,2.3,1.68,1.08
1902.75,10.7,5.11,7.37,1.52,1.74,1.37
1903.0,12.2,5.06,7.19,3.2,1.62,0.716
1903.25,11.7,7.3,7.73,3.07,1.64,0.557
1903.5,13.1,7.39,8.78,2.78,1.78,0.966
1903.75,15.3,8.53,12.0,2.8,1.83,2.06
1904.0,17.3,10.3,15.6,2.48,1.68,1.87
1904.25,17.1,10.7,16.1,1.93,1.76,1.7
1904.5,18.4,11.7,17.9,1.99,1.78,2.24
1904.75,21.1,12.8,16.3,2.5,1.91,1.71
1905.0,20.9,13.6,16.4,2.67,1.33,1.56
1905.25,20.5,15.1,17.2,2.33,1.35,1.44
1905.5,19.1,13.4,16.8,2.26,1.06,1.45
1905.75,18.8,15.3,17.2,2.1,1.44,1.46
1906.0,18.8,15.8,17.7,1.35,1.47,1.46
1906.25,18.5,14.3,19.5,2.2,1.19,1.62
1906.5,18.7,16.5,17.7,2.41,1.46,0.988
1906.75,18.7,18.6,18.1,2.62,1.89,1.14
1907.0,19.9,16.4,18.1,2.44,1.59,1.1
1907.25,20.7,16.2,17.5,2.4,1.61,1.18
1907.5,20.7,15.6,15.9,2.43,1.23,1.15
1907.75,22.9,16.2,17.4,0.683,1.71,1.35
1908.0,23.6,14.6,18.9,3.2,2.21,0.913
1908.25,25.4,12.0,19.7,3.68,1.71,0.592
1908.5,24.7,11.2,19.7,2.97,1.69,0.802
1908.75,24.1,11.1,21.2,3.61,1.95,1.15
1909.0,24.6,12.5,21.2,3.57,1.98,1.17
1909.25,24.3,12.5,28.0,2.43,2.27,1.42
1909.5,28.1,15.2,26.3,2.38,2.09,1.04
1909.75,32.3,16.3,28.6,3.03,2.26,1.58
1910.0,32.9,18.0,29.3,2.61,1.77,1.76
1910.25,34.6,18.3,32.4,3.37,1.65,1.17
1910.5,34.6,18.6,33.0,3.52,1.13,1.16
1910.75,34.3,17.6,28.6,3.72,1.15,0.461
1911.0,34.8,18.1,31.8,2.84,1.17,1.18
1911.25,35.9,16.5,30.1,3.83,1.05,0.563
1911.5,36.5,17.7,30.2,4.16,0.725,1.05
1911.75,36.9,16.4,29.3,4.68,0.833,0.994
1912.0,36.1,14.8,28.7,4.47,1.95,0.999
1912.25,35.4,13.4,27.2,3.96,2.26,0.494
1912.5,32.6,12.7,27.6,4.14,0.924,0.969
1912.75,29.6,12.1,24.1,4.24,1.23,1.39
1913.0,26.3,9.7,20.9,3.29,1.07,1.14
1913.25,26.4,9.03,17.6,2.72,1.19,1.01
1913.5,23.1,8.57,17.6,2.41,1.27,0.972
1913.75,22.1,7.86,12.7,3.07,1.58,0.213
1914.0,21.2,7.43,11.4,3.2,1.5,0.747
1914.25,20.0,6.57,10.1,3.32,1.07,0.898
1914.5,21.4,7.34,10.0,3.13,1.18,0.949
1914.75,19.7,7.96,10.8,2.16,1.13,0.783
1915.0,21.0,7.11,10.6,2.67,0.924,0.426
1915.25,19.6,7.31,11.5,1.57,1.06,0.445
1915.5,20.3,6.4,10.8,3.1,0.858,0.216
1915.75,17.5,7.08,10.9,2.81,1.3,0.772
1916.0,15.5,6.31,10.3,2.29,1.35,0.821
1916.25,15.0,6.91,9.87,2.54,1.35,0.923
1916.5,14.1,5.99,9.72,2.44,1.06,0.948
1916.75,15.4,6.15,10.3,3.49,1.38,0.951
1917.0,14.5,7.17,9.08,3.33,1.77,0.965
1917.25,13.6,6.66,8.77,1.72,1.27,0.822
1917.5,14.0,6.07,8.05,2.93,1.46,0.881
1917.75,12.9,5.16,7.66,2.52,1.29,0.837
1918.0,13.0,5.35,7.55,2.71,1.56,0.963
1918.25,13.6,5.72,7.62,2.66,1.42,1.01
1918.5,13.2,5.91,8.01,2.84,1.45,1.09
1918.75,13.3,5.54,7.89,2.82,1.7,1.06
1919.0,13.0,5.24,7.75,1.8,1.69,1.36
1919.25,12.4,5.18,7.06,2.04,1.93,1.13
1919.5,13.1,5.59,7.09,2.54,1.92,1.23
1919.75,12.9,5.38,7.08,2.92,1.9,1.29
1920.0,12.9,4.59,6.96,2.6,1.47,1.38
1920.25,12.9,4.6,6.69,2.9,1.26,1.1
1920.5,12.8,5.82,7.1,2.81,2.11,1.2
1920.75,12.7,5.15,6.98,2.19,1.66,1.26
1921.0,12.5,4.83,7.21,1.94,1.61,1.44
1921.25,13.0,4.86,7.21,2.78,1.51,1.45
1921.5,12.9,5.31,7.39,3.12,1.81,1.53
1921.75,12.9,5.52,6.77,2.72,2.11,1.23
1922.0,13.1,5.35,6.94,3.14,2.12,1.47
1922.25,13.0,4.5,6.79,2.66,1.34,1.21
1922.5,12.5,5.04,6.93,2.28,1.6,1.17
1922.75,11.9,5.03,6.78,1.38,1.53,1.11
1923.0,12.5,5.11,6.72,2.8,1.9,1.13
1923.25,12.3,4.66,6.75,2.36,1.44,1.22
1923.5,11.6,5.08,6.81,2.61,1.44,1.2
1923.75,12.7,4.72,7.28,2.62,1.59,1.57
1924.0,12.6,4.98,6.56,2.67,1.47,1.17
1924.25,12.4,4.98,6.81,2.38,1.89,1.17
1924.5,12.0,5.19,6.33,0.993,1.78,1.1
1924.75,12.5,4.67,6.83,3.23,1.39,1.1
1925.0,12.5,5.34,6.22,2.72,1.92,0.976
1925.25,12.6,5.29,6.98,2.89,2.04,1.29
1925.5,12.4,4.8,6.94,2.67,1.5,1.38
1925.75,12.2,4.87,6.75,2.36,1.29,1.22
1926.0,12.2,4.74,7.29,2.61,1.54,1.53
1926.25,11.6,4.88,6.85,1.12,1.65,1.17
1926.5,10.3,4.46,6.39,2.47,1.43,0.99
1926.75,10.9,4.95,5.97,2.44,1.51,0.952
1927.0,11.2,5.13,6.24,2.77,1.92,0.961
1927.25,9.36,4.46,6.32,2.55,1.9,0.949
1927.5,9.62,4.07,6.11,2.54,1.77,0.881
1927.75,9.46,4.4,5.88,2.24,1.83,0.848
1928.0,9.19,3.99,6.1,1.47,1.44,0.805
1928.25,9.78,5.22,6.83,2.44,1.56,0.653
1928.5,11.1,5.07,7.37,2.38,1.47,0.973
1928.75,11.0,4.79,6.8,2.37,1.67,0.659
1929.0,11.4,5.18,7.66,2.39,1.69,0.624
1929.25,10.7,3.93,6.72,2.34,1.22,0.494
1929.5,11.1,4.66,7.65,2.78,1.58,0.949
1929.75,10.6,5.17,8.36,2.34,1.83,0.902
1930.0,10.3,4.86,8.5,1.58,1.58,1.11
1930.25,10.3,4.52,7.43,1.9,1.47,1.06
1930.5,10.1,4.55,8.05,2.03,1.52,1.13
1930.75,10.5,5.19,6.96,2.02,1.41,1.36
1931.0,10.2,5.04,7.99,1.68,1.41,1.09
1931.25,10.7,4.75,7.2,2.13,1.5,1.0
1931.5,10.4,5.06,6.18,2.19,1.36,0.984
1931.75,9.99,3.78,7.16,0.953,1.07,0.999
1932.0,10.1,4.66,7.35,2.06,1.51,0.811
1932.25,10.4,5.0,7.04,2.51,1.89,0.954
1932.5,9.47,4.76,6.96,2.4,1.98,0.986
1932.75,9.14,4.75,6.9,1.82,1.82,1.1
1933.0,8.7,4.68,7.16,2.65,1.39,1.04
1933.25,8.3,4.44,6.78,2.57,1.64,0.934
1933.5,7.62,4.56,6.6,1.25,1.84,0.755
1933.75,8.41,4.54,6.56,2.66,1.6,0.869
1934.0,8.59,4.52,7.0,2.93,1.26,1.04
1934.25,7.96,3.88,6.61,2.38,1.35,0.971
1934.5,8.21,4.84,6.54,2.36,1.62,0.685
1934.75,10.1,6.96,6.61,2.47,1.57,0.762
1935.0,9.24,7.27,6.89,1.72,1.68,1.06
1935.25,9.0,6.35,6.92,2.37,1.76,0.964
1935.5,9.27,5.75,7.3,2.88,1.5,1.4
1935.75,9.32,6.16,6.79,2.5,1.44,1.23
1936.0,9.07,6.4,6.47,2.69,1.45,0.959
1936.25,9.15,7.04,6.84,2.78,1.77,0.959
1936.5,8.76,6.34,7.01,1.99,1.48,0.952
1936.75,9.0,6.09,6.88,2.34,1.2,0.761
1937.0,9.52,6.28,6.43,2.83,1.41,0.816
1937.25,8.23,7.01,6.92,1.88,1.88,1.2
1937.5,9.62,6.47,6.71,2.13,1.66,1.08
1937.75,10.3,4.84,7.31,2.46,1.51,1.15
1938.0,9.91,4.55,6.64,2.53,1.64,1.08
1938.25,9.19,4.86,6.37,1.9,1.66,0.766
1938.5,8.9,4.73,6.48,2.34,1.49,0.656
1938.75,9.54,4.54,6.92,3.1,1.31,1.01
1939.0,9.83,5.03,7.17,3.02,1.73,1.18
1939.25,9.96,4.71,7.17,3.17,1.55,1.23
1939.5,9.92,4.35,7.06,3.29,1.24,1.25
1939.75,10.6,4.67,7.12,2.75,1.3,1.44
1940.0,10.7,4.6,7.33,1.83,1.66,1.23
1940.25,11.6,4.59,7.21,3.58,1.82,1.18
1940.5,11.5,5.16,6.88,3.41,1.63,1.18
1940.75,11.4,3.95,6.3,3.31,1.48,1.13
1941.0,11.0,5.01,6.68,3.08,2.01,1.43
1941.25,11.2,4.71,6.77,3.22,1.92,1.46
1941.5,11.0,4.21,7.24,3.28,1.54,1.4
1941.75,11.2,3.93,6.28,3.2,1.54,1.14
1942.0,10.4,4.0,6.55,1.6,1.84,1.46
1942.25,10.6,4.56,6.39,2.91,2.12,1.22
1942.5,11.0,4.16,6.63,2.91,1.89,1.44
1942.75,10.6,4.37,6.62,2.54,1.72,1.54
1943.0,10.6,4.3,6.4,2.76,2.18,1.4
1943.25,10.9,4.57,6.52,3.24,2.26,1.23
1943.5,10.7,4.07,6.39,2.97,2.01,1.09
1943.75,9.97,4.2,6.6,1.79,1.39,1.36
1944.0,10.3,3.77,6.41,2.22,1.67,1.18
1944.25,10.6,4.6,6.65,2.62,2.03,1.53
1944.5,10.5,3.96,6.63,2.67,1.52,1.44
1944.75,10.8,4.48,6.44,3.18,1.79,1.27
1945.0,11.0,4.34,6.64,3.28,1.91,1.13
1945.25,11.6,3.88,6.35,3.57,1.79,1.25
1945.5,11.3,4.54,5.88,3.36,1.86,0.973
1945.75,10.1,4.56,6.65,1.8,2.25,1.35
1946.0,11.1,4.75,6.55,3.2,2.01,1.51
1946.25,11.0,3.39,6.54,3.48,1.32,1.66
1946.5,11.2,4.12,6.11,3.47,1.8,1.2
1946.75,11.1,4.4,6.6,3.4,2.18,1.53
1947.0,10.8,4.28,6.41,3.13,1.87,1.21
1947.25,11.2,4.22,6.49,3.26,1.84,1.32
1947.5,9.92,4.37,6.23,1.36,2.09,1.25
1947.75,10.2,4.5,6.27,2.02,2.18,1.36
1948.0,11.0,4.45,6.15,3.07,2.18,1.3
1948.25,10.9,3.89,6.31,3.42,1.69,1.3
1948.5,11.5,4.4,6.34,3.48,2.05,1.59
1948.75,10.8,3.96,6.31,3.35,1.77,1.32
1949.0,10.8,4.38,6.53,3.14,2.15,1.51
1949.25,10.2,4.3,6.32,2.22,1.75,1.23
1949.5,10.9,3.81,6.45,2.59,1.88,1.47
1949.75,11.0,4.74,6.13,3.36,2.16,1.2
1950.0,11.1,4.02,6.33,3.43,1.69,1.43
1950.25,10.9,4.08,5.88,3.6,1.75,0.91
1950.5,9.25,3.83,6.03,2.76,1.78,1.3
1950.75,9.08,4.07,5.89,2.95,1.83,1.46
1951.0,8.98,4.31,5.94,2.53,2.19,1.25
1951.25,8.56,4.94,5.74,1.73,2.18,1.11
1951.5,9.71,4.1,5.79,3.34,1.38,1.2
1951.75,9.44,4.18,5.77,2.69,1.31,0.867
1952.0,9.26,5.3,5.9,2.77,1.92,0.888
1952.25,9.19,4.61,6.16,2.87,1.89,1.09
1952.5,9.24,4.66,6.14,2.61,1.31,0.973
1952.75,9.58,5.02,6.18,2.26,1.79,1.22
1953.0,8.24,4.83,6.53,0.772,1.98,1.2
1953.25,8.79,4.66,6.4,2.38,1.82,1.08
1953.5,9.12,5.1,5.76,2.37,1.82,1.12
1953.75,9.21,4.24,6.33,2.36,1.61,1.1
1954.0,9.25,4.9,6.49,2.44,1.8,1.1
1954.25,8.79,4.44,6.36,2.12,1.39,1.1
1954.5,9.37,5.28,6.45,2.78,1.86,0.952
1954.75,8.68,4.61,6.06,1.33,1.57,1.04
1955.0,9.66,4.71,6.73,2.9,1.61,1.01
1955.25,9.29,5.32,6.53,2.29,1.84,0.915
1955.5,9.11,5.11,6.57,2.3,1.87,1.13
1955.75,9.36,5.16,6.55,2.55,1.73,0.971
1956.0,9.49,4.79,7.24,2.64,1.77,1.31
1956.25,9.75,5.39,6.78,2.81,1.97,1.0
1956.5,8.75,5.06,6.6,1.21,1.86,0.996
1956.75,9.58,5.51,6.38,2.79,1.88,0.827
1957.0,9.53,4.53,6.85,2.32,1.46,1.12
1957.25,9.63,4.98,6.66,2.66,1.63,1.0
1957.5,9.94,5.2,6.69,3.07,1.88,0.997
1957.75,9.45,5.13,6.97,2.24,1.62,1.18
1958.0,9.15,5.23,7.31,2.17,1.51,1.36
1958.25,9.13,4.91,7.01,1.25,1.51,1.13
1958.5,9.71,5.62,6.79,2.26,2.04,0.95
1958.75,9.71,5.21,7.25,2.3,1.87,0.977
1959.0,9.74,5.42,6.8,2.58,1.64,0.899
1959.25,9.92,4.68,7.19,2.66,1.34,0.97
1959.5,9.77,4.66,6.98,2.33,1.51,0.99
1959.75,9.33,5.65,6.6,2.07,2.01,0.91
1960.0,8.5,5.38,7.35,0.747,1.66,1.14
1960.25,9.54,4.74,7.39,2.45,1.24,1.26
1960.5,9.07,4.65,7.1,2.08,1.42,0.93
1960.75,9.68,4.83,7.04,2.57,1.56,1.07
1961.0,9.14,5.3,6.7,2.22,1.72,0.872
1961.25,9.39,5.55,6.84,2.23,1.66,0.868
1961.5,9.79,4.96,6.66,2.33,1.75,0.931
1961.75,9.34,4.61,6.74,1.56,1.37,0.737
1962.0,9.2,4.76,6.76,1.99,1.49,1.07
1962.25,9.74,5.17,6.6,2.85,1.5,0.819
1962.5,10.5,4.91,6.6,2.44,1.67,1.03
1962.75,11.0,4.98,7.5,2.91,1.64,1.29
1963.0,10.7,4.25,7.38,2.53,1.42,1.39
1963.25,11.1,4.53,6.67,2.81,1.32,1.18
1963.5,10.4,5.28,7.12,2.2,1.78,1.46
1963.75,10.6,4.96,6.52,1.54,1.77,0.957
1964.0,11.3,4.86,6.81,2.91,1.68,1.13
1964.25,10.9,4.26,6.63,2.71,1.5,0.965
1964.5,10.5,4.79,6.77,2.21,1.65,1.12
1964.75,11.3,4.98,6.93,3.06,1.87,1.19
1965.0,10.6,4.83,6.78,2.41,1.75,1.39
1965.25,10.2,4.68,6.68,2.29,1.66,1.42
1965.5,10.3,4.36,6.98,1.77,1.48,1.05
1965.75,10.7,4.51,6.92,2.49,1.48,0.953
1966.0,10.8,4.77,6.46,2.86,1.69,1.09
1966.25,11.3,4.37,6.6,3.29,1.43,1.16
1966.5,11.0,4.78,6.66,3.05,1.87,1.16
1966.75,10.3,5.16,6.86,2.35,2.14,1.41
1967.0,10.7,4.36,6.82,2.65,1.61,1.44
1967.25,10.9,3.94,6.59,3.22,1.3,1.35
1967.5,10.8,4.57,6.73,2.4,1.79,1.25
1967.75,11.0,4.42,6.82,3.18,1.63,1.18
1968.0,11.2,4.84,6.66,3.26,1.9,1.03
1968.25,10.8,4.1,6.36,2.91,1.41,1.16
1968.5,10.8,4.58,6.61,3.1,1.67,1.24
1968.75,11.1,4.6,6.81,3.32,1.84,1.35
1969.0,10.9,5.12,6.88,3.46,2.18,1.58
1969.25,10.1,4.56,6.6,1.93,1.61,1.21
1969.5,10.4,4.06,6.6,2.59,1.54,1.21
1969.75,10.7,4.79,6.48,2.86,1.99,1.24
1970.0,10.7,4.61,6.82,3.12,1.94,1.4
1970.25,11.1,4.62,6.96,3.54,1.79,1.52
1970.5,10.7,4.21,6.62,3.08,1.78,1.35
1970.75,11.0,4.28,6.3,3.33,1.81,1.14
1971.0,10.2,4.47,6.27,2.06,1.64,1.19
1971.25,10.4,4.8,6.51,2.48,1.99,1.21
1971.5,10.6,4.11,6.69,3.14,1.88,1.33
1971.75,10.3,4.76,6.58,2.99,1.91,1.35
1972.0,10.9,4.48,6.89,3.2,1.86,1.47
1972.25,10.4,4.75,6.48,2.94,1.93,1.51
1972.5,10.7,4.42,6.34,3.19,1.7,1.17
1972.75,11.1,4.25,6.39,3.22,1.58,0.993
1973.0,10.1,4.67,6.9,1.96,1.82,1.16
1973.25,10.7,4.48,6.26,2.86,1.85,1.18
1973.5,11.1,4.94,6.22,3.59,1.87,1.18
1973.75,10.5,4.18,6.79,3.2,1.6,1.44
1974.0,10.9,4.03,6.45,2.95,1.59,1.39
1974.25,10.1,4.75,6.5,2.76,1.84,1.34
1974.5,9.02,4.67,6.28,3.02,2.25,1.36
1974.75,8.33,4.43,5.89,1.53,1.64,0.86
1975.0,10.5,6.51,6.29,2.4,1.3,0.805
1975.25,12.3,6.59,7.24,3.23,1.28,0.657
1975.5,13.0,10.7,9.93,2.29,1.93,0.911
1975.75,14.4,12.7,13.4,1.94,1.57,0.655
1976.0,17.4,12.5,14.7,2.64,0.994,0.638
1976.25,17.0,14.5,18.8,3.15,1.56,0.907
1976.5,17.9,15.8,19.2,2.45,1.71,0.854
1976.75,20.4,17.1,18.8,1.34,1.56,0.898
1977.0,21.3,19.8,19.4,2.2,1.82,0.66
1977.25,24.7,20.1,20.7,2.97,1.87,1.02
1977.5,26.3,22.1,21.7,3.48,2.57,0.734
1977.75,27.5,24.4,23.6,3.27,3.03,1.01
1978.0,26.9,24.9,23.9,3.87,2.86,0.909
1978.25,25.8,23.8,24.6,3.76,3.11,0.943
1978.5,23.6,22.7,27.6,2.88,2.68,0.933
1978.75,23.4,23.5,28.6,2.53,2.83,1.16
1979.0,27.0,22.6,29.8,2.96,2.67,1.65
1979.25,32.0,20.1,30.2,4.33,2.14,2.2
1979.5,31.5,19.8,30.8,3.72,1.59,1.34
1979.75,31.2,20.9,32.6,4.37,2.0,1.32
1980.0,31.0,22.6,30.6,4.22,2.21,1.07
1980.25,31.0,20.6,28.5,3.95,1.57,1.29
1980.5,32.5,23.9,27.0,3.66,2.36,1.51
1980.75,30.4,28.1,27.9,3.12,2.41,1.92
1981.0,29.0,26.1,31.3,3.26,2.3,1.95
1981.25,31.5,29.9,33.2,3.73,2.84,1.95
1981.5,36.6,31.9,36.4,3.81,2.73,1.98
1981.75,37.0,33.3,37.4,3.84,2.59,2.27
1982.0,37.4,31.9,38.2,4.19,1.93,2.5
1982.25,37.2,33.7,46.1,4.2,1.72,2.7
1982.5,38.2,35.8,49.5,4.04,1.52,3.24
1982.75,41.2,36.2,55.5,4.9,2.56,4.73
1983.0,40.7,33.0,55.8,3.53,1.61,3.62
1983.25,40.9,35.9,53.9,3.93,1.69,3.29
1983.5,42.5,37.4,51.2,4.61,2.01,3.47
1983.75,43.8,36.0,47.9,4.66,1.68,3.06
1984.0,42.4,37.0,45.2,4.08,1.87,3.06
1984.25,39.7,33.2,42.8,3.49,1.46,2.66
1984.5,38.4,31.3,38.6,3.85,1.67,2.67
1984.75,38.3,30.2,33.2,4.27,2.13,2.01
1985.0,39.0,29.5,28.3,4.7,2.16,1.69
1985.25,33.6,28.1,26.9,4.12,1.72,1.54
1985.5,30.6,28.2,23.3,4.18,1.96,1.59
1985.75,27.5,24.6,19.5,4.02,2.15,1.31
1986.0,23.7,20.0,14.6,3.56,2.3,1.52
1986.25,23.2,19.5,12.1,3.13,1.98,0.847
1986.5,23.4,17.3,13.7,2.47,1.77,1.16
1986.75,23.5,17.6,14.3,3.4,1.73,1.51
1987.0,22.9,18.2,12.8,3.6,2.07,1.57
1987.25,21.4,17.0,11.3,2.92,1.77,1.12
1987.5,20.5,17.9,11.2,2.87,1.9,1.13
1987.75,16.7,15.1,10.4,2.59,1.15,1.01
1988.0,14.9,15.1,9.67,2.83,1.57,0.992
1988.25,14.5,13.3,9.48,2.84,1.91,1.14
1988.5,14.9,13.4,9.31,3.48,2.53,1.73
1988.75,14.1,10.6,9.39,2.85,1.96,1.19
1989.0,14.3,9.84,8.95,3.42,1.68,1.29
1989.25,13.9,9.46,8.83,3.29,1.59,1.09
1989.5,14.0,9.65,9.11,3.27,1.82,1.29
1989.75,13.3,7.86,7.65,2.9,1.65,1.13
1990.0,13.3,7.35,7.84,3.09,1.47,1.14
1990.25,12.8,7.15,7.36,2.54,1.25,0.842
1990.5,12.6,7.21,7.32,2.92,1.65,1.09
1990.75,13.1,6.67,7.7,3.49,1.74,1.39
1991.0,12.2,6.09,6.76,2.63,1.18,1.13
1991.25,12.3,6.47,6.44,2.73,1.43,0.918
1991.5,12.4,6.55,6.66,2.81,1.55,1.16
1991.75,12.4,6.39,6.71,2.96,1.64,1.27
1992.0,12.6,6.46,6.7,3.04,1.64,1.3
1992.25,12.3,6.49,6.82,2.91,1.46,1.39
1992.5,12.6,6.63,6.91,3.06,1.72,1.2
1992.75,11.9,6.34,6.86,2.48,1.71,1.23
1993.0,12.2,5.87,6.37,2.58,1.35,0.989
1993.25,12.3,5.79,6.43,2.91,1.28,0.963
1993.5,12.7,6.15,6.62,3.21,1.35,1.15
1993.75,12.0,6.37,6.85,2.66,1.63,1.45
1994.0,12.2,6.4,7.09,2.92,1.97,1.47
1994.25,12.5,6.52,6.99,2.78,1.85,1.45
1994.5,12.2,6.13,6.7,2.74,1.48,1.14
1994.75,12.4,6.21,6.44,3.0,1.55,1.15
1995.0,12.1,6.42,6.82,2.89,1.97,0.976
1995.25,12.2,6.4,6.51,2.89,1.81,1.15
1995.5,12.5,5.86,6.6,3.41,1.28,1.17
1995.75,12.4,5.94,6.81,3.09,1.43,1.42
1996.0,12.5,6.33,6.73,2.96,1.73,1.44
1996.25,12.6,6.27,6.82,2.94,1.57,1.32
1996.5,12.0,6.21,6.48,2.69,1.65,1.23
1996.75,11.8,5.79,6.38,2.45,1.36,1.07
1997.0,11.8,6.23,6.7,2.25,1.64,1.23
1997.25,11.7,6.46,6.72,1.65,1.88,1.13
1997.5,11.8,5.99,6.6,1.36,1.46,1.04
1997.75,12.3,6.01,6.64,2.66,1.71,1.16
1998.0,12.5,6.21,7.14,2.63,1.31,1.46
1998.25,12.0,6.38,7.13,2.49,1.55,1.17
1998.5,10.7,5.55,7.07,2.62,1.27,0.899
1998.75,9.87,5.95,7.2,2.39,1.74,1.16
1999.0,12.1,9.02,7.26,2.95,1.85,0.993
1999.25,12.3,10.6,7.94,2.73,1.13,0.549
1999.5,14.9,10.6,11.8,2.71,1.89,0.698
1999.75,15.2,12.8,15.5,2.53,1.86,0.325
2000.0,16.4,15.7,17.3,2.31,2.16,1.18
2000.25,20.2,18.1,18.6,2.96,1.49,1.24
2000.5,21.0,19.9,19.5,3.44,0.816,1.08
2000.75,23.9,21.4,23.3,3.3,1.22,1.11
2001.0,24.7,24.0,25.2,2.62,1.44,0.979
2001.25,24.8,25.8,26.6,2.37,1.05,1.08
2001.5,26.0,25.3,27.7,2.79,1.25,1.26
2001.75,26.7,24.9,28.8,2.51,1.75,0.963
2002.0,26.1,25.6,28.3,0.924,1.55,0.902
2002.25,25.2,24.3,28.9,1.93,1.27,0.901
2002.5,25.6,25.1,28.0,2.08,1.33,1.05
2002.75,27.6,25.8,28.4,2.49,1.15,0.957
2003.0,28.9,26.8,30.3,2.59,1.37,1.15
2003.25,28.1,27.3,31.6,2.21,1.4,0.736
2003.5,27.1,21.1,28.3,2.84,1.66,0.832
2003.75,25.8,18.6,26.9,1.91,1.09,0.838
2004.0,27.1,18.0,26.8,2.76,1.32,1.0
2004.25,27.3,19.6,24.6,3.16,1.97,1.77
2004.5,27.6,24.2,28.6,2.91,1.66,2.2
2004.75,28.6,25.5,30.5,3.28,1.99,2.73
2005.0,31.9,26.4,29.8,3.18,2.06,2.84
2005.25,33.7,29.7,33.4,3.37,2.74,3.38
2005.5,39.9,30.3,37.7,3.64,2.54,3.26
2005.75,39.6,32.2,39.7,2.46,1.8,2.57
2006.0,40.7,30.0,43.0,3.08,1.42,2.92
2006.25,40.7,30.8,40.9,3.24,2.27,3.15
2006.5,40.7,30.5,39.4,3.26,1.65,2.31
2006.75,39.2,30.0,39.4,2.88,1.54,2.29
2007.0,39.7,31.3,37.6,3.05,1.68,2.17
2007.25,40.8,35.1,35.6,3.61,1.78,2.47
2007.5,37.2,33.9,36.1,3.49,1.99,2.53
2007.75,36.5,29.3,34.3,2.99,1.47,1.78
2008.0,33.9,26.4,29.0,3.2,1.68,1.98
2008.25,33.9,23.4,26.1,3.48,1.46,2.12
2008.5,31.5,22.0,26.0,2.74,1.62,2.56
2008.75,32.0,18.8,21.7,3.61,1.94,2.02
2009.0,27.3,17.9,16.9,3.8,1.92,1.61
2009.25,23.2,16.1,14.5,3.51,1.77,1.41
2009.5,18.5,12.9,13.3,3.25,1.21,1.67
2009.75,17.0,12.2,11.4,3.15,0.585,1.28
2010.0,15.7,11.7,10.8,2.82,0.999,0.692
2010.25,15.8,10.2,9.68,2.69,1.32,0.518
2010.5,17.5,9.15,9.34,2.5,2.35,1.34
2010.75,15.4,9.26,9.62,1.67,1.48,0.819
2011.0,16.0,9.19,8.9,2.38,1.23,0.681
2011.25,17.3,10.9,8.06,3.33,1.39,0.839
2011.5,17.9,11.2,7.67,3.66,1.48,0.85
2011.75,18.0,10.9,8.13,3.55,1.4,1.21
2012.0,17.9,10.8,7.52,3.44,1.25,0.616
2012.25,18.1,10.5,7.55,3.42,1.48,0.773
2012.5,17.8,10.7,7.28,3.55,1.29,0.494
2012.75,15.9,11.2,7.37,2.79,1.65,0.909
2013.0,14.9,8.63,7.01,2.68,1.5,0.78
2013.25,14.9,6.34,7.4,2.79,1.61,1.29
2013.5,12.8,5.63,6.57,2.76,1.55,1.03
2013.75,12.8,5.04,6.93,2.64,1.13,1.43
2014.0,13.0,6.01,6.5,3.02,1.74,1.05
2014.25,12.6,5.83,6.02,2.46,1.9,0.886
2014.5,12.2,5.49,6.6,2.58,1.98,1.13
2014.75,12.6,5.03,6.43,3.35,1.62,1.34
2015.0,12.2,5.09,5.57,2.69,1.66,1.07
2015.25,12.3,5.65,6.08,2.79,1.71,1.33
2015.5,12.4,5.35,5.97,2.96,1.78,1.46
2015.75,12.2,5.1,6.0,2.97,1.6,1.59
2016.0,12.5,5.86,5.9,3.06,1.67,1.66
2016.25,12.5,5.96,5.52,2.99,1.97,1.16
2016.5,12.9,5.58,5.75,3.53,2.05,1.33
2016.75,12.5,5.26,5.45,3.4,1.72,1.05
2017.0,12.1,4.76,5.61,2.74,1.37,1.3
2017.25,12.4,5.21,5.77,3.09,1.73,1.25
2017.5,12.3,5.71,5.62,2.93,1.87,1.37
2017.75,12.1,5.15,5.35,3.17,1.65,1.15
2018.0,12.2,4.93,5.98,2.96,1.51,1.5
2018.25,12.9,4.88,5.92,3.42,1.63,1.36
2018.5,12.2,6.04,5.67,2.97,2.24,1.27
2018.75,11.7,5.14,5.86,1.81,1.7,1.56
2019.0,12.2,5.01,5.59,2.64,1.57,1.32
2019.25,12.3,4.93,5.6,2.61,1.7,1.45
2019.5,12.5,5.48,5.74,3.26,1.82,1.28
2019.75,12.4,5.45,5.69,3.32,1.85,1.24
2020.0,12.6,5.52,5.77,3.08,1.89,1.42
2020.25,12.3,4.83,5.69,2.91,1.52,1.53
2020.5,12.2,5.23,5.5,3.24,1.79,1.26
2020.75,12.1,5.93,5.35,3.15,1.95,1.17
2021.0,12.4,5.35,5.62,3.14,1.9,1.29
2021.25,11.7,5.12,5.78,2.61,1.66,1.46
2021.5,11.5,4.92,5.71,1.95,1.5,1.33
2021.75,12.2,5.74,5.7,2.46,1.93,1.26
2022.0,11.6,5.8,5.27,2.37,2.05,1.11
2022.25,12.1,5.56,5.33,2.88,2.08,1.14
2022.5,10.4,4.29,5.59,2.89,1.21,1.44
2022.75,9.75,5.15,5.1,2.26,1.63,1.43
2023.0,11.5,8.16,7.71,3.2,1.74,1.32
2023.25,12.7,9.86,9.14,2.86,1.7,1.12
2023.5,13.9,12.7,13.8,2.98,1.42,1.39
2023.75,15.7,14.2,15.2,2.75,1.38,0.763
2024.0,15.7,14.9,13.3,1.99,1.56,1.02
2024.25,22.0,19.2,17.9,5.09,2.67,1.66
2024.5,22.0,17.0,19.3,4.56,1.3,1.7
2024.75,23.9,18.9,19.4,4.99,1.85,2.05
2025.0,26.8,18.6,19.0,4.64,1.21,1.83
2025.25,27.3,19.4,19.4,3.86,1.55,1.56
2025.5,27.7,18.8,19.5,3.7,1.53,1.53
2025.75,26.5,19.4,21.0,2.89,2.02,1.47
2026.0,27.7,17.6,20.9,4.05,1.51,1.59
2026.25,29.2,17.0,21.1,4.42,1.09,2.05
2026.5,28.7,17.7,20.4,3.76,0.47,1.54
2026.75,29.1,18.6,20.1,4.15,0.811,1.5
2027.0,30.7,18.4,21.5,4.12,0.703,1.52
2027.25,29.5,18.8,23.4,3.73,0.936,0.963
2027.5,25.1,19.2,22.7,1.22,1.68,1.15
2027.75,26.4,16.8,19.0,2.05,1.85,0.995
2028.0,25.7,15.4,19.1,2.83,2.18,1.84
2028.25,28.0,14.7,20.1,2.49,1.99,1.53
2028.5,26.1,16.1,21.8,2.73,1.82,1.57
2028.75,23.5,18.6,22.3,2.44,2.19,1.87
2029.0,26.0,18.4,23.9,2.64,2.52,2.27
2029.25,31.5,20.8,23.8,3.35,2.54,1.69
2029.5,33.4,27.4,26.3,1.94,3.2,1.22
2029.75,35.3,34.0,32.2,2.95,4.14,1.5
2030.0,35.1,34.2,35.7,2.46,3.78,1.55
2030.25,35.4,33.5,37.5,2.2,3.42,1.12
2030.5,36.4,32.5,36.9,2.4,3.29,0.936
2030.75,38.6,34.6,37.7,2.58,2.58,0.691
2031.0,39.5,34.1,35.9,2.57,2.92,0.445
2031.25,39.8,36.8,37.1,3.18,3.46,0.426
2031.5,40.1,38.9,39.9,2.16,3.6,0.797
2031.75,40.1,40.5,39.0,1.8,3.23,0.392
2032.0,40.4,40.2,40.0,2.68,3.4,0.907
2032.25,37.9,35.1,38.5,2.93,3.14,0.755
2032.5,37.8,36.7,34.8,3.59,2.67,0.646
2032.75,36.9,36.5,31.7,4.48,2.93,1.2
2033.0,31.9,30.9,25.0,3.22,1.92,0.709
2033.25,32.3,26.3,23.9,3.34,1.41,0.928
2033.5,29.4,24.4,21.2,2.63,1.6,0.568
2033.75,27.5,16.2,17.4,2.77,1.55,0.825
2034.0,26.6,16.6,15.1,3.29,1.84,0.983
2034.25,25.2,13.7,13.6,4.1,1.33,0.672
2034.5,24.1,13.9,13.5,3.89,0.852,0.805
2034.75,24.7,16.3,14.0,4.61,0.759,0.682
2035.0,25.2,17.1,15.7,4.94,1.08,1.4
2035.25,25.2,14.5,14.6,4.75,1.15,1.07
2035.5,24.5,13.5,13.9,3.41,1.91,1.43
2035.75,21.6,12.9,13.2,4.38,1.59,1.22
2036.0,17.5,12.6,12.6,3.92,1.33,1.27
2036.25,17.6,13.1,12.7,3.66,1.46,1.1
2036.5,18.4,13.3,11.8,3.92,1.83,1.17
2036.75,18.0,11.1,11.6,4.36,0.938,1.08
2037.0,16.9,9.21,11.5,4.25,1.04,1.26
2037.25,16.2,9.39,10.9,4.48,1.28,1.41
2037.5,14.2,9.15,10.8,3.55,1.31,1.62
2037.75,12.7,9.01,10.1,2.79,1.31,1.42
2038.0,11.3,8.2,9.85,1.43,1.23,1.38
2038.25,11.7,7.86,9.98,2.05,0.995,1.19
2038.5,11.6,7.47,9.42,2.5,1.2,1.19
2038.75,11.5,7.87,9.4,2.62,1.48,1.21
2039.0,12.1,6.77,8.87,3.33,1.19,1.53
2039.25,11.7,6.76,9.02,3.0,1.4,1.51
2039.5,11.8,7.01,8.95,3.19,1.38,1.58
2039.75,11.2,7.31,8.91,2.57,1.4,1.44
2040.0,12.0,6.66,8.82,3.11,1.26,1.32
2040.25,11.7,6.74,8.84,2.83,1.18,1.42
2040.5,10.6,7.2,9.34,1.52,1.4,1.91
2040.75,11.4,7.33,8.84,2.87,1.57,1.4
2041.0,12.0,7.45,8.79,3.51,1.53,1.46
2041.25,11.7,6.75,8.88,3.11,1.31,1.23
2041.5,11.7,6.9,9.14,3.23,1.08,1.48
2041.75,11.8,7.14,8.67,3.59,1.54,1.23
2042.0,11.4,7.33,9.01,3.27,1.44,1.58
2042.25,10.9,7.22,8.88,2.1,1.26,1.44
2042.5,11.3,6.65,9.04,2.69,1.22,1.68
2042.75,11.0,6.95,8.95,1.79,1.42,1.65
2043.0,11.4,7.23,8.97,2.86,1.47,1.6
2043.25,12.1,7.48,8.58,3.68,1.33,1.23
2043.5,12.0,6.81,8.92,3.39,1.12,1.25
2043.75,11.7,6.77,9.3,3.14,1.02,1.72
2044.0,11.7,7.14,8.85,3.2,1.44,1.29
2044.25,11.0,6.95,8.75,2.68,1.16,1.35
2044.5,11.7,7.08,8.69,2.73,1.49,1.27
2044.75,10.9,6.64,8.91,2.08,1.14,1.64
2045.0,11.1,6.72,9.01,2.33,1.21,1.67
2045.25,11.3,6.7,8.72,2.09,1.15,1.41
2045.5,11.7,7.4,8.84,3.18,1.23,1.58
2045.75,11.4,6.88,8.5,3.02,1.3,1.24
2046.0,11.3,6.39,8.85,2.82,1.01,1.43
2046.25,11.9,7.12,8.7,3.38,1.32,1.48
2046.5,11.4,6.78,8.59,3.32,1.48,1.32
2046.75,10.0,5.83,8.18,2.9,1.54,1.09
2047.0,11.0,6.35,8.85,2.78,1.54,1.16
2047.25,14.1,8.79,10.8,2.46,1.4,1.05
2047.5,15.5,12.7,12.5,2.09,1.45,1.14
2047.75,16.0,14.2,14.2,1.62,1.7,1.47
2048.0,16.1,16.0,16.6,2.47,1.16,1.37
2048.25,19.4,19.1,16.8,3.36,1.25,0.924
2048.5,22.5,20.7,20.0,3.07,1.05,1.19
2048.75,21.9,23.0,18.5,2.83,1.64,1.19
2049.0,23.7,22.8,20.7,2.82,1.05,0.859
2049.25,23.2,23.5,22.9,2.42,0.961,0.856
2049.5,24.9,21.7,22.3,2.62,1.22,0.863
2049.75,25.9,21.1,22.4,2.38,1.15,0.954
2050.0,25.1,21.2,24.2,0.533,1.19,1.16
2050.25,28.5,17.2,24.2,1.52,0.432,1.39
2050.5,26.6,16.6,25.3,2.13,0.937,1.44
2050.75,26.8,16.8,26.6,2.3,0.837,1.35
2051.0,25.4,15.9,23.4,2.03,0.905,0.954
2051.25,23.3,14.3,22.8,1.84,0.98,1.2
2051.5,23.5,15.2,20.0,1.99,1.04,1.53
2051.75,24.9,14.9,17.9,2.27,0.828,1.23
2052.0,23.0,15.8,17.5,2.71,0.926,1.61
2052.25,23.2,11.8,17.3,2.77,1.36,1.54
2052.5,21.8,9.86,18.1,3.51,1.5,1.79
2052.75,22.0,9.51,17.6,1.95,0.775,1.77
2053.0,22.1,12.3,17.1,2.66,0.815,1.8
2053.25,26.5,15.8,18.5,2.76,1.68,2.24
2053.5,26.8,18.6,22.1,2.69,2.23,2.12
2053.75,26.8,18.1,23.5,2.66,1.95,2.03
2054.0,28.2,17.6,22.6,3.06,0.805,1.33
2054.25,28.0,20.8,22.6,2.82,0.827,1.34
2054.5,27.4,21.1,22.1,2.95,1.56,1.42
2054.75,25.6,22.7,22.2,2.56,2.33,1.39
2055.0,25.1,22.0,22.8,2.45,2.61,1.63
2055.25,23.3,19.6,21.4,1.27,1.09,1.2
2055.5,25.0,17.2,20.4,2.44,0.491,1.06
2055.75,22.2,16.9,19.2,2.42,0.65,1.11
2056.0,21.8,18.9,19.8,3.08,1.61,1.15
2056.25,22.1,18.9,19.1,3.68,2.22,1.38
2056.5,20.9,16.7,18.8,2.71,1.93,1.03
2056.75,19.3,12.4,17.5,2.08,0.962,1.03
2057.0,20.1,11.1,18.1,2.03,0.978,1.08
2057.25,15.7,8.88,17.9,1.79,0.736,1.15
2057.5,15.1,7.47,16.3,2.06,1.01,0.628
2057.75,15.1,7.7,16.0,2.19,1.02,0.984
2058.0,14.6,7.05,15.5,1.13,0.609,0.802
2058.25,14.5,7.75,15.6,1.57,1.19,1.08
2058.5,13.7,7.3,14.9,1.29,1.21,0.924
2058.75,14.7,7.9,14.9,3.11,1.92,1.43
2059.0,14.2,7.99,13.0,2.22,0.988,1.04
2059.25,12.6,7.1,10.7,2.0,1.08,1.02
2059.5,12.6,6.74,9.39,2.31,1.18,1.04
2059.75,12.9,6.5,9.04,2.73,1.19,0.921
2060.0,12.6,7.35,9.54,2.85,1.49,1.27
2060.25,12.5,6.35,8.81,2.76,1.5,0.88
2060.5,12.4,5.95,9.28,2.43,1.07,1.04
2060.75,11.6,6.51,9.26,0.947,1.3,0.969
2061.0,11.5,6.44,8.88,1.74,1.36,1.02
2061.25,11.8,6.94,8.67,2.45,1.52,0.948
2061.5,11.2,5.34,8.74,2.53,1.34,1.19
2061.75,12.0,5.24,9.32,2.85,1.15,1.35
2062.0,11.9,5.52,8.31,3.4,1.15,0.883
2062.25,12.1,5.96,8.49,3.64,1.65,1.12
2062.5,11.5,5.55,9.36,2.82,1.44,1.35
2062.75,11.8,4.75,9.2,3.61,1.26,1.57
2063.0,11.6,5.05,8.34,2.68,1.51,1.41
2063.25,9.46,5.08,7.84,1.81,1.82,1.44
2063.5,9.3,4.52,7.81,1.97,1.66,1.47
2063.75,9.83,5.04,7.68,2.11,1.64,1.28
2064.0,9.64,4.61,7.55,2.91,1.82,1.49
2064.25,10.4,4.75,7.08,3.48,2.08,1.24
2064.5,10.1,5.11,7.52,3.26,1.82,1.54
2064.75,9.9,4.35,7.37,2.87,1.33,1.42
2065.0,9.49,3.75,8.14,2.27,1.14,1.68
2065.25,9.86,4.6,7.32,2.99,1.72,1.36
2065.5,9.8,4.75,7.2,2.76,1.55,1.12
2065.75,9.85,4.68,7.26,3.07,1.83,1.24
2066.0,9.23,4.36,7.29,2.13,1.64,1.34
2066.25,9.72,4.33,7.35,2.84,1.48,1.49
2066.5,9.35,4.37,7.29,2.1,1.46,1.42
2066.75,9.85,4.7,7.35,3.09,1.61,1.41
2067.0,9.96,4.58,7.14,3.28,1.64,1.3
2067.25,10.1,3.85,7.41,2.96,1.15,1.51
2067.5,9.99,4.04,6.96,3.42,1.17,1.31
2067.75,10.3,5.16,7.22,3.45,1.82,1.35
2068.0,9.96,4.69,7.21,3.22,1.83,1.47
2068.25,10.1,4.56,7.37,3.32,1.82,1.66
2068.5,8.94,4.12,7.28,1.81,1.27,1.37
2068.75,9.49,4.81,6.95,2.27,1.65,1.17
2069.0,10.1,4.95,6.28,2.74,1.76,1.16
2069.25,9.79,4.38,7.13,3.23,1.61,1.13
2069.5,9.81,4.02,7.52,3.13,1.17,1.56
2069.75,9.61,4.37,7.66,2.88,1.61,1.77
2070.0,9.8,5.09,7.62,2.64,1.34,1.54
2070.25,9.79,4.31,7.59,3.01,1.19,1.39
2070.5,10.2,4.45,7.31,3.12,1.51,1.09
2070.75,8.96,4.07,7.3,1.94,1.41,1.07
2071.0,10.4,5.62,8.54,2.36,1.67,1.37
2071.25,11.2,7.47,8.2,1.39,1.26,0.805
2071.5,12.5,7.68,8.31,2.07,1.13,0.859
2071.75,12.8,8.51,8.11,1.36,0.75,0.682
2072.0,13.5,11.8,9.18,2.18,0.955,0.651
2072.25,14.7,11.5,11.0,2.25,0.504,1.05
2072.5,15.0,11.6,15.4,2.19,1.07,1.58
2072.75,17.4,13.7,19.1,2.49,1.42,1.32
2073.0,20.8,16.1,20.1,2.47,1.71,1.97
2073.25,20.8,18.4,21.1,1.98,1.19,1.65
2073.5,22.5,18.5,20.4,2.27,1.22,1.3
2073.75,23.0,18.9,20.3,2.3,1.01,1.56
2074.0,23.0,18.7,21.0,1.36,0.632,1.35
2074.25,21.4,20.4,20.1,2.0,1.03,1.38
2074.5,21.8,21.6,23.7,2.97,0.98,1.74
2074.75,20.9,19.7,24.0,2.7,1.06,1.41
2075.0,21.1,20.1,22.8,2.92,1.17,1.55
2075.25,20.1,19.3,22.3,2.41,1.2,1.56
2075.5,18.5,17.2,17.6,2.36,1.19,1.67
2075.75,18.2,11.6,15.0,2.96,1.07,1.18
2076.0,17.3,9.8,16.5,2.75,0.758,1.35
2076.25,18.1,11.2,14.6,2.85,1.21,0.747
2076.5,17.2,11.0,16.4,2.12,1.43,1.15
2076.75,17.6,13.6,16.3,2.24,1.24,1.17
2077.0,17.0,11.4,17.3,1.51,1.11,1.07
2077.25,19.5,17.7,18.3,2.94,1.95,1.56
2077.5,19.9,20.8,20.9,2.68,1.25,1.42
2077.75,21.2,22.1,23.0,2.98,1.91,2.49
2078.0,22.6,21.8,21.3,2.49,1.95,1.58
2078.25,21.6,20.9,22.2,2.44,1.4,1.67
2078.5,21.6,20.3,21.2,2.54,1.19,1.54
2078.75,21.1,18.3,23.0,3.02,1.73,2.18
2079.0,23.3,17.2,22.1,3.01,0.967,1.52
2079.25,22.2,18.9,21.0,2.57,1.54,1.26
2079.5,23.7,21.6,20.2,3.31,1.55,1.48
2079.75,22.7,18.3,18.2,3.44,0.776,1.11
2080.0,21.5,17.7,17.5,3.14,1.04,1.41
2080.25,19.1,14.4,16.9,2.56,1.39,1.29
2080.5,18.1,16.1,16.8,2.42,1.32,1.57
2080.75,15.8,12.5,15.1,1.98,0.988,1.06
2081.0,14.3,12.2,14.5,0.435,1.18,1.61
2081.25,13.8,11.4,12.8,1.73,1.36,1.43
2081.5,13.0,10.1,11.5,1.28,1.3,1.44
2081.75,12.2,8.48,11.4,1.91,1.24,0.992
2082.0,12.6,10.6,12.0,2.27,1.37,1.1
2082.25,11.8,9.73,12.6,1.77,0.522,1.2
2082.5,12.9,9.72,12.0,2.79,0.882,0.979
2082.75,13.3,8.78,10.1,2.92,0.629,0.581
2083.0,13.6,11.7,9.66,3.12,1.18,0.737
2083.25,12.9,9.41,10.3,2.88,0.995,0.632
2083.5,12.3,8.57,10.5,2.0,0.314,1.04
2083.75,12.3,9.01,10.6,1.95,0.486,1.13
2084.0,12.7,8.74,8.89,3.08,0.922,1.22
2084.25,13.2,8.77,9.32,3.61,0.975,1.09
2084.5,12.1,9.15,9.74,2.58,1.02,1.1
2084.75,12.3,7.94,9.92,2.88,0.734,0.938
2085.0,12.2,7.89,9.22,2.96,0.943,0.771
2085.25,12.5,7.97,8.71,3.22,1.05,1.11
2085.5,12.7,7.89,8.31,3.36,0.991,0.878
2085.75,12.7,7.6,8.33,3.63,1.03,1.4
2086.0,11.6,6.8,8.01,1.76,0.92,1.48
2086.25,11.8,6.92,8.19,2.55,0.781,1.2
2086.5,11.9,7.33,7.91,2.43,1.24,1.23
2086.75,11.7,7.47,8.27,2.76,1.2,1.3
2087.0,11.7,7.52,8.4,2.45,1.48,1.36
2087.25,11.7,6.83,7.97,2.66,0.981,1.14
2087.5,11.9,7.28,7.76,2.95,1.15,1.25
2087.75,11.7,7.23,7.4,2.75,1.32,1.35
2088.0,11.6,6.51,7.14,2.66,1.23,1.33
2088.25,12.0,5.8,7.0,3.1,0.777,0.996
2088.5,11.4,6.75,7.04,2.05,1.43,1.35
2088.75,11.3,6.91,7.7,1.94,1.56,1.51
2089.0,11.7,6.86,7.82,2.7,1.47,1.72
2089.25,12.0,5.98,7.0,2.92,0.996,1.63
2089.5,12.0,6.33,7.22,3.14,1.23,1.31
2089.75,12.1,6.61,7.45,3.43,1.36,1.41
2090.0,12.2,6.84,7.17,3.23,1.51,1.27
2090.25,11.8,6.53,7.09,3.13,1.17,1.29
2090.5,11.7,6.11,6.81,3.09,0.862,1.25
2090.75,11.9,6.09,7.24,2.87,1.02,1.37
2091.0,11.2,6.68,7.8,2.15,1.54,1.63
2091.25,11.8,6.96,7.47,2.6,1.43,1.43
2091.5,11.7,6.32,7.35,2.78,1.08,1.43
2091.75,11.6,6.44,7.1,3.17,1.24,1.19
2092.0,11.9,6.3,6.94,2.87,1.08,1.22
2092.25,11.5,6.62,6.88,2.76,1.1,1.31
2092.5,11.9,6.56,7.36,2.99,1.59,1.36
2092.75,11.8,6.17,7.5,2.95,1.1,1.39
2093.0,11.6,6.26,7.37,2.6,1.08,1.38
2093.25,11.4,6.56,7.46,2.63,1.17,1.45
2093.5,11.7,7.1,7.16,2.97,1.72,1.41
2093.75,11.4,6.37,6.36,1.64,1.21,1.27
2094.0,10.9,6.51,7.55,1.66,1.05,1.36
2094.25,11.6,6.47,7.6,2.37,1.27,1.41
2094.5,11.6,6.49,7.55,2.76,1.18,1.38
2094.75,11.4,6.68,7.46,2.36,1.15,1.02
2095.0,11.3,6.03,7.32,2.5,1.06,0.886
2095.25,11.6,6.42,6.66,2.49,1.35,0.592
2095.5,12.4,6.37,7.02,2.75,1.07,0.711
2095.75,11.9,6.96,7.52,2.57,1.31,1.05
2096.0,11.4,7.32,7.67,2.24,1.48,1.21
2096.25,12.2,10.1,8.9,2.24,2.09,1.15
2096.5,13.5,10.4,11.0,2.64,2.1,1.19
2096.75,12.9,10.1,9.03,1.69,1.59,0.53
2097.0,13.6,12.8,11.5,2.5,1.71,0.758
2097.25,13.4,10.8,11.9,2.35,1.34,0.958
2097.5,13.1,9.93,11.6,2.23,1.44,0.949
2097.75,12.8,11.5,11.5,2.12,1.51,0.941
2098.0,13.5,12.1,12.2,2.64,2.1,1.2
2098.25,12.7,11.5,12.4,2.47,2.17,1.34
2098.5,13.6,11.2,12.8,2.37,1.86,1.2
2098.75,13.3,10.8,11.9,1.97,1.83,1.08
2099.0,12.4,12.1,12.0,0.571,1.65,1.08
2099.25,12.8,10.5,10.3,1.75,1.68,1.2
2099.5,13.6,10.2,11.0,2.09,1.41,0.969
2099.75,13.3,8.9,10.4,2.67,1.69,1.12
2100.0,13.4,6.3,10.3,2.39,1.03,1.12
2100.25,12.9,7.01,8.49,2.77,1.23,1.0
2100.5,12.9,6.44,7.86,2.51,1.14,0.97
2100.75,12.9,6.48,8.52,2.24,1.31,1.11
2101.0,12.5,6.05,8.15,2.21,1.17,0.995
2101.25,13.0,6.5,8.05,2.56,1.1,1.04
2101.5,12.4,6.22,8.1,1.86,1.04,0.923
2101.75,13.0,6.17,8.55,2.3,1.12,1.14
2102.0,13.0,5.94,8.05,2.51,1.01,0.671
2102.25,12.9,7.23,10.2,2.19,1.35,0.895
2102.5,12.6,7.44,10.5,2.04,1.16,0.993
2102.75,13.1,7.47,10.4,2.78,1.31,1.18
2103.0,12.3,7.43,10.6,2.25,1.26,1.16
2103.25,12.1,7.11,10.3,1.9,1.06,1.08
2103.5,12.2,6.95,10.3,1.92,1.0,1.02
2103.75,12.1,7.38,9.67,1.81,1.24,0.693
2104.0,11.3,7.16,10.2,0.545,1.21,0.923
2104.25,12.4,7.16,9.89,2.25,1.32,0.653
2104.5,12.2,6.69,10.4,2.06,0.966,0.971
2104.75,12.1,7.17,10.0,1.92,1.14,0.866
2105.0,11.8,7.38,10.3,1.75,1.54,1.16
2105.25,11.7,7.34,9.34,1.56,1.48,0.982
2105.5,12.0,7.13,10.2,2.06,1.14,1.15
2105.75,11.9,6.8,10.4,1.46,1.13,1.01
2106.0,12.0,7.15,9.76,1.82,1.31,0.861
2106.25,12.2,7.11,9.3,1.76,1.28,0.793
2106.5,12.0,7.0,9.75,1.94,0.941,1.25
2106.75,12.8,6.59,9.55,2.65,0.89,1.21
2107.0,12.9,6.75,8.24,2.91,1.28,1.35
2107.25,12.4,5.66,7.98,3.07,1.25,1.61
2107.5,11.3,5.39,7.5,2.85,1.61,1.34
2107.75,10.9,4.97,7.4,3.12,1.44,1.32
2108.0,10.8,4.96,7.2,2.79,1.61,1.25
2108.25,10.3,4.83,7.87,1.76,1.32,1.66
2108.5,11.2,4.53,7.11,3.1,1.14,1.23
2108.75,11.4,4.92,7.47,3.22,1.25,1.44
2109.0,10.9,5.37,7.7,2.61,1.68,1.52
2109.25,10.9,5.25,7.39,2.9,1.69,1.45
2109.5,10.4,4.43,7.55,2.29,1.16,1.37
2109.75,10.4,4.63,7.83,2.27,1.46,1.62
2110.0,10.7,4.99,7.48,2.27,1.88,1.52
2110.25,10.4,4.96,6.62,2.09,1.79,1.57
2110.5,10.9,5.06,6.73,2.26,1.49,1.41
2110.75,10.8,4.38,7.63,3.03,1.25,1.63
2111.0,10.7,4.81,7.49,2.68,1.82,1.61
2111.25,10.7,4.55,7.71,2.72,1.66,1.54
2111.5,10.9,4.81,7.57,3.06,1.84,1.57
2111.75,11.2,4.36,7.36,3.56,1.3,1.42
2112.0,11.2,5.26,7.22,3.19,1.64,1.28
2112.25,11.3,5.04,7.49,3.35,2.23,1.74
2112.5,10.3,4.81,7.27,1.9,1.83,1.48
2112.75,10.9,4.64,6.97,2.86,1.39,1.66
2113.0,10.9,4.79,7.49,2.45,1.98,1.46
2113.25,11.2,4.57,7.56,3.45,1.92,1.53
2113.5,11.3,4.67,7.22,3.66,1.8,1.46
2113.75,11.1,3.97,7.34,2.88,1.13,1.52
2114.0,10.7,4.88,7.03,2.81,1.86,1.24
2114.25,10.6,4.61,7.05,2.66,1.8,1.34
2114.5,10.8,4.68,6.96,2.76,1.77,1.49
2114.75,10.6,4.64,7.53,2.76,1.75,1.76
2115.0,10.5,4.53,7.29,1.65,1.44,1.55
2115.25,10.5,4.48,7.43,2.41,1.63,1.46
2115.5,11.0,4.65,7.2,2.8,1.84,1.42
2115.75,10.9,4.59,6.82,3.1,1.84,1.45
2116.0,10.5,4.14,7.03,2.39,1.43,1.3
2116.25,10.8,4.74,7.51,3.04,1.61,1.6
2116.5,11.0,4.57,7.13,3.13,1.78,1.42
2116.75,11.1,4.55,7.17,3.47,1.75,1.41
2117.0,10.4,4.6,7.12,1.98,1.73,1.48
2117.25,10.9,4.47,6.49,3.15,1.58,1.45
2117.5,10.9,4.47,7.02,3.25,1.65,1.33
2117.75,11.3,4.57,7.23,3.49,1.72,1.51
2118.0,11.2,4.71,7.31,3.31,1.58,1.6
2118.25,11.3,4.03,7.4,3.63,1.26,1.66
2118.5,10.4,5.21,7.06,3.21,1.89,1.47
2118.75,9.82,4.8,6.65,1.64,2.1,1.35
2119.0,9.57,4.38,6.19,2.0,1.69,0.878
2119.25,11.1,3.78,7.09,3.15,1.08,1.35
2119.5,10.5,5.05,6.68,2.5,1.82,1.39
2119.75,10.9,4.61,6.76,2.63,1.84,1.49
2120.0,10.6,4.37,6.78,2.69,1.42,1.33
2120.25,10.9,4.09,5.95,2.45,1.18,1.1
2120.5,10.4,4.08,6.77,1.63,1.38,1.25
2120.75,11.6,5.28,6.77,2.32,1.94,1.14
2121.0,10.6,4.8,6.68,1.76,1.78,1.18
2121.25,11.0,4.96,6.8,2.71,2.05,1.36
2121.5,10.3,4.05,6.84,2.06,1.37,1.52
2121.75,10.9,4.72,6.69,2.81,1.64,1.52
2122.0,10.7,4.47,6.68,2.44,1.56,1.29
2122.25,10.9,4.44,6.54,2.63,1.63,1.3
2122.5,10.5,4.31,6.63,2.34,1.56,1.14
2122.75,10.6,4.36,6.67,2.09,1.37,1.49
2123.0,10.3,4.64,6.79,1.71,1.39,1.07
2123.25,10.4,4.57,6.69,1.56,1.76,1.48
2123.5,11.1,4.56,6.63,2.9,1.7,1.3
2123.75,10.7,4.37,6.85,2.43,1.54,1.41
2124.0,10.9,4.51,6.75,2.47,1.52,1.22
2124.25,11.1,4.64,7.33,2.68,1.84,1.62
2124.5,11.1,4.77,6.91,2.84,1.8,1.38
2124.75,11.6,4.25,6.93,3.16,1.31,1.42
2125.0,11.3,3.85,6.82,2.94,1.13,1.22
2125.25,10.7,4.81,6.7,1.51,1.66,1.28
2125.5,11.3,4.42,7.15,2.44,1.6,1.38
2125.75,10.9,4.36,6.61,2.35,1.61,1.23
2126.0,11.0,4.48,7.12,2.47,1.56,1.42
2126.25,11.6,4.63,6.69,3.01,1.63,1.2
2126.5,11.4,4.9,6.69,2.6,1.67,1.15
2126.75,11.5,4.74,7.28,2.56,1.89,1.46
2127.0,10.2,3.78,6.97,0.949,1.02,1.48
2127.25,11.6,3.78,6.8,2.65,0.988,1.05
2127.5,10.9,4.57,6.93,2.35,1.38,1.21
2127.75,11.2,5.11,7.09,2.63,1.7,1.36
2128.0,11.6,5.51,7.02,2.83,1.98,1.26
2128.25,11.2,4.18,6.95,2.63,1.4,1.27
2128.5,10.6,4.78,6.68,2.36,1.62,1.1
2128.75,10.5,7.03,7.01,1.24,1.51,1.43
2129.0,11.4,7.62,6.95,2.72,1.51,1.26
2129.25,11.8,6.83,6.72,2.83,1.68,1.31
2129.5,11.6,4.3,6.87,2.83,1.21,1.09
2129.75,11.5,4.32,6.88,2.61,1.41,1.05
2130.0,10.8,4.85,7.44,2.2,1.3,1.25
2130.25,11.4,5.05,7.44,2.68,1.86,1.21
2130.5,11.5,4.63,8.5,2.21,1.72,1.42
2130.75,12.3,4.37,7.39,3.27,1.08,1.01
2131.0,10.7,4.62,8.58,2.2,1.36,1.34
2131.25,11.1,5.47,8.26,2.78,1.68,1.41
2131.5,11.2,4.87,8.32,2.88,1.66,1.5
2131.75,11.5,4.72,7.09,3.36,1.52,1.23
2132.0,11.2,4.15,7.42,3.35,1.25,1.33
2132.25,10.6,4.29,7.66,2.45,1.21,1.45
2132.5,9.29,4.64,7.57,1.09,1.39,1.48
2132.75,0.0,0.0,0.0,0.0,0.0,0.0
2133.0,10.1,4.8,7.56,2.22,1.59,1.36
2133.25,10.6,4.48,7.45,2.66,1.7,1.45
2133.5,10.5,4.69,7.37,2.65,1.34,1.41
2133.75,11.3,4.6,7.67,3.36,1.61,1.6
2134.0,11.0,4.59,7.71,3.29,1.48,1.39
2134.25,9.22,4.89,7.19,0.86,1.69,1.66
2134.5,12.2,4.06,7.01,4.06,1.38,1.39
2134.75,10.8,5.14,7.11,3.15,1.72,1.31
2135.0,11.3,4.92,7.06,3.42,1.98,1.34
2135.25,11.2,5.25,7.48,3.71,2.12,1.59
2135.5,10.7,4.3,7.5,3.14,1.45,1.58
2135.75,10.8,4.26,6.63,3.27,1.54,1.6
2136.0,10.3,4.97,6.6,2.09,1.57,1.59
2136.25,10.7,4.86,6.92,2.77,1.86,1.43
2136.5,10.6,4.63,7.33,2.73,1.67,1.57
2136.75,10.5,4.44,7.08,2.86,1.7,1.4
2137.0,11.1,4.67,6.96,3.58,1.59,1.41
2137.25,10.6,4.73,6.67,3.14,1.83,1.41
2137.5,11.0,4.93,6.87,3.41,2.1,1.4
2137.75,11.0,4.44,7.17,3.58,1.66,1.57
2138.0,10.9,4.04,7.1,3.48,1.35,1.59
2138.25,10.5,5.04,7.29,2.87,1.82,1.74
2138.5,10.2,5.04,7.35,2.12,2.1,1.86
2138.75,10.7,4.53,7.15,3.09,1.85,1.65
2139.0,10.5,4.12,7.23,2.71,1.19,1.26
2139.25,10.5,4.49,7.1,2.75,1.5,1.57
2139.5,10.7,4.85,6.61,2.98,1.64,1.22
2139.75,10.1,5.07,7.19,2.45,2.09,1.53
2140.0,10.4,4.27,7.01,2.5,1.34,1.3
2140.25,9.79,4.2,7.06,1.21,1.27,1.67
2140.5,10.8,4.61,6.91,3.21,1.61,1.17
2140.75,10.8,5.01,7.11,3.15,1.68,1.77
2141.0,10.5,4.28,7.39,2.82,1.24,1.52
2141.25,10.7,4.21,7.18,3.04,1.27,1.48
2141.5,10.8,4.14,7.17,3.18,1.3,1.46
2141.75,10.8,5.11,7.43,2.87,1.8,1.27
2142.0,10.2,5.06,7.22,1.92,1.59,1.21
2142.25,11.0,4.88,6.81,2.68,1.69,1.1
2142.5,9.91,4.35,7.33,2.29,1.43,1.04
2142.75,10.2,3.46,7.23,2.75,1.31,1.36
2143.0,11.4,5.54,7.99,2.66,1.6,1.43
2143.25,12.6,8.77,7.27,2.76,1.52,1.04
2143.5,13.2,14.1,9.05,2.7,1.58,1.03
2143.75,14.7,16.7,10.7,2.05,1.67,0.64
2144.0,17.4,20.3,14.6,1.93,1.74,0.951
2144.25,18.0,22.2,17.0,2.47,1.79,0.785
2144.5,20.2,24.9,20.0,2.89,1.86,0.681
2144.75,22.3,30.2,22.9,3.23,2.39,1.68
2145.0,23.6,27.1,27.8,2.39,1.03,1.79
2145.25,24.3,29.9,26.2,2.77,1.34,1.95
2145.5,24.6,27.1,26.7,3.29,1.87,2.23
2145.75,26.5,27.5,26.1,2.8,1.45,2.15
2146.0,31.8,28.2,29.8,2.63,1.54,2.24
2146.25,33.4,30.2,31.0,3.48,2.36,2.45
2146.5,34.0,31.4,32.0,3.41,2.63,2.39
2146.75,35.1,28.6,32.0,2.85,2.21,2.31
2147.0,37.6,26.7,30.5,2.07,2.0,1.94
2147.25,38.1,24.0,28.6,3.11,1.61,2.05
2147.5,37.5,20.9,28.4,3.38,1.56,1.66
2147.75,37.0,19.9,29.0,3.62,2.45,2.21
2148.0,35.7,18.5,27.5,3.79,2.29,2.42
2148.25,36.7,17.1,25.9,3.6,1.65,2.6
2148.5,35.7,22.5,25.0,3.8,1.91,2.19
2148.75,33.5,26.2,24.9,3.74,2.66,2.48
2149.0,34.3,25.6,28.4,3.08,2.59,1.71
2149.25,32.7,30.7,28.5,2.2,3.38,2.06
2149.5,31.1,31.0,29.6,3.15,3.47,2.24
2149.75,31.1,31.2,30.9,4.06,3.84,2.46
2150.0,29.7,31.7,29.8,2.93,3.2,2.0
2150.25,31.0,33.0,31.3,2.84,3.08,1.6
2150.5,30.1,30.0,33.2,3.38,2.63,1.96
2150.75,30.9,30.9,35.7,3.9,2.89,2.03
2151.0,31.6,29.5,36.9,3.65,2.84,2.62
2151.25,32.0,28.8,34.3,3.84,2.63,2.25
2151.5,33.8,28.5,34.7,4.47,2.59,2.03
2151.75,32.4,28.3,31.4,4.07,2.82,2.04
2152.0,0.0,0.0,0.0,0.0,0.0,0.0
2152.25,30.0,24.7,25.3,3.38,1.5,0.87
2152.5,0.0,0.0,0.0,0.0,0.0,0.0
2152.75,0.0,0.0,0.0,0.0,0.0,0.0
2153.0,0.0,0.0,0.0,0.0,0.0,0.0
2153.25,0.0,0.0,0.0,0.0,0.0,0.0
2153.5,20.6,16.7,18.8,4.38,1.02,1.78
2153.75,15.8,15.4,16.4,3.05,1.09,1.41
2154.0,14.0,15.5,11.7,2.91,1.83,1.37
2154.25,15.5,14.1,12.1,3.99,1.09,1.39
2154.5,0.0,0.0,0.0,0.0,0.0,0.0
2154.75,0.0,0.0,0.0,0.0,0.0,0.0
2155.0,14.9,13.0,10.6,4.24,1.39,1.34
2155.25,0.0,0.0,0.0,0.0,0.0,0.0
2155.5,0.0,0.0,0.0,0.0,0.0,0.0
2155.75,0.0,0.0,0.0,0.0,0.0,0.0
2156.0,0.0,0.0,0.0,0.0,0.0,0.0
2156.25,13.1,12.4,9.54,2.73,0.72,1.23
2156.5,0.0,0.0,0.0,0.0,0.0,0.0
2156.75,14.1,9.43,8.09,4.04,0.746,1.03
2157.0,12.6,7.91,7.93,3.8,0.797,1.32
2157.25,12.3,7.24,7.72,2.95,0.762,1.29
2157.5,12.1,6.88,8.3,2.96,1.03,1.48
2157.75,11.5,6.51,8.01,3.13,1.31,1.44
2158.0,11.5,6.22,7.99,3.25,1.05,1.25
2158.25,11.4,6.42,7.26,2.96,0.924,1.26
2158.5,11.2,6.36,7.88,2.87,1.15,1.26
2158.75,10.2,6.83,7.64,2.41,1.42,1.14
2159.0,11.9,5.05,8.88,3.64,1.02,1.83
2159.25,11.2,4.64,6.81,3.15,0.93,1.3
2159.5,10.6,4.12,5.44,4.4,1.31,0.7
2159.75,10.3,4.14,6.76,3.4,1.51,1.19
