Hora_decimal,P fase A,P fase B,P fase C,Q fase A,Q fase B,Q fase C
1416.0,2.72,1.25,3.42,0.86,0.6,0.99
1416.25,2.66,1.25,3.62,0.91,0.59,0.99
1416.5,2.66,1.16,3.08,0.94,0.72,0.87
1416.75,2.62,1.15,3.24,0.93,0.74,0.93
1417.0,2.57,1.2,3.54,1.0,0.69,0.92
1417.25,2.64,1.26,3.35,0.95,0.63,0.88
1417.5,2.59,1.26,3.43,1.0,0.61,0.91
1417.75,2.66,1.27,3.52,0.97,0.75,0.91
1418.0,2.64,1.27,3.6,1.0,0.61,0.82
1418.25,2.59,1.3,2.79,1.1,0.58,0.87
1418.5,2.56,1.26,3.32,1.1,0.62,0.87
1418.75,2.71,1.29,3.2,0.97,0.59,0.9
1419.0,2.7,1.25,3.47,0.95,0.63,1.0
1419.25,2.68,1.24,3.32,0.99,0.63,0.93
1419.5,2.59,1.25,3.7,1.1,0.62,0.98
1419.75,2.67,1.22,2.7,1.0,0.66,0.99
1420.0,2.63,1.26,3.41,1.1,0.62,0.96
1420.25,2.62,1.11,3.13,1.0,0.77,1.0
1420.5,2.65,1.16,3.15,1.0,0.73,1.0
1420.75,2.69,1.17,3.59,0.94,0.72,0.97
1421.0,2.59,1.28,2.66,1.0,0.57,1.0
1421.25,2.62,1.24,3.11,1.0,0.62,0.88
1421.5,2.57,1.24,3.31,1.1,0.61,0.89
1421.75,2.66,1.27,3.53,1.0,0.58,0.95
1422.0,2.61,1.24,2.83,1.0,0.62,0.92
1422.25,2.57,1.24,3.32,0.92,0.58,0.97
1422.5,1.86,0.408,2.98,1.1,1.2,1.3
1422.75,1.17,0.396,2.7,1.2,1.2,1.3
1423.0,0.849,0.418,3.2,1.2,1.2,1.3
1423.25,0.79,0.512,2.7,1.2,1.1,1.3
1423.5,0.703,0.508,2.71,1.3,1.1,1.2
1423.75,0.815,0.512,3.01,1.2,1.0,1.3
1424.0,0.707,0.433,2.68,1.2,1.0,1.3
1424.25,0.731,0.421,2.93,1.2,1.0,1.4
1424.5,0.951,0.46,3.11,1.4,1.0,1.4
1424.75,1.82,0.719,3.01,1.3,1.2,1.3
1425.0,1.97,0.891,2.65,1.4,1.2,1.4
1425.25,2.07,0.969,3.22,1.3,1.2,1.3
1425.5,2.12,1.13,3.2,1.3,1.0,1.4
1425.75,2.24,1.13,4.98,1.2,1.0,0.91
1426.0,2.1,1.15,5.98,1.4,1.0,0.85
1426.25,2.14,1.26,5.76,1.3,1.2,0.73
1426.5,1.97,1.09,5.1,1.4,1.0,0.84
1426.75,2.11,0.714,6.0,1.3,1.0,0.54
1427.0,2.02,0.747,5.23,1.4,0.99,0.91
1427.25,2.09,0.74,5.25,1.3,0.99,0.85
1427.5,2.07,0.697,5.85,1.3,1.0,0.78
1427.75,2.09,0.74,5.7,1.3,0.98,0.81
1428.0,2.05,0.742,4.46,1.3,0.97,1.0
1428.25,2.09,0.714,5.42,1.3,1.0,0.83
1428.5,2.12,0.749,5.38,1.2,0.97,0.74
1428.75,2.18,0.718,5.39,1.2,0.99,0.9
1429.0,2.3,0.967,5.85,1.1,1.1,0.71
1429.25,2.12,0.975,5.73,1.3,1.1,0.92
1429.5,2.15,1.06,5.55,1.2,1.0,0.82
1429.75,2.1,1.09,5.11,1.3,0.99,1.1
1430.0,2.38,1.17,6.43,1.2,1.1,0.81
1430.25,0.738,0.522,3.29,1.2,1.0,1.3
1430.5,0.847,0.539,3.42,1.1,1.0,1.3
1430.75,0.877,0.521,3.36,1.1,1.0,1.3
1431.0,0.753,0.529,3.56,1.2,1.0,1.3
1431.25,0.776,0.519,3.0,1.2,1.0,1.3
1431.5,0.691,0.504,3.19,1.3,1.0,1.3
1431.75,0.844,0.498,3.31,1.1,1.0,1.3
1432.0,0.71,0.413,3.89,1.3,1.1,1.3
1432.25,0.833,0.438,3.48,1.1,1.1,1.2
1432.5,0.765,0.418,3.53,1.2,1.1,1.2
1432.75,0.882,0.53,3.1,1.1,1.0,1.2
1433.0,0.725,0.488,3.51,1.3,1.0,1.2
1433.25,0.723,0.503,3.09,1.3,1.0,1.2
1433.5,0.83,0.56,3.77,1.1,0.97,1.2
1433.75,1.04,0.47,3.85,1.4,1.1,1.1
1434.0,1.15,0.57,3.79,1.3,0.97,1.2
1434.25,1.6,0.357,3.59,1.3,1.2,1.3
1434.5,1.46,0.38,2.75,1.3,1.2,1.3
1434.75,0.0,0.0,0.0,0.0,0.0,0.0
1435.0,0.0,0.0,0.0,0.0,0.0,0.0
1435.25,0.0,0.0,0.0,0.0,0.0,0.0
1435.5,2.64,1.15,2.42,0.9,0.72,1.0
1435.75,2.62,1.14,4.09,0.93,0.72,1.0
1436.0,2.57,1.08,3.3,0.98,0.81,0.96
1436.25,0.0,0.0,0.0,0.0,0.0,0.0
1436.5,0.0,0.0,0.0,0.0,0.0,0.0
1436.75,2.64,1.24,3.97,0.92,0.64,1.1
1437.0,2.54,1.21,3.3,1.0,0.65,0.99
1437.25,2.63,1.18,3.26,0.95,0.68,0.96
1437.5,2.66,1.26,4.14,0.88,0.66,0.97
1437.75,2.58,1.2,4.11,0.98,0.76,1.0
1438.0,2.54,1.2,3.4,1.0,0.65,0.85
1438.25,2.57,1.27,4.11,1.0,0.58,0.97
1438.5,2.56,1.27,2.96,1.0,0.57,0.87
1438.75,2.6,1.26,4.11,1.0,0.6,0.92
1439.0,2.61,1.17,4.02,0.99,0.69,0.93
1439.25,2.62,1.3,2.7,1.0,0.62,0.88
1439.5,2.68,1.25,4.14,0.94,0.61,0.85
1439.75,0.0,0.0,0.0,0.0,0.0,0.0
1440.0,2.59,1.16,4.13,1.0,0.73,0.93
1440.25,0.0,0.0,0.0,0.0,0.0,0.0
1440.5,0.0,0.0,0.0,0.0,0.0,0.0
1440.75,2.71,1.25,3.6,0.95,0.64,0.89
1441.0,2.6,1.28,4.13,1.1,0.59,0.92
1441.25,2.55,1.21,3.97,1.1,0.71,1.1
1441.5,2.52,1.28,4.17,1.1,0.59,0.99
1441.75,2.68,1.19,4.0,0.93,0.69,0.98
1442.0,2.57,1.22,3.54,1.1,0.66,1.0
1442.25,2.73,1.14,3.35,0.92,0.77,0.92
1442.5,2.65,1.14,3.41,1.0,0.77,0.87
1442.75,2.7,1.21,4.05,0.96,0.72,1.0
1443.0,0.0,0.0,0.0,0.0,0.0,0.0
1443.25,2.69,1.28,4.02,1.0,0.63,1.1
1443.5,2.57,1.22,3.3,1.1,0.7,0.95
1443.75,2.67,1.27,2.56,1.0,0.62,0.89
1444.0,2.7,1.25,3.09,1.0,0.66,0.9
1444.25,2.77,1.24,3.3,0.91,0.66,0.94
1444.5,2.67,1.11,3.29,1.0,0.82,0.9
1444.75,0.0,0.0,0.0,0.0,0.0,0.0
1445.0,2.61,1.13,3.13,1.0,0.77,0.84
1445.25,2.7,1.25,4.1,0.94,0.62,0.88
1445.5,2.62,1.25,3.38,1.0,0.65,0.93
1445.75,2.77,1.31,4.07,0.82,0.57,0.94
1446.0,2.67,1.66,3.73,0.94,0.55,0.95
1446.25,2.68,3.46,2.69,0.93,0.28,0.95
1446.5,0.0,0.0,0.0,0.0,0.0,0.0
1446.75,0.0,0.0,0.0,0.0,0.0,0.0
1447.0,1.03,2.49,2.81,1.4,0.94,1.4
1447.25,0.98,2.6,3.44,1.5,0.83,1.3
1447.5,1.04,2.62,2.01,1.4,0.82,1.3
1447.75,1.16,2.68,3.07,1.2,0.74,1.3
1448.0,0.832,2.66,2.19,1.3,0.78,1.4
1448.25,0.76,2.65,3.4,1.3,0.81,1.5
1448.5,0.0,0.0,0.0,0.0,0.0,0.0
1448.75,0.73,2.76,3.56,1.3,0.7,1.4
1449.0,0.79,2.63,2.8,1.2,0.87,1.3
1449.25,0.74,2.71,3.6,1.3,0.82,1.3
1449.5,0.848,2.71,2.83,1.2,0.87,1.3
1449.75,0.75,2.85,3.61,1.3,0.74,1.3
1450.0,0.77,2.96,2.0,1.3,0.68,1.3
1450.25,0.68,2.88,2.79,1.4,0.74,1.3
1450.5,0.74,2.92,3.62,1.3,0.75,1.3
1450.75,0.812,2.94,2.79,1.2,0.71,1.3
1451.0,0.81,3.01,2.76,1.2,0.7,1.2
1451.25,0.84,2.94,2.89,1.2,0.79,1.2
1451.5,0.842,2.94,3.04,1.2,0.84,1.3
1451.75,0.87,2.88,2.46,1.1,0.89,1.3
1452.0,0.77,2.98,3.18,1.3,0.79,1.4
1452.25,0.83,2.96,3.69,1.2,0.78,1.3
1452.5,0.79,3.05,3.72,1.2,0.73,1.3
1452.75,0.81,3.09,2.77,1.2,0.73,1.4
1453.0,0.707,3.14,3.62,1.3,0.69,1.4
1453.25,0.773,3.15,3.31,1.3,0.71,1.4
1453.5,0.74,3.18,3.62,1.3,0.69,1.4
1453.75,0.757,3.15,3.67,1.3,0.74,1.3
1454.0,0.752,3.08,2.28,1.3,0.85,1.4
1454.25,0.868,3.12,3.08,1.1,0.81,1.3
1454.5,0.77,3.26,3.21,1.2,0.68,1.2
1454.75,0.798,3.13,3.77,1.2,0.74,1.3
1455.0,0.69,3.24,2.93,1.3,0.68,1.2
1455.25,0.83,3.22,3.43,1.2,0.66,1.3
1455.5,0.711,3.19,3.14,1.3,0.69,1.2
1455.75,0.878,3.22,3.23,1.2,0.68,1.2
1456.0,1.06,3.1,3.87,1.3,0.7,1.2
1456.25,1.18,3.02,3.37,1.2,0.74,1.3
1456.5,1.03,3.02,2.92,1.3,0.72,1.1
1456.75,1.06,3.01,2.88,1.3,0.72,1.3
1457.0,1.11,2.89,3.22,1.2,0.84,1.2
1457.25,1.17,2.86,3.17,1.2,0.84,1.3
1457.5,1.11,2.89,3.41,1.3,0.76,1.3
1457.75,1.2,2.87,2.96,1.2,0.77,1.4
1458.0,1.08,2.83,3.05,1.3,0.77,1.3
1458.25,1.09,2.82,3.11,1.3,0.74,1.3
1458.5,0.998,2.82,2.67,1.4,0.74,1.4
1458.75,1.17,2.82,2.59,1.3,0.72,1.3
1459.0,1.89,3.01,3.79,1.0,0.5,1.1
1459.25,2.59,3.51,3.04,0.84,0.31,0.97
1459.5,2.56,3.49,4.09,0.9,0.31,1.0
1459.75,2.58,3.35,3.72,0.9,0.47,0.96
1460.0,2.57,3.35,3.5,0.91,0.45,0.94
1460.25,2.46,3.42,3.93,1.0,0.35,0.89
1460.5,2.51,3.42,3.94,0.96,0.35,0.94
1460.75,2.51,3.44,3.54,0.97,0.33,0.85
1461.0,2.59,3.46,3.73,0.87,0.3,0.89
1461.25,2.51,3.43,3.52,0.96,0.32,0.91
1461.5,2.56,3.4,3.83,0.88,0.35,0.86
1461.75,2.52,3.43,4.02,0.96,0.32,0.85
1462.0,2.47,3.4,3.75,1.0,0.35,0.89
1462.25,2.51,3.37,4.14,0.97,0.38,0.92
1462.5,2.52,3.32,3.9,0.98,0.44,0.88
1462.75,2.67,3.35,2.97,0.82,0.42,0.92
1463.0,2.61,3.47,3.7,0.9,0.32,0.98
1463.25,2.63,3.48,3.97,0.88,0.3,1.0
1463.5,2.62,3.49,3.39,0.9,0.32,1.0
1463.75,2.61,3.53,3.68,0.93,0.31,0.95
1464.0,2.5,3.57,2.74,1.0,0.31,0.95
1464.25,2.55,3.52,3.34,0.99,0.33,0.98
1464.5,2.68,3.55,3.12,0.84,0.3,0.91
1464.75,2.58,3.51,3.5,0.96,0.33,1.0
1465.0,2.63,3.41,3.64,0.92,0.45,0.97
1465.25,2.55,3.38,3.07,1.0,0.46,0.9
1465.5,2.62,3.42,2.96,0.96,0.4,0.9
1465.75,2.57,3.51,3.74,1.0,0.3,0.82
1466.0,2.59,3.5,3.17,1.0,0.32,0.94
1466.25,2.68,3.48,3.59,0.91,0.32,0.85
1466.5,2.62,3.47,4.23,0.98,0.33,0.7
1466.75,2.63,3.47,3.89,0.99,0.32,0.84
1467.0,2.36,3.47,3.34,1.4,0.33,0.89
1467.25,2.69,3.42,4.06,0.94,0.39,0.89
1467.5,2.57,3.35,3.91,1.1,0.47,0.92
1467.75,2.68,3.37,3.44,0.99,0.47,0.88
1468.0,2.72,3.46,3.48,0.93,0.36,0.92
1468.25,2.72,3.47,3.99,0.94,0.34,1.0
1468.5,2.71,3.44,3.68,0.96,0.34,0.98
1468.75,2.63,3.43,3.2,0.99,0.35,1.0
1469.0,2.73,3.42,3.52,0.85,0.35,1.0
1469.25,2.64,3.42,3.58,0.96,0.33,0.99
1469.5,2.67,3.4,3.62,0.93,0.34,0.99
1469.75,2.65,3.35,3.5,0.96,0.42,1.0
1470.0,2.64,3.33,3.93,0.98,0.45,0.97
1470.25,2.62,3.32,3.42,1.0,0.46,0.99
1470.5,2.11,2.98,3.5,1.3,0.67,0.96
1470.75,1.68,2.75,3.85,1.2,0.91,1.2
1471.0,1.17,1.45,3.14,1.3,0.99,1.3
1471.25,2.45,0.669,6.65,1.3,1.1,1.2
1471.5,3.05,0.734,8.37,1.2,1.2,1.3
1471.75,2.95,1.6,8.59,1.3,1.2,1.3
1472.0,3.41,1.42,5.85,1.3,1.2,1.5
1472.25,2.79,0.731,3.37,1.6,1.1,1.4
1472.5,2.06,0.642,3.34,1.4,1.1,1.4
1472.75,1.02,2.02,3.89,1.2,1.2,1.5
1473.0,1.71,2.37,3.81,1.2,1.2,1.5
1473.25,3.52,1.43,3.34,1.4,1.1,1.5
1473.5,3.43,0.404,3.64,1.6,1.0,1.5
1473.75,3.56,0.312,3.16,1.4,1.2,1.4
1474.0,3.47,0.343,3.27,1.5,1.1,1.4
1474.25,3.6,0.378,3.51,1.4,1.1,1.4
1474.5,3.62,0.489,6.32,1.4,1.1,1.1
1474.75,3.68,0.566,5.98,1.3,1.1,1.0
1475.0,3.57,0.587,6.46,1.5,1.0,1.0
1475.25,1.69,0.443,6.5,1.3,1.0,1.1
1475.5,1.64,0.46,5.3,1.4,0.98,1.2
1475.75,0.684,0.43,3.6,1.2,1.0,1.3
1476.0,0.601,0.409,3.02,1.3,1.0,1.3
1476.25,0.73,0.428,3.66,1.1,1.0,1.2
1476.5,0.708,0.398,3.66,1.1,1.0,1.4
1476.75,0.744,0.343,3.85,1.1,1.1,1.2
1477.0,0.584,0.351,2.71,1.3,1.1,1.2
1477.25,0.734,0.438,3.53,1.1,0.99,1.3
1477.5,0.659,0.431,3.71,1.2,1.0,1.3
1477.75,1.48,0.435,3.97,1.1,1.0,1.4
1478.0,3.0,0.566,7.12,1.0,1.0,1.5
1478.25,3.04,0.579,7.55,0.9,1.0,1.5
1478.5,3.03,0.555,6.6,0.91,1.1,1.4
1478.75,2.92,0.575,7.62,1.0,1.0,1.5
1479.0,2.86,0.577,7.69,1.1,1.0,1.4
1479.25,2.88,0.594,7.03,1.0,1.0,1.5
1479.5,2.84,0.617,6.55,1.1,1.0,1.5
1479.75,2.86,0.561,6.57,1.1,1.1,1.5
1480.0,2.83,0.478,6.76,1.1,1.2,1.4
1480.25,2.91,0.516,7.3,0.97,1.1,1.5
1480.5,2.8,0.574,7.12,1.1,1.0,1.4
1480.75,2.98,3.23,7.04,1.3,0.69,1.5
1481.0,3.02,1.39,7.49,1.2,0.94,1.4
1481.25,2.97,0.608,6.84,1.2,1.0,1.5
1481.5,3.11,0.643,6.53,1.1,1.0,1.5
1481.75,3.02,0.572,7.2,1.2,1.1,1.5
1482.0,3.14,0.588,7.46,1.0,1.1,1.5
1482.25,2.9,0.585,7.02,1.3,1.1,1.5
1482.5,1.68,0.58,5.85,1.2,1.1,1.4
1482.75,1.47,0.791,5.31,1.4,1.1,1.3
1483.0,2.53,1.09,5.24,0.93,1.1,0.99
1483.25,2.59,1.39,5.54,0.94,0.77,0.93
1483.5,2.75,1.39,4.89,0.82,0.64,0.97
1483.75,2.76,1.38,3.95,0.8,0.59,0.88
1484.0,2.7,1.34,3.83,0.88,0.63,0.96
1484.25,2.61,1.26,3.61,0.91,0.62,0.87
1484.5,2.51,1.28,3.88,0.99,0.55,0.94
1484.75,2.62,1.21,3.7,0.85,0.61,0.93
1485.0,2.54,1.21,3.78,0.9,0.59,0.9
1485.25,2.57,1.25,3.92,0.86,0.54,1.0
1485.5,2.53,1.23,3.93,0.91,0.56,0.9
1485.75,2.59,1.21,2.49,0.85,0.59,0.97
1486.0,2.48,1.26,3.4,1.0,0.56,0.88
1486.25,2.58,1.22,4.11,0.93,0.63,1.0
1486.5,2.51,1.12,3.77,1.0,0.72,0.91
1486.75,2.64,1.16,3.87,0.89,0.69,1.0
1487.0,2.58,1.27,3.22,1.0,0.59,0.94
1487.25,2.7,1.28,3.41,0.87,0.57,1.0
1487.5,2.58,1.25,3.89,1.0,0.61,0.9
1487.75,2.64,1.25,3.76,0.95,0.6,0.96
1488.0,2.52,1.24,3.93,1.1,0.61,0.89
1488.25,2.66,1.24,3.86,0.92,0.61,0.9
1488.5,2.61,1.26,3.53,0.99,0.61,0.9
1488.75,2.72,1.26,3.56,0.89,0.6,0.86
1489.0,2.76,1.2,3.83,0.86,0.68,0.94
1489.25,2.75,1.15,3.76,0.87,0.74,0.87
1489.5,2.64,1.13,3.39,0.97,0.75,0.94
1489.75,2.71,1.28,3.82,0.87,0.58,0.88
1490.0,2.64,1.26,3.83,0.96,0.59,0.91
1490.25,2.65,1.21,3.19,0.87,0.62,0.85
1490.5,2.53,1.22,3.58,1.0,0.6,0.91
1490.75,2.66,1.25,3.82,0.85,0.57,0.93
1491.0,2.51,1.19,3.17,1.0,0.64,0.97
1491.25,2.56,1.23,3.68,0.99,0.6,1.0
1491.5,2.5,1.23,3.66,1.1,0.6,0.96
1491.75,2.66,1.21,3.35,0.9,0.62,1.0
1492.0,2.6,1.12,2.51,0.97,0.74,0.93
1492.25,2.68,1.16,3.01,0.88,0.7,1.0
1492.5,2.59,1.18,3.77,1.0,0.68,0.97
1492.75,2.62,1.23,3.2,0.98,0.63,1.0
1493.0,2.55,1.26,3.48,1.1,0.6,0.94
1493.25,2.62,1.27,3.43,1.0,0.58,0.92
1493.5,2.57,1.24,3.76,1.1,0.61,0.93
1493.75,2.7,1.25,3.33,0.92,0.6,0.88
1494.0,2.61,1.26,3.3,1.0,0.58,0.93
1494.25,2.44,1.06,3.48,0.86,0.7,1.1
1494.5,1.63,0.43,3.02,1.2,1.2,1.3
1494.75,1.14,0.392,2.97,1.3,1.2,1.3
1495.0,0.945,0.46,3.16,1.3,1.1,1.2
1495.25,0.893,0.565,3.51,1.1,1.0,1.3
1495.5,0.92,0.504,3.21,1.1,1.1,1.3
1495.75,0.895,0.494,3.07,1.1,1.1,1.3
1496.0,0.731,0.519,2.67,1.3,1.0,1.3
1496.25,0.816,0.496,3.09,1.2,1.1,1.4
1496.5,0.727,0.474,3.05,1.3,1.1,1.4
1496.75,0.757,0.494,4.47,1.2,1.0,1.5
1497.0,0.83,0.478,5.14,1.2,1.1,1.6
1497.25,1.82,0.489,5.26,1.2,1.2,1.4
1497.5,1.74,0.569,4.88,1.3,1.1,1.6
1497.75,1.82,0.596,5.43,1.2,1.1,1.5
1498.0,1.79,0.607,5.01,1.3,0.99,1.5
1498.25,1.8,0.566,5.37,1.3,1.0,1.5
1498.5,3.76,0.679,5.54,1.2,1.1,1.4
1498.75,3.93,0.663,5.44,1.0,1.1,1.4
1499.0,3.91,0.687,4.99,1.1,1.0,1.4
1499.25,4.0,0.69,5.84,1.0,1.0,1.4
1499.5,3.53,0.615,5.28,1.2,1.0,1.3
1499.75,1.72,0.506,3.16,1.2,0.99,1.3
1500.0,0.741,0.481,3.7,1.2,1.0,1.1
1500.25,0.765,0.406,3.23,1.2,1.1,1.2
1500.5,0.735,0.372,3.59,1.2,1.2,1.2
1500.75,0.869,0.485,3.57,1.1,1.0,1.2
1501.0,0.765,0.519,3.18,1.2,0.98,1.2
1501.25,0.824,0.492,3.14,1.1,1.0,1.2
1501.5,0.701,0.505,3.0,1.3,1.0,1.2
1501.75,0.819,0.52,3.53,1.1,1.1,1.2
1502.0,0.742,0.549,2.92,1.2,0.97,1.3
1502.25,0.772,0.51,3.68,1.2,1.0,1.2
1502.5,0.829,0.521,3.08,1.1,1.0,1.3
1502.75,0.841,0.514,2.75,1.1,1.0,1.3
1503.0,0.814,0.525,3.25,1.1,0.98,1.3
1503.25,0.738,0.517,3.69,1.2,0.98,1.3
1503.5,0.807,0.508,3.12,1.1,0.99,1.3
1503.75,0.721,0.528,3.71,1.2,0.98,1.3
1504.0,0.823,0.49,3.49,1.1,1.0,1.3
1504.25,0.759,0.492,3.2,1.2,1.0,1.3
1504.5,0.924,0.503,3.56,0.99,0.99,1.3
1504.75,0.806,0.523,3.36,1.1,0.97,1.3
1505.0,0.869,0.506,3.66,1.0,0.98,1.3
1505.25,0.807,0.499,3.41,1.1,0.99,1.2
1505.5,0.864,0.519,3.25,1.1,0.98,1.2
1505.75,0.747,0.503,3.38,1.3,1.0,1.2
1506.0,1.13,0.48,3.6,1.2,1.0,1.2
1506.25,1.14,0.477,3.37,1.2,1.0,1.2
1506.5,1.06,0.42,3.32,1.3,1.1,1.3
1506.75,1.08,0.415,3.08,1.3,1.1,1.2
1507.0,1.81,0.701,3.61,1.1,0.81,1.1
1507.25,2.46,1.22,3.1,0.83,0.55,0.87
1507.5,2.48,1.25,3.96,0.92,0.54,0.95
1507.75,2.55,1.23,3.66,0.86,0.57,0.84
1508.0,2.58,1.2,3.96,0.86,0.61,0.97
1508.25,2.57,1.24,3.38,0.83,0.56,0.88
1508.5,2.47,1.21,3.58,0.95,0.58,0.88
1508.75,2.55,1.24,2.84,0.88,0.56,0.92
1509.0,2.44,1.22,3.87,0.98,0.58,0.88
1509.25,2.5,1.24,3.4,0.92,0.55,0.92
1509.5,2.44,1.21,4.04,0.96,0.58,0.84
1509.75,2.65,1.23,3.68,0.76,0.57,0.94
1510.0,2.5,1.14,3.99,0.9,0.68,0.79
1510.25,2.55,1.12,3.68,0.81,0.71,1.0
1510.5,2.55,1.2,3.34,0.87,0.63,0.86
1510.75,2.61,1.25,3.55,0.82,0.57,1.0
1511.0,2.49,1.24,3.52,0.98,0.59,0.95
1511.25,2.59,1.26,3.74,0.91,0.58,0.98
1511.5,2.61,1.26,3.56,0.86,0.59,0.96
1511.75,2.65,1.26,3.58,0.87,0.6,0.98
1512.0,2.57,1.28,3.67,0.97,0.58,1.0
1512.25,2.64,1.28,3.25,0.91,0.58,0.89
1512.5,2.55,1.24,3.05,1.0,0.63,1.0
1512.75,2.6,1.25,3.77,0.97,0.62,0.85
1513.0,2.58,1.19,3.61,1.0,0.69,0.68
1513.25,2.72,1.15,4.07,0.83,0.73,0.93
1513.5,2.59,1.19,3.51,0.99,0.7,0.92
1513.75,2.69,1.22,4.11,0.91,0.66,0.83
1514.0,2.61,1.27,3.68,1.0,0.61,0.9
1514.25,2.63,1.29,3.88,0.98,0.6,0.97
1514.5,2.58,1.29,4.17,1.0,0.6,0.86
1514.75,2.7,1.26,3.33,0.93,0.63,0.94
1515.0,2.63,1.22,3.82,0.96,0.65,0.8
1515.25,2.67,1.26,2.83,0.92,0.65,0.87
1515.5,2.64,1.21,3.29,0.96,0.66,0.87
1515.75,2.7,1.13,4.13,0.92,0.76,0.93
1516.0,2.68,1.16,3.79,0.96,0.75,0.91
1516.25,2.72,1.19,2.93,0.91,0.7,0.91
1516.5,2.66,1.27,3.56,0.99,0.61,1.0
1516.75,2.81,1.27,3.68,0.81,0.61,0.93
1517.0,2.65,1.28,2.86,0.99,0.59,1.0
1517.25,2.71,1.27,3.98,0.94,0.62,0.93
1517.5,2.59,1.25,3.82,1.1,0.63,1.1
1517.75,2.66,1.26,3.58,1.0,0.63,0.97
1518.0,2.61,1.26,3.72,1.1,0.61,0.99
1518.25,2.48,1.03,3.04,0.85,0.78,1.1
1518.5,1.73,0.483,3.15,1.1,1.1,1.3
1518.75,1.17,0.535,3.07,1.2,1.0,1.2
1519.0,0.765,0.512,3.31,1.3,1.0,1.3
1519.25,0.812,0.478,3.25,1.2,1.1,1.3
1519.5,0.965,0.522,3.7,1.2,1.0,1.2
1519.75,0.76,0.546,2.95,1.2,0.99,1.3
1520.0,0.72,0.523,3.34,1.2,1.0,1.2
1520.25,0.876,0.506,2.8,1.1,1.0,1.3
1520.5,0.866,0.892,4.77,1.2,1.1,1.4
1520.75,2.31,0.643,4.97,1.1,1.1,1.4
1521.0,4.01,0.464,6.05,1.2,1.1,1.6
1521.25,5.59,0.503,7.29,1.2,1.2,1.6
1521.5,5.58,0.505,7.76,1.3,1.2,1.7
1521.75,5.7,0.592,6.37,1.2,1.1,1.7
1522.0,3.44,0.631,7.15,0.99,1.0,1.8
1522.25,5.78,0.63,6.87,1.2,1.0,1.7
1522.5,3.85,0.58,6.19,1.2,1.1,1.6
1522.75,3.13,0.756,6.49,1.1,0.98,1.7
1523.0,4.15,1.77,6.04,1.1,0.97,1.6
1523.25,3.19,0.473,7.12,1.1,1.1,1.7
1523.5,3.69,0.575,6.38,1.0,1.0,1.7
1523.75,3.58,0.482,6.39,0.96,1.0,1.6
1524.0,2.82,0.348,5.91,1.2,1.1,1.5
1524.25,2.85,0.314,7.0,1.1,1.1,1.3
1524.5,2.66,0.358,8.39,1.2,1.1,1.1
1524.75,2.87,0.417,8.29,0.93,0.98,1.1
1525.0,2.8,0.479,9.31,1.1,0.94,1.1
1525.25,3.08,0.493,9.2,0.97,0.96,1.1
1525.5,4.53,0.473,10.0,1.1,0.97,1.2
1525.75,8.35,0.488,12.8,1.3,0.96,1.3
1526.0,9.62,0.82,15.9,1.4,1.0,0.86
1526.25,12.0,2.11,17.4,1.3,1.1,0.62
1526.5,12.8,3.43,18.5,1.4,1.2,0.5
1526.75,12.7,3.63,18.6,1.3,1.2,0.68
1527.0,12.5,3.71,18.7,1.2,1.2,0.56
1527.25,12.3,3.58,18.9,1.3,1.2,0.68
1527.5,12.0,3.29,18.4,1.4,1.2,0.81
1527.75,11.8,3.02,16.2,1.4,1.4,1.2
1528.0,11.6,3.22,14.7,1.4,1.4,1.5
1528.25,11.7,2.85,14.9,1.3,1.2,1.5
1528.5,10.6,1.84,13.7,1.3,1.1,1.6
1528.75,10.3,1.82,13.7,1.3,1.1,1.7
1529.0,11.3,1.81,13.6,1.4,1.1,1.6
1529.25,10.6,1.71,13.0,1.4,1.1,1.4
1529.5,7.57,1.67,11.0,1.3,1.1,1.4
1529.75,7.07,1.67,11.2,1.3,1.1,1.5
1530.0,6.27,1.6,10.4,1.4,1.1,1.5
1530.25,4.99,0.558,7.43,1.4,1.0,1.4
1530.5,4.9,0.484,7.18,1.5,1.0,1.2
1530.75,3.43,0.613,6.94,1.4,1.0,1.2
1531.0,2.97,0.757,6.7,1.4,1.0,1.0
1531.25,3.66,1.37,4.41,1.1,0.51,1.1
1531.5,3.71,1.35,4.6,1.1,0.57,1.1
1531.75,3.78,1.34,4.43,1.0,0.58,1.1
1532.0,3.8,1.36,4.42,1.1,0.59,1.1
1532.25,3.75,1.38,4.42,1.1,0.57,1.0
1532.5,3.74,1.34,4.39,1.1,0.6,1.1
1532.75,3.66,1.38,4.53,1.2,0.58,1.1
1533.0,3.54,1.34,3.95,1.2,0.6,1.1
1533.25,3.58,1.32,4.12,1.1,0.62,1.1
1533.5,3.7,1.26,4.37,0.96,0.69,1.0
1533.75,2.61,1.12,3.64,1.0,0.72,1.0
1534.0,2.59,1.28,4.02,0.94,0.55,0.99
1534.25,2.59,1.26,3.96,0.98,0.57,0.99
1534.5,2.63,1.23,4.2,0.94,0.6,0.98
1534.75,2.55,1.27,3.73,1.0,0.63,1.1
1535.0,2.59,1.27,3.76,0.99,0.72,0.93
1535.25,2.64,1.25,3.53,0.94,0.6,1.0
1535.5,2.73,1.27,4.31,0.83,0.57,1.0
1535.75,2.66,1.25,3.66,0.95,0.6,0.95
1536.0,2.68,1.27,3.89,0.9,0.56,1.1
1536.25,2.6,1.25,3.97,0.96,0.57,1.0
1536.5,2.6,1.25,3.73,0.92,0.56,1.1
1536.75,2.47,1.23,4.13,1.0,0.57,1.0
1537.0,2.65,1.22,3.97,0.84,0.58,1.0
1537.25,2.57,1.26,4.06,0.95,0.54,0.97
1537.5,2.61,1.25,3.35,0.9,0.55,0.96
1537.75,2.52,1.24,3.56,1.1,0.57,1.0
1538.0,2.63,1.23,3.58,0.94,0.58,0.93
1538.25,2.55,1.23,3.1,1.0,0.59,1.0
1538.5,2.63,1.29,4.1,0.99,0.53,0.93
1538.75,2.61,1.27,3.73,1.0,0.55,1.0
1539.0,2.66,1.24,4.32,0.94,0.59,0.94
1539.25,2.62,1.15,3.54,1.0,0.7,0.98
1539.5,2.61,1.16,3.94,1.0,0.69,0.97
1539.75,2.61,1.23,3.22,1.0,0.62,1.0
1540.0,2.59,1.27,4.19,1.1,0.57,1.1
1540.25,2.63,1.27,3.72,1.0,0.56,0.93
1540.5,2.71,1.28,3.62,0.94,0.56,1.1
1540.75,2.69,1.25,4.01,0.94,0.59,0.95
1541.0,2.72,1.28,3.96,0.89,0.55,1.1
1541.25,2.68,1.25,3.89,0.97,0.58,1.1
1541.5,2.74,1.25,3.88,0.9,0.59,0.95
1541.75,2.71,1.26,3.78,0.94,0.57,1.1
1542.0,2.65,1.27,4.15,0.98,0.67,1.0
1542.25,2.48,1.23,3.69,0.89,0.66,1.1
1542.5,2.1,0.732,3.57,0.9,0.82,1.3
1542.75,1.12,0.856,3.29,1.3,0.99,1.5
1543.0,2.29,2.47,5.15,1.4,1.2,1.3
1543.25,4.43,5.69,7.51,1.5,1.4,1.4
1543.5,6.09,5.44,9.07,1.5,1.4,1.7
1543.75,7.18,6.5,11.5,1.6,1.5,1.7
1544.0,8.48,8.09,12.5,1.5,1.6,1.8
1544.25,13.0,9.66,15.2,1.8,1.5,1.9
1544.5,14.2,9.85,14.6,1.8,1.5,1.9
1544.75,15.3,10.2,14.8,1.8,1.6,1.9
1545.0,15.9,10.3,14.4,1.8,1.6,2.0
1545.25,15.8,10.4,15.5,1.7,1.6,2.0
1545.5,15.8,10.5,15.8,1.7,1.6,2.0
1545.75,17.2,10.7,15.3,1.6,1.6,1.9
1546.0,17.5,10.8,18.5,1.6,1.4,1.7
1546.25,17.1,10.4,18.5,1.5,1.5,1.7
1546.5,17.6,11.0,18.9,1.6,1.6,1.7
1546.75,15.6,10.6,18.4,1.7,1.3,1.7
1547.0,13.9,12.3,18.2,1.6,1.0,1.7
1547.25,16.6,11.7,18.1,1.6,0.98,1.7
1547.5,15.7,11.8,19.9,1.7,1.0,1.4
1547.75,16.1,11.8,19.8,1.7,1.0,1.3
1548.0,16.9,9.5,15.9,1.7,1.1,1.5
1548.25,13.2,5.56,15.0,1.5,0.97,1.5
1548.5,14.6,5.62,15.2,1.3,0.95,1.4
1548.75,13.0,5.45,15.9,1.3,0.99,1.3
1549.0,11.9,4.92,14.0,1.2,1.2,1.4
1549.25,8.48,4.32,11.6,1.1,1.3,1.2
1549.5,9.4,3.43,12.2,1.0,1.2,1.3
1549.75,9.66,3.84,10.6,1.1,1.3,1.5
1550.0,9.81,3.47,11.9,0.94,1.2,1.3
1550.25,9.64,3.46,11.9,1.1,1.2,1.6
1550.5,10.4,3.4,11.7,1.0,1.2,1.6
1550.75,9.18,3.34,11.2,1.0,1.3,1.6
1551.0,9.53,3.02,11.7,1.1,1.2,1.6
1551.25,9.54,1.73,11.3,1.2,1.1,1.4
1551.5,8.69,0.859,11.5,1.3,1.1,1.4
1551.75,8.85,0.833,11.5,1.2,1.1,1.4
1552.0,8.34,0.843,11.8,1.2,1.0,1.3
1552.25,8.2,1.89,11.6,1.2,1.1,1.4
1552.5,7.18,1.92,11.0,1.1,1.1,1.3
1552.75,6.15,1.9,10.7,1.3,1.1,1.4
1553.0,6.66,1.89,10.4,1.2,1.1,1.2
1553.25,6.45,1.59,10.0,1.3,1.1,1.3
1553.5,7.31,0.708,9.59,1.2,1.0,1.3
1553.75,4.34,0.661,7.23,1.4,1.1,1.1
1554.0,2.68,0.623,6.74,1.3,1.1,1.1
1554.25,2.18,0.547,6.1,1.3,1.2,1.1
1554.5,2.27,0.73,6.2,1.3,1.1,1.1
1554.75,2.47,0.662,6.89,1.4,1.2,1.1
1555.0,3.27,1.06,7.24,1.2,0.84,0.57
1555.25,3.63,1.45,6.56,1.0,0.67,0.91
1555.5,2.79,1.43,4.31,0.83,0.67,0.99
1555.75,2.7,1.4,4.01,0.96,0.72,1.1
1556.0,2.75,1.42,4.55,0.94,0.7,1.0
1556.25,2.67,1.44,4.07,1.0,0.77,1.1
1556.5,2.72,1.44,3.69,0.96,0.79,1.1
1556.75,2.61,1.42,4.6,1.1,0.7,1.1
1557.0,2.77,1.42,3.88,0.9,0.69,1.2
1557.25,2.74,1.38,3.92,0.96,0.74,1.0
1557.5,2.78,1.43,4.1,0.9,0.7,1.1
1557.75,2.64,1.35,3.44,1.0,0.71,0.97
1558.0,2.66,1.3,4.23,0.99,0.69,0.98
1558.25,2.66,1.3,3.21,1.0,0.69,1.0
1558.5,2.72,1.29,3.9,0.97,0.71,0.9
1558.75,2.66,1.28,3.56,1.1,0.74,0.94
1559.0,2.83,1.29,3.51,0.86,0.74,0.88
1559.25,2.71,1.31,3.65,1.0,0.72,0.89
1559.5,2.72,1.29,3.14,0.98,0.72,0.89
1559.75,2.7,1.34,4.19,1.0,0.68,0.99
1560.0,2.77,1.44,3.78,0.96,0.72,0.95
1560.25,2.66,1.19,3.29,1.1,0.84,0.92
1560.5,2.71,1.2,3.42,0.97,0.83,0.98
1560.75,2.78,1.34,3.68,0.92,0.68,0.85
1561.0,2.86,1.3,3.34,0.86,0.73,0.99
1561.25,2.77,1.34,3.75,0.97,0.69,0.92
1561.5,2.82,1.31,3.72,0.92,0.71,0.9
1561.75,2.8,1.35,4.1,0.93,0.66,1.0
1562.0,2.82,1.31,3.56,0.93,0.71,1.0
1562.25,2.7,1.3,3.71,1.1,0.73,1.1
1562.5,2.82,1.28,3.92,0.95,0.75,0.99
1562.75,2.75,1.3,3.58,0.97,0.72,0.94
1563.0,2.7,1.28,3.96,0.94,0.69,0.96
1563.25,2.61,1.16,3.18,1.0,0.82,1.0
1563.5,2.69,1.2,3.7,0.97,0.79,0.98
1563.75,2.57,1.27,3.23,1.1,0.72,0.94
1564.0,2.68,1.39,4.14,0.98,0.72,0.96
1564.25,2.72,1.29,3.34,0.94,0.76,0.84
1564.5,2.75,1.35,3.7,0.89,0.65,1.0
1564.75,2.63,1.29,3.69,1.0,0.71,0.91
1565.0,2.68,1.29,3.86,1.0,0.71,0.96
1565.25,2.62,1.31,4.09,1.1,0.69,1.0
1565.5,2.68,1.3,3.67,0.99,0.69,0.9
1565.75,2.63,1.29,3.61,1.1,0.7,0.92
1566.0,2.77,1.29,3.44,0.91,0.71,0.91
1566.25,2.58,1.21,3.34,0.9,0.73,1.0
1566.5,2.07,0.619,3.38,1.0,1.1,1.4
1566.75,1.22,1.08,3.16,1.4,1.1,1.4
1567.0,2.89,5.24,4.25,1.3,1.0,1.5
1567.25,8.84,7.29,9.14,1.9,1.3,1.3
1567.5,10.0,8.03,13.4,1.8,1.3,1.3
1567.75,10.1,10.9,15.6,1.9,1.2,1.3
1568.0,9.71,13.9,15.2,1.7,1.0,1.4
1568.25,12.1,14.9,14.7,1.8,1.2,1.7
1568.5,12.5,13.1,13.6,1.8,1.3,1.9
1568.75,12.2,15.0,13.4,1.8,1.1,1.9
1569.0,12.5,15.0,13.5,1.7,1.2,2.0
1569.25,12.9,14.9,13.3,1.7,1.1,2.0
1569.5,13.0,15.1,13.7,1.6,1.1,2.0
1569.75,12.5,15.2,13.4,1.6,1.1,1.9
1570.0,12.9,14.0,17.2,1.7,0.94,1.3
1570.25,12.8,14.3,17.2,1.7,0.91,1.1
1570.5,13.1,14.4,18.5,1.6,1.0,1.2
1570.75,14.3,14.2,18.5,1.6,0.96,1.2
1571.0,12.8,14.2,18.0,1.5,0.83,1.2
1571.25,12.6,14.2,18.3,1.5,0.84,1.2
1571.5,12.2,14.1,18.5,1.6,0.78,1.1
1571.75,9.41,13.9,16.9,1.5,0.76,1.3
1572.0,9.46,9.35,15.7,1.5,1.0,1.6
1572.25,12.5,7.7,14.5,1.5,1.1,1.5
1572.5,13.9,8.19,15.2,1.4,1.2,1.5
1572.75,12.5,7.94,15.2,1.4,1.2,1.6
1573.0,11.8,7.6,12.0,1.1,1.2,1.4
1573.25,10.2,4.92,10.5,1.3,1.2,1.3
1573.5,8.98,4.12,10.4,1.2,1.1,1.2
1573.75,6.64,3.02,11.0,1.3,1.2,1.2
1574.0,4.94,2.32,13.1,1.1,1.2,1.3
1574.25,4.46,2.34,14.0,1.1,1.1,1.2
1574.5,4.25,2.3,12.1,1.0,1.2,1.2
1574.75,4.06,2.24,12.4,1.1,1.2,1.3
1575.0,4.06,2.32,12.0,1.1,1.2,1.4
1575.25,4.09,2.24,13.3,1.1,1.2,1.4
1575.5,4.07,2.05,12.4,1.1,1.2,1.5
1575.75,4.07,1.94,12.9,1.1,1.2,1.5
1576.0,4.09,2.23,10.4,1.0,1.3,1.4
1576.25,4.06,1.95,10.6,1.0,1.2,1.3
1576.5,4.01,1.84,10.5,1.1,1.1,1.4
1576.75,4.0,0.789,9.32,1.1,1.1,1.2
1577.0,2.83,0.679,7.83,1.1,1.1,1.1
1577.25,1.86,0.73,7.03,1.2,1.2,1.1
1577.5,1.85,0.705,7.15,1.2,1.1,1.1
1577.75,1.83,0.697,7.36,1.2,1.1,1.1
1578.0,2.03,0.691,7.12,1.3,1.1,1.2
1578.25,2.09,0.816,6.5,1.4,1.1,1.1
1578.5,2.2,0.882,6.85,1.4,1.1,1.1
1578.75,2.54,0.751,6.68,1.3,1.1,1.2
1579.0,3.14,1.07,5.51,1.2,0.95,0.91
1579.25,3.65,1.4,4.36,0.92,0.72,1.1
1579.5,3.64,1.42,4.43,0.98,0.7,1.1
1579.75,3.74,1.46,5.03,0.93,0.7,1.1
1580.0,3.62,1.43,4.71,1.1,0.74,1.2
1580.25,3.7,1.45,4.92,1.0,0.73,0.98
1580.5,3.64,1.43,4.52,1.1,0.75,1.1
1580.75,3.67,1.46,4.43,1.1,0.69,1.0
1581.0,3.68,1.42,4.39,1.0,0.74,1.0
1581.25,3.68,1.32,4.42,0.96,0.84,1.1
1581.5,3.61,1.32,4.48,1.0,0.86,0.91
1581.75,2.67,1.39,4.55,0.94,0.77,0.98
1582.0,2.57,1.34,3.72,0.98,0.7,0.8
1582.25,2.63,1.33,3.38,0.89,0.71,0.85
1582.5,2.58,1.33,3.62,0.96,0.72,0.85
1582.75,2.63,1.32,3.75,0.91,0.73,0.87
1583.0,2.62,1.34,3.53,0.93,0.7,0.88
1583.25,2.73,1.34,3.58,0.84,0.72,0.82
1583.5,2.59,1.33,3.61,1.0,0.73,0.96
1583.75,2.62,1.32,3.86,0.91,0.71,0.95
1584.0,2.59,1.33,3.08,0.95,0.7,1.0
1584.25,2.61,1.42,3.82,0.95,0.86,0.94
1584.5,2.62,1.27,3.68,0.93,0.81,0.95
1584.75,2.75,1.35,3.2,0.78,0.76,1.0
1585.0,2.78,1.35,3.33,0.78,0.74,0.89
1585.25,2.69,1.35,3.54,0.91,0.73,1.0
1585.5,2.71,1.35,3.75,0.89,0.72,0.9
1585.75,2.62,1.31,3.57,1.0,0.77,0.96
1586.0,2.67,1.31,3.08,0.92,0.74,0.92
1586.25,2.57,1.37,3.84,0.98,0.67,0.77
1586.5,2.67,1.31,3.49,0.85,0.72,0.86
1586.75,2.61,1.31,3.77,0.93,0.73,0.84
1587.0,2.67,1.23,3.47,0.88,0.83,0.86
1587.25,2.54,1.23,3.53,1.0,0.82,0.84
1587.5,2.65,1.26,4.02,0.92,0.8,0.81
1587.75,2.63,1.32,3.8,0.95,0.73,0.83
1588.0,2.75,1.31,3.68,0.83,0.75,0.86
1588.25,2.65,1.34,3.17,0.94,0.72,0.87
1588.5,2.77,1.33,3.47,0.82,0.74,0.86
1588.75,2.59,1.33,3.71,0.98,0.71,0.91
1589.0,2.62,1.32,3.56,0.92,0.71,0.92
1589.25,2.53,1.31,3.36,1.0,0.7,0.96
1589.5,2.68,1.3,3.19,0.89,0.75,0.94
1589.75,2.68,1.28,3.59,0.93,0.78,0.93
1590.0,2.72,1.21,3.45,0.88,0.87,0.96
1590.25,2.48,1.17,3.28,0.87,0.85,1.1
1590.5,2.13,0.615,3.03,0.84,1.1,1.3
1590.75,1.13,0.507,3.07,1.3,1.2,1.3
1591.0,0.97,0.535,3.25,1.1,1.1,1.3
1591.25,0.679,0.492,3.15,1.2,1.2,1.3
1591.5,0.807,0.529,3.03,1.1,1.1,1.3
1591.75,1.85,0.684,3.42,1.3,1.2,1.1
1592.0,2.7,1.43,4.88,1.2,1.3,1.2
1592.25,2.63,3.04,6.31,1.4,1.5,1.0
1592.5,2.74,3.03,5.81,1.2,1.4,1.1
1592.75,2.61,3.07,5.94,1.4,1.4,1.1
1593.0,2.73,3.11,6.57,1.3,1.4,1.0
1593.25,2.73,3.09,6.18,1.3,1.4,1.2
1593.5,3.38,4.48,8.24,1.2,1.1,0.79
1593.75,1.54,3.12,6.67,1.3,0.98,0.95
1594.0,1.36,3.1,5.95,1.2,0.96,1.1
1594.25,1.26,3.1,6.18,1.3,0.97,0.95
1594.5,1.35,3.16,6.33,1.2,0.94,1.1
1594.75,1.29,3.18,6.04,1.3,0.93,0.89
1595.0,1.37,3.17,6.52,1.2,0.98,1.0
1595.25,1.38,3.13,6.26,1.2,1.0,1.0
1595.5,1.37,3.15,6.66,1.2,1.1,1.1
1595.75,1.14,2.35,5.49,1.2,1.0,1.1
1596.0,0.773,0.506,3.83,1.1,1.2,1.3
1596.25,0.834,0.539,3.43,1.0,1.1,1.4
1596.5,0.816,0.541,3.76,1.1,1.1,1.3
1596.75,0.876,0.538,3.4,0.97,1.1,1.4
1597.0,0.815,0.535,3.59,1.0,1.1,1.3
1597.25,0.883,0.532,3.53,0.94,1.1,1.3
1597.5,0.713,0.513,3.41,1.1,1.1,1.3
1597.75,0.797,0.473,3.18,1.0,1.1,1.2
1598.0,0.793,0.499,3.25,1.0,1.1,1.3
1598.25,0.872,0.492,3.34,1.1,1.1,1.2
1598.5,0.839,0.506,3.62,1.1,1.1,1.3
1598.75,0.818,0.51,3.33,1.1,1.1,1.2
1599.0,0.882,0.421,3.73,1.0,1.2,1.2
1599.25,0.718,0.398,3.48,1.2,1.2,1.3
1599.5,0.815,0.491,3.49,1.1,1.2,1.2
1599.75,0.763,0.56,3.94,1.2,1.1,1.2
1600.0,0.772,0.518,3.57,1.2,1.1,1.2
1600.25,0.795,0.538,3.74,1.1,1.1,1.2
1600.5,0.72,0.508,3.21,1.1,1.1,1.2
1600.75,0.838,0.518,3.51,0.97,1.1,1.2
1601.0,0.659,0.495,3.24,1.2,1.1,1.3
1601.25,0.736,0.528,3.65,1.1,1.1,1.2
1601.5,0.694,0.536,3.28,1.1,1.1,1.3
1601.75,1.03,0.492,3.49,1.2,1.1,1.3
1602.0,1.04,0.536,3.57,1.2,1.1,1.3
1602.25,0.978,0.504,2.65,1.2,1.1,1.4
1602.5,1.17,0.525,3.38,0.98,1.1,1.3
1602.75,1.48,0.545,3.59,0.88,1.2,1.2
1603.0,2.34,1.25,4.26,0.89,0.74,0.95
1603.25,2.43,1.33,3.7,0.89,0.67,0.91
1603.5,2.44,1.33,3.74,0.89,0.67,1.0
1603.75,2.51,1.31,3.85,0.83,0.69,0.91
1604.0,2.53,1.33,3.98,0.81,0.69,0.99
1604.25,2.72,1.32,3.66,0.7,0.69,0.91
1604.5,2.68,1.35,3.73,0.79,0.67,0.84
1604.75,2.61,1.31,4.06,0.87,0.7,0.88
1605.0,2.56,1.32,3.84,0.95,0.69,0.9
1605.25,2.63,1.29,4.24,0.87,0.71,0.97
1605.5,2.59,1.26,3.92,0.9,0.74,0.91
1605.75,2.64,1.32,3.76,0.86,0.69,0.99
1606.0,2.66,1.29,3.94,0.85,0.74,0.93
1606.25,2.64,1.22,4.06,0.87,0.81,0.91
1606.5,2.58,1.23,3.67,0.95,0.81,1.0
1606.75,2.62,1.27,4.09,0.93,0.77,0.82
1607.0,2.62,1.32,4.01,0.94,0.72,0.97
1607.25,2.59,1.33,4.11,0.99,0.71,0.93
1607.5,2.67,1.31,3.88,0.91,0.74,0.89
1607.75,2.69,1.34,3.91,0.92,0.7,1.1
1608.0,2.72,1.35,3.68,0.85,0.68,0.87
1608.25,2.64,1.33,3.55,0.95,0.72,1.0
1608.5,2.68,1.3,3.82,0.94,0.75,0.94
1608.75,2.64,1.34,3.73,1.0,0.72,1.0
1609.0,2.65,1.33,3.58,0.99,0.75,0.97
1609.25,2.66,1.22,3.62,0.93,0.85,0.97
1609.5,2.78,1.23,3.98,0.8,0.82,1.0
1609.75,2.74,1.27,3.49,0.81,0.78,0.92
1610.0,2.77,1.32,3.66,0.8,0.72,1.1
1610.25,2.63,1.33,3.65,0.95,0.7,0.88
1610.5,2.65,1.35,4.16,0.93,0.69,0.91
1610.75,2.62,1.3,4.18,0.97,0.74,0.97
1611.0,2.64,1.32,4.04,0.96,0.74,0.83
1611.25,2.68,1.33,3.63,0.9,0.72,1.0
1611.5,2.64,1.32,3.11,0.98,0.72,0.87
1611.75,2.67,1.28,3.73,0.92,0.78,0.95
1612.0,2.6,1.21,3.79,1.0,0.85,0.89
1612.25,2.65,1.24,3.26,0.95,0.84,0.83
1612.5,2.63,1.31,3.81,0.99,0.76,0.95
1612.75,2.63,1.34,3.44,0.99,0.71,0.81
1613.0,2.66,1.37,3.57,0.95,0.68,0.92
1613.25,2.73,1.32,3.95,0.87,0.73,0.93
1613.5,2.69,1.33,3.61,0.92,0.72,1.0
1613.75,2.74,1.33,3.39,0.88,0.74,1.0
1614.0,2.65,1.34,3.9,1.0,0.73,0.94
1614.25,2.67,1.31,3.37,0.96,0.75,1.1
1614.5,2.66,0.883,3.11,0.94,1.2,1.0
1614.75,2.37,0.61,3.24,0.77,1.3,1.1
1615.0,2.0,0.632,3.46,0.98,1.3,1.2
1615.25,2.54,0.852,3.41,0.83,0.83,0.88
1615.5,2.64,1.16,3.55,1.1,0.87,1.1
1615.75,2.72,1.13,3.63,0.99,0.83,0.87
1616.0,2.44,0.74,3.41,0.97,1.1,1.1
1616.25,1.55,0.531,3.2,1.4,1.3,1.4
1616.5,1.26,0.539,3.47,1.4,1.3,1.2
1616.75,1.4,0.6,3.52,1.3,1.2,1.4
1617.0,2.15,0.55,3.38,1.2,1.5,1.1
1617.25,2.16,0.549,3.03,1.2,1.5,1.2
1617.5,2.12,0.634,3.05,1.3,1.3,1.2
1617.75,2.19,0.632,2.83,1.3,1.4,1.2
1618.0,1.95,0.615,2.9,1.2,1.3,1.4
1618.25,1.41,0.586,3.35,1.4,1.3,1.2
1618.5,1.15,0.567,2.68,1.4,1.3,1.4
1618.75,1.17,0.573,2.67,1.3,1.3,1.4
1619.0,1.05,0.499,2.7,1.4,1.3,1.3
1619.25,0.81,0.459,2.68,1.3,1.4,1.4
1619.5,0.738,0.461,2.86,1.3,1.4,1.3
1619.75,0.912,0.521,2.91,1.1,1.3,1.4
1620.0,0.879,0.611,2.87,1.3,1.2,1.3
1620.25,1.15,0.584,2.54,1.3,1.2,1.4
1620.5,1.15,0.584,2.76,1.2,1.2,1.4
1620.75,1.22,0.554,2.72,1.2,1.2,1.3
1621.0,1.04,0.533,2.83,1.3,1.2,1.3
1621.25,0.815,0.478,3.16,1.2,1.3,1.2
1621.5,1.01,0.416,2.89,1.3,1.3,1.3
1621.75,0.949,0.438,2.83,1.1,1.3,1.3
1622.0,0.792,0.512,2.74,1.2,1.2,1.3
1622.25,0.833,0.563,2.67,1.2,1.2,1.3
1622.5,0.805,0.59,2.81,1.2,1.1,1.3
1622.75,0.745,0.558,2.66,1.3,1.2,1.3
1623.0,0.746,0.578,2.32,1.3,1.2,1.3
1623.25,0.802,0.575,2.87,1.2,1.2,1.3
1623.5,0.908,0.465,2.55,1.1,1.3,1.4
1623.75,0.764,0.462,2.47,1.2,1.3,1.4
1624.0,0.808,0.488,3.01,1.2,1.3,1.4
1624.25,0.733,0.593,2.79,1.3,1.1,1.4
1624.5,0.85,0.59,2.94,1.1,1.1,1.5
1624.75,0.712,0.585,2.84,1.3,1.1,1.4
1625.0,0.842,0.569,2.81,1.1,1.2,1.4
1625.25,0.789,0.585,2.59,1.2,1.1,1.3
1625.5,0.843,0.586,2.91,1.1,1.2,1.4
1625.75,0.753,0.509,3.0,1.2,1.2,1.4
1626.0,0.936,0.501,3.14,1.3,1.3,1.2
1626.25,1.07,0.464,2.59,1.3,1.3,1.3
1626.5,1.1,0.604,2.48,1.2,1.1,1.3
1626.75,1.48,0.572,3.01,1.1,1.1,1.4
1627.0,1.95,0.822,3.22,0.98,0.91,1.3
1627.25,2.67,1.28,2.83,0.75,0.71,1.5
1627.5,2.55,1.28,3.11,0.9,0.7,1.6
1627.75,2.61,1.33,3.06,0.9,0.68,1.6
1628.0,2.54,1.22,2.96,1.0,0.79,1.6
1628.25,2.59,1.19,3.07,0.96,0.84,1.6
1628.5,2.68,1.22,2.81,0.89,0.82,1.6
1628.75,2.69,1.33,2.91,0.94,0.69,1.7
1629.0,2.65,1.31,3.22,0.99,0.71,1.5
1629.25,2.63,1.33,2.89,1.0,0.69,1.7
1629.5,2.81,1.27,3.82,0.82,0.75,1.6
1629.75,2.61,1.31,3.93,1.1,0.72,1.4
1630.0,2.72,1.25,3.12,0.93,0.79,1.7
1630.25,2.75,1.24,3.42,0.9,0.81,1.6
1630.5,2.72,1.21,3.21,0.94,0.85,1.7
1630.75,2.58,1.3,3.22,1.1,0.75,1.6
1631.0,2.62,1.29,3.32,1.0,0.75,1.6
1631.25,2.67,1.32,3.25,0.93,0.72,1.6
1631.5,2.6,1.32,2.99,1.0,0.72,1.6
1631.75,2.72,1.31,2.83,0.89,0.72,1.6
1632.0,2.64,1.31,2.93,0.97,0.72,1.5
1632.25,2.7,1.22,2.8,0.91,0.83,1.6
1632.5,2.59,1.23,3.23,1.1,0.82,1.6
1632.75,2.69,1.27,3.49,0.94,0.79,1.6
1633.0,2.7,1.34,3.13,0.95,0.71,1.6
1633.25,2.72,1.32,3.27,0.94,0.74,1.6
1633.5,2.79,1.34,2.91,0.85,0.71,1.6
1633.75,2.75,1.33,2.98,0.88,0.72,1.6
1634.0,2.69,1.32,2.99,1.1,0.73,1.7
1634.25,2.69,1.19,3.15,1.1,0.88,1.6
1634.5,2.72,1.24,3.04,1.0,0.83,1.7
1634.75,2.7,1.29,3.25,0.99,0.79,1.7
1635.0,2.68,1.32,3.47,1.0,0.75,1.4
1635.25,2.71,1.35,2.69,0.98,0.71,1.7
1635.5,2.78,1.31,3.04,0.9,0.76,1.2
1635.75,2.64,1.31,3.06,1.1,0.75,1.0
1636.0,2.64,1.29,3.14,1.1,0.78,1.0
1636.25,2.66,1.21,3.08,1.0,0.87,0.93
1636.5,2.71,1.18,2.86,1.0,0.9,0.93
1636.75,2.75,1.25,3.11,0.94,0.84,0.96
1637.0,2.69,1.33,3.24,0.99,0.73,0.99
1637.25,2.7,1.42,2.92,0.97,0.86,1.0
1637.5,2.6,1.31,3.12,1.1,0.76,0.83
1637.75,2.64,1.32,2.96,1.0,0.73,0.94
1638.0,2.59,1.31,3.59,1.1,0.72,0.88
1638.25,2.52,1.25,3.02,0.95,0.71,0.93
1638.5,2.19,0.755,2.72,0.93,1.0,1.4
1638.75,1.29,0.852,3.13,1.3,1.2,1.5
1639.0,1.27,1.34,3.44,1.3,1.3,1.7
1639.25,1.79,2.0,4.93,1.4,1.5,1.4
1639.5,1.98,3.51,6.78,1.4,1.7,1.6
1639.75,2.32,5.78,9.2,1.4,1.7,1.6
1640.0,2.84,5.14,9.18,1.5,1.6,1.5
1640.25,5.27,5.38,10.4,1.6,1.7,1.5
1640.5,5.38,5.4,10.2,1.6,1.5,1.8
1640.75,5.53,5.39,11.1,1.5,1.7,1.5
1641.0,5.27,6.09,9.59,1.6,1.8,1.7
1641.25,5.45,5.08,10.6,1.6,2.0,1.5
1641.5,5.67,6.24,10.4,1.6,2.2,1.7
1641.75,5.39,6.02,10.4,1.4,2.1,1.6
1642.0,4.89,5.8,10.7,1.4,2.1,1.5
1642.25,5.13,6.44,9.58,1.5,2.1,1.5
1642.5,5.12,7.49,9.75,1.5,2.0,1.7
1642.75,4.8,6.19,9.32,1.5,2.0,1.6
1643.0,5.15,5.97,9.05,1.5,2.0,1.5
1643.25,5.15,5.59,9.27,1.5,1.9,1.7
1643.5,5.23,5.48,8.36,1.3,1.8,1.8
1643.75,5.18,5.78,9.02,1.4,1.5,1.7
1644.0,5.41,5.18,6.41,1.3,1.2,1.8
1644.25,6.87,4.29,5.18,1.7,1.1,1.8
1644.5,5.77,3.04,4.78,1.5,0.99,1.7
1644.75,7.68,3.38,6.29,1.7,1.1,1.6
1645.0,6.87,2.97,6.63,1.3,1.0,1.4
1645.25,8.14,4.1,7.02,1.5,0.99,1.6
1645.5,6.67,4.86,10.1,1.5,1.4,1.6
1645.75,9.26,6.24,10.6,1.8,1.8,1.4
1646.0,9.49,8.76,12.6,1.8,1.6,1.4
1646.25,10.3,9.61,14.0,2.0,1.4,1.1
1646.5,12.4,9.7,13.6,2.1,1.4,1.3
1646.75,11.6,9.67,13.8,2.1,1.4,1.5
1647.0,11.3,8.29,14.9,1.9,1.6,1.7
1647.25,9.19,5.36,12.8,2.1,1.4,2.0
1647.5,9.28,6.34,12.6,2.0,1.4,2.1
1647.75,8.88,7.6,13.9,2.1,1.5,1.9
1648.0,7.71,7.66,10.7,1.8,1.6,1.9
1648.25,9.29,7.08,10.9,1.9,1.6,1.8
1648.5,6.78,6.53,10.4,1.6,1.5,1.7
1648.75,8.45,6.13,10.9,1.8,1.5,1.6
1649.0,7.8,2.9,9.21,1.5,1.5,1.6
1649.25,7.82,1.53,8.96,1.6,1.3,1.7
1649.5,7.23,0.651,6.51,1.6,1.2,1.8
1649.75,7.16,0.628,7.33,1.4,1.2,2.0
1650.0,4.81,0.668,6.76,1.3,1.2,1.7
1650.25,4.61,1.03,8.04,1.3,1.3,1.4
1650.5,5.05,1.62,7.26,1.4,1.4,1.5
1650.75,5.3,1.68,7.55,1.4,1.4,1.6
1651.0,7.03,2.73,5.82,1.0,1.1,1.5
1651.25,10.9,4.52,7.91,0.33,1.1,0.86
1651.5,8.1,6.21,8.25,1.3,0.9,0.83
1651.75,8.88,6.15,7.74,1.4,0.94,0.85
1652.0,7.63,6.19,7.56,1.5,1.0,0.78
1652.25,5.86,5.87,7.68,1.5,0.97,0.77
1652.5,4.1,5.34,7.93,1.2,0.97,0.92
1652.75,4.42,4.83,7.68,1.2,0.9,0.81
1653.0,5.6,4.86,7.96,1.2,0.82,0.94
1653.25,4.64,3.05,6.86,1.3,0.8,0.78
1653.5,4.35,1.85,4.71,1.1,0.84,1.3
1653.75,4.25,1.75,4.29,1.3,0.81,1.2
1654.0,3.12,1.51,4.02,1.1,0.74,1.1
1654.25,3.25,1.51,3.78,1.2,0.73,1.2
1654.5,2.66,1.27,3.7,0.98,0.82,0.79
1654.75,2.65,1.22,3.31,0.92,0.84,1.0
1655.0,2.63,1.21,3.14,0.95,0.84,1.0
1655.25,2.65,1.29,3.28,0.94,0.77,1.1
1655.5,2.56,1.4,3.03,1.1,0.82,0.99
1655.75,2.61,1.38,3.49,1.0,0.7,1.1
1656.0,2.64,1.35,2.76,1.0,0.72,0.92
1656.25,2.67,1.37,3.53,0.98,0.7,1.0
1656.5,2.67,1.43,3.09,0.99,0.69,1.0
1656.75,2.64,1.35,3.11,1.0,0.72,0.96
1657.0,2.72,1.32,3.0,0.95,0.75,1.0
1657.25,2.63,1.33,3.17,1.1,0.75,0.86
1657.5,2.68,1.26,3.36,1.0,0.85,1.0
1657.75,2.63,1.26,3.26,1.1,0.85,1.0
1658.0,2.79,1.26,3.04,0.88,0.85,0.88
1658.25,2.78,1.32,3.06,0.9,0.78,1.0
1658.5,2.76,1.37,3.51,0.94,0.72,0.9
1658.75,2.67,1.34,3.11,1.1,0.74,0.91
1659.0,2.67,1.33,3.05,1.1,0.76,0.97
1659.25,2.7,1.36,3.38,1.0,0.74,0.83
1659.5,2.75,1.27,3.05,0.96,0.86,1.1
1659.75,2.7,1.28,2.85,1.0,0.84,1.0
1660.0,2.73,1.26,2.85,0.99,0.86,0.99
1660.25,2.71,1.31,3.44,1.0,0.8,1.1
1660.5,2.67,1.35,3.14,1.1,0.75,1.0
1660.75,2.64,1.36,3.14,1.1,0.74,1.1
1661.0,2.67,1.35,3.01,1.1,0.75,1.1
1661.25,2.72,1.33,2.78,1.0,0.76,0.99
1661.5,2.69,1.26,2.99,1.1,0.86,1.1
1661.75,2.7,1.25,3.23,1.0,0.87,1.0
1662.0,2.61,1.24,3.43,1.1,0.88,1.1
1662.25,2.49,1.3,3.19,0.98,0.74,1.1
1662.5,2.28,0.838,2.88,0.94,1.0,1.3
1662.75,1.17,1.34,3.24,1.4,1.2,1.6
1663.0,1.25,1.41,3.71,1.4,1.3,1.6
1663.25,1.76,1.41,3.88,1.4,1.4,1.6
1663.5,1.87,1.69,5.94,1.4,1.4,1.2
1663.75,1.96,1.91,6.61,1.6,1.4,1.5
1664.0,2.01,1.98,6.67,1.4,1.4,1.4
1664.25,2.06,2.51,6.25,1.4,1.4,1.5
1664.5,3.68,3.37,7.8,1.3,1.9,1.6
1664.75,3.88,2.98,6.36,1.2,1.7,1.8
1665.0,4.5,3.14,6.71,1.5,1.7,1.9
1665.25,4.31,3.21,8.09,1.4,1.7,2.0
1665.5,3.83,3.33,7.04,1.4,1.7,2.1
1665.75,4.06,3.45,8.62,1.4,1.7,2.0
1666.0,4.26,4.24,9.49,1.4,1.8,2.1
1666.25,5.8,3.61,9.43,1.4,1.7,2.0
1666.5,6.44,3.18,9.79,1.4,1.7,2.1
1666.75,6.77,3.23,9.6,1.4,1.7,2.2
1667.0,9.19,4.16,9.38,1.7,1.7,1.6
1667.25,8.58,4.29,8.87,1.5,1.8,1.9
1667.5,7.16,6.44,9.47,1.3,1.6,1.6
1667.75,6.2,6.99,9.3,1.5,1.4,1.5
1668.0,6.41,5.32,8.36,1.3,1.1,1.6
1668.25,5.58,6.46,7.1,1.2,1.1,1.4
1668.5,3.58,5.49,7.23,1.2,1.1,1.4
1668.75,3.33,5.15,7.55,1.2,1.1,1.4
1669.0,3.26,4.91,7.58,1.2,0.94,1.3
1669.25,3.64,6.31,7.19,1.3,1.1,1.5
1669.5,4.36,6.56,7.72,1.2,1.3,1.5
1669.75,6.12,6.12,8.15,1.2,1.4,1.5
1670.0,6.84,7.81,8.98,1.5,1.3,1.5
1670.25,7.14,9.37,11.9,1.4,1.1,1.2
1670.5,8.86,11.3,12.6,1.4,0.82,1.4
1670.75,7.41,11.5,11.9,1.4,1.1,1.6
1671.0,8.94,11.4,12.6,1.7,1.1,1.4
1671.25,10.5,10.2,11.4,1.6,1.2,1.8
1671.5,9.48,8.43,13.0,1.5,1.4,1.6
1671.75,9.32,8.11,14.4,1.5,1.5,1.6
1672.0,8.66,3.81,12.1,1.5,1.4,2.0
1672.25,8.48,3.43,12.1,1.6,1.5,1.8
1672.5,8.02,3.55,12.3,1.5,1.4,2.0
1672.75,7.11,2.15,10.2,1.4,1.6,1.8
1673.0,6.88,1.84,10.6,1.4,1.6,1.6
1673.25,5.48,1.62,10.5,1.5,1.5,1.7
1673.5,4.82,0.843,7.74,1.3,1.2,1.5
1673.75,4.81,0.731,8.34,1.4,1.2,1.4
1674.0,3.79,0.865,7.26,1.2,1.3,1.4
1674.25,3.72,0.91,7.3,1.3,1.3,1.4
1674.5,3.86,0.968,7.01,1.2,1.2,1.3
1674.75,5.41,1.12,6.91,1.3,1.3,1.3
1675.0,6.55,1.98,7.02,1.3,1.0,1.2
1675.25,8.76,3.16,7.3,1.4,0.98,0.92
1675.5,8.08,2.97,10.0,1.5,0.91,0.39
1675.75,8.48,2.97,9.59,1.3,0.93,0.62
1676.0,8.64,2.92,9.05,1.4,0.95,0.71
1676.25,7.37,2.62,6.44,1.2,1.1,0.96
1676.5,7.55,2.61,6.19,0.95,1.1,1.1
1676.75,7.0,2.59,6.49,1.1,1.1,1.1
1677.0,5.5,2.65,6.13,1.3,0.96,0.97
1677.25,5.34,2.62,5.49,1.2,0.9,1.2
1677.5,5.24,2.24,5.01,1.3,0.78,1.4
1677.75,4.6,2.2,4.61,1.2,0.81,1.3
1678.0,4.44,1.94,4.46,1.2,0.8,1.3
1678.25,2.98,1.55,3.91,1.0,0.87,1.1
1678.5,2.68,1.43,3.47,1.0,0.88,1.1
1678.75,2.52,1.26,3.7,1.1,0.87,1.0
1679.0,2.69,1.34,3.63,0.92,0.78,1.0
1679.25,2.59,1.4,3.44,1.1,0.72,0.99
1679.5,2.76,1.38,3.4,0.91,0.75,0.92
1679.75,2.68,1.4,3.35,0.98,0.72,1.0
1680.0,2.7,1.4,3.79,0.93,0.71,0.91
1680.25,2.6,1.3,3.38,1.1,0.83,0.92
1680.5,2.6,1.32,3.1,1.1,0.83,0.96
1680.75,2.69,1.3,3.38,1.0,0.85,1.0
1681.0,2.66,1.32,3.52,1.0,0.83,1.1
1681.25,2.79,1.39,3.4,0.91,0.74,1.1
1681.5,2.68,1.39,3.26,1.0,0.75,1.1
1681.75,2.61,1.4,2.9,1.1,0.74,1.1
1682.0,2.75,1.42,3.32,0.98,0.72,0.99
1682.25,2.61,1.35,3.09,1.1,0.79,1.1
1682.5,2.68,1.29,3.54,0.98,0.87,1.0
1682.75,2.67,1.29,2.8,1.1,0.87,1.0
1683.0,2.85,1.4,2.54,0.84,0.74,1.0
1683.25,2.68,1.41,3.19,1.0,0.74,1.1
1683.5,2.73,1.44,2.96,1.1,0.72,0.97
1683.75,2.67,1.47,3.54,1.1,0.88,0.96
1684.0,2.67,1.4,3.31,1.0,0.77,0.95
1684.25,2.64,1.43,3.36,1.0,0.73,0.97
1684.5,2.65,1.45,3.6,1.0,0.7,0.92
1684.75,2.74,1.37,3.01,0.89,0.78,0.94
1685.0,2.71,1.45,3.39,0.92,0.69,0.96
1685.25,2.74,1.43,3.03,0.89,0.71,0.94
1685.5,2.58,1.3,3.01,1.1,0.85,1.0
1685.75,2.61,1.28,3.23,1.0,0.88,0.9
1686.0,2.62,1.28,3.19,1.0,0.86,1.1
1686.25,2.68,1.36,3.56,0.9,0.78,1.1
1686.5,2.66,1.42,3.12,0.94,0.7,1.1
1686.75,1.71,0.627,3.25,1.2,1.2,1.5
1687.0,1.13,1.66,3.23,1.4,1.2,1.7
1687.25,1.59,1.39,5.39,1.4,1.3,1.3
1687.5,2.32,3.89,7.3,1.5,1.6,1.6
1687.75,2.77,2.47,7.7,1.5,1.7,1.8
1688.0,5.93,2.33,8.85,1.5,1.7,1.8
1688.25,4.4,3.49,8.43,1.4,1.7,1.8
1688.5,4.46,4.38,9.39,1.4,1.6,1.7
1688.75,4.6,4.65,10.6,1.4,1.6,1.8
1689.0,4.68,5.13,10.9,1.5,1.6,1.8
1689.25,5.44,4.21,11.0,1.4,1.5,1.8
1689.5,6.38,4.46,10.2,1.5,1.7,1.9
1689.75,6.12,4.12,10.5,1.6,1.7,1.8
1690.0,7.06,3.68,11.3,1.7,1.6,1.8
1690.25,6.26,2.99,11.5,1.5,1.6,2.1
1690.5,6.61,2.8,10.4,1.7,1.6,1.9
1690.75,6.47,2.88,12.1,1.6,1.5,2.2
1691.0,6.1,2.93,11.5,1.5,1.6,2.2
1691.25,6.47,2.91,12.2,1.4,1.5,2.0
1691.5,7.82,3.94,11.7,1.7,1.6,2.1
1691.75,6.96,5.09,11.9,1.6,1.7,1.8
1692.0,7.74,4.24,9.8,1.7,1.3,2.2
1692.25,6.91,5.33,9.23,1.5,1.2,2.0
1692.5,8.13,5.21,10.6,1.7,1.1,1.8
1692.75,6.12,5.14,10.6,1.4,0.99,1.8
1693.0,5.26,5.4,10.1,1.5,0.92,1.8
1693.25,5.48,6.86,8.35,1.5,0.93,1.5
1693.5,5.94,11.4,12.7,1.8,1.0,2.0
1693.75,8.74,11.7,13.0,1.9,0.99,2.0
1694.0,11.5,10.4,13.9,2.0,0.93,2.0
1694.25,11.6,10.4,14.9,2.0,0.88,2.0
1694.5,10.6,11.1,14.4,2.0,0.99,1.8
1694.75,10.5,12.6,14.1,2.1,1.1,1.8
1695.0,10.7,11.0,13.0,2.0,1.3,1.8
1695.25,10.1,10.5,13.5,1.9,1.3,1.7
1695.5,10.2,9.41,12.5,1.9,1.3,1.6
1695.75,7.85,8.39,12.7,1.7,1.5,1.6
1696.0,8.86,7.58,10.9,1.8,1.5,1.5
1696.25,8.11,5.96,9.3,1.7,1.3,1.7
1696.5,7.36,5.01,10.4,1.5,1.1,1.7
1696.75,7.33,4.86,11.4,1.7,1.1,1.8
1697.0,7.0,5.14,10.9,1.6,1.1,1.8
1697.25,6.8,3.5,9.95,1.5,1.2,1.6
1697.5,6.42,2.03,10.0,1.5,1.2,1.7
1697.75,5.14,2.18,9.8,1.3,1.4,1.6
1698.0,4.92,2.12,5.34,1.4,1.4,1.5
1698.25,4.28,1.99,4.25,1.2,1.4,1.7
1698.5,3.9,1.76,4.92,1.4,1.3,1.6
1698.75,4.38,2.25,5.56,1.4,1.4,1.4
1699.0,5.58,4.83,7.18,1.1,1.2,0.87
1699.25,6.03,5.21,9.53,0.97,1.2,0.67
1699.5,5.96,5.34,9.88,1.0,1.1,0.46
1699.75,5.9,5.2,8.91,1.0,1.2,0.69
1700.0,5.79,5.16,9.25,1.1,1.3,0.49
1700.25,5.97,5.12,9.27,1.1,1.3,0.52
1700.5,5.79,5.18,9.08,1.2,1.2,0.6
1700.75,5.53,5.09,9.33,1.0,1.2,0.43
1701.0,4.96,5.02,8.88,1.1,1.1,0.56
1701.25,4.58,4.53,6.74,1.0,1.1,0.89
1701.5,4.58,4.49,6.04,1.0,1.1,0.86
1701.75,4.61,3.25,4.9,0.96,0.96,1.1
1702.0,4.51,1.65,4.47,0.96,0.88,1.1
1702.25,3.56,1.51,4.45,1.1,0.81,1.1
1702.5,2.79,1.41,3.14,0.91,0.74,1.1
1702.75,2.74,1.34,3.68,0.86,0.73,0.97
1703.0,2.72,1.35,3.32,0.9,0.73,1.0
1703.25,2.66,1.35,3.88,1.0,0.73,1.1
1703.5,2.67,1.31,3.06,1.0,0.78,1.0
1703.75,2.62,1.24,3.62,1.1,0.86,1.0
1704.0,2.61,1.21,3.6,1.0,0.89,1.1
1704.25,2.62,1.29,3.03,1.0,0.82,1.0
1704.5,2.64,1.37,3.35,0.98,0.73,1.1
1704.75,2.63,1.35,3.19,1.0,0.73,1.0
1705.0,2.59,1.36,3.5,1.1,0.72,0.99
1705.25,2.56,1.35,3.23,1.0,0.7,0.93
1705.5,2.52,1.3,3.56,1.1,0.76,0.88
1705.75,2.63,1.24,3.56,0.97,0.84,0.95
1706.0,2.63,1.23,3.25,0.98,0.85,0.99
1706.25,2.62,1.27,3.43,0.99,0.81,0.83
1706.5,2.58,1.36,3.41,1.1,0.7,0.95
1706.75,2.57,1.37,2.64,1.0,0.68,1.1
1707.0,2.63,1.35,3.31,0.98,0.71,0.87
1707.25,2.55,1.34,3.38,1.1,0.73,1.0
1707.5,2.69,1.31,3.21,0.93,0.77,1.1
1707.75,2.61,1.21,3.28,1.0,0.88,1.1
1708.0,1.61,1.22,1.46,1.6,0.86,0.46
1708.25,1.52,1.29,0.434,1.5,0.81,0.03
1708.5,1.61,1.35,0.665,1.0,0.71,0.015
1708.75,1.77,1.36,0.732,0.96,0.71,-0.025
1709.0,1.73,1.38,0.821,0.88,0.68,0.0018
1709.25,1.74,1.35,0.79,1.1,0.71,-0.0282
1709.5,1.69,1.28,0.725,1.2,0.79,-0.025
1709.75,1.71,1.23,0.728,0.9,0.85,-0.025
1710.0,1.67,1.25,0.705,1.0,0.83,0.0027
1710.25,1.66,1.26,0.702,0.94,0.79,-0.01
1710.5,1.68,1.34,0.594,0.98,0.7,-0.015
1710.75,1.3,0.741,0.468,0.82,1.2,0.025
1711.0,1.11,0.837,0.385,1.3,1.2,0.062
1711.25,1.76,1.5,0.57,1.0,1.3,0.13
1711.5,2.41,2.11,1.08,0.95,1.5,0.18
1711.75,1.9,1.99,0.942,0.94,1.6,0.16
1712.0,1.9,2.35,1.37,1.3,1.6,0.72
1712.25,2.7,3.55,5.44,1.5,1.6,1.4
1712.5,4.35,2.68,8.07,1.7,1.5,1.4
1712.75,4.29,2.86,9.16,1.6,1.5,1.3
1713.0,4.96,3.7,8.62,1.9,1.7,1.5
1713.25,5.47,2.83,9.73,2.0,1.7,1.5
1713.5,3.62,3.04,10.6,1.8,1.8,1.6
1713.75,4.7,2.78,9.99,2.0,1.7,1.5
1714.0,5.54,3.5,11.6,2.0,1.7,1.3
1714.25,4.18,2.68,10.7,1.9,1.6,1.4
1714.5,5.44,2.98,11.9,1.9,1.6,1.5
1714.75,5.31,2.81,11.6,2.0,1.6,1.5
1715.0,3.09,2.55,11.2,1.8,1.7,1.5
1715.25,2.95,3.0,12.0,1.7,1.8,1.5
1715.5,3.12,3.17,11.6,1.8,1.7,1.5
1715.75,3.2,2.52,9.63,1.6,1.7,1.7
1716.0,2.61,2.24,6.51,1.6,1.4,1.9
1716.25,2.46,3.06,5.64,1.5,1.4,1.8
1716.5,4.48,3.12,7.62,1.5,1.1,1.4
1716.75,4.27,4.13,5.5,1.7,0.98,1.8
1717.0,3.66,6.17,5.62,1.8,1.1,1.7
1717.25,4.05,6.43,8.67,1.8,1.3,1.6
1717.5,8.65,7.93,11.2,2.1,1.6,1.5
1717.75,9.28,10.1,13.9,2.0,1.5,1.4
1718.0,7.77,10.9,15.5,2.3,1.6,1.4
1718.25,7.94,9.73,15.9,2.1,1.4,1.6
1718.5,7.68,9.92,16.4,1.9,1.5,1.2
1718.75,7.2,9.4,16.0,1.7,1.3,1.6
1719.0,6.14,9.21,15.9,1.7,1.4,1.6
1719.25,6.07,8.31,14.9,1.6,1.4,1.8
1719.5,6.6,8.86,11.3,1.5,1.4,1.8
1719.75,6.99,8.59,12.7,1.8,1.4,1.8
1720.0,8.65,7.12,10.1,1.7,1.3,1.6
1720.25,8.11,4.02,10.6,1.7,1.2,1.7
1720.5,8.56,3.76,10.2,1.6,1.1,1.6
1720.75,8.0,3.36,8.01,1.7,1.1,1.6
1721.0,5.78,3.24,8.52,1.3,1.0,1.5
1721.25,6.96,3.2,8.12,1.3,1.0,1.6
1721.5,7.06,3.11,7.31,1.3,1.1,1.4
1721.75,4.76,2.93,6.27,1.2,1.1,1.4
1722.0,3.77,2.96,6.27,1.2,1.1,1.3
1722.25,3.97,2.36,6.53,1.1,1.1,1.4
1722.5,2.2,0.808,5.96,1.2,1.2,1.4
1722.75,4.6,1.48,6.31,1.2,1.3,1.4
1723.0,7.47,5.98,7.65,1.4,1.2,1.6
1723.25,7.59,8.06,7.05,1.6,1.2,1.5
1723.5,7.32,7.97,7.07,1.6,1.2,1.4
1723.75,6.96,7.8,7.71,1.7,1.3,1.6
1724.0,6.65,7.62,7.5,1.7,1.3,1.5
1724.25,6.43,7.64,7.24,1.7,1.2,1.5
1724.5,6.36,7.45,7.23,1.7,1.2,1.6
1724.75,6.58,4.2,6.9,1.8,1.2,1.6
1725.0,6.59,3.88,6.96,1.8,1.2,1.4
1725.25,6.88,3.9,6.48,1.7,1.1,1.5
1725.5,6.3,3.63,5.88,1.8,1.2,1.6
1725.75,5.9,3.13,4.05,1.6,1.1,2.0
1726.0,5.47,2.05,3.95,1.4,0.97,1.9
1726.25,4.82,1.62,4.33,1.4,0.84,1.9
1726.5,3.27,1.52,3.46,1.7,0.82,1.8
1726.75,2.32,1.39,2.97,1.6,0.84,1.7
1727.0,2.42,1.35,2.87,1.4,0.72,1.7
1727.25,2.33,1.37,3.06,1.6,0.7,1.7
1727.5,2.45,1.36,2.84,1.4,0.72,1.8
1727.75,2.4,1.36,2.77,1.5,0.72,1.7
1728.0,2.44,1.31,2.74,1.5,0.77,1.8
1728.25,2.36,1.24,2.89,1.6,0.86,1.7
1728.5,2.39,1.24,2.76,1.5,0.85,1.7
1728.75,2.3,1.24,2.83,1.6,0.83,1.5
1729.0,2.4,1.23,2.43,1.5,0.84,1.7
1729.25,2.41,1.35,2.45,1.5,0.72,1.7
1729.5,2.4,1.33,2.78,1.5,0.73,1.6
1729.75,2.39,1.3,2.86,1.3,0.76,1.7
1730.0,2.39,1.36,2.85,1.5,0.69,1.4
1730.25,2.47,1.28,3.25,1.2,0.8,1.0
1730.5,2.46,1.24,3.35,1.3,0.85,0.98
1730.75,2.7,1.25,3.08,0.91,0.84,0.97
1731.0,2.67,1.26,3.16,0.94,0.83,1.0
1731.25,2.7,1.34,3.02,0.91,0.74,1.1
1731.5,2.64,1.34,3.16,0.99,0.73,1.1
1731.75,2.6,1.35,3.02,1.0,0.73,1.0
1732.0,2.66,1.28,2.93,0.97,0.8,1.1
1732.25,2.63,1.2,3.04,1.0,0.88,1.1
1732.5,2.72,1.25,2.96,0.9,0.85,1.1
1732.75,2.71,1.22,2.88,0.91,0.88,1.1
1733.0,2.62,1.31,3.03,1.0,0.77,1.0
1733.25,2.63,1.34,3.0,0.98,0.72,1.1
1733.5,2.64,1.35,2.95,0.96,0.71,1.1
1733.75,2.6,1.34,2.94,1.0,0.68,1.1
1734.0,2.63,1.24,3.41,0.96,0.83,1.0
1734.25,2.58,1.19,2.92,0.88,0.89,0.97
1734.5,2.35,0.702,2.56,0.7,1.1,1.4
1734.75,1.32,0.667,3.63,1.3,1.3,1.5
1735.0,1.29,1.4,3.34,1.3,1.3,1.6
1735.25,1.41,1.76,4.33,1.4,1.3,1.7
1735.5,1.73,1.4,4.09,1.4,1.3,1.8
1735.75,1.81,2.09,4.54,1.2,1.5,1.7
1736.0,2.04,2.69,4.7,1.4,1.6,1.9
1736.25,2.4,2.39,5.55,1.3,1.7,1.9
1736.5,3.5,1.86,6.18,1.2,1.6,2.0
1736.75,3.53,1.9,6.49,1.2,1.6,1.9
1737.0,3.65,2.1,6.34,1.3,1.6,2.0
1737.25,3.55,3.63,6.2,1.4,1.5,2.0
1737.5,4.2,2.07,6.57,1.3,1.5,2.0
1737.75,3.67,6.27,7.21,1.2,1.7,1.9
1738.0,3.43,3.99,7.44,1.4,1.8,1.9
1738.25,3.75,4.23,6.55,1.3,1.7,2.1
1738.5,4.9,3.97,6.61,1.3,1.7,2.0
1738.75,4.9,5.19,6.63,1.3,1.5,2.0
1739.0,6.1,4.34,6.98,1.4,1.7,1.8
1739.25,4.83,3.96,6.69,1.3,1.7,1.9
1739.5,5.12,3.6,6.47,1.4,1.8,1.8
1739.75,4.7,2.06,5.74,1.4,1.6,1.9
1740.0,3.62,1.59,5.5,1.4,1.4,1.6
1740.25,4.2,1.16,6.92,1.3,1.4,1.5
1740.5,4.02,2.14,6.82,1.2,1.4,1.5
1740.75,2.67,1.59,6.72,1.4,1.4,1.4
1741.0,4.8,1.18,6.6,1.1,1.3,1.6
1741.25,5.12,1.4,6.11,1.3,1.4,1.5
1741.5,6.7,2.92,6.27,1.5,1.6,2.0
1741.75,9.7,3.34,6.4,1.5,1.7,2.1
1742.0,9.36,3.47,7.42,1.7,1.8,2.0
1742.25,8.11,4.4,7.8,1.5,1.7,2.1
1742.5,9.27,4.22,7.42,1.4,1.6,2.0
1742.75,8.56,3.6,7.47,1.4,1.6,2.1
1743.0,7.98,3.56,6.72,1.3,1.6,2.1
1743.25,8.68,4.52,6.79,1.6,1.5,1.9
1743.5,8.12,5.07,7.44,1.5,1.4,1.8
1743.75,7.04,3.45,9.61,1.4,1.7,2.2
1744.0,6.54,2.56,8.52,1.4,1.6,1.9
1744.25,7.52,2.55,6.44,1.5,1.6,1.9
1744.5,7.2,3.04,4.92,1.6,1.6,1.7
1744.75,5.26,2.87,4.58,1.7,1.6,1.7
1745.0,5.05,2.37,4.38,1.5,1.4,1.6
1745.25,3.2,1.73,3.94,1.6,1.3,1.6
1745.5,2.04,0.871,3.77,1.4,1.2,1.6
1745.75,1.6,0.795,3.79,1.3,1.3,1.6
1746.0,1.47,1.69,3.61,1.4,1.4,1.6
1746.25,1.68,1.8,3.82,1.4,1.4,1.4
1746.5,1.87,1.84,3.67,1.4,1.4,1.6
1746.75,2.57,1.91,3.14,1.8,1.4,1.5
1747.0,4.02,3.54,4.21,1.6,1.1,1.8
1747.25,4.54,5.52,4.67,1.6,0.92,1.9
1747.5,5.01,7.54,6.15,1.7,0.77,1.7
1747.75,5.34,7.43,6.53,1.7,0.84,1.7
1748.0,4.65,7.3,6.73,1.8,0.85,1.6
1748.25,4.48,7.23,6.21,1.8,0.79,1.6
1748.5,4.77,7.22,5.7,1.9,0.8,1.8
1748.75,4.65,7.11,6.35,1.7,0.78,1.8
1749.0,4.36,6.93,5.91,1.6,0.74,1.8
1749.25,4.17,6.23,6.18,1.7,0.76,1.6
1749.5,3.97,4.8,6.04,1.8,0.8,1.6
1749.75,4.35,3.56,5.85,1.8,0.88,1.6
1750.0,3.92,1.94,3.5,1.7,0.95,1.8
1750.25,2.78,1.78,3.41,1.6,0.83,1.7
1750.5,2.42,1.68,3.23,1.5,0.75,1.6
1750.75,2.47,1.35,2.92,1.4,0.7,1.6
1751.0,2.45,1.34,2.78,1.4,0.71,1.6
1751.25,2.39,1.26,2.87,1.5,0.81,1.7
1751.5,2.35,1.24,2.96,1.6,0.84,1.6
1751.75,2.42,1.26,2.58,1.5,0.83,1.6
1752.0,2.41,1.29,2.64,1.6,0.79,1.7
1752.25,2.4,1.36,2.41,1.5,0.72,1.7
1752.5,2.42,1.38,2.86,1.6,0.69,1.7
1752.75,2.61,1.34,3.07,1.2,0.73,1.8
1753.0,2.69,1.33,2.92,1.0,0.74,1.7
1753.25,2.73,1.23,2.83,0.96,0.87,1.8
1753.5,2.66,1.25,2.67,1.1,0.86,1.7
1753.75,2.66,1.24,2.59,0.95,0.81,1.6
1754.0,2.64,1.29,2.45,0.98,0.78,1.7
1754.25,2.73,1.33,2.97,0.87,0.71,1.7
1754.5,2.62,1.33,2.74,1.0,0.73,1.7
1754.75,2.62,1.35,2.44,1.0,0.69,1.6
1755.0,2.61,1.27,2.53,1.0,0.78,1.6
1755.25,2.67,1.24,2.91,0.98,0.83,1.6
1755.5,2.61,1.23,2.59,1.1,0.85,1.7
1755.75,2.72,1.24,2.53,0.94,0.86,1.6
1756.0,2.81,1.33,2.62,0.94,0.74,1.6
1756.25,2.71,1.39,2.87,0.95,0.7,1.6
1756.5,2.65,1.39,2.8,1.0,0.7,1.5
1756.75,2.61,1.35,2.77,1.1,0.72,1.6
1757.0,2.63,1.25,2.78,1.0,0.82,1.6
1757.25,2.65,1.23,2.51,1.0,0.84,1.7
1757.5,2.67,1.23,2.85,0.96,0.84,1.8
1757.75,2.67,1.25,2.84,0.95,0.82,1.7
1758.0,2.57,1.33,2.65,1.1,0.71,1.7
1758.25,2.61,1.32,2.59,1.0,0.72,1.7
1758.5,2.36,1.21,2.59,0.89,0.73,1.5
1758.75,1.48,0.633,2.35,1.2,1.3,1.5
1759.0,1.01,0.667,2.49,1.3,1.2,1.4
1759.25,0.978,0.659,2.24,1.3,1.1,1.4
1759.5,1.08,0.64,2.26,1.1,1.2,1.4
1759.75,0.705,0.638,2.06,1.2,1.2,1.4
1760.0,0.702,0.594,2.44,1.2,1.2,1.4
1760.25,0.754,0.525,2.75,1.1,1.3,1.4
1760.5,1.06,0.512,2.6,1.2,1.2,1.4
1760.75,1.45,0.45,3.19,1.2,1.2,1.4
1761.0,1.36,0.486,3.05,1.3,1.2,1.5
1761.25,1.24,0.523,2.97,1.3,1.1,1.4
1761.5,1.19,1.46,3.96,1.4,1.1,1.1
1761.75,1.28,2.55,4.59,1.2,1.0,1.3
1762.0,1.17,2.55,5.31,1.4,1.0,1.3
1762.25,1.22,2.5,4.97,1.3,1.1,1.3
1762.5,1.37,2.46,4.73,1.3,1.1,1.5
1762.75,1.55,2.53,5.04,1.2,1.1,1.4
1763.0,1.29,2.63,5.45,1.4,0.98,1.3
1763.25,1.36,2.66,7.03,1.3,0.95,1.1
1763.5,1.26,1.27,5.9,1.4,1.1,1.3
1763.75,0.839,0.497,4.79,1.3,1.1,1.3
1764.0,0.864,0.446,2.7,1.2,1.2,1.5
1764.25,0.889,0.398,2.53,1.2,1.3,1.5
1764.5,0.901,0.454,3.16,1.2,1.2,1.5
1764.75,0.863,0.398,2.91,1.2,1.3,1.4
1765.0,0.925,0.513,2.91,1.2,1.2,1.4
1765.25,0.77,0.478,3.03,1.4,1.2,1.4
1765.5,0.828,0.52,2.97,1.3,1.1,1.4
1765.75,0.829,0.529,3.31,1.3,1.1,1.5
1766.0,0.963,0.489,3.21,1.1,1.2,1.4
1766.25,0.804,0.402,3.09,1.3,1.3,1.5
1766.5,0.884,0.419,2.65,1.2,1.2,1.4
1766.75,0.8,0.379,2.98,1.3,1.3,1.4
1767.0,0.975,0.505,2.95,1.1,1.1,1.4
1767.25,0.87,0.499,2.81,1.2,1.1,1.5
1767.5,0.923,0.541,3.2,1.1,1.1,1.4
1767.75,0.843,0.675,3.1,1.2,1.1,1.5
1768.0,0.898,0.498,3.17,1.1,1.1,1.6
1768.25,0.784,0.431,3.25,1.3,1.2,1.4
1768.5,0.847,0.412,3.17,1.2,1.2,1.4
1768.75,0.765,0.402,2.91,1.3,1.2,1.4
1769.0,0.872,0.51,3.33,1.2,1.1,1.5
1769.25,0.893,0.523,2.9,1.2,1.1,1.4
1769.5,0.879,0.618,3.59,1.2,1.2,1.4
1769.75,0.911,0.521,3.04,1.2,1.1,1.5
1770.0,0.973,0.503,2.94,1.3,1.1,1.4
1770.25,1.07,0.564,2.81,1.1,1.0,1.5
1770.5,0.999,0.526,2.9,1.3,1.1,1.3
1770.75,1.44,0.624,3.01,1.4,1.1,1.4
1771.0,2.21,1.27,2.84,1.3,0.58,1.6
1771.25,2.58,1.34,3.05,1.0,0.72,1.6
1771.5,2.5,1.24,3.53,0.98,0.76,1.6
1771.75,2.56,1.22,3.05,0.97,0.77,1.6
1772.0,2.53,1.21,3.19,1.0,0.79,1.6
1772.25,2.65,1.35,2.88,0.91,0.66,1.6
1772.5,2.63,1.29,3.02,0.97,0.72,1.7
1772.75,2.63,1.33,3.74,0.97,0.68,1.4
1773.0,2.63,1.32,2.81,0.99,0.7,1.7
1773.25,2.67,1.31,2.71,0.99,0.72,1.6
1773.5,2.67,1.22,3.14,0.95,0.82,1.7
1773.75,2.59,1.25,2.87,1.1,0.8,1.7
1774.0,2.67,1.25,2.54,0.98,0.82,1.8
1774.25,2.77,1.32,3.03,0.85,0.71,1.6
1774.5,2.78,1.32,2.5,0.87,0.73,1.8
1774.75,2.73,1.34,2.77,0.94,0.7,1.7
1775.0,2.67,1.32,2.93,1.0,0.72,1.7
1775.25,2.74,1.27,2.76,0.97,0.77,1.8
1775.5,2.63,1.23,3.18,1.1,0.84,1.7
1775.75,2.69,1.24,2.53,1.0,0.83,1.6
1776.0,2.68,1.28,3.2,1.0,0.79,1.6
1776.25,2.7,1.34,2.52,1.0,0.72,1.7
1776.5,2.69,1.35,2.48,1.0,0.69,1.5
1776.75,2.62,1.32,3.05,1.1,0.73,1.7
1777.0,2.7,1.32,3.28,1.1,0.74,1.6
1777.25,2.7,1.23,3.28,1.0,0.86,1.6
1777.5,2.77,1.24,3.21,0.97,0.86,1.4
1777.75,2.71,1.24,2.53,1.0,0.86,1.6
1778.0,2.69,1.32,3.2,0.94,0.75,1.6
1778.25,2.57,1.33,2.71,1.1,0.73,1.7
1778.5,2.71,1.37,2.76,0.96,0.68,1.8
1778.75,2.6,1.39,3.34,1.1,0.67,1.7
1779.0,2.6,1.34,2.54,1.1,0.7,1.8
1779.25,2.64,1.22,2.93,1.0,0.85,1.7
1779.5,2.75,1.23,2.75,0.9,0.84,1.7
1779.75,2.65,1.24,2.84,1.1,0.84,1.7
1780.0,2.64,1.34,2.87,1.1,0.74,1.7
1780.25,2.61,1.37,2.73,1.1,0.71,1.8
1780.5,2.73,1.35,2.63,0.97,0.72,1.7
1780.75,2.67,1.42,2.92,1.1,0.75,1.6
1781.0,3.26,2.04,2.72,1.0,0.87,1.7
1781.25,4.18,3.29,3.7,1.2,1.1,1.7
1781.5,4.24,3.28,3.09,1.1,1.1,1.7
1781.75,4.23,3.23,3.32,1.2,1.1,1.7
1782.0,4.19,3.27,3.09,1.2,1.1,1.8
1782.25,4.13,3.31,2.91,1.2,0.98,1.7
1782.5,2.63,2.8,2.65,1.1,1.3,1.6
1782.75,2.11,2.59,3.09,1.2,1.4,1.3
1783.0,1.62,2.53,2.59,1.4,1.5,1.6
1783.25,1.74,2.48,2.71,1.4,1.6,1.6
1783.5,1.39,1.72,2.84,1.4,1.5,1.6
1783.75,1.8,2.51,2.79,1.4,1.5,1.6
1784.0,2.28,2.24,3.1,1.5,1.4,1.5
1784.25,1.69,2.59,2.68,1.3,1.5,1.6
1784.5,2.35,2.62,2.76,1.4,1.4,1.5
1784.75,1.84,1.13,2.61,1.4,1.2,1.6
1785.0,2.3,1.2,2.89,1.5,1.4,1.5
1785.25,1.2,1.1,2.95,1.4,1.2,1.5
1785.5,0.862,1.1,2.61,1.3,1.2,1.5
1785.75,0.831,1.11,2.88,1.3,1.2,1.5
1786.0,0.986,1.12,3.13,1.1,1.2,1.5
1786.25,0.886,0.977,3.19,1.2,1.4,1.4
1786.5,0.985,0.984,3.52,1.1,1.3,1.4
1786.75,0.87,1.03,3.21,1.3,1.3,1.5
1787.0,0.964,1.08,2.82,1.2,1.2,1.4
1787.25,0.789,1.13,3.04,1.3,1.2,1.5
1787.5,0.859,1.07,3.28,1.3,1.2,1.5
1787.75,0.907,1.41,3.22,1.2,1.3,1.5
1788.0,0.977,2.8,2.52,1.1,1.4,1.4
1788.25,0.868,2.7,3.19,1.3,1.5,1.5
1788.5,0.81,2.55,3.48,1.3,1.5,1.5
1788.75,0.851,0.817,3.08,1.3,1.3,1.5
1789.0,0.868,0.782,3.17,1.3,1.2,1.6
1789.25,0.934,0.911,2.81,1.2,1.2,1.5
1789.5,2.31,2.83,3.18,1.4,1.4,1.5
1789.75,2.68,2.84,3.28,1.3,1.4,1.5
1790.0,2.61,2.87,3.28,1.4,1.4,1.6
1790.25,2.65,2.75,3.24,1.3,1.5,1.5
1790.5,2.56,2.74,3.52,1.4,1.5,1.5
1790.75,2.6,2.73,2.82,1.4,1.5,1.5
1791.0,2.64,2.79,3.5,1.4,1.4,1.5
1791.25,2.71,2.81,3.21,1.3,1.3,1.5
1791.5,2.61,2.77,3.2,1.4,1.4,1.5
1791.75,2.58,2.78,3.46,1.5,1.4,1.5
1792.0,2.53,2.76,3.38,1.5,1.4,1.5
1792.25,2.62,2.71,3.63,1.4,1.5,1.5
1792.5,2.57,2.7,3.14,1.4,1.5,1.5
1792.75,2.65,2.67,3.13,1.4,1.5,1.5
1793.0,2.22,2.74,3.32,1.3,1.4,1.4
1793.25,0.891,2.49,2.98,1.2,1.3,1.5
1793.5,0.841,2.44,3.43,1.2,1.3,1.3
1793.75,0.852,2.47,3.42,1.3,1.3,1.5
1794.0,1.17,2.43,3.39,1.3,1.3,1.4
1794.25,1.24,2.35,3.71,1.3,1.3,1.5
1794.5,1.31,2.3,3.04,1.2,1.4,1.4
1794.75,1.4,0.76,3.4,1.8,1.3,1.4
1795.0,2.45,1.42,2.76,1.2,0.6,1.7
1795.25,2.4,1.43,2.95,1.4,0.69,1.6
1795.5,2.42,1.43,3.08,1.5,0.71,1.8
1795.75,2.34,1.33,3.31,1.6,0.73,1.7
1796.0,2.41,1.34,3.19,1.5,0.71,1.8
1796.25,2.47,1.24,2.92,1.5,0.83,1.7
1796.5,2.47,1.26,3.18,1.5,0.85,1.7
1796.75,2.37,1.28,2.71,1.6,0.83,1.7
1797.0,2.34,1.3,2.91,1.6,0.79,1.6
1797.25,2.41,1.36,3.47,1.5,0.71,1.6
1797.5,2.36,1.36,2.53,1.6,0.73,1.6
1797.75,2.44,1.35,2.75,1.5,0.73,1.6
1798.0,2.4,1.38,2.54,1.6,0.7,1.5
1798.25,2.5,1.27,3.1,1.4,0.82,1.6
1798.5,2.35,1.29,3.26,1.6,0.81,1.4
1798.75,2.35,1.26,2.98,1.6,0.86,1.7
1799.0,2.36,1.37,3.33,1.6,0.74,1.6
1799.25,2.41,1.38,2.47,1.6,0.71,1.7
1799.5,2.45,1.43,2.92,1.5,0.67,1.7
1799.75,2.43,1.37,2.83,1.5,0.71,1.7
1800.0,2.4,1.37,2.62,1.5,0.7,1.7
1800.25,2.4,1.27,2.83,1.6,0.84,1.7
1800.5,2.42,1.25,2.92,1.5,0.86,1.8
1800.75,2.34,1.26,2.97,1.6,0.85,1.7
1801.0,2.46,1.36,2.88,1.5,0.73,1.7
1801.25,2.53,1.38,3.48,1.4,0.7,1.5
1801.5,2.51,1.36,2.93,1.4,0.7,1.7
1801.75,2.41,1.36,2.93,1.5,0.72,1.7
1802.0,2.42,1.35,2.68,1.5,0.74,1.4
1802.25,2.37,1.27,2.97,1.6,0.83,1.7
1802.5,2.42,1.26,3.11,1.5,0.84,1.5
1802.75,2.35,1.27,3.03,1.6,0.82,1.7
1803.0,2.45,1.37,2.96,1.5,0.71,1.6
1803.25,2.43,1.34,2.67,1.5,0.73,1.6
1803.5,2.42,1.32,2.79,1.5,0.74,1.6
1803.75,2.32,1.32,2.72,1.7,0.74,1.6
1804.0,2.38,1.27,3.0,1.6,0.79,1.6
1804.25,2.4,1.24,3.14,1.6,0.85,1.6
1804.5,2.42,1.26,2.71,1.5,0.84,1.7
1804.75,2.44,1.28,2.58,1.5,0.82,1.7
1805.0,2.4,1.38,2.94,1.5,0.71,1.7
1805.25,2.44,1.37,2.93,1.5,0.7,1.8
1805.5,2.33,1.37,3.11,1.7,0.7,1.7
1805.75,2.4,1.37,2.65,1.5,0.69,1.7
1806.0,2.32,1.23,2.39,1.6,0.84,1.7
1806.25,2.43,1.24,2.61,1.5,0.83,1.6
1806.5,2.43,1.23,3.11,1.5,0.84,1.6
1806.75,2.44,1.6,2.76,1.6,0.8,1.7
1807.0,3.31,1.87,4.22,1.8,1.3,1.1
1807.25,3.67,1.48,4.46,2.0,1.3,1.6
1807.5,4.13,2.5,5.37,1.8,1.4,1.7
1807.75,4.63,4.36,8.87,1.8,1.6,1.7
1808.0,5.08,4.66,8.47,1.7,1.7,1.7
1808.25,4.36,5.24,7.69,1.6,1.8,1.6
1808.5,4.56,5.11,7.58,1.5,1.9,1.6
1808.75,3.8,4.93,9.26,1.7,2.0,1.9
1809.0,5.39,4.4,9.27,1.7,1.9,1.6
1809.25,5.62,4.52,9.37,1.5,1.9,1.8
1809.5,3.93,5.27,10.0,1.6,1.9,1.7
1809.75,4.17,5.24,9.68,1.5,1.9,1.9
1810.0,6.33,5.24,8.56,1.6,1.9,1.8
1810.25,4.98,5.52,9.01,1.7,1.9,1.9
1810.5,4.38,5.52,7.65,1.7,1.9,2.1
1810.75,5.5,5.18,8.0,1.6,1.9,2.1
1811.0,5.07,5.07,8.19,1.7,1.8,2.2
1811.25,4.87,7.25,8.34,1.7,1.5,2.2
1811.5,5.82,8.31,7.34,1.5,1.3,2.2
1811.75,4.55,8.56,6.77,1.7,1.2,2.2
1812.0,4.47,3.73,6.2,1.7,1.2,2.0
1812.25,4.02,2.73,5.86,1.6,1.1,2.0
1812.5,5.33,3.1,5.69,1.6,1.4,1.8
1812.75,4.4,2.42,5.68,1.6,1.2,1.9
1813.0,4.91,2.38,7.86,1.5,1.2,2.0
1813.25,5.73,4.77,10.4,1.7,1.4,1.9
1813.5,8.74,7.43,11.0,1.6,1.8,1.9
1813.75,8.98,8.66,11.2,1.9,1.7,1.9
1814.0,7.97,8.7,10.9,1.7,1.7,1.8
1814.25,9.6,8.67,10.8,1.7,1.8,1.7
1814.5,8.85,8.49,10.7,1.8,1.7,1.9
1814.75,9.62,9.89,10.2,1.7,1.7,1.9
1815.0,7.79,10.0,9.62,1.7,1.6,1.9
1815.25,9.48,10.4,9.1,1.8,1.6,1.8
1815.5,9.18,10.5,9.57,1.9,1.6,2.1
1815.75,8.91,10.2,10.1,1.8,1.7,2.0
1816.0,10.3,6.42,11.9,1.7,1.4,2.2
1816.25,9.16,3.49,11.5,1.7,1.6,1.9
1816.5,11.7,3.08,11.2,1.8,1.7,2.0
1816.75,8.74,2.0,10.2,1.9,1.6,1.9
1817.0,5.0,1.42,8.12,1.7,1.4,1.8
1817.25,4.46,1.03,7.85,1.7,1.2,2.1
1817.5,4.63,0.98,5.21,1.3,1.2,1.8
1817.75,4.68,0.803,7.42,1.4,1.1,1.6
1818.0,2.95,1.56,7.38,1.3,1.4,1.5
1818.25,2.96,2.32,7.5,1.3,1.3,1.4
1818.5,3.17,3.87,9.55,1.6,1.3,1.0
1818.75,3.35,4.07,9.6,1.9,1.2,1.2
1819.0,6.11,5.34,10.5,1.5,0.9,1.6
1819.25,7.36,6.2,11.0,1.7,0.95,1.1
1819.5,7.18,6.23,10.6,1.6,0.95,1.1
1819.75,7.15,6.26,10.4,1.6,0.92,1.2
1820.0,7.04,6.3,11.2,1.8,0.89,1.2
1820.25,7.29,6.18,10.2,1.7,0.99,1.1
1820.5,7.4,6.09,9.72,1.9,1.1,1.2
1820.75,7.17,6.06,9.36,1.8,1.1,1.1
1821.0,7.22,6.15,9.09,1.8,1.0,1.1
1821.25,7.59,6.26,7.71,1.6,0.94,1.5
1821.5,7.38,4.68,7.93,1.7,1.1,1.3
1821.75,6.07,2.84,6.66,1.7,0.94,1.6
1822.0,6.8,2.6,5.76,1.6,0.92,1.8
1822.25,4.93,1.98,4.22,1.8,1.0,1.9
1822.5,2.81,1.51,3.65,1.6,0.77,1.8
1822.75,2.41,1.35,3.06,1.6,0.75,1.7
1823.0,2.5,1.35,2.93,1.5,0.76,1.7
1823.25,2.56,1.36,3.13,1.5,0.76,1.7
1823.5,2.44,1.36,3.12,1.7,0.75,1.8
1823.75,2.47,1.26,3.52,1.6,0.87,1.6
1824.0,2.43,1.25,3.09,1.6,0.87,1.7
1824.25,2.54,1.21,2.82,1.5,0.9,1.7
1824.5,2.38,1.36,2.84,1.6,0.7,1.6
1824.75,2.47,1.34,2.9,1.5,0.72,1.7
1825.0,2.42,1.36,2.27,1.5,0.7,1.6
1825.25,2.41,1.33,2.9,1.6,0.73,1.7
1825.5,2.42,1.32,3.15,1.6,0.74,1.6
1825.75,2.36,1.22,2.92,1.6,0.86,1.6
1826.0,2.41,1.23,2.37,1.6,0.85,1.8
1826.25,2.46,1.21,2.62,1.5,0.86,1.7
1826.5,2.41,1.31,3.19,1.5,0.77,1.7
1826.75,2.47,1.36,2.93,1.5,0.69,1.7
1827.0,2.35,1.37,3.29,1.6,0.7,1.7
1827.25,2.46,1.35,2.74,1.5,0.72,1.7
1827.5,2.4,1.33,3.2,1.6,0.75,1.7
1827.75,2.39,1.22,2.91,1.6,0.87,1.8
1828.0,2.46,1.24,2.95,1.5,0.84,1.7
1828.25,2.46,1.25,2.75,1.5,0.83,1.8
1828.5,2.46,1.35,2.92,1.5,0.73,1.6
1828.75,2.37,1.34,3.11,1.7,0.74,1.8
1829.0,2.4,1.34,2.77,1.6,0.73,1.6
1829.25,2.43,1.35,3.51,1.5,0.71,1.6
1829.5,2.39,1.31,3.44,1.5,0.76,1.7
1829.75,2.47,1.26,3.1,1.5,0.83,1.5
1830.0,2.42,1.23,3.17,1.6,0.87,1.7
1830.25,2.41,1.27,3.44,1.6,0.8,1.7
1830.5,2.37,1.39,3.21,1.6,0.69,1.6
1830.75,2.0,1.32,2.71,1.7,1.1,1.3
1831.0,2.7,1.68,3.81,2.0,1.2,1.5
1831.25,4.62,2.2,4.17,1.9,1.4,1.7
1831.5,3.91,3.43,6.98,1.6,1.5,1.5
1831.75,3.28,3.89,7.15,1.6,1.6,1.8
1832.0,5.77,5.51,8.99,1.8,1.7,1.7
1832.25,7.16,7.07,10.4,1.9,1.6,1.7
1832.5,7.94,7.22,11.4,1.8,1.6,1.8
1832.75,4.9,7.08,9.68,1.7,1.6,1.8
1833.0,7.61,7.21,11.0,1.9,1.7,1.9
1833.25,6.89,7.31,11.3,1.7,1.6,1.9
1833.5,6.27,7.08,10.2,1.6,1.6,1.9
1833.75,6.47,7.83,10.7,1.8,1.6,1.9
1834.0,5.65,9.02,11.3,1.8,1.4,1.8
1834.25,7.5,9.37,12.4,1.6,1.4,1.8
1834.5,7.64,7.6,12.2,1.7,1.4,1.5
1834.75,6.87,7.51,13.2,1.7,1.3,1.6
1835.0,6.77,7.0,13.8,1.7,1.3,1.3
1835.25,8.4,8.4,13.5,1.8,1.4,1.4
1835.5,8.66,8.27,12.5,1.7,1.5,1.5
1835.75,7.98,8.17,11.5,1.9,1.4,1.5
1836.0,5.79,8.9,10.3,1.7,0.97,1.4
1836.25,7.56,8.9,10.1,1.8,0.97,1.4
1836.5,9.14,6.01,8.68,1.8,1.2,1.5
1836.75,7.15,3.45,5.7,1.6,1.2,1.6
1837.0,6.81,6.85,8.54,1.6,1.1,1.6
1837.25,6.05,7.39,9.3,1.6,1.1,1.7
1837.5,5.34,6.56,9.42,1.6,1.2,1.6
1837.75,7.38,6.16,12.3,1.7,1.4,1.9
1838.0,7.95,6.53,14.3,1.6,1.4,1.7
1838.25,9.59,7.18,14.4,1.5,1.3,1.7
1838.5,9.27,7.73,14.4,1.6,1.4,1.6
1838.75,8.76,9.23,14.5,1.5,1.2,1.6
1839.0,10.4,8.28,13.5,1.7,1.2,1.7
1839.25,10.1,8.79,15.5,1.6,1.2,1.7
1839.5,9.23,8.34,14.7,1.5,1.2,1.6
1839.75,12.1,8.25,17.0,1.7,1.3,0.99
1840.0,9.99,7.13,16.4,1.6,1.3,1.1
1840.25,7.54,6.82,15.7,1.6,1.1,1.0
1840.5,7.07,6.62,15.1,1.5,1.1,0.86
1840.75,6.23,6.31,14.9,1.5,1.1,1.0
1841.0,6.93,3.69,14.0,1.6,1.2,1.5
1841.25,6.59,3.43,11.6,1.5,1.1,1.8
1841.5,6.16,3.06,8.58,1.4,1.1,1.6
1841.75,6.33,1.78,8.19,1.4,1.3,1.5
1842.0,4.32,1.81,7.85,1.4,1.3,1.5
1842.25,4.43,1.87,8.02,1.4,1.3,1.5
1842.5,4.89,1.07,7.19,1.7,1.2,1.5
1842.75,5.41,1.99,8.05,1.7,1.1,1.5
1843.0,5.05,4.35,11.9,1.8,0.82,1.5
1843.25,6.26,5.75,15.1,1.8,0.83,1.1
1843.5,6.35,6.48,15.0,2.0,0.72,1.0
1843.75,6.49,7.16,12.3,1.9,0.64,1.2
1844.0,6.67,9.41,12.8,2.1,0.84,1.3
1844.25,6.51,9.23,13.5,2.0,0.88,1.2
1844.5,6.29,7.71,12.1,2.1,1.0,1.4
1844.75,5.94,5.72,10.4,1.8,1.2,1.2
1845.0,5.79,5.51,9.8,1.9,1.4,1.3
1845.25,5.65,5.5,9.88,1.9,1.4,1.1
1845.5,5.74,5.47,9.93,2.0,1.4,1.1
1845.75,5.29,3.7,7.07,1.9,1.1,1.4
1846.0,4.39,1.9,3.59,1.8,0.81,1.7
1846.25,3.48,1.8,3.61,1.6,0.77,1.8
1846.5,2.66,1.55,3.52,1.5,0.77,1.7
1846.75,2.55,1.35,2.78,1.4,0.75,1.6
1847.0,2.46,1.28,3.08,1.6,0.85,1.6
1847.25,2.48,1.29,2.88,1.6,0.85,1.7
1847.5,2.4,1.26,3.01,1.7,0.86,1.7
1847.75,2.41,1.35,3.04,1.6,0.75,1.7
1848.0,2.48,1.38,3.29,1.5,0.71,1.7
1848.25,2.47,1.35,2.93,1.6,0.75,1.7
1848.5,2.51,1.38,3.17,1.5,0.69,1.7
1848.75,2.39,1.36,3.16,1.6,0.7,1.7
1849.0,2.5,1.26,2.86,1.5,0.85,1.7
1849.25,2.41,1.24,2.96,1.7,0.87,1.7
1849.5,2.45,1.27,2.82,1.6,0.85,1.8
1849.75,2.47,1.35,2.87,1.6,0.75,1.6
1850.0,2.51,1.37,2.84,1.5,0.73,1.7
1850.25,2.58,1.41,2.55,1.4,0.81,1.6
1850.5,2.39,1.31,2.43,1.7,0.83,1.6
1850.75,2.5,1.38,3.14,1.6,0.74,1.6
1851.0,2.46,1.37,2.97,1.6,0.74,1.6
1851.25,2.49,1.36,3.5,1.6,0.75,1.7
1851.5,2.51,1.38,2.97,1.6,0.74,1.5
1851.75,2.49,1.35,2.37,1.6,0.76,1.7
1852.0,2.58,1.34,2.75,1.5,0.79,1.6
1852.25,2.47,1.28,2.93,1.6,0.86,1.6
1852.5,2.55,1.29,2.53,1.6,0.87,1.6
1852.75,2.42,1.29,2.62,1.7,0.86,1.7
1853.0,2.52,1.37,2.76,1.6,0.74,1.6
1853.25,2.55,1.44,2.42,1.5,0.67,1.7
1853.5,2.55,1.35,2.54,1.5,0.75,1.7
1853.75,2.49,1.36,2.79,1.6,0.73,1.7
1854.0,2.41,1.27,2.87,1.7,0.84,1.7
1854.25,2.46,1.24,2.86,1.5,0.87,1.7
1854.5,2.15,0.898,2.23,1.5,1.0,1.4
1854.75,1.5,0.553,2.37,1.3,1.2,1.5
1855.0,1.31,0.821,2.68,1.3,1.2,1.5
1855.25,2.06,2.3,4.27,1.4,1.4,1.7
1855.5,2.32,1.96,6.1,1.6,1.4,1.4
1855.75,2.6,3.13,7.27,1.6,1.4,1.4
1856.0,3.75,3.03,7.79,1.7,1.6,1.9
1856.25,3.54,5.03,9.17,1.6,1.5,1.8
1856.5,2.38,4.66,10.4,1.6,1.5,1.7
1856.75,2.4,5.86,9.38,1.5,1.6,1.9
1857.0,3.05,6.08,9.76,1.5,1.6,1.8
1857.25,3.32,7.91,12.2,1.5,1.8,2.2
1857.5,3.46,9.36,11.4,1.5,1.7,2.0
1857.75,5.12,9.05,11.5,1.7,1.7,1.9
1858.0,4.91,9.79,12.3,1.6,1.7,2.3
1858.25,6.22,9.24,11.9,1.5,1.6,2.3
1858.5,6.9,8.32,12.3,1.6,1.7,2.3
1858.75,7.81,8.58,11.2,1.8,1.7,2.2
1859.0,7.34,8.17,11.7,2.0,1.7,1.8
1859.25,6.22,8.38,10.8,1.9,1.6,2.1
1859.5,6.74,7.63,10.7,2.0,1.4,1.9
1859.75,6.62,8.27,11.3,1.8,1.5,2.1
1860.0,4.95,6.14,6.41,1.6,1.5,2.0
1860.25,6.01,4.39,6.81,1.7,1.4,2.0
1860.5,4.57,4.86,8.06,1.7,1.1,1.6
1860.75,4.71,2.74,8.38,1.7,1.2,1.5
1861.0,4.69,2.59,9.02,1.8,1.1,1.7
1861.25,4.73,3.23,9.08,1.7,1.1,1.6
1861.5,7.04,9.88,10.7,1.7,1.3,1.8
1861.75,7.95,9.96,11.9,1.8,1.4,2.0
1862.0,8.44,10.5,16.9,1.7,1.5,2.3
1862.25,8.51,8.85,17.1,1.7,1.6,2.2
1862.5,10.3,7.98,17.1,1.9,1.7,2.0
1862.75,8.12,8.93,16.3,1.7,1.5,2.1
1863.0,9.36,9.14,15.8,1.8,1.6,2.1
1863.25,9.48,7.81,14.5,1.7,1.5,1.9
1863.5,10.9,8.02,15.3,1.9,1.5,2.1
1863.75,11.2,7.95,15.8,1.9,1.5,2.1
1864.0,12.8,6.9,15.7,1.9,1.6,2.1
1864.25,12.3,6.96,14.7,1.9,1.5,2.1
1864.5,11.6,6.03,13.4,1.9,1.4,2.1
1864.75,8.21,5.4,12.9,1.6,1.3,2.0
1865.0,7.07,4.36,9.67,1.4,1.1,1.1
1865.25,5.41,0.991,7.04,1.1,1.1,2.0
1865.5,5.53,0.827,6.9,1.2,1.1,2.0
1865.75,5.0,1.13,6.65,1.2,1.2,1.9
1866.0,4.21,1.64,7.51,1.4,1.3,2.1
1866.25,4.23,1.54,6.55,1.3,1.3,1.9
1866.5,3.54,1.6,5.47,1.4,1.4,1.8
1866.75,2.95,2.37,6.43,1.6,1.4,1.7
1867.0,3.88,5.53,8.29,1.5,1.3,1.6
1867.25,5.97,6.04,10.1,1.5,1.2,1.3
1867.5,5.97,5.92,10.0,1.6,1.3,1.4
1867.75,5.88,5.86,9.93,1.6,1.3,1.3
1868.0,5.84,5.75,9.93,1.6,1.4,1.2
1868.25,6.02,5.68,9.51,1.5,1.4,1.4
1868.5,5.71,5.62,9.74,1.5,1.4,1.2
1868.75,5.64,5.58,8.85,1.4,1.4,1.2
1869.0,4.98,5.3,9.17,1.6,1.3,1.3
1869.25,5.08,5.06,7.73,1.5,1.3,1.5
1869.5,5.28,4.76,7.78,1.4,1.2,1.5
1869.75,4.92,2.2,4.82,1.4,0.87,1.8
1870.0,4.18,1.88,4.0,1.5,0.91,2.0
1870.25,2.97,1.43,4.01,1.4,0.87,1.8
1870.5,2.56,1.31,2.93,1.4,0.8,1.7
1870.75,2.46,1.3,3.38,1.5,0.8,1.8
1871.0,2.41,1.37,3.15,1.6,0.72,1.7
1871.25,2.36,1.36,2.88,1.7,0.77,1.8
1871.5,2.53,1.44,2.88,1.5,0.7,1.8
1871.75,2.41,1.4,3.07,1.6,0.72,1.7
1872.0,2.49,1.34,3.13,1.5,0.8,1.7
1872.25,2.45,1.3,2.66,1.6,0.87,1.7
1872.5,2.46,1.31,3.38,1.6,0.85,1.7
1872.75,2.48,1.41,2.87,1.6,0.8,1.7
1873.0,2.37,1.44,3.09,1.6,0.72,1.6
1873.25,2.4,1.4,2.89,1.6,0.74,1.6
1873.5,2.45,1.4,3.15,1.5,0.76,1.6
1873.75,2.49,1.38,3.47,1.5,0.74,1.7
1874.0,2.46,1.32,3.1,1.5,0.84,1.6
1874.25,2.42,1.28,3.05,1.6,0.87,1.8
1874.5,2.47,1.33,3.36,1.6,0.81,1.7
1874.75,2.44,1.39,3.09,1.6,0.77,1.7
1875.0,2.46,1.44,2.59,1.6,0.72,1.9
1875.25,2.45,1.42,2.95,1.6,0.89,1.7
1875.5,2.49,1.45,3.35,1.6,0.71,1.7
1875.75,2.49,1.4,2.65,1.5,0.72,1.8
1876.0,2.43,1.39,3.0,1.6,0.72,1.7
1876.25,2.4,1.36,2.58,1.7,0.77,1.7
1876.5,2.38,1.41,2.93,1.7,0.7,1.8
1876.75,2.42,1.34,2.63,1.6,0.79,1.8
1877.0,2.49,1.29,2.62,1.5,0.84,1.6
1877.25,2.49,1.26,3.14,1.5,0.89,1.6
1877.5,2.46,1.34,2.35,1.6,0.78,1.7
1877.75,2.43,1.41,3.1,1.6,0.71,1.6
1878.0,2.44,1.39,3.09,1.6,0.72,1.5
1878.25,2.33,1.36,2.88,1.6,0.74,1.6
1878.5,2.11,1.06,2.69,1.5,0.85,1.2
1878.75,1.47,0.695,2.92,1.3,1.3,1.4
1879.0,1.59,2.02,3.28,1.3,1.4,1.5
1879.25,1.75,1.5,3.13,1.5,1.5,1.6
1879.5,2.19,1.61,5.38,1.5,1.4,1.4
1879.75,2.21,2.71,5.6,1.6,1.4,1.6
1880.0,2.02,2.49,6.14,1.4,1.5,1.6
1880.25,2.27,3.51,5.0,1.5,1.7,1.8
1880.5,2.6,3.21,7.75,1.5,1.6,1.7
1880.75,4.04,4.18,8.48,1.4,1.7,2.0
1881.0,3.31,4.11,8.73,1.6,1.8,2.1
1881.25,3.51,3.98,9.57,1.6,1.7,2.0
1881.5,3.78,4.13,9.63,1.7,1.9,2.0
1881.75,3.21,3.92,9.28,1.6,1.9,2.0
1882.0,3.85,3.33,9.67,1.6,1.8,1.9
1882.25,4.05,4.26,10.3,1.6,1.7,2.0
1882.5,3.81,4.44,10.1,1.6,1.6,1.8
1882.75,4.79,5.01,10.2,1.7,1.7,2.0
1883.0,5.94,5.11,9.98,1.8,1.7,2.0
1883.25,6.8,5.6,10.9,1.9,1.7,1.9
1883.5,6.16,5.01,10.4,1.9,1.6,2.0
1883.75,4.55,4.66,9.18,1.8,1.6,1.9
1884.0,4.73,3.95,6.33,1.7,1.6,1.8
1884.25,6.08,1.98,5.34,1.7,1.4,1.8
1884.5,6.82,2.75,5.51,1.7,1.5,1.7
1884.75,7.83,1.75,5.49,1.7,1.3,1.7
1885.0,6.4,1.82,5.09,1.5,1.4,1.8
1885.25,6.04,1.71,8.02,1.6,1.3,1.7
1885.5,6.09,3.3,11.0,1.6,1.3,1.4
1885.75,6.22,7.34,15.6,1.7,1.2,1.1
1886.0,6.32,7.12,15.4,1.7,1.2,1.2
1886.25,7.38,6.77,14.4,1.6,1.2,1.2
1886.5,7.31,6.98,15.9,1.8,1.2,1.3
1886.75,6.71,6.95,15.5,1.6,1.2,1.2
1887.0,7.11,7.03,17.0,1.4,1.2,1.3
1887.25,6.76,6.95,13.2,1.5,1.4,1.6
1887.5,10.5,6.64,13.7,1.7,1.4,1.5
1887.75,9.59,8.46,15.6,1.9,1.2,1.5
1888.0,11.4,7.08,15.6,1.9,1.2,1.3
1888.25,10.3,4.64,15.4,1.7,1.3,1.4
1888.5,10.6,3.38,14.5,1.8,1.3,1.6
1888.75,8.14,2.99,11.6,1.5,1.3,1.7
1889.0,6.07,1.33,9.78,1.3,1.2,1.6
1889.25,5.94,0.709,8.87,1.4,1.2,1.5
1889.5,5.81,0.633,7.07,1.4,1.3,1.4
1889.75,4.84,0.735,7.47,1.4,1.3,1.4
1890.0,6.4,1.1,6.46,1.3,1.3,1.2
1890.25,5.03,2.0,6.75,1.5,1.4,1.4
1890.5,4.89,2.17,6.33,1.5,1.4,1.4
1890.75,7.45,3.05,6.77,1.8,1.4,1.4
1891.0,10.3,5.43,6.8,1.8,1.1,2.1
1891.25,7.58,8.07,10.4,1.8,1.1,1.5
1891.5,7.7,7.97,10.3,1.7,1.2,1.4
1891.75,7.36,5.97,10.1,1.9,1.3,1.5
1892.0,7.46,7.04,10.1,1.8,1.2,1.5
1892.25,7.29,7.79,10.3,1.7,1.1,1.5
1892.5,6.95,6.48,8.45,1.6,0.96,1.5
1892.75,6.56,6.07,8.94,1.7,0.92,1.3
1893.0,7.03,6.18,9.78,1.8,0.91,1.3
1893.25,6.91,6.15,8.45,1.8,0.93,1.2
1893.5,6.9,4.69,6.51,1.7,0.93,1.8
1893.75,6.71,4.55,6.16,1.7,0.92,1.8
1894.0,4.28,2.6,5.51,1.7,1.0,1.7
1894.25,2.88,1.65,3.48,1.5,0.77,1.8
1894.5,2.74,1.55,3.28,1.4,0.87,1.7
1894.75,2.6,1.37,3.42,1.5,0.76,1.6
1895.0,2.49,1.4,3.35,1.7,0.72,1.7
1895.25,2.55,1.4,3.41,1.6,0.72,1.7
1895.5,2.6,1.38,2.99,1.6,0.76,1.6
1895.75,2.64,1.38,2.89,1.5,0.74,1.8
1896.0,2.57,1.41,2.82,1.6,0.69,1.7
1896.25,2.57,1.37,2.93,1.6,0.74,1.8
1896.5,2.57,1.3,3.18,1.6,0.82,1.8
1896.75,2.55,1.28,3.08,1.6,0.87,1.9
1897.0,2.59,1.3,3.0,1.6,0.84,1.7
1897.25,2.52,1.39,3.17,1.7,0.75,1.8
1897.5,2.64,1.4,2.71,1.5,0.72,1.8
1897.75,2.53,1.38,2.8,1.6,0.73,1.8
1898.0,2.54,1.41,2.62,1.6,0.69,1.8
1898.25,2.55,1.41,2.51,1.6,0.7,1.9
1898.5,2.52,1.28,3.3,1.6,0.84,1.5
1898.75,2.51,1.27,3.06,1.6,0.86,1.7
1899.0,2.48,1.28,2.88,1.6,0.85,1.7
1899.25,2.55,1.36,3.02,1.5,0.76,1.6
1899.5,2.56,1.4,2.93,1.5,0.73,1.7
1899.75,2.55,1.39,3.37,1.5,0.74,1.6
1900.0,2.56,1.38,2.76,1.6,0.74,1.7
1900.25,2.52,1.38,3.2,1.6,0.73,1.7
1900.5,2.48,1.27,2.82,1.6,0.87,1.6
1900.75,2.51,1.24,2.44,1.6,0.9,1.8
1901.0,2.56,1.27,3.0,1.5,0.88,1.8
1901.25,2.58,1.38,2.85,1.6,0.74,1.8
1901.5,2.55,1.4,3.03,1.6,0.71,1.7
1901.75,2.53,1.37,2.74,1.5,0.75,1.8
1902.0,2.45,1.37,2.81,1.6,0.72,1.8
1902.25,2.49,1.39,2.29,1.6,0.72,1.7
1902.5,2.13,0.913,2.49,1.5,0.99,1.5
1902.75,1.65,0.955,2.83,1.3,1.3,1.6
1903.0,1.67,1.7,3.72,1.4,1.4,1.6
1903.25,2.02,1.49,5.09,1.5,1.4,1.6
1903.5,2.16,1.83,6.05,1.5,1.4,1.7
1903.75,2.38,1.85,6.09,1.6,1.4,1.6
1904.0,2.23,2.33,4.99,1.4,1.4,1.8
1904.25,3.95,3.45,8.12,1.4,1.7,1.7
1904.5,5.41,2.42,8.23,1.5,1.5,1.6
1904.75,5.27,2.93,8.19,1.5,1.5,1.6
1905.0,4.99,3.23,7.69,1.5,1.5,1.6
1905.25,4.68,5.44,7.88,1.5,1.5,1.8
1905.5,5.35,5.36,9.13,1.5,1.5,1.7
1905.75,5.66,5.4,9.88,1.6,1.5,2.0
1906.0,5.69,4.37,9.45,1.5,1.4,1.8
1906.25,6.9,3.84,9.04,1.5,1.5,1.8
1906.5,6.48,4.13,9.18,1.5,1.5,1.6
1906.75,6.5,4.11,8.83,1.4,1.3,1.7
1907.0,6.31,4.88,8.9,1.5,1.3,1.6
1907.25,5.71,4.15,7.31,1.4,1.2,2.0
1907.5,6.2,4.49,7.33,1.5,1.2,2.0
1907.75,5.89,4.52,6.66,1.3,1.2,1.9
1908.0,5.66,4.59,4.55,1.5,1.0,1.9
1908.25,5.35,4.32,4.28,1.6,1.2,1.7
1908.5,5.52,3.24,4.88,1.5,1.3,1.8
1908.75,5.68,3.51,4.99,1.5,1.2,1.9
1909.0,5.93,3.58,5.88,1.6,1.5,1.6
1909.25,7.26,4.54,7.88,1.6,1.6,1.5
1909.5,10.4,7.87,9.63,1.5,1.4,1.6
1909.75,11.6,9.08,11.5,1.6,1.3,1.7
1910.0,11.3,9.13,12.5,1.7,1.4,1.7
1910.25,11.3,11.9,12.9,1.8,1.5,1.7
1910.5,10.8,13.8,12.9,1.7,1.5,1.7
1910.75,12.6,13.6,16.1,1.9,1.6,1.6
1911.0,10.2,12.4,17.3,2.0,1.5,2.0
1911.25,10.7,11.4,17.5,1.7,1.5,2.0
1911.5,11.4,11.5,17.1,1.8,1.1,2.1
1911.75,10.9,13.2,15.2,1.7,0.86,2.2
1912.0,11.0,11.6,14.7,1.6,1.0,2.1
1912.25,9.26,9.18,13.4,1.6,1.5,1.9
1912.5,6.4,6.76,12.2,1.5,1.6,1.8
1912.75,7.06,3.79,11.8,1.5,1.6,1.7
1913.0,5.76,1.88,9.23,1.5,1.3,1.6
1913.25,5.82,0.684,9.39,1.4,1.1,1.5
1913.5,5.3,0.708,8.41,1.5,1.1,1.5
1913.75,3.01,0.75,6.51,1.6,1.1,1.5
1914.0,2.25,0.778,6.29,1.5,1.2,1.3
1914.25,2.29,1.66,6.25,1.5,1.2,1.4
1914.5,2.73,2.59,6.12,1.5,1.3,1.2
1914.75,3.8,2.38,6.51,1.1,0.91,1.4
1915.0,5.47,4.42,5.43,1.3,0.98,1.9
1915.25,0.0,0.0,0.0,0.0,0.0,0.0
1915.5,5.81,5.54,5.23,1.3,0.65,1.7
1915.75,5.57,5.56,5.34,1.3,0.58,1.7
1916.0,5.01,5.52,5.01,1.2,0.57,1.6
1916.25,4.91,5.57,4.61,1.4,0.53,1.7
1916.5,4.81,5.53,4.65,1.5,0.54,1.7
1916.75,4.9,5.44,4.12,1.3,0.62,1.5
1917.0,4.9,5.28,4.41,1.4,0.72,1.8
1917.25,4.82,5.3,4.5,1.3,0.67,1.7
1917.5,4.86,4.57,4.48,1.3,0.58,1.7
1917.75,4.67,4.4,4.51,1.3,0.44,1.7
1918.0,4.46,2.5,4.0,1.3,0.65,1.8
1918.25,3.75,1.73,3.74,1.2,0.76,1.9
1918.5,2.88,1.46,3.33,0.97,0.74,1.8
1918.75,2.59,1.27,2.97,1.1,0.79,1.8
1919.0,2.68,1.27,3.09,0.96,0.8,1.8
1919.25,2.64,1.3,2.96,1.0,0.77,1.6
1919.5,2.6,1.22,3.56,1.1,0.87,1.8
1919.75,2.7,1.39,3.44,0.99,0.69,1.7
1920.0,2.69,1.37,3.22,1.0,0.7,1.6
1920.25,2.67,1.38,2.97,1.0,0.69,1.8
1920.5,2.7,1.33,3.32,1.0,0.74,1.6
1920.75,2.78,1.31,2.8,0.91,0.78,1.7
1921.0,2.7,1.29,3.39,0.99,0.8,1.8
1921.25,2.78,1.25,3.18,0.93,0.85,1.6
1921.5,2.68,1.24,3.18,1.1,0.87,1.6
1921.75,2.73,1.39,2.85,1.0,0.69,1.8
1922.0,2.7,1.37,3.08,1.1,0.69,1.7
1922.25,2.62,1.37,3.28,1.1,0.75,1.8
1922.5,2.65,1.35,3.1,1.0,0.85,1.8
1922.75,2.66,1.38,3.37,1.0,0.68,1.8
1923.0,2.66,1.38,3.09,1.0,0.68,1.8
1923.25,2.62,1.35,3.13,1.1,0.71,1.8
1923.5,2.61,1.32,3.32,1.1,0.74,1.6
1923.75,2.67,1.33,2.56,1.0,0.72,1.8
1924.0,2.69,1.34,3.38,1.0,0.73,1.8
1924.25,2.61,1.23,2.91,1.1,0.86,1.7
1924.5,2.67,1.27,2.94,1.0,0.81,1.8
1924.75,2.7,1.24,2.89,1.0,0.85,1.9
1925.0,2.65,1.34,3.07,1.1,0.72,1.6
1925.25,2.64,1.33,3.14,1.1,0.72,1.7
1925.5,2.63,1.38,3.14,1.1,0.7,1.6
1925.75,2.73,1.36,2.91,0.98,0.71,1.7
1926.0,2.64,1.3,3.01,1.1,0.78,1.7
1926.25,2.67,1.25,3.04,1.0,0.84,1.6
1926.5,2.61,1.26,3.12,1.1,0.8,1.6
1926.75,2.06,0.676,2.92,1.0,1.2,1.4
1927.0,0.997,0.645,2.76,1.4,1.2,1.3
1927.25,0.982,0.645,2.54,1.3,1.2,1.5
1927.5,0.96,0.685,2.63,1.4,1.1,1.5
1927.75,0.998,0.67,3.08,1.2,1.1,1.4
1928.0,0.74,0.594,2.88,1.2,1.2,1.5
1928.25,0.796,0.594,2.68,1.1,1.2,1.4
1928.5,0.708,0.583,2.98,1.2,1.2,1.3
1928.75,0.682,0.575,2.66,1.2,1.2,1.6
1929.0,0.686,0.667,2.95,1.2,1.1,1.5
1929.25,0.802,0.686,2.95,1.1,1.1,1.3
1929.5,0.644,0.671,3.2,1.3,1.1,1.6
1929.75,0.695,0.641,3.02,1.2,1.1,1.4
1930.0,0.702,0.628,3.05,1.2,1.2,1.4
1930.25,0.715,0.577,3.15,1.2,1.2,1.5
1930.5,0.754,0.529,3.06,1.2,1.3,1.4
1930.75,1.53,0.549,3.71,1.2,1.2,1.5
1931.0,1.63,0.695,3.16,1.1,1.1,1.6
1931.25,1.56,0.687,3.08,1.2,1.1,1.5
1931.5,1.56,0.673,3.69,1.2,1.1,1.5
1931.75,1.51,0.654,3.81,1.2,1.1,1.4
1932.0,1.6,0.712,3.75,1.2,1.1,1.5
1932.25,1.58,0.683,3.46,1.2,1.2,1.5
1932.5,1.57,0.636,3.45,1.2,1.2,1.5
1932.75,1.54,0.637,3.48,1.3,1.1,1.6
1933.0,1.14,0.679,3.36,1.2,1.1,1.6
1933.25,0.68,0.689,3.29,1.2,1.1,1.5
1933.5,0.679,0.634,2.91,1.2,1.2,1.5
1933.75,0.66,0.53,3.33,1.3,1.3,1.6
1934.0,0.722,0.571,3.39,1.2,1.2,1.5
1934.25,0.696,0.558,3.21,1.2,1.2,1.5
1934.5,0.713,0.627,2.74,1.2,1.2,1.6
1934.75,0.713,0.695,2.94,1.1,1.1,1.5
1935.0,0.762,0.66,3.51,1.1,1.1,1.5
1935.25,0.72,0.659,3.25,1.1,1.1,1.5
1935.5,0.776,0.645,3.41,1.1,1.1,1.5
1935.75,0.663,0.582,3.47,1.2,1.2,1.4
1936.0,0.651,0.567,3.22,1.3,1.2,1.4
1936.25,0.673,0.549,3.72,1.2,1.2,1.4
1936.5,0.731,0.624,3.72,1.2,1.2,1.4
1936.75,0.692,0.653,3.0,1.2,1.1,1.4
1937.0,0.66,0.673,3.5,1.2,1.1,1.4
1937.25,0.93,0.642,2.95,1.3,1.1,1.4
1937.5,1.0,0.695,3.58,1.3,1.1,1.4
1937.75,0.973,0.595,3.15,1.3,1.2,1.4
1938.0,0.924,0.55,3.15,1.3,1.2,1.5
1938.25,1.01,0.571,2.74,1.2,1.3,1.4
1938.5,1.31,0.69,3.28,1.2,1.2,1.5
1938.75,1.99,1.18,3.17,0.86,0.93,1.4
1939.0,2.4,1.37,3.5,0.96,0.68,1.8
1939.25,2.51,1.24,3.39,0.88,0.67,1.8
1939.5,2.45,1.31,3.36,0.95,0.62,1.7
1939.75,2.51,1.26,3.29,0.94,0.69,1.8
1940.0,2.48,1.14,3.34,0.99,0.82,1.8
1940.25,2.55,1.15,3.04,0.92,0.81,1.7
1940.5,2.53,1.22,3.79,0.98,0.76,1.8
1940.75,2.56,1.27,3.71,0.95,0.69,1.6
1941.0,2.52,1.25,3.24,1.0,0.73,1.6
1941.25,2.57,1.29,3.51,0.98,0.68,1.7
1941.5,2.57,1.31,3.42,0.97,0.65,1.6
1941.75,2.65,1.2,3.17,0.88,0.77,1.8
1942.0,2.62,1.16,3.02,0.93,0.83,1.7
1942.25,2.61,1.2,3.25,0.93,0.8,1.6
1942.5,2.61,1.23,3.49,0.95,0.78,1.8
1942.75,2.57,1.31,3.54,1.0,0.69,1.7
1943.0,2.6,1.28,3.42,0.99,0.71,1.7
1943.25,2.52,1.3,3.07,1.1,0.69,1.8
1943.5,2.66,1.29,3.7,0.95,0.69,1.8
1943.75,2.52,1.2,3.32,1.0,0.79,1.8
1944.0,2.53,1.18,2.87,1.0,0.81,1.8
1944.25,2.49,1.18,3.11,1.1,0.78,1.8
1944.5,2.57,1.23,3.58,1.0,0.73,1.8
1944.75,2.6,1.27,3.38,0.96,0.71,1.8
1945.0,2.49,1.28,3.21,1.1,0.68,1.7
1945.25,2.6,1.29,3.08,0.96,0.68,1.9
1945.5,2.53,1.24,3.54,1.0,0.73,1.7
1945.75,2.63,1.18,3.45,0.95,0.8,1.7
1946.0,2.5,1.22,3.13,1.1,0.78,1.8
1946.25,2.57,1.21,3.45,1.0,0.8,1.7
1946.5,2.58,1.26,2.99,1.0,0.75,1.7
1946.75,2.57,1.25,3.03,1.0,0.74,1.7
1947.0,2.63,1.33,3.26,0.99,0.7,1.7
1947.25,2.55,1.33,3.54,1.1,0.84,1.8
1947.5,2.62,1.31,3.37,1.0,0.7,1.7
1947.75,2.58,1.31,3.23,1.0,0.68,1.8
1948.0,2.59,1.3,3.62,1.1,0.69,1.7
1948.25,2.6,1.23,3.23,1.0,0.74,1.8
1948.5,2.6,1.29,3.53,1.0,0.71,1.7
1948.75,2.76,1.21,3.54,0.86,0.79,1.8
1949.0,2.65,1.21,2.88,0.98,0.81,1.8
1949.25,2.62,1.16,2.99,1.0,0.87,1.9
1949.5,2.55,1.26,3.41,1.1,0.75,1.8
1949.75,2.62,1.3,3.24,1.0,0.7,1.8
1950.0,2.65,1.3,3.1,1.0,0.7,1.8
1950.25,2.53,1.26,3.19,1.1,0.74,1.2
1950.5,2.44,1.18,3.3,0.92,0.66,1.2
1950.75,1.57,0.478,2.79,1.2,1.2,1.5
1951.0,0.972,0.397,2.84,1.3,1.3,1.5
1951.25,0.905,0.377,3.08,1.4,1.3,1.6
1951.5,0.94,0.463,2.98,1.4,1.2,1.5
1951.75,1.05,0.523,2.83,1.3,1.2,1.5
1952.0,0.672,0.521,2.81,1.3,1.2,1.4
1952.25,0.705,0.55,3.28,1.2,1.1,1.5
1952.5,0.659,0.556,3.01,1.3,1.1,1.5
1952.75,0.682,0.446,2.96,1.2,1.3,1.4
1953.0,0.723,0.394,2.83,1.2,1.3,1.5
1953.25,0.667,0.439,2.8,1.3,1.2,1.5
1953.5,0.72,0.559,3.23,1.2,1.1,1.3
1953.75,0.617,0.535,3.24,1.3,1.1,1.5
1954.0,0.737,0.543,2.86,1.2,1.1,1.4
1954.25,0.663,0.579,3.22,1.3,1.1,1.5
1954.5,0.699,0.532,3.34,1.2,1.1,1.3
1954.75,0.623,0.408,2.99,1.3,1.3,1.5
1955.0,0.722,0.427,2.69,1.2,1.2,1.5
1955.25,0.669,0.454,2.97,1.2,1.2,1.5
1955.5,0.702,0.554,3.25,1.2,1.1,1.4
1955.75,0.714,0.497,2.97,1.2,1.1,1.5
1956.0,0.798,0.531,3.05,1.1,1.1,1.5
1956.25,0.734,0.535,3.41,1.2,1.1,1.5
1956.5,0.692,0.527,3.45,1.2,1.1,1.5
1956.75,0.637,0.435,2.92,1.3,1.2,1.5
1957.0,0.711,0.442,2.98,1.2,1.2,1.5
1957.25,0.666,0.448,3.61,1.2,1.2,1.5
1957.5,0.732,0.493,3.57,1.2,1.2,1.3
1957.75,0.647,0.541,2.95,1.3,1.1,1.5
1958.0,0.705,0.589,3.12,1.2,1.1,1.5
1958.25,0.661,0.567,3.05,1.2,1.1,1.4
1958.5,0.716,0.512,3.54,1.2,1.1,1.4
1958.75,0.623,0.526,3.62,1.3,1.1,1.4
1959.0,0.686,0.455,3.52,1.2,1.2,1.4
1959.25,0.681,0.43,3.61,1.2,1.2,1.4
1959.5,0.786,0.49,3.72,1.1,1.1,1.2
1959.75,0.61,0.546,3.52,1.3,1.1,1.6
1960.0,0.681,0.552,3.43,1.2,1.1,1.4
1960.25,0.684,0.554,3.4,1.2,1.1,1.5
1960.5,0.72,0.514,3.22,1.1,1.1,1.5
1960.75,0.637,0.53,3.43,1.2,1.1,1.5
1961.0,0.713,0.48,3.25,1.2,1.1,1.5
1961.25,0.674,0.418,3.32,1.2,1.2,1.5
1961.5,0.828,0.406,3.32,1.2,1.2,1.4
1961.75,0.916,0.506,3.29,1.3,1.1,1.5
1962.0,0.998,0.562,3.39,1.2,1.1,1.4
1962.25,0.993,0.554,3.43,1.3,1.1,1.5
1962.5,1.44,0.524,2.75,1.0,1.1,1.5
1962.75,2.37,1.29,3.39,0.68,0.47,1.0
1963.0,2.49,1.22,4.03,0.82,0.69,0.99
1963.25,2.38,1.15,4.2,0.98,0.79,0.96
1963.5,2.48,1.11,4.2,0.87,0.81,1.1
1963.75,2.36,1.16,3.67,1.0,0.74,0.98
1964.0,2.49,1.27,3.99,0.87,0.61,1.0
1964.25,2.4,1.22,4.1,1.0,0.67,0.94
1964.5,2.5,1.24,3.99,0.9,0.65,1.1
1964.75,2.44,1.3,3.86,1.0,0.63,1.1
1965.0,2.47,1.25,3.96,0.94,0.66,1.1
1965.25,2.41,1.11,4.12,1.0,0.8,1.1
1965.5,2.5,1.14,3.66,0.93,0.77,1.2
1965.75,2.41,1.17,3.59,1.0,0.75,1.0
1966.0,2.45,1.2,3.7,0.98,0.74,1.1
1966.25,2.45,1.26,3.49,0.99,0.68,1.2
1966.5,2.53,1.26,3.68,0.9,0.68,1.1
1966.75,2.45,1.3,3.41,1.0,0.63,1.1
1967.0,2.45,1.23,4.14,1.0,0.71,1.1
1967.25,2.61,1.2,3.83,0.94,0.76,1.1
1967.5,2.54,1.16,3.9,0.93,0.81,1.1
1967.75,2.44,1.22,3.9,1.1,0.77,0.97
1968.0,2.53,1.26,3.64,0.97,0.73,0.99
1968.25,2.53,1.26,3.55,0.96,0.7,1.1
1968.5,2.5,1.32,3.97,1.0,0.63,0.99
1968.75,2.54,1.31,3.21,0.96,0.66,1.0
1969.0,2.6,1.26,3.96,0.95,0.71,1.1
1969.25,2.65,1.22,4.12,0.89,0.76,1.0
1969.5,2.63,1.17,3.75,0.95,0.81,1.1
1969.75,2.62,1.18,3.76,0.99,0.82,1.0
1970.0,2.57,1.18,3.99,1.1,0.83,1.0
1970.25,2.64,1.31,3.47,1.0,0.69,1.2
1970.5,2.57,1.3,3.68,1.0,0.69,1.1
1970.75,2.61,1.27,3.99,0.98,0.71,1.0
1971.0,2.57,1.25,3.79,1.1,0.73,1.1
1971.25,2.63,1.22,3.64,0.98,0.77,1.1
1971.5,2.58,1.23,3.65,1.0,0.8,1.1
1971.75,2.6,1.16,3.68,1.0,0.86,1.1
1972.0,2.52,1.22,3.9,1.0,0.76,1.1
1972.25,2.57,1.31,3.54,0.99,0.67,1.1
1972.5,2.55,1.31,3.66,0.98,0.67,1.1
1972.75,2.53,1.26,3.45,1.0,0.71,1.1
1973.0,2.57,1.3,3.36,1.0,0.65,1.1
1973.25,2.52,1.21,3.41,1.0,0.76,0.98
1973.5,2.59,1.15,3.57,0.96,0.81,1.1
1973.75,2.51,1.14,3.57,1.1,0.86,1.1
1974.0,2.51,1.22,3.45,1.0,0.74,1.0
1974.25,2.57,1.26,3.72,0.95,0.71,0.98
1974.5,2.29,0.988,3.49,0.98,0.95,1.3
1974.75,1.68,1.16,3.33,1.2,1.2,1.5
1975.0,3.14,2.0,3.92,1.3,1.2,1.6
1975.25,4.45,2.62,4.97,1.4,1.4,1.5
1975.5,6.03,4.62,8.61,1.7,1.6,1.3
1975.75,6.73,9.34,9.77,1.8,0.96,1.4
1976.0,6.82,10.2,9.81,1.8,0.85,1.6
1976.25,7.05,10.6,11.7,1.7,1.0,1.8
1976.5,7.08,11.7,12.2,1.7,1.1,1.7
1976.75,9.93,10.5,12.5,1.8,0.89,1.8
1977.0,11.1,10.1,12.7,1.9,0.81,2.0
1977.25,12.3,10.1,12.8,2.0,0.92,1.8
1977.5,14.3,10.8,13.3,2.0,1.2,1.8
1977.75,13.2,12.1,13.9,2.1,1.2,1.9
1978.0,13.4,11.6,15.9,2.0,1.1,1.6
1978.25,13.2,11.7,16.5,2.1,1.2,1.8
1978.5,13.8,11.6,15.7,1.9,0.81,1.9
1978.75,13.2,12.9,15.3,2.0,0.78,1.8
1979.0,14.2,12.4,16.0,1.9,0.7,1.8
1979.25,12.5,12.4,17.6,2.0,0.72,1.9
1979.5,13.7,12.4,17.5,2.0,0.52,1.8
1979.75,14.7,9.98,15.0,2.1,0.79,1.9
1980.0,10.4,7.21,7.45,1.7,1.3,2.0
1980.25,10.9,6.11,6.22,1.9,1.3,1.7
1980.5,10.9,5.38,7.89,1.8,1.3,1.4
1980.75,11.0,4.55,8.87,1.7,1.2,1.4
1981.0,13.1,4.59,10.4,1.7,1.2,1.6
1981.25,11.1,5.63,12.5,1.7,1.2,1.7
1981.5,12.9,10.4,14.5,1.8,1.2,1.4
1981.75,10.2,10.8,15.5,1.8,1.2,1.3
1982.0,8.98,10.0,13.1,1.5,1.4,1.2
1982.25,8.13,12.1,11.1,1.6,1.2,1.1
1982.5,7.95,13.8,11.2,1.4,1.1,1.0
1982.75,7.94,13.9,10.9,1.4,0.95,1.2
1983.0,7.76,13.6,10.2,1.4,0.89,1.2
1983.25,7.08,14.8,11.4,1.4,0.99,0.96
1983.5,6.49,15.3,12.1,1.2,1.1,1.1
1983.75,8.47,12.8,12.3,1.7,0.99,1.1
1984.0,7.64,11.4,13.0,1.6,0.97,1.1
1984.25,8.24,10.6,12.9,1.7,0.84,1.2
1984.5,8.05,8.69,12.8,1.5,0.8,1.1
1984.75,7.93,9.13,13.1,1.6,0.96,1.1
1985.0,7.95,8.25,13.3,1.6,0.93,1.1
1985.25,7.87,7.87,12.8,1.7,0.87,1.1
1985.5,6.79,6.91,13.6,1.5,0.84,1.3
1985.75,6.35,3.62,14.8,1.6,0.95,1.6
1986.0,3.3,3.72,13.7,1.5,1.0,1.5
1986.25,2.28,4.21,12.9,1.5,1.2,1.4
1986.5,3.11,4.34,12.8,0.99,1.1,1.3
1986.75,5.65,5.17,11.7,1.0,0.71,1.8
1987.0,7.78,6.17,10.0,1.1,0.72,1.4
1987.25,9.35,6.67,11.0,1.3,0.76,1.3
1987.5,9.61,8.83,10.9,1.3,0.7,1.5
1987.75,9.35,8.97,11.0,1.3,0.65,1.5
1988.0,9.52,8.91,11.0,1.3,0.69,1.4
1988.25,8.9,8.96,9.99,1.2,0.67,1.3
1988.5,8.36,8.83,10.4,1.2,0.76,1.2
1988.75,8.18,8.74,9.62,1.2,0.79,1.4
1989.0,7.75,6.3,7.7,1.1,1.0,1.4
1989.25,7.58,5.77,7.82,1.1,0.92,1.4
1989.5,7.51,3.85,7.22,1.0,1.0,1.5
1989.75,7.15,2.63,6.77,1.2,0.88,1.6
1990.0,5.43,1.05,4.22,0.89,0.74,1.9
1990.25,3.68,1.28,4.14,0.99,0.86,1.8
1990.5,2.84,1.46,3.91,0.99,0.81,1.6
1990.75,2.62,1.29,3.52,1.1,0.91,1.0
1991.0,2.72,1.3,3.59,0.96,0.88,0.9
1991.25,2.68,1.29,3.97,0.99,0.88,0.93
1991.5,2.71,1.4,3.8,0.96,0.76,1.1
1991.75,2.63,1.39,3.53,1.1,0.76,1.1
1992.0,2.74,1.48,3.64,0.97,0.7,0.99
1992.25,2.64,1.55,3.56,1.1,0.81,1.1
1992.5,2.65,1.44,3.3,1.0,0.87,1.0
1992.75,2.58,1.44,3.47,1.1,0.71,1.1
1993.0,2.78,1.44,3.38,0.94,0.71,1.0
1993.25,2.68,1.4,3.65,1.0,0.75,1.1
1993.5,2.69,1.39,3.53,1.0,0.77,1.1
1993.75,2.68,1.43,3.82,1.0,0.73,1.1
1994.0,2.7,1.38,3.05,1.0,0.77,0.99
1994.25,2.71,1.28,3.6,1.0,0.88,0.97
1994.5,2.67,1.31,3.34,1.1,0.87,1.1
1994.75,2.68,1.32,3.47,1.1,0.84,1.0
1995.0,2.68,1.44,3.41,1.0,0.72,0.79
1995.25,2.74,1.38,3.91,0.99,0.78,1.1
1995.5,2.63,1.45,3.21,1.1,0.71,1.1
1995.75,2.72,1.44,3.35,1.0,0.73,0.9
1996.0,2.65,1.39,3.61,1.1,0.76,0.99
1996.25,2.74,1.39,3.09,0.97,0.76,1.0
1996.5,2.63,1.34,3.48,1.1,0.83,0.97
1996.75,2.7,1.33,3.44,1.0,0.85,0.99
1997.0,2.71,1.26,3.05,1.0,0.92,0.96
1997.25,2.69,1.41,3.6,1.0,0.76,1.2
1997.5,2.76,1.42,3.47,0.92,0.74,1.1
1997.75,2.7,1.41,3.48,0.98,0.76,1.0
1998.0,2.78,1.41,3.5,0.9,0.74,1.1
1998.25,2.7,1.4,3.56,0.94,0.74,1.1
1998.5,2.66,1.31,3.09,1.0,0.85,1.0
1998.75,2.13,0.745,3.21,1.0,1.2,1.5
1999.0,2.19,1.68,4.73,1.4,1.4,1.7
1999.25,2.94,2.36,6.13,1.6,1.4,1.4
1999.5,3.71,3.41,6.75,1.8,1.4,1.7
1999.75,3.9,6.0,6.92,1.7,1.6,2.1
2000.0,5.28,6.92,6.17,1.8,1.2,2.0
2000.25,6.11,5.24,5.83,1.8,0.93,1.9
2000.5,5.16,7.26,7.5,1.7,0.83,1.8
2000.75,7.38,7.89,8.02,1.6,0.9,1.8
2001.0,6.25,8.61,9.77,1.6,1.1,1.9
2001.25,7.3,10.1,12.3,1.6,1.4,1.6
2001.5,7.91,10.8,11.9,1.7,1.2,1.7
2001.75,7.54,11.4,13.0,1.7,1.2,1.7
2002.0,7.75,11.0,14.8,1.5,1.2,1.7
2002.25,8.02,11.1,14.0,1.6,1.2,1.6
2002.5,14.7,9.95,14.5,1.6,1.0,1.5
2002.75,14.6,10.8,14.6,1.6,1.0,1.6
2003.0,13.9,9.66,13.8,1.6,1.1,1.5
2003.25,13.9,8.68,14.1,1.6,1.1,1.4
2003.5,13.7,7.67,13.9,1.5,1.1,1.5
2003.75,13.5,6.63,13.3,1.9,1.2,1.3
2004.0,10.0,4.67,10.6,1.9,1.1,1.5
2004.25,8.94,6.16,10.6,1.8,1.0,1.5
2004.5,10.4,5.98,9.52,2.0,1.0,1.3
2004.75,9.61,3.96,9.82,1.9,1.3,1.3
2005.0,8.91,5.09,9.96,2.0,1.3,1.2
2005.25,8.17,5.23,10.9,1.8,1.3,1.3
2005.5,8.71,7.73,9.28,1.9,1.4,1.6
2005.75,8.77,9.32,9.74,1.8,1.5,1.5
2006.0,8.58,9.04,9.51,1.8,1.5,1.5
2006.25,8.5,9.52,9.71,1.8,1.6,1.5
2006.5,8.75,9.17,10.7,1.9,1.6,1.5
2006.75,7.69,8.96,10.0,1.8,1.6,1.6
2007.0,7.05,8.94,10.1,1.6,1.7,1.6
2007.25,9.35,8.5,10.2,1.9,1.4,1.6
2007.5,7.26,8.29,9.76,1.6,1.3,1.6
2007.75,9.59,9.2,13.0,1.8,1.4,1.2
2008.0,10.7,7.05,12.5,1.9,1.6,1.1
2008.25,9.52,9.86,14.3,1.8,1.6,1.4
2008.5,9.44,6.29,14.7,1.8,1.7,1.3
2008.75,8.98,4.54,13.7,1.8,1.7,1.4
2009.0,8.13,3.54,13.2,1.6,1.4,1.2
2009.25,6.53,2.41,10.4,1.6,1.3,1.4
2009.5,4.24,1.47,7.39,1.3,1.3,1.5
2009.75,4.05,1.11,6.72,1.3,1.3,1.4
2010.0,4.15,1.63,6.68,1.3,1.3,1.4
2010.25,4.19,1.51,6.61,1.3,1.2,1.5
2010.5,3.03,4.64,6.22,1.3,1.2,1.2
2010.75,5.05,7.78,8.6,1.2,0.65,1.4
2011.0,5.84,9.12,10.8,1.0,0.76,1.6
2011.25,7.52,10.0,13.8,1.2,0.92,1.2
2011.5,7.47,10.2,14.1,1.3,0.86,1.2
2011.75,7.35,9.9,11.6,1.2,0.88,1.4
2012.0,7.4,10.2,12.3,1.3,1.1,1.3
2012.25,7.33,10.0,13.3,1.2,1.1,1.2
2012.5,6.8,9.02,10.3,1.2,1.1,1.7
2012.75,4.89,5.74,6.67,1.2,1.0,1.7
2013.0,4.86,3.65,6.63,1.3,1.1,1.5
2013.25,4.89,4.27,5.78,1.2,1.1,1.7
2013.5,4.77,4.7,6.41,1.3,0.88,1.7
2013.75,4.72,4.48,5.84,1.3,0.79,1.7
2014.0,3.42,1.75,3.27,1.1,0.92,1.9
2014.25,2.8,1.79,3.69,1.1,0.89,1.9
2014.5,2.81,1.63,3.82,0.89,0.89,1.8
2014.75,2.61,1.46,3.07,1.0,0.72,1.8
2015.0,2.66,1.61,3.23,1.0,0.74,1.8
2015.25,2.61,1.56,2.91,1.1,0.73,1.7
2015.5,2.71,1.7,3.09,0.9,0.78,1.8
2015.75,2.63,1.53,3.1,1.0,0.73,1.7
2016.0,2.7,1.55,3.6,0.97,0.86,1.0
2016.25,2.6,1.42,4.01,1.0,0.87,0.94
2016.5,2.6,1.41,3.63,1.0,0.78,1.1
2016.75,2.61,1.5,4.11,1.0,0.68,0.9
2017.0,2.64,1.44,3.24,1.0,0.73,1.0
2017.25,2.58,1.7,3.51,1.1,0.74,1.1
2017.5,2.66,1.77,3.66,1.1,0.76,0.99
2017.75,2.71,1.38,3.66,1.0,0.82,0.82
2018.0,2.63,1.49,3.21,1.1,0.87,1.1
2018.25,2.69,1.53,3.44,0.99,0.85,1.0
2018.5,2.59,1.39,3.51,1.1,0.81,0.97
2018.75,2.75,1.75,3.34,0.92,0.79,1.2
2019.0,2.63,1.58,3.05,1.0,0.75,1.0
2019.25,2.66,1.52,3.13,1.0,0.76,1.1
2019.5,2.62,1.61,3.41,1.1,0.86,1.0
2019.75,2.69,1.47,3.39,0.97,0.78,1.1
2020.0,2.6,1.68,3.56,1.1,0.72,1.1
2020.25,2.66,1.46,3.44,1.0,0.74,0.97
2020.5,2.59,1.68,3.73,1.1,0.74,1.1
2020.75,2.73,1.83,3.82,0.93,0.74,1.1
2021.0,2.63,1.4,3.47,1.0,0.8,1.0
2021.25,2.63,1.42,3.53,1.1,0.89,1.2
2021.5,2.62,1.38,3.38,1.1,0.83,0.99
2021.75,2.73,1.65,3.23,0.92,0.86,0.98
2022.0,2.66,1.42,3.67,0.97,0.76,1.1
2022.25,2.72,1.55,3.5,0.89,0.71,0.95
2022.5,2.42,1.44,3.26,0.84,0.64,1.3
2022.75,1.88,0.771,3.17,1.2,1.2,1.7
2023.0,1.81,2.02,4.13,1.5,1.4,1.3
2023.25,1.77,1.91,5.89,1.6,1.4,1.3
2023.5,3.15,2.08,5.96,1.7,1.6,1.3
2023.75,3.28,2.16,6.43,1.7,1.5,1.4
2024.0,3.57,1.74,6.71,1.6,1.3,1.5
2024.25,3.68,2.26,6.68,1.7,1.5,1.6
2024.5,2.35,3.18,8.7,1.5,1.7,1.5
2024.75,4.57,3.41,8.59,1.8,1.7,1.8
2025.0,6.09,3.57,8.53,1.6,1.6,1.6
2025.25,6.59,5.02,8.44,1.6,1.0,1.8
2025.5,7.02,4.95,8.9,1.8,0.96,1.8
2025.75,7.0,5.02,9.54,1.7,0.94,1.8
2026.0,6.74,5.31,11.8,1.6,1.0,1.6
2026.25,8.49,6.85,11.3,1.7,0.87,1.6
2026.5,9.28,6.92,12.2,1.9,0.85,1.6
2026.75,9.74,6.74,11.5,1.9,0.98,1.5
2027.0,10.5,6.73,12.1,2.1,0.98,1.5
2027.25,10.1,7.59,11.0,2.0,0.88,1.5
2027.5,10.3,7.71,11.9,2.0,0.72,1.5
2027.75,9.32,7.52,11.2,1.8,0.77,1.4
2028.0,8.45,6.74,7.79,1.7,0.97,1.6
2028.25,8.34,4.33,5.12,1.6,1.1,1.8
2028.5,8.28,2.85,4.95,1.7,1.1,1.7
2028.75,8.01,3.08,4.92,1.7,1.0,1.6
2029.0,6.32,3.95,7.17,1.5,0.86,1.4
2029.25,6.65,7.35,7.56,1.5,0.79,1.6
2029.5,9.48,9.04,10.5,1.6,0.88,1.8
2029.75,11.6,12.2,13.4,1.7,1.3,2.0
2030.0,10.4,12.4,13.3,1.7,1.3,2.1
2030.25,13.8,12.4,13.4,1.9,1.4,1.9
2030.5,13.7,12.5,13.3,1.9,1.4,2.0
2030.75,12.6,12.6,13.6,1.8,1.4,2.0
2031.0,12.9,13.0,13.5,1.8,1.4,1.9
2031.25,14.5,13.2,13.3,1.8,0.82,2.0
2031.5,14.4,12.6,10.6,1.9,0.88,1.9
2031.75,10.5,8.87,11.4,1.7,1.3,1.8
2032.0,10.9,9.1,11.4,1.9,1.3,1.8
2032.25,9.04,9.92,11.0,1.7,1.4,1.9
2032.5,11.9,9.66,11.9,1.3,1.7,1.9
2032.75,9.33,6.62,11.5,1.5,1.6,1.8
2033.0,10.9,5.34,11.0,1.4,1.3,1.8
2033.25,10.5,4.14,10.3,1.2,1.2,1.6
2033.5,5.85,1.33,8.8,1.2,1.2,1.4
2033.75,6.4,1.29,8.32,1.7,1.2,1.6
2034.0,3.75,1.11,8.31,1.5,1.2,1.5
2034.25,2.86,1.55,7.54,1.6,1.3,1.5
2034.5,3.41,5.03,5.67,1.4,1.4,2.0
2034.75,4.52,7.13,5.66,1.1,0.98,2.2
2035.0,5.67,8.52,8.01,0.42,1.4,1.5
2035.25,6.15,9.02,9.89,1.2,1.3,1.3
2035.5,5.69,9.0,9.9,1.1,1.3,1.4
2035.75,5.97,8.99,9.12,1.2,1.3,1.2
2036.0,5.41,8.95,9.13,1.2,1.3,1.3
2036.25,5.19,6.72,9.77,1.2,1.5,0.73
2036.5,5.44,6.33,10.1,1.2,1.5,0.64
2036.75,5.35,5.98,9.87,1.3,1.5,0.6
2037.0,4.76,5.81,9.87,1.3,1.5,0.56
2037.25,5.11,5.95,10.4,1.5,1.3,0.56
2037.5,4.48,4.14,9.25,1.3,1.2,0.27
2037.75,3.86,3.4,6.87,1.2,1.1,0.59
2038.0,3.88,2.81,7.44,1.2,1.1,0.59
2038.25,2.65,2.13,3.6,1.1,0.92,1.1
2038.5,2.73,1.49,3.99,0.97,0.77,1.1
2038.75,2.63,1.41,3.44,1.0,0.7,1.1
2039.0,2.69,1.44,3.49,0.94,0.67,0.93
2039.25,2.61,1.4,3.53,1.1,0.72,1.1
2039.5,2.64,1.4,3.65,1.0,0.72,1.1
2039.75,2.69,1.32,3.9,0.97,0.82,0.98
2040.0,2.63,1.26,3.63,0.97,0.84,1.1
2040.25,2.67,1.25,3.66,0.96,0.88,1.2
2040.5,2.69,1.42,3.26,0.94,0.69,1.1
2040.75,2.76,1.42,3.61,0.89,0.7,1.0
2041.0,2.6,1.42,3.65,1.1,0.69,1.2
2041.25,2.66,1.4,3.58,0.99,0.71,1.1
2041.5,2.6,1.39,3.8,1.1,0.72,1.0
2041.75,2.62,1.28,3.28,1.0,0.86,1.1
2042.0,2.58,1.24,3.41,1.0,0.89,1.2
2042.25,2.59,1.32,3.47,1.0,0.82,0.99
2042.5,2.55,1.41,3.35,1.1,0.72,1.1
2042.75,2.61,1.38,3.21,1.0,0.75,1.1
2043.0,2.6,1.41,3.67,0.97,0.7,0.95
2043.25,2.54,1.39,3.45,1.1,0.72,1.0
2043.5,2.58,1.31,3.33,0.96,0.8,1.1
2043.75,2.55,1.29,3.66,1.0,0.83,0.98
2044.0,2.64,1.31,3.28,0.93,0.82,0.99
2044.25,2.55,1.25,3.38,1.0,0.87,1.1
2044.5,2.59,1.42,3.82,1.0,0.69,1.0
2044.75,2.52,1.43,3.46,1.1,0.67,1.0
2045.0,2.6,1.39,3.16,0.98,0.73,1.1
2045.25,2.57,1.38,3.52,1.0,0.73,1.0
2045.5,2.56,1.37,3.27,1.0,0.75,0.98
2045.75,2.58,1.28,3.6,1.0,0.85,1.1
2046.0,2.62,1.26,3.58,0.95,0.86,1.2
2046.25,2.72,1.36,3.65,0.82,0.77,1.0
2046.5,2.61,1.43,3.29,0.95,0.76,1.1
2046.75,2.22,1.42,3.73,1.0,1.2,1.5
2047.0,1.45,1.48,4.07,1.5,1.3,1.7
2047.25,2.6,2.2,5.73,1.6,1.4,1.3
2047.5,3.98,1.73,7.13,1.9,1.4,1.5
2047.75,3.69,3.39,7.27,1.7,1.4,1.5
2048.0,3.76,4.9,8.57,1.7,0.84,1.7
2048.25,4.16,6.59,9.15,1.6,0.8,2.0
2048.5,4.68,6.79,7.75,1.8,0.84,1.6
2048.75,6.19,6.67,7.86,1.6,0.79,1.7
2049.0,6.24,7.34,8.17,1.8,0.81,1.7
2049.25,6.91,7.4,9.23,1.7,0.89,1.7
2049.5,7.16,7.5,8.84,1.9,0.94,1.8
2049.75,7.26,6.64,9.54,1.9,0.95,1.8
2050.0,6.96,6.85,9.49,1.9,1.3,1.7
2050.25,6.88,6.93,9.32,1.7,1.2,1.9
2050.5,6.77,5.95,9.79,1.7,1.1,1.9
2050.75,7.15,6.04,8.43,1.5,1.2,1.8
2051.0,7.14,5.65,10.7,1.6,1.2,1.7
2051.25,6.94,5.37,11.9,1.6,1.3,1.6
2051.5,6.01,4.17,11.5,1.3,1.2,1.5
2051.75,5.23,4.23,9.44,1.4,1.1,1.9
2052.0,5.2,2.46,6.78,1.1,0.94,1.8
2052.25,5.19,1.84,5.63,1.0,0.9,1.9
2052.5,5.03,1.39,5.79,0.96,1.1,1.8
2052.75,3.86,2.14,6.19,1.1,1.1,1.7
2053.0,4.95,2.29,5.77,1.2,1.2,1.7
2053.25,5.7,2.11,6.07,1.2,0.99,1.5
2053.5,6.86,2.92,8.87,1.5,1.2,1.2
2053.75,7.76,3.58,10.6,1.4,1.7,1.2
2054.0,6.01,4.23,10.7,1.7,1.6,1.4
2054.25,5.9,4.43,10.2,1.9,1.6,1.3
2054.5,5.67,3.9,10.7,1.9,1.6,1.3
2054.75,5.29,4.09,10.4,1.8,1.8,1.4
2055.0,5.04,2.19,10.0,1.8,1.8,1.4
2055.25,4.82,2.69,8.05,1.8,1.8,1.7
2055.5,4.25,2.67,9.49,1.6,1.6,1.9
2055.75,3.68,2.32,10.2,1.7,1.6,1.7
2056.0,4.8,1.93,7.23,1.4,1.4,2.1
2056.25,4.46,1.74,7.31,1.6,1.4,2.2
2056.5,4.27,1.68,7.13,1.5,1.6,2.1
2056.75,4.11,1.25,6.39,1.5,1.3,1.9
2057.0,3.53,1.01,5.86,1.4,1.2,1.7
2057.25,2.17,0.984,5.54,1.5,1.3,1.8
2057.5,2.35,1.33,4.81,1.3,1.3,1.8
2057.75,3.92,1.79,4.77,1.2,1.3,1.8
2058.0,2.59,1.63,5.45,1.5,1.4,1.7
2058.25,2.31,1.75,6.42,1.4,1.5,1.2
2058.5,3.48,2.31,6.34,1.3,1.4,1.3
2058.75,5.86,6.83,8.95,1.1,1.1,1.7
2059.0,7.08,8.86,10.0,1.2,0.97,1.5
2059.25,6.84,10.4,9.39,1.2,0.75,1.3
2059.5,6.42,10.4,8.5,1.0,0.69,1.5
2059.75,6.56,10.2,8.48,1.0,0.62,1.4
2060.0,6.62,10.1,8.45,0.97,0.66,1.5
2060.25,6.03,10.0,7.19,1.1,0.72,1.7
2060.5,6.4,9.44,8.08,1.1,0.81,1.4
2060.75,5.07,10.2,7.77,1.1,0.56,1.5
2061.0,4.4,8.01,6.85,1.2,0.8,1.7
2061.25,3.94,5.76,5.05,1.2,0.96,1.9
2061.5,3.91,5.83,6.03,1.3,0.92,1.9
2061.75,3.86,5.66,6.87,1.2,0.93,1.6
2062.0,3.3,1.77,3.87,1.1,1.0,2.0
2062.25,3.09,1.5,3.13,1.1,0.92,1.9
2062.5,2.8,1.41,3.3,1.1,0.91,1.8
2062.75,2.81,1.41,3.12,0.96,0.73,1.8
2063.0,2.76,1.44,2.99,1.0,0.71,1.8
2063.25,2.77,1.4,3.16,1.0,0.75,1.8
2063.5,2.72,1.37,2.85,1.1,0.78,1.7
2063.75,2.8,1.34,3.17,1.0,0.82,1.7
2064.0,2.74,1.26,3.23,1.1,0.91,1.6
2064.25,2.79,1.31,3.25,1.0,0.86,1.7
2064.5,2.75,1.33,3.06,1.0,0.83,1.6
2064.75,2.71,1.37,3.24,1.1,0.77,1.7
2065.0,2.73,1.4,3.28,0.98,0.72,1.7
2065.25,2.75,1.41,3.12,1.0,0.73,1.6
2065.5,2.83,1.39,2.94,0.91,0.76,1.7
2065.75,2.77,1.3,2.83,0.99,0.86,1.6
2066.0,2.76,1.3,3.3,1.0,0.86,1.7
2066.25,2.83,1.29,2.54,0.95,0.88,1.7
2066.5,2.71,1.36,3.55,1.1,0.8,1.8
2066.75,2.74,1.41,2.77,1.0,0.75,1.8
2067.0,2.72,1.51,2.7,1.1,0.84,1.7
2067.25,2.72,1.47,3.27,1.1,0.82,1.8
2067.5,2.79,1.42,3.08,1.0,0.73,1.7
2067.75,2.79,1.37,2.82,1.1,0.79,1.8
2068.0,2.79,1.42,2.56,1.0,0.74,1.8
2068.25,2.72,1.42,3.16,1.1,0.72,1.7
2068.5,2.76,1.39,2.91,1.1,0.77,1.7
2068.75,2.7,1.25,3.47,1.1,0.91,1.7
2069.0,2.71,1.32,2.98,1.1,0.83,1.7
2069.25,2.74,1.28,3.35,1.1,0.88,1.6
2069.5,2.7,1.31,3.3,1.1,0.84,1.7
2069.75,2.76,1.4,3.11,1.0,0.73,1.7
2070.0,2.65,1.39,3.75,1.1,0.74,1.6
2070.25,2.68,1.38,2.92,1.1,0.74,1.7
2070.5,2.67,1.44,3.34,1.1,0.72,1.7
2070.75,2.6,1.17,3.22,1.0,0.98,1.6
2071.0,2.21,0.871,3.91,1.1,1.4,1.5
2071.25,2.25,1.25,4.82,1.3,1.4,1.5
2071.5,3.3,3.01,6.58,1.5,0.86,1.5
2071.75,3.6,3.72,6.59,1.6,0.77,1.6
2072.0,4.22,4.6,6.35,1.7,0.77,1.7
2072.25,5.67,5.25,8.41,1.7,0.91,1.6
2072.5,4.18,5.35,9.48,1.4,1.0,1.4
2072.75,5.9,5.5,8.44,1.5,0.99,1.7
2073.0,7.59,5.69,9.38,1.8,1.2,1.5
2073.25,8.29,5.76,9.07,1.8,1.2,1.7
2073.5,8.16,7.56,9.59,1.8,1.2,1.5
2073.75,7.15,8.13,8.84,1.8,1.3,1.6
2074.0,8.22,8.4,11.1,1.8,1.2,1.5
2074.25,9.26,7.55,10.7,1.8,1.5,1.7
2074.5,9.93,7.93,11.5,1.9,1.5,1.5
2074.75,10.4,7.71,11.2,2.0,1.4,1.6
2075.0,8.42,7.44,9.41,1.8,1.5,1.8
2075.25,9.83,7.17,9.38,2.0,1.6,1.7
2075.5,8.74,4.15,8.38,1.7,1.7,1.9
2075.75,9.57,4.15,8.21,1.9,1.6,1.8
2076.0,4.81,3.6,6.75,1.4,1.3,2.0
2076.25,3.82,3.12,7.01,1.2,1.2,1.7
2076.5,3.03,2.92,7.33,1.3,1.3,1.6
2076.75,1.75,2.65,5.83,1.3,1.4,1.7
2077.0,1.29,2.81,7.59,1.3,1.2,1.6
2077.25,1.71,3.21,7.45,1.4,1.3,1.6
2077.5,3.43,3.77,7.07,1.5,1.5,1.7
2077.75,5.46,5.66,7.26,1.7,1.7,1.9
2078.0,5.38,5.86,8.5,1.5,1.7,1.8
2078.25,5.43,6.1,7.08,1.7,1.8,2.0
2078.5,5.64,5.63,7.58,1.5,1.8,1.9
2078.75,5.46,6.86,7.96,1.7,1.6,2.0
2079.0,5.34,6.9,8.47,1.6,1.7,1.9
2079.25,6.1,6.96,8.99,1.7,1.6,1.8
2079.5,5.5,6.21,7.62,1.7,1.5,2.0
2079.75,5.82,4.2,8.82,1.6,1.7,1.8
2080.0,6.87,3.52,7.2,1.4,1.6,1.9
2080.25,7.76,6.06,8.19,1.5,1.3,1.9
2080.5,8.28,7.13,10.6,1.5,1.3,2.0
2080.75,7.05,7.26,9.46,1.5,1.3,1.8
2081.0,4.7,7.29,8.63,1.5,1.4,1.8
2081.25,4.28,6.79,7.14,1.4,1.3,1.6
2081.5,4.16,5.75,7.32,1.3,0.98,1.5
2081.75,3.73,5.67,7.16,1.3,0.89,1.5
2082.0,3.95,5.66,7.14,1.4,0.98,1.6
2082.25,3.05,5.72,7.49,1.2,0.97,1.5
2082.5,3.49,6.42,6.66,0.95,0.51,1.8
2082.75,3.58,6.35,6.77,1.0,0.7,1.8
2083.0,3.97,8.44,7.23,1.0,0.78,2.0
2083.25,4.11,9.5,7.88,1.2,0.55,2.0
2083.5,5.02,7.94,6.11,1.2,0.67,2.1
2083.75,5.45,5.09,5.17,1.2,0.76,2.3
2084.0,5.35,4.67,5.48,1.3,0.81,2.3
2084.25,5.41,4.55,4.86,1.2,0.87,2.1
2084.5,6.78,4.51,4.89,1.2,0.92,2.1
2084.75,7.7,4.54,4.99,1.2,0.93,2.1
2085.0,7.34,4.49,5.13,1.3,0.96,2.2
2085.25,7.31,4.63,4.7,1.3,0.81,2.1
2085.5,7.36,4.6,4.75,1.2,0.82,2.1
2085.75,7.3,4.51,4.69,1.3,0.87,2.0
2086.0,6.18,2.6,4.27,1.3,0.94,1.9
2086.25,3.94,1.93,3.72,1.3,0.93,1.8
2086.5,3.15,1.5,3.91,1.0,0.79,1.7
2086.75,2.65,1.4,3.36,1.1,0.69,1.7
2087.0,2.66,1.37,3.0,1.1,0.73,1.7
2087.25,2.69,1.34,3.54,1.0,0.74,1.7
2087.5,2.69,1.4,3.34,1.1,0.69,1.6
2087.75,2.73,1.27,3.29,1.0,0.83,1.6
2088.0,2.64,1.23,2.85,1.1,0.87,1.7
2088.25,2.69,1.29,3.5,1.0,0.8,1.7
2088.5,2.61,1.42,2.94,1.1,0.73,1.8
2088.75,2.73,1.35,3.19,0.98,0.74,1.8
2089.0,2.65,1.39,3.14,1.1,0.7,1.8
2089.25,2.66,1.36,3.03,1.1,0.74,1.7
2089.5,2.73,1.34,2.89,1.0,0.77,1.7
2089.75,2.68,1.28,3.24,1.1,0.84,1.8
2090.0,2.71,1.27,3.18,0.98,0.83,1.7
2090.25,2.6,1.25,3.03,1.1,0.85,1.8
2090.5,2.63,1.4,3.22,1.1,0.69,1.8
2090.75,2.69,1.38,3.3,1.0,0.71,1.6
2091.0,2.64,1.34,3.21,1.1,0.75,1.7
2091.25,2.68,1.38,3.24,1.0,0.71,1.6
2091.5,2.62,1.31,3.14,1.1,0.79,1.6
2091.75,2.66,1.25,3.3,1.1,0.85,1.6
2092.0,2.78,1.27,3.52,0.94,0.84,1.7
2092.25,2.68,1.3,3.2,1.0,0.81,1.7
2092.5,2.75,1.35,2.95,0.95,0.75,1.5
2092.75,2.69,1.39,3.46,1.0,0.7,1.7
2093.0,2.72,1.38,3.25,0.99,0.71,1.6
2093.25,2.65,1.36,2.76,1.1,0.72,1.7
2093.5,2.63,1.3,3.02,1.1,0.81,1.8
2093.75,2.64,1.26,3.2,1.1,0.85,1.7
2094.0,2.62,1.24,2.9,1.1,0.87,1.8
2094.25,2.72,1.34,3.04,0.97,0.75,1.7
2094.5,2.6,1.39,2.78,1.1,0.69,1.7
2094.75,2.3,1.01,2.47,0.97,1.0,1.6
2095.0,1.21,0.755,2.72,1.3,1.2,1.5
2095.25,0.981,0.72,2.62,1.3,1.2,1.5
2095.5,0.993,0.619,2.6,1.3,1.3,1.4
2095.75,1.0,1.2,3.03,1.3,1.4,1.6
2096.0,1.67,1.34,4.55,1.3,1.4,1.4
2096.25,2.27,1.36,3.75,1.4,1.3,1.5
2096.5,2.38,1.39,4.01,1.3,1.3,1.5
2096.75,2.4,1.48,3.25,1.4,1.4,1.4
2097.0,2.27,1.12,3.48,1.4,1.3,1.4
2097.25,2.38,1.06,3.4,1.3,1.2,1.4
2097.5,1.3,0.96,2.74,1.3,1.2,1.4
2097.75,0.767,0.643,3.15,1.2,1.2,1.3
2098.0,0.671,0.705,2.98,1.3,1.1,1.4
2098.25,0.668,0.695,3.13,1.3,1.1,1.4
2098.5,0.711,0.588,2.91,1.2,1.3,1.3
2098.75,0.687,0.596,2.94,1.3,1.2,1.5
2099.0,0.659,0.601,2.84,1.3,1.2,1.5
2099.25,0.663,0.641,2.45,1.3,1.2,1.4
2099.5,0.686,0.71,3.18,1.2,1.1,1.5
2099.75,0.697,0.679,3.13,1.2,1.1,1.5
2100.0,0.763,0.65,3.3,1.2,1.2,1.4
2100.25,0.622,0.714,3.24,1.3,1.1,1.4
2100.5,0.719,0.577,2.79,1.2,1.2,1.5
2100.75,0.643,0.528,3.04,1.3,1.3,1.4
2101.0,0.776,0.598,3.34,1.1,1.2,1.4
2101.25,0.627,0.659,3.37,1.3,1.2,1.5
2101.5,0.683,0.671,3.58,1.2,1.2,1.4
2101.75,0.643,0.729,3.65,1.3,1.1,1.5
2102.0,0.731,0.693,3.32,1.2,1.1,1.3
2102.25,0.683,0.628,3.25,1.2,1.2,1.3
2102.5,0.718,0.574,3.41,1.2,1.2,1.3
2102.75,0.658,0.61,3.52,1.3,1.2,1.4
2103.0,0.765,0.559,3.27,1.1,1.3,1.4
2103.25,0.745,0.698,3.18,1.1,1.1,1.3
2103.5,0.765,0.685,3.57,1.1,1.1,1.4
2103.75,0.714,0.642,3.03,1.2,1.1,1.4
2104.0,0.771,0.679,3.21,1.1,1.1,1.3
2104.25,0.757,0.694,3.29,1.1,1.1,1.3
2104.5,0.756,0.552,2.99,1.1,1.3,1.4
2104.75,0.627,0.602,3.15,1.3,1.2,1.5
2105.0,0.737,0.599,3.09,1.2,1.2,1.3
2105.25,0.737,0.656,3.47,1.2,1.1,1.4
2105.5,0.704,0.697,3.18,1.2,1.1,1.5
2105.75,0.869,0.684,3.27,1.3,1.1,1.5
2106.0,0.976,0.642,3.23,1.3,1.1,1.3
2106.25,1.25,0.724,3.31,1.2,1.1,1.4
2106.5,1.85,0.873,3.49,1.1,1.2,1.4
2106.75,2.38,1.37,3.69,1.0,0.56,1.7
2107.0,2.57,1.39,3.31,0.91,0.67,1.7
2107.25,2.47,1.35,3.4,0.98,0.64,1.6
2107.5,2.51,1.28,3.61,0.91,0.68,1.6
2107.75,2.46,1.29,3.41,1.0,0.68,1.6
2108.0,2.52,1.26,3.66,0.97,0.73,1.7
2108.25,2.5,1.17,3.55,1.0,0.83,1.5
2108.5,2.61,1.2,3.7,0.91,0.8,1.6
2108.75,2.47,1.29,3.6,1.1,0.71,1.7
2109.0,2.55,1.3,3.17,0.97,0.69,1.7
2109.25,2.48,1.27,3.34,1.1,0.71,1.6
2109.5,2.62,1.33,3.4,0.89,0.65,1.7
2109.75,2.5,1.31,3.4,1.0,0.69,1.7
2110.0,2.52,1.23,3.41,1.0,0.76,1.6
2110.25,2.55,1.21,3.16,1.0,0.8,1.7
2110.5,2.56,1.17,3.44,1.0,0.85,1.8
2110.75,2.51,1.27,2.99,1.1,0.75,1.7
2111.0,2.63,1.32,3.37,0.95,0.68,1.6
2111.25,2.59,1.29,3.58,0.99,0.71,1.7
2111.5,2.67,1.27,3.13,0.87,0.73,1.8
2111.75,2.61,1.34,3.13,0.94,0.65,1.7
2112.0,2.58,1.2,2.85,1.0,0.82,1.7
2112.25,2.56,1.18,3.21,1.0,0.85,1.8
2112.5,2.55,1.22,3.45,1.0,0.8,1.8
2112.75,2.62,1.27,3.13,0.95,0.74,1.7
2113.0,2.53,1.3,3.29,1.1,0.7,1.7
2113.25,2.6,1.33,3.28,1.0,0.68,1.6
2113.5,2.56,1.28,3.06,1.1,0.74,1.7
2113.75,2.64,1.27,3.36,0.94,0.73,1.7
2114.0,2.48,1.23,3.09,1.1,0.78,1.6
2114.25,2.58,1.2,3.67,1.0,0.82,1.7
2114.5,2.56,1.21,3.14,1.0,0.81,1.7
2114.75,2.59,1.29,3.09,0.99,0.72,1.7
2115.0,2.6,1.28,3.37,0.97,0.73,1.6
2115.25,2.53,1.31,3.2,1.1,0.7,1.8
2115.5,2.62,1.33,3.53,1.0,0.68,1.7
2115.75,2.63,1.2,3.35,0.99,0.82,1.7
2116.0,2.57,1.2,3.19,1.1,0.82,1.7
2116.25,2.59,1.21,3.35,1.0,0.82,1.7
2116.5,2.58,1.22,3.29,1.1,0.82,1.7
2116.75,2.64,1.33,3.17,0.99,0.68,1.7
2117.0,2.56,1.33,2.77,1.1,0.68,1.8
2117.25,2.61,1.27,3.46,1.0,0.75,1.7
2117.5,2.55,1.3,3.11,1.1,0.71,1.7
2117.75,2.69,1.23,2.58,0.93,0.82,1.8
2118.0,2.65,1.18,3.09,0.99,0.87,1.8
2118.25,2.68,1.23,3.15,0.92,0.81,1.7
2118.5,2.5,1.22,3.11,0.95,0.67,1.4
2118.75,2.23,0.733,2.83,0.89,1.1,1.5
2119.0,1.44,0.573,3.0,1.3,1.1,1.4
2119.25,0.986,0.573,3.0,1.4,1.1,1.3
2119.5,0.961,0.536,2.48,1.4,1.2,1.4
2119.75,1.03,0.467,2.69,1.3,1.3,1.5
2120.0,0.971,0.451,2.89,1.4,1.3,1.3
2120.25,1.04,0.447,2.76,1.3,1.3,1.3
2120.5,0.708,0.589,2.63,1.4,1.1,1.4
2120.75,0.737,0.549,3.21,1.3,1.2,1.4
2121.0,0.755,0.559,2.95,1.3,1.1,1.4
2121.25,0.716,0.645,3.16,1.2,1.2,1.5
2121.5,0.642,0.59,2.97,1.3,1.2,1.5
2121.75,0.718,0.543,2.73,1.2,1.2,1.4
2122.0,0.622,0.582,3.21,1.3,1.1,1.5
2122.25,0.78,0.548,2.36,1.1,1.1,1.5
2122.5,0.659,0.535,3.05,1.3,1.2,1.5
2122.75,0.704,0.538,2.72,1.3,1.2,1.5
2123.0,0.718,0.417,2.98,1.3,1.3,1.4
2123.25,0.726,0.432,3.09,1.2,1.3,1.5
2123.5,0.679,0.543,3.35,1.3,1.2,1.4
2123.75,0.671,0.559,3.11,1.3,1.1,1.4
2124.0,0.658,0.568,3.01,1.3,1.1,1.4
2124.25,0.727,0.546,2.97,1.2,1.1,1.3
2124.5,0.72,0.538,3.36,1.2,1.1,1.4
2124.75,0.654,0.494,3.36,1.3,1.2,1.4
2125.0,0.714,0.474,3.36,1.2,1.2,1.3
2125.25,0.719,0.425,3.55,1.2,1.3,1.3
2125.5,0.768,0.553,3.58,1.1,1.1,1.4
2125.75,0.781,0.592,3.72,1.1,1.1,1.3
2126.0,0.684,0.551,3.48,1.2,1.1,1.3
2126.25,0.728,0.552,3.39,1.2,1.1,1.5
2126.5,0.718,0.593,3.38,1.2,1.1,1.5
2126.75,0.725,0.451,3.44,1.2,1.2,1.4
2127.0,0.654,0.476,2.93,1.3,1.2,1.5
2127.25,0.673,0.463,3.41,1.2,1.2,1.4
2127.5,0.684,0.512,3.49,1.2,1.2,1.4
2127.75,0.741,0.553,3.33,1.1,1.1,1.5
2128.0,0.627,0.571,3.39,1.3,1.1,1.5
2128.25,0.738,0.553,2.75,1.2,1.1,1.4
2128.5,0.715,0.552,3.33,1.2,1.1,1.4
2128.75,0.74,0.555,3.42,1.2,1.1,1.5
2129.0,0.674,0.443,3.51,1.2,1.2,1.4
2129.25,0.699,0.479,3.24,1.2,1.2,1.3
2129.5,0.851,0.531,3.53,1.3,1.1,1.3
2129.75,1.1,0.52,3.03,1.2,1.1,1.3
2130.0,0.94,0.56,3.45,1.4,1.1,1.3
2130.25,1.11,0.614,3.22,1.3,1.1,1.4
2130.5,1.78,0.69,3.01,1.2,1.2,1.5
2130.75,2.5,1.32,4.04,0.82,0.63,1.5
2131.0,2.51,1.13,3.96,0.92,0.83,1.5
2131.25,2.47,1.15,3.57,0.93,0.81,1.6
2131.5,2.52,1.21,3.38,0.91,0.75,1.6
2131.75,2.57,1.3,3.5,0.84,0.65,1.6
2132.0,2.5,1.26,3.36,0.94,0.69,1.7
2132.25,2.57,1.27,3.5,0.88,0.68,1.7
2132.5,2.49,1.3,3.53,1.0,0.66,1.7
2132.75,0.0,0.0,0.0,0.0,0.0,0.0
2133.0,2.53,1.25,3.37,0.96,0.7,1.7
2133.25,2.45,1.17,3.34,1.1,0.82,1.6
2133.5,2.5,1.14,3.63,1.0,0.84,1.7
2133.75,2.57,1.3,3.55,0.94,0.68,1.7
2134.0,2.57,1.27,3.65,0.97,0.73,1.8
2134.25,2.46,1.26,3.62,1.1,0.73,1.8
2134.5,2.55,1.35,3.77,0.98,0.63,1.7
2134.75,2.54,1.26,3.51,1.0,0.73,1.6
2135.0,2.55,1.2,3.4,1.0,0.82,1.7
2135.25,2.59,1.21,3.81,1.1,0.81,1.7
2135.5,2.56,1.21,3.56,1.1,0.81,1.6
2135.75,2.63,1.28,3.52,0.98,0.75,1.5
2136.0,2.57,1.31,3.6,1.0,0.69,1.6
2136.25,2.51,1.31,3.33,1.1,0.68,1.6
2136.5,2.59,1.27,3.59,0.97,0.71,1.6
2136.75,2.56,1.31,3.18,1.0,0.68,1.7
2137.0,2.59,1.23,3.55,0.99,0.79,1.7
2137.25,2.52,1.17,3.47,1.1,0.85,1.7
2137.5,2.57,1.19,3.25,1.1,0.82,1.7
2137.75,2.66,1.27,3.31,1.0,0.76,1.8
2138.0,2.68,1.3,3.51,0.94,0.72,1.8
2138.25,2.63,1.32,3.68,0.98,0.69,1.8
2138.5,2.73,1.37,3.75,0.88,0.64,1.7
2138.75,2.65,1.28,3.42,0.99,0.73,1.8
2139.0,2.65,1.21,3.25,0.94,0.78,1.7
2139.25,2.52,1.2,3.26,1.1,0.81,1.7
2139.5,2.57,1.16,3.66,1.0,0.85,1.7
2139.75,2.55,1.31,3.19,1.1,0.69,1.7
2140.0,2.59,1.3,3.44,0.93,0.67,1.6
2140.25,2.47,1.27,3.54,1.1,0.7,1.7
2140.5,2.54,1.33,3.41,1.0,0.63,1.7
2140.75,2.56,1.33,3.85,1.0,0.64,1.5
2141.0,2.58,1.2,3.08,0.95,0.78,1.6
2141.25,2.48,1.2,3.0,1.1,0.79,1.7
2141.5,2.47,1.18,3.25,1.1,0.83,1.7
2141.75,2.63,1.26,3.31,0.93,0.73,1.6
2142.0,2.56,1.3,3.7,0.99,0.66,1.7
2142.25,2.54,1.27,2.98,0.97,0.69,1.6
2142.5,2.36,1.19,3.47,1.0,0.73,1.5
2142.75,1.47,0.609,3.22,1.1,1.1,1.5
2143.0,2.09,2.9,4.21,1.5,1.4,1.7
2143.25,3.93,4.76,6.61,1.7,1.1,1.5
2143.5,4.87,5.72,7.13,1.9,0.88,1.7
2143.75,4.84,8.76,7.58,1.8,1.0,1.9
2144.0,4.54,9.48,10.1,1.7,1.1,1.8
2144.25,5.77,10.6,8.22,1.7,1.1,1.7
2144.5,9.81,9.84,9.61,1.7,0.91,1.7
2144.75,9.99,10.5,12.5,1.7,0.85,1.8
2145.0,9.1,9.91,13.4,1.7,0.88,1.9
2145.25,9.6,8.49,13.1,1.7,0.87,1.8
2145.5,12.4,10.8,14.1,1.9,0.93,1.9
2145.75,10.7,12.0,15.2,1.7,1.0,1.9
2146.0,11.5,14.6,17.9,1.6,1.2,1.7
2146.25,12.1,13.0,18.4,1.8,1.1,1.8
2146.5,12.7,10.3,18.6,1.8,0.86,1.7
2146.75,12.6,10.8,18.2,1.8,0.83,1.6
2147.0,12.8,12.4,18.0,1.8,1.0,1.8
2147.25,10.6,13.7,18.0,1.7,1.2,1.7
2147.5,10.6,11.7,16.4,1.9,1.1,1.6
2147.75,10.9,9.21,15.7,2.0,0.78,1.6
2148.0,8.83,5.72,11.4,1.7,1.2,1.6
2148.25,8.31,4.47,9.46,1.7,1.1,1.5
2148.5,7.93,3.28,9.74,1.6,1.1,1.5
2148.75,7.38,4.61,9.06,1.8,1.3,1.5
2149.0,8.29,5.01,10.5,1.8,0.86,1.4
2149.25,8.82,5.98,12.1,1.7,0.52,1.6
2149.5,9.76,6.1,11.9,1.8,1.2,1.6
2149.75,9.6,6.22,13.0,2.0,1.3,1.5
2150.0,9.67,5.88,13.6,2.0,1.4,1.8
2150.25,9.79,6.1,13.9,2.0,1.4,1.6
2150.5,10.6,7.44,13.8,1.8,1.2,1.6
2150.75,11.6,7.8,14.3,2.1,1.3,1.6
2151.0,10.1,7.04,14.3,1.9,1.2,1.7
2151.25,11.3,7.93,14.0,2.1,1.3,1.6
2151.5,9.83,7.3,15.0,2.0,1.5,1.6
2151.75,7.93,7.25,14.3,2.0,1.4,1.5
2152.0,8.48,7.07,12.9,2.1,1.4,1.5
2152.25,7.64,6.97,12.7,2.1,1.4,1.3
2152.5,9.25,6.07,11.1,1.9,1.1,1.5
2152.75,7.34,6.17,11.2,1.9,1.3,1.4
2153.0,5.81,3.82,8.93,1.7,1.5,1.3
2153.25,5.74,2.02,7.29,1.6,1.4,1.6
2153.5,4.58,0.976,7.12,1.4,1.5,1.6
2153.75,4.47,1.74,6.35,1.4,1.6,1.6
2154.0,3.38,1.74,7.15,1.4,1.6,1.4
2154.25,3.72,1.8,6.57,1.5,1.6,1.5
2154.5,4.7,2.28,6.98,1.1,1.3,1.5
2154.75,6.39,2.52,8.02,0.84,1.1,1.6
2155.0,7.31,3.31,8.7,0.94,1.2,1.5
2155.25,8.27,5.03,10.7,1.0,1.3,1.4
2155.5,7.39,5.45,10.3,1.0,1.3,1.4
2155.75,8.45,5.39,10.5,0.9,1.3,1.3
2156.0,7.92,5.76,10.4,1.0,1.2,1.3
2156.25,8.36,6.17,9.06,0.94,1.1,1.6
2156.5,8.43,6.2,8.95,1.0,1.0,1.5
2156.75,8.59,6.15,10.5,1.0,1.1,1.2
2157.0,8.77,5.94,10.2,1.0,1.1,1.3
2157.25,8.5,4.61,8.33,1.2,1.2,1.5
2157.5,6.98,4.35,7.18,1.2,1.3,1.6
2157.75,7.61,3.24,5.66,1.2,1.2,2.0
2158.0,6.65,2.5,5.35,0.96,1.0,2.0
2158.25,4.16,1.7,4.51,1.0,0.88,1.9
2158.5,3.66,1.47,3.46,0.99,0.81,1.7
2158.75,2.69,1.32,2.9,1.1,0.77,1.7
2159.0,2.72,1.3,3.41,1.0,0.79,1.7
2159.25,2.7,1.29,3.1,1.0,0.8,1.7
2159.5,2.69,1.25,3.3,1.0,0.87,1.7
2159.75,2.69,1.23,3.11,1.1,0.89,1.7
