Hora_decimal,P fase A,P fase B,P fase C,Q fase A,Q fase B,Q fase C
5088.0,10.8,13.7,12.7,0.905,0.591,1.02
5088.25,14.8,15.0,11.9,1.55,0.408,0.821
5088.5,10.0,16.8,17.2,0.939,1.09,3.33
5088.75,9.82,13.3,14.4,1.54,0.999,2.36
5089.0,8.06,12.8,11.1,1.22,0.927,1.06
5089.25,7.68,14.5,15.3,1.11,1.04,0.68
5089.5,8.39,16.4,15.1,1.58,1.0,0.53
5089.75,7.51,16.8,7.65,1.33,1.07,0.931
5090.0,7.28,16.2,6.44,1.39,0.935,1.27
5090.25,7.74,14.9,6.83,1.38,0.624,1.75
5090.5,7.2,14.8,6.75,0.998,0.766,1.51
5090.75,6.89,13.0,6.66,1.12,0.838,1.54
5091.0,6.2,12.8,6.38,0.892,0.679,1.21
5091.25,6.96,13.0,5.77,1.31,0.59,0.434
5091.5,6.44,13.2,5.94,0.909,0.847,0.617
5091.75,6.51,13.1,6.41,0.914,0.869,1.2
5092.0,6.54,13.1,6.39,0.753,0.875,1.2
5092.25,6.52,12.9,6.61,0.785,0.732,1.32
5092.5,6.56,12.3,6.54,0.703,0.657,1.38
5092.75,6.87,12.0,6.94,1.23,0.843,1.79
5093.0,6.44,12.7,6.96,0.819,0.615,1.88
5093.25,6.26,12.4,6.35,0.831,0.414,1.25
5093.5,6.9,12.6,6.35,1.48,0.763,1.39
5093.75,6.79,12.7,6.3,1.01,0.844,1.37
5094.0,6.05,12.7,6.3,0.83,0.929,1.3
5094.25,8.01,10.5,6.08,1.21,0.595,1.03
5094.5,11.9,10.9,8.37,0.888,0.669,1.31
5094.75,7.94,11.5,6.78,1.14,0.57,1.24
5095.0,8.16,11.2,10.5,0.968,0.923,1.47
5095.25,7.6,9.61,8.15,1.02,1.08,1.18
5095.5,7.59,9.37,9.83,1.22,0.984,1.37
5095.75,6.86,8.59,5.76,1.13,0.668,1.06
5096.0,5.53,8.6,4.87,1.81,0.697,1.34
5096.25,4.4,9.45,12.0,1.08,0.493,1.13
5096.5,4.83,9.39,6.48,1.34,0.553,1.49
5096.75,4.59,10.7,5.73,1.57,0.15,1.34
5097.0,5.14,9.79,5.24,1.16,0.42,1.18
5097.25,11.2,9.05,8.24,1.19,0.564,1.35
5097.5,8.63,16.4,8.06,1.38,1.17,1.29
5097.75,7.36,15.4,7.87,1.19,2.54,0.877
5098.0,10.4,20.3,12.8,1.1,2.47,1.2
5098.25,12.2,11.8,10.7,1.23,0.873,1.33
5098.5,12.9,9.61,8.82,1.25,0.92,0.855
5098.75,26.5,11.0,12.0,3.95,0.565,1.48
5099.0,15.5,9.78,10.4,1.41,1.15,1.33
5099.25,8.56,9.82,8.85,1.01,1.4,0.889
5099.5,10.2,8.66,9.72,1.43,1.34,1.68
5099.75,7.88,10.2,7.56,0.792,0.477,1.68
5100.0,7.71,9.54,14.5,0.848,0.465,2.96
5100.25,7.31,9.13,18.5,0.835,0.313,2.14
5100.5,10.5,8.09,10.2,1.22,0.852,1.51
5100.75,24.6,11.9,7.57,1.24,0.73,1.46
5101.0,15.0,9.05,7.52,1.24,0.595,1.11
5101.25,10.1,11.2,9.59,0.96,0.68,1.15
5101.5,12.0,9.02,7.11,0.997,0.447,1.43
5101.75,11.9,10.9,5.94,0.923,0.97,1.07
5102.0,9.82,10.2,5.95,1.25,0.529,1.29
5102.25,0.0,0.0,0.0,0.0,0.0,0.0
5102.5,7.52,9.11,5.73,1.48,0.105,1.18
5102.75,0.0,0.0,0.0,0.0,0.0,0.0
5103.0,9.57,10.3,13.7,1.52,1.18,2.59
5103.25,11.0,9.14,14.6,1.57,1.07,3.31
5103.5,9.64,19.7,13.7,1.09,2.01,1.61
5103.75,18.2,8.95,7.46,1.69,1.11,1.41
5104.0,12.9,9.01,14.6,1.07,0.734,1.65
5104.25,14.7,7.36,9.85,2.53,0.81,1.52
5104.5,7.3,14.3,4.44,1.59,0.654,1.05
5104.75,17.4,17.3,8.68,1.79,1.17,1.53
5105.0,6.7,14.4,13.6,1.33,2.15,2.02
5105.25,5.49,8.65,16.4,1.42,0.351,2.63
5105.5,5.79,12.8,13.3,1.3,0.16,1.95
5105.75,5.59,18.2,12.4,1.05,0.629,1.52
5106.0,5.3,15.4,9.69,1.3,1.79,1.53
5106.25,4.41,19.0,5.27,1.28,1.08,1.51
5106.5,5.67,18.9,4.15,1.42,1.26,1.15
5106.75,7.82,9.15,13.9,1.22,0.925,1.84
5107.0,15.4,9.46,12.2,1.78,1.43,2.26
5107.25,16.4,10.0,8.47,2.07,0.432,1.11
5107.5,17.3,10.8,18.0,1.74,0.885,3.25
5107.75,13.0,20.0,10.3,1.49,0.9,1.32
5108.0,14.3,15.1,17.1,1.36,1.36,1.6
5108.25,10.7,13.2,17.4,0.866,0.839,2.19
5108.5,9.2,9.95,20.5,1.21,0.42,2.72
5108.75,8.04,17.5,18.7,0.7,2.08,2.03
5109.0,7.7,18.6,21.4,0.78,0.815,1.36
5109.25,8.64,15.6,8.87,1.42,1.04,1.54
5109.5,9.03,9.3,5.67,0.96,0.44,1.97
5109.75,11.1,11.6,11.6,0.56,0.69,3.21
5110.0,22.3,9.72,21.1,0.97,1.0,3.33
5110.25,23.0,10.5,23.1,1.3,0.89,3.42
5110.5,16.0,10.8,7.12,1.24,0.372,2.01
5110.75,7.8,9.58,6.25,0.87,0.22,1.76
5111.0,0.0,0.0,0.0,0.0,0.0,0.0
5111.25,11.7,14.6,5.7,2.58,1.21,1.35
5111.5,24.1,15.7,8.07,3.09,0.968,1.56
5111.75,14.3,9.29,9.7,3.28,1.38,1.83
5112.0,6.31,7.7,9.19,1.33,1.25,1.47
5112.25,0.0,0.0,0.0,0.0,0.0,0.0
5112.5,5.17,6.02,8.12,1.56,0.875,2.36
5112.75,4.99,11.5,7.61,1.29,0.45,1.79
5113.0,4.7,8.98,11.0,1.31,0.747,1.92
5113.25,7.62,5.79,17.2,1.64,0.86,2.11
5113.5,4.55,5.59,14.0,1.6,0.67,2.32
5113.75,7.09,5.18,7.51,1.19,0.34,1.54
5114.0,5.43,5.71,4.99,1.28,1.02,1.79
5114.25,6.09,5.65,4.94,0.83,0.9,1.54
5114.5,0.0,0.0,0.0,0.0,0.0,0.0
5114.75,5.57,5.73,4.76,1.91,1.01,1.88
5115.0,5.7,5.95,4.41,1.4,1.39,1.39
5115.25,4.13,5.57,4.68,1.47,0.695,1.78
5115.5,0.0,0.0,0.0,0.0,0.0,0.0
5115.75,3.31,5.01,4.32,0.94,0.86,1.44
5116.0,0.0,0.0,0.0,0.0,0.0,0.0
5116.25,3.0,5.01,4.97,0.605,0.995,2.23
5116.5,3.29,4.62,5.51,1.01,0.72,2.89
5116.75,0.0,0.0,0.0,0.0,0.0,0.0
5117.0,4.59,4.54,4.64,1.66,1.21,1.9
5117.25,3.3,4.65,4.49,1.03,1.12,1.66
5117.5,3.54,3.5,3.95,1.16,0.847,1.06
5117.75,4.37,3.63,4.26,1.94,0.935,1.47
5118.0,3.46,8.31,8.2,1.16,0.453,1.72
5118.25,3.46,3.57,4.42,1.24,0.705,1.56
5118.5,3.33,3.86,4.8,1.07,1.11,2.16
5118.75,3.63,3.74,4.44,1.47,0.982,1.65
5119.0,3.95,3.67,4.38,1.72,0.863,1.62
5119.25,5.67,3.87,4.86,1.15,1.07,2.04
5119.5,5.17,3.75,4.77,1.12,0.95,1.99
5119.75,3.63,4.5,4.64,1.19,0.89,1.78
5120.0,2.42,3.96,4.48,0.977,1.23,1.68
5120.25,11.1,5.52,4.22,1.72,1.17,1.25
5120.5,0.0,0.0,0.0,0.0,0.0,0.0
5120.75,0.0,0.0,0.0,0.0,0.0,0.0
5121.0,0.0,0.0,0.0,0.0,0.0,0.0
5121.25,0.0,0.0,0.0,0.0,0.0,0.0
5121.5,0.0,0.0,0.0,0.0,0.0,0.0
5121.75,3.9,7.97,5.5,1.28,1.16,1.59
5122.0,3.97,5.53,7.59,1.22,1.0,2.46
5122.25,7.54,4.56,8.4,2.97,0.933,1.26
5122.5,6.92,3.4,3.34,2.46,1.08,1.7
5122.75,7.08,6.29,3.27,1.56,1.01,1.53
5123.0,9.41,4.2,4.49,1.46,0.585,1.88
5123.25,10.3,6.88,4.89,1.69,0.83,1.46
5123.5,5.72,7.53,4.97,1.88,1.06,1.32
5123.75,13.8,7.52,3.66,2.14,1.13,0.99
5124.0,5.09,8.25,8.91,1.34,0.99,1.53
5124.25,7.02,7.96,11.5,1.37,1.27,2.06
5124.5,0.0,0.0,0.0,0.0,0.0,0.0
5124.75,14.3,5.44,18.4,1.98,0.79,3.44
5125.0,0.0,0.0,0.0,0.0,0.0,0.0
5125.25,10.1,17.2,19.0,3.21,1.72,2.55
5125.5,9.87,10.6,14.0,3.04,1.37,2.81
5125.75,11.8,7.11,14.6,3.46,1.44,3.66
5126.0,0.0,0.0,0.0,0.0,0.0,0.0
5126.25,5.58,8.27,12.5,1.18,1.41,2.14
5126.5,5.49,8.6,6.24,1.26,1.48,2.09
5126.75,7.03,24.7,6.47,0.725,4.1,2.58
5127.0,6.29,14.4,13.4,1.26,1.13,3.36
5127.25,0.0,0.0,0.0,0.0,0.0,0.0
5127.5,9.44,10.6,17.8,1.4,1.17,2.58
5127.75,0.0,0.0,0.0,0.0,0.0,0.0
5128.0,16.2,11.5,7.68,2.08,0.86,2.94
5128.25,10.4,18.5,4.3,2.57,0.745,1.93
5128.5,15.4,11.4,4.28,1.89,0.835,1.97
5128.75,14.6,12.5,5.02,1.91,0.993,2.6
5129.0,12.6,12.1,7.72,1.89,1.33,2.03
5129.25,9.29,13.0,4.04,1.66,4.71,1.9
5129.5,0.0,0.0,0.0,0.0,0.0,0.0
5129.75,13.7,3.39,18.7,3.0,0.94,1.79
5130.0,0.0,0.0,0.0,0.0,0.0,0.0
5130.25,0.0,0.0,0.0,0.0,0.0,0.0
5130.5,0.0,0.0,0.0,0.0,0.0,0.0
5130.75,10.8,8.04,12.2,3.13,0.39,1.98
5131.0,10.5,11.5,11.3,1.37,3.03,3.77
5131.25,14.4,6.65,20.6,3.03,1.16,6.67
5131.5,12.9,9.01,11.5,3.65,1.18,3.66
5131.75,0.0,0.0,0.0,0.0,0.0,0.0
5132.0,0.0,0.0,0.0,0.0,0.0,0.0
5132.25,0.0,0.0,0.0,0.0,0.0,0.0
5132.5,5.02,13.4,15.5,0.77,1.79,1.97
5132.75,0.0,0.0,0.0,0.0,0.0,0.0
5133.0,7.37,17.5,14.3,1.58,1.35,2.03
5133.25,7.82,8.98,12.5,1.31,1.38,2.55
5133.5,7.75,6.37,16.4,1.6,0.938,1.89
5133.75,0.0,0.0,0.0,0.0,0.0,0.0
5134.0,0.0,0.0,0.0,0.0,0.0,0.0
5134.25,6.14,6.49,14.2,0.94,0.55,2.09
5134.5,6.64,10.6,14.4,1.51,0.81,2.79
5134.75,0.0,0.0,0.0,0.0,0.0,0.0
5135.0,0.0,0.0,0.0,0.0,0.0,0.0
5135.25,0.0,0.0,0.0,0.0,0.0,0.0
5135.5,0.0,0.0,0.0,0.0,0.0,0.0
5135.75,0.0,0.0,0.0,0.0,0.0,0.0
5136.0,12.2,11.3,6.61,1.81,0.92,1.33
5136.25,0.0,0.0,0.0,0.0,0.0,0.0
5136.5,0.0,0.0,0.0,0.0,0.0,0.0
5136.75,0.0,0.0,0.0,0.0,0.0,0.0
5137.0,0.0,0.0,0.0,0.0,0.0,0.0
5137.25,0.0,0.0,0.0,0.0,0.0,0.0
5137.5,0.0,0.0,0.0,0.0,0.0,0.0
5137.75,0.0,0.0,0.0,0.0,0.0,0.0
5138.0,0.0,0.0,0.0,0.0,0.0,0.0
5138.25,0.0,0.0,0.0,0.0,0.0,0.0
5138.5,4.45,5.43,4.2,1.0,0.33,1.95
5138.75,0.0,0.0,0.0,0.0,0.0,0.0
5139.0,0.0,0.0,0.0,0.0,0.0,0.0
5139.25,0.0,0.0,0.0,0.0,0.0,0.0
5139.5,0.0,0.0,0.0,0.0,0.0,0.0
5139.75,0.0,0.0,0.0,0.0,0.0,0.0
5140.0,0.0,0.0,0.0,0.0,0.0,0.0
5140.25,0.0,0.0,0.0,0.0,0.0,0.0
5140.5,3.44,3.82,3.52,1.15,0.6,1.64
5140.75,0.0,0.0,0.0,0.0,0.0,0.0
5141.0,0.0,0.0,0.0,0.0,0.0,0.0
5141.25,0.0,0.0,0.0,0.0,0.0,0.0
5141.5,0.0,0.0,0.0,0.0,0.0,0.0
5141.75,0.0,0.0,0.0,0.0,0.0,0.0
5142.0,0.0,0.0,0.0,0.0,0.0,0.0
5142.25,3.61,4.13,4.08,1.35,1.28,2.38
5142.5,0.0,0.0,0.0,0.0,0.0,0.0
5142.75,0.0,0.0,0.0,0.0,0.0,0.0
5143.0,0.0,0.0,0.0,0.0,0.0,0.0
5143.25,0.0,0.0,0.0,0.0,0.0,0.0
5143.5,0.0,0.0,0.0,0.0,0.0,0.0
5143.75,0.0,0.0,0.0,0.0,0.0,0.0
5144.0,0.0,0.0,0.0,0.0,0.0,0.0
5144.25,0.0,0.0,0.0,0.0,0.0,0.0
5144.5,0.0,0.0,0.0,0.0,0.0,0.0
5144.75,0.0,0.0,0.0,0.0,0.0,0.0
5145.0,0.0,0.0,0.0,0.0,0.0,0.0
5145.25,0.0,0.0,0.0,0.0,0.0,0.0
5145.5,0.0,0.0,0.0,0.0,0.0,0.0
5145.75,0.0,0.0,0.0,0.0,0.0,0.0
5146.0,0.0,0.0,0.0,0.0,0.0,0.0
5146.25,0.0,0.0,0.0,0.0,0.0,0.0
5146.5,0.0,0.0,0.0,0.0,0.0,0.0
5146.75,0.0,0.0,0.0,0.0,0.0,0.0
5147.0,0.0,0.0,0.0,0.0,0.0,0.0
5147.25,0.0,0.0,0.0,0.0,0.0,0.0
5147.5,0.0,0.0,0.0,0.0,0.0,0.0
5147.75,20.9,10.2,7.76,4.62,1.14,1.47
5148.0,8.14,10.5,7.98,2.13,0.927,1.67
5148.25,0.0,0.0,0.0,0.0,0.0,0.0
5148.5,0.0,0.0,0.0,0.0,0.0,0.0
5148.75,0.0,0.0,0.0,0.0,0.0,0.0
5149.0,7.92,17.9,17.2,0.96,1.04,2.14
5149.25,0.0,0.0,0.0,0.0,0.0,0.0
5149.5,0.0,0.0,0.0,0.0,0.0,0.0
5149.75,0.0,0.0,0.0,0.0,0.0,0.0
5150.0,0.0,0.0,0.0,0.0,0.0,0.0
5150.25,0.0,0.0,0.0,0.0,0.0,0.0
5150.5,0.0,0.0,0.0,0.0,0.0,0.0
5150.75,0.0,0.0,0.0,0.0,0.0,0.0
5151.0,0.0,0.0,0.0,0.0,0.0,0.0
5151.25,0.0,0.0,0.0,0.0,0.0,0.0
5151.5,0.0,0.0,0.0,0.0,0.0,0.0
5151.75,0.0,0.0,0.0,0.0,0.0,0.0
5152.0,0.0,0.0,0.0,0.0,0.0,0.0
5152.25,0.0,0.0,0.0,0.0,0.0,0.0
5152.5,0.0,0.0,0.0,0.0,0.0,0.0
5152.75,0.0,0.0,0.0,0.0,0.0,0.0
5153.0,0.0,0.0,0.0,0.0,0.0,0.0
5153.25,0.0,0.0,0.0,0.0,0.0,0.0
5153.5,0.0,0.0,0.0,0.0,0.0,0.0
5153.75,0.0,0.0,0.0,0.0,0.0,0.0
5154.0,0.0,0.0,0.0,0.0,0.0,0.0
5154.25,0.0,0.0,0.0,0.0,0.0,0.0
5154.5,0.0,0.0,0.0,0.0,0.0,0.0
5154.75,0.0,0.0,0.0,0.0,0.0,0.0
5155.0,0.0,0.0,0.0,0.0,0.0,0.0
5155.25,0.0,0.0,0.0,0.0,0.0,0.0
5155.5,0.0,0.0,0.0,0.0,0.0,0.0
5155.75,0.0,0.0,0.0,0.0,0.0,0.0
5156.0,0.0,0.0,0.0,0.0,0.0,0.0
5156.25,0.0,0.0,0.0,0.0,0.0,0.0
5156.5,0.0,0.0,0.0,0.0,0.0,0.0
5156.75,0.0,0.0,0.0,0.0,0.0,0.0
5157.0,0.0,0.0,0.0,0.0,0.0,0.0
5157.25,0.0,0.0,0.0,0.0,0.0,0.0
5157.5,0.0,0.0,0.0,0.0,0.0,0.0
5157.75,0.0,0.0,0.0,0.0,0.0,0.0
5158.0,0.0,0.0,0.0,0.0,0.0,0.0
5158.25,0.0,0.0,0.0,0.0,0.0,0.0
5158.5,0.0,0.0,0.0,0.0,0.0,0.0
5158.75,0.0,0.0,0.0,0.0,0.0,0.0
5159.0,0.0,0.0,0.0,0.0,0.0,0.0
5159.25,0.0,0.0,0.0,0.0,0.0,0.0
5159.5,0.0,0.0,0.0,0.0,0.0,0.0
5159.75,0.0,0.0,0.0,0.0,0.0,0.0
5160.0,0.0,0.0,0.0,0.0,0.0,0.0
5160.25,0.0,0.0,0.0,0.0,0.0,0.0
5160.5,0.0,0.0,0.0,0.0,0.0,0.0
5160.75,14.8,20.3,6.88,1.07,1.19,1.86
5161.0,12.8,19.1,6.26,0.675,0.535,1.7
5161.25,13.7,22.5,6.19,1.38,0.92,1.6
5161.5,11.5,9.65,6.06,1.24,0.606,1.47
5161.75,11.1,9.36,6.31,1.07,0.864,1.7
5162.0,10.5,7.39,6.03,0.85,0.677,1.66
5162.25,10.5,7.11,5.72,0.91,0.431,1.18
5162.5,14.9,7.5,10.6,1.48,0.809,2.12
5162.75,14.3,7.34,8.39,1.21,0.734,1.99
5163.0,14.8,7.67,7.95,1.58,1.03,1.48
5163.25,13.8,7.72,4.56,1.37,1.15,1.19
5163.5,9.36,8.16,5.38,1.81,0.729,2.06
5163.75,10.0,7.33,4.58,1.97,0.342,1.43
5164.0,8.45,11.8,4.76,1.38,0.768,1.52
5164.25,8.57,7.52,4.92,1.62,0.815,1.73
5164.5,7.83,7.45,4.79,1.55,0.757,1.64
5164.75,7.77,7.34,4.77,1.7,0.737,1.59
5165.0,7.79,7.1,4.13,1.65,0.63,1.23
5165.25,7.97,7.34,5.23,1.06,0.9,1.95
5165.5,7.47,7.32,4.99,1.21,0.87,1.73
5165.75,0.0,0.0,0.0,0.0,0.0,0.0
5166.0,0.0,0.0,0.0,0.0,0.0,0.0
5166.25,7.58,7.37,10.5,1.72,1.11,3.63
5166.5,8.1,15.9,5.34,1.06,0.51,1.4
5166.75,6.09,5.71,10.9,0.81,0.34,1.53
5167.0,0.0,0.0,0.0,0.0,0.0,0.0
5167.25,13.8,15.9,7.36,1.03,0.837,1.9
5167.5,16.4,15.6,5.72,0.9,1.09,1.12
5167.75,7.73,17.3,15.3,1.24,1.15,2.34
5168.0,0.0,0.0,0.0,0.0,0.0,0.0
5168.25,0.0,0.0,0.0,0.0,0.0,0.0
5168.5,0.0,0.0,0.0,0.0,0.0,0.0
5168.75,7.36,10.5,5.78,1.55,0.69,1.18
5169.0,15.5,17.5,10.0,2.46,0.69,1.24
5169.25,6.78,12.5,14.0,0.84,0.48,3.07
5169.5,0.0,0.0,0.0,0.0,0.0,0.0
5169.75,9.03,12.8,13.6,1.1,1.42,1.67
5170.0,0.0,0.0,0.0,0.0,0.0,0.0
5170.25,8.52,11.0,24.2,1.53,0.16,3.51
5170.5,10.9,17.3,16.8,1.59,0.09,2.84
5170.75,7.29,18.3,11.9,1.07,0.55,3.1
5171.0,24.3,9.41,10.2,3.69,0.37,1.73
5171.25,10.9,15.1,24.5,1.77,0.59,0.9
5171.5,10.7,14.5,10.9,1.65,2.03,1.1
5171.75,8.58,9.93,6.93,1.16,0.32,1.18
5172.0,0.0,0.0,0.0,0.0,0.0,0.0
5172.25,9.09,11.4,13.0,0.98,0.7,3.06
5172.5,0.0,0.0,0.0,0.0,0.0,0.0
5172.75,0.0,0.0,0.0,0.0,0.0,0.0
5173.0,0.0,0.0,0.0,0.0,0.0,0.0
5173.25,0.0,0.0,0.0,0.0,0.0,0.0
5173.5,0.0,0.0,0.0,0.0,0.0,0.0
5173.75,10.9,15.1,5.01,1.04,0.21,1.42
5174.0,0.0,0.0,0.0,0.0,0.0,0.0
5174.25,0.0,0.0,0.0,0.0,0.0,0.0
5174.5,19.1,8.53,8.7,2.07,0.53,1.55
5174.75,22.5,10.7,8.42,2.96,0.48,1.17
5175.0,13.0,25.0,8.77,1.12,3.02,0.91
5175.25,10.9,19.6,7.72,0.77,0.59,1.45
5175.5,0.0,0.0,0.0,0.0,0.0,0.0
5175.75,0.0,0.0,0.0,0.0,0.0,0.0
5176.0,0.0,0.0,0.0,0.0,0.0,0.0
5176.25,0.0,0.0,0.0,0.0,0.0,0.0
5176.5,0.0,0.0,0.0,0.0,0.0,0.0
5176.75,0.0,0.0,0.0,0.0,0.0,0.0
5177.0,0.0,0.0,0.0,0.0,0.0,0.0
5177.25,0.0,0.0,0.0,0.0,0.0,0.0
5177.5,0.0,0.0,0.0,0.0,0.0,0.0
5177.75,0.0,0.0,0.0,0.0,0.0,0.0
5178.0,0.0,0.0,0.0,0.0,0.0,0.0
5178.25,0.0,0.0,0.0,0.0,0.0,0.0
5178.5,0.0,0.0,0.0,0.0,0.0,0.0
5178.75,0.0,0.0,0.0,0.0,0.0,0.0
5179.0,0.0,0.0,0.0,0.0,0.0,0.0
5179.25,0.0,0.0,0.0,0.0,0.0,0.0
5179.5,0.0,0.0,0.0,0.0,0.0,0.0
5179.75,0.0,0.0,0.0,0.0,0.0,0.0
5180.0,0.0,0.0,0.0,0.0,0.0,0.0
5180.25,0.0,0.0,0.0,0.0,0.0,0.0
5180.5,0.0,0.0,0.0,0.0,0.0,0.0
5180.75,0.0,0.0,0.0,0.0,0.0,0.0
5181.0,0.0,0.0,0.0,0.0,0.0,0.0
5181.25,0.0,0.0,0.0,0.0,0.0,0.0
5181.5,0.0,0.0,0.0,0.0,0.0,0.0
5181.75,0.0,0.0,0.0,0.0,0.0,0.0
5182.0,0.0,0.0,0.0,0.0,0.0,0.0
5182.25,0.0,0.0,0.0,0.0,0.0,0.0
5182.5,0.0,0.0,0.0,0.0,0.0,0.0
5182.75,18.3,35.0,11.8,1.31,0.57,1.2
5183.0,0.0,0.0,0.0,0.0,0.0,0.0
5183.25,0.0,0.0,0.0,0.0,0.0,0.0
5183.5,0.0,0.0,0.0,0.0,0.0,0.0
5183.75,0.0,0.0,0.0,0.0,0.0,0.0
5184.0,0.0,0.0,0.0,0.0,0.0,0.0
5184.25,0.0,0.0,0.0,0.0,0.0,0.0
5184.5,0.0,0.0,0.0,0.0,0.0,0.0
5184.75,0.0,0.0,0.0,0.0,0.0,0.0
5185.0,0.0,0.0,0.0,0.0,0.0,0.0
5185.25,0.0,0.0,0.0,0.0,0.0,0.0
5185.5,0.0,0.0,0.0,0.0,0.0,0.0
5185.75,0.0,0.0,0.0,0.0,0.0,0.0
5186.0,0.0,0.0,0.0,0.0,0.0,0.0
5186.25,0.0,0.0,0.0,0.0,0.0,0.0
5186.5,15.3,11.6,14.2,2.74,0.59,1.7
5186.75,0.0,0.0,0.0,0.0,0.0,0.0
5187.0,0.0,0.0,0.0,0.0,0.0,0.0
5187.25,0.0,0.0,0.0,0.0,0.0,0.0
5187.5,0.0,0.0,0.0,0.0,0.0,0.0
5187.75,0.0,0.0,0.0,0.0,0.0,0.0
5188.0,0.0,0.0,0.0,0.0,0.0,0.0
5188.25,0.0,0.0,0.0,0.0,0.0,0.0
5188.5,0.0,0.0,0.0,0.0,0.0,0.0
5188.75,0.0,0.0,0.0,0.0,0.0,0.0
5189.0,0.0,0.0,0.0,0.0,0.0,0.0
5189.25,0.0,0.0,0.0,0.0,0.0,0.0
5189.5,0.0,0.0,0.0,0.0,0.0,0.0
5189.75,0.0,0.0,0.0,0.0,0.0,0.0
5190.0,9.1,13.1,15.0,1.73,0.32,1.1
5190.25,6.93,14.3,7.53,0.55,0.93,1.3
5190.5,0.0,0.0,0.0,0.0,0.0,0.0
5190.75,18.6,30.4,18.3,1.06,0.64,2.75
5191.0,17.2,21.0,27.2,0.914,0.704,4.24
5191.25,20.6,17.3,22.2,1.69,1.11,1.69
5191.5,19.4,12.6,21.6,1.73,0.355,1.44
5191.75,29.3,12.4,12.1,1.08,0.227,1.53
5192.0,18.7,13.9,13.0,1.36,0.387,1.33
5192.25,10.4,13.7,14.2,1.45,0.44,1.54
5192.5,10.1,13.4,9.91,1.3,0.196,1.28
5192.75,12.2,13.2,8.15,1.23,-0.43,1.01
5193.0,12.6,13.2,9.02,1.49,-0.26,1.3
5193.25,19.9,19.6,11.6,1.57,-0.029,1.36
5193.5,11.2,26.6,12.2,1.53,0.207,0.748
5193.75,18.8,18.9,9.77,0.792,0.19,1.62
5194.0,17.9,9.6,10.9,1.4,0.446,1.43
5194.25,14.8,10.4,12.8,1.39,0.314,1.02
5194.5,12.5,20.2,11.9,1.04,0.4,1.13
5194.75,11.4,18.2,25.5,1.26,-0.15,1.71
5195.0,11.8,9.52,23.0,1.21,-0.065,1.29
5195.25,20.3,17.8,12.6,1.06,0.547,1.02
5195.5,13.1,16.2,8.69,1.27,0.737,1.32
5195.75,8.41,17.9,13.1,1.18,0.975,2.22
5196.0,9.32,13.1,15.3,2.03,0.731,3.35
5196.25,12.4,11.5,17.7,1.59,-0.057,2.47
5196.5,15.8,11.5,17.6,1.44,-0.05,1.94
5196.75,19.1,9.1,25.7,1.52,-0.28,3.37
5197.0,15.1,10.0,6.97,1.14,-0.2,1.23
5197.25,15.7,12.4,13.3,1.63,-0.38,1.67
5197.5,18.7,10.4,17.5,3.14,-0.57,1.54
5197.75,14.1,8.71,16.0,1.33,-0.28,1.25
5198.0,13.8,14.6,10.1,1.68,1.4,1.93
5198.25,13.9,18.1,8.21,1.14,1.1,0.863
5198.5,12.6,13.3,6.64,0.866,-0.32,1.07
5198.75,17.0,14.3,8.15,1.04,-0.24,1.32
5199.0,19.5,20.8,9.1,0.982,-0.27,0.702
5199.25,13.9,23.5,11.2,1.02,0.505,1.35
5199.5,14.7,18.5,19.4,1.71,-0.1,1.44
5199.75,13.7,29.0,14.9,1.66,0.34,1.01
5200.0,19.1,31.2,14.8,1.56,-0.31,0.09
5200.25,0.0,0.0,0.0,0.0,0.0,0.0
5200.5,0.0,0.0,0.0,0.0,0.0,0.0
5200.75,0.0,0.0,0.0,0.0,0.0,0.0
5201.0,0.0,0.0,0.0,0.0,0.0,0.0
5201.25,0.0,0.0,0.0,0.0,0.0,0.0
5201.5,0.0,0.0,0.0,0.0,0.0,0.0
5201.75,37.9,30.0,27.2,1.76,0.525,3.55
5202.0,44.0,29.1,23.9,1.87,0.332,2.58
5202.25,40.2,33.3,36.3,2.29,0.58,2.14
5202.5,36.1,34.3,37.6,1.22,1.34,2.61
5202.75,38.0,40.6,32.4,1.83,3.0,3.4
5203.0,36.3,42.4,31.3,1.61,2.45,1.36
5203.25,24.9,40.0,36.2,1.87,1.27,2.41
5203.5,18.8,38.6,32.9,1.91,2.18,2.61
5203.75,25.4,27.5,18.2,1.51,0.285,0.827
5204.0,30.7,25.2,27.9,2.31,0.075,1.27
5204.25,30.6,34.0,19.0,2.08,0.657,1.23
5204.5,34.0,23.8,27.0,1.65,0.19,1.63
5204.75,26.8,23.6,24.6,0.66,1.37,1.87
5205.0,32.3,27.5,25.0,1.98,1.21,1.58
5205.25,31.6,17.4,22.6,2.53,-0.34,1.16
5205.5,21.2,19.7,21.1,1.11,0.324,1.09
5205.75,20.6,28.4,20.0,0.918,0.845,0.938
5206.0,24.8,25.2,23.2,1.97,1.13,1.57
5206.25,24.1,20.8,26.3,0.829,0.209,1.86
5206.5,27.2,24.7,13.9,0.865,0.342,1.04
5206.75,19.2,44.3,21.7,1.05,1.68,1.41
5207.0,21.7,30.3,22.4,2.01,-0.38,3.29
5207.25,16.8,20.9,16.6,1.13,-0.56,2.51
5207.5,13.9,30.2,17.0,0.314,-0.54,1.3
5207.75,15.4,20.7,18.0,1.0,0.271,1.16
5208.0,15.4,21.4,14.4,0.96,0.386,0.942
5208.25,19.1,24.5,17.3,0.86,0.306,1.93
5208.5,17.9,20.6,25.7,1.08,0.443,2.38
5208.75,17.7,20.8,18.3,1.19,0.394,1.98
5209.0,18.1,17.8,25.2,1.38,0.467,3.04
5209.25,18.2,18.3,18.5,1.27,0.859,1.48
5209.5,21.6,20.2,19.4,2.06,0.79,1.71
5209.75,16.7,21.7,19.3,1.6,0.943,1.7
5210.0,16.7,22.0,19.9,1.21,0.647,1.55
5210.25,15.7,22.2,12.4,1.57,0.57,1.62
5210.5,0.0,0.0,0.0,0.0,0.0,0.0
5210.75,14.2,20.5,17.9,1.3,0.779,2.74
5211.0,13.7,18.3,15.2,1.26,0.608,1.7
5211.25,13.6,18.2,11.6,1.38,0.516,1.64
5211.5,12.2,18.0,11.7,0.81,0.29,1.67
5211.75,12.1,18.3,10.4,0.803,0.227,1.62
5212.0,11.0,18.6,9.3,0.67,0.53,1.11
5212.25,11.0,18.6,11.1,0.9,0.795,1.37
5212.5,12.9,16.4,11.0,1.52,0.563,1.54
5212.75,9.17,16.4,11.6,0.97,0.48,1.64
5213.0,9.23,16.4,12.6,1.12,0.43,1.87
5213.25,0.0,0.0,0.0,0.0,0.0,0.0
5213.5,8.6,19.5,13.2,1.45,0.635,1.78
5213.75,8.99,18.1,13.7,1.2,0.8,1.51
5214.0,8.71,15.2,15.7,0.497,0.84,1.98
5214.25,13.9,21.3,13.0,1.63,3.01,1.85
5214.5,16.5,18.7,12.5,1.23,1.87,1.62
5214.75,21.5,20.6,12.2,1.06,1.05,1.87
5215.0,17.1,17.7,18.2,1.02,1.2,2.67
5215.25,12.7,18.0,18.0,1.16,1.23,2.81
5215.5,15.2,17.1,11.0,0.551,0.829,1.46
5215.75,12.6,24.4,12.6,0.947,2.13,1.2
5216.0,14.3,11.2,14.5,1.66,0.287,1.74
5216.25,19.8,10.9,8.56,1.53,0.453,1.54
5216.5,9.54,15.9,9.09,1.27,0.551,1.08
5216.75,8.68,9.9,13.8,0.979,0.0632,2.29
5217.0,9.15,12.7,8.03,0.862,-0.36,1.42
5217.25,15.5,15.4,8.79,0.802,-0.15,1.38
5217.5,12.3,15.5,7.52,1.01,-0.12,1.27
5217.75,17.3,11.0,9.68,2.62,0.447,1.33
5218.0,26.7,10.2,11.1,1.58,-0.13,1.26
5218.25,26.3,10.9,20.9,1.45,-0.29,1.47
5218.5,14.3,17.0,12.7,1.64,0.597,1.36
5218.75,13.2,24.3,13.4,1.11,0.0777,1.87
5219.0,12.1,20.5,13.3,1.33,0.816,1.46
5219.25,12.0,19.2,14.0,1.35,1.0,1.23
5219.5,18.5,13.0,10.8,1.79,0.286,0.936
5219.75,12.4,21.5,10.3,1.1,0.196,1.29
5220.0,12.9,14.9,20.4,1.25,0.313,1.74
5220.25,13.4,20.5,12.7,1.86,0.233,1.6
5220.5,17.3,14.0,8.71,1.56,0.161,1.05
5220.75,9.95,13.5,22.7,1.44,0.608,2.28
5221.0,10.6,15.7,22.9,1.73,1.37,3.07
5221.25,10.8,22.7,9.21,1.7,0.661,1.38
5221.5,12.1,19.6,7.36,1.51,0.5,1.02
5221.75,9.7,19.4,7.53,1.43,0.266,0.936
5222.0,11.1,14.2,5.04,1.35,0.58,0.685
5222.25,9.71,20.5,3.27,1.11,1.24,0.695
5222.5,9.78,18.9,3.1,1.31,2.43,0.786
5222.75,11.2,15.3,3.34,1.28,1.65,0.6
5223.0,9.32,12.7,5.55,0.989,0.929,0.772
5223.25,12.3,12.8,5.76,0.813,0.873,0.748
5223.5,14.0,13.4,19.1,0.834,0.792,2.14
5223.75,10.8,14.7,12.1,0.761,-0.017,1.7
5224.0,12.3,15.1,26.6,1.45,0.127,1.83
5224.25,12.3,17.5,25.1,0.67,0.997,3.81
5224.5,19.4,22.1,20.0,1.27,2.45,3.03
5224.75,28.7,16.5,10.7,2.74,0.403,1.09
5225.0,25.4,18.6,12.7,1.89,2.46,1.04
5225.25,22.3,15.3,16.0,1.35,0.799,0.766
5225.5,18.3,14.2,13.8,1.44,0.389,0.734
5225.75,20.5,15.4,19.1,1.11,0.725,0.819
5226.0,20.8,19.8,21.3,1.43,-0.18,3.15
5226.25,0.0,0.0,0.0,0.0,0.0,0.0
5226.5,23.1,22.0,13.6,3.4,1.95,0.75
5226.75,22.8,14.4,16.7,1.89,-0.44,0.62
5227.0,0.0,0.0,0.0,0.0,0.0,0.0
5227.25,23.0,24.2,27.0,1.14,0.448,3.27
5227.5,0.0,0.0,0.0,0.0,0.0,0.0
5227.75,0.0,0.0,0.0,0.0,0.0,0.0
5228.0,0.0,0.0,0.0,0.0,0.0,0.0
5228.25,23.1,27.9,33.7,2.39,3.42,3.03
5228.5,0.0,0.0,0.0,0.0,0.0,0.0
5228.75,0.0,0.0,0.0,0.0,0.0,0.0
5229.0,0.0,0.0,0.0,0.0,0.0,0.0
5229.25,0.0,0.0,0.0,0.0,0.0,0.0
5229.5,0.0,0.0,0.0,0.0,0.0,0.0
5229.75,0.0,0.0,0.0,0.0,0.0,0.0
5230.0,0.0,0.0,0.0,0.0,0.0,0.0
5230.25,0.0,0.0,0.0,0.0,0.0,0.0
5230.5,0.0,0.0,0.0,0.0,0.0,0.0
5230.75,0.0,0.0,0.0,0.0,0.0,0.0
5231.0,0.0,0.0,0.0,0.0,0.0,0.0
5231.25,0.0,0.0,0.0,0.0,0.0,0.0
5231.5,0.0,0.0,0.0,0.0,0.0,0.0
5231.75,0.0,0.0,0.0,0.0,0.0,0.0
5232.0,0.0,0.0,0.0,0.0,0.0,0.0
5232.25,0.0,0.0,0.0,0.0,0.0,0.0
5232.5,0.0,0.0,0.0,0.0,0.0,0.0
5232.75,0.0,0.0,0.0,0.0,0.0,0.0
5233.0,0.0,0.0,0.0,0.0,0.0,0.0
5233.25,0.0,0.0,0.0,0.0,0.0,0.0
5233.5,0.0,0.0,0.0,0.0,0.0,0.0
5233.75,0.0,0.0,0.0,0.0,0.0,0.0
5234.0,0.0,0.0,0.0,0.0,0.0,0.0
5234.25,0.0,0.0,0.0,0.0,0.0,0.0
5234.5,0.0,0.0,0.0,0.0,0.0,0.0
5234.75,0.0,0.0,0.0,0.0,0.0,0.0
5235.0,0.0,0.0,0.0,0.0,0.0,0.0
5235.25,0.0,0.0,0.0,0.0,0.0,0.0
5235.5,0.0,0.0,0.0,0.0,0.0,0.0
5235.75,0.0,0.0,0.0,0.0,0.0,0.0
5236.0,0.0,0.0,0.0,0.0,0.0,0.0
5236.25,0.0,0.0,0.0,0.0,0.0,0.0
5236.5,0.0,0.0,0.0,0.0,0.0,0.0
5236.75,0.0,0.0,0.0,0.0,0.0,0.0
5237.0,0.0,0.0,0.0,0.0,0.0,0.0
5237.25,0.0,0.0,0.0,0.0,0.0,0.0
5237.5,0.0,0.0,0.0,0.0,0.0,0.0
5237.75,0.0,0.0,0.0,0.0,0.0,0.0
5238.0,0.0,0.0,0.0,0.0,0.0,0.0
5238.25,0.0,0.0,0.0,0.0,0.0,0.0
5238.5,0.0,0.0,0.0,0.0,0.0,0.0
5238.75,0.0,0.0,0.0,0.0,0.0,0.0
5239.0,0.0,0.0,0.0,0.0,0.0,0.0
5239.25,0.0,0.0,0.0,0.0,0.0,0.0
5239.5,0.0,0.0,0.0,0.0,0.0,0.0
5239.75,0.0,0.0,0.0,0.0,0.0,0.0
5240.0,0.0,0.0,0.0,0.0,0.0,0.0
5240.25,0.0,0.0,0.0,0.0,0.0,0.0
5240.5,0.0,0.0,0.0,0.0,0.0,0.0
5240.75,0.0,0.0,0.0,0.0,0.0,0.0
5241.0,0.0,0.0,0.0,0.0,0.0,0.0
5241.25,0.0,0.0,0.0,0.0,0.0,0.0
5241.5,14.7,18.3,11.3,1.17,2.45,1.13
5241.75,11.4,21.4,11.5,1.05,1.01,1.43
5242.0,15.1,21.1,15.0,1.75,0.529,1.83
5242.25,11.9,14.3,12.5,0.935,0.635,2.18
5242.5,16.6,10.9,9.96,1.17,0.362,1.6
5242.75,17.7,14.9,11.6,1.83,1.77,1.43
5243.0,13.7,18.9,11.2,1.03,3.04,1.35
5243.25,0.0,0.0,0.0,0.0,0.0,0.0
5243.5,10.9,4.76,10.2,0.827,0.977,1.43
5243.75,0.0,0.0,0.0,0.0,0.0,0.0
5244.0,15.8,8.36,13.3,1.48,1.0,0.98
5244.25,15.6,7.27,12.7,1.52,0.866,0.827
5244.5,0.0,0.0,0.0,0.0,0.0,0.0
5244.75,0.0,0.0,0.0,0.0,0.0,0.0
5245.0,0.0,0.0,0.0,0.0,0.0,0.0
5245.25,7.18,10.9,7.49,1.36,-0.077,0.838
5245.5,13.0,6.53,13.5,2.47,-0.74,2.64
5245.75,8.74,11.0,20.2,1.01,-0.32,0.87
5246.0,9.17,8.61,10.8,1.33,-0.51,2.63
5246.25,9.28,9.67,7.01,1.32,-0.52,1.37
5246.5,9.63,13.8,7.26,1.42,-0.49,1.38
5246.75,10.1,10.7,9.76,0.943,0.384,1.31
5247.0,14.1,10.7,11.9,1.07,0.76,1.32
5247.25,8.75,7.27,7.76,1.3,0.88,0.757
5247.5,13.9,13.9,8.11,1.07,1.15,1.3
5247.75,11.4,21.1,6.71,0.563,0.83,1.11
5248.0,13.0,11.2,14.0,0.932,0.52,0.859
5248.25,13.0,10.5,20.3,1.16,0.444,1.66
5248.5,9.21,12.2,20.7,1.12,0.37,1.99
5248.75,15.7,22.6,36.0,0.898,2.04,5.84
5249.0,18.4,22.4,28.8,0.581,3.3,4.33
5249.25,17.1,16.3,21.9,0.631,0.57,1.61
5249.5,19.5,19.3,33.3,2.55,0.51,0.437
5249.75,0.0,0.0,0.0,0.0,0.0,0.0
5250.0,0.0,0.0,0.0,0.0,0.0,0.0
5250.25,0.0,0.0,0.0,0.0,0.0,0.0
5250.5,0.0,0.0,0.0,0.0,0.0,0.0
5250.75,0.0,0.0,0.0,0.0,0.0,0.0
5251.0,0.0,0.0,0.0,0.0,0.0,0.0
5251.25,0.0,0.0,0.0,0.0,0.0,0.0
5251.5,0.0,0.0,0.0,0.0,0.0,0.0
5251.75,0.0,0.0,0.0,0.0,0.0,0.0
5252.0,0.0,0.0,0.0,0.0,0.0,0.0
5252.25,0.0,0.0,0.0,0.0,0.0,0.0
5252.5,0.0,0.0,0.0,0.0,0.0,0.0
5252.75,31.6,27.6,28.7,2.0,1.41,1.33
5253.0,0.0,0.0,0.0,0.0,0.0,0.0
5253.25,27.1,41.7,28.3,1.95,1.12,1.62
5253.5,0.0,0.0,0.0,0.0,0.0,0.0
5253.75,0.0,0.0,0.0,0.0,0.0,0.0
5254.0,0.0,0.0,0.0,0.0,0.0,0.0
5254.25,0.0,0.0,0.0,0.0,0.0,0.0
5254.5,0.0,0.0,0.0,0.0,0.0,0.0
5254.75,0.0,0.0,0.0,0.0,0.0,0.0
5255.0,0.0,0.0,0.0,0.0,0.0,0.0
5255.25,0.0,0.0,0.0,0.0,0.0,0.0
5255.5,0.0,0.0,0.0,0.0,0.0,0.0
5255.75,0.0,0.0,0.0,0.0,0.0,0.0
5256.0,0.0,0.0,0.0,0.0,0.0,0.0
5256.25,0.0,0.0,0.0,0.0,0.0,0.0
5256.5,0.0,0.0,0.0,0.0,0.0,0.0
5256.75,0.0,0.0,0.0,0.0,0.0,0.0
5257.0,0.0,0.0,0.0,0.0,0.0,0.0
5257.25,0.0,0.0,0.0,0.0,0.0,0.0
5257.5,0.0,0.0,0.0,0.0,0.0,0.0
5257.75,0.0,0.0,0.0,0.0,0.0,0.0
5258.0,0.0,0.0,0.0,0.0,0.0,0.0
5258.25,0.0,0.0,0.0,0.0,0.0,0.0
5258.5,0.0,0.0,0.0,0.0,0.0,0.0
5258.75,0.0,0.0,0.0,0.0,0.0,0.0
5259.0,0.0,0.0,0.0,0.0,0.0,0.0
5259.25,0.0,0.0,0.0,0.0,0.0,0.0
5259.5,0.0,0.0,0.0,0.0,0.0,0.0
5259.75,0.0,0.0,0.0,0.0,0.0,0.0
5260.0,0.0,0.0,0.0,0.0,0.0,0.0
5260.25,0.0,0.0,0.0,0.0,0.0,0.0
5260.5,0.0,0.0,0.0,0.0,0.0,0.0
5260.75,0.0,0.0,0.0,0.0,0.0,0.0
5261.0,0.0,0.0,0.0,0.0,0.0,0.0
5261.25,0.0,0.0,0.0,0.0,0.0,0.0
5261.5,0.0,0.0,0.0,0.0,0.0,0.0
5261.75,12.5,7.27,8.75,0.897,0.463,1.52
5262.0,13.0,7.68,9.98,1.43,0.67,1.42
5262.25,0.0,0.0,0.0,0.0,0.0,0.0
5262.5,16.0,11.3,10.8,1.11,0.74,1.39
5262.75,11.9,11.6,10.9,1.12,0.595,0.693
5263.0,11.3,15.1,13.1,0.752,1.57,1.94
5263.25,15.6,13.6,13.9,0.93,0.82,1.78
5263.5,13.5,17.4,11.4,1.53,1.97,0.923
5263.75,13.2,21.8,14.0,1.7,2.75,1.19
5264.0,10.0,20.1,20.9,1.7,1.09,1.84
5264.25,0.0,0.0,0.0,0.0,0.0,0.0
5264.5,8.43,10.5,11.7,1.08,0.753,1.24
5264.75,8.74,11.8,12.5,1.36,1.13,1.11
5265.0,10.8,9.07,11.7,0.81,0.2,1.01
5265.25,11.0,16.5,12.6,1.61,0.274,1.88
5265.5,14.3,15.7,16.2,1.24,0.468,1.33
5265.75,15.1,7.55,13.0,1.38,0.621,1.2
5266.0,14.8,6.21,13.7,1.14,0.898,1.13
5266.25,16.0,7.89,25.8,1.09,0.102,1.34
5266.5,12.7,18.1,23.5,1.06,-0.16,3.05
5266.75,15.1,11.2,19.9,1.64,0.333,1.6
5267.0,18.0,16.0,27.0,1.72,-0.24,1.55
5267.25,15.9,14.7,23.2,1.61,-0.46,3.35
5267.5,12.2,14.7,22.7,1.54,-0.27,3.85
5267.75,11.2,10.8,17.2,1.55,0.15,1.87
5268.0,13.6,13.5,27.5,1.46,0.231,2.64
5268.25,13.7,12.7,26.6,1.29,0.32,2.34
5268.5,20.9,14.0,32.3,1.45,0.00692,4.41
5268.75,17.8,14.5,19.2,1.54,0.962,3.59
5269.0,10.0,18.4,15.6,1.71,0.954,2.41
5269.25,8.97,13.6,17.5,1.19,-0.0033,2.16
5269.5,8.74,10.9,14.7,1.27,-0.28,1.06
5269.75,13.4,21.6,21.5,0.745,-0.15,2.75
5270.0,19.0,21.0,19.0,1.34,-0.4,1.94
5270.25,10.4,17.9,15.4,1.32,0.167,1.37
5270.5,7.53,20.3,14.2,1.09,0.804,1.29
5270.75,6.84,29.1,18.1,1.14,0.32,0.845
5271.0,9.64,34.0,14.2,1.51,0.483,1.54
5271.25,11.9,16.8,21.2,2.29,0.838,1.39
5271.5,15.9,15.9,21.1,3.28,0.691,1.24
5271.75,10.3,19.6,21.2,1.41,1.5,1.27
5272.0,10.8,18.8,16.2,1.39,0.623,1.46
5272.25,14.4,15.1,12.2,2.48,-0.082,1.39
5272.5,18.2,16.7,14.8,1.32,0.637,1.24
5272.75,16.0,13.4,14.5,1.28,0.2,1.64
5273.0,21.8,14.6,13.4,1.76,-0.33,1.45
5273.25,24.3,18.4,15.5,2.51,0.249,1.24
5273.5,19.4,32.3,14.6,2.06,0.04,1.54
5273.75,19.7,27.1,16.4,2.17,-0.032,2.48
5274.0,15.3,25.7,25.9,1.27,0.543,2.34
5274.25,20.5,19.9,24.5,1.56,0.41,2.53
5274.5,25.3,22.6,32.6,1.53,0.143,3.52
5274.75,34.0,25.6,31.5,2.26,0.132,1.5
5275.0,25.1,27.5,30.0,1.3,0.0671,1.21
5275.25,20.8,32.1,50.6,0.696,0.237,3.18
5275.5,18.3,22.9,22.6,0.575,0.412,1.6
5275.75,20.1,20.9,16.3,1.06,0.229,0.875
5276.0,23.9,20.3,26.0,0.968,0.0883,1.08
5276.25,18.3,28.1,33.8,0.707,2.42,1.2
5276.5,27.8,20.8,24.9,0.616,1.17,0.905
5276.75,23.4,17.8,30.4,0.961,0.65,2.09
5277.0,27.5,21.2,31.2,1.19,0.702,1.71
5277.25,24.8,18.9,20.1,2.32,0.778,1.3
5277.5,20.8,18.6,17.8,1.74,0.711,1.42
5277.75,24.3,18.6,16.6,1.35,1.1,1.46
5278.0,25.4,19.6,24.0,1.38,0.744,2.78
5278.25,25.6,17.9,23.0,1.24,1.09,1.27
5278.5,27.6,27.1,17.2,1.66,1.18,1.46
5278.75,18.4,24.1,17.7,1.14,1.09,1.68
5279.0,17.0,22.6,24.5,1.03,0.57,1.97
5279.25,17.7,17.8,26.7,1.97,-0.48,3.67
5279.5,34.2,21.5,21.7,1.4,0.115,1.49
5279.75,20.3,19.5,17.0,0.54,0.703,1.58
5280.0,19.2,20.1,23.4,1.02,0.967,1.76
5280.25,25.1,14.8,16.7,1.92,0.57,1.67
5280.5,17.2,15.1,17.8,0.847,0.766,3.14
5280.75,14.9,12.3,19.1,0.593,0.853,3.99
5281.0,13.6,14.8,16.8,0.982,0.87,3.32
5281.25,13.3,11.8,22.4,0.272,0.796,3.93
5281.5,14.6,12.1,19.9,0.644,0.712,2.3
5281.75,13.3,10.6,11.0,0.675,0.905,1.73
5282.0,15.0,9.15,10.8,1.02,0.722,1.71
5282.25,14.2,10.5,10.7,1.66,0.465,1.6
5282.5,15.1,10.3,10.9,1.34,0.561,1.85
5282.75,11.8,10.3,10.7,1.07,0.633,1.82
5283.0,11.1,10.6,10.6,0.307,0.787,1.6
5283.25,11.2,10.4,10.0,0.623,0.75,1.92
5283.5,12.1,10.4,15.1,0.602,1.0,2.09
5283.75,11.5,10.2,8.64,0.57,0.64,1.47
5284.0,12.1,10.2,8.88,1.13,0.5,1.66
5284.25,11.1,10.2,8.67,0.67,0.463,1.51
5284.5,11.2,10.0,9.67,0.704,0.414,1.45
5284.75,11.6,9.76,9.77,0.869,0.175,1.6
5285.0,11.7,9.86,9.83,1.38,0.252,1.44
5285.25,0.0,0.0,0.0,0.0,0.0,0.0
5285.5,12.0,9.28,8.69,0.757,0.64,1.58
5285.75,11.1,8.83,9.06,0.781,0.376,1.72
5286.0,11.1,9.66,9.26,0.963,0.526,1.75
5286.25,10.9,12.7,8.41,1.21,0.478,1.22
5286.5,10.4,10.2,8.87,0.361,0.754,1.38
5286.75,11.3,10.0,8.26,0.778,0.538,1.04
5287.0,11.3,10.2,8.59,0.758,0.996,1.54
5287.25,10.9,10.8,12.8,0.56,0.48,2.01
5287.5,10.8,9.86,15.9,0.612,0.338,1.28
5287.75,10.7,10.2,12.9,0.608,0.428,0.892
5288.0,12.2,9.1,9.42,0.678,0.248,1.79
5288.25,9.38,8.61,9.47,0.733,0.345,1.63
5288.5,10.4,11.6,13.6,0.35,1.64,2.06
5288.75,11.7,13.6,12.1,0.922,0.85,1.3
5289.0,15.0,6.91,9.97,1.21,0.382,1.37
5289.25,15.7,6.11,11.6,1.68,0.201,1.36
5289.5,10.2,7.55,10.1,0.812,0.342,1.35
5289.75,18.2,10.1,11.0,1.19,0.432,1.15
5290.0,20.8,11.5,12.5,1.73,0.3,1.29
5290.25,18.4,13.3,14.2,1.08,0.7,1.27
5290.5,18.1,15.4,15.1,1.0,0.385,1.36
5290.75,14.8,19.9,14.4,1.42,0.323,1.5
5291.0,27.3,18.4,15.5,2.18,0.428,1.99
5291.25,25.0,18.3,17.8,1.63,0.413,2.33
5291.5,22.1,25.4,22.7,2.07,0.369,2.91
5291.75,18.7,20.9,13.6,1.8,0.498,1.22
5292.0,19.7,16.2,17.2,1.92,0.24,1.22
5292.25,16.9,19.2,21.7,1.15,0.557,1.3
5292.5,18.2,10.7,17.1,1.27,-0.26,1.13
5292.75,18.4,12.6,16.7,1.78,-0.26,1.12
5293.0,15.4,11.3,15.0,1.88,0.272,1.39
5293.25,18.5,23.7,20.4,1.97,0.781,3.65
5293.5,15.5,29.8,30.1,2.67,0.273,2.48
5293.75,21.4,34.6,26.2,1.41,0.194,1.86
5294.0,24.5,15.3,18.3,1.4,-0.17,1.2
5294.25,21.6,13.3,18.4,1.69,-0.24,1.61
5294.5,15.8,15.0,16.6,1.77,0.697,1.25
5294.75,20.3,22.6,16.4,1.7,1.94,1.25
5295.0,15.6,18.3,18.0,1.31,0.831,1.59
5295.25,16.9,13.9,21.7,1.32,0.188,1.52
5295.5,14.0,25.7,20.1,1.55,0.448,1.96
5295.75,11.6,17.8,19.9,1.15,0.452,1.23
5296.0,12.1,12.7,13.0,1.36,0.405,1.39
5296.25,12.6,18.1,18.5,1.45,0.386,3.26
5296.5,11.3,16.7,16.3,1.03,0.69,1.51
5296.75,18.4,12.9,11.6,0.961,0.631,1.03
5297.0,12.3,15.5,13.2,1.26,0.824,1.06
5297.25,10.3,11.1,21.8,1.34,0.835,1.32
5297.5,8.27,12.8,11.5,1.09,1.19,1.34
5297.75,10.1,14.4,14.0,1.21,1.27,1.4
5298.0,18.5,12.9,16.5,1.22,1.04,2.63
5298.25,30.5,14.1,13.0,4.06,1.16,1.1
5298.5,0.0,0.0,0.0,0.0,0.0,0.0
5298.75,0.0,0.0,0.0,0.0,0.0,0.0
5299.0,0.0,0.0,0.0,0.0,0.0,0.0
5299.25,0.0,0.0,0.0,0.0,0.0,0.0
5299.5,0.0,0.0,0.0,0.0,0.0,0.0
5299.75,0.0,0.0,0.0,0.0,0.0,0.0
5300.0,0.0,0.0,0.0,0.0,0.0,0.0
5300.25,0.0,0.0,0.0,0.0,0.0,0.0
5300.5,0.0,0.0,0.0,0.0,0.0,0.0
5300.75,0.0,0.0,0.0,0.0,0.0,0.0
5301.0,0.0,0.0,0.0,0.0,0.0,0.0
5301.25,0.0,0.0,0.0,0.0,0.0,0.0
5301.5,0.0,0.0,0.0,0.0,0.0,0.0
5301.75,0.0,0.0,0.0,0.0,0.0,0.0
5302.0,0.0,0.0,0.0,0.0,0.0,0.0
5302.25,0.0,0.0,0.0,0.0,0.0,0.0
5302.5,0.0,0.0,0.0,0.0,0.0,0.0
5302.75,0.0,0.0,0.0,0.0,0.0,0.0
5303.0,0.0,0.0,0.0,0.0,0.0,0.0
5303.25,0.0,0.0,0.0,0.0,0.0,0.0
5303.5,0.0,0.0,0.0,0.0,0.0,0.0
5303.75,0.0,0.0,0.0,0.0,0.0,0.0
5304.0,0.0,0.0,0.0,0.0,0.0,0.0
5304.25,0.0,0.0,0.0,0.0,0.0,0.0
5304.5,0.0,0.0,0.0,0.0,0.0,0.0
5304.75,0.0,0.0,0.0,0.0,0.0,0.0
5305.0,0.0,0.0,0.0,0.0,0.0,0.0
5305.25,0.0,0.0,0.0,0.0,0.0,0.0
5305.5,0.0,0.0,0.0,0.0,0.0,0.0
5305.75,0.0,0.0,0.0,0.0,0.0,0.0
5306.0,0.0,0.0,0.0,0.0,0.0,0.0
5306.25,0.0,0.0,0.0,0.0,0.0,0.0
5306.5,0.0,0.0,0.0,0.0,0.0,0.0
5306.75,0.0,0.0,0.0,0.0,0.0,0.0
5307.0,0.0,0.0,0.0,0.0,0.0,0.0
5307.25,0.0,0.0,0.0,0.0,0.0,0.0
5307.5,0.0,0.0,0.0,0.0,0.0,0.0
5307.75,0.0,0.0,0.0,0.0,0.0,0.0
5308.0,0.0,0.0,0.0,0.0,0.0,0.0
5308.25,0.0,0.0,0.0,0.0,0.0,0.0
5308.5,0.0,0.0,0.0,0.0,0.0,0.0
5308.75,0.0,0.0,0.0,0.0,0.0,0.0
5309.0,0.0,0.0,0.0,0.0,0.0,0.0
5309.25,0.0,0.0,0.0,0.0,0.0,0.0
5309.5,0.0,0.0,0.0,0.0,0.0,0.0
5309.75,0.0,0.0,0.0,0.0,0.0,0.0
5310.0,0.0,0.0,0.0,0.0,0.0,0.0
5310.25,0.0,0.0,0.0,0.0,0.0,0.0
5310.5,0.0,0.0,0.0,0.0,0.0,0.0
5310.75,0.0,0.0,0.0,0.0,0.0,0.0
5311.0,0.0,0.0,0.0,0.0,0.0,0.0
5311.25,0.0,0.0,0.0,0.0,0.0,0.0
5311.5,0.0,0.0,0.0,0.0,0.0,0.0
5311.75,0.0,0.0,0.0,0.0,0.0,0.0
5312.0,0.0,0.0,0.0,0.0,0.0,0.0
5312.25,0.0,0.0,0.0,0.0,0.0,0.0
5312.5,0.0,0.0,0.0,0.0,0.0,0.0
5312.75,0.0,0.0,0.0,0.0,0.0,0.0
5313.0,0.0,0.0,0.0,0.0,0.0,0.0
5313.25,0.0,0.0,0.0,0.0,0.0,0.0
5313.5,0.0,0.0,0.0,0.0,0.0,0.0
5313.75,0.0,0.0,0.0,0.0,0.0,0.0
5314.0,0.0,0.0,0.0,0.0,0.0,0.0
5314.25,12.3,21.8,29.6,0.31,0.41,2.06
5314.5,21.6,13.8,25.6,1.4,0.1,1.14
5314.75,18.6,16.1,18.4,1.66,-0.076,1.47
5315.0,15.1,19.3,13.6,0.965,-0.025,1.35
5315.25,21.5,32.7,25.3,0.726,0.5,1.98
5315.5,23.8,19.4,26.9,1.31,0.296,2.21
5315.75,17.7,19.7,12.4,1.05,0.813,1.67
5316.0,23.2,15.8,9.83,0.57,0.655,1.12
5316.25,19.1,14.4,7.97,1.53,0.613,1.12
5316.5,24.6,15.3,9.11,1.8,0.39,1.44
5316.75,22.5,17.3,15.5,2.53,0.942,2.67
5317.0,19.0,18.9,17.3,0.144,1.01,1.73
5317.25,15.1,16.4,16.3,0.121,0.86,1.52
5317.5,12.6,19.7,15.6,0.702,0.574,3.04
5317.75,19.0,24.9,16.0,2.28,-0.016,1.62
5318.0,24.1,19.6,10.1,2.86,0.02,1.41
5318.25,30.6,20.6,10.9,0.595,-0.49,1.22
5318.5,23.7,25.1,23.4,0.823,0.49,2.06
5318.75,19.5,20.3,17.8,0.619,0.121,2.85
5319.0,26.3,21.6,14.2,0.787,-0.33,0.99
5319.25,19.2,26.6,13.5,1.61,1.77,0.884
5319.5,19.7,22.4,15.0,1.01,-0.035,0.945
5319.75,17.5,25.1,26.6,1.12,0.152,1.32
5320.0,18.5,19.2,24.3,1.02,0.0333,1.25
5320.25,21.8,19.2,22.9,1.37,-0.06,1.1
5320.5,23.5,20.9,30.5,1.97,0.69,1.22
5320.75,16.3,18.6,36.7,1.49,0.21,1.23
5321.0,31.0,23.2,30.8,2.54,0.38,1.19
5321.25,0.0,0.0,0.0,0.0,0.0,0.0
5321.5,0.0,0.0,0.0,0.0,0.0,0.0
5321.75,0.0,0.0,0.0,0.0,0.0,0.0
5322.0,0.0,0.0,0.0,0.0,0.0,0.0
5322.25,0.0,0.0,0.0,0.0,0.0,0.0
5322.5,0.0,0.0,0.0,0.0,0.0,0.0
5322.75,0.0,0.0,0.0,0.0,0.0,0.0
5323.0,0.0,0.0,0.0,0.0,0.0,0.0
5323.25,0.0,0.0,0.0,0.0,0.0,0.0
5323.5,0.0,0.0,0.0,0.0,0.0,0.0
5323.75,0.0,0.0,0.0,0.0,0.0,0.0
5324.0,0.0,0.0,0.0,0.0,0.0,0.0
5324.25,0.0,0.0,0.0,0.0,0.0,0.0
5324.5,0.0,0.0,0.0,0.0,0.0,0.0
5324.75,0.0,0.0,0.0,0.0,0.0,0.0
5325.0,0.0,0.0,0.0,0.0,0.0,0.0
5325.25,0.0,0.0,0.0,0.0,0.0,0.0
5325.5,0.0,0.0,0.0,0.0,0.0,0.0
5325.75,0.0,0.0,0.0,0.0,0.0,0.0
5326.0,0.0,0.0,0.0,0.0,0.0,0.0
5326.25,0.0,0.0,0.0,0.0,0.0,0.0
5326.5,0.0,0.0,0.0,0.0,0.0,0.0
5326.75,0.0,0.0,0.0,0.0,0.0,0.0
5327.0,0.0,0.0,0.0,0.0,0.0,0.0
5327.25,0.0,0.0,0.0,0.0,0.0,0.0
5327.5,0.0,0.0,0.0,0.0,0.0,0.0
5327.75,0.0,0.0,0.0,0.0,0.0,0.0
5328.0,0.0,0.0,0.0,0.0,0.0,0.0
5328.25,0.0,0.0,0.0,0.0,0.0,0.0
5328.5,0.0,0.0,0.0,0.0,0.0,0.0
5328.75,0.0,0.0,0.0,0.0,0.0,0.0
5329.0,0.0,0.0,0.0,0.0,0.0,0.0
5329.25,0.0,0.0,0.0,0.0,0.0,0.0
5329.5,0.0,0.0,0.0,0.0,0.0,0.0
5329.75,0.0,0.0,0.0,0.0,0.0,0.0
5330.0,0.0,0.0,0.0,0.0,0.0,0.0
5330.25,0.0,0.0,0.0,0.0,0.0,0.0
5330.5,0.0,0.0,0.0,0.0,0.0,0.0
5330.75,0.0,0.0,0.0,0.0,0.0,0.0
5331.0,0.0,0.0,0.0,0.0,0.0,0.0
5331.25,0.0,0.0,0.0,0.0,0.0,0.0
5331.5,0.0,0.0,0.0,0.0,0.0,0.0
5331.75,0.0,0.0,0.0,0.0,0.0,0.0
5332.0,0.0,0.0,0.0,0.0,0.0,0.0
5332.25,0.0,0.0,0.0,0.0,0.0,0.0
5332.5,0.0,0.0,0.0,0.0,0.0,0.0
5332.75,0.0,0.0,0.0,0.0,0.0,0.0
5333.0,0.0,0.0,0.0,0.0,0.0,0.0
5333.25,0.0,0.0,0.0,0.0,0.0,0.0
5333.5,0.0,0.0,0.0,0.0,0.0,0.0
5333.75,0.0,0.0,0.0,0.0,0.0,0.0
5334.0,12.1,14.1,16.7,0.51,0.06,1.43
5334.25,0.0,0.0,0.0,0.0,0.0,0.0
5334.5,16.3,15.6,12.8,0.465,0.185,1.92
5334.75,20.3,17.1,21.7,0.953,-0.0033,0.99
5335.0,22.3,22.9,33.7,1.34,0.647,1.3
5335.25,17.6,21.4,30.9,0.957,0.963,2.4
5335.5,0.0,0.0,0.0,0.0,0.0,0.0
5335.75,0.0,0.0,0.0,0.0,0.0,0.0
5336.0,0.0,0.0,0.0,0.0,0.0,0.0
5336.25,8.68,12.0,9.86,0.44,0.15,0.225
5336.5,0.0,0.0,0.0,0.0,0.0,0.0
5336.75,15.0,20.5,7.91,0.68,0.76,0.82
5337.0,0.0,0.0,0.0,0.0,0.0,0.0
5337.25,0.0,0.0,0.0,0.0,0.0,0.0
5337.5,0.0,0.0,0.0,0.0,0.0,0.0
5337.75,0.0,0.0,0.0,0.0,0.0,0.0
5338.0,0.0,0.0,0.0,0.0,0.0,0.0
5338.25,0.0,0.0,0.0,0.0,0.0,0.0
5338.5,18.5,8.03,9.08,0.39,0.35,0.73
5338.75,0.0,0.0,0.0,0.0,0.0,0.0
5339.0,0.0,0.0,0.0,0.0,0.0,0.0
5339.25,13.1,18.6,12.7,1.28,0.62,0.86
5339.5,12.1,12.7,11.2,1.31,-0.023,1.13
5339.75,16.3,9.24,9.5,2.6,-0.17,1.2
5340.0,20.9,11.7,16.9,0.928,-0.11,1.15
5340.25,24.7,16.8,23.4,0.836,-0.31,1.11
5340.5,12.0,10.8,20.4,1.09,0.01,1.26
5340.75,14.7,19.8,17.4,1.62,0.47,2.41
5341.0,7.82,17.6,17.8,0.54,-0.58,2.05
5341.25,9.77,12.3,15.5,1.21,-0.15,1.88
5341.5,12.6,11.5,9.43,1.43,-0.06,0.949
5341.75,6.99,9.97,9.19,1.37,-0.071,0.915
5342.0,6.99,9.15,7.79,1.13,-0.51,0.615
5342.25,6.9,10.6,12.8,0.815,0.00231,1.49
5342.5,6.77,12.8,9.13,0.832,-0.094,1.01
5342.75,13.9,13.4,11.7,0.849,0.0137,1.12
5343.0,15.4,16.1,13.3,0.851,-0.0005,0.901
5343.25,13.4,13.8,17.6,0.963,-0.097,0.928
5343.5,13.5,19.8,7.74,1.23,0.0075,1.2
5343.75,14.5,10.7,9.3,0.939,0.106,1.45
5344.0,0.0,0.0,0.0,0.0,0.0,0.0
5344.25,14.1,13.8,9.79,0.425,-0.25,0.88
5344.5,24.1,19.2,8.59,0.685,-0.28,1.14
5344.75,18.7,25.3,13.4,0.658,-0.4,1.27
5345.0,29.5,40.7,17.7,1.15,0.0325,1.04
5345.25,25.4,23.0,20.2,1.01,-0.0014,1.02
5345.5,20.9,19.1,17.4,0.865,-0.1,1.13
5345.75,0.0,0.0,0.0,0.0,0.0,0.0
5346.0,28.3,29.8,26.7,0.68,0.86,1.2
5346.25,0.0,0.0,0.0,0.0,0.0,0.0
5346.5,0.0,0.0,0.0,0.0,0.0,0.0
5346.75,0.0,0.0,0.0,0.0,0.0,0.0
5347.0,0.0,0.0,0.0,0.0,0.0,0.0
5347.25,0.0,0.0,0.0,0.0,0.0,0.0
5347.5,0.0,0.0,0.0,0.0,0.0,0.0
5347.75,0.0,0.0,0.0,0.0,0.0,0.0
5348.0,0.0,0.0,0.0,0.0,0.0,0.0
5348.25,0.0,0.0,0.0,0.0,0.0,0.0
5348.5,0.0,0.0,0.0,0.0,0.0,0.0
5348.75,0.0,0.0,0.0,0.0,0.0,0.0
5349.0,0.0,0.0,0.0,0.0,0.0,0.0
5349.25,0.0,0.0,0.0,0.0,0.0,0.0
5349.5,0.0,0.0,0.0,0.0,0.0,0.0
5349.75,0.0,0.0,0.0,0.0,0.0,0.0
5350.0,0.0,0.0,0.0,0.0,0.0,0.0
5350.25,0.0,0.0,0.0,0.0,0.0,0.0
5350.5,0.0,0.0,0.0,0.0,0.0,0.0
5350.75,0.0,0.0,0.0,0.0,0.0,0.0
5351.0,0.0,0.0,0.0,0.0,0.0,0.0
5351.25,0.0,0.0,0.0,0.0,0.0,0.0
5351.5,0.0,0.0,0.0,0.0,0.0,0.0
5351.75,0.0,0.0,0.0,0.0,0.0,0.0
5352.0,0.0,0.0,0.0,0.0,0.0,0.0
5352.25,0.0,0.0,0.0,0.0,0.0,0.0
5352.5,0.0,0.0,0.0,0.0,0.0,0.0
5352.75,0.0,0.0,0.0,0.0,0.0,0.0
5353.0,0.0,0.0,0.0,0.0,0.0,0.0
5353.25,0.0,0.0,0.0,0.0,0.0,0.0
5353.5,0.0,0.0,0.0,0.0,0.0,0.0
5353.75,0.0,0.0,0.0,0.0,0.0,0.0
5354.0,0.0,0.0,0.0,0.0,0.0,0.0
5354.25,0.0,0.0,0.0,0.0,0.0,0.0
5354.5,0.0,0.0,0.0,0.0,0.0,0.0
5354.75,0.0,0.0,0.0,0.0,0.0,0.0
5355.0,0.0,0.0,0.0,0.0,0.0,0.0
5355.25,0.0,0.0,0.0,0.0,0.0,0.0
5355.5,0.0,0.0,0.0,0.0,0.0,0.0
5355.75,0.0,0.0,0.0,0.0,0.0,0.0
5356.0,0.0,0.0,0.0,0.0,0.0,0.0
5356.25,0.0,0.0,0.0,0.0,0.0,0.0
5356.5,0.0,0.0,0.0,0.0,0.0,0.0
5356.75,0.0,0.0,0.0,0.0,0.0,0.0
5357.0,0.0,0.0,0.0,0.0,0.0,0.0
5357.25,18.8,13.9,15.6,0.53,0.37,0.78
5357.5,18.5,13.5,15.2,0.97,-0.06,0.788
5357.75,0.0,0.0,0.0,0.0,0.0,0.0
5358.0,20.1,13.5,18.5,0.675,-0.015,0.7
5358.25,20.3,13.5,21.7,0.52,-0.02,1.3
5358.5,0.0,0.0,0.0,0.0,0.0,0.0
5358.75,0.0,0.0,0.0,0.0,0.0,0.0
5359.0,0.0,0.0,0.0,0.0,0.0,0.0
5359.25,28.4,14.6,20.1,1.03,-0.48,0.803
5359.5,26.6,20.4,21.1,1.86,-0.31,1.04
5359.75,25.8,15.3,18.5,2.08,-0.37,1.3
5360.0,18.2,10.2,22.5,1.29,-0.43,1.36
5360.25,17.8,12.4,15.7,1.22,0.005,0.853
5360.5,20.7,9.59,12.3,1.54,-0.21,0.682
5360.75,21.0,12.2,13.4,1.46,0.162,0.892
5361.0,18.7,13.1,14.5,1.44,-0.36,1.32
5361.25,16.6,10.9,22.3,1.38,-0.61,1.14
5361.5,0.0,0.0,0.0,0.0,0.0,0.0
5361.75,0.0,0.0,0.0,0.0,0.0,0.0
5362.0,24.7,17.7,17.5,1.34,-0.35,1.36
5362.25,0.0,0.0,0.0,0.0,0.0,0.0
5362.5,14.2,17.0,17.3,1.27,0.57,1.66
5362.75,0.0,0.0,0.0,0.0,0.0,0.0
5363.0,0.0,0.0,0.0,0.0,0.0,0.0
5363.25,23.6,14.0,22.9,1.81,-0.51,1.14
5363.5,13.0,20.9,19.9,1.12,1.06,1.17
5363.75,15.3,8.61,18.9,0.703,-0.15,1.57
5364.0,24.3,9.45,17.0,0.547,0.207,2.06
5364.25,10.4,20.3,15.6,0.971,0.656,1.44
5364.5,15.3,16.0,23.1,1.42,-0.15,1.15
5364.75,13.1,12.6,18.5,0.536,0.0647,1.3
5365.0,11.7,9.31,17.7,0.67,-0.36,0.663
5365.25,10.0,12.8,18.5,0.8,0.23,2.36
5365.5,9.93,11.0,11.2,0.578,0.272,1.28
5365.75,9.17,9.59,9.19,0.496,0.112,0.947
5366.0,11.6,9.56,11.1,0.593,0.104,1.18
5366.25,16.4,10.3,14.2,2.04,-0.08,2.04
5366.5,15.9,10.2,17.1,2.45,-0.04,2.29
5366.75,12.7,11.6,15.3,1.06,0.245,0.97
5367.0,12.0,20.4,16.6,1.47,1.39,1.16
5367.25,16.8,13.8,11.3,1.26,0.71,1.45
5367.5,15.1,14.9,9.11,1.02,0.219,0.984
5367.75,17.0,17.5,9.59,1.6,0.288,1.43
5368.0,18.8,16.7,9.08,1.49,1.0,1.7
5368.25,24.7,17.2,20.2,1.0,0.73,1.36
5368.5,20.1,15.2,12.8,0.888,0.665,1.41
5368.75,22.0,19.5,10.5,2.42,1.23,1.27
5369.0,25.3,26.2,19.7,0.92,2.68,1.37
5369.25,0.0,0.0,0.0,0.0,0.0,0.0
5369.5,0.0,0.0,0.0,0.0,0.0,0.0
5369.75,0.0,0.0,0.0,0.0,0.0,0.0
5370.0,0.0,0.0,0.0,0.0,0.0,0.0
5370.25,0.0,0.0,0.0,0.0,0.0,0.0
5370.5,0.0,0.0,0.0,0.0,0.0,0.0
5370.75,0.0,0.0,0.0,0.0,0.0,0.0
5371.0,0.0,0.0,0.0,0.0,0.0,0.0
5371.25,0.0,0.0,0.0,0.0,0.0,0.0
5371.5,0.0,0.0,0.0,0.0,0.0,0.0
5371.75,0.0,0.0,0.0,0.0,0.0,0.0
5372.0,0.0,0.0,0.0,0.0,0.0,0.0
5372.25,0.0,0.0,0.0,0.0,0.0,0.0
5372.5,0.0,0.0,0.0,0.0,0.0,0.0
5372.75,0.0,0.0,0.0,0.0,0.0,0.0
5373.0,0.0,0.0,0.0,0.0,0.0,0.0
5373.25,0.0,0.0,0.0,0.0,0.0,0.0
5373.5,0.0,0.0,0.0,0.0,0.0,0.0
5373.75,0.0,0.0,0.0,0.0,0.0,0.0
5374.0,0.0,0.0,0.0,0.0,0.0,0.0
5374.25,0.0,0.0,0.0,0.0,0.0,0.0
5374.5,0.0,0.0,0.0,0.0,0.0,0.0
5374.75,0.0,0.0,0.0,0.0,0.0,0.0
5375.0,0.0,0.0,0.0,0.0,0.0,0.0
5375.25,0.0,0.0,0.0,0.0,0.0,0.0
5375.5,0.0,0.0,0.0,0.0,0.0,0.0
5375.75,0.0,0.0,0.0,0.0,0.0,0.0
5376.0,0.0,0.0,0.0,0.0,0.0,0.0
5376.25,0.0,0.0,0.0,0.0,0.0,0.0
5376.5,0.0,0.0,0.0,0.0,0.0,0.0
5376.75,0.0,0.0,0.0,0.0,0.0,0.0
5377.0,0.0,0.0,0.0,0.0,0.0,0.0
5377.25,0.0,0.0,0.0,0.0,0.0,0.0
5377.5,0.0,0.0,0.0,0.0,0.0,0.0
5377.75,0.0,0.0,0.0,0.0,0.0,0.0
5378.0,0.0,0.0,0.0,0.0,0.0,0.0
5378.25,0.0,0.0,0.0,0.0,0.0,0.0
5378.5,0.0,0.0,0.0,0.0,0.0,0.0
5378.75,0.0,0.0,0.0,0.0,0.0,0.0
5379.0,0.0,0.0,0.0,0.0,0.0,0.0
5379.25,0.0,0.0,0.0,0.0,0.0,0.0
5379.5,0.0,0.0,0.0,0.0,0.0,0.0
5379.75,0.0,0.0,0.0,0.0,0.0,0.0
5380.0,0.0,0.0,0.0,0.0,0.0,0.0
5380.25,0.0,0.0,0.0,0.0,0.0,0.0
5380.5,0.0,0.0,0.0,0.0,0.0,0.0
5380.75,0.0,0.0,0.0,0.0,0.0,0.0
5381.0,0.0,0.0,0.0,0.0,0.0,0.0
5381.25,0.0,0.0,0.0,0.0,0.0,0.0
5381.5,0.0,0.0,0.0,0.0,0.0,0.0
5381.75,0.0,0.0,0.0,0.0,0.0,0.0
5382.0,0.0,0.0,0.0,0.0,0.0,0.0
5382.25,0.0,0.0,0.0,0.0,0.0,0.0
5382.5,0.0,0.0,0.0,0.0,0.0,0.0
5382.75,0.0,0.0,0.0,0.0,0.0,0.0
5383.0,0.0,0.0,0.0,0.0,0.0,0.0
5383.25,0.0,0.0,0.0,0.0,0.0,0.0
5383.5,0.0,0.0,0.0,0.0,0.0,0.0
5383.75,0.0,0.0,0.0,0.0,0.0,0.0
5384.0,0.0,0.0,0.0,0.0,0.0,0.0
5384.25,0.0,0.0,0.0,0.0,0.0,0.0
5384.5,0.0,0.0,0.0,0.0,0.0,0.0
5384.75,0.0,0.0,0.0,0.0,0.0,0.0
5385.0,0.0,0.0,0.0,0.0,0.0,0.0
5385.25,0.0,0.0,0.0,0.0,0.0,0.0
5385.5,0.0,0.0,0.0,0.0,0.0,0.0
5385.75,0.0,0.0,0.0,0.0,0.0,0.0
5386.0,0.0,0.0,0.0,0.0,0.0,0.0
5386.25,0.0,0.0,0.0,0.0,0.0,0.0
5386.5,0.0,0.0,0.0,0.0,0.0,0.0
5386.75,14.1,16.3,20.5,0.88,1.26,0.85
5387.0,11.4,10.2,20.9,0.714,0.617,1.83
5387.25,12.5,13.6,21.1,1.02,0.403,1.68
5387.5,20.5,26.2,14.1,1.26,1.21,1.08
5387.75,20.7,18.8,17.6,0.788,-0.051,0.905
5388.0,19.3,13.9,27.2,1.13,0.344,1.56
5388.25,19.8,13.1,17.0,1.2,0.0857,1.35
5388.5,19.6,12.4,11.1,1.87,-0.27,0.749
5388.75,27.0,13.3,14.4,1.73,-0.49,1.21
5389.0,14.9,10.2,16.3,0.887,-0.43,1.03
5389.25,8.06,9.23,12.7,0.74,-0.4,1.41
5389.5,8.81,6.75,12.9,0.888,0.531,0.978
5389.75,13.0,11.0,13.1,0.904,0.59,0.874
5390.0,12.6,8.76,14.8,0.939,0.0479,1.19
5390.25,18.7,10.9,16.9,1.3,-0.04,1.19
5390.5,19.7,9.98,14.3,2.52,0.00833,0.605
5390.75,11.4,10.8,13.9,1.42,0.0422,0.786
5391.0,13.5,13.0,15.2,1.45,0.388,0.788
5391.25,15.1,13.3,13.9,1.56,-0.22,1.04
5391.5,13.0,28.6,14.6,1.83,0.221,1.03
5391.75,12.0,15.8,11.6,1.63,0.681,1.05
5392.0,20.3,12.8,12.6,1.54,0.499,1.04
5392.25,19.6,14.7,11.3,1.74,0.992,1.09
5392.5,8.63,22.7,11.6,1.09,0.974,0.939
5392.75,16.4,15.8,9.7,1.36,0.504,1.2
5393.0,18.5,10.6,17.2,1.37,0.33,1.03
5393.25,0.0,0.0,0.0,0.0,0.0,0.0
5393.5,0.0,0.0,0.0,0.0,0.0,0.0
5393.75,0.0,0.0,0.0,0.0,0.0,0.0
5394.0,0.0,0.0,0.0,0.0,0.0,0.0
5394.25,0.0,0.0,0.0,0.0,0.0,0.0
5394.5,0.0,0.0,0.0,0.0,0.0,0.0
5394.75,0.0,0.0,0.0,0.0,0.0,0.0
5395.0,0.0,0.0,0.0,0.0,0.0,0.0
5395.25,0.0,0.0,0.0,0.0,0.0,0.0
5395.5,0.0,0.0,0.0,0.0,0.0,0.0
5395.75,0.0,0.0,0.0,0.0,0.0,0.0
5396.0,0.0,0.0,0.0,0.0,0.0,0.0
5396.25,0.0,0.0,0.0,0.0,0.0,0.0
5396.5,0.0,0.0,0.0,0.0,0.0,0.0
5396.75,0.0,0.0,0.0,0.0,0.0,0.0
5397.0,0.0,0.0,0.0,0.0,0.0,0.0
5397.25,0.0,0.0,0.0,0.0,0.0,0.0
5397.5,0.0,0.0,0.0,0.0,0.0,0.0
5397.75,0.0,0.0,0.0,0.0,0.0,0.0
5398.0,32.8,34.4,43.5,1.31,0.943,1.79
5398.25,27.1,33.2,47.9,1.23,0.61,4.07
5398.5,0.0,0.0,0.0,0.0,0.0,0.0
5398.75,0.0,0.0,0.0,0.0,0.0,0.0
5399.0,18.6,33.9,32.8,1.67,0.183,-0.19
5399.25,0.0,0.0,0.0,0.0,0.0,0.0
5399.5,30.8,28.9,37.2,1.6,-0.015,1.6
5399.75,35.8,35.0,34.0,3.68,0.887,2.12
5400.0,32.5,27.0,32.9,4.1,0.67,2.4
5400.25,21.0,23.0,26.7,1.86,0.42,2.9
5400.5,23.2,19.1,20.7,1.32,0.12,1.44
5400.75,18.9,14.9,23.6,1.36,0.665,2.25
5401.0,12.8,14.3,10.6,0.827,0.583,0.413
5401.25,11.5,15.3,8.69,1.29,0.99,0.67
5401.5,12.4,15.5,8.95,0.523,1.15,0.643
5401.75,12.0,14.7,9.33,1.34,1.04,0.855
5402.0,13.0,11.9,9.0,0.937,1.14,-0.26
5402.25,0.0,0.0,0.0,0.0,0.0,0.0
5402.5,11.5,12.3,8.7,0.45,1.31,1.5
5402.75,9.87,11.4,9.19,0.46,0.84,1.23
5403.0,10.5,10.6,9.08,0.95,0.605,1.38
5403.25,12.3,10.3,9.48,1.15,0.457,0.377
5403.5,11.8,10.9,10.2,0.658,0.99,0.813
5403.75,11.4,10.8,11.3,1.12,0.96,0.977
5404.0,13.0,9.89,10.4,1.32,0.34,1.51
5404.25,13.0,10.9,10.4,1.17,0.92,1.62
5404.5,12.5,9.54,9.24,1.17,0.513,0.58
5404.75,14.1,9.07,14.8,1.0,0.39,0.633
5405.0,16.6,9.14,8.12,1.22,0.59,1.06
5405.25,15.1,14.2,9.3,0.987,0.603,0.72
5405.5,15.0,10.1,9.38,1.33,0.046,0.784
5405.75,0.0,0.0,0.0,0.0,0.0,0.0
5406.0,0.0,0.0,0.0,0.0,0.0,0.0
5406.25,14.4,12.8,12.4,1.42,0.72,0.963
5406.5,21.9,32.6,17.4,1.34,2.46,0.86
5406.75,19.3,22.4,14.7,1.05,1.44,0.267
5407.0,18.7,26.5,20.1,1.14,2.16,0.4
5407.25,18.8,24.2,10.5,0.9,2.9,-0.12
5407.5,21.2,19.6,11.2,0.867,0.527,0.353
5407.75,20.3,14.7,16.0,1.04,0.477,1.54
5408.0,12.9,11.5,14.4,1.0,0.642,1.87
5408.25,13.4,10.5,18.6,0.442,0.0383,0.842
5408.5,10.1,8.75,11.0,0.181,-0.41,0.71
5408.75,10.1,8.41,8.08,0.245,-0.19,0.775
5409.0,15.5,6.69,11.1,0.68,0.37,1.27
5409.25,21.5,10.6,9.18,0.815,0.44,1.43
5409.5,9.23,14.0,13.6,0.283,0.497,0.823
5409.75,10.9,12.0,18.4,0.62,0.745,0.273
5410.0,9.92,26.5,14.8,0.79,0.976,0.594
5410.25,13.0,23.6,17.3,0.953,0.38,1.29
5410.5,10.0,18.3,19.4,0.962,-0.1,1.13
5410.75,13.9,18.4,18.6,0.895,0.0567,0.317
5411.0,18.5,21.4,21.8,1.76,0.378,0.86
5411.25,14.3,18.6,17.1,0.728,0.712,1.19
5411.5,18.1,24.1,25.4,0.853,1.94,1.25
5411.75,14.7,19.4,27.3,0.885,0.195,1.66
5412.0,17.8,21.2,31.8,1.16,0.025,0.923
5412.25,21.3,20.6,23.0,1.39,0.669,0.786
5412.5,24.1,23.5,32.8,2.06,1.28,3.2
5412.75,25.9,22.0,21.6,1.82,1.44,1.21
5413.0,16.5,27.2,22.1,1.68,1.73,1.16
5413.25,12.8,23.7,19.2,2.72,1.2,1.32
5413.5,11.1,13.3,19.4,2.27,1.23,0.939
5413.75,12.2,14.6,21.2,1.43,0.828,1.44
5414.0,15.8,15.8,24.1,1.52,0.84,1.46
5414.25,12.1,15.5,17.2,1.12,-0.3,1.15
5414.5,11.7,21.1,13.6,1.48,-0.21,0.998
5414.75,16.7,12.2,14.0,2.32,-0.42,0.976
5415.0,15.3,13.1,12.8,1.49,-0.29,0.878
5415.25,10.1,14.0,15.7,1.27,0.241,1.33
5415.5,13.8,16.8,18.6,1.88,0.674,1.17
5415.75,11.9,24.1,20.2,2.19,2.6,1.36
5416.0,12.5,16.0,15.0,1.56,0.546,1.6
5416.25,17.4,17.5,15.5,2.42,0.397,1.58
5416.5,21.5,17.5,17.9,2.63,0.427,1.06
5416.75,13.3,22.7,26.3,2.29,0.358,1.7
5417.0,11.5,21.6,25.7,1.64,0.506,0.842
5417.25,14.1,24.0,34.2,1.94,0.553,1.47
5417.5,21.0,26.6,17.1,2.01,-0.39,0.782
5417.75,22.8,29.6,21.0,2.8,0.0836,0.688
5418.0,24.3,17.9,31.3,3.03,0.117,1.08
5418.25,0.0,0.0,0.0,0.0,0.0,0.0
5418.5,0.0,0.0,0.0,0.0,0.0,0.0
5418.75,0.0,0.0,0.0,0.0,0.0,0.0
5419.0,0.0,0.0,0.0,0.0,0.0,0.0
5419.25,0.0,0.0,0.0,0.0,0.0,0.0
5419.5,32.6,37.0,28.6,1.69,1.1,1.75
5419.75,0.0,0.0,0.0,0.0,0.0,0.0
5420.0,0.0,0.0,0.0,0.0,0.0,0.0
5420.25,0.0,0.0,0.0,0.0,0.0,0.0
5420.5,0.0,0.0,0.0,0.0,0.0,0.0
5420.75,0.0,0.0,0.0,0.0,0.0,0.0
5421.0,0.0,0.0,0.0,0.0,0.0,0.0
5421.25,0.0,0.0,0.0,0.0,0.0,0.0
5421.5,0.0,0.0,0.0,0.0,0.0,0.0
5421.75,18.3,29.9,30.6,0.825,0.062,2.16
5422.0,16.1,23.0,20.6,0.645,0.487,1.36
5422.25,19.1,24.7,23.1,0.54,0.437,1.08
5422.5,21.6,20.6,33.0,1.98,0.67,2.19
5422.75,20.9,24.2,26.7,1.4,0.414,1.21
5423.0,21.3,13.0,26.9,0.784,0.499,0.755
5423.25,21.9,12.1,32.0,0.827,0.316,0.374
5423.5,23.5,16.0,33.8,1.32,0.215,1.82
5423.75,20.2,16.1,25.0,0.708,0.128,1.82
5424.0,18.0,16.4,19.9,1.09,0.393,1.33
5424.25,16.5,12.3,17.7,0.897,0.92,1.63
5424.5,13.9,16.8,23.9,1.03,0.932,1.58
5424.75,14.1,16.1,20.7,0.83,1.22,1.03
5425.0,14.2,11.6,15.9,0.652,0.725,0.848
5425.25,25.3,11.6,15.4,0.753,1.05,0.819
5425.5,22.1,12.3,16.9,0.842,0.938,1.15
5425.75,13.4,14.1,16.0,0.791,1.21,1.6
5426.0,13.4,14.9,19.8,0.885,1.67,1.1
5426.25,15.6,13.6,13.5,0.671,1.32,1.44
5426.5,14.8,13.0,9.04,0.993,1.1,1.41
5426.75,12.1,15.3,9.11,0.638,1.1,1.57
5427.0,12.4,15.0,9.39,0.73,0.909,1.43
5427.25,11.8,15.0,9.86,0.78,0.917,1.5
5427.5,10.9,14.0,8.44,0.914,1.22,1.24
5427.75,11.4,13.3,8.28,1.09,0.98,1.38
5428.0,11.2,13.1,9.54,0.762,0.899,0.902
5428.25,11.2,12.9,10.3,0.929,0.686,0.891
5428.5,11.1,13.1,9.78,1.04,0.781,1.19
5428.75,10.8,13.3,9.92,0.988,1.01,1.13
5429.0,10.8,13.1,10.6,1.05,0.912,0.286
5429.25,11.4,12.9,11.0,1.49,0.67,0.29
5429.5,10.7,12.6,15.2,0.885,0.885,0.283
5429.75,10.5,11.5,10.5,0.478,0.565,0.372
5430.0,9.48,10.1,10.7,0.203,0.597,0.381
5430.25,10.9,10.2,11.0,0.552,0.724,0.377
5430.5,12.1,10.4,11.1,1.01,0.827,0.412
5430.75,10.5,10.1,11.2,0.546,0.491,0.517
5431.0,11.6,10.5,10.7,0.499,0.362,0.44
5431.25,12.1,9.77,14.1,0.775,0.326,0.909
5431.5,11.2,9.6,11.2,0.855,0.821,0.149
5431.75,13.2,8.71,11.4,0.595,0.736,-0.028
5432.0,14.2,8.44,19.1,0.876,0.646,0.549
5432.25,11.6,9.01,12.8,0.921,0.666,1.13
5432.5,12.4,8.42,10.8,1.04,0.467,0.779
5432.75,13.8,8.26,11.0,1.29,0.45,1.47
5433.0,11.3,11.3,10.0,0.938,0.627,0.783
5433.25,12.8,15.3,12.5,0.668,1.31,1.39
5433.5,12.2,11.6,20.5,0.39,0.71,2.52
5433.75,14.4,10.3,14.8,1.16,0.545,1.31
5434.0,16.8,9.01,10.7,1.86,0.526,0.873
5434.25,15.2,9.84,11.7,0.813,0.84,1.01
5434.5,15.3,20.3,16.6,0.387,0.888,1.31
5434.75,16.9,12.8,18.3,1.13,1.07,0.599
5435.0,24.0,13.5,23.2,1.15,1.22,1.3
5435.25,23.7,19.1,16.8,1.5,1.06,1.14
5435.5,17.8,20.8,21.5,1.14,0.0975,1.14
5435.75,19.3,23.0,16.6,1.24,-0.012,1.45
5436.0,27.3,26.0,18.1,2.94,-0.12,1.18
5436.25,19.5,21.5,20.2,1.57,-0.018,1.8
5436.5,19.9,21.4,25.0,1.6,0.145,1.66
5436.75,22.1,19.8,19.8,1.61,-0.088,1.33
5437.0,25.2,21.9,21.9,1.09,0.238,1.59
5437.25,23.8,19.3,24.4,1.16,0.459,1.55
5437.5,38.0,16.6,24.1,2.53,0.74,1.31
5437.75,23.7,17.0,20.5,2.04,0.492,1.2
5438.0,19.0,16.8,24.2,1.55,0.989,1.32
5438.25,18.4,16.1,38.4,1.16,1.13,1.74
5438.5,19.4,14.9,31.1,1.35,0.999,1.12
5438.75,25.6,17.1,20.3,1.78,0.887,0.825
5439.0,24.9,13.1,21.3,2.28,0.824,1.26
5439.25,26.8,13.8,28.9,2.45,0.802,2.41
5439.5,25.7,18.6,31.1,2.8,1.2,4.68
5439.75,20.6,27.6,18.9,0.852,1.76,0.719
5440.0,21.4,32.2,25.4,0.635,1.36,1.67
5440.25,18.7,14.2,19.5,0.461,0.38,1.06
5440.5,21.5,15.2,17.8,1.66,1.39,1.43
5440.75,19.7,13.4,10.5,1.39,1.19,1.62
5441.0,11.8,17.5,13.0,0.623,1.48,1.23
5441.25,16.2,12.0,16.3,1.24,0.659,1.13
5441.5,21.9,10.5,26.0,0.742,0.644,1.32
5441.75,17.3,13.5,40.1,0.818,0.208,3.88
5442.0,23.1,19.0,23.2,0.714,0.259,2.46
5442.25,21.4,15.6,13.5,1.11,0.217,1.08
5442.5,27.5,17.3,20.6,1.56,2.58,2.37
5442.75,28.7,25.0,25.3,1.42,1.63,2.28
5443.0,28.9,22.1,30.4,2.36,1.95,1.97
5443.25,24.2,20.2,33.4,2.01,1.34,3.6
5443.5,22.2,36.3,27.0,2.13,2.17,2.82
5443.75,38.7,32.0,35.2,2.11,1.07,2.89
5444.0,38.9,31.7,23.7,2.03,1.17,-0.12
5444.25,26.1,25.2,29.7,1.12,0.628,0.3
5444.5,22.1,17.4,23.5,1.41,0.014,0.176
5444.75,24.1,15.1,33.5,1.68,0.104,1.06
5445.0,22.9,17.5,27.6,2.68,0.583,1.35
5445.25,16.1,21.9,19.7,1.58,-0.16,1.04
5445.5,17.0,18.0,25.2,1.19,0.183,2.0
5445.75,16.8,14.5,27.7,0.798,0.447,2.2
5446.0,13.5,20.4,19.8,0.573,1.22,1.87
5446.25,17.6,12.8,21.2,1.1,-0.19,2.1
5446.5,14.8,14.3,21.6,1.01,0.08,2.21
5446.75,15.1,9.66,19.8,0.948,0.141,1.76
5447.0,20.4,16.4,17.4,0.872,1.06,1.28
5447.25,15.5,11.9,18.0,1.16,0.938,1.13
5447.5,13.5,12.9,20.4,1.57,0.783,2.27
5447.75,13.3,11.1,24.2,0.905,0.786,2.49
5448.0,11.2,10.2,16.1,0.694,0.477,1.28
5448.25,18.7,11.6,15.9,0.793,0.395,1.19
5448.5,16.5,11.7,16.0,0.835,0.783,1.42
5448.75,8.54,11.5,15.3,1.05,0.558,1.88
5449.0,11.9,12.2,15.6,0.796,0.444,1.82
5449.25,17.1,12.6,19.3,0.898,0.68,1.42
5449.5,18.7,11.1,12.7,1.24,0.497,1.14
5449.75,13.0,12.4,21.0,1.29,0.92,0.977
5450.0,13.5,11.8,16.3,1.38,0.666,1.2
5450.25,12.8,11.9,17.1,0.645,0.815,1.3
5450.5,14.1,11.4,13.0,1.31,0.923,1.26
5450.75,13.2,10.8,11.1,0.953,0.596,0.944
5451.0,13.1,9.73,10.5,0.712,0.89,1.04
5451.25,12.6,9.01,10.7,0.975,0.666,1.42
5451.5,11.2,8.91,11.7,0.536,0.679,1.32
5451.75,11.2,7.66,10.6,0.876,0.536,1.13
5452.0,12.1,7.18,11.5,0.827,0.621,1.09
5452.25,11.6,7.0,10.5,0.954,0.313,1.51
5452.5,11.7,7.27,11.6,0.834,0.543,1.47
5452.75,11.5,7.16,12.4,0.502,0.489,1.32
5453.0,10.0,7.49,10.8,0.155,0.901,1.14
5453.25,11.0,7.64,10.8,0.348,0.433,1.46
5453.5,11.4,8.35,11.0,1.28,0.608,1.3
5453.75,10.7,8.16,10.9,1.25,0.529,1.8
5454.0,14.1,7.53,10.7,1.02,0.698,0.865
5454.25,15.3,8.01,8.06,0.344,1.11,1.3
5454.5,13.7,8.87,8.55,0.837,0.92,1.01
5454.75,11.0,10.4,8.51,0.665,0.99,1.72
5455.0,7.55,9.13,9.82,0.743,0.72,1.72
5455.25,11.6,7.29,9.6,0.805,0.542,1.52
5455.5,15.8,7.3,9.17,0.592,0.562,1.05
5455.75,7.92,12.9,13.0,1.07,0.89,2.44
5456.0,6.76,7.84,9.9,0.841,0.559,0.494
5456.25,7.08,12.1,10.4,1.06,0.366,1.04
5456.5,6.14,12.7,9.59,0.952,0.445,1.36
5456.75,6.9,6.71,10.1,1.33,0.394,1.02
5457.0,6.23,7.05,8.93,1.26,0.462,0.937
5457.25,7.81,7.72,11.0,1.57,0.00353,1.11
5457.5,7.51,10.3,10.6,0.933,-0.44,1.43
5457.75,10.0,11.0,11.1,0.463,-0.4,1.39
5458.0,11.9,10.7,11.9,1.14,0.0144,1.36
5458.25,14.0,8.46,15.3,2.24,0.546,0.996
5458.5,13.8,9.63,17.3,0.888,0.553,1.59
5458.75,12.9,12.6,12.1,0.445,0.946,1.03
5459.0,9.72,23.8,15.2,0.651,0.783,1.29
5459.25,10.1,15.2,19.2,0.709,0.408,2.28
5459.5,11.0,15.9,16.1,1.14,-0.49,1.28
5459.75,9.46,22.8,13.3,0.95,0.949,1.55
5460.0,11.6,18.9,13.4,1.26,0.57,1.58
5460.25,9.64,10.2,11.9,1.16,0.496,1.13
5460.5,9.59,10.7,12.9,1.82,0.631,1.36
5460.75,9.36,10.7,12.5,1.48,0.507,1.0
5461.0,8.06,8.82,12.9,1.08,0.706,1.04
5461.25,8.36,12.8,11.3,1.21,0.621,1.06
5461.5,9.4,11.8,12.3,1.34,0.591,1.02
5461.75,15.8,13.1,17.3,1.51,0.603,1.34
5462.0,10.9,13.4,14.0,1.49,0.808,1.89
5462.25,12.8,8.83,11.2,1.43,0.345,1.49
5462.5,13.1,10.3,14.6,1.69,0.453,2.04
5462.75,14.5,14.3,17.3,1.57,0.374,3.1
5463.0,15.9,17.4,19.6,1.21,1.82,5.56
5463.25,12.6,25.2,12.4,1.02,2.77,2.86
5463.5,12.7,16.7,8.1,0.983,0.653,1.06
5463.75,12.0,11.2,8.23,1.18,0.44,1.28
5464.0,12.2,10.6,10.5,1.58,0.827,1.65
5464.25,14.7,17.7,9.78,1.45,0.597,0.951
5464.5,9.28,21.9,9.87,1.12,0.701,1.33
5464.75,13.0,14.5,9.5,1.38,0.675,1.38
5465.0,9.07,9.52,10.6,1.22,0.502,1.57
5465.25,12.9,13.4,12.4,1.5,0.43,1.4
5465.5,12.6,11.2,22.5,1.5,0.259,1.74
5465.75,8.59,16.6,24.7,1.27,0.376,3.93
5466.0,22.3,11.0,24.4,1.01,-0.12,3.52
5466.25,17.4,14.2,25.7,0.845,0.275,1.18
5466.5,8.23,13.9,20.3,0.751,0.0997,1.17
5466.75,10.9,13.6,17.8,0.67,0.401,1.46
5467.0,25.8,31.7,19.0,1.36,1.21,1.99
5467.25,16.6,25.8,19.5,2.28,1.17,2.9
5467.5,20.9,11.7,24.3,2.43,0.416,4.31
5467.75,15.2,12.0,13.6,2.09,0.782,1.51
5468.0,9.06,10.8,12.7,0.589,0.768,1.15
5468.25,0.0,0.0,0.0,0.0,0.0,0.0
5468.5,13.8,13.5,15.2,0.857,0.273,3.56
5468.75,0.0,0.0,0.0,0.0,0.0,0.0
5469.0,0.0,0.0,0.0,0.0,0.0,0.0
5469.25,0.0,0.0,0.0,0.0,0.0,0.0
5469.5,0.0,0.0,0.0,0.0,0.0,0.0
5469.75,0.0,0.0,0.0,0.0,0.0,0.0
5470.0,0.0,0.0,0.0,0.0,0.0,0.0
5470.25,0.0,0.0,0.0,0.0,0.0,0.0
5470.5,0.0,0.0,0.0,0.0,0.0,0.0
5470.75,0.0,0.0,0.0,0.0,0.0,0.0
5471.0,0.0,0.0,0.0,0.0,0.0,0.0
5471.25,0.0,0.0,0.0,0.0,0.0,0.0
5471.5,0.0,0.0,0.0,0.0,0.0,0.0
5471.75,0.0,0.0,0.0,0.0,0.0,0.0
5472.0,0.0,0.0,0.0,0.0,0.0,0.0
5472.25,0.0,0.0,0.0,0.0,0.0,0.0
5472.5,0.0,0.0,0.0,0.0,0.0,0.0
5472.75,0.0,0.0,0.0,0.0,0.0,0.0
5473.0,0.0,0.0,0.0,0.0,0.0,0.0
5473.25,0.0,0.0,0.0,0.0,0.0,0.0
5473.5,0.0,0.0,0.0,0.0,0.0,0.0
5473.75,0.0,0.0,0.0,0.0,0.0,0.0
5474.0,0.0,0.0,0.0,0.0,0.0,0.0
5474.25,0.0,0.0,0.0,0.0,0.0,0.0
5474.5,11.1,7.42,10.5,0.675,0.433,1.69
5474.75,0.0,0.0,0.0,0.0,0.0,0.0
5475.0,19.0,7.56,9.49,0.58,0.93,1.89
5475.25,0.0,0.0,0.0,0.0,0.0,0.0
5475.5,0.0,0.0,0.0,0.0,0.0,0.0
5475.75,0.0,0.0,0.0,0.0,0.0,0.0
5476.0,0.0,0.0,0.0,0.0,0.0,0.0
5476.25,0.0,0.0,0.0,0.0,0.0,0.0
5476.5,9.23,5.53,8.01,1.62,0.253,1.98
5476.75,8.97,5.48,7.68,1.25,0.256,1.73
5477.0,0.0,0.0,0.0,0.0,0.0,0.0
5477.25,0.0,0.0,0.0,0.0,0.0,0.0
5477.5,0.0,0.0,0.0,0.0,0.0,0.0
5477.75,0.0,0.0,0.0,0.0,0.0,0.0
5478.0,0.0,0.0,0.0,0.0,0.0,0.0
5478.25,0.0,0.0,0.0,0.0,0.0,0.0
5478.5,0.0,0.0,0.0,0.0,0.0,0.0
5478.75,0.0,0.0,0.0,0.0,0.0,0.0
5479.0,0.0,0.0,0.0,0.0,0.0,0.0
5479.25,0.0,0.0,0.0,0.0,0.0,0.0
5479.5,0.0,0.0,0.0,0.0,0.0,0.0
5479.75,0.0,0.0,0.0,0.0,0.0,0.0
5480.0,0.0,0.0,0.0,0.0,0.0,0.0
5480.25,0.0,0.0,0.0,0.0,0.0,0.0
5480.5,0.0,0.0,0.0,0.0,0.0,0.0
5480.75,0.0,0.0,0.0,0.0,0.0,0.0
5481.0,5.14,12.5,6.17,0.69,0.7,0.78
5481.25,0.0,0.0,0.0,0.0,0.0,0.0
5481.5,0.0,0.0,0.0,0.0,0.0,0.0
5481.75,0.0,0.0,0.0,0.0,0.0,0.0
5482.0,0.0,0.0,0.0,0.0,0.0,0.0
5482.25,0.0,0.0,0.0,0.0,0.0,0.0
5482.5,0.0,0.0,0.0,0.0,0.0,0.0
5482.75,10.8,22.8,7.52,0.81,0.48,1.33
5483.0,7.7,8.24,8.69,0.93,0.74,1.25
5483.25,6.66,11.5,13.1,0.76,0.4,2.48
5483.5,8.32,8.1,18.4,0.827,0.3,3.03
5483.75,12.0,9.96,12.6,1.41,-0.18,2.19
5484.0,16.3,15.6,8.72,2.87,-0.32,1.41
5484.25,13.4,15.5,11.1,3.87,0.397,0.95
5484.5,13.4,11.9,17.1,2.57,0.6,1.2
5484.75,9.23,13.2,27.8,0.888,0.635,1.83
5485.0,17.0,17.3,21.1,2.48,0.468,1.08
5485.25,28.5,15.1,10.7,2.21,0.767,1.62
5485.5,19.6,14.9,21.8,1.26,0.791,1.7
5485.75,21.2,18.5,26.2,2.07,1.02,3.09
5486.0,12.2,27.2,18.9,1.26,1.79,2.24
5486.25,8.01,28.3,15.4,1.55,1.29,1.44
5486.5,10.1,18.4,18.2,1.28,1.42,1.59
5486.75,9.88,20.4,29.7,1.87,0.874,4.46
5487.0,13.8,16.6,13.5,3.22,0.977,1.13
5487.25,8.5,12.7,8.49,1.25,0.9,1.28
5487.5,13.6,14.7,9.9,3.37,1.08,1.34
5487.75,18.4,9.49,12.8,2.44,0.893,1.29
5488.0,17.2,9.08,9.67,1.36,0.436,1.25
5488.25,5.64,15.2,9.15,1.37,1.17,1.07
5488.5,4.32,11.2,8.57,1.35,0.512,1.06
5488.75,5.84,11.4,8.44,1.86,0.401,1.26
5489.0,5.58,10.7,16.3,1.57,0.326,1.41
5489.25,19.8,9.53,16.3,3.95,0.417,1.65
5489.5,18.3,14.9,14.7,2.18,1.88,1.38
5489.75,17.7,21.5,19.3,1.19,1.09,1.2
5490.0,13.5,20.5,28.0,2.26,1.1,3.06
5490.25,12.3,18.0,20.1,2.17,1.35,3.5
5490.5,24.1,17.9,13.7,1.87,0.9,1.57
5490.75,17.7,24.9,21.9,1.45,1.06,2.86
5491.0,14.7,22.7,16.8,1.5,0.825,1.21
5491.25,14.6,18.5,15.5,0.685,1.03,1.2
5491.5,14.2,13.2,26.3,0.948,0.566,3.97
5491.75,15.8,16.6,29.8,2.6,0.712,4.22
5492.0,15.5,18.6,26.5,0.451,1.89,1.5
5492.25,17.6,19.4,36.7,0.582,2.06,2.47
5492.5,27.6,20.0,36.5,1.51,0.383,3.22
5492.75,28.5,17.3,27.2,0.93,0.389,1.44
5493.0,39.5,21.1,31.1,0.799,1.08,1.59
5493.25,25.1,23.8,28.5,0.758,2.04,1.98
5493.5,28.6,27.2,32.1,1.03,2.7,2.35
5493.75,26.2,29.8,26.2,1.0,2.22,2.56
5494.0,17.7,23.5,21.6,0.726,1.61,1.59
5494.25,18.9,20.4,24.3,1.24,2.19,1.37
5494.5,21.7,23.4,32.1,0.938,1.28,4.8
5494.75,26.0,27.1,33.0,1.2,1.35,3.64
5495.0,23.0,22.4,20.3,1.88,0.524,1.52
5495.25,18.1,21.4,17.5,1.26,-0.15,2.19
5495.5,19.0,25.2,14.4,0.932,0.305,1.52
5495.75,16.9,21.3,31.9,0.827,0.375,3.98
5496.0,19.0,21.1,25.8,1.4,-0.019,1.81
5496.25,18.2,15.1,18.7,1.34,0.05,1.43
5496.5,16.3,17.0,17.6,1.17,-0.23,1.18
5496.75,14.2,13.8,13.6,0.998,0.522,0.702
5497.0,17.0,12.0,12.2,0.669,0.88,0.967
5497.25,21.6,10.6,11.8,2.16,0.93,1.46
5497.5,15.6,12.1,11.1,1.22,0.675,1.55
5497.75,16.8,10.3,8.55,0.752,0.941,0.793
5498.0,15.9,9.22,8.6,0.781,0.545,1.09
5498.25,14.1,10.4,7.81,0.9,0.715,1.11
5498.5,14.2,10.8,7.78,1.05,1.06,1.04
5498.75,12.4,9.99,7.91,1.21,1.09,1.27
5499.0,12.1,10.4,7.82,0.875,0.843,1.23
5499.25,12.1,10.9,8.02,0.841,0.568,1.35
5499.5,12.2,11.0,8.03,0.828,0.467,1.34
5499.75,12.7,10.9,8.73,0.736,0.707,1.15
5500.0,12.5,11.1,9.0,1.38,0.703,1.36
5500.25,11.4,11.2,8.7,0.604,0.915,1.07
5500.5,11.5,11.1,8.81,0.774,0.581,1.31
5500.75,10.9,10.7,8.97,0.91,0.438,1.44
5501.0,11.8,10.7,9.13,0.842,0.567,1.61
5501.25,10.8,10.4,8.98,1.13,0.359,1.53
5501.5,10.3,10.6,7.93,0.963,0.554,1.51
5501.75,9.84,14.6,6.8,0.755,0.536,1.24
5502.0,8.76,11.5,8.05,0.506,0.346,1.5
5502.25,11.3,9.83,19.6,0.521,0.928,1.65
5502.5,11.2,15.1,9.21,0.505,1.03,1.29
5502.75,9.24,13.8,9.75,0.513,1.2,1.51
5503.0,8.6,15.3,12.7,1.2,1.62,1.22
5503.25,17.2,17.7,16.7,1.36,1.88,1.86
5503.5,15.0,19.1,12.6,0.824,0.896,0.944
5503.75,7.65,20.1,11.1,0.88,0.78,-0.34
5504.0,10.3,11.0,8.9,1.38,0.543,0.537
5504.25,10.9,10.2,9.45,1.01,0.956,0.777
5504.5,8.0,8.38,10.5,1.09,0.814,0.625
5504.75,15.7,18.3,12.7,3.58,1.2,0.624
5505.0,7.55,7.94,8.56,1.36,0.587,0.385
5505.25,9.89,11.8,9.62,1.53,0.246,0.6
5505.5,9.89,17.3,18.8,1.57,0.509,0.49
5505.75,9.71,10.5,14.5,1.08,0.589,1.01
5506.0,13.0,15.6,13.0,1.17,0.586,0.662
5506.25,15.5,18.8,17.3,1.16,0.449,0.479
5506.5,11.5,11.5,10.6,1.55,1.78,0.877
5506.75,10.2,6.58,11.1,1.63,0.753,0.911
5507.0,10.5,9.43,12.7,1.29,1.31,1.44
5507.25,13.0,7.94,17.7,2.12,0.539,1.65
5507.5,18.2,13.9,9.65,2.46,0.824,1.53
5507.75,13.0,10.6,10.5,2.68,1.03,1.85
5508.0,16.2,17.2,8.12,1.46,0.719,1.49
5508.25,14.3,18.1,9.29,1.14,1.1,1.49
5508.5,17.9,15.5,10.1,1.13,0.896,2.3
5508.75,18.3,11.4,14.2,2.89,0.817,2.93
5509.0,17.6,8.93,10.3,1.89,0.316,1.62
5509.25,10.7,9.38,8.42,1.36,0.317,2.05
5509.5,14.1,7.72,7.77,1.74,0.711,1.95
5509.75,8.66,8.46,7.69,1.67,0.67,1.32
5510.0,7.81,6.93,11.2,1.79,0.36,1.4
5510.25,9.73,7.46,7.42,1.87,0.203,1.23
5510.5,9.27,8.26,8.34,1.24,0.275,1.73
5510.75,9.55,6.55,10.3,1.4,0.602,1.6
5511.0,10.4,13.6,14.9,1.47,0.849,1.49
5511.25,7.61,6.95,19.3,1.38,0.81,1.27
5511.5,7.93,11.3,14.1,1.64,1.12,1.22
5511.75,6.88,16.2,14.4,1.01,1.88,1.47
5512.0,9.28,10.7,12.3,1.4,0.0738,1.38
5512.25,12.1,15.8,13.3,1.62,0.478,1.13
5512.5,11.0,16.5,31.5,1.35,0.875,1.71
5512.75,16.1,15.7,19.1,1.18,0.904,1.61
5513.0,22.9,11.6,18.5,1.26,0.673,2.03
5513.25,13.9,23.5,24.0,1.12,0.865,1.65
5513.5,15.4,23.1,25.1,0.99,1.87,1.18
5513.75,19.9,18.7,23.5,1.08,0.802,2.36
5514.0,23.8,13.8,25.1,1.6,0.755,1.62
5514.25,21.1,19.8,26.1,1.88,0.394,1.63
5514.5,15.8,22.1,19.5,1.33,1.15,0.932
5514.75,12.6,22.3,30.1,1.02,2.19,1.55
5515.0,21.7,31.9,23.8,1.75,0.965,1.19
5515.25,22.6,31.3,35.0,1.63,1.03,1.47
5515.5,33.4,25.9,31.6,2.75,1.39,0.451
5515.75,33.8,25.4,38.8,4.25,2.08,2.68
5516.0,36.5,20.5,36.6,2.23,1.58,1.01
5516.25,38.3,35.1,33.9,2.04,4.1,0.572
5516.5,36.7,29.1,27.6,2.42,2.58,1.1
5516.75,36.6,31.6,26.9,2.42,1.43,2.92
5517.0,35.3,31.3,31.7,2.5,0.821,4.86
5517.25,25.1,33.9,32.5,1.87,2.57,5.17
5517.5,21.7,17.8,33.4,0.898,0.467,3.05
5517.75,27.4,27.5,29.1,1.24,2.78,1.59
5518.0,39.2,27.3,30.4,1.63,1.57,1.29
5518.25,36.2,28.4,31.2,1.78,0.374,1.38
5518.5,24.5,22.4,35.2,1.57,1.39,2.12
5518.75,23.6,14.9,57.1,1.92,0.54,6.85
5519.0,28.6,24.6,30.5,2.34,0.8,3.51
5519.25,23.8,24.9,29.8,1.42,0.752,3.38
5519.5,22.6,30.7,18.5,0.858,0.274,1.38
5519.75,28.2,19.4,18.5,1.24,-0.47,2.03
5520.0,22.1,16.6,21.3,1.27,0.389,2.2
5520.25,21.5,16.3,20.1,1.63,0.801,2.12
5520.5,15.4,16.2,15.2,1.63,0.679,1.59
5520.75,27.0,16.4,20.1,1.71,0.404,2.77
5521.0,17.4,15.2,20.1,1.7,0.697,2.6
5521.25,12.4,13.5,16.5,1.73,0.976,1.89
5521.5,11.6,13.7,15.2,1.48,1.25,1.32
5521.75,10.5,13.6,15.9,1.48,1.06,1.57
5522.0,8.92,12.2,13.3,0.997,0.589,1.27
5522.25,9.77,10.9,13.7,1.06,0.141,1.6
5522.5,9.42,11.1,14.0,1.22,0.344,1.87
5522.75,9.97,11.3,13.1,1.22,0.848,1.36
5523.0,9.98,11.4,14.4,1.26,0.965,1.59
5523.25,11.0,11.6,14.0,1.59,1.04,1.83
5523.5,9.54,12.2,14.2,1.12,0.606,1.85
5523.75,10.2,11.0,13.5,1.4,0.615,1.66
5524.0,11.1,11.0,12.5,1.89,0.431,1.52
5524.25,9.92,10.7,12.5,1.34,0.382,1.57
5524.5,10.6,11.0,13.1,1.25,0.685,2.14
5524.75,10.3,11.2,13.3,1.27,0.562,2.08
5525.0,9.66,11.1,12.1,1.18,0.472,1.73
5525.25,9.44,11.2,11.6,1.35,0.736,1.91
5525.5,7.86,10.9,10.9,0.72,0.42,1.38
5525.75,0.0,0.0,0.0,0.0,0.0,0.0
5526.0,0.0,0.0,0.0,0.0,0.0,0.0
5526.25,0.0,0.0,0.0,0.0,0.0,0.0
5526.5,0.0,0.0,0.0,0.0,0.0,0.0
5526.75,0.0,0.0,0.0,0.0,0.0,0.0
5527.0,0.0,0.0,0.0,0.0,0.0,0.0
5527.25,9.09,19.1,9.93,1.06,2.79,1.77
5527.5,0.0,0.0,0.0,0.0,0.0,0.0
5527.75,0.0,0.0,0.0,0.0,0.0,0.0
5528.0,0.0,0.0,0.0,0.0,0.0,0.0
5528.25,9.38,5.57,12.0,1.21,0.355,1.46
5528.5,7.59,5.04,21.9,1.02,0.745,1.25
5528.75,7.19,7.18,17.2,1.26,0.19,2.35
5529.0,12.7,8.61,22.1,1.12,0.0925,2.61
5529.25,10.0,19.3,23.4,1.19,-0.005,1.9
5529.5,6.31,23.6,25.1,1.21,0.585,5.06
5529.75,5.73,15.8,19.2,1.03,2.56,1.56
5530.0,6.18,14.3,20.1,1.05,2.43,1.56
5530.25,0.0,0.0,0.0,0.0,0.0,0.0
5530.5,12.2,6.17,16.5,1.4,0.72,1.64
5530.75,12.1,5.54,16.6,1.26,0.7,1.64
5531.0,12.3,6.86,22.9,1.29,0.69,1.61
5531.25,7.13,9.14,17.0,0.925,0.31,0.41
5531.5,0.0,0.0,0.0,0.0,0.0,0.0
5531.75,14.4,8.61,22.1,1.66,-0.38,1.31
5532.0,10.4,11.4,18.3,1.15,-0.22,1.13
5532.25,14.2,12.2,21.0,1.36,0.0625,2.77
5532.5,18.5,11.4,12.9,1.5,0.44,1.64
5532.75,7.05,7.53,17.0,0.59,1.07,1.5
5533.0,7.51,5.54,7.44,0.45,0.67,0.57
5533.25,8.61,20.8,7.94,1.07,3.24,1.14
5533.5,7.75,10.2,9.41,0.96,0.09,2.07
5533.75,8.76,6.39,8.96,1.22,-0.25,1.46
5534.0,10.5,8.43,7.62,1.42,0.13,1.05
5534.25,17.6,8.17,10.9,1.82,-0.34,1.21
5534.5,19.9,9.15,11.3,2.47,-0.21,1.28
5534.75,0.0,0.0,0.0,0.0,0.0,0.0
5535.0,0.0,0.0,0.0,0.0,0.0,0.0
5535.25,18.2,14.3,16.4,1.22,0.55,1.58
5535.5,25.0,23.9,21.1,1.44,1.81,2.88
5535.75,0.0,0.0,0.0,0.0,0.0,0.0
5536.0,37.9,18.7,9.97,1.62,1.13,0.71
5536.25,25.3,12.3,11.6,1.65,0.79,1.29
5536.5,0.0,0.0,0.0,0.0,0.0,0.0
5536.75,0.0,0.0,0.0,0.0,0.0,0.0
5537.0,0.0,0.0,0.0,0.0,0.0,0.0
5537.25,0.0,0.0,0.0,0.0,0.0,0.0
5537.5,0.0,0.0,0.0,0.0,0.0,0.0
5537.75,0.0,0.0,0.0,0.0,0.0,0.0
5538.0,0.0,0.0,0.0,0.0,0.0,0.0
5538.25,0.0,0.0,0.0,0.0,0.0,0.0
5538.5,0.0,0.0,0.0,0.0,0.0,0.0
5538.75,0.0,0.0,0.0,0.0,0.0,0.0
5539.0,0.0,0.0,0.0,0.0,0.0,0.0
5539.25,0.0,0.0,0.0,0.0,0.0,0.0
5539.5,30.0,42.2,37.8,3.65,2.63,2.94
5539.75,17.7,26.8,38.9,1.37,0.593,4.49
5540.0,16.2,33.5,32.0,0.96,0.68,2.39
5540.25,0.0,0.0,0.0,0.0,0.0,0.0
5540.5,0.0,0.0,0.0,0.0,0.0,0.0
5540.75,0.0,0.0,0.0,0.0,0.0,0.0
5541.0,30.4,32.8,17.6,1.51,1.69,1.52
5541.25,28.7,37.5,35.0,1.5,2.58,5.01
5541.5,22.7,41.5,47.7,1.38,2.88,4.59
5541.75,22.3,32.4,45.9,1.21,0.627,3.71
5542.0,21.1,24.4,26.5,1.11,0.67,3.73
5542.25,0.0,0.0,0.0,0.0,0.0,0.0
5542.5,0.0,0.0,0.0,0.0,0.0,0.0
5542.75,0.0,0.0,0.0,0.0,0.0,0.0
5543.0,0.0,0.0,0.0,0.0,0.0,0.0
5543.25,0.0,0.0,0.0,0.0,0.0,0.0
5543.5,0.0,0.0,0.0,0.0,0.0,0.0
5543.75,23.1,23.6,20.9,1.42,-0.27,1.22
5544.0,30.3,15.3,18.0,2.1,0.585,2.78
5544.25,21.6,14.8,26.3,2.01,0.764,2.31
5544.5,24.7,15.4,14.3,1.46,0.813,2.2
5544.75,16.3,15.3,13.6,1.62,0.731,1.1
5545.0,15.1,16.5,12.9,1.54,1.54,1.4
5545.25,14.1,13.5,14.0,1.15,0.437,1.92
5545.5,18.8,13.8,12.4,2.29,0.903,1.37
5545.75,13.7,13.3,11.6,1.55,0.726,1.71
5546.0,11.6,12.4,12.1,1.22,0.395,1.86
5546.25,12.2,12.5,10.7,1.21,0.806,1.61
5546.5,11.3,12.1,9.36,1.84,0.36,1.68
5546.75,10.5,11.9,11.9,2.04,0.36,1.25
5547.0,8.67,11.6,12.4,1.15,0.248,1.76
5547.25,9.93,12.3,13.6,2.05,0.56,1.6
5547.5,10.5,12.2,9.81,1.53,0.65,1.38
5547.75,8.74,14.7,10.3,1.3,0.315,1.36
5548.0,8.88,10.4,10.1,1.47,0.425,1.59
5548.25,10.8,10.8,9.61,1.39,0.75,1.44
5548.5,10.6,10.8,9.54,1.77,0.66,1.25
5548.75,8.67,10.1,10.3,1.24,0.26,1.43
5549.0,9.76,10.1,10.5,1.34,0.533,1.42
5549.25,9.61,9.93,8.85,0.905,0.575,1.06
5549.5,10.4,10.4,9.65,0.98,0.4,1.46
5549.75,8.82,10.5,12.0,0.818,0.717,1.24
5550.0,8.75,10.1,12.6,1.03,0.713,1.69
5550.25,11.6,9.95,14.0,1.18,0.963,1.56
5550.5,0.0,0.0,0.0,0.0,0.0,0.0
5550.75,20.1,15.3,10.3,1.83,0.345,1.77
5551.0,12.8,17.2,21.4,1.07,2.61,1.94
5551.25,16.1,19.0,20.2,1.34,0.835,1.98
5551.5,12.3,13.8,18.0,1.5,1.81,2.79
5551.75,15.4,13.0,16.4,1.74,0.66,1.69
5552.0,15.3,19.6,15.3,1.22,0.746,1.8
5552.25,14.7,16.3,15.5,1.47,0.505,1.29
5552.5,13.2,10.3,12.8,1.67,0.04,1.16
5552.75,10.8,12.6,8.6,0.875,-0.19,1.28
5553.0,13.6,10.9,15.9,0.99,0.105,1.64
5553.25,8.5,14.7,12.6,1.28,0.535,0.943
5553.5,10.2,12.9,10.1,1.0,1.04,1.44
5553.75,9.59,11.4,11.3,1.41,0.75,1.56
5554.0,13.2,14.2,21.7,1.76,0.643,3.65
5554.25,0.0,0.0,0.0,0.0,0.0,0.0
5554.5,15.8,7.44,9.28,1.65,0.713,0.533
5554.75,7.32,5.58,6.94,1.63,0.71,0.96
5555.0,7.63,11.0,11.7,0.72,1.73,1.39
5555.25,10.4,8.61,13.3,0.905,0.9,1.19
5555.5,15.7,15.5,15.9,1.06,0.99,1.26
5555.75,10.1,12.3,18.0,1.58,2.36,2.5
5556.0,10.1,11.2,16.8,1.56,1.56,3.81
5556.25,10.5,7.34,14.9,1.12,0.52,1.34
5556.5,16.3,9.37,15.4,1.53,0.395,1.56
5556.75,11.7,9.71,10.6,1.57,0.47,0.97
5557.0,8.22,15.4,16.7,1.22,0.43,1.98
5557.25,11.8,16.7,7.93,1.49,1.22,1.57
5557.5,12.1,21.5,14.2,1.33,1.68,1.35
5557.75,0.0,0.0,0.0,0.0,0.0,0.0
5558.0,11.7,10.5,10.7,1.13,0.03,1.05
5558.25,11.9,13.5,9.58,0.88,-0.005,1.21
5558.5,17.3,25.8,7.93,1.52,1.24,0.98
5558.75,15.4,14.2,7.65,1.27,0.913,1.18
5559.0,21.2,23.6,7.03,2.69,0.54,1.01
5559.25,24.3,14.9,13.7,2.91,0.41,1.21
5559.5,21.4,14.3,10.4,2.93,1.04,1.4
5559.75,27.2,21.2,11.4,1.69,0.5,3.75
5560.0,15.0,12.8,15.0,1.27,0.888,1.34
5560.25,21.0,11.9,9.56,1.55,0.664,0.874
5560.5,30.6,12.3,14.2,1.65,0.54,1.3
5560.75,25.0,23.0,17.2,1.4,0.245,0.931
5561.0,26.0,16.9,14.6,1.11,0.02,1.04
5561.25,29.9,16.1,7.7,2.98,0.118,0.872
5561.5,18.7,14.8,17.2,1.26,0.0814,1.58
5561.75,28.9,14.1,13.9,1.14,-0.2,1.21
5562.0,30.7,16.6,25.0,1.57,-0.24,1.47
5562.25,27.4,36.3,13.2,0.675,2.03,0.855
5562.5,24.8,28.2,14.0,0.677,1.71,0.984
5562.75,0.0,0.0,0.0,0.0,0.0,0.0
5563.0,0.0,0.0,0.0,0.0,0.0,0.0
5563.25,0.0,0.0,0.0,0.0,0.0,0.0
5563.5,0.0,0.0,0.0,0.0,0.0,0.0
5563.75,34.3,29.3,20.0,0.51,1.04,1.14
5564.0,0.0,0.0,0.0,0.0,0.0,0.0
5564.25,0.0,0.0,0.0,0.0,0.0,0.0
5564.5,25.6,31.3,23.2,1.56,1.5,3.39
5564.75,24.6,40.5,24.8,0.915,0.605,2.2
5565.0,22.3,36.7,30.7,0.64,2.27,2.19
5565.25,0.0,0.0,0.0,0.0,0.0,0.0
5565.5,32.1,35.4,28.3,1.52,0.18,3.69
5565.75,43.1,31.5,25.3,4.39,0.27,0.365
5566.0,25.2,29.6,20.8,0.905,0.75,0.685
5566.25,26.8,29.5,27.8,1.42,0.965,1.9
5566.5,31.5,22.5,21.8,0.775,0.125,3.16
5566.75,0.0,0.0,0.0,0.0,0.0,0.0
5567.0,26.8,23.7,20.3,2.94,0.0,4.36
5567.25,26.6,16.8,22.4,0.62,-0.17,1.59
5567.5,25.5,26.5,29.6,1.86,0.887,3.41
5567.75,23.5,19.4,18.5,1.25,0.73,0.94
5568.0,27.5,16.6,27.5,1.04,0.54,2.0
5568.25,16.4,17.4,29.3,1.31,0.57,4.51
5568.5,21.3,20.6,12.8,0.873,0.907,0.983
5568.75,0.0,0.0,0.0,0.0,0.0,0.0
5569.0,0.0,0.0,0.0,0.0,0.0,0.0
5569.25,14.4,10.2,22.0,0.7,0.61,2.0
5569.5,13.3,9.9,14.9,0.562,0.482,1.51
5569.75,0.0,0.0,0.0,0.0,0.0,0.0
5570.0,0.0,0.0,0.0,0.0,0.0,0.0
5570.25,0.0,0.0,0.0,0.0,0.0,0.0
5570.5,23.8,8.13,13.3,1.47,0.14,2.6
5570.75,0.0,0.0,0.0,0.0,0.0,0.0
5571.0,0.0,0.0,0.0,0.0,0.0,0.0
5571.25,0.0,0.0,0.0,0.0,0.0,0.0
5571.5,0.0,0.0,0.0,0.0,0.0,0.0
5571.75,0.0,0.0,0.0,0.0,0.0,0.0
5572.0,0.0,0.0,0.0,0.0,0.0,0.0
5572.25,0.0,0.0,0.0,0.0,0.0,0.0
5572.5,0.0,0.0,0.0,0.0,0.0,0.0
5572.75,0.0,0.0,0.0,0.0,0.0,0.0
5573.0,0.0,0.0,0.0,0.0,0.0,0.0
5573.25,0.0,0.0,0.0,0.0,0.0,0.0
5573.5,0.0,0.0,0.0,0.0,0.0,0.0
5573.75,0.0,0.0,0.0,0.0,0.0,0.0
5574.0,0.0,0.0,0.0,0.0,0.0,0.0
5574.25,0.0,0.0,0.0,0.0,0.0,0.0
5574.5,0.0,0.0,0.0,0.0,0.0,0.0
5574.75,0.0,0.0,0.0,0.0,0.0,0.0
5575.0,0.0,0.0,0.0,0.0,0.0,0.0
5575.25,0.0,0.0,0.0,0.0,0.0,0.0
5575.5,0.0,0.0,0.0,0.0,0.0,0.0
5575.75,0.0,0.0,0.0,0.0,0.0,0.0
5576.0,0.0,0.0,0.0,0.0,0.0,0.0
5576.25,0.0,0.0,0.0,0.0,0.0,0.0
5576.5,0.0,0.0,0.0,0.0,0.0,0.0
5576.75,0.0,0.0,0.0,0.0,0.0,0.0
5577.0,0.0,0.0,0.0,0.0,0.0,0.0
5577.25,0.0,0.0,0.0,0.0,0.0,0.0
5577.5,0.0,0.0,0.0,0.0,0.0,0.0
5577.75,0.0,0.0,0.0,0.0,0.0,0.0
5578.0,0.0,0.0,0.0,0.0,0.0,0.0
5578.25,8.36,17.3,10.4,1.39,0.43,1.65
5578.5,8.03,13.7,14.8,1.06,-0.092,1.08
5578.75,11.6,9.22,10.8,1.33,0.019,1.41
5579.0,16.2,9.95,11.0,1.54,0.432,1.61
5579.25,9.23,11.6,9.0,1.3,1.03,1.54
5579.5,15.8,6.85,17.4,1.12,-0.25,2.49
5579.75,14.0,9.86,21.8,0.92,-0.13,1.97
5580.0,14.7,14.1,13.5,2.56,1.41,1.69
5580.25,11.0,5.36,8.45,1.38,0.322,0.878
5580.5,12.4,6.58,14.2,1.87,0.736,1.6
5580.75,16.7,6.23,21.7,1.43,1.08,1.36
5581.0,10.9,10.9,10.7,2.1,0.88,1.41
5581.25,5.47,14.8,15.4,1.61,0.57,1.84
5581.5,5.18,5.07,11.5,1.25,0.362,1.6
5581.75,6.03,7.4,14.5,1.64,0.112,1.11
5582.0,8.24,10.3,12.6,1.7,0.312,1.45
5582.25,5.98,12.0,9.53,1.01,0.348,1.18
5582.5,7.27,3.62,9.75,0.582,0.748,2.04
5582.75,15.0,4.91,18.1,1.28,0.992,1.44
5583.0,9.25,11.4,8.56,1.44,1.89,1.35
5583.25,7.4,15.6,4.44,0.768,1.86,0.979
5583.5,6.25,10.0,7.25,1.06,0.993,1.02
5583.75,5.19,7.4,14.9,0.534,0.66,1.81
5584.0,4.74,9.01,12.1,0.7,0.72,1.23
5584.25,8.89,9.08,14.6,1.61,0.913,1.42
5584.5,5.64,22.2,16.3,1.24,1.77,1.83
5584.75,7.42,17.5,8.41,1.46,1.83,1.16
5585.0,10.2,10.6,11.3,1.92,1.67,1.37
5585.25,12.5,19.2,18.2,1.48,1.1,3.57
5585.5,12.5,19.1,28.1,1.8,0.848,4.38
5585.75,12.5,24.3,16.3,0.698,2.23,2.23
5586.0,27.7,23.0,14.6,0.929,0.724,1.8
5586.25,22.9,22.6,16.0,1.65,0.79,2.36
5586.5,16.6,17.4,29.2,1.73,1.86,1.23
5586.75,32.6,22.1,43.1,3.39,3.84,3.88
5587.0,26.5,14.6,24.6,2.05,0.91,1.32
5587.25,24.3,18.1,22.1,4.14,0.95,1.92
5587.5,25.4,19.8,23.9,3.0,3.39,1.31
5587.75,10.8,17.0,27.8,1.81,1.37,0.644
5588.0,19.4,28.9,16.2,2.76,2.59,0.389
5588.25,20.6,23.8,26.6,2.76,0.615,0.769
5588.5,13.0,27.3,23.4,1.32,1.9,1.04
5588.75,13.9,25.7,30.0,1.5,1.47,2.33
5589.0,12.3,30.9,31.4,0.411,1.25,1.63
5589.25,26.6,19.5,30.5,1.83,0.767,1.93
5589.5,0.0,0.0,0.0,0.0,0.0,0.0
5589.75,0.0,0.0,0.0,0.0,0.0,0.0
5590.0,16.2,18.9,43.2,0.882,1.53,1.89
5590.25,25.0,22.5,24.9,1.95,2.81,1.23
5590.5,25.1,14.7,33.3,1.35,0.77,3.77
5590.75,20.0,16.2,32.4,1.38,0.895,2.78
5591.0,13.5,20.2,36.2,1.21,0.697,4.24
5591.25,0.0,0.0,0.0,0.0,0.0,0.0
5591.5,15.9,10.7,15.9,1.33,0.39,2.5
5591.75,0.0,0.0,0.0,0.0,0.0,0.0
5592.0,0.0,0.0,0.0,0.0,0.0,0.0
5592.25,0.0,0.0,0.0,0.0,0.0,0.0
5592.5,0.0,0.0,0.0,0.0,0.0,0.0
5592.75,0.0,0.0,0.0,0.0,0.0,0.0
5593.0,0.0,0.0,0.0,0.0,0.0,0.0
5593.25,0.0,0.0,0.0,0.0,0.0,0.0
5593.5,9.36,6.48,13.7,0.68,0.81,1.75
5593.75,0.0,0.0,0.0,0.0,0.0,0.0
5594.0,0.0,0.0,0.0,0.0,0.0,0.0
5594.25,0.0,0.0,0.0,0.0,0.0,0.0
5594.5,7.14,7.44,10.8,0.79,0.87,0.98
5594.75,0.0,0.0,0.0,0.0,0.0,0.0
5595.0,0.0,0.0,0.0,0.0,0.0,0.0
5595.25,0.0,0.0,0.0,0.0,0.0,0.0
5595.5,0.0,0.0,0.0,0.0,0.0,0.0
5595.75,0.0,0.0,0.0,0.0,0.0,0.0
5596.0,0.0,0.0,0.0,0.0,0.0,0.0
5596.25,0.0,0.0,0.0,0.0,0.0,0.0
5596.5,0.0,0.0,0.0,0.0,0.0,0.0
5596.75,0.0,0.0,0.0,0.0,0.0,0.0
5597.0,5.4,7.61,9.69,0.67,0.54,1.58
5597.25,0.0,0.0,0.0,0.0,0.0,0.0
5597.5,0.0,0.0,0.0,0.0,0.0,0.0
5597.75,0.0,0.0,0.0,0.0,0.0,0.0
5598.0,0.0,0.0,0.0,0.0,0.0,0.0
5598.25,0.0,0.0,0.0,0.0,0.0,0.0
5598.5,0.0,0.0,0.0,0.0,0.0,0.0
5598.75,0.0,0.0,0.0,0.0,0.0,0.0
5599.0,0.0,0.0,0.0,0.0,0.0,0.0
5599.25,0.0,0.0,0.0,0.0,0.0,0.0
5599.5,13.5,5.3,28.1,0.86,0.21,1.96
5599.75,0.0,0.0,0.0,0.0,0.0,0.0
5600.0,0.0,0.0,0.0,0.0,0.0,0.0
5600.25,0.0,0.0,0.0,0.0,0.0,0.0
5600.5,0.0,0.0,0.0,0.0,0.0,0.0
5600.75,0.0,0.0,0.0,0.0,0.0,0.0
5601.0,0.0,0.0,0.0,0.0,0.0,0.0
5601.25,0.0,0.0,0.0,0.0,0.0,0.0
5601.5,0.0,0.0,0.0,0.0,0.0,0.0
5601.75,0.0,0.0,0.0,0.0,0.0,0.0
5602.0,0.0,0.0,0.0,0.0,0.0,0.0
5602.25,0.0,0.0,0.0,0.0,0.0,0.0
5602.5,0.0,0.0,0.0,0.0,0.0,0.0
5602.75,0.0,0.0,0.0,0.0,0.0,0.0
5603.0,0.0,0.0,0.0,0.0,0.0,0.0
5603.25,0.0,0.0,0.0,0.0,0.0,0.0
5603.5,20.0,14.8,32.6,1.01,1.79,5.0
5603.75,28.6,19.3,22.7,3.61,1.38,3.13
5604.0,15.1,8.08,22.2,1.01,0.925,3.87
5604.25,22.3,12.4,17.2,3.28,0.797,2.28
5604.5,0.0,0.0,0.0,0.0,0.0,0.0
5604.75,0.0,0.0,0.0,0.0,0.0,0.0
5605.0,8.06,15.9,25.6,1.42,1.01,3.82
5605.25,8.13,14.5,24.9,1.25,1.15,3.25
5605.5,12.1,12.9,5.7,0.84,0.6,1.68
5605.75,5.16,13.7,7.32,1.06,0.773,1.4
5606.0,14.0,5.82,13.2,1.53,0.18,1.55
5606.25,5.16,6.16,9.98,0.8,0.84,1.61
5606.5,7.24,6.72,13.8,1.23,1.13,2.04
5606.75,5.63,7.07,9.92,1.64,0.695,1.84
5607.0,8.95,8.12,12.0,1.43,2.21,1.83
5607.25,11.3,8.46,7.97,1.14,2.14,1.59
5607.5,8.73,13.3,8.27,1.62,2.55,1.79
5607.75,11.3,7.88,11.1,1.49,1.94,1.9
5608.0,7.8,5.65,23.7,1.63,0.93,1.89
5608.25,4.71,6.4,9.36,1.57,1.14,1.63
5608.5,7.62,5.79,6.01,1.64,1.59,1.35
5608.75,7.36,6.22,11.9,1.44,1.28,3.35
5609.0,6.9,10.8,13.4,1.08,3.49,2.33
5609.25,7.73,8.34,19.0,1.42,1.44,1.47
5609.5,7.18,8.97,7.09,1.11,1.29,1.28
5609.75,0.0,0.0,0.0,0.0,0.0,0.0
5610.0,0.0,0.0,0.0,0.0,0.0,0.0
5610.25,0.0,0.0,0.0,0.0,0.0,0.0
5610.5,0.0,0.0,0.0,0.0,0.0,0.0
5610.75,7.66,4.45,14.8,1.06,0.31,1.5
5611.0,14.1,10.5,24.6,3.5,2.53,2.25
5611.25,15.1,9.78,21.2,3.69,3.28,1.94
5611.5,0.0,0.0,0.0,0.0,0.0,0.0
5611.75,7.67,7.83,22.9,0.435,0.575,1.82
5612.0,19.4,13.2,21.0,2.13,0.71,1.73
5612.25,16.5,26.3,13.0,2.25,2.61,1.54
5612.5,16.7,17.3,15.1,1.5,0.85,2.71
5612.75,21.4,8.07,14.7,2.11,0.947,2.95
5613.0,39.8,22.2,13.4,4.94,2.96,3.66
5613.25,29.0,11.2,12.8,2.51,0.72,3.86
5613.5,23.9,18.4,21.7,1.17,0.96,3.96
5613.75,8.47,15.3,8.45,1.37,0.34,1.79
5614.0,11.8,11.9,19.3,1.83,0.806,3.98
5614.25,0.0,0.0,0.0,0.0,0.0,0.0
5614.5,0.0,0.0,0.0,0.0,0.0,0.0
5614.75,0.0,0.0,0.0,0.0,0.0,0.0
5615.0,0.0,0.0,0.0,0.0,0.0,0.0
5615.25,0.0,0.0,0.0,0.0,0.0,0.0
5615.5,0.0,0.0,0.0,0.0,0.0,0.0
5615.75,0.0,0.0,0.0,0.0,0.0,0.0
5616.0,0.0,0.0,0.0,0.0,0.0,0.0
5616.25,0.0,0.0,0.0,0.0,0.0,0.0
5616.5,0.0,0.0,0.0,0.0,0.0,0.0
5616.75,7.39,10.5,10.3,0.92,0.34,1.4
5617.0,0.0,0.0,0.0,0.0,0.0,0.0
5617.25,0.0,0.0,0.0,0.0,0.0,0.0
5617.5,0.0,0.0,0.0,0.0,0.0,0.0
5617.75,8.89,6.92,8.67,1.3,0.66,1.9
5618.0,11.6,6.61,9.79,1.94,0.76,2.0
5618.25,4.94,6.58,7.33,0.667,0.71,2.27
5618.5,4.47,6.27,7.28,0.365,0.7,2.3
5618.75,0.0,0.0,0.0,0.0,0.0,0.0
5619.0,4.56,6.5,7.9,0.62,0.947,1.54
5619.25,4.36,6.88,7.87,0.367,1.14,1.52
5619.5,0.0,0.0,0.0,0.0,0.0,0.0
5619.75,0.0,0.0,0.0,0.0,0.0,0.0
5620.0,5.62,5.76,5.84,1.38,0.74,1.48
5620.25,0.0,0.0,0.0,0.0,0.0,0.0
5620.5,0.0,0.0,0.0,0.0,0.0,0.0
5620.75,0.0,0.0,0.0,0.0,0.0,0.0
5621.0,0.0,0.0,0.0,0.0,0.0,0.0
5621.25,0.0,0.0,0.0,0.0,0.0,0.0
5621.5,0.0,0.0,0.0,0.0,0.0,0.0
5621.75,0.0,0.0,0.0,0.0,0.0,0.0
5622.0,0.0,0.0,0.0,0.0,0.0,0.0
5622.25,0.0,0.0,0.0,0.0,0.0,0.0
5622.5,0.0,0.0,0.0,0.0,0.0,0.0
5622.75,0.0,0.0,0.0,0.0,0.0,0.0
5623.0,0.0,0.0,0.0,0.0,0.0,0.0
5623.25,0.0,0.0,0.0,0.0,0.0,0.0
5623.5,0.0,0.0,0.0,0.0,0.0,0.0
5623.75,0.0,0.0,0.0,0.0,0.0,0.0
5624.0,0.0,0.0,0.0,0.0,0.0,0.0
5624.25,0.0,0.0,0.0,0.0,0.0,0.0
5624.5,0.0,0.0,0.0,0.0,0.0,0.0
5624.75,0.0,0.0,0.0,0.0,0.0,0.0
5625.0,0.0,0.0,0.0,0.0,0.0,0.0
5625.25,0.0,0.0,0.0,0.0,0.0,0.0
5625.5,0.0,0.0,0.0,0.0,0.0,0.0
5625.75,0.0,0.0,0.0,0.0,0.0,0.0
5626.0,0.0,0.0,0.0,0.0,0.0,0.0
5626.25,0.0,0.0,0.0,0.0,0.0,0.0
5626.5,0.0,0.0,0.0,0.0,0.0,0.0
5626.75,0.0,0.0,0.0,0.0,0.0,0.0
5627.0,0.0,0.0,0.0,0.0,0.0,0.0
5627.25,23.7,27.0,14.3,0.94,3.11,1.82
5627.5,0.0,0.0,0.0,0.0,0.0,0.0
5627.75,0.0,0.0,0.0,0.0,0.0,0.0
5628.0,0.0,0.0,0.0,0.0,0.0,0.0
5628.25,9.79,22.5,25.4,0.933,0.557,3.74
5628.5,0.0,0.0,0.0,0.0,0.0,0.0
5628.75,0.0,0.0,0.0,0.0,0.0,0.0
5629.0,10.1,13.5,15.8,1.51,1.27,1.71
5629.25,0.0,0.0,0.0,0.0,0.0,0.0
5629.5,0.0,0.0,0.0,0.0,0.0,0.0
5629.75,0.0,0.0,0.0,0.0,0.0,0.0
5630.0,0.0,0.0,0.0,0.0,0.0,0.0
5630.25,0.0,0.0,0.0,0.0,0.0,0.0
5630.5,0.0,0.0,0.0,0.0,0.0,0.0
5630.75,14.5,21.1,25.3,1.14,1.86,2.96
5631.0,0.0,0.0,0.0,0.0,0.0,0.0
5631.25,0.0,0.0,0.0,0.0,0.0,0.0
5631.5,0.0,0.0,0.0,0.0,0.0,0.0
5631.75,0.0,0.0,0.0,0.0,0.0,0.0
5632.0,18.2,12.0,31.8,2.24,-0.45,2.97
5632.25,0.0,0.0,0.0,0.0,0.0,0.0
5632.5,14.7,15.9,16.3,1.3,0.126,1.4
5632.75,10.7,18.5,21.3,0.982,0.35,1.56
5633.0,16.2,21.9,17.6,1.08,0.756,1.3
5633.25,18.1,15.6,15.2,1.22,0.664,1.24
5633.5,18.5,13.2,21.2,1.8,0.82,2.03
5633.75,0.0,0.0,0.0,0.0,0.0,0.0
5634.0,0.0,0.0,0.0,0.0,0.0,0.0
5634.25,25.9,15.3,29.4,1.76,0.28,2.68
5634.5,14.5,12.0,18.1,0.68,0.32,2.11
5634.75,0.0,0.0,0.0,0.0,0.0,0.0
5635.0,13.2,15.5,17.8,1.17,0.586,2.18
5635.25,21.1,24.0,13.0,1.74,0.625,1.14
5635.5,20.8,19.0,30.5,1.27,0.25,3.49
5635.75,15.9,20.0,28.0,1.56,0.879,2.59
5636.0,17.9,28.6,36.6,0.54,0.61,3.49
5636.25,0.0,0.0,0.0,0.0,0.0,0.0
5636.5,0.0,0.0,0.0,0.0,0.0,0.0
5636.75,0.0,0.0,0.0,0.0,0.0,0.0
5637.0,0.0,0.0,0.0,0.0,0.0,0.0
5637.25,0.0,0.0,0.0,0.0,0.0,0.0
5637.5,0.0,0.0,0.0,0.0,0.0,0.0
5637.75,0.0,0.0,0.0,0.0,0.0,0.0
5638.0,0.0,0.0,0.0,0.0,0.0,0.0
5638.25,0.0,0.0,0.0,0.0,0.0,0.0
5638.5,0.0,0.0,0.0,0.0,0.0,0.0
5638.75,0.0,0.0,0.0,0.0,0.0,0.0
5639.0,0.0,0.0,0.0,0.0,0.0,0.0
5639.25,0.0,0.0,0.0,0.0,0.0,0.0
5639.5,0.0,0.0,0.0,0.0,0.0,0.0
5639.75,0.0,0.0,0.0,0.0,0.0,0.0
5640.0,0.0,0.0,0.0,0.0,0.0,0.0
5640.25,0.0,0.0,0.0,0.0,0.0,0.0
5640.5,0.0,0.0,0.0,0.0,0.0,0.0
5640.75,0.0,0.0,0.0,0.0,0.0,0.0
5641.0,0.0,0.0,0.0,0.0,0.0,0.0
5641.25,0.0,0.0,0.0,0.0,0.0,0.0
5641.5,0.0,0.0,0.0,0.0,0.0,0.0
5641.75,0.0,0.0,0.0,0.0,0.0,0.0
5642.0,0.0,0.0,0.0,0.0,0.0,0.0
5642.25,0.0,0.0,0.0,0.0,0.0,0.0
5642.5,0.0,0.0,0.0,0.0,0.0,0.0
5642.75,0.0,0.0,0.0,0.0,0.0,0.0
5643.0,0.0,0.0,0.0,0.0,0.0,0.0
5643.25,0.0,0.0,0.0,0.0,0.0,0.0
5643.5,0.0,0.0,0.0,0.0,0.0,0.0
5643.75,0.0,0.0,0.0,0.0,0.0,0.0
5644.0,0.0,0.0,0.0,0.0,0.0,0.0
5644.25,0.0,0.0,0.0,0.0,0.0,0.0
5644.5,0.0,0.0,0.0,0.0,0.0,0.0
5644.75,0.0,0.0,0.0,0.0,0.0,0.0
5645.0,0.0,0.0,0.0,0.0,0.0,0.0
5645.25,0.0,0.0,0.0,0.0,0.0,0.0
5645.5,0.0,0.0,0.0,0.0,0.0,0.0
5645.75,0.0,0.0,0.0,0.0,0.0,0.0
5646.0,0.0,0.0,0.0,0.0,0.0,0.0
5646.25,10.3,11.6,11.1,0.194,0.59,1.53
5646.5,10.3,12.0,12.9,0.401,0.993,1.63
5646.75,10.4,13.7,9.46,1.23,0.723,1.78
5647.0,0.0,0.0,0.0,0.0,0.0,0.0
5647.25,0.0,0.0,0.0,0.0,0.0,0.0
5647.5,11.6,9.14,8.47,0.83,0.68,1.15
5647.75,11.0,9.78,8.45,0.34,0.606,1.75
5648.0,10.9,13.9,9.72,0.28,1.85,1.67
5648.25,0.0,0.0,0.0,0.0,0.0,0.0
5648.5,0.0,0.0,0.0,0.0,0.0,0.0
5648.75,0.0,0.0,0.0,0.0,0.0,0.0
5649.0,0.0,0.0,0.0,0.0,0.0,0.0
5649.25,0.0,0.0,0.0,0.0,0.0,0.0
5649.5,0.0,0.0,0.0,0.0,0.0,0.0
5649.75,0.0,0.0,0.0,0.0,0.0,0.0
5650.0,0.0,0.0,0.0,0.0,0.0,0.0
5650.25,0.0,0.0,0.0,0.0,0.0,0.0
5650.5,0.0,0.0,0.0,0.0,0.0,0.0
5650.75,0.0,0.0,0.0,0.0,0.0,0.0
5651.0,17.1,13.4,20.7,1.96,0.879,4.6
5651.25,20.8,11.4,13.0,3.21,-0.45,2.29
5651.5,7.42,15.0,21.6,0.9,0.046,3.36
5651.75,15.5,14.4,15.5,0.969,0.774,1.85
5652.0,0.0,0.0,0.0,0.0,0.0,0.0
5652.25,0.0,0.0,0.0,0.0,0.0,0.0
5652.5,13.0,18.3,21.1,1.16,1.0,2.53
5652.75,11.5,16.0,20.3,1.19,0.775,2.38
5653.0,16.2,12.7,19.5,1.34,0.898,2.38
5653.25,11.9,13.9,14.6,1.4,0.54,1.61
5653.5,10.6,17.3,16.5,1.06,0.488,1.69
5653.75,0.0,0.0,0.0,0.0,0.0,0.0
5654.0,0.0,0.0,0.0,0.0,0.0,0.0
5654.25,0.0,0.0,0.0,0.0,0.0,0.0
5654.5,0.0,0.0,0.0,0.0,0.0,0.0
5654.75,14.3,15.9,25.2,0.736,1.01,4.29
5655.0,13.5,23.4,16.4,1.11,0.898,3.7
5655.25,0.0,0.0,0.0,0.0,0.0,0.0
5655.5,13.7,15.8,18.6,1.18,1.13,1.86
5655.75,0.0,0.0,0.0,0.0,0.0,0.0
5656.0,0.0,0.0,0.0,0.0,0.0,0.0
5656.25,0.0,0.0,0.0,0.0,0.0,0.0
5656.5,0.0,0.0,0.0,0.0,0.0,0.0
5656.75,0.0,0.0,0.0,0.0,0.0,0.0
5657.0,0.0,0.0,0.0,0.0,0.0,0.0
5657.25,0.0,0.0,0.0,0.0,0.0,0.0
5657.5,0.0,0.0,0.0,0.0,0.0,0.0
5657.75,0.0,0.0,0.0,0.0,0.0,0.0
5658.0,0.0,0.0,0.0,0.0,0.0,0.0
5658.25,0.0,0.0,0.0,0.0,0.0,0.0
5658.5,0.0,0.0,0.0,0.0,0.0,0.0
5658.75,0.0,0.0,0.0,0.0,0.0,0.0
5659.0,0.0,0.0,0.0,0.0,0.0,0.0
5659.25,0.0,0.0,0.0,0.0,0.0,0.0
5659.5,0.0,0.0,0.0,0.0,0.0,0.0
5659.75,0.0,0.0,0.0,0.0,0.0,0.0
5660.0,0.0,0.0,0.0,0.0,0.0,0.0
5660.25,0.0,0.0,0.0,0.0,0.0,0.0
5660.5,0.0,0.0,0.0,0.0,0.0,0.0
5660.75,0.0,0.0,0.0,0.0,0.0,0.0
5661.0,0.0,0.0,0.0,0.0,0.0,0.0
5661.25,0.0,0.0,0.0,0.0,0.0,0.0
5661.5,0.0,0.0,0.0,0.0,0.0,0.0
5661.75,0.0,0.0,0.0,0.0,0.0,0.0
5662.0,0.0,0.0,0.0,0.0,0.0,0.0
5662.25,0.0,0.0,0.0,0.0,0.0,0.0
5662.5,0.0,0.0,0.0,0.0,0.0,0.0
5662.75,0.0,0.0,0.0,0.0,0.0,0.0
5663.0,0.0,0.0,0.0,0.0,0.0,0.0
5663.25,0.0,0.0,0.0,0.0,0.0,0.0
5663.5,0.0,0.0,0.0,0.0,0.0,0.0
5663.75,0.0,0.0,0.0,0.0,0.0,0.0
5664.0,0.0,0.0,0.0,0.0,0.0,0.0
5664.25,0.0,0.0,0.0,0.0,0.0,0.0
5664.5,0.0,0.0,0.0,0.0,0.0,0.0
5664.75,0.0,0.0,0.0,0.0,0.0,0.0
5665.0,0.0,0.0,0.0,0.0,0.0,0.0
5665.25,0.0,0.0,0.0,0.0,0.0,0.0
5665.5,0.0,0.0,0.0,0.0,0.0,0.0
5665.75,0.0,0.0,0.0,0.0,0.0,0.0
5666.0,0.0,0.0,0.0,0.0,0.0,0.0
5666.25,0.0,0.0,0.0,0.0,0.0,0.0
5666.5,0.0,0.0,0.0,0.0,0.0,0.0
5666.75,0.0,0.0,0.0,0.0,0.0,0.0
5667.0,0.0,0.0,0.0,0.0,0.0,0.0
5667.25,0.0,0.0,0.0,0.0,0.0,0.0
5667.5,0.0,0.0,0.0,0.0,0.0,0.0
5667.75,0.0,0.0,0.0,0.0,0.0,0.0
5668.0,0.0,0.0,0.0,0.0,0.0,0.0
5668.25,0.0,0.0,0.0,0.0,0.0,0.0
5668.5,0.0,0.0,0.0,0.0,0.0,0.0
5668.75,0.0,0.0,0.0,0.0,0.0,0.0
5669.0,0.0,0.0,0.0,0.0,0.0,0.0
5669.25,0.0,0.0,0.0,0.0,0.0,0.0
5669.5,0.0,0.0,0.0,0.0,0.0,0.0
5669.75,0.0,0.0,0.0,0.0,0.0,0.0
5670.0,0.0,0.0,0.0,0.0,0.0,0.0
5670.25,0.0,0.0,0.0,0.0,0.0,0.0
5670.5,0.0,0.0,0.0,0.0,0.0,0.0
5670.75,0.0,0.0,0.0,0.0,0.0,0.0
5671.0,0.0,0.0,0.0,0.0,0.0,0.0
5671.25,14.6,20.5,12.3,1.29,1.04,0.642
5671.5,0.0,0.0,0.0,0.0,0.0,0.0
5671.75,0.0,0.0,0.0,0.0,0.0,0.0
5672.0,0.0,0.0,0.0,0.0,0.0,0.0
5672.25,0.0,0.0,0.0,0.0,0.0,0.0
5672.5,0.0,0.0,0.0,0.0,0.0,0.0
5672.75,0.0,0.0,0.0,0.0,0.0,0.0
5673.0,8.83,11.9,19.7,0.775,-0.6,1.83
5673.25,9.3,11.1,9.11,0.91,-0.43,1.64
5673.5,0.0,0.0,0.0,0.0,0.0,0.0
5673.75,0.0,0.0,0.0,0.0,0.0,0.0
5674.0,0.0,0.0,0.0,0.0,0.0,0.0
5674.25,0.0,0.0,0.0,0.0,0.0,0.0
5674.5,0.0,0.0,0.0,0.0,0.0,0.0
5674.75,18.7,10.8,14.6,0.22,-0.16,1.24
5675.0,14.9,16.8,19.5,0.773,0.777,2.2
5675.25,13.9,18.8,25.3,0.969,1.74,2.38
5675.5,16.7,9.97,22.3,0.757,0.73,2.33
5675.75,17.5,11.4,13.6,0.974,0.924,2.06
5676.0,16.1,7.63,10.8,1.32,0.533,1.14
5676.25,15.5,10.9,22.0,2.3,-0.012,1.09
5676.5,11.4,12.6,16.3,0.988,0.447,1.53
5676.75,15.2,13.4,23.7,1.65,0.946,0.926
5677.0,17.5,17.0,13.6,0.886,0.545,0.453
5677.25,13.3,19.0,12.7,0.852,0.955,0.983
5677.5,15.4,7.76,15.8,1.19,-0.06,1.25
5677.75,12.7,8.44,11.9,0.97,0.459,0.846
5678.0,13.4,7.62,8.93,1.19,0.426,0.407
5678.25,13.6,10.3,16.1,1.19,0.68,0.99
5678.5,12.6,9.49,16.6,1.61,0.485,1.45
5678.75,15.0,10.2,17.2,2.54,0.726,0.838
5679.0,23.7,8.1,21.8,3.43,0.61,0.5
5679.25,30.4,9.11,17.7,1.85,0.938,0.583
5679.5,25.9,11.9,18.6,1.8,1.98,0.761
5679.75,15.0,8.53,13.7,1.35,0.448,0.622
5680.0,14.9,13.7,15.7,1.39,0.762,0.309
5680.25,16.7,15.0,17.5,1.41,0.61,0.163
5680.5,16.5,11.8,18.3,1.26,0.553,1.02
5680.75,16.9,13.0,22.9,1.15,1.97,0.311
5681.0,17.8,11.1,25.9,1.54,0.621,1.07
5681.25,27.3,28.1,23.1,2.12,0.515,0.236
5681.5,17.5,36.5,18.3,1.53,0.393,0.283
5681.75,0.0,0.0,0.0,0.0,0.0,0.0
5682.0,0.0,0.0,0.0,0.0,0.0,0.0
5682.25,0.0,0.0,0.0,0.0,0.0,0.0
5682.5,0.0,0.0,0.0,0.0,0.0,0.0
5682.75,0.0,0.0,0.0,0.0,0.0,0.0
5683.0,0.0,0.0,0.0,0.0,0.0,0.0
5683.25,0.0,0.0,0.0,0.0,0.0,0.0
5683.5,0.0,0.0,0.0,0.0,0.0,0.0
5683.75,0.0,0.0,0.0,0.0,0.0,0.0
5684.0,0.0,0.0,0.0,0.0,0.0,0.0
5684.25,0.0,0.0,0.0,0.0,0.0,0.0
5684.5,0.0,0.0,0.0,0.0,0.0,0.0
5684.75,0.0,0.0,0.0,0.0,0.0,0.0
5685.0,0.0,0.0,0.0,0.0,0.0,0.0
5685.25,0.0,0.0,0.0,0.0,0.0,0.0
5685.5,0.0,0.0,0.0,0.0,0.0,0.0
5685.75,0.0,0.0,0.0,0.0,0.0,0.0
5686.0,0.0,0.0,0.0,0.0,0.0,0.0
5686.25,0.0,0.0,0.0,0.0,0.0,0.0
5686.5,0.0,0.0,0.0,0.0,0.0,0.0
5686.75,0.0,0.0,0.0,0.0,0.0,0.0
5687.0,0.0,0.0,0.0,0.0,0.0,0.0
5687.25,0.0,0.0,0.0,0.0,0.0,0.0
5687.5,0.0,0.0,0.0,0.0,0.0,0.0
5687.75,0.0,0.0,0.0,0.0,0.0,0.0
5688.0,0.0,0.0,0.0,0.0,0.0,0.0
5688.25,0.0,0.0,0.0,0.0,0.0,0.0
5688.5,0.0,0.0,0.0,0.0,0.0,0.0
5688.75,0.0,0.0,0.0,0.0,0.0,0.0
5689.0,0.0,0.0,0.0,0.0,0.0,0.0
5689.25,0.0,0.0,0.0,0.0,0.0,0.0
5689.5,0.0,0.0,0.0,0.0,0.0,0.0
5689.75,0.0,0.0,0.0,0.0,0.0,0.0
5690.0,0.0,0.0,0.0,0.0,0.0,0.0
5690.25,0.0,0.0,0.0,0.0,0.0,0.0
5690.5,0.0,0.0,0.0,0.0,0.0,0.0
5690.75,0.0,0.0,0.0,0.0,0.0,0.0
5691.0,0.0,0.0,0.0,0.0,0.0,0.0
5691.25,0.0,0.0,0.0,0.0,0.0,0.0
5691.5,0.0,0.0,0.0,0.0,0.0,0.0
5691.75,0.0,0.0,0.0,0.0,0.0,0.0
5692.0,0.0,0.0,0.0,0.0,0.0,0.0
5692.25,0.0,0.0,0.0,0.0,0.0,0.0
5692.5,0.0,0.0,0.0,0.0,0.0,0.0
5692.75,0.0,0.0,0.0,0.0,0.0,0.0
5693.0,0.0,0.0,0.0,0.0,0.0,0.0
5693.25,0.0,0.0,0.0,0.0,0.0,0.0
5693.5,0.0,0.0,0.0,0.0,0.0,0.0
5693.75,0.0,0.0,0.0,0.0,0.0,0.0
5694.0,0.0,0.0,0.0,0.0,0.0,0.0
5694.25,0.0,0.0,0.0,0.0,0.0,0.0
5694.5,0.0,0.0,0.0,0.0,0.0,0.0
5694.75,0.0,0.0,0.0,0.0,0.0,0.0
5695.0,0.0,0.0,0.0,0.0,0.0,0.0
5695.25,0.0,0.0,0.0,0.0,0.0,0.0
5695.5,0.0,0.0,0.0,0.0,0.0,0.0
5695.75,0.0,0.0,0.0,0.0,0.0,0.0
5696.0,0.0,0.0,0.0,0.0,0.0,0.0
5696.25,0.0,0.0,0.0,0.0,0.0,0.0
5696.5,18.7,14.4,14.6,0.82,-0.31,0.965
5696.75,11.6,11.4,28.9,0.708,-0.17,3.0
5697.0,16.3,7.64,23.2,1.21,-0.26,1.37
5697.25,13.3,13.1,22.1,0.915,-0.44,1.17
5697.5,0.0,0.0,0.0,0.0,0.0,0.0
5697.75,0.0,0.0,0.0,0.0,0.0,0.0
5698.0,0.0,0.0,0.0,0.0,0.0,0.0
5698.25,0.0,0.0,0.0,0.0,0.0,0.0
5698.5,0.0,0.0,0.0,0.0,0.0,0.0
5698.75,14.3,6.46,12.6,2.09,1.13,1.11
5699.0,15.3,9.88,17.6,1.35,0.498,1.4
5699.25,10.8,13.7,22.2,1.33,1.21,1.64
5699.5,13.7,15.7,17.8,2.41,0.59,1.08
5699.75,0.0,0.0,0.0,0.0,0.0,0.0
5700.0,0.0,0.0,0.0,0.0,0.0,0.0
5700.25,17.3,9.97,20.3,1.45,0.896,1.26
5700.5,9.72,9.99,17.3,1.27,0.455,1.47
5700.75,6.36,9.78,15.1,0.697,-0.31,1.04
5701.0,0.0,0.0,0.0,0.0,0.0,0.0
5701.25,8.95,18.7,16.0,1.31,-0.08,1.25
5701.5,7.75,10.1,7.09,1.21,0.49,0.73
5701.75,7.73,7.72,9.14,0.74,-0.16,1.26
5702.0,8.38,15.1,10.2,0.89,0.78,1.54
5702.25,9.31,3.93,20.8,0.58,0.63,1.08
5702.5,15.1,4.68,10.9,1.03,-0.02,1.29
5702.75,15.1,14.3,13.3,0.98,0.98,1.88
5703.0,21.0,11.5,13.0,0.76,0.507,1.09
5703.25,12.2,8.21,12.5,0.67,0.42,0.84
5703.5,20.4,14.4,15.1,0.463,0.88,0.977
5703.75,16.2,13.6,22.5,1.46,0.975,1.23
5704.0,15.2,9.79,13.8,1.25,-0.2,1.3
5704.25,14.9,17.3,19.4,0.97,0.31,1.77
5704.5,21.5,23.6,14.3,1.14,0.54,0.96
5704.75,0.0,0.0,0.0,0.0,0.0,0.0
5705.0,0.0,0.0,0.0,0.0,0.0,0.0
5705.25,0.0,0.0,0.0,0.0,0.0,0.0
5705.5,0.0,0.0,0.0,0.0,0.0,0.0
5705.75,0.0,0.0,0.0,0.0,0.0,0.0
5706.0,0.0,0.0,0.0,0.0,0.0,0.0
5706.25,0.0,0.0,0.0,0.0,0.0,0.0
5706.5,0.0,0.0,0.0,0.0,0.0,0.0
5706.75,0.0,0.0,0.0,0.0,0.0,0.0
5707.0,0.0,0.0,0.0,0.0,0.0,0.0
5707.25,0.0,0.0,0.0,0.0,0.0,0.0
5707.5,0.0,0.0,0.0,0.0,0.0,0.0
5707.75,0.0,0.0,0.0,0.0,0.0,0.0
5708.0,0.0,0.0,0.0,0.0,0.0,0.0
5708.25,0.0,0.0,0.0,0.0,0.0,0.0
5708.5,0.0,0.0,0.0,0.0,0.0,0.0
5708.75,0.0,0.0,0.0,0.0,0.0,0.0
5709.0,0.0,0.0,0.0,0.0,0.0,0.0
5709.25,0.0,0.0,0.0,0.0,0.0,0.0
5709.5,0.0,0.0,0.0,0.0,0.0,0.0
5709.75,0.0,0.0,0.0,0.0,0.0,0.0
5710.0,0.0,0.0,0.0,0.0,0.0,0.0
5710.25,0.0,0.0,0.0,0.0,0.0,0.0
5710.5,0.0,0.0,0.0,0.0,0.0,0.0
5710.75,0.0,0.0,0.0,0.0,0.0,0.0
5711.0,0.0,0.0,0.0,0.0,0.0,0.0
5711.25,0.0,0.0,0.0,0.0,0.0,0.0
5711.5,0.0,0.0,0.0,0.0,0.0,0.0
5711.75,0.0,0.0,0.0,0.0,0.0,0.0
5712.0,0.0,0.0,0.0,0.0,0.0,0.0
5712.25,0.0,0.0,0.0,0.0,0.0,0.0
5712.5,0.0,0.0,0.0,0.0,0.0,0.0
5712.75,0.0,0.0,0.0,0.0,0.0,0.0
5713.0,0.0,0.0,0.0,0.0,0.0,0.0
5713.25,0.0,0.0,0.0,0.0,0.0,0.0
5713.5,0.0,0.0,0.0,0.0,0.0,0.0
5713.75,19.1,11.4,14.6,0.78,0.64,1.3
5714.0,0.0,0.0,0.0,0.0,0.0,0.0
5714.25,0.0,0.0,0.0,0.0,0.0,0.0
5714.5,0.0,0.0,0.0,0.0,0.0,0.0
5714.75,0.0,0.0,0.0,0.0,0.0,0.0
5715.0,0.0,0.0,0.0,0.0,0.0,0.0
5715.25,0.0,0.0,0.0,0.0,0.0,0.0
5715.5,0.0,0.0,0.0,0.0,0.0,0.0
5715.75,0.0,0.0,0.0,0.0,0.0,0.0
5716.0,0.0,0.0,0.0,0.0,0.0,0.0
5716.25,0.0,0.0,0.0,0.0,0.0,0.0
5716.5,0.0,0.0,0.0,0.0,0.0,0.0
5716.75,0.0,0.0,0.0,0.0,0.0,0.0
5717.0,0.0,0.0,0.0,0.0,0.0,0.0
5717.25,0.0,0.0,0.0,0.0,0.0,0.0
5717.5,0.0,0.0,0.0,0.0,0.0,0.0
5717.75,0.0,0.0,0.0,0.0,0.0,0.0
5718.0,14.4,12.6,15.0,0.24,0.115,1.4
5718.25,0.0,0.0,0.0,0.0,0.0,0.0
5718.5,20.5,12.3,15.1,1.05,0.151,1.22
5718.75,18.9,12.1,15.4,1.25,-0.17,1.59
5719.0,17.5,10.0,22.4,1.14,-0.38,1.48
5719.25,0.0,0.0,0.0,0.0,0.0,0.0
5719.5,0.0,0.0,0.0,0.0,0.0,0.0
5719.75,0.0,0.0,0.0,0.0,0.0,0.0
5720.0,23.6,20.1,13.3,1.09,-0.13,0.423
5720.25,0.0,0.0,0.0,0.0,0.0,0.0
5720.5,17.2,11.1,10.9,0.57,-0.2,0.14
5720.75,10.7,18.3,9.69,1.25,-0.19,1.0
5721.0,11.9,12.8,8.92,1.61,0.269,0.951
5721.25,12.0,11.5,10.6,1.23,0.709,0.621
5721.5,11.5,12.0,15.4,0.472,0.858,1.68
5721.75,13.0,11.3,13.9,0.941,0.819,1.42
5722.0,14.3,12.4,11.0,1.45,0.93,1.08
5722.25,14.7,18.5,27.6,0.84,1.38,1.11
5722.5,16.5,17.7,18.3,1.35,3.36,1.49
5722.75,22.0,11.1,17.4,1.22,0.637,1.2
5723.0,19.1,7.57,12.0,1.26,0.384,0.965
5723.25,16.3,6.74,10.0,1.06,0.405,0.848
5723.5,15.0,8.3,12.4,1.12,0.373,0.727
5723.75,17.0,9.57,23.3,1.26,0.92,1.82
5724.0,11.9,20.0,9.72,0.9,-0.29,1.22
5724.25,12.4,15.0,15.1,0.6,-0.22,1.42
5724.5,10.3,9.72,14.2,1.08,0.665,1.32
5724.75,16.7,13.5,16.0,1.06,1.82,1.35
5725.0,9.27,9.64,13.4,0.884,1.02,1.16
5725.25,11.6,14.7,10.3,0.697,0.38,0.94
5725.5,15.2,15.9,9.34,0.73,1.66,1.0
5725.75,21.1,11.1,7.97,0.65,0.215,0.465
5726.0,10.6,14.0,12.6,0.537,-0.26,0.717
5726.25,9.4,12.9,13.0,1.12,-0.21,0.798
5726.5,8.98,12.8,9.7,1.39,-0.8,0.605
5726.75,9.13,11.2,10.6,0.95,-0.48,1.59
5727.0,8.53,11.4,10.3,0.83,-0.85,1.3
5727.25,10.1,10.8,15.3,1.81,-0.39,1.37
5727.5,19.5,12.2,18.1,1.67,-0.11,3.07
5727.75,7.07,15.2,9.32,0.48,2.13,1.14
5728.0,11.4,17.9,16.2,1.17,1.16,2.2
5728.25,17.6,20.3,12.9,0.944,1.2,1.59
5728.5,18.1,34.2,14.5,1.47,2.09,0.82
5728.75,11.9,17.8,19.9,1.72,0.298,1.15
5729.0,14.1,11.7,26.8,1.67,-0.67,1.8
5729.25,16.9,19.2,21.8,1.27,-0.51,1.75
5729.5,10.1,20.7,12.6,1.64,-0.87,0.965
5729.75,7.57,14.5,8.92,1.2,0.0567,1.13
5730.0,21.2,23.7,11.8,1.41,0.49,1.28
5730.25,30.4,14.7,17.1,1.41,-0.12,1.22
5730.5,21.6,26.7,8.74,1.49,0.36,0.29
5730.75,11.7,31.8,15.1,1.07,0.68,0.17
5731.0,0.0,0.0,0.0,0.0,0.0,0.0
5731.25,24.8,32.5,16.6,2.18,0.83,3.14
5731.5,0.0,0.0,0.0,0.0,0.0,0.0
5731.75,0.0,0.0,0.0,0.0,0.0,0.0
5732.0,0.0,0.0,0.0,0.0,0.0,0.0
5732.25,0.0,0.0,0.0,0.0,0.0,0.0
5732.5,0.0,0.0,0.0,0.0,0.0,0.0
5732.75,0.0,0.0,0.0,0.0,0.0,0.0
5733.0,29.1,41.3,26.2,2.87,2.86,2.04
5733.25,21.9,45.4,29.7,2.52,2.52,2.09
5733.5,0.0,0.0,0.0,0.0,0.0,0.0
5733.75,40.6,31.0,35.6,2.8,-0.16,1.93
5734.0,0.0,0.0,0.0,0.0,0.0,0.0
5734.25,24.8,23.7,24.2,1.69,-0.3,0.23
5734.5,35.5,26.0,30.2,1.53,1.46,0.525
5734.75,0.0,0.0,0.0,0.0,0.0,0.0
5735.0,32.7,20.4,31.0,1.48,0.82,0.81
5735.25,0.0,0.0,0.0,0.0,0.0,0.0
5735.5,45.3,24.4,31.3,3.38,3.02,1.5
5735.75,0.0,0.0,0.0,0.0,0.0,0.0
5736.0,23.2,16.5,23.2,1.03,1.06,3.13
5736.25,21.8,21.5,22.1,0.915,1.33,1.74
5736.5,18.8,16.5,16.8,1.12,0.92,2.25
5736.75,24.0,15.5,22.7,0.62,0.21,0.77
5737.0,0.0,0.0,0.0,0.0,0.0,0.0
5737.25,20.6,13.9,13.9,1.27,0.56,1.35
5737.5,0.0,0.0,0.0,0.0,0.0,0.0
5737.75,0.0,0.0,0.0,0.0,0.0,0.0
5738.0,0.0,0.0,0.0,0.0,0.0,0.0
5738.25,12.6,13.3,15.8,1.17,0.4,2.05
5738.5,0.0,0.0,0.0,0.0,0.0,0.0
5738.75,10.7,12.6,13.8,0.95,0.763,1.13
5739.0,12.7,12.1,10.3,0.784,0.546,0.193
5739.25,11.8,12.3,10.2,0.325,0.735,1.48
5739.5,12.9,10.4,11.6,0.68,0.64,1.28
5739.75,0.0,0.0,0.0,0.0,0.0,0.0
5740.0,0.0,0.0,0.0,0.0,0.0,0.0
5740.25,12.9,9.49,7.3,1.18,0.678,1.08
5740.5,12.1,9.55,7.64,0.985,0.82,0.908
5740.75,12.2,10.1,6.98,0.685,0.715,1.32
5741.0,0.0,0.0,0.0,0.0,0.0,0.0
5741.25,0.0,0.0,0.0,0.0,0.0,0.0
5741.5,14.3,9.46,7.42,0.735,0.565,1.37
5741.75,14.7,15.4,9.05,1.58,0.9,0.36
5742.0,17.3,9.11,12.7,1.03,0.213,1.98
5742.25,14.6,8.79,11.3,0.843,0.393,1.35
5742.5,18.0,7.12,14.6,1.71,0.502,1.37
5742.75,13.1,20.1,13.7,0.555,2.53,1.67
5743.0,15.0,7.33,22.1,0.48,0.51,0.575
5743.25,17.1,8.91,23.2,0.647,0.627,0.47
5743.5,13.1,11.1,23.3,1.04,0.12,2.67
5743.75,17.4,9.83,24.1,1.61,0.245,1.92
5744.0,13.6,8.14,16.7,1.97,-0.69,0.38
5744.25,12.4,9.35,14.5,1.23,-0.34,0.323
5744.5,10.0,8.34,17.9,1.17,0.658,0.62
5744.75,12.5,6.09,17.5,1.14,0.99,1.19
5745.0,0.0,0.0,0.0,0.0,0.0,0.0
5745.25,9.41,13.3,9.6,0.793,0.63,0.57
5745.5,14.4,12.6,11.6,1.04,0.596,0.736
5745.75,9.19,6.18,18.3,1.1,0.33,0.36
5746.0,16.6,4.91,27.4,2.71,0.6,1.96
5746.25,17.3,6.13,19.6,3.02,0.86,2.59
5746.5,9.51,4.79,19.1,1.3,0.62,3.43
5746.75,15.1,6.01,14.3,2.07,0.313,1.75
5747.0,9.14,5.93,9.73,1.63,0.153,0.797
5747.25,8.82,11.0,8.18,0.92,0.19,1.26
5747.5,15.8,22.5,6.93,1.57,0.27,0.425
5747.75,8.65,15.7,17.3,0.855,1.88,1.07
5748.0,12.9,8.91,13.6,1.15,0.454,1.78
5748.25,0.0,0.0,0.0,0.0,0.0,0.0
5748.5,13.7,8.74,12.4,2.09,0.142,1.31
5748.75,14.0,16.3,9.94,2.19,0.306,1.37
5749.0,13.1,17.4,11.4,1.18,0.39,0.98
5749.25,9.2,6.81,11.1,1.99,0.703,1.27
5749.5,8.52,8.97,9.27,1.6,0.526,1.54
5749.75,13.6,7.22,9.86,1.8,0.544,1.04
5750.0,5.28,7.36,10.0,1.43,0.897,1.39
5750.25,6.66,6.28,9.89,1.73,0.782,1.46
5750.5,7.84,5.44,6.46,1.42,0.454,1.48
5750.75,14.9,7.01,5.62,1.35,0.157,1.13
5751.0,17.1,8.23,9.86,1.06,-0.018,1.19
5751.25,11.9,10.8,14.0,1.2,0.489,1.83
5751.5,6.56,10.4,7.67,1.38,0.188,1.97
5751.75,13.8,12.1,8.34,1.2,1.35,1.71
5752.0,12.6,16.3,5.03,0.65,0.736,1.02
5752.25,17.3,15.5,11.6,2.19,2.14,2.44
5752.5,17.9,30.1,7.15,0.613,3.48,1.26
5752.75,10.4,28.5,14.6,0.916,2.07,1.5
5753.0,10.3,15.6,19.9,1.42,0.987,1.75
5753.25,17.4,29.3,9.52,1.79,1.37,0.877
5753.5,15.5,33.5,19.2,1.61,1.1,2.25
5753.75,17.8,17.7,9.93,1.47,1.03,1.78
5754.0,15.5,24.1,14.0,1.4,2.51,3.54
5754.25,14.1,16.6,18.9,1.24,0.818,5.24
5754.5,0.0,0.0,0.0,0.0,0.0,0.0
5754.75,0.0,0.0,0.0,0.0,0.0,0.0
5755.0,0.0,0.0,0.0,0.0,0.0,0.0
5755.25,0.0,0.0,0.0,0.0,0.0,0.0
5755.5,0.0,0.0,0.0,0.0,0.0,0.0
5755.75,0.0,0.0,0.0,0.0,0.0,0.0
5756.0,24.8,35.6,45.8,1.92,3.19,2.12
5756.25,17.8,28.5,26.8,2.61,1.37,1.61
5756.5,15.4,35.3,29.6,1.6,1.45,2.76
5756.75,20.0,43.7,44.6,0.892,2.36,2.83
5757.0,17.5,19.9,27.5,1.07,2.15,0.86
5757.25,20.1,28.4,24.3,2.47,3.26,1.26
5757.5,29.1,25.9,22.1,3.41,2.6,1.77
5757.75,18.7,22.5,24.8,1.83,1.42,2.02
5758.0,18.2,11.6,34.9,1.41,0.407,2.44
5758.25,18.5,33.6,42.8,2.22,2.2,3.58
5758.5,15.1,35.2,27.7,1.59,3.97,3.48
5758.75,24.0,15.7,24.2,1.11,0.09,1.56
5759.0,24.8,18.3,19.9,1.23,0.293,1.21
5759.25,23.6,16.8,20.7,1.16,0.8,0.883
5759.5,18.9,12.9,17.2,1.2,0.49,1.04
5759.75,21.9,13.0,21.2,1.07,0.672,2.9
5760.0,24.5,13.4,20.2,2.34,0.496,1.48
5760.25,20.8,10.5,20.1,1.49,0.364,2.92
5760.5,16.8,9.29,13.4,2.21,0.358,1.52
5760.75,0.0,0.0,0.0,0.0,0.0,0.0
5761.0,10.2,10.4,10.5,0.83,0.5,1.58
5761.25,7.37,9.77,6.86,0.94,0.75,0.84
5761.5,14.6,6.39,10.6,0.95,0.43,0.59
5761.75,10.3,7.11,8.99,1.06,0.665,1.43
5762.0,7.42,6.76,8.02,0.919,0.899,1.26
5762.25,7.77,6.27,7.11,1.13,0.617,1.01
5762.5,6.99,6.11,7.65,1.13,0.338,1.34
5762.75,8.06,6.02,7.52,1.18,0.197,1.05
5763.0,7.86,6.0,8.98,1.15,0.364,1.55
5763.25,7.17,6.25,8.46,0.833,0.434,1.35
5763.5,7.41,6.7,9.06,0.872,0.438,1.49
5763.75,6.88,6.22,10.0,1.11,0.637,1.47
5764.0,6.79,5.92,10.1,0.97,0.157,1.31
5764.25,6.1,6.0,8.73,0.866,0.314,1.59
5764.5,5.82,5.62,10.3,0.869,-0.12,1.57
5764.75,7.21,5.84,10.2,0.972,0.098,1.43
5765.0,6.07,6.09,11.5,1.48,0.424,2.08
5765.25,5.73,6.08,11.4,1.42,0.314,1.55
5765.5,6.14,6.45,9.45,1.47,0.77,1.55
5765.75,5.63,6.1,9.48,1.67,0.545,1.3
5766.0,6.46,6.0,9.09,1.29,0.391,1.6
5766.25,6.59,6.36,8.25,1.23,0.53,1.48
5766.5,7.47,9.87,11.0,1.26,0.484,1.29
5766.75,5.42,7.2,9.83,1.35,0.234,1.15
5767.0,5.87,7.3,13.2,1.44,-0.18,1.34
5767.25,12.9,6.74,23.5,1.51,-0.33,2.54
5767.5,15.1,11.4,18.3,1.59,0.046,1.8
5767.75,12.9,12.9,11.9,0.76,-0.23,1.64
5768.0,4.83,8.81,20.7,0.741,-0.032,1.9
5768.25,5.19,13.8,15.7,0.721,0.835,2.27
5768.5,7.79,6.11,19.9,1.43,0.362,2.44
5768.75,13.2,6.73,17.7,0.7,0.7,1.47
5769.0,13.4,9.48,11.0,1.02,0.807,1.41
5769.25,14.3,12.3,12.7,1.88,0.762,1.95
5769.5,13.7,12.1,11.5,1.3,0.685,1.76
5769.75,28.6,9.13,16.0,3.22,0.17,3.27
5770.0,12.0,16.2,19.1,1.31,0.407,2.64
5770.25,0.0,0.0,0.0,0.0,0.0,0.0
5770.5,6.76,7.82,14.4,1.15,1.13,2.94
5770.75,5.24,20.3,17.1,0.828,2.46,3.69
5771.0,13.7,6.12,7.78,1.98,0.34,1.39
5771.25,0.0,0.0,0.0,0.0,0.0,0.0
5771.5,20.2,11.4,9.23,1.34,2.25,0.68
5771.75,9.45,6.59,7.22,1.03,0.84,1.45
5772.0,8.43,9.33,22.5,1.65,0.5,1.41
5772.25,6.16,9.31,12.5,1.65,0.64,1.28
5772.5,6.45,12.0,10.8,1.29,0.642,0.684
5772.75,8.83,16.4,9.84,1.78,2.78,0.528
5773.0,12.2,9.58,7.36,1.51,0.92,1.07
5773.25,7.78,8.32,10.2,1.77,0.325,1.28
5773.5,12.7,16.8,7.15,1.59,0.575,1.5
5773.75,8.33,13.9,9.1,1.25,0.488,1.63
5774.0,6.98,11.5,7.38,1.07,1.01,1.38
5774.25,6.28,10.1,7.12,1.43,1.05,1.62
5774.5,5.18,10.5,5.55,1.45,0.705,1.17
5774.75,8.15,10.1,5.79,1.1,-0.2,1.33
5775.0,8.41,7.48,5.15,0.922,0.168,1.29
5775.25,5.2,12.0,11.4,1.11,0.555,1.53
5775.5,9.02,7.69,12.4,1.44,0.553,1.32
5775.75,12.5,8.99,5.85,1.63,0.665,1.67
5776.0,0.0,0.0,0.0,0.0,0.0,0.0
5776.25,6.34,13.9,9.2,1.36,0.725,1.31
5776.5,5.92,14.4,9.44,1.32,1.17,1.41
5776.75,4.64,10.8,14.6,1.75,1.01,2.82
5777.0,9.28,10.1,9.95,3.45,1.01,1.84
5777.25,13.5,20.3,9.59,2.52,0.83,0.98
5777.5,0.0,0.0,0.0,0.0,0.0,0.0
5777.75,0.0,0.0,0.0,0.0,0.0,0.0
5778.0,0.0,0.0,0.0,0.0,0.0,0.0
5778.25,0.0,0.0,0.0,0.0,0.0,0.0
5778.5,0.0,0.0,0.0,0.0,0.0,0.0
5778.75,0.0,0.0,0.0,0.0,0.0,0.0
5779.0,0.0,0.0,0.0,0.0,0.0,0.0
5779.25,0.0,0.0,0.0,0.0,0.0,0.0
5779.5,0.0,0.0,0.0,0.0,0.0,0.0
5779.75,0.0,0.0,0.0,0.0,0.0,0.0
5780.0,0.0,0.0,0.0,0.0,0.0,0.0
5780.25,0.0,0.0,0.0,0.0,0.0,0.0
5780.5,0.0,0.0,0.0,0.0,0.0,0.0
5780.75,0.0,0.0,0.0,0.0,0.0,0.0
5781.0,0.0,0.0,0.0,0.0,0.0,0.0
5781.25,0.0,0.0,0.0,0.0,0.0,0.0
5781.5,0.0,0.0,0.0,0.0,0.0,0.0
5781.75,0.0,0.0,0.0,0.0,0.0,0.0
5782.0,0.0,0.0,0.0,0.0,0.0,0.0
5782.25,0.0,0.0,0.0,0.0,0.0,0.0
5782.5,17.4,17.2,16.5,0.8,0.35,0.98
5782.75,0.0,0.0,0.0,0.0,0.0,0.0
5783.0,0.0,0.0,0.0,0.0,0.0,0.0
5783.25,6.72,18.4,13.5,1.3,0.09,1.57
5783.5,0.0,0.0,0.0,0.0,0.0,0.0
5783.75,0.0,0.0,0.0,0.0,0.0,0.0
5784.0,10.1,4.66,19.2,1.7,0.52,3.7
5784.25,13.2,6.38,13.7,2.29,0.665,2.71
5784.5,17.2,6.57,14.2,2.24,0.775,1.33
5784.75,12.4,5.98,13.2,1.55,0.812,2.58
5785.0,11.9,4.45,12.5,2.31,0.463,2.79
5785.25,11.2,4.02,10.7,2.41,0.0857,1.51
5785.5,9.25,5.36,9.68,1.31,0.99,1.59
5785.75,8.14,4.27,9.38,1.29,0.54,1.56
5786.0,9.46,5.43,9.97,1.19,0.46,2.25
5786.25,13.3,4.55,9.66,2.13,1.03,2.11
5786.5,12.0,4.32,10.2,2.24,0.645,1.8
5786.75,6.47,4.66,10.7,1.25,0.767,1.82
5787.0,5.55,4.52,9.56,0.563,0.609,1.61
5787.25,6.29,4.52,8.3,0.95,0.782,1.18
5787.5,6.4,4.31,9.35,1.6,0.575,1.64
5787.75,5.95,4.2,9.39,0.7,0.385,1.58
5788.0,6.38,4.85,7.33,1.36,0.34,1.71
5788.25,6.25,6.08,7.85,1.36,0.723,1.92
5788.5,5.75,5.22,6.97,1.0,0.525,1.66
5788.75,0.0,0.0,0.0,0.0,0.0,0.0
5789.0,0.0,0.0,0.0,0.0,0.0,0.0
5789.25,12.4,5.37,8.95,1.33,0.76,1.57
5789.5,5.44,5.64,6.67,0.88,0.401,1.73
5789.75,5.42,6.43,6.64,1.71,0.65,1.54
5790.0,7.17,6.12,6.87,1.65,0.38,1.59
5790.25,5.35,6.18,8.51,1.13,0.66,1.4
5790.5,5.73,6.18,8.97,1.05,0.72,1.66
5790.75,5.13,6.35,8.89,1.02,1.1,1.17
5791.0,6.88,7.1,12.4,1.6,1.39,1.13
5791.25,6.03,6.51,9.1,1.51,1.05,1.78
5791.5,7.3,5.4,8.57,1.66,0.721,1.72
5791.75,10.2,3.94,7.17,1.67,1.04,1.68
5792.0,7.6,5.78,6.16,1.53,0.915,1.31
5792.25,6.88,5.7,5.63,1.51,0.804,0.917
5792.5,7.05,8.56,11.4,1.75,0.781,1.32
5792.75,12.5,4.41,8.78,1.55,0.808,1.48
5793.0,23.6,4.03,14.3,2.44,0.984,1.87
5793.25,13.6,6.28,7.95,1.1,0.85,1.45
5793.5,6.53,5.68,9.9,1.2,0.783,1.9
5793.75,6.95,10.1,9.65,0.886,0.617,1.7
5794.0,5.55,6.35,12.8,0.832,0.643,1.69
5794.25,5.31,8.0,7.88,1.08,0.714,1.69
5794.5,5.47,8.87,13.2,0.969,2.37,1.7
5794.75,5.83,7.94,15.2,1.19,1.5,1.87
5795.0,6.72,12.1,16.0,1.3,1.11,2.42
5795.25,6.94,10.6,19.1,1.51,2.06,3.22
5795.5,6.1,12.4,14.2,1.44,3.02,3.95
5795.75,7.53,8.26,20.5,1.88,1.06,3.85
5796.0,12.7,16.0,18.6,1.38,1.96,1.11
5796.25,17.5,8.88,9.93,2.09,1.27,1.48
5796.5,14.1,6.0,17.9,3.01,0.566,2.51
5796.75,0.0,0.0,0.0,0.0,0.0,0.0
5797.0,15.5,9.9,18.1,1.22,0.99,1.52
5797.25,13.3,9.66,13.8,2.2,1.24,1.66
5797.5,6.03,8.49,11.2,2.0,0.967,2.65
5797.75,8.45,9.12,22.1,1.65,1.21,3.31
5798.0,6.71,7.57,7.46,1.07,1.03,1.62
5798.25,5.04,8.48,6.76,1.84,0.75,1.65
5798.5,6.36,8.58,9.91,1.31,1.26,1.54
5798.75,0.0,0.0,0.0,0.0,0.0,0.0
5799.0,16.5,6.0,13.0,3.97,0.945,1.48
5799.25,13.6,9.86,6.04,4.9,0.53,2.21
5799.5,9.96,7.31,7.03,4.06,0.97,2.11
5799.75,8.32,7.1,12.7,0.94,0.927,2.45
5800.0,4.81,5.84,4.79,1.23,0.837,1.52
5800.25,10.1,13.4,13.3,2.01,0.81,3.39
5800.5,5.17,12.4,17.6,1.7,1.23,1.45
5800.75,5.54,10.1,15.6,1.82,1.44,1.77
5801.0,12.0,11.2,20.8,1.59,1.68,2.36
5801.25,13.2,13.8,11.1,2.58,1.19,1.97
5801.5,5.14,17.0,9.46,1.52,1.96,1.51
5801.75,7.4,16.0,25.5,1.27,1.22,2.63
5802.0,7.5,12.4,13.5,0.887,1.29,0.953
5802.25,15.1,12.4,10.4,1.08,1.18,1.06
5802.5,6.45,13.4,23.7,1.23,3.27,2.23
5802.75,11.4,16.2,18.1,1.07,3.27,1.97
5803.0,17.8,28.7,20.7,1.86,2.8,3.28
5803.25,0.0,0.0,0.0,0.0,0.0,0.0
5803.5,0.0,0.0,0.0,0.0,0.0,0.0
5803.75,0.0,0.0,0.0,0.0,0.0,0.0
5804.0,0.0,0.0,0.0,0.0,0.0,0.0
5804.25,0.0,0.0,0.0,0.0,0.0,0.0
5804.5,0.0,0.0,0.0,0.0,0.0,0.0
5804.75,0.0,0.0,0.0,0.0,0.0,0.0
5805.0,0.0,0.0,0.0,0.0,0.0,0.0
5805.25,0.0,0.0,0.0,0.0,0.0,0.0
5805.5,0.0,0.0,0.0,0.0,0.0,0.0
5805.75,0.0,0.0,0.0,0.0,0.0,0.0
5806.0,0.0,0.0,0.0,0.0,0.0,0.0
5806.25,0.0,0.0,0.0,0.0,0.0,0.0
5806.5,0.0,0.0,0.0,0.0,0.0,0.0
5806.75,0.0,0.0,0.0,0.0,0.0,0.0
5807.0,0.0,0.0,0.0,0.0,0.0,0.0
5807.25,0.0,0.0,0.0,0.0,0.0,0.0
5807.5,0.0,0.0,0.0,0.0,0.0,0.0
5807.75,0.0,0.0,0.0,0.0,0.0,0.0
5808.0,0.0,0.0,0.0,0.0,0.0,0.0
5808.25,0.0,0.0,0.0,0.0,0.0,0.0
5808.5,0.0,0.0,0.0,0.0,0.0,0.0
5808.75,0.0,0.0,0.0,0.0,0.0,0.0
5809.0,0.0,0.0,0.0,0.0,0.0,0.0
5809.25,0.0,0.0,0.0,0.0,0.0,0.0
5809.5,14.9,5.63,10.7,0.77,0.1,1.77
5809.75,0.0,0.0,0.0,0.0,0.0,0.0
5810.0,7.03,6.72,6.81,1.94,0.4,1.64
5810.25,7.75,5.42,8.98,1.86,0.32,2.17
5810.5,0.0,0.0,0.0,0.0,0.0,0.0
5810.75,0.0,0.0,0.0,0.0,0.0,0.0
5811.0,0.0,0.0,0.0,0.0,0.0,0.0
5811.25,0.0,0.0,0.0,0.0,0.0,0.0
5811.5,0.0,0.0,0.0,0.0,0.0,0.0
5811.75,7.73,4.78,5.44,1.13,-0.0067,1.01
5812.0,0.0,0.0,0.0,0.0,0.0,0.0
5812.25,0.0,0.0,0.0,0.0,0.0,0.0
5812.5,0.0,0.0,0.0,0.0,0.0,0.0
5812.75,0.0,0.0,0.0,0.0,0.0,0.0
5813.0,0.0,0.0,0.0,0.0,0.0,0.0
5813.25,6.07,4.59,5.05,1.31,1.33,1.53
5813.5,6.4,4.33,4.99,1.5,0.91,1.73
5813.75,5.86,10.9,4.63,1.16,0.98,1.3
5814.0,0.0,0.0,0.0,0.0,0.0,0.0
5814.25,0.0,0.0,0.0,0.0,0.0,0.0
5814.5,0.0,0.0,0.0,0.0,0.0,0.0
5814.75,0.0,0.0,0.0,0.0,0.0,0.0
5815.0,0.0,0.0,0.0,0.0,0.0,0.0
5815.25,5.15,4.65,6.01,0.93,1.28,1.98
5815.5,0.0,0.0,0.0,0.0,0.0,0.0
5815.75,0.0,0.0,0.0,0.0,0.0,0.0
5816.0,0.0,0.0,0.0,0.0,0.0,0.0
5816.25,0.0,0.0,0.0,0.0,0.0,0.0
5816.5,0.0,0.0,0.0,0.0,0.0,0.0
5816.75,0.0,0.0,0.0,0.0,0.0,0.0
5817.0,5.22,6.05,4.36,1.91,0.64,1.5
5817.25,0.0,0.0,0.0,0.0,0.0,0.0
5817.5,5.71,7.08,4.82,1.31,-0.21,1.44
5817.75,0.0,0.0,0.0,0.0,0.0,0.0
5818.0,10.4,14.8,7.94,1.62,1.61,1.33
5818.25,0.0,0.0,0.0,0.0,0.0,0.0
5818.5,0.0,0.0,0.0,0.0,0.0,0.0
5818.75,0.0,0.0,0.0,0.0,0.0,0.0
5819.0,7.89,10.4,16.2,1.51,1.95,2.94
5819.25,0.0,0.0,0.0,0.0,0.0,0.0
5819.5,0.0,0.0,0.0,0.0,0.0,0.0
5819.75,0.0,0.0,0.0,0.0,0.0,0.0
5820.0,9.44,6.34,15.0,1.63,0.89,2.94
5820.25,10.6,18.8,8.98,4.72,1.56,1.4
5820.5,0.0,0.0,0.0,0.0,0.0,0.0
5820.75,9.34,12.6,7.97,1.97,1.69,1.91
5821.0,9.21,7.69,9.44,1.87,0.847,1.8
5821.25,9.63,8.82,6.95,1.61,0.9,1.99
5821.5,12.1,16.0,6.85,1.61,2.18,1.14
5821.75,7.66,8.31,16.4,1.77,1.3,1.37
5822.0,0.0,0.0,0.0,0.0,0.0,0.0
5822.25,17.1,15.0,13.0,1.49,0.77,1.83
5822.5,12.5,7.17,20.9,1.75,0.84,3.28
5822.75,0.0,0.0,0.0,0.0,0.0,0.0
5823.0,0.0,0.0,0.0,0.0,0.0,0.0
5823.25,0.0,0.0,0.0,0.0,0.0,0.0
5823.5,0.0,0.0,0.0,0.0,0.0,0.0
5823.75,7.84,10.2,8.18,1.94,1.33,2.12
5824.0,0.0,0.0,0.0,0.0,0.0,0.0
5824.25,0.0,0.0,0.0,0.0,0.0,0.0
5824.5,18.2,12.5,15.0,3.21,0.42,3.68
5824.75,0.0,0.0,0.0,0.0,0.0,0.0
5825.0,0.0,0.0,0.0,0.0,0.0,0.0
5825.25,0.0,0.0,0.0,0.0,0.0,0.0
5825.5,0.0,0.0,0.0,0.0,0.0,0.0
5825.75,0.0,0.0,0.0,0.0,0.0,0.0
5826.0,0.0,0.0,0.0,0.0,0.0,0.0
5826.25,0.0,0.0,0.0,0.0,0.0,0.0
5826.5,0.0,0.0,0.0,0.0,0.0,0.0
5826.75,0.0,0.0,0.0,0.0,0.0,0.0
5827.0,0.0,0.0,0.0,0.0,0.0,0.0
5827.25,0.0,0.0,0.0,0.0,0.0,0.0
5827.5,0.0,0.0,0.0,0.0,0.0,0.0
5827.75,0.0,0.0,0.0,0.0,0.0,0.0
5828.0,0.0,0.0,0.0,0.0,0.0,0.0
5828.25,0.0,0.0,0.0,0.0,0.0,0.0
5828.5,0.0,0.0,0.0,0.0,0.0,0.0
5828.75,0.0,0.0,0.0,0.0,0.0,0.0
5829.0,0.0,0.0,0.0,0.0,0.0,0.0
5829.25,0.0,0.0,0.0,0.0,0.0,0.0
5829.5,0.0,0.0,0.0,0.0,0.0,0.0
5829.75,0.0,0.0,0.0,0.0,0.0,0.0
5830.0,0.0,0.0,0.0,0.0,0.0,0.0
5830.25,0.0,0.0,0.0,0.0,0.0,0.0
5830.5,0.0,0.0,0.0,0.0,0.0,0.0
5830.75,0.0,0.0,0.0,0.0,0.0,0.0
5831.0,0.0,0.0,0.0,0.0,0.0,0.0
5831.25,0.0,0.0,0.0,0.0,0.0,0.0
5831.5,0.0,0.0,0.0,0.0,0.0,0.0
5831.75,9.3,8.31,22.4,1.23,0.49,4.42
