Segmento,Year,LDCurve,Hour,Meter,kWh,kvarh,Max kW,Max kVA,Zone kWh,Zone kvarh,Zone Max kW,Zone Max kVA,Overload kWh Normal,Overload kWh Emerg,Load EEN,Load UE,Zone Losses kWh,Zone Losses kvarh,Zone Max kW Losses,Zone Max kvar Losses,Load Losses kWh,Load Losses kvarh,No Load Losses kWh,No Load Losses kvarh,Max kW Load Losses,Max kW No Load Losses,Line Losses,Transformer Losses,Line Mode Line Losses,Zero Mode Line Losses,3-phase Line Losses,1- and 2-phase Line Losses,Gen kWh,Gen kvarh,Gen Max kW,Gen Max kVA,13.8 kV Losses,Aux1,Aux6,Aux11,Aux16,Aux21,Aux26,13.8 kV Line Loss,Aux2,Aux7,Aux12,Aux17,Aux22,Aux27,13.8 kV Load Loss,Aux3,Aux8,Aux13,Aux18,Aux23,Aux28,13.8 kV No Load Loss,Aux4,Aux9,Aux14,Aux19,Aux24,Aux29,13.8 kV Load Energy,Aux5,Aux10,Aux15,Aux20,Aux25,Aux30
S00000_FORA_PONTA,0, ,41.0," ""GERAL""       ",47127.0,5894.0,2340.0,2372.0,53257.0,8278.0,2822.0,2852.0,0.0,0.0,2588.0,2244.0,4153.0,9968.0,110.0,274.0,213.0,-843.0,3940.0,10811.0,17.0,95.0,58.0,4094.0,58.0,0.0,58.0,0.0,0.0,0.0,0.0,0.0,4153.0,0.0,0.0,0.0,0.0,0.0,0.0,58.0,0.0,0.0,0.0,0.0,0.0,0.0,154.0,0.0,0.0,0.0,0.0,0.0,0.0,3940.0,0.0,0.0,0.0,0.0,0.0,0.0,53257.0,0.0,0.0,0.0,0.0,0.0,0.0
S00001_PONTA,0, ,44.0," ""GERAL""       ",3972.0,283.0,1403.0,1405.0,3844.0,482.0,1317.0,1329.0,0.0,0.0,186.0,161.0,291.0,688.0,98.0,232.0,9.0,-87.0,283.0,776.0,3.0,94.0,4.0,287.0,4.0,0.0,4.0,0.0,0.0,0.0,0.0,0.0,291.0,0.0,0.0,0.0,0.0,0.0,0.0,4.0,0.0,0.0,0.0,0.0,0.0,0.0,5.0,0.0,0.0,0.0,0.0,0.0,0.0,283.0,0.0,0.0,0.0,0.0,0.0,0.0,3844.0,0.0,0.0,0.0,0.0,0.0,0.0
S00002_FORA_PONTA,0, ,65.0," ""GERAL""       ",28977.0,3378.0,2085.0,2102.0,32336.0,4524.0,2455.0,2472.0,0.0,0.0,1301.0,1129.0,2099.0,5049.0,106.0,265.0,123.0,-371.0,1975.0,5420.0,13.0,95.0,35.0,2064.0,35.0,0.0,35.0,0.0,0.0,0.0,0.0,0.0,2099.0,0.0,0.0,0.0,0.0,0.0,0.0,35.0,0.0,0.0,0.0,0.0,0.0,0.0,88.0,0.0,0.0,0.0,0.0,0.0,0.0,1975.0,0.0,0.0,0.0,0.0,0.0,0.0,32336.0,0.0,0.0,0.0,0.0,0.0,0.0
S00003_PONTA,0, ,68.0," ""GERAL""       ",3573.0,241.0,1281.0,1283.0,3473.0,442.0,1215.0,1227.0,0.0,0.0,186.0,161.0,291.0,687.0,98.0,233.0,7.0,-91.0,283.0,777.0,3.0,95.0,3.0,287.0,3.0,0.0,3.0,0.0,0.0,0.0,0.0,0.0,291.0,0.0,0.0,0.0,0.0,0.0,0.0,3.0,0.0,0.0,0.0,0.0,0.0,0.0,4.0,0.0,0.0,0.0,0.0,0.0,0.0,283.0,0.0,0.0,0.0,0.0,0.0,0.0,3473.0,0.0,0.0,0.0,0.0,0.0,0.0
S00004_FORA_PONTA,0, ,137.0," ""GERAL""       ",74002.0,8347.0,2498.0,2513.0,83550.0,12390.0,2937.0,2952.0,0.0,0.0,4282.0,3713.0,6832.0,16391.0,109.0,274.0,313.0,-1496.0,6519.0,17887.0,16.0,95.0,78.0,6754.0,78.0,0.0,78.0,0.0,0.0,0.0,0.0,0.0,6832.0,0.0,0.0,0.0,0.0,0.0,0.0,78.0,0.0,0.0,0.0,0.0,0.0,0.0,234.0,0.0,0.0,0.0,0.0,0.0,0.0,6519.0,0.0,0.0,0.0,0.0,0.0,0.0,83550.0,0.0,0.0,0.0,0.0,0.0,0.0
S00005_PONTA,0, ,140.0," ""GERAL""       ",4053.0,246.0,1384.0,1386.0,3959.0,444.0,1470.0,1479.0,0.0,0.0,186.0,161.0,292.0,690.0,98.0,234.0,9.0,-86.0,283.0,776.0,4.0,94.0,4.0,288.0,4.0,0.0,4.0,0.0,0.0,0.0,0.0,0.0,292.0,0.0,0.0,0.0,0.0,0.0,0.0,4.0,0.0,0.0,0.0,0.0,0.0,0.0,5.0,0.0,0.0,0.0,0.0,0.0,0.0,283.0,0.0,0.0,0.0,0.0,0.0,0.0,3959.0,0.0,0.0,0.0,0.0,0.0,0.0
S00006_FORA_PONTA,0, ,161.0," ""GERAL""       ",33846.0,3538.0,2573.0,2587.0,37186.0,4621.0,2987.0,3005.0,0.0,0.0,1300.0,1128.0,2113.0,5097.0,109.0,272.0,143.0,-308.0,1970.0,5405.0,16.0,95.0,44.0,2069.0,44.0,0.0,44.0,0.0,0.0,0.0,0.0,0.0,2113.0,0.0,0.0,0.0,0.0,0.0,0.0,44.0,0.0,0.0,0.0,0.0,0.0,0.0,99.0,0.0,0.0,0.0,0.0,0.0,0.0,1970.0,0.0,0.0,0.0,0.0,0.0,0.0,37186.0,0.0,0.0,0.0,0.0,0.0,0.0
S00007_PONTA,0, ,164.0," ""GERAL""       ",4159.0,261.0,1416.0,1420.0,4031.0,458.0,1539.0,1549.0,0.0,0.0,186.0,161.0,292.0,689.0,98.0,233.0,9.0,-86.0,283.0,776.0,4.0,94.0,4.0,287.0,4.0,0.0,4.0,0.0,0.0,0.0,0.0,0.0,292.0,0.0,0.0,0.0,0.0,0.0,0.0,4.0,0.0,0.0,0.0,0.0,0.0,0.0,5.0,0.0,0.0,0.0,0.0,0.0,0.0,283.0,0.0,0.0,0.0,0.0,0.0,0.0,4031.0,0.0,0.0,0.0,0.0,0.0,0.0
S00008_FORA_PONTA,0, ,185.0," ""GERAL""       ",34155.0,3323.0,2419.0,2433.0,36820.0,4453.0,2789.0,2802.0,0.0,0.0,1300.0,1128.0,2101.0,5050.0,108.0,270.0,131.0,-355.0,1970.0,5405.0,15.0,95.0,44.0,2058.0,44.0,0.0,44.0,0.0,0.0,0.0,0.0,0.0,2101.0,0.0,0.0,0.0,0.0,0.0,0.0,44.0,0.0,0.0,0.0,0.0,0.0,0.0,87.0,0.0,0.0,0.0,0.0,0.0,0.0,1970.0,0.0,0.0,0.0,0.0,0.0,0.0,36820.0,0.0,0.0,0.0,0.0,0.0,0.0
S00009_PONTA,0, ,188.0," ""GERAL""       ",4221.0,376.0,1442.0,1445.0,4124.0,571.0,1562.0,1577.0,0.0,0.0,186.0,161.0,292.0,690.0,98.0,235.0,10.0,-84.0,282.0,775.0,4.0,94.0,4.0,288.0,4.0,0.0,4.0,0.0,0.0,0.0,0.0,0.0,292.0,0.0,0.0,0.0,0.0,0.0,0.0,4.0,0.0,0.0,0.0,0.0,0.0,0.0,5.0,0.0,0.0,0.0,0.0,0.0,0.0,282.0,0.0,0.0,0.0,0.0,0.0,0.0,4124.0,0.0,0.0,0.0,0.0,0.0,0.0
S00010_FORA_PONTA,0, ,209.0," ""GERAL""       ",35021.0,3675.0,2525.0,2540.0,38333.0,4738.0,3001.0,3015.0,0.0,0.0,1300.0,1128.0,2117.0,5112.0,109.0,273.0,149.0,-288.0,1968.0,5401.0,16.0,95.0,47.0,2071.0,47.0,0.0,47.0,0.0,0.0,0.0,0.0,0.0,2117.0,0.0,0.0,0.0,0.0,0.0,0.0,47.0,0.0,0.0,0.0,0.0,0.0,0.0,102.0,0.0,0.0,0.0,0.0,0.0,0.0,1968.0,0.0,0.0,0.0,0.0,0.0,0.0,38333.0,0.0,0.0,0.0,0.0,0.0,0.0
S00011_PONTA,0, ,212.0," ""GERAL""       ",4345.0,341.0,1471.0,1476.0,4247.0,534.0,1622.0,1633.0,0.0,0.0,186.0,161.0,292.0,692.0,99.0,236.0,10.0,-83.0,282.0,774.0,5.0,94.0,5.0,288.0,5.0,0.0,5.0,0.0,0.0,0.0,0.0,0.0,292.0,0.0,0.0,0.0,0.0,0.0,0.0,5.0,0.0,0.0,0.0,0.0,0.0,0.0,5.0,0.0,0.0,0.0,0.0,0.0,0.0,282.0,0.0,0.0,0.0,0.0,0.0,0.0,4247.0,0.0,0.0,0.0,0.0,0.0,0.0
S00012_FORA_PONTA,0, ,233.0," ""GERAL""       ",36655.0,4547.0,2594.0,2609.0,39566.0,5587.0,2962.0,2991.0,0.0,0.0,1299.0,1128.0,2124.0,5125.0,110.0,277.0,159.0,-266.0,1965.0,5391.0,18.0,94.0,56.0,2067.0,56.0,0.0,56.0,0.0,0.0,0.0,0.0,0.0,2124.0,0.0,0.0,0.0,0.0,0.0,0.0,56.0,0.0,0.0,0.0,0.0,0.0,0.0,103.0,0.0,0.0,0.0,0.0,0.0,0.0,1965.0,0.0,0.0,0.0,0.0,0.0,0.0,39566.0,0.0,0.0,0.0,0.0,0.0,0.0
S00013_PONTA,0, ,236.0," ""GERAL""       ",4901.0,662.0,1823.0,1844.0,4751.0,845.0,1889.0,1918.0,0.0,0.0,186.0,161.0,295.0,699.0,100.0,239.0,14.0,-72.0,281.0,771.0,7.0,94.0,7.0,288.0,7.0,0.0,7.0,0.0,0.0,0.0,0.0,0.0,295.0,0.0,0.0,0.0,0.0,0.0,0.0,7.0,0.0,0.0,0.0,0.0,0.0,0.0,7.0,0.0,0.0,0.0,0.0,0.0,0.0,281.0,0.0,0.0,0.0,0.0,0.0,0.0,4751.0,0.0,0.0,0.0,0.0,0.0,0.0
S00014_FORA_PONTA,0, ,305.0," ""GERAL""       ",98194.0,11177.0,2455.0,2472.0,106546.0,14988.0,2894.0,2912.0,0.0,0.0,4275.0,3709.0,6878.0,16536.0,109.0,277.0,391.0,-1263.0,6487.0,17799.0,16.0,95.0,114.0,6764.0,114.0,0.0,114.0,0.0,0.0,0.0,0.0,0.0,6878.0,0.0,0.0,0.0,0.0,0.0,0.0,114.0,0.0,0.0,0.0,0.0,0.0,0.0,277.0,0.0,0.0,0.0,0.0,0.0,0.0,6487.0,0.0,0.0,0.0,0.0,0.0,0.0,106546.0,0.0,0.0,0.0,0.0,0.0,0.0
S00015_PONTA,0, ,308.0," ""GERAL""       ",4414.0,359.0,1501.0,1506.0,4328.0,552.0,1674.0,1685.0,0.0,0.0,186.0,161.0,292.0,692.0,99.0,236.0,10.0,-82.0,282.0,774.0,5.0,94.0,5.0,288.0,5.0,0.0,5.0,0.0,0.0,0.0,0.0,0.0,292.0,0.0,0.0,0.0,0.0,0.0,0.0,5.0,0.0,0.0,0.0,0.0,0.0,0.0,5.0,0.0,0.0,0.0,0.0,0.0,0.0,282.0,0.0,0.0,0.0,0.0,0.0,0.0,4328.0,0.0,0.0,0.0,0.0,0.0,0.0
S00016_FORA_PONTA,0, ,329.0," ""GERAL""       ",37410.0,3818.0,2789.0,2799.0,40212.0,4873.0,3159.0,3171.0,0.0,0.0,1299.0,1128.0,2120.0,5112.0,110.0,278.0,155.0,-281.0,1966.0,5393.0,17.0,94.0,52.0,2068.0,52.0,0.0,52.0,0.0,0.0,0.0,0.0,0.0,2120.0,0.0,0.0,0.0,0.0,0.0,0.0,52.0,0.0,0.0,0.0,0.0,0.0,0.0,103.0,0.0,0.0,0.0,0.0,0.0,0.0,1966.0,0.0,0.0,0.0,0.0,0.0,0.0,40212.0,0.0,0.0,0.0,0.0,0.0,0.0
S00017_PONTA,0, ,332.0," ""GERAL""       ",4619.0,430.0,1708.0,1717.0,4429.0,624.0,1726.0,1741.0,0.0,0.0,186.0,161.0,292.0,690.0,98.0,233.0,10.0,-83.0,282.0,773.0,4.0,94.0,5.0,287.0,5.0,0.0,5.0,0.0,0.0,0.0,0.0,0.0,292.0,0.0,0.0,0.0,0.0,0.0,0.0,5.0,0.0,0.0,0.0,0.0,0.0,0.0,5.0,0.0,0.0,0.0,0.0,0.0,0.0,282.0,0.0,0.0,0.0,0.0,0.0,0.0,4429.0,0.0,0.0,0.0,0.0,0.0,0.0
S00018_FORA_PONTA,0, ,353.0," ""GERAL""       ",39127.0,3841.0,2944.0,2956.0,41261.0,4929.0,3197.0,3210.0,0.0,0.0,1299.0,1127.0,2114.0,5074.0,107.0,267.0,150.0,-313.0,1964.0,5388.0,14.0,94.0,56.0,2058.0,56.0,0.0,56.0,0.0,0.0,0.0,0.0,0.0,2114.0,0.0,0.0,0.0,0.0,0.0,0.0,56.0,0.0,0.0,0.0,0.0,0.0,0.0,94.0,0.0,0.0,0.0,0.0,0.0,0.0,1964.0,0.0,0.0,0.0,0.0,0.0,0.0,41261.0,0.0,0.0,0.0,0.0,0.0,0.0
S00019_PONTA,0, ,356.0," ""GERAL""       ",4699.0,379.0,1636.0,1644.0,4564.0,570.0,1755.0,1768.0,0.0,0.0,186.0,161.0,293.0,693.0,99.0,235.0,11.0,-81.0,282.0,773.0,5.0,94.0,5.0,288.0,5.0,0.0,5.0,0.0,0.0,0.0,0.0,0.0,293.0,0.0,0.0,0.0,0.0,0.0,0.0,5.0,0.0,0.0,0.0,0.0,0.0,0.0,6.0,0.0,0.0,0.0,0.0,0.0,0.0,282.0,0.0,0.0,0.0,0.0,0.0,0.0,4564.0,0.0,0.0,0.0,0.0,0.0,0.0
S00020_FORA_PONTA,0, ,377.0," ""GERAL""       ",42740.0,4540.0,3454.0,3476.0,43733.0,5640.0,3749.0,3771.0,0.0,0.0,1298.0,1127.0,2114.0,5047.0,111.0,272.0,156.0,-326.0,1958.0,5372.0,19.0,94.0,70.0,2044.0,70.0,0.0,70.0,0.0,0.0,0.0,0.0,0.0,2114.0,0.0,0.0,0.0,0.0,0.0,0.0,70.0,0.0,0.0,0.0,0.0,0.0,0.0,86.0,0.0,0.0,0.0,0.0,0.0,0.0,1958.0,0.0,0.0,0.0,0.0,0.0,0.0,43733.0,0.0,0.0,0.0,0.0,0.0,0.0
S00021_PONTA,0, ,380.0," ""GERAL""       ",4651.0,471.0,1654.0,1660.0,4478.0,661.0,1706.0,1718.0,0.0,0.0,186.0,161.0,293.0,693.0,98.0,233.0,11.0,-80.0,282.0,773.0,4.0,94.0,5.0,287.0,5.0,0.0,5.0,0.0,0.0,0.0,0.0,0.0,293.0,0.0,0.0,0.0,0.0,0.0,0.0,5.0,0.0,0.0,0.0,0.0,0.0,0.0,6.0,0.0,0.0,0.0,0.0,0.0,0.0,282.0,0.0,0.0,0.0,0.0,0.0,0.0,4478.0,0.0,0.0,0.0,0.0,0.0,0.0
S00022_FORA_PONTA,0, ,401.0," ""GERAL""       ",40792.0,5167.0,3181.0,3212.0,43486.0,6134.0,3639.0,3669.0,0.0,0.0,1298.0,1127.0,2146.0,5182.0,114.0,286.0,187.0,-193.0,1959.0,5375.0,22.0,94.0,75.0,2071.0,75.0,0.0,75.0,0.0,0.0,0.0,0.0,0.0,2146.0,0.0,0.0,0.0,0.0,0.0,0.0,75.0,0.0,0.0,0.0,0.0,0.0,0.0,113.0,0.0,0.0,0.0,0.0,0.0,0.0,1959.0,0.0,0.0,0.0,0.0,0.0,0.0,43486.0,0.0,0.0,0.0,0.0,0.0,0.0
S00023_PONTA,0, ,404.0," ""GERAL""       ",5761.0,889.0,2012.0,2040.0,5603.0,1054.0,2092.0,2128.0,0.0,0.0,185.0,161.0,299.0,713.0,101.0,242.0,20.0,-54.0,280.0,767.0,8.0,93.0,10.0,289.0,10.0,0.0,10.0,0.0,0.0,0.0,0.0,0.0,299.0,0.0,0.0,0.0,0.0,0.0,0.0,10.0,0.0,0.0,0.0,0.0,0.0,0.0,9.0,0.0,0.0,0.0,0.0,0.0,0.0,280.0,0.0,0.0,0.0,0.0,0.0,0.0,5603.0,0.0,0.0,0.0,0.0,0.0,0.0
S00024_FORA_PONTA,0, ,473.0," ""GERAL""       ",100531.0,13118.0,3514.0,3532.0,108722.0,16844.0,3836.0,3855.0,0.0,0.0,4274.0,3708.0,6904.0,16600.0,114.0,289.0,424.0,-1180.0,6480.0,17781.0,22.0,95.0,141.0,6763.0,141.0,0.0,141.0,0.0,0.0,0.0,0.0,0.0,6904.0,0.0,0.0,0.0,0.0,0.0,0.0,141.0,0.0,0.0,0.0,0.0,0.0,0.0,283.0,0.0,0.0,0.0,0.0,0.0,0.0,6480.0,0.0,0.0,0.0,0.0,0.0,0.0,108722.0,0.0,0.0,0.0,0.0,0.0,0.0
S00025_PONTA,0, ,476.0," ""GERAL""       ",4852.0,428.0,1728.0,1737.0,4737.0,617.0,1862.0,1876.0,0.0,0.0,186.0,161.0,293.0,694.0,99.0,236.0,12.0,-78.0,282.0,772.0,5.0,94.0,6.0,288.0,6.0,0.0,6.0,0.0,0.0,0.0,0.0,0.0,293.0,0.0,0.0,0.0,0.0,0.0,0.0,6.0,0.0,0.0,0.0,0.0,0.0,0.0,6.0,0.0,0.0,0.0,0.0,0.0,0.0,282.0,0.0,0.0,0.0,0.0,0.0,0.0,4737.0,0.0,0.0,0.0,0.0,0.0,0.0
S00026_FORA_PONTA,0, ,497.0," ""GERAL""       ",42539.0,4714.0,3197.0,3222.0,45134.0,5718.0,3629.0,3653.0,0.0,0.0,1298.0,1127.0,2134.0,5143.0,110.0,275.0,176.0,-229.0,1958.0,5372.0,19.0,94.0,68.0,2066.0,68.0,0.0,68.0,0.0,0.0,0.0,0.0,0.0,2134.0,0.0,0.0,0.0,0.0,0.0,0.0,68.0,0.0,0.0,0.0,0.0,0.0,0.0,108.0,0.0,0.0,0.0,0.0,0.0,0.0,1958.0,0.0,0.0,0.0,0.0,0.0,0.0,45134.0,0.0,0.0,0.0,0.0,0.0,0.0
S00027_PONTA,0, ,500.0," ""GERAL""       ",4805.0,368.0,1701.0,1707.0,4721.0,557.0,1868.0,1879.0,0.0,0.0,186.0,161.0,293.0,695.0,99.0,238.0,12.0,-78.0,282.0,773.0,6.0,94.0,5.0,288.0,5.0,0.0,5.0,0.0,0.0,0.0,0.0,0.0,293.0,0.0,0.0,0.0,0.0,0.0,0.0,5.0,0.0,0.0,0.0,0.0,0.0,0.0,6.0,0.0,0.0,0.0,0.0,0.0,0.0,282.0,0.0,0.0,0.0,0.0,0.0,0.0,4721.0,0.0,0.0,0.0,0.0,0.0,0.0
S00028_FORA_PONTA,0, ,521.0," ""GERAL""       ",43478.0,4928.0,3500.0,3524.0,46449.0,5867.0,3903.0,3925.0,0.0,0.0,1297.0,1127.0,2151.0,5204.0,114.0,290.0,194.0,-165.0,1957.0,5368.0,23.0,94.0,72.0,2078.0,72.0,0.0,72.0,0.0,0.0,0.0,0.0,0.0,2151.0,0.0,0.0,0.0,0.0,0.0,0.0,72.0,0.0,0.0,0.0,0.0,0.0,0.0,122.0,0.0,0.0,0.0,0.0,0.0,0.0,1957.0,0.0,0.0,0.0,0.0,0.0,0.0,46449.0,0.0,0.0,0.0,0.0,0.0,0.0
S00029_PONTA,0, ,524.0," ""GERAL""       ",5009.0,416.0,1747.0,1755.0,4927.0,602.0,1921.0,1934.0,0.0,0.0,186.0,161.0,294.0,696.0,99.0,238.0,13.0,-76.0,281.0,772.0,6.0,94.0,6.0,288.0,6.0,0.0,6.0,0.0,0.0,0.0,0.0,0.0,294.0,0.0,0.0,0.0,0.0,0.0,0.0,6.0,0.0,0.0,0.0,0.0,0.0,0.0,7.0,0.0,0.0,0.0,0.0,0.0,0.0,281.0,0.0,0.0,0.0,0.0,0.0,0.0,4927.0,0.0,0.0,0.0,0.0,0.0,0.0
S00030_FORA_PONTA,0, ,545.0," ""GERAL""       ",48487.0,5515.0,4047.0,4082.0,51323.0,6339.0,4487.0,4516.0,0.0,0.0,1296.0,1126.0,2189.0,5298.0,122.0,308.0,239.0,-51.0,1950.0,5350.0,31.0,94.0,102.0,2088.0,102.0,0.0,102.0,0.0,0.0,0.0,0.0,0.0,2189.0,0.0,0.0,0.0,0.0,0.0,0.0,102.0,0.0,0.0,0.0,0.0,0.0,0.0,138.0,0.0,0.0,0.0,0.0,0.0,0.0,1950.0,0.0,0.0,0.0,0.0,0.0,0.0,51323.0,0.0,0.0,0.0,0.0,0.0,0.0
S00031_PONTA,0, ,548.0," ""GERAL""       ",5282.0,527.0,1949.0,1959.0,5132.0,712.0,2044.0,2060.0,0.0,0.0,186.0,161.0,294.0,697.0,99.0,237.0,13.0,-74.0,281.0,771.0,6.0,94.0,7.0,288.0,7.0,0.0,7.0,0.0,0.0,0.0,0.0,0.0,294.0,0.0,0.0,0.0,0.0,0.0,0.0,7.0,0.0,0.0,0.0,0.0,0.0,0.0,7.0,0.0,0.0,0.0,0.0,0.0,0.0,281.0,0.0,0.0,0.0,0.0,0.0,0.0,5132.0,0.0,0.0,0.0,0.0,0.0,0.0
S00032_FORA_PONTA,0, ,569.0," ""GERAL""       ",47150.0,5567.0,3747.0,3782.0,48427.0,6518.0,4265.0,4296.0,0.0,0.0,1296.0,1126.0,2156.0,5176.0,119.0,300.0,205.0,-177.0,1951.0,5353.0,28.0,94.0,95.0,2061.0,95.0,0.0,95.0,0.0,0.0,0.0,0.0,0.0,2156.0,0.0,0.0,0.0,0.0,0.0,0.0,95.0,0.0,0.0,0.0,0.0,0.0,0.0,110.0,0.0,0.0,0.0,0.0,0.0,0.0,1951.0,0.0,0.0,0.0,0.0,0.0,0.0,48427.0,0.0,0.0,0.0,0.0,0.0,0.0
S00033_PONTA,0, ,572.0," ""GERAL""       ",5796.0,877.0,2050.0,2073.0,5591.0,1045.0,2081.0,2112.0,0.0,0.0,185.0,161.0,299.0,710.0,100.0,240.0,19.0,-57.0,279.0,767.0,7.0,93.0,10.0,288.0,10.0,0.0,10.0,0.0,0.0,0.0,0.0,0.0,299.0,0.0,0.0,0.0,0.0,0.0,0.0,10.0,0.0,0.0,0.0,0.0,0.0,0.0,9.0,0.0,0.0,0.0,0.0,0.0,0.0,279.0,0.0,0.0,0.0,0.0,0.0,0.0,5591.0,0.0,0.0,0.0,0.0,0.0,0.0
S00034_FORA_PONTA,0, ,641.0," ""GERAL""       ",99662.0,11672.0,3359.0,3374.0,105988.0,15552.0,3731.0,3746.0,0.0,0.0,4275.0,3709.0,6870.0,16458.0,112.0,278.0,386.0,-1334.0,6484.0,17792.0,20.0,95.0,138.0,6732.0,138.0,0.0,138.0,0.0,0.0,0.0,0.0,0.0,6870.0,0.0,0.0,0.0,0.0,0.0,0.0,138.0,0.0,0.0,0.0,0.0,0.0,0.0,248.0,0.0,0.0,0.0,0.0,0.0,0.0,6484.0,0.0,0.0,0.0,0.0,0.0,0.0,105988.0,0.0,0.0,0.0,0.0,0.0,0.0
S00035_PONTA,0, ,644.0," ""GERAL""       ",4679.0,452.0,1687.0,1696.0,4487.0,645.0,1709.0,1725.0,0.0,0.0,186.0,161.0,292.0,691.0,98.0,232.0,11.0,-82.0,282.0,773.0,4.0,94.0,5.0,287.0,5.0,0.0,5.0,0.0,0.0,0.0,0.0,0.0,292.0,0.0,0.0,0.0,0.0,0.0,0.0,5.0,0.0,0.0,0.0,0.0,0.0,0.0,5.0,0.0,0.0,0.0,0.0,0.0,0.0,282.0,0.0,0.0,0.0,0.0,0.0,0.0,4487.0,0.0,0.0,0.0,0.0,0.0,0.0
S00036_FORA_PONTA,0, ,665.0," ""GERAL""       ",42385.0,4114.0,3289.0,3301.0,44822.0,5110.0,3594.0,3606.0,0.0,0.0,1298.0,1127.0,2138.0,5155.0,111.0,280.0,179.0,-222.0,1960.0,5376.0,19.0,94.0,68.0,2071.0,68.0,0.0,68.0,0.0,0.0,0.0,0.0,0.0,2138.0,0.0,0.0,0.0,0.0,0.0,0.0,68.0,0.0,0.0,0.0,0.0,0.0,0.0,111.0,0.0,0.0,0.0,0.0,0.0,0.0,1960.0,0.0,0.0,0.0,0.0,0.0,0.0,44822.0,0.0,0.0,0.0,0.0,0.0,0.0
S00037_PONTA,0, ,668.0," ""GERAL""       ",4993.0,430.0,1713.0,1721.0,4896.0,617.0,1885.0,1898.0,0.0,0.0,186.0,161.0,294.0,696.0,99.0,238.0,12.0,-76.0,281.0,772.0,6.0,94.0,6.0,288.0,6.0,0.0,6.0,0.0,0.0,0.0,0.0,0.0,294.0,0.0,0.0,0.0,0.0,0.0,0.0,6.0,0.0,0.0,0.0,0.0,0.0,0.0,7.0,0.0,0.0,0.0,0.0,0.0,0.0,281.0,0.0,0.0,0.0,0.0,0.0,0.0,4896.0,0.0,0.0,0.0,0.0,0.0,0.0
S00038_FORA_PONTA,0, ,689.0," ""GERAL""       ",43792.0,4438.0,3516.0,3528.0,45953.0,5439.0,3655.0,3668.0,0.0,0.0,1297.0,1127.0,2138.0,5143.0,110.0,279.0,181.0,-227.0,1957.0,5370.0,18.0,94.0,73.0,2065.0,73.0,0.0,73.0,0.0,0.0,0.0,0.0,0.0,2138.0,0.0,0.0,0.0,0.0,0.0,0.0,73.0,0.0,0.0,0.0,0.0,0.0,0.0,108.0,0.0,0.0,0.0,0.0,0.0,0.0,1957.0,0.0,0.0,0.0,0.0,0.0,0.0,45953.0,0.0,0.0,0.0,0.0,0.0,0.0
S00039_PONTA,0, ,692.0," ""GERAL""       ",4703.0,441.0,1644.0,1651.0,4587.0,632.0,1710.0,1724.0,0.0,0.0,186.0,161.0,293.0,693.0,99.0,235.0,11.0,-80.0,282.0,773.0,5.0,94.0,5.0,288.0,5.0,0.0,5.0,0.0,0.0,0.0,0.0,0.0,293.0,0.0,0.0,0.0,0.0,0.0,0.0,5.0,0.0,0.0,0.0,0.0,0.0,0.0,6.0,0.0,0.0,0.0,0.0,0.0,0.0,282.0,0.0,0.0,0.0,0.0,0.0,0.0,4587.0,0.0,0.0,0.0,0.0,0.0,0.0
S00040_FORA_PONTA,0, ,713.0," ""GERAL""       ",42155.0,4428.0,3251.0,3265.0,42902.0,5551.0,3404.0,3421.0,0.0,0.0,1298.0,1127.0,2108.0,5027.0,107.0,264.0,149.0,-347.0,1959.0,5375.0,15.0,94.0,68.0,2040.0,68.0,0.0,68.0,0.0,0.0,0.0,0.0,0.0,2108.0,0.0,0.0,0.0,0.0,0.0,0.0,68.0,0.0,0.0,0.0,0.0,0.0,0.0,81.0,0.0,0.0,0.0,0.0,0.0,0.0,1959.0,0.0,0.0,0.0,0.0,0.0,0.0,42902.0,0.0,0.0,0.0,0.0,0.0,0.0
S00041_PONTA,0, ,716.0," ""GERAL""       ",4515.0,360.0,1608.0,1614.0,4299.0,556.0,1576.0,1589.0,0.0,0.0,186.0,161.0,292.0,689.0,98.0,231.0,10.0,-85.0,282.0,774.0,4.0,94.0,5.0,287.0,5.0,0.0,5.0,0.0,0.0,0.0,0.0,0.0,292.0,0.0,0.0,0.0,0.0,0.0,0.0,5.0,0.0,0.0,0.0,0.0,0.0,0.0,5.0,0.0,0.0,0.0,0.0,0.0,0.0,282.0,0.0,0.0,0.0,0.0,0.0,0.0,4299.0,0.0,0.0,0.0,0.0,0.0,0.0
S00042_FORA_PONTA,0, ,737.0," ""GERAL""       ",39858.0,4926.0,2914.0,2951.0,42405.0,5956.0,3377.0,3411.0,0.0,0.0,1298.0,1127.0,2127.0,5123.0,112.0,284.0,166.0,-256.0,1960.0,5379.0,20.0,94.0,65.0,2062.0,65.0,0.0,65.0,0.0,0.0,0.0,0.0,0.0,2127.0,0.0,0.0,0.0,0.0,0.0,0.0,65.0,0.0,0.0,0.0,0.0,0.0,0.0,101.0,0.0,0.0,0.0,0.0,0.0,0.0,1960.0,0.0,0.0,0.0,0.0,0.0,0.0,42405.0,0.0,0.0,0.0,0.0,0.0,0.0
S00043_PONTA,0, ,740.0," ""GERAL""       ",5131.0,628.0,1785.0,1799.0,5047.0,805.0,1949.0,1975.0,0.0,0.0,186.0,161.0,296.0,705.0,101.0,242.0,15.0,-66.0,281.0,770.0,7.0,94.0,8.0,288.0,8.0,0.0,8.0,0.0,0.0,0.0,0.0,0.0,296.0,0.0,0.0,0.0,0.0,0.0,0.0,8.0,0.0,0.0,0.0,0.0,0.0,0.0,8.0,0.0,0.0,0.0,0.0,0.0,0.0,281.0,0.0,0.0,0.0,0.0,0.0,0.0,5047.0,0.0,0.0,0.0,0.0,0.0,0.0
S00044_FORA_PONTA,0, ,809.0," ""GERAL""       ",102110.0,12545.0,3871.0,3893.0,109983.0,16241.0,4317.0,4336.0,0.0,0.0,4274.0,3708.0,6919.0,16629.0,119.0,302.0,440.0,-1151.0,6480.0,17779.0,28.0,95.0,153.0,6766.0,153.0,0.0,153.0,0.0,0.0,0.0,0.0,0.0,6919.0,0.0,0.0,0.0,0.0,0.0,0.0,153.0,0.0,0.0,0.0,0.0,0.0,0.0,286.0,0.0,0.0,0.0,0.0,0.0,0.0,6480.0,0.0,0.0,0.0,0.0,0.0,0.0,109983.0,0.0,0.0,0.0,0.0,0.0,0.0
S00045_PONTA,0, ,812.0," ""GERAL""       ",5557.0,504.0,1971.0,1983.0,5451.0,685.0,2134.0,2151.0,0.0,0.0,186.0,161.0,296.0,701.0,100.0,240.0,15.0,-69.0,281.0,770.0,7.0,94.0,7.0,288.0,7.0,0.0,7.0,0.0,0.0,0.0,0.0,0.0,296.0,0.0,0.0,0.0,0.0,0.0,0.0,7.0,0.0,0.0,0.0,0.0,0.0,0.0,8.0,0.0,0.0,0.0,0.0,0.0,0.0,281.0,0.0,0.0,0.0,0.0,0.0,0.0,5451.0,0.0,0.0,0.0,0.0,0.0,0.0
S00046_FORA_PONTA,0, ,833.0," ""GERAL""       ",51997.0,5495.0,4195.0,4221.0,54658.0,6267.0,4601.0,4623.0,0.0,0.0,1295.0,1125.0,2201.0,5341.0,120.0,307.0,255.0,2.0,1946.0,5339.0,30.0,94.0,106.0,2095.0,106.0,0.0,106.0,0.0,0.0,0.0,0.0,0.0,2201.0,0.0,0.0,0.0,0.0,0.0,0.0,106.0,0.0,0.0,0.0,0.0,0.0,0.0,149.0,0.0,0.0,0.0,0.0,0.0,0.0,1946.0,0.0,0.0,0.0,0.0,0.0,0.0,54658.0,0.0,0.0,0.0,0.0,0.0,0.0
S00047_PONTA,0, ,836.0," ""GERAL""       ",5779.0,523.0,2094.0,2106.0,5676.0,700.0,2260.0,2277.0,0.0,0.0,186.0,161.0,296.0,703.0,101.0,241.0,16.0,-66.0,280.0,769.0,7.0,94.0,8.0,289.0,8.0,0.0,8.0,0.0,0.0,0.0,0.0,0.0,296.0,0.0,0.0,0.0,0.0,0.0,0.0,8.0,0.0,0.0,0.0,0.0,0.0,0.0,8.0,0.0,0.0,0.0,0.0,0.0,0.0,280.0,0.0,0.0,0.0,0.0,0.0,0.0,5676.0,0.0,0.0,0.0,0.0,0.0,0.0
S00048_FORA_PONTA,0, ,857.0," ""GERAL""       ",54673.0,5805.0,4356.0,4381.0,57071.0,6525.0,4771.0,4795.0,0.0,0.0,1294.0,1125.0,2219.0,5383.0,123.0,313.0,276.0,53.0,1942.0,5329.0,33.0,94.0,120.0,2099.0,120.0,0.0,120.0,0.0,0.0,0.0,0.0,0.0,2219.0,0.0,0.0,0.0,0.0,0.0,0.0,120.0,0.0,0.0,0.0,0.0,0.0,0.0,157.0,0.0,0.0,0.0,0.0,0.0,0.0,1942.0,0.0,0.0,0.0,0.0,0.0,0.0,57071.0,0.0,0.0,0.0,0.0,0.0,0.0
S00049_PONTA,0, ,860.0," ""GERAL""       ",6096.0,570.0,2282.0,2297.0,5963.0,745.0,2400.0,2420.0,0.0,0.0,185.0,161.0,297.0,704.0,101.0,241.0,17.0,-64.0,280.0,768.0,8.0,94.0,9.0,288.0,9.0,0.0,9.0,0.0,0.0,0.0,0.0,0.0,297.0,0.0,0.0,0.0,0.0,0.0,0.0,9.0,0.0,0.0,0.0,0.0,0.0,0.0,8.0,0.0,0.0,0.0,0.0,0.0,0.0,280.0,0.0,0.0,0.0,0.0,0.0,0.0,5963.0,0.0,0.0,0.0,0.0,0.0,0.0
S00050_FORA_PONTA,0, ,881.0," ""GERAL""       ",50200.0,5055.0,3978.0,3995.0,50345.0,6055.0,3993.0,4011.0,0.0,0.0,1296.0,1126.0,2147.0,5121.0,112.0,274.0,198.0,-225.0,1949.0,5347.0,21.0,94.0,98.0,2048.0,98.0,0.0,98.0,0.0,0.0,0.0,0.0,0.0,2147.0,0.0,0.0,0.0,0.0,0.0,0.0,98.0,0.0,0.0,0.0,0.0,0.0,0.0,100.0,0.0,0.0,0.0,0.0,0.0,0.0,1949.0,0.0,0.0,0.0,0.0,0.0,0.0,50345.0,0.0,0.0,0.0,0.0,0.0,0.0
S00051_PONTA,0, ,884.0," ""GERAL""       ",5284.0,432.0,1894.0,1904.0,5128.0,618.0,1953.0,1970.0,0.0,0.0,186.0,161.0,294.0,696.0,99.0,235.0,13.0,-75.0,281.0,771.0,5.0,94.0,7.0,288.0,7.0,0.0,7.0,0.0,0.0,0.0,0.0,0.0,294.0,0.0,0.0,0.0,0.0,0.0,0.0,7.0,0.0,0.0,0.0,0.0,0.0,0.0,7.0,0.0,0.0,0.0,0.0,0.0,0.0,281.0,0.0,0.0,0.0,0.0,0.0,0.0,5128.0,0.0,0.0,0.0,0.0,0.0,0.0
S00052_FORA_PONTA,0, ,905.0," ""GERAL""       ",46092.0,5575.0,3585.0,3609.0,49383.0,6406.0,4010.0,4030.0,0.0,0.0,1297.0,1126.0,2182.0,5300.0,118.0,302.0,230.0,-57.0,1952.0,5357.0,27.0,94.0,91.0,2091.0,91.0,0.0,91.0,0.0,0.0,0.0,0.0,0.0,2182.0,0.0,0.0,0.0,0.0,0.0,0.0,91.0,0.0,0.0,0.0,0.0,0.0,0.0,139.0,0.0,0.0,0.0,0.0,0.0,0.0,1952.0,0.0,0.0,0.0,0.0,0.0,0.0,49383.0,0.0,0.0,0.0,0.0,0.0,0.0
S00053_PONTA,0, ,908.0," ""GERAL""       ",6035.0,784.0,2100.0,2122.0,5944.0,944.0,2287.0,2314.0,0.0,0.0,185.0,161.0,300.0,717.0,102.0,247.0,21.0,-50.0,279.0,767.0,9.0,93.0,11.0,290.0,11.0,0.0,11.0,0.0,0.0,0.0,0.0,0.0,300.0,0.0,0.0,0.0,0.0,0.0,0.0,11.0,0.0,0.0,0.0,0.0,0.0,0.0,10.0,0.0,0.0,0.0,0.0,0.0,0.0,279.0,0.0,0.0,0.0,0.0,0.0,0.0,5944.0,0.0,0.0,0.0,0.0,0.0,0.0
S00054_FORA_PONTA,0, ,977.0," ""GERAL""       ",113540.0,14605.0,4171.0,4209.0,122424.0,18056.0,4666.0,4697.0,0.0,0.0,4270.0,3706.0,6981.0,16827.0,123.0,312.0,518.0,-906.0,6463.0,17734.0,33.0,95.0,188.0,6793.0,188.0,0.0,188.0,0.0,0.0,0.0,0.0,0.0,6981.0,0.0,0.0,0.0,0.0,0.0,0.0,188.0,0.0,0.0,0.0,0.0,0.0,0.0,330.0,0.0,0.0,0.0,0.0,0.0,0.0,6463.0,0.0,0.0,0.0,0.0,0.0,0.0,122424.0,0.0,0.0,0.0,0.0,0.0,0.0
S00055_PONTA,0, ,980.0," ""GERAL""       ",5683.0,512.0,2187.0,2200.0,5524.0,692.0,2258.0,2277.0,0.0,0.0,186.0,161.0,296.0,701.0,101.0,239.0,16.0,-69.0,280.0,769.0,7.0,94.0,8.0,288.0,8.0,0.0,8.0,0.0,0.0,0.0,0.0,0.0,296.0,0.0,0.0,0.0,0.0,0.0,0.0,8.0,0.0,0.0,0.0,0.0,0.0,0.0,8.0,0.0,0.0,0.0,0.0,0.0,0.0,280.0,0.0,0.0,0.0,0.0,0.0,0.0,5524.0,0.0,0.0,0.0,0.0,0.0,0.0
S00056_FORA_PONTA,0, ,1001.0," ""GERAL""       ",55916.0,5762.0,4743.0,4776.0,57504.0,6496.0,5171.0,5198.0,0.0,0.0,1294.0,1124.0,2219.0,5365.0,127.0,323.0,278.0,40.0,1941.0,5326.0,37.0,94.0,127.0,2092.0,127.0,0.0,127.0,0.0,0.0,0.0,0.0,0.0,2219.0,0.0,0.0,0.0,0.0,0.0,0.0,127.0,0.0,0.0,0.0,0.0,0.0,0.0,151.0,0.0,0.0,0.0,0.0,0.0,0.0,1941.0,0.0,0.0,0.0,0.0,0.0,0.0,57504.0,0.0,0.0,0.0,0.0,0.0,0.0
S00057_PONTA,0, ,1004.0," ""GERAL""       ",5349.0,404.0,1957.0,1962.0,5121.0,589.0,1953.0,1963.0,0.0,0.0,186.0,161.0,295.0,697.0,99.0,234.0,14.0,-74.0,281.0,771.0,5.0,94.0,7.0,288.0,7.0,0.0,7.0,0.0,0.0,0.0,0.0,0.0,295.0,0.0,0.0,0.0,0.0,0.0,0.0,7.0,0.0,0.0,0.0,0.0,0.0,0.0,7.0,0.0,0.0,0.0,0.0,0.0,0.0,281.0,0.0,0.0,0.0,0.0,0.0,0.0,5121.0,0.0,0.0,0.0,0.0,0.0,0.0
S00058_FORA_PONTA,0, ,1025.0," ""GERAL""       ",47579.0,4532.0,3813.0,3833.0,49322.0,5471.0,4137.0,4157.0,0.0,0.0,1297.0,1126.0,2156.0,5193.0,116.0,294.0,203.0,-165.0,1953.0,5358.0,25.0,94.0,88.0,2069.0,88.0,0.0,88.0,0.0,0.0,0.0,0.0,0.0,2156.0,0.0,0.0,0.0,0.0,0.0,0.0,88.0,0.0,0.0,0.0,0.0,0.0,0.0,116.0,0.0,0.0,0.0,0.0,0.0,0.0,1953.0,0.0,0.0,0.0,0.0,0.0,0.0,49322.0,0.0,0.0,0.0,0.0,0.0,0.0
S00059_PONTA,0, ,1028.0," ""GERAL""       ",5172.0,479.0,1931.0,1939.0,4913.0,669.0,1884.0,1900.0,0.0,0.0,186.0,161.0,293.0,693.0,99.0,233.0,12.0,-78.0,281.0,771.0,5.0,94.0,6.0,287.0,6.0,0.0,6.0,0.0,0.0,0.0,0.0,0.0,293.0,0.0,0.0,0.0,0.0,0.0,0.0,6.0,0.0,0.0,0.0,0.0,0.0,0.0,6.0,0.0,0.0,0.0,0.0,0.0,0.0,281.0,0.0,0.0,0.0,0.0,0.0,0.0,4913.0,0.0,0.0,0.0,0.0,0.0,0.0
S00060_FORA_PONTA,0, ,1049.0," ""GERAL""       ",46439.0,4553.0,3675.0,3686.0,47188.0,5599.0,3831.0,3847.0,0.0,0.0,1297.0,1126.0,2130.0,5090.0,111.0,273.0,175.0,-272.0,1954.0,5361.0,20.0,94.0,83.0,2047.0,83.0,0.0,83.0,0.0,0.0,0.0,0.0,0.0,2130.0,0.0,0.0,0.0,0.0,0.0,0.0,83.0,0.0,0.0,0.0,0.0,0.0,0.0,93.0,0.0,0.0,0.0,0.0,0.0,0.0,1954.0,0.0,0.0,0.0,0.0,0.0,0.0,47188.0,0.0,0.0,0.0,0.0,0.0,0.0
S00061_PONTA,0, ,1052.0," ""GERAL""       ",5034.0,423.0,1797.0,1803.0,4838.0,613.0,1810.0,1823.0,0.0,0.0,186.0,161.0,293.0,693.0,98.0,233.0,12.0,-79.0,281.0,772.0,5.0,94.0,6.0,287.0,6.0,0.0,6.0,0.0,0.0,0.0,0.0,0.0,293.0,0.0,0.0,0.0,0.0,0.0,0.0,6.0,0.0,0.0,0.0,0.0,0.0,0.0,6.0,0.0,0.0,0.0,0.0,0.0,0.0,281.0,0.0,0.0,0.0,0.0,0.0,0.0,4838.0,0.0,0.0,0.0,0.0,0.0,0.0
S00062_FORA_PONTA,0, ,1073.0," ""GERAL""       ",43016.0,4774.0,3372.0,3395.0,46016.0,5715.0,3803.0,3824.0,0.0,0.0,1298.0,1127.0,2150.0,5203.0,114.0,286.0,193.0,-168.0,1957.0,5371.0,22.0,94.0,74.0,2076.0,74.0,0.0,74.0,0.0,0.0,0.0,0.0,0.0,2150.0,0.0,0.0,0.0,0.0,0.0,0.0,74.0,0.0,0.0,0.0,0.0,0.0,0.0,119.0,0.0,0.0,0.0,0.0,0.0,0.0,1957.0,0.0,0.0,0.0,0.0,0.0,0.0,46016.0,0.0,0.0,0.0,0.0,0.0,0.0
S00063_PONTA,0, ,1076.0," ""GERAL""       ",5794.0,827.0,2016.0,2033.0,5695.0,990.0,2056.0,2089.0,0.0,0.0,185.0,161.0,299.0,714.0,101.0,243.0,20.0,-53.0,280.0,767.0,8.0,93.0,10.0,289.0,10.0,0.0,10.0,0.0,0.0,0.0,0.0,0.0,299.0,0.0,0.0,0.0,0.0,0.0,0.0,10.0,0.0,0.0,0.0,0.0,0.0,0.0,9.0,0.0,0.0,0.0,0.0,0.0,0.0,280.0,0.0,0.0,0.0,0.0,0.0,0.0,5695.0,0.0,0.0,0.0,0.0,0.0,0.0
S00064_FORA_PONTA,0, ,1145.0," ""GERAL""       ",108445.0,12717.0,3780.0,3798.0,109057.0,16764.0,3725.0,3746.0,0.0,0.0,4272.0,3707.0,6834.0,16259.0,110.0,262.0,361.0,-1498.0,6472.0,17758.0,19.0,95.0,160.0,6674.0,160.0,0.0,160.0,0.0,0.0,0.0,0.0,0.0,6834.0,0.0,0.0,0.0,0.0,0.0,0.0,160.0,0.0,0.0,0.0,0.0,0.0,0.0,202.0,0.0,0.0,0.0,0.0,0.0,0.0,6472.0,0.0,0.0,0.0,0.0,0.0,0.0,109057.0,0.0,0.0,0.0,0.0,0.0,0.0
S00065_PONTA,0, ,1148.0," ""GERAL""       ",4607.0,470.0,1718.0,1734.0,4357.0,665.0,1687.0,1713.0,0.0,0.0,186.0,161.0,292.0,689.0,98.0,231.0,10.0,-84.0,282.0,773.0,4.0,94.0,5.0,287.0,5.0,0.0,5.0,0.0,0.0,0.0,0.0,0.0,292.0,0.0,0.0,0.0,0.0,0.0,0.0,5.0,0.0,0.0,0.0,0.0,0.0,0.0,5.0,0.0,0.0,0.0,0.0,0.0,0.0,282.0,0.0,0.0,0.0,0.0,0.0,0.0,4357.0,0.0,0.0,0.0,0.0,0.0,0.0
S00066_FORA_PONTA,0, ,1169.0," ""GERAL""       ",40896.0,4877.0,3012.0,3032.0,42588.0,5955.0,3273.0,3297.0,0.0,0.0,1298.0,1127.0,2116.0,5072.0,111.0,280.0,157.0,-304.0,1959.0,5376.0,19.0,94.0,67.0,2049.0,67.0,0.0,67.0,0.0,0.0,0.0,0.0,0.0,2116.0,0.0,0.0,0.0,0.0,0.0,0.0,67.0,0.0,0.0,0.0,0.0,0.0,0.0,90.0,0.0,0.0,0.0,0.0,0.0,0.0,1959.0,0.0,0.0,0.0,0.0,0.0,0.0,42588.0,0.0,0.0,0.0,0.0,0.0,0.0
S00067_PONTA,0, ,1172.0," ""GERAL""       ",4536.0,372.0,1712.0,1729.0,4414.0,565.0,1830.0,1855.0,0.0,0.0,186.0,161.0,292.0,691.0,99.0,235.0,10.0,-83.0,282.0,774.0,5.0,94.0,5.0,287.0,5.0,0.0,5.0,0.0,0.0,0.0,0.0,0.0,292.0,0.0,0.0,0.0,0.0,0.0,0.0,5.0,0.0,0.0,0.0,0.0,0.0,0.0,5.0,0.0,0.0,0.0,0.0,0.0,0.0,282.0,0.0,0.0,0.0,0.0,0.0,0.0,4414.0,0.0,0.0,0.0,0.0,0.0,0.0
S00068_FORA_PONTA,0, ,1193.0," ""GERAL""       ",38721.0,4551.0,2794.0,2816.0,41309.0,5606.0,3252.0,3274.0,0.0,0.0,1299.0,1127.0,2120.0,5104.0,111.0,279.0,157.0,-281.0,1962.0,5385.0,19.0,94.0,59.0,2061.0,59.0,0.0,59.0,0.0,0.0,0.0,0.0,0.0,2120.0,0.0,0.0,0.0,0.0,0.0,0.0,59.0,0.0,0.0,0.0,0.0,0.0,0.0,99.0,0.0,0.0,0.0,0.0,0.0,0.0,1962.0,0.0,0.0,0.0,0.0,0.0,0.0,41309.0,0.0,0.0,0.0,0.0,0.0,0.0
S00069_PONTA,0, ,1196.0," ""GERAL""       ",4496.0,339.0,1539.0,1542.0,4409.0,531.0,1713.0,1727.0,0.0,0.0,186.0,161.0,292.0,692.0,99.0,237.0,10.0,-82.0,282.0,774.0,5.0,94.0,5.0,288.0,5.0,0.0,5.0,0.0,0.0,0.0,0.0,0.0,292.0,0.0,0.0,0.0,0.0,0.0,0.0,5.0,0.0,0.0,0.0,0.0,0.0,0.0,5.0,0.0,0.0,0.0,0.0,0.0,0.0,282.0,0.0,0.0,0.0,0.0,0.0,0.0,4409.0,0.0,0.0,0.0,0.0,0.0,0.0
S00070_FORA_PONTA,0, ,1217.0," ""GERAL""       ",38936.0,4195.0,2896.0,2915.0,42190.0,5188.0,3350.0,3367.0,0.0,0.0,1299.0,1127.0,2135.0,5168.0,111.0,281.0,172.0,-218.0,1963.0,5386.0,19.0,94.0,59.0,2076.0,59.0,0.0,59.0,0.0,0.0,0.0,0.0,0.0,2135.0,0.0,0.0,0.0,0.0,0.0,0.0,59.0,0.0,0.0,0.0,0.0,0.0,0.0,113.0,0.0,0.0,0.0,0.0,0.0,0.0,1963.0,0.0,0.0,0.0,0.0,0.0,0.0,42190.0,0.0,0.0,0.0,0.0,0.0,0.0
S00071_PONTA,0, ,1220.0," ""GERAL""       ",4653.0,345.0,1621.0,1627.0,4540.0,536.0,1758.0,1772.0,0.0,0.0,186.0,161.0,293.0,693.0,99.0,237.0,11.0,-80.0,282.0,774.0,5.0,94.0,5.0,288.0,5.0,0.0,5.0,0.0,0.0,0.0,0.0,0.0,293.0,0.0,0.0,0.0,0.0,0.0,0.0,5.0,0.0,0.0,0.0,0.0,0.0,0.0,6.0,0.0,0.0,0.0,0.0,0.0,0.0,282.0,0.0,0.0,0.0,0.0,0.0,0.0,4540.0,0.0,0.0,0.0,0.0,0.0,0.0
S00072_FORA_PONTA,0, ,1241.0," ""GERAL""       ",41683.0,5134.0,3208.0,3235.0,44339.0,6099.0,3556.0,3582.0,0.0,0.0,1298.0,1127.0,2146.0,5182.0,114.0,287.0,188.0,-191.0,1958.0,5372.0,22.0,94.0,75.0,2071.0,75.0,0.0,75.0,0.0,0.0,0.0,0.0,0.0,2146.0,0.0,0.0,0.0,0.0,0.0,0.0,75.0,0.0,0.0,0.0,0.0,0.0,0.0,113.0,0.0,0.0,0.0,0.0,0.0,0.0,1958.0,0.0,0.0,0.0,0.0,0.0,0.0,44339.0,0.0,0.0,0.0,0.0,0.0,0.0
S00073_PONTA,0, ,1244.0," ""GERAL""       ",5504.0,716.0,1923.0,1941.0,5368.0,888.0,2004.0,2031.0,0.0,0.0,186.0,161.0,298.0,708.0,101.0,242.0,17.0,-61.0,280.0,769.0,7.0,94.0,9.0,288.0,9.0,0.0,9.0,0.0,0.0,0.0,0.0,0.0,298.0,0.0,0.0,0.0,0.0,0.0,0.0,9.0,0.0,0.0,0.0,0.0,0.0,0.0,8.0,0.0,0.0,0.0,0.0,0.0,0.0,280.0,0.0,0.0,0.0,0.0,0.0,0.0,5368.0,0.0,0.0,0.0,0.0,0.0,0.0
S00074_FORA_PONTA,0, ,1313.0," ""GERAL""       ",105231.0,11076.0,3920.0,3940.0,112480.0,14792.0,4301.0,4319.0,0.0,0.0,4273.0,3708.0,6914.0,16610.0,117.0,297.0,435.0,-1169.0,6480.0,17779.0,26.0,95.0,149.0,6765.0,149.0,0.0,149.0,0.0,0.0,0.0,0.0,0.0,6914.0,0.0,0.0,0.0,0.0,0.0,0.0,149.0,0.0,0.0,0.0,0.0,0.0,0.0,286.0,0.0,0.0,0.0,0.0,0.0,0.0,6480.0,0.0,0.0,0.0,0.0,0.0,0.0,112480.0,0.0,0.0,0.0,0.0,0.0,0.0
S00075_PONTA,0, ,1316.0," ""GERAL""       ",5887.0,586.0,2040.0,2057.0,5748.0,763.0,2192.0,2215.0,0.0,0.0,185.0,161.0,296.0,702.0,100.0,240.0,16.0,-66.0,280.0,769.0,7.0,94.0,8.0,288.0,8.0,0.0,8.0,0.0,0.0,0.0,0.0,0.0,296.0,0.0,0.0,0.0,0.0,0.0,0.0,8.0,0.0,0.0,0.0,0.0,0.0,0.0,8.0,0.0,0.0,0.0,0.0,0.0,0.0,280.0,0.0,0.0,0.0,0.0,0.0,0.0,5748.0,0.0,0.0,0.0,0.0,0.0,0.0
S00076_FORA_PONTA,0, ,1337.0," ""GERAL""       ",49438.0,4911.0,4557.0,4581.0,50593.0,5768.0,4898.0,4918.0,0.0,0.0,1296.0,1126.0,2184.0,5267.0,122.0,309.0,234.0,-83.0,1950.0,5350.0,32.0,96.0,106.0,2078.0,106.0,0.0,106.0,0.0,0.0,0.0,0.0,0.0,2184.0,0.0,0.0,0.0,0.0,0.0,0.0,106.0,0.0,0.0,0.0,0.0,0.0,0.0,128.0,0.0,0.0,0.0,0.0,0.0,0.0,1950.0,0.0,0.0,0.0,0.0,0.0,0.0,50593.0,0.0,0.0,0.0,0.0,0.0,0.0
S00077_PONTA,0, ,1340.0," ""GERAL""       ",6349.0,490.0,2198.0,2205.0,6100.0,661.0,2145.0,2165.0,0.0,0.0,185.0,161.0,298.0,707.0,100.0,238.0,19.0,-60.0,280.0,768.0,7.0,93.0,10.0,289.0,10.0,0.0,10.0,0.0,0.0,0.0,0.0,0.0,298.0,0.0,0.0,0.0,0.0,0.0,0.0,10.0,0.0,0.0,0.0,0.0,0.0,0.0,9.0,0.0,0.0,0.0,0.0,0.0,0.0,280.0,0.0,0.0,0.0,0.0,0.0,0.0,6100.0,0.0,0.0,0.0,0.0,0.0,0.0
S00078_FORA_PONTA,0, ,1361.0," ""GERAL""       ",56417.0,6317.0,4494.0,4517.0,57748.0,7094.0,4751.0,4773.0,0.0,0.0,1294.0,1124.0,2204.0,5317.0,120.0,304.0,265.0,-4.0,1939.0,5321.0,30.0,94.0,126.0,2079.0,126.0,0.0,126.0,0.0,0.0,0.0,0.0,0.0,2204.0,0.0,0.0,0.0,0.0,0.0,0.0,126.0,0.0,0.0,0.0,0.0,0.0,0.0,139.0,0.0,0.0,0.0,0.0,0.0,0.0,1939.0,0.0,0.0,0.0,0.0,0.0,0.0,57748.0,0.0,0.0,0.0,0.0,0.0,0.0
S00079_PONTA,0, ,1364.0," ""GERAL""       ",6281.0,1003.0,2194.0,2226.0,6068.0,1167.0,2244.0,2284.0,0.0,0.0,185.0,161.0,299.0,711.0,101.0,240.0,20.0,-54.0,279.0,765.0,8.0,93.0,11.0,288.0,11.0,0.0,11.0,0.0,0.0,0.0,0.0,0.0,299.0,0.0,0.0,0.0,0.0,0.0,0.0,11.0,0.0,0.0,0.0,0.0,0.0,0.0,10.0,0.0,0.0,0.0,0.0,0.0,0.0,279.0,0.0,0.0,0.0,0.0,0.0,0.0,6068.0,0.0,0.0,0.0,0.0,0.0,0.0
S00080_FORA_PONTA,0, ,1385.0," ""GERAL""       ",50517.0,6164.0,3917.0,3946.0,52178.0,7018.0,4284.0,4316.0,0.0,0.0,1295.0,1125.0,2182.0,5258.0,119.0,302.0,236.0,-82.0,1946.0,5340.0,29.0,94.0,109.0,2072.0,109.0,0.0,109.0,0.0,0.0,0.0,0.0,0.0,2182.0,0.0,0.0,0.0,0.0,0.0,0.0,109.0,0.0,0.0,0.0,0.0,0.0,0.0,126.0,0.0,0.0,0.0,0.0,0.0,0.0,1946.0,0.0,0.0,0.0,0.0,0.0,0.0,52178.0,0.0,0.0,0.0,0.0,0.0,0.0
S00081_PONTA,0, ,1388.0," ""GERAL""       ",5751.0,573.0,2329.0,2354.0,5490.0,750.0,2286.0,2320.0,0.0,0.0,185.0,161.0,297.0,702.0,101.0,241.0,16.0,-66.0,280.0,769.0,9.0,94.0,9.0,288.0,9.0,0.0,9.0,0.0,0.0,0.0,0.0,0.0,297.0,0.0,0.0,0.0,0.0,0.0,0.0,9.0,0.0,0.0,0.0,0.0,0.0,0.0,8.0,0.0,0.0,0.0,0.0,0.0,0.0,280.0,0.0,0.0,0.0,0.0,0.0,0.0,5490.0,0.0,0.0,0.0,0.0,0.0,0.0
S00082_FORA_PONTA,0, ,1409.0," ""GERAL""       ",45788.0,4405.0,3640.0,3656.0,46443.0,5437.0,3914.0,3930.0,0.0,0.0,1297.0,1126.0,2131.0,5106.0,114.0,287.0,176.0,-258.0,1955.0,5364.0,22.0,94.0,80.0,2052.0,80.0,0.0,80.0,0.0,0.0,0.0,0.0,0.0,2131.0,0.0,0.0,0.0,0.0,0.0,0.0,80.0,0.0,0.0,0.0,0.0,0.0,0.0,96.0,0.0,0.0,0.0,0.0,0.0,0.0,1955.0,0.0,0.0,0.0,0.0,0.0,0.0,46443.0,0.0,0.0,0.0,0.0,0.0,0.0
S00083_PONTA,0, ,1412.0," ""GERAL""       ",4760.0,421.0,1686.0,1692.0,4580.0,612.0,1657.0,1674.0,0.0,0.0,186.0,161.0,293.0,693.0,98.0,233.0,11.0,-80.0,282.0,773.0,4.0,94.0,5.0,287.0,5.0,0.0,5.0,0.0,0.0,0.0,0.0,0.0,293.0,0.0,0.0,0.0,0.0,0.0,0.0,5.0,0.0,0.0,0.0,0.0,0.0,0.0,6.0,0.0,0.0,0.0,0.0,0.0,0.0,282.0,0.0,0.0,0.0,0.0,0.0,0.0,4580.0,0.0,0.0,0.0,0.0,0.0,0.0
S00084_FORA_PONTA,0, ,1481.0," ""GERAL""       ",85094.0,10007.0,1509.0,1513.0,91652.0,14110.0,1699.0,1716.0,0.0,0.0,4279.0,3711.0,6810.0,16290.0,105.0,261.0,306.0,-1555.0,6504.0,17844.0,10.0,95.0,88.0,6722.0,88.0,0.0,88.0,0.0,0.0,0.0,0.0,0.0,6810.0,0.0,0.0,0.0,0.0,0.0,0.0,88.0,0.0,0.0,0.0,0.0,0.0,0.0,219.0,0.0,0.0,0.0,0.0,0.0,0.0,6504.0,0.0,0.0,0.0,0.0,0.0,0.0,91652.0,0.0,0.0,0.0,0.0,0.0,0.0
S00085_PONTA,0, ,1484.0," ""GERAL""       ",4757.0,459.0,1641.0,1647.0,4536.0,650.0,1544.0,1557.0,0.0,0.0,186.0,161.0,293.0,692.0,98.0,231.0,11.0,-81.0,282.0,772.0,4.0,94.0,6.0,287.0,6.0,0.0,6.0,0.0,0.0,0.0,0.0,0.0,293.0,0.0,0.0,0.0,0.0,0.0,0.0,6.0,0.0,0.0,0.0,0.0,0.0,0.0,6.0,0.0,0.0,0.0,0.0,0.0,0.0,282.0,0.0,0.0,0.0,0.0,0.0,0.0,4536.0,0.0,0.0,0.0,0.0,0.0,0.0
S00086_FORA_PONTA,0, ,1529.0," ""GERAL""       ",71896.0,8208.0,3053.0,3070.0,77547.0,10625.0,3548.0,3563.0,0.0,0.0,2786.0,2418.0,4504.0,10824.0,111.0,278.0,283.0,-756.0,4220.0,11580.0,19.0,95.0,92.0,4412.0,92.0,0.0,92.0,0.0,0.0,0.0,0.0,0.0,4504.0,0.0,0.0,0.0,0.0,0.0,0.0,92.0,0.0,0.0,0.0,0.0,0.0,0.0,191.0,0.0,0.0,0.0,0.0,0.0,0.0,4220.0,0.0,0.0,0.0,0.0,0.0,0.0,77547.0,0.0,0.0,0.0,0.0,0.0,0.0
S00087_PONTA,0, ,1532.0," ""GERAL""       ",5545.0,534.0,2000.0,2010.0,5442.0,712.0,2146.0,2161.0,0.0,0.0,186.0,161.0,296.0,702.0,100.0,239.0,16.0,-68.0,281.0,770.0,7.0,94.0,8.0,289.0,8.0,0.0,8.0,0.0,0.0,0.0,0.0,0.0,296.0,0.0,0.0,0.0,0.0,0.0,0.0,8.0,0.0,0.0,0.0,0.0,0.0,0.0,8.0,0.0,0.0,0.0,0.0,0.0,0.0,281.0,0.0,0.0,0.0,0.0,0.0,0.0,5442.0,0.0,0.0,0.0,0.0,0.0,0.0
S00088_FORA_PONTA,0, ,1553.0," ""GERAL""       ",57141.0,6013.0,4720.0,4744.0,59761.0,6659.0,5096.0,5115.0,0.0,0.0,1294.0,1124.0,2238.0,5448.0,125.0,316.0,298.0,127.0,1939.0,5321.0,35.0,94.0,129.0,2109.0,129.0,0.0,129.0,0.0,0.0,0.0,0.0,0.0,2238.0,0.0,0.0,0.0,0.0,0.0,0.0,129.0,0.0,0.0,0.0,0.0,0.0,0.0,170.0,0.0,0.0,0.0,0.0,0.0,0.0,1939.0,0.0,0.0,0.0,0.0,0.0,0.0,59761.0,0.0,0.0,0.0,0.0,0.0,0.0
S00089_PONTA,0, ,1556.0," ""GERAL""       ",6433.0,652.0,2387.0,2401.0,6273.0,820.0,2460.0,2479.0,0.0,0.0,185.0,161.0,298.0,709.0,101.0,241.0,19.0,-57.0,279.0,766.0,8.0,93.0,9.0,289.0,9.0,0.0,9.0,0.0,0.0,0.0,0.0,0.0,298.0,0.0,0.0,0.0,0.0,0.0,0.0,9.0,0.0,0.0,0.0,0.0,0.0,0.0,10.0,0.0,0.0,0.0,0.0,0.0,0.0,279.0,0.0,0.0,0.0,0.0,0.0,0.0,6273.0,0.0,0.0,0.0,0.0,0.0,0.0
S00090_FORA_PONTA,0, ,1577.0," ""GERAL""       ",56627.0,6139.0,4601.0,4624.0,59436.0,6808.0,4958.0,4979.0,0.0,0.0,1294.0,1124.0,2229.0,5426.0,122.0,312.0,289.0,104.0,1940.0,5322.0,32.0,94.0,122.0,2106.0,122.0,0.0,122.0,0.0,0.0,0.0,0.0,0.0,2229.0,0.0,0.0,0.0,0.0,0.0,0.0,122.0,0.0,0.0,0.0,0.0,0.0,0.0,167.0,0.0,0.0,0.0,0.0,0.0,0.0,1940.0,0.0,0.0,0.0,0.0,0.0,0.0,59436.0,0.0,0.0,0.0,0.0,0.0,0.0
S00091_PONTA,0, ,1580.0," ""GERAL""       ",6228.0,574.0,2232.0,2240.0,6066.0,744.0,2331.0,2350.0,0.0,0.0,185.0,161.0,298.0,709.0,101.0,242.0,18.0,-59.0,280.0,768.0,8.0,94.0,8.0,289.0,8.0,0.0,8.0,0.0,0.0,0.0,0.0,0.0,298.0,0.0,0.0,0.0,0.0,0.0,0.0,8.0,0.0,0.0,0.0,0.0,0.0,0.0,10.0,0.0,0.0,0.0,0.0,0.0,0.0,280.0,0.0,0.0,0.0,0.0,0.0,0.0,6066.0,0.0,0.0,0.0,0.0,0.0,0.0
S00092_FORA_PONTA,0, ,1649.0," ""GERAL""       ",112647.0,12276.0,3451.0,3472.0,117212.0,16099.0,4054.0,4070.0,0.0,0.0,4272.0,3707.0,6880.0,16473.0,116.0,297.0,411.0,-1276.0,6469.0,17750.0,25.0,95.0,156.0,6725.0,156.0,0.0,156.0,0.0,0.0,0.0,0.0,0.0,6880.0,0.0,0.0,0.0,0.0,0.0,0.0,156.0,0.0,0.0,0.0,0.0,0.0,0.0,255.0,0.0,0.0,0.0,0.0,0.0,0.0,6469.0,0.0,0.0,0.0,0.0,0.0,0.0,117212.0,0.0,0.0,0.0,0.0,0.0,0.0
S00093_PONTA,0, ,1652.0," ""GERAL""       ",5931.0,377.0,2153.0,2157.0,5786.0,552.0,2187.0,2201.0,0.0,0.0,186.0,161.0,297.0,705.0,100.0,241.0,17.0,-65.0,281.0,770.0,7.0,94.0,8.0,289.0,8.0,0.0,8.0,0.0,0.0,0.0,0.0,0.0,297.0,0.0,0.0,0.0,0.0,0.0,0.0,8.0,0.0,0.0,0.0,0.0,0.0,0.0,8.0,0.0,0.0,0.0,0.0,0.0,0.0,281.0,0.0,0.0,0.0,0.0,0.0,0.0,5786.0,0.0,0.0,0.0,0.0,0.0,0.0
S00094_FORA_PONTA,0, ,1673.0," ""GERAL""       ",41391.0,4393.0,3037.0,3054.0,44555.0,5369.0,3627.0,3641.0,0.0,0.0,1298.0,1127.0,2140.0,5177.0,113.0,286.0,180.0,-201.0,1960.0,5378.0,21.0,94.0,63.0,2077.0,63.0,0.0,63.0,0.0,0.0,0.0,0.0,0.0,2140.0,0.0,0.0,0.0,0.0,0.0,0.0,63.0,0.0,0.0,0.0,0.0,0.0,0.0,117.0,0.0,0.0,0.0,0.0,0.0,0.0,1960.0,0.0,0.0,0.0,0.0,0.0,0.0,44555.0,0.0,0.0,0.0,0.0,0.0,0.0
S00095_PONTA,0, ,1676.0," ""GERAL""       ",5836.0,367.0,2173.0,2177.0,5689.0,544.0,2074.0,2082.0,0.0,0.0,186.0,161.0,297.0,704.0,100.0,240.0,16.0,-65.0,281.0,770.0,6.0,94.0,8.0,289.0,8.0,0.0,8.0,0.0,0.0,0.0,0.0,0.0,297.0,0.0,0.0,0.0,0.0,0.0,0.0,8.0,0.0,0.0,0.0,0.0,0.0,0.0,8.0,0.0,0.0,0.0,0.0,0.0,0.0,281.0,0.0,0.0,0.0,0.0,0.0,0.0,5689.0,0.0,0.0,0.0,0.0,0.0,0.0
S00096_FORA_PONTA,0, ,1697.0," ""GERAL""       ",47594.0,4435.0,3863.0,3878.0,49924.0,5355.0,4301.0,4315.0,0.0,0.0,1297.0,1126.0,2161.0,5212.0,116.0,289.0,207.0,-147.0,1953.0,5359.0,25.0,94.0,86.0,2075.0,86.0,0.0,86.0,0.0,0.0,0.0,0.0,0.0,2161.0,0.0,0.0,0.0,0.0,0.0,0.0,86.0,0.0,0.0,0.0,0.0,0.0,0.0,121.0,0.0,0.0,0.0,0.0,0.0,0.0,1953.0,0.0,0.0,0.0,0.0,0.0,0.0,49924.0,0.0,0.0,0.0,0.0,0.0,0.0
S00097_PONTA,0, ,1700.0," ""GERAL""       ",6422.0,501.0,2277.0,2284.0,6231.0,670.0,2254.0,2265.0,0.0,0.0,185.0,161.0,299.0,709.0,100.0,240.0,19.0,-58.0,280.0,767.0,7.0,93.0,9.0,289.0,9.0,0.0,9.0,0.0,0.0,0.0,0.0,0.0,299.0,0.0,0.0,0.0,0.0,0.0,0.0,9.0,0.0,0.0,0.0,0.0,0.0,0.0,9.0,0.0,0.0,0.0,0.0,0.0,0.0,280.0,0.0,0.0,0.0,0.0,0.0,0.0,6231.0,0.0,0.0,0.0,0.0,0.0,0.0
S00098_FORA_PONTA,0, ,1721.0," ""GERAL""       ",46330.0,4615.0,3485.0,3503.0,47920.0,5621.0,3959.0,3976.0,0.0,0.0,1297.0,1126.0,2138.0,5130.0,114.0,284.0,184.0,-231.0,1954.0,5361.0,22.0,94.0,79.0,2059.0,79.0,0.0,79.0,0.0,0.0,0.0,0.0,0.0,2138.0,0.0,0.0,0.0,0.0,0.0,0.0,79.0,0.0,0.0,0.0,0.0,0.0,0.0,105.0,0.0,0.0,0.0,0.0,0.0,0.0,1954.0,0.0,0.0,0.0,0.0,0.0,0.0,47920.0,0.0,0.0,0.0,0.0,0.0,0.0
S00099_PONTA,0, ,1724.0," ""GERAL""       ",5756.0,301.0,2032.0,2034.0,5618.0,478.0,2129.0,2139.0,0.0,0.0,186.0,161.0,297.0,704.0,100.0,242.0,16.0,-66.0,281.0,771.0,7.0,94.0,8.0,289.0,8.0,0.0,8.0,0.0,0.0,0.0,0.0,0.0,297.0,0.0,0.0,0.0,0.0,0.0,0.0,8.0,0.0,0.0,0.0,0.0,0.0,0.0,8.0,0.0,0.0,0.0,0.0,0.0,0.0,281.0,0.0,0.0,0.0,0.0,0.0,0.0,5618.0,0.0,0.0,0.0,0.0,0.0,0.0
S00100_FORA_PONTA,0, ,1745.0," ""GERAL""       ",37819.0,3912.0,2562.0,2583.0,41032.0,4949.0,3165.0,3183.0,0.0,0.0,1299.0,1128.0,2124.0,5129.0,110.0,279.0,159.0,-262.0,1965.0,5391.0,18.0,94.0,53.0,2071.0,53.0,0.0,53.0,0.0,0.0,0.0,0.0,0.0,2124.0,0.0,0.0,0.0,0.0,0.0,0.0,53.0,0.0,0.0,0.0,0.0,0.0,0.0,106.0,0.0,0.0,0.0,0.0,0.0,0.0,1965.0,0.0,0.0,0.0,0.0,0.0,0.0,41032.0,0.0,0.0,0.0,0.0,0.0,0.0
S00101_PONTA,0, ,1748.0," ""GERAL""       ",5540.0,450.0,2066.0,2074.0,5398.0,630.0,2016.0,2037.0,0.0,0.0,186.0,161.0,296.0,701.0,100.0,241.0,15.0,-69.0,281.0,770.0,7.0,94.0,8.0,288.0,8.0,0.0,8.0,0.0,0.0,0.0,0.0,0.0,296.0,0.0,0.0,0.0,0.0,0.0,0.0,8.0,0.0,0.0,0.0,0.0,0.0,0.0,7.0,0.0,0.0,0.0,0.0,0.0,0.0,281.0,0.0,0.0,0.0,0.0,0.0,0.0,5398.0,0.0,0.0,0.0,0.0,0.0,0.0
S00102_FORA_PONTA,0, ,1817.0," ""GERAL""       ",97316.0,10097.0,3529.0,3540.0,103655.0,14004.0,3956.0,3969.0,0.0,0.0,4276.0,3709.0,6868.0,16447.0,114.0,287.0,377.0,-1360.0,6490.0,17807.0,23.0,95.0,130.0,6738.0,130.0,0.0,130.0,0.0,0.0,0.0,0.0,0.0,6868.0,0.0,0.0,0.0,0.0,0.0,0.0,130.0,0.0,0.0,0.0,0.0,0.0,0.0,248.0,0.0,0.0,0.0,0.0,0.0,0.0,6490.0,0.0,0.0,0.0,0.0,0.0,0.0,103655.0,0.0,0.0,0.0,0.0,0.0,0.0
S00103_PONTA,0, ,1820.0," ""GERAL""       ",6327.0,600.0,2250.0,2258.0,6063.0,772.0,2150.0,2164.0,0.0,0.0,185.0,161.0,298.0,705.0,100.0,237.0,18.0,-62.0,280.0,767.0,7.0,93.0,9.0,288.0,9.0,0.0,9.0,0.0,0.0,0.0,0.0,0.0,298.0,0.0,0.0,0.0,0.0,0.0,0.0,9.0,0.0,0.0,0.0,0.0,0.0,0.0,9.0,0.0,0.0,0.0,0.0,0.0,0.0,280.0,0.0,0.0,0.0,0.0,0.0,0.0,6063.0,0.0,0.0,0.0,0.0,0.0,0.0
S00104_FORA_PONTA,0, ,1841.0," ""GERAL""       ",48879.0,4129.0,4139.0,4154.0,51209.0,5013.0,4622.0,4634.0,0.0,0.0,1296.0,1126.0,2173.0,5247.0,120.0,301.0,221.0,-110.0,1953.0,5357.0,29.0,94.0,92.0,2081.0,92.0,0.0,92.0,0.0,0.0,0.0,0.0,0.0,2173.0,0.0,0.0,0.0,0.0,0.0,0.0,92.0,0.0,0.0,0.0,0.0,0.0,0.0,128.0,0.0,0.0,0.0,0.0,0.0,0.0,1953.0,0.0,0.0,0.0,0.0,0.0,0.0,51209.0,0.0,0.0,0.0,0.0,0.0,0.0
S00105_PONTA,0, ,1844.0," ""GERAL""       ",6569.0,508.0,2299.0,2304.0,6394.0,676.0,2416.0,2428.0,0.0,0.0,185.0,161.0,299.0,710.0,101.0,242.0,20.0,-57.0,280.0,767.0,8.0,93.0,10.0,289.0,10.0,0.0,10.0,0.0,0.0,0.0,0.0,0.0,299.0,0.0,0.0,0.0,0.0,0.0,0.0,10.0,0.0,0.0,0.0,0.0,0.0,0.0,10.0,0.0,0.0,0.0,0.0,0.0,0.0,280.0,0.0,0.0,0.0,0.0,0.0,0.0,6394.0,0.0,0.0,0.0,0.0,0.0,0.0
S00106_FORA_PONTA,0, ,1865.0," ""GERAL""       ",47490.0,5046.0,3785.0,3801.0,50509.0,5907.0,4348.0,4361.0,0.0,0.0,1296.0,1126.0,2174.0,5268.0,118.0,300.0,222.0,-87.0,1952.0,5355.0,27.0,94.0,87.0,2087.0,87.0,0.0,87.0,0.0,0.0,0.0,0.0,0.0,2174.0,0.0,0.0,0.0,0.0,0.0,0.0,87.0,0.0,0.0,0.0,0.0,0.0,0.0,135.0,0.0,0.0,0.0,0.0,0.0,0.0,1952.0,0.0,0.0,0.0,0.0,0.0,0.0,50509.0,0.0,0.0,0.0,0.0,0.0,0.0
S00107_PONTA,0, ,1868.0," ""GERAL""       ",6487.0,511.0,2308.0,2315.0,6341.0,679.0,2449.0,2462.0,0.0,0.0,185.0,161.0,299.0,710.0,101.0,244.0,20.0,-57.0,280.0,767.0,8.0,93.0,10.0,289.0,10.0,0.0,10.0,0.0,0.0,0.0,0.0,0.0,299.0,0.0,0.0,0.0,0.0,0.0,0.0,10.0,0.0,0.0,0.0,0.0,0.0,0.0,10.0,0.0,0.0,0.0,0.0,0.0,0.0,280.0,0.0,0.0,0.0,0.0,0.0,0.0,6341.0,0.0,0.0,0.0,0.0,0.0,0.0
S00108_FORA_PONTA,0, ,1889.0," ""GERAL""       ",45766.0,4480.0,3627.0,3641.0,48770.0,5384.0,4178.0,4191.0,0.0,0.0,1297.0,1126.0,2162.0,5234.0,117.0,295.0,206.0,-130.0,1955.0,5364.0,25.0,94.0,79.0,2082.0,79.0,0.0,79.0,0.0,0.0,0.0,0.0,0.0,2162.0,0.0,0.0,0.0,0.0,0.0,0.0,79.0,0.0,0.0,0.0,0.0,0.0,0.0,127.0,0.0,0.0,0.0,0.0,0.0,0.0,1955.0,0.0,0.0,0.0,0.0,0.0,0.0,48770.0,0.0,0.0,0.0,0.0,0.0,0.0
S00109_PONTA,0, ,1892.0," ""GERAL""       ",6312.0,423.0,2308.0,2314.0,6082.0,595.0,2326.0,2338.0,0.0,0.0,185.0,161.0,298.0,706.0,101.0,242.0,18.0,-62.0,280.0,768.0,7.0,94.0,9.0,289.0,9.0,0.0,9.0,0.0,0.0,0.0,0.0,0.0,298.0,0.0,0.0,0.0,0.0,0.0,0.0,9.0,0.0,0.0,0.0,0.0,0.0,0.0,9.0,0.0,0.0,0.0,0.0,0.0,0.0,280.0,0.0,0.0,0.0,0.0,0.0,0.0,6082.0,0.0,0.0,0.0,0.0,0.0,0.0
S00110_FORA_PONTA,0, ,1913.0," ""GERAL""       ",44870.0,4484.0,3323.0,3338.0,47849.0,5403.0,3880.0,3894.0,0.0,0.0,1297.0,1127.0,2155.0,5221.0,114.0,290.0,199.0,-145.0,1956.0,5367.0,23.0,94.0,75.0,2080.0,75.0,0.0,75.0,0.0,0.0,0.0,0.0,0.0,2155.0,0.0,0.0,0.0,0.0,0.0,0.0,75.0,0.0,0.0,0.0,0.0,0.0,0.0,124.0,0.0,0.0,0.0,0.0,0.0,0.0,1956.0,0.0,0.0,0.0,0.0,0.0,0.0,47849.0,0.0,0.0,0.0,0.0,0.0,0.0
S00111_PONTA,0, ,1916.0," ""GERAL""       ",5944.0,462.0,2144.0,2154.0,5709.0,639.0,2140.0,2155.0,0.0,0.0,185.0,161.0,296.0,703.0,100.0,240.0,16.0,-66.0,280.0,769.0,7.0,94.0,8.0,288.0,8.0,0.0,8.0,0.0,0.0,0.0,0.0,0.0,296.0,0.0,0.0,0.0,0.0,0.0,0.0,8.0,0.0,0.0,0.0,0.0,0.0,0.0,8.0,0.0,0.0,0.0,0.0,0.0,0.0,280.0,0.0,0.0,0.0,0.0,0.0,0.0,5709.0,0.0,0.0,0.0,0.0,0.0,0.0
S00112_FORA_PONTA,0, ,1985.0," ""GERAL""       ",113720.0,11276.0,4797.0,4817.0,118205.0,14990.0,5301.0,5316.0,0.0,0.0,4271.0,3707.0,6925.0,16585.0,128.0,324.0,455.0,-1166.0,6470.0,17751.0,38.0,95.0,182.0,6743.0,182.0,0.0,182.0,0.0,0.0,0.0,0.0,0.0,6925.0,0.0,0.0,0.0,0.0,0.0,0.0,182.0,0.0,0.0,0.0,0.0,0.0,0.0,272.0,0.0,0.0,0.0,0.0,0.0,0.0,6470.0,0.0,0.0,0.0,0.0,0.0,0.0,118205.0,0.0,0.0,0.0,0.0,0.0,0.0
S00113_PONTA,0, ,1988.0," ""GERAL""       ",7436.0,636.0,2753.0,2766.0,7151.0,794.0,2722.0,2739.0,0.0,0.0,185.0,161.0,303.0,717.0,102.0,243.0,24.0,-46.0,278.0,763.0,10.0,93.0,13.0,290.0,13.0,0.0,13.0,0.0,0.0,0.0,0.0,0.0,303.0,0.0,0.0,0.0,0.0,0.0,0.0,13.0,0.0,0.0,0.0,0.0,0.0,0.0,11.0,0.0,0.0,0.0,0.0,0.0,0.0,278.0,0.0,0.0,0.0,0.0,0.0,0.0,7151.0,0.0,0.0,0.0,0.0,0.0,0.0
S00114_FORA_PONTA,0, ,2009.0," ""GERAL""       ",55605.0,5152.0,4394.0,4408.0,55680.0,6056.0,4539.0,4553.0,0.0,0.0,1294.0,1125.0,2179.0,5200.0,116.0,283.0,236.0,-129.0,1943.0,5330.0,26.0,94.0,121.0,2058.0,121.0,0.0,121.0,0.0,0.0,0.0,0.0,0.0,2179.0,0.0,0.0,0.0,0.0,0.0,0.0,121.0,0.0,0.0,0.0,0.0,0.0,0.0,115.0,0.0,0.0,0.0,0.0,0.0,0.0,1943.0,0.0,0.0,0.0,0.0,0.0,0.0,55680.0,0.0,0.0,0.0,0.0,0.0,0.0
S00115_PONTA,0, ,2012.0," ""GERAL""       ",6757.0,479.0,2452.0,2463.0,6481.0,648.0,2434.0,2453.0,0.0,0.0,185.0,161.0,300.0,709.0,101.0,239.0,20.0,-57.0,279.0,766.0,8.0,93.0,11.0,289.0,11.0,0.0,11.0,0.0,0.0,0.0,0.0,0.0,300.0,0.0,0.0,0.0,0.0,0.0,0.0,11.0,0.0,0.0,0.0,0.0,0.0,0.0,9.0,0.0,0.0,0.0,0.0,0.0,0.0,279.0,0.0,0.0,0.0,0.0,0.0,0.0,6481.0,0.0,0.0,0.0,0.0,0.0,0.0
S00116_FORA_PONTA,0, ,2033.0," ""GERAL""       ",53929.0,5432.0,4395.0,4412.0,56527.0,6178.0,4897.0,4911.0,0.0,0.0,1295.0,1125.0,2209.0,5362.0,123.0,310.0,265.0,29.0,1944.0,5334.0,33.0,94.0,113.0,2096.0,113.0,0.0,113.0,0.0,0.0,0.0,0.0,0.0,2209.0,0.0,0.0,0.0,0.0,0.0,0.0,113.0,0.0,0.0,0.0,0.0,0.0,0.0,152.0,0.0,0.0,0.0,0.0,0.0,0.0,1944.0,0.0,0.0,0.0,0.0,0.0,0.0,56527.0,0.0,0.0,0.0,0.0,0.0,0.0
S00117_PONTA,0, ,2036.0," ""GERAL""       ",7059.0,622.0,2546.0,2554.0,6820.0,784.0,2626.0,2639.0,0.0,0.0,185.0,161.0,301.0,714.0,102.0,244.0,22.0,-51.0,279.0,765.0,9.0,93.0,12.0,289.0,12.0,0.0,12.0,0.0,0.0,0.0,0.0,0.0,301.0,0.0,0.0,0.0,0.0,0.0,0.0,12.0,0.0,0.0,0.0,0.0,0.0,0.0,10.0,0.0,0.0,0.0,0.0,0.0,0.0,279.0,0.0,0.0,0.0,0.0,0.0,0.0,6820.0,0.0,0.0,0.0,0.0,0.0,0.0
S00118_FORA_PONTA,0, ,2057.0," ""GERAL""       ",50613.0,4574.0,3749.0,3756.0,48996.0,5651.0,3640.0,3650.0,0.0,0.0,1296.0,1126.0,2130.0,5046.0,109.0,258.0,180.0,-302.0,1949.0,5347.0,17.0,94.0,99.0,2031.0,99.0,0.0,99.0,0.0,0.0,0.0,0.0,0.0,2130.0,0.0,0.0,0.0,0.0,0.0,0.0,99.0,0.0,0.0,0.0,0.0,0.0,0.0,81.0,0.0,0.0,0.0,0.0,0.0,0.0,1949.0,0.0,0.0,0.0,0.0,0.0,0.0,48996.0,0.0,0.0,0.0,0.0,0.0,0.0
S00119_PONTA,0, ,2060.0," ""GERAL""       ",6584.0,663.0,2300.0,2311.0,6299.0,832.0,2250.0,2271.0,0.0,0.0,185.0,161.0,299.0,708.0,100.0,238.0,20.0,-58.0,279.0,766.0,7.0,93.0,11.0,288.0,11.0,0.0,11.0,0.0,0.0,0.0,0.0,0.0,299.0,0.0,0.0,0.0,0.0,0.0,0.0,11.0,0.0,0.0,0.0,0.0,0.0,0.0,9.0,0.0,0.0,0.0,0.0,0.0,0.0,279.0,0.0,0.0,0.0,0.0,0.0,0.0,6299.0,0.0,0.0,0.0,0.0,0.0,0.0
S00120_FORA_PONTA,0, ,2081.0," ""GERAL""       ",43921.0,3559.0,3055.0,3062.0,42933.0,4743.0,3141.0,3150.0,0.0,0.0,1298.0,1127.0,2094.0,4966.0,105.0,252.0,135.0,-408.0,1959.0,5374.0,13.0,94.0,70.0,2024.0,70.0,0.0,70.0,0.0,0.0,0.0,0.0,0.0,2094.0,0.0,0.0,0.0,0.0,0.0,0.0,70.0,0.0,0.0,0.0,0.0,0.0,0.0,65.0,0.0,0.0,0.0,0.0,0.0,0.0,1959.0,0.0,0.0,0.0,0.0,0.0,0.0,42933.0,0.0,0.0,0.0,0.0,0.0,0.0
S00121_PONTA,0, ,2084.0," ""GERAL""       ",5609.0,447.0,1972.0,1980.0,5329.0,629.0,1884.0,1900.0,0.0,0.0,186.0,161.0,295.0,699.0,99.0,234.0,14.0,-71.0,281.0,770.0,5.0,94.0,7.0,288.0,7.0,0.0,7.0,0.0,0.0,0.0,0.0,0.0,295.0,0.0,0.0,0.0,0.0,0.0,0.0,7.0,0.0,0.0,0.0,0.0,0.0,0.0,7.0,0.0,0.0,0.0,0.0,0.0,0.0,281.0,0.0,0.0,0.0,0.0,0.0,0.0,5329.0,0.0,0.0,0.0,0.0,0.0,0.0
S00122_FORA_PONTA,0, ,2153.0," ""GERAL""       ",115448.0,12166.0,4907.0,4932.0,118158.0,15941.0,5116.0,5138.0,0.0,0.0,4270.0,3706.0,6919.0,16511.0,123.0,302.0,453.0,-1228.0,6466.0,17739.0,34.0,95.0,199.0,6720.0,199.0,0.0,199.0,0.0,0.0,0.0,0.0,0.0,6919.0,0.0,0.0,0.0,0.0,0.0,0.0,199.0,0.0,0.0,0.0,0.0,0.0,0.0,254.0,0.0,0.0,0.0,0.0,0.0,0.0,6466.0,0.0,0.0,0.0,0.0,0.0,0.0,118158.0,0.0,0.0,0.0,0.0,0.0,0.0
S00123_PONTA,0, ,2156.0," ""GERAL""       ",6404.0,501.0,2322.0,2329.0,6106.0,675.0,2222.0,2234.0,0.0,0.0,185.0,161.0,298.0,705.0,100.0,237.0,18.0,-62.0,280.0,767.0,7.0,93.0,10.0,288.0,10.0,0.0,10.0,0.0,0.0,0.0,0.0,0.0,298.0,0.0,0.0,0.0,0.0,0.0,0.0,10.0,0.0,0.0,0.0,0.0,0.0,0.0,8.0,0.0,0.0,0.0,0.0,0.0,0.0,280.0,0.0,0.0,0.0,0.0,0.0,0.0,6106.0,0.0,0.0,0.0,0.0,0.0,0.0
S00124_FORA_PONTA,0, ,2177.0," ""GERAL""       ",41151.0,2718.0,2740.0,2743.0,39962.0,3944.0,2752.0,2762.0,0.0,0.0,1299.0,1128.0,2083.0,4936.0,103.0,244.0,120.0,-451.0,1964.0,5387.0,10.0,94.0,62.0,2021.0,62.0,0.0,62.0,0.0,0.0,0.0,0.0,0.0,2083.0,0.0,0.0,0.0,0.0,0.0,0.0,62.0,0.0,0.0,0.0,0.0,0.0,0.0,57.0,0.0,0.0,0.0,0.0,0.0,0.0,1964.0,0.0,0.0,0.0,0.0,0.0,0.0,39962.0,0.0,0.0,0.0,0.0,0.0,0.0
S00125_PONTA,0, ,2180.0," ""GERAL""       ",5453.0,324.0,1898.0,1902.0,5159.0,511.0,1800.0,1808.0,0.0,0.0,186.0,161.0,294.0,695.0,98.0,233.0,13.0,-76.0,281.0,771.0,5.0,94.0,7.0,287.0,7.0,0.0,7.0,0.0,0.0,0.0,0.0,0.0,294.0,0.0,0.0,0.0,0.0,0.0,0.0,7.0,0.0,0.0,0.0,0.0,0.0,0.0,6.0,0.0,0.0,0.0,0.0,0.0,0.0,281.0,0.0,0.0,0.0,0.0,0.0,0.0,5159.0,0.0,0.0,0.0,0.0,0.0,0.0
S00126_FORA_PONTA,0, ,2201.0," ""GERAL""       ",43913.0,3556.0,3308.0,3318.0,43256.0,4727.0,3384.0,3397.0,0.0,0.0,1298.0,1127.0,2098.0,4978.0,106.0,257.0,139.0,-396.0,1959.0,5374.0,15.0,94.0,72.0,2026.0,72.0,0.0,72.0,0.0,0.0,0.0,0.0,0.0,2098.0,0.0,0.0,0.0,0.0,0.0,0.0,72.0,0.0,0.0,0.0,0.0,0.0,0.0,67.0,0.0,0.0,0.0,0.0,0.0,0.0,1959.0,0.0,0.0,0.0,0.0,0.0,0.0,43256.0,0.0,0.0,0.0,0.0,0.0,0.0
S00127_PONTA,0, ,2204.0," ""GERAL""       ",5890.0,329.0,2071.0,2074.0,5593.0,509.0,1971.0,1979.0,0.0,0.0,186.0,161.0,297.0,701.0,99.0,235.0,16.0,-69.0,281.0,770.0,6.0,94.0,9.0,288.0,9.0,0.0,9.0,0.0,0.0,0.0,0.0,0.0,297.0,0.0,0.0,0.0,0.0,0.0,0.0,9.0,0.0,0.0,0.0,0.0,0.0,0.0,7.0,0.0,0.0,0.0,0.0,0.0,0.0,281.0,0.0,0.0,0.0,0.0,0.0,0.0,5593.0,0.0,0.0,0.0,0.0,0.0,0.0
S00128_FORA_PONTA,0, ,2225.0," ""GERAL""       ",42880.0,3079.0,3178.0,3184.0,42892.0,4233.0,3282.0,3290.0,0.0,0.0,1298.0,1127.0,2102.0,5001.0,106.0,259.0,141.0,-379.0,1961.0,5380.0,13.0,94.0,70.0,2032.0,70.0,0.0,70.0,0.0,0.0,0.0,0.0,0.0,2102.0,0.0,0.0,0.0,0.0,0.0,0.0,70.0,0.0,0.0,0.0,0.0,0.0,0.0,71.0,0.0,0.0,0.0,0.0,0.0,0.0,1961.0,0.0,0.0,0.0,0.0,0.0,0.0,42892.0,0.0,0.0,0.0,0.0,0.0,0.0
S00129_PONTA,0, ,2228.0," ""GERAL""       ",5585.0,268.0,1965.0,1968.0,5290.0,453.0,1866.0,1874.0,0.0,0.0,186.0,161.0,295.0,697.0,99.0,234.0,14.0,-74.0,281.0,771.0,5.0,94.0,8.0,287.0,8.0,0.0,8.0,0.0,0.0,0.0,0.0,0.0,295.0,0.0,0.0,0.0,0.0,0.0,0.0,8.0,0.0,0.0,0.0,0.0,0.0,0.0,6.0,0.0,0.0,0.0,0.0,0.0,0.0,281.0,0.0,0.0,0.0,0.0,0.0,0.0,5290.0,0.0,0.0,0.0,0.0,0.0,0.0
S00130_FORA_PONTA,0, ,2249.0," ""GERAL""       ",29554.0,2569.0,1886.0,1890.0,32593.0,3745.0,2259.0,2267.0,0.0,0.0,1302.0,1129.0,2088.0,5023.0,106.0,268.0,111.0,-401.0,1977.0,5424.0,12.0,95.0,33.0,2055.0,33.0,0.0,33.0,0.0,0.0,0.0,0.0,0.0,2088.0,0.0,0.0,0.0,0.0,0.0,0.0,33.0,0.0,0.0,0.0,0.0,0.0,0.0,79.0,0.0,0.0,0.0,0.0,0.0,0.0,1977.0,0.0,0.0,0.0,0.0,0.0,0.0,32593.0,0.0,0.0,0.0,0.0,0.0,0.0
S00131_PONTA,0, ,2252.0," ""GERAL""       ",4201.0,179.0,1491.0,1492.0,3910.0,380.0,1394.0,1399.0,0.0,0.0,186.0,161.0,291.0,686.0,97.0,230.0,8.0,-90.0,283.0,776.0,3.0,94.0,4.0,286.0,4.0,0.0,4.0,0.0,0.0,0.0,0.0,0.0,291.0,0.0,0.0,0.0,0.0,0.0,0.0,4.0,0.0,0.0,0.0,0.0,0.0,0.0,4.0,0.0,0.0,0.0,0.0,0.0,0.0,283.0,0.0,0.0,0.0,0.0,0.0,0.0,3910.0,0.0,0.0,0.0,0.0,0.0,0.0
S00132_FORA_PONTA,0, ,2321.0," ""GERAL""       ",79825.0,6551.0,2360.0,2362.0,83767.0,10808.0,2328.0,2333.0,0.0,0.0,4282.0,3712.0,6780.0,16171.0,105.0,262.0,263.0,-1709.0,6517.0,17880.0,10.0,95.0,89.0,6691.0,89.0,0.0,89.0,0.0,0.0,0.0,0.0,0.0,6780.0,0.0,0.0,0.0,0.0,0.0,0.0,89.0,0.0,0.0,0.0,0.0,0.0,0.0,174.0,0.0,0.0,0.0,0.0,0.0,0.0,6517.0,0.0,0.0,0.0,0.0,0.0,0.0,83767.0,0.0,0.0,0.0,0.0,0.0,0.0
S00133_PONTA,0, ,2324.0," ""GERAL""       ",4981.0,200.0,1754.0,1756.0,4687.0,390.0,1656.0,1662.0,0.0,0.0,186.0,161.0,294.0,694.0,98.0,232.0,12.0,-79.0,282.0,773.0,4.0,94.0,7.0,287.0,7.0,0.0,7.0,0.0,0.0,0.0,0.0,0.0,294.0,0.0,0.0,0.0,0.0,0.0,0.0,7.0,0.0,0.0,0.0,0.0,0.0,0.0,5.0,0.0,0.0,0.0,0.0,0.0,0.0,282.0,0.0,0.0,0.0,0.0,0.0,0.0,4687.0,0.0,0.0,0.0,0.0,0.0,0.0
S00134_FORA_PONTA,0, ,2345.0," ""GERAL""       ",35025.0,2283.0,2414.0,2417.0,35745.0,3500.0,2518.0,2525.0,0.0,0.0,1301.0,1128.0,2082.0,4967.0,106.0,265.0,110.0,-442.0,1971.0,5409.0,12.0,95.0,46.0,2036.0,46.0,0.0,46.0,0.0,0.0,0.0,0.0,0.0,2082.0,0.0,0.0,0.0,0.0,0.0,0.0,46.0,0.0,0.0,0.0,0.0,0.0,0.0,65.0,0.0,0.0,0.0,0.0,0.0,0.0,1971.0,0.0,0.0,0.0,0.0,0.0,0.0,35745.0,0.0,0.0,0.0,0.0,0.0,0.0
S00135_PONTA,0, ,2348.0," ""GERAL""       ",5140.0,186.0,1802.0,1803.0,4846.0,377.0,1704.0,1709.0,0.0,0.0,186.0,161.0,293.0,692.0,98.0,232.0,11.0,-81.0,282.0,773.0,4.0,94.0,6.0,287.0,6.0,0.0,6.0,0.0,0.0,0.0,0.0,0.0,293.0,0.0,0.0,0.0,0.0,0.0,0.0,6.0,0.0,0.0,0.0,0.0,0.0,0.0,5.0,0.0,0.0,0.0,0.0,0.0,0.0,282.0,0.0,0.0,0.0,0.0,0.0,0.0,4846.0,0.0,0.0,0.0,0.0,0.0,0.0
S00136_FORA_PONTA,0, ,2369.0," ""GERAL""       ",35945.0,2456.0,2355.0,2358.0,36194.0,3720.0,2509.0,2517.0,0.0,0.0,1300.0,1128.0,2069.0,4916.0,102.0,246.0,99.0,-489.0,1970.0,5405.0,9.0,94.0,45.0,2023.0,45.0,0.0,45.0,0.0,0.0,0.0,0.0,0.0,2069.0,0.0,0.0,0.0,0.0,0.0,0.0,45.0,0.0,0.0,0.0,0.0,0.0,0.0,53.0,0.0,0.0,0.0,0.0,0.0,0.0,1970.0,0.0,0.0,0.0,0.0,0.0,0.0,36194.0,0.0,0.0,0.0,0.0,0.0,0.0
S00137_PONTA,0, ,2372.0," ""GERAL""       ",5085.0,192.0,1796.0,1798.0,4791.0,384.0,1698.0,1704.0,0.0,0.0,186.0,161.0,293.0,692.0,98.0,232.0,11.0,-81.0,282.0,773.0,4.0,94.0,6.0,287.0,6.0,0.0,6.0,0.0,0.0,0.0,0.0,0.0,293.0,0.0,0.0,0.0,0.0,0.0,0.0,6.0,0.0,0.0,0.0,0.0,0.0,0.0,5.0,0.0,0.0,0.0,0.0,0.0,0.0,282.0,0.0,0.0,0.0,0.0,0.0,0.0,4791.0,0.0,0.0,0.0,0.0,0.0,0.0
S00138_FORA_PONTA,0, ,2393.0," ""GERAL""       ",36569.0,3271.0,2470.0,2486.0,37848.0,4462.0,2921.0,2937.0,0.0,0.0,1300.0,1128.0,2085.0,4982.0,106.0,263.0,117.0,-416.0,1968.0,5398.0,14.0,94.0,48.0,2036.0,48.0,0.0,48.0,0.0,0.0,0.0,0.0,0.0,2085.0,0.0,0.0,0.0,0.0,0.0,0.0,48.0,0.0,0.0,0.0,0.0,0.0,0.0,69.0,0.0,0.0,0.0,0.0,0.0,0.0,1968.0,0.0,0.0,0.0,0.0,0.0,0.0,37848.0,0.0,0.0,0.0,0.0,0.0,0.0
S00139_PONTA,0, ,2396.0," ""GERAL""       ",5636.0,427.0,2108.0,2122.0,5341.0,612.0,2010.0,2031.0,0.0,0.0,186.0,161.0,295.0,696.0,99.0,234.0,14.0,-74.0,281.0,770.0,6.0,94.0,8.0,287.0,8.0,0.0,8.0,0.0,0.0,0.0,0.0,0.0,295.0,0.0,0.0,0.0,0.0,0.0,0.0,8.0,0.0,0.0,0.0,0.0,0.0,0.0,6.0,0.0,0.0,0.0,0.0,0.0,0.0,281.0,0.0,0.0,0.0,0.0,0.0,0.0,5341.0,0.0,0.0,0.0,0.0,0.0,0.0
S00140_FORA_PONTA,0, ,2417.0," ""GERAL""       ",37650.0,3383.0,2556.0,2565.0,40022.0,4481.0,3057.0,3066.0,0.0,0.0,1300.0,1128.0,2108.0,5071.0,109.0,273.0,141.0,-323.0,1966.0,5395.0,16.0,94.0,52.0,2056.0,52.0,0.0,52.0,0.0,0.0,0.0,0.0,0.0,2108.0,0.0,0.0,0.0,0.0,0.0,0.0,52.0,0.0,0.0,0.0,0.0,0.0,0.0,90.0,0.0,0.0,0.0,0.0,0.0,0.0,1966.0,0.0,0.0,0.0,0.0,0.0,0.0,40022.0,0.0,0.0,0.0,0.0,0.0,0.0
S00141_PONTA,0, ,2420.0," ""GERAL""       ",5358.0,365.0,1893.0,1896.0,5065.0,553.0,1795.0,1803.0,0.0,0.0,186.0,161.0,294.0,694.0,98.0,232.0,12.0,-78.0,281.0,771.0,5.0,94.0,7.0,287.0,7.0,0.0,7.0,0.0,0.0,0.0,0.0,0.0,294.0,0.0,0.0,0.0,0.0,0.0,0.0,7.0,0.0,0.0,0.0,0.0,0.0,0.0,6.0,0.0,0.0,0.0,0.0,0.0,0.0,281.0,0.0,0.0,0.0,0.0,0.0,0.0,5065.0,0.0,0.0,0.0,0.0,0.0,0.0
S00142_FORA_PONTA,0, ,2489.0," ""GERAL""       ",91073.0,8336.0,2281.0,2287.0,94404.0,12579.0,2789.0,2797.0,0.0,0.0,4278.0,3711.0,6771.0,16142.0,108.0,270.0,269.0,-1695.0,6501.0,17837.0,14.0,95.0,98.0,6673.0,98.0,0.0,98.0,0.0,0.0,0.0,0.0,0.0,6771.0,0.0,0.0,0.0,0.0,0.0,0.0,98.0,0.0,0.0,0.0,0.0,0.0,0.0,172.0,0.0,0.0,0.0,0.0,0.0,0.0,6501.0,0.0,0.0,0.0,0.0,0.0,0.0,94404.0,0.0,0.0,0.0,0.0,0.0,0.0
S00143_PONTA,0, ,2492.0," ""GERAL""       ",5332.0,270.0,1862.0,1865.0,5039.0,459.0,1764.0,1771.0,0.0,0.0,186.0,161.0,294.0,693.0,98.0,232.0,12.0,-79.0,281.0,772.0,5.0,94.0,7.0,287.0,7.0,0.0,7.0,0.0,0.0,0.0,0.0,0.0,294.0,0.0,0.0,0.0,0.0,0.0,0.0,7.0,0.0,0.0,0.0,0.0,0.0,0.0,5.0,0.0,0.0,0.0,0.0,0.0,0.0,281.0,0.0,0.0,0.0,0.0,0.0,0.0,5039.0,0.0,0.0,0.0,0.0,0.0,0.0
S00144_FORA_PONTA,0, ,2513.0," ""GERAL""       ",35711.0,2813.0,2423.0,2436.0,37816.0,3966.0,2939.0,2952.0,0.0,0.0,1300.0,1128.0,2095.0,5026.0,108.0,269.0,125.0,-378.0,1970.0,5404.0,15.0,94.0,45.0,2050.0,45.0,0.0,45.0,0.0,0.0,0.0,0.0,0.0,2095.0,0.0,0.0,0.0,0.0,0.0,0.0,45.0,0.0,0.0,0.0,0.0,0.0,0.0,80.0,0.0,0.0,0.0,0.0,0.0,0.0,1970.0,0.0,0.0,0.0,0.0,0.0,0.0,37816.0,0.0,0.0,0.0,0.0,0.0,0.0
S00145_PONTA,0, ,2516.0," ""GERAL""       ",5600.0,348.0,1946.0,1951.0,5305.0,534.0,1848.0,1859.0,0.0,0.0,186.0,161.0,295.0,696.0,99.0,233.0,14.0,-75.0,281.0,771.0,5.0,94.0,7.0,287.0,7.0,0.0,7.0,0.0,0.0,0.0,0.0,0.0,295.0,0.0,0.0,0.0,0.0,0.0,0.0,7.0,0.0,0.0,0.0,0.0,0.0,0.0,6.0,0.0,0.0,0.0,0.0,0.0,0.0,281.0,0.0,0.0,0.0,0.0,0.0,0.0,5305.0,0.0,0.0,0.0,0.0,0.0,0.0
S00146_FORA_PONTA,0, ,2537.0," ""GERAL""       ",35978.0,2799.0,2324.0,2333.0,37500.0,3978.0,2805.0,2817.0,0.0,0.0,1300.0,1128.0,2088.0,4999.0,106.0,265.0,119.0,-404.0,1969.0,5403.0,13.0,95.0,46.0,2043.0,46.0,0.0,46.0,0.0,0.0,0.0,0.0,0.0,2088.0,0.0,0.0,0.0,0.0,0.0,0.0,46.0,0.0,0.0,0.0,0.0,0.0,0.0,73.0,0.0,0.0,0.0,0.0,0.0,0.0,1969.0,0.0,0.0,0.0,0.0,0.0,0.0,37500.0,0.0,0.0,0.0,0.0,0.0,0.0
S00147_PONTA,0, ,2540.0," ""GERAL""       ",5475.0,369.0,1910.0,1914.0,5181.0,557.0,1812.0,1822.0,0.0,0.0,186.0,161.0,294.0,694.0,98.0,232.0,13.0,-77.0,281.0,771.0,5.0,94.0,7.0,287.0,7.0,0.0,7.0,0.0,0.0,0.0,0.0,0.0,294.0,0.0,0.0,0.0,0.0,0.0,0.0,7.0,0.0,0.0,0.0,0.0,0.0,0.0,6.0,0.0,0.0,0.0,0.0,0.0,0.0,281.0,0.0,0.0,0.0,0.0,0.0,0.0,5181.0,0.0,0.0,0.0,0.0,0.0,0.0
S00148_FORA_PONTA,0, ,2561.0," ""GERAL""       ",34235.0,2701.0,2292.0,2297.0,35114.0,3937.0,2381.0,2391.0,0.0,0.0,1301.0,1128.0,2074.0,4947.0,105.0,262.0,103.0,-461.0,1971.0,5409.0,12.0,94.0,42.0,2032.0,42.0,0.0,42.0,0.0,0.0,0.0,0.0,0.0,2074.0,0.0,0.0,0.0,0.0,0.0,0.0,42.0,0.0,0.0,0.0,0.0,0.0,0.0,61.0,0.0,0.0,0.0,0.0,0.0,0.0,1971.0,0.0,0.0,0.0,0.0,0.0,0.0,35114.0,0.0,0.0,0.0,0.0,0.0,0.0
S00149_PONTA,0, ,2564.0," ""GERAL""       ",4647.0,188.0,1628.0,1629.0,4355.0,386.0,1530.0,1536.0,0.0,0.0,186.0,161.0,292.0,688.0,98.0,230.0,9.0,-87.0,282.0,774.0,4.0,94.0,5.0,286.0,5.0,0.0,5.0,0.0,0.0,0.0,0.0,0.0,292.0,0.0,0.0,0.0,0.0,0.0,0.0,5.0,0.0,0.0,0.0,0.0,0.0,0.0,4.0,0.0,0.0,0.0,0.0,0.0,0.0,282.0,0.0,0.0,0.0,0.0,0.0,0.0,4355.0,0.0,0.0,0.0,0.0,0.0,0.0
S00150_FORA_PONTA,0, ,2681.0," ""GERAL""       ",117041.0,8741.0,2198.0,2202.0,124797.0,16171.0,2276.0,2284.0,0.0,0.0,7265.0,6298.0,11444.0,27279.0,105.0,260.0,368.0,-3108.0,11076.0,30387.0,11.0,95.0,106.0,11338.0,106.0,0.0,106.0,0.0,0.0,0.0,0.0,0.0,11444.0,0.0,0.0,0.0,0.0,0.0,0.0,106.0,0.0,0.0,0.0,0.0,0.0,0.0,262.0,0.0,0.0,0.0,0.0,0.0,0.0,11076.0,0.0,0.0,0.0,0.0,0.0,0.0,124797.0,0.0,0.0,0.0,0.0,0.0,0.0
S00151_PONTA,0, ,2684.0," ""GERAL""       ",5382.0,281.0,1893.0,1896.0,5088.0,470.0,1795.0,1803.0,0.0,0.0,186.0,161.0,294.0,694.0,98.0,232.0,13.0,-78.0,281.0,772.0,5.0,94.0,7.0,287.0,7.0,0.0,7.0,0.0,0.0,0.0,0.0,0.0,294.0,0.0,0.0,0.0,0.0,0.0,0.0,7.0,0.0,0.0,0.0,0.0,0.0,0.0,5.0,0.0,0.0,0.0,0.0,0.0,0.0,281.0,0.0,0.0,0.0,0.0,0.0,0.0,5088.0,0.0,0.0,0.0,0.0,0.0,0.0
S00152_FORA_PONTA,0, ,2705.0," ""GERAL""       ",33552.0,2434.0,2271.0,2277.0,35330.0,3632.0,2413.0,2423.0,0.0,0.0,1301.0,1129.0,2084.0,4990.0,105.0,261.0,111.0,-423.0,1973.0,5413.0,12.0,95.0,41.0,2043.0,41.0,0.0,41.0,0.0,0.0,0.0,0.0,0.0,2084.0,0.0,0.0,0.0,0.0,0.0,0.0,41.0,0.0,0.0,0.0,0.0,0.0,0.0,70.0,0.0,0.0,0.0,0.0,0.0,0.0,1973.0,0.0,0.0,0.0,0.0,0.0,0.0,35330.0,0.0,0.0,0.0,0.0,0.0,0.0
S00153_PONTA,0, ,2708.0," ""GERAL""       ",5275.0,228.0,1849.0,1850.0,4981.0,417.0,1750.0,1756.0,0.0,0.0,186.0,161.0,294.0,694.0,98.0,233.0,12.0,-78.0,282.0,772.0,5.0,94.0,7.0,287.0,7.0,0.0,7.0,0.0,0.0,0.0,0.0,0.0,294.0,0.0,0.0,0.0,0.0,0.0,0.0,7.0,0.0,0.0,0.0,0.0,0.0,0.0,5.0,0.0,0.0,0.0,0.0,0.0,0.0,282.0,0.0,0.0,0.0,0.0,0.0,0.0,4981.0,0.0,0.0,0.0,0.0,0.0,0.0
S00154_FORA_PONTA,0, ,2729.0," ""GERAL""       ",35027.0,2325.0,2225.0,2238.0,35765.0,3579.0,2618.0,2632.0,0.0,0.0,1301.0,1128.0,2072.0,4929.0,104.0,255.0,100.0,-479.0,1971.0,5409.0,11.0,94.0,44.0,2027.0,44.0,0.0,44.0,0.0,0.0,0.0,0.0,0.0,2072.0,0.0,0.0,0.0,0.0,0.0,0.0,44.0,0.0,0.0,0.0,0.0,0.0,0.0,56.0,0.0,0.0,0.0,0.0,0.0,0.0,1971.0,0.0,0.0,0.0,0.0,0.0,0.0,35765.0,0.0,0.0,0.0,0.0,0.0,0.0
S00155_PONTA,0, ,2732.0," ""GERAL""       ",5820.0,462.0,2082.0,2090.0,5524.0,643.0,1983.0,1998.0,0.0,0.0,186.0,161.0,296.0,699.0,99.0,234.0,15.0,-71.0,280.0,769.0,6.0,94.0,9.0,287.0,9.0,0.0,9.0,0.0,0.0,0.0,0.0,0.0,296.0,0.0,0.0,0.0,0.0,0.0,0.0,9.0,0.0,0.0,0.0,0.0,0.0,0.0,6.0,0.0,0.0,0.0,0.0,0.0,0.0,280.0,0.0,0.0,0.0,0.0,0.0,0.0,5524.0,0.0,0.0,0.0,0.0,0.0,0.0
S00156_FORA_PONTA,0, ,2753.0," ""GERAL""       ",36430.0,3207.0,2486.0,2495.0,37437.0,4398.0,2633.0,2649.0,0.0,0.0,1300.0,1128.0,2086.0,4982.0,106.0,264.0,118.0,-417.0,1968.0,5399.0,13.0,94.0,51.0,2035.0,51.0,0.0,51.0,0.0,0.0,0.0,0.0,0.0,2086.0,0.0,0.0,0.0,0.0,0.0,0.0,51.0,0.0,0.0,0.0,0.0,0.0,0.0,67.0,0.0,0.0,0.0,0.0,0.0,0.0,1968.0,0.0,0.0,0.0,0.0,0.0,0.0,37437.0,0.0,0.0,0.0,0.0,0.0,0.0
S00157_PONTA,0, ,2756.0," ""GERAL""       ",5134.0,310.0,1851.0,1856.0,4841.0,500.0,1753.0,1764.0,0.0,0.0,186.0,161.0,293.0,693.0,98.0,232.0,11.0,-80.0,282.0,772.0,4.0,94.0,6.0,287.0,6.0,0.0,6.0,0.0,0.0,0.0,0.0,0.0,293.0,0.0,0.0,0.0,0.0,0.0,0.0,6.0,0.0,0.0,0.0,0.0,0.0,0.0,5.0,0.0,0.0,0.0,0.0,0.0,0.0,282.0,0.0,0.0,0.0,0.0,0.0,0.0,4841.0,0.0,0.0,0.0,0.0,0.0,0.0
S00158_FORA_PONTA,0, ,2825.0," ""GERAL""       ",83481.0,5980.0,1930.0,1931.0,85168.0,10353.0,2237.0,2245.0,0.0,0.0,4281.0,3712.0,6743.0,16049.0,105.0,263.0,229.0,-1824.0,6515.0,17873.0,11.0,95.0,81.0,6663.0,81.0,0.0,81.0,0.0,0.0,0.0,0.0,0.0,6743.0,0.0,0.0,0.0,0.0,0.0,0.0,81.0,0.0,0.0,0.0,0.0,0.0,0.0,148.0,0.0,0.0,0.0,0.0,0.0,0.0,6515.0,0.0,0.0,0.0,0.0,0.0,0.0,85168.0,0.0,0.0,0.0,0.0,0.0,0.0
S00159_PONTA,0, ,2828.0," ""GERAL""       ",5203.0,182.0,1837.0,1838.0,4909.0,371.0,1739.0,1743.0,0.0,0.0,186.0,161.0,294.0,694.0,98.0,232.0,12.0,-79.0,282.0,773.0,4.0,94.0,7.0,287.0,7.0,0.0,7.0,0.0,0.0,0.0,0.0,0.0,294.0,0.0,0.0,0.0,0.0,0.0,0.0,7.0,0.0,0.0,0.0,0.0,0.0,0.0,5.0,0.0,0.0,0.0,0.0,0.0,0.0,282.0,0.0,0.0,0.0,0.0,0.0,0.0,4909.0,0.0,0.0,0.0,0.0,0.0,0.0
S00160_FORA_PONTA,0, ,2849.0," ""GERAL""       ",31981.0,2165.0,2104.0,2111.0,34375.0,3349.0,2265.0,2277.0,0.0,0.0,1301.0,1129.0,2087.0,5010.0,105.0,263.0,112.0,-409.0,1975.0,5419.0,11.0,95.0,37.0,2050.0,37.0,0.0,37.0,0.0,0.0,0.0,0.0,0.0,2087.0,0.0,0.0,0.0,0.0,0.0,0.0,37.0,0.0,0.0,0.0,0.0,0.0,0.0,75.0,0.0,0.0,0.0,0.0,0.0,0.0,1975.0,0.0,0.0,0.0,0.0,0.0,0.0,34375.0,0.0,0.0,0.0,0.0,0.0,0.0
S00161_PONTA,0, ,2852.0," ""GERAL""       ",5524.0,396.0,1909.0,1914.0,5229.0,581.0,1811.0,1822.0,0.0,0.0,186.0,161.0,295.0,697.0,99.0,233.0,14.0,-74.0,281.0,771.0,5.0,94.0,8.0,287.0,8.0,0.0,8.0,0.0,0.0,0.0,0.0,0.0,295.0,0.0,0.0,0.0,0.0,0.0,0.0,8.0,0.0,0.0,0.0,0.0,0.0,0.0,6.0,0.0,0.0,0.0,0.0,0.0,0.0,281.0,0.0,0.0,0.0,0.0,0.0,0.0,5229.0,0.0,0.0,0.0,0.0,0.0,0.0
S00162_FORA_PONTA,0, ,2873.0," ""GERAL""       ",31990.0,2337.0,2099.0,2103.0,34412.0,3518.0,2304.0,2312.0,0.0,0.0,1301.0,1129.0,2088.0,5012.0,105.0,262.0,113.0,-406.0,1975.0,5418.0,11.0,94.0,38.0,2050.0,38.0,0.0,38.0,0.0,0.0,0.0,0.0,0.0,2088.0,0.0,0.0,0.0,0.0,0.0,0.0,38.0,0.0,0.0,0.0,0.0,0.0,0.0,75.0,0.0,0.0,0.0,0.0,0.0,0.0,1975.0,0.0,0.0,0.0,0.0,0.0,0.0,34412.0,0.0,0.0,0.0,0.0,0.0,0.0
S00163_PONTA,0, ,2876.0," ""GERAL""       ",5072.0,238.0,1813.0,1815.0,4779.0,429.0,1715.0,1722.0,0.0,0.0,186.0,161.0,293.0,692.0,98.0,232.0,12.0,-81.0,282.0,773.0,4.0,94.0,7.0,287.0,7.0,0.0,7.0,0.0,0.0,0.0,0.0,0.0,293.0,0.0,0.0,0.0,0.0,0.0,0.0,7.0,0.0,0.0,0.0,0.0,0.0,0.0,5.0,0.0,0.0,0.0,0.0,0.0,0.0,282.0,0.0,0.0,0.0,0.0,0.0,0.0,4779.0,0.0,0.0,0.0,0.0,0.0,0.0
S00164_FORA_PONTA,0, ,2921.0," ""GERAL""       ",46569.0,3150.0,1539.0,1542.0,48408.0,6050.0,1442.0,1450.0,0.0,0.0,2794.0,2422.0,4392.0,10446.0,104.0,256.0,133.0,-1238.0,4259.0,11684.0,8.0,95.0,41.0,4350.0,41.0,0.0,41.0,0.0,0.0,0.0,0.0,0.0,4392.0,0.0,0.0,0.0,0.0,0.0,0.0,41.0,0.0,0.0,0.0,0.0,0.0,0.0,91.0,0.0,0.0,0.0,0.0,0.0,0.0,4259.0,0.0,0.0,0.0,0.0,0.0,0.0,48408.0,0.0,0.0,0.0,0.0,0.0,0.0
S00165_PONTA,0, ,2924.0," ""GERAL""       ",4053.0,237.0,1432.0,1434.0,3762.0,438.0,1335.0,1342.0,0.0,0.0,186.0,161.0,291.0,686.0,97.0,230.0,8.0,-90.0,283.0,776.0,3.0,94.0,4.0,286.0,4.0,0.0,4.0,0.0,0.0,0.0,0.0,0.0,291.0,0.0,0.0,0.0,0.0,0.0,0.0,4.0,0.0,0.0,0.0,0.0,0.0,0.0,4.0,0.0,0.0,0.0,0.0,0.0,0.0,283.0,0.0,0.0,0.0,0.0,0.0,0.0,3762.0,0.0,0.0,0.0,0.0,0.0,0.0
S00166_FORA_PONTA,0, ,2993.0," ""GERAL""       ",76458.0,5006.0,2257.0,2260.0,81552.0,9303.0,2644.0,2653.0,0.0,0.0,4283.0,3713.0,6768.0,16151.0,105.0,260.0,244.0,-1749.0,6524.0,17901.0,12.0,95.0,75.0,6693.0,75.0,0.0,75.0,0.0,0.0,0.0,0.0,0.0,6768.0,0.0,0.0,0.0,0.0,0.0,0.0,75.0,0.0,0.0,0.0,0.0,0.0,0.0,169.0,0.0,0.0,0.0,0.0,0.0,0.0,6524.0,0.0,0.0,0.0,0.0,0.0,0.0,81552.0,0.0,0.0,0.0,0.0,0.0,0.0
S00167_PONTA,0, ,2996.0," ""GERAL""       ",5575.0,288.0,1960.0,1963.0,5280.0,473.0,1861.0,1870.0,0.0,0.0,186.0,161.0,295.0,696.0,98.0,233.0,13.0,-75.0,281.0,771.0,5.0,94.0,7.0,287.0,7.0,0.0,7.0,0.0,0.0,0.0,0.0,0.0,295.0,0.0,0.0,0.0,0.0,0.0,0.0,7.0,0.0,0.0,0.0,0.0,0.0,0.0,6.0,0.0,0.0,0.0,0.0,0.0,0.0,281.0,0.0,0.0,0.0,0.0,0.0,0.0,5280.0,0.0,0.0,0.0,0.0,0.0,0.0
S00168_FORA_PONTA,0, ,3017.0," ""GERAL""       ",39342.0,3520.0,3035.0,3045.0,40363.0,4678.0,3271.0,3283.0,0.0,0.0,1299.0,1128.0,2095.0,5006.0,108.0,268.0,131.0,-383.0,1964.0,5389.0,15.0,94.0,56.0,2039.0,56.0,0.0,56.0,0.0,0.0,0.0,0.0,0.0,2095.0,0.0,0.0,0.0,0.0,0.0,0.0,56.0,0.0,0.0,0.0,0.0,0.0,0.0,75.0,0.0,0.0,0.0,0.0,0.0,0.0,1964.0,0.0,0.0,0.0,0.0,0.0,0.0,40363.0,0.0,0.0,0.0,0.0,0.0,0.0
S00169_PONTA,0, ,3020.0," ""GERAL""       ",5918.0,378.0,2120.0,2122.0,5623.0,560.0,2021.0,2027.0,0.0,0.0,186.0,161.0,295.0,698.0,99.0,234.0,15.0,-72.0,281.0,770.0,6.0,94.0,8.0,287.0,8.0,0.0,8.0,0.0,0.0,0.0,0.0,0.0,295.0,0.0,0.0,0.0,0.0,0.0,0.0,8.0,0.0,0.0,0.0,0.0,0.0,0.0,7.0,0.0,0.0,0.0,0.0,0.0,0.0,281.0,0.0,0.0,0.0,0.0,0.0,0.0,5623.0,0.0,0.0,0.0,0.0,0.0,0.0
S00170_FORA_PONTA,0, ,3041.0," ""GERAL""       ",41393.0,2877.0,2919.0,2926.0,40248.0,4111.0,2879.0,2890.0,0.0,0.0,1299.0,1127.0,2081.0,4928.0,103.0,245.0,118.0,-458.0,1963.0,5386.0,11.0,94.0,62.0,2019.0,62.0,0.0,62.0,0.0,0.0,0.0,0.0,0.0,2081.0,0.0,0.0,0.0,0.0,0.0,0.0,62.0,0.0,0.0,0.0,0.0,0.0,0.0,55.0,0.0,0.0,0.0,0.0,0.0,0.0,1963.0,0.0,0.0,0.0,0.0,0.0,0.0,40248.0,0.0,0.0,0.0,0.0,0.0,0.0
S00171_PONTA,0, ,3044.0," ""GERAL""       ",5879.0,395.0,2096.0,2101.0,5583.0,575.0,1997.0,2007.0,0.0,0.0,186.0,161.0,296.0,700.0,99.0,235.0,16.0,-69.0,281.0,770.0,6.0,94.0,9.0,288.0,9.0,0.0,9.0,0.0,0.0,0.0,0.0,0.0,296.0,0.0,0.0,0.0,0.0,0.0,0.0,9.0,0.0,0.0,0.0,0.0,0.0,0.0,7.0,0.0,0.0,0.0,0.0,0.0,0.0,281.0,0.0,0.0,0.0,0.0,0.0,0.0,5583.0,0.0,0.0,0.0,0.0,0.0,0.0
S00172_FORA_PONTA,0, ,3065.0," ""GERAL""       ",43794.0,3560.0,3186.0,3195.0,41978.0,4769.0,3081.0,3094.0,0.0,0.0,1298.0,1127.0,2090.0,4941.0,105.0,248.0,131.0,-434.0,1959.0,5374.0,13.0,94.0,73.0,2017.0,73.0,0.0,73.0,0.0,0.0,0.0,0.0,0.0,2090.0,0.0,0.0,0.0,0.0,0.0,0.0,73.0,0.0,0.0,0.0,0.0,0.0,0.0,57.0,0.0,0.0,0.0,0.0,0.0,0.0,1959.0,0.0,0.0,0.0,0.0,0.0,0.0,41978.0,0.0,0.0,0.0,0.0,0.0,0.0
S00173_PONTA,0, ,3068.0," ""GERAL""       ",5615.0,345.0,2047.0,2052.0,5319.0,526.0,1948.0,1959.0,0.0,0.0,186.0,161.0,296.0,700.0,99.0,235.0,15.0,-70.0,281.0,771.0,6.0,94.0,8.0,288.0,8.0,0.0,8.0,0.0,0.0,0.0,0.0,0.0,296.0,0.0,0.0,0.0,0.0,0.0,0.0,8.0,0.0,0.0,0.0,0.0,0.0,0.0,7.0,0.0,0.0,0.0,0.0,0.0,0.0,281.0,0.0,0.0,0.0,0.0,0.0,0.0,5319.0,0.0,0.0,0.0,0.0,0.0,0.0
S00174_FORA_PONTA,0, ,3089.0," ""GERAL""       ",36843.0,1598.0,2480.0,2481.0,34848.0,2901.0,2379.0,2383.0,0.0,0.0,1300.0,1128.0,2066.0,4879.0,101.0,240.0,95.0,-527.0,1971.0,5407.0,8.0,95.0,52.0,2014.0,52.0,0.0,52.0,0.0,0.0,0.0,0.0,0.0,2066.0,0.0,0.0,0.0,0.0,0.0,0.0,52.0,0.0,0.0,0.0,0.0,0.0,0.0,43.0,0.0,0.0,0.0,0.0,0.0,0.0,1971.0,0.0,0.0,0.0,0.0,0.0,0.0,34848.0,0.0,0.0,0.0,0.0,0.0,0.0
S00175_PONTA,0, ,3092.0," ""GERAL""       ",5043.0,246.0,1794.0,1796.0,4750.0,437.0,1695.0,1702.0,0.0,0.0,186.0,161.0,294.0,693.0,99.0,232.0,12.0,-80.0,282.0,773.0,5.0,94.0,7.0,287.0,7.0,0.0,7.0,0.0,0.0,0.0,0.0,0.0,294.0,0.0,0.0,0.0,0.0,0.0,0.0,7.0,0.0,0.0,0.0,0.0,0.0,0.0,5.0,0.0,0.0,0.0,0.0,0.0,0.0,282.0,0.0,0.0,0.0,0.0,0.0,0.0,4750.0,0.0,0.0,0.0,0.0,0.0,0.0
S00176_FORA_PONTA,0, ,3161.0," ""GERAL""       ",75945.0,5966.0,1908.0,1910.0,81219.0,10257.0,2133.0,2140.0,0.0,0.0,4283.0,3713.0,6766.0,16153.0,104.0,259.0,243.0,-1743.0,6523.0,17896.0,10.0,95.0,72.0,6694.0,72.0,0.0,72.0,0.0,0.0,0.0,0.0,0.0,6766.0,0.0,0.0,0.0,0.0,0.0,0.0,72.0,0.0,0.0,0.0,0.0,0.0,0.0,171.0,0.0,0.0,0.0,0.0,0.0,0.0,6523.0,0.0,0.0,0.0,0.0,0.0,0.0,81219.0,0.0,0.0,0.0,0.0,0.0,0.0
S00177_PONTA,0, ,3164.0," ""GERAL""       ",5267.0,203.0,1833.0,1834.0,4973.0,391.0,1735.0,1739.0,0.0,0.0,186.0,161.0,294.0,696.0,98.0,233.0,12.0,-77.0,282.0,773.0,5.0,94.0,7.0,287.0,7.0,0.0,7.0,0.0,0.0,0.0,0.0,0.0,294.0,0.0,0.0,0.0,0.0,0.0,0.0,7.0,0.0,0.0,0.0,0.0,0.0,0.0,6.0,0.0,0.0,0.0,0.0,0.0,0.0,282.0,0.0,0.0,0.0,0.0,0.0,0.0,4973.0,0.0,0.0,0.0,0.0,0.0,0.0
S00178_FORA_PONTA,0, ,3185.0," ""GERAL""       ",34128.0,1862.0,2197.0,2201.0,35359.0,3091.0,2356.0,2361.0,0.0,0.0,1301.0,1129.0,2077.0,4960.0,105.0,260.0,104.0,-455.0,1974.0,5415.0,11.0,95.0,41.0,2036.0,41.0,0.0,41.0,0.0,0.0,0.0,0.0,0.0,2077.0,0.0,0.0,0.0,0.0,0.0,0.0,41.0,0.0,0.0,0.0,0.0,0.0,0.0,63.0,0.0,0.0,0.0,0.0,0.0,0.0,1974.0,0.0,0.0,0.0,0.0,0.0,0.0,35359.0,0.0,0.0,0.0,0.0,0.0,0.0
S00179_PONTA,0, ,3188.0," ""GERAL""       ",5376.0,272.0,1928.0,1931.0,5082.0,460.0,1830.0,1837.0,0.0,0.0,186.0,161.0,294.0,695.0,99.0,234.0,13.0,-77.0,281.0,772.0,5.0,94.0,7.0,287.0,7.0,0.0,7.0,0.0,0.0,0.0,0.0,0.0,294.0,0.0,0.0,0.0,0.0,0.0,0.0,7.0,0.0,0.0,0.0,0.0,0.0,0.0,6.0,0.0,0.0,0.0,0.0,0.0,0.0,281.0,0.0,0.0,0.0,0.0,0.0,0.0,5082.0,0.0,0.0,0.0,0.0,0.0,0.0
S00180_FORA_PONTA,0, ,3209.0," ""GERAL""       ",36385.0,2646.0,2671.0,2679.0,37666.0,3835.0,2850.0,2858.0,0.0,0.0,1300.0,1128.0,2086.0,4989.0,106.0,261.0,117.0,-414.0,1969.0,5403.0,13.0,94.0,47.0,2039.0,47.0,0.0,47.0,0.0,0.0,0.0,0.0,0.0,2086.0,0.0,0.0,0.0,0.0,0.0,0.0,47.0,0.0,0.0,0.0,0.0,0.0,0.0,70.0,0.0,0.0,0.0,0.0,0.0,0.0,1969.0,0.0,0.0,0.0,0.0,0.0,0.0,37666.0,0.0,0.0,0.0,0.0,0.0,0.0
S00181_PONTA,0, ,3212.0," ""GERAL""       ",6005.0,379.0,2120.0,2124.0,5709.0,560.0,2021.0,2030.0,0.0,0.0,186.0,161.0,296.0,699.0,99.0,234.0,15.0,-70.0,280.0,769.0,6.0,94.0,9.0,287.0,9.0,0.0,9.0,0.0,0.0,0.0,0.0,0.0,296.0,0.0,0.0,0.0,0.0,0.0,0.0,9.0,0.0,0.0,0.0,0.0,0.0,0.0,7.0,0.0,0.0,0.0,0.0,0.0,0.0,280.0,0.0,0.0,0.0,0.0,0.0,0.0,5709.0,0.0,0.0,0.0,0.0,0.0,0.0
S00182_FORA_PONTA,0, ,3233.0," ""GERAL""       ",37817.0,2828.0,2679.0,2686.0,39690.0,3964.0,3125.0,3135.0,0.0,0.0,1300.0,1128.0,2100.0,5037.0,108.0,268.0,132.0,-361.0,1968.0,5398.0,15.0,94.0,49.0,2050.0,49.0,0.0,49.0,0.0,0.0,0.0,0.0,0.0,2100.0,0.0,0.0,0.0,0.0,0.0,0.0,49.0,0.0,0.0,0.0,0.0,0.0,0.0,83.0,0.0,0.0,0.0,0.0,0.0,0.0,1968.0,0.0,0.0,0.0,0.0,0.0,0.0,39690.0,0.0,0.0,0.0,0.0,0.0,0.0
S00183_PONTA,0, ,3236.0," ""GERAL""       ",5760.0,268.0,2073.0,2077.0,5465.0,451.0,1974.0,1983.0,0.0,0.0,186.0,161.0,296.0,699.0,99.0,234.0,15.0,-72.0,281.0,771.0,6.0,94.0,8.0,288.0,8.0,0.0,8.0,0.0,0.0,0.0,0.0,0.0,296.0,0.0,0.0,0.0,0.0,0.0,0.0,8.0,0.0,0.0,0.0,0.0,0.0,0.0,7.0,0.0,0.0,0.0,0.0,0.0,0.0,281.0,0.0,0.0,0.0,0.0,0.0,0.0,5465.0,0.0,0.0,0.0,0.0,0.0,0.0
S00184_FORA_PONTA,0, ,3257.0," ""GERAL""       ",36287.0,2760.0,2381.0,2386.0,36961.0,3993.0,2647.0,2656.0,0.0,0.0,1300.0,1128.0,2076.0,4945.0,104.0,256.0,106.0,-458.0,1969.0,5402.0,11.0,94.0,46.0,2030.0,46.0,0.0,46.0,0.0,0.0,0.0,0.0,0.0,2076.0,0.0,0.0,0.0,0.0,0.0,0.0,46.0,0.0,0.0,0.0,0.0,0.0,0.0,61.0,0.0,0.0,0.0,0.0,0.0,0.0,1969.0,0.0,0.0,0.0,0.0,0.0,0.0,36961.0,0.0,0.0,0.0,0.0,0.0,0.0
S00185_PONTA,0, ,3260.0," ""GERAL""       ",5340.0,374.0,1895.0,1900.0,5046.0,563.0,1797.0,1807.0,0.0,0.0,186.0,161.0,293.0,693.0,98.0,233.0,12.0,-79.0,281.0,771.0,5.0,94.0,7.0,286.0,7.0,0.0,7.0,0.0,0.0,0.0,0.0,0.0,293.0,0.0,0.0,0.0,0.0,0.0,0.0,7.0,0.0,0.0,0.0,0.0,0.0,0.0,5.0,0.0,0.0,0.0,0.0,0.0,0.0,281.0,0.0,0.0,0.0,0.0,0.0,0.0,5046.0,0.0,0.0,0.0,0.0,0.0,0.0
S00186_FORA_PONTA,0, ,3329.0," ""GERAL""       ",87021.0,5281.0,2293.0,2296.0,85824.0,9766.0,2335.0,2346.0,0.0,0.0,4281.0,3712.0,6719.0,15931.0,103.0,254.0,206.0,-1936.0,6513.0,17867.0,10.0,95.0,87.0,6632.0,87.0,0.0,87.0,0.0,0.0,0.0,0.0,0.0,6719.0,0.0,0.0,0.0,0.0,0.0,0.0,87.0,0.0,0.0,0.0,0.0,0.0,0.0,119.0,0.0,0.0,0.0,0.0,0.0,0.0,6513.0,0.0,0.0,0.0,0.0,0.0,0.0,85824.0,0.0,0.0,0.0,0.0,0.0,0.0
S00187_PONTA,0, ,3332.0," ""GERAL""       ",5540.0,239.0,1916.0,1918.0,5245.0,426.0,1818.0,1824.0,0.0,0.0,186.0,161.0,295.0,696.0,98.0,233.0,13.0,-76.0,281.0,772.0,5.0,94.0,8.0,287.0,8.0,0.0,8.0,0.0,0.0,0.0,0.0,0.0,295.0,0.0,0.0,0.0,0.0,0.0,0.0,8.0,0.0,0.0,0.0,0.0,0.0,0.0,6.0,0.0,0.0,0.0,0.0,0.0,0.0,281.0,0.0,0.0,0.0,0.0,0.0,0.0,5245.0,0.0,0.0,0.0,0.0,0.0,0.0
S00188_FORA_PONTA,0, ,3353.0," ""GERAL""       ",36005.0,1514.0,2420.0,2422.0,34679.0,2829.0,2423.0,2427.0,0.0,0.0,1301.0,1129.0,2060.0,4871.0,101.0,239.0,88.0,-539.0,1972.0,5410.0,8.0,95.0,46.0,2014.0,46.0,0.0,46.0,0.0,0.0,0.0,0.0,0.0,2060.0,0.0,0.0,0.0,0.0,0.0,0.0,46.0,0.0,0.0,0.0,0.0,0.0,0.0,41.0,0.0,0.0,0.0,0.0,0.0,0.0,1972.0,0.0,0.0,0.0,0.0,0.0,0.0,34679.0,0.0,0.0,0.0,0.0,0.0,0.0
S00189_PONTA,0, ,3356.0," ""GERAL""       ",5222.0,161.0,1845.0,1846.0,4928.0,351.0,1747.0,1751.0,0.0,0.0,186.0,161.0,294.0,694.0,98.0,232.0,12.0,-79.0,282.0,773.0,4.0,94.0,7.0,287.0,7.0,0.0,7.0,0.0,0.0,0.0,0.0,0.0,294.0,0.0,0.0,0.0,0.0,0.0,0.0,7.0,0.0,0.0,0.0,0.0,0.0,0.0,5.0,0.0,0.0,0.0,0.0,0.0,0.0,282.0,0.0,0.0,0.0,0.0,0.0,0.0,4928.0,0.0,0.0,0.0,0.0,0.0,0.0
S00190_FORA_PONTA,0, ,3377.0," ""GERAL""       ",35471.0,1726.0,2418.0,2419.0,35241.0,2999.0,2397.0,2401.0,0.0,0.0,1301.0,1129.0,2067.0,4913.0,102.0,251.0,94.0,-498.0,1972.0,5411.0,9.0,94.0,44.0,2023.0,44.0,0.0,44.0,0.0,0.0,0.0,0.0,0.0,2067.0,0.0,0.0,0.0,0.0,0.0,0.0,44.0,0.0,0.0,0.0,0.0,0.0,0.0,50.0,0.0,0.0,0.0,0.0,0.0,0.0,1972.0,0.0,0.0,0.0,0.0,0.0,0.0,35241.0,0.0,0.0,0.0,0.0,0.0,0.0
S00191_PONTA,0, ,3380.0," ""GERAL""       ",5343.0,198.0,1859.0,1860.0,5048.0,385.0,1761.0,1764.0,0.0,0.0,186.0,161.0,294.0,696.0,98.0,233.0,13.0,-77.0,282.0,772.0,5.0,94.0,7.0,287.0,7.0,0.0,7.0,0.0,0.0,0.0,0.0,0.0,294.0,0.0,0.0,0.0,0.0,0.0,0.0,7.0,0.0,0.0,0.0,0.0,0.0,0.0,6.0,0.0,0.0,0.0,0.0,0.0,0.0,282.0,0.0,0.0,0.0,0.0,0.0,0.0,5048.0,0.0,0.0,0.0,0.0,0.0,0.0
S00192_FORA_PONTA,0, ,3401.0," ""GERAL""       ",31221.0,2230.0,2013.0,2015.0,33260.0,3444.0,2160.0,2167.0,0.0,0.0,1302.0,1129.0,2080.0,4982.0,104.0,260.0,104.0,-439.0,1976.0,5421.0,10.0,94.0,35.0,2045.0,35.0,0.0,35.0,0.0,0.0,0.0,0.0,0.0,2080.0,0.0,0.0,0.0,0.0,0.0,0.0,35.0,0.0,0.0,0.0,0.0,0.0,0.0,69.0,0.0,0.0,0.0,0.0,0.0,0.0,1976.0,0.0,0.0,0.0,0.0,0.0,0.0,33260.0,0.0,0.0,0.0,0.0,0.0,0.0
S00193_PONTA,0, ,3404.0," ""GERAL""       ",5220.0,112.0,1824.0,1825.0,4925.0,300.0,1726.0,1730.0,0.0,0.0,186.0,161.0,294.0,696.0,98.0,233.0,12.0,-77.0,282.0,773.0,5.0,94.0,7.0,288.0,7.0,0.0,7.0,0.0,0.0,0.0,0.0,0.0,294.0,0.0,0.0,0.0,0.0,0.0,0.0,7.0,0.0,0.0,0.0,0.0,0.0,0.0,6.0,0.0,0.0,0.0,0.0,0.0,0.0,282.0,0.0,0.0,0.0,0.0,0.0,0.0,4925.0,0.0,0.0,0.0,0.0,0.0,0.0
S00194_FORA_PONTA,0, ,3425.0," ""GERAL""       ",31743.0,1444.0,2190.0,2191.0,33385.0,2673.0,2266.0,2271.0,0.0,0.0,1302.0,1129.0,2079.0,4970.0,105.0,260.0,102.0,-454.0,1977.0,5424.0,11.0,94.0,37.0,2042.0,37.0,0.0,37.0,0.0,0.0,0.0,0.0,0.0,2079.0,0.0,0.0,0.0,0.0,0.0,0.0,37.0,0.0,0.0,0.0,0.0,0.0,0.0,65.0,0.0,0.0,0.0,0.0,0.0,0.0,1977.0,0.0,0.0,0.0,0.0,0.0,0.0,33385.0,0.0,0.0,0.0,0.0,0.0,0.0
S00195_PONTA,0, ,3428.0," ""GERAL""       ",5041.0,97.0,1775.0,1775.0,4747.0,288.0,1677.0,1680.0,0.0,0.0,186.0,161.0,294.0,693.0,98.0,232.0,11.0,-81.0,282.0,774.0,4.0,94.0,6.0,287.0,6.0,0.0,6.0,0.0,0.0,0.0,0.0,0.0,294.0,0.0,0.0,0.0,0.0,0.0,0.0,6.0,0.0,0.0,0.0,0.0,0.0,0.0,5.0,0.0,0.0,0.0,0.0,0.0,0.0,282.0,0.0,0.0,0.0,0.0,0.0,0.0,4747.0,0.0,0.0,0.0,0.0,0.0,0.0
S00196_FORA_PONTA,0, ,3497.0," ""GERAL""       ",94531.0,3888.0,2599.0,2601.0,89545.0,8386.0,2498.0,2503.0,0.0,0.0,4280.0,3711.0,6727.0,15903.0,101.0,244.0,219.0,-1949.0,6507.0,17852.0,8.0,95.0,110.0,6616.0,110.0,0.0,110.0,0.0,0.0,0.0,0.0,0.0,6727.0,0.0,0.0,0.0,0.0,0.0,0.0,110.0,0.0,0.0,0.0,0.0,0.0,0.0,109.0,0.0,0.0,0.0,0.0,0.0,0.0,6507.0,0.0,0.0,0.0,0.0,0.0,0.0,89545.0,0.0,0.0,0.0,0.0,0.0,0.0
S00197_PONTA,0, ,3500.0," ""GERAL""       ",5605.0,224.0,1985.0,1986.0,5310.0,408.0,1886.0,1891.0,0.0,0.0,186.0,161.0,295.0,697.0,99.0,234.0,14.0,-74.0,281.0,772.0,5.0,94.0,8.0,287.0,8.0,0.0,8.0,0.0,0.0,0.0,0.0,0.0,295.0,0.0,0.0,0.0,0.0,0.0,0.0,8.0,0.0,0.0,0.0,0.0,0.0,0.0,6.0,0.0,0.0,0.0,0.0,0.0,0.0,281.0,0.0,0.0,0.0,0.0,0.0,0.0,5310.0,0.0,0.0,0.0,0.0,0.0,0.0
S00198_FORA_PONTA,0, ,3521.0," ""GERAL""       ",39690.0,1807.0,2714.0,2716.0,37626.0,3079.0,2612.0,2616.0,0.0,0.0,1300.0,1128.0,2074.0,4901.0,102.0,243.0,107.0,-496.0,1968.0,5397.0,9.0,94.0,59.0,2015.0,59.0,0.0,59.0,0.0,0.0,0.0,0.0,0.0,2074.0,0.0,0.0,0.0,0.0,0.0,0.0,59.0,0.0,0.0,0.0,0.0,0.0,0.0,48.0,0.0,0.0,0.0,0.0,0.0,0.0,1968.0,0.0,0.0,0.0,0.0,0.0,0.0,37626.0,0.0,0.0,0.0,0.0,0.0,0.0
S00199_PONTA,0, ,3524.0," ""GERAL""       ",5643.0,168.0,2028.0,2029.0,5346.0,348.0,1929.0,1933.0,0.0,0.0,186.0,161.0,297.0,703.0,99.0,235.0,16.0,-69.0,281.0,772.0,6.0,94.0,9.0,288.0,9.0,0.0,9.0,0.0,0.0,0.0,0.0,0.0,297.0,0.0,0.0,0.0,0.0,0.0,0.0,9.0,0.0,0.0,0.0,0.0,0.0,0.0,7.0,0.0,0.0,0.0,0.0,0.0,0.0,281.0,0.0,0.0,0.0,0.0,0.0,0.0,5346.0,0.0,0.0,0.0,0.0,0.0,0.0
S00200_FORA_PONTA,0, ,3545.0," ""GERAL""       ",39873.0,1877.0,2735.0,2737.0,38619.0,3111.0,2757.0,2761.0,0.0,0.0,1300.0,1128.0,2083.0,4937.0,103.0,245.0,116.0,-459.0,1967.0,5396.0,10.0,94.0,61.0,2022.0,61.0,0.0,61.0,0.0,0.0,0.0,0.0,0.0,2083.0,0.0,0.0,0.0,0.0,0.0,0.0,61.0,0.0,0.0,0.0,0.0,0.0,0.0,55.0,0.0,0.0,0.0,0.0,0.0,0.0,1967.0,0.0,0.0,0.0,0.0,0.0,0.0,38619.0,0.0,0.0,0.0,0.0,0.0,0.0
S00201_PONTA,0, ,3548.0," ""GERAL""       ",6106.0,131.0,2215.0,2216.0,5807.0,304.0,2115.0,2118.0,0.0,0.0,186.0,161.0,299.0,708.0,100.0,238.0,18.0,-62.0,281.0,771.0,7.0,94.0,10.0,289.0,10.0,0.0,10.0,0.0,0.0,0.0,0.0,0.0,299.0,0.0,0.0,0.0,0.0,0.0,0.0,10.0,0.0,0.0,0.0,0.0,0.0,0.0,8.0,0.0,0.0,0.0,0.0,0.0,0.0,281.0,0.0,0.0,0.0,0.0,0.0,0.0,5807.0,0.0,0.0,0.0,0.0,0.0,0.0
S00202_FORA_PONTA,0, ,3569.0," ""GERAL""       ",44661.0,1649.0,3112.0,3114.0,44464.0,2775.0,3233.0,3237.0,0.0,0.0,1299.0,1127.0,2115.0,5032.0,107.0,260.0,153.0,-352.0,1963.0,5385.0,14.0,94.0,80.0,2036.0,80.0,0.0,80.0,0.0,0.0,0.0,0.0,0.0,2115.0,0.0,0.0,0.0,0.0,0.0,0.0,80.0,0.0,0.0,0.0,0.0,0.0,0.0,73.0,0.0,0.0,0.0,0.0,0.0,0.0,1963.0,0.0,0.0,0.0,0.0,0.0,0.0,44464.0,0.0,0.0,0.0,0.0,0.0,0.0
S00203_PONTA,0, ,3572.0," ""GERAL""       ",6978.0,235.0,2513.0,2515.0,6674.0,392.0,2411.0,2414.0,0.0,0.0,185.0,161.0,304.0,721.0,102.0,244.0,24.0,-47.0,280.0,767.0,9.0,94.0,14.0,290.0,14.0,0.0,14.0,0.0,0.0,0.0,0.0,0.0,304.0,0.0,0.0,0.0,0.0,0.0,0.0,14.0,0.0,0.0,0.0,0.0,0.0,0.0,10.0,0.0,0.0,0.0,0.0,0.0,0.0,280.0,0.0,0.0,0.0,0.0,0.0,0.0,6674.0,0.0,0.0,0.0,0.0,0.0,0.0
S00204_FORA_PONTA,0, ,3593.0," ""GERAL""       ",44750.0,2328.0,3259.0,3266.0,44707.0,3445.0,3349.0,3357.0,0.0,0.0,1299.0,1127.0,2115.0,5037.0,107.0,255.0,154.0,-344.0,1961.0,5380.0,15.0,94.0,81.0,2035.0,81.0,0.0,81.0,0.0,0.0,0.0,0.0,0.0,2115.0,0.0,0.0,0.0,0.0,0.0,0.0,81.0,0.0,0.0,0.0,0.0,0.0,0.0,74.0,0.0,0.0,0.0,0.0,0.0,0.0,1961.0,0.0,0.0,0.0,0.0,0.0,0.0,44707.0,0.0,0.0,0.0,0.0,0.0,0.0
S00205_PONTA,0, ,3596.0," ""GERAL""       ",5643.0,151.0,2305.0,2306.0,5347.0,331.0,2205.0,2208.0,0.0,0.0,186.0,161.0,296.0,702.0,101.0,238.0,15.0,-70.0,281.0,772.0,7.0,94.0,8.0,288.0,8.0,0.0,8.0,0.0,0.0,0.0,0.0,0.0,296.0,0.0,0.0,0.0,0.0,0.0,0.0,8.0,0.0,0.0,0.0,0.0,0.0,0.0,7.0,0.0,0.0,0.0,0.0,0.0,0.0,281.0,0.0,0.0,0.0,0.0,0.0,0.0,5347.0,0.0,0.0,0.0,0.0,0.0,0.0
S00206_FORA_PONTA,0, ,3665.0," ""GERAL""       ",95405.0,3325.0,3851.0,3856.0,96726.0,7423.0,3835.0,3839.0,0.0,0.0,3706.0,3215.0,6851.0,16302.0,110.0,263.0,344.0,-1553.0,6508.0,17854.0,18.0,97.0,157.0,6695.0,157.0,0.0,157.0,0.0,0.0,0.0,0.0,0.0,6851.0,0.0,0.0,0.0,0.0,0.0,0.0,157.0,0.0,0.0,0.0,0.0,0.0,0.0,187.0,0.0,0.0,0.0,0.0,0.0,0.0,6508.0,0.0,0.0,0.0,0.0,0.0,0.0,96726.0,0.0,0.0,0.0,0.0,0.0,0.0
S00207_PONTA,0, ,3668.0," ""GERAL""       ",6843.0,167.0,2560.0,2561.0,6540.0,328.0,2459.0,2462.0,0.0,0.0,185.0,161.0,302.0,718.0,101.0,241.0,22.0,-50.0,280.0,768.0,8.0,94.0,12.0,290.0,12.0,0.0,12.0,0.0,0.0,0.0,0.0,0.0,302.0,0.0,0.0,0.0,0.0,0.0,0.0,12.0,0.0,0.0,0.0,0.0,0.0,0.0,10.0,0.0,0.0,0.0,0.0,0.0,0.0,280.0,0.0,0.0,0.0,0.0,0.0,0.0,6540.0,0.0,0.0,0.0,0.0,0.0,0.0
S00208_FORA_PONTA,0, ,3689.0," ""GERAL""       ",48759.0,1827.0,3506.0,3510.0,47023.0,2945.0,3448.0,3455.0,0.0,0.0,1298.0,1127.0,2122.0,5027.0,107.0,254.0,165.0,-343.0,1958.0,5371.0,15.0,94.0,91.0,2031.0,91.0,0.0,91.0,0.0,0.0,0.0,0.0,0.0,2122.0,0.0,0.0,0.0,0.0,0.0,0.0,91.0,0.0,0.0,0.0,0.0,0.0,0.0,73.0,0.0,0.0,0.0,0.0,0.0,0.0,1958.0,0.0,0.0,0.0,0.0,0.0,0.0,47023.0,0.0,0.0,0.0,0.0,0.0,0.0
S00209_PONTA,0, ,3692.0," ""GERAL""       ",6422.0,245.0,2342.0,2344.0,6122.0,413.0,2242.0,2246.0,0.0,0.0,186.0,161.0,300.0,711.0,101.0,239.0,20.0,-58.0,280.0,769.0,8.0,94.0,11.0,289.0,11.0,0.0,11.0,0.0,0.0,0.0,0.0,0.0,300.0,0.0,0.0,0.0,0.0,0.0,0.0,11.0,0.0,0.0,0.0,0.0,0.0,0.0,9.0,0.0,0.0,0.0,0.0,0.0,0.0,280.0,0.0,0.0,0.0,0.0,0.0,0.0,6122.0,0.0,0.0,0.0,0.0,0.0,0.0
S00210_FORA_PONTA,0, ,3713.0," ""GERAL""       ",41190.0,1982.0,3033.0,3038.0,41467.0,3157.0,3089.0,3096.0,0.0,0.0,1299.0,1128.0,2096.0,4992.0,104.0,254.0,130.0,-401.0,1966.0,5393.0,12.0,94.0,62.0,2034.0,62.0,0.0,62.0,0.0,0.0,0.0,0.0,0.0,2096.0,0.0,0.0,0.0,0.0,0.0,0.0,62.0,0.0,0.0,0.0,0.0,0.0,0.0,68.0,0.0,0.0,0.0,0.0,0.0,0.0,1966.0,0.0,0.0,0.0,0.0,0.0,0.0,41467.0,0.0,0.0,0.0,0.0,0.0,0.0
S00211_PONTA,0, ,3716.0," ""GERAL""       ",5858.0,193.0,2047.0,2048.0,5562.0,373.0,1948.0,1951.0,0.0,0.0,186.0,161.0,296.0,701.0,99.0,235.0,15.0,-70.0,281.0,771.0,6.0,94.0,8.0,288.0,8.0,0.0,8.0,0.0,0.0,0.0,0.0,0.0,296.0,0.0,0.0,0.0,0.0,0.0,0.0,8.0,0.0,0.0,0.0,0.0,0.0,0.0,7.0,0.0,0.0,0.0,0.0,0.0,0.0,281.0,0.0,0.0,0.0,0.0,0.0,0.0,5562.0,0.0,0.0,0.0,0.0,0.0,0.0
S00212_FORA_PONTA,0, ,3737.0," ""GERAL""       ",39303.0,1819.0,2643.0,2645.0,38363.0,3075.0,2720.0,2726.0,0.0,0.0,1300.0,1128.0,2076.0,4918.0,102.0,246.0,108.0,-480.0,1968.0,5399.0,9.0,94.0,56.0,2020.0,56.0,0.0,56.0,0.0,0.0,0.0,0.0,0.0,2076.0,0.0,0.0,0.0,0.0,0.0,0.0,56.0,0.0,0.0,0.0,0.0,0.0,0.0,52.0,0.0,0.0,0.0,0.0,0.0,0.0,1968.0,0.0,0.0,0.0,0.0,0.0,0.0,38363.0,0.0,0.0,0.0,0.0,0.0,0.0
S00213_PONTA,0, ,3740.0," ""GERAL""       ",5757.0,187.0,2053.0,2054.0,5460.0,369.0,1954.0,1958.0,0.0,0.0,186.0,161.0,296.0,700.0,99.0,234.0,15.0,-72.0,281.0,771.0,5.0,94.0,8.0,288.0,8.0,0.0,8.0,0.0,0.0,0.0,0.0,0.0,296.0,0.0,0.0,0.0,0.0,0.0,0.0,8.0,0.0,0.0,0.0,0.0,0.0,0.0,7.0,0.0,0.0,0.0,0.0,0.0,0.0,281.0,0.0,0.0,0.0,0.0,0.0,0.0,5460.0,0.0,0.0,0.0,0.0,0.0,0.0
S00214_FORA_PONTA,0, ,3761.0," ""GERAL""       ",34841.0,1782.0,2522.0,2523.0,36178.0,2994.0,2504.0,2507.0,0.0,0.0,1301.0,1129.0,2083.0,4976.0,104.0,259.0,110.0,-437.0,1973.0,5413.0,11.0,94.0,43.0,2039.0,43.0,0.0,43.0,0.0,0.0,0.0,0.0,0.0,2083.0,0.0,0.0,0.0,0.0,0.0,0.0,43.0,0.0,0.0,0.0,0.0,0.0,0.0,67.0,0.0,0.0,0.0,0.0,0.0,0.0,1973.0,0.0,0.0,0.0,0.0,0.0,0.0,36178.0,0.0,0.0,0.0,0.0,0.0,0.0
S00215_PONTA,0, ,3764.0," ""GERAL""       ",5319.0,186.0,1875.0,1876.0,5024.0,373.0,1777.0,1781.0,0.0,0.0,186.0,161.0,295.0,696.0,99.0,233.0,13.0,-76.0,282.0,773.0,5.0,94.0,7.0,287.0,7.0,0.0,7.0,0.0,0.0,0.0,0.0,0.0,295.0,0.0,0.0,0.0,0.0,0.0,0.0,7.0,0.0,0.0,0.0,0.0,0.0,0.0,6.0,0.0,0.0,0.0,0.0,0.0,0.0,282.0,0.0,0.0,0.0,0.0,0.0,0.0,5024.0,0.0,0.0,0.0,0.0,0.0,0.0
S00216_FORA_PONTA,0, ,3833.0," ""GERAL""       ",100137.0,4664.0,3300.0,3303.0,102100.0,8816.0,3348.0,3353.0,0.0,0.0,4278.0,3711.0,6818.0,16228.0,106.0,259.0,318.0,-1606.0,6500.0,17834.0,14.0,95.0,136.0,6682.0,136.0,0.0,136.0,0.0,0.0,0.0,0.0,0.0,6818.0,0.0,0.0,0.0,0.0,0.0,0.0,136.0,0.0,0.0,0.0,0.0,0.0,0.0,182.0,0.0,0.0,0.0,0.0,0.0,0.0,6500.0,0.0,0.0,0.0,0.0,0.0,0.0,102100.0,0.0,0.0,0.0,0.0,0.0,0.0
S00217_PONTA,0, ,3836.0," ""GERAL""       ",6566.0,247.0,2348.0,2351.0,6265.0,414.0,2248.0,2255.0,0.0,0.0,185.0,161.0,301.0,713.0,101.0,239.0,21.0,-56.0,280.0,769.0,7.0,94.0,12.0,289.0,12.0,0.0,12.0,0.0,0.0,0.0,0.0,0.0,301.0,0.0,0.0,0.0,0.0,0.0,0.0,12.0,0.0,0.0,0.0,0.0,0.0,0.0,9.0,0.0,0.0,0.0,0.0,0.0,0.0,280.0,0.0,0.0,0.0,0.0,0.0,0.0,6265.0,0.0,0.0,0.0,0.0,0.0,0.0
S00218_FORA_PONTA,0, ,3857.0," ""GERAL""       ",49981.0,2516.0,3916.0,3920.0,50087.0,3530.0,3901.0,3905.0,0.0,0.0,1297.0,1126.0,2148.0,5123.0,110.0,269.0,194.0,-240.0,1955.0,5364.0,19.0,94.0,99.0,2050.0,99.0,0.0,99.0,0.0,0.0,0.0,0.0,0.0,2148.0,0.0,0.0,0.0,0.0,0.0,0.0,99.0,0.0,0.0,0.0,0.0,0.0,0.0,95.0,0.0,0.0,0.0,0.0,0.0,0.0,1955.0,0.0,0.0,0.0,0.0,0.0,0.0,50087.0,0.0,0.0,0.0,0.0,0.0,0.0
S00219_PONTA,0, ,3860.0," ""GERAL""       ",6994.0,251.0,2480.0,2482.0,6690.0,408.0,2379.0,2384.0,0.0,0.0,185.0,161.0,304.0,721.0,102.0,243.0,24.0,-47.0,280.0,767.0,8.0,93.0,14.0,290.0,14.0,0.0,14.0,0.0,0.0,0.0,0.0,0.0,304.0,0.0,0.0,0.0,0.0,0.0,0.0,14.0,0.0,0.0,0.0,0.0,0.0,0.0,11.0,0.0,0.0,0.0,0.0,0.0,0.0,280.0,0.0,0.0,0.0,0.0,0.0,0.0,6690.0,0.0,0.0,0.0,0.0,0.0,0.0
S00220_FORA_PONTA,0, ,3881.0," ""GERAL""       ",49171.0,2699.0,3606.0,3611.0,51058.0,3633.0,3825.0,3831.0,0.0,0.0,1297.0,1127.0,2164.0,5204.0,111.0,276.0,208.0,-161.0,1955.0,5366.0,19.0,94.0,94.0,2070.0,94.0,0.0,94.0,0.0,0.0,0.0,0.0,0.0,2164.0,0.0,0.0,0.0,0.0,0.0,0.0,94.0,0.0,0.0,0.0,0.0,0.0,0.0,115.0,0.0,0.0,0.0,0.0,0.0,0.0,1955.0,0.0,0.0,0.0,0.0,0.0,0.0,51058.0,0.0,0.0,0.0,0.0,0.0,0.0
S00221_PONTA,0, ,3884.0," ""GERAL""       ",7006.0,188.0,2493.0,2494.0,6703.0,347.0,2392.0,2395.0,0.0,0.0,185.0,161.0,303.0,719.0,102.0,242.0,24.0,-48.0,280.0,768.0,9.0,93.0,13.0,290.0,13.0,0.0,13.0,0.0,0.0,0.0,0.0,0.0,303.0,0.0,0.0,0.0,0.0,0.0,0.0,13.0,0.0,0.0,0.0,0.0,0.0,0.0,10.0,0.0,0.0,0.0,0.0,0.0,0.0,280.0,0.0,0.0,0.0,0.0,0.0,0.0,6703.0,0.0,0.0,0.0,0.0,0.0,0.0
S00222_FORA_PONTA,0, ,3905.0," ""GERAL""       ",44810.0,1914.0,3647.0,3649.0,46364.0,2944.0,3664.0,3668.0,0.0,0.0,1299.0,1127.0,2140.0,5127.0,109.0,267.0,178.0,-256.0,1962.0,5383.0,17.0,94.0,81.0,2059.0,81.0,0.0,81.0,0.0,0.0,0.0,0.0,0.0,2140.0,0.0,0.0,0.0,0.0,0.0,0.0,81.0,0.0,0.0,0.0,0.0,0.0,0.0,97.0,0.0,0.0,0.0,0.0,0.0,0.0,1962.0,0.0,0.0,0.0,0.0,0.0,0.0,46364.0,0.0,0.0,0.0,0.0,0.0,0.0
S00223_PONTA,0, ,3908.0," ""GERAL""       ",6546.0,268.0,2290.0,2292.0,6245.0,434.0,2190.0,2195.0,0.0,0.0,186.0,161.0,301.0,713.0,101.0,238.0,21.0,-56.0,280.0,769.0,7.0,94.0,12.0,289.0,12.0,0.0,12.0,0.0,0.0,0.0,0.0,0.0,301.0,0.0,0.0,0.0,0.0,0.0,0.0,12.0,0.0,0.0,0.0,0.0,0.0,0.0,9.0,0.0,0.0,0.0,0.0,0.0,0.0,280.0,0.0,0.0,0.0,0.0,0.0,0.0,6245.0,0.0,0.0,0.0,0.0,0.0,0.0
S00224_FORA_PONTA,0, ,3929.0," ""GERAL""       ",41789.0,1696.0,3103.0,3106.0,43502.0,2778.0,3282.0,3286.0,0.0,0.0,1299.0,1128.0,2121.0,5085.0,108.0,266.0,155.0,-309.0,1966.0,5393.0,15.0,94.0,66.0,2055.0,66.0,0.0,66.0,0.0,0.0,0.0,0.0,0.0,2121.0,0.0,0.0,0.0,0.0,0.0,0.0,66.0,0.0,0.0,0.0,0.0,0.0,0.0,89.0,0.0,0.0,0.0,0.0,0.0,0.0,1966.0,0.0,0.0,0.0,0.0,0.0,0.0,43502.0,0.0,0.0,0.0,0.0,0.0,0.0
S00225_PONTA,0, ,3932.0," ""GERAL""       ",5590.0,163.0,2041.0,2042.0,5293.0,344.0,1941.0,1945.0,0.0,0.0,186.0,161.0,296.0,701.0,99.0,236.0,15.0,-71.0,281.0,772.0,6.0,94.0,8.0,288.0,8.0,0.0,8.0,0.0,0.0,0.0,0.0,0.0,296.0,0.0,0.0,0.0,0.0,0.0,0.0,8.0,0.0,0.0,0.0,0.0,0.0,0.0,7.0,0.0,0.0,0.0,0.0,0.0,0.0,281.0,0.0,0.0,0.0,0.0,0.0,0.0,5293.0,0.0,0.0,0.0,0.0,0.0,0.0
S00226_FORA_PONTA,0, ,4001.0," ""GERAL""       ",107514.0,4107.0,3161.0,3163.0,104927.0,8339.0,3294.0,3298.0,0.0,0.0,4277.0,3710.0,6799.0,16129.0,106.0,263.0,306.0,-1686.0,6493.0,17815.0,14.0,95.0,148.0,6651.0,148.0,0.0,148.0,0.0,0.0,0.0,0.0,0.0,6799.0,0.0,0.0,0.0,0.0,0.0,0.0,148.0,0.0,0.0,0.0,0.0,0.0,0.0,158.0,0.0,0.0,0.0,0.0,0.0,0.0,6493.0,0.0,0.0,0.0,0.0,0.0,0.0,104927.0,0.0,0.0,0.0,0.0,0.0,0.0
S00227_PONTA,0, ,4004.0," ""GERAL""       ",6012.0,177.0,2177.0,2178.0,5713.0,353.0,2078.0,2081.0,0.0,0.0,186.0,161.0,298.0,706.0,100.0,237.0,17.0,-65.0,281.0,771.0,7.0,94.0,10.0,288.0,10.0,0.0,10.0,0.0,0.0,0.0,0.0,0.0,298.0,0.0,0.0,0.0,0.0,0.0,0.0,10.0,0.0,0.0,0.0,0.0,0.0,0.0,8.0,0.0,0.0,0.0,0.0,0.0,0.0,281.0,0.0,0.0,0.0,0.0,0.0,0.0,5713.0,0.0,0.0,0.0,0.0,0.0,0.0
S00228_FORA_PONTA,0, ,4025.0," ""GERAL""       ",41968.0,1691.0,2885.0,2887.0,40351.0,2921.0,2841.0,2845.0,0.0,0.0,1299.0,1128.0,2087.0,4936.0,103.0,245.0,122.0,-455.0,1965.0,5392.0,10.0,94.0,67.0,2020.0,67.0,0.0,67.0,0.0,0.0,0.0,0.0,0.0,2087.0,0.0,0.0,0.0,0.0,0.0,0.0,67.0,0.0,0.0,0.0,0.0,0.0,0.0,54.0,0.0,0.0,0.0,0.0,0.0,0.0,1965.0,0.0,0.0,0.0,0.0,0.0,0.0,40351.0,0.0,0.0,0.0,0.0,0.0,0.0
S00229_PONTA,0, ,4028.0," ""GERAL""       ",5791.0,190.0,2110.0,2111.0,5493.0,368.0,2010.0,2014.0,0.0,0.0,186.0,161.0,297.0,703.0,100.0,236.0,16.0,-68.0,281.0,771.0,6.0,94.0,9.0,288.0,9.0,0.0,9.0,0.0,0.0,0.0,0.0,0.0,297.0,0.0,0.0,0.0,0.0,0.0,0.0,9.0,0.0,0.0,0.0,0.0,0.0,0.0,7.0,0.0,0.0,0.0,0.0,0.0,0.0,281.0,0.0,0.0,0.0,0.0,0.0,0.0,5493.0,0.0,0.0,0.0,0.0,0.0,0.0
S00230_FORA_PONTA,0, ,4049.0," ""GERAL""       ",32987.0,1773.0,1966.0,1968.0,30989.0,3121.0,1867.0,1874.0,0.0,0.0,1301.0,1129.0,2051.0,4846.0,99.0,235.0,77.0,-572.0,1975.0,5417.0,6.0,94.0,41.0,2010.0,41.0,0.0,41.0,0.0,0.0,0.0,0.0,0.0,2051.0,0.0,0.0,0.0,0.0,0.0,0.0,41.0,0.0,0.0,0.0,0.0,0.0,0.0,36.0,0.0,0.0,0.0,0.0,0.0,0.0,1975.0,0.0,0.0,0.0,0.0,0.0,0.0,30989.0,0.0,0.0,0.0,0.0,0.0,0.0
S00231_PONTA,0, ,4052.0," ""GERAL""       ",4722.0,199.0,1640.0,1641.0,4428.0,389.0,1542.0,1548.0,0.0,0.0,186.0,161.0,294.0,695.0,98.0,232.0,12.0,-79.0,282.0,774.0,4.0,94.0,6.0,288.0,6.0,0.0,6.0,0.0,0.0,0.0,0.0,0.0,294.0,0.0,0.0,0.0,0.0,0.0,0.0,6.0,0.0,0.0,0.0,0.0,0.0,0.0,5.0,0.0,0.0,0.0,0.0,0.0,0.0,282.0,0.0,0.0,0.0,0.0,0.0,0.0,4428.0,0.0,0.0,0.0,0.0,0.0,0.0
S00232_FORA_PONTA,0, ,4097.0," ""GERAL""       ",55662.0,2213.0,1500.0,1502.0,52363.0,5226.0,1402.0,1409.0,0.0,0.0,2792.0,2421.0,4365.0,10312.0,98.0,233.0,114.0,-1350.0,4251.0,11663.0,4.0,95.0,55.0,4309.0,55.0,0.0,55.0,0.0,0.0,0.0,0.0,0.0,4365.0,0.0,0.0,0.0,0.0,0.0,0.0,55.0,0.0,0.0,0.0,0.0,0.0,0.0,58.0,0.0,0.0,0.0,0.0,0.0,0.0,4251.0,0.0,0.0,0.0,0.0,0.0,0.0,52363.0,0.0,0.0,0.0,0.0,0.0,0.0
S00233_PONTA,0, ,4100.0," ""GERAL""       ",4277.0,161.0,1455.0,1456.0,3984.0,357.0,1357.0,1363.0,0.0,0.0,186.0,161.0,293.0,691.0,98.0,231.0,10.0,-85.0,283.0,776.0,4.0,94.0,5.0,287.0,5.0,0.0,5.0,0.0,0.0,0.0,0.0,0.0,293.0,0.0,0.0,0.0,0.0,0.0,0.0,5.0,0.0,0.0,0.0,0.0,0.0,0.0,5.0,0.0,0.0,0.0,0.0,0.0,0.0,283.0,0.0,0.0,0.0,0.0,0.0,0.0,3984.0,0.0,0.0,0.0,0.0,0.0,0.0
S00234_FORA_PONTA,0, ,4169.0," ""GERAL""       ",99011.0,4035.0,3096.0,3098.0,99958.0,8214.0,3406.0,3411.0,0.0,0.0,4279.0,3711.0,6808.0,16207.0,111.0,278.0,305.0,-1634.0,6503.0,17841.0,18.0,95.0,129.0,6679.0,129.0,0.0,129.0,0.0,0.0,0.0,0.0,0.0,6808.0,0.0,0.0,0.0,0.0,0.0,0.0,129.0,0.0,0.0,0.0,0.0,0.0,0.0,176.0,0.0,0.0,0.0,0.0,0.0,0.0,6503.0,0.0,0.0,0.0,0.0,0.0,0.0,99958.0,0.0,0.0,0.0,0.0,0.0,0.0
S00235_PONTA,0, ,4172.0," ""GERAL""       ",6931.0,184.0,2515.0,2517.0,6627.0,340.0,2414.0,2418.0,0.0,0.0,185.0,161.0,304.0,722.0,102.0,242.0,24.0,-46.0,280.0,768.0,8.0,93.0,13.0,291.0,13.0,0.0,13.0,0.0,0.0,0.0,0.0,0.0,304.0,0.0,0.0,0.0,0.0,0.0,0.0,13.0,0.0,0.0,0.0,0.0,0.0,0.0,11.0,0.0,0.0,0.0,0.0,0.0,0.0,280.0,0.0,0.0,0.0,0.0,0.0,0.0,6627.0,0.0,0.0,0.0,0.0,0.0,0.0
S00236_FORA_PONTA,0, ,4193.0," ""GERAL""       ",51656.0,2243.0,3822.0,3826.0,53539.0,3109.0,4065.0,4070.0,0.0,0.0,1297.0,1126.0,2184.0,5268.0,113.0,284.0,230.0,-93.0,1954.0,5361.0,22.0,94.0,104.0,2080.0,104.0,0.0,104.0,0.0,0.0,0.0,0.0,0.0,2184.0,0.0,0.0,0.0,0.0,0.0,0.0,104.0,0.0,0.0,0.0,0.0,0.0,0.0,126.0,0.0,0.0,0.0,0.0,0.0,0.0,1954.0,0.0,0.0,0.0,0.0,0.0,0.0,53539.0,0.0,0.0,0.0,0.0,0.0,0.0
S00237_PONTA,0, ,4196.0," ""GERAL""       ",7366.0,201.0,2628.0,2630.0,7059.0,349.0,2526.0,2529.0,0.0,0.0,185.0,161.0,307.0,730.0,103.0,245.0,27.0,-37.0,279.0,766.0,10.0,93.0,15.0,292.0,15.0,0.0,15.0,0.0,0.0,0.0,0.0,0.0,307.0,0.0,0.0,0.0,0.0,0.0,0.0,15.0,0.0,0.0,0.0,0.0,0.0,0.0,12.0,0.0,0.0,0.0,0.0,0.0,0.0,279.0,0.0,0.0,0.0,0.0,0.0,0.0,7059.0,0.0,0.0,0.0,0.0,0.0,0.0
S00238_FORA_PONTA,0, ,4217.0," ""GERAL""       ",50005.0,2202.0,3835.0,3839.0,51861.0,3117.0,4040.0,4047.0,0.0,0.0,1297.0,1127.0,2171.0,5224.0,113.0,276.0,215.0,-142.0,1956.0,5366.0,21.0,94.0,96.0,2074.0,96.0,0.0,96.0,0.0,0.0,0.0,0.0,0.0,2171.0,0.0,0.0,0.0,0.0,0.0,0.0,96.0,0.0,0.0,0.0,0.0,0.0,0.0,119.0,0.0,0.0,0.0,0.0,0.0,0.0,1956.0,0.0,0.0,0.0,0.0,0.0,0.0,51861.0,0.0,0.0,0.0,0.0,0.0,0.0
S00239_PONTA,0, ,4220.0," ""GERAL""       ",7049.0,250.0,2554.0,2556.0,6745.0,407.0,2453.0,2456.0,0.0,0.0,185.0,161.0,304.0,721.0,102.0,243.0,24.0,-46.0,280.0,767.0,9.0,93.0,13.0,290.0,13.0,0.0,13.0,0.0,0.0,0.0,0.0,0.0,304.0,0.0,0.0,0.0,0.0,0.0,0.0,13.0,0.0,0.0,0.0,0.0,0.0,0.0,11.0,0.0,0.0,0.0,0.0,0.0,0.0,280.0,0.0,0.0,0.0,0.0,0.0,0.0,6745.0,0.0,0.0,0.0,0.0,0.0,0.0
S00240_FORA_PONTA,0, ,4241.0," ""GERAL""       ",48483.0,1664.0,3398.0,3400.0,47061.0,2782.0,3374.0,3377.0,0.0,0.0,1298.0,1127.0,2121.0,5029.0,107.0,253.0,162.0,-344.0,1959.0,5373.0,15.0,94.0,89.0,2032.0,89.0,0.0,89.0,0.0,0.0,0.0,0.0,0.0,2121.0,0.0,0.0,0.0,0.0,0.0,0.0,89.0,0.0,0.0,0.0,0.0,0.0,0.0,73.0,0.0,0.0,0.0,0.0,0.0,0.0,1959.0,0.0,0.0,0.0,0.0,0.0,0.0,47061.0,0.0,0.0,0.0,0.0,0.0,0.0
S00241_PONTA,0, ,4244.0," ""GERAL""       ",6653.0,192.0,2386.0,2388.0,6351.0,357.0,2286.0,2289.0,0.0,0.0,186.0,161.0,302.0,715.0,101.0,240.0,21.0,-53.0,280.0,769.0,8.0,94.0,12.0,290.0,12.0,0.0,12.0,0.0,0.0,0.0,0.0,0.0,302.0,0.0,0.0,0.0,0.0,0.0,0.0,12.0,0.0,0.0,0.0,0.0,0.0,0.0,10.0,0.0,0.0,0.0,0.0,0.0,0.0,280.0,0.0,0.0,0.0,0.0,0.0,0.0,6351.0,0.0,0.0,0.0,0.0,0.0,0.0
S00242_FORA_PONTA,0, ,4265.0," ""GERAL""       ",52307.0,2019.0,4276.0,4279.0,52558.0,2974.0,4265.0,4269.0,0.0,0.0,1297.0,1126.0,2169.0,5177.0,114.0,272.0,215.0,-183.0,1954.0,5360.0,23.0,94.0,112.0,2057.0,112.0,0.0,112.0,0.0,0.0,0.0,0.0,0.0,2169.0,0.0,0.0,0.0,0.0,0.0,0.0,112.0,0.0,0.0,0.0,0.0,0.0,0.0,104.0,0.0,0.0,0.0,0.0,0.0,0.0,1954.0,0.0,0.0,0.0,0.0,0.0,0.0,52558.0,0.0,0.0,0.0,0.0,0.0,0.0
S00243_PONTA,0, ,4268.0," ""GERAL""       ",6665.0,193.0,2526.0,2527.0,6363.0,358.0,2424.0,2427.0,0.0,0.0,185.0,161.0,302.0,714.0,101.0,240.0,21.0,-54.0,280.0,769.0,8.0,94.0,12.0,289.0,12.0,0.0,12.0,0.0,0.0,0.0,0.0,0.0,302.0,0.0,0.0,0.0,0.0,0.0,0.0,12.0,0.0,0.0,0.0,0.0,0.0,0.0,9.0,0.0,0.0,0.0,0.0,0.0,0.0,280.0,0.0,0.0,0.0,0.0,0.0,0.0,6363.0,0.0,0.0,0.0,0.0,0.0,0.0
S00244_FORA_PONTA,0, ,4337.0," ""GERAL""       ",122016.0,4010.0,3713.0,3719.0,120234.0,7941.0,4011.0,4017.0,0.0,0.0,4274.0,3708.0,6883.0,16386.0,114.0,286.0,405.0,-1388.0,6478.0,17774.0,22.0,95.0,193.0,6690.0,193.0,0.0,193.0,0.0,0.0,0.0,0.0,0.0,6883.0,0.0,0.0,0.0,0.0,0.0,0.0,193.0,0.0,0.0,0.0,0.0,0.0,0.0,212.0,0.0,0.0,0.0,0.0,0.0,0.0,6478.0,0.0,0.0,0.0,0.0,0.0,0.0,120234.0,0.0,0.0,0.0,0.0,0.0,0.0
S00245_PONTA,0, ,4340.0," ""GERAL""       ",7373.0,176.0,2653.0,2654.0,7066.0,324.0,2550.0,2553.0,0.0,0.0,185.0,161.0,306.0,729.0,103.0,245.0,27.0,-37.0,279.0,767.0,10.0,93.0,15.0,292.0,15.0,0.0,15.0,0.0,0.0,0.0,0.0,0.0,306.0,0.0,0.0,0.0,0.0,0.0,0.0,15.0,0.0,0.0,0.0,0.0,0.0,0.0,12.0,0.0,0.0,0.0,0.0,0.0,0.0,279.0,0.0,0.0,0.0,0.0,0.0,0.0,7066.0,0.0,0.0,0.0,0.0,0.0,0.0
S00246_FORA_PONTA,0, ,4361.0," ""GERAL""       ",55433.0,2319.0,4022.0,4027.0,57012.0,3135.0,4372.0,4377.0,0.0,0.0,1296.0,1126.0,2202.0,5305.0,117.0,296.0,252.0,-44.0,1950.0,5350.0,25.0,94.0,117.0,2085.0,117.0,0.0,117.0,0.0,0.0,0.0,0.0,0.0,2202.0,0.0,0.0,0.0,0.0,0.0,0.0,117.0,0.0,0.0,0.0,0.0,0.0,0.0,135.0,0.0,0.0,0.0,0.0,0.0,0.0,1950.0,0.0,0.0,0.0,0.0,0.0,0.0,57012.0,0.0,0.0,0.0,0.0,0.0,0.0
S00247_PONTA,0, ,4364.0," ""GERAL""       ",7838.0,258.0,2909.0,2912.0,7528.0,396.0,2806.0,2811.0,0.0,0.0,185.0,161.0,309.0,737.0,104.0,247.0,31.0,-28.0,279.0,765.0,11.0,93.0,16.0,293.0,16.0,0.0,16.0,0.0,0.0,0.0,0.0,0.0,309.0,0.0,0.0,0.0,0.0,0.0,0.0,16.0,0.0,0.0,0.0,0.0,0.0,0.0,14.0,0.0,0.0,0.0,0.0,0.0,0.0,279.0,0.0,0.0,0.0,0.0,0.0,0.0,7528.0,0.0,0.0,0.0,0.0,0.0,0.0
S00248_FORA_PONTA,0, ,4385.0," ""GERAL""       ",57534.0,2121.0,4161.0,4165.0,59506.0,2860.0,4495.0,4499.0,0.0,0.0,1296.0,1126.0,2225.0,5377.0,117.0,297.0,277.0,33.0,1948.0,5345.0,26.0,94.0,130.0,2095.0,130.0,0.0,130.0,0.0,0.0,0.0,0.0,0.0,2225.0,0.0,0.0,0.0,0.0,0.0,0.0,130.0,0.0,0.0,0.0,0.0,0.0,0.0,148.0,0.0,0.0,0.0,0.0,0.0,0.0,1948.0,0.0,0.0,0.0,0.0,0.0,0.0,59506.0,0.0,0.0,0.0,0.0,0.0,0.0
S00249_PONTA,0, ,4388.0," ""GERAL""       ",8895.0,352.0,3178.0,3179.0,8578.0,468.0,3072.0,3075.0,0.0,0.0,185.0,161.0,317.0,755.0,106.0,253.0,40.0,-6.0,277.0,761.0,14.0,93.0,23.0,294.0,23.0,0.0,23.0,0.0,0.0,0.0,0.0,0.0,317.0,0.0,0.0,0.0,0.0,0.0,0.0,23.0,0.0,0.0,0.0,0.0,0.0,0.0,17.0,0.0,0.0,0.0,0.0,0.0,0.0,277.0,0.0,0.0,0.0,0.0,0.0,0.0,8578.0,0.0,0.0,0.0,0.0,0.0,0.0
S00250_FORA_PONTA,0, ,4409.0," ""GERAL""       ",55683.0,2261.0,4137.0,4140.0,56963.0,3096.0,4344.0,4349.0,0.0,0.0,1296.0,1126.0,2198.0,5287.0,115.0,285.0,248.0,-63.0,1949.0,5349.0,24.0,94.0,119.0,2079.0,119.0,0.0,119.0,0.0,0.0,0.0,0.0,0.0,2198.0,0.0,0.0,0.0,0.0,0.0,0.0,119.0,0.0,0.0,0.0,0.0,0.0,0.0,130.0,0.0,0.0,0.0,0.0,0.0,0.0,1949.0,0.0,0.0,0.0,0.0,0.0,0.0,56963.0,0.0,0.0,0.0,0.0,0.0,0.0
S00251_PONTA,0, ,4412.0," ""GERAL""       ",7313.0,136.0,2673.0,2674.0,7008.0,288.0,2571.0,2574.0,0.0,0.0,185.0,161.0,305.0,726.0,102.0,244.0,26.0,-41.0,280.0,767.0,9.0,94.0,14.0,292.0,14.0,0.0,14.0,0.0,0.0,0.0,0.0,0.0,305.0,0.0,0.0,0.0,0.0,0.0,0.0,14.0,0.0,0.0,0.0,0.0,0.0,0.0,12.0,0.0,0.0,0.0,0.0,0.0,0.0,280.0,0.0,0.0,0.0,0.0,0.0,0.0,7008.0,0.0,0.0,0.0,0.0,0.0,0.0
S00252_FORA_PONTA,0, ,4433.0," ""GERAL""       ",50589.0,1726.0,4159.0,4162.0,51365.0,2687.0,4233.0,4236.0,0.0,0.0,1297.0,1127.0,2161.0,5179.0,113.0,273.0,205.0,-188.0,1956.0,5367.0,22.0,94.0,99.0,2062.0,99.0,0.0,99.0,0.0,0.0,0.0,0.0,0.0,2161.0,0.0,0.0,0.0,0.0,0.0,0.0,99.0,0.0,0.0,0.0,0.0,0.0,0.0,106.0,0.0,0.0,0.0,0.0,0.0,0.0,1956.0,0.0,0.0,0.0,0.0,0.0,0.0,51365.0,0.0,0.0,0.0,0.0,0.0,0.0
S00253_PONTA,0, ,4436.0," ""GERAL""       ",6065.0,79.0,2186.0,2186.0,5766.0,252.0,2086.0,2087.0,0.0,0.0,186.0,161.0,299.0,708.0,100.0,237.0,18.0,-63.0,281.0,771.0,7.0,94.0,10.0,289.0,10.0,0.0,10.0,0.0,0.0,0.0,0.0,0.0,299.0,0.0,0.0,0.0,0.0,0.0,0.0,10.0,0.0,0.0,0.0,0.0,0.0,0.0,8.0,0.0,0.0,0.0,0.0,0.0,0.0,281.0,0.0,0.0,0.0,0.0,0.0,0.0,5766.0,0.0,0.0,0.0,0.0,0.0,0.0
S00254_FORA_PONTA,0, ,4505.0," ""GERAL""       ",114850.0,3816.0,3899.0,3902.0,116023.0,7757.0,3920.0,3924.0,0.0,0.0,4275.0,3709.0,6885.0,16398.0,110.0,264.0,399.0,-1398.0,6486.0,17796.0,19.0,95.0,185.0,6700.0,185.0,0.0,185.0,0.0,0.0,0.0,0.0,0.0,6885.0,0.0,0.0,0.0,0.0,0.0,0.0,185.0,0.0,0.0,0.0,0.0,0.0,0.0,214.0,0.0,0.0,0.0,0.0,0.0,0.0,6486.0,0.0,0.0,0.0,0.0,0.0,0.0,116023.0,0.0,0.0,0.0,0.0,0.0,0.0
S00255_PONTA,0, ,4508.0," ""GERAL""       ",6623.0,143.0,2445.0,2446.0,6322.0,307.0,2344.0,2346.0,0.0,0.0,186.0,161.0,301.0,715.0,101.0,240.0,21.0,-54.0,280.0,769.0,8.0,94.0,12.0,290.0,12.0,0.0,12.0,0.0,0.0,0.0,0.0,0.0,301.0,0.0,0.0,0.0,0.0,0.0,0.0,12.0,0.0,0.0,0.0,0.0,0.0,0.0,10.0,0.0,0.0,0.0,0.0,0.0,0.0,280.0,0.0,0.0,0.0,0.0,0.0,0.0,6322.0,0.0,0.0,0.0,0.0,0.0,0.0
S00256_FORA_PONTA,0, ,4529.0," ""GERAL""       ",42160.0,1563.0,3151.0,3153.0,43820.0,2643.0,3277.0,3282.0,0.0,0.0,1299.0,1128.0,2122.0,5088.0,107.0,264.0,156.0,-306.0,1966.0,5393.0,14.0,94.0,67.0,2055.0,67.0,0.0,67.0,0.0,0.0,0.0,0.0,0.0,2122.0,0.0,0.0,0.0,0.0,0.0,0.0,67.0,0.0,0.0,0.0,0.0,0.0,0.0,90.0,0.0,0.0,0.0,0.0,0.0,0.0,1966.0,0.0,0.0,0.0,0.0,0.0,0.0,43820.0,0.0,0.0,0.0,0.0,0.0,0.0
S00257_PONTA,0, ,4532.0," ""GERAL""       ",6009.0,169.0,2174.0,2175.0,5710.0,343.0,2074.0,2078.0,0.0,0.0,186.0,161.0,299.0,707.0,100.0,237.0,18.0,-64.0,281.0,771.0,7.0,94.0,10.0,289.0,10.0,0.0,10.0,0.0,0.0,0.0,0.0,0.0,299.0,0.0,0.0,0.0,0.0,0.0,0.0,10.0,0.0,0.0,0.0,0.0,0.0,0.0,8.0,0.0,0.0,0.0,0.0,0.0,0.0,281.0,0.0,0.0,0.0,0.0,0.0,0.0,5710.0,0.0,0.0,0.0,0.0,0.0,0.0
S00258_FORA_PONTA,0, ,4553.0," ""GERAL""       ",50930.0,1817.0,3877.0,3879.0,49288.0,2879.0,3815.0,3819.0,0.0,0.0,1297.0,1126.0,2140.0,5076.0,110.0,263.0,185.0,-289.0,1955.0,5365.0,19.0,94.0,102.0,2038.0,102.0,0.0,102.0,0.0,0.0,0.0,0.0,0.0,2140.0,0.0,0.0,0.0,0.0,0.0,0.0,102.0,0.0,0.0,0.0,0.0,0.0,0.0,83.0,0.0,0.0,0.0,0.0,0.0,0.0,1955.0,0.0,0.0,0.0,0.0,0.0,0.0,49288.0,0.0,0.0,0.0,0.0,0.0,0.0
S00259_PONTA,0, ,4556.0," ""GERAL""       ",6490.0,159.0,2436.0,2437.0,6190.0,327.0,2335.0,2338.0,0.0,0.0,186.0,161.0,301.0,712.0,101.0,239.0,20.0,-57.0,280.0,769.0,8.0,94.0,11.0,289.0,11.0,0.0,11.0,0.0,0.0,0.0,0.0,0.0,301.0,0.0,0.0,0.0,0.0,0.0,0.0,11.0,0.0,0.0,0.0,0.0,0.0,0.0,9.0,0.0,0.0,0.0,0.0,0.0,0.0,280.0,0.0,0.0,0.0,0.0,0.0,0.0,6190.0,0.0,0.0,0.0,0.0,0.0,0.0
S00260_FORA_PONTA,0, ,4577.0," ""GERAL""       ",46041.0,1756.0,3551.0,3553.0,46673.0,2806.0,3540.0,3544.0,0.0,0.0,1298.0,1127.0,2133.0,5104.0,108.0,269.0,172.0,-277.0,1961.0,5381.0,16.0,94.0,82.0,2051.0,82.0,0.0,82.0,0.0,0.0,0.0,0.0,0.0,2133.0,0.0,0.0,0.0,0.0,0.0,0.0,82.0,0.0,0.0,0.0,0.0,0.0,0.0,90.0,0.0,0.0,0.0,0.0,0.0,0.0,1961.0,0.0,0.0,0.0,0.0,0.0,0.0,46673.0,0.0,0.0,0.0,0.0,0.0,0.0
S00261_PONTA,0, ,4580.0," ""GERAL""       ",5990.0,166.0,2166.0,2167.0,5692.0,340.0,2066.0,2069.0,0.0,0.0,186.0,161.0,299.0,708.0,100.0,237.0,18.0,-63.0,281.0,771.0,6.0,94.0,10.0,289.0,10.0,0.0,10.0,0.0,0.0,0.0,0.0,0.0,299.0,0.0,0.0,0.0,0.0,0.0,0.0,10.0,0.0,0.0,0.0,0.0,0.0,0.0,8.0,0.0,0.0,0.0,0.0,0.0,0.0,281.0,0.0,0.0,0.0,0.0,0.0,0.0,5692.0,0.0,0.0,0.0,0.0,0.0,0.0
S00262_FORA_PONTA,0, ,4601.0," ""GERAL""       ",42334.0,1479.0,3257.0,3259.0,42452.0,2629.0,3251.0,3255.0,0.0,0.0,1299.0,1128.0,2105.0,5017.0,106.0,261.0,139.0,-377.0,1966.0,5393.0,14.0,94.0,68.0,2037.0,68.0,0.0,68.0,0.0,0.0,0.0,0.0,0.0,2105.0,0.0,0.0,0.0,0.0,0.0,0.0,68.0,0.0,0.0,0.0,0.0,0.0,0.0,72.0,0.0,0.0,0.0,0.0,0.0,0.0,1966.0,0.0,0.0,0.0,0.0,0.0,0.0,42452.0,0.0,0.0,0.0,0.0,0.0,0.0
S00263_PONTA,0, ,4604.0," ""GERAL""       ",5255.0,79.0,1877.0,1877.0,4960.0,268.0,1778.0,1781.0,0.0,0.0,186.0,161.0,294.0,695.0,99.0,233.0,12.0,-78.0,282.0,773.0,5.0,94.0,7.0,287.0,7.0,0.0,7.0,0.0,0.0,0.0,0.0,0.0,294.0,0.0,0.0,0.0,0.0,0.0,0.0,7.0,0.0,0.0,0.0,0.0,0.0,0.0,5.0,0.0,0.0,0.0,0.0,0.0,0.0,282.0,0.0,0.0,0.0,0.0,0.0,0.0,4960.0,0.0,0.0,0.0,0.0,0.0,0.0
S00264_FORA_PONTA,0, ,4673.0," ""GERAL""       ",107274.0,2603.0,3260.0,3263.0,102213.0,6975.0,3255.0,3259.0,0.0,0.0,4277.0,3710.0,6763.0,15999.0,105.0,252.0,266.0,-1826.0,6497.0,17824.0,13.0,95.0,140.0,6624.0,140.0,0.0,140.0,0.0,0.0,0.0,0.0,0.0,6763.0,0.0,0.0,0.0,0.0,0.0,0.0,140.0,0.0,0.0,0.0,0.0,0.0,0.0,127.0,0.0,0.0,0.0,0.0,0.0,0.0,6497.0,0.0,0.0,0.0,0.0,0.0,0.0,102213.0,0.0,0.0,0.0,0.0,0.0,0.0
S00265_PONTA,0, ,4676.0," ""GERAL""       ",5550.0,161.0,2055.0,2055.0,5254.0,344.0,1956.0,1959.0,0.0,0.0,186.0,161.0,296.0,700.0,99.0,235.0,14.0,-72.0,281.0,772.0,6.0,94.0,8.0,288.0,8.0,0.0,8.0,0.0,0.0,0.0,0.0,0.0,296.0,0.0,0.0,0.0,0.0,0.0,0.0,8.0,0.0,0.0,0.0,0.0,0.0,0.0,6.0,0.0,0.0,0.0,0.0,0.0,0.0,281.0,0.0,0.0,0.0,0.0,0.0,0.0,5254.0,0.0,0.0,0.0,0.0,0.0,0.0
S00266_FORA_PONTA,0, ,4697.0," ""GERAL""       ",36205.0,1278.0,2672.0,2674.0,36778.0,2499.0,2691.0,2696.0,0.0,0.0,1301.0,1129.0,2083.0,4965.0,104.0,257.0,111.0,-447.0,1973.0,5412.0,10.0,94.0,48.0,2036.0,48.0,0.0,48.0,0.0,0.0,0.0,0.0,0.0,2083.0,0.0,0.0,0.0,0.0,0.0,0.0,48.0,0.0,0.0,0.0,0.0,0.0,0.0,63.0,0.0,0.0,0.0,0.0,0.0,0.0,1973.0,0.0,0.0,0.0,0.0,0.0,0.0,36778.0,0.0,0.0,0.0,0.0,0.0,0.0
S00267_PONTA,0, ,4700.0," ""GERAL""       ",4945.0,169.0,1721.0,1722.0,4651.0,360.0,1623.0,1628.0,0.0,0.0,186.0,161.0,294.0,693.0,98.0,232.0,12.0,-80.0,282.0,774.0,4.0,94.0,6.0,287.0,6.0,0.0,6.0,0.0,0.0,0.0,0.0,0.0,294.0,0.0,0.0,0.0,0.0,0.0,0.0,6.0,0.0,0.0,0.0,0.0,0.0,0.0,5.0,0.0,0.0,0.0,0.0,0.0,0.0,282.0,0.0,0.0,0.0,0.0,0.0,0.0,4651.0,0.0,0.0,0.0,0.0,0.0,0.0
S00268_FORA_PONTA,0, ,4721.0," ""GERAL""       ",33228.0,1287.0,2269.0,2270.0,32952.0,2586.0,2268.0,2273.0,0.0,0.0,1302.0,1129.0,2063.0,4896.0,102.0,250.0,87.0,-525.0,1976.0,5421.0,8.0,95.0,41.0,2022.0,41.0,0.0,41.0,0.0,0.0,0.0,0.0,0.0,2063.0,0.0,0.0,0.0,0.0,0.0,0.0,41.0,0.0,0.0,0.0,0.0,0.0,0.0,46.0,0.0,0.0,0.0,0.0,0.0,0.0,1976.0,0.0,0.0,0.0,0.0,0.0,0.0,32952.0,0.0,0.0,0.0,0.0,0.0,0.0
S00269_PONTA,0, ,4724.0," ""GERAL""       ",5422.0,280.0,1992.0,1995.0,5125.0,463.0,1893.0,1899.0,0.0,0.0,186.0,161.0,296.0,700.0,99.0,235.0,15.0,-72.0,281.0,772.0,6.0,94.0,9.0,287.0,9.0,0.0,9.0,0.0,0.0,0.0,0.0,0.0,296.0,0.0,0.0,0.0,0.0,0.0,0.0,9.0,0.0,0.0,0.0,0.0,0.0,0.0,6.0,0.0,0.0,0.0,0.0,0.0,0.0,281.0,0.0,0.0,0.0,0.0,0.0,0.0,5125.0,0.0,0.0,0.0,0.0,0.0,0.0
S00270_FORA_PONTA,0, ,4745.0," ""GERAL""       ",38610.0,1083.0,2618.0,2618.0,37677.0,2325.0,2676.0,2678.0,0.0,0.0,1300.0,1128.0,2081.0,4938.0,102.0,245.0,111.0,-468.0,1970.0,5406.0,9.0,95.0,57.0,2025.0,57.0,0.0,57.0,0.0,0.0,0.0,0.0,0.0,2081.0,0.0,0.0,0.0,0.0,0.0,0.0,57.0,0.0,0.0,0.0,0.0,0.0,0.0,54.0,0.0,0.0,0.0,0.0,0.0,0.0,1970.0,0.0,0.0,0.0,0.0,0.0,0.0,37677.0,0.0,0.0,0.0,0.0,0.0,0.0
S00271_PONTA,0, ,4748.0," ""GERAL""       ",5421.0,145.0,1954.0,1955.0,5126.0,330.0,1855.0,1859.0,0.0,0.0,186.0,161.0,295.0,698.0,99.0,234.0,14.0,-75.0,282.0,773.0,5.0,94.0,7.0,288.0,7.0,0.0,7.0,0.0,0.0,0.0,0.0,0.0,295.0,0.0,0.0,0.0,0.0,0.0,0.0,7.0,0.0,0.0,0.0,0.0,0.0,0.0,6.0,0.0,0.0,0.0,0.0,0.0,0.0,282.0,0.0,0.0,0.0,0.0,0.0,0.0,5126.0,0.0,0.0,0.0,0.0,0.0,0.0
S00272_FORA_PONTA,0, ,4769.0," ""GERAL""       ",38677.0,1166.0,2789.0,2790.0,37534.0,2434.0,2793.0,2795.0,0.0,0.0,1300.0,1128.0,2074.0,4911.0,103.0,248.0,104.0,-494.0,1970.0,5405.0,10.0,95.0,55.0,2019.0,55.0,0.0,55.0,0.0,0.0,0.0,0.0,0.0,2074.0,0.0,0.0,0.0,0.0,0.0,0.0,55.0,0.0,0.0,0.0,0.0,0.0,0.0,49.0,0.0,0.0,0.0,0.0,0.0,0.0,1970.0,0.0,0.0,0.0,0.0,0.0,0.0,37534.0,0.0,0.0,0.0,0.0,0.0,0.0
S00273_PONTA,0, ,4772.0," ""GERAL""       ",4660.0,75.0,1724.0,1725.0,4367.0,270.0,1627.0,1629.0,0.0,0.0,186.0,161.0,293.0,691.0,98.0,231.0,10.0,-84.0,283.0,775.0,4.0,94.0,6.0,287.0,6.0,0.0,6.0,0.0,0.0,0.0,0.0,0.0,293.0,0.0,0.0,0.0,0.0,0.0,0.0,6.0,0.0,0.0,0.0,0.0,0.0,0.0,4.0,0.0,0.0,0.0,0.0,0.0,0.0,283.0,0.0,0.0,0.0,0.0,0.0,0.0,4367.0,0.0,0.0,0.0,0.0,0.0,0.0
S00274_FORA_PONTA,0, ,4841.0," ""GERAL""       ",84183.0,2663.0,2479.0,2481.0,87969.0,6922.0,2517.0,2520.0,0.0,0.0,4283.0,3713.0,6785.0,16180.0,104.0,258.0,263.0,-1714.0,6522.0,17893.0,10.0,95.0,91.0,6693.0,91.0,0.0,91.0,0.0,0.0,0.0,0.0,0.0,6785.0,0.0,0.0,0.0,0.0,0.0,0.0,91.0,0.0,0.0,0.0,0.0,0.0,0.0,172.0,0.0,0.0,0.0,0.0,0.0,0.0,6522.0,0.0,0.0,0.0,0.0,0.0,0.0,87969.0,0.0,0.0,0.0,0.0,0.0,0.0
S00275_PONTA,0, ,4844.0," ""GERAL""       ",4525.0,179.0,1578.0,1580.0,4233.0,375.0,1481.0,1486.0,0.0,0.0,186.0,161.0,292.0,689.0,98.0,230.0,10.0,-86.0,282.0,775.0,4.0,94.0,5.0,287.0,5.0,0.0,5.0,0.0,0.0,0.0,0.0,0.0,292.0,0.0,0.0,0.0,0.0,0.0,0.0,5.0,0.0,0.0,0.0,0.0,0.0,0.0,4.0,0.0,0.0,0.0,0.0,0.0,0.0,282.0,0.0,0.0,0.0,0.0,0.0,0.0,4233.0,0.0,0.0,0.0,0.0,0.0,0.0
S00276_FORA_PONTA,0, ,4865.0," ""GERAL""       ",29710.0,722.0,2112.0,2112.0,30897.0,2005.0,2167.0,2170.0,0.0,0.0,1303.0,1130.0,2067.0,4927.0,103.0,252.0,86.0,-508.0,1981.0,5435.0,8.0,95.0,32.0,2035.0,32.0,0.0,32.0,0.0,0.0,0.0,0.0,0.0,2067.0,0.0,0.0,0.0,0.0,0.0,0.0,32.0,0.0,0.0,0.0,0.0,0.0,0.0,54.0,0.0,0.0,0.0,0.0,0.0,0.0,1981.0,0.0,0.0,0.0,0.0,0.0,0.0,30897.0,0.0,0.0,0.0,0.0,0.0,0.0
S00277_PONTA,0, ,4868.0," ""GERAL""       ",4340.0,4.0,1516.0,1516.0,4049.0,203.0,1418.0,1420.0,0.0,0.0,186.0,161.0,292.0,688.0,97.0,230.0,9.0,-89.0,283.0,777.0,3.0,94.0,5.0,287.0,5.0,0.0,5.0,0.0,0.0,0.0,0.0,0.0,292.0,0.0,0.0,0.0,0.0,0.0,0.0,5.0,0.0,0.0,0.0,0.0,0.0,0.0,4.0,0.0,0.0,0.0,0.0,0.0,0.0,283.0,0.0,0.0,0.0,0.0,0.0,0.0,4049.0,0.0,0.0,0.0,0.0,0.0,0.0
S00278_FORA_PONTA,0, ,4889.0," ""GERAL""       ",34781.0,407.0,2448.0,2448.0,33195.0,1744.0,2411.0,2414.0,0.0,0.0,1301.0,1129.0,2058.0,4860.0,101.0,240.0,82.0,-561.0,1976.0,5421.0,8.0,95.0,44.0,2014.0,44.0,0.0,44.0,0.0,0.0,0.0,0.0,0.0,2058.0,0.0,0.0,0.0,0.0,0.0,0.0,44.0,0.0,0.0,0.0,0.0,0.0,0.0,38.0,0.0,0.0,0.0,0.0,0.0,0.0,1976.0,0.0,0.0,0.0,0.0,0.0,0.0,33195.0,0.0,0.0,0.0,0.0,0.0,0.0
S00279_PONTA,0, ,4892.0," ""GERAL""       ",4622.0,100.0,1646.0,1646.0,4330.0,295.0,1548.0,1550.0,0.0,0.0,186.0,161.0,293.0,691.0,98.0,232.0,10.0,-84.0,283.0,775.0,4.0,94.0,6.0,287.0,6.0,0.0,6.0,0.0,0.0,0.0,0.0,0.0,293.0,0.0,0.0,0.0,0.0,0.0,0.0,6.0,0.0,0.0,0.0,0.0,0.0,0.0,5.0,0.0,0.0,0.0,0.0,0.0,0.0,283.0,0.0,0.0,0.0,0.0,0.0,0.0,4330.0,0.0,0.0,0.0,0.0,0.0,0.0
S00280_FORA_PONTA,0, ,4913.0," ""GERAL""       ",31721.0,1335.0,2408.0,2410.0,33501.0,2558.0,2488.0,2493.0,0.0,0.0,1302.0,1129.0,2081.0,4977.0,104.0,258.0,104.0,-448.0,1977.0,5425.0,10.0,95.0,37.0,2044.0,37.0,0.0,37.0,0.0,0.0,0.0,0.0,0.0,2081.0,0.0,0.0,0.0,0.0,0.0,0.0,37.0,0.0,0.0,0.0,0.0,0.0,0.0,67.0,0.0,0.0,0.0,0.0,0.0,0.0,1977.0,0.0,0.0,0.0,0.0,0.0,0.0,33501.0,0.0,0.0,0.0,0.0,0.0,0.0
S00281_PONTA,0, ,4916.0," ""GERAL""       ",4565.0,161.0,1610.0,1611.0,4273.0,357.0,1513.0,1516.0,0.0,0.0,186.0,161.0,292.0,689.0,98.0,231.0,10.0,-86.0,282.0,775.0,4.0,94.0,5.0,287.0,5.0,0.0,5.0,0.0,0.0,0.0,0.0,0.0,292.0,0.0,0.0,0.0,0.0,0.0,0.0,5.0,0.0,0.0,0.0,0.0,0.0,0.0,4.0,0.0,0.0,0.0,0.0,0.0,0.0,282.0,0.0,0.0,0.0,0.0,0.0,0.0,4273.0,0.0,0.0,0.0,0.0,0.0,0.0
S00282_FORA_PONTA,0, ,4937.0," ""GERAL""       ",31437.0,1191.0,2120.0,2123.0,31872.0,2500.0,2322.0,2327.0,0.0,0.0,1302.0,1129.0,2060.0,4892.0,102.0,248.0,82.0,-534.0,1978.0,5426.0,8.0,95.0,35.0,2025.0,35.0,0.0,35.0,0.0,0.0,0.0,0.0,0.0,2060.0,0.0,0.0,0.0,0.0,0.0,0.0,35.0,0.0,0.0,0.0,0.0,0.0,0.0,47.0,0.0,0.0,0.0,0.0,0.0,0.0,1978.0,0.0,0.0,0.0,0.0,0.0,0.0,31872.0,0.0,0.0,0.0,0.0,0.0,0.0
S00283_PONTA,0, ,4940.0," ""GERAL""       ",4740.0,155.0,1662.0,1663.0,4448.0,350.0,1564.0,1568.0,0.0,0.0,186.0,161.0,293.0,690.0,98.0,231.0,10.0,-84.0,282.0,774.0,4.0,94.0,6.0,287.0,6.0,0.0,6.0,0.0,0.0,0.0,0.0,0.0,293.0,0.0,0.0,0.0,0.0,0.0,0.0,6.0,0.0,0.0,0.0,0.0,0.0,0.0,5.0,0.0,0.0,0.0,0.0,0.0,0.0,282.0,0.0,0.0,0.0,0.0,0.0,0.0,4448.0,0.0,0.0,0.0,0.0,0.0,0.0
S00284_FORA_PONTA,0, ,5009.0," ""GERAL""       ",85393.0,2812.0,2327.0,2328.0,81966.0,7370.0,2312.0,2315.0,0.0,0.0,4282.0,3713.0,6713.0,15877.0,101.0,246.0,194.0,-2008.0,6519.0,17885.0,7.0,95.0,89.0,6624.0,89.0,0.0,89.0,0.0,0.0,0.0,0.0,0.0,6713.0,0.0,0.0,0.0,0.0,0.0,0.0,89.0,0.0,0.0,0.0,0.0,0.0,0.0,105.0,0.0,0.0,0.0,0.0,0.0,0.0,6519.0,0.0,0.0,0.0,0.0,0.0,0.0,81966.0,0.0,0.0,0.0,0.0,0.0,0.0
S00285_PONTA,0, ,5012.0," ""GERAL""       ",4554.0,64.0,1617.0,1618.0,4262.0,261.0,1520.0,1523.0,0.0,0.0,186.0,161.0,292.0,690.0,98.0,231.0,10.0,-86.0,283.0,776.0,4.0,94.0,5.0,287.0,5.0,0.0,5.0,0.0,0.0,0.0,0.0,0.0,292.0,0.0,0.0,0.0,0.0,0.0,0.0,5.0,0.0,0.0,0.0,0.0,0.0,0.0,4.0,0.0,0.0,0.0,0.0,0.0,0.0,283.0,0.0,0.0,0.0,0.0,0.0,0.0,4262.0,0.0,0.0,0.0,0.0,0.0,0.0
S00286_FORA_PONTA,0, ,5033.0," ""GERAL""       ",29094.0,960.0,1934.0,1935.0,31278.0,2188.0,2098.0,2100.0,0.0,0.0,1303.0,1130.0,2080.0,4982.0,105.0,261.0,99.0,-453.0,1981.0,5435.0,11.0,95.0,32.0,2048.0,32.0,0.0,32.0,0.0,0.0,0.0,0.0,0.0,2080.0,0.0,0.0,0.0,0.0,0.0,0.0,32.0,0.0,0.0,0.0,0.0,0.0,0.0,68.0,0.0,0.0,0.0,0.0,0.0,0.0,1981.0,0.0,0.0,0.0,0.0,0.0,0.0,31278.0,0.0,0.0,0.0,0.0,0.0,0.0
S00287_PONTA,0, ,5036.0," ""GERAL""       ",4699.0,112.0,1650.0,1652.0,4407.0,307.0,1553.0,1559.0,0.0,0.0,186.0,161.0,293.0,691.0,98.0,231.0,10.0,-84.0,282.0,775.0,4.0,94.0,6.0,287.0,6.0,0.0,6.0,0.0,0.0,0.0,0.0,0.0,293.0,0.0,0.0,0.0,0.0,0.0,0.0,6.0,0.0,0.0,0.0,0.0,0.0,0.0,5.0,0.0,0.0,0.0,0.0,0.0,0.0,282.0,0.0,0.0,0.0,0.0,0.0,0.0,4407.0,0.0,0.0,0.0,0.0,0.0,0.0
S00288_FORA_PONTA,0, ,5057.0," ""GERAL""       ",28768.0,959.0,1888.0,1888.0,30949.0,2184.0,1969.0,1971.0,0.0,0.0,1303.0,1130.0,2081.0,4985.0,105.0,259.0,99.0,-451.0,1981.0,5436.0,10.0,95.0,32.0,2049.0,32.0,0.0,32.0,0.0,0.0,0.0,0.0,0.0,2081.0,0.0,0.0,0.0,0.0,0.0,0.0,32.0,0.0,0.0,0.0,0.0,0.0,0.0,67.0,0.0,0.0,0.0,0.0,0.0,0.0,1981.0,0.0,0.0,0.0,0.0,0.0,0.0,30949.0,0.0,0.0,0.0,0.0,0.0,0.0
S00289_PONTA,0, ,5060.0," ""GERAL""       ",4802.0,194.0,1656.0,1658.0,4508.0,385.0,1558.0,1564.0,0.0,0.0,186.0,161.0,294.0,694.0,99.0,234.0,11.0,-80.0,282.0,774.0,5.0,94.0,6.0,287.0,6.0,0.0,6.0,0.0,0.0,0.0,0.0,0.0,294.0,0.0,0.0,0.0,0.0,0.0,0.0,6.0,0.0,0.0,0.0,0.0,0.0,0.0,5.0,0.0,0.0,0.0,0.0,0.0,0.0,282.0,0.0,0.0,0.0,0.0,0.0,0.0,4508.0,0.0,0.0,0.0,0.0,0.0,0.0
S00290_FORA_PONTA,0, ,5081.0," ""GERAL""       ",31934.0,1463.0,2292.0,2294.0,34054.0,2662.0,2486.0,2490.0,0.0,0.0,1302.0,1129.0,2087.0,4999.0,105.0,260.0,110.0,-425.0,1977.0,5424.0,11.0,95.0,39.0,2048.0,39.0,0.0,39.0,0.0,0.0,0.0,0.0,0.0,2087.0,0.0,0.0,0.0,0.0,0.0,0.0,39.0,0.0,0.0,0.0,0.0,0.0,0.0,71.0,0.0,0.0,0.0,0.0,0.0,0.0,1977.0,0.0,0.0,0.0,0.0,0.0,0.0,34054.0,0.0,0.0,0.0,0.0,0.0,0.0
S00291_PONTA,0, ,5084.0," ""GERAL""       ",4635.0,144.0,1619.0,1620.0,4342.0,339.0,1522.0,1525.0,0.0,0.0,186.0,161.0,292.0,691.0,98.0,231.0,10.0,-84.0,282.0,775.0,4.0,94.0,5.0,287.0,5.0,0.0,5.0,0.0,0.0,0.0,0.0,0.0,292.0,0.0,0.0,0.0,0.0,0.0,0.0,5.0,0.0,0.0,0.0,0.0,0.0,0.0,4.0,0.0,0.0,0.0,0.0,0.0,0.0,282.0,0.0,0.0,0.0,0.0,0.0,0.0,4342.0,0.0,0.0,0.0,0.0,0.0,0.0
S00292_FORA_PONTA,0, ,5105.0," ""GERAL""       ",30160.0,1094.0,1960.0,1962.0,30122.0,2425.0,1991.0,1995.0,0.0,0.0,1302.0,1129.0,2055.0,4874.0,101.0,245.0,76.0,-556.0,1979.0,5431.0,7.0,95.0,33.0,2022.0,33.0,0.0,33.0,0.0,0.0,0.0,0.0,0.0,2055.0,0.0,0.0,0.0,0.0,0.0,0.0,33.0,0.0,0.0,0.0,0.0,0.0,0.0,43.0,0.0,0.0,0.0,0.0,0.0,0.0,1979.0,0.0,0.0,0.0,0.0,0.0,0.0,30122.0,0.0,0.0,0.0,0.0,0.0,0.0
S00293_PONTA,0, ,5108.0," ""GERAL""       ",4381.0,152.0,1536.0,1539.0,4089.0,349.0,1438.0,1446.0,0.0,0.0,186.0,161.0,292.0,689.0,98.0,232.0,9.0,-86.0,283.0,776.0,4.0,94.0,5.0,287.0,5.0,0.0,5.0,0.0,0.0,0.0,0.0,0.0,292.0,0.0,0.0,0.0,0.0,0.0,0.0,5.0,0.0,0.0,0.0,0.0,0.0,0.0,4.0,0.0,0.0,0.0,0.0,0.0,0.0,283.0,0.0,0.0,0.0,0.0,0.0,0.0,4089.0,0.0,0.0,0.0,0.0,0.0,0.0
S00294_FORA_PONTA,0, ,5177.0," ""GERAL""       ",93845.0,3423.0,2715.0,2716.0,89397.0,7918.0,2675.0,2678.0,0.0,0.0,4280.0,3711.0,6731.0,15912.0,102.0,246.0,222.0,-1945.0,6509.0,17857.0,10.0,95.0,109.0,6622.0,109.0,0.0,109.0,0.0,0.0,0.0,0.0,0.0,6731.0,0.0,0.0,0.0,0.0,0.0,0.0,109.0,0.0,0.0,0.0,0.0,0.0,0.0,113.0,0.0,0.0,0.0,0.0,0.0,0.0,6509.0,0.0,0.0,0.0,0.0,0.0,0.0,89397.0,0.0,0.0,0.0,0.0,0.0,0.0
S00295_PONTA,0, ,5180.0," ""GERAL""       ",5570.0,171.0,1993.0,1994.0,5274.0,354.0,1894.0,1897.0,0.0,0.0,186.0,161.0,296.0,700.0,100.0,238.0,15.0,-72.0,281.0,772.0,6.0,94.0,8.0,288.0,8.0,0.0,8.0,0.0,0.0,0.0,0.0,0.0,296.0,0.0,0.0,0.0,0.0,0.0,0.0,8.0,0.0,0.0,0.0,0.0,0.0,0.0,6.0,0.0,0.0,0.0,0.0,0.0,0.0,281.0,0.0,0.0,0.0,0.0,0.0,0.0,5274.0,0.0,0.0,0.0,0.0,0.0,0.0
S00296_FORA_PONTA,0, ,5201.0," ""GERAL""       ",40686.0,1568.0,2790.0,2792.0,40292.0,2786.0,2811.0,2815.0,0.0,0.0,1300.0,1128.0,2087.0,4954.0,104.0,251.0,120.0,-443.0,1967.0,5397.0,12.0,94.0,61.0,2027.0,61.0,0.0,61.0,0.0,0.0,0.0,0.0,0.0,2087.0,0.0,0.0,0.0,0.0,0.0,0.0,61.0,0.0,0.0,0.0,0.0,0.0,0.0,59.0,0.0,0.0,0.0,0.0,0.0,0.0,1967.0,0.0,0.0,0.0,0.0,0.0,0.0,40292.0,0.0,0.0,0.0,0.0,0.0,0.0
S00297_PONTA,0, ,5204.0," ""GERAL""       ",5792.0,267.0,2115.0,2120.0,5495.0,443.0,2014.0,2023.0,0.0,0.0,186.0,161.0,298.0,705.0,101.0,242.0,17.0,-65.0,281.0,771.0,8.0,94.0,9.0,288.0,9.0,0.0,9.0,0.0,0.0,0.0,0.0,0.0,298.0,0.0,0.0,0.0,0.0,0.0,0.0,9.0,0.0,0.0,0.0,0.0,0.0,0.0,7.0,0.0,0.0,0.0,0.0,0.0,0.0,281.0,0.0,0.0,0.0,0.0,0.0,0.0,5495.0,0.0,0.0,0.0,0.0,0.0,0.0
S00298_FORA_PONTA,0, ,5225.0," ""GERAL""       ",35547.0,1464.0,2331.0,2332.0,36854.0,2667.0,2522.0,2525.0,0.0,0.0,1301.0,1129.0,2086.0,4984.0,105.0,261.0,113.0,-429.0,1973.0,5413.0,11.0,94.0,45.0,2040.0,45.0,0.0,45.0,0.0,0.0,0.0,0.0,0.0,2086.0,0.0,0.0,0.0,0.0,0.0,0.0,45.0,0.0,0.0,0.0,0.0,0.0,0.0,68.0,0.0,0.0,0.0,0.0,0.0,0.0,1973.0,0.0,0.0,0.0,0.0,0.0,0.0,36854.0,0.0,0.0,0.0,0.0,0.0,0.0
S00299_PONTA,0, ,5228.0," ""GERAL""       ",5592.0,254.0,1980.0,1984.0,5296.0,436.0,1881.0,1890.0,0.0,0.0,186.0,161.0,296.0,701.0,100.0,239.0,15.0,-71.0,281.0,771.0,7.0,94.0,8.0,288.0,8.0,0.0,8.0,0.0,0.0,0.0,0.0,0.0,296.0,0.0,0.0,0.0,0.0,0.0,0.0,8.0,0.0,0.0,0.0,0.0,0.0,0.0,7.0,0.0,0.0,0.0,0.0,0.0,0.0,281.0,0.0,0.0,0.0,0.0,0.0,0.0,5296.0,0.0,0.0,0.0,0.0,0.0,0.0
S00300_FORA_PONTA,0, ,5249.0," ""GERAL""       ",37742.0,1442.0,2573.0,2574.0,36846.0,2721.0,2629.0,2633.0,0.0,0.0,1300.0,1128.0,2069.0,4902.0,102.0,244.0,99.0,-504.0,1971.0,5406.0,9.0,94.0,50.0,2019.0,50.0,0.0,50.0,0.0,0.0,0.0,0.0,0.0,2069.0,0.0,0.0,0.0,0.0,0.0,0.0,50.0,0.0,0.0,0.0,0.0,0.0,0.0,49.0,0.0,0.0,0.0,0.0,0.0,0.0,1971.0,0.0,0.0,0.0,0.0,0.0,0.0,36846.0,0.0,0.0,0.0,0.0,0.0,0.0
S00301_PONTA,0, ,5252.0," ""GERAL""       ",5419.0,163.0,1908.0,1908.0,5123.0,347.0,1809.0,1812.0,0.0,0.0,186.0,161.0,296.0,699.0,99.0,236.0,14.0,-73.0,282.0,772.0,6.0,94.0,8.0,288.0,8.0,0.0,8.0,0.0,0.0,0.0,0.0,0.0,296.0,0.0,0.0,0.0,0.0,0.0,0.0,8.0,0.0,0.0,0.0,0.0,0.0,0.0,6.0,0.0,0.0,0.0,0.0,0.0,0.0,282.0,0.0,0.0,0.0,0.0,0.0,0.0,5123.0,0.0,0.0,0.0,0.0,0.0,0.0
S00302_FORA_PONTA,0, ,5273.0," ""GERAL""       ",39505.0,1707.0,2777.0,2781.0,39097.0,2943.0,2852.0,2858.0,0.0,0.0,1300.0,1128.0,2081.0,4938.0,103.0,250.0,113.0,-461.0,1968.0,5399.0,10.0,94.0,58.0,2024.0,58.0,0.0,58.0,0.0,0.0,0.0,0.0,0.0,2081.0,0.0,0.0,0.0,0.0,0.0,0.0,58.0,0.0,0.0,0.0,0.0,0.0,0.0,55.0,0.0,0.0,0.0,0.0,0.0,0.0,1968.0,0.0,0.0,0.0,0.0,0.0,0.0,39097.0,0.0,0.0,0.0,0.0,0.0,0.0
S00303_PONTA,0, ,5276.0," ""GERAL""       ",6328.0,175.0,2239.0,2240.0,6029.0,349.0,2139.0,2142.0,0.0,0.0,186.0,161.0,299.0,706.0,100.0,237.0,18.0,-63.0,281.0,770.0,7.0,94.0,10.0,289.0,10.0,0.0,10.0,0.0,0.0,0.0,0.0,0.0,299.0,0.0,0.0,0.0,0.0,0.0,0.0,10.0,0.0,0.0,0.0,0.0,0.0,0.0,8.0,0.0,0.0,0.0,0.0,0.0,0.0,281.0,0.0,0.0,0.0,0.0,0.0,0.0,6029.0,0.0,0.0,0.0,0.0,0.0,0.0
S00304_FORA_PONTA,0, ,5345.0," ""GERAL""       ",97020.0,4204.0,3108.0,3110.0,103207.0,8154.0,3327.0,3332.0,0.0,0.0,4279.0,3711.0,6864.0,16441.0,109.0,271.0,360.0,-1406.0,6504.0,17847.0,16.0,95.0,128.0,6736.0,128.0,0.0,128.0,0.0,0.0,0.0,0.0,0.0,6864.0,0.0,0.0,0.0,0.0,0.0,0.0,128.0,0.0,0.0,0.0,0.0,0.0,0.0,231.0,0.0,0.0,0.0,0.0,0.0,0.0,6504.0,0.0,0.0,0.0,0.0,0.0,0.0,103207.0,0.0,0.0,0.0,0.0,0.0,0.0
S00305_PONTA,0, ,5348.0," ""GERAL""       ",6225.0,228.0,2168.0,2168.0,5927.0,400.0,2068.0,2071.0,0.0,0.0,186.0,161.0,299.0,708.0,100.0,237.0,18.0,-62.0,281.0,770.0,6.0,94.0,10.0,289.0,10.0,0.0,10.0,0.0,0.0,0.0,0.0,0.0,299.0,0.0,0.0,0.0,0.0,0.0,0.0,10.0,0.0,0.0,0.0,0.0,0.0,0.0,8.0,0.0,0.0,0.0,0.0,0.0,0.0,281.0,0.0,0.0,0.0,0.0,0.0,0.0,5927.0,0.0,0.0,0.0,0.0,0.0,0.0
S00306_FORA_PONTA,0, ,5369.0," ""GERAL""       ",41651.0,1860.0,3055.0,3058.0,44020.0,2905.0,3253.0,3257.0,0.0,0.0,1299.0,1128.0,2129.0,5122.0,108.0,268.0,163.0,-272.0,1966.0,5393.0,16.0,94.0,65.0,2064.0,65.0,0.0,65.0,0.0,0.0,0.0,0.0,0.0,2129.0,0.0,0.0,0.0,0.0,0.0,0.0,65.0,0.0,0.0,0.0,0.0,0.0,0.0,98.0,0.0,0.0,0.0,0.0,0.0,0.0,1966.0,0.0,0.0,0.0,0.0,0.0,0.0,44020.0,0.0,0.0,0.0,0.0,0.0,0.0
S00307_PONTA,0, ,5372.0," ""GERAL""       ",5071.0,235.0,2105.0,2106.0,4776.0,421.0,2005.0,2010.0,0.0,0.0,186.0,161.0,295.0,698.0,100.0,236.0,13.0,-75.0,282.0,773.0,6.0,96.0,7.0,288.0,7.0,0.0,7.0,0.0,0.0,0.0,0.0,0.0,295.0,0.0,0.0,0.0,0.0,0.0,0.0,7.0,0.0,0.0,0.0,0.0,0.0,0.0,6.0,0.0,0.0,0.0,0.0,0.0,0.0,282.0,0.0,0.0,0.0,0.0,0.0,0.0,4776.0,0.0,0.0,0.0,0.0,0.0,0.0
S00308_FORA_PONTA,0, ,5393.0," ""GERAL""       ",39735.0,1472.0,2833.0,2835.0,41835.0,2565.0,2997.0,3000.0,0.0,0.0,1300.0,1128.0,2115.0,5081.0,107.0,266.0,146.0,-320.0,1969.0,5401.0,14.0,94.0,58.0,2057.0,58.0,0.0,58.0,0.0,0.0,0.0,0.0,0.0,2115.0,0.0,0.0,0.0,0.0,0.0,0.0,58.0,0.0,0.0,0.0,0.0,0.0,0.0,88.0,0.0,0.0,0.0,0.0,0.0,0.0,1969.0,0.0,0.0,0.0,0.0,0.0,0.0,41835.0,0.0,0.0,0.0,0.0,0.0,0.0
S00309_PONTA,0, ,5396.0," ""GERAL""       ",5968.0,261.0,2101.0,2107.0,5671.0,438.0,2000.0,2013.0,0.0,0.0,186.0,161.0,297.0,704.0,100.0,239.0,17.0,-66.0,281.0,770.0,7.0,94.0,9.0,288.0,9.0,0.0,9.0,0.0,0.0,0.0,0.0,0.0,297.0,0.0,0.0,0.0,0.0,0.0,0.0,9.0,0.0,0.0,0.0,0.0,0.0,0.0,7.0,0.0,0.0,0.0,0.0,0.0,0.0,281.0,0.0,0.0,0.0,0.0,0.0,0.0,5671.0,0.0,0.0,0.0,0.0,0.0,0.0
S00310_FORA_PONTA,0, ,5417.0," ""GERAL""       ",44945.0,1671.0,3301.0,3302.0,44236.0,2829.0,3353.0,3356.0,0.0,0.0,1299.0,1127.0,2107.0,5000.0,106.0,254.0,144.0,-383.0,1962.0,5384.0,14.0,95.0,77.0,2030.0,77.0,0.0,77.0,0.0,0.0,0.0,0.0,0.0,2107.0,0.0,0.0,0.0,0.0,0.0,0.0,77.0,0.0,0.0,0.0,0.0,0.0,0.0,67.0,0.0,0.0,0.0,0.0,0.0,0.0,1962.0,0.0,0.0,0.0,0.0,0.0,0.0,44236.0,0.0,0.0,0.0,0.0,0.0,0.0
S00311_PONTA,0, ,5420.0," ""GERAL""       ",6740.0,192.0,2380.0,2380.0,6440.0,360.0,2279.0,2281.0,0.0,0.0,185.0,161.0,300.0,711.0,101.0,240.0,20.0,-57.0,280.0,768.0,8.0,94.0,11.0,289.0,11.0,0.0,11.0,0.0,0.0,0.0,0.0,0.0,300.0,0.0,0.0,0.0,0.0,0.0,0.0,11.0,0.0,0.0,0.0,0.0,0.0,0.0,9.0,0.0,0.0,0.0,0.0,0.0,0.0,280.0,0.0,0.0,0.0,0.0,0.0,0.0,6440.0,0.0,0.0,0.0,0.0,0.0,0.0
S00312_FORA_PONTA,0, ,5441.0," ""GERAL""       ",27119.0,525.0,2078.0,2080.0,26575.0,1893.0,1979.0,1985.0,0.0,0.0,1303.0,1130.0,2048.0,4850.0,100.0,238.0,64.0,-593.0,1984.0,5443.0,6.0,95.0,28.0,2020.0,28.0,0.0,28.0,0.0,0.0,0.0,0.0,0.0,2048.0,0.0,0.0,0.0,0.0,0.0,0.0,28.0,0.0,0.0,0.0,0.0,0.0,0.0,36.0,0.0,0.0,0.0,0.0,0.0,0.0,1984.0,0.0,0.0,0.0,0.0,0.0,0.0,26575.0,0.0,0.0,0.0,0.0,0.0,0.0
S00313_PONTA,0, ,5444.0," ""GERAL""       ",4437.0,138.0,1546.0,1547.0,4144.0,331.0,1448.0,1452.0,0.0,0.0,186.0,161.0,293.0,693.0,98.0,232.0,11.0,-82.0,283.0,775.0,4.0,94.0,5.0,288.0,5.0,0.0,5.0,0.0,0.0,0.0,0.0,0.0,293.0,0.0,0.0,0.0,0.0,0.0,0.0,5.0,0.0,0.0,0.0,0.0,0.0,0.0,5.0,0.0,0.0,0.0,0.0,0.0,0.0,283.0,0.0,0.0,0.0,0.0,0.0,0.0,4144.0,0.0,0.0,0.0,0.0,0.0,0.0
S00314_FORA_PONTA,0, ,5513.0," ""GERAL""       ",90745.0,2796.0,2845.0,2847.0,92297.0,7097.0,2868.0,2872.0,0.0,0.0,4281.0,3712.0,6779.0,16118.0,104.0,256.0,265.0,-1754.0,6514.0,17873.0,10.0,95.0,108.0,6671.0,108.0,0.0,108.0,0.0,0.0,0.0,0.0,0.0,6779.0,0.0,0.0,0.0,0.0,0.0,0.0,108.0,0.0,0.0,0.0,0.0,0.0,0.0,157.0,0.0,0.0,0.0,0.0,0.0,0.0,6514.0,0.0,0.0,0.0,0.0,0.0,0.0,92297.0,0.0,0.0,0.0,0.0,0.0,0.0
S00315_PONTA,0, ,5516.0," ""GERAL""       ",6009.0,318.0,2081.0,2083.0,5711.0,491.0,1982.0,1987.0,0.0,0.0,186.0,161.0,298.0,708.0,101.0,240.0,18.0,-62.0,281.0,770.0,7.0,94.0,10.0,288.0,10.0,0.0,10.0,0.0,0.0,0.0,0.0,0.0,298.0,0.0,0.0,0.0,0.0,0.0,0.0,10.0,0.0,0.0,0.0,0.0,0.0,0.0,8.0,0.0,0.0,0.0,0.0,0.0,0.0,281.0,0.0,0.0,0.0,0.0,0.0,0.0,5711.0,0.0,0.0,0.0,0.0,0.0,0.0
S00316_FORA_PONTA,0, ,5537.0," ""GERAL""       ",44043.0,1726.0,3057.0,3058.0,42032.0,2909.0,2952.0,2956.0,0.0,0.0,1299.0,1127.0,2102.0,4977.0,105.0,252.0,139.0,-408.0,1963.0,5385.0,13.0,94.0,76.0,2025.0,76.0,0.0,76.0,0.0,0.0,0.0,0.0,0.0,2102.0,0.0,0.0,0.0,0.0,0.0,0.0,76.0,0.0,0.0,0.0,0.0,0.0,0.0,62.0,0.0,0.0,0.0,0.0,0.0,0.0,1963.0,0.0,0.0,0.0,0.0,0.0,0.0,42032.0,0.0,0.0,0.0,0.0,0.0,0.0
S00317_PONTA,0, ,5540.0," ""GERAL""       ",5970.0,235.0,2090.0,2091.0,5672.0,410.0,1991.0,1994.0,0.0,0.0,186.0,161.0,298.0,706.0,100.0,237.0,18.0,-64.0,281.0,770.0,7.0,94.0,10.0,289.0,10.0,0.0,10.0,0.0,0.0,0.0,0.0,0.0,298.0,0.0,0.0,0.0,0.0,0.0,0.0,10.0,0.0,0.0,0.0,0.0,0.0,0.0,8.0,0.0,0.0,0.0,0.0,0.0,0.0,281.0,0.0,0.0,0.0,0.0,0.0,0.0,5672.0,0.0,0.0,0.0,0.0,0.0,0.0
S00318_FORA_PONTA,0, ,5561.0," ""GERAL""       ",41542.0,1489.0,2859.0,2862.0,40371.0,2719.0,2862.0,2868.0,0.0,0.0,1300.0,1128.0,2085.0,4939.0,104.0,249.0,119.0,-456.0,1966.0,5395.0,11.0,94.0,64.0,2021.0,64.0,0.0,64.0,0.0,0.0,0.0,0.0,0.0,2085.0,0.0,0.0,0.0,0.0,0.0,0.0,64.0,0.0,0.0,0.0,0.0,0.0,0.0,55.0,0.0,0.0,0.0,0.0,0.0,0.0,1966.0,0.0,0.0,0.0,0.0,0.0,0.0,40371.0,0.0,0.0,0.0,0.0,0.0,0.0
S00319_PONTA,0, ,5564.0," ""GERAL""       ",5848.0,210.0,2037.0,2040.0,5551.0,389.0,1937.0,1944.0,0.0,0.0,186.0,161.0,297.0,703.0,100.0,237.0,16.0,-68.0,281.0,771.0,6.0,94.0,9.0,288.0,9.0,0.0,9.0,0.0,0.0,0.0,0.0,0.0,297.0,0.0,0.0,0.0,0.0,0.0,0.0,9.0,0.0,0.0,0.0,0.0,0.0,0.0,7.0,0.0,0.0,0.0,0.0,0.0,0.0,281.0,0.0,0.0,0.0,0.0,0.0,0.0,5551.0,0.0,0.0,0.0,0.0,0.0,0.0
S00320_FORA_PONTA,0, ,5585.0," ""GERAL""       ",35019.0,1814.0,2285.0,2286.0,37474.0,2962.0,2561.0,2565.0,0.0,0.0,1301.0,1129.0,2099.0,5040.0,106.0,264.0,126.0,-373.0,1973.0,5413.0,12.0,94.0,44.0,2054.0,44.0,0.0,44.0,0.0,0.0,0.0,0.0,0.0,2099.0,0.0,0.0,0.0,0.0,0.0,0.0,44.0,0.0,0.0,0.0,0.0,0.0,0.0,81.0,0.0,0.0,0.0,0.0,0.0,0.0,1973.0,0.0,0.0,0.0,0.0,0.0,0.0,37474.0,0.0,0.0,0.0,0.0,0.0,0.0
S00321_PONTA,0, ,5588.0," ""GERAL""       ",5604.0,279.0,2006.0,2008.0,5309.0,461.0,1907.0,1913.0,0.0,0.0,186.0,161.0,296.0,699.0,100.0,239.0,14.0,-72.0,281.0,771.0,7.0,94.0,8.0,288.0,8.0,0.0,8.0,0.0,0.0,0.0,0.0,0.0,296.0,0.0,0.0,0.0,0.0,0.0,0.0,8.0,0.0,0.0,0.0,0.0,0.0,0.0,6.0,0.0,0.0,0.0,0.0,0.0,0.0,281.0,0.0,0.0,0.0,0.0,0.0,0.0,5309.0,0.0,0.0,0.0,0.0,0.0,0.0
S00322_FORA_PONTA,0, ,5609.0," ""GERAL""       ",36530.0,1536.0,2487.0,2488.0,36853.0,2773.0,2482.0,2485.0,0.0,0.0,1301.0,1128.0,2079.0,4946.0,103.0,254.0,108.0,-463.0,1972.0,5409.0,10.0,95.0,49.0,2031.0,49.0,0.0,49.0,0.0,0.0,0.0,0.0,0.0,2079.0,0.0,0.0,0.0,0.0,0.0,0.0,49.0,0.0,0.0,0.0,0.0,0.0,0.0,59.0,0.0,0.0,0.0,0.0,0.0,0.0,1972.0,0.0,0.0,0.0,0.0,0.0,0.0,36853.0,0.0,0.0,0.0,0.0,0.0,0.0
S00323_PONTA,0, ,5612.0," ""GERAL""       ",5424.0,302.0,1899.0,1903.0,5130.0,488.0,1800.0,1810.0,0.0,0.0,186.0,161.0,294.0,696.0,99.0,234.0,13.0,-76.0,281.0,772.0,5.0,94.0,7.0,287.0,7.0,0.0,7.0,0.0,0.0,0.0,0.0,0.0,294.0,0.0,0.0,0.0,0.0,0.0,0.0,7.0,0.0,0.0,0.0,0.0,0.0,0.0,6.0,0.0,0.0,0.0,0.0,0.0,0.0,281.0,0.0,0.0,0.0,0.0,0.0,0.0,5130.0,0.0,0.0,0.0,0.0,0.0,0.0
S00324_FORA_PONTA,0, ,5681.0," ""GERAL""       ",94519.0,4244.0,2957.0,2960.0,95113.0,8514.0,3105.0,3109.0,0.0,0.0,4279.0,3711.0,6784.0,16129.0,105.0,258.0,277.0,-1723.0,6507.0,17852.0,12.0,96.0,116.0,6668.0,116.0,0.0,116.0,0.0,0.0,0.0,0.0,0.0,6784.0,0.0,0.0,0.0,0.0,0.0,0.0,116.0,0.0,0.0,0.0,0.0,0.0,0.0,161.0,0.0,0.0,0.0,0.0,0.0,0.0,6507.0,0.0,0.0,0.0,0.0,0.0,0.0,95113.0,0.0,0.0,0.0,0.0,0.0,0.0
S00325_PONTA,0, ,5684.0," ""GERAL""       ",6106.0,170.0,2112.0,2113.0,5809.0,347.0,2013.0,2015.0,0.0,0.0,186.0,161.0,298.0,704.0,100.0,236.0,17.0,-67.0,281.0,770.0,6.0,94.0,9.0,288.0,9.0,0.0,9.0,0.0,0.0,0.0,0.0,0.0,298.0,0.0,0.0,0.0,0.0,0.0,0.0,9.0,0.0,0.0,0.0,0.0,0.0,0.0,8.0,0.0,0.0,0.0,0.0,0.0,0.0,281.0,0.0,0.0,0.0,0.0,0.0,0.0,5809.0,0.0,0.0,0.0,0.0,0.0,0.0
S00326_FORA_PONTA,0, ,5705.0," ""GERAL""       ",41120.0,1798.0,2767.0,2771.0,43187.0,2879.0,3073.0,3079.0,0.0,0.0,1300.0,1128.0,2118.0,5088.0,108.0,270.0,152.0,-307.0,1966.0,5395.0,15.0,94.0,62.0,2057.0,62.0,0.0,62.0,0.0,0.0,0.0,0.0,0.0,2118.0,0.0,0.0,0.0,0.0,0.0,0.0,62.0,0.0,0.0,0.0,0.0,0.0,0.0,90.0,0.0,0.0,0.0,0.0,0.0,0.0,1966.0,0.0,0.0,0.0,0.0,0.0,0.0,43187.0,0.0,0.0,0.0,0.0,0.0,0.0
S00327_PONTA,0, ,5708.0," ""GERAL""       ",6856.0,271.0,2361.0,2362.0,6553.0,433.0,2260.0,2264.0,0.0,0.0,185.0,161.0,303.0,717.0,102.0,242.0,23.0,-51.0,280.0,768.0,9.0,93.0,13.0,290.0,13.0,0.0,13.0,0.0,0.0,0.0,0.0,0.0,303.0,0.0,0.0,0.0,0.0,0.0,0.0,13.0,0.0,0.0,0.0,0.0,0.0,0.0,10.0,0.0,0.0,0.0,0.0,0.0,0.0,280.0,0.0,0.0,0.0,0.0,0.0,0.0,6553.0,0.0,0.0,0.0,0.0,0.0,0.0
S00328_FORA_PONTA,0, ,5729.0," ""GERAL""       ",38812.0,1846.0,2902.0,2906.0,41122.0,2933.0,2952.0,2958.0,0.0,0.0,1300.0,1128.0,2117.0,5088.0,108.0,268.0,148.0,-313.0,1969.0,5402.0,15.0,94.0,57.0,2060.0,57.0,0.0,57.0,0.0,0.0,0.0,0.0,0.0,2117.0,0.0,0.0,0.0,0.0,0.0,0.0,57.0,0.0,0.0,0.0,0.0,0.0,0.0,91.0,0.0,0.0,0.0,0.0,0.0,0.0,1969.0,0.0,0.0,0.0,0.0,0.0,0.0,41122.0,0.0,0.0,0.0,0.0,0.0,0.0
S00329_PONTA,0, ,5732.0," ""GERAL""       ",5703.0,215.0,1970.0,1971.0,5407.0,396.0,1871.0,1875.0,0.0,0.0,186.0,161.0,296.0,701.0,100.0,239.0,15.0,-70.0,281.0,771.0,7.0,94.0,8.0,288.0,8.0,0.0,8.0,0.0,0.0,0.0,0.0,0.0,296.0,0.0,0.0,0.0,0.0,0.0,0.0,8.0,0.0,0.0,0.0,0.0,0.0,0.0,7.0,0.0,0.0,0.0,0.0,0.0,0.0,281.0,0.0,0.0,0.0,0.0,0.0,0.0,5407.0,0.0,0.0,0.0,0.0,0.0,0.0
S00330_FORA_PONTA,0, ,5753.0," ""GERAL""       ",36090.0,1646.0,2669.0,2670.0,38245.0,2789.0,2694.0,2698.0,0.0,0.0,1301.0,1129.0,2101.0,5042.0,106.0,264.0,129.0,-369.0,1972.0,5411.0,12.0,94.0,47.0,2053.0,47.0,0.0,47.0,0.0,0.0,0.0,0.0,0.0,2101.0,0.0,0.0,0.0,0.0,0.0,0.0,47.0,0.0,0.0,0.0,0.0,0.0,0.0,81.0,0.0,0.0,0.0,0.0,0.0,0.0,1972.0,0.0,0.0,0.0,0.0,0.0,0.0,38245.0,0.0,0.0,0.0,0.0,0.0,0.0
S00331_PONTA,0, ,5756.0," ""GERAL""       ",5389.0,192.0,1892.0,1894.0,5094.0,377.0,1792.0,1800.0,0.0,0.0,186.0,161.0,295.0,697.0,99.0,235.0,13.0,-75.0,282.0,772.0,6.0,94.0,7.0,287.0,7.0,0.0,7.0,0.0,0.0,0.0,0.0,0.0,295.0,0.0,0.0,0.0,0.0,0.0,0.0,7.0,0.0,0.0,0.0,0.0,0.0,0.0,6.0,0.0,0.0,0.0,0.0,0.0,0.0,282.0,0.0,0.0,0.0,0.0,0.0,0.0,5094.0,0.0,0.0,0.0,0.0,0.0,0.0
S00332_FORA_PONTA,0, ,5777.0," ""GERAL""       ",32975.0,1735.0,2306.0,2307.0,35202.0,2911.0,2402.0,2406.0,0.0,0.0,1301.0,1129.0,2091.0,5017.0,106.0,264.0,116.0,-402.0,1975.0,5419.0,12.0,94.0,40.0,2050.0,40.0,0.0,40.0,0.0,0.0,0.0,0.0,0.0,2091.0,0.0,0.0,0.0,0.0,0.0,0.0,40.0,0.0,0.0,0.0,0.0,0.0,0.0,75.0,0.0,0.0,0.0,0.0,0.0,0.0,1975.0,0.0,0.0,0.0,0.0,0.0,0.0,35202.0,0.0,0.0,0.0,0.0,0.0,0.0
S00333_PONTA,0, ,5780.0," ""GERAL""       ",4854.0,251.0,1718.0,1720.0,4561.0,443.0,1620.0,1628.0,0.0,0.0,186.0,161.0,293.0,692.0,98.0,233.0,11.0,-81.0,282.0,774.0,5.0,94.0,6.0,287.0,6.0,0.0,6.0,0.0,0.0,0.0,0.0,0.0,293.0,0.0,0.0,0.0,0.0,0.0,0.0,6.0,0.0,0.0,0.0,0.0,0.0,0.0,5.0,0.0,0.0,0.0,0.0,0.0,0.0,282.0,0.0,0.0,0.0,0.0,0.0,0.0,4561.0,0.0,0.0,0.0,0.0,0.0,0.0
S00334_FORA_PONTA,0, ,5849.0," ""GERAL""       ",82270.0,4571.0,2375.0,2377.0,85008.0,8916.0,2375.0,2380.0,0.0,0.0,4282.0,3713.0,6760.0,16088.0,104.0,258.0,241.0,-1797.0,6519.0,17886.0,9.0,95.0,87.0,6673.0,87.0,0.0,87.0,0.0,0.0,0.0,0.0,0.0,6760.0,0.0,0.0,0.0,0.0,0.0,0.0,87.0,0.0,0.0,0.0,0.0,0.0,0.0,154.0,0.0,0.0,0.0,0.0,0.0,0.0,6519.0,0.0,0.0,0.0,0.0,0.0,0.0,85008.0,0.0,0.0,0.0,0.0,0.0,0.0
S00335_PONTA,0, ,5852.0," ""GERAL""       ",5352.0,292.0,1842.0,1844.0,5057.0,478.0,1743.0,1751.0,0.0,0.0,186.0,161.0,294.0,696.0,99.0,235.0,13.0,-76.0,281.0,772.0,6.0,94.0,7.0,287.0,7.0,0.0,7.0,0.0,0.0,0.0,0.0,0.0,294.0,0.0,0.0,0.0,0.0,0.0,0.0,7.0,0.0,0.0,0.0,0.0,0.0,0.0,6.0,0.0,0.0,0.0,0.0,0.0,0.0,281.0,0.0,0.0,0.0,0.0,0.0,0.0,5057.0,0.0,0.0,0.0,0.0,0.0,0.0
S00336_FORA_PONTA,0, ,5873.0," ""GERAL""       ",38023.0,1969.0,2493.0,2496.0,37266.0,3238.0,2556.0,2562.0,0.0,0.0,1300.0,1128.0,2069.0,4908.0,102.0,243.0,100.0,-494.0,1969.0,5402.0,9.0,95.0,51.0,2018.0,51.0,0.0,51.0,0.0,0.0,0.0,0.0,0.0,2069.0,0.0,0.0,0.0,0.0,0.0,0.0,51.0,0.0,0.0,0.0,0.0,0.0,0.0,49.0,0.0,0.0,0.0,0.0,0.0,0.0,1969.0,0.0,0.0,0.0,0.0,0.0,0.0,37266.0,0.0,0.0,0.0,0.0,0.0,0.0
S00337_PONTA,0, ,5876.0," ""GERAL""       ",5651.0,355.0,2050.0,2054.0,5356.0,537.0,1951.0,1960.0,0.0,0.0,186.0,161.0,295.0,700.0,99.0,236.0,14.0,-71.0,281.0,771.0,6.0,94.0,8.0,287.0,8.0,0.0,8.0,0.0,0.0,0.0,0.0,0.0,295.0,0.0,0.0,0.0,0.0,0.0,0.0,8.0,0.0,0.0,0.0,0.0,0.0,0.0,7.0,0.0,0.0,0.0,0.0,0.0,0.0,281.0,0.0,0.0,0.0,0.0,0.0,0.0,5356.0,0.0,0.0,0.0,0.0,0.0,0.0
S00338_FORA_PONTA,0, ,5897.0," ""GERAL""       ",38399.0,2167.0,2613.0,2615.0,37315.0,3433.0,2598.0,2603.0,0.0,0.0,1300.0,1128.0,2072.0,4909.0,102.0,248.0,104.0,-490.0,1968.0,5399.0,9.0,94.0,54.0,2018.0,54.0,0.0,54.0,0.0,0.0,0.0,0.0,0.0,2072.0,0.0,0.0,0.0,0.0,0.0,0.0,54.0,0.0,0.0,0.0,0.0,0.0,0.0,50.0,0.0,0.0,0.0,0.0,0.0,0.0,1968.0,0.0,0.0,0.0,0.0,0.0,0.0,37315.0,0.0,0.0,0.0,0.0,0.0,0.0
S00339_PONTA,0, ,5900.0," ""GERAL""       ",5415.0,285.0,1905.0,1909.0,5120.0,471.0,1806.0,1815.0,0.0,0.0,186.0,161.0,295.0,696.0,99.0,234.0,13.0,-75.0,281.0,772.0,5.0,94.0,7.0,287.0,7.0,0.0,7.0,0.0,0.0,0.0,0.0,0.0,295.0,0.0,0.0,0.0,0.0,0.0,0.0,7.0,0.0,0.0,0.0,0.0,0.0,0.0,6.0,0.0,0.0,0.0,0.0,0.0,0.0,281.0,0.0,0.0,0.0,0.0,0.0,0.0,5120.0,0.0,0.0,0.0,0.0,0.0,0.0
S00340_FORA_PONTA,0, ,5921.0," ""GERAL""       ",37263.0,1701.0,2496.0,2497.0,35849.0,2985.0,2468.0,2471.0,0.0,0.0,1300.0,1128.0,2070.0,4897.0,101.0,240.0,99.0,-508.0,1970.0,5405.0,8.0,94.0,52.0,2018.0,52.0,0.0,52.0,0.0,0.0,0.0,0.0,0.0,2070.0,0.0,0.0,0.0,0.0,0.0,0.0,52.0,0.0,0.0,0.0,0.0,0.0,0.0,47.0,0.0,0.0,0.0,0.0,0.0,0.0,1970.0,0.0,0.0,0.0,0.0,0.0,0.0,35849.0,0.0,0.0,0.0,0.0,0.0,0.0
S00341_PONTA,0, ,5924.0," ""GERAL""       ",5396.0,148.0,1879.0,1882.0,5102.0,336.0,1781.0,1787.0,0.0,0.0,186.0,161.0,295.0,696.0,99.0,233.0,13.0,-77.0,282.0,773.0,5.0,94.0,7.0,287.0,7.0,0.0,7.0,0.0,0.0,0.0,0.0,0.0,295.0,0.0,0.0,0.0,0.0,0.0,0.0,7.0,0.0,0.0,0.0,0.0,0.0,0.0,6.0,0.0,0.0,0.0,0.0,0.0,0.0,282.0,0.0,0.0,0.0,0.0,0.0,0.0,5102.0,0.0,0.0,0.0,0.0,0.0,0.0
S00342_FORA_PONTA,0, ,5945.0," ""GERAL""       ",34661.0,1729.0,2256.0,2259.0,36082.0,2954.0,2485.0,2491.0,0.0,0.0,1301.0,1129.0,2080.0,4964.0,103.0,252.0,107.0,-450.0,1973.0,5414.0,10.0,94.0,44.0,2036.0,44.0,0.0,44.0,0.0,0.0,0.0,0.0,0.0,2080.0,0.0,0.0,0.0,0.0,0.0,0.0,44.0,0.0,0.0,0.0,0.0,0.0,0.0,63.0,0.0,0.0,0.0,0.0,0.0,0.0,1973.0,0.0,0.0,0.0,0.0,0.0,0.0,36082.0,0.0,0.0,0.0,0.0,0.0,0.0
S00343_PONTA,0, ,5948.0," ""GERAL""       ",5962.0,226.0,2088.0,2089.0,5665.0,406.0,1989.0,1993.0,0.0,0.0,186.0,161.0,297.0,701.0,99.0,235.0,16.0,-70.0,281.0,770.0,6.0,94.0,9.0,288.0,9.0,0.0,9.0,0.0,0.0,0.0,0.0,0.0,297.0,0.0,0.0,0.0,0.0,0.0,0.0,9.0,0.0,0.0,0.0,0.0,0.0,0.0,7.0,0.0,0.0,0.0,0.0,0.0,0.0,281.0,0.0,0.0,0.0,0.0,0.0,0.0,5665.0,0.0,0.0,0.0,0.0,0.0,0.0
S00344_FORA_PONTA,0, ,6017.0," ""GERAL""       ",91653.0,3630.0,2757.0,2759.0,93791.0,7876.0,2719.0,2723.0,0.0,0.0,4280.0,3712.0,6794.0,16164.0,104.0,256.0,283.0,-1700.0,6511.0,17864.0,11.0,95.0,116.0,6678.0,116.0,0.0,116.0,0.0,0.0,0.0,0.0,0.0,6794.0,0.0,0.0,0.0,0.0,0.0,0.0,116.0,0.0,0.0,0.0,0.0,0.0,0.0,167.0,0.0,0.0,0.0,0.0,0.0,0.0,6511.0,0.0,0.0,0.0,0.0,0.0,0.0,93791.0,0.0,0.0,0.0,0.0,0.0,0.0
S00345_PONTA,0, ,6020.0," ""GERAL""       ",5890.0,290.0,2088.0,2094.0,5592.0,467.0,1989.0,1999.0,0.0,0.0,186.0,161.0,298.0,705.0,100.0,238.0,17.0,-66.0,281.0,770.0,7.0,94.0,10.0,288.0,10.0,0.0,10.0,0.0,0.0,0.0,0.0,0.0,298.0,0.0,0.0,0.0,0.0,0.0,0.0,10.0,0.0,0.0,0.0,0.0,0.0,0.0,7.0,0.0,0.0,0.0,0.0,0.0,0.0,281.0,0.0,0.0,0.0,0.0,0.0,0.0,5592.0,0.0,0.0,0.0,0.0,0.0,0.0
S00346_FORA_PONTA,0, ,6041.0," ""GERAL""       ",34387.0,1654.0,2455.0,2456.0,36564.0,2812.0,2523.0,2531.0,0.0,0.0,1301.0,1129.0,2098.0,5032.0,106.0,267.0,124.0,-383.0,1974.0,5415.0,13.0,95.0,45.0,2053.0,45.0,0.0,45.0,0.0,0.0,0.0,0.0,0.0,2098.0,0.0,0.0,0.0,0.0,0.0,0.0,45.0,0.0,0.0,0.0,0.0,0.0,0.0,79.0,0.0,0.0,0.0,0.0,0.0,0.0,1974.0,0.0,0.0,0.0,0.0,0.0,0.0,36564.0,0.0,0.0,0.0,0.0,0.0,0.0
S00347_PONTA,0, ,6044.0," ""GERAL""       ",5447.0,219.0,1883.0,1884.0,5152.0,404.0,1784.0,1788.0,0.0,0.0,186.0,161.0,295.0,697.0,99.0,234.0,13.0,-75.0,281.0,772.0,5.0,94.0,7.0,287.0,7.0,0.0,7.0,0.0,0.0,0.0,0.0,0.0,295.0,0.0,0.0,0.0,0.0,0.0,0.0,7.0,0.0,0.0,0.0,0.0,0.0,0.0,6.0,0.0,0.0,0.0,0.0,0.0,0.0,281.0,0.0,0.0,0.0,0.0,0.0,0.0,5152.0,0.0,0.0,0.0,0.0,0.0,0.0
S00348_FORA_PONTA,0, ,6065.0," ""GERAL""       ",32050.0,1790.0,2014.0,2016.0,35184.0,2931.0,2210.0,2214.0,0.0,0.0,1302.0,1129.0,2099.0,5055.0,107.0,268.0,123.0,-367.0,1976.0,5422.0,13.0,94.0,38.0,2061.0,38.0,0.0,38.0,0.0,0.0,0.0,0.0,0.0,2099.0,0.0,0.0,0.0,0.0,0.0,0.0,38.0,0.0,0.0,0.0,0.0,0.0,0.0,85.0,0.0,0.0,0.0,0.0,0.0,0.0,1976.0,0.0,0.0,0.0,0.0,0.0,0.0,35184.0,0.0,0.0,0.0,0.0,0.0,0.0
S00349_PONTA,0, ,6068.0," ""GERAL""       ",5259.0,252.0,1848.0,1851.0,4964.0,437.0,1748.0,1756.0,0.0,0.0,186.0,161.0,295.0,698.0,99.0,235.0,13.0,-75.0,282.0,772.0,5.0,94.0,7.0,288.0,7.0,0.0,7.0,0.0,0.0,0.0,0.0,0.0,295.0,0.0,0.0,0.0,0.0,0.0,0.0,7.0,0.0,0.0,0.0,0.0,0.0,0.0,6.0,0.0,0.0,0.0,0.0,0.0,0.0,282.0,0.0,0.0,0.0,0.0,0.0,0.0,4964.0,0.0,0.0,0.0,0.0,0.0,0.0
S00350_FORA_PONTA,0, ,6089.0," ""GERAL""       ",31185.0,1890.0,1883.0,1884.0,34212.0,3049.0,2191.0,2195.0,0.0,0.0,1302.0,1129.0,2094.0,5038.0,106.0,267.0,117.0,-385.0,1977.0,5424.0,12.0,94.0,36.0,2058.0,36.0,0.0,36.0,0.0,0.0,0.0,0.0,0.0,2094.0,0.0,0.0,0.0,0.0,0.0,0.0,36.0,0.0,0.0,0.0,0.0,0.0,0.0,81.0,0.0,0.0,0.0,0.0,0.0,0.0,1977.0,0.0,0.0,0.0,0.0,0.0,0.0,34212.0,0.0,0.0,0.0,0.0,0.0,0.0
S00351_PONTA,0, ,6092.0," ""GERAL""       ",5234.0,218.0,1833.0,1835.0,4940.0,406.0,1734.0,1741.0,0.0,0.0,186.0,161.0,294.0,695.0,98.0,233.0,12.0,-77.0,282.0,773.0,5.0,94.0,7.0,287.0,7.0,0.0,7.0,0.0,0.0,0.0,0.0,0.0,294.0,0.0,0.0,0.0,0.0,0.0,0.0,7.0,0.0,0.0,0.0,0.0,0.0,0.0,6.0,0.0,0.0,0.0,0.0,0.0,0.0,282.0,0.0,0.0,0.0,0.0,0.0,0.0,4940.0,0.0,0.0,0.0,0.0,0.0,0.0
S00352_FORA_PONTA,0, ,6113.0," ""GERAL""       ",30974.0,1929.0,2014.0,2017.0,34240.0,3074.0,2286.0,2293.0,0.0,0.0,1302.0,1129.0,2096.0,5053.0,107.0,268.0,120.0,-371.0,1977.0,5424.0,12.0,94.0,35.0,2062.0,35.0,0.0,35.0,0.0,0.0,0.0,0.0,0.0,2096.0,0.0,0.0,0.0,0.0,0.0,0.0,35.0,0.0,0.0,0.0,0.0,0.0,0.0,85.0,0.0,0.0,0.0,0.0,0.0,0.0,1977.0,0.0,0.0,0.0,0.0,0.0,0.0,34240.0,0.0,0.0,0.0,0.0,0.0,0.0
S00353_PONTA,0, ,6116.0," ""GERAL""       ",4851.0,170.0,1674.0,1675.0,4558.0,363.0,1576.0,1580.0,0.0,0.0,186.0,161.0,293.0,691.0,98.0,231.0,11.0,-83.0,282.0,774.0,4.0,94.0,6.0,287.0,6.0,0.0,6.0,0.0,0.0,0.0,0.0,0.0,293.0,0.0,0.0,0.0,0.0,0.0,0.0,6.0,0.0,0.0,0.0,0.0,0.0,0.0,5.0,0.0,0.0,0.0,0.0,0.0,0.0,282.0,0.0,0.0,0.0,0.0,0.0,0.0,4558.0,0.0,0.0,0.0,0.0,0.0,0.0
S00354_FORA_PONTA,0, ,6185.0," ""GERAL""       ",86068.0,4723.0,2431.0,2433.0,87591.0,9068.0,2398.0,2402.0,0.0,0.0,4281.0,3712.0,6760.0,16075.0,105.0,261.0,245.0,-1798.0,6515.0,17874.0,10.0,95.0,95.0,6666.0,95.0,0.0,95.0,0.0,0.0,0.0,0.0,0.0,6760.0,0.0,0.0,0.0,0.0,0.0,0.0,95.0,0.0,0.0,0.0,0.0,0.0,0.0,151.0,0.0,0.0,0.0,0.0,0.0,0.0,6515.0,0.0,0.0,0.0,0.0,0.0,0.0,87591.0,0.0,0.0,0.0,0.0,0.0,0.0
S00355_PONTA,0, ,6188.0," ""GERAL""       ",5357.0,177.0,1864.0,1866.0,5061.0,361.0,1765.0,1771.0,0.0,0.0,186.0,161.0,296.0,699.0,99.0,234.0,14.0,-74.0,282.0,772.0,5.0,94.0,8.0,288.0,8.0,0.0,8.0,0.0,0.0,0.0,0.0,0.0,296.0,0.0,0.0,0.0,0.0,0.0,0.0,8.0,0.0,0.0,0.0,0.0,0.0,0.0,6.0,0.0,0.0,0.0,0.0,0.0,0.0,282.0,0.0,0.0,0.0,0.0,0.0,0.0,5061.0,0.0,0.0,0.0,0.0,0.0,0.0
S00356_FORA_PONTA,0, ,6209.0," ""GERAL""       ",34342.0,1857.0,2280.0,2284.0,35658.0,3085.0,2452.0,2459.0,0.0,0.0,1301.0,1129.0,2079.0,4960.0,105.0,260.0,105.0,-454.0,1973.0,5414.0,11.0,95.0,42.0,2036.0,42.0,0.0,42.0,0.0,0.0,0.0,0.0,0.0,2079.0,0.0,0.0,0.0,0.0,0.0,0.0,42.0,0.0,0.0,0.0,0.0,0.0,0.0,63.0,0.0,0.0,0.0,0.0,0.0,0.0,1973.0,0.0,0.0,0.0,0.0,0.0,0.0,35658.0,0.0,0.0,0.0,0.0,0.0,0.0
S00357_PONTA,0, ,6212.0," ""GERAL""       ",5291.0,324.0,1839.0,1844.0,4997.0,511.0,1741.0,1751.0,0.0,0.0,186.0,161.0,294.0,696.0,99.0,234.0,13.0,-76.0,281.0,772.0,5.0,94.0,7.0,287.0,7.0,0.0,7.0,0.0,0.0,0.0,0.0,0.0,294.0,0.0,0.0,0.0,0.0,0.0,0.0,7.0,0.0,0.0,0.0,0.0,0.0,0.0,6.0,0.0,0.0,0.0,0.0,0.0,0.0,281.0,0.0,0.0,0.0,0.0,0.0,0.0,4997.0,0.0,0.0,0.0,0.0,0.0,0.0
S00358_FORA_PONTA,0, ,6233.0," ""GERAL""       ",32989.0,2328.0,2091.0,2095.0,35784.0,3479.0,2434.0,2443.0,0.0,0.0,1301.0,1129.0,2095.0,5039.0,106.0,267.0,121.0,-376.0,1974.0,5415.0,13.0,95.0,39.0,2056.0,39.0,0.0,39.0,0.0,0.0,0.0,0.0,0.0,2095.0,0.0,0.0,0.0,0.0,0.0,0.0,39.0,0.0,0.0,0.0,0.0,0.0,0.0,83.0,0.0,0.0,0.0,0.0,0.0,0.0,1974.0,0.0,0.0,0.0,0.0,0.0,0.0,35784.0,0.0,0.0,0.0,0.0,0.0,0.0
S00359_PONTA,0, ,6236.0," ""GERAL""       ",5367.0,313.0,1872.0,1876.0,5072.0,499.0,1773.0,1783.0,0.0,0.0,186.0,161.0,294.0,696.0,99.0,236.0,13.0,-76.0,281.0,772.0,6.0,94.0,7.0,287.0,7.0,0.0,7.0,0.0,0.0,0.0,0.0,0.0,294.0,0.0,0.0,0.0,0.0,0.0,0.0,7.0,0.0,0.0,0.0,0.0,0.0,0.0,6.0,0.0,0.0,0.0,0.0,0.0,0.0,281.0,0.0,0.0,0.0,0.0,0.0,0.0,5072.0,0.0,0.0,0.0,0.0,0.0,0.0
S00360_FORA_PONTA,0, ,6257.0," ""GERAL""       ",35907.0,2523.0,2565.0,2570.0,37924.0,3685.0,2991.0,2998.0,0.0,0.0,1300.0,1128.0,2094.0,5018.0,107.0,265.0,123.0,-387.0,1970.0,5405.0,14.0,94.0,47.0,2047.0,47.0,0.0,47.0,0.0,0.0,0.0,0.0,0.0,2094.0,0.0,0.0,0.0,0.0,0.0,0.0,47.0,0.0,0.0,0.0,0.0,0.0,0.0,77.0,0.0,0.0,0.0,0.0,0.0,0.0,1970.0,0.0,0.0,0.0,0.0,0.0,0.0,37924.0,0.0,0.0,0.0,0.0,0.0,0.0
S00361_PONTA,0, ,6260.0," ""GERAL""       ",5601.0,301.0,1945.0,1950.0,5306.0,485.0,1847.0,1857.0,0.0,0.0,186.0,161.0,295.0,697.0,99.0,233.0,14.0,-74.0,281.0,771.0,5.0,94.0,7.0,287.0,7.0,0.0,7.0,0.0,0.0,0.0,0.0,0.0,295.0,0.0,0.0,0.0,0.0,0.0,0.0,7.0,0.0,0.0,0.0,0.0,0.0,0.0,6.0,0.0,0.0,0.0,0.0,0.0,0.0,281.0,0.0,0.0,0.0,0.0,0.0,0.0,5306.0,0.0,0.0,0.0,0.0,0.0,0.0
S00362_FORA_PONTA,0, ,6281.0," ""GERAL""       ",36961.0,2694.0,2562.0,2564.0,38157.0,3873.0,2767.0,2777.0,0.0,0.0,1300.0,1128.0,2090.0,4997.0,107.0,265.0,121.0,-403.0,1969.0,5401.0,13.0,94.0,49.0,2041.0,49.0,0.0,49.0,0.0,0.0,0.0,0.0,0.0,2090.0,0.0,0.0,0.0,0.0,0.0,0.0,49.0,0.0,0.0,0.0,0.0,0.0,0.0,72.0,0.0,0.0,0.0,0.0,0.0,0.0,1969.0,0.0,0.0,0.0,0.0,0.0,0.0,38157.0,0.0,0.0,0.0,0.0,0.0,0.0
S00363_PONTA,0, ,6284.0," ""GERAL""       ",5368.0,358.0,1897.0,1902.0,5074.0,545.0,1798.0,1810.0,0.0,0.0,186.0,161.0,294.0,695.0,99.0,235.0,13.0,-77.0,281.0,771.0,5.0,94.0,7.0,287.0,7.0,0.0,7.0,0.0,0.0,0.0,0.0,0.0,294.0,0.0,0.0,0.0,0.0,0.0,0.0,7.0,0.0,0.0,0.0,0.0,0.0,0.0,6.0,0.0,0.0,0.0,0.0,0.0,0.0,281.0,0.0,0.0,0.0,0.0,0.0,0.0,5074.0,0.0,0.0,0.0,0.0,0.0,0.0
S00364_FORA_PONTA,0, ,6353.0," ""GERAL""       ",88836.0,5404.0,2077.0,2080.0,87914.0,9807.0,2288.0,2294.0,0.0,0.0,4280.0,3712.0,6741.0,16006.0,105.0,261.0,231.0,-1854.0,6510.0,17860.0,11.0,95.0,95.0,6646.0,95.0,0.0,95.0,0.0,0.0,0.0,0.0,0.0,6741.0,0.0,0.0,0.0,0.0,0.0,0.0,95.0,0.0,0.0,0.0,0.0,0.0,0.0,136.0,0.0,0.0,0.0,0.0,0.0,0.0,6510.0,0.0,0.0,0.0,0.0,0.0,0.0,87914.0,0.0,0.0,0.0,0.0,0.0,0.0
S00365_PONTA,0, ,6356.0," ""GERAL""       ",5257.0,262.0,1815.0,1817.0,4963.0,448.0,1717.0,1722.0,0.0,0.0,186.0,161.0,294.0,697.0,98.0,234.0,13.0,-76.0,282.0,772.0,5.0,94.0,7.0,287.0,7.0,0.0,7.0,0.0,0.0,0.0,0.0,0.0,294.0,0.0,0.0,0.0,0.0,0.0,0.0,7.0,0.0,0.0,0.0,0.0,0.0,0.0,6.0,0.0,0.0,0.0,0.0,0.0,0.0,282.0,0.0,0.0,0.0,0.0,0.0,0.0,4963.0,0.0,0.0,0.0,0.0,0.0,0.0
S00366_FORA_PONTA,0, ,6377.0," ""GERAL""       ",32295.0,2173.0,2018.0,2021.0,35565.0,3302.0,2342.0,2346.0,0.0,0.0,1301.0,1129.0,2100.0,5063.0,107.0,269.0,125.0,-355.0,1975.0,5418.0,13.0,94.0,38.0,2062.0,38.0,0.0,38.0,0.0,0.0,0.0,0.0,0.0,2100.0,0.0,0.0,0.0,0.0,0.0,0.0,38.0,0.0,0.0,0.0,0.0,0.0,0.0,87.0,0.0,0.0,0.0,0.0,0.0,0.0,1975.0,0.0,0.0,0.0,0.0,0.0,0.0,35565.0,0.0,0.0,0.0,0.0,0.0,0.0
S00367_PONTA,0, ,6380.0," ""GERAL""       ",5195.0,221.0,1836.0,1837.0,4961.0,408.0,1737.0,1743.0,0.0,0.0,186.0,161.0,294.0,697.0,99.0,236.0,13.0,-76.0,282.0,773.0,5.0,94.0,7.0,287.0,7.0,0.0,7.0,0.0,0.0,0.0,0.0,0.0,294.0,0.0,0.0,0.0,0.0,0.0,0.0,7.0,0.0,0.0,0.0,0.0,0.0,0.0,6.0,0.0,0.0,0.0,0.0,0.0,0.0,282.0,0.0,0.0,0.0,0.0,0.0,0.0,4961.0,0.0,0.0,0.0,0.0,0.0,0.0
S00368_FORA_PONTA,0, ,6401.0," ""GERAL""       ",31753.0,1669.0,2160.0,2162.0,34682.0,2822.0,2279.0,2283.0,0.0,0.0,1302.0,1129.0,2095.0,5044.0,107.0,269.0,119.0,-379.0,1977.0,5423.0,13.0,95.0,36.0,2059.0,36.0,0.0,36.0,0.0,0.0,0.0,0.0,0.0,2095.0,0.0,0.0,0.0,0.0,0.0,0.0,36.0,0.0,0.0,0.0,0.0,0.0,0.0,82.0,0.0,0.0,0.0,0.0,0.0,0.0,1977.0,0.0,0.0,0.0,0.0,0.0,0.0,34682.0,0.0,0.0,0.0,0.0,0.0,0.0
S00369_PONTA,0, ,6404.0," ""GERAL""       ",5052.0,250.0,1736.0,1740.0,4813.0,439.0,1637.0,1648.0,0.0,0.0,186.0,161.0,294.0,695.0,99.0,234.0,12.0,-78.0,282.0,773.0,5.0,94.0,7.0,287.0,7.0,0.0,7.0,0.0,0.0,0.0,0.0,0.0,294.0,0.0,0.0,0.0,0.0,0.0,0.0,7.0,0.0,0.0,0.0,0.0,0.0,0.0,6.0,0.0,0.0,0.0,0.0,0.0,0.0,282.0,0.0,0.0,0.0,0.0,0.0,0.0,4813.0,0.0,0.0,0.0,0.0,0.0,0.0
S00370_FORA_PONTA,0, ,6425.0," ""GERAL""       ",31614.0,1962.0,1891.0,1892.0,35027.0,3093.0,2293.0,2298.0,0.0,0.0,1302.0,1129.0,2100.0,5064.0,107.0,271.0,124.0,-358.0,1976.0,5422.0,13.0,94.0,37.0,2064.0,37.0,0.0,37.0,0.0,0.0,0.0,0.0,0.0,2100.0,0.0,0.0,0.0,0.0,0.0,0.0,37.0,0.0,0.0,0.0,0.0,0.0,0.0,88.0,0.0,0.0,0.0,0.0,0.0,0.0,1976.0,0.0,0.0,0.0,0.0,0.0,0.0,35027.0,0.0,0.0,0.0,0.0,0.0,0.0
S00371_PONTA,0, ,6428.0," ""GERAL""       ",5033.0,224.0,1769.0,1771.0,4800.0,415.0,1671.0,1677.0,0.0,0.0,186.0,161.0,293.0,693.0,98.0,234.0,12.0,-80.0,282.0,773.0,4.0,94.0,6.0,287.0,6.0,0.0,6.0,0.0,0.0,0.0,0.0,0.0,293.0,0.0,0.0,0.0,0.0,0.0,0.0,6.0,0.0,0.0,0.0,0.0,0.0,0.0,5.0,0.0,0.0,0.0,0.0,0.0,0.0,282.0,0.0,0.0,0.0,0.0,0.0,0.0,4800.0,0.0,0.0,0.0,0.0,0.0,0.0
S00372_FORA_PONTA,0, ,6449.0," ""GERAL""       ",30955.0,1806.0,1933.0,1935.0,34337.0,2945.0,2259.0,2263.0,0.0,0.0,1302.0,1129.0,2099.0,5060.0,107.0,269.0,121.0,-365.0,1977.0,5425.0,13.0,95.0,35.0,2063.0,35.0,0.0,35.0,0.0,0.0,0.0,0.0,0.0,2099.0,0.0,0.0,0.0,0.0,0.0,0.0,35.0,0.0,0.0,0.0,0.0,0.0,0.0,86.0,0.0,0.0,0.0,0.0,0.0,0.0,1977.0,0.0,0.0,0.0,0.0,0.0,0.0,34337.0,0.0,0.0,0.0,0.0,0.0,0.0
S00373_PONTA,0, ,6452.0," ""GERAL""       ",4800.0,207.0,1685.0,1686.0,4564.0,399.0,1588.0,1592.0,0.0,0.0,186.0,161.0,293.0,693.0,98.0,234.0,11.0,-81.0,282.0,774.0,4.0,94.0,6.0,287.0,6.0,0.0,6.0,0.0,0.0,0.0,0.0,0.0,293.0,0.0,0.0,0.0,0.0,0.0,0.0,6.0,0.0,0.0,0.0,0.0,0.0,0.0,5.0,0.0,0.0,0.0,0.0,0.0,0.0,282.0,0.0,0.0,0.0,0.0,0.0,0.0,4564.0,0.0,0.0,0.0,0.0,0.0,0.0
S00374_FORA_PONTA,0, ,6521.0," ""GERAL""       ",85574.0,4495.0,1896.0,1898.0,90022.0,8732.0,2246.0,2253.0,0.0,0.0,4281.0,3712.0,6782.0,16187.0,107.0,270.0,266.0,-1690.0,6516.0,17877.0,13.0,95.0,89.0,6693.0,89.0,0.0,89.0,0.0,0.0,0.0,0.0,0.0,6782.0,0.0,0.0,0.0,0.0,0.0,0.0,89.0,0.0,0.0,0.0,0.0,0.0,0.0,177.0,0.0,0.0,0.0,0.0,0.0,0.0,6516.0,0.0,0.0,0.0,0.0,0.0,0.0,90022.0,0.0,0.0,0.0,0.0,0.0,0.0
S00375_PONTA,0, ,6524.0," ""GERAL""       ",5262.0,252.0,1874.0,1877.0,5023.0,439.0,1776.0,1783.0,0.0,0.0,186.0,161.0,294.0,695.0,98.0,234.0,12.0,-77.0,282.0,772.0,5.0,94.0,7.0,287.0,7.0,0.0,7.0,0.0,0.0,0.0,0.0,0.0,294.0,0.0,0.0,0.0,0.0,0.0,0.0,7.0,0.0,0.0,0.0,0.0,0.0,0.0,6.0,0.0,0.0,0.0,0.0,0.0,0.0,282.0,0.0,0.0,0.0,0.0,0.0,0.0,5023.0,0.0,0.0,0.0,0.0,0.0,0.0
S00376_FORA_PONTA,0, ,6545.0," ""GERAL""       ",37240.0,1660.0,2535.0,2536.0,35770.0,2960.0,2434.0,2438.0,0.0,0.0,1300.0,1128.0,2065.0,4881.0,102.0,241.0,94.0,-524.0,1971.0,5406.0,8.0,95.0,51.0,2014.0,51.0,0.0,51.0,0.0,0.0,0.0,0.0,0.0,2065.0,0.0,0.0,0.0,0.0,0.0,0.0,51.0,0.0,0.0,0.0,0.0,0.0,0.0,43.0,0.0,0.0,0.0,0.0,0.0,0.0,1971.0,0.0,0.0,0.0,0.0,0.0,0.0,35770.0,0.0,0.0,0.0,0.0,0.0,0.0
S00377_PONTA,0, ,6548.0," ""GERAL""       ",5388.0,207.0,1878.0,1879.0,5093.0,394.0,1779.0,1783.0,0.0,0.0,186.0,161.0,294.0,696.0,99.0,233.0,13.0,-76.0,282.0,772.0,5.0,94.0,7.0,287.0,7.0,0.0,7.0,0.0,0.0,0.0,0.0,0.0,294.0,0.0,0.0,0.0,0.0,0.0,0.0,7.0,0.0,0.0,0.0,0.0,0.0,0.0,6.0,0.0,0.0,0.0,0.0,0.0,0.0,282.0,0.0,0.0,0.0,0.0,0.0,0.0,5093.0,0.0,0.0,0.0,0.0,0.0,0.0
S00378_FORA_PONTA,0, ,6569.0," ""GERAL""       ",37070.0,1841.0,2434.0,2435.0,36228.0,3125.0,2454.0,2458.0,0.0,0.0,1300.0,1128.0,2069.0,4897.0,101.0,241.0,98.0,-509.0,1970.0,5405.0,8.0,94.0,48.0,2020.0,48.0,0.0,48.0,0.0,0.0,0.0,0.0,0.0,2069.0,0.0,0.0,0.0,0.0,0.0,0.0,48.0,0.0,0.0,0.0,0.0,0.0,0.0,50.0,0.0,0.0,0.0,0.0,0.0,0.0,1970.0,0.0,0.0,0.0,0.0,0.0,0.0,36228.0,0.0,0.0,0.0,0.0,0.0,0.0
S00379_PONTA,0, ,6572.0," ""GERAL""       ",5507.0,308.0,1934.0,1936.0,5211.0,491.0,1835.0,1841.0,0.0,0.0,186.0,161.0,296.0,699.0,99.0,236.0,15.0,-73.0,281.0,771.0,6.0,94.0,8.0,288.0,8.0,0.0,8.0,0.0,0.0,0.0,0.0,0.0,296.0,0.0,0.0,0.0,0.0,0.0,0.0,8.0,0.0,0.0,0.0,0.0,0.0,0.0,7.0,0.0,0.0,0.0,0.0,0.0,0.0,281.0,0.0,0.0,0.0,0.0,0.0,0.0,5211.0,0.0,0.0,0.0,0.0,0.0,0.0
S00380_FORA_PONTA,0, ,6593.0," ""GERAL""       ",33894.0,2023.0,2201.0,2201.0,35780.0,3206.0,2550.0,2556.0,0.0,0.0,1301.0,1129.0,2090.0,5006.0,107.0,268.0,117.0,-408.0,1973.0,5414.0,13.0,94.0,40.0,2050.0,40.0,0.0,40.0,0.0,0.0,0.0,0.0,0.0,2090.0,0.0,0.0,0.0,0.0,0.0,0.0,40.0,0.0,0.0,0.0,0.0,0.0,0.0,76.0,0.0,0.0,0.0,0.0,0.0,0.0,1973.0,0.0,0.0,0.0,0.0,0.0,0.0,35780.0,0.0,0.0,0.0,0.0,0.0,0.0
S00381_PONTA,0, ,6596.0," ""GERAL""       ",5336.0,237.0,1848.0,1849.0,5060.0,425.0,1750.0,1755.0,0.0,0.0,186.0,161.0,294.0,695.0,98.0,233.0,13.0,-77.0,281.0,772.0,5.0,94.0,7.0,288.0,7.0,0.0,7.0,0.0,0.0,0.0,0.0,0.0,294.0,0.0,0.0,0.0,0.0,0.0,0.0,7.0,0.0,0.0,0.0,0.0,0.0,0.0,6.0,0.0,0.0,0.0,0.0,0.0,0.0,281.0,0.0,0.0,0.0,0.0,0.0,0.0,5060.0,0.0,0.0,0.0,0.0,0.0,0.0
S00382_FORA_PONTA,0, ,6617.0," ""GERAL""       ",36549.0,2445.0,2467.0,2471.0,37039.0,3692.0,2610.0,2617.0,0.0,0.0,1300.0,1128.0,2075.0,4931.0,102.0,248.0,106.0,-472.0,1970.0,5403.0,9.0,94.0,47.0,2028.0,47.0,0.0,47.0,0.0,0.0,0.0,0.0,0.0,2075.0,0.0,0.0,0.0,0.0,0.0,0.0,47.0,0.0,0.0,0.0,0.0,0.0,0.0,59.0,0.0,0.0,0.0,0.0,0.0,0.0,1970.0,0.0,0.0,0.0,0.0,0.0,0.0,37039.0,0.0,0.0,0.0,0.0,0.0,0.0
S00383_PONTA,0, ,6620.0," ""GERAL""       ",5100.0,324.0,1815.0,1819.0,4835.0,514.0,1717.0,1728.0,0.0,0.0,186.0,161.0,294.0,694.0,99.0,234.0,12.0,-79.0,282.0,772.0,5.0,94.0,6.0,287.0,6.0,0.0,6.0,0.0,0.0,0.0,0.0,0.0,294.0,0.0,0.0,0.0,0.0,0.0,0.0,6.0,0.0,0.0,0.0,0.0,0.0,0.0,6.0,0.0,0.0,0.0,0.0,0.0,0.0,282.0,0.0,0.0,0.0,0.0,0.0,0.0,4835.0,0.0,0.0,0.0,0.0,0.0,0.0
S00384_FORA_PONTA,0, ,6689.0," ""GERAL""       ",93934.0,7645.0,2681.0,2683.0,95247.0,11937.0,2630.0,2635.0,0.0,0.0,4278.0,3710.0,6772.0,16088.0,104.0,256.0,273.0,-1744.0,6500.0,17831.0,9.0,95.0,110.0,6662.0,110.0,0.0,110.0,0.0,0.0,0.0,0.0,0.0,6772.0,0.0,0.0,0.0,0.0,0.0,0.0,110.0,0.0,0.0,0.0,0.0,0.0,0.0,162.0,0.0,0.0,0.0,0.0,0.0,0.0,6500.0,0.0,0.0,0.0,0.0,0.0,0.0,95247.0,0.0,0.0,0.0,0.0,0.0,0.0
S00385_PONTA,0, ,6692.0," ""GERAL""       ",5137.0,253.0,1766.0,1768.0,4860.0,443.0,1668.0,1674.0,0.0,0.0,186.0,161.0,294.0,694.0,98.0,232.0,12.0,-79.0,282.0,773.0,4.0,94.0,6.0,287.0,6.0,0.0,6.0,0.0,0.0,0.0,0.0,0.0,294.0,0.0,0.0,0.0,0.0,0.0,0.0,6.0,0.0,0.0,0.0,0.0,0.0,0.0,6.0,0.0,0.0,0.0,0.0,0.0,0.0,282.0,0.0,0.0,0.0,0.0,0.0,0.0,4860.0,0.0,0.0,0.0,0.0,0.0,0.0
S00386_FORA_PONTA,0, ,6713.0," ""GERAL""       ",31764.0,2139.0,1960.0,1963.0,35116.0,3266.0,2372.0,2377.0,0.0,0.0,1301.0,1129.0,2102.0,5068.0,107.0,269.0,127.0,-352.0,1975.0,5420.0,13.0,95.0,36.0,2066.0,36.0,0.0,36.0,0.0,0.0,0.0,0.0,0.0,2102.0,0.0,0.0,0.0,0.0,0.0,0.0,36.0,0.0,0.0,0.0,0.0,0.0,0.0,91.0,0.0,0.0,0.0,0.0,0.0,0.0,1975.0,0.0,0.0,0.0,0.0,0.0,0.0,35116.0,0.0,0.0,0.0,0.0,0.0,0.0
S00387_PONTA,0, ,6716.0," ""GERAL""       ",5119.0,200.0,1813.0,1814.0,4881.0,388.0,1714.0,1719.0,0.0,0.0,186.0,161.0,294.0,696.0,99.0,235.0,12.0,-77.0,282.0,773.0,5.0,94.0,6.0,288.0,6.0,0.0,6.0,0.0,0.0,0.0,0.0,0.0,294.0,0.0,0.0,0.0,0.0,0.0,0.0,6.0,0.0,0.0,0.0,0.0,0.0,0.0,6.0,0.0,0.0,0.0,0.0,0.0,0.0,282.0,0.0,0.0,0.0,0.0,0.0,0.0,4881.0,0.0,0.0,0.0,0.0,0.0,0.0
S00388_FORA_PONTA,0, ,6737.0," ""GERAL""       ",31013.0,2091.0,1803.0,1809.0,34633.0,3207.0,2324.0,2329.0,0.0,0.0,1302.0,1129.0,2105.0,5081.0,108.0,272.0,128.0,-342.0,1976.0,5423.0,14.0,95.0,35.0,2069.0,35.0,0.0,35.0,0.0,0.0,0.0,0.0,0.0,2105.0,0.0,0.0,0.0,0.0,0.0,0.0,35.0,0.0,0.0,0.0,0.0,0.0,0.0,93.0,0.0,0.0,0.0,0.0,0.0,0.0,1976.0,0.0,0.0,0.0,0.0,0.0,0.0,34633.0,0.0,0.0,0.0,0.0,0.0,0.0
S00389_PONTA,0, ,6740.0," ""GERAL""       ",5080.0,240.0,1775.0,1779.0,4842.0,429.0,1698.0,1707.0,0.0,0.0,186.0,161.0,294.0,695.0,99.0,236.0,12.0,-78.0,282.0,773.0,5.0,94.0,7.0,288.0,7.0,0.0,7.0,0.0,0.0,0.0,0.0,0.0,294.0,0.0,0.0,0.0,0.0,0.0,0.0,7.0,0.0,0.0,0.0,0.0,0.0,0.0,6.0,0.0,0.0,0.0,0.0,0.0,0.0,282.0,0.0,0.0,0.0,0.0,0.0,0.0,4842.0,0.0,0.0,0.0,0.0,0.0,0.0
S00390_FORA_PONTA,0, ,6761.0," ""GERAL""       ",31723.0,2251.0,1965.0,1974.0,35161.0,3373.0,2500.0,2508.0,0.0,0.0,1301.0,1129.0,2103.0,5072.0,107.0,270.0,128.0,-348.0,1975.0,5420.0,14.0,95.0,37.0,2067.0,37.0,0.0,37.0,0.0,0.0,0.0,0.0,0.0,2103.0,0.0,0.0,0.0,0.0,0.0,0.0,37.0,0.0,0.0,0.0,0.0,0.0,0.0,92.0,0.0,0.0,0.0,0.0,0.0,0.0,1975.0,0.0,0.0,0.0,0.0,0.0,0.0,35161.0,0.0,0.0,0.0,0.0,0.0,0.0
S00391_PONTA,0, ,6764.0," ""GERAL""       ",5486.0,293.0,1971.0,1973.0,5241.0,477.0,1872.0,1878.0,0.0,0.0,186.0,161.0,295.0,698.0,99.0,236.0,14.0,-74.0,281.0,771.0,6.0,94.0,7.0,288.0,7.0,0.0,7.0,0.0,0.0,0.0,0.0,0.0,295.0,0.0,0.0,0.0,0.0,0.0,0.0,7.0,0.0,0.0,0.0,0.0,0.0,0.0,7.0,0.0,0.0,0.0,0.0,0.0,0.0,281.0,0.0,0.0,0.0,0.0,0.0,0.0,5241.0,0.0,0.0,0.0,0.0,0.0,0.0
S00392_FORA_PONTA,0, ,6785.0," ""GERAL""       ",33990.0,2663.0,2356.0,2368.0,37341.0,3759.0,2943.0,2958.0,0.0,0.0,1301.0,1129.0,2110.0,5089.0,109.0,276.0,138.0,-321.0,1972.0,5410.0,16.0,95.0,43.0,2068.0,43.0,0.0,43.0,0.0,0.0,0.0,0.0,0.0,2110.0,0.0,0.0,0.0,0.0,0.0,0.0,43.0,0.0,0.0,0.0,0.0,0.0,0.0,96.0,0.0,0.0,0.0,0.0,0.0,0.0,1972.0,0.0,0.0,0.0,0.0,0.0,0.0,37341.0,0.0,0.0,0.0,0.0,0.0,0.0
S00393_PONTA,0, ,6788.0," ""GERAL""       ",5565.0,431.0,1949.0,1959.0,5322.0,613.0,1885.0,1896.0,0.0,0.0,186.0,161.0,296.0,700.0,100.0,239.0,15.0,-71.0,281.0,770.0,7.0,94.0,8.0,288.0,8.0,0.0,8.0,0.0,0.0,0.0,0.0,0.0,296.0,0.0,0.0,0.0,0.0,0.0,0.0,8.0,0.0,0.0,0.0,0.0,0.0,0.0,7.0,0.0,0.0,0.0,0.0,0.0,0.0,281.0,0.0,0.0,0.0,0.0,0.0,0.0,5322.0,0.0,0.0,0.0,0.0,0.0,0.0
S00394_FORA_PONTA,0, ,6857.0," ""GERAL""       ",88501.0,7221.0,2203.0,2217.0,93130.0,11414.0,2702.0,2717.0,0.0,0.0,4279.0,3711.0,6790.0,16206.0,107.0,269.0,284.0,-1646.0,6507.0,17851.0,14.0,95.0,93.0,6697.0,93.0,0.0,93.0,0.0,0.0,0.0,0.0,0.0,6790.0,0.0,0.0,0.0,0.0,0.0,0.0,93.0,0.0,0.0,0.0,0.0,0.0,0.0,191.0,0.0,0.0,0.0,0.0,0.0,0.0,6507.0,0.0,0.0,0.0,0.0,0.0,0.0,93130.0,0.0,0.0,0.0,0.0,0.0,0.0
S00395_PONTA,0, ,6860.0," ""GERAL""       ",5387.0,362.0,1926.0,1930.0,5136.0,547.0,1828.0,1836.0,0.0,0.0,186.0,161.0,295.0,697.0,99.0,234.0,14.0,-74.0,281.0,771.0,5.0,94.0,7.0,288.0,7.0,0.0,7.0,0.0,0.0,0.0,0.0,0.0,295.0,0.0,0.0,0.0,0.0,0.0,0.0,7.0,0.0,0.0,0.0,0.0,0.0,0.0,6.0,0.0,0.0,0.0,0.0,0.0,0.0,281.0,0.0,0.0,0.0,0.0,0.0,0.0,5136.0,0.0,0.0,0.0,0.0,0.0,0.0
S00396_FORA_PONTA,0, ,6881.0," ""GERAL""       ",34290.0,2582.0,2312.0,2328.0,37830.0,3659.0,2846.0,2857.0,0.0,0.0,1301.0,1129.0,2115.0,5107.0,108.0,273.0,143.0,-303.0,1972.0,5410.0,15.0,95.0,43.0,2072.0,43.0,0.0,43.0,0.0,0.0,0.0,0.0,0.0,2115.0,0.0,0.0,0.0,0.0,0.0,0.0,43.0,0.0,0.0,0.0,0.0,0.0,0.0,100.0,0.0,0.0,0.0,0.0,0.0,0.0,1972.0,0.0,0.0,0.0,0.0,0.0,0.0,37830.0,0.0,0.0,0.0,0.0,0.0,0.0
S00397_PONTA,0, ,6884.0," ""GERAL""       ",5536.0,359.0,1979.0,1982.0,5292.0,542.0,1909.0,1924.0,0.0,0.0,186.0,161.0,295.0,698.0,100.0,238.0,14.0,-72.0,281.0,771.0,6.0,94.0,7.0,288.0,7.0,0.0,7.0,0.0,0.0,0.0,0.0,0.0,295.0,0.0,0.0,0.0,0.0,0.0,0.0,7.0,0.0,0.0,0.0,0.0,0.0,0.0,7.0,0.0,0.0,0.0,0.0,0.0,0.0,281.0,0.0,0.0,0.0,0.0,0.0,0.0,5292.0,0.0,0.0,0.0,0.0,0.0,0.0
S00398_FORA_PONTA,0, ,6905.0," ""GERAL""       ",38428.0,3292.0,2955.0,2967.0,41748.0,4305.0,3468.0,3484.0,0.0,0.0,1299.0,1128.0,2131.0,5155.0,111.0,281.0,165.0,-239.0,1966.0,5393.0,19.0,94.0,56.0,2075.0,56.0,0.0,56.0,0.0,0.0,0.0,0.0,0.0,2131.0,0.0,0.0,0.0,0.0,0.0,0.0,56.0,0.0,0.0,0.0,0.0,0.0,0.0,109.0,0.0,0.0,0.0,0.0,0.0,0.0,1966.0,0.0,0.0,0.0,0.0,0.0,0.0,41748.0,0.0,0.0,0.0,0.0,0.0,0.0
S00399_PONTA,0, ,6908.0," ""GERAL""       ",6317.0,503.0,2218.0,2226.0,6058.0,674.0,2143.0,2153.0,0.0,0.0,185.0,161.0,298.0,707.0,100.0,237.0,19.0,-61.0,280.0,768.0,7.0,93.0,10.0,289.0,10.0,0.0,10.0,0.0,0.0,0.0,0.0,0.0,298.0,0.0,0.0,0.0,0.0,0.0,0.0,10.0,0.0,0.0,0.0,0.0,0.0,0.0,9.0,0.0,0.0,0.0,0.0,0.0,0.0,280.0,0.0,0.0,0.0,0.0,0.0,0.0,6058.0,0.0,0.0,0.0,0.0,0.0,0.0
S00400_FORA_PONTA,0, ,6929.0," ""GERAL""       ",41033.0,2788.0,2895.0,2904.0,40122.0,4011.0,2924.0,2937.0,0.0,0.0,1299.0,1128.0,2085.0,4940.0,104.0,252.0,121.0,-447.0,1964.0,5387.0,12.0,94.0,62.0,2023.0,62.0,0.0,62.0,0.0,0.0,0.0,0.0,0.0,2085.0,0.0,0.0,0.0,0.0,0.0,0.0,62.0,0.0,0.0,0.0,0.0,0.0,0.0,59.0,0.0,0.0,0.0,0.0,0.0,0.0,1964.0,0.0,0.0,0.0,0.0,0.0,0.0,40122.0,0.0,0.0,0.0,0.0,0.0,0.0
S00401_PONTA,0, ,6932.0," ""GERAL""       ",5687.0,371.0,2005.0,2009.0,5420.0,554.0,1920.0,1928.0,0.0,0.0,186.0,161.0,295.0,698.0,99.0,234.0,15.0,-72.0,281.0,770.0,5.0,94.0,8.0,288.0,8.0,0.0,8.0,0.0,0.0,0.0,0.0,0.0,295.0,0.0,0.0,0.0,0.0,0.0,0.0,8.0,0.0,0.0,0.0,0.0,0.0,0.0,7.0,0.0,0.0,0.0,0.0,0.0,0.0,281.0,0.0,0.0,0.0,0.0,0.0,0.0,5420.0,0.0,0.0,0.0,0.0,0.0,0.0
S00402_FORA_PONTA,0, ,6953.0," ""GERAL""       ",27769.0,2024.0,2212.0,2228.0,27245.0,3383.0,2324.0,2345.0,0.0,0.0,1080.0,937.0,2049.0,4848.0,101.0,240.0,69.0,-583.0,1980.0,5431.0,8.0,96.0,33.0,2016.0,33.0,0.0,33.0,0.0,0.0,0.0,0.0,0.0,2049.0,0.0,0.0,0.0,0.0,0.0,0.0,33.0,0.0,0.0,0.0,0.0,0.0,0.0,36.0,0.0,0.0,0.0,0.0,0.0,0.0,1980.0,0.0,0.0,0.0,0.0,0.0,0.0,27245.0,0.0,0.0,0.0,0.0,0.0,0.0
S00403_PONTA,0, ,6956.0," ""GERAL""       ",5132.0,397.0,1865.0,1871.0,4850.0,586.0,1767.0,1779.0,0.0,0.0,186.0,161.0,294.0,693.0,98.0,233.0,13.0,-79.0,281.0,772.0,5.0,94.0,7.0,287.0,7.0,0.0,7.0,0.0,0.0,0.0,0.0,0.0,294.0,0.0,0.0,0.0,0.0,0.0,0.0,7.0,0.0,0.0,0.0,0.0,0.0,0.0,5.0,0.0,0.0,0.0,0.0,0.0,0.0,281.0,0.0,0.0,0.0,0.0,0.0,0.0,4850.0,0.0,0.0,0.0,0.0,0.0,0.0
S00404_FORA_PONTA,0, ,7025.0," ""GERAL""       ",75258.0,5692.0,1883.0,1890.0,84539.0,9757.0,2459.0,2469.0,0.0,0.0,4283.0,3713.0,6829.0,16382.0,108.0,272.0,304.0,-1518.0,6524.0,17900.0,14.0,95.0,75.0,6754.0,75.0,0.0,75.0,0.0,0.0,0.0,0.0,0.0,6829.0,0.0,0.0,0.0,0.0,0.0,0.0,75.0,0.0,0.0,0.0,0.0,0.0,0.0,230.0,0.0,0.0,0.0,0.0,0.0,0.0,6524.0,0.0,0.0,0.0,0.0,0.0,0.0,84539.0,0.0,0.0,0.0,0.0,0.0,0.0
S00405_PONTA,0, ,7028.0," ""GERAL""       ",4986.0,233.0,1770.0,1772.0,4793.0,423.0,1672.0,1678.0,0.0,0.0,186.0,161.0,294.0,694.0,98.0,233.0,12.0,-79.0,282.0,773.0,4.0,94.0,6.0,288.0,6.0,0.0,6.0,0.0,0.0,0.0,0.0,0.0,294.0,0.0,0.0,0.0,0.0,0.0,0.0,6.0,0.0,0.0,0.0,0.0,0.0,0.0,6.0,0.0,0.0,0.0,0.0,0.0,0.0,282.0,0.0,0.0,0.0,0.0,0.0,0.0,4793.0,0.0,0.0,0.0,0.0,0.0,0.0
S00406_FORA_PONTA,0, ,7049.0," ""GERAL""       ",32743.0,2321.0,2316.0,2324.0,36320.0,3419.0,2769.0,2777.0,0.0,0.0,1301.0,1129.0,2109.0,5092.0,108.0,272.0,135.0,-324.0,1974.0,5416.0,14.0,95.0,39.0,2070.0,39.0,0.0,39.0,0.0,0.0,0.0,0.0,0.0,2109.0,0.0,0.0,0.0,0.0,0.0,0.0,39.0,0.0,0.0,0.0,0.0,0.0,0.0,96.0,0.0,0.0,0.0,0.0,0.0,0.0,1974.0,0.0,0.0,0.0,0.0,0.0,0.0,36320.0,0.0,0.0,0.0,0.0,0.0,0.0
S00407_PONTA,0, ,7052.0," ""GERAL""       ",5532.0,362.0,1962.0,1965.0,5333.0,546.0,1929.0,1940.0,0.0,0.0,186.0,161.0,295.0,698.0,99.0,235.0,14.0,-73.0,281.0,771.0,5.0,94.0,8.0,288.0,8.0,0.0,8.0,0.0,0.0,0.0,0.0,0.0,295.0,0.0,0.0,0.0,0.0,0.0,0.0,8.0,0.0,0.0,0.0,0.0,0.0,0.0,7.0,0.0,0.0,0.0,0.0,0.0,0.0,281.0,0.0,0.0,0.0,0.0,0.0,0.0,5333.0,0.0,0.0,0.0,0.0,0.0,0.0
S00408_FORA_PONTA,0, ,7073.0," ""GERAL""       ",34079.0,2801.0,2380.0,2394.0,37515.0,3899.0,2938.0,2951.0,0.0,0.0,1301.0,1128.0,2109.0,5086.0,108.0,272.0,137.0,-323.0,1972.0,5409.0,15.0,95.0,41.0,2067.0,41.0,0.0,41.0,0.0,0.0,0.0,0.0,0.0,2109.0,0.0,0.0,0.0,0.0,0.0,0.0,41.0,0.0,0.0,0.0,0.0,0.0,0.0,96.0,0.0,0.0,0.0,0.0,0.0,0.0,1972.0,0.0,0.0,0.0,0.0,0.0,0.0,37515.0,0.0,0.0,0.0,0.0,0.0,0.0
S00409_PONTA,0, ,7076.0," ""GERAL""       ",5505.0,346.0,1976.0,1979.0,5314.0,530.0,1877.0,1884.0,0.0,0.0,186.0,161.0,295.0,698.0,99.0,235.0,14.0,-73.0,281.0,771.0,5.0,94.0,7.0,288.0,7.0,0.0,7.0,0.0,0.0,0.0,0.0,0.0,295.0,0.0,0.0,0.0,0.0,0.0,0.0,7.0,0.0,0.0,0.0,0.0,0.0,0.0,7.0,0.0,0.0,0.0,0.0,0.0,0.0,281.0,0.0,0.0,0.0,0.0,0.0,0.0,5314.0,0.0,0.0,0.0,0.0,0.0,0.0
S00410_FORA_PONTA,0, ,7097.0," ""GERAL""       ",39234.0,3098.0,3038.0,3049.0,42592.0,4116.0,3593.0,3604.0,0.0,0.0,1299.0,1128.0,2131.0,5149.0,112.0,283.0,166.0,-243.0,1965.0,5392.0,20.0,95.0,56.0,2075.0,56.0,0.0,56.0,0.0,0.0,0.0,0.0,0.0,2131.0,0.0,0.0,0.0,0.0,0.0,0.0,56.0,0.0,0.0,0.0,0.0,0.0,0.0,110.0,0.0,0.0,0.0,0.0,0.0,0.0,1965.0,0.0,0.0,0.0,0.0,0.0,0.0,42592.0,0.0,0.0,0.0,0.0,0.0,0.0
S00411_PONTA,0, ,7100.0," ""GERAL""       ",5965.0,447.0,2122.0,2131.0,5758.0,626.0,2206.0,2220.0,0.0,0.0,186.0,161.0,296.0,701.0,100.0,237.0,16.0,-68.0,280.0,769.0,7.0,94.0,8.0,288.0,8.0,0.0,8.0,0.0,0.0,0.0,0.0,0.0,296.0,0.0,0.0,0.0,0.0,0.0,0.0,8.0,0.0,0.0,0.0,0.0,0.0,0.0,8.0,0.0,0.0,0.0,0.0,0.0,0.0,280.0,0.0,0.0,0.0,0.0,0.0,0.0,5758.0,0.0,0.0,0.0,0.0,0.0,0.0
S00412_FORA_PONTA,0, ,7121.0," ""GERAL""       ",42368.0,3511.0,3576.0,3595.0,43887.0,4604.0,3790.0,3811.0,0.0,0.0,1298.0,1127.0,2116.0,5061.0,109.0,269.0,155.0,-318.0,1961.0,5380.0,18.0,94.0,67.0,2049.0,67.0,0.0,67.0,0.0,0.0,0.0,0.0,0.0,2116.0,0.0,0.0,0.0,0.0,0.0,0.0,67.0,0.0,0.0,0.0,0.0,0.0,0.0,88.0,0.0,0.0,0.0,0.0,0.0,0.0,1961.0,0.0,0.0,0.0,0.0,0.0,0.0,43887.0,0.0,0.0,0.0,0.0,0.0,0.0
S00413_PONTA,0, ,7124.0," ""GERAL""       ",5896.0,653.0,2067.0,2079.0,5622.0,833.0,1974.0,1995.0,0.0,0.0,185.0,161.0,296.0,699.0,99.0,234.0,16.0,-69.0,280.0,768.0,6.0,94.0,9.0,287.0,9.0,0.0,9.0,0.0,0.0,0.0,0.0,0.0,296.0,0.0,0.0,0.0,0.0,0.0,0.0,9.0,0.0,0.0,0.0,0.0,0.0,0.0,7.0,0.0,0.0,0.0,0.0,0.0,0.0,280.0,0.0,0.0,0.0,0.0,0.0,0.0,5622.0,0.0,0.0,0.0,0.0,0.0,0.0
S00414_FORA_PONTA,0, ,7193.0," ""GERAL""       ",74997.0,5777.0,1740.0,1750.0,77558.0,10214.0,1642.0,1660.0,0.0,0.0,4283.0,3713.0,6737.0,16012.0,104.0,260.0,214.0,-1887.0,6524.0,17899.0,9.0,95.0,69.0,6668.0,69.0,0.0,69.0,0.0,0.0,0.0,0.0,0.0,6737.0,0.0,0.0,0.0,0.0,0.0,0.0,69.0,0.0,0.0,0.0,0.0,0.0,0.0,144.0,0.0,0.0,0.0,0.0,0.0,0.0,6524.0,0.0,0.0,0.0,0.0,0.0,0.0,77558.0,0.0,0.0,0.0,0.0,0.0,0.0
S00415_PONTA,0, ,7196.0," ""GERAL""       ",3977.0,227.0,1426.0,1428.0,3765.0,427.0,1329.0,1336.0,0.0,0.0,186.0,161.0,291.0,687.0,97.0,230.0,8.0,-89.0,283.0,776.0,3.0,94.0,4.0,287.0,4.0,0.0,4.0,0.0,0.0,0.0,0.0,0.0,291.0,0.0,0.0,0.0,0.0,0.0,0.0,4.0,0.0,0.0,0.0,0.0,0.0,0.0,4.0,0.0,0.0,0.0,0.0,0.0,0.0,283.0,0.0,0.0,0.0,0.0,0.0,0.0,3765.0,0.0,0.0,0.0,0.0,0.0,0.0
S00416_FORA_PONTA,0, ,7217.0," ""GERAL""       ",25563.0,1176.0,1388.0,1389.0,24114.0,2590.0,1291.0,1296.0,0.0,0.0,1303.0,1130.0,2035.0,4805.0,98.0,233.0,51.0,-638.0,1984.0,5443.0,4.0,95.0,23.0,2012.0,23.0,0.0,23.0,0.0,0.0,0.0,0.0,0.0,2035.0,0.0,0.0,0.0,0.0,0.0,0.0,23.0,0.0,0.0,0.0,0.0,0.0,0.0,28.0,0.0,0.0,0.0,0.0,0.0,0.0,1984.0,0.0,0.0,0.0,0.0,0.0,0.0,24114.0,0.0,0.0,0.0,0.0,0.0,0.0
S00417_PONTA,0, ,7220.0," ""GERAL""       ",4046.0,127.0,1412.0,1412.0,3754.0,322.0,1314.0,1317.0,0.0,0.0,186.0,161.0,293.0,692.0,98.0,232.0,10.0,-85.0,283.0,777.0,4.0,94.0,5.0,288.0,5.0,0.0,5.0,0.0,0.0,0.0,0.0,0.0,293.0,0.0,0.0,0.0,0.0,0.0,0.0,5.0,0.0,0.0,0.0,0.0,0.0,0.0,5.0,0.0,0.0,0.0,0.0,0.0,0.0,283.0,0.0,0.0,0.0,0.0,0.0,0.0,3754.0,0.0,0.0,0.0,0.0,0.0,0.0
S00418_FORA_PONTA,0, ,7241.0," ""GERAL""       ",32821.0,1549.0,2137.0,2138.0,32204.0,2868.0,2216.0,2220.0,0.0,0.0,1301.0,1129.0,2059.0,4876.0,100.0,239.0,83.0,-543.0,1975.0,5419.0,6.0,95.0,39.0,2020.0,39.0,0.0,39.0,0.0,0.0,0.0,0.0,0.0,2059.0,0.0,0.0,0.0,0.0,0.0,0.0,39.0,0.0,0.0,0.0,0.0,0.0,0.0,44.0,0.0,0.0,0.0,0.0,0.0,0.0,1975.0,0.0,0.0,0.0,0.0,0.0,0.0,32204.0,0.0,0.0,0.0,0.0,0.0,0.0
S00419_PONTA,0, ,7244.0," ""GERAL""       ",4992.0,173.0,1746.0,1747.0,4717.0,361.0,1647.0,1652.0,0.0,0.0,186.0,161.0,295.0,696.0,99.0,233.0,13.0,-77.0,282.0,774.0,5.0,94.0,7.0,288.0,7.0,0.0,7.0,0.0,0.0,0.0,0.0,0.0,295.0,0.0,0.0,0.0,0.0,0.0,0.0,7.0,0.0,0.0,0.0,0.0,0.0,0.0,6.0,0.0,0.0,0.0,0.0,0.0,0.0,282.0,0.0,0.0,0.0,0.0,0.0,0.0,4717.0,0.0,0.0,0.0,0.0,0.0,0.0
S00420_FORA_PONTA,0, ,7265.0," ""GERAL""       ",30938.0,1510.0,1935.0,1937.0,32675.0,2753.0,2103.0,2109.0,0.0,0.0,1302.0,1129.0,2075.0,4957.0,106.0,267.0,98.0,-468.0,1978.0,5426.0,12.0,95.0,34.0,2042.0,34.0,0.0,34.0,0.0,0.0,0.0,0.0,0.0,2075.0,0.0,0.0,0.0,0.0,0.0,0.0,34.0,0.0,0.0,0.0,0.0,0.0,0.0,64.0,0.0,0.0,0.0,0.0,0.0,0.0,1978.0,0.0,0.0,0.0,0.0,0.0,0.0,32675.0,0.0,0.0,0.0,0.0,0.0,0.0
S00421_PONTA,0, ,7268.0," ""GERAL""       ",4876.0,191.0,1783.0,1785.0,4684.0,382.0,1685.0,1691.0,0.0,0.0,186.0,161.0,293.0,694.0,98.0,233.0,11.0,-80.0,282.0,774.0,4.0,94.0,6.0,288.0,6.0,0.0,6.0,0.0,0.0,0.0,0.0,0.0,293.0,0.0,0.0,0.0,0.0,0.0,0.0,6.0,0.0,0.0,0.0,0.0,0.0,0.0,6.0,0.0,0.0,0.0,0.0,0.0,0.0,282.0,0.0,0.0,0.0,0.0,0.0,0.0,4684.0,0.0,0.0,0.0,0.0,0.0,0.0
S00422_FORA_PONTA,0, ,7289.0," ""GERAL""       ",32294.0,2200.0,1999.0,2006.0,34951.0,3372.0,2413.0,2421.0,0.0,0.0,1301.0,1129.0,2092.0,5021.0,107.0,268.0,117.0,-397.0,1975.0,5418.0,13.0,95.0,38.0,2054.0,38.0,0.0,38.0,0.0,0.0,0.0,0.0,0.0,2092.0,0.0,0.0,0.0,0.0,0.0,0.0,38.0,0.0,0.0,0.0,0.0,0.0,0.0,79.0,0.0,0.0,0.0,0.0,0.0,0.0,1975.0,0.0,0.0,0.0,0.0,0.0,0.0,34951.0,0.0,0.0,0.0,0.0,0.0,0.0
S00423_PONTA,0, ,7292.0," ""GERAL""       ",4798.0,296.0,1737.0,1740.0,4595.0,488.0,1639.0,1648.0,0.0,0.0,186.0,161.0,293.0,692.0,98.0,233.0,11.0,-81.0,282.0,773.0,4.0,94.0,6.0,287.0,6.0,0.0,6.0,0.0,0.0,0.0,0.0,0.0,293.0,0.0,0.0,0.0,0.0,0.0,0.0,6.0,0.0,0.0,0.0,0.0,0.0,0.0,5.0,0.0,0.0,0.0,0.0,0.0,0.0,282.0,0.0,0.0,0.0,0.0,0.0,0.0,4595.0,0.0,0.0,0.0,0.0,0.0,0.0
S00424_FORA_PONTA,0, ,7361.0," ""GERAL""       ",83464.0,7222.0,2531.0,2541.0,90984.0,11303.0,3052.0,3064.0,0.0,0.0,4280.0,3712.0,6823.0,16333.0,109.0,276.0,311.0,-1534.0,6512.0,17867.0,16.0,95.0,90.0,6733.0,90.0,0.0,90.0,0.0,0.0,0.0,0.0,0.0,6823.0,0.0,0.0,0.0,0.0,0.0,0.0,90.0,0.0,0.0,0.0,0.0,0.0,0.0,221.0,0.0,0.0,0.0,0.0,0.0,0.0,6512.0,0.0,0.0,0.0,0.0,0.0,0.0,90984.0,0.0,0.0,0.0,0.0,0.0,0.0
S00425_PONTA,0, ,7364.0," ""GERAL""       ",5246.0,390.0,1831.0,1835.0,5038.0,577.0,1842.0,1856.0,0.0,0.0,186.0,161.0,294.0,695.0,98.0,234.0,13.0,-77.0,281.0,772.0,5.0,94.0,6.0,287.0,6.0,0.0,6.0,0.0,0.0,0.0,0.0,0.0,294.0,0.0,0.0,0.0,0.0,0.0,0.0,6.0,0.0,0.0,0.0,0.0,0.0,0.0,6.0,0.0,0.0,0.0,0.0,0.0,0.0,281.0,0.0,0.0,0.0,0.0,0.0,0.0,5038.0,0.0,0.0,0.0,0.0,0.0,0.0
S00426_FORA_PONTA,0, ,7385.0," ""GERAL""       ",41973.0,4124.0,3431.0,3445.0,45141.0,5094.0,3859.0,3876.0,0.0,0.0,1298.0,1127.0,2144.0,5181.0,114.0,286.0,184.0,-197.0,1960.0,5378.0,22.0,94.0,68.0,2076.0,68.0,0.0,68.0,0.0,0.0,0.0,0.0,0.0,2144.0,0.0,0.0,0.0,0.0,0.0,0.0,68.0,0.0,0.0,0.0,0.0,0.0,0.0,116.0,0.0,0.0,0.0,0.0,0.0,0.0,1960.0,0.0,0.0,0.0,0.0,0.0,0.0,45141.0,0.0,0.0,0.0,0.0,0.0,0.0
S00427_PONTA,0, ,7388.0," ""GERAL""       ",5909.0,472.0,2064.0,2072.0,5696.0,651.0,2142.0,2154.0,0.0,0.0,186.0,161.0,296.0,701.0,100.0,237.0,16.0,-68.0,280.0,769.0,6.0,94.0,8.0,288.0,8.0,0.0,8.0,0.0,0.0,0.0,0.0,0.0,296.0,0.0,0.0,0.0,0.0,0.0,0.0,8.0,0.0,0.0,0.0,0.0,0.0,0.0,8.0,0.0,0.0,0.0,0.0,0.0,0.0,280.0,0.0,0.0,0.0,0.0,0.0,0.0,5696.0,0.0,0.0,0.0,0.0,0.0,0.0
S00428_FORA_PONTA,0, ,7409.0," ""GERAL""       ",41152.0,4130.0,2821.0,2841.0,43345.0,5208.0,3252.0,3268.0,0.0,0.0,1298.0,1127.0,2115.0,5075.0,108.0,270.0,154.0,-305.0,1961.0,5380.0,16.0,94.0,62.0,2053.0,62.0,0.0,62.0,0.0,0.0,0.0,0.0,0.0,2115.0,0.0,0.0,0.0,0.0,0.0,0.0,62.0,0.0,0.0,0.0,0.0,0.0,0.0,92.0,0.0,0.0,0.0,0.0,0.0,0.0,1961.0,0.0,0.0,0.0,0.0,0.0,0.0,43345.0,0.0,0.0,0.0,0.0,0.0,0.0
S00429_PONTA,0, ,7412.0," ""GERAL""       ",5723.0,557.0,2007.0,2015.0,5485.0,739.0,2032.0,2046.0,0.0,0.0,186.0,161.0,295.0,699.0,99.0,236.0,15.0,-71.0,280.0,769.0,6.0,94.0,8.0,287.0,8.0,0.0,8.0,0.0,0.0,0.0,0.0,0.0,295.0,0.0,0.0,0.0,0.0,0.0,0.0,8.0,0.0,0.0,0.0,0.0,0.0,0.0,7.0,0.0,0.0,0.0,0.0,0.0,0.0,280.0,0.0,0.0,0.0,0.0,0.0,0.0,5485.0,0.0,0.0,0.0,0.0,0.0,0.0
S00430_FORA_PONTA,0, ,7433.0," ""GERAL""       ",32551.0,2981.0,2097.0,2113.0,36367.0,4068.0,2644.0,2661.0,0.0,0.0,1301.0,1129.0,2112.0,5100.0,109.0,275.0,139.0,-313.0,1973.0,5413.0,15.0,95.0,40.0,2071.0,40.0,0.0,40.0,0.0,0.0,0.0,0.0,0.0,2112.0,0.0,0.0,0.0,0.0,0.0,0.0,40.0,0.0,0.0,0.0,0.0,0.0,0.0,99.0,0.0,0.0,0.0,0.0,0.0,0.0,1973.0,0.0,0.0,0.0,0.0,0.0,0.0,36367.0,0.0,0.0,0.0,0.0,0.0,0.0
S00431_PONTA,0, ,7436.0," ""GERAL""       ",4927.0,349.0,1762.0,1768.0,4725.0,540.0,1785.0,1802.0,0.0,0.0,186.0,161.0,293.0,693.0,99.0,234.0,11.0,-80.0,282.0,773.0,5.0,94.0,6.0,287.0,6.0,0.0,6.0,0.0,0.0,0.0,0.0,0.0,293.0,0.0,0.0,0.0,0.0,0.0,0.0,6.0,0.0,0.0,0.0,0.0,0.0,0.0,6.0,0.0,0.0,0.0,0.0,0.0,0.0,282.0,0.0,0.0,0.0,0.0,0.0,0.0,4725.0,0.0,0.0,0.0,0.0,0.0,0.0
S00432_FORA_PONTA,0, ,7457.0," ""GERAL""       ",34490.0,1792.0,2319.0,2320.0,32664.0,3118.0,2218.0,2221.0,0.0,0.0,1301.0,1129.0,2059.0,4863.0,101.0,240.0,86.0,-550.0,1973.0,5413.0,8.0,95.0,45.0,2015.0,45.0,0.0,45.0,0.0,0.0,0.0,0.0,0.0,2059.0,0.0,0.0,0.0,0.0,0.0,0.0,45.0,0.0,0.0,0.0,0.0,0.0,0.0,42.0,0.0,0.0,0.0,0.0,0.0,0.0,1973.0,0.0,0.0,0.0,0.0,0.0,0.0,32664.0,0.0,0.0,0.0,0.0,0.0,0.0
S00433_PONTA,0, ,7460.0," ""GERAL""       ",4362.0,148.0,1516.0,1517.0,4069.0,344.0,1419.0,1423.0,0.0,0.0,186.0,161.0,293.0,691.0,98.0,231.0,10.0,-85.0,283.0,775.0,4.0,94.0,5.0,287.0,5.0,0.0,5.0,0.0,0.0,0.0,0.0,0.0,293.0,0.0,0.0,0.0,0.0,0.0,0.0,5.0,0.0,0.0,0.0,0.0,0.0,0.0,5.0,0.0,0.0,0.0,0.0,0.0,0.0,283.0,0.0,0.0,0.0,0.0,0.0,0.0,4069.0,0.0,0.0,0.0,0.0,0.0,0.0
S00434_FORA_PONTA,0, ,7529.0," ""GERAL""       ",75819.0,5037.0,1991.0,1998.0,83591.0,9182.0,2529.0,2537.0,0.0,0.0,4283.0,3713.0,6811.0,16304.0,108.0,271.0,286.0,-1598.0,6525.0,17902.0,14.0,95.0,75.0,6736.0,75.0,0.0,75.0,0.0,0.0,0.0,0.0,0.0,6811.0,0.0,0.0,0.0,0.0,0.0,0.0,75.0,0.0,0.0,0.0,0.0,0.0,0.0,211.0,0.0,0.0,0.0,0.0,0.0,0.0,6525.0,0.0,0.0,0.0,0.0,0.0,0.0,83591.0,0.0,0.0,0.0,0.0,0.0,0.0
S00435_PONTA,0, ,7532.0," ""GERAL""       ",5042.0,274.0,1830.0,1832.0,4850.0,464.0,1737.0,1747.0,0.0,0.0,186.0,161.0,294.0,694.0,98.0,234.0,12.0,-79.0,282.0,773.0,4.0,94.0,6.0,287.0,6.0,0.0,6.0,0.0,0.0,0.0,0.0,0.0,294.0,0.0,0.0,0.0,0.0,0.0,0.0,6.0,0.0,0.0,0.0,0.0,0.0,0.0,6.0,0.0,0.0,0.0,0.0,0.0,0.0,282.0,0.0,0.0,0.0,0.0,0.0,0.0,4850.0,0.0,0.0,0.0,0.0,0.0,0.0
S00436_FORA_PONTA,0, ,7553.0," ""GERAL""       ",37228.0,2778.0,2931.0,2946.0,40331.0,3832.0,3394.0,3408.0,0.0,0.0,1300.0,1128.0,2122.0,5121.0,111.0,279.0,153.0,-279.0,1968.0,5400.0,18.0,95.0,50.0,2071.0,50.0,0.0,50.0,0.0,0.0,0.0,0.0,0.0,2122.0,0.0,0.0,0.0,0.0,0.0,0.0,50.0,0.0,0.0,0.0,0.0,0.0,0.0,103.0,0.0,0.0,0.0,0.0,0.0,0.0,1968.0,0.0,0.0,0.0,0.0,0.0,0.0,40331.0,0.0,0.0,0.0,0.0,0.0,0.0
S00437_PONTA,0, ,7556.0," ""GERAL""       ",5635.0,327.0,1985.0,1990.0,5404.0,510.0,2008.0,2018.0,0.0,0.0,186.0,161.0,295.0,698.0,99.0,235.0,14.0,-73.0,281.0,771.0,5.0,94.0,7.0,288.0,7.0,0.0,7.0,0.0,0.0,0.0,0.0,0.0,295.0,0.0,0.0,0.0,0.0,0.0,0.0,7.0,0.0,0.0,0.0,0.0,0.0,0.0,7.0,0.0,0.0,0.0,0.0,0.0,0.0,281.0,0.0,0.0,0.0,0.0,0.0,0.0,5404.0,0.0,0.0,0.0,0.0,0.0,0.0
S00438_FORA_PONTA,0, ,7577.0," ""GERAL""       ",47909.0,4350.0,4228.0,4242.0,50060.0,5282.0,4480.0,4493.0,0.0,0.0,1297.0,1126.0,2160.0,5200.0,116.0,282.0,207.0,-158.0,1953.0,5358.0,25.0,95.0,90.0,2071.0,90.0,0.0,90.0,0.0,0.0,0.0,0.0,0.0,2160.0,0.0,0.0,0.0,0.0,0.0,0.0,90.0,0.0,0.0,0.0,0.0,0.0,0.0,118.0,0.0,0.0,0.0,0.0,0.0,0.0,1953.0,0.0,0.0,0.0,0.0,0.0,0.0,50060.0,0.0,0.0,0.0,0.0,0.0,0.0
S00439_PONTA,0, ,7580.0," ""GERAL""       ",6975.0,720.0,2501.0,2519.0,6743.0,883.0,2534.0,2558.0,0.0,0.0,185.0,161.0,301.0,713.0,101.0,241.0,23.0,-52.0,279.0,764.0,9.0,94.0,13.0,289.0,13.0,0.0,13.0,0.0,0.0,0.0,0.0,0.0,301.0,0.0,0.0,0.0,0.0,0.0,0.0,13.0,0.0,0.0,0.0,0.0,0.0,0.0,10.0,0.0,0.0,0.0,0.0,0.0,0.0,279.0,0.0,0.0,0.0,0.0,0.0,0.0,6743.0,0.0,0.0,0.0,0.0,0.0,0.0
S00440_FORA_PONTA,0, ,7601.0," ""GERAL""       ",45012.0,3755.0,3533.0,3547.0,47965.0,4701.0,4031.0,4042.0,0.0,0.0,1298.0,1127.0,2153.0,5199.0,115.0,291.0,195.0,-171.0,1958.0,5371.0,24.0,94.0,74.0,2078.0,74.0,0.0,74.0,0.0,0.0,0.0,0.0,0.0,2153.0,0.0,0.0,0.0,0.0,0.0,0.0,74.0,0.0,0.0,0.0,0.0,0.0,0.0,121.0,0.0,0.0,0.0,0.0,0.0,0.0,1958.0,0.0,0.0,0.0,0.0,0.0,0.0,47965.0,0.0,0.0,0.0,0.0,0.0,0.0
S00441_PONTA,0, ,7604.0," ""GERAL""       ",6230.0,405.0,2182.0,2187.0,6024.0,581.0,2258.0,2267.0,0.0,0.0,185.0,161.0,297.0,704.0,100.0,238.0,17.0,-65.0,280.0,769.0,7.0,94.0,9.0,288.0,9.0,0.0,9.0,0.0,0.0,0.0,0.0,0.0,297.0,0.0,0.0,0.0,0.0,0.0,0.0,9.0,0.0,0.0,0.0,0.0,0.0,0.0,8.0,0.0,0.0,0.0,0.0,0.0,0.0,280.0,0.0,0.0,0.0,0.0,0.0,0.0,6024.0,0.0,0.0,0.0,0.0,0.0,0.0
S00442_FORA_PONTA,0, ,7625.0," ""GERAL""       ",41430.0,3651.0,3147.0,3166.0,44484.0,4663.0,3644.0,3656.0,0.0,0.0,1298.0,1127.0,2133.0,5144.0,112.0,281.0,171.0,-238.0,1962.0,5382.0,20.0,94.0,62.0,2070.0,62.0,0.0,62.0,0.0,0.0,0.0,0.0,0.0,2133.0,0.0,0.0,0.0,0.0,0.0,0.0,62.0,0.0,0.0,0.0,0.0,0.0,0.0,109.0,0.0,0.0,0.0,0.0,0.0,0.0,1962.0,0.0,0.0,0.0,0.0,0.0,0.0,44484.0,0.0,0.0,0.0,0.0,0.0,0.0
S00443_PONTA,0, ,7628.0," ""GERAL""       ",6305.0,620.0,2228.0,2239.0,6105.0,792.0,2248.0,2266.0,0.0,0.0,185.0,161.0,298.0,706.0,100.0,239.0,19.0,-62.0,280.0,767.0,7.0,93.0,10.0,288.0,10.0,0.0,10.0,0.0,0.0,0.0,0.0,0.0,298.0,0.0,0.0,0.0,0.0,0.0,0.0,10.0,0.0,0.0,0.0,0.0,0.0,0.0,9.0,0.0,0.0,0.0,0.0,0.0,0.0,280.0,0.0,0.0,0.0,0.0,0.0,0.0,6105.0,0.0,0.0,0.0,0.0,0.0,0.0
S00444_FORA_PONTA,0, ,7697.0," ""GERAL""       ",92059.0,7791.0,2299.0,2306.0,96848.0,11927.0,2805.0,2812.0,0.0,0.0,4278.0,3711.0,6807.0,16250.0,108.0,270.0,306.0,-1588.0,6501.0,17837.0,15.0,95.0,101.0,6706.0,101.0,0.0,101.0,0.0,0.0,0.0,0.0,0.0,6807.0,0.0,0.0,0.0,0.0,0.0,0.0,101.0,0.0,0.0,0.0,0.0,0.0,0.0,205.0,0.0,0.0,0.0,0.0,0.0,0.0,6501.0,0.0,0.0,0.0,0.0,0.0,0.0,96848.0,0.0,0.0,0.0,0.0,0.0,0.0
S00445_PONTA,0, ,7700.0," ""GERAL""       ",5346.0,274.0,1884.0,1886.0,5155.0,460.0,1878.0,1885.0,0.0,0.0,186.0,161.0,295.0,697.0,99.0,236.0,13.0,-75.0,281.0,772.0,5.0,94.0,7.0,288.0,7.0,0.0,7.0,0.0,0.0,0.0,0.0,0.0,295.0,0.0,0.0,0.0,0.0,0.0,0.0,7.0,0.0,0.0,0.0,0.0,0.0,0.0,6.0,0.0,0.0,0.0,0.0,0.0,0.0,281.0,0.0,0.0,0.0,0.0,0.0,0.0,5155.0,0.0,0.0,0.0,0.0,0.0,0.0
S00446_FORA_PONTA,0, ,7721.0," ""GERAL""       ",36384.0,2735.0,2677.0,2688.0,39973.0,3783.0,3225.0,3237.0,0.0,0.0,1300.0,1128.0,2123.0,5130.0,110.0,278.0,154.0,-273.0,1969.0,5403.0,18.0,95.0,48.0,2075.0,48.0,0.0,48.0,0.0,0.0,0.0,0.0,0.0,2123.0,0.0,0.0,0.0,0.0,0.0,0.0,48.0,0.0,0.0,0.0,0.0,0.0,0.0,105.0,0.0,0.0,0.0,0.0,0.0,0.0,1969.0,0.0,0.0,0.0,0.0,0.0,0.0,39973.0,0.0,0.0,0.0,0.0,0.0,0.0
S00447_PONTA,0, ,7724.0," ""GERAL""       ",5560.0,272.0,1932.0,1934.0,5369.0,456.0,1975.0,1983.0,0.0,0.0,186.0,161.0,295.0,698.0,99.0,236.0,14.0,-73.0,281.0,771.0,5.0,94.0,7.0,288.0,7.0,0.0,7.0,0.0,0.0,0.0,0.0,0.0,295.0,0.0,0.0,0.0,0.0,0.0,0.0,7.0,0.0,0.0,0.0,0.0,0.0,0.0,7.0,0.0,0.0,0.0,0.0,0.0,0.0,281.0,0.0,0.0,0.0,0.0,0.0,0.0,5369.0,0.0,0.0,0.0,0.0,0.0,0.0
S00448_FORA_PONTA,0, ,7745.0," ""GERAL""       ",38185.0,3091.0,2819.0,2838.0,41710.0,4111.0,3315.0,3324.0,0.0,0.0,1300.0,1128.0,2127.0,5149.0,111.0,281.0,160.0,-246.0,1967.0,5395.0,18.0,95.0,52.0,2075.0,52.0,0.0,52.0,0.0,0.0,0.0,0.0,0.0,2127.0,0.0,0.0,0.0,0.0,0.0,0.0,52.0,0.0,0.0,0.0,0.0,0.0,0.0,108.0,0.0,0.0,0.0,0.0,0.0,0.0,1967.0,0.0,0.0,0.0,0.0,0.0,0.0,41710.0,0.0,0.0,0.0,0.0,0.0,0.0
S00449_PONTA,0, ,7748.0," ""GERAL""       ",5525.0,428.0,1968.0,1977.0,5329.0,613.0,2055.0,2069.0,0.0,0.0,186.0,161.0,295.0,696.0,99.0,236.0,14.0,-74.0,281.0,770.0,6.0,94.0,8.0,287.0,8.0,0.0,8.0,0.0,0.0,0.0,0.0,0.0,295.0,0.0,0.0,0.0,0.0,0.0,0.0,8.0,0.0,0.0,0.0,0.0,0.0,0.0,6.0,0.0,0.0,0.0,0.0,0.0,0.0,281.0,0.0,0.0,0.0,0.0,0.0,0.0,5329.0,0.0,0.0,0.0,0.0,0.0,0.0
S00450_FORA_PONTA,0, ,7793.0," ""GERAL""       ",51173.0,4375.0,1620.0,1622.0,56911.0,7066.0,1772.0,1784.0,0.0,0.0,2792.0,2421.0,4440.0,10634.0,104.0,257.0,189.0,-1029.0,4251.0,11664.0,9.0,95.0,49.0,4392.0,49.0,0.0,49.0,0.0,0.0,0.0,0.0,0.0,4440.0,0.0,0.0,0.0,0.0,0.0,0.0,49.0,0.0,0.0,0.0,0.0,0.0,0.0,141.0,0.0,0.0,0.0,0.0,0.0,0.0,4251.0,0.0,0.0,0.0,0.0,0.0,0.0,56911.0,0.0,0.0,0.0,0.0,0.0,0.0
S00451_PONTA,0, ,7796.0," ""GERAL""       ",4235.0,300.0,1506.0,1509.0,4018.0,498.0,1421.0,1435.0,0.0,0.0,186.0,161.0,291.0,688.0,97.0,231.0,9.0,-87.0,283.0,775.0,3.0,94.0,4.0,287.0,4.0,0.0,4.0,0.0,0.0,0.0,0.0,0.0,291.0,0.0,0.0,0.0,0.0,0.0,0.0,4.0,0.0,0.0,0.0,0.0,0.0,0.0,4.0,0.0,0.0,0.0,0.0,0.0,0.0,283.0,0.0,0.0,0.0,0.0,0.0,0.0,4018.0,0.0,0.0,0.0,0.0,0.0,0.0
S00452_FORA_PONTA,0, ,7865.0," ""GERAL""       ",85597.0,6151.0,2934.0,2945.0,92168.0,10280.0,3413.0,3424.0,0.0,0.0,4280.0,3712.0,6811.0,16285.0,111.0,281.0,299.0,-1581.0,6512.0,17866.0,19.0,95.0,91.0,6720.0,91.0,0.0,91.0,0.0,0.0,0.0,0.0,0.0,6811.0,0.0,0.0,0.0,0.0,0.0,0.0,91.0,0.0,0.0,0.0,0.0,0.0,0.0,208.0,0.0,0.0,0.0,0.0,0.0,0.0,6512.0,0.0,0.0,0.0,0.0,0.0,0.0,92168.0,0.0,0.0,0.0,0.0,0.0,0.0
S00453_PONTA,0, ,7868.0," ""GERAL""       ",5727.0,367.0,1994.0,1999.0,5536.0,549.0,2089.0,2098.0,0.0,0.0,186.0,161.0,295.0,699.0,99.0,237.0,15.0,-71.0,281.0,770.0,6.0,94.0,8.0,288.0,8.0,0.0,8.0,0.0,0.0,0.0,0.0,0.0,295.0,0.0,0.0,0.0,0.0,0.0,0.0,8.0,0.0,0.0,0.0,0.0,0.0,0.0,7.0,0.0,0.0,0.0,0.0,0.0,0.0,281.0,0.0,0.0,0.0,0.0,0.0,0.0,5536.0,0.0,0.0,0.0,0.0,0.0,0.0
S00454_FORA_PONTA,0, ,7889.0," ""GERAL""       ",44315.0,3591.0,3735.0,3750.0,47573.0,4521.0,4264.0,4277.0,0.0,0.0,1298.0,1127.0,2157.0,5218.0,117.0,296.0,199.0,-156.0,1959.0,5374.0,26.0,95.0,74.0,2083.0,74.0,0.0,74.0,0.0,0.0,0.0,0.0,0.0,2157.0,0.0,0.0,0.0,0.0,0.0,0.0,74.0,0.0,0.0,0.0,0.0,0.0,0.0,124.0,0.0,0.0,0.0,0.0,0.0,0.0,1959.0,0.0,0.0,0.0,0.0,0.0,0.0,47573.0,0.0,0.0,0.0,0.0,0.0,0.0
S00455_PONTA,0, ,7892.0," ""GERAL""       ",6415.0,472.0,2343.0,2351.0,6217.0,645.0,2428.0,2440.0,0.0,0.0,185.0,161.0,298.0,705.0,101.0,240.0,18.0,-62.0,280.0,768.0,8.0,93.0,10.0,289.0,10.0,0.0,10.0,0.0,0.0,0.0,0.0,0.0,298.0,0.0,0.0,0.0,0.0,0.0,0.0,10.0,0.0,0.0,0.0,0.0,0.0,0.0,9.0,0.0,0.0,0.0,0.0,0.0,0.0,280.0,0.0,0.0,0.0,0.0,0.0,0.0,6217.0,0.0,0.0,0.0,0.0,0.0,0.0
S00456_FORA_PONTA,0, ,7913.0," ""GERAL""       ",49563.0,4612.0,4094.0,4110.0,52702.0,5440.0,4632.0,4645.0,0.0,0.0,1296.0,1126.0,2183.0,5297.0,120.0,304.0,233.0,-55.0,1951.0,5352.0,30.0,94.0,92.0,2091.0,92.0,0.0,92.0,0.0,0.0,0.0,0.0,0.0,2183.0,0.0,0.0,0.0,0.0,0.0,0.0,92.0,0.0,0.0,0.0,0.0,0.0,0.0,141.0,0.0,0.0,0.0,0.0,0.0,0.0,1951.0,0.0,0.0,0.0,0.0,0.0,0.0,52702.0,0.0,0.0,0.0,0.0,0.0,0.0
S00457_PONTA,0, ,7916.0," ""GERAL""       ",6674.0,489.0,2551.0,2563.0,6480.0,657.0,2644.0,2659.0,0.0,0.0,185.0,161.0,299.0,710.0,102.0,245.0,20.0,-57.0,280.0,767.0,9.0,94.0,10.0,289.0,10.0,0.0,10.0,0.0,0.0,0.0,0.0,0.0,299.0,0.0,0.0,0.0,0.0,0.0,0.0,10.0,0.0,0.0,0.0,0.0,0.0,0.0,10.0,0.0,0.0,0.0,0.0,0.0,0.0,280.0,0.0,0.0,0.0,0.0,0.0,0.0,6480.0,0.0,0.0,0.0,0.0,0.0,0.0
S00458_FORA_PONTA,0, ,7937.0," ""GERAL""       ",53445.0,4676.0,4813.0,4830.0,55897.0,5473.0,5129.0,5143.0,0.0,0.0,1295.0,1125.0,2201.0,5317.0,123.0,306.0,255.0,-23.0,1946.0,5340.0,33.0,94.0,112.0,2089.0,112.0,0.0,112.0,0.0,0.0,0.0,0.0,0.0,2201.0,0.0,0.0,0.0,0.0,0.0,0.0,112.0,0.0,0.0,0.0,0.0,0.0,0.0,143.0,0.0,0.0,0.0,0.0,0.0,0.0,1946.0,0.0,0.0,0.0,0.0,0.0,0.0,55897.0,0.0,0.0,0.0,0.0,0.0,0.0
S00459_PONTA,0, ,7940.0," ""GERAL""       ",7904.0,818.0,2919.0,2938.0,7699.0,965.0,2999.0,3022.0,0.0,0.0,185.0,161.0,305.0,725.0,104.0,249.0,28.0,-36.0,277.0,761.0,12.0,93.0,15.0,290.0,15.0,0.0,15.0,0.0,0.0,0.0,0.0,0.0,305.0,0.0,0.0,0.0,0.0,0.0,0.0,15.0,0.0,0.0,0.0,0.0,0.0,0.0,12.0,0.0,0.0,0.0,0.0,0.0,0.0,277.0,0.0,0.0,0.0,0.0,0.0,0.0,7699.0,0.0,0.0,0.0,0.0,0.0,0.0
S00460_FORA_PONTA,0, ,7961.0," ""GERAL""       ",58715.0,5398.0,4747.0,4765.0,61598.0,6040.0,5241.0,5254.0,0.0,0.0,1293.0,1124.0,2248.0,5450.0,127.0,318.0,309.0,131.0,1939.0,5320.0,37.0,94.0,136.0,2112.0,136.0,0.0,136.0,0.0,0.0,0.0,0.0,0.0,2248.0,0.0,0.0,0.0,0.0,0.0,0.0,136.0,0.0,0.0,0.0,0.0,0.0,0.0,173.0,0.0,0.0,0.0,0.0,0.0,0.0,1939.0,0.0,0.0,0.0,0.0,0.0,0.0,61598.0,0.0,0.0,0.0,0.0,0.0,0.0
S00461_PONTA,0, ,7964.0," ""GERAL""       ",6924.0,608.0,2603.0,2614.0,6700.0,774.0,2641.0,2657.0,0.0,0.0,185.0,161.0,300.0,711.0,102.0,242.0,21.0,-55.0,279.0,765.0,9.0,93.0,11.0,289.0,11.0,0.0,11.0,0.0,0.0,0.0,0.0,0.0,300.0,0.0,0.0,0.0,0.0,0.0,0.0,11.0,0.0,0.0,0.0,0.0,0.0,0.0,10.0,0.0,0.0,0.0,0.0,0.0,0.0,279.0,0.0,0.0,0.0,0.0,0.0,0.0,6700.0,0.0,0.0,0.0,0.0,0.0,0.0
S00462_FORA_PONTA,0, ,8033.0," ""GERAL""       ",118634.0,12232.0,4566.0,4588.0,125767.0,15831.0,5008.0,5026.0,0.0,0.0,4270.0,3706.0,6951.0,16678.0,124.0,309.0,488.0,-1053.0,6463.0,17732.0,34.0,94.0,187.0,6764.0,187.0,0.0,187.0,0.0,0.0,0.0,0.0,0.0,6951.0,0.0,0.0,0.0,0.0,0.0,0.0,187.0,0.0,0.0,0.0,0.0,0.0,0.0,301.0,0.0,0.0,0.0,0.0,0.0,0.0,6463.0,0.0,0.0,0.0,0.0,0.0,0.0,125767.0,0.0,0.0,0.0,0.0,0.0,0.0
S00463_PONTA,0, ,8036.0," ""GERAL""       ",6671.0,650.0,2600.0,2620.0,6457.0,819.0,2634.0,2660.0,0.0,0.0,185.0,161.0,299.0,707.0,102.0,242.0,20.0,-59.0,279.0,766.0,9.0,93.0,11.0,288.0,11.0,0.0,11.0,0.0,0.0,0.0,0.0,0.0,299.0,0.0,0.0,0.0,0.0,0.0,0.0,11.0,0.0,0.0,0.0,0.0,0.0,0.0,9.0,0.0,0.0,0.0,0.0,0.0,0.0,279.0,0.0,0.0,0.0,0.0,0.0,0.0,6457.0,0.0,0.0,0.0,0.0,0.0,0.0
S00464_FORA_PONTA,0, ,8057.0," ""GERAL""       ",55917.0,5466.0,4775.0,4800.0,58848.0,6177.0,5152.0,5173.0,0.0,0.0,1294.0,1125.0,2228.0,5390.0,124.0,308.0,287.0,62.0,1942.0,5328.0,34.0,94.0,128.0,2101.0,128.0,0.0,128.0,0.0,0.0,0.0,0.0,0.0,2228.0,0.0,0.0,0.0,0.0,0.0,0.0,128.0,0.0,0.0,0.0,0.0,0.0,0.0,159.0,0.0,0.0,0.0,0.0,0.0,0.0,1942.0,0.0,0.0,0.0,0.0,0.0,0.0,58848.0,0.0,0.0,0.0,0.0,0.0,0.0
S00465_PONTA,0, ,8060.0," ""GERAL""       ",7267.0,798.0,2724.0,2747.0,7087.0,958.0,2827.0,2855.0,0.0,0.0,185.0,161.0,302.0,714.0,103.0,245.0,24.0,-49.0,278.0,763.0,11.0,93.0,13.0,289.0,13.0,0.0,13.0,0.0,0.0,0.0,0.0,0.0,302.0,0.0,0.0,0.0,0.0,0.0,0.0,13.0,0.0,0.0,0.0,0.0,0.0,0.0,10.0,0.0,0.0,0.0,0.0,0.0,0.0,278.0,0.0,0.0,0.0,0.0,0.0,0.0,7087.0,0.0,0.0,0.0,0.0,0.0,0.0
S00466_FORA_PONTA,0, ,8081.0," ""GERAL""       ",48977.0,5083.0,3749.0,3773.0,52287.0,5935.0,4280.0,4301.0,0.0,0.0,1296.0,1126.0,2179.0,5273.0,117.0,295.0,229.0,-79.0,1950.0,5351.0,26.0,94.0,93.0,2086.0,93.0,0.0,93.0,0.0,0.0,0.0,0.0,0.0,2179.0,0.0,0.0,0.0,0.0,0.0,0.0,93.0,0.0,0.0,0.0,0.0,0.0,0.0,135.0,0.0,0.0,0.0,0.0,0.0,0.0,1950.0,0.0,0.0,0.0,0.0,0.0,0.0,52287.0,0.0,0.0,0.0,0.0,0.0,0.0
S00467_PONTA,0, ,8084.0," ""GERAL""       ",7050.0,796.0,2509.0,2530.0,6875.0,955.0,2617.0,2644.0,0.0,0.0,185.0,161.0,301.0,715.0,102.0,243.0,23.0,-49.0,278.0,764.0,9.0,93.0,12.0,289.0,12.0,0.0,12.0,0.0,0.0,0.0,0.0,0.0,301.0,0.0,0.0,0.0,0.0,0.0,0.0,12.0,0.0,0.0,0.0,0.0,0.0,0.0,10.0,0.0,0.0,0.0,0.0,0.0,0.0,278.0,0.0,0.0,0.0,0.0,0.0,0.0,6875.0,0.0,0.0,0.0,0.0,0.0,0.0
S00468_FORA_PONTA,0, ,8105.0," ""GERAL""       ",47068.0,4502.0,3456.0,3471.0,50552.0,5373.0,4025.0,4037.0,0.0,0.0,1297.0,1126.0,2170.0,5263.0,115.0,291.0,217.0,-97.0,1954.0,5360.0,24.0,94.0,83.0,2088.0,83.0,0.0,83.0,0.0,0.0,0.0,0.0,0.0,2170.0,0.0,0.0,0.0,0.0,0.0,0.0,83.0,0.0,0.0,0.0,0.0,0.0,0.0,134.0,0.0,0.0,0.0,0.0,0.0,0.0,1954.0,0.0,0.0,0.0,0.0,0.0,0.0,50552.0,0.0,0.0,0.0,0.0,0.0,0.0
S00469_PONTA,0, ,8108.0," ""GERAL""       ",6109.0,478.0,2331.0,2343.0,5941.0,653.0,2445.0,2462.0,0.0,0.0,185.0,161.0,297.0,704.0,101.0,242.0,17.0,-64.0,280.0,768.0,8.0,94.0,9.0,289.0,9.0,0.0,9.0,0.0,0.0,0.0,0.0,0.0,297.0,0.0,0.0,0.0,0.0,0.0,0.0,9.0,0.0,0.0,0.0,0.0,0.0,0.0,8.0,0.0,0.0,0.0,0.0,0.0,0.0,280.0,0.0,0.0,0.0,0.0,0.0,0.0,5941.0,0.0,0.0,0.0,0.0,0.0,0.0
S00470_FORA_PONTA,0, ,8129.0," ""GERAL""       ",50017.0,5054.0,3849.0,3871.0,53618.0,5845.0,4427.0,4445.0,0.0,0.0,1296.0,1126.0,2193.0,5330.0,119.0,303.0,244.0,-18.0,1949.0,5348.0,28.0,94.0,95.0,2098.0,95.0,0.0,95.0,0.0,0.0,0.0,0.0,0.0,2193.0,0.0,0.0,0.0,0.0,0.0,0.0,95.0,0.0,0.0,0.0,0.0,0.0,0.0,149.0,0.0,0.0,0.0,0.0,0.0,0.0,1949.0,0.0,0.0,0.0,0.0,0.0,0.0,53618.0,0.0,0.0,0.0,0.0,0.0,0.0
S00471_PONTA,0, ,8132.0," ""GERAL""       ",6679.0,840.0,2518.0,2542.0,6494.0,1008.0,2602.0,2633.0,0.0,0.0,185.0,161.0,299.0,708.0,102.0,242.0,20.0,-57.0,279.0,765.0,9.0,93.0,11.0,288.0,11.0,0.0,11.0,0.0,0.0,0.0,0.0,0.0,299.0,0.0,0.0,0.0,0.0,0.0,0.0,11.0,0.0,0.0,0.0,0.0,0.0,0.0,9.0,0.0,0.0,0.0,0.0,0.0,0.0,279.0,0.0,0.0,0.0,0.0,0.0,0.0,6494.0,0.0,0.0,0.0,0.0,0.0,0.0
S00472_FORA_PONTA,0, ,8201.0," ""GERAL""       ",115436.0,12406.0,4323.0,4339.0,121621.0,16097.0,4477.0,4493.0,0.0,0.0,4271.0,3706.0,6927.0,16594.0,116.0,281.0,461.0,-1146.0,6466.0,17740.0,25.0,95.0,182.0,6745.0,182.0,0.0,182.0,0.0,0.0,0.0,0.0,0.0,6927.0,0.0,0.0,0.0,0.0,0.0,0.0,182.0,0.0,0.0,0.0,0.0,0.0,0.0,279.0,0.0,0.0,0.0,0.0,0.0,0.0,6466.0,0.0,0.0,0.0,0.0,0.0,0.0,121621.0,0.0,0.0,0.0,0.0,0.0,0.0
S00473_PONTA,0, ,8204.0," ""GERAL""       ",6562.0,514.0,2340.0,2348.0,6261.0,681.0,2239.0,2252.0,0.0,0.0,185.0,161.0,301.0,711.0,101.0,239.0,21.0,-56.0,280.0,767.0,8.0,93.0,12.0,289.0,12.0,0.0,12.0,0.0,0.0,0.0,0.0,0.0,301.0,0.0,0.0,0.0,0.0,0.0,0.0,12.0,0.0,0.0,0.0,0.0,0.0,0.0,10.0,0.0,0.0,0.0,0.0,0.0,0.0,280.0,0.0,0.0,0.0,0.0,0.0,0.0,6261.0,0.0,0.0,0.0,0.0,0.0,0.0
S00474_FORA_PONTA,0, ,8225.0," ""GERAL""       ",48369.0,3805.0,3550.0,3567.0,47902.0,4879.0,3635.0,3655.0,0.0,0.0,1297.0,1126.0,2128.0,5061.0,108.0,260.0,175.0,-299.0,1954.0,5359.0,17.0,94.0,89.0,2039.0,89.0,0.0,89.0,0.0,0.0,0.0,0.0,0.0,2128.0,0.0,0.0,0.0,0.0,0.0,0.0,89.0,0.0,0.0,0.0,0.0,0.0,0.0,86.0,0.0,0.0,0.0,0.0,0.0,0.0,1954.0,0.0,0.0,0.0,0.0,0.0,0.0,47902.0,0.0,0.0,0.0,0.0,0.0,0.0
S00475_PONTA,0, ,8228.0," ""GERAL""       ",5802.0,586.0,2113.0,2126.0,5630.0,767.0,2220.0,2239.0,0.0,0.0,185.0,161.0,295.0,698.0,100.0,238.0,15.0,-70.0,280.0,769.0,7.0,94.0,8.0,287.0,8.0,0.0,8.0,0.0,0.0,0.0,0.0,0.0,295.0,0.0,0.0,0.0,0.0,0.0,0.0,8.0,0.0,0.0,0.0,0.0,0.0,0.0,7.0,0.0,0.0,0.0,0.0,0.0,0.0,280.0,0.0,0.0,0.0,0.0,0.0,0.0,5630.0,0.0,0.0,0.0,0.0,0.0,0.0
S00476_FORA_PONTA,0, ,8249.0," ""GERAL""       ",40979.0,3330.0,2814.0,2827.0,40415.0,4543.0,2856.0,2874.0,0.0,0.0,1299.0,1127.0,2086.0,4946.0,103.0,247.0,123.0,-438.0,1963.0,5384.0,11.0,94.0,63.0,2024.0,63.0,0.0,63.0,0.0,0.0,0.0,0.0,0.0,2086.0,0.0,0.0,0.0,0.0,0.0,0.0,63.0,0.0,0.0,0.0,0.0,0.0,0.0,61.0,0.0,0.0,0.0,0.0,0.0,0.0,1963.0,0.0,0.0,0.0,0.0,0.0,0.0,40415.0,0.0,0.0,0.0,0.0,0.0,0.0
S00477_PONTA,0, ,8252.0," ""GERAL""       ",5151.0,461.0,1852.0,1863.0,4924.0,650.0,1852.0,1870.0,0.0,0.0,186.0,161.0,294.0,693.0,98.0,233.0,13.0,-78.0,281.0,771.0,5.0,94.0,7.0,287.0,7.0,0.0,7.0,0.0,0.0,0.0,0.0,0.0,294.0,0.0,0.0,0.0,0.0,0.0,0.0,7.0,0.0,0.0,0.0,0.0,0.0,0.0,6.0,0.0,0.0,0.0,0.0,0.0,0.0,281.0,0.0,0.0,0.0,0.0,0.0,0.0,4924.0,0.0,0.0,0.0,0.0,0.0,0.0
S00478_FORA_PONTA,0, ,8273.0," ""GERAL""       ",39327.0,3555.0,3179.0,3199.0,42885.0,4538.0,3724.0,3742.0,0.0,0.0,1299.0,1128.0,2140.0,5180.0,113.0,288.0,175.0,-209.0,1964.0,5389.0,22.0,95.0,61.0,2079.0,61.0,0.0,61.0,0.0,0.0,0.0,0.0,0.0,2140.0,0.0,0.0,0.0,0.0,0.0,0.0,61.0,0.0,0.0,0.0,0.0,0.0,0.0,115.0,0.0,0.0,0.0,0.0,0.0,0.0,1964.0,0.0,0.0,0.0,0.0,0.0,0.0,42885.0,0.0,0.0,0.0,0.0,0.0,0.0
S00479_PONTA,0, ,8276.0," ""GERAL""       ",5870.0,609.0,2014.0,2027.0,5689.0,786.0,2078.0,2096.0,0.0,0.0,185.0,161.0,297.0,702.0,100.0,237.0,17.0,-66.0,280.0,768.0,6.0,94.0,9.0,287.0,9.0,0.0,9.0,0.0,0.0,0.0,0.0,0.0,297.0,0.0,0.0,0.0,0.0,0.0,0.0,9.0,0.0,0.0,0.0,0.0,0.0,0.0,7.0,0.0,0.0,0.0,0.0,0.0,0.0,280.0,0.0,0.0,0.0,0.0,0.0,0.0,5689.0,0.0,0.0,0.0,0.0,0.0,0.0
S00480_FORA_PONTA,0, ,8297.0," ""GERAL""       ",40204.0,3743.0,2939.0,2948.0,41490.0,4873.0,3065.0,3080.0,0.0,0.0,1299.0,1127.0,2106.0,5029.0,106.0,264.0,143.0,-355.0,1963.0,5385.0,14.0,95.0,62.0,2044.0,62.0,0.0,62.0,0.0,0.0,0.0,0.0,0.0,2106.0,0.0,0.0,0.0,0.0,0.0,0.0,62.0,0.0,0.0,0.0,0.0,0.0,0.0,81.0,0.0,0.0,0.0,0.0,0.0,0.0,1963.0,0.0,0.0,0.0,0.0,0.0,0.0,41490.0,0.0,0.0,0.0,0.0,0.0,0.0
S00481_PONTA,0, ,8300.0," ""GERAL""       ",5444.0,558.0,1905.0,1919.0,5243.0,740.0,1944.0,1965.0,0.0,0.0,186.0,161.0,295.0,699.0,99.0,236.0,15.0,-71.0,281.0,770.0,6.0,94.0,8.0,287.0,8.0,0.0,8.0,0.0,0.0,0.0,0.0,0.0,295.0,0.0,0.0,0.0,0.0,0.0,0.0,8.0,0.0,0.0,0.0,0.0,0.0,0.0,7.0,0.0,0.0,0.0,0.0,0.0,0.0,281.0,0.0,0.0,0.0,0.0,0.0,0.0,5243.0,0.0,0.0,0.0,0.0,0.0,0.0
S00482_FORA_PONTA,0, ,8369.0," ""GERAL""       ",96640.0,9551.0,3900.0,3918.0,104049.0,13412.0,4266.0,4282.0,0.0,0.0,4276.0,3709.0,6883.0,16498.0,116.0,290.0,391.0,-1315.0,6492.0,17813.0,25.0,95.0,133.0,6751.0,133.0,0.0,133.0,0.0,0.0,0.0,0.0,0.0,6883.0,0.0,0.0,0.0,0.0,0.0,0.0,133.0,0.0,0.0,0.0,0.0,0.0,0.0,258.0,0.0,0.0,0.0,0.0,0.0,0.0,6492.0,0.0,0.0,0.0,0.0,0.0,0.0,104049.0,0.0,0.0,0.0,0.0,0.0,0.0
S00483_PONTA,0, ,8372.0," ""GERAL""       ",4593.0,394.0,1583.0,1589.0,4400.0,587.0,1632.0,1644.0,0.0,0.0,186.0,161.0,293.0,691.0,98.0,233.0,11.0,-82.0,282.0,773.0,4.0,94.0,5.0,287.0,5.0,0.0,5.0,0.0,0.0,0.0,0.0,0.0,293.0,0.0,0.0,0.0,0.0,0.0,0.0,5.0,0.0,0.0,0.0,0.0,0.0,0.0,5.0,0.0,0.0,0.0,0.0,0.0,0.0,282.0,0.0,0.0,0.0,0.0,0.0,0.0,4400.0,0.0,0.0,0.0,0.0,0.0,0.0
S00484_FORA_PONTA,0, ,8393.0," ""GERAL""       ",33677.0,3131.0,2246.0,2254.0,36790.0,4243.0,2690.0,2700.0,0.0,0.0,1300.0,1128.0,2104.0,5071.0,107.0,267.0,133.0,-338.0,1971.0,5408.0,14.0,95.0,42.0,2062.0,42.0,0.0,42.0,0.0,0.0,0.0,0.0,0.0,2104.0,0.0,0.0,0.0,0.0,0.0,0.0,42.0,0.0,0.0,0.0,0.0,0.0,0.0,91.0,0.0,0.0,0.0,0.0,0.0,0.0,1971.0,0.0,0.0,0.0,0.0,0.0,0.0,36790.0,0.0,0.0,0.0,0.0,0.0,0.0
S00485_PONTA,0, ,8396.0," ""GERAL""       ",4820.0,417.0,1670.0,1681.0,4678.0,606.0,1806.0,1823.0,0.0,0.0,186.0,161.0,293.0,694.0,99.0,236.0,12.0,-79.0,282.0,773.0,5.0,94.0,6.0,287.0,6.0,0.0,6.0,0.0,0.0,0.0,0.0,0.0,293.0,0.0,0.0,0.0,0.0,0.0,0.0,6.0,0.0,0.0,0.0,0.0,0.0,0.0,6.0,0.0,0.0,0.0,0.0,0.0,0.0,282.0,0.0,0.0,0.0,0.0,0.0,0.0,4678.0,0.0,0.0,0.0,0.0,0.0,0.0
S00486_FORA_PONTA,0, ,8417.0," ""GERAL""       ",30640.0,3026.0,2052.0,2075.0,34563.0,4105.0,2558.0,2579.0,0.0,0.0,1301.0,1129.0,2112.0,5113.0,109.0,278.0,137.0,-305.0,1975.0,5418.0,15.0,95.0,36.0,2076.0,36.0,0.0,36.0,0.0,0.0,0.0,0.0,0.0,2112.0,0.0,0.0,0.0,0.0,0.0,0.0,36.0,0.0,0.0,0.0,0.0,0.0,0.0,102.0,0.0,0.0,0.0,0.0,0.0,0.0,1975.0,0.0,0.0,0.0,0.0,0.0,0.0,34563.0,0.0,0.0,0.0,0.0,0.0,0.0
S00487_PONTA,0, ,8420.0," ""GERAL""       ",4165.0,247.0,1423.0,1425.0,4023.0,445.0,1481.0,1488.0,0.0,0.0,186.0,161.0,291.0,688.0,98.0,233.0,9.0,-87.0,283.0,776.0,4.0,94.0,4.0,287.0,4.0,0.0,4.0,0.0,0.0,0.0,0.0,0.0,291.0,0.0,0.0,0.0,0.0,0.0,0.0,4.0,0.0,0.0,0.0,0.0,0.0,0.0,4.0,0.0,0.0,0.0,0.0,0.0,0.0,283.0,0.0,0.0,0.0,0.0,0.0,0.0,4023.0,0.0,0.0,0.0,0.0,0.0,0.0
S00488_FORA_PONTA,0, ,8441.0," ""GERAL""       ",33776.0,3653.0,2303.0,2322.0,37555.0,4689.0,2852.0,2871.0,0.0,0.0,1300.0,1128.0,2125.0,5144.0,111.0,282.0,155.0,-261.0,1970.0,5405.0,18.0,95.0,48.0,2077.0,48.0,0.0,48.0,0.0,0.0,0.0,0.0,0.0,2125.0,0.0,0.0,0.0,0.0,0.0,0.0,48.0,0.0,0.0,0.0,0.0,0.0,0.0,107.0,0.0,0.0,0.0,0.0,0.0,0.0,1970.0,0.0,0.0,0.0,0.0,0.0,0.0,37555.0,0.0,0.0,0.0,0.0,0.0,0.0
S00489_PONTA,0, ,8444.0," ""GERAL""       ",5047.0,571.0,1758.0,1771.0,4898.0,755.0,1867.0,1891.0,0.0,0.0,186.0,161.0,294.0,698.0,99.0,237.0,13.0,-74.0,281.0,771.0,6.0,94.0,7.0,287.0,7.0,0.0,7.0,0.0,0.0,0.0,0.0,0.0,294.0,0.0,0.0,0.0,0.0,0.0,0.0,7.0,0.0,0.0,0.0,0.0,0.0,0.0,6.0,0.0,0.0,0.0,0.0,0.0,0.0,281.0,0.0,0.0,0.0,0.0,0.0,0.0,4898.0,0.0,0.0,0.0,0.0,0.0,0.0
S00490_FORA_PONTA,0, ,8465.0," ""GERAL""       ",36753.0,4185.0,2764.0,2787.0,40344.0,5179.0,3322.0,3339.0,0.0,0.0,1299.0,1128.0,2135.0,5172.0,112.0,284.0,170.0,-221.0,1965.0,5393.0,20.0,95.0,56.0,2079.0,56.0,0.0,56.0,0.0,0.0,0.0,0.0,0.0,2135.0,0.0,0.0,0.0,0.0,0.0,0.0,56.0,0.0,0.0,0.0,0.0,0.0,0.0,113.0,0.0,0.0,0.0,0.0,0.0,0.0,1965.0,0.0,0.0,0.0,0.0,0.0,0.0,40344.0,0.0,0.0,0.0,0.0,0.0,0.0
S00491_PONTA,0, ,8468.0," ""GERAL""       ",5269.0,748.0,1813.0,1831.0,5119.0,928.0,1900.0,1930.0,0.0,0.0,186.0,161.0,296.0,701.0,99.0,238.0,15.0,-68.0,280.0,769.0,6.0,94.0,8.0,287.0,8.0,0.0,8.0,0.0,0.0,0.0,0.0,0.0,296.0,0.0,0.0,0.0,0.0,0.0,0.0,8.0,0.0,0.0,0.0,0.0,0.0,0.0,7.0,0.0,0.0,0.0,0.0,0.0,0.0,280.0,0.0,0.0,0.0,0.0,0.0,0.0,5119.0,0.0,0.0,0.0,0.0,0.0,0.0
S00492_FORA_PONTA,0, ,8537.0," ""GERAL""       ",90474.0,9649.0,2477.0,2488.0,94617.0,13759.0,2916.0,2927.0,0.0,0.0,4278.0,3710.0,6813.0,16269.0,109.0,272.0,314.0,-1562.0,6499.0,17830.0,16.0,95.0,109.0,6704.0,109.0,0.0,109.0,0.0,0.0,0.0,0.0,0.0,6813.0,0.0,0.0,0.0,0.0,0.0,0.0,109.0,0.0,0.0,0.0,0.0,0.0,0.0,205.0,0.0,0.0,0.0,0.0,0.0,0.0,6499.0,0.0,0.0,0.0,0.0,0.0,0.0,94617.0,0.0,0.0,0.0,0.0,0.0,0.0
S00493_PONTA,0, ,8540.0," ""GERAL""       ",4730.0,602.0,1626.0,1636.0,4447.0,792.0,1529.0,1553.0,0.0,0.0,186.0,161.0,293.0,693.0,98.0,232.0,12.0,-79.0,281.0,772.0,4.0,94.0,7.0,287.0,7.0,0.0,7.0,0.0,0.0,0.0,0.0,0.0,293.0,0.0,0.0,0.0,0.0,0.0,0.0,7.0,0.0,0.0,0.0,0.0,0.0,0.0,5.0,0.0,0.0,0.0,0.0,0.0,0.0,281.0,0.0,0.0,0.0,0.0,0.0,0.0,4447.0,0.0,0.0,0.0,0.0,0.0,0.0
S00494_FORA_PONTA,0, ,8561.0," ""GERAL""       ",30905.0,2388.0,2208.0,2211.0,30678.0,3701.0,2239.0,2246.0,0.0,0.0,1301.0,1129.0,2059.0,4882.0,101.0,242.0,83.0,-538.0,1976.0,5420.0,8.0,95.0,37.0,2022.0,37.0,0.0,37.0,0.0,0.0,0.0,0.0,0.0,2059.0,0.0,0.0,0.0,0.0,0.0,0.0,37.0,0.0,0.0,0.0,0.0,0.0,0.0,46.0,0.0,0.0,0.0,0.0,0.0,0.0,1976.0,0.0,0.0,0.0,0.0,0.0,0.0,30678.0,0.0,0.0,0.0,0.0,0.0,0.0
S00495_PONTA,0, ,8564.0," ""GERAL""       ",3664.0,238.0,1305.0,1306.0,3435.0,442.0,1208.0,1215.0,0.0,0.0,186.0,161.0,290.0,684.0,97.0,229.0,7.0,-93.0,283.0,777.0,2.0,94.0,3.0,287.0,3.0,0.0,3.0,0.0,0.0,0.0,0.0,0.0,290.0,0.0,0.0,0.0,0.0,0.0,0.0,3.0,0.0,0.0,0.0,0.0,0.0,0.0,4.0,0.0,0.0,0.0,0.0,0.0,0.0,283.0,0.0,0.0,0.0,0.0,0.0,0.0,3435.0,0.0,0.0,0.0,0.0,0.0,0.0
S00496_FORA_PONTA,0, ,8585.0," ""GERAL""       ",25076.0,2297.0,1904.0,1910.0,26893.0,3560.0,2032.0,2042.0,0.0,0.0,1303.0,1130.0,2070.0,4950.0,105.0,262.0,88.0,-488.0,1982.0,5438.0,10.0,95.0,26.0,2044.0,26.0,0.0,26.0,0.0,0.0,0.0,0.0,0.0,2070.0,0.0,0.0,0.0,0.0,0.0,0.0,26.0,0.0,0.0,0.0,0.0,0.0,0.0,62.0,0.0,0.0,0.0,0.0,0.0,0.0,1982.0,0.0,0.0,0.0,0.0,0.0,0.0,26893.0,0.0,0.0,0.0,0.0,0.0,0.0
S00497_PONTA,0, ,8588.0," ""GERAL""       ",3473.0,256.0,1273.0,1276.0,3288.0,460.0,1176.0,1186.0,0.0,0.0,186.0,161.0,290.0,684.0,97.0,229.0,7.0,-93.0,283.0,777.0,2.0,95.0,3.0,287.0,3.0,0.0,3.0,0.0,0.0,0.0,0.0,0.0,290.0,0.0,0.0,0.0,0.0,0.0,0.0,3.0,0.0,0.0,0.0,0.0,0.0,0.0,4.0,0.0,0.0,0.0,0.0,0.0,0.0,283.0,0.0,0.0,0.0,0.0,0.0,0.0,3288.0,0.0,0.0,0.0,0.0,0.0,0.0
S00498_FORA_PONTA,0, ,8633.0," ""GERAL""       ",46393.0,3403.0,1286.0,1292.0,45857.0,6415.0,1237.0,1247.0,0.0,0.0,2794.0,2422.0,4365.0,10334.0,101.0,245.0,107.0,-1347.0,4258.0,11681.0,6.0,95.0,38.0,4327.0,38.0,0.0,38.0,0.0,0.0,0.0,0.0,0.0,4365.0,0.0,0.0,0.0,0.0,0.0,0.0,38.0,0.0,0.0,0.0,0.0,0.0,0.0,69.0,0.0,0.0,0.0,0.0,0.0,0.0,4258.0,0.0,0.0,0.0,0.0,0.0,0.0,45857.0,0.0,0.0,0.0,0.0,0.0,0.0
S00499_PONTA,0, ,8636.0," ""GERAL""       ",3365.0,258.0,1242.0,1245.0,3173.0,463.0,1146.0,1155.0,0.0,0.0,186.0,161.0,290.0,684.0,97.0,229.0,6.0,-94.0,284.0,778.0,2.0,95.0,3.0,287.0,3.0,0.0,3.0,0.0,0.0,0.0,0.0,0.0,290.0,0.0,0.0,0.0,0.0,0.0,0.0,3.0,0.0,0.0,0.0,0.0,0.0,0.0,3.0,0.0,0.0,0.0,0.0,0.0,0.0,284.0,0.0,0.0,0.0,0.0,0.0,0.0,3173.0,0.0,0.0,0.0,0.0,0.0,0.0
S00500_FORA_PONTA,0, ,8705.0," ""GERAL""       ",73463.0,6325.0,1751.0,1753.0,76011.0,10774.0,1874.0,1882.0,0.0,0.0,4283.0,3713.0,6733.0,16000.0,102.0,252.0,209.0,-1898.0,6524.0,17899.0,7.0,95.0,67.0,6666.0,67.0,0.0,67.0,0.0,0.0,0.0,0.0,0.0,6733.0,0.0,0.0,0.0,0.0,0.0,0.0,67.0,0.0,0.0,0.0,0.0,0.0,0.0,142.0,0.0,0.0,0.0,0.0,0.0,0.0,6524.0,0.0,0.0,0.0,0.0,0.0,0.0,76011.0,0.0,0.0,0.0,0.0,0.0,0.0
S00501_PONTA,0, ,8708.0," ""GERAL""       ",3600.0,199.0,1349.0,1351.0,3428.0,402.0,1252.0,1259.0,0.0,0.0,186.0,161.0,290.0,685.0,97.0,230.0,7.0,-92.0,283.0,777.0,3.0,95.0,3.0,287.0,3.0,0.0,3.0,0.0,0.0,0.0,0.0,0.0,290.0,0.0,0.0,0.0,0.0,0.0,0.0,3.0,0.0,0.0,0.0,0.0,0.0,0.0,4.0,0.0,0.0,0.0,0.0,0.0,0.0,283.0,0.0,0.0,0.0,0.0,0.0,0.0,3428.0,0.0,0.0,0.0,0.0,0.0,0.0
S00502_FORA_PONTA,0, ,8729.0," ""GERAL""       ",25867.0,2280.0,1660.0,1666.0,29201.0,3452.0,2113.0,2120.0,0.0,0.0,1303.0,1130.0,2092.0,5039.0,107.0,269.0,111.0,-397.0,1981.0,5436.0,13.0,95.0,28.0,2065.0,28.0,0.0,28.0,0.0,0.0,0.0,0.0,0.0,2092.0,0.0,0.0,0.0,0.0,0.0,0.0,28.0,0.0,0.0,0.0,0.0,0.0,0.0,83.0,0.0,0.0,0.0,0.0,0.0,0.0,1981.0,0.0,0.0,0.0,0.0,0.0,0.0,29201.0,0.0,0.0,0.0,0.0,0.0,0.0
S00503_PONTA,0, ,8732.0," ""GERAL""       ",3660.0,230.0,1325.0,1327.0,3540.0,431.0,1228.0,1236.0,0.0,0.0,186.0,161.0,291.0,687.0,98.0,232.0,7.0,-90.0,283.0,777.0,3.0,95.0,3.0,287.0,3.0,0.0,3.0,0.0,0.0,0.0,0.0,0.0,291.0,0.0,0.0,0.0,0.0,0.0,0.0,3.0,0.0,0.0,0.0,0.0,0.0,0.0,4.0,0.0,0.0,0.0,0.0,0.0,0.0,283.0,0.0,0.0,0.0,0.0,0.0,0.0,3540.0,0.0,0.0,0.0,0.0,0.0,0.0
S00504_FORA_PONTA,0, ,8753.0," ""GERAL""       ",22265.0,2098.0,1342.0,1348.0,25192.0,3340.0,1609.0,1620.0,0.0,0.0,1303.0,1130.0,2076.0,4980.0,106.0,267.0,90.0,-467.0,1985.0,5448.0,11.0,95.0,21.0,2055.0,21.0,0.0,21.0,0.0,0.0,0.0,0.0,0.0,2076.0,0.0,0.0,0.0,0.0,0.0,0.0,21.0,0.0,0.0,0.0,0.0,0.0,0.0,69.0,0.0,0.0,0.0,0.0,0.0,0.0,1985.0,0.0,0.0,0.0,0.0,0.0,0.0,25192.0,0.0,0.0,0.0,0.0,0.0,0.0
S00505_PONTA,0, ,8756.0," ""GERAL""       ",3324.0,226.0,1250.0,1253.0,3177.0,430.0,1153.0,1163.0,0.0,0.0,186.0,161.0,290.0,685.0,97.0,230.0,6.0,-94.0,284.0,778.0,2.0,95.0,3.0,287.0,3.0,0.0,3.0,0.0,0.0,0.0,0.0,0.0,290.0,0.0,0.0,0.0,0.0,0.0,0.0,3.0,0.0,0.0,0.0,0.0,0.0,0.0,3.0,0.0,0.0,0.0,0.0,0.0,0.0,284.0,0.0,0.0,0.0,0.0,0.0,0.0,3177.0,0.0,0.0,0.0,0.0,0.0,0.0
S00506_FORA_PONTA,0, ,8760.0," ""GERAL""       ",3864.0,299.0,1247.0,1250.0,3551.0,522.0,1151.0,1161.0,0.0,0.0,204.0,177.0,313.0,739.0,97.0,228.0,7.0,-103.0,307.0,842.0,2.0,94.0,3.0,310.0,3.0,0.0,3.0,0.0,0.0,0.0,0.0,0.0,313.0,0.0,0.0,0.0,0.0,0.0,0.0,3.0,0.0,0.0,0.0,0.0,0.0,0.0,3.0,0.0,0.0,0.0,0.0,0.0,0.0,307.0,0.0,0.0,0.0,0.0,0.0,0.0,3551.0,0.0,0.0,0.0,0.0,0.0,0.0
TOTAL,0,,8760.0,GERAL,14414496.0,1057599.0,4907.0,4932.0,14838363.0,1550797.0,5301.0,5316.0,0.0,0.0,541745.0,469991.0,873147.0,2086209.0,128.0,324.0,50793.0,-169976.0,822359.0,2256195.0,38.0,97.0,20742.0,852398.0,20742.0,0.0,20742.0,0.0,0.0,0.0,0.0,0.0,873147.0,0.0,0.0,0.0,0.0,0.0,0.0,20742.0,0.0,0.0,0.0,0.0,0.0,0.0,30054.0,0.0,0.0,0.0,0.0,0.0,0.0,822359.0,0.0,0.0,0.0,0.0,0.0,0.0,14838363.0,0.0,0.0,0.0,0.0,0.0,0.0
